I?Bvfrw}? PAIR C1=0,7,2,9,1,5,3,8 C2=0,5,2,8,1,7,3,9
I?BvVrw}? PAIR C1=0,7,2,9,1,5,3,8 C2=0,5,2,8,1,7,3,9
I?bffp{}? PAIR C1=0,6,3,7,1,5,2,8,4,9 C2=0,4,7,2,6,1,9,3,8,5
I?bffp{{_ PAIR C1=0,5,8,2,7,1,9,3,6 C2=0,7,3,8,1,5,2,6,9
I?bffp{x_ NOPAIR
I?bfVp{}? PAIR C1=0,7,4,8,2,5,1,9 C2=0,4,9,2,7,1,8,5
I?bfVp{{_ PAIR C1=0,5,1,6,4,8,2,7 C2=0,4,7,1,8,5,2,6
I?bevp{r_ NOPAIR
I?bbvrw}? PAIR C1=1,7,3,8,4,6,2,9 C2=1,6,3,9,4,7,2,8
I?bbvrw^? PAIR C1=1,7,3,8,4,6,2,9 C2=1,6,3,9,4,7,2,8
I?bbvrwy_ PAIR C1=0,7,2,6,4,8,1,9 C2=0,4,7,1,6,9,2,8
I?bbvjw}? PAIR C1=0,7,2,5,1,8,4,6,3,9 C2=0,4,9,1,6,2,8,3,7,5
I?bbvZw}? PAIR C1=0,5,2,7,1,8,4,9 C2=0,4,7,5,1,9,2,8
I?bbvZw^? PAIR C1=0,5,1,8,4,9,2,7 C2=0,4,7,1,9,5,2,8
I?bbrzw^? PAIR C1=1,8,4,7,2,6,3,9 C2=1,6,4,9,2,8,3,7
I?bbrzwZ_ NOPAIR
I?`vfrw}? PAIR C1=0,8,2,6,1,7,3,9 C2=0,6,3,8,1,9,2,7
I?`vfrw{_ PAIR C1=0,8,2,6,1,7,3,9 C2=0,6,3,8,1,9,2,7
I?`vfrw]_ PAIR C1=0,4,7,3,9,6,2,8 C2=0,6,3,8,4,9,2,7
I?`vfjw}? PAIR C1=0,8,1,7,3,6,2,9 C2=0,6,1,9,3,8,2,7
I?`vfZw|? PAIR C1=0,8,1,7,2,6,3,5,9 C2=0,6,1,9,3,8,2,5,7
I?`vfZwx_ NOPAIR
I?`vbzw{_ PAIR C1=1,6,9,2,5,3,7 C2=1,5,7,2,6,3,9
I?`vbzw]_ PAIR C1=1,6,9,2,5,3,7 C2=1,5,7,2,6,3,9
I?`vVrw}? PAIR C1=0,6,4,7,1,8,2,9 C2=0,7,2,6,1,9,4,8
I?`vVrw|? PAIR C1=0,4,6,1,9,5,3,8,2,7 C2=0,6,2,5,1,8,4,7,3,9
I?`vVrwy_ PAIR C1=0,6,4,7,2,8,1,9 C2=0,7,1,6,2,9,4,8
I?`vVjwz? NOPAIR
I?`vVjw{_ PAIR C1=0,7,3,8,2,5,1,6,9 C2=0,6,2,7,5,3,9,1,8
I?`vVjwx_ NOPAIR
I?`vVZw}? PAIR C1=0,6,4,8,2,9,1,7 C2=0,8,1,6,2,7,4,9
I?`vNrw}? PAIR C1=0,4,9,1,6,5,3,8,2,7 C2=0,6,2,5,1,8,4,7,3,9
I?`vNrwx_ NOPAIR
I?`rnrw}? PAIR C1=0,7,2,5,3,6,1,8,4,9 C2=0,4,7,3,9,1,5,6,2,8
I?`rnrw|? NOPAIR
I?bvbrw}? PAIR C1=0,5,3,6,1,9,2,8 C2=0,6,2,5,1,8,3,9
I?bvbrw|? PAIR C1=0,5,3,6,1,9,2,8 C2=0,6,2,5,1,8,3,9
I?bvbrw^? PAIR C1=0,5,1,6,3,9,4,7,2,8 C2=0,4,8,3,7,1,9,5,2,6
I?bvbrwx_ NOPAIR
I?bvbrw\_ NOPAIR
I?bvbrwr_ PAIR C1=0,5,2,6,1,7,3,8,4,9 C2=0,4,7,2,8,1,9,5,3,6
I?bvbrwZ_ PAIR C1=0,5,3,7,1,6,2,9,4,8 C2=0,4,7,2,5,9,1,8,3,6
I?bvbrw{O PAIR C1=0,5,1,6,3,9,2,8 C2=0,6,2,5,3,8,1,9
I?bvbrwyO PAIR C1=0,4,8,2,6,3,7,9,1,5 C2=0,6,1,8,3,5,2,7,4,9
I?bvbrw]O PAIR C1=0,5,1,6,3,7,4,9,2,8 C2=0,4,8,1,7,9,3,5,2,6
I?bvbrwxO PAIR C1=0,6,2,7,3,8,1,5,9 C2=0,5,3,6,1,7,9,2,8
I?bvbrw\O NOPAIR
I?bvbrwrO PAIR C1=0,5,2,8,1,6,3,7,9 C2=0,6,2,7,1,9,5,3,8
I?bvbrwXo NOPAIR
I?bvbrwbo PAIR C1=0,4,7,1,8,2,6,9,5 C2=0,6,1,5,2,7,9,4,8
I?bvbrsy_ PAIR C1=0,5,8,2,6,1,9 C2=0,6,9,2,5,1,8
I?bvbp{{_ PAIR C1=1,5,8,2,6,3,9 C2=1,6,9,2,5,3,8
I?bvV`{yO PAIR C1=0,4,6,1,8,5,2,9 C2=0,5,1,9,4,8,2,6
I?bvV`y|? PAIR C1=0,5,1,6,8,2,7,3,9 C2=0,6,2,9,5,3,8,1,7
I?brvRw}? PAIR C1=0,7,1,5,2,9,3,6,4,8 C2=0,5,3,8,1,6,2,7,4,9
I?brvRw|? PAIR C1=0,7,1,5,2,9,3,6,4,8 C2=0,4,7,2,6,1,8,3,5,9
I?brvRwz? PAIR C1=0,4,8,1,9,5,2,7 C2=0,5,1,7,4,9,2,8
I?brvRwv? PAIR C1=0,4,6,3,5,9,1,8,2,7 C2=0,5,2,6,1,7,4,9,3,8
I?brvRw^? PAIR C1=0,4,6,3,5,9,1,8,2,7 C2=0,5,2,6,1,7,4,9,3,8
I?brvRwx_ PAIR C1=0,7,2,6,4,8,1,9 C2=0,4,7,1,6,9,2,8
I?brvRwt_ PAIR C1=0,7,2,6,4,8,1,5,3,9 C2=0,4,7,1,9,6,3,8,2,5
I?brvRwr_ PAIR C1=0,8,2,7,4,6,1,5,9 C2=0,5,2,6,9,4,8,1,7
I?brvRwf_ PAIR C1=0,8,2,7,4,6,1,5,9 C2=0,5,2,6,9,4,8,1,7
I?brvRw{O PAIR C1=0,4,6,1,5,3,8,2,7,9 C2=0,5,2,6,3,9,1,7,4,8
I?brvRwyO NOPAIR
I?brvRwuO PAIR C1=0,4,6,1,8,2,7,9,3,5 C2=0,7,4,9,1,5,2,6,3,8
I?brvRwxO NOPAIR
I?brvRwtO PAIR C1=0,5,3,9,1,6,2,8,4,7 C2=0,4,6,3,8,1,7,2,5,9
I?brvRwrO NOPAIR
I?brvRwZO PAIR C1=0,4,8,1,7,2,9,5 C2=0,7,4,9,1,5,2,8
I?brvRwVO PAIR C1=0,4,8,2,6,1,7,9,3,5 C2=0,7,2,5,1,9,4,6,3,8
I?brvRwXo PAIR C1=0,4,7,2,6,9,5,1,8 C2=0,5,2,8,4,6,1,9,7
I?brvRwdo PAIR C1=0,4,7,2,6,9,5,1,8 C2=0,5,2,8,4,6,1,7,9
I?brvRwbo PAIR C1=0,4,7,2,6,9,5,1,8 C2=0,5,2,8,4,6,1,7,9
I?brvRsy_ NOPAIR
I?brvRsyO PAIR C1=0,8,5,2,7,1,9 C2=0,5,1,8,2,9,7
I?brvRpz? PAIR C1=0,7,2,8,1,5,9 C2=0,5,2,9,1,7,8
I?brvRp{_ PAIR C1=0,7,2,5,1,6,9,3,8 C2=0,5,3,6,2,8,7,1,9
I?brvRh^? PAIR C1=0,5,2,7,4,9,1,8 C2=0,4,8,2,9,5,1,7
I?bnV`{{_ NOPAIR
I?bnV`x}? PAIR C1=0,4,9,2,5,1,8,7 C2=0,5,4,8,2,7,1,9
I?qffp{|? PAIR C1=0,7,3,6,2,5,8,1,9 C2=0,5,9,3,8,2,7,1,6
I?qffp{{_ PAIR C1=0,6,2,9,1,4,8,3,7 C2=0,4,7,2,8,1,6,3,9
I?qffp{y_ NOPAIR
I?qffp{x_ PAIR C1=0,5,8,4,1,9,2,7 C2=0,4,7,1,8,2,5,9
I?qffX{^? PAIR C1=1,4,8,5,7,2,9 C2=1,7,4,9,5,2,8
I?qfbx{^? PAIR C1=1,4,8,5,7,2,9 C2=1,7,4,9,5,2,8
I?qdrzsj_ NOPAIR
I?qbvrsy_ NOPAIR
I?qbvjs}? PAIR C1=0,7,5,2,8,3,6,1,4,9 C2=0,4,6,2,9,3,7,1,8,5
I?qa~jwr_ NOPAIR
I?ovfrw|? PAIR C1=0,6,2,8,3,9,1,7 C2=0,8,1,6,3,7,2,9
I?ovfrs{_ PAIR C1=0,6,2,8,3,9,1,7 C2=0,8,1,6,3,7,2,9
I?ovfq{}? PAIR C1=0,6,2,9,3,8,4,1,7 C2=0,4,9,1,6,3,7,2,8
I?ovfq{{_ PAIR C1=0,6,2,7,1,4,8,3,9 C2=0,4,7,3,6,1,9,2,8
I?ovfq{m_ PAIR C1=0,4,8,3,7,2,9,6 C2=0,7,4,9,3,6,2,8
I?ovfZk|? NOPAIR
I?ovfZkn? PAIR C1=0,4,7,2,8,5,9 C2=0,7,5,2,9,4,8
I?ovfZ[|? PAIR C1=0,4,7,2,5,8,3,9,1,6 C2=0,8,4,1,7,5,3,6,2,9
I?ovVrs}? NOPAIR
I?ovVrs|? PAIR C1=0,4,6,1,7,2,5,8,3,9 C2=0,6,2,9,5,3,7,4,1,8
I?ovVrsz? NOPAIR
I?ovVrs{_ NOPAIR
I?ovVrsy_ NOPAIR
I?ovVrsx_ NOPAIR
I?ovVjsz? NOPAIR
I?ovVjsx_ PAIR C1=0,8,1,7,5,2,6,9 C2=0,6,1,9,5,8,2,7
I?ovVZs{_ NOPAIR
I?ovUzs|? PAIR C1=0,7,4,6,1,9,2,5,3,8 C2=0,4,1,7,3,9,5,8,2,6
I?ovTzsz? PAIR C1=0,6,4,7,5,2,8,1,9 C2=0,7,2,6,1,4,9,5,8
I?otvrs}? PAIR C1=0,6,4,1,7,3,9,2,8 C2=0,4,9,1,8,3,6,2,7
I?otvrs|? PAIR C1=0,6,4,1,7,3,9,2,8 C2=0,4,7,2,6,3,8,1,9
I?otvrsn? NOPAIR
I?otvrs{_ PAIR C1=0,8,3,7,1,4,6,2,9 C2=0,4,7,2,8,1,9,3,6
I?otvrsm_ NOPAIR
I?otvrs]_ PAIR C1=0,6,2,9,4,1,8,3,7 C2=0,4,6,3,9,1,7,2,8
I?ottzs]_ PAIR C1=0,6,4,7,2,9,3,5,8 C2=0,4,9,6,3,8,2,5,7
I?otrzs}? PAIR C1=0,4,9,3,5,8,1,7,2,6 C2=0,8,2,5,7,3,6,4,1,9
I?otrzsm_ PAIR C1=0,4,6,9,3,7,2,5,8 C2=0,6,2,8,3,5,7,4,9
I?ou^jwx_ PAIR C1=0,4,8,1,9,6,5,2,7 C2=0,6,4,1,7,5,9,2,8
I?ot^rsj_ NOPAIR
I?redxyN_ PAIR C1=0,4,1,8,2,5,7,3,9,6 C2=0,5,1,6,3,8,4,9,2,7
I?re`~wr_ NOPAIR
I?re`~wN_ PAIR C1=0,4,7,3,9,5,2,8,1,6 C2=0,5,1,4,9,2,7,6,3,8
I?rffa{Xo NOPAIR
I?rffa{To PAIR C1=0,5,8,2,7,3,9,6 C2=0,7,9,5,2,6,3,8
I?rffa{Ro PAIR C1=0,4,8,2,7,9,5,1,6 C2=0,7,1,4,9,6,2,5,8
I?rfdrwN_ PAIR C1=0,4,8,3,7,2,9,6 C2=0,7,4,9,3,6,2,8
I?rfdrwYo PAIR C1=0,4,8,1,9,7,2,6 C2=0,7,4,1,6,9,2,8
I?rfdrkN_ PAIR C1=0,4,8,1,6,2,9,5 C2=0,6,9,4,1,5,2,8
I?rfdp{z? NOPAIR
I?rfdp{n? PAIR C1=0,5,9,4,1,6,3,8,2,7 C2=0,6,2,5,1,8,4,7,3,9
I?rfdp{^? PAIR C1=0,4,1,6,3,8,5,9,2,7 C2=0,5,1,9,3,7,4,8,2,6
I?rfdp{{_ PAIR C1=0,4,1,9,6,3,8,5,2,7 C2=0,5,1,6,2,8,4,7,3,9
I?rfdp{y_ PAIR C1=0,4,1,8,5,2,9,6 C2=0,5,1,6,2,8,4,9
I?rfdp{m_ PAIR C1=0,4,1,8,5,2,9,6 C2=0,5,1,6,2,8,4,9
I?rfdp{]_ PAIR C1=0,4,1,5,8,3,6,9,2,7 C2=0,5,2,8,4,7,3,9,1,6
I?rfdp{r_ NOPAIR
I?rfdp{j_ PAIR C1=0,6,2,8,5,1,4,9 C2=0,4,8,1,6,9,2,5
I?rfdp{f_ PAIR C1=0,6,2,8,3,9,5,1,4,7 C2=0,5,2,7,3,6,1,8,4,9
I?rfdp{N_ PAIR C1=0,5,1,6,2,8,3,9,4,7 C2=0,4,1,8,5,9,2,7,3,6
I?rfdp{{O PAIR C1=0,4,8,3,6,1,5,2,7,9 C2=0,5,8,1,4,7,3,9,2,6
I?rfdp{yO PAIR C1=0,7,2,5,8,4,1,9 C2=0,4,7,9,2,8,1,5
I?rfdp{xO PAIR C1=0,7,2,5,8,4,1,9 C2=0,4,7,9,2,8,1,5
I?rfdp{tO PAIR C1=0,4,7,3,8,5,2,6,1,9 C2=0,5,1,4,8,2,7,9,3,6
I?rfdp{jO NOPAIR
I?rfdp{ZO NOPAIR
I?rfdp{fO PAIR C1=0,4,9,7,2,5,1,8,3,6 C2=0,5,8,2,6,1,4,7,3,9
I?rfdp{VO PAIR C1=0,5,9,4,1,6,3,8,2,7 C2=0,4,7,3,9,1,8,5,2,6
I?rfdp{NO PAIR C1=0,5,8,3,6,1,4,9,2,7 C2=0,4,7,3,9,5,1,8,2,6
I?rfdp{wo PAIR C1=0,7,4,1,5,8,2,9 C2=0,4,8,1,9,7,2,5
I?rfdp{so PAIR C1=0,5,8,3,6,2,7,4,1,9 C2=0,4,8,2,5,1,6,9,3,7
I?rfdp{io PAIR C1=0,4,1,6,9,2,8,5 C2=0,6,2,5,1,8,4,9
I?rfdp{Yo PAIR C1=0,4,7,9,6,2,8,1,5 C2=0,6,1,9,4,8,5,2,7
I?rfdp{Mo PAIR C1=0,4,1,8,5,2,7,9,3,6 C2=0,5,1,6,2,9,4,8,3,7
I?rfdp{po PAIR C1=0,6,2,8,5,1,4,7,9 C2=0,4,8,1,6,9,5,2,7
I?rfdp{ho PAIR C1=0,6,2,8,5,1,4,7,9 C2=0,4,8,1,6,9,5,2,7
I?rfdp{Xo PAIR C1=0,5,1,8,4,7,9,2,6 C2=0,4,1,6,9,5,8,2,7
I?rfdp{bo PAIR C1=0,5,2,7,9,4,8,1,6 C2=0,7,4,1,5,8,2,6,9
I?rfdp{Ro PAIR C1=0,4,8,1,6,9,7,2,5 C2=0,6,2,8,5,9,1,4,7
I?rfdp{Jo PAIR C1=0,4,8,2,7,9,6,1,5 C2=0,6,2,9,5,8,1,4,7
I?rfdp{Fo PAIR C1=0,5,9,3,6,1,8,4,7 C2=0,4,1,5,8,3,7,9,6
I?rfdpyn? PAIR C1=0,7,2,5,1,6,3,8,4,9 C2=0,5,9,3,7,4,1,8,2,6
I?rfdpy{O PAIR C1=0,4,8,3,6,1,9,2,7 C2=0,6,2,8,1,4,7,3,9
I?rfdpyyO PAIR C1=0,6,2,9,1,8,4,7 C2=0,4,1,6,8,2,7,9
I?rfdpyxO PAIR C1=0,6,2,9,1,8,4,7 C2=0,4,1,6,8,2,7,9
I?rfdpytO PAIR C1=0,5,1,9,3,6,2,8,4,7 C2=0,4,1,6,8,3,7,2,5,9
I?rfdpu{O PAIR C1=0,6,3,9,1,8,5,2,7 C2=0,5,1,6,2,8,3,7,9
I?rfdpuyO NOPAIR
I?rfdpm}? PAIR C1=0,6,2,8,5,1,4,9 C2=0,4,8,6,1,9,2,5
I?rfdpx|? PAIR C1=0,4,7,3,6,2,8,1,9 C2=0,6,1,4,8,3,9,2,7
I?rfdpl{_ PAIR C1=0,4,7,2,8,1,6,9 C2=0,6,2,9,1,4,8,7
I?rev_}{O PAIR C1=0,6,3,7,2,8,5,1,9 C2=0,5,2,9,3,8,6,1,7
I?rdvRs]_ PAIR C1=0,5,8,1,4,9,2,6 C2=0,4,6,9,1,5,2,8
I?rdvP{{_ PAIR C1=0,5,8,2,9,1,4,6 C2=0,4,8,1,5,2,6,9
I?rdtpuyO PAIR C1=0,6,4,7,2,8,5,1,9 C2=0,5,2,6,8,1,4,9,7
I?rdrrs}? PAIR C1=0,4,6,3,7,2,9,1,8,5 C2=0,6,2,5,1,7,4,9,3,8
I?rdrrsz? NOPAIR
I?rdrrsn? PAIR C1=0,8,5,1,4,6,3,7,2,9 C2=0,4,7,1,8,3,9,5,2,6
I?rdrrs{_ PAIR C1=0,8,5,1,4,6,3,7,2,9 C2=0,4,7,1,8,3,9,6,2,5
I?rdrrsy_ PAIR C1=0,5,2,9,6,4,1,8 C2=0,4,9,1,5,8,2,6
I?rdrrs]_ PAIR C1=0,5,2,9,6,4,1,8 C2=0,4,9,1,5,8,2,6
I?rdrrsx_ NOPAIR
I?rdrrsr_ NOPAIR
I?rdrrsZ_ PAIR C1=0,4,6,9,1,8,2,5 C2=0,6,2,9,4,1,5,8
I?rdrrsV_ PAIR C1=0,4,7,2,8,5,1,9,3,6 C2=0,5,2,6,9,4,1,7,3,8
I?rdrrsN_ PAIR C1=1,5,9,3,6,4,7,2,8 C2=1,4,9,6,2,5,8,3,7
I?rdrrswo NOPAIR
I?rdrrsso PAIR C1=0,8,5,2,6,3,7,4,1,9 C2=0,4,6,9,3,8,2,7,1,5
I?rdrrsqo PAIR C1=0,4,7,2,6,9,1,5,8 C2=0,5,2,8,1,7,9,4,6
I?rdrrsio PAIR C1=0,8,5,1,4,7,2,6,9 C2=0,5,2,8,1,7,9,4,6
I?rdrrsMo PAIR C1=0,5,1,4,6,2,7,9,3,8 C2=0,4,9,2,5,8,1,7,3,6
I?rdrrspo PAIR C1=0,5,2,8,1,9,7,4,6 C2=0,4,1,7,2,6,9,5,8
I?rdrrsho PAIR C1=0,6,9,7,4,1,5,2,8 C2=0,4,6,2,7,1,8,5,9
I?rdrrsJo PAIR C1=0,4,6,2,8,1,7,9,5 C2=0,6,9,2,7,4,1,5,8
I?rdrrsFo PAIR C1=0,4,6,3,8,1,7,9,5 C2=0,6,9,3,7,4,1,5,8
I?rfLp{}? PAIR C1=0,5,2,8,4,9,1,6 C2=0,4,1,8,5,6,2,9
I?rfLp{m_ PAIR C1=0,4,8,2,9,6,1,5 C2=0,6,2,5,8,1,4,9
I?rfLp{so PAIR C1=0,4,8,2,7,9,1,6,5 C2=0,7,4,1,8,5,2,6,9
I?relp{wo PAIR C1=0,4,8,2,7,9,1,5 C2=0,7,4,1,8,5,2,9
I?relpxN_ PAIR C1=0,4,8,1,5,2,7,3,9,6 C2=0,5,9,2,8,3,6,1,4,7
I?qvFpy|? PAIR C1=0,4,8,6,1,9,3,7,2,5 C2=0,6,2,9,5,3,8,1,4,7
I?qvFhy|? PAIR C1=0,5,2,6,8,1,7,3,9 C2=0,6,1,9,5,3,8,2,7
I?qvFhyz? NOPAIR
I?qvFhyx_ NOPAIR
I?qvExy|? PAIR C1=0,5,7,3,8,1,9,2,6 C2=0,7,1,6,8,2,5,3,9
I?qvExyN_ PAIR C1=0,4,9,2,5,7,3,8,1,6 C2=0,5,3,9,6,2,8,4,1,7
I?qvDxym_ PAIR C1=0,5,3,7,2,8,4,9,6 C2=0,4,7,5,2,6,8,3,9
I?qvDxyV_ PAIR C1=0,4,8,2,7,3,5,9,6 C2=0,5,2,6,8,3,9,4,7
I?qvBzw|? PAIR C1=0,4,7,2,8,1,9,5 C2=0,8,4,1,7,5,2,9
I?qvBzwx_ PAIR C1=0,4,7,2,8,1,9,5 C2=0,8,4,1,7,5,2,9
I?qvBzi|? PAIR C1=0,4,7,2,8,1,9,5 C2=0,8,4,1,7,5,2,9
I?qvBzim_ NOPAIR
I?qvEt{N_ PAIR C1=0,6,2,5,3,9,4,8,1,7 C2=0,4,1,6,7,3,8,2,9,5
I?qvDt{V_ PAIR C1=0,5,3,9,4,8,1,6,2,7 C2=0,4,1,9,5,2,8,3,7,6
I?qvBnwx_ NOPAIR
I?qvBnwt_ PAIR C1=0,5,2,8,3,9,1,7,6 C2=0,8,1,6,2,7,3,5,9
I?qvB^wt_ PAIR C1=0,4,8,2,7,6,1,9,5 C2=0,8,1,4,7,5,2,6,9
I?qvA~wN_ PAIR C1=0,5,3,9,4,8,1,7,6 C2=0,4,1,6,9,5,7,3,8
I?qv@~wm_ PAIR C1=0,4,9,2,8,3,5,7,6 C2=0,5,2,6,9,3,7,4,8
I?qv@~wj_ NOPAIR
I?qtfp{}? PAIR C1=0,5,2,8,3,9,4,7 C2=0,4,8,5,3,7,2,9
I?qtfp{n? PAIR C1=0,5,2,8,3,9,4,7 C2=0,4,8,5,3,7,2,9
I?qtfp{N_ PAIR C1=0,5,9,4,7,3,8,2,6 C2=0,4,8,5,3,6,9,2,7
I?qtfo}}? PAIR C1=0,5,2,8,3,9,4,7 C2=0,4,8,5,3,7,2,9
I?qtfhy}? PAIR C1=0,5,3,8,4,9,1,7,2,6 C2=0,4,1,8,6,3,7,5,2,9
I?qtfXyV_ PAIR C1=0,5,7,1,9,4,8,2,6 C2=0,4,1,8,6,9,5,2,7
I?qtdxy}? PAIR C1=0,4,9,3,7,2,8,6 C2=0,7,4,8,3,6,2,9
I?qtbxyn? PAIR C1=0,4,9,3,8,6,2,7,5 C2=0,6,3,7,4,8,2,5,9
I?qtbxyr_ PAIR C1=0,5,2,6,8,3,7,1,4,9 C2=0,4,7,2,8,1,9,5,3,6
I?qtbnw}? PAIR C1=0,5,2,9,4,1,8,3,7,6 C2=0,4,8,2,6,3,5,7,1,9
I?qtb^wj_ NOPAIR
I?qtb^wV_ PAIR C1=0,4,1,8,2,7,6,9,5 C2=0,6,2,5,7,1,9,4,8
I?qrfrw}? NOPAIR
I?qrfrw|? NOPAIR
I?qrfrwN_ PAIR C1=0,7,3,5,2,9,4,8 C2=0,4,7,2,8,3,9,5
I?qrfrs{_ PAIR C1=0,8,1,7,3,5,2,6,9 C2=0,5,8,3,6,1,9,2,7
I?qrfrsm_ PAIR C1=0,7,2,5,3,6,9,4,1,8 C2=0,4,7,1,6,2,9,3,8,5
I?qrfrk|? PAIR C1=0,5,2,8,4,7,1,9 C2=0,4,1,8,5,9,2,7
I?qrfrkz? PAIR C1=0,5,2,8,4,7,1,9 C2=0,4,1,8,5,9,2,7
I?qrfrkx_ PAIR C1=0,5,2,8,4,7,1,9 C2=0,4,1,8,5,9,2,7
I?qrfq{}? PAIR C1=0,7,2,5,3,8,4,9 C2=0,4,7,3,9,2,8,5
I?qrfq{n? PAIR C1=0,7,2,5,3,8,4,9 C2=0,4,7,3,9,2,8,5
I?qrfq{]_ PAIR C1=0,7,2,5,3,6,9,1,4,8 C2=0,4,7,1,6,2,9,3,8,5
I?qrfq{N_ PAIR C1=0,7,3,5,2,9,4,8 C2=0,4,7,2,8,3,9,5
I?qrfp{}? PAIR C1=0,7,2,5,3,8,4,9 C2=0,4,7,3,9,2,8,5
I?qrfp{^? NOPAIR
I?qrfp{N_ PAIR C1=1,6,3,9,2,8,4,7 C2=1,4,9,6,2,7,3,8
I?qrfrex_ NOPAIR
I?qrfret_ PAIR C1=0,5,3,6,8,2,7,1,9 C2=0,7,3,9,5,2,6,1,8
I?qrfqul_ PAIR C1=2,6,3,8,5,9 C2=2,5,3,9,6,8
I?qrfrMx_ PAIR C1=0,4,7,2,9,6,1,8,5 C2=0,7,1,4,8,6,2,5,9
I?qrfrMr_ NOPAIR
I?qrfrMN_ PAIR C1=0,4,7,2,9,6,1,8,5 C2=0,7,1,4,9,5,2,6,8
I?qrfqmV_ PAIR C1=0,4,7,1,9,6,2,8,5 C2=0,7,2,5,9,4,1,6,8
I?qrfo}N_ PAIR C1=2,6,3,8,5,9 C2=2,5,3,9,6,8
I?qrfZq{_ PAIR C1=0,5,7,2,8,1,6,3,9 C2=0,7,1,9,6,2,5,3,8
I?qrfZqx_ PAIR C1=0,5,7,2,6,8,1,9 C2=0,7,1,6,9,5,2,8
I?qrfZi|? PAIR C1=0,4,8,2,9,1,7,5 C2=0,8,1,4,7,2,5,9
I?qrfZYN_ PAIR C1=0,5,7,1,6,2,9,4,8 C2=0,4,1,8,6,9,5,2,7
I?qrdzq{_ NOPAIR
I?qrdziV_ PAIR C1=0,5,2,7,3,6,1,9,4,8 C2=0,4,1,8,2,6,9,3,5,7
I?qrdxyr_ PAIR C1=0,4,9,6,1,8,3,5,2,7 C2=0,5,7,3,6,2,8,4,1,9
I?qrbzq|? NOPAIR
I?qrbzq^? NOPAIR
I?qrbzif_ PAIR C1=0,4,1,6,8,2,7,3,5,9 C2=0,5,2,6,3,9,4,7,1,8
I?qrbyy^? PAIR C1=1,6,8,3,5,2,7,4,9 C2=1,4,8,2,6,3,9,5,7
I?qrbyyr_ PAIR C1=0,4,7,1,9,5,2,6,3,8 C2=0,5,3,7,2,8,6,1,4,9
I?qrbxy}? PAIR C1=1,6,3,8,2,7,4,9 C2=1,4,8,6,2,9,3,7
I?qrbxy|? NOPAIR
I?qrbxym_ PAIR C1=1,6,3,8,4,9,2,7 C2=1,4,7,3,9,6,2,8
I?qvfbw[o NOPAIR
I?qvfbwMo PAIR C1=0,4,1,8,3,6,9,7 C2=0,6,1,7,3,9,4,8
I?qvf`{}? PAIR C1=0,4,9,2,8,1,6,3,7 C2=0,6,2,7,1,4,8,3,9
I?qvf`{|? PAIR C1=0,5,9,2,6,1,8,3,7 C2=0,6,3,5,8,2,7,1,9
I?qvf`{z? PAIR C1=0,5,9,2,6,1,8,3,7 C2=0,6,3,5,8,2,7,1,9
I?qvf`{^? PAIR C1=0,5,9,2,7,3,8,4,1,6 C2=0,4,9,3,6,2,5,8,1,7
I?qvf`{{_ PAIR C1=0,5,2,9,6,1,8,3,7 C2=0,6,3,5,8,2,7,1,9
I?qvf`{y_ PAIR C1=0,5,2,9,6,1,8,3,7 C2=0,6,3,5,8,2,7,1,9
I?qvf`{m_ PAIR C1=0,5,2,9,6,1,4,8,3,7 C2=0,4,9,3,5,8,1,7,2,6
I?qvf`{]_ PAIR C1=0,5,2,9,6,1,4,8,3,7 C2=0,4,9,3,5,8,1,7,2,6
I?qvf`{x_ PAIR C1=0,5,2,9,6,1,8,3,7 C2=0,6,3,5,8,2,7,1,9
I?qvf`{\_ NOPAIR
I?qvf`{r_ PAIR C1=0,4,1,8,3,6,9,5,2,7 C2=0,5,3,7,1,9,4,8,2,6
I?qvf`{wo PAIR C1=0,5,2,6,3,8,1,9,7 C2=0,6,1,7,3,5,8,2,9
I?qvf`{ko NOPAIR
I?qvf`{[o NOPAIR
I?qvf`{io PAIR C1=0,5,2,6,1,4,8,3,7,9 C2=0,4,9,2,7,1,8,5,3,6
I?qvf`{Mo PAIR C1=0,5,2,9,6,1,4,8,3,7 C2=0,4,9,3,5,8,1,7,2,6
I?qvf`{po PAIR C1=1,6,9,7,3,5,2,8 C2=1,7,2,6,3,8,5,9
I?qvf`{Lo NOPAIR
I?qvf`{bo PAIR C1=0,5,8,3,6,1,4,9,7 C2=0,4,8,1,7,3,5,9,6
I?qvfRwN_ PAIR C1=0,5,2,9,3,6,1,8,4,7 C2=0,4,1,7,2,8,3,5,9,6
I?qvfRsZ_ PAIR C1=0,7,1,4,9,2,5,8 C2=0,4,7,2,8,1,9,5
I?qvfRk\O NOPAIR
I?qvfP{z? PAIR C1=0,7,2,5,8,4,1,9 C2=0,4,7,1,8,2,9,5
I?qvfP{^? PAIR C1=0,5,8,2,9,3,6,1,4,7 C2=0,4,8,3,5,9,1,7,2,6
I?qvfP{{_ PAIR C1=0,5,2,8,3,9,6,1,4,7 C2=0,4,8,5,3,6,2,7,1,9
I?qvfP{y_ NOPAIR
I?qvfP{u_ PAIR C1=0,7,1,4,8,5,2,6,3,9 C2=0,5,3,8,2,7,4,9,1,6
I?qvfP{m_ PAIR C1=0,7,4,1,8,5,2,6,3,9 C2=0,5,3,8,4,9,2,7,1,6
I?qvfP{]_ PAIR C1=0,6,3,9,2,5,8,1,4,7 C2=0,4,9,6,1,7,2,8,3,5
I?qvfP{x_ PAIR C1=0,7,2,5,8,4,1,9 C2=0,4,7,1,8,2,9,5
I?qvfP{t_ PAIR C1=0,4,7,1,6,9,3,8,2,5 C2=0,7,2,6,3,5,8,4,1,9
I?qvfP{r_ PAIR C1=0,5,9,4,7,2,8,1,6 C2=0,4,8,5,2,6,9,1,7
I?qvfP{j_ PAIR C1=0,5,8,1,6,2,7,4,9 C2=0,6,9,5,2,8,4,1,7
I?qvfP{Z_ PAIR C1=0,4,9,6,2,7,1,8,5 C2=0,6,1,9,5,2,8,4,7
I?qvfP{f_ PAIR C1=0,5,8,1,6,2,7,4,9 C2=0,6,9,5,2,8,4,1,7
I?qvfP{V_ PAIR C1=0,4,9,6,1,7,2,8,5 C2=0,6,2,5,9,1,8,4,7
I?qvfP{N_ PAIR C1=0,4,9,3,5,8,2,6,1,7 C2=0,5,9,2,7,4,1,8,3,6
I?qvfP{yO NOPAIR
I?qvfP{mO PAIR C1=0,6,2,5,8,3,9,4,1,7 C2=0,5,3,6,1,8,4,7,2,9
I?qvfP{]O PAIR C1=0,4,9,3,6,2,5,8,1,7 C2=0,5,3,8,4,7,2,9,1,6
I?qvfP{xO PAIR C1=0,4,1,8,5,9,2,7 C2=0,5,2,8,4,7,1,9
I?qvfP{tO PAIR C1=0,4,1,6,3,9,5,8,2,7 C2=0,6,2,5,3,8,4,7,1,9
I?qvfP{rO NOPAIR
I?qvfP{jO NOPAIR
I?qvfP{ZO NOPAIR
I?qvfP{fO PAIR C1=0,6,3,9,5,2,8,4,1,7 C2=0,5,3,8,1,6,2,7,4,9
I?qvfP{NO PAIR C1=0,4,1,8,5,9,3,6,2,7 C2=0,5,3,8,2,9,4,7,1,6
I?qvfP{wo NOPAIR
I?qvfP{so PAIR C1=0,5,8,2,6,3,9,1,7 C2=0,6,1,8,3,5,2,7,9
I?qvfP{ko PAIR C1=0,5,8,4,1,7,2,6,3,9 C2=0,4,7,9,2,5,3,8,1,6
I?qvfP{io NOPAIR
I?qvfP{eo PAIR C1=0,6,2,8,5,3,9,4,7 C2=0,4,8,3,6,9,7,2,5
I?qvfP{Mo PAIR C1=0,6,2,8,5,3,9,4,7 C2=0,4,8,3,6,9,7,2,5
I?qvfP{po PAIR C1=0,4,8,5,9,1,6,2,7 C2=0,5,2,8,1,4,7,9,6
I?qvfP{bo PAIR C1=0,5,9,6,1,4,8,2,7 C2=0,4,9,7,1,8,5,2,6
I?qvfP{Ro PAIR C1=0,5,9,6,1,4,8,2,7 C2=0,4,9,7,1,8,5,2,6
I?qvfP{Jo PAIR C1=0,5,9,6,1,4,8,2,7 C2=0,4,9,7,1,8,5,2,6
I?qvfP{Fo PAIR C1=0,5,9,6,1,4,8,2,7 C2=0,4,9,7,1,8,5,2,6
I?qvfPyn? PAIR C1=0,5,9,3,6,1,4,8,2,7 C2=0,6,2,5,3,8,1,7,4,9
I?qvfPyyO PAIR C1=0,6,1,4,8,2,7,9 C2=0,4,9,2,6,8,1,7
I?qvfPuz? NOPAIR
I?qvfPuxO PAIR C1=0,5,2,6,8,1,7,9 C2=0,6,1,9,5,8,2,7
I?qvfO|m_ PAIR C1=0,4,9,6,2,7,8,3,5 C2=0,6,3,9,2,5,8,4,7
I?qvdrw[o PAIR C1=0,4,1,8,2,6,9,7 C2=0,6,1,9,2,7,4,8
I?qvdp{}? PAIR C1=0,5,2,8,3,9,4,7 C2=0,4,8,5,3,7,2,9
I?qvdp{n? PAIR C1=0,5,2,8,3,9,4,7 C2=0,4,8,5,3,7,2,9
I?qvdp{{_ PAIR C1=0,4,1,8,5,3,9,6,2,7 C2=0,5,2,8,4,7,3,6,1,9
I?qvdp{y_ PAIR C1=0,4,1,8,5,2,9,6,3,7 C2=0,5,3,8,4,7,2,6,1,9
I?qvdp{m_ PAIR C1=0,5,3,8,2,9,4,7 C2=0,4,8,5,2,7,3,9
I?qvdp{]_ PAIR C1=0,4,1,8,5,3,6,9,2,7 C2=0,5,2,8,3,7,4,9,1,6
I?qvdp{l_ NOPAIR
I?qvdp{r_ PAIR C1=0,4,9,6,1,8,3,5,2,7 C2=0,5,8,2,6,3,7,4,1,9
I?qvdp{j_ PAIR C1=0,4,9,6,2,8,5,3,7 C2=0,6,3,8,4,7,2,5,9
I?qvdp{Z_ PAIR C1=0,4,9,6,2,8,5,3,7 C2=0,5,9,2,7,4,8,3,6
I?qvdp{N_ PAIR C1=0,4,9,6,2,8,5,3,7 C2=0,5,9,2,7,4,8,3,6
I?qvdp{mO PAIR C1=0,4,8,5,3,7,2,9 C2=0,5,2,8,3,9,4,7
I?qvdp{lO NOPAIR
I?qvdp{rO PAIR C1=0,7,3,6,1,4,8,2,5,9 C2=0,5,3,8,1,9,4,7,2,6
I?qvdp{jO NOPAIR
I?qvdp{ZO PAIR C1=0,5,9,4,1,6,2,8,3,7 C2=0,4,7,2,9,1,8,5,3,6
I?qvdp{NO NOPAIR
I?qvdp{wo PAIR C1=0,7,3,6,2,5,8,4,1,9 C2=0,4,7,2,9,6,1,8,3,5
I?qvdp{ko NOPAIR
I?qvdp{[o PAIR C1=0,5,2,8,4,1,6,9,3,7 C2=0,4,7,2,9,1,8,5,3,6
I?qvdp{io PAIR C1=0,5,2,8,3,7,4,9,6 C2=0,4,8,5,3,6,2,7,9
I?qvdp{Yo PAIR C1=0,5,2,8,3,7,4,9,6 C2=0,4,8,5,3,6,2,9,7
I?qvdp{Mo PAIR C1=0,5,2,8,3,7,4,9,6 C2=0,4,8,5,3,6,2,9,7
I?qvdp{po PAIR C1=0,4,7,2,6,9,1,8,5 C2=0,6,1,4,8,2,5,9,7
I?qvdp{Lo NOPAIR
I?qvdp{bo PAIR C1=0,4,8,5,3,7,2,6,9 C2=0,6,3,8,2,5,9,4,7
I?qvdp{Ro PAIR C1=0,4,8,1,9,7,3,6,2,5 C2=0,6,1,4,9,5,3,8,2,7
I?qvdp{Jo PAIR C1=0,4,8,2,5,3,6,9,7 C2=0,5,8,3,7,4,9,2,6
I?qvbrw}? PAIR C1=0,4,7,3,8,2,6,1,9 C2=0,6,3,9,2,7,1,4,8
I?qvbrwn? PAIR C1=0,6,2,7,3,8,1,4,9 C2=0,4,7,1,6,3,9,2,8
I?qvbrw^? PAIR C1=0,4,7,2,8,1,9,5,3,6 C2=0,5,2,6,1,7,3,9,4,8
I?qvbrw{_ PAIR C1=0,4,7,1,9,2,8,3,6 C2=0,8,4,1,6,2,7,3,9
I?qvbrwy_ NOPAIR
I?qvbrwm_ PAIR C1=1,6,3,7,4,9,2,8 C2=1,4,8,3,9,6,2,7
I?qvbrw]_ PAIR C1=1,6,3,7,4,9,2,8 C2=1,4,8,3,9,6,2,7
I?qvbrwj_ PAIR C1=0,5,9,4,1,6,3,7,2,8 C2=0,4,7,1,8,3,5,2,6,9
I?qvbrwZ_ PAIR C1=0,6,3,7,2,5,9,4,1,8 C2=0,4,7,1,9,6,2,8,3,5
I?qvbrwN_ PAIR C1=0,6,1,4,9,5,2,7,3,8 C2=0,4,7,1,8,2,6,9,3,5
I?qvbrw{O PAIR C1=0,4,7,3,6,1,9,2,8 C2=0,6,2,7,1,4,8,3,9
I?qvbrwmO PAIR C1=0,4,9,2,7,1,6,3,8 C2=0,6,2,8,1,4,7,3,9
I?qvbrw]O NOPAIR
I?qvbrwxO PAIR C1=0,8,2,5,3,6,1,7,9 C2=0,5,9,1,8,3,7,2,6
I?qvbrwlO PAIR C1=0,4,7,9,2,5,3,6,1,8 C2=0,5,9,3,7,1,4,8,2,6
I?qvbrw\O PAIR C1=0,4,7,9,2,5,3,6,1,8 C2=0,5,9,3,7,1,4,8,2,6
I?qvbrwjO PAIR C1=0,4,7,9,2,5,3,6,1,8 C2=0,5,9,4,1,7,3,8,2,6
I?qvbrwwo PAIR C1=0,6,1,4,7,9,2,8 C2=0,4,8,1,7,2,6,9
I?qvbrwko PAIR C1=0,6,1,4,7,9,2,8 C2=0,4,8,1,7,2,6,9
I?qvbrw[o NOPAIR
I?qvbrwio PAIR C1=0,4,1,7,9,6,2,8 C2=0,6,1,8,4,7,2,9
I?qvbrwMo PAIR C1=1,4,8,2,9,6,3,7 C2=1,6,2,7,4,9,3,8
I?qvbrwho PAIR C1=0,4,8,1,7,2,9,6,3,5 C2=0,6,1,4,7,3,8,2,5,9
I?qvbrwXo PAIR C1=0,4,8,1,7,2,9,6,3,5 C2=0,6,2,5,9,1,4,7,3,8
I?qvbrwLo PAIR C1=0,4,8,1,7,9,2,6,3,5 C2=0,6,1,4,7,2,5,9,3,8
I?qvbrwJo PAIR C1=0,4,8,1,7,9,2,6,3,5 C2=0,6,1,4,9,5,2,7,3,8
I?qvbrs}? PAIR C1=0,4,7,1,6,3,8,2,9 C2=0,6,2,7,3,9,4,1,8
I?qvbrs{_ PAIR C1=0,5,2,8,3,6,9 C2=0,6,2,9,3,5,8
I?qvbrsm_ PAIR C1=0,5,2,8,3,6,9 C2=0,6,2,9,3,5,8
I?qvbrs]_ PAIR C1=0,4,1,9,6,2,7,3,5,8 C2=0,5,2,9,4,7,1,8,3,6
I?qvbrsx_ NOPAIR
I?qvbrsl_ PAIR C1=0,5,2,8,3,9,6 C2=0,8,5,3,6,2,9
I?qvbrs\_ NOPAIR
I?qvbrs{O PAIR C1=0,6,3,5,8,1,7,2,9 C2=0,5,2,6,1,9,7,3,8
I?qvbrsyO PAIR C1=0,6,3,5,8,1,7,2,9 C2=0,5,2,6,1,9,7,3,8
I?qvbrsmO PAIR C1=0,4,7,1,8,5,2,9,3,6 C2=0,5,3,7,9,4,1,6,2,8
I?qvbrs]O PAIR C1=0,4,7,1,8,5,2,9,3,6 C2=0,5,3,7,9,4,1,6,2,8
I?qvbrsxO PAIR C1=0,6,3,5,8,1,7,2,9 C2=0,5,2,6,1,9,7,3,8
I?qvbrslO NOPAIR
I?qvbrs\O NOPAIR
I?qvbrsrO PAIR C1=0,6,1,4,7,3,8,2,5,9 C2=0,4,9,1,7,2,6,3,5,8
I?qvbrswo PAIR C1=0,5,8,1,7,3,6,2,9 C2=0,6,1,9,7,2,5,3,8
I?qvbrsko PAIR C1=0,8,5,2,6,3,9 C2=0,5,3,8,2,9,6
I?qvbrs[o NOPAIR
I?qvbrsio PAIR C1=0,5,8,2,7,3,6,1,4,9 C2=0,4,7,1,8,3,5,2,9,6
I?qvbrsMo PAIR C1=0,4,9,3,7,1,6,2,5,8 C2=0,5,3,8,1,4,7,2,9,6
I?qvbrspo PAIR C1=1,6,2,5,9,7,3,8 C2=1,7,2,8,5,3,6,9
I?qvbrsLo NOPAIR
I?qvbrsbo PAIR C1=0,4,1,8,2,7,3,6,9,5 C2=0,8,3,5,2,6,1,7,4,9
I?qvbrsRo PAIR C1=0,4,1,8,2,7,9,5,3,6 C2=0,5,2,6,1,9,4,7,3,8
I?qvbrkz? NOPAIR
I?qvbrkv? PAIR C1=0,4,8,1,7,2,6,3,9,5 C2=0,6,1,9,4,7,3,5,2,8
I?qvbrk^? PAIR C1=0,4,8,1,7,2,6,3,9,5 C2=0,6,1,9,4,7,3,5,2,8
I?qvbrk{_ PAIR C1=0,4,1,8,5,2,7,3,9,6 C2=0,5,3,6,2,9,1,7,4,8
I?qvbrky_ NOPAIR
I?qvbrkm_ PAIR C1=0,4,1,8,5,2,7,3,6,9 C2=0,5,3,9,4,7,1,6,2,8
I?qvbrk]_ PAIR C1=0,4,1,9,6,3,7,2,8,5 C2=0,6,2,5,3,9,4,7,1,8
I?qvbrkx_ NOPAIR
I?qvbrkr_ NOPAIR
I?qvbrkZ_ NOPAIR
I?qvbrkV_ PAIR C1=0,5,2,7,3,6,9,4,1,8 C2=0,4,7,1,9,3,5,8,2,6
I?qvbrkN_ PAIR C1=0,5,3,7,2,8,1,4,9,6 C2=0,4,7,1,6,3,9,2,5,8
I?qvbrk{O PAIR C1=0,4,1,8,5,3,7,9,2,6 C2=0,5,2,8,4,7,1,6,3,9
I?qvbrkyO NOPAIR
I?qvbrkmO PAIR C1=0,4,1,8,5,2,6,3,7,9 C2=0,5,3,9,2,8,4,7,1,6
I?qvbrkxO NOPAIR
I?qvbrktO PAIR C1=0,4,7,3,9,1,8,5,2,6 C2=0,5,3,6,1,4,8,2,7,9
I?qvbrkrO NOPAIR
I?qvbrkjO NOPAIR
I?qvbrkZO NOPAIR
I?qvbrkfO PAIR C1=0,4,8,1,6,2,5,3,7,9 C2=0,5,8,2,7,1,4,9,3,6
I?qvbrkNO PAIR C1=0,4,1,6,3,7,9,5,2,8 C2=0,5,3,9,4,8,1,7,2,6
I?qvbrkwo PAIR C1=0,8,2,6,1,4,7,9 C2=0,4,8,1,7,2,9,6
I?qvbrkso PAIR C1=0,5,3,9,7,1,8,2,6 C2=0,8,5,2,7,3,6,1,9
I?qvbrkko PAIR C1=0,4,1,7,9,6,2,8 C2=0,6,1,8,4,7,2,9
I?qvbrkio PAIR C1=0,4,1,7,9,6,2,8 C2=0,6,1,8,4,7,2,9
I?qvbrkeo PAIR C1=0,4,7,2,6,9,3,5,8 C2=0,5,2,8,4,9,7,3,6
I?qvbrkMo PAIR C1=0,4,7,2,6,9,3,5,8 C2=0,5,2,8,4,9,7,3,6
I?qvbrkpo PAIR C1=0,5,9,7,4,1,8,2,6 C2=0,4,8,5,2,7,1,6,9
I?qvbrkbo PAIR C1=0,5,9,7,4,1,8,2,6 C2=0,4,8,5,2,7,1,6,9
I?qvbrkRo PAIR C1=0,5,9,7,4,1,8,2,6 C2=0,4,9,6,1,7,2,5,8
I?qvbrkJo PAIR C1=0,5,9,7,4,1,8,2,6 C2=0,4,9,6,1,7,2,5,8
I?qvbrkFo PAIR C1=0,5,9,7,4,1,8,2,6 C2=0,4,9,6,1,7,2,5,8
I?qvbq{z? PAIR C1=0,4,1,7,3,6,2,8,5,9 C2=0,6,1,9,4,7,2,5,3,8
I?qvbq{^? PAIR C1=0,4,1,7,3,9,5,8,2,6 C2=0,5,2,7,4,9,1,6,3,8
I?qvbq{{_ PAIR C1=0,4,8,5,2,6,1,7,3,9 C2=0,5,3,8,2,7,4,1,9,6
I?qvbq{y_ PAIR C1=0,8,5,3,7,2,6,1,4,9 C2=0,4,7,1,9,6,3,8,2,5
I?qvbq{m_ PAIR C1=0,8,5,3,6,2,9 C2=0,5,2,8,3,9,6
I?qvbq{]_ PAIR C1=0,4,7,2,9,1,6,3,5,8 C2=0,5,2,8,4,1,7,3,9,6
I?qvbq{\_ PAIR C1=0,4,7,2,9,1,6,3,5,8 C2=0,5,2,8,4,1,7,3,9,6
I?qvbq{Z_ PAIR C1=0,4,7,2,9,1,6,3,5,8 C2=0,5,2,8,3,7,1,4,9,6
I?qvbq{N_ NOPAIR
I?qvbq{{O PAIR C1=0,4,7,2,8,5,3,9,1,6 C2=0,5,2,6,3,8,4,1,7,9
I?qvbq{mO NOPAIR
I?qvbq{]O PAIR C1=0,5,2,8,4,1,9,7,3,6 C2=0,4,7,1,6,2,9,3,5,8
I?qvbq{xO PAIR C1=0,6,1,4,8,2,5,3,7,9 C2=0,4,7,1,9,2,6,3,8,5
I?qvbq{rO PAIR C1=0,6,1,4,8,2,5,3,7,9 C2=0,4,9,1,7,2,6,3,8,5
I?qvbq{jO NOPAIR
I?qvbq{ZO PAIR C1=0,5,2,9,7,1,4,8,3,6 C2=0,4,9,1,6,2,7,3,5,8
I?qvbq{NO NOPAIR
I?qvbq{wo PAIR C1=0,5,3,8,4,7,1,6,2,9 C2=0,4,1,9,6,3,7,2,5,8
I?qvbq{ko PAIR C1=0,6,3,8,5,2,9 C2=0,5,3,9,6,2,8
I?qvbq{qo PAIR C1=0,6,3,7,2,5,8,4,9 C2=0,4,7,9,6,2,8,3,5
I?qvbq{io PAIR C1=0,6,3,7,2,5,8,4,9 C2=0,4,7,9,6,2,8,3,5
I?qvbq{Yo PAIR C1=0,5,8,4,9,2,7,3,6 C2=0,4,7,9,6,2,5,3,8
I?qvbq{Mo PAIR C1=0,5,8,4,9,2,7,3,6 C2=0,4,7,9,6,2,5,3,8
I?qvbq{po PAIR C1=0,8,2,5,3,7,4,1,6,9 C2=0,4,8,3,6,2,7,1,9,5
I?qvbq{Lo NOPAIR
I?qvbq{bo PAIR C1=0,5,3,7,2,8,4,9,6 C2=0,4,7,9,5,2,6,3,8
I?qvbq{Ro PAIR C1=0,5,3,7,2,8,4,9,6 C2=0,4,7,9,5,2,6,3,8
I?qvbp{^? NOPAIR
I?qvbp{{_ PAIR C1=0,4,8,5,2,6,1,7,3,9 C2=0,5,3,8,2,7,4,1,9,6
I?qvbp{y_ PAIR C1=0,4,7,1,6,3,8,5,2,9 C2=0,5,3,7,2,8,4,1,9,6
I?qvbp{m_ PAIR C1=0,4,8,5,2,7,1,6,3,9 C2=0,5,3,7,4,1,8,2,9,6
I?qvbp{]_ PAIR C1=1,7,2,6,3,9,4,8 C2=1,4,7,3,8,2,9,6
I?qvbp{\_ NOPAIR
I?qvbp{r_ PAIR C1=1,6,3,8,4,9,5,2,7 C2=1,4,7,3,5,8,2,6,9
I?qvbp{j_ PAIR C1=1,6,2,5,9,4,8,3,7 C2=1,4,7,2,9,6,3,5,8
I?qvbp{Z_ PAIR C1=1,6,2,5,9,4,8,3,7 C2=1,4,7,2,9,6,3,5,8
I?qvbp{N_ PAIR C1=1,6,2,5,9,4,8,3,7 C2=1,4,7,2,9,6,3,5,8
I?qvbp{mO PAIR C1=0,4,1,8,5,2,7,9,3,6 C2=0,5,3,8,4,7,1,6,2,9
I?qvbp{]O NOPAIR
I?qvbp{\O NOPAIR
I?qvbp{jO PAIR C1=0,6,2,8,1,4,7,3,5,9 C2=0,4,9,2,7,1,6,3,8,5
I?qvbp{ZO NOPAIR
I?qvbp{NO NOPAIR
I?qvbp{wo PAIR C1=0,6,1,4,8,2,5,3,7,9 C2=0,4,7,1,9,2,6,3,8,5
I?qvbp{ko PAIR C1=0,6,2,5,3,8,4,1,7,9 C2=0,4,7,2,9,3,6,1,8,5
I?qvbp{[o NOPAIR
I?qvbp{io PAIR C1=0,4,1,8,5,3,7,2,9,6 C2=0,5,2,8,3,6,1,7,4,9
I?qvbp{Mo PAIR C1=1,4,8,2,9,6,3,7 C2=1,6,2,7,4,9,3,8
I?qvbp{po PAIR C1=1,6,9,7,3,5,2,8 C2=1,7,2,6,3,8,5,9
I?qvbp{Lo NOPAIR
I?qvbp{bo PAIR C1=0,5,2,8,4,1,7,9,6 C2=0,4,7,2,6,1,8,5,9
I?qvbrq{O PAIR C1=1,7,3,9,2,6,8 C2=1,6,3,8,2,7,9
I?qvbrqmO PAIR C1=0,4,9,3,7,1,6,8 C2=0,6,3,8,1,4,7,9
I?qvbrqxO PAIR C1=0,6,2,5,9,1,7,3,8 C2=0,5,3,6,1,8,2,7,9
I?qvbri{O PAIR C1=0,6,2,9,1,7,4,8 C2=0,4,1,6,8,2,7,9
I?qvbrixO PAIR C1=0,6,2,9,1,7,4,8 C2=0,4,1,6,8,2,7,9
I?qvbpyNO NOPAIR
I?qvbre{O PAIR C1=0,6,1,7,2,8,5,3,9 C2=0,5,2,6,3,7,9,1,8
I?qvbqumO NOPAIR
I?qvbpu]O PAIR C1=1,7,2,8,6,3,9 C2=1,6,2,9,7,3,8
I?qvbrMNO PAIR C1=1,4,9,5,3,7,2,6,8 C2=1,6,3,9,2,5,8,4,7
I?qvbqmjO NOPAIR
I?qvbqmVO PAIR C1=0,5,8,4,1,7,9,3,6 C2=0,4,7,3,5,9,1,6,8
I?qvbpmZO NOPAIR
I?qvbpmfO PAIR C1=0,4,8,1,7,9,5,3,6 C2=0,5,8,6,1,4,7,3,9
I?qvbo}rO PAIR C1=0,4,1,7,9,5,2,8,6 C2=0,5,8,4,7,2,6,1,9
I?qvbo}NO NOPAIR
I?qvbrpm_ PAIR C1=0,4,9,2,6,3,7,1,8 C2=0,6,1,4,7,2,8,3,9
I?qvbrhy_ PAIR C1=0,4,9,6,2,7,1,8 C2=0,6,1,4,7,8,2,9
I?qvbqxm_ NOPAIR
I?qvbqxN_ PAIR C1=0,4,8,7,3,5,2,9,6 C2=0,5,9,4,7,2,6,3,8
I?qvbpxm_ PAIR C1=1,4,8,2,9,6,3,7 C2=1,6,2,7,4,9,3,8
I?qvbpx]_ PAIR C1=1,4,8,2,9,6,3,7 C2=1,6,2,7,4,9,3,8
I?qvbpxN_ PAIR C1=1,4,8,2,9,6,3,7 C2=1,6,2,7,4,9,3,8
I?qvbrdx_ NOPAIR
I?qvbrdt_ PAIR C1=1,7,8,2,5,3,6,9 C2=1,6,2,7,3,9,5,8
I?qvbqt{_ PAIR C1=0,6,9,2,5,3,8 C2=0,5,8,2,6,3,9
I?qvbqtm_ PAIR C1=0,6,9,2,5,3,8 C2=0,5,8,2,6,3,9
I?qvbqtl_ PAIR C1=0,6,9,2,5,3,8 C2=0,5,8,2,6,3,9
I?qvbrLx_ PAIR C1=0,4,1,8,7,2,5,9,6 C2=0,5,8,4,7,1,6,2,9
I?qvbrLr_ NOPAIR
I?qvbo|m_ PAIR C1=0,5,8,3,6,2,7,4,9 C2=0,4,8,7,3,5,2,9,6
I?qvVPumO NOPAIR
I?qvUpu|? PAIR C1=0,4,6,1,7,3,5,8,2,9 C2=0,5,2,6,8,3,9,1,4,7
I?qvUpuNO PAIR C1=0,4,9,2,8,5,3,7,1,6 C2=0,5,2,6,4,1,8,3,9,7
I?qvTpun? PAIR C1=0,4,6,8,5,3,9,2,7 C2=0,5,9,4,7,3,8,2,6
I?qvTpumO PAIR C1=0,4,6,8,2,5,3,9,7 C2=0,5,8,3,7,4,9,2,6
I?qvTpuVO PAIR C1=0,4,6,2,5,3,8,1,9,7 C2=0,5,8,2,7,3,9,4,1,6
I?qvTptz? PAIR C1=0,5,2,6,4,9,1,8,7 C2=0,6,1,4,7,2,8,5,9
I?qvTptm_ PAIR C1=0,4,6,9,2,8,7,3,5 C2=0,6,2,5,8,3,9,4,7
I?qvTptV_ PAIR C1=0,5,2,7,4,1,8,3,9,6 C2=0,4,9,1,6,2,8,5,3,7
I?qvRrs}? PAIR C1=0,5,2,7,4,6,1,8,3,9 C2=0,4,9,1,7,3,5,8,2,6
I?qvRrsz? PAIR C1=0,5,2,8,1,9,4,6 C2=0,4,1,6,2,9,5,8
I?qvRrsv? PAIR C1=0,8,3,5,2,7,4,6,1,9 C2=0,4,1,7,3,9,5,8,2,6
I?qvRrs^? PAIR C1=0,5,3,8,1,9,4,7,2,6 C2=0,4,6,1,7,3,9,5,2,8
I?qvRrs{_ PAIR C1=0,5,8,3,7,2,6,4,1,9 C2=0,4,7,1,6,9,3,5,2,8
I?qvRrsy_ NOPAIR
I?qvRrsu_ PAIR C1=0,5,8,3,7,2,6,4,1,9 C2=0,4,7,1,8,2,5,3,9,6
I?qvRrsm_ PAIR C1=0,5,8,3,7,2,6,1,4,9 C2=0,4,7,1,8,2,5,3,9,6
I?qvRrs]_ PAIR C1=0,4,1,9,6,2,7,3,8,5 C2=0,6,1,7,4,9,3,5,2,8
I?qvRrsx_ NOPAIR
I?qvRrsr_ NOPAIR
I?qvRrsZ_ PAIR C1=0,4,6,1,9,2,8,5 C2=0,6,2,5,9,4,1,8
I?qvRrsV_ PAIR C1=0,5,2,8,3,9,1,7,4,6 C2=0,4,9,5,3,7,2,6,1,8
I?qvRrsN_ PAIR C1=1,7,4,6,9,3,5,2,8 C2=1,4,9,5,8,3,7,2,6
I?qvRrs{O PAIR C1=0,5,2,8,3,7,4,6,1,9 C2=0,4,1,8,5,3,9,7,2,6
I?qvRrsyO NOPAIR
I?qvRrsuO PAIR C1=0,4,6,1,9,7,3,8,2,5 C2=0,6,2,7,1,4,9,3,5,8
I?qvRrsmO PAIR C1=0,4,9,7,1,6,2,8,3,5 C2=0,6,4,1,8,5,2,7,3,9
I?qvRrs]O PAIR C1=0,4,9,7,1,6,2,8,3,5 C2=0,6,4,1,9,3,7,2,5,8
I?qvRrsxO NOPAIR
I?qvRrstO PAIR C1=0,6,2,5,9,3,7,4,1,8 C2=0,4,6,1,9,7,2,8,3,5
I?qvRrsrO PAIR C1=0,6,2,7,1,4,9,5,8 C2=0,5,2,8,1,6,4,7,9
I?qvRrsjO PAIR C1=0,6,2,7,1,4,9,5,8 C2=0,5,2,8,1,6,4,7,9
I?qvRrsZO PAIR C1=0,4,9,5,8,2,7,1,6 C2=0,5,2,6,4,7,9,1,8
I?qvRrsfO PAIR C1=0,5,8,2,7,1,6,4,9 C2=0,6,2,5,9,7,4,1,8
I?qvRrsVO PAIR C1=0,4,9,5,8,2,7,1,6 C2=0,5,2,6,4,7,9,1,8
I?qvRrsNO PAIR C1=0,5,3,9,4,6,1,7,2,8 C2=0,4,1,8,3,7,9,5,2,6
I?qvRrswo NOPAIR
I?qvRrsso PAIR C1=0,4,7,9,3,5,2,8,1,6 C2=0,5,8,3,7,2,6,4,1,9
I?qvRrsko PAIR C1=0,4,7,9,3,5,2,8,1,6 C2=0,5,8,3,7,1,4,6,2,9
I?qvRrsio NOPAIR
I?qvRrseo PAIR C1=0,4,7,9,6,2,8,3,5 C2=0,6,4,9,3,7,2,5,8
I?qvRrsMo PAIR C1=0,4,7,9,6,2,8,3,5 C2=0,6,4,9,3,7,2,5,8
I?qvRrspo PAIR C1=0,5,2,6,9,7,4,1,8 C2=0,4,6,1,7,2,8,5,9
I?qvRrsRo PAIR C1=0,5,2,6,9,7,4,1,8 C2=0,4,9,5,8,2,7,1,6
I?qvRrsJo PAIR C1=0,5,2,6,9,7,4,1,8 C2=0,4,9,5,8,2,7,1,6
I?qvRrsFo PAIR C1=0,5,2,6,9,7,4,1,8 C2=0,4,9,5,8,2,7,1,6
I?qvRpu^? PAIR C1=1,6,4,7,2,5,9,3,8 C2=1,4,9,2,6,8,5,3,7
I?qvRpufO PAIR C1=0,4,6,1,8,3,9,7,2,5 C2=0,6,2,8,5,3,7,1,4,9
I?qrtrs}? PAIR C1=0,8,5,3,6,2,7,4,1,9 C2=0,5,2,8,1,6,4,9,3,7
I?qrtrsn? NOPAIR
I?qrtrs{_ PAIR C1=0,7,2,6,4,1,8,3,9 C2=0,4,7,3,6,1,9,2,8
I?qrtrsy_ PAIR C1=0,7,3,5,8,1,4,6,2,9 C2=0,5,2,7,4,9,1,6,3,8
I?qrtrsm_ NOPAIR
I?qrtrs]_ PAIR C1=0,4,7,3,5,2,6,9,1,8 C2=0,5,8,3,6,1,4,9,2,7
I?qrtrsr_ PAIR C1=0,5,3,6,1,8,2,7,4,9 C2=0,4,1,9,6,2,5,8,3,7
I?qrtrsj_ PAIR C1=0,8,5,2,6,3,7,4,9 C2=0,4,6,9,5,3,8,2,7
I?qrtrsZ_ PAIR C1=0,7,2,9,4,6,3,5,8 C2=0,4,7,3,8,2,6,9,5
I?qrtrsN_ PAIR C1=0,7,2,9,4,6,3,5,8 C2=0,4,7,3,8,2,6,9,5
I?qrtrsmO PAIR C1=0,8,2,5,3,7,9 C2=0,5,8,3,9,2,7
I?qrtrslO PAIR C1=0,8,2,5,3,7,9 C2=0,5,8,3,9,2,7
I?qrtrs\O PAIR C1=0,4,6,3,5,8,1,9,2,7 C2=0,5,2,6,1,4,7,9,3,8
I?qrtrsZO PAIR C1=0,4,6,3,5,8,1,9,2,7 C2=0,5,2,6,1,4,9,7,3,8
I?qrtrsNO NOPAIR
I?qrtrswo PAIR C1=0,8,3,5,2,6,1,4,7,9 C2=0,4,6,3,7,2,9,1,8,5
I?qrtrsko PAIR C1=0,5,8,2,7,3,9 C2=0,7,9,2,5,3,8
I?qrtrs[o PAIR C1=0,4,1,8,5,3,9,6,2,7 C2=0,5,2,9,1,6,4,7,3,8
I?qrtrsqo PAIR C1=0,5,3,6,4,9,1,8,2,7 C2=0,4,1,6,2,5,8,3,7,9
I?qrtrsio PAIR C1=0,5,3,6,9,4,7,2,8 C2=0,4,6,2,5,8,3,7,9
I?qrtrsYo PAIR C1=0,5,2,8,3,6,9,4,7 C2=0,4,6,2,9,7,3,5,8
I?qrtrsMo PAIR C1=0,5,2,8,3,6,9,4,7 C2=0,4,6,2,9,7,3,5,8
I?qrtrspo PAIR C1=0,4,6,9,1,8,5,3,7 C2=0,5,9,7,4,1,6,3,8
I?qrtrsLo NOPAIR
I?qrtrsRo PAIR C1=0,7,4,1,9,6,3,5,8 C2=0,4,6,1,8,3,7,9,5
I?qrtrsJo PAIR C1=0,5,3,8,2,6,4,9,7 C2=0,4,7,3,6,9,2,5,8
I?qrtrkl_ PAIR C1=0,4,8,2,7,3,6,9,5 C2=0,7,4,6,2,9,3,5,8
I?qrtrkTo PAIR C1=1,4,8,2,7,9,5,3,6 C2=1,8,5,2,6,4,7,3,9
I?qrtp{\O PAIR C1=1,4,8,2,7,9,5,3,6 C2=1,8,5,2,6,4,7,3,9
I?qrtp{po PAIR C1=0,4,1,8,3,6,2,7,9,5 C2=0,7,3,5,2,8,4,6,1,9
I?qrtrq}? PAIR C1=0,4,9,2,7,3,6,8 C2=0,7,4,6,2,8,3,9
I?qrtrqn? PAIR C1=0,4,9,2,7,3,6,8 C2=0,7,4,6,2,8,3,9
I?qrtrqmO PAIR C1=0,4,9,2,7,3,6,8 C2=0,7,4,6,2,8,3,9
I?qrtrqNO PAIR C1=0,4,6,2,8,3,7,9,5 C2=0,7,4,9,2,5,3,6,8
I?qrtptr_ PAIR C1=0,4,6,2,7,3,8,1,9,5 C2=0,7,8,2,5,3,6,1,4,9
I?qrrrs}? PAIR C1=0,5,3,8,1,6,4,7,2,9 C2=0,4,9,1,7,3,6,2,5,8
I?qrrrsz? PAIR C1=0,5,3,8,1,6,4,7,2,9 C2=0,4,9,1,7,3,6,2,5,8
I?qrrrsn? PAIR C1=0,5,2,7,4,6,1,8,3,9 C2=0,4,1,7,3,6,2,9,5,8
I?qrrrs^? NOPAIR
I?qrrrsm_ PAIR C1=0,5,8,3,7,1,4,6,2,9 C2=0,4,7,2,5,3,9,6,1,8
I?qrrrs]_ NOPAIR
I?qrrrs\_ NOPAIR
I?qrrrsr_ PAIR C1=0,4,9,1,7,2,6,3,5,8 C2=0,5,2,8,3,7,4,1,6,9
I?qrrrsj_ PAIR C1=0,4,9,2,7,1,6,3,8,5 C2=0,8,1,4,7,3,5,2,6,9
I?qrrrsZ_ PAIR C1=1,6,3,8,2,5,9,4,7 C2=1,4,6,9,2,7,3,5,8
I?qrrrsN_ PAIR C1=1,6,3,8,2,5,9,4,7 C2=1,4,6,9,2,7,3,5,8
I?qrrrswo PAIR C1=0,4,7,1,9,2,6,3,5,8 C2=0,5,2,7,3,8,1,4,6,9
I?qrrrsko PAIR C1=0,4,7,1,6,2,9,3,5,8 C2=0,5,2,7,3,8,1,4,6,9
I?qrrrs[o NOPAIR
I?qrrrsio PAIR C1=0,4,9,2,6,1,7,3,5,8 C2=0,5,2,7,4,1,8,3,6,9
I?qrrrsMo NOPAIR
I?qrrrsLo NOPAIR
I?qrrrsbo PAIR C1=0,4,1,8,2,7,3,6,9,5 C2=0,8,3,5,2,6,1,7,4,9
I?qrrrsRo PAIR C1=1,4,6,3,7,2,8,5,9 C2=1,7,4,9,6,2,5,3,8
I?qrrrsJo PAIR C1=1,4,6,3,8,5,9,2,7 C2=1,6,9,4,7,3,5,2,8
I?qrrq{\_ PAIR C1=1,4,6,2,7,3,8,5,9 C2=1,6,9,3,5,2,8,4,7
I?qrrq{ko PAIR C1=0,4,6,9,3,7,2,5,8 C2=0,5,3,6,2,8,4,7,9
I?qrrq{po PAIR C1=0,4,6,9,5,2,7,3,8 C2=0,5,3,6,2,8,4,7,9
I?qvN`{}? PAIR C1=0,4,9,3,5,8,1,7,2,6 C2=0,7,3,8,4,1,6,5,2,9
I?qvN`{wo NOPAIR
I?qvN`xz? NOPAIR
I?qvN`xx_ NOPAIR
I?qvNRwTo PAIR C1=0,4,7,9,6,1,8,2,5 C2=0,7,2,6,5,9,1,4,8
I?qvNP{}? PAIR C1=0,4,7,1,8,2,6,5 C2=0,6,1,4,8,5,2,7
I?qvNPy}? PAIR C1=0,4,9,2,8,6,1,7 C2=0,6,2,7,4,8,1,9
I?qvNPytO PAIR C1=0,4,1,8,2,6,5,9,7 C2=0,5,2,7,4,8,6,1,9
I?qvMp{{O PAIR C1=0,4,7,1,6,5,2,8,3,9 C2=0,6,2,9,1,4,8,5,3,7
I?qvMp{qo NOPAIR
I?qvMp{Mo PAIR C1=0,6,9,4,1,8,5,3,7 C2=0,4,8,3,9,7,1,6,5
I?qvMpyxO PAIR C1=0,6,2,5,9,1,8,4,7 C2=0,4,1,7,9,2,8,6,5
I?qvMpyNO PAIR C1=0,5,9,4,1,7,3,8,6 C2=0,4,8,1,6,5,3,9,7
I?qvMpx|? PAIR C1=0,6,2,8,1,4,7,3,5,9 C2=0,4,8,3,9,2,5,6,1,7
I?qvMpxN_ PAIR C1=0,4,1,7,8,3,5,9,6 C2=0,5,6,1,8,4,9,3,7
I?qvLp{m_ PAIR C1=0,4,8,5,6,2,9,3,7 C2=0,5,3,8,2,7,4,9,6
I?qvLp{Uo PAIR C1=0,4,1,9,6,2,5,8,3,7 C2=0,5,3,9,4,7,2,8,1,6
I?qvLpyn? PAIR C1=0,4,9,2,8,6,5,3,7 C2=0,5,9,3,8,4,7,2,6
I?qvLpyVO PAIR C1=0,4,9,1,6,8,2,5,3,7 C2=0,5,9,3,8,1,4,7,2,6
I?qvLpxV_ PAIR C1=0,6,9,1,4,8,2,5,3,7 C2=0,4,7,2,6,1,8,3,9,5
I?qvJrw}? PAIR C1=0,4,7,3,8,2,5,6,1,9 C2=0,5,3,9,4,8,1,7,2,6
I?qvJrw|? PAIR C1=0,8,2,6,5,3,7,4,1,9 C2=0,4,8,3,9,5,2,7,1,6
I?qvJrwz? PAIR C1=0,5,6,2,9,1,4,8 C2=0,4,9,5,2,8,1,6
I?qvJrw^? PAIR C1=0,5,6,2,9,1,4,8 C2=0,4,9,5,2,8,1,6
I?qvJrw{_ PAIR C1=0,4,1,7,3,8,2,9,6,5 C2=0,6,1,9,3,5,2,7,4,8
I?qvJrwy_ NOPAIR
I?qvJrwm_ PAIR C1=0,4,1,7,3,8,2,5,6,9 C2=0,5,3,9,2,7,4,8,1,6
I?qvJrw]_ PAIR C1=0,4,7,3,9,1,8,2,6,5 C2=0,6,9,4,1,7,2,5,3,8
I?qvJrwx_ NOPAIR
I?qvJrwr_ NOPAIR
I?qvJrwZ_ PAIR C1=0,4,8,1,9,2,6,5 C2=0,6,1,4,9,5,2,8
I?qvJrwV_ PAIR C1=1,7,4,9,3,5,6,2,8 C2=1,4,8,3,7,2,5,9,6
I?qvJrwN_ PAIR C1=1,7,4,9,3,5,6,2,8 C2=1,4,8,3,7,2,5,9,6
I?qvJrw{O PAIR C1=0,5,3,9,7,4,1,8,2,6 C2=0,4,8,3,7,2,5,6,1,9
I?qvJrwxO NOPAIR
I?qvJrwtO PAIR C1=0,4,8,2,5,9,3,7,1,6 C2=0,8,3,5,6,2,7,4,1,9
I?qvJrwrO PAIR C1=0,5,2,8,4,9,7,1,6 C2=0,8,1,4,7,2,6,5,9
I?qvJrwjO PAIR C1=0,5,2,8,4,9,7,1,6 C2=0,8,1,4,7,2,6,5,9
I?qvJrwZO PAIR C1=0,5,2,8,4,9,7,1,6 C2=0,4,7,2,6,5,9,1,8
I?qvJrwNO PAIR C1=0,4,9,3,7,1,8,2,6,5 C2=0,6,1,4,7,9,2,5,3,8
I?qvJrwwo PAIR C1=0,4,8,1,7,2,6,9 C2=0,6,1,4,7,9,2,8
I?qvJrwso PAIR C1=0,4,8,1,7,2,5,3,9,6 C2=0,5,6,2,8,3,7,4,1,9
I?qvJrwko PAIR C1=0,4,8,1,7,2,5,3,9,6 C2=0,5,6,1,4,7,3,8,2,9
I?qvJrwio PAIR C1=0,4,1,8,2,7,9,6 C2=0,8,4,7,1,6,2,9
I?qvJrweo PAIR C1=0,6,1,7,3,5,2,8,4,9 C2=0,4,1,8,3,9,7,2,6,5
I?qvJrwMo PAIR C1=0,5,3,7,1,8,4,9,2,6 C2=0,4,1,6,5,2,7,9,3,8
I?qvJrwpo PAIR C1=0,4,7,1,8,2,6,9,5 C2=0,6,5,2,7,9,1,4,8
I?qvJrwho PAIR C1=0,4,7,2,8,1,6,9,5 C2=0,6,5,2,9,7,1,4,8
I?qvJrwXo PAIR C1=0,4,7,2,8,1,6,9,5 C2=0,6,5,2,9,7,1,4,8
I?qvJrwbo PAIR C1=0,4,8,1,7,2,6,9,5 C2=0,8,2,5,6,1,4,7,9
I?qvJrwRo PAIR C1=0,4,7,1,8,2,6,9,5 C2=0,6,5,2,7,9,1,4,8
I?qvJrwJo PAIR C1=0,4,8,1,7,2,9,6,5 C2=0,6,1,4,7,9,5,2,8
I?qvJrwFo PAIR C1=0,4,9,6,2,7,1,8,3,5 C2=0,6,1,4,7,3,9,5,2,8
I?qvJri^? PAIR C1=0,5,6,2,9,4,1,8 C2=0,4,8,2,5,9,1,6
I?qvJri{O PAIR C1=0,8,4,7,1,6,2,9 C2=0,4,1,9,7,2,8,6
I?qvJpy^? PAIR C1=1,4,8,6,2,9,5,3,7 C2=1,6,5,2,7,4,9,3,8
I?qtn`x|? NOPAIR
I?qtn`xn? NOPAIR
I?qtn`xl_ NOPAIR
I?qtnP{y_ PAIR C1=0,5,6,9,4,1,8,2,7 C2=0,6,2,5,8,4,7,1,9
I?qtnP{mO PAIR C1=0,4,7,9,3,8,2,5,6 C2=0,7,2,6,3,5,8,4,9
I?qtnP{Uo PAIR C1=0,4,7,9,6,2,8,3,5 C2=0,6,3,9,4,8,5,2,7
I?qtnPxn? PAIR C1=0,4,9,3,8,7,2,6,5 C2=0,6,3,5,9,2,8,4,7
I?qtnPxV_ PAIR C1=0,5,2,6,9,4,1,8,7 C2=0,4,8,2,7,1,9,5,6
I?qtlrw\O NOPAIR
I?qtlp{}? PAIR C1=0,4,8,5,2,7,3,9 C2=0,5,3,8,2,9,4,7
I?qtjrw}? PAIR C1=0,8,2,5,6,3,7,1,4,9 C2=0,5,3,9,1,8,4,7,2,6
I?qtjrw|? PAIR C1=0,6,2,5,3,9,1,7,4,8 C2=0,4,1,8,2,7,3,6,5,9
I?qtjrwz? PAIR C1=0,6,3,5,2,9,1,7,4,8 C2=0,4,1,8,3,7,2,6,5,9
I?qtjrwn? NOPAIR
I?qtjrw^? PAIR C1=0,5,2,9,1,8,4,7,3,6 C2=0,4,1,7,2,6,5,9,3,8
I?qtjrwx_ PAIR C1=0,5,3,6,2,7,4,8,1,9 C2=0,4,1,7,3,8,2,9,5,6
I?qtjrwl_ NOPAIR
I?qtjrw\_ PAIR C1=0,5,3,9,1,8,4,7,2,6 C2=0,4,1,7,3,6,5,9,2,8
I?qtjrwZ_ PAIR C1=0,4,7,2,9,1,8,3,5,6 C2=0,5,9,4,1,7,3,6,2,8
I?qtjrwN_ NOPAIR
I?qtjrw{O PAIR C1=0,4,8,3,9,1,7,2,6,5 C2=0,6,3,5,2,8,1,4,7,9
I?qtjrwmO NOPAIR
I?qtjrw]O PAIR C1=0,4,1,7,9,3,8,2,5,6 C2=0,5,3,6,2,7,4,9,1,8
I?qtjrwxO PAIR C1=0,5,2,9,7,1,4,8,3,6 C2=0,4,7,3,5,6,2,8,1,9
I?qtjrwlO NOPAIR
I?qtjrw\O PAIR C1=0,5,2,9,7,1,4,8,3,6 C2=0,4,7,2,6,5,3,9,1,8
I?qtjrwjO PAIR C1=0,4,9,7,3,8,2,5,6 C2=0,8,4,7,2,6,3,5,9
I?qtjrwZO PAIR C1=0,4,9,7,3,8,2,6,5 C2=0,6,3,5,9,2,7,4,8
I?qtjrwNO PAIR C1=0,4,9,7,3,8,2,6,5 C2=0,6,3,5,9,2,7,4,8
I?qtjrwpo PAIR C1=0,4,7,9,1,8,3,5,6 C2=0,5,9,6,3,7,1,4,8
I?qtjrwLo NOPAIR
I?qtjrwbo PAIR C1=0,4,8,3,5,2,7,9,6 C2=0,5,9,4,7,3,6,2,8
I?qtjrwRo PAIR C1=0,4,8,3,5,2,7,9,6 C2=0,5,9,4,7,3,6,2,8
I?qtjrwJo PAIR C1=0,4,8,3,5,2,7,9,6 C2=0,5,9,4,7,3,6,2,8
I?qtjrkUo PAIR C1=0,5,2,6,9,7,4,1,8 C2=0,4,9,1,7,2,8,5,6
I?qtjpxr_ PAIR C1=1,4,7,3,8,2,5,6,9 C2=1,7,2,6,3,5,9,4,8
I?qrnbw}? NOPAIR
I?qrnbw|? PAIR C1=0,8,1,7,3,6,2,5,9 C2=0,5,6,1,9,3,8,2,7
I?qrnbwz? PAIR C1=0,5,9,2,6,3,7,1,8 C2=0,7,2,8,3,5,6,1,9
I?qrnbw^? PAIR C1=0,4,9,5,3,7,1,6,2,8 C2=0,5,6,3,8,4,1,9,2,7
I?qrnbwx_ PAIR C1=0,8,1,6,2,7,3,5,9 C2=0,5,6,3,8,2,9,1,7
I?qrnbwl_ NOPAIR
I?qrnbwr_ PAIR C1=0,7,2,5,9,4,1,6,3,8 C2=0,4,8,2,6,5,3,7,1,9
I?qrnbw{O PAIR C1=0,5,2,8,1,6,3,9,7 C2=0,8,3,5,6,2,7,1,9
I?qrnbwxO PAIR C1=0,7,9,2,5,3,6,1,8 C2=0,5,6,2,8,3,7,1,9
I?qrnbwlO NOPAIR
I?qrnbw\O NOPAIR
I?qrnbwZO PAIR C1=0,5,3,8,4,9,2,6,1,7 C2=0,4,1,9,7,3,6,5,2,8
I?qrnbwNO PAIR C1=0,5,3,9,4,8,1,6,2,7 C2=0,4,1,7,9,2,5,6,3,8
I?qrnbwpo PAIR C1=0,7,1,6,2,8,3,5,9 C2=0,5,2,7,3,6,9,1,8
I?qrnbwLo NOPAIR
I?qrnbk{_ PAIR C1=0,7,2,9,3,5,6,1,8 C2=0,5,8,2,6,3,7,1,9
I?qrnbp^? NOPAIR
I?qrnRw}? PAIR C1=0,4,9,3,8,1,7,2,6,5 C2=0,7,4,8,2,5,3,6,1,9
I?qrnRw|? PAIR C1=0,4,1,8,3,9,5,6,2,7 C2=0,8,4,7,1,6,3,5,2,9
I?qrnRwz? NOPAIR
I?qrnRwn? PAIR C1=0,4,1,8,3,6,5,9,2,7 C2=0,8,4,7,1,6,2,5,3,9
I?qrnRw^? PAIR C1=0,4,1,9,5,6,3,8,2,7 C2=0,5,3,9,2,6,1,7,4,8
I?qrnRwx_ NOPAIR
I?qrnRwt_ PAIR C1=0,5,2,6,9,3,8,4,1,7 C2=0,4,7,2,8,1,6,3,5,9
I?qrnRwr_ PAIR C1=0,5,2,6,9,4,8,1,7 C2=0,8,2,7,4,1,6,5,9
I?qrnRwj_ PAIR C1=0,5,2,6,9,4,8,1,7 C2=0,8,2,7,4,1,6,5,9
I?qrnRwf_ PAIR C1=0,5,2,6,9,4,8,1,7 C2=0,8,2,7,4,1,6,5,9
I?qrnRwN_ PAIR C1=0,7,2,5,6,1,4,9,3,8 C2=0,4,7,1,8,2,9,6,3,5
I?qrnRw{O PAIR C1=0,4,1,7,9,3,8,2,6,5 C2=0,8,4,7,2,5,3,6,1,9
I?qrnRwxO NOPAIR
I?qrnRwtO PAIR C1=0,4,1,7,9,3,8,2,6,5 C2=0,8,4,7,2,5,3,6,1,9
I?qrnRw\O PAIR C1=0,4,8,3,6,1,7,9,2,5 C2=0,7,4,1,9,3,5,6,2,8
I?qrnRwZO NOPAIR
I?qrnRwVO PAIR C1=0,5,3,6,2,8,1,4,9,7 C2=0,4,7,2,5,6,1,9,3,8
I?qrnRwNO PAIR C1=0,5,3,6,2,8,1,4,9,7 C2=0,4,7,1,6,5,2,9,3,8
I?qrnRwpo PAIR C1=0,5,2,8,4,1,6,9,7 C2=0,4,7,2,6,5,9,1,8
I?qrnRwbo PAIR C1=0,5,9,6,2,7,4,1,8 C2=0,4,8,2,5,6,1,7,9
I?qrnRwJo PAIR C1=0,5,2,9,6,1,7,4,8 C2=0,4,1,8,2,6,5,9,7
I?qrnRwFo PAIR C1=0,5,9,6,3,8,4,1,7 C2=0,4,7,9,3,5,6,1,8
I?qrnRpx_ PAIR C1=0,7,2,5,9,6,1,8 C2=0,5,6,2,8,7,1,9
I?qrnRXN_ PAIR C1=0,4,1,7,2,5,9,6,3,8 C2=0,5,3,9,2,6,1,8,4,7
I?qrlrw}? PAIR C1=0,5,2,7,3,6,1,8,4,9 C2=0,7,4,1,9,2,6,5,3,8
I?qrlrw|? PAIR C1=0,4,7,3,8,1,6,5,2,9 C2=0,7,2,6,3,5,9,1,4,8
I?qrlrwz? PAIR C1=0,4,7,3,8,1,6,5,2,9 C2=0,7,2,6,3,5,9,1,4,8
I?qrlrwn? PAIR C1=0,5,2,9,3,8,4,7 C2=0,4,9,5,3,7,2,8
I?qrlrw^? PAIR C1=0,5,2,9,3,8,4,7 C2=0,4,9,5,3,7,2,8
I?qrlrw{_ PAIR C1=0,4,7,3,6,5,2,9,1,8 C2=0,5,3,9,6,1,4,8,2,7
I?qrlrwy_ PAIR C1=0,5,6,3,8,4,1,9,2,7 C2=0,4,7,3,5,2,8,1,6,9
I?qrlrwm_ NOPAIR
I?qrlrw]_ PAIR C1=0,4,9,1,8,3,7,2,6,5 C2=0,7,4,1,6,9,3,5,2,8
I?qrlrwl_ NOPAIR
I?qrlrwr_ PAIR C1=0,4,9,6,1,8,3,5,2,7 C2=0,5,9,1,4,7,3,6,2,8
I?qrlrwj_ PAIR C1=0,7,4,9,6,2,5,3,8 C2=0,4,8,2,7,3,6,5,9
I?qrlrwZ_ PAIR C1=0,4,9,6,1,8,2,5,3,7 C2=0,5,9,1,4,7,2,6,3,8
I?qrlrwN_ PAIR C1=0,7,4,9,3,6,5,2,8 C2=0,4,8,3,7,2,6,9,5
I?qrlrw{O PAIR C1=0,8,1,4,7,2,5,6,3,9 C2=0,4,8,2,6,1,9,7,3,5
I?qrlrwmO NOPAIR
I?qrlrw]O PAIR C1=0,4,9,7,3,6,1,8,2,5 C2=0,7,2,6,5,3,9,1,4,8
I?qrlrwlO NOPAIR
I?qrlrw\O PAIR C1=0,5,6,1,4,7,2,9,3,8 C2=0,4,8,1,9,5,2,6,3,7
I?qrlrwZO PAIR C1=0,5,2,9,4,8,1,6,3,7 C2=0,4,1,9,7,2,6,5,3,8
I?qrlrwNO PAIR C1=0,7,3,5,2,9,4,8 C2=0,4,7,2,8,3,9,5
I?qrlrwwo PAIR C1=0,5,2,7,4,8,3,6,1,9 C2=0,4,1,8,2,9,6,5,3,7
I?qrlrwko NOPAIR
I?qrlrw[o PAIR C1=0,5,2,7,4,1,6,9,3,8 C2=0,4,8,1,9,2,6,5,3,7
I?qrlrwqo PAIR C1=0,4,9,6,5,2,7,3,8 C2=0,5,3,6,2,8,4,7,9
I?qrlrwio PAIR C1=0,4,9,6,5,2,7,3,8 C2=0,5,3,6,2,8,4,7,9
I?qrlrwYo PAIR C1=0,4,7,9,2,8,3,6,5 C2=0,7,3,5,2,6,9,4,8
I?qrlrwMo PAIR C1=0,4,7,9,2,8,3,6,5 C2=0,7,3,5,2,6,9,4,8
I?qrlrwLo NOPAIR
I?qrlrwbo PAIR C1=0,5,6,2,7,3,8,4,9 C2=0,4,7,9,6,3,5,2,8
I?qrlrwRo PAIR C1=0,4,1,8,3,5,6,9,7 C2=0,5,9,1,6,3,7,4,8
I?qrlrwJo PAIR C1=0,5,6,3,8,4,9,2,7 C2=0,4,7,3,5,9,6,2,8
I?qrlq{]O NOPAIR
I?qrlpymO PAIR C1=0,5,3,6,2,8,4,7,9 C2=0,4,9,2,5,6,8,3,7
I?qrlpyrO PAIR C1=0,5,3,8,4,9,1,6,2,7 C2=0,4,1,8,2,5,6,3,7,9
I?qrlrpn? PAIR C1=0,5,3,9,2,7,8 C2=0,7,3,8,2,5,9
I?qrlrp{_ NOPAIR
I?qrlrpm_ NOPAIR
I?qrlrhV_ PAIR C1=0,4,9,5,6,1,8,2,7 C2=0,5,2,6,9,1,4,7,8
I?qrlqx^? PAIR C1=0,4,8,3,7,2,9,5 C2=0,7,4,9,3,5,2,8
I?qrlqx{_ NOPAIR
I?qrlpx^? PAIR C1=1,4,8,7,3,5,9,2,6 C2=1,8,3,6,5,2,7,4,9
I?qrlpxr_ PAIR C1=0,4,8,7,3,5,6,1,9 C2=0,5,9,6,3,8,1,4,7
I?quZrsMo PAIR C1=0,4,6,1,8,3,7,9,2,5 C2=0,6,5,3,9,4,1,7,2,8
I?rLfd{N_ PAIR C1=0,5,1,4,9,6,2,8,3,7 C2=0,4,5,8,1,7,2,9,3,6
I?rLbvsy_ PAIR C1=0,8,2,6,7,1,5,4,9 C2=0,5,8,1,4,7,2,9,6
I?rLbvsN_ PAIR C1=0,4,5,9,3,6,7,2,8 C2=0,5,8,3,7,4,9,2,6
I?qnFpu}? PAIR C1=0,5,4,1,6,8,2,7 C2=0,4,7,1,8,5,2,6
I?qnFput_ PAIR C1=0,5,4,1,6,8,2,7 C2=0,4,7,1,8,5,2,6
I?qmfpu|? PAIR C1=0,5,4,1,6,8,2,9,3,7 C2=0,4,7,2,5,9,1,8,3,6
I?qmfput_ PAIR C1=0,5,4,1,8,6,9,3,7 C2=0,4,7,1,6,3,8,5,9
I?qmfpur_ NOPAIR
I?qmfpuN_ PAIR C1=0,5,4,9,2,8,1,7,3,6 C2=0,4,1,6,9,3,8,5,2,7
I?qmfhyN_ PAIR C1=0,5,9,3,7,2,8,4,1,6 C2=0,4,5,2,9,6,3,8,1,7
I?qmbzq|? PAIR C1=0,4,5,2,8,6,1,7,3,9 C2=0,5,9,2,7,4,1,8,3,6
I?qmbzqN_ PAIR C1=0,4,1,6,9,5,2,7,3,8 C2=0,5,4,7,1,8,2,9,3,6
I?qjfrsz? PAIR C1=0,4,9,1,7,2,5,8 C2=0,5,9,2,8,1,4,7
I?qjfre}? PAIR C1=0,5,2,7,4,9,1,8 C2=0,7,1,4,5,8,2,9
I?qjfret_ PAIR C1=0,4,7,2,5,9,1,6,8 C2=0,7,1,4,5,8,2,6,9
I?qjezqN_ PAIR C1=0,5,2,9,4,7,1,6,8 C2=0,4,1,8,2,6,9,5,7
I?qjbzq^? PAIR C1=1,6,8,3,7,2,5,4,9 C2=1,4,7,5,9,3,6,2,8
I?qjbzqZ_ NOPAIR
I?qjbzqf_ PAIR C1=0,4,5,2,7,1,6,9,3,8 C2=0,5,7,3,6,2,8,1,4,9
I?qjffwy_ PAIR C1=0,8,2,6,7,1,4,9 C2=0,4,8,1,6,9,2,7
I?qjffwx_ NOPAIR
I?qjffk^? NOPAIR
I?qjevsN_ PAIR C1=0,5,4,9,3,6,7,1,8 C2=0,4,1,6,9,5,8,3,7
I?qjdvsm_ PAIR C1=0,4,7,2,5,8,3,6,9 C2=0,5,4,9,3,7,6,2,8
I?qjdvsV_ PAIR C1=0,4,7,6,1,9,5,2,8 C2=0,5,8,1,4,9,6,2,7
I?qjbvs^? PAIR C1=1,4,7,6,3,8,2,5,9 C2=1,6,2,7,3,9,4,5,8
I?qjbvsf_ PAIR C1=1,4,7,3,8,2,5,9,6 C2=1,7,2,6,3,9,4,5,8
I?qnf`{z? NOPAIR
I?qnf`{^? PAIR C1=0,4,9,5,2,7,3,8,1,6 C2=0,5,4,8,2,6,3,9,1,7
I?qnf`{{_ PAIR C1=0,5,2,7,3,8,4,1,6,9 C2=0,4,5,8,2,6,3,9,1,7
I?qnf`{y_ PAIR C1=0,5,2,8,4,1,6,9 C2=0,4,5,8,1,9,2,6
I?qnf`{m_ PAIR C1=0,5,2,7,1,4,8,3,6,9 C2=0,4,5,8,1,6,2,9,3,7
I?qnf`{r_ NOPAIR
I?qnf`{Z_ NOPAIR
I?qnf`{f_ PAIR C1=0,7,1,6,2,5,4,8,3,9 C2=0,4,1,8,2,7,3,6,9,5
I?qnf`{wo PAIR C1=0,7,2,8,5,4,1,9 C2=0,4,8,1,7,9,2,5
I?qnf`{qo PAIR C1=0,6,2,8,5,4,9,1,7 C2=0,4,8,1,6,9,7,2,5
I?qnf`{io PAIR C1=0,7,1,6,2,5,8,4,9 C2=0,5,4,1,8,2,7,9,6
I?qnf`{bo PAIR C1=0,7,1,6,2,5,8,4,9 C2=0,5,4,1,8,2,7,9,6
I?qnf`{Fo PAIR C1=0,4,9,7,2,5,8,3,6 C2=0,5,4,8,2,6,9,3,7
I?qnf`yyO PAIR C1=0,4,9,2,6,8,1,7 C2=0,6,1,4,8,2,7,9
I?qnf`yxO PAIR C1=0,4,1,6,8,2,9,5 C2=0,6,2,5,4,8,1,9
I?qnf`m}? PAIR C1=0,4,9,1,8,6,2,5 C2=0,6,1,4,5,8,2,9
I?qnVbs]O PAIR C1=0,5,4,1,9,7,2,8 C2=0,4,9,2,5,8,1,7
I?qnVbsMo PAIR C1=0,5,2,8,1,4,6,9,7 C2=0,6,1,7,2,9,4,5,8
I?qnV`u|? NOPAIR
I?qnV`u^? PAIR C1=1,6,4,5,8,2,9 C2=1,4,9,5,2,6,8
I?qnV`umO PAIR C1=0,6,4,1,8,5,2,7,9 C2=0,5,4,9,2,8,6,1,7
I?qnV`t}? PAIR C1=0,5,8,2,7,1,4,6 C2=0,4,5,2,6,1,8,7
I?qnRjq|? PAIR C1=0,4,1,8,6,2,9,5 C2=0,8,2,5,4,6,1,9
I?qmv`u|? PAIR C1=0,4,1,8,6,3,7,2,9,5 C2=0,6,4,5,2,8,3,9,1,7
I?qmv`tr_ NOPAIR
I?qmrjs{O PAIR C1=0,4,6,1,7,5,2,8,3,9 C2=0,6,3,7,2,9,1,4,5,8
I?qmrjsMo PAIR C1=0,4,9,6,1,8,2,7,5 C2=0,6,4,1,7,9,2,5,8
I?qlv`umO PAIR C1=0,4,9,3,6,8,5,2,7 C2=0,5,4,6,2,8,3,7,9
I?qlrjwTo PAIR C1=0,5,4,1,8,3,9,7,2,6 C2=0,4,6,3,7,1,9,5,2,8
I?qlrjqVO PAIR C1=0,5,4,1,8,3,9,7,2,6 C2=0,4,6,3,7,1,9,5,2,8
I?qlrjp}? PAIR C1=0,6,3,8,1,7,2,5,4,9 C2=0,5,7,3,9,1,4,6,2,8
I?qjvbw{_ PAIR C1=0,7,2,9,1,4,6,3,8 C2=0,4,8,2,6,1,7,3,9
I?qjvbwwo PAIR C1=0,7,9,2,6,4,1,8 C2=0,4,8,2,7,1,6,9
I?qjvbs}? PAIR C1=0,7,2,5,4,6,1,9,3,8 C2=0,4,9,2,6,3,7,1,8,5
I?qjvbs|? PAIR C1=0,5,4,6,3,9,2,8,1,7 C2=0,4,1,6,2,7,3,8,5,9
I?qjvbsz? NOPAIR
I?qjvbsv? PAIR C1=0,7,1,9,3,6,4,5,2,8 C2=0,4,1,6,2,7,3,8,5,9
I?qjvbs^? PAIR C1=0,5,4,6,3,9,1,7,2,8 C2=0,4,1,6,2,9,5,8,3,7
I?qjvbs{_ PAIR C1=0,4,1,8,5,2,9,6,3,7 C2=0,5,4,6,2,7,1,9,3,8
I?qjvbsy_ PAIR C1=0,4,1,9,6,2,8,5 C2=0,8,1,6,4,5,2,9
I?qjvbsm_ PAIR C1=0,7,2,6,1,4,5,8,3,9 C2=0,5,2,9,4,6,3,7,1,8
I?qjvbsx_ PAIR C1=0,4,5,8,2,6,1,9 C2=0,5,2,9,6,4,1,8
I?qjvbst_ PAIR C1=0,4,5,8,2,6,1,9,3,7 C2=0,8,3,6,4,1,7,2,5,9
I?qjvbsr_ NOPAIR
I?qjvbsZ_ NOPAIR
I?qjvbsV_ PAIR C1=0,5,4,9,3,7,2,6,1,8 C2=0,4,6,3,8,2,5,9,1,7
I?qjvbsN_ PAIR C1=0,7,3,6,1,4,9,2,5,8 C2=0,4,6,2,7,1,8,3,9,5
I?qjvbs{O PAIR C1=0,4,6,1,7,3,9,2,5,8 C2=0,5,4,1,8,3,6,2,7,9
I?qjvbsyO PAIR C1=0,7,2,9,1,4,5,8 C2=0,4,9,7,1,8,2,5
I?qjvbsmO PAIR C1=0,7,3,9,2,5,4,6,1,8 C2=0,5,8,3,6,2,7,1,4,9
I?qjvbs]O PAIR C1=0,7,3,9,2,5,4,6,1,8 C2=0,4,9,1,7,2,6,3,8,5
I?qjvbsxO NOPAIR
I?qjvbsrO NOPAIR
I?qjvbsZO PAIR C1=0,4,9,2,5,8,1,7 C2=0,5,4,1,9,7,2,8
I?qjvbsVO PAIR C1=0,7,3,9,1,6,4,5,2,8 C2=0,4,1,8,3,6,2,7,9,5
I?qjvbsNO PAIR C1=0,4,1,8,5,9,3,6,2,7 C2=0,5,2,9,4,6,1,7,3,8
I?qjvbswo PAIR C1=0,8,1,4,5,2,6,9 C2=0,4,6,1,9,2,8,5
I?qjvbsqo PAIR C1=0,8,5,4,1,7,2,6,9 C2=0,5,2,8,1,6,4,9,7
I?qjvbsio PAIR C1=0,8,5,4,1,7,2,6,9 C2=0,5,2,8,1,6,4,9,7
I?qjvbspo PAIR C1=0,7,2,8,5,4,1,6,9 C2=0,4,6,2,5,9,7,1,8
I?qjvbsho PAIR C1=0,7,2,8,5,4,1,6,9 C2=0,4,6,2,5,9,7,1,8
I?qjvbsbo PAIR C1=0,7,2,8,5,4,1,6,9 C2=0,4,6,2,5,9,7,1,8
I?qjvbsFo PAIR C1=0,4,5,8,1,6,9,3,7 C2=0,5,9,7,1,4,6,3,8
I?qjvbk{_ PAIR C1=0,4,1,6,9,2,5,8 C2=0,5,4,6,2,8,1,9
I?qjvbk{O PAIR C1=0,4,1,7,9,2,8,5 C2=0,7,2,5,4,8,1,9
I?qjva{{_ PAIR C1=0,4,1,7,3,6,9,2,5,8 C2=0,5,4,8,3,9,1,6,2,7
I?qjv`uz? PAIR C1=1,8,5,2,6,4,9 C2=1,4,5,9,2,8,6
I?qjv`u^? PAIR C1=1,8,5,2,6,4,9 C2=1,4,5,9,2,8,6
I?qjvbp}? PAIR C1=0,4,6,1,8,2,7,3,9 C2=0,7,1,4,9,2,6,3,8
I?qjrjwXo NOPAIR
I?qjrjwdo PAIR C1=0,4,6,2,8,3,9,7,5 C2=0,8,4,5,2,7,3,6,9
I?qjrjqZO NOPAIR
I?o~Frq}? NOPAIR
I?o~Fjw|? PAIR C1=0,8,1,4,5,7,2,9 C2=0,4,8,2,5,9,1,7
I?o~Fjwz? PAIR C1=0,8,1,4,5,7,2,9 C2=0,4,8,2,5,9,1,7
I?o~Fjwt_ PAIR C1=0,8,1,4,5,7,3,9 C2=0,4,8,3,5,9,1,7
I?o~Fjq}? PAIR C1=0,4,9,2,5,3,7,1,6,8 C2=0,6,2,8,3,9,1,4,5,7
I?o~Fjq|? NOPAIR
I?o~Fjqz? NOPAIR
I?o~Fji|? PAIR C1=0,7,1,9,2,5,4,8 C2=0,4,1,8,2,7,5,9
I?o~FZq}? NOPAIR
I?o~Evs|? PAIR C1=0,4,5,9,2,8,3,7,1,6 C2=0,8,1,4,7,6,2,5,3,9
I?o~FNw}? NOPAIR
I?o~FNw|? PAIR C1=0,4,5,9,1,8,2,7 C2=0,8,4,1,7,5,2,9
I?o~FNwt_ PAIR C1=0,4,5,9,6,2,7,1,8 C2=0,6,7,5,2,8,4,1,9
I?o~Enwt_ PAIR C1=0,6,9,5,3,7,1,4,8 C2=0,4,5,7,6,1,8,3,9
I?o~EnwN_ PAIR C1=0,6,9,3,7,1,4,5,2,8 C2=0,4,9,2,6,1,8,3,5,7
I?o~fbw}? PAIR C1=0,6,1,4,8,2,7,3,9 C2=0,4,9,2,6,3,8,1,7
I?o~fbw|? PAIR C1=0,7,2,8,3,6,1,9 C2=0,6,2,9,3,7,1,8
I?o~fbwn? PAIR C1=0,6,3,5,2,7,1,8,4,9 C2=0,7,3,9,5,4,1,6,2,8
I?o~fbw{_ PAIR C1=0,6,3,8,2,7,1,9 C2=0,7,3,9,2,6,1,8
I?o~fbwy_ NOPAIR
I?o~fbwm_ PAIR C1=0,7,3,6,2,8,1,4,9 C2=0,4,8,3,9,2,7,1,6
I?o~fbwx_ PAIR C1=0,4,1,6,9,5,2,8,3,7 C2=0,6,3,5,4,8,1,7,2,9
I?o~fbwN_ PAIR C1=0,4,1,7,3,6,9,5,2,8 C2=0,6,1,8,4,5,3,9,2,7
I?o~fbwwo NOPAIR
I?o~fbwko NOPAIR
I?o~fbwqo NOPAIR
I?o~fbwMo PAIR C1=0,6,1,7,2,9,4,8 C2=0,4,1,8,2,6,9,7
I?o~fbwho PAIR C1=0,6,1,4,8,3,5,9,2,7 C2=0,4,5,2,8,1,7,3,6,9
I?o~fbwLo PAIR C1=0,7,3,5,9,2,6,1,4,8 C2=0,4,5,2,7,1,8,3,9,6
I?o~fbwJo PAIR C1=0,6,3,7,1,4,5,9,2,8 C2=0,4,9,6,1,8,3,5,2,7
I?o~fbkn? PAIR C1=0,6,3,7,1,4,5,9,2,8 C2=0,4,9,3,5,8,1,6,2,7
I?o~fbk{_ PAIR C1=0,4,5,2,9,6,3,7,1,8 C2=0,7,2,6,1,4,8,5,3,9
I?o~fbky_ NOPAIR
I?o~fbkx_ NOPAIR
I?o~fbkt_ PAIR C1=0,6,3,5,9,1,8,2,7 C2=0,8,5,2,6,1,7,3,9
I?o~fbkr_ NOPAIR
I?o~fbkj_ NOPAIR
I?o~fbkwo NOPAIR
I?o~fbkso PAIR C1=0,7,2,5,3,9,6,1,4,8 C2=0,4,5,8,2,6,3,7,1,9
I?o~fbkqo NOPAIR
I?o~fbkMo PAIR C1=0,4,9,7,2,8,5,3,6 C2=0,7,3,9,6,2,5,4,8
I?o~fbkpo PAIR C1=0,4,1,6,9,7,2,5,8 C2=0,6,2,8,4,5,9,1,7
I?o~fbkbo PAIR C1=0,4,9,6,1,7,2,5,8 C2=0,6,2,8,1,4,5,9,7
I?o~fbkJo PAIR C1=0,4,9,6,1,7,2,5,8 C2=0,6,2,8,1,4,5,9,7
I?o~fbkFo PAIR C1=0,4,9,6,1,7,2,5,8 C2=0,6,2,8,1,4,5,9,7
I?o~fbq{O PAIR C1=1,7,9,3,6,2,8 C2=1,6,8,3,7,2,9
I?o~faymO PAIR C1=0,6,3,9,7,2,8 C2=0,7,3,8,6,2,9
I?o~fbMNO PAIR C1=0,7,9,4,1,6,3,5,8 C2=0,4,5,9,3,7,1,8,6
I?o~famjO NOPAIR
I?o~famVO PAIR C1=0,4,9,7,3,5,2,6,8 C2=0,6,3,9,5,4,8,2,7
I?o~Vbs}? PAIR C1=0,6,4,9,3,5,2,7,1,8 C2=0,7,3,8,5,4,1,6,2,9
I?o~Vbs|? PAIR C1=0,6,4,1,7,2,9,3,5,8 C2=0,4,5,9,1,6,2,8,3,7
I?o~Vbsz? PAIR C1=0,4,6,2,5,9,1,8 C2=0,6,1,4,5,8,2,9
I?o~Vbsv? PAIR C1=0,8,2,6,4,5,3,7,1,9 C2=0,6,1,4,9,3,8,5,2,7
I?o~Vbs{_ PAIR C1=0,7,3,8,1,4,5,2,6,9 C2=0,4,6,1,7,2,9,3,5,8
I?o~Vbsy_ NOPAIR
I?o~Vbsu_ PAIR C1=0,4,1,8,5,3,7,2,6,9 C2=0,6,4,5,2,8,3,9,1,7
I?o~Vbsx_ PAIR C1=0,6,1,4,5,8,2,9 C2=0,4,6,2,5,9,1,8
I?o~Vbst_ PAIR C1=0,7,2,5,4,6,1,8,3,9 C2=0,4,1,7,3,5,9,6,2,8
I?o~Vbsr_ NOPAIR
I?o~Vbsj_ NOPAIR
I?o~VbsN_ PAIR C1=0,6,4,1,7,3,9,5,2,8 C2=0,4,5,3,8,1,6,9,2,7
I?o~Vbs{O PAIR C1=0,6,4,1,9,3,7,2,5,8 C2=0,4,5,3,8,1,6,2,9,7
I?o~VbsyO NOPAIR
I?o~VbsuO PAIR C1=0,7,1,9,4,6,2,5,3,8 C2=0,6,1,4,5,8,2,7,3,9
I?o~VbsmO PAIR C1=0,8,1,7,3,5,4,6,2,9 C2=0,6,1,4,9,3,8,5,2,7
I?o~VbsxO PAIR C1=0,4,1,8,5,9,2,6 C2=0,8,2,5,4,6,1,9
I?o~VbstO PAIR C1=0,4,5,9,3,7,2,8,1,6 C2=0,8,3,5,2,6,4,1,7,9
I?o~VbsrO PAIR C1=0,6,2,8,5,9,4,1,7 C2=0,8,1,6,4,5,2,7,9
I?o~VbsjO PAIR C1=0,6,2,8,5,9,4,1,7 C2=0,8,1,6,4,5,2,7,9
I?o~VbsfO PAIR C1=0,6,2,8,5,9,4,1,7 C2=0,8,1,6,4,5,2,7,9
I?o~VbsNO PAIR C1=0,6,2,8,1,4,5,9,3,7 C2=0,4,6,1,7,9,2,5,3,8
I?o~Vbswo NOPAIR
I?o~Vbsso PAIR C1=0,7,3,8,2,5,4,6,1,9 C2=0,4,1,8,5,3,9,7,2,6
I?o~Vbsqo NOPAIR
I?o~Vbspo PAIR C1=0,4,6,2,7,1,8,5,9 C2=0,7,9,6,1,4,5,2,8
I?o~VbsFo PAIR C1=0,4,1,7,2,8,5,9,6 C2=0,7,9,4,5,2,6,1,8
I?o~Vben? PAIR C1=0,4,6,8,2,5,9 C2=0,6,2,9,4,5,8
I?o~Vauz? PAIR C1=0,4,6,8,2,5,9 C2=0,6,2,9,4,5,8
I?o~Vbp}? NOPAIR
I?o~Vbpz? NOPAIR
I?o~VJw|? PAIR C1=0,7,5,4,1,9,2,8 C2=0,4,8,1,7,2,5,9
I?o~VJq{O PAIR C1=0,8,2,6,1,7,9 C2=0,6,8,1,9,2,7
I?o~VJp}? NOPAIR
I?o~Ujs{_ PAIR C1=0,6,4,5,3,7,1,9,2,8 C2=0,4,1,8,3,9,6,2,5,7
I?o~Ujsqo NOPAIR
I?o~UjsMo PAIR C1=0,4,9,2,8,5,7,1,6 C2=0,7,9,6,2,5,4,1,8
I?o~Tjwl_ PAIR C1=0,6,2,9,3,7,5,4,8 C2=0,4,6,9,5,3,8,2,7
I?o~TjwxO PAIR C1=0,6,2,8,4,1,9,5,7 C2=0,8,1,6,4,5,2,7,9
I?o~Tjwho NOPAIR
I?o~TjwTo PAIR C1=1,6,4,8,2,5,3,7,9 C2=1,4,5,7,2,6,9,3,8
I?o~Tjqn? PAIR C1=0,4,6,8,2,9,5,3,7 C2=0,6,2,7,5,4,9,3,8
I?o~TjqjO NOPAIR
I?o|vbs}? PAIR C1=0,7,3,6,2,5,8,1,4,9 C2=0,6,4,5,3,9,1,7,2,8
I?o|vbsn? PAIR C1=0,4,5,8,3,6,2,9 C2=0,6,4,9,3,5,2,8
I?o|vbsm_ PAIR C1=0,4,5,8,3,6,2,9 C2=0,6,4,9,3,5,2,8
I?o|vbs]_ PAIR C1=0,4,1,8,5,2,9,6,3,7 C2=0,6,4,5,3,9,1,7,2,8
I?o|vbsx_ PAIR C1=0,4,1,8,5,2,9,6,3,7 C2=0,6,4,5,3,8,2,7,1,9
I?o|vbsl_ NOPAIR
I?o|vbsr_ PAIR C1=0,7,2,5,4,1,8,3,6,9 C2=0,4,9,1,7,3,5,8,2,6
I?o|vbsj_ NOPAIR
I?o|vbsZ_ PAIR C1=0,4,5,2,7,1,9,6,3,8 C2=0,6,2,9,4,1,8,5,3,7
I?o|vbs{O PAIR C1=0,8,2,5,3,6,4,1,7,9 C2=0,4,5,8,1,9,3,7,2,6
I?o|vbsmO PAIR C1=0,8,3,6,4,5,2,9 C2=0,4,9,3,5,8,2,6
I?o|vbs]O PAIR C1=0,7,3,6,4,5,2,9,1,8 C2=0,4,1,7,9,3,5,8,2,6
I?o|vbslO NOPAIR
I?o|vbsrO PAIR C1=0,6,2,5,4,1,8,3,7,9 C2=0,4,6,3,5,9,1,7,2,8
I?o|vbsjO PAIR C1=0,6,2,8,3,5,4,9,7 C2=0,4,6,3,7,2,9,5,8
I?o|vbsNO PAIR C1=0,6,2,8,3,5,4,9,7 C2=0,4,6,3,7,2,9,5,8
I?o|vbsko NOPAIR
I?o|vbs[o PAIR C1=0,7,1,4,6,9,2,5,3,8 C2=0,4,5,8,1,9,3,7,2,6
I?o|vbsio PAIR C1=0,7,9,4,6,3,5,2,8 C2=0,4,5,8,3,7,2,9,6
I?o|vbsMo PAIR C1=0,7,9,4,6,3,5,2,8 C2=0,4,5,8,3,7,2,9,6
I?o|vbspo PAIR C1=0,8,1,4,6,3,5,2,7,9 C2=0,4,5,9,1,7,3,8,2,6
I?o|vbsLo NOPAIR
I?o|vbsbo PAIR C1=0,7,9,6,3,5,2,8 C2=0,6,2,7,3,8,5,9
I?o|vbsRo PAIR C1=0,7,2,5,3,6,9,4,1,8 C2=0,4,5,9,1,7,3,8,2,6
I?o|vbez? PAIR C1=0,8,6,4,5,2,9 C2=0,4,9,5,8,2,6
I?o|vbpn? NOPAIR
I?o|vbp{_ PAIR C1=0,7,2,8,3,6,9 C2=0,6,2,9,3,7,8
I?o|vbpl_ PAIR C1=0,7,2,8,3,6,9 C2=0,6,2,9,3,7,8
I?o|vJwho NOPAIR
I?o|vJwTo PAIR C1=0,6,4,1,7,9,3,5,2,8 C2=0,4,5,9,1,8,3,6,2,7
I?o|vJqjO NOPAIR
I?o}^bpN_ PAIR C1=0,6,4,1,7,2,9,5,3,8 C2=0,4,5,2,8,1,6,9,3,7
I?o|^bw|? PAIR C1=0,6,2,8,3,9,5,4,1,7 C2=0,4,6,5,3,7,2,9,1,8
I?o|^bwTo PAIR C1=0,6,2,7,1,4,5,9,3,8 C2=0,4,6,9,1,8,2,5,3,7
I?o|^bpj_ NOPAIR
I?o|^bpV_ PAIR C1=0,4,1,9,5,6,2,7,8 C2=0,6,9,4,5,2,8,1,7
I?zTfbwFo PAIR C1=0,4,9,5,3,7,1,8 C2=0,5,1,4,8,3,9,7
I?zTfbkZO PAIR C1=0,4,1,5,9,7,2,8 C2=0,5,8,4,2,9,1,7
I?zTfbkLo PAIR C1=0,4,1,5,3,6,9,7,2,8 C2=0,5,9,3,7,1,8,4,2,6
I?zTfbkJo PAIR C1=0,4,9,7,2,8,1,5 C2=0,7,1,4,2,9,5,8
I?zTfa{NO NOPAIR
I?zTfa{Uo PAIR C1=0,5,1,4,8,3,9,7 C2=0,4,9,1,7,3,5,8
I?zTfa{Jo PAIR C1=0,6,2,4,8,3,5,9,7 C2=0,4,9,6,3,7,2,8,5
I?zTf`{}? PAIR C1=0,7,1,5,3,8,4,2,9 C2=0,4,1,9,3,7,2,8,5
I?zTf`{z? NOPAIR
I?zTf`{n? PAIR C1=0,4,2,7,1,8,3,5,9 C2=0,5,1,4,8,2,9,3,7
I?zTf`{^? NOPAIR
I?zTf`{{_ PAIR C1=0,5,3,8,4,2,7,1,9 C2=0,4,1,5,8,2,9,3,7
I?zTf`{u_ PAIR C1=0,5,3,7,1,8,2,4,9,6 C2=0,4,8,5,1,9,3,6,2,7
I?zTf`{m_ PAIR C1=0,6,9,3,5,1,4,8,2,7 C2=0,4,9,2,6,3,7,1,8,5
I?zTf`{]_ PAIR C1=0,6,9,3,5,1,4,8,2,7 C2=0,4,9,2,6,3,7,1,8,5
I?zTf`{j_ PAIR C1=0,6,2,7,1,5,3,8,4,9 C2=0,5,8,1,4,2,9,6,3,7
I?zTf`{Z_ PAIR C1=0,6,2,4,9,1,8,5,3,7 C2=0,4,8,3,6,9,2,7,1,5
I?zTf`{N_ PAIR C1=0,6,2,4,1,8,5,9,3,7 C2=0,4,8,3,6,9,2,7,1,5
I?zTf`{{O PAIR C1=0,7,3,5,1,4,8,2,9 C2=0,4,2,7,1,9,3,8,5
I?zTf`{uO PAIR C1=0,7,1,4,8,5,3,9 C2=0,4,9,7,3,8,1,5
I?zTf`{mO PAIR C1=0,7,1,4,8,5,3,9 C2=0,4,9,7,3,8,1,5
I?zTf`{]O NOPAIR
I?zTf`{jO PAIR C1=0,7,1,5,8,4,2,9 C2=0,4,1,8,2,7,9,5
I?zTf`{NO NOPAIR
I?zTf`{wo PAIR C1=0,6,9,2,4,8,3,5,1,7 C2=0,4,1,9,7,3,6,2,8,5
I?zTf`{ko PAIR C1=0,6,9,2,4,8,1,5,3,7 C2=0,4,1,7,9,3,6,2,8,5
I?zTf`{[o PAIR C1=0,6,9,2,4,8,1,5,3,7 C2=0,4,1,7,9,3,6,2,8,5
I?zTf`{qo PAIR C1=0,5,3,8,4,2,7,1,9,6 C2=0,4,1,5,8,2,6,3,7,9
I?zTf`{io PAIR C1=0,5,3,7,1,8,4,2,9,6 C2=0,4,1,5,8,3,6,2,7,9
I?zTf`{eo PAIR C1=0,5,3,8,1,4,2,7,9,6 C2=0,4,9,3,6,2,8,5,1,7
I?zTf`{Uo PAIR C1=0,5,3,8,1,4,2,7,9,6 C2=0,4,9,3,6,2,8,5,1,7
I?zTf`{Mo PAIR C1=0,5,3,8,1,4,2,7,9,6 C2=0,4,9,3,6,2,8,5,1,7
I?zTf`{bo PAIR C1=0,5,3,8,4,2,7,9,6 C2=0,4,9,5,8,2,6,3,7
I?zTfbM[o PAIR C1=0,6,8,4,1,9,2,7 C2=0,4,2,6,9,7,1,8
I?zTfbMRo NOPAIR
I?zTbrs}? PAIR C1=0,8,3,5,1,7,4,2,9 C2=0,4,1,9,3,7,2,8,5
I?zTbrsz? NOPAIR
I?zTbrsv? NOPAIR
I?zTbrsn? PAIR C1=0,4,2,9,5,3,7,1,8 C2=0,5,1,4,7,2,8,3,9
I?zTbrs^? PAIR C1=1,4,2,9,5,8,3,7 C2=1,5,3,9,4,7,2,8
I?zTbrs{_ PAIR C1=0,4,2,9,1,7,3,5,8 C2=0,5,1,4,7,2,8,3,9
I?zTbrsy_ PAIR C1=0,6,2,9,4,1,7,3,5,8 C2=0,4,7,2,8,3,6,9,1,5
I?zTbrsu_ PAIR C1=0,5,8,2,4,9,1,7,3,6 C2=0,8,3,5,1,4,7,2,6,9
I?zTbrsm_ PAIR C1=0,4,9,2,8,5,1,7,3,6 C2=0,5,3,8,1,4,7,2,6,9
I?zTbrs]_ PAIR C1=0,5,8,2,9,4,1,7,3,6 C2=0,4,7,2,6,9,1,5,3,8
I?zTbrsj_ PAIR C1=0,4,9,2,7,1,5,8,3,6 C2=0,5,3,7,4,1,8,2,6,9
I?zTbrsZ_ PAIR C1=0,4,9,5,1,7,2,6,3,8 C2=0,5,3,7,4,1,8,2,9,6
I?zTbrsV_ PAIR C1=0,4,7,3,6,2,8,1,9,5 C2=0,6,9,4,2,7,1,5,3,8
I?zTbrsN_ PAIR C1=0,5,8,1,4,7,2,9,3,6 C2=0,4,2,6,9,5,1,7,3,8
I?zTbrsyO NOPAIR
I?zTbrsuO PAIR C1=0,4,1,7,9,3,5,8 C2=0,5,1,8,3,7,4,9
I?zTbrsmO PAIR C1=0,4,1,7,9,3,5,8 C2=0,5,1,8,3,7,4,9
I?zTbrsjO PAIR C1=0,4,2,9,7,1,8,5 C2=0,8,2,7,4,1,5,9
I?zTbrsfO PAIR C1=0,4,1,7,9,3,8,5 C2=0,8,1,5,3,7,4,9
I?zTbrsqo PAIR C1=0,6,3,5,8,2,4,1,7,9 C2=0,4,9,6,2,7,3,8,1,5
I?zTbrseo PAIR C1=0,6,3,5,8,2,4,1,7,9 C2=0,4,9,6,2,7,3,8,1,5
I?zTbrsbo PAIR C1=0,6,3,5,8,2,4,1,7,9 C2=0,4,9,6,2,7,3,8,1,5
I?zTbrsJo PAIR C1=0,6,9,5,3,7,1,4,2,8 C2=0,4,9,7,2,6,3,8,1,5
I?zTbrkxO PAIR C1=0,4,7,1,5,9,2,8 C2=0,5,8,1,4,2,7,9
I?zTbrklO PAIR C1=0,4,7,1,5,9,2,8 C2=0,5,8,1,4,2,7,9
I?zTbrkho PAIR C1=0,4,7,1,5,9,2,8 C2=0,5,8,1,4,2,7,9
I?zTbr[{O PAIR C1=0,4,7,1,9,3,5,8 C2=0,5,1,4,8,3,7,9
I?zTbr[tO PAIR C1=0,4,7,1,9,3,5,8 C2=0,5,1,4,8,3,7,9
I?zTbr[so PAIR C1=0,4,7,1,9,3,5,8 C2=0,5,1,4,8,3,7,9
I?zTbr[ko PAIR C1=0,5,8,4,1,7,3,9,2,6 C2=0,4,2,7,9,6,3,5,1,8
I?zTbr[do PAIR C1=0,5,9,3,7,4,1,8 C2=0,4,8,3,5,1,7,9
I?zTbq{{O PAIR C1=0,4,7,1,9,3,8,5 C2=0,8,4,1,5,3,7,9
I?zTbq{lO NOPAIR
I?zTbq{so PAIR C1=0,6,2,4,7,9,3,8 C2=0,4,8,2,7,3,6,9
I?zTbq{ho PAIR C1=0,5,9,7,3,8,4,2,6 C2=0,4,7,2,8,5,3,6,9
I?zTbq{do PAIR C1=0,5,9,7,3,8,4,2,6 C2=0,4,7,2,8,5,3,6,9
I?zTbrez? NOPAIR
I?zTbren? PAIR C1=0,5,9,3,7,4,1,8,2,6 C2=0,4,9,2,7,1,5,3,6,8
I?zTbre^? PAIR C1=0,5,9,3,7,4,1,8,2,6 C2=0,4,9,2,7,1,5,3,6,8
I?zTbrex_ NOPAIR
I?zTbre\_ PAIR C1=0,5,9,1,8,2,4,7,3,6 C2=0,4,1,7,2,6,9,3,5,8
I?zTbreZ_ NOPAIR
I?zTbreV_ PAIR C1=0,4,7,1,9,3,6,2,8,5 C2=0,6,9,5,3,7,2,4,1,8
I?zTbre{O PAIR C1=0,5,1,7,4,2,9,3,6,8 C2=0,4,1,9,7,3,5,8,2,6
I?zTbreyO NOPAIR
I?zTbreuO PAIR C1=0,4,2,7,9,3,5,1,8,6 C2=0,5,8,2,6,3,7,4,1,9
I?zTbrexO PAIR C1=0,4,1,7,2,9,5,8 C2=0,5,1,8,2,4,7,9
I?zTbrelO PAIR C1=0,4,1,7,2,9,5,8 C2=0,5,1,8,2,4,7,9
I?zTbrejO PAIR C1=0,4,1,7,2,9,5,8 C2=0,5,1,8,2,4,7,9
I?zTbrefO PAIR C1=0,4,2,7,1,5,9,3,6,8 C2=0,5,3,7,9,4,1,8,2,6
I?zTbreNO PAIR C1=0,4,2,7,1,5,9,3,6,8 C2=0,5,3,7,9,4,1,8,2,6
I?zTbrepo PAIR C1=0,4,2,7,1,9,5,8,6 C2=0,5,1,4,7,9,6,2,8
I?zTbreXo PAIR C1=0,4,2,7,1,9,5,8,6 C2=0,5,1,4,7,9,6,2,8
I?zTbredo PAIR C1=0,4,2,7,1,5,9,3,6,8 C2=0,5,3,7,4,1,8,2,6,9
I?zTbreTo PAIR C1=0,4,2,7,1,8,5,9,3,6 C2=0,5,3,7,4,1,9,6,2,8
I?zTbreFo PAIR C1=0,4,2,7,1,5,9,3,6,8 C2=0,5,3,7,9,4,1,8,2,6
I?zTbrU}? PAIR C1=0,4,2,7,1,8,6,3,9 C2=0,6,2,9,1,4,7,3,8
I?zTbrUn? PAIR C1=0,4,2,7,1,5,9,3,8,6 C2=0,5,8,1,4,7,3,6,2,9
I?zTbrU^? PAIR C1=0,4,2,7,1,8,5,9,3,6 C2=0,5,3,7,4,1,9,2,6,8
I?zTbrUy_ PAIR C1=0,4,2,7,1,5,8,3,6,9 C2=0,5,3,7,4,1,9,2,6,8
I?zTbrUu_ NOPAIR
I?zTbrU]_ PAIR C1=0,4,2,9,1,7,3,5,8,6 C2=0,5,1,4,7,2,6,9,3,8
I?zTbrUt_ PAIR C1=0,6,3,8,5,9 C2=0,5,3,9,6,8
I?zTbrUZ_ PAIR C1=0,4,2,6,3,7,1,9,5,8 C2=0,5,3,8,1,4,7,2,9,6
I?zTbrUV_ NOPAIR
I?zTbrUN_ PAIR C1=0,4,1,7,2,9,6,3,8,5 C2=0,6,2,4,7,3,9,5,1,8
I?zTbrUyO PAIR C1=0,4,2,9,1,7,3,5,8,6 C2=0,5,1,8,3,6,2,7,4,9
I?zTbrUuO PAIR C1=0,4,1,7,9,3,5,8 C2=0,5,1,8,3,7,4,9
I?zTbrUmO PAIR C1=0,4,1,7,9,3,5,8 C2=0,5,1,8,3,7,4,9
I?zTbrUjO PAIR C1=0,4,1,5,8,3,7,9,2,6 C2=0,5,3,6,8,1,7,2,4,9
I?zTbrUfO PAIR C1=0,4,7,9,3,8,1,5 C2=0,8,5,3,7,1,4,9
I?zTbrUqo PAIR C1=0,4,7,9,6,3,8,1,5 C2=0,6,8,5,3,7,1,4,9
I?zTbrUio PAIR C1=0,4,7,9,6,3,8,1,5 C2=0,6,8,5,3,7,1,4,9
I?zTbrUYo PAIR C1=0,5,1,4,7,9,6,3,8 C2=0,4,9,1,7,3,5,8,6
I?zTbrUeo PAIR C1=0,4,7,9,6,3,8,1,5 C2=0,6,8,5,3,7,1,4,9
I?zTbrUJo PAIR C1=0,4,7,9,5,1,8,3,6 C2=0,5,3,7,1,4,9,6,8
I?zTbrMso PAIR C1=0,6,3,9,7,4,1,5,8 C2=0,4,8,6,9,1,7,3,5
I?zTbrMLo PAIR C1=0,4,7,3,9,5,1,8,6 C2=0,5,3,6,9,7,1,4,8
I?zTbq]Xo PAIR C1=0,4,7,1,9,5,3,6,8 C2=0,5,1,4,8,3,7,9,6
I?zTbq]do PAIR C1=0,8,6,3,5,9 C2=0,5,8,3,9,6
I?zTbp]ho PAIR C1=0,4,8,6,3,7,1,5,9 C2=0,5,3,8,1,4,7,9,6
I?zVf_{}? PAIR C1=0,4,1,7,2,8,5,3,9 C2=0,5,1,9,2,4,8,3,7
I?zVf_{z? PAIR C1=0,4,8,2,6,1,7,3,5 C2=0,6,3,8,5,1,4,2,7
I?zVf_{n? PAIR C1=0,4,8,2,6,1,7,3,5 C2=0,6,3,8,5,1,4,2,7
I?zVf_{{_ PAIR C1=0,4,8,2,6,1,7,3,5 C2=0,6,3,8,5,1,4,2,7
I?zVf_{y_ PAIR C1=0,4,8,2,6,1,7,3,5 C2=0,6,3,8,5,1,4,2,7
I?zVf_{u_ PAIR C1=0,4,8,2,6,1,7,3,5 C2=0,6,3,8,5,1,4,2,7
I?zVf_{m_ PAIR C1=0,4,8,2,6,1,7,3,5 C2=0,6,3,8,5,1,4,2,7
I?zVf_{r_ PAIR C1=0,4,8,2,6,1,7,3,5 C2=0,6,3,8,5,1,4,2,7
I?zVf_{wo PAIR C1=0,4,8,2,6,1,7,3,5 C2=0,6,3,8,5,1,4,2,7
I?zVf_{{G PAIR C1=0,4,8,2,6,1,7,3,5 C2=0,6,3,8,5,1,4,2,7
I?zVf_{yG PAIR C1=0,4,8,2,6,1,7,3,5 C2=0,6,3,8,5,1,4,2,7
I?zVf_{uG PAIR C1=0,4,8,2,6,1,7,3,5 C2=0,6,3,8,5,1,4,2,7
I?zVf_{mG PAIR C1=0,4,8,2,6,1,7,3,5 C2=0,6,3,8,5,1,4,2,7
I?zVf_{rG PAIR C1=0,4,8,2,6,1,7,3,5 C2=0,6,3,8,5,1,4,2,7
I?zVf_{jG PAIR C1=0,4,8,2,6,1,7,3,5 C2=0,6,3,8,5,1,4,2,7
I?zVf_{NG PAIR C1=0,4,8,2,6,1,7,3,5 C2=0,6,3,8,5,1,4,2,7
I?zVf_{wg PAIR C1=0,4,8,2,6,1,7,3,5 C2=0,6,3,8,5,1,4,2,7
I?zVf_{kg PAIR C1=0,4,8,2,6,1,7,3,5 C2=0,6,3,8,5,1,4,2,7
I?zVf_{qg PAIR C1=0,4,8,2,6,1,7,3,5 C2=0,6,3,8,5,1,4,2,7
I?zVf_{ig PAIR C1=0,4,8,2,6,1,7,3,5 C2=0,6,3,8,5,1,4,2,7
I?zVf_{eg PAIR C1=0,4,8,2,6,1,7,3,5 C2=0,6,3,8,5,1,4,2,7
I?zVf_{ow PAIR C1=0,4,8,2,6,1,7,3,5 C2=0,6,3,8,5,1,4,2,7
I?zTv`s}? PAIR C1=0,4,1,8,5,3,9,2,7 C2=0,5,1,7,3,8,2,4,9
I?zTv`sz? PAIR C1=0,7,3,5,8,2,6,4,1,9 C2=0,5,9,4,2,7,1,8,3,6
I?zTv`sn? PAIR C1=0,5,3,8,1,4,6,2,7 C2=0,4,2,8,5,1,7,3,6
I?zTv`sy_ PAIR C1=0,5,3,8,1,4,6,2,7 C2=0,4,2,8,5,1,7,3,6
I?zTv`su_ PAIR C1=0,5,3,8,1,4,6,2,7 C2=0,4,2,8,5,1,7,3,6
I?zTv`sr_ PAIR C1=0,5,3,8,1,4,6,2,7 C2=0,4,2,8,5,1,7,3,6
I?zTv`sj_ PAIR C1=0,5,3,8,1,4,6,2,7 C2=0,4,2,8,5,1,7,3,6
I?zTv`sZ_ PAIR C1=0,5,3,8,1,4,6,2,7 C2=0,4,2,8,5,1,7,3,6
I?zTv`sV_ PAIR C1=0,5,3,8,1,4,6,2,7 C2=0,4,2,8,5,1,7,3,6
I?zTv`s{O PAIR C1=0,5,3,8,1,4,6,2,7 C2=0,4,2,8,5,1,7,3,6
I?zTv`syO PAIR C1=0,5,3,8,1,4,6,2,7 C2=0,4,2,8,5,1,7,3,6
I?zTv`suO PAIR C1=0,5,3,8,1,4,6,2,7 C2=0,4,2,8,5,1,7,3,6
I?zTv`smO PAIR C1=0,5,3,8,1,4,6,2,7 C2=0,4,2,8,5,1,7,3,6
I?zTv`srO PAIR C1=0,5,3,8,1,4,6,2,7 C2=0,4,2,8,5,1,7,3,6
I?zTv`sjO PAIR C1=0,5,3,8,1,4,6,2,7 C2=0,4,2,8,5,1,7,3,6
I?zTv`sZO PAIR C1=0,5,3,8,1,4,6,2,7 C2=0,4,2,8,5,1,7,3,6
I?zTv`sNO PAIR C1=0,5,3,8,1,4,6,2,7 C2=0,4,2,8,5,1,7,3,6
I?zTv`sqo PAIR C1=0,5,3,8,1,4,6,2,7 C2=0,4,2,8,5,1,7,3,6
I?zTv`sio PAIR C1=0,5,3,8,1,4,6,2,7 C2=0,4,2,8,5,1,7,3,6
I?zTv`sUo PAIR C1=0,5,3,8,1,4,6,2,7 C2=0,4,2,8,5,1,7,3,6
I?zTv`sbo PAIR C1=0,5,3,8,1,4,6,2,7 C2=0,4,2,8,5,1,7,3,6
I?zTv`sRo PAIR C1=0,5,3,8,1,4,6,2,7 C2=0,4,2,8,5,1,7,3,6
I?zTv`sJo PAIR C1=0,5,3,8,1,4,6,2,7 C2=0,4,2,8,5,1,7,3,6
I?zTv`sbg PAIR C1=0,5,3,8,1,4,6,2,7 C2=0,4,2,8,5,1,7,3,6
I?zTv`sBw PAIR C1=0,5,3,8,1,4,6,2,7 C2=0,4,2,8,5,1,7,3,6
ICQffp{}? PAIR C1=0,3,6,1,7,2,8,4,9 C2=0,6,2,9,3,8,1,4,7
ICQffp{|? PAIR C1=0,5,9,3,7,1,8,2,6 C2=0,7,2,5,8,3,6,1,9
ICQffp{{_ NOPAIR
ICQffp{y_ PAIR C1=0,7,3,6,2,8,1,4,9 C2=0,3,8,4,7,2,9,1,6
ICQffp{x_ PAIR C1=0,5,8,3,7,2,6,1,9 C2=0,3,6,9,5,2,8,1,7
ICQffX{}? PAIR C1=0,6,3,8,2,7,1,4,9 C2=0,3,9,2,6,1,8,4,7
ICQffX{{_ PAIR C1=0,6,3,8,5,2,9,1,7 C2=0,3,9,6,1,8,2,7,5
ICQffX{x_ NOPAIR
ICQfex{|? PAIR C1=0,7,3,8,5,2,6,1,9 C2=0,5,7,1,8,2,9,3,6
ICQfex{t_ NOPAIR
ICQfVp{y_ NOPAIR
ICQfVh{{_ PAIR C1=0,5,2,7,1,8,3,9,6 C2=0,3,7,5,8,2,6,1,9
ICQfVh{x_ NOPAIR
ICQfVX{{_ PAIR C1=0,5,8,4,1,6,9,2,7 C2=0,6,4,7,5,2,8,1,9
ICQfUx{r_ NOPAIR
ICQevp{}? PAIR C1=0,7,3,6,4,1,9 C2=0,3,9,4,7,1,6
ICQevp{v? PAIR C1=0,7,3,6,4,1,9 C2=0,3,9,4,7,1,6
ICQevh{v? PAIR C1=0,6,3,9,5,8,4,1,7 C2=0,5,7,3,8,1,6,4,9
ICQevh{t_ NOPAIR
ICQevX{v? PAIR C1=0,5,9,3,6,1,8,4,7 C2=0,3,8,5,7,1,9,4,6
ICQevX{r_ NOPAIR
ICQerx{|? PAIR C1=0,5,8,4,1,7,2,9,3,6 C2=0,3,8,2,5,7,4,6,1,9
ICQbvrw^? PAIR C1=1,6,2,9,3,7,4,8 C2=1,7,2,8,3,6,4,9
ICQbvrs{_ PAIR C1=0,7,2,6,3,8,1,9 C2=0,3,7,1,6,9,2,8
ICQbvrs\_ PAIR C1=0,5,9,1,8,3,6,2,7 C2=0,3,7,1,6,9,2,5,8
ICQbvrk}? PAIR C1=0,7,1,4,8,2,6,3,9 C2=0,3,7,2,9,4,6,1,8
ICQbvr[v? PAIR C1=0,7,4,1,8,3,9 C2=0,3,7,1,9,4,8
ICQbvp{|? PAIR C1=0,7,4,1,6,3,8,2,5,9 C2=0,3,7,1,9,2,6,4,8,5
ICQbvp{]_ PAIR C1=1,4,7,2,8,3,6,9 C2=1,7,3,9,2,6,4,8
ICQbvZs}? PAIR C1=0,7,4,1,6,3,8,5,2,9 C2=0,3,9,4,6,2,8,1,7,5
ICQbvZk}? NOPAIR
ICQbvZkv? PAIR C1=0,8,1,4,7,5,9 C2=0,5,8,4,9,1,7
ICQbvZ[r_ PAIR C1=0,8,1,4,7,5,9 C2=0,5,8,4,9,1,7
ICQfNp{|? PAIR C1=0,5,9,3,7,1,8,2,6 C2=0,3,8,5,6,1,9,2,7
ICQfNp{z? PAIR C1=0,5,9,4,8,1,7,2,6 C2=0,7,4,1,6,5,8,2,9
ICQfNp{y_ PAIR C1=0,5,2,7,1,8,4,9,6 C2=0,7,4,1,6,5,8,2,9
ICQfNp{x_ NOPAIR
ICQdnp{|? NOPAIR
ICQe^p{z? PAIR C1=0,6,4,8,5,2,9,1,7 C2=0,5,6,1,8,2,7,4,9
ICQe^p{r_ NOPAIR
ICQVfX{t_ NOPAIR
ICQVVp{u_ NOPAIR
ICQVUx{}? PAIR C1=0,3,8,4,9,1,7,5 C2=0,7,4,1,8,5,3,9
ICQVUx{^? PAIR C1=1,4,8,3,9,5,7 C2=1,8,5,3,7,4,9
ICQVRx{^? PAIR C1=1,4,8,3,9,5,7 C2=1,8,5,3,7,4,9
ICQVRx{V_ PAIR C1=1,4,8,3,9,5,7 C2=1,8,5,3,7,4,9
ICQUvX{}? PAIR C1=0,5,7,1,4,8,3,9 C2=0,3,5,8,1,9,4,7
ICRbfq{^? PAIR C1=0,5,9,3,7,1,4,8 C2=0,3,8,5,1,9,4,7
ICRbfiy^? PAIR C1=0,5,7,1,9,3,6,2,8 C2=0,3,8,6,1,5,9,2,7
ICRbeyy^? PAIR C1=0,3,9,1,6,2,5,7,4,8 C2=0,5,1,4,9,2,8,6,3,7
ICRbeyyt_ NOPAIR
ICRbbyy}? PAIR C1=1,4,8,6,3,9,2,7 C2=1,6,2,8,3,7,4,9
ICRbbyy^? PAIR C1=1,4,8,6,3,9,2,7 C2=1,6,2,8,3,7,4,9
ICRbbyy\_ NOPAIR
ICRbd^wy_ PAIR C1=0,7,6,2,5,1,8,4,9 C2=0,5,7,4,1,6,9,2,8
ICRbd^wx_ NOPAIR
ICRbd^wt_ PAIR C1=0,3,6,7,5,2,8,1,9 C2=0,7,2,6,1,5,9,3,8
ICRbd^wr_ PAIR C1=0,5,2,7,6,1,8,4,9 C2=0,7,4,1,5,9,6,2,8
ICRbc~wt_ NOPAIR
ICRcvp{f_ PAIR C1=0,6,3,9,5,8,4,1,7 C2=0,5,1,8,3,7,4,6,9
ICRcvpyx_ PAIR C1=0,7,1,5,2,8,4,6,9 C2=0,5,9,2,7,4,1,8,6
ICRcvp]}? NOPAIR
ICRcvp]n? PAIR C1=0,5,8,3,7,1,4,9 C2=0,3,9,5,1,8,4,7
ICRcvp]\_ PAIR C1=0,5,8,6,4,1,9,3,7 C2=0,3,8,4,7,1,5,9,6
ICRcvhyy_ PAIR C1=0,5,2,8,1,9,4,6,3,7 C2=0,3,8,4,1,5,7,2,9,6
ICRcvXy{_ PAIR C1=0,5,2,8,1,9,3,6,4,7 C2=0,3,8,4,1,5,7,2,9,6
ICRcvXyr_ NOPAIR
ICRcuxyn? PAIR C1=0,6,3,8,4,1,7,5,9 C2=0,5,1,8,6,4,9,3,7
ICRctxyn? PAIR C1=0,6,3,7,4,8,2,5,9 C2=0,3,8,6,4,9,2,7,5
ICRctxyf_ NOPAIR
ICRcvd{t_ NOPAIR
ICRcvT{r_ NOPAIR
ICRctt{v? PAIR C1=0,7,3,6,4,8,5,1,9 C2=0,5,9,3,8,1,4,7,6
ICRctt{n? PAIR C1=0,5,8,4,6,3,7,2,9 C2=0,3,8,2,5,9,4,7,6
ICRcrnwy_ PAIR C1=0,5,7,1,4,8,2,9,6 C2=0,8,1,5,2,7,6,4,9
ICRcrnwx_ PAIR C1=0,5,1,9,2,7,6,3,8 C2=0,3,7,1,8,2,5,9,6
ICRcrnwt_ NOPAIR
ICRcrnw\_ PAIR C1=0,5,9,1,7,2,8,3,6 C2=0,3,7,6,9,2,5,1,8
ICRcrnwr_ PAIR C1=0,5,1,7,3,6,9,4,8 C2=0,3,8,1,4,6,7,5,9
ICRcr^w{_ PAIR C1=0,5,1,9,2,7,4,8,3,6 C2=0,3,9,6,4,1,7,5,2,8
ICRcr^wr_ NOPAIR
ICRcr^wj_ PAIR C1=0,6,4,9,2,7,5,1,8 C2=0,5,2,8,4,1,7,6,9
ICRcp~wv? PAIR C1=0,8,1,5,7,4,6,3,9 C2=0,5,9,1,4,8,3,7,6
ICRcp~wn? PAIR C1=0,5,2,7,6,3,9,4,8 C2=0,3,8,2,9,5,7,4,6
ICRcp~wr_ PAIR C1=0,5,9,1,4,8,3,7,6 C2=0,3,6,9,4,7,5,1,8
ICR`vrw}? PAIR C1=0,7,3,8,4,1,9 C2=0,3,9,4,7,1,8
ICR`vrwn? PAIR C1=0,5,9,2,7,4,1,8 C2=0,7,1,5,2,8,4,9
ICR`vrw\_ PAIR C1=1,7,4,6,2,9,3,8 C2=1,4,8,2,7,3,6,9
ICR`vrs}? PAIR C1=0,3,9,2,7,1,8,5 C2=0,7,3,8,2,5,1,9
ICR`vrs|? PAIR C1=0,3,9,2,7,1,8,5 C2=0,7,3,8,2,5,1,9
ICR`vrs^? PAIR C1=0,5,2,9,1,8,3,7 C2=0,3,9,5,1,7,2,8
ICR`vrs{_ PAIR C1=0,5,2,7,3,8,1,9 C2=0,3,9,2,8,5,1,7
ICR`vrs]_ PAIR C1=0,5,2,8,3,6,9,1,4,7 C2=0,3,9,4,6,2,7,1,5,8
ICR`vrs\_ PAIR C1=0,5,2,9,1,8,3,7 C2=0,3,9,5,1,7,2,8
ICR`vr[v? PAIR C1=0,7,4,1,8,3,9 C2=0,3,7,1,9,4,8
ICR`vr[u_ PAIR C1=0,7,4,1,8,3,9 C2=0,3,7,1,9,4,8
ICR`vr[N_ PAIR C1=0,5,2,9,6,3,8,1,4,7 C2=0,3,9,5,1,7,2,6,4,8
ICR`vq{^? PAIR C1=0,7,4,1,5,9,3,8 C2=0,3,7,1,9,4,8,5
ICR`vq{y_ PAIR C1=0,5,1,7,4,9,2,8 C2=0,7,2,5,8,4,1,9
ICR`vq{V_ PAIR C1=0,5,1,9,4,7,3,8 C2=0,3,9,5,8,4,1,7
ICR`vre}? PAIR C1=0,5,1,4,9,2,8,6,3,7 C2=0,3,9,1,7,4,6,2,5,8
ICR`vre{_ PAIR C1=0,5,1,9,2,7,3,6,8 C2=0,3,9,6,2,5,8,1,7
ICR`vret_ PAIR C1=0,5,1,9,3,6,8,2,7 C2=0,3,7,1,8,5,2,6,9
ICR`vrUt_ NOPAIR
ICR`vrUr_ PAIR C1=0,5,1,4,9,6,8,3,7 C2=0,3,6,4,7,1,8,5,9
ICR`vrUV_ PAIR C1=0,5,1,4,9,6,8,3,7 C2=0,3,6,4,7,1,9,5,8
ICR`vqul_ NOPAIR
ICR`vpu^? PAIR C1=1,4,6,8,3,9,5,2,7 C2=1,5,8,2,6,3,7,4,9
ICR`vput_ PAIR C1=0,5,1,9,3,6,8,2,7 C2=0,3,7,1,8,5,2,6,9
ICR`vpu\_ NOPAIR
ICR`vjq^? PAIR C1=0,5,2,8,3,9,1,7 C2=0,3,7,2,9,5,1,8
ICR`vji}? PAIR C1=0,7,5,2,9,3,6,4,1,8 C2=0,3,7,2,6,8,4,9,1,5
ICR`vji{_ PAIR C1=0,5,7,1,9,3,6,2,8 C2=0,3,7,2,5,1,8,6,9
ICR`vjiy_ PAIR C1=0,5,7,1,9,4,6,2,8 C2=0,7,2,5,1,4,8,6,9
ICR`vhy\_ PAIR C1=1,7,5,9,3,6,2,8 C2=1,5,2,7,3,8,6,9
ICR`tzij_ PAIR C1=0,7,5,9,4,6,2,8 C2=0,5,2,7,4,8,6,9
ICR`tzY^? PAIR C1=0,7,4,1,9,5,2,6,3,8 C2=0,3,7,2,9,4,6,8,1,5
ICRffQ{Xo NOPAIR
ICRffQ{To PAIR C1=0,6,2,5,8,3,9,1,7 C2=0,3,6,1,5,9,7,2,8
ICRffQ{Ro PAIR C1=0,6,2,5,8,4,1,9,7 C2=0,5,1,6,9,4,7,2,8
ICRfdp{}? PAIR C1=0,6,1,4,7,2,5,8,3,9 C2=0,5,1,8,4,9,2,6,3,7
ICRfdp{|? PAIR C1=0,5,2,6,3,8,1,9 C2=0,3,9,2,8,5,1,6
ICRfdp{n? PAIR C1=0,7,4,8,3,6,1,5,2,9 C2=0,5,8,1,4,9,3,7,2,6
ICRfdp{{_ PAIR C1=0,5,2,6,3,8,1,9 C2=0,3,9,2,8,5,1,6
ICRfdp{y_ PAIR C1=0,7,4,1,8,3,6,2,9 C2=0,3,7,2,8,4,9,1,6
ICRfdp{m_ PAIR C1=0,7,4,1,5,8,3,6,2,9 C2=0,5,2,7,3,9,4,8,1,6
ICRfdp{t_ NOPAIR
ICRfdp{l_ NOPAIR
ICRfdp{\_ NOPAIR
ICRfdp{f_ PAIR C1=0,3,8,1,4,7,2,5,9,6 C2=0,5,1,6,2,8,4,9,3,7
ICRfdp{N_ PAIR C1=0,3,8,1,4,7,2,5,9,6 C2=0,5,1,6,2,8,4,9,3,7
ICRfdp{{O PAIR C1=0,3,8,5,2,6,1,9 C2=0,5,1,8,2,9,3,6
ICRfdp{yO PAIR C1=0,3,6,2,7,4,8,1,9 C2=0,6,1,4,9,2,8,3,7
ICRfdp{mO PAIR C1=0,6,1,4,7,2,5,8,3,9 C2=0,5,1,8,4,9,2,6,3,7
ICRfdp{]O PAIR C1=0,5,2,8,3,6,1,4,9,7 C2=0,3,9,1,5,8,4,7,2,6
ICRfdp{tO PAIR C1=0,5,1,9,7,3,8,2,6 C2=0,7,2,5,8,1,6,3,9
ICRfdp{lO NOPAIR
ICRfdp{\O PAIR C1=0,3,8,5,9,1,6,2,7 C2=0,5,1,8,2,9,7,3,6
ICRfdp{VO PAIR C1=0,5,1,6,3,9,4,8,2,7 C2=0,3,8,1,4,7,9,5,2,6
ICRfdp{wo PAIR C1=0,5,1,9,6,2,8,3,7 C2=0,3,6,1,8,5,2,7,9
ICRfdp{so PAIR C1=0,5,1,9,6,2,8,3,7 C2=0,3,6,1,8,5,2,7,9
ICRfdp{ko NOPAIR
ICRfdp{[o PAIR C1=0,6,3,8,2,5,1,9,7 C2=0,3,7,2,9,6,1,8,5
ICRfdp{qo PAIR C1=0,5,2,8,1,6,3,7,9 C2=0,3,8,5,1,9,6,2,7
ICRfdp{po PAIR C1=0,5,2,8,1,6,3,7,9 C2=0,3,8,5,1,9,6,2,7
ICRfdp{do NOPAIR
ICRfdp{To PAIR C1=0,5,2,6,1,8,3,9,7 C2=0,3,7,2,8,5,1,9,6
ICRfdp{bo PAIR C1=0,3,6,1,4,8,5,9,7 C2=0,5,1,8,3,7,4,9,6
ICRfdp{Ro PAIR C1=0,3,6,1,4,8,5,9,7 C2=0,5,1,8,3,7,4,9,6
ICRfdp{Fo PAIR C1=0,3,6,1,4,8,5,9,7 C2=0,5,1,8,3,7,4,9,6
ICRev`{fO PAIR C1=0,3,9,4,6,1,8,5 C2=0,6,3,8,4,1,5,9
ICRev`{ho PAIR C1=0,3,8,5,1,6,9,2,7 C2=0,6,3,7,1,8,2,5,9
ICRev`{do NOPAIR
ICRev`{bo PAIR C1=0,3,6,9,7,1,4,8,5 C2=0,6,4,9,5,1,8,3,7
ICRev_}yO PAIR C1=0,5,2,9,7,1,4,8,3,6 C2=0,3,7,2,8,5,1,6,4,9
ICRev_|v? PAIR C1=0,5,1,7,8,4,6,3,9 C2=0,6,1,4,9,5,8,3,7
ICRev_|^? PAIR C1=0,3,9,2,5,1,7,8,4,6 C2=0,5,9,4,1,6,3,8,2,7
ICRev_|y_ PAIR C1=0,3,8,5,2,9,4,6,1,7 C2=0,5,1,4,8,2,7,3,6,9
ICRetrwXo PAIR C1=0,5,2,9,1,6,3,7,4,8 C2=0,3,8,2,7,9,5,1,4,6
ICRetrkN_ PAIR C1=0,3,9,6,1,5,2,7,4,8 C2=0,5,9,2,8,1,4,6,3,7
ICRetr[N_ NOPAIR
ICRetp{}? PAIR C1=0,7,2,8,5,1,4,6,3,9 C2=0,5,2,9,4,7,3,8,1,6
ICRetp{v? PAIR C1=0,3,6,1,4,8,5,9 C2=0,5,1,8,3,9,4,6
ICRetp{n? PAIR C1=0,3,6,1,4,8,5,9 C2=0,5,1,8,3,9,4,6
ICRetp{y_ PAIR C1=0,7,2,5,8,3,6,1,4,9 C2=0,3,7,4,6,9,2,8,1,5
ICRetp{u_ NOPAIR
ICRetp{m_ PAIR C1=0,5,1,6,4,8,2,7,3,9 C2=0,3,6,9,2,5,8,1,4,7
ICRetp{t_ NOPAIR
ICRetp{j_ PAIR C1=0,5,1,6,4,7,3,8,2,9 C2=0,3,6,9,4,1,8,5,2,7
ICRetp{f_ PAIR C1=0,3,8,4,6,1,5,9 C2=0,5,8,1,4,9,3,6
ICRetp{N_ PAIR C1=0,3,6,9,5,1,4,8,2,7 C2=0,5,2,9,4,7,3,8,1,6
ICRetp{{O PAIR C1=0,3,6,1,4,8,5,2,7,9 C2=0,5,1,8,2,9,3,7,4,6
ICRetp{yO PAIR C1=0,3,6,4,1,5,8,2,7,9 C2=0,5,2,9,4,7,3,8,1,6
ICRetp{uO NOPAIR
ICRetp{mO PAIR C1=0,7,4,1,6,3,8,5,2,9 C2=0,5,1,8,2,7,3,9,4,6
ICRetp{]O PAIR C1=0,3,6,1,4,8,5,2,9,7 C2=0,5,1,8,2,7,3,9,4,6
ICRetp{xO PAIR C1=0,6,1,4,8,3,7,2,5,9 C2=0,3,6,4,7,9,2,8,1,5
ICRetp{tO PAIR C1=0,6,1,4,8,5,9,3,7 C2=0,5,1,8,3,6,4,7,9
ICRetp{\O PAIR C1=0,6,1,4,8,3,9,5,2,7 C2=0,3,6,4,7,9,2,8,1,5
ICRetp{rO PAIR C1=0,3,8,4,6,1,5,9,7 C2=0,5,8,1,9,4,7,3,6
ICRetp{jO PAIR C1=0,5,1,4,6,3,8,2,9,7 C2=0,3,7,2,5,9,4,8,1,6
ICRetp{fO PAIR C1=0,6,4,1,5,8,3,9 C2=0,3,6,1,8,4,9,5
ICRetp{VO PAIR C1=0,5,9,4,8,1,6,3,7 C2=0,3,8,5,1,9,7,4,6
ICRetp{NO PAIR C1=0,6,3,9,4,1,5,8,2,7 C2=0,3,8,1,6,4,7,9,2,5
ICRetp{wo PAIR C1=0,5,8,2,9,1,4,7,3,6 C2=0,3,8,4,6,1,5,2,7,9
ICRetp{Mo PAIR C1=0,5,8,2,9,3,6,1,4,7 C2=0,3,8,1,5,2,7,9,4,6
ICRetp{po PAIR C1=0,3,7,4,6,9,1,8,5 C2=0,6,3,8,4,1,5,9,7
ICRetp{ho PAIR C1=0,3,7,9,6,4,1,8,5 C2=0,7,4,8,3,6,1,5,9
ICRetp{Xo PAIR C1=0,3,7,9,5,8,1,4,6 C2=0,5,1,9,6,3,8,4,7
ICRetp{do PAIR C1=0,3,9,5,8,1,6,4,7 C2=0,5,1,4,8,3,7,9,6
ICRetp{To PAIR C1=0,3,9,5,8,1,6,4,7 C2=0,5,1,4,8,3,7,9,6
ICRetp{Lo PAIR C1=0,3,9,5,8,1,6,4,7 C2=0,5,1,4,8,3,7,9,6
ICRetp{bo PAIR C1=0,3,7,4,6,1,8,5,9 C2=0,5,1,4,8,3,6,9,7
ICRetp{Jo PAIR C1=0,3,7,2,8,4,9,5,1,6 C2=0,5,2,9,6,3,8,1,4,7
ICRetp{Fo PAIR C1=0,3,7,9,4,8,5,1,6 C2=0,5,9,6,3,8,1,4,7
ICRetpuv? PAIR C1=0,6,1,5,8,3,9 C2=0,3,6,8,1,9,5
ICRetputO PAIR C1=0,6,1,5,8,3,9 C2=0,3,6,8,1,9,5
ICRetpx}? NOPAIR
ICRetpxv? NOPAIR
ICRetpxx_ PAIR C1=0,5,2,7,8,3,6,4,1,9 C2=0,3,7,4,8,2,9,5,1,6
ICRdvRw]_ PAIR C1=0,3,6,4,9,2,8,1,7 C2=0,6,2,7,4,1,9,3,8
ICRdvRwZ_ PAIR C1=0,5,2,8,4,6,9,1,7 C2=0,6,2,7,4,9,5,1,8
ICRdvR[Z_ PAIR C1=0,5,2,9,6,4,8,1,7 C2=0,6,2,7,4,9,1,5,8
ICRdvR[NO PAIR C1=0,3,8,1,7,4,9,5,2,6 C2=0,7,2,9,3,6,4,1,5,8
ICRdvP{}? PAIR C1=0,7,1,4,8,2,6,3,9 C2=0,3,8,1,9,2,7,4,6
ICRdvP{z? NOPAIR
ICRdvP{^? PAIR C1=0,5,8,4,1,7,2,9,3,6 C2=0,3,8,1,9,5,2,6,4,7
ICRdvP{{_ PAIR C1=0,6,3,8,5,2,9,1,4,7 C2=0,3,9,6,4,8,2,7,1,5
ICRdvP{y_ PAIR C1=0,6,2,8,5,1,9,4,7 C2=0,5,2,7,1,8,4,6,9
ICRdvP{m_ PAIR C1=0,6,3,8,1,5,2,9,4,7 C2=0,3,9,6,2,7,1,4,8,5
ICRdvP{x_ PAIR C1=0,6,2,5,8,4,7,1,9 C2=0,5,9,6,4,1,8,2,7
ICRdvP{r_ PAIR C1=0,6,2,5,8,4,7,1,9 C2=0,5,9,6,4,1,8,2,7
ICRdvP{j_ PAIR C1=0,5,8,1,7,4,6,2,9 C2=0,6,9,5,1,4,8,2,7
ICRdvP{Z_ NOPAIR
ICRdvP{f_ PAIR C1=0,6,3,9,4,1,5,8,2,7 C2=0,3,8,1,7,4,6,2,5,9
ICRdvP{yO NOPAIR
ICRdvP{]O PAIR C1=0,5,8,1,4,9,3,6,2,7 C2=0,3,8,2,5,1,9,7,4,6
ICRdvP{\O PAIR C1=0,5,8,3,6,2,9,1,4,7 C2=0,3,9,7,2,5,1,8,4,6
ICRdvP{jO PAIR C1=1,7,4,9,2,5,8 C2=1,4,8,2,7,9,5
ICRdvP{ZO PAIR C1=1,7,4,9,2,5,8 C2=1,4,8,2,7,9,5
ICRdvP{fO PAIR C1=0,5,2,7,1,8,3,9,4,6 C2=0,3,6,2,8,4,1,5,9,7
ICRdvP{NO PAIR C1=0,5,2,7,1,8,3,9,4,6 C2=0,3,6,2,8,4,1,5,9,7
ICRdvP{wo PAIR C1=0,7,2,6,4,8,5,1,9 C2=0,5,2,8,1,4,7,9,6
ICRdvP{so PAIR C1=0,7,2,6,4,8,5,1,9 C2=0,5,2,8,1,4,7,9,6
ICRdvP{io PAIR C1=0,7,1,5,8,4,6,2,9 C2=0,5,2,8,1,4,7,9,6
ICRdvP{Yo NOPAIR
ICRdvP{po PAIR C1=0,6,2,5,8,4,7,1,9 C2=0,5,9,6,4,1,8,2,7
ICRdvP{do PAIR C1=0,7,4,8,1,5,2,6,3,9 C2=0,3,8,2,7,1,4,6,9,5
ICRdvP{To PAIR C1=0,6,2,5,8,3,9,1,7 C2=0,3,6,9,7,2,8,1,5
ICRdvP{bo PAIR C1=0,5,1,7,9,4,8,2,6 C2=0,7,2,5,8,1,4,6,9
ICRdvP{Fo PAIR C1=0,3,8,4,9,7,1,5,2,6 C2=0,5,9,3,6,4,1,8,2,7
ICRdvPyz? PAIR C1=0,6,2,8,4,9,5,1,7 C2=0,5,2,7,4,6,8,1,9
ICRdvPy{O PAIR C1=0,7,1,4,8,2,6,3,9 C2=0,3,8,1,9,2,7,4,6
ICRdvO}yO PAIR C1=0,6,4,7,1,5,8,2,9 C2=0,5,2,6,8,4,1,9,7
ICRdvO}jO PAIR C1=0,6,2,7,4,8,5,9 C2=0,5,2,8,6,4,9,7
ICRdvPt{_ PAIR C1=0,5,8,1,9,3,6,2,7 C2=0,3,8,7,1,5,2,9,6
ICRdtp{}? PAIR C1=0,6,3,8,5,2,7,4,1,9 C2=0,5,1,8,2,6,4,9,3,7
ICRdtp{|? PAIR C1=0,6,3,8,5,2,7,4,1,9 C2=0,5,1,8,4,6,2,9,3,7
ICRdtp{z? PAIR C1=0,3,6,2,7,4,9,1,8,5 C2=0,6,4,1,5,9,2,8,3,7
ICRdtp{v? PAIR C1=0,5,2,7,4,8,1,9,3,6 C2=0,7,3,8,2,6,4,1,5,9
ICRdtp{n? PAIR C1=0,5,8,2,7,4,9,3,6 C2=0,7,3,8,4,6,2,5,9
ICRdtp{^? PAIR C1=0,3,6,2,7,4,9,1,8,5 C2=0,6,4,1,5,9,2,8,3,7
ICRdtp{y_ PAIR C1=0,3,6,2,7,4,9,1,8,5 C2=0,6,9,2,5,1,4,8,3,7
ICRdtp{m_ NOPAIR
ICRdtp{l_ NOPAIR
ICRdtp{r_ PAIR C1=0,5,2,8,3,6,9,4,7 C2=0,3,7,2,6,4,8,5,9
ICRdtp{j_ PAIR C1=0,5,2,8,3,6,9,4,7 C2=0,3,7,2,6,4,8,5,9
ICRdtp{f_ PAIR C1=0,5,2,8,3,6,9,4,7 C2=0,3,7,2,6,4,8,5,9
ICRdtp{V_ PAIR C1=0,5,2,8,4,1,9,6,3,7 C2=0,3,8,1,5,9,4,7,2,6
ICRdtp{N_ PAIR C1=0,5,2,8,4,9,6,3,7 C2=0,3,8,5,9,2,7,4,6
ICRdtp{ko NOPAIR
ICRdtp{[o PAIR C1=0,5,2,8,1,4,7,3,9,6 C2=0,3,6,4,8,5,1,9,2,7
ICRdtp{io NOPAIR
ICRdtp{Mo NOPAIR
ICRdtp{po PAIR C1=0,5,8,2,7,9,1,4,6 C2=0,7,4,8,1,5,2,6,9
ICRdtp{do NOPAIR
ICRdtp{To PAIR C1=0,3,6,4,7,9,1,8,5 C2=0,6,9,5,1,4,8,3,7
ICRdtp{bo PAIR C1=0,3,6,2,7,9,4,8,5 C2=0,6,4,7,3,8,2,5,9
ICRdtp{Ro PAIR C1=0,3,6,4,7,9,1,8,5 C2=0,6,9,5,1,4,8,3,7
ICRdtp{Fo PAIR C1=0,3,9,6,2,7,4,8,5 C2=0,6,4,9,5,2,8,3,7
ICRdrrw}? PAIR C1=0,3,7,1,8,4,6,2,9 C2=0,6,3,9,1,4,7,2,8
ICRdrrw|? PAIR C1=0,3,7,1,8,4,6,2,9 C2=0,6,3,9,1,4,7,2,8
ICRdrrwv? PAIR C1=0,5,1,7,3,8,2,6,4,9 C2=0,6,3,9,5,2,7,4,1,8
ICRdrrwn? PAIR C1=0,5,1,7,3,8,2,6,4,9 C2=0,6,3,9,5,2,7,4,1,8
ICRdrrw{_ PAIR C1=0,3,7,1,8,4,6,2,9 C2=0,6,3,9,1,4,7,2,8
ICRdrrwy_ PAIR C1=0,3,8,1,7,4,9,2,6 C2=0,8,2,7,3,6,4,1,9
ICRdrrwu_ NOPAIR
ICRdrrwm_ NOPAIR
ICRdrrw]_ PAIR C1=1,7,3,9,2,6,4,8 C2=1,4,7,2,8,3,6,9
ICRdrrwx_ PAIR C1=0,3,6,4,7,1,5,9,2,8 C2=0,5,2,7,3,8,4,1,9,6
ICRdrrw\_ PAIR C1=0,3,6,4,7,1,5,9,2,8 C2=0,5,2,7,3,8,4,1,9,6
ICRdrrwZ_ PAIR C1=0,3,6,4,7,1,5,9,2,8 C2=0,5,2,7,3,8,4,1,9,6
ICRdrrwV_ PAIR C1=0,3,6,2,7,1,5,9,4,8 C2=0,5,2,8,3,7,4,1,9,6
ICRdrrwN_ PAIR C1=0,3,9,5,1,7,4,6,2,8 C2=0,5,2,7,3,8,1,4,9,6
ICRdrrwwo PAIR C1=0,3,7,9,6,4,1,8 C2=0,6,3,8,4,7,1,9
ICRdrrwko NOPAIR
ICRdrrw[o PAIR C1=1,7,3,9,2,6,4,8 C2=1,4,7,2,8,3,6,9
ICRdrrwMo NOPAIR
ICRdrrwpo PAIR C1=0,3,8,2,7,9,5,1,4,6 C2=0,5,2,6,3,7,4,8,1,9
ICRdrrwho PAIR C1=0,3,6,2,9,7,4,8,1,5 C2=0,6,4,1,7,3,8,2,5,9
ICRdrrwLo PAIR C1=0,3,8,1,5,2,9,7,4,6 C2=0,5,9,3,6,2,7,1,4,8
ICRdrrsv? PAIR C1=0,3,7,4,9,1,8,5,2,6 C2=0,5,9,3,6,4,1,7,2,8
ICRdrrs^? PAIR C1=0,3,7,4,9,1,8,5,2,6 C2=0,5,9,3,6,4,1,7,2,8
ICRdrrs{_ NOPAIR
ICRdrrsy_ PAIR C1=0,3,6,9,4,7,1,5,2,8 C2=0,5,8,3,7,2,6,4,1,9
ICRdrrsm_ PAIR C1=0,3,8,2,5,1,7,4,9,6 C2=0,5,8,1,4,6,3,7,2,9
ICRdrrs]_ PAIR C1=0,3,6,9,4,7,1,5,2,8 C2=0,5,8,3,7,2,9,1,4,6
ICRdrrsx_ NOPAIR
ICRdrrst_ NOPAIR
ICRdrrs\_ PAIR C1=0,3,6,9,5,2,8 C2=0,5,8,3,9,2,6
ICRdrrsj_ PAIR C1=0,3,6,9,4,7,1,5,2,8 C2=0,5,9,2,7,3,8,1,4,6
ICRdrrsV_ PAIR C1=0,3,6,2,7,4,9,1,8,5 C2=0,6,4,1,7,3,9,5,2,8
ICRdrrsN_ PAIR C1=0,3,6,2,9,4,7,1,8,5 C2=0,6,4,1,5,9,3,7,2,8
ICRdrrs{O NOPAIR
ICRdrrsyO PAIR C1=0,5,1,8,2,6,3,7,4,9 C2=0,3,8,5,2,7,9,1,4,6
ICRdrrsmO PAIR C1=0,5,8,1,4,7,3,6,2,9 C2=0,3,8,2,5,1,7,9,4,6
ICRdrrs]O PAIR C1=0,6,2,9,3,7,4,1,5,8 C2=0,3,6,4,9,7,1,8,2,5
ICRdrrsxO NOPAIR
ICRdrrstO NOPAIR
ICRdrrslO NOPAIR
ICRdrrs\O NOPAIR
ICRdrrsjO PAIR C1=0,3,7,1,5,9,4,6,2,8 C2=0,5,2,9,7,4,1,8,3,6
ICRdrrswo PAIR C1=0,3,7,1,9,6,2,8,5 C2=0,6,3,8,1,5,2,7,9
ICRdrrsko NOPAIR
ICRdrrs[o PAIR C1=0,3,7,1,9,6,2,8,5 C2=0,6,3,9,7,2,5,1,8
ICRdrrsqo PAIR C1=0,3,7,1,9,6,2,8,5 C2=0,6,3,8,1,5,2,7,9
ICRdrrsio PAIR C1=0,3,7,1,8,5,2,6,4,9 C2=0,5,1,4,7,2,9,6,3,8
ICRdrrspo PAIR C1=0,6,2,5,8,3,7,1,9 C2=0,3,6,9,7,2,8,1,5
ICRdrrsTo PAIR C1=0,3,7,1,9,6,2,5,8 C2=0,5,1,8,2,7,9,3,6
ICRdrrsbo PAIR C1=0,5,1,7,3,8,2,6,4,9 C2=0,3,6,9,5,2,7,4,1,8
ICRdrrsRo PAIR C1=0,6,4,9,5,1,7,3,8 C2=0,3,6,9,7,4,1,8,5
ICRdrrsFo PAIR C1=0,6,4,9,5,1,7,3,8 C2=0,3,6,9,7,4,1,8,5
ICRdrr[v? NOPAIR
ICRdrr[n? PAIR C1=0,8,3,7,1,5,2,6,4,9 C2=0,5,8,1,4,7,2,9,3,6
ICRdrr[{_ PAIR C1=0,8,4,6,2,5,1,7,3,9 C2=0,3,6,9,2,7,4,1,8,5
ICRdrr[y_ PAIR C1=0,6,2,5,1,7,3,8,4,9 C2=0,3,6,9,2,7,4,1,8,5
ICRdrr[u_ NOPAIR
ICRdrr[]_ PAIR C1=0,3,9,4,7,1,8,5,2,6 C2=0,5,1,4,6,9,2,7,3,8
ICRdrr[t_ NOPAIR
ICRdrr[\_ PAIR C1=0,3,9,6,2,5,1,7,4,8 C2=0,5,9,2,7,3,8,1,4,6
ICRdrr[r_ NOPAIR
ICRdrr[V_ NOPAIR
ICRdrr[N_ PAIR C1=0,3,8,4,6,9,2,7,1,5 C2=0,6,2,5,9,3,7,4,1,8
ICRdrr[wo PAIR C1=0,3,6,2,7,9,1,8,5 C2=0,6,9,2,5,1,7,3,8
ICRdrr[so PAIR C1=0,6,4,7,3,8,1,9 C2=0,3,6,9,7,1,4,8
ICRdrr[po PAIR C1=0,6,4,7,3,8,1,9 C2=0,3,6,9,7,1,4,8
ICRdrr[ho PAIR C1=0,5,1,8,3,7,4,6,2,9 C2=0,3,6,9,5,2,7,1,4,8
ICRdrr[do PAIR C1=0,5,8,1,4,7,9,3,6 C2=0,3,7,1,5,9,6,4,8
ICRdrr[To PAIR C1=0,5,8,1,4,7,9,3,6 C2=0,3,7,1,5,9,6,4,8
ICRdrr[Lo PAIR C1=0,5,8,1,4,7,9,3,6 C2=0,3,7,1,5,9,6,4,8
ICRdrr[Fo PAIR C1=0,5,8,1,4,7,9,3,6 C2=0,3,7,1,5,9,6,4,8
ICRdrq{|? PAIR C1=0,5,8,2,7,4,1,9,3,6 C2=0,3,7,1,5,9,2,6,4,8
ICRdrq{n? NOPAIR
ICRdrq{^? PAIR C1=0,5,1,9,3,7,4,8,2,6 C2=0,3,6,4,1,7,2,9,5,8
ICRdrq{y_ PAIR C1=0,5,2,7,3,6,9,1,4,8 C2=0,3,8,5,1,7,4,9,2,6
ICRdrq{u_ PAIR C1=0,5,2,7,3,6,9,1,4,8 C2=0,3,9,4,7,1,5,8,2,6
ICRdrq{m_ NOPAIR
ICRdrq{]_ PAIR C1=0,5,2,6,9,1,4,7,3,8 C2=0,3,9,2,7,1,5,8,4,6
ICRdrq{x_ PAIR C1=0,5,2,7,4,1,9,6,3,8 C2=0,3,7,1,5,9,2,8,4,6
ICRdrq{l_ PAIR C1=0,5,2,9,6,3,8 C2=0,3,9,5,8,2,6
ICRdrq{\_ PAIR C1=0,5,2,9,6,3,8 C2=0,3,9,5,8,2,6
ICRdrq{j_ NOPAIR
ICRdrq{V_ PAIR C1=0,6,2,7,4,1,5,9,3,8 C2=0,3,7,1,9,6,4,8,2,5
ICRdrq{N_ PAIR C1=0,6,2,5,9,3,8 C2=0,3,6,9,2,8,5
ICRdrq{{O PAIR C1=0,6,4,7,1,5,2,9,3,8 C2=0,3,6,2,7,9,1,4,8,5
ICRdrq{yO PAIR C1=0,6,4,9,2,5,1,7,3,8 C2=0,3,6,2,7,9,1,4,8,5
ICRdrq{mO PAIR C1=0,6,3,7,4,9,2,8 C2=0,3,8,4,6,2,7,9
ICRdrq{]O PAIR C1=0,5,1,7,4,9,3,8,2,6 C2=0,3,6,4,1,9,7,2,5,8
ICRdrq{lO NOPAIR
ICRdrq{rO PAIR C1=0,5,2,7,1,9,4,8,3,6 C2=0,3,7,9,5,1,4,6,2,8
ICRdrq{jO PAIR C1=0,6,3,7,4,9,2,5,8 C2=0,3,8,4,6,2,7,9,5
ICRdrq{fO PAIR C1=0,6,4,9,3,7,2,5,8 C2=0,3,6,2,8,4,7,9,5
ICRdrq{VO PAIR C1=0,6,4,9,3,7,2,5,8 C2=0,3,6,2,8,4,7,9,5
ICRdrq{NO PAIR C1=0,6,4,9,3,7,2,5,8 C2=0,3,6,2,8,4,7,9,5
ICRdrq{ko NOPAIR
ICRdrq{[o PAIR C1=0,5,1,7,4,6,3,9,2,8 C2=0,3,7,9,1,4,8,5,2,6
ICRdrq{io PAIR C1=0,6,3,7,4,9,2,8 C2=0,3,8,4,6,2,7,9
ICRdrq{Uo PAIR C1=0,5,2,8,3,7,1,9,4,6 C2=0,3,9,6,2,7,4,1,5,8
ICRdrq{Mo NOPAIR
ICRdrq{po PAIR C1=0,3,8,2,6,4,7,1,9,5 C2=0,8,4,1,5,2,7,3,6,9
ICRdrq{To PAIR C1=0,3,8,2,6,4,7,1,9,5 C2=0,6,9,3,7,2,5,1,4,8
ICRdrq{bo PAIR C1=0,3,7,2,8,5,9,4,6 C2=0,5,2,6,3,8,4,7,9
ICRdrq{Ro PAIR C1=0,3,7,1,5,9,4,8,2,6 C2=0,5,2,7,4,1,9,6,3,8
ICRdrq{Fo PAIR C1=0,5,9,4,8,2,7,3,6 C2=0,3,9,7,4,6,2,5,8
ICRdrrqyO PAIR C1=0,3,7,4,9,1,8,2,6 C2=0,8,3,6,4,1,7,2,9
ICRdrrqrO PAIR C1=0,3,6,2,8,1,7,9,5 C2=0,6,8,3,7,2,5,1,9
ICRdrri{O PAIR C1=0,3,7,4,8,1,9,2,6 C2=0,8,2,7,1,4,6,3,9
ICRdrriyO NOPAIR
ICRdrritO PAIR C1=0,3,7,9,1,8,6,2,5 C2=0,6,3,9,5,1,7,2,8
ICRdrrijO PAIR C1=0,5,2,9,7,4,1,8,6 C2=0,8,4,6,2,7,1,5,9
ICRdrrYuO PAIR C1=0,3,7,9,4,1,8,6 C2=0,8,3,6,4,7,1,9
ICRdrrYxO PAIR C1=0,3,7,9,2,5,1,8,6 C2=0,5,9,1,7,2,6,3,8
ICRdrqyyO PAIR C1=0,6,3,7,4,9,2,8 C2=0,3,8,4,6,2,7,9
ICRdrqymO PAIR C1=0,6,3,7,4,9,2,8 C2=0,3,8,4,6,2,7,9
ICRdrqyjO PAIR C1=0,6,3,7,4,9,2,8 C2=0,3,8,4,6,2,7,9
ICRdrpy{O NOPAIR
ICRdrpy\O NOPAIR
ICRdrre{O PAIR C1=0,5,8,1,7,2,9,3,6 C2=0,3,7,9,1,5,2,6,8
ICRdrreyO PAIR C1=0,8,5,1,7,4,6,2,9 C2=0,5,2,7,9,4,1,8,6
ICRdrrexO NOPAIR
ICRdrretO PAIR C1=0,3,9,1,7,2,5,8,6 C2=0,5,1,8,2,6,3,7,9
ICRdrrerO PAIR C1=0,5,2,7,9,1,4,6,8 C2=0,6,2,8,5,1,7,4,9
ICRdrrUtO NOPAIR
ICRdrrUrO PAIR C1=0,8,3,6,4,1,7,9 C2=0,3,7,4,9,1,8,6
ICRdrrUVO PAIR C1=0,3,9,7,1,4,6,8,5 C2=0,6,3,7,4,9,5,1,8
ICRdrputO PAIR C1=0,3,9,7,1,5,8,2,6 C2=0,5,2,7,3,6,8,1,9
ICRdrpu\O NOPAIR
ICRdrpuVO PAIR C1=1,7,3,8,5,2,6,4,9 C2=1,4,7,2,8,6,3,9,5
ICRdrrMtO PAIR C1=0,3,7,1,4,6,8,5,9 C2=0,5,1,8,4,7,9,3,6
ICRdrqmyO PAIR C1=0,8,5,2,6,4,1,7,9 C2=0,5,1,9,2,7,4,8,6
ICRdrp]tO PAIR C1=0,5,8,1,4,6,3,7,9 C2=0,3,9,5,1,7,4,8,6
ICRdrp]VO NOPAIR
ICRdro}NO PAIR C1=2,7,3,9,4,6,8 C2=2,6,3,8,4,7,9
ICRfLpx|? PAIR C1=0,3,7,2,8,1,6,5,9 C2=0,6,2,5,1,9,3,8,7
ICRfLpxx_ NOPAIR
ICRelp{}? PAIR C1=0,5,6,1,4,8,2,9,3,7 C2=0,6,3,8,1,5,2,7,4,9
ICRelp{{O PAIR C1=0,3,6,5,8,1,9,2,7 C2=0,6,1,5,2,8,3,7,9
ICRelp{uO PAIR C1=0,6,5,8,1,4,7,3,9 C2=0,5,1,6,3,8,4,9,7
ICRelpx|? PAIR C1=0,5,6,3,7,2,8,1,9 C2=0,6,1,5,2,9,3,8,7
ICRelpxv? PAIR C1=0,5,6,1,8,4,9,3,7 C2=0,6,3,8,7,4,1,5,9
ICRelpxt_ NOPAIR
ICRejq{{O PAIR C1=0,3,7,9,2,8,5,1,6 C2=0,8,3,6,5,2,7,1,9
ICRejq{uO PAIR C1=0,5,1,6,3,9,7,4,8 C2=0,6,5,8,3,7,1,4,9
ICRdn`{}? PAIR C1=0,7,2,6,5,1,8,3,9 C2=0,5,8,2,9,1,7,3,6
ICRdnPyxO NOPAIR
ICRdnPx|? PAIR C1=0,3,9,2,6,5,1,8,7 C2=0,5,9,1,7,2,8,3,6
ICRdnPx{_ PAIR C1=0,3,9,6,2,5,1,8,7 C2=0,5,6,3,8,2,7,1,9
ICRdnPxy_ PAIR C1=0,5,2,7,8,1,4,9,6 C2=0,7,4,8,2,6,5,1,9
ICRdnPxx_ NOPAIR
ICRdmp{u_ PAIR C1=0,6,3,7,1,5,8,4,9 C2=0,5,6,9,3,8,1,4,7
ICRdmp{{O PAIR C1=0,3,7,9,1,8,5,2,6 C2=0,7,1,5,6,3,8,2,9
ICRdmp{wo PAIR C1=0,3,7,9,1,8,5,2,6 C2=0,7,1,5,6,3,8,2,9
ICRdmp{so NOPAIR
ICRdmp{qo PAIR C1=0,3,6,5,8,1,9,4,7 C2=0,5,1,4,8,3,7,9,6
ICRdmpyv? PAIR C1=0,5,6,3,8,1,7,4,9 C2=0,6,8,4,1,5,9,3,7
ICRdmpy^? PAIR C1=0,3,8,2,9,4,7,1,5,6 C2=0,5,2,6,8,4,1,9,3,7
ICRdmpyyO PAIR C1=0,7,1,5,6,3,8,2,9 C2=0,3,7,9,1,8,6,2,5
ICRdmpytO NOPAIR
ICRdmpx|? PAIR C1=0,5,1,9,2,6,3,8,7 C2=0,6,5,2,8,1,7,3,9
ICRdmpxy_ PAIR C1=0,3,6,9,2,5,1,8,7 C2=0,5,6,2,8,3,7,1,9
ICRdmpxt_ NOPAIR
ICRdlp{{O NOPAIR
ICRdlp{mO NOPAIR
ICRdjrw}? PAIR C1=0,5,2,7,1,8,4,9,3,6 C2=0,8,3,7,4,1,5,6,2,9
ICRdjrw|? NOPAIR
ICRdjrwz? PAIR C1=0,3,8,4,7,1,5,9,2,6 C2=0,5,6,3,7,2,8,1,4,9
ICRdjrwn? PAIR C1=0,3,8,4,7,1,5,9,2,6 C2=0,5,6,3,7,2,8,1,4,9
ICRdjrw^? PAIR C1=0,3,7,2,6,5,9,1,4,8 C2=0,5,1,7,4,9,2,8,3,6
ICRdjrw{_ NOPAIR
ICRdjrwy_ PAIR C1=0,3,6,9,1,5,2,7,4,8 C2=0,5,6,2,8,3,7,1,4,9
ICRdjrwm_ PAIR C1=0,3,6,9,2,5,1,7,4,8 C2=0,5,6,2,7,3,8,1,4,9
ICRdjrw]_ PAIR C1=0,6,9,3,7,2,5,1,4,8 C2=0,3,8,1,7,4,9,2,6,5
ICRdjrwx_ NOPAIR
ICRdjrwl_ NOPAIR
ICRdjrw\_ NOPAIR
ICRdjrwj_ PAIR C1=0,5,2,7,1,4,8,3,6,9 C2=0,3,7,4,9,2,8,1,5,6
ICRdjrwV_ PAIR C1=0,6,3,9,5,2,7,1,4,8 C2=0,3,7,4,9,1,8,2,6,5
ICRdjrwN_ PAIR C1=0,6,2,7,3,9,5,1,4,8 C2=0,3,6,9,4,7,1,8,2,5
ICRdjrw{O PAIR C1=0,6,3,9,7,2,5,1,8 C2=0,5,6,2,8,3,7,1,9
ICRdjrwyO PAIR C1=0,5,1,4,8,3,7,9,2,6 C2=0,3,6,5,2,8,1,7,4,9
ICRdjrwmO PAIR C1=0,5,1,4,8,3,7,9,2,6 C2=0,3,6,5,2,8,1,7,4,9
ICRdjrw]O PAIR C1=0,3,8,2,9,7,4,1,5,6 C2=0,5,2,6,3,7,1,9,4,8
ICRdjrwxO PAIR C1=0,3,8,1,5,9,7,2,6 C2=0,5,6,3,7,1,9,2,8
ICRdjrwtO PAIR C1=0,6,5,1,7,2,8,3,9 C2=0,5,2,6,3,7,9,1,8
ICRdjrwlO NOPAIR
ICRdjrw\O PAIR C1=0,6,3,7,1,5,9,2,8 C2=0,3,8,1,9,7,2,6,5
ICRdjrwrO PAIR C1=0,6,3,7,4,8,2,5,1,9 C2=0,3,8,1,4,9,7,2,6,5
ICRdjrwjO PAIR C1=0,6,3,8,4,7,1,5,2,9 C2=0,3,7,9,4,1,8,2,6,5
ICRdjrwNO PAIR C1=0,6,3,9,2,5,1,7,4,8 C2=0,3,7,9,4,1,8,2,6,5
ICRdjrwwo PAIR C1=0,8,3,6,2,5,1,7,9 C2=0,3,7,2,8,1,9,6,5
ICRdjrwso PAIR C1=0,8,3,6,2,5,1,7,9 C2=0,3,7,2,8,1,9,6,5
ICRdjrwko NOPAIR
ICRdjrw[o PAIR C1=0,5,6,3,7,1,9,2,8 C2=0,3,8,1,5,2,7,9,6
ICRdjrwqo PAIR C1=0,8,3,6,5,2,7,1,9 C2=0,3,7,9,6,2,8,1,5
ICRdjrwio PAIR C1=0,8,1,5,6,2,7,4,9 C2=0,5,2,8,4,1,7,9,6
ICRdjrwpo PAIR C1=0,8,2,7,3,6,5,1,9 C2=0,3,8,1,7,9,6,2,5
ICRdjrwho NOPAIR
ICRdjrwTo PAIR C1=0,6,5,2,7,1,9,3,8 C2=0,3,7,9,6,2,8,1,5
ICRdjrwLo NOPAIR
ICRdjrwbo PAIR C1=0,6,5,1,7,2,8,4,9 C2=0,5,2,6,9,7,4,1,8
ICRdjrwFo PAIR C1=0,6,5,9,4,1,7,3,8 C2=0,3,6,9,7,4,8,1,5
ICRdjr[]_ PAIR C1=0,3,9,4,8,5,1,7,2,6 C2=0,5,2,9,6,3,7,4,1,8
ICRdjp{{O PAIR C1=0,3,7,2,6,5,8,1,9 C2=0,5,1,7,9,2,8,3,6
ICRdjp{[o PAIR C1=1,5,8,3,9,6,2,7 C2=1,8,2,5,6,3,7,9
ICRdjri{O PAIR C1=0,5,2,7,1,8,6,3,9 C2=0,3,7,9,1,5,6,2,8
ICRdjrY^? PAIR C1=0,3,9,4,8,6,2,7,1,5 C2=0,6,5,2,9,1,4,7,3,8
ICRdjpy\O PAIR C1=1,5,9,3,8,6,2,7 C2=1,8,2,5,6,3,7,9
ICRdjpx|? PAIR C1=0,3,6,2,8,7,1,9,5 C2=0,6,5,1,8,3,7,2,9
ICRbnbwn? PAIR C1=0,5,9,3,6,1,8,2,7 C2=0,8,3,7,1,5,6,2,9
ICRbna{qo PAIR C1=0,3,8,5,2,7,1,6,9 C2=0,5,1,9,7,3,6,2,8
ICRbnQyxO NOPAIR
ICRbnQx|? PAIR C1=0,3,8,7,2,6,1,5,9 C2=0,7,1,9,3,6,5,2,8
ICRbnQx{_ PAIR C1=0,3,8,7,2,9,6,1,5 C2=0,7,1,9,3,6,5,2,8
ICRbnQxy_ PAIR C1=0,5,2,7,8,4,1,6,9 C2=0,7,4,9,1,5,6,2,8
ICRbnQxx_ NOPAIR
ICRbmq{u_ PAIR C1=0,5,8,4,1,6,9,3,7 C2=0,8,3,6,5,1,7,4,9
ICRbmq{]O PAIR C1=1,6,3,9,2,5,8,4,7 C2=1,4,9,7,3,8,2,6,5
ICRbmq{so NOPAIR
ICRbmqx^? PAIR C1=0,5,9,4,1,6,2,8,3,7 C2=0,3,6,5,2,9,1,7,4,8
ICRbmqxt_ NOPAIR
ICRblrw}? PAIR C1=0,7,3,6,2,5,1,9,4,8 C2=0,5,6,1,4,7,2,8,3,9
ICRblrw|? PAIR C1=0,3,9,2,6,5,1,8 C2=0,5,2,8,3,6,1,9
ICRblrwz? PAIR C1=0,3,7,2,6,5,9,4,1,8 C2=0,5,2,9,1,6,3,8,4,7
ICRblrwn? PAIR C1=0,3,9,4,7,2,6,5,1,8 C2=0,7,3,6,1,4,8,2,5,9
ICRblrw^? PAIR C1=0,5,6,2,7,3,9,4,1,8 C2=0,3,6,1,9,5,2,8,4,7
ICRblrwx_ NOPAIR
ICRblrwt_ NOPAIR
ICRblrwl_ NOPAIR
ICRblrwf_ PAIR C1=0,3,8,1,4,9,6,5,2,7 C2=0,5,1,6,2,8,4,7,3,9
ICRblrw{O PAIR C1=0,3,8,1,9,2,6,5 C2=0,8,2,5,1,6,3,9
ICRblrwyO PAIR C1=0,8,4,1,5,2,6,3,7,9 C2=0,3,8,2,7,4,9,1,6,5
ICRblrwxO PAIR C1=0,3,6,2,8,1,5,9,7 C2=0,8,3,7,2,5,6,1,9
ICRblrwlO NOPAIR
ICRblrw\O PAIR C1=0,3,6,2,8,1,5,9,7 C2=0,5,6,1,9,2,7,3,8
ICRblrwVO PAIR C1=0,5,9,3,6,2,8,1,4,7 C2=0,3,7,2,5,6,1,9,4,8
ICRblrwNO PAIR C1=0,3,9,7,4,8,1,6,2,5 C2=0,7,2,9,4,1,5,6,3,8
ICRblrwpo PAIR C1=0,3,8,1,6,2,5,9,7 C2=0,8,2,7,3,6,5,1,9
ICRblrwdo NOPAIR
ICRblrwbo PAIR C1=0,5,1,6,2,7,9,4,8 C2=0,7,4,1,8,2,5,6,9
ICRblrwRo PAIR C1=0,5,9,7,3,6,1,4,8 C2=0,3,8,1,5,6,9,4,7
ICRblrsu_ PAIR C1=0,8,5,1,6,3,9 C2=0,3,8,1,9,6,5
ICRc~`{wo PAIR C1=0,3,6,5,8,1,7,2,9 C2=0,6,9,1,5,2,8,3,7
ICRc~`{so NOPAIR
ICRc~`{qo PAIR C1=0,3,6,5,8,1,4,9,7 C2=0,5,1,7,3,8,4,6,9
ICRc~`y|? PAIR C1=0,3,6,5,9,1,8,2,7 C2=0,6,8,3,7,1,5,2,9
ICRc~`ytO NOPAIR
ICRc~`xy_ PAIR C1=0,3,7,2,8,1,9,6,5 C2=0,6,3,8,7,1,5,2,9
ICRc~`xt_ NOPAIR
ICRc~P{qo NOPAIR
ICRc~Pyz? PAIR C1=0,7,1,4,8,6,5,2,9 C2=0,5,9,1,8,2,7,4,6
ICRc~PyrO NOPAIR
ICRc~PyjO PAIR C1=0,6,4,8,2,5,1,7,9 C2=0,5,6,8,1,4,9,2,7
ICRc~PyfO PAIR C1=0,6,3,8,4,1,5,9,7 C2=0,3,9,4,7,1,8,6,5
ICRc~Px{_ PAIR C1=0,5,2,7,8,4,1,9,6 C2=0,7,4,6,5,1,8,2,9
ICRc~Pxr_ NOPAIR
ICRc}py}? NOPAIR
ICRc|p{eo NOPAIR
ICRczrw}? PAIR C1=0,3,6,5,2,8,1,7,4,9 C2=0,5,1,9,2,7,3,8,4,6
ICRczrwv? PAIR C1=0,5,6,3,9,1,4,8 C2=0,3,8,1,5,9,4,6
ICRczrwn? PAIR C1=0,8,4,1,7,3,6,5,2,9 C2=0,3,9,5,1,8,2,7,4,6
ICRczrw{_ PAIR C1=0,8,4,1,7,3,6,5,2,9 C2=0,5,1,9,3,8,2,7,4,6
ICRczrwy_ PAIR C1=0,3,7,2,5,6,9,1,4,8 C2=0,5,1,7,4,6,3,8,2,9
ICRczrwu_ NOPAIR
ICRczrw]_ PAIR C1=0,3,9,1,7,2,5,6,4,8 C2=0,5,1,8,2,9,4,7,3,6
ICRczrw\_ PAIR C1=0,3,8,4,6,9,1,7,2,5 C2=0,6,5,1,4,7,3,9,2,8
ICRczrwr_ NOPAIR
ICRczrwV_ PAIR C1=0,5,9,1,4,6,3,8 C2=0,3,9,4,8,1,5,6
ICRczrwN_ PAIR C1=0,3,6,9,5,2,7,4,1,8 C2=0,5,1,7,3,8,2,9,4,6
ICRczrwuO NOPAIR
ICRczrwmO PAIR C1=0,3,8,2,9,7,1,4,6,5 C2=0,6,3,9,4,7,2,5,1,8
ICRczrwtO PAIR C1=0,5,6,4,1,8,3,7,9 C2=0,6,3,9,5,1,7,4,8
ICRczrwjO PAIR C1=0,6,5,2,7,3,8,1,4,9 C2=0,3,6,4,7,1,5,9,2,8
ICRczrwfO PAIR C1=0,5,6,4,1,8,3,7,9 C2=0,6,3,9,5,1,7,4,8
ICRczrwVO PAIR C1=0,3,8,1,9,4,6,5 C2=0,6,3,9,5,1,4,8
ICRczrwNO PAIR C1=0,3,7,9,4,1,8,2,5,6 C2=0,5,1,7,2,9,3,6,4,8
ICRczrwwo PAIR C1=0,3,7,9,1,4,8,2,5,6 C2=0,5,1,8,3,6,4,7,2,9
ICRczrwso PAIR C1=0,3,8,1,9,7,4,6 C2=0,8,4,1,7,3,6,9
ICRczrwio PAIR C1=0,3,8,1,7,2,9,4,6,5 C2=0,8,2,5,1,4,7,3,6,9
ICRczrwMo PAIR C1=0,3,8,1,7,2,9,4,6,5 C2=0,6,9,3,7,4,1,5,2,8
ICRczrwpo PAIR C1=0,3,6,4,8,1,7,9,5 C2=0,8,3,7,4,1,5,6,9
ICRczrwho PAIR C1=0,3,6,4,8,1,7,9,5 C2=0,8,3,7,4,1,5,6,9
ICRczrwXo PAIR C1=0,3,7,1,5,9,2,8,4,6 C2=0,5,2,7,4,1,9,6,3,8
ICRczrwTo PAIR C1=0,3,9,7,1,8,4,6,5 C2=0,6,9,5,1,4,7,3,8
ICRczrwbo PAIR C1=0,3,8,1,7,4,9,6,5 C2=0,6,3,7,9,5,1,4,8
ICRczrwFo PAIR C1=0,3,8,1,7,4,9,6,5 C2=0,6,3,7,9,5,1,4,8
ICRczrs]_ PAIR C1=0,3,8,1,7,4,9,2,5,6 C2=0,5,1,4,6,9,3,7,2,8
ICRczr[mO PAIR C1=0,6,3,7,9,4,1,5,8 C2=0,5,6,4,7,1,8,3,9
ICRczrq^? PAIR C1=0,5,2,9,4,6,3,7,1,8 C2=0,3,8,2,7,4,1,9,5,6
ICRczriv? PAIR C1=0,8,1,5,6,4,9 C2=0,5,9,1,4,8,6
ICRczrirO PAIR C1=0,8,1,5,6,4,9 C2=0,5,9,1,4,8,6
ICRczrY^? PAIR C1=0,6,3,9,5,1,4,8 C2=0,3,8,1,9,4,6,5
ICRczpy^? PAIR C1=1,4,8,6,3,9,5,2,7 C2=1,5,6,4,7,3,8,2,9
ICR`~bw}? PAIR C1=0,7,2,5,6,4,1,8,3,9 C2=0,5,1,7,3,6,2,9,4,8
ICR`~bw|? PAIR C1=0,3,8,1,9,5,2,7 C2=0,5,1,7,3,9,2,8
ICR`~bwn? PAIR C1=0,5,9,3,6,2,8,4,1,7 C2=0,3,7,2,9,4,6,5,1,8
ICR`~bw^? PAIR C1=0,5,9,3,6,2,8,4,1,7 C2=0,3,7,2,9,4,6,5,1,8
ICR`~bw{_ PAIR C1=0,5,2,6,9,3,7,1,8 C2=0,7,2,8,3,6,5,1,9
ICR`~bwy_ PAIR C1=0,5,2,8,1,4,9,6,3,7 C2=0,3,8,4,6,5,1,7,2,9
ICR`~bwm_ PAIR C1=0,5,2,8,1,4,9,6,3,7 C2=0,3,8,4,6,5,1,7,2,9
ICR`~bw]_ PAIR C1=0,5,1,4,9,6,3,7,2,8 C2=0,3,8,4,6,5,2,9,1,7
ICR`~bwx_ PAIR C1=0,3,7,1,8,2,6,9,5 C2=0,7,2,9,1,5,6,3,8
ICR`~bwt_ PAIR C1=0,3,7,1,9,6,5,2,8 C2=0,7,2,6,3,8,1,5,9
ICR`~bwl_ NOPAIR
ICR`~bw\_ PAIR C1=0,3,7,1,5,6,9,2,8 C2=0,5,9,1,8,3,6,2,7
ICR`~bwV_ PAIR C1=0,3,7,2,8,4,6,9,1,5 C2=0,7,1,4,9,5,2,6,3,8
ICR`~bw{O NOPAIR
ICR`~bwyO PAIR C1=0,3,6,5,2,9,7,1,4,8 C2=0,5,1,8,3,7,2,6,4,9
ICR`~bwmO PAIR C1=0,3,6,5,2,9,7,1,4,8 C2=0,5,1,8,3,7,2,6,4,9
ICR`~bw]O PAIR C1=0,3,6,5,2,7,9,4,1,8 C2=0,5,1,9,2,6,4,8,3,7
ICR`~bwxO NOPAIR
ICR`~bwlO NOPAIR
ICR`~bw\O PAIR C1=0,3,7,1,9,5,2,8 C2=0,5,1,8,3,9,2,7
ICR`~bwwo PAIR C1=0,5,1,9,6,2,7,3,8 C2=0,3,6,5,2,8,1,7,9
ICR`~bwso PAIR C1=0,5,1,9,6,2,7,3,8 C2=0,3,6,5,2,8,1,7,9
ICR`~bwko NOPAIR
ICR`~bw[o PAIR C1=0,5,6,3,7,1,9,2,8 C2=0,3,8,1,5,2,6,9,7
ICR`~bwqo PAIR C1=0,8,2,5,6,3,7,1,4,9 C2=0,3,8,4,6,2,7,9,1,5
ICR`~bwpo PAIR C1=0,3,8,1,7,2,5,6,9 C2=0,5,1,9,7,3,6,2,8
ICR`~bwdo NOPAIR
ICR`~bwTo PAIR C1=0,5,2,6,9,3,8,1,7 C2=0,3,6,5,1,9,7,2,8
ICR`~bwbo PAIR C1=0,3,7,9,6,4,8,1,5 C2=0,7,1,4,9,5,6,3,8
ICR`~bwFo PAIR C1=0,3,7,9,6,4,8,1,5 C2=0,7,1,4,9,5,6,3,8
ICR`~bs]O NOPAIR
ICR`~b[{_ PAIR C1=0,3,8,1,5,6,9,2,7 C2=0,8,5,2,6,3,7,1,9
ICR`~a{m_ PAIR C1=0,3,6,9,2,5,8 C2=0,5,6,2,8,3,9
ICR`~`{[o PAIR C1=1,8,5,2,7,3,6,9 C2=1,5,6,2,8,3,9,7
ICR`~bpz? PAIR C1=0,5,2,9,1,8,7 C2=0,8,2,7,1,5,9
ICR`~bp^? PAIR C1=0,5,2,9,1,8,3,7 C2=0,3,9,5,1,7,2,8
ICR`~bh|? PAIR C1=0,5,2,9,1,8,7 C2=0,8,2,7,1,5,9
ICR`~`x^? PAIR C1=1,4,6,5,2,9,3,7,8 C2=1,5,9,4,8,3,6,2,7
ICR`}rw}? PAIR C1=0,7,3,6,5,2,9,4,1,8 C2=0,5,1,7,4,6,2,8,3,9
ICR`}rwv? PAIR C1=0,7,3,9,4,1,8 C2=0,3,8,4,7,1,9
ICR`}rwx_ PAIR C1=0,8,4,6,3,7,1,5,2,9 C2=0,3,8,2,6,5,9,1,4,7
ICR`}rwt_ PAIR C1=0,5,9,3,6,4,8,1,7 C2=0,8,3,7,4,1,5,6,9
ICR`}rw\_ PAIR C1=0,5,9,2,6,3,8,4,1,7 C2=0,3,7,4,6,9,1,5,2,8
ICR`}rwuO PAIR C1=0,3,9,4,8,1,7 C2=0,8,3,7,4,1,9
ICR`}rwNO PAIR C1=0,3,6,5,2,8,4,9,7 C2=0,5,9,2,6,4,7,3,8
ICR`}rwpo PAIR C1=0,3,7,9,6,5,1,4,8 C2=0,5,9,1,8,3,6,4,7
ICR`}rwho PAIR C1=0,7,9,6,2,5,1,4,8 C2=0,5,6,4,7,1,8,2,9
ICR`}rwdo PAIR C1=0,3,8,4,6,9,7,1,5 C2=0,8,1,4,7,3,6,5,9
ICR`}rwTo PAIR C1=0,5,1,4,8,3,6,9,7 C2=0,3,9,5,6,4,7,1,8
ICR`}rs]_ PAIR C1=0,3,6,5,2,9,4,7,1,8 C2=0,5,8,2,6,4,1,9,3,7
ICRVFo}{_ PAIR C1=0,3,5,8,6,2,7,1,9 C2=0,5,1,6,9,2,8,3,7
ICRVFo}t_ NOPAIR
ICRVByyt_ NOPAIR
ICRVBu{t_ NOPAIR
ICRUVo}}? PAIR C1=0,6,1,7,4,8,5,3,9 C2=0,5,1,9,4,6,8,3,7
ICRUVo}z? PAIR C1=0,3,5,8,4,7,1,6 C2=0,5,1,4,6,8,3,7
ICRSvXyn? PAIR C1=0,6,4,8,3,5,1,7 C2=0,3,6,8,1,4,7,5
ICRSr^w}? PAIR C1=0,3,5,7,6,4,1,9 C2=0,5,1,7,4,9,3,6
ICRSr^wn? PAIR C1=0,3,6,7,5,1,4,8 C2=0,5,3,8,1,7,4,6
ICRVdpm{O PAIR C1=0,3,7,9,1,6,2,8,5 C2=0,6,8,1,5,3,9,2,7
ICRVdpmuO PAIR C1=0,6,1,4,8,5,3,7,9 C2=0,5,1,8,6,3,9,4,7
ICRVTr[]_ PAIR C1=0,3,8,5,1,9,4,6 C2=0,5,3,9,6,1,4,8
ICRVTr[N_ PAIR C1=0,3,5,9,4,6,1,8 C2=0,5,1,4,8,3,9,6
ICRVTp{}? PAIR C1=0,3,7,4,6,2,9,1,8,5 C2=0,6,1,5,3,9,4,8,2,7
ICRVTp{z? PAIR C1=0,3,7,4,1,8,5,9,2,6 C2=0,7,2,8,3,5,1,6,4,9
ICRVTp{v? NOPAIR
ICRVTp{n? PAIR C1=0,6,2,8,5,1,4,7,3,9 C2=0,5,3,8,1,6,4,9,2,7
ICRVTp{^? PAIR C1=0,5,8,3,9,2,6,1,4,7 C2=0,3,7,2,8,1,5,9,4,6
ICRVTp{{_ PAIR C1=0,5,8,3,9,2,6,1,4,7 C2=0,6,4,8,2,7,3,5,1,9
ICRVTp{u_ PAIR C1=0,5,8,3,9,4,1,6 C2=0,3,5,1,8,4,6,9
ICRVTp{m_ PAIR C1=0,5,8,3,9,4,1,6 C2=0,3,5,1,8,4,6,9
ICRVTp{t_ NOPAIR
ICRVTp{j_ PAIR C1=0,3,7,2,8,5,1,6,4,9 C2=0,6,2,9,5,3,8,1,4,7
ICRVTp{f_ PAIR C1=0,5,8,3,9,4,1,6 C2=0,3,5,1,8,4,6,9
ICRVTp{V_ NOPAIR
ICRVTp{N_ PAIR C1=0,3,8,5,9,4,1,6,2,7 C2=0,5,1,8,2,9,3,7,4,6
ICRVTp{{O PAIR C1=0,7,3,5,1,6,4,8,2,9 C2=0,5,8,3,9,1,4,7,2,6
ICRVTp{yO PAIR C1=0,3,8,5,1,6,4,9,2,7 C2=0,5,3,7,9,1,4,8,2,6
ICRVTp{uO PAIR C1=0,5,1,9,4,8,3,7 C2=0,3,5,8,1,4,7,9
ICRVTp{xO PAIR C1=0,7,2,8,4,6,1,5,9 C2=0,5,8,1,4,7,9,2,6
ICRVTp{rO PAIR C1=0,3,5,8,4,1,9,7 C2=0,5,1,8,3,7,4,9
ICRVTp{jO PAIR C1=0,6,1,4,7,3,5,8,2,9 C2=0,3,8,1,5,9,4,6,2,7
ICRVTp{VO NOPAIR
ICRVTp{wo PAIR C1=0,5,8,3,7,4,1,6,2,9 C2=0,3,5,1,9,6,4,8,2,7
ICRVTp{so PAIR C1=0,6,1,4,8,5,3,7,9 C2=0,5,1,8,3,9,6,4,7
ICRVTp{[o PAIR C1=0,3,7,9,2,6,1,8,5 C2=0,6,9,1,5,3,8,2,7
ICRVTp{eo PAIR C1=0,6,4,1,8,5,3,9 C2=0,3,8,4,9,6,1,5
ICRVTp{Uo PAIR C1=0,6,4,9,1,8,5,3,7 C2=0,3,8,4,7,9,6,1,5
ICRVTp{po PAIR C1=0,6,9,5,1,4,8,3,7 C2=0,3,5,8,1,6,4,7,9
ICRVTp{Xo PAIR C1=0,5,9,1,6,4,8,3,7 C2=0,3,5,8,1,4,7,9,6
ICRVTp{do PAIR C1=0,7,3,8,4,6,1,5,9 C2=0,3,5,8,1,4,7,9,6
ICRVTp{To PAIR C1=0,5,9,1,6,4,8,3,7 C2=0,3,5,8,1,4,7,9,6
ICRVTp{bo PAIR C1=0,7,3,8,4,6,1,5,9 C2=0,3,5,8,1,4,7,9,6
ICRVTp{Fo PAIR C1=0,3,8,4,7,9,6,1,5 C2=0,6,4,1,8,5,9,3,7
ICRVTpy}? PAIR C1=0,3,7,4,8,1,6,2,9 C2=0,6,4,1,9,3,8,2,7
ICRVTpyuO PAIR C1=0,3,8,1,6,4,7,9 C2=0,6,8,4,1,9,3,7
ICRVTp\}? PAIR C1=0,7,3,5,1,8,4,9 C2=0,3,9,1,4,7,8,5
ICRVTp\{_ PAIR C1=0,7,3,8,4,1,6,9 C2=0,3,9,1,8,7,4,6
ICRVRrweo PAIR C1=0,8,3,7,4,1,6,9 C2=0,3,9,7,1,8,4,6
ICRVRrwdo PAIR C1=0,8,3,7,4,1,6,9 C2=0,3,9,7,1,8,4,6
ICRVRrsko PAIR C1=0,3,5,1,6,9,7,2,8 C2=0,5,8,1,7,3,9,2,6
ICRVRrseo NOPAIR
ICRVRr[m_ PAIR C1=0,5,8,3,9,4,1,6 C2=0,3,5,1,8,4,6,9
ICRVRr[N_ PAIR C1=0,5,1,4,6,9,3,8 C2=0,3,5,9,4,8,1,6
ICRVRq{}? PAIR C1=0,5,1,6,4,9,3,7,2,8 C2=0,3,5,8,4,7,1,9,2,6
ICRVRq{z? PAIR C1=0,3,7,4,6,1,5,9,2,8 C2=0,5,3,8,4,9,1,7,2,6
ICRVRq{v? NOPAIR
ICRVRq{{_ PAIR C1=0,5,1,7,3,9,2,6,4,8 C2=0,3,5,8,2,7,4,1,9,6
ICRVRq{u_ PAIR C1=0,5,3,9,6,1,4,8 C2=0,3,8,5,1,9,4,6
ICRVRq{m_ PAIR C1=0,5,3,9,2,6,1,7,4,8 C2=0,3,7,2,8,5,1,4,9,6
ICRVRq{]_ PAIR C1=0,5,3,9,2,6,1,7,4,8 C2=0,3,7,2,8,5,1,4,9,6
ICRVRq{\_ PAIR C1=0,5,3,9,1,7,2,6,4,8 C2=0,3,7,4,1,5,8,2,9,6
ICRVRq{r_ NOPAIR
ICRVRq{V_ PAIR C1=0,3,9,4,6,1,5,8 C2=0,5,3,8,4,1,9,6
ICRVRq{N_ PAIR C1=0,3,9,4,7,2,6,1,5,8 C2=0,5,3,7,1,4,8,2,9,6
ICRVRq{wo PAIR C1=0,3,7,9,2,6,1,5,8 C2=0,5,3,8,2,7,1,9,6
ICRVRq{so PAIR C1=0,5,8,4,1,7,3,9,6 C2=0,8,3,5,1,6,4,7,9
ICRVRq{eo PAIR C1=0,5,8,4,1,7,3,9,6 C2=0,8,3,5,1,6,4,7,9
ICRVRq{po PAIR C1=0,3,7,9,6,1,4,8,5 C2=0,6,4,7,1,9,5,3,8
ICRVRq{Xo PAIR C1=0,3,7,9,6,1,4,8,5 C2=0,6,4,7,1,9,5,3,8
ICRVRq{do PAIR C1=0,3,7,4,8,5,1,6,9 C2=0,6,4,1,7,9,5,3,8
ICRVRq{bo PAIR C1=0,3,7,4,8,5,1,6,9 C2=0,6,4,1,7,9,5,3,8
ICRVRq{Jo PAIR C1=0,3,7,4,8,2,9,6,1,5 C2=0,6,2,7,1,4,9,5,3,8
ICRVRqy}? PAIR C1=0,3,7,1,9,2,6,4,8 C2=0,6,1,4,7,2,8,3,9
ICRVRqyuO PAIR C1=0,6,1,9,3,7,4,8 C2=0,3,8,6,4,1,7,9
ICRVRqmz? PAIR C1=0,6,1,4,8,5,9 C2=0,5,1,9,4,6,8
ICRVRqmv? PAIR C1=0,6,1,4,8,5,9 C2=0,5,1,9,4,6,8
ICRVRqmrO PAIR C1=0,6,1,4,8,5,9 C2=0,5,1,9,4,6,8
ICRVRq]}? PAIR C1=0,3,9,1,6,4,8,5 C2=0,6,8,3,5,1,4,9
ICRVRq]z? PAIR C1=0,6,4,1,9,5,8 C2=0,5,1,6,8,4,9
ICRUtrk]O PAIR C1=0,3,9,1,5,8,4,7 C2=0,5,3,7,9,4,1,8
ICRUtrk[o PAIR C1=0,5,8,1,4,6,9,3,7 C2=0,6,3,5,1,9,7,4,8
ICRTtpmuO PAIR C1=0,6,4,8,5,1,9,3,7 C2=0,5,3,6,8,1,4,7,9
ICRU\py}? PAIR C1=0,3,9,4,8,1,5,6 C2=0,5,3,8,6,4,1,9
ICRU\py{O PAIR C1=0,6,5,1,8,4,7,3,9 C2=0,5,3,8,6,4,1,9,7
ICRU\pyjO PAIR C1=0,3,7,4,8,1,6,5,9 C2=0,6,8,3,5,1,4,9,7
ICQvFp{}? NOPAIR
ICQvFp{z? PAIR C1=0,3,5,9,1,8,4,7 C2=0,5,8,3,7,1,4,9
ICQvFp{{_ PAIR C1=0,5,8,3,9,1,7,2,6 C2=0,7,3,5,2,8,1,6,9
ICQvFp{\_ PAIR C1=0,3,8,1,7,2,6,9,5 C2=0,6,1,9,2,8,5,3,7
ICQvFpy}? PAIR C1=0,6,2,7,3,8,1,9 C2=0,3,9,2,8,6,1,7
ICQvFpy{_ PAIR C1=0,6,2,7,3,8,1,9 C2=0,3,9,2,8,6,1,7
ICQvFpu}? PAIR C1=0,6,2,7,3,8,1,9 C2=0,3,9,2,8,6,1,7
ICQvFpum_ PAIR C1=0,3,8,5,2,6,9 C2=0,5,3,9,2,8,6
ICQvFhy}? PAIR C1=0,3,7,2,9,1,8,6 C2=0,7,1,6,2,8,3,9
ICQvFXy}? PAIR C1=0,6,1,7,4,8,3,5,2,9 C2=0,3,9,4,1,8,6,2,7,5
ICQvFXy|? PAIR C1=0,5,3,8,6,2,9,1,7 C2=0,3,9,5,7,2,8,1,6
ICQvFXyz? PAIR C1=0,6,8,1,4,7,5,2,9 C2=0,5,9,4,8,2,6,1,7
ICQvFXyx_ NOPAIR
ICQvExyz? PAIR C1=0,3,7,5,9,1,8,2,6 C2=0,7,1,6,8,3,5,2,9
ICQvExyt_ NOPAIR
ICQvDxy{_ NOPAIR
ICQvDxym_ NOPAIR
ICQvBxy|? PAIR C1=0,6,1,8,2,5,7,3,9 C2=0,3,8,6,2,7,1,9,5
ICQvFT{}? PAIR C1=0,3,9,2,5,8,4,1,6,7 C2=0,5,3,8,1,9,4,7,2,6
ICQvFT{z? PAIR C1=0,5,8,4,1,7,6,2,9 C2=0,6,1,8,2,5,9,4,7
ICQvEt{t_ NOPAIR
ICQvDt{{_ NOPAIR
ICQvDt{m_ NOPAIR
ICQvB^w}? PAIR C1=0,3,9,1,8,4,7,5,2,6 C2=0,5,3,8,2,7,6,1,4,9
ICQvB^wz? PAIR C1=0,6,2,7,5,9,1,4,8 C2=0,5,2,8,1,6,7,4,9
ICQvB^wx_ NOPAIR
ICQvB^wt_ PAIR C1=0,8,1,7,6,2,5,3,9 C2=0,3,8,2,7,5,9,1,6
ICQvB^wr_ PAIR C1=0,5,2,6,7,4,9,1,8 C2=0,6,1,4,8,2,7,5,9
ICQvA~wx_ PAIR C1=0,3,7,6,2,5,9,1,8 C2=0,6,1,7,5,3,8,2,9
ICQvA~wt_ NOPAIR
ICQvA~w\_ PAIR C1=0,6,2,5,9,3,7,1,8 C2=0,3,8,2,9,1,6,7,5
ICQvA~wr_ PAIR C1=0,5,3,7,4,9,6,1,8 C2=0,3,8,4,1,9,5,7,6
ICQvA~wV_ PAIR C1=0,5,3,7,4,9,6,1,8 C2=0,3,8,4,1,9,5,7,6
ICQv@~w{_ PAIR C1=0,5,7,3,9,2,6 C2=0,3,5,2,7,6,9
ICQv@~wm_ PAIR C1=0,5,7,3,9,2,6 C2=0,3,5,2,7,6,9
ICQufT{}? PAIR C1=0,3,5,8,2,9,4,1,6,7 C2=0,5,2,7,4,8,1,9,3,6
ICQufT{|? PAIR C1=0,5,8,3,9,2,7,1,6 C2=0,7,6,3,5,2,8,1,9
ICQufT{t_ NOPAIR
ICQub^w|? PAIR C1=0,3,5,7,6,1,9,2,8 C2=0,6,3,8,1,7,2,5,9
ICQub^wt_ NOPAIR
ICQub^wr_ PAIR C1=0,3,5,7,6,9,1,4,8 C2=0,5,9,4,7,1,8,3,6
ICQtfpm}? PAIR C1=0,3,6,8,4,9,1,7,2,5 C2=0,6,2,9,3,5,8,1,4,7
ICQtfXy}? PAIR C1=0,3,6,8,4,1,9,2,5,7 C2=0,5,3,9,4,7,1,8,2,6
ICQuVhy{_ PAIR C1=0,3,8,6,1,9,2,7,5 C2=0,6,9,3,5,2,8,1,7
ICQuVhyt_ NOPAIR
ICQuVXyz? PAIR C1=0,5,7,1,6,4,8,2,9 C2=0,6,8,1,4,9,5,2,7
ICQuVXyr_ NOPAIR
ICQuRzwv? PAIR C1=0,3,7,5,9,1,4,8 C2=0,5,3,8,1,7,4,9
ICQuVd{t_ NOPAIR
ICQuVT{z? PAIR C1=0,6,4,1,8,5,9,2,7 C2=0,5,2,8,4,7,6,1,9
ICQuVT{v? PAIR C1=0,3,8,5,9,1,7,4,6 C2=0,5,3,9,4,8,1,6,7
ICQuUt{z? PAIR C1=0,3,8,5,9,1,7,4,6 C2=0,5,3,7,6,1,8,4,9
ICQuRv[z? PAIR C1=0,3,8,5,9,1,7,4,6 C2=0,5,3,7,6,1,8,4,9
ICQuRnw{_ PAIR C1=0,5,3,9,6,1,7,2,8 C2=0,3,8,1,9,2,5,7,6
ICQuRnwx_ PAIR C1=0,5,2,9,6,1,7,3,8 C2=0,3,5,9,1,8,2,7,6
ICQuRnwt_ NOPAIR
ICQuRnw\_ PAIR C1=0,5,3,7,1,6,9,2,8 C2=0,3,8,1,9,5,2,7,6
ICQuRnwV_ PAIR C1=0,3,5,7,1,9,6,4,8 C2=0,5,9,4,1,8,3,7,6
ICQuR^wz? PAIR C1=0,5,7,6,4,1,9,2,8 C2=0,6,1,8,4,7,2,5,9
ICQuR^wv? PAIR C1=0,5,7,4,6,1,9,3,8 C2=0,3,5,9,4,8,1,7,6
ICQuR^wt_ PAIR C1=0,5,7,1,4,6,9,3,8 C2=0,3,5,9,1,8,4,7,6
ICQuQ~wz? PAIR C1=0,5,7,3,8,1,4,9 C2=0,3,5,9,1,7,4,8
ICQuQ~wx_ PAIR C1=0,5,7,3,8,1,4,6,9 C2=0,3,5,9,1,6,7,4,8
ICQrVrw}? PAIR C1=0,3,7,1,8,4,9 C2=0,7,4,1,9,3,8
ICQrVrwz? NOPAIR
ICQrVrs}? NOPAIR
ICQrVrsz? NOPAIR
ICQrVrs{_ NOPAIR
ICQrVrsy_ PAIR C1=0,3,8,1,7,4,6,9,2,5 C2=0,8,5,3,7,2,6,1,4,9
ICQrVrsx_ NOPAIR
ICQrVrkz? NOPAIR
ICQrVrk^? PAIR C1=0,3,9,5,8,4,1,7 C2=0,5,3,7,4,9,1,8
ICQrVr[v? PAIR C1=0,3,9,5,8,4,1,7 C2=0,5,3,7,4,9,1,8
ICQrVr[u_ PAIR C1=0,7,1,4,8,3,9 C2=0,3,7,4,9,1,8
ICQrVr[r_ PAIR C1=0,5,8,3,7,1,4,9 C2=0,3,5,9,1,8,4,7
ICQrVrez? PAIR C1=0,5,2,7,1,8,6,4,9 C2=0,7,4,1,6,2,9,5,8
ICQrVrex_ NOPAIR
ICQrVret_ PAIR C1=0,5,2,6,9,3,7,1,8 C2=0,3,5,9,1,6,8,2,7
ICQrVrUt_ NOPAIR
ICQrVrUr_ PAIR C1=0,3,7,1,9,4,6,8,5 C2=0,7,4,1,6,9,5,3,8
ICQrVqu{_ NOPAIR
ICQrVjqz? NOPAIR
ICQrVjiz? PAIR C1=0,8,4,6,2,5,7,1,9 C2=0,5,9,4,1,6,8,2,7
ICQrVjix_ PAIR C1=0,8,1,7,5,2,6,9 C2=0,5,9,1,6,8,2,7
ICQrViy{_ NOPAIR
ICQrViym_ NOPAIR
ICQrVZqz? PAIR C1=0,7,5,2,8,6,4,1,9 C2=0,5,9,4,7,2,6,1,8
ICQrUzYz? PAIR C1=0,8,3,5,7,4,1,9 C2=0,3,7,1,8,4,9,5
ICQvfP{}? PAIR C1=0,6,2,9,3,8,1,4,7 C2=0,3,6,1,7,2,8,4,9
ICQvfP{|? NOPAIR
ICQvfP{{_ NOPAIR
ICQvfP{y_ PAIR C1=0,3,5,2,7,1,8,4,9,6 C2=0,5,8,3,6,2,9,1,4,7
ICQvfP{m_ PAIR C1=0,3,5,2,7,1,8,4,9,6 C2=0,5,8,2,9,3,6,1,4,7
ICQvfP{x_ NOPAIR
ICQvfP{l_ NOPAIR
ICQvfP{\_ NOPAIR
ICQvfP{r_ PAIR C1=0,3,5,2,6,9,4,8,1,7 C2=0,5,9,1,4,7,2,8,3,6
ICQvfP{j_ PAIR C1=0,7,1,4,8,3,5,2,6,9 C2=0,3,6,1,8,2,7,4,9,5
ICQvfP{N_ PAIR C1=0,6,9,2,5,3,8,4,1,7 C2=0,3,6,1,8,2,7,4,9,5
ICQvfP{{O PAIR C1=0,6,2,5,3,8,1,9,7 C2=0,5,8,2,7,1,6,3,9
ICQvfP{yO PAIR C1=0,5,3,8,4,1,7,9,2,6 C2=0,3,6,1,8,5,2,7,4,9
ICQvfP{uO PAIR C1=0,5,3,9,7,1,4,8,2,6 C2=0,3,6,1,8,5,2,7,4,9
ICQvfP{mO PAIR C1=0,5,3,9,7,1,4,8,2,6 C2=0,3,6,1,8,5,2,7,4,9
ICQvfP{]O PAIR C1=0,5,2,7,9,1,4,8,3,6 C2=0,3,5,8,1,6,2,9,4,7
ICQvfP{xO PAIR C1=0,3,5,8,1,9,7,2,6 C2=0,5,9,2,8,3,6,1,7
ICQvfP{tO PAIR C1=0,5,2,7,9,1,8,3,6 C2=0,3,9,5,8,2,6,1,7
ICQvfP{lO NOPAIR
ICQvfP{\O PAIR C1=0,5,9,3,8,2,7,1,6 C2=0,3,6,2,5,8,1,9,7
ICQvfP{rO PAIR C1=0,6,1,7,2,8,3,5,9 C2=0,3,6,2,5,8,1,9,7
ICQvfP{VO PAIR C1=0,5,9,3,8,2,7,1,6 C2=0,3,6,2,5,8,1,9,7
ICQvfP{wo PAIR C1=0,5,3,8,2,7,1,6,9 C2=0,3,6,2,5,8,1,9,7
ICQvfP{so PAIR C1=0,5,3,8,2,7,1,6,9 C2=0,3,6,2,5,8,1,9,7
ICQvfP{ko NOPAIR
ICQvfP{[o PAIR C1=0,3,9,6,1,7,2,8,5 C2=0,6,2,5,3,8,1,9,7
ICQvfP{io PAIR C1=0,3,6,1,7,2,9,4,8,5 C2=0,6,2,5,3,8,1,4,7,9
ICQvfP{Mo PAIR C1=0,3,5,8,4,9,2,6,1,7 C2=0,5,2,8,1,4,7,9,3,6
ICQvfP{po PAIR C1=0,3,6,1,7,2,8,5,9 C2=0,6,2,5,3,8,1,9,7
ICQvfP{ho NOPAIR
ICQvfP{do NOPAIR
ICQvfP{To PAIR C1=0,5,2,8,3,9,6,1,7 C2=0,3,5,8,1,9,7,2,6
ICQvfP{Lo NOPAIR
ICQvfP{bo PAIR C1=0,5,2,8,1,6,9,4,7 C2=0,6,2,7,1,4,8,5,9
ICQvfP{Fo PAIR C1=0,6,1,8,2,5,3,9,4,7 C2=0,3,8,4,1,7,2,6,9,5
ICQvfPumO NOPAIR
ICQvfPm{O PAIR C1=0,5,2,7,1,8,6,3,9 C2=0,3,5,8,2,6,1,9,7
ICQvfP]z? PAIR C1=0,5,3,8,6,2,7,1,4,9 C2=0,3,6,1,9,2,5,8,4,7
ICQvfO}{O NOPAIR
ICQvfO}mO NOPAIR
ICQvfPx}? PAIR C1=0,7,2,6,3,8,1,4,9 C2=0,3,9,2,8,4,7,1,6
ICQvfPx|? PAIR C1=0,3,6,1,8,7,2,9 C2=0,6,2,8,3,9,1,7
ICQvfPx{_ PAIR C1=0,3,6,1,8,7,2,9 C2=0,6,2,8,3,9,1,7
ICQvfPxm_ PAIR C1=0,3,6,1,8,7,4,9 C2=0,6,9,3,8,4,1,7
ICQvepmz? PAIR C1=0,6,1,8,2,5,3,7,4,9 C2=0,3,6,2,9,5,8,4,1,7
ICQvepmv? PAIR C1=0,5,8,6,1,4,7,3,9 C2=0,6,3,5,9,4,8,1,7
ICQvepl|? PAIR C1=0,5,8,2,6,1,7,3,9 C2=0,6,3,5,2,9,1,8,7
ICQvepl{_ PAIR C1=0,5,8,2,6,1,7,3,9 C2=0,6,3,5,2,9,1,8,7
ICQvdpm{O NOPAIR
ICQvdpmmO NOPAIR
ICQvVRw[o NOPAIR
ICQvVRwXo NOPAIR
ICQvVP{}? PAIR C1=0,6,2,5,3,8,1,9,4,7 C2=0,3,9,2,7,1,6,4,8,5
ICQvVP{|? PAIR C1=0,5,3,9,2,8,4,6,1,7 C2=0,3,8,5,9,1,4,7,2,6
ICQvVP{z? PAIR C1=0,5,9,4,7,1,8,2,6 C2=0,7,2,5,8,4,6,1,9
ICQvVP{v? PAIR C1=0,5,9,4,7,1,8,2,6 C2=0,7,2,5,8,4,6,1,9
ICQvVP{^? PAIR C1=0,3,8,2,6,1,7,4,9,5 C2=0,6,4,8,1,9,3,5,2,7
ICQvVP{y_ NOPAIR
ICQvVP{]_ PAIR C1=0,5,2,7,4,9,3,8,1,6 C2=0,3,5,8,2,9,6,4,1,7
ICQvVP{x_ PAIR C1=0,6,2,5,9,1,8,4,7 C2=0,5,8,2,7,1,4,6,9
ICQvVP{t_ PAIR C1=0,6,2,5,9,1,8,4,7 C2=0,5,8,2,7,1,4,6,9
ICQvVP{r_ PAIR C1=0,6,2,5,9,1,8,4,7 C2=0,5,8,2,7,1,4,6,9
ICQvVP{Z_ NOPAIR
ICQvVP{wo NOPAIR
ICQvVP{so PAIR C1=0,3,9,7,2,5,8,1,6 C2=0,5,3,8,2,6,9,1,7
ICQvVP{ko PAIR C1=0,3,5,2,6,4,8,1,7,9 C2=0,5,8,3,9,2,7,4,1,6
ICQvVP{[o PAIR C1=0,5,2,7,4,8,3,9,1,6 C2=0,3,5,8,2,9,6,4,1,7
ICQvVP{Yo NOPAIR
ICQvVP{po PAIR C1=0,6,2,5,8,4,7,1,9 C2=0,5,9,6,4,1,8,2,7
ICQvVP{ho PAIR C1=0,6,2,5,8,4,1,7,9 C2=0,5,9,2,8,1,6,4,7
ICQvVP{do PAIR C1=0,5,2,6,1,7,4,8,3,9 C2=0,3,5,9,7,2,8,1,4,6
ICQvVP{To PAIR C1=0,5,8,3,9,7,4,1,6 C2=0,3,5,9,6,4,8,1,7
ICQvVPm{O NOPAIR
ICQvVP]z? PAIR C1=0,6,8,5,2,7,4,1,9 C2=0,5,9,2,6,4,8,1,7
ICQvUr[ZO NOPAIR
ICQvUp{}? PAIR C1=0,3,5,8,4,7,1,9,2,6 C2=0,5,2,8,1,6,4,9,3,7
ICQvUp{z? PAIR C1=0,5,3,7,4,8,1,9,2,6 C2=0,3,8,2,5,9,4,6,1,7
ICQvUp{v? PAIR C1=0,7,3,5,8,1,4,9 C2=0,3,8,4,7,1,9,5
ICQvUp{^? PAIR C1=0,5,3,7,1,8,4,9,2,6 C2=0,3,8,2,5,9,1,6,4,7
ICQvUp{{_ PAIR C1=0,5,3,7,1,9,2,8,4,6 C2=0,3,9,6,2,5,8,1,4,7
ICQvUp{y_ PAIR C1=0,5,2,8,3,7,1,4,9,6 C2=0,3,5,8,1,9,2,6,4,7
ICQvUp{u_ NOPAIR
ICQvUp{x_ PAIR C1=0,3,7,4,6,1,9,2,8,5 C2=0,7,1,4,8,3,5,2,6,9
ICQvUp{t_ PAIR C1=0,6,1,4,7,3,8,5,9 C2=0,5,3,9,6,4,8,1,7
ICQvUp{\_ PAIR C1=0,5,8,1,4,6,2,9,3,7 C2=0,3,5,2,8,4,7,1,9,6
ICQvUp{r_ PAIR C1=0,6,4,9,1,8,5,3,7 C2=0,3,8,4,7,1,6,9,5
ICQvUp{V_ PAIR C1=0,6,4,9,1,8,5,3,7 C2=0,3,8,4,7,1,6,9,5
ICQvUp{{O PAIR C1=0,6,4,1,9,2,8,5,3,7 C2=0,5,2,6,1,7,4,8,3,9
ICQvUp{yO PAIR C1=0,5,3,8,2,9,7,1,4,6 C2=0,3,7,4,8,5,2,6,1,9
ICQvUp{uO NOPAIR
ICQvUp{]O PAIR C1=0,3,5,8,4,1,7,9,2,6 C2=0,5,2,8,3,9,1,6,4,7
ICQvUp{xO PAIR C1=0,5,3,8,1,4,6,2,9,7 C2=0,3,7,4,8,2,5,9,1,6
ICQvUp{rO PAIR C1=0,7,3,5,8,1,4,9 C2=0,3,8,4,7,1,9,5
ICQvUp{VO NOPAIR
ICQvUp{wo PAIR C1=0,5,3,8,2,6,9,1,7 C2=0,3,7,9,2,5,8,1,6
ICQvUp{so NOPAIR
ICQvUp{[o PAIR C1=0,3,7,1,9,6,2,8,5 C2=0,6,1,8,3,5,2,9,7
ICQvUp{po PAIR C1=0,5,9,1,6,4,8,3,7 C2=0,3,5,8,1,4,7,9,6
ICQvUp{ho PAIR C1=0,3,7,1,6,4,8,5,9 C2=0,5,3,8,1,4,7,9,6
ICQvUp{do PAIR C1=0,3,7,1,6,4,8,5,9 C2=0,5,3,8,1,4,7,9,6
ICQvUp{To PAIR C1=0,5,9,1,8,3,7,4,6 C2=0,3,5,8,4,1,6,9,7
ICQvUp{Lo PAIR C1=0,5,9,3,8,1,7,4,6 C2=0,3,5,8,4,1,6,9,7
ICQvUpy}? PAIR C1=0,6,4,9,3,8,1,7 C2=0,3,7,4,8,6,1,9
ICQvUpy|? PAIR C1=0,5,3,9,2,8,1,6,4,7 C2=0,3,7,1,4,8,6,2,5,9
ICQvUpyv? PAIR C1=0,6,4,9,3,8,1,7 C2=0,3,7,4,8,6,1,9
ICQvUpyuO PAIR C1=0,6,4,9,3,8,1,7 C2=0,3,7,4,8,6,1,9
ICQvUp]}? PAIR C1=0,6,4,9,3,8,1,7 C2=0,3,7,4,8,6,1,9
ICQvUp]\O PAIR C1=0,3,8,6,1,4,7,9,5 C2=0,6,4,8,5,3,9,1,7
ICQvUp\z? PAIR C1=0,3,8,1,7,4,9,5 C2=0,7,3,5,8,4,1,9
ICQvUp\{_ PAIR C1=0,3,9,6,1,4,8,7 C2=0,6,4,7,3,8,1,9
ICQvRrw}? PAIR C1=0,3,9,1,7,4,6,2,8 C2=0,6,1,4,8,3,7,2,9
ICQvRrw|? PAIR C1=0,3,9,1,7,4,6,2,8 C2=0,6,1,4,8,3,7,2,9
ICQvRrwz? PAIR C1=0,3,7,2,5,9,1,6,4,8 C2=0,5,3,8,1,7,4,9,2,6
ICQvRrwv? PAIR C1=0,6,4,1,7,3,9,5,2,8 C2=0,5,3,8,1,6,2,7,4,9
ICQvRrw{_ PAIR C1=0,6,4,1,7,3,9,2,8 C2=0,3,8,4,7,2,6,1,9
ICQvRrwy_ NOPAIR
ICQvRrwu_ NOPAIR
ICQvRrw]_ NOPAIR
ICQvRrwt_ PAIR C1=0,3,8,2,7,1,4,6,9,5 C2=0,8,4,7,3,5,2,6,1,9
ICQvRrwl_ PAIR C1=0,3,8,4,1,7,2,6,9,5 C2=0,8,1,6,4,7,3,5,2,9
ICQvRrw\_ PAIR C1=0,3,8,4,1,7,2,5,9,6 C2=0,5,3,7,4,6,1,9,2,8
ICQvRrwr_ PAIR C1=0,3,8,1,4,7,2,5,9,6 C2=0,5,3,7,1,9,4,6,2,8
ICQvRrwV_ PAIR C1=0,3,8,1,4,7,2,5,9,6 C2=0,5,3,7,1,9,4,6,2,8
ICQvRrwwo NOPAIR
ICQvRrwso PAIR C1=0,3,7,1,8,4,6,9 C2=0,6,1,4,7,9,3,8
ICQvRrwko PAIR C1=0,3,7,1,8,4,6,9 C2=0,6,1,4,7,9,3,8
ICQvRrwYo NOPAIR
ICQvRrwho PAIR C1=0,5,9,2,8,3,7,4,1,6 C2=0,3,5,2,6,4,8,1,7,9
ICQvRrwXo PAIR C1=0,5,3,8,2,9,7,4,1,6 C2=0,3,7,1,9,5,2,6,4,8
ICQvRrwdo PAIR C1=0,3,9,6,1,8,4,7,2,5 C2=0,8,2,6,4,1,7,3,5,9
ICQvRrsz? PAIR C1=0,5,9,2,7,3,8,1,4,6 C2=0,3,5,8,2,6,1,7,4,9
ICQvRrs{_ NOPAIR
ICQvRrsy_ PAIR C1=0,3,8,5,2,7,1,4,9,6 C2=0,5,3,7,4,6,1,8,2,9
ICQvRrsu_ PAIR C1=0,5,2,7,3,8,1,4,9,6 C2=0,3,5,8,2,6,4,7,1,9
ICQvRrsm_ PAIR C1=0,3,8,1,6,9,4,7,2,5 C2=0,8,5,3,7,1,4,6,2,9
ICQvRrs]_ PAIR C1=0,3,7,2,9,6,4,1,8,5 C2=0,6,1,7,4,9,3,5,2,8
ICQvRrsx_ NOPAIR
ICQvRrs\_ NOPAIR
ICQvRrsj_ PAIR C1=0,3,7,4,9,2,6,1,8,5 C2=0,8,3,5,2,7,1,4,6,9
ICQvRrsV_ PAIR C1=0,3,8,5,2,7,1,9,4,6 C2=0,5,9,3,7,4,1,6,2,8
ICQvRrswo PAIR C1=0,3,5,8,1,9,7,2,6 C2=0,5,2,9,6,1,7,3,8
ICQvRrsso PAIR C1=0,3,5,8,2,7,9,1,6 C2=0,5,2,6,9,3,7,1,8
ICQvRrsko NOPAIR
ICQvRrsio PAIR C1=0,3,7,2,9,6,4,1,8,5 C2=0,8,3,5,2,6,1,7,4,9
ICQvRrspo PAIR C1=0,3,8,1,7,2,5,9,6 C2=0,5,3,7,9,1,6,2,8
ICQvRrsho NOPAIR
ICQvRrsdo NOPAIR
ICQvRrsbo PAIR C1=0,3,7,4,9,5,2,6,1,8 C2=0,5,3,8,2,7,1,4,6,9
ICQvRrsRo PAIR C1=0,5,9,4,1,7,3,8,2,6 C2=0,3,5,2,7,4,6,9,1,8
ICQvRrkz? NOPAIR
ICQvRrk^? PAIR C1=0,3,7,1,9,4,6,2,5,8 C2=0,5,3,9,2,7,4,8,1,6
ICQvRrk{_ PAIR C1=0,3,7,4,1,9,6,2,5,8 C2=0,5,3,9,2,7,1,8,4,6
ICQvRrky_ NOPAIR
ICQvRrkx_ NOPAIR
ICQvRrkr_ NOPAIR
ICQvRrkZ_ NOPAIR
ICQvRrk{O PAIR C1=0,3,7,1,9,2,5,8,4,6 C2=0,5,3,9,7,4,1,6,2,8
ICQvRrkyO NOPAIR
ICQvRrkuO PAIR C1=0,3,7,4,8,5,2,6,1,9 C2=0,5,3,9,7,2,8,1,4,6
ICQvRrk]O PAIR C1=0,3,7,4,8,5,2,9,1,6 C2=0,5,3,9,7,2,6,4,1,8
ICQvRrkxO PAIR C1=0,8,5,2,6,4,7,1,9 C2=0,5,9,7,2,8,4,1,6
ICQvRrktO PAIR C1=0,8,5,2,6,4,7,1,9 C2=0,5,9,7,2,8,4,1,6
ICQvRrkrO PAIR C1=0,8,5,2,6,4,7,1,9 C2=0,5,9,7,2,8,4,1,6
ICQvRrkZO NOPAIR
ICQvRrkwo NOPAIR
ICQvRrkso PAIR C1=0,6,4,7,3,5,2,8,1,9 C2=0,3,9,7,2,6,1,4,8,5
ICQvRrkko PAIR C1=0,5,3,7,2,8,1,4,6,9 C2=0,3,9,2,5,8,4,7,1,6
ICQvRrk[o PAIR C1=0,5,3,9,7,2,6,4,1,8 C2=0,3,7,4,8,5,2,9,1,6
ICQvRrkYo NOPAIR
ICQvRrkpo PAIR C1=0,5,9,7,2,8,4,1,6 C2=0,8,5,2,6,4,7,1,9
ICQvRrkho PAIR C1=0,5,9,7,2,6,4,1,8 C2=0,6,1,7,4,8,5,2,9
ICQvRrkdo PAIR C1=0,5,9,3,7,4,6,1,8 C2=0,3,5,8,4,1,7,9,6
ICQvRrkTo PAIR C1=0,5,9,3,7,4,6,1,8 C2=0,3,5,8,4,1,7,9,6
ICQvRr[z? PAIR C1=0,3,8,4,6,1,7,2,5,9 C2=0,6,2,9,1,4,7,3,5,8
ICQvRr[v? NOPAIR
ICQvRr[{_ PAIR C1=0,5,8,1,4,6,2,7,3,9 C2=0,3,5,2,9,6,1,7,4,8
ICQvRr[y_ PAIR C1=0,5,8,3,7,4,1,6,2,9 C2=0,3,5,2,7,1,9,6,4,8
ICQvRr[u_ NOPAIR
ICQvRr[]_ PAIR C1=0,3,9,2,5,8,1,7,4,6 C2=0,5,3,7,2,6,9,1,4,8
ICQvRr[\_ PAIR C1=0,3,9,2,5,8,1,7,4,6 C2=0,5,3,7,2,6,9,1,4,8
ICQvRr[r_ NOPAIR
ICQvRr[V_ NOPAIR
ICQvRr[wo PAIR C1=0,3,7,2,9,6,1,4,8,5 C2=0,8,3,5,2,6,4,7,1,9
ICQvRr[so PAIR C1=0,3,7,9,6,1,4,8 C2=0,6,4,7,1,8,3,9
ICQvRr[po PAIR C1=0,3,8,5,9,7,4,1,6 C2=0,5,3,7,1,9,6,4,8
ICQvRr[ho PAIR C1=0,3,8,5,9,7,4,1,6 C2=0,5,3,7,1,8,4,6,9
ICQvRr[Xo PAIR C1=0,3,8,5,9,7,4,1,6 C2=0,5,3,7,1,9,6,4,8
ICQvRr[do PAIR C1=0,3,8,5,9,7,4,1,6 C2=0,5,3,7,1,8,4,6,9
ICQvRr[Ro PAIR C1=0,3,8,5,9,7,4,1,6 C2=0,5,3,7,1,9,6,4,8
ICQvRrq{O NOPAIR
ICQvRrqmO PAIR C1=0,8,6,1,4,7,3,9 C2=0,3,8,1,7,9,4,6
ICQvRrq\O PAIR C1=0,5,9,3,7,1,8,2,6 C2=0,3,5,2,7,9,1,6,8
ICQvRri{O NOPAIR
ICQvRriyO PAIR C1=1,6,4,9,7,2,8 C2=1,7,4,8,6,2,9
ICQvRrYuO PAIR C1=0,3,9,7,1,4,8,6 C2=0,8,3,7,4,6,1,9
ICQvRrYtO PAIR C1=0,3,9,7,1,4,8,6 C2=0,8,3,7,4,6,1,9
ICQvRpy{O NOPAIR
ICQvRpy\O NOPAIR
ICQvRrUtO NOPAIR
ICQvRrUVO PAIR C1=0,5,3,7,9,4,1,6,8 C2=0,3,8,5,9,1,7,4,6
ICQvRqu{O NOPAIR
ICQvRpu{O PAIR C1=0,5,3,9,7,1,8,2,6 C2=0,3,7,2,5,8,6,1,9
ICQvRputO PAIR C1=0,5,3,9,7,1,8,2,6 C2=0,3,7,2,5,8,6,1,9
ICQvRpu\O NOPAIR
ICQvRpuVO PAIR C1=1,6,4,9,5,2,8,3,7 C2=1,4,7,2,6,8,5,3,9
ICQvRp]VO NOPAIR
ICQuurk^? PAIR C1=0,3,7,4,8,1,9,5 C2=0,7,1,4,9,3,5,8
ICQunP{{O PAIR C1=0,3,6,5,8,2,9,1,7 C2=0,6,1,8,3,5,2,7,9
ICQunP{uO PAIR C1=0,5,6,3,8,1,7,4,9 C2=0,6,1,4,8,5,3,9,7
ICQunPx}? PAIR C1=0,7,2,5,6,3,8,1,4,9 C2=0,5,3,9,2,8,4,7,1,6
ICQunPx|? PAIR C1=0,5,6,1,8,3,9,2,7 C2=0,6,3,5,2,8,7,1,9
ICQunPxv? PAIR C1=0,5,6,3,9,4,8,1,7 C2=0,6,1,4,7,8,3,5,9
ICQunPxt_ PAIR C1=0,5,6,3,9 C2=0,3,5,9,6
ICQtnPx|? NOPAIR
ICQu^`{so NOPAIR
ICQu^`y|? PAIR C1=0,6,1,8,3,9,5,2,7 C2=0,3,7,1,9,2,8,6,5
ICQu^`yxO PAIR C1=0,6,1,9,5,3,8,2,7 C2=0,3,7,1,8,6,5,2,9
ICQu^`ytO NOPAIR
ICQu^`xt_ NOPAIR
ICQu^P{}? PAIR C1=0,3,8,5,6,1,4,9 C2=0,5,3,9,1,8,4,6
ICQu^P{yO PAIR C1=0,7,2,5,6,1,8,4,9 C2=0,5,8,2,9,1,7,4,6
ICQu^P{qo NOPAIR
ICQu^Pxr_ NOPAIR
ICQu]p{}? PAIR C1=0,6,5,3,9,4,8,1,7 C2=0,5,8,3,7,4,6,1,9
ICQu]p{yO PAIR C1=0,3,5,6,4,8,1,7 C2=0,5,8,3,7,4,1,6
ICQu]px{_ PAIR C1=0,6,4,8,1,9,3,7 C2=0,3,8,7,4,1,6,9
ICQuZrw}? PAIR C1=0,3,7,2,5,6,4,8,1,9 C2=0,5,3,8,2,9,4,7,1,6
ICQuZrwz? PAIR C1=0,3,7,2,5,6,4,8,1,9 C2=0,5,3,8,2,9,4,7,1,6
ICQuZrwv? PAIR C1=0,3,8,4,1,9,5,6 C2=0,5,3,9,4,6,1,8
ICQuZrw^? PAIR C1=0,3,8,4,1,9,5,6 C2=0,5,3,9,4,6,1,8
ICQuZrw{_ PAIR C1=0,3,9,1,7,4,8,2,5,6 C2=0,5,3,7,2,9,6,4,1,8
ICQuZrwu_ NOPAIR
ICQuZrw]_ PAIR C1=0,3,9,1,7,4,8,2,5,6 C2=0,5,3,7,2,9,6,4,1,8
ICQuZrw\_ PAIR C1=0,3,9,1,7,4,8,2,5,6 C2=0,5,3,7,2,9,6,4,1,8
ICQuZrwr_ NOPAIR
ICQuZrwV_ PAIR C1=0,3,5,9,4,8,1,6 C2=0,5,6,4,1,9,3,8
ICQuZrwuO NOPAIR
ICQuZrwxO PAIR C1=0,6,5,3,7,2,8,4,1,9 C2=0,3,8,1,6,4,7,9,2,5
ICQuZrwtO PAIR C1=0,5,6,1,8,4,7,3,9 C2=0,6,4,1,7,9,5,3,8
ICQuZrwrO PAIR C1=0,3,8,1,7,9,4,6,5 C2=0,6,1,9,5,3,7,4,8
ICQuZrwVO PAIR C1=0,3,8,1,7,9,4,6,5 C2=0,6,1,9,5,3,7,4,8
ICQuZrwwo PAIR C1=0,5,3,7,9,2,8,1,4,6 C2=0,3,8,4,7,2,5,6,1,9
ICQuZrwso PAIR C1=0,3,9,6,1,7,4,8 C2=0,6,4,1,8,3,7,9
ICQuZrw[o PAIR C1=0,3,9,6,5,2,7,4,1,8 C2=0,5,3,7,1,9,2,8,4,6
ICQuZrwpo PAIR C1=0,3,5,6,9,1,7,4,8 C2=0,5,9,7,3,8,1,4,6
ICQuZrwho PAIR C1=0,3,5,2,7,4,8,1,6,9 C2=0,5,9,2,8,3,7,1,4,6
ICQuZrwTo PAIR C1=0,3,5,6,9,1,7,4,8 C2=0,5,9,7,3,8,1,4,6
ICQuZrs]_ PAIR C1=0,3,5,6,9,2,7,4,1,8 C2=0,5,2,8,3,7,1,9,4,6
ICQuZr[]_ NOPAIR
ICQuZr[yO PAIR C1=0,5,3,8,1,7,9,4,6 C2=0,3,7,4,8,5,6,1,9
ICQr^bw}? PAIR C1=0,5,6,4,1,7,2,9,3,8 C2=0,7,3,5,2,6,1,8,4,9
ICQr^bw|? NOPAIR
ICQr^bwz? PAIR C1=0,7,3,5,6,1,4,8,2,9 C2=0,3,8,1,7,2,6,4,9,5
ICQr^bwv? PAIR C1=0,7,2,5,6,1,4,8,3,9 C2=0,3,7,1,8,2,6,4,9,5
ICQr^bwn? PAIR C1=0,7,2,5,6,1,4,8,3,9 C2=0,3,7,1,8,2,6,4,9,5
ICQr^bw{_ PAIR C1=0,8,2,5,6,1,7,3,9 C2=0,5,3,8,1,9,6,2,7
ICQr^bwy_ PAIR C1=0,3,5,6,4,8,1,9,2,7 C2=0,5,2,6,9,4,1,7,3,8
ICQr^bwu_ PAIR C1=0,7,2,8,1,6,5,3,9 C2=0,5,2,6,9,1,7,3,8
ICQr^bwm_ PAIR C1=0,5,6,2,7,1,4,8,3,9 C2=0,7,3,5,2,9,4,6,1,8
ICQr^bwx_ PAIR C1=0,3,7,1,6,5,9,2,8 C2=0,5,3,8,1,9,6,2,7
ICQr^bwt_ PAIR C1=0,3,8,2,7,1,6,5,9 C2=0,7,3,5,2,6,9,1,8
ICQr^bwl_ NOPAIR
ICQr^bwr_ PAIR C1=0,3,7,2,5,9,1,6,4,8 C2=0,5,3,8,2,6,9,4,1,7
ICQr^bw{O NOPAIR
ICQr^bwyO PAIR C1=0,3,7,9,4,8,1,6,2,5 C2=0,7,2,8,3,5,6,4,1,9
ICQr^bwmO PAIR C1=0,3,5,2,6,4,8,1,7,9 C2=0,5,6,1,4,9,2,8,3,7
ICQr^bwxO NOPAIR
ICQr^bwlO NOPAIR
ICQr^bwrO PAIR C1=0,5,3,8,2,6,1,4,9,7 C2=0,3,7,2,5,6,4,8,1,9
ICQr^bwZO PAIR C1=0,5,3,8,2,6,1,4,9,7 C2=0,3,7,1,9,2,5,6,4,8
ICQr^bwwo PAIR C1=0,3,7,9,6,1,8,2,5 C2=0,7,1,9,2,6,5,3,8
ICQr^bwso PAIR C1=0,3,7,9,6,1,8,2,5 C2=0,8,3,5,6,2,7,1,9
ICQr^bwko NOPAIR
ICQr^bwio PAIR C1=0,3,5,6,2,8,4,1,7,9 C2=0,5,2,9,4,6,1,8,3,7
ICQr^bweo PAIR C1=0,3,5,6,2,8,4,1,7,9 C2=0,5,2,7,3,9,4,6,1,8
ICQr^bwpo PAIR C1=0,3,8,1,7,2,5,6,9 C2=0,5,3,7,9,1,6,2,8
ICQr^bwho NOPAIR
ICQr^bwXo PAIR C1=0,3,7,1,8,2,9,6,5 C2=0,7,9,1,6,2,5,3,8
ICQr^bwbo PAIR C1=0,7,3,5,9,6,1,4,8 C2=0,3,8,1,7,9,4,6,5
ICQr^b[{_ PAIR C1=0,3,7,2,5,8,1,6,9 C2=0,7,1,9,2,6,5,3,8
ICQr^bi{O PAIR C1=0,3,9,7,1,6,8,2,5 C2=0,7,3,5,6,2,9,1,8
ICQr^bixO PAIR C1=0,5,2,8,6,1,7,9 C2=0,7,2,6,5,9,1,8
ICQr]rw}? PAIR C1=0,5,2,6,1,8,3,7,4,9 C2=0,3,5,6,4,8,2,9,1,7
ICQr]rwz? PAIR C1=0,5,2,6,1,8,3,7,4,9 C2=0,3,5,6,4,8,2,9,1,7
ICQr]rwv? PAIR C1=0,3,8,1,7,4,9 C2=0,7,3,9,1,4,8
ICQr]rwx_ PAIR C1=0,7,4,1,8,3,5,6,2,9 C2=0,3,7,1,9,6,4,8,2,5
ICQr]rwt_ PAIR C1=0,5,3,7,4,8,1,6,9 C2=0,7,1,4,6,5,9,3,8
ICQr]rwuO PAIR C1=0,3,7,4,8,1,9 C2=0,7,1,4,9,3,8
ICQr]rwxO PAIR C1=0,3,8,2,6,5,9,1,4,7 C2=0,8,4,6,1,7,3,5,2,9
ICQr]rwrO NOPAIR
ICQr]rwZO PAIR C1=0,3,5,6,2,8,1,4,9,7 C2=0,5,2,9,1,6,4,7,3,8
ICQr]rwpo PAIR C1=0,3,8,4,1,6,5,9,7 C2=0,5,3,7,4,6,9,1,8
ICQr]rsy_ PAIR C1=0,3,8,2,5,6,9,4,1,7 C2=0,5,3,7,4,6,2,9,1,8
ICQr]r[yO NOPAIR
ICpdfpyx_ PAIR C1=0,6,8,1,4,7,2,9 C2=0,4,8,2,6,9,1,7
ICpdfpm{_ PAIR C1=0,6,8,1,4,7,2,9 C2=0,4,8,2,6,9,1,7
ICpdfpmj_ PAIR C1=0,6,2,7,4,1,8,5,9 C2=0,4,8,6,9,2,5,1,7
ICpdfo}^? PAIR C1=0,3,7,2,6,8,5,9,1,4 C2=0,6,3,8,4,9,2,5,1,7
ICpdfo}m_ PAIR C1=0,3,8,6,9,2,7,4 C2=0,7,3,6,2,8,4,9
ICpdfhy}? PAIR C1=0,4,8,1,9,2,6,3,7 C2=0,3,9,4,1,7,2,8,6
ICpdfhy|? PAIR C1=0,3,6,8,2,7,5,1,9 C2=0,6,2,5,9,3,8,1,7
ICpdfhyy_ PAIR C1=0,3,6,2,8,4,9,1,7 C2=0,4,1,8,3,7,2,9,6
ICpdfhyr_ PAIR C1=0,3,6,2,7,5,1,8,4,9 C2=0,4,1,7,3,8,2,5,9,6
ICpdfhm}? PAIR C1=0,3,6,2,7,5,1,8,4,9 C2=0,4,1,7,3,9,2,5,8,6
ICpdfhmy_ PAIR C1=0,6,8,2,7,5,1,4,9 C2=0,4,8,5,2,6,9,1,7
ICpdfhmt_ PAIR C1=0,6,8,1,5,2,7,3,9 C2=0,3,6,2,8,5,9,1,7
ICpdfhmf_ PAIR C1=0,6,9,4,8,2,5,1,7 C2=0,4,1,8,6,2,7,5,9
ICpdfh]y_ PAIR C1=0,6,9,4,8,1,5,2,7 C2=0,4,1,7,5,8,6,2,9
ICpdfh]x_ PAIR C1=0,6,2,5,9,1,8,3,7 C2=0,3,6,8,5,1,7,2,9
ICpdfh]t_ PAIR C1=0,6,3,8,1,9,5,7 C2=0,3,7,1,5,8,6,9
ICpdfg}r_ PAIR C1=0,4,8,3,7,2,5,1,9,6 C2=0,3,6,2,8,5,7,1,4,9
ICpdfXmn? NOPAIR
ICpdexyx_ PAIR C1=0,3,6,2,8,1,9,5,7 C2=0,6,8,3,7,1,5,2,9
ICpdexuy_ PAIR C1=0,3,6,2,8,5,7,1,9 C2=0,6,9,2,5,1,8,3,7
ICpdexux_ PAIR C1=0,3,6,2,8,5,7,1,9 C2=0,6,9,2,5,1,8,3,7
ICpdexut_ PAIR C1=0,3,6,8,5,7,1,9 C2=0,6,9,5,1,8,3,7
ICpdexm{_ PAIR C1=0,7,5,1,8,2,6,3,9 C2=0,3,7,1,9,2,5,8,6
ICpdexmt_ PAIR C1=0,4,1,8,6,3,9,5,7 C2=0,3,7,4,8,5,1,9,6
ICpdexmj_ PAIR C1=0,4,7,1,8,6,2,5,9 C2=0,6,9,2,8,4,1,5,7
ICpdexmN_ PAIR C1=0,3,7,5,1,8,6,2,9,4 C2=0,6,3,9,5,2,8,4,1,7
ICpdew}^? PAIR C1=0,3,7,5,8,6,2,9,4 C2=0,6,3,9,5,2,8,4,7
ICpdew}V_ PAIR C1=0,3,6,8,5,9,1,7,4 C2=0,6,9,3,8,4,1,5,7
ICpdew}N_ PAIR C1=0,4,9,5,8,2,6,3,7 C2=0,3,8,4,7,5,2,9,6
ICpddxy^? PAIR C1=0,3,7,2,6,8,1,5,9,4 C2=0,6,3,8,4,1,9,2,5,7
ICpddxym_ PAIR C1=0,4,9,2,8,6,3,7 C2=0,6,2,7,4,8,3,9
ICpddxmn? PAIR C1=0,4,8,6,3,9,2,5,7 C2=0,3,7,4,9,5,8,2,6
ICpddxmy_ PAIR C1=0,4,8,6,2,7,5,1,9 C2=0,6,9,2,5,8,1,4,7
ICpddxmt_ PAIR C1=0,4,8,6,3,9,1,5,7 C2=0,3,7,4,1,8,5,9,6
ICpddxmr_ PAIR C1=0,4,7,2,6,8,1,5,9 C2=0,6,9,1,4,8,2,5,7
ICpddxmf_ PAIR C1=0,4,7,2,6,8,5,9 C2=0,6,9,4,8,2,5,7
ICpddxmV_ PAIR C1=0,3,7,2,6,8,5,1,9,4 C2=0,6,3,9,5,2,8,1,4,7
ICpdbzw|? NOPAIR
ICpdbzs|? NOPAIR
ICpdbzs]_ PAIR C1=0,4,7,5,1,9,2,6,3,8 C2=0,3,7,2,5,8,1,4,9,6
ICpdbzkn? NOPAIR
ICpdbzk{_ PAIR C1=0,4,7,5,1,8,2,9,3,6 C2=0,3,7,1,4,8,5,2,6,9
ICpdbzkj_ NOPAIR
ICpdbz[v? PAIR C1=0,4,7,3,9,5,1,8 C2=0,3,8,5,7,1,4,9
ICpdbz[f_ PAIR C1=0,4,7,3,9,5,1,8 C2=0,3,8,5,7,1,4,9
ICpdby{n? NOPAIR
ICpdbx{^? PAIR C1=1,4,8,2,7,5,9 C2=1,7,4,9,2,5,8
ICpdbzq}? PAIR C1=0,3,6,8,2,9,1,7,4 C2=0,6,2,7,3,9,4,1,8
ICpdbzq|? PAIR C1=0,3,6,8,2,7,1,5,9 C2=0,6,2,5,7,3,9,1,8
ICpdbzi|? PAIR C1=0,3,6,8,2,7,1,5,9 C2=0,6,2,5,7,3,9,1,8
ICpdbzi{_ PAIR C1=0,3,6,9,1,7,2,8,4 C2=0,6,2,9,3,7,4,1,8
ICpdbziy_ NOPAIR
ICpdbzi]_ PAIR C1=0,3,7,4,1,9,6,2,8 C2=0,4,8,1,7,2,9,3,6
ICpdbzix_ PAIR C1=0,4,7,5,1,9,6,2,8 C2=0,6,8,4,1,7,2,5,9
ICpdbzij_ PAIR C1=0,4,7,5,1,8,6,2,9 C2=0,6,9,5,2,7,1,4,8
ICpdbzYu_ NOPAIR
ICpdbzYx_ PAIR C1=0,3,8,4,1,5,7,2,9,6 C2=0,4,7,3,6,2,5,9,1,8
ICpdbyy^? PAIR C1=0,3,9,2,7,5,1,4,8,6 C2=0,4,7,1,9,5,2,6,3,8
ICpdbyyy_ NOPAIR
ICpdbyym_ NOPAIR
ICpdbze}? PAIR C1=0,4,1,9,2,7,3,6,8 C2=0,3,9,4,7,1,8,2,6
ICpdbze{_ PAIR C1=0,8,5,1,7,2,6,3,9 C2=0,3,7,5,2,8,1,9,6
ICpdbzex_ NOPAIR
ICpdbzer_ PAIR C1=0,6,9,4,1,5,7,2,8 C2=0,4,7,1,8,6,2,5,9
ICpdbzUx_ PAIR C1=0,6,2,9,1,5,7,3,8 C2=0,3,6,8,1,7,2,5,9
ICpdbzUt_ NOPAIR
ICpbfqyN_ PAIR C1=0,3,9,2,6,8,4,7 C2=0,4,9,6,3,7,2,8
ICpbfquy_ PAIR C1=0,3,6,8,2,9,1,7,4 C2=0,8,3,7,2,6,1,4,9
ICpbfqm]_ PAIR C1=0,3,6,9,2,8,4,7 C2=0,4,9,3,7,2,6,8
ICpbfqmx_ PAIR C1=0,4,8,2,6,9,1,7 C2=0,8,6,1,4,7,2,9
ICpbfq]x_ PAIR C1=0,3,6,1,7,2,9,5,8,4 C2=0,8,3,7,4,1,5,2,6,9
ICpbfo}}? PAIR C1=0,3,8,4,7,1,6,2,9 C2=0,4,1,9,3,6,8,2,7
ICpbfo}y_ PAIR C1=0,7,3,8,4,1,6,2,9 C2=0,3,6,8,2,7,1,9,4
ICpbfo}]_ PAIR C1=1,7,4,8,3,6,2,9 C2=1,4,9,3,7,2,8,6
ICpbfiur_ PAIR C1=0,8,5,7,3,6,1,9 C2=0,3,8,6,9,5,1,7
ICpbfimy_ PAIR C1=0,4,1,6,9,2,7,5,8 C2=0,7,1,5,2,6,8,4,9
ICpbfg}}? PAIR C1=0,3,6,2,8,4,9,1,7 C2=0,4,1,6,8,3,7,2,9
ICpbfW}f_ PAIR C1=0,7,5,2,8,4,1,6,3,9 C2=0,3,8,6,2,7,1,5,9,4
ICpbeyyx_ PAIR C1=0,7,5,1,9,2,6,3,8 C2=0,3,7,1,6,8,2,5,9
ICpbeyuy_ PAIR C1=0,7,3,6,2,9,1,5,8 C2=0,3,8,2,5,7,1,6,9
ICpbeyux_ PAIR C1=0,7,3,6,2,9,1,5,8 C2=0,3,8,2,5,7,1,6,9
ICpbeyut_ PAIR C1=0,7,3,6,9,1,5,8 C2=0,3,8,6,1,7,5,9
ICpbeyur_ PAIR C1=0,7,3,6,9,1,5,8 C2=0,3,8,6,1,7,5,9
ICpbeyuV_ PAIR C1=0,7,4,9,3,6,1,5,8 C2=0,3,8,6,9,5,7,1,4
ICpbeym{_ PAIR C1=0,7,3,9,2,6,1,5,8 C2=0,3,6,8,2,5,7,1,9
ICpbeymt_ PAIR C1=0,8,4,7,3,6,1,5,9 C2=0,3,9,6,8,5,7,1,4
ICpbew}]_ PAIR C1=1,5,2,9,6,3,8,4,7 C2=1,4,9,3,7,5,8,2,6
ICpbew}f_ PAIR C1=1,5,9,6,3,8,4,7 C2=1,4,9,3,7,5,8,6
ICpbew}V_ PAIR C1=1,5,9,6,3,8,4,7 C2=1,4,9,3,7,5,8,6
ICpbew}N_ PAIR C1=1,5,9,6,3,8,4,7 C2=1,4,9,3,7,5,8,6
ICpbdzw^? NOPAIR
ICpbdzw]_ PAIR C1=0,3,6,9,2,7,4,1,8 C2=0,4,9,1,6,2,8,3,7
ICpbdzwN_ PAIR C1=0,3,6,9,5,1,4,7,2,8 C2=0,4,9,3,8,1,6,2,5,7
ICpbdzs|? PAIR C1=0,3,7,5,9,2,8 C2=0,7,2,5,8,3,9
ICpbdzkz? PAIR C1=0,4,9,5,7,2,8 C2=0,7,4,8,5,2,9
ICpbdzk{_ PAIR C1=0,3,6,2,9,1,8,4,7 C2=0,4,1,6,9,3,7,2,8
ICpbdz[v? PAIR C1=0,3,8,1,4,9,5,7 C2=0,4,7,3,9,1,5,8
ICpbdz[V_ PAIR C1=0,3,8,1,4,9,5,7 C2=0,4,7,3,9,1,5,8
ICpbdy{n? PAIR C1=0,7,2,5,8,3,9 C2=0,3,7,5,9,2,8
ICpbdy{^? NOPAIR
ICpbdx{]_ PAIR C1=1,5,7,3,9,4,8,2,6 C2=1,4,7,2,5,8,3,6,9
ICpbdx{N_ PAIR C1=1,5,7,4,8,3,9,2,6 C2=1,4,9,6,3,7,2,5,8
ICpbdzq{_ NOPAIR
ICpbdzqx_ PAIR C1=0,3,6,2,7,5,9,1,8 C2=0,7,3,8,2,5,1,6,9
ICpbdzi|? PAIR C1=0,3,6,2,9,5,7,4,1,8 C2=0,4,8,6,1,5,2,7,3,9
ICpbdzi{_ PAIR C1=0,3,7,2,9,1,6,8,4 C2=0,7,4,1,8,2,6,3,9
ICpbdziy_ NOPAIR
ICpbdzix_ PAIR C1=0,7,4,8,6,2,5,1,9 C2=0,4,1,6,9,5,7,2,8
ICpbdzYu_ NOPAIR
ICpbdzY]_ NOPAIR
ICpbdzYx_ PAIR C1=0,4,7,3,8,6,1,5,2,9 C2=0,3,6,2,7,5,9,1,4,8
ICpbdxy]_ NOPAIR
ICpbdxyV_ PAIR C1=1,5,7,4,9,3,8,2,6 C2=1,4,8,6,3,7,2,5,9
ICpbdze}? PAIR C1=0,7,4,9,3,6,1,5,2,8 C2=0,3,7,5,8,6,2,9,1,4
ICpbdzex_ PAIR C1=1,5,8,2,9,6 C2=1,8,6,2,5,9
ICpbdxu}? PAIR C1=0,3,8,1,6,2,7,4,9 C2=0,4,1,9,2,8,6,3,7
ICpbdxut_ NOPAIR
ICpbdxuV_ NOPAIR
ICpbbw}}? PAIR C1=1,5,2,6,8,4,7,3,9 C2=1,4,9,2,7,5,8,3,6
ICpdVpu}? PAIR C1=0,6,4,1,8,2,7,3,9 C2=0,3,8,6,2,9,1,7,4
ICpdVpuy_ NOPAIR
ICpdVpu]_ PAIR C1=0,3,7,2,9,1,8,6,4 C2=0,6,2,8,3,9,4,1,7
ICpdVh{}? NOPAIR
ICpdVh{n? PAIR C1=0,3,9,5,7,1,8,4 C2=0,7,3,8,5,1,4,9
ICpdVh{{_ PAIR C1=0,4,8,3,9,1,7,5,2,6 C2=0,3,7,2,8,5,1,4,6,9
ICpdVhm]_ NOPAIR
ICpdVXu}? PAIR C1=0,7,1,5,8,2,6,4,9 C2=0,4,7,5,2,9,1,8,6
ICpdUxun? PAIR C1=0,6,4,1,5,7,3,8,2,9 C2=0,3,9,5,2,6,8,1,7,4
ICpdUxu{_ PAIR C1=0,3,9,2,8,5,7,1,4,6 C2=0,4,7,3,8,1,5,2,6,9
ICpdUxut_ PAIR C1=0,6,4,1,8,5,7,3,9 C2=0,3,8,6,9,5,1,7,4
ICpdUxuj_ PAIR C1=0,4,7,1,5,8,2,9,6 C2=0,7,5,2,6,8,1,4,9
ICpdUxuf_ PAIR C1=0,6,9,4,1,5,8,3,7 C2=0,3,9,5,7,1,8,6,4
ICpdUxuN_ PAIR C1=0,6,9,4,1,5,8,3,7 C2=0,3,9,5,7,1,8,6,4
ICpdTxuz? PAIR C1=0,4,6,2,7,5,8,1,9 C2=0,6,8,2,9,5,1,4,7
ICpdTxun? PAIR C1=0,3,7,2,8,5,9,4,6 C2=0,4,7,5,2,6,8,3,9
ICpdTxur_ PAIR C1=0,6,9,4,1,5,8,2,7 C2=0,4,7,5,2,6,8,1,9
ICpdTxuj_ NOPAIR
ICpdTxuf_ PAIR C1=0,3,8,6,9,5,2,7 C2=0,6,2,8,5,7,3,9
ICpdTxuV_ PAIR C1=0,6,8,3,9,4,1,5,2,7 C2=0,3,7,5,9,1,8,2,6,4
ICpdRxuf_ PAIR C1=0,6,8,3,7,2,5,1,4,9 C2=0,3,9,5,7,1,8,2,6,4
ICpdRvs}? PAIR C1=0,4,1,9,2,8,3,7,6 C2=0,3,9,4,6,2,7,1,8
ICpdRvsn? PAIR C1=0,3,8,1,4,9,5,2,7,6 C2=0,4,6,2,9,3,7,1,5,8
ICpdRvsy_ NOPAIR
ICpdRvs]_ PAIR C1=0,4,6,2,9,1,7,3,8 C2=0,3,9,4,1,8,2,7,6
ICpdQ~s{_ PAIR C1=0,4,6,9,2,5,1,7,3,8 C2=0,3,9,1,4,7,5,8,2,6
ICpdQ~st_ PAIR C1=0,6,4,7,3,9,5,1,8 C2=0,3,8,5,7,6,9,1,4
ICpdQ~sj_ PAIR C1=0,6,7,4,9,2,5,1,8 C2=0,4,1,7,5,8,2,6,9
ICpdQ~sf_ PAIR C1=0,8,5,1,4,7,3,9 C2=0,3,8,1,7,5,9,4
ICpbVqu}? PAIR C1=0,3,9,2,7,1,4,6,8 C2=0,4,7,3,8,2,6,1,9
ICpbVquz? PAIR C1=0,8,6,4,7,2,5,1,9 C2=0,4,9,5,8,2,6,1,7
ICpbVqu{_ PAIR C1=0,3,7,2,9,1,4,6,8 C2=0,4,7,1,6,2,8,3,9
ICpbVquy_ NOPAIR
ICpbViu}? PAIR C1=0,3,7,2,9,4,1,6,8 C2=0,4,6,2,8,3,9,1,7
ICpbViu{_ NOPAIR
ICpbUyu{_ PAIR C1=0,7,3,9,1,4,6,2,5,8 C2=0,3,8,2,9,6,1,5,7,4
ICpbUyut_ PAIR C1=0,3,9,6,4,1,7,5,8 C2=0,4,7,3,8,6,1,5,9
ICpbUyur_ NOPAIR
ICpbUyuj_ PAIR C1=0,7,4,9,2,6,1,5,8 C2=0,4,1,7,5,2,8,6,9
ICpbTzsz? PAIR C1=0,4,9,2,8,1,5,7 C2=0,8,5,2,7,4,1,9
ICpbTzs{_ PAIR C1=0,3,9,6,1,8,2,5,7,4 C2=0,7,3,8,5,1,4,6,2,9
ICpbTzsy_ PAIR C1=0,4,7,5,2,8,1,6,9 C2=0,7,2,6,4,9,1,5,8
ICpbTzsj_ PAIR C1=0,4,1,8,2,6,9,5,7 C2=0,8,5,1,6,4,7,2,9
ICpbTze}? PAIR C1=0,4,9,2,8,1,5,7 C2=0,8,5,2,7,4,1,9
ICpbRyu}? PAIR C1=0,3,9,1,6,8,2,7,4 C2=0,8,3,7,1,4,6,2,9
ICpbRyuf_ PAIR C1=0,3,8,5,7,2,6,1,4,9 C2=0,4,6,9,3,7,1,5,2,8
ICpbVe{{_ PAIR C1=0,4,1,9,6,2,7,3,8 C2=0,3,9,2,8,4,6,1,7
ICpbVe{y_ NOPAIR
ICpbVe{x_ PAIR C1=0,7,2,8,4,6,1,5,9 C2=0,4,1,7,6,9,2,5,8
ICpbRm{}? PAIR C1=0,3,8,4,6,7,2,5,1,9 C2=0,4,1,6,2,9,3,7,5,8
ICpfdrkYo PAIR C1=0,7,9,2,6,1,4,8 C2=0,4,7,2,8,1,9,6
ICpfdp{}? PAIR C1=0,4,8,1,9,2,6,3,7 C2=0,6,1,4,7,2,8,3,9
ICpfdp{|? PAIR C1=0,4,8,1,9,2,6,3,7 C2=0,6,1,4,7,2,8,3,9
ICpfdp{v? PAIR C1=0,7,3,6,2,5,8,1,4,9 C2=0,4,7,2,8,3,9,5,1,6
ICpfdp{n? PAIR C1=0,7,3,6,2,5,8,1,4,9 C2=0,4,7,2,8,3,9,5,1,6
ICpfdp{^? PAIR C1=0,3,6,1,9,4,8,5,2,7 C2=0,4,7,3,9,5,1,8,2,6
ICpfdp{{_ PAIR C1=0,4,8,3,6,1,9,2,7 C2=0,6,2,8,1,4,7,3,9
ICpfdp{y_ PAIR C1=0,3,6,1,8,4,9,2,7 C2=0,6,2,8,3,7,4,1,9
ICpfdp{u_ NOPAIR
ICpfdp{m_ NOPAIR
ICpfdp{]_ PAIR C1=0,4,1,8,2,6,9,3,7 C2=0,3,8,4,7,2,9,1,6
ICpfdp{j_ PAIR C1=0,4,1,8,5,2,9,6,3,7 C2=0,3,8,4,7,2,6,1,5,9
ICpfdp{Z_ PAIR C1=0,4,9,1,8,5,2,6,3,7 C2=0,3,8,4,7,2,9,5,1,6
ICpfdp{f_ PAIR C1=0,4,1,6,9,3,8,5,2,7 C2=0,3,7,4,9,5,1,8,2,6
ICpfdp{N_ PAIR C1=0,4,1,6,9,3,8,5,2,7 C2=0,3,7,4,9,5,1,8,2,6
ICpfdp{{O PAIR C1=0,4,8,3,9,1,6,2,7 C2=0,6,3,7,4,1,8,2,9
ICpfdp{uO NOPAIR
ICpfdp{mO NOPAIR
ICpfdp{]O PAIR C1=0,3,8,2,6,1,4,9,7 C2=0,4,8,1,9,2,7,3,6
ICpfdp{xO PAIR C1=0,3,7,9,1,6,2,8,4 C2=0,6,3,8,1,4,7,2,9
ICpfdp{\O PAIR C1=0,3,8,4,1,6,2,9,7 C2=0,4,7,2,8,1,9,3,6
ICpfdp{VO PAIR C1=0,3,8,5,2,6,1,4,9,7 C2=0,4,7,2,8,1,5,9,3,6
ICpfdp{NO PAIR C1=0,3,8,5,2,6,1,4,9,7 C2=0,4,7,2,8,1,5,9,3,6
ICpfdp{wo PAIR C1=0,7,3,8,4,1,6,2,9 C2=0,3,6,9,1,8,2,7,4
ICpfdp{ko NOPAIR
ICpfdp{[o PAIR C1=0,3,9,6,1,4,8,2,7 C2=0,4,7,3,8,1,9,2,6
ICpfdp{io NOPAIR
ICpfdp{Yo PAIR C1=0,3,6,1,9,7,2,8,4 C2=0,6,2,9,4,1,8,3,7
ICpfdp{eo NOPAIR
ICpfdp{Uo NOPAIR
ICpfdp{Mo NOPAIR
ICpfdp{po PAIR C1=0,3,6,1,5,2,8,4,7,9 C2=0,4,1,9,5,8,3,7,2,6
ICpfdp{To PAIR C1=0,4,8,2,5,1,6,3,9,7 C2=0,3,8,5,9,1,4,7,2,6
ICpfdp{Lo PAIR C1=0,4,8,2,5,1,6,3,9,7 C2=0,3,7,4,1,8,5,9,2,6
ICpfdp{Ro PAIR C1=0,3,6,1,5,2,8,4,9,7 C2=0,4,1,9,5,8,3,7,2,6
ICpfdp{Jo PAIR C1=0,6,3,8,4,1,5,2,9,7 C2=0,3,7,2,6,1,8,5,9,4
ICpfdpxN_ PAIR C1=0,4,8,3,6,9,2,7 C2=0,3,9,4,7,8,2,6
ICpfdp\x_ PAIR C1=0,4,8,1,5,2,9,6,3,7 C2=0,3,8,5,9,1,4,7,2,6
ICpfbrsmO PAIR C1=0,4,7,1,8,3,6,2,9 C2=0,6,1,4,9,3,7,2,8
ICpfbrslO PAIR C1=0,6,3,8,5,1,7,2,9 C2=0,3,7,9,5,2,6,1,8
ICpfbq{}? PAIR C1=0,4,7,1,9,2,8,3,6 C2=0,8,4,1,6,2,7,3,9
ICpfbq{|? PAIR C1=0,4,7,1,9,2,8,3,6 C2=0,8,4,1,6,2,7,3,9
ICpfbq{v? PAIR C1=0,4,7,1,5,8,2,6,3,9 C2=0,6,1,4,9,5,2,7,3,8
ICpfbq{^? PAIR C1=0,4,7,1,9,2,5,8,3,6 C2=0,3,7,2,6,1,5,9,4,8
ICpfbq{{_ PAIR C1=0,4,7,1,9,2,8,3,6 C2=0,8,4,1,6,2,7,3,9
ICpfbq{y_ PAIR C1=0,6,3,8,2,7,4,1,9 C2=0,3,7,1,6,2,9,4,8
ICpfbq{u_ NOPAIR
ICpfbq{m_ NOPAIR
ICpfbq{]_ PAIR C1=0,6,2,9,1,4,7,3,8 C2=0,3,9,6,1,7,2,8,4
ICpfbq{j_ PAIR C1=0,8,3,7,4,1,5,2,6,9 C2=0,3,6,1,7,2,8,5,9,4
ICpfbq{Z_ PAIR C1=0,6,9,4,1,5,2,7,3,8 C2=0,3,6,2,8,5,9,1,7,4
ICpfbq{V_ PAIR C1=0,6,9,4,1,5,2,7,3,8 C2=0,3,6,2,8,5,9,1,7,4
ICpfbq{N_ PAIR C1=0,6,9,4,1,5,2,7,3,8 C2=0,3,9,5,8,2,6,1,7,4
ICpfbq{{O PAIR C1=0,6,2,9,3,7,1,4,8 C2=0,4,7,2,8,3,6,1,9
ICpfbq{yO PAIR C1=0,6,2,9,4,1,7,3,8 C2=0,3,6,1,9,7,2,8,4
ICpfbq{mO NOPAIR
ICpfbq{]O PAIR C1=0,3,8,4,1,9,7,2,6 C2=0,4,7,1,6,3,9,2,8
ICpfbq{xO PAIR C1=0,6,3,8,2,5,1,4,7,9 C2=0,3,7,1,6,2,9,5,8,4
ICpfbq{wo PAIR C1=0,3,7,2,8,4,1,6,9 C2=0,4,7,1,9,2,6,3,8
ICpfbq{ko NOPAIR
ICpfbq{[o PAIR C1=0,3,8,2,9,6,1,7,4 C2=0,6,2,7,3,9,1,4,8
ICpfbq{io PAIR C1=0,4,9,7,3,8,2,6 C2=0,3,6,9,2,7,4,8
ICpfbq{Yo PAIR C1=0,4,9,7,3,8,2,6 C2=0,3,6,9,2,7,4,8
ICpfbq{Uo NOPAIR
ICpfbq{Mo PAIR C1=0,4,9,7,2,6,3,8 C2=0,3,7,4,8,2,9,6
ICpfbq{po PAIR C1=0,6,1,4,7,9,5,2,8 C2=0,4,8,5,1,7,2,6,9
ICpfbq{To PAIR C1=0,6,1,4,7,3,9,5,2,8 C2=0,3,6,2,7,9,1,5,8,4
ICpfbq{Jo PAIR C1=0,3,7,4,1,6,9,5,2,8 C2=0,4,9,2,7,1,5,8,3,6
ICpfbqy^? PAIR C1=0,3,9,4,7,1,6,2,8 C2=0,4,1,9,2,7,3,8,6
ICpfbqyxO PAIR C1=0,8,4,7,2,6,1,9 C2=0,4,1,7,9,2,8,6
ICpfbqm}? PAIR C1=0,3,7,2,6,8,4,1,9 C2=0,4,7,1,6,3,9,2,8
ICpfbqm{O PAIR C1=0,3,7,2,6,8,4,1,9 C2=0,4,7,1,6,3,9,2,8
ICpfbqmyO PAIR C1=0,4,1,6,8,2,7,9 C2=0,6,2,9,1,7,4,8
ICpfbqm]O PAIR C1=0,6,2,7,3,9,4,8 C2=0,3,6,8,2,9,7,4
ICpfbqmxO PAIR C1=0,6,2,7,9,1,4,8 C2=0,4,7,1,6,8,2,9
ICpfbq]xO PAIR C1=0,6,2,7,9,5,1,4,8 C2=0,4,7,1,6,8,5,2,9
ICpfbo}}? PAIR C1=0,3,9,1,7,4,8,2,6 C2=0,4,1,6,8,3,7,2,9
ICpfbo}]O PAIR C1=1,7,3,6,2,8,4,9 C2=1,4,7,2,9,3,8,6
ICpfbq\x_ PAIR C1=0,6,3,7,2,9,5,1,4,8 C2=0,3,8,5,2,6,9,1,7,4
ICpffH{do PAIR C1=0,6,3,9,5,1,8,2,7 C2=0,3,8,5,2,6,1,7,9
ICpffH{bo PAIR C1=0,6,9,4,8,1,5,2,7 C2=0,4,1,6,2,8,5,7,9
ICpfdjk\_ PAIR C1=0,6,2,8,1,5,9,3,7 C2=0,3,6,1,9,2,7,5,8
ICpfdjkTo PAIR C1=0,6,2,8,1,5,9,3,7 C2=0,3,6,1,9,7,2,5,8
ICpfdh{}? PAIR C1=0,4,1,9,3,6,2,8,5,7 C2=0,6,1,5,2,7,3,8,4,9
ICpfdh{|? PAIR C1=0,7,2,8,3,6,1,5,9 C2=0,3,7,5,8,1,9,2,6
ICpfdh{v? PAIR C1=0,7,2,6,3,8,4,1,5,9 C2=0,4,9,3,7,5,2,8,1,6
ICpfdh{n? PAIR C1=0,7,2,6,3,8,4,1,5,9 C2=0,4,9,3,7,5,2,8,1,6
ICpfdh{{_ PAIR C1=0,7,3,6,1,8,5,2,9 C2=0,3,8,2,7,5,1,9,6
ICpfdh{x_ PAIR C1=0,7,3,6,1,8,5,2,9 C2=0,3,8,2,7,5,1,9,6
ICpfdh{t_ PAIR C1=0,6,2,5,8,1,9,3,7 C2=0,3,8,2,7,5,1,6,9
ICpfdh{l_ NOPAIR
ICpfdh{\_ NOPAIR
ICpfdh{f_ PAIR C1=0,3,9,6,2,8,4,1,5,7 C2=0,4,9,5,2,7,3,8,1,6
ICpfdh{V_ PAIR C1=0,3,9,6,2,8,4,1,5,7 C2=0,4,9,5,2,7,3,8,1,6
ICpfdh{N_ PAIR C1=0,3,9,6,2,8,4,1,5,7 C2=0,4,9,5,2,7,3,8,1,6
ICpfdh{{O PAIR C1=0,3,6,2,5,8,1,9,7 C2=0,6,1,5,7,3,8,2,9
ICpfdh{yO PAIR C1=0,3,6,2,5,8,1,9,7 C2=0,6,1,5,7,3,8,2,9
ICpfdh{mO PAIR C1=0,4,1,8,5,2,6,3,9,7 C2=0,3,8,4,9,2,7,5,1,6
ICpfdh{]O PAIR C1=0,4,1,8,5,2,6,3,9,7 C2=0,3,8,4,9,2,7,5,1,6
ICpfdh{xO PAIR C1=0,3,6,2,5,8,1,9,7 C2=0,6,1,5,7,3,8,2,9
ICpfdh{tO PAIR C1=0,3,6,2,8,5,1,9,7 C2=0,6,1,8,3,7,2,5,9
ICpfdh{lO NOPAIR
ICpfdh{\O NOPAIR
ICpfdh{VO PAIR C1=0,6,3,8,2,5,1,4,9,7 C2=0,3,7,2,6,1,9,5,8,4
ICpfdh{wo PAIR C1=0,6,3,8,1,5,2,9,7 C2=0,3,7,5,8,2,6,1,9
ICpfdh{ko NOPAIR
ICpfdh{[o PAIR C1=1,5,2,7,9,6,3,8 C2=1,6,2,8,5,7,3,9
ICpfdh{qo PAIR C1=0,7,2,5,1,4,8,3,6,9 C2=0,3,7,5,8,2,6,1,9,4
ICpfdh{Yo PAIR C1=0,6,3,8,1,4,9,2,7 C2=0,3,7,9,1,6,2,8,4
ICpfdh{Uo PAIR C1=0,6,3,9,1,4,8,5,2,7 C2=0,3,8,2,6,1,5,7,9,4
ICpfdh{Mo PAIR C1=0,4,8,5,1,6,3,9,2,7 C2=0,3,8,1,4,9,7,5,2,6
ICpfdh{po PAIR C1=0,7,3,6,1,8,2,5,9 C2=0,3,8,5,1,9,7,2,6
ICpfdh{To PAIR C1=1,5,7,3,9,6,2,8 C2=1,6,3,8,5,2,7,9
ICpfdh{Lo NOPAIR
ICpfdh{bo PAIR C1=0,4,1,8,2,5,7,9,6 C2=0,7,2,6,1,5,8,4,9
ICpfdh{Ro PAIR C1=0,3,7,9,5,1,4,8,2,6 C2=0,4,9,1,6,3,8,5,2,7
ICpfdhun? NOPAIR
ICpfdhu]O PAIR C1=1,5,7,2,9,3,8,6 C2=1,8,5,2,6,3,7,9
ICpfdhurO PAIR C1=0,6,1,8,3,7,2,5,9 C2=0,3,6,2,8,5,1,9,7
ICpfdhmyO PAIR C1=0,4,8,6,1,5,7,2,9 C2=0,6,2,5,8,1,4,9,7
ICpfdh]yO PAIR C1=0,4,8,6,1,5,7,2,9 C2=0,6,2,5,8,1,4,9,7
ICpfdh]xO PAIR C1=0,6,1,8,3,7,5,9 C2=0,3,6,8,5,1,9,7
ICpfdh]tO PAIR C1=0,6,1,8,3,7,5,9 C2=0,3,6,8,5,1,9,7
ICpfdg}|? NOPAIR
ICpfdg}rO PAIR C1=0,3,7,2,8,6,1,5,9,4 C2=0,7,5,2,6,3,8,4,1,9
ICpfbjwmO PAIR C1=0,3,8,2,7,9,4,1,6 C2=0,4,8,1,7,3,6,2,9
ICpfbjwlO PAIR C1=0,6,1,5,2,9,7,3,8 C2=0,3,6,2,8,1,7,5,9
ICpfbjwio PAIR C1=0,3,8,4,1,6,2,7,9 C2=0,4,9,2,8,1,7,3,6
ICpfbjwMo PAIR C1=0,3,9,7,2,8,4,1,6 C2=0,4,9,2,6,3,7,1,8
ICpfbi{}? PAIR C1=0,4,8,3,9,2,7,5,1,6 C2=0,8,5,2,6,3,7,1,4,9
ICpfbi{|? PAIR C1=0,6,1,5,9,2,7,3,8 C2=0,3,6,2,8,5,7,1,9
ICpfbi{v? PAIR C1=0,8,4,1,5,7,2,6,3,9 C2=0,4,9,5,2,8,3,7,1,6
ICpfbi{n? PAIR C1=0,8,4,1,5,7,2,6,3,9 C2=0,4,9,5,2,8,3,7,1,6
ICpfbi{^? PAIR C1=0,6,3,9,2,7,5,1,4,8 C2=0,3,7,1,6,2,8,5,9,4
ICpfbi{{_ PAIR C1=0,6,3,8,5,2,7,1,9 C2=0,3,7,5,1,6,9,2,8
ICpfbi{x_ PAIR C1=0,6,3,8,5,2,7,1,9 C2=0,3,7,5,1,6,9,2,8
ICpfbi{t_ PAIR C1=0,6,1,7,2,5,8,3,9 C2=0,3,7,5,1,9,6,2,8
ICpfbi{l_ NOPAIR
ICpfbi{\_ NOPAIR
ICpfbi{r_ PAIR C1=0,4,9,6,1,5,2,7,3,8 C2=0,3,6,2,8,4,1,7,5,9
ICpfbi{V_ PAIR C1=0,4,9,6,1,5,2,7,3,8 C2=0,3,9,5,7,1,4,8,2,6
ICpfbi{N_ PAIR C1=0,4,9,6,1,5,2,7,3,8 C2=0,3,9,5,7,1,4,8,2,6
ICpfbi{{O PAIR C1=0,8,3,6,2,5,1,7,9 C2=0,3,7,5,8,2,9,1,6
ICpfbi{yO PAIR C1=0,8,3,6,2,5,1,7,9 C2=0,3,7,5,8,2,9,1,6
ICpfbi{]O PAIR C1=0,4,9,7,1,5,2,6,3,8 C2=0,3,9,2,7,5,8,4,1,6
ICpfbi{tO PAIR C1=0,3,9,7,1,6,2,5,8 C2=0,6,3,8,2,7,5,1,9
ICpfbi{lO NOPAIR
ICpfbi{\O NOPAIR
ICpfbi{VO PAIR C1=0,4,1,9,7,3,6,2,5,8 C2=0,3,9,4,8,2,7,5,1,6
ICpfbi{NO PAIR C1=0,6,3,7,9,4,1,5,2,8 C2=0,3,9,2,6,1,7,5,8,4
ICpfbi{wo PAIR C1=0,8,2,5,1,6,3,7,9 C2=0,3,8,5,7,1,9,2,6
ICpfbi{ko NOPAIR
ICpfbi{[o NOPAIR
ICpfbi{qo PAIR C1=0,4,8,2,5,1,7,9,6 C2=0,8,5,7,2,6,1,4,9
ICpfbi{Yo PAIR C1=0,4,8,3,7,2,5,1,9,6 C2=0,3,6,2,9,4,1,7,5,8
ICpfbi{Uo PAIR C1=0,3,7,1,5,2,8,4,9,6 C2=0,4,1,9,3,6,2,7,5,8
ICpfbi{Mo PAIR C1=0,3,7,1,5,2,8,4,9,6 C2=0,4,1,6,3,9,2,7,5,8
ICpfbi{po PAIR C1=0,6,2,7,3,8,5,9 C2=0,3,6,9,7,5,2,8
ICpfbi{ho PAIR C1=0,6,2,7,3,8,5,9 C2=0,3,6,9,7,5,2,8
ICpfbi{do PAIR C1=0,6,2,7,3,8,5,9 C2=0,3,6,9,7,5,2,8
ICpfbi{To NOPAIR
ICpfbi{Lo NOPAIR
ICpfbi{bo PAIR C1=0,6,9,4,1,7,5,2,8 C2=0,4,8,5,1,6,2,7,9
ICpfbi{Ro PAIR C1=0,3,8,2,6,9,5,7,1,4 C2=0,6,3,7,2,5,1,9,4,8
ICpfbim|? PAIR C1=0,3,7,5,1,9,2,8,6 C2=0,8,5,2,7,1,6,3,9
ICpfbimyO PAIR C1=0,6,8,4,1,5,7,2,9 C2=0,4,9,7,1,6,2,5,8
ICpfbimtO PAIR C1=0,3,6,2,7,9,5,8 C2=0,6,8,2,5,7,3,9
ICpfbi]xO PAIR C1=0,3,8,5,9,7,2,6 C2=0,8,6,3,7,5,2,9
ICpfbi]tO PAIR C1=0,6,1,5,9,7,3,8 C2=0,3,6,8,5,7,1,9
ICpfbi]VO PAIR C1=0,3,7,9,5,1,6,8,4 C2=0,6,3,9,4,1,7,5,8
ICpfbg}v? PAIR C1=0,4,8,6,3,7,2,5,1,9 C2=0,3,9,4,1,7,5,8,2,6
ICpfdZsTo PAIR C1=0,6,3,9,7,2,5,1,8 C2=0,3,8,2,6,1,9,5,7
ICpfdX{z? NOPAIR
ICpfdX{n? PAIR C1=0,3,6,1,8,2,7,5,9,4 C2=0,6,2,9,3,8,5,1,4,7
ICpfdX{{_ PAIR C1=0,3,9,6,2,7,5,1,8,4 C2=0,7,4,1,6,3,8,5,2,9
ICpfdX{y_ PAIR C1=0,4,9,6,1,8,2,5,7 C2=0,6,2,7,4,8,5,1,9
ICpfdX{m_ PAIR C1=0,3,8,2,7,5,1,6,9,4 C2=0,7,4,1,8,5,2,6,3,9
ICpfdX{]_ PAIR C1=0,4,1,8,3,6,9,2,5,7 C2=0,3,9,4,7,2,8,5,1,6
ICpfdX{x_ PAIR C1=0,4,7,5,9,1,8,2,6 C2=0,7,2,5,8,4,1,6,9
ICpfdX{r_ PAIR C1=0,4,7,5,9,1,8,2,6 C2=0,7,2,5,8,4,1,6,9
ICpfdX{j_ PAIR C1=0,6,2,9,5,8,1,4,7 C2=0,4,8,2,7,5,1,6,9
ICpfdX{Z_ NOPAIR
ICpfdX{f_ PAIR C1=0,4,9,5,7,2,8,3,6 C2=0,3,9,6,2,5,8,4,7
ICpfdX{{O PAIR C1=0,4,8,3,9,2,7,5,1,6 C2=0,3,6,2,5,8,1,4,7,9
ICpfdX{xO NOPAIR
ICpfdX{jO NOPAIR
ICpfdX{ZO PAIR C1=1,5,7,2,8,4,9 C2=1,4,7,9,2,5,8
ICpfdX{wo PAIR C1=0,4,7,9,2,5,8,1,6 C2=0,7,5,1,4,8,2,6,9
ICpfdX{so PAIR C1=0,7,2,5,8,4,1,6,3,9 C2=0,3,8,2,6,9,1,5,7,4
ICpfdX{[o PAIR C1=0,6,3,9,2,5,1,8,4,7 C2=0,3,8,5,7,2,6,9,1,4
ICpfdX{io PAIR C1=0,4,7,9,2,5,8,1,6 C2=0,7,5,1,4,8,2,6,9
ICpfdX{Yo PAIR C1=1,4,7,9,2,5,8 C2=1,5,7,2,8,4,9
ICpfdX{Mo PAIR C1=0,3,8,5,2,9,7,4,1,6 C2=0,4,9,3,6,2,8,1,5,7
ICpfdX{po PAIR C1=0,6,2,5,1,8,4,7,9 C2=0,4,1,6,9,5,8,2,7
ICpfdX{do PAIR C1=0,6,2,5,1,8,4,7,9 C2=0,4,1,6,9,5,8,2,7
ICpfdX{To PAIR C1=0,4,8,1,5,7,9,3,6 C2=0,3,8,5,9,6,1,4,7
ICpfdX{bo PAIR C1=0,7,5,1,4,8,2,6,9 C2=0,4,9,7,2,5,8,1,6
ICpfdX{Ro NOPAIR
ICpfdX{Jo NOPAIR
ICpfdX{Fo PAIR C1=0,4,7,2,5,8,3,9,6 C2=0,3,6,2,8,4,9,5,7
ICpfdXyyO PAIR C1=0,7,2,6,8,4,1,9 C2=0,4,7,9,2,8,1,6
ICpfdXyxO PAIR C1=0,7,2,6,8,4,1,9 C2=0,4,7,9,2,8,1,6
ICpfdXytO PAIR C1=0,3,6,8,4,7,2,5,1,9 C2=0,4,1,6,2,8,3,9,5,7
ICpfdXu{O PAIR C1=0,7,2,5,8,3,6,1,9 C2=0,3,9,7,5,1,8,2,6
ICpfdXuyO PAIR C1=0,6,1,5,8,2,9,4,7 C2=0,4,1,8,6,2,5,7,9
ICpfdXutO PAIR C1=0,7,2,8,5,1,6,3,9 C2=0,3,8,1,9,7,5,2,6
ICpfdXx]_ PAIR C1=0,3,6,1,8,2,9,4,7 C2=0,4,1,9,3,8,7,2,6
ICpfdXtt_ PAIR C1=0,7,5,2,8,3,6,9 C2=0,3,9,5,8,7,2,6
ICpfdXl{_ PAIR C1=0,6,2,7,4,8,1,9 C2=0,4,1,6,9,2,8,7
ICpfdXl]_ NOPAIR
ICpfdX\{_ PAIR C1=0,3,9,2,5,7,8,1,6 C2=0,7,2,6,3,8,5,1,9
ICpfdX\t_ PAIR C1=0,4,1,5,7,8,3,9,6 C2=0,3,6,1,9,5,8,4,7
ICpfbZwj_ PAIR C1=0,4,8,1,5,7,2,6,9 C2=0,6,1,7,4,9,5,2,8
ICpfbZwio PAIR C1=0,4,7,2,8,1,6,9 C2=0,6,2,9,7,1,4,8
ICpfbZsio PAIR C1=0,4,7,5,1,8,2,6,9 C2=0,6,1,4,9,7,2,5,8
ICpfbZsdo PAIR C1=0,3,6,2,8,1,7,5,9 C2=0,6,1,5,2,7,9,3,8
ICpfbY{z? NOPAIR
ICpfbY{n? PAIR C1=0,3,9,2,6,1,7,5,8,4 C2=0,6,3,8,2,7,4,1,5,9
ICpfbY{^? PAIR C1=0,3,9,5,8,4,1,7,2,6 C2=0,4,7,5,2,9,1,6,3,8
ICpfbY{{_ PAIR C1=0,3,8,4,1,7,5,2,6,9 C2=0,4,7,2,9,3,6,1,5,8
ICpfbY{y_ PAIR C1=0,6,9,4,7,1,5,2,8 C2=0,4,8,5,7,2,6,1,9
ICpfbY{]_ PAIR C1=0,3,8,2,5,1,7,4,9,6 C2=0,4,1,9,3,6,2,7,5,8
ICpfbY{x_ PAIR C1=0,4,7,1,9,6,2,5,8 C2=0,6,1,4,8,2,7,5,9
ICpfbY{t_ PAIR C1=0,4,7,1,9,6,2,5,8 C2=0,6,1,4,8,2,7,5,9
ICpfbY{\_ PAIR C1=0,4,7,1,9,2,5,8,3,6 C2=0,3,9,5,7,2,6,1,4,8
ICpfbY{r_ PAIR C1=0,4,7,1,9,6,2,5,8 C2=0,6,1,4,8,2,7,5,9
ICpfbY{j_ PAIR C1=0,4,7,1,5,8,2,9,6 C2=0,8,4,1,6,2,7,5,9
ICpfbY{Z_ NOPAIR
ICpfbY{f_ PAIR C1=0,6,2,5,7,1,4,8,3,9 C2=0,3,6,1,5,9,4,7,2,8
ICpfbY{V_ PAIR C1=0,4,9,1,7,5,2,8,3,6 C2=0,3,9,6,2,7,4,1,5,8
ICpfbY{{O PAIR C1=0,3,8,4,1,9,7,5,2,6 C2=0,4,7,2,8,5,1,6,3,9
ICpfbY{yO NOPAIR
ICpfbY{]O PAIR C1=0,3,6,2,8,5,7,9,1,4 C2=0,6,1,5,2,7,4,9,3,8
ICpfbY{xO NOPAIR
ICpfbY{rO NOPAIR
ICpfbY{jO NOPAIR
ICpfbY{ZO NOPAIR
ICpfbY{VO PAIR C1=0,4,1,5,9,7,2,8,3,6 C2=0,3,9,4,7,1,6,2,5,8
ICpfbY{NO PAIR C1=0,4,1,5,9,7,2,8,3,6 C2=0,3,9,4,7,1,6,2,5,8
ICpfbY{wo PAIR C1=0,6,1,5,2,8,4,7,9 C2=0,4,1,9,6,2,7,5,8
ICpfbY{so PAIR C1=0,6,1,5,2,8,4,7,9 C2=0,4,1,9,6,2,7,5,8
ICpfbY{[o PAIR C1=0,3,9,2,6,1,7,4,8 C2=0,4,1,9,7,2,8,3,6
ICpfbY{io PAIR C1=0,4,8,5,7,1,6,2,9 C2=0,6,9,7,4,1,5,2,8
ICpfbY{Yo NOPAIR
ICpfbY{Mo PAIR C1=0,3,8,5,2,9,4,7,1,6 C2=0,4,1,5,7,9,3,6,2,8
ICpfbY{po PAIR C1=0,6,1,4,8,5,2,7,9 C2=0,4,7,1,5,9,6,2,8
ICpfbY{ho PAIR C1=0,6,1,4,8,5,2,7,9 C2=0,4,7,1,5,9,6,2,8
ICpfbY{do PAIR C1=0,6,1,4,8,5,2,7,9 C2=0,4,7,1,5,9,6,2,8
ICpfbY{bo PAIR C1=0,6,1,4,8,5,2,7,9 C2=0,4,7,1,5,9,6,2,8
ICpfbY{Ro NOPAIR
ICpfbY{Fo PAIR C1=0,3,8,4,1,5,7,9,6 C2=0,4,7,1,6,3,9,5,8
ICpfbYyz? PAIR C1=0,4,8,6,2,7,1,5,9 C2=0,6,1,9,4,7,5,2,8
ICpfbYyyO PAIR C1=0,4,7,2,8,6,1,9 C2=0,6,2,9,7,1,4,8
ICpfbYyxO PAIR C1=0,4,7,2,8,6,1,9 C2=0,6,2,9,7,1,4,8
ICpfbYuv? PAIR C1=0,8,6,2,5,7,1,4,9 C2=0,4,7,2,8,5,9,1,6
ICpfbYu{O PAIR C1=0,6,3,9,7,1,5,2,8 C2=0,3,8,5,7,2,6,1,9
ICpfbYuyO PAIR C1=0,4,9,7,1,5,2,8,6 C2=0,8,5,7,4,1,6,2,9
ICpfbYm{O PAIR C1=0,4,1,5,8,6,2,7,9 C2=0,6,1,9,2,5,7,4,8
ICpfbYm]O NOPAIR
ICpfbYmfO PAIR C1=0,4,9,7,1,5,2,8,6 C2=0,8,4,1,6,2,7,5,9
ICpfbY\t_ PAIR C1=0,4,7,8,5,1,6,3,9 C2=0,3,8,4,1,7,5,9,6
ICpfczsTo PAIR C1=0,6,1,5,9,7,3,8 C2=0,3,6,9,1,8,5,7
ICpfcz[\O NOPAIR
ICpfcx{}? PAIR C1=0,3,6,2,9,1,5,8,4,7 C2=0,4,9,3,7,5,2,8,1,6
ICpfcx{|? PAIR C1=0,3,6,2,9,1,8,5,7,4 C2=0,6,1,4,8,2,5,9,3,7
ICpfcx{v? PAIR C1=0,4,8,1,5,7,3,9 C2=0,3,8,5,9,1,4,7
ICpfcx{n? PAIR C1=0,4,1,6,2,8,5,7,3,9 C2=0,6,3,8,1,5,2,9,4,7
ICpfcx{u_ NOPAIR
ICpfcx{m_ PAIR C1=0,4,1,6,2,8,5,7,3,9 C2=0,6,3,8,1,5,2,9,4,7
ICpfcx{t_ PAIR C1=0,4,8,3,7,5,1,9 C2=0,3,9,5,8,1,4,7
ICpfcx{r_ PAIR C1=0,3,7,5,8,4,1,6,9 C2=0,6,3,8,1,5,9,4,7
ICpfcx{j_ PAIR C1=0,3,7,5,8,4,1,6,9 C2=0,6,3,8,1,5,9,4,7
ICpfcx{f_ PAIR C1=0,3,7,5,8,4,1,6,9 C2=0,6,3,8,1,5,9,4,7
ICpfcx{V_ PAIR C1=0,3,7,5,9,6,1,8,4 C2=0,6,3,8,5,1,9,4,7
ICpfcx{N_ PAIR C1=0,3,7,5,9,6,2,8,1,4 C2=0,6,1,5,2,9,3,8,4,7
ICpfcx{uO NOPAIR
ICpfcx{mO PAIR C1=0,3,9,7,5,8,2,6,1,4 C2=0,6,3,8,1,5,2,9,4,7
ICpfcx{]O PAIR C1=0,3,9,7,5,8,2,6,1,4 C2=0,6,3,8,1,5,2,9,4,7
ICpfcx{tO PAIR C1=0,4,8,1,5,7,3,9 C2=0,3,8,5,9,1,4,7
ICpfcx{\O PAIR C1=0,4,1,8,5,7,3,9,2,6 C2=0,3,6,1,9,5,2,8,4,7
ICpfcx{fO NOPAIR
ICpfcx{VO NOPAIR
ICpfcx{NO PAIR C1=0,4,1,8,3,9,7,5,2,6 C2=0,3,6,1,5,8,2,9,4,7
ICpfcx{wo PAIR C1=0,6,1,5,2,8,3,7,9 C2=0,3,6,2,9,1,8,5,7
ICpfcx{[o PAIR C1=0,3,8,4,7,9,2,5,1,6 C2=0,4,1,9,3,6,2,8,5,7
ICpfcx{Yo PAIR C1=0,4,1,5,8,3,7,9,2,6 C2=0,3,6,1,9,4,8,2,5,7
ICpfcx{Uo NOPAIR
ICpfcx{Mo PAIR C1=0,3,8,5,2,9,7,4,1,6 C2=0,4,9,3,6,2,8,1,5,7
ICpfcx{po PAIR C1=0,4,7,5,1,8,3,6,9 C2=0,3,7,9,5,8,4,1,6
ICpfcx{ho PAIR C1=0,4,7,5,1,8,3,6,9 C2=0,3,7,9,5,8,4,1,6
ICpfcx{do PAIR C1=0,4,7,5,1,8,3,6,9 C2=0,3,7,9,5,8,4,1,6
ICpfcx{To PAIR C1=0,3,8,5,7,9,6,1,4 C2=0,6,3,9,5,1,8,4,7
ICpfcx{bo PAIR C1=0,3,8,4,1,5,7,9,6 C2=0,4,9,5,8,1,6,3,7
ICpfcx{Ro PAIR C1=0,3,8,4,1,5,7,9,6 C2=0,4,9,5,8,1,6,3,7
ICpfcx{Jo PAIR C1=0,3,8,4,1,5,7,9,6 C2=0,4,9,5,8,1,6,3,7
ICpfcx{Fo PAIR C1=0,3,8,4,1,5,7,9,6 C2=0,4,9,5,8,1,6,3,7
ICpfcxuxO PAIR C1=0,3,8,2,9,7,5,1,6 C2=0,7,3,6,2,5,8,1,9
ICpfcxutO PAIR C1=0,3,8,5,7,9,1,6 C2=0,7,3,6,8,1,5,9
ICpfcxurO PAIR C1=0,3,8,5,7,9,1,6 C2=0,7,3,6,8,1,5,9
ICpfcxuVO PAIR C1=0,4,7,9,5,1,8,3,6 C2=0,3,9,4,1,6,8,5,7
ICpfcx]]O NOPAIR
ICpfcx]jO PAIR C1=0,3,7,4,1,6,8,5,9 C2=0,4,9,7,5,1,8,3,6
ICpfcxt|? PAIR C1=0,3,6,1,8,7,5,2,9 C2=0,6,2,8,5,1,9,3,7
ICpfcxtx_ PAIR C1=0,3,6,2,5,7,8,1,9 C2=0,6,1,5,9,2,8,3,7
ICpfcx\|? PAIR C1=0,3,7,4,1,8,5,9 C2=0,4,8,3,9,1,5,7
ICpfay{}? PAIR C1=0,3,7,4,8,5,1,6,2,9 C2=0,4,9,1,7,5,2,8,3,6
ICpfay{|? PAIR C1=0,3,7,4,8,5,2,6,1,9 C2=0,4,1,7,5,9,2,8,3,6
ICpfay{v? PAIR C1=0,3,7,5,9,1,4,8 C2=0,4,7,1,5,8,3,9
ICpfay{^? PAIR C1=0,4,1,9,5,7,3,6,2,8 C2=0,3,9,2,5,8,4,7,1,6
ICpfay{]_ PAIR C1=0,3,7,5,2,6,1,9,4,8 C2=0,4,7,1,5,8,2,9,3,6
ICpfay{x_ PAIR C1=0,4,8,5,2,6,3,7,1,9 C2=0,3,8,2,9,5,7,4,1,6
ICpfay{t_ PAIR C1=0,4,1,7,3,8,5,9 C2=0,3,9,1,5,7,4,8
ICpfay{\_ PAIR C1=0,3,7,1,6,2,9,5,8,4 C2=0,6,3,9,1,4,7,5,2,8
ICpfay{r_ PAIR C1=0,3,7,1,5,8,4,9,6 C2=0,4,7,5,9,1,6,3,8
ICpfay{f_ PAIR C1=0,3,7,1,5,8,4,9,6 C2=0,8,3,6,1,4,7,5,9
ICpfay{V_ PAIR C1=0,3,7,1,5,8,4,9,6 C2=0,4,7,5,9,1,6,3,8
ICpfay{N_ PAIR C1=0,3,9,6,1,7,5,2,8,4 C2=0,6,2,9,5,1,4,7,3,8
ICpfay{uO NOPAIR
ICpfay{]O PAIR C1=0,3,6,1,4,9,7,5,2,8 C2=0,4,7,3,8,5,1,9,2,6
ICpfay{tO PAIR C1=0,3,9,5,7,1,4,8 C2=0,4,7,3,8,5,1,9
ICpfay{rO NOPAIR
ICpfay{jO PAIR C1=0,3,6,1,7,5,2,9,4,8 C2=0,6,2,8,3,7,4,1,5,9
ICpfay{fO NOPAIR
ICpfay{VO NOPAIR
ICpfay{NO PAIR C1=0,4,9,7,3,6,1,5,2,8 C2=0,3,8,4,1,7,5,9,2,6
ICpfay{wo PAIR C1=0,3,7,9,2,6,1,5,8 C2=0,6,3,8,2,5,7,1,9
ICpfay{[o PAIR C1=0,3,9,7,5,1,6,2,8,4 C2=0,6,3,7,4,1,9,2,5,8
ICpfay{Uo NOPAIR
ICpfay{Mo PAIR C1=0,3,9,7,5,1,6,2,8,4 C2=0,6,3,7,1,4,9,2,5,8
ICpfay{po PAIR C1=0,3,6,1,4,7,9,5,8 C2=0,4,8,3,7,5,1,9,6
ICpfay{ho PAIR C1=0,6,2,5,8,4,1,7,9 C2=0,4,7,5,1,6,9,2,8
ICpfay{do PAIR C1=0,8,3,6,1,4,7,5,9 C2=0,4,8,5,1,7,3,9,6
ICpfay{To PAIR C1=0,3,6,1,5,9,7,4,8 C2=0,4,1,7,5,8,3,9,6
ICpfay{bo PAIR C1=0,6,3,7,9,5,1,4,8 C2=0,3,8,5,7,1,6,9,4
ICpfay{Ro PAIR C1=0,6,3,7,9,5,1,4,8 C2=0,3,8,5,7,1,6,9,4
ICpfay{Jo PAIR C1=0,6,3,7,9,5,1,4,8 C2=0,3,8,5,7,1,6,9,4
ICpfay{Fo PAIR C1=0,6,3,7,9,5,1,4,8 C2=0,3,8,5,7,1,6,9,4
ICpfayt|? PAIR C1=0,8,7,3,6,2,5,1,9 C2=0,3,8,2,9,5,7,1,6
ICpfaytx_ PAIR C1=0,8,7,3,6,2,5,1,9 C2=0,3,8,2,9,5,7,1,6
ICpfaytt_ PAIR C1=0,8,7,3,6,1,5,9 C2=0,3,8,5,7,1,9,6
ICpfaytr_ PAIR C1=0,8,7,3,6,1,5,9 C2=0,3,8,5,7,1,9,6
ICpf`zw}? NOPAIR
ICpf`zwv? PAIR C1=0,4,7,5,1,8,2,6,3,9 C2=0,6,1,4,9,5,2,7,3,8
ICpf`zw^? PAIR C1=0,4,7,5,2,6,3,9,1,8 C2=0,3,7,2,8,4,9,5,1,6
ICpf`zw{_ NOPAIR
ICpf`zwy_ NOPAIR
ICpf`zw]_ PAIR C1=0,6,1,4,9,3,8 C2=0,3,6,9,1,8,4
ICpf`zwt_ PAIR C1=0,6,2,5,7,3,9,1,4,8 C2=0,3,6,9,5,1,8,2,7,4
ICpf`zwl_ PAIR C1=0,8,4,1,6,2,5,7,3,9 C2=0,3,6,9,5,1,8,2,7,4
ICpf`zwj_ PAIR C1=0,8,4,1,5,7,3,6,2,9 C2=0,3,8,1,6,9,5,2,7,4
ICpf`zwZ_ PAIR C1=0,4,1,9,5,7,3,6,2,8 C2=0,3,8,1,5,2,7,4,9,6
ICpf`zwV_ PAIR C1=0,4,1,9,5,7,3,6,2,8 C2=0,3,8,1,5,2,7,4,9,6
ICpf`zwN_ PAIR C1=0,4,7,3,9,5,2,6,1,8 C2=0,3,8,2,7,5,1,4,9,6
ICpf`zw{O PAIR C1=0,4,1,8,2,6,3,7,9 C2=0,3,8,4,7,2,9,1,6
ICpf`zwyO PAIR C1=0,4,1,8,2,6,3,7,9 C2=0,3,8,4,7,2,9,1,6
ICpf`zwuO NOPAIR
ICpf`zwmO NOPAIR
ICpf`zw]O PAIR C1=0,4,7,3,6,2,9,1,8 C2=0,3,8,2,7,9,4,1,6
ICpf`zwxO PAIR C1=0,4,1,8,2,6,3,7,5,9 C2=0,3,8,4,7,9,2,5,1,6
ICpf`zwtO PAIR C1=0,3,6,2,8,1,4,7,5,9 C2=0,4,8,3,9,7,2,5,1,6
ICpf`zwlO PAIR C1=0,3,6,2,8,1,4,7,5,9 C2=0,4,8,3,9,7,2,5,1,6
ICpf`zw\O PAIR C1=0,3,6,2,9,5,7,4,1,8 C2=0,4,8,3,9,7,2,5,1,6
ICpf`zwVO PAIR C1=0,3,9,1,6,2,5,7,4,8 C2=0,4,1,5,9,7,2,8,3,6
ICpf`zwNO PAIR C1=0,3,9,7,5,2,6,1,4,8 C2=0,4,7,2,9,5,1,8,3,6
ICpf`zwwo PAIR C1=0,6,2,7,3,8,4,1,9 C2=0,3,6,1,8,2,9,7,4
ICpf`zwso NOPAIR
ICpf`zwko NOPAIR
ICpf`zw[o PAIR C1=0,4,7,2,6,3,9,1,8 C2=0,3,7,9,2,8,4,1,6
ICpf`zwqo NOPAIR
ICpf`zwio PAIR C1=0,3,8,2,6,9,7,4 C2=0,6,3,7,2,9,4,8
ICpf`zwYo PAIR C1=0,3,8,2,6,9,7,4 C2=0,6,3,7,2,9,4,8
ICpf`zwUo PAIR C1=0,6,3,9,1,4,8 C2=0,3,8,1,6,9,4
ICpf`zwMo PAIR C1=0,3,6,2,7,9,4,8 C2=0,4,7,3,8,2,9,6
ICpf`zwpo PAIR C1=0,4,8,3,6,2,7,5,1,9 C2=0,3,7,4,1,6,9,5,2,8
ICpf`zwTo PAIR C1=0,4,8,3,9,1,5,7,2,6 C2=0,3,7,4,1,6,9,5,2,8
ICpf`zwLo PAIR C1=0,4,8,1,5,7,2,9,3,6 C2=0,3,7,4,1,6,9,5,2,8
ICpf`zwJo PAIR C1=0,4,9,2,7,5,1,8,3,6 C2=0,3,7,4,1,6,9,5,2,8
ICpf`zs}? PAIR C1=0,4,1,8,5,7,2,6,3,9 C2=0,6,1,5,2,9,4,7,3,8
ICpf`zs|? NOPAIR
ICpf`zsn? PAIR C1=0,4,1,8,5,7,2,6,3,9 C2=0,6,1,5,2,9,4,7,3,8
ICpf`zs^? PAIR C1=0,4,1,9,5,7,2,8,3,6 C2=0,3,7,4,9,2,6,1,5,8
ICpf`zs{_ NOPAIR
ICpf`zs]_ PAIR C1=0,4,1,5,7,3,6,9,2,8 C2=0,3,8,5,2,7,4,9,1,6
ICpf`zsx_ NOPAIR
ICpf`zst_ NOPAIR
ICpf`zsl_ NOPAIR
ICpf`zs\_ NOPAIR
ICpf`zsr_ PAIR C1=0,3,7,5,8,2,6,9,1,4 C2=0,8,3,6,1,5,2,7,4,9
ICpf`zs{O PAIR C1=0,3,7,5,8,1,9,2,6 C2=0,8,3,6,1,5,2,7,9
ICpf`zsyO PAIR C1=0,3,7,5,8,1,9,2,6 C2=0,8,3,6,1,5,2,7,9
ICpf`zsmO PAIR C1=0,3,8,2,6,1,5,7,4,9 C2=0,4,1,8,5,2,7,9,3,6
ICpf`zs]O PAIR C1=0,3,9,4,7,5,1,6,2,8 C2=0,4,1,8,5,2,9,7,3,6
ICpf`zstO PAIR C1=0,6,3,7,5,2,8,1,9 C2=0,3,9,7,2,6,1,5,8
ICpf`zslO NOPAIR
ICpf`zs\O NOPAIR
ICpf`zswo PAIR C1=0,3,8,5,7,2,6,1,9 C2=0,6,3,7,9,2,5,1,8
ICpf`zsko NOPAIR
ICpf`zs[o PAIR C1=1,5,7,3,8,2,6,9 C2=1,6,3,9,7,2,5,8
ICpf`zsqo PAIR C1=0,4,1,5,7,9,6,2,8 C2=0,6,1,8,5,2,7,4,9
ICpf`zsYo PAIR C1=0,4,7,3,8,2,5,1,9,6 C2=0,3,6,1,4,9,2,7,5,8
ICpf`zsUo PAIR C1=0,4,1,5,7,3,9,6,2,8 C2=0,3,8,5,2,7,4,9,1,6
ICpf`zsMo PAIR C1=0,3,9,6,1,8,2,5,7,4 C2=0,6,3,7,2,9,4,1,5,8
ICpf`zspo PAIR C1=0,3,6,1,8,2,7,5,9 C2=0,6,2,5,1,9,7,3,8
ICpf`zsho PAIR C1=0,8,2,6,3,7,5,9 C2=0,3,8,5,2,7,9,6
ICpf`zsTo PAIR C1=1,6,3,9,7,5,2,8 C2=1,5,8,3,7,2,6,9
ICpf`zsLo NOPAIR
ICpf`zsbo PAIR C1=0,4,1,8,2,5,7,9,6 C2=0,8,5,1,6,2,7,4,9
ICpf`zk}? PAIR C1=0,4,7,3,9,1,8,5,2,6 C2=0,3,6,1,5,7,2,8,4,9
ICpf`zkz? NOPAIR
ICpf`zkv? PAIR C1=0,3,7,5,2,6,1,8,4,9 C2=0,6,3,9,5,1,4,7,2,8
ICpf`zkn? PAIR C1=0,3,7,5,2,6,1,8,4,9 C2=0,6,3,9,5,1,4,7,2,8
ICpf`zk{_ PAIR C1=0,4,7,3,9,1,8,5,2,6 C2=0,3,6,9,2,7,5,1,4,8
ICpf`zky_ NOPAIR
ICpf`zk]_ PAIR C1=0,3,7,5,8,1,6,2,9,4 C2=0,6,3,9,1,5,2,7,4,8
ICpf`zkx_ NOPAIR
ICpf`zkt_ PAIR C1=0,3,7,5,9,6,2,8,1,4 C2=0,6,3,9,1,5,2,7,4,8
ICpf`zkj_ NOPAIR
ICpf`zkZ_ NOPAIR
ICpf`zkf_ PAIR C1=0,4,7,2,8,5,1,6,3,9 C2=0,3,7,5,2,6,9,4,1,8
ICpf`zk{O PAIR C1=0,3,9,1,8,4,7,2,6 C2=0,4,1,6,3,7,9,2,8
ICpf`zkyO PAIR C1=1,5,8,4,7,2,9 C2=1,4,9,7,5,2,8
ICpf`zk]O PAIR C1=1,5,8,4,7,2,9 C2=1,4,9,7,5,2,8
ICpf`zkxO NOPAIR
ICpf`zktO PAIR C1=0,8,5,2,7,3,6,1,9 C2=0,3,9,7,5,1,8,2,6
ICpf`zkjO NOPAIR
ICpf`zkNO PAIR C1=0,6,2,7,3,9,5,1,4,8 C2=0,3,6,1,8,2,5,7,9,4
ICpf`zkwo PAIR C1=0,6,2,7,4,8,5,1,9 C2=0,4,1,6,9,7,5,2,8
ICpf`zkso PAIR C1=0,6,2,7,4,8,5,1,9 C2=0,4,1,6,9,7,5,2,8
ICpf`zk[o PAIR C1=0,3,7,4,8,5,1,9,2,6 C2=0,4,1,6,3,9,7,5,2,8
ICpf`zkio PAIR C1=0,6,1,8,5,2,7,4,9 C2=0,4,1,5,7,9,6,2,8
ICpf`zkYo PAIR C1=1,5,8,4,7,2,9 C2=1,4,9,7,5,2,8
ICpf`zkMo PAIR C1=0,3,7,4,9,2,6,1,5,8 C2=0,4,1,8,2,5,7,9,3,6
ICpf`zkpo PAIR C1=0,8,4,7,2,6,1,5,9 C2=0,4,1,8,2,5,7,9,6
ICpf`zkdo PAIR C1=0,8,4,7,2,6,1,5,9 C2=0,4,1,8,2,5,7,9,6
ICpf`zkbo PAIR C1=0,8,4,7,2,6,1,5,9 C2=0,4,1,8,2,5,7,9,6
ICpf`zkJo NOPAIR
ICpf`zkFo PAIR C1=0,3,9,5,8,4,7,2,6 C2=0,4,9,6,3,7,5,2,8
ICpf`zq]O PAIR C1=0,3,7,4,9,2,8,1,6 C2=0,4,1,9,7,2,6,3,8
ICpf`zY]O NOPAIR
ICpf`zYxO PAIR C1=0,4,7,2,9,5,1,8,6 C2=0,8,4,1,6,2,5,7,9
ICpf`zYVO NOPAIR
ICpf`yymO PAIR C1=0,3,6,8,2,9,7,4 C2=0,6,2,7,3,8,4,9
ICpf`xy{O PAIR C1=0,3,6,1,8,2,9,7,4 C2=0,6,2,7,3,8,4,1,9
ICpf`xy]O NOPAIR
ICpf`xyVO PAIR C1=1,5,9,4,7,2,8,3,6 C2=1,4,8,6,2,5,7,3,9
ICpf`zefO PAIR C1=0,3,6,1,5,9,4,7,2,8 C2=0,4,1,8,6,2,5,7,3,9
ICpf`zUjO PAIR C1=0,3,6,2,7,4,9,5,1,8 C2=0,4,1,6,8,3,7,5,2,9
ICpf`yulO PAIR C1=0,6,3,8,5,2,7,9 C2=0,3,7,5,9,2,6,8
ICpf`yurO PAIR C1=0,8,2,5,1,6,3,7,4,9 C2=0,3,8,6,2,7,5,9,1,4
ICpf`xu{O PAIR C1=1,6,2,5,8,3,7,9 C2=1,5,7,2,9,3,6,8
ICpf`xu]O PAIR C1=1,6,2,5,8,3,7,9 C2=1,5,7,2,9,3,6,8
ICpf`zMrO NOPAIR
ICpf`zMjO PAIR C1=0,8,6,2,5,1,4,7,9 C2=0,4,9,2,7,5,8,1,6
ICpf`zMfO PAIR C1=0,4,1,5,7,9,3,6,8 C2=0,3,7,4,9,5,8,1,6
ICpf`ymtO PAIR C1=0,4,1,5,7,9,3,6,8 C2=0,3,7,4,8,5,9,1,6
ICpf`ymrO PAIR C1=0,6,2,8,4,1,5,7,9 C2=0,4,7,2,5,9,1,6,8
ICpf`ymjO NOPAIR
ICpf`ymfO PAIR C1=0,4,9,3,7,5,8,2,6 C2=0,3,6,8,4,7,2,5,9
ICpf`xm]O PAIR C1=1,4,9,7,5,2,8 C2=1,5,8,4,7,2,9
ICpf`xmZO PAIR C1=1,4,9,7,5,2,8 C2=1,5,8,4,7,2,9
ICpf`xmfO PAIR C1=0,3,9,7,5,1,6,2,8,4 C2=0,6,3,7,2,5,8,1,4,9
ICpf`y]xO PAIR C1=0,6,3,8,4,7,5,1,9 C2=0,3,7,9,5,8,6,1,4
ICpf`y]rO PAIR C1=0,6,3,8,4,7,5,1,9 C2=0,3,7,9,5,8,6,1,4
ICpf`y]jO PAIR C1=0,3,8,6,2,7,5,9 C2=0,6,3,7,9,2,5,8
ICpf`y]fO NOPAIR
ICpf`y]NO PAIR C1=0,6,3,9,4,7,2,5,8 C2=0,3,7,5,9,2,6,8,4
ICpf`x]]O PAIR C1=1,5,8,3,9,4,7,2,6 C2=1,4,8,6,3,7,5,2,9
ICpf`x]fO PAIR C1=0,3,6,8,5,1,4,7,9 C2=0,4,9,5,7,3,8,1,6
ICpf`x]VO NOPAIR
ICpf`x]NO PAIR C1=1,5,2,7,4,9,3,6,8 C2=1,4,8,3,7,5,9,2,6
ICpf`w}fO PAIR C1=0,3,6,8,2,7,5,9,4 C2=0,6,2,5,8,4,7,3,9
ICpf`w}NO NOPAIR
ICpfVI{Fo PAIR C1=0,4,8,2,6,1,5,9,7 C2=0,6,9,4,1,7,2,5,8
ICpfVG|{_ PAIR C1=0,7,8,2,5,1,4,6,9 C2=0,4,8,5,7,1,9,2,6
ICpfVG|t_ PAIR C1=0,7,8,2,5,1,4,6,9 C2=0,4,8,5,9,1,7,2,6
ICpfVG|f_ PAIR C1=0,7,5,2,8,4,6,9 C2=0,4,9,5,8,7,2,6
ICpfRi{}? PAIR C1=0,3,8,2,5,7,1,6,4,9 C2=0,4,8,5,1,9,3,7,2,6
ICpfRi{z? PAIR C1=0,8,5,1,4,6,2,9 C2=0,4,8,2,5,9,1,6
ICpfRi{v? PAIR C1=0,4,6,1,5,9,3,7,2,8 C2=0,3,8,4,9,1,7,5,2,6
ICpfRi{n? PAIR C1=0,3,7,2,9,4,6,1,5,8 C2=0,6,2,5,7,1,4,8,3,9
ICpfRi{^? PAIR C1=0,3,7,2,9,4,6,1,5,8 C2=0,4,8,3,9,1,7,5,2,6
ICpfRi{{_ PAIR C1=0,3,7,2,9,6,4,1,5,8 C2=0,4,8,3,9,1,7,5,2,6
ICpfRi{y_ NOPAIR
ICpfRi{]_ PAIR C1=0,6,2,5,1,7,3,9,4,8 C2=0,3,8,5,7,2,9,6,1,4
ICpfRi{x_ PAIR C1=0,6,2,8,4,1,5,9 C2=0,4,6,1,9,2,5,8
ICpfRi{t_ PAIR C1=0,6,9,3,7,1,5,2,8 C2=0,3,8,5,7,2,6,1,9
ICpfRi{\_ PAIR C1=0,3,9,5,1,7,2,8,4,6 C2=0,4,1,6,9,2,5,7,3,8
ICpfRi{j_ NOPAIR
ICpfRi{Z_ NOPAIR
ICpfRi{N_ PAIR C1=0,4,6,1,7,2,5,9,3,8 C2=0,3,7,5,1,4,8,2,9,6
ICpfRi{{O PAIR C1=0,4,6,1,5,2,7,9,3,8 C2=0,3,7,5,8,4,1,9,2,6
ICpfRi{yO PAIR C1=0,8,2,5,7,1,6,4,9 C2=0,4,8,5,1,9,7,2,6
ICpfRi{mO PAIR C1=0,4,1,7,9,3,8,5,2,6 C2=0,3,7,5,1,6,4,8,2,9
ICpfRi{]O PAIR C1=0,4,1,5,8,3,7,9,2,6 C2=0,3,9,4,6,1,7,5,2,8
ICpfRi{xO PAIR C1=0,6,4,1,9,5,7,2,8 C2=0,4,8,5,2,6,1,7,9
ICpfRi{rO PAIR C1=0,6,4,1,9,5,7,2,8 C2=0,4,8,5,2,6,1,7,9
ICpfRi{jO PAIR C1=0,6,4,1,7,5,9,2,8 C2=0,4,8,5,1,6,2,7,9
ICpfRi{fO PAIR C1=0,3,7,1,4,6,2,8,5,9 C2=0,4,8,3,9,7,2,5,1,6
ICpfRi{wo PAIR C1=0,8,2,6,4,1,5,7,9 C2=0,4,8,5,2,7,1,9,6
ICpfRi{so PAIR C1=0,8,2,6,4,1,5,7,9 C2=0,4,8,5,2,7,1,9,6
ICpfRi{[o PAIR C1=0,6,2,9,3,7,5,1,4,8 C2=0,3,8,5,2,7,1,9,6,4
ICpfRi{qo PAIR C1=0,6,2,8,4,1,5,7,9 C2=0,4,6,9,1,7,2,5,8
ICpfRi{io PAIR C1=0,6,4,1,5,7,9,2,8 C2=0,4,8,5,2,7,1,6,9
ICpfRi{Yo NOPAIR
ICpfRi{Uo PAIR C1=0,6,4,1,9,3,7,2,5,8 C2=0,3,8,2,6,1,5,7,9,4
ICpfRi{Mo PAIR C1=0,6,4,1,7,3,9,2,5,8 C2=0,3,8,2,6,1,5,7,9,4
ICpfRi{po PAIR C1=0,4,6,9,1,7,2,5,8 C2=0,6,2,8,4,1,5,7,9
ICpfRi{ho PAIR C1=0,4,8,5,2,7,1,6,9 C2=0,6,4,1,5,7,9,2,8
ICpfRi{do PAIR C1=0,4,1,6,9,5,7,3,8 C2=0,3,9,7,1,5,8,4,6
ICpfRi{To PAIR C1=0,4,1,6,9,5,7,3,8 C2=0,3,9,7,1,5,8,4,6
ICpfRi{bo PAIR C1=0,6,1,4,8,2,5,7,9 C2=0,4,9,6,2,7,1,5,8
ICpfRi{Ro NOPAIR
ICpfRi{Jo NOPAIR
ICpfRi{Fo PAIR C1=0,4,6,1,7,3,9,5,2,8 C2=0,3,8,5,1,4,9,7,2,6
ICpfRim|? PAIR C1=0,4,1,9,5,8,2,6 C2=0,8,4,6,1,5,2,9
ICpfRim]O NOPAIR
ICpfRg}z? PAIR C1=1,5,2,8,6,4,9 C2=1,4,8,5,9,2,6
ICpfRg}yO NOPAIR
ICpfRg}fO PAIR C1=0,3,9,7,1,5,8,4,6 C2=0,4,1,6,8,3,7,5,9
ICpfRit}? PAIR C1=0,4,9,3,8,7,2,5,1,6 C2=0,3,7,5,8,2,6,4,1,9
ICpfRitt_ PAIR C1=0,3,9,6,1,5,7,2,8 C2=0,6,2,5,8,3,7,1,9
ICpfRitf_ PAIR C1=0,3,7,5,1,4,9,6,2,8 C2=0,4,6,1,7,2,5,8,3,9
ICpfRilf_ PAIR C1=0,6,9,4,1,5,7,2,8 C2=0,4,8,7,1,6,2,5,9
ICpfRg|f_ PAIR C1=0,4,8,2,5,1,7,3,9,6 C2=0,3,8,5,7,2,6,1,4,9
ICpfRY{\_ NOPAIR
ICpfRY{do PAIR C1=0,4,8,5,1,7,2,6,9 C2=0,6,1,4,7,9,5,2,8
ICpfRYtf_ PAIR C1=0,4,9,5,8,2,7,1,6 C2=0,8,7,4,1,5,2,6,9
ICpfQyuv? PAIR C1=0,3,9,4,1,7,5,8,6 C2=0,8,3,7,4,6,1,5,9
ICpfQyurO NOPAIR
ICpfQyujO PAIR C1=0,8,2,6,1,5,7,4,9 C2=0,4,1,7,9,2,5,8,6
ICpfQyuNO PAIR C1=0,6,2,5,1,7,4,9,3,8 C2=0,3,7,5,9,2,8,6,1,4
ICpev`{mO NOPAIR
ICpev`{fO NOPAIR
ICpev`{NO PAIR C1=0,4,8,3,6,1,5,2,9,7 C2=0,3,9,5,8,2,7,1,4,6
ICpev`{Mo NOPAIR
ICpev`{ho PAIR C1=0,6,3,7,1,4,8,5,2,9 C2=0,3,8,2,7,9,5,1,6,4
ICpev`{Fo NOPAIR
ICpevI{VO PAIR C1=0,3,6,1,7,5,9,4,8 C2=0,6,4,1,5,8,3,9,7
ICpevI{To PAIR C1=0,3,6,1,7,9,5,8,4 C2=0,7,5,1,4,6,9,3,8
ICpevI{Ro NOPAIR
ICpevI{Jo PAIR C1=0,6,9,5,2,7,1,4,8 C2=0,4,6,1,5,8,2,9,7
ICpevI{Fo PAIR C1=0,3,6,9,5,7,1,4,8 C2=0,4,6,1,5,8,3,9,7
ICpevG}rO NOPAIR
ICpevG|v? PAIR C1=0,7,8,3,6,4,1,5,9 C2=0,3,9,4,8,5,7,1,6
ICpevG|n? PAIR C1=0,7,8,3,6,4,1,5,9 C2=0,3,9,4,8,5,7,1,6
ICpevG|x_ PAIR C1=0,4,6,1,5,8,7,2,9 C2=0,6,9,5,2,8,4,1,7
ICpevG|t_ PAIR C1=0,4,6,1,7,5,8,3,9 C2=0,3,6,9,5,1,4,8,7
ICpevG|j_ PAIR C1=0,4,6,1,7,2,8,5,9 C2=0,6,9,2,5,1,4,8,7
ICperjsfO NOPAIR
ICperjsdo PAIR C1=0,3,8,5,9,7,1,6 C2=0,8,1,5,7,3,6,9
ICperjsFo PAIR C1=0,6,3,7,9,4,1,5,8 C2=0,3,8,1,7,5,9,6,4
ICperi{}? PAIR C1=0,6,3,7,2,9,4,1,5,8 C2=0,4,6,1,7,5,2,8,3,9
ICperi{|? PAIR C1=0,3,9,1,7,2,5,8,4,6 C2=0,4,1,6,3,7,5,9,2,8
ICperi{v? NOPAIR
ICperi{n? PAIR C1=0,6,3,9,2,7,5,1,4,8 C2=0,4,6,1,7,3,8,2,5,9
ICperi{^? PAIR C1=0,4,8,5,1,9,2,7,3,6 C2=0,3,9,4,6,1,7,5,2,8
ICperi{{_ PAIR C1=0,6,1,7,3,8,5,2,9 C2=0,3,6,9,1,5,7,2,8
ICperi{]_ PAIR C1=0,4,6,3,9,1,7,2,5,8 C2=0,3,7,5,1,4,8,2,9,6
ICperi{x_ PAIR C1=0,4,6,3,8,5,2,7,1,9 C2=0,3,7,5,1,4,8,2,9,6
ICperi{t_ NOPAIR
ICperi{\_ PAIR C1=0,4,6,3,9,1,7,2,5,8 C2=0,3,7,5,1,4,8,2,9,6
ICperi{V_ NOPAIR
ICperi{N_ PAIR C1=1,5,8,2,7,3,9,4,6 C2=1,4,8,3,6,9,2,5,7
ICperi{{O PAIR C1=0,3,9,2,7,1,5,8,4,6 C2=0,4,1,6,3,8,2,5,7,9
ICperi{yO PAIR C1=0,3,7,2,9,1,5,8,4,6 C2=0,4,1,6,3,8,2,5,7,9
ICperi{uO NOPAIR
ICperi{]O PAIR C1=0,3,7,5,2,9,1,6,4,8 C2=0,4,1,5,8,2,7,9,3,6
ICperi{tO PAIR C1=0,4,8,3,9,5,7,1,6 C2=0,8,5,1,4,6,3,7,9
ICperi{\O PAIR C1=0,3,6,1,9,5,7,2,8,4 C2=0,6,4,1,7,3,9,2,5,8
ICperi{rO PAIR C1=0,3,8,4,9,5,7,1,6 C2=0,4,6,3,7,9,1,5,8
ICperi{jO PAIR C1=0,4,9,5,2,7,1,6,3,8 C2=0,3,7,9,2,8,5,1,4,6
ICperi{fO PAIR C1=0,6,1,4,8,3,7,5,9 C2=0,4,6,3,9,7,1,5,8
ICperi{VO PAIR C1=0,3,8,4,9,5,7,1,6 C2=0,4,6,3,7,9,1,5,8
ICperi{NO PAIR C1=0,3,8,2,7,1,5,9,4,6 C2=0,4,1,6,3,7,9,2,5,8
ICperi{wo PAIR C1=0,6,4,1,5,7,3,8,2,9 C2=0,3,6,1,9,7,2,5,8,4
ICperi{[o PAIR C1=0,6,4,1,5,7,3,9,2,8 C2=0,3,6,1,9,7,2,5,8,4
ICperi{Yo PAIR C1=0,4,9,2,8,3,7,5,1,6 C2=0,3,6,4,1,9,7,2,5,8
ICperi{eo NOPAIR
ICperi{Uo NOPAIR
ICperi{Mo PAIR C1=0,4,1,5,8,2,7,3,9,6 C2=0,3,6,1,7,5,2,9,4,8
ICperi{po PAIR C1=0,3,8,5,9,7,1,6,4 C2=0,8,4,1,5,7,3,6,9
ICperi{ho PAIR C1=0,3,8,5,9,7,1,6,4 C2=0,8,4,1,5,7,3,6,9
ICperi{do PAIR C1=0,3,8,5,9,7,1,6,4 C2=0,8,4,1,5,7,3,6,9
ICperi{To PAIR C1=0,3,8,5,9,7,1,6,4 C2=0,6,9,3,7,5,1,4,8
ICperi{bo PAIR C1=0,4,1,7,9,5,8,3,6 C2=0,3,7,5,1,6,9,4,8
ICperi{Ro PAIR C1=0,4,1,7,9,5,8,3,6 C2=0,3,7,5,1,6,9,4,8
ICperi{Jo PAIR C1=0,4,1,7,9,5,8,3,6 C2=0,3,7,5,1,6,9,4,8
ICperi{Fo PAIR C1=0,4,1,7,9,5,8,3,6 C2=0,3,7,5,1,6,9,4,8
ICperim|? PAIR C1=0,3,7,2,8,5,9,1,6,4 C2=0,6,3,9,2,5,7,1,4,8
ICperi]xO PAIR C1=0,3,6,8,5,7,9,1,4 C2=0,6,4,8,3,7,1,5,9
ICperg}fO PAIR C1=0,3,9,7,5,8,6,1,4 C2=0,6,4,8,3,7,1,5,9
ICperg}NO PAIR C1=1,4,9,2,8,6,3,7,5 C2=1,6,4,8,3,9,5,2,7
ICperYu|? PAIR C1=0,3,8,6,4,1,5,7,2,9 C2=0,4,7,1,6,3,9,5,2,8
ICperYuz? PAIR C1=0,4,1,6,8,2,7,5,9 C2=0,6,4,7,1,9,2,5,8
ICperYu{O PAIR C1=0,3,8,2,9,7,5,1,6,4 C2=0,6,3,9,1,4,7,2,5,8
ICperYutO PAIR C1=0,6,4,7,1,5,9,3,8 C2=0,3,6,8,5,7,9,1,4
ICperYujO PAIR C1=0,6,8,2,5,1,4,7,9 C2=0,4,6,1,7,2,9,5,8
ICpdvPu}? PAIR C1=0,3,6,8,2,9,1,4,7 C2=0,4,6,2,7,1,8,3,9
ICpdvPuz? PAIR C1=0,4,9,1,7,2,5,8,6 C2=0,7,4,6,2,8,1,5,9
ICpdvPu^? PAIR C1=0,4,9,1,7,2,5,8,3,6 C2=0,3,9,5,1,8,2,6,4,7
ICpdvPu{O PAIR C1=0,4,6,3,8,2,7,1,9 C2=0,3,9,2,6,8,1,4,7
ICpdvPuyO NOPAIR
ICpdvPu]O PAIR C1=0,3,6,8,1,4,9,2,7 C2=0,4,7,1,9,3,8,2,6
ICpdvPujO PAIR C1=0,6,2,5,8,1,4,9,7 C2=0,4,6,8,2,7,1,5,9
ICpdupu^? PAIR C1=0,6,4,1,9,5,2,8,3,7 C2=0,3,9,2,6,8,5,1,7,4
ICpdupu]O NOPAIR
ICpdupuxO PAIR C1=0,4,6,2,9,5,8,1,7 C2=0,6,8,2,5,1,4,7,9
ICpdupuVO NOPAIR
ICpdrjw}? NOPAIR
ICpdrjwv? PAIR C1=0,3,6,2,7,5,1,9,4,8 C2=0,6,4,1,7,3,8,2,5,9
ICpdrjw^? PAIR C1=0,3,7,5,2,6,4,9,1,8 C2=0,4,8,2,7,1,5,9,3,6
ICpdrjw{_ NOPAIR
ICpdrjw]_ NOPAIR
ICpdrjwx_ PAIR C1=0,4,6,3,8,1,7,5,2,9 C2=0,3,7,2,8,4,1,5,9,6
ICpdrjwl_ PAIR C1=0,4,6,3,8,1,7,5,2,9 C2=0,3,7,2,8,4,1,5,9,6
ICpdrjw\_ PAIR C1=0,4,6,3,9,2,5,7,1,8 C2=0,3,7,2,8,4,1,5,9,6
ICpdrjwZ_ PAIR C1=0,4,9,1,7,5,2,6,3,8 C2=0,3,7,2,8,4,1,5,9,6
ICpdrjwV_ PAIR C1=0,4,9,1,7,5,2,6,3,8 C2=0,3,7,2,8,4,1,5,9,6
ICpdrjwN_ PAIR C1=0,4,9,3,6,2,5,7,1,8 C2=0,3,7,2,8,4,1,5,9,6
ICpdrjw{O PAIR C1=0,4,6,3,9,2,7,1,8 C2=0,3,7,9,1,4,8,2,6
ICpdrjwyO PAIR C1=0,4,6,3,8,1,7,2,9 C2=0,3,7,9,1,4,8,2,6
ICpdrjwuO NOPAIR
ICpdrjwmO NOPAIR
ICpdrjw]O PAIR C1=0,4,1,7,9,3,6,2,8 C2=0,3,7,2,9,1,8,4,6
ICpdrjwxO PAIR C1=0,4,1,7,9,2,8,3,6 C2=0,3,7,2,6,4,8,1,9
ICpdrjw\O PAIR C1=0,3,6,4,1,7,9,2,8 C2=0,4,8,1,9,3,7,2,6
ICpdrjwjO PAIR C1=0,6,3,8,4,1,7,5,2,9 C2=0,3,7,9,5,1,8,2,6,4
ICpdrjwZO PAIR C1=0,6,3,7,1,4,9,2,8 C2=0,3,8,1,9,7,2,6,4
ICpdrjwfO PAIR C1=0,8,2,6,3,7,5,1,4,9 C2=0,3,9,5,2,7,1,8,4,6
ICpdrjwVO PAIR C1=0,4,9,1,5,7,3,6,2,8 C2=0,3,9,5,2,7,1,8,4,6
ICpdrjwNO PAIR C1=0,4,1,5,9,7,3,6,2,8 C2=0,3,9,2,5,7,1,8,4,6
ICpdrjwwo PAIR C1=0,3,8,4,1,7,9,2,6 C2=0,4,6,3,7,2,8,1,9
ICpdrjwko NOPAIR
ICpdrjw[o PAIR C1=0,6,3,7,2,9,1,4,8 C2=0,3,9,7,1,8,2,6,4
ICpdrjwqo NOPAIR
ICpdrjwio NOPAIR
ICpdrjwYo PAIR C1=0,6,3,7,1,4,9,2,8 C2=0,3,8,1,9,7,2,6,4
ICpdrjweo NOPAIR
ICpdrjwUo NOPAIR
ICpdrjwMo NOPAIR
ICpdrjwpo PAIR C1=0,3,6,4,8,2,7,5,1,9 C2=0,4,1,8,3,7,9,5,2,6
ICpdrjwho PAIR C1=0,6,3,7,5,1,4,8,2,9 C2=0,3,8,1,7,9,5,2,6,4
ICpdrjwXo PAIR C1=0,6,4,1,9,2,5,7,3,8 C2=0,3,6,9,5,1,7,2,8,4
ICpdrjwTo PAIR C1=0,6,2,5,7,3,9,1,4,8 C2=0,3,8,2,7,1,5,9,6,4
ICpdrjwLo PAIR C1=0,3,9,2,7,5,1,8,4,6 C2=0,4,1,7,9,5,2,6,3,8
ICpdrjwRo PAIR C1=0,3,6,9,4,1,5,7,2,8 C2=0,4,8,3,7,1,9,5,2,6
ICpdrjwJo PAIR C1=0,3,7,5,1,8,2,9,4,6 C2=0,4,1,7,9,5,2,6,3,8
ICpdrjs}? PAIR C1=0,8,1,5,2,7,3,6,4,9 C2=0,4,1,7,5,8,3,9,2,6
ICpdrjs|? NOPAIR
ICpdrjsn? PAIR C1=0,8,1,5,2,7,3,6,4,9 C2=0,4,1,7,5,9,3,8,2,6
ICpdrjs^? PAIR C1=0,3,6,4,9,2,7,5,1,8 C2=0,4,1,7,3,9,5,8,2,6
ICpdrjs{_ PAIR C1=0,6,3,7,5,2,9,1,8 C2=0,3,8,5,1,7,2,6,9
ICpdrjsy_ PAIR C1=0,6,3,7,5,2,9,1,8 C2=0,3,8,5,1,7,2,6,9
ICpdrjs]_ PAIR C1=0,6,3,7,2,9,4,1,5,8 C2=0,3,8,2,5,7,1,9,6,4
ICpdrjsx_ PAIR C1=0,6,3,8,5,1,7,2,9 C2=0,3,7,5,2,6,9,1,8
ICpdrjst_ PAIR C1=0,8,5,1,7,2,6,3,9 C2=0,3,7,5,2,8,1,9,6
ICpdrjsl_ NOPAIR
ICpdrjs\_ NOPAIR
ICpdrjsr_ PAIR C1=0,3,8,5,9,4,1,7,2,6 C2=0,4,6,3,7,5,2,8,1,9
ICpdrjsV_ PAIR C1=0,4,1,7,2,6,3,9,5,8 C2=0,3,7,5,2,8,1,9,4,6
ICpdrjsN_ PAIR C1=0,4,1,7,2,6,3,9,5,8 C2=0,3,7,5,1,8,2,9,4,6
ICpdrjs{O NOPAIR
ICpdrjsyO PAIR C1=0,3,8,5,7,1,4,9,2,6 C2=0,4,6,3,7,9,1,5,2,8
ICpdrjsmO PAIR C1=0,3,8,5,7,1,4,9,2,6 C2=0,4,6,3,9,7,2,5,1,8
ICpdrjs]O PAIR C1=0,3,8,5,7,1,4,9,2,6 C2=0,4,6,3,9,7,2,5,1,8
ICpdrjstO NOPAIR
ICpdrjslO NOPAIR
ICpdrjswo PAIR C1=0,6,3,8,1,5,7,2,9 C2=0,3,7,1,9,6,2,5,8
ICpdrjsko NOPAIR
ICpdrjs[o NOPAIR
ICpdrjsqo PAIR C1=0,4,6,3,8,2,5,7,1,9 C2=0,3,7,2,6,9,4,1,5,8
ICpdrjsio PAIR C1=0,4,6,3,8,1,7,5,2,9 C2=0,3,7,2,6,9,4,1,5,8
ICpdrjsYo PAIR C1=0,3,8,5,7,1,4,9,2,6 C2=0,4,6,3,7,9,1,5,2,8
ICpdrjsUo PAIR C1=0,3,9,7,5,1,4,6,2,8 C2=0,4,9,1,7,2,5,8,3,6
ICpdrjsMo PAIR C1=0,6,3,9,4,1,7,2,5,8 C2=0,3,7,5,1,8,2,9,6,4
ICpdrjspo PAIR C1=0,3,7,2,8,1,5,9,6 C2=0,8,3,6,2,5,7,1,9
ICpdrjsXo NOPAIR
ICpdrjsdo PAIR C1=0,6,3,7,9,5,2,8 C2=0,3,8,5,7,2,6,9
ICpdrjsTo NOPAIR
ICpdrjsLo NOPAIR
ICpdrjsbo PAIR C1=0,4,6,9,7,1,5,2,8 C2=0,6,2,7,5,8,1,4,9
ICpdrjsRo PAIR C1=0,3,8,5,1,7,9,6,4 C2=0,6,3,7,5,9,4,1,8
ICpdrjk}? PAIR C1=0,3,9,1,5,7,2,6,4,8 C2=0,4,9,2,5,8,1,7,3,6
ICpdrjk|? PAIR C1=0,6,3,7,2,9,5,1,4,8 C2=0,3,9,1,7,5,8,2,6,4
ICpdrjkz? NOPAIR
ICpdrjkv? PAIR C1=0,3,6,2,7,1,9,5,8,4 C2=0,6,4,1,8,2,5,7,3,9
ICpdrjkn? PAIR C1=0,3,6,2,9,5,7,1,8,4 C2=0,6,4,1,5,8,2,7,3,9
ICpdrjk{_ PAIR C1=0,4,6,3,9,2,7,1,5,8 C2=0,3,7,5,2,8,4,1,9,6
ICpdrjk]_ PAIR C1=0,4,6,3,9,2,7,1,5,8 C2=0,3,7,5,2,8,4,1,9,6
ICpdrjkx_ NOPAIR
ICpdrjkt_ PAIR C1=0,3,7,2,8,1,5,9,6,4 C2=0,8,4,1,7,5,2,6,3,9
ICpdrjk\_ PAIR C1=0,3,6,9,2,7,5,1,8,4 C2=0,6,4,1,7,3,9,5,2,8
ICpdrjkr_ NOPAIR
ICpdrjkj_ NOPAIR
ICpdrjkZ_ NOPAIR
ICpdrjkV_ PAIR C1=0,4,8,2,7,5,1,9,3,6 C2=0,3,7,1,4,9,6,2,5,8
ICpdrjkN_ PAIR C1=0,4,1,8,2,7,5,9,3,6 C2=0,3,7,1,5,2,6,9,4,8
ICpdrjk{O PAIR C1=0,6,3,7,2,5,8,4,1,9 C2=0,3,9,7,5,1,8,2,6,4
ICpdrjkyO NOPAIR
ICpdrjkmO PAIR C1=0,6,3,7,1,4,9,2,5,8 C2=0,3,9,7,5,1,8,2,6,4
ICpdrjk]O PAIR C1=0,6,3,7,1,4,9,2,5,8 C2=0,3,9,7,5,1,8,2,6,4
ICpdrjkrO NOPAIR
ICpdrjkjO NOPAIR
ICpdrjkfO PAIR C1=0,6,3,7,2,5,9,4,8 C2=0,3,9,7,5,8,2,6,4
ICpdrjkwo PAIR C1=0,4,8,5,2,7,1,9,6 C2=0,8,2,6,4,1,5,7,9
ICpdrjkso PAIR C1=0,4,8,5,2,7,1,9,6 C2=0,8,2,6,4,1,5,7,9
ICpdrjk[o PAIR C1=0,3,9,2,7,1,5,8,4,6 C2=0,4,1,9,6,3,7,5,2,8
ICpdrjkqo PAIR C1=0,6,4,8,2,5,1,7,9 C2=0,4,1,9,6,2,7,5,8
ICpdrjkio PAIR C1=0,6,4,8,1,5,7,2,9 C2=0,4,1,7,9,6,2,5,8
ICpdrjkYo NOPAIR
ICpdrjkUo PAIR C1=0,3,9,4,1,8,5,7,2,6 C2=0,4,6,3,7,9,1,5,2,8
ICpdrjkMo PAIR C1=0,3,7,5,8,1,4,9,2,6 C2=0,4,6,3,9,7,1,5,2,8
ICpdrjkpo PAIR C1=0,8,2,5,7,1,4,6,9 C2=0,4,8,1,5,9,7,2,6
ICpdrjkho PAIR C1=0,8,2,5,7,1,4,6,9 C2=0,4,8,1,5,9,7,2,6
ICpdrjkXo NOPAIR
ICpdrjkdo PAIR C1=0,6,4,8,1,5,2,7,9 C2=0,4,1,7,5,9,6,2,8
ICpdrjkTo PAIR C1=0,3,7,9,1,5,2,8,4,6 C2=0,4,1,7,2,6,3,9,5,8
ICpdrjkbo PAIR C1=0,6,4,8,1,5,2,7,9 C2=0,4,1,7,5,9,6,2,8
ICpdrjkRo NOPAIR
ICpdrjkFo PAIR C1=0,4,8,5,1,7,9,3,6 C2=0,3,7,5,9,6,4,1,8
ICpdrjitO PAIR C1=0,4,8,6,2,7,1,5,9 C2=0,6,4,1,9,7,5,2,8
ICpdrjY]O NOPAIR
ICpdrjYxO PAIR C1=0,4,1,7,5,9,2,6,8 C2=0,6,4,8,1,5,2,7,9
ICpdrhy]O NOPAIR
ICpdrje{O PAIR C1=0,3,9,1,5,7,2,6,8 C2=0,6,3,7,1,8,5,2,9
ICpdrjeyO PAIR C1=0,8,1,5,7,2,6,4,9 C2=0,4,1,7,9,2,5,8,6
ICpdrjexO NOPAIR
ICpdrjetO PAIR C1=0,3,9,5,7,2,8,6 C2=0,8,5,2,6,3,7,9
ICpdrjerO PAIR C1=0,4,9,5,1,7,2,8,6 C2=0,8,1,4,6,2,5,7,9
ICpdrjUyO PAIR C1=0,4,9,2,7,1,5,8,6 C2=0,8,1,4,6,2,5,7,9
ICpdrjUxO PAIR C1=0,6,2,9,5,7,3,8 C2=0,3,6,8,5,2,7,9
ICpdrjUtO NOPAIR
ICpdrjUrO PAIR C1=0,3,8,6,4,1,5,7,9 C2=0,4,9,5,8,1,7,3,6
ICpdrjUVO PAIR C1=0,3,9,7,5,1,4,6,8 C2=0,4,9,5,8,1,7,3,6
ICpdriulO PAIR C1=0,3,9,7,2,5,8,6 C2=0,8,2,6,3,7,5,9
ICpdriurO PAIR C1=0,3,7,1,4,9,5,2,6,8 C2=0,4,6,3,8,2,7,5,1,9
ICpdrhutO NOPAIR
ICpdrhu\O NOPAIR
ICpdrhuVO NOPAIR
ICpdrjM{O PAIR C1=0,6,2,9,3,7,5,1,8 C2=0,3,6,8,5,2,7,1,9
ICpdrjMxO PAIR C1=0,8,6,4,1,7,5,2,9 C2=0,4,8,5,1,9,7,2,6
ICpdrjMtO PAIR C1=0,3,9,5,7,1,4,6,8 C2=0,4,8,5,1,9,7,3,6
ICpdrjMrO NOPAIR
ICpdrimtO PAIR C1=0,3,9,1,7,5,8,6,4 C2=0,6,3,7,9,5,1,4,8
ICpdrhmfO PAIR C1=0,4,1,7,3,9,5,8,6 C2=0,3,6,4,8,1,5,7,9
ICpdri]xO PAIR C1=0,4,1,9,5,7,3,8,6 C2=0,3,6,4,8,5,1,7,9
ICpdri]VO PAIR C1=0,4,9,5,1,7,3,6,8 C2=0,3,8,5,7,9,1,4,6
ICpdri]NO PAIR C1=0,3,6,2,9,7,5,8,4 C2=0,6,4,9,5,2,7,3,8
ICpdrh]]O PAIR C1=1,4,6,2,9,3,8,5,7 C2=1,5,2,7,3,6,8,4,9
ICpdrh]tO PAIR C1=0,3,9,7,5,8,1,4,6 C2=0,4,8,6,3,7,1,5,9
ICpdrh]VO NOPAIR
ICpdrh]NO PAIR C1=1,7,3,6,2,5,9,4,8 C2=1,4,6,8,3,9,2,7,5
ICpdrg}VO PAIR C1=1,5,9,4,8,3,6,2,7 C2=1,4,6,8,2,5,7,3,9
ICpdrg}NO NOPAIR
ICpbvQuz? PAIR C1=0,7,4,9,1,5,2,6,8 C2=0,4,6,1,7,2,8,5,9
ICpbvQu{O NOPAIR
ICpbvQuyO NOPAIR
ICpbuqu}? NOPAIR
ICpbuquv? NOPAIR
ICpbuquxO PAIR C1=0,3,6,8,5,2,9,1,4,7 C2=0,4,6,2,8,3,7,1,5,9
ICpbtrs}? PAIR C1=0,7,4,1,9,2,6,3,8 C2=0,4,6,1,8,2,7,3,9
ICpbtrs|? PAIR C1=0,7,4,1,9,2,6,3,8 C2=0,4,6,1,8,2,7,3,9
ICpbtrsz? PAIR C1=0,7,4,1,9,2,6,3,8 C2=0,3,7,2,8,1,6,4,9
ICpbtrsv? PAIR C1=0,4,9,1,5,8,3,6,2,7 C2=0,3,7,4,6,1,8,2,5,9
ICpbtrsn? PAIR C1=0,7,3,9,4,1,6,2,5,8 C2=0,3,6,4,7,2,8,1,5,9
ICpbtrs^? PAIR C1=0,3,7,4,9,2,6,1,5,8 C2=0,4,6,3,8,1,9,5,2,7
ICpbtrs{_ PAIR C1=0,4,7,3,9,2,6,1,8 C2=0,7,2,8,3,6,4,1,9
ICpbtrsy_ PAIR C1=0,3,7,4,9,2,6,1,8 C2=0,7,2,8,3,6,4,1,9
ICpbtrsu_ NOPAIR
ICpbtrsm_ NOPAIR
ICpbtrs]_ PAIR C1=0,4,1,6,9,3,7,2,8 C2=0,3,8,1,9,2,6,4,7
ICpbtrsx_ PAIR C1=0,7,3,8,2,5,1,4,6,9 C2=0,3,6,1,8,5,9,2,7,4
ICpbtrsj_ PAIR C1=0,7,3,8,2,5,1,4,6,9 C2=0,3,6,1,8,5,9,2,7,4
ICpbtrsf_ PAIR C1=0,7,3,8,2,5,1,4,6,9 C2=0,3,9,5,8,1,6,2,7,4
ICpbtrsN_ PAIR C1=0,7,3,9,6,4,1,5,2,8 C2=0,3,6,1,8,5,9,2,7,4
ICpbtrs{O PAIR C1=0,8,2,6,1,4,7,3,9 C2=0,4,6,3,8,1,9,2,7
ICpbtrsyO PAIR C1=0,8,3,7,4,1,6,2,9 C2=0,3,6,4,9,1,8,2,7
ICpbtrsuO NOPAIR
ICpbtrsmO NOPAIR
ICpbtrs]O PAIR C1=0,3,8,1,6,4,9,2,7 C2=0,4,1,9,7,3,6,2,8
ICpbtrsxO PAIR C1=0,3,8,1,6,4,7,2,9 C2=0,4,1,9,7,3,6,2,8
ICpbtrs\O PAIR C1=0,4,6,3,8,1,5,9,2,7 C2=0,3,9,7,4,1,6,2,5,8
ICpbtrsZO PAIR C1=0,4,6,3,8,1,5,9,2,7 C2=0,3,7,4,9,1,6,2,5,8
ICpbtrsVO PAIR C1=0,4,6,3,9,1,8,5,2,7 C2=0,3,7,4,9,5,1,6,2,8
ICpbtrsNO PAIR C1=0,4,6,1,8,3,9,5,2,7 C2=0,3,6,2,9,7,4,1,5,8
ICpbtrswo PAIR C1=0,3,8,1,6,4,7,2,9 C2=0,4,1,9,7,3,6,2,8
ICpbtrsko NOPAIR
ICpbtrs[o PAIR C1=0,3,8,1,6,9,2,7,4 C2=0,7,3,9,1,4,6,2,8
ICpbtrsqo NOPAIR
ICpbtrsio NOPAIR
ICpbtrsYo PAIR C1=0,3,6,9,1,4,7,2,8 C2=0,4,9,2,6,1,8,3,7
ICpbtrsUo NOPAIR
ICpbtrsMo NOPAIR
ICpbtrspo PAIR C1=0,3,6,9,1,5,8,2,7,4 C2=0,7,3,8,1,4,6,2,5,9
ICpbtrsho PAIR C1=0,7,2,8,5,1,4,6,9 C2=0,4,7,9,5,2,6,1,8
ICpbtrsTo PAIR C1=0,3,9,6,4,1,5,8,2,7 C2=0,4,7,3,6,2,5,9,1,8
ICpbtrsJo PAIR C1=0,7,9,2,5,1,4,6,3,8 C2=0,3,7,2,6,1,8,5,9,4
ICpbtp{Lo PAIR C1=1,5,2,9,7,3,8,4,6 C2=1,4,7,2,6,3,9,5,8
ICpbtrqxO PAIR C1=0,7,4,6,1,8,2,9 C2=0,4,1,9,7,2,6,8
ICpbtrqVO NOPAIR
ICpbtrd}? PAIR C1=0,4,9,1,6,3,7,2,8 C2=0,3,9,2,6,4,1,8,7
ICpbtrTx_ PAIR C1=0,4,7,2,9,5,1,6,3,8 C2=0,3,7,8,5,2,6,4,1,9
ICpbtpt}? PAIR C1=0,4,9,2,8,1,6,3,7 C2=0,3,8,7,2,6,4,1,9
ICpbtpt]_ PAIR C1=1,6,3,7,4,9,2,8 C2=1,4,6,2,7,8,3,9
ICpfLrs\O PAIR C1=0,7,3,9,2,6,5,1,8 C2=0,3,8,5,2,7,9,1,6
ICpfLrsZO PAIR C1=0,6,5,2,8,1,9,4,7 C2=0,4,1,6,2,7,9,5,8
ICpfLrs[o PAIR C1=0,6,5,2,9,1,8,3,7 C2=0,3,9,7,2,6,1,5,8
ICpfLrsYo PAIR C1=0,7,2,5,6,9,4,1,8 C2=0,4,7,9,1,5,8,2,6
ICpfLrk\O PAIR C1=0,6,2,5,9,7,4,1,8 C2=0,4,8,5,6,1,9,2,7
ICpfLp{|? PAIR C1=0,3,9,5,8,1,6,2,7,4 C2=0,6,5,2,9,1,4,8,3,7
ICpfLp{z? NOPAIR
ICpfLp{n? PAIR C1=0,4,9,2,7,3,8,5,1,6 C2=0,3,9,5,6,2,8,1,4,7
ICpfLp{^? PAIR C1=0,4,9,2,7,3,8,5,1,6 C2=0,3,9,5,6,2,8,1,4,7
ICpfLp{{_ PAIR C1=0,3,9,2,6,1,5,8,4,7 C2=0,4,1,8,3,7,2,5,6,9
ICpfLp{y_ NOPAIR
ICpfLp{m_ PAIR C1=0,7,4,1,6,2,5,8,3,9 C2=0,3,7,2,9,6,5,1,8,4
ICpfLp{]_ PAIR C1=0,3,8,5,2,9,6,1,4,7 C2=0,4,8,2,7,3,9,1,5,6
ICpfLp{x_ NOPAIR
ICpfLp{j_ NOPAIR
ICpfLp{f_ PAIR C1=0,3,8,1,4,7,2,6,5,9 C2=0,4,8,2,5,1,6,9,3,7
ICpfLp{{O PAIR C1=0,3,7,4,8,2,5,6,1,9 C2=0,4,1,5,8,3,9,7,2,6
ICpfLp{yO PAIR C1=0,4,8,2,6,5,1,9,7 C2=0,6,1,8,5,2,7,4,9
ICpfLp{xO PAIR C1=0,4,1,8,5,9,7,2,6 C2=0,7,4,8,2,5,6,1,9
ICpfLp{tO PAIR C1=0,4,1,8,5,9,7,2,6 C2=0,7,4,8,2,5,6,1,9
ICpfLp{rO PAIR C1=0,4,1,8,5,9,7,2,6 C2=0,7,4,8,2,5,6,1,9
ICpfLp{jO PAIR C1=0,4,7,2,6,1,8,5,9 C2=0,6,5,1,4,8,2,9,7
ICpfLp{ZO NOPAIR
ICpfLp{wo PAIR C1=0,4,1,8,5,2,7,9,6 C2=0,7,4,8,2,6,5,1,9
ICpfLp{so PAIR C1=0,4,1,8,5,2,7,9,6 C2=0,7,4,8,2,6,5,1,9
ICpfLp{[o PAIR C1=0,4,1,5,8,3,7,2,9,6 C2=0,3,9,1,6,5,2,8,4,7
ICpfLp{io PAIR C1=0,4,1,5,8,2,7,9,6 C2=0,7,4,8,1,6,5,2,9
ICpfLp{Yo NOPAIR
ICpfLp{Uo PAIR C1=0,3,7,9,4,1,5,8,2,6 C2=0,4,8,3,9,1,6,5,2,7
ICpfLp{Mo PAIR C1=0,3,8,5,1,4,9,7,2,6 C2=0,4,8,1,6,5,2,9,3,7
ICpfLp{po PAIR C1=0,4,1,5,8,2,6,9,7 C2=0,6,5,2,7,4,8,1,9
ICpfLp{do PAIR C1=0,3,7,2,6,9,5,1,8,4 C2=0,7,4,1,6,5,2,8,3,9
ICpfLp{To PAIR C1=0,3,7,2,6,5,9,1,8,4 C2=0,6,9,3,8,2,5,1,4,7
ICpfLp{bo PAIR C1=0,6,2,8,4,1,5,9,7 C2=0,4,7,2,5,8,1,6,9
ICpfLp{Ro NOPAIR
ICpfLp{Fo PAIR C1=0,6,2,5,9,4,8,3,7 C2=0,3,9,6,5,8,2,7,4
ICpfLpyxO PAIR C1=0,4,1,5,9,7,2,8,6 C2=0,7,4,8,1,6,5,2,9
ICpfLpyjO PAIR C1=0,4,1,5,9,7,2,8,6 C2=0,7,4,8,1,6,5,2,9
ICpfLp]n? PAIR C1=0,3,9,5,1,4,8,6,2,7 C2=0,4,7,3,8,1,6,5,2,9
ICpfLp]jO PAIR C1=0,4,8,1,5,9,7,2,6 C2=0,7,4,1,6,8,5,2,9
ICpfLplf_ PAIR C1=0,6,2,5,9,4,1,8,7 C2=0,4,7,2,8,5,1,6,9
ICpfJrwio PAIR C1=0,4,1,8,2,7,9,6 C2=0,8,4,7,1,6,2,9
ICpfJrsko PAIR C1=0,6,2,5,1,8,3,7,9 C2=0,3,9,2,7,1,6,5,8
ICpfJrkm_ NOPAIR
ICpfJq{|? PAIR C1=0,4,1,9,5,8,3,7,2,6 C2=0,3,9,2,5,6,1,7,4,8
ICpfJq{z? PAIR C1=0,4,9,1,5,8,2,6 C2=0,8,4,1,6,5,2,9
ICpfJq{n? PAIR C1=0,3,8,5,1,7,4,9,2,6 C2=0,8,4,1,6,5,2,7,3,9
ICpfJq{^? PAIR C1=0,3,8,5,1,7,4,9,2,6 C2=0,4,1,6,5,9,3,7,2,8
ICpfJq{{_ PAIR C1=0,3,9,6,2,7,1,5,8,4 C2=0,8,3,7,4,1,6,5,2,9
ICpfJq{y_ PAIR C1=0,6,1,5,2,8,4,9 C2=0,4,1,9,2,6,5,8
ICpfJq{m_ PAIR C1=0,3,8,4,9,2,7,1,5,6 C2=0,8,5,2,6,1,4,7,3,9
ICpfJq{]_ PAIR C1=0,3,8,2,7,1,5,6,9,4 C2=0,6,1,4,7,3,9,2,5,8
ICpfJq{x_ NOPAIR
ICpfJq{r_ NOPAIR
ICpfJq{j_ NOPAIR
ICpfJq{Z_ NOPAIR
ICpfJq{f_ PAIR C1=0,4,9,3,7,1,6,2,5,8 C2=0,3,8,2,7,4,1,5,9,6
ICpfJq{N_ PAIR C1=0,4,9,3,7,1,6,2,5,8 C2=0,3,8,2,7,4,1,5,9,6
ICpfJq{{O PAIR C1=0,4,8,5,2,9,3,7,1,6 C2=0,3,8,2,6,5,1,4,7,9
ICpfJq{xO PAIR C1=0,4,8,5,9,2,7,1,6 C2=0,8,2,6,5,1,4,7,9
ICpfJq{tO PAIR C1=0,3,9,1,5,8,4,7,2,6 C2=0,4,1,6,5,2,8,3,7,9
ICpfJq{\O PAIR C1=0,4,7,2,6,5,1,9,3,8 C2=0,3,7,9,5,2,8,4,1,6
ICpfJq{rO PAIR C1=0,6,2,5,8,4,7,1,9 C2=0,4,1,6,5,9,7,2,8
ICpfJq{jO PAIR C1=0,4,7,1,6,5,8,2,9 C2=0,6,2,7,9,5,1,4,8
ICpfJq{ZO NOPAIR
ICpfJq{wo PAIR C1=0,6,5,1,7,4,8,2,9 C2=0,4,1,6,9,7,2,5,8
ICpfJq{so PAIR C1=0,3,9,1,7,4,8,2,5,6 C2=0,4,1,5,8,3,7,2,6,9
ICpfJq{[o PAIR C1=0,3,8,5,6,2,9,1,7,4 C2=0,6,9,3,7,2,5,1,4,8
ICpfJq{io PAIR C1=0,4,7,1,6,5,8,2,9 C2=0,6,9,7,2,5,1,4,8
ICpfJq{Yo NOPAIR
ICpfJq{Mo PAIR C1=0,4,9,3,7,1,6,5,2,8 C2=0,3,8,5,1,4,7,2,9,6
ICpfJq{po PAIR C1=0,6,5,2,8,4,1,7,9 C2=0,4,7,2,6,9,1,5,8
ICpfJq{ho PAIR C1=0,6,5,2,8,4,1,7,9 C2=0,4,7,2,9,6,1,5,8
ICpfJq{do PAIR C1=0,6,9,5,1,4,7,2,8 C2=0,4,8,5,2,6,1,7,9
ICpfJq{To PAIR C1=0,6,1,5,9,3,7,4,8 C2=0,3,8,5,6,9,7,1,4
ICpfJq{bo PAIR C1=0,6,9,5,1,4,7,2,8 C2=0,4,8,5,2,6,1,7,9
ICpfJq{Ro NOPAIR
ICpfJq{Fo PAIR C1=0,6,1,4,9,5,2,7,3,8 C2=0,3,9,7,1,5,6,2,8,4
ICpfJqm}? PAIR C1=0,4,9,2,6,1,5,8 C2=0,6,5,2,8,4,1,9
ICpfJqmv? PAIR C1=0,6,1,4,9,5,8 C2=0,4,8,6,5,1,9
ICpfJq]z? PAIR C1=0,6,1,4,9,5,8 C2=0,4,8,6,5,1,9
ICpfJqxj_ PAIR C1=0,4,1,7,8,2,9,5,6 C2=0,8,4,7,2,5,1,6,9
ICpfJql]_ NOPAIR
ICpfJqlf_ PAIR C1=0,4,1,7,2,6,9,5,8 C2=0,6,1,5,2,8,7,4,9
ICpfJo|y_ NOPAIR
ICpfJo|]_ NOPAIR
ICpfJo|f_ PAIR C1=0,3,8,5,9,6,2,7,1,4 C2=0,6,1,5,2,8,4,7,3,9
ICpfJix{_ PAIR C1=0,3,9,2,5,6,1,7,8 C2=0,6,2,8,3,7,5,1,9
ICpfJixy_ PAIR C1=0,8,7,2,6,5,1,4,9 C2=0,4,8,2,5,7,1,9,6
ICpfJYytO PAIR C1=0,4,1,5,6,8,2,7,9 C2=0,6,2,5,9,1,7,4,8
ICpfJYyfO PAIR C1=0,4,9,7,2,5,6,8 C2=0,6,2,8,4,7,5,9
ICpfKzwTo PAIR C1=0,4,7,9,3,8,1,5,6 C2=0,3,7,5,9,6,1,4,8
ICpfKzwRo NOPAIR
ICpfKzwJo PAIR C1=0,4,8,1,6,2,9,5,7 C2=0,6,9,7,4,1,5,2,8
ICpfKzwFo PAIR C1=0,3,9,4,8,1,6,5,7 C2=0,6,9,5,1,4,7,3,8
ICpfIyyv? PAIR C1=0,3,7,1,4,8,6,5,9 C2=0,6,1,5,7,4,9,3,8
ICpfIyyxO PAIR C1=0,4,7,1,6,8,2,5,9 C2=0,6,2,9,7,5,1,4,8
ICpfIyytO PAIR C1=0,3,9,7,4,1,5,6,8 C2=0,4,8,3,7,5,9,1,6
ICpfIyyjO PAIR C1=0,4,7,9,5,1,6,2,8 C2=0,6,8,4,1,7,5,2,9
ICpfIyxt_ PAIR C1=0,3,7,8,4,1,9,5,6 C2=0,4,7,5,1,6,9,3,8
ICpfIyxr_ NOPAIR
ICpelrsVO PAIR C1=0,7,9,4,1,5,6,3,8 C2=0,4,7,3,9,5,8,1,6
ICpelrkN_ PAIR C1=0,7,4,1,5,6,3,9,2,8 C2=0,3,7,2,5,8,1,6,9,4
ICpelrkJo PAIR C1=0,6,5,1,8,2,9,4,7 C2=0,4,1,6,9,7,2,5,8
ICpelrkFo PAIR C1=0,7,4,9,3,6,5,1,8 C2=0,3,7,9,5,8,4,1,6
ICpelr[N_ NOPAIR
ICpelp{}? PAIR C1=0,4,9,3,7,2,5,8,1,6 C2=0,3,6,5,1,9,2,8,4,7
ICpelp{|? PAIR C1=0,4,1,8,2,7,3,9,5,6 C2=0,3,6,1,9,2,5,8,4,7
ICpelp{v? PAIR C1=0,4,1,8,3,9,5,6 C2=0,3,6,1,5,8,4,9
ICpelp{n? PAIR C1=0,4,1,8,3,9,5,6 C2=0,3,6,1,5,8,4,9
ICpelp{u_ NOPAIR
ICpelp{m_ PAIR C1=0,3,9,2,7,4,1,8,5,6 C2=0,4,9,6,1,5,2,8,3,7
ICpelp{]_ PAIR C1=0,3,9,2,7,4,1,8,5,6 C2=0,4,9,6,1,5,2,8,3,7
ICpelp{t_ NOPAIR
ICpelp{j_ PAIR C1=0,4,9,5,1,8,2,7,3,6 C2=0,3,8,5,2,9,6,1,4,7
ICpelp{f_ PAIR C1=0,3,6,1,8,5,9,4 C2=0,6,5,1,4,8,3,9
ICpelp{N_ PAIR C1=0,3,7,4,9,2,8,1,5,6 C2=0,4,1,6,9,3,8,5,2,7
ICpelp{{O PAIR C1=0,3,7,9,2,8,4,1,5,6 C2=0,4,7,2,5,8,1,6,3,9
ICpelp{uO NOPAIR
ICpelp{xO PAIR C1=0,3,6,5,1,8,2,9,7,4 C2=0,6,1,4,8,3,7,2,5,9
ICpelp{tO PAIR C1=0,4,1,8,3,7,9,5,6 C2=0,7,4,8,5,1,6,3,9
ICpelp{\O PAIR C1=0,3,8,2,9,7,4,1,5,6 C2=0,4,8,1,6,3,9,5,2,7
ICpelp{rO PAIR C1=0,4,8,1,5,9,7,3,6 C2=0,3,8,5,6,1,9,4,7
ICpelp{fO PAIR C1=0,4,8,1,5,9,7,3,6 C2=0,7,4,1,6,5,8,3,9
ICpelp{VO PAIR C1=0,3,7,4,9,5,8,1,6 C2=0,4,8,3,6,5,1,9,7
ICpelp{NO PAIR C1=0,4,8,1,5,6,3,9,2,7 C2=0,3,8,2,5,9,7,4,1,6
ICpelp{wo PAIR C1=0,3,6,5,8,2,9,1,4,7 C2=0,4,8,3,7,2,5,1,6,9
ICpelp{[o PAIR C1=0,3,9,1,6,5,2,8,4,7 C2=0,4,1,5,8,3,7,2,9,6
ICpelp{io PAIR C1=0,4,8,1,6,5,2,7,9 C2=0,6,9,2,8,5,1,4,7
ICpelp{Yo PAIR C1=0,3,7,9,2,8,4,1,5,6 C2=0,4,9,1,6,3,8,5,2,7
ICpelp{eo NOPAIR
ICpelp{Uo NOPAIR
ICpelp{Mo PAIR C1=0,3,9,4,1,6,5,8,2,7 C2=0,4,8,1,5,2,9,7,3,6
ICpelp{po PAIR C1=0,4,8,3,6,1,5,9,7 C2=0,3,7,4,1,8,5,6,9
ICpelp{ho PAIR C1=0,4,8,3,6,1,5,9,7 C2=0,3,7,4,1,8,5,6,9
ICpelp{do PAIR C1=0,4,8,3,6,1,5,9,7 C2=0,3,7,4,1,8,5,6,9
ICpelp{To PAIR C1=0,6,1,5,9,3,8,4,7 C2=0,3,7,9,6,5,8,1,4
ICpelp{bo PAIR C1=0,4,8,3,6,1,5,9,7 C2=0,3,7,4,1,8,5,6,9
ICpelp{Ro PAIR C1=0,6,3,8,5,9,1,4,7 C2=0,3,7,9,6,5,1,8,4
ICpelp{Jo PAIR C1=0,4,1,6,3,8,2,5,9,7 C2=0,3,7,2,9,4,8,1,5,6
ICpelp{Fo PAIR C1=0,3,9,6,1,5,8,4,7 C2=0,4,1,8,3,7,9,5,6
ICpelpy]O NOPAIR
ICpelpyxO PAIR C1=0,3,8,2,5,9,7,4,1,6 C2=0,4,8,1,5,6,3,7,2,9
ICpelpyVO NOPAIR
ICpejrslO PAIR C1=0,6,3,8,1,5,2,7,9 C2=0,3,7,1,6,5,9,2,8
ICpejrsfO NOPAIR
ICpejq{}? PAIR C1=0,4,7,3,6,1,5,8,2,9 C2=0,6,5,2,7,1,4,9,3,8
ICpejq{|? PAIR C1=0,3,9,2,8,5,6,1,7,4 C2=0,6,3,7,2,5,9,1,4,8
ICpejq{v? PAIR C1=0,3,6,1,4,9,5,8 C2=0,4,8,3,9,1,5,6
ICpejq{^? PAIR C1=0,3,6,1,4,9,5,8 C2=0,4,8,3,9,1,5,6
ICpejq{{_ PAIR C1=0,3,8,2,7,4,1,5,6,9 C2=0,4,8,5,2,9,3,7,1,6
ICpejq{u_ NOPAIR
ICpejq{]_ PAIR C1=0,3,6,5,8,2,9,1,7,4 C2=0,6,9,3,7,2,5,1,4,8
ICpejq{t_ NOPAIR
ICpejq{r_ NOPAIR
ICpejq{j_ PAIR C1=0,8,2,5,6,3,7,1,4,9 C2=0,3,8,4,7,2,9,5,1,6
ICpejq{V_ PAIR C1=0,4,9,3,6,1,5,8 C2=0,3,8,4,1,9,5,6
ICpejq{N_ PAIR C1=0,3,6,9,4,1,7,2,5,8 C2=0,4,7,3,8,2,9,5,1,6
ICpejq{{O PAIR C1=0,4,7,2,9,3,6,1,5,8 C2=0,3,7,9,1,4,8,2,5,6
ICpejq{uO NOPAIR
ICpejq{xO PAIR C1=0,3,8,5,6,1,4,7,2,9 C2=0,4,8,2,5,1,9,7,3,6
ICpejq{tO PAIR C1=0,8,3,6,5,1,4,7,9 C2=0,4,8,5,9,3,7,1,6
ICpejq{\O PAIR C1=0,4,1,9,7,2,5,6,3,8 C2=0,3,7,4,8,2,9,5,1,6
ICpejq{fO PAIR C1=0,6,3,8,5,1,4,7,9 C2=0,3,7,1,6,5,9,4,8
ICpejq{VO PAIR C1=0,4,7,9,1,5,8,3,6 C2=0,3,7,1,6,5,9,4,8
ICpejq{NO PAIR C1=0,4,1,6,3,9,7,2,5,8 C2=0,3,8,2,9,4,7,1,5,6
ICpejq{wo PAIR C1=0,6,3,7,2,9,1,5,8 C2=0,3,8,2,5,6,1,7,9
ICpejq{[o PAIR C1=0,4,1,9,2,7,3,6,5,8 C2=0,3,9,7,4,8,2,5,1,6
ICpejq{io PAIR C1=0,4,7,1,5,2,9,6,3,8 C2=0,3,7,2,8,5,6,1,4,9
ICpejq{Uo NOPAIR
ICpejq{Mo PAIR C1=1,4,8,2,7,3,9,6,5 C2=1,6,3,8,5,2,9,4,7
ICpejq{po PAIR C1=0,3,6,9,5,1,7,4,8 C2=0,4,1,9,7,3,8,5,6
ICpejq{ho PAIR C1=0,3,6,9,5,1,7,4,8 C2=0,4,1,6,5,8,3,7,9
ICpejq{do PAIR C1=0,3,6,9,5,1,7,4,8 C2=0,4,1,6,5,8,3,7,9
ICpejq{To PAIR C1=0,3,6,9,5,1,7,4,8 C2=0,4,1,9,7,3,8,5,6
ICpejq{bo PAIR C1=0,3,6,9,5,1,7,4,8 C2=0,4,1,6,5,8,3,7,9
ICpejq{Ro PAIR C1=0,3,6,9,5,1,7,4,8 C2=0,4,1,9,7,3,8,5,6
ICpejq{Jo PAIR C1=0,3,6,9,5,1,4,7,2,8 C2=0,4,9,2,5,8,3,7,1,6
ICpejq{Fo PAIR C1=0,3,9,5,6,1,7,4,8 C2=0,4,1,5,8,3,7,9,6
ICpejqmz? PAIR C1=0,4,1,9,5,6,8 C2=0,6,1,5,8,4,9
ICpejqxx_ PAIR C1=0,4,1,5,6,9,2,7,3,8 C2=0,3,6,1,7,4,8,2,5,9
ICpejix|? PAIR C1=0,3,7,1,6,5,9,2,8 C2=0,6,3,8,7,2,5,1,9
ICpejixv? PAIR C1=0,8,4,1,6,5,7,3,9 C2=0,4,9,5,1,7,8,3,6
ICpejixy_ PAIR C1=0,3,8,4,1,6,5,7,2,9 C2=0,4,9,1,5,2,8,7,3,6
ICpejixx_ PAIR C1=0,8,2,5,7,3,6,9 C2=0,3,8,7,2,9,5,6
ICpejixt_ NOPAIR
ICpejixr_ PAIR C1=0,3,7,1,5,6,9,4,8 C2=0,4,1,6,3,8,7,5,9
ICpelZwN_ PAIR C1=0,6,3,9,5,1,4,8,2,7 C2=0,3,8,1,6,9,2,5,7,4
ICpelZw\O PAIR C1=0,6,3,9,5,1,4,8,2,7 C2=0,3,8,1,6,5,2,9,7,4
ICpelZw[o PAIR C1=0,6,3,9,7,2,5,1,4,8 C2=0,3,8,2,9,1,6,5,7,4
ICpelZwRo NOPAIR
ICpelZwJo PAIR C1=0,4,1,6,5,9,7,2,8 C2=0,6,9,2,5,1,8,4,7
ICpelZwFo PAIR C1=0,7,5,9,3,6,1,4,8 C2=0,3,8,1,5,6,9,7,4
ICpejYyz? PAIR C1=0,8,4,7,1,6,5,2,9 C2=0,4,1,9,5,7,2,8,6
ICpejYy{O PAIR C1=0,6,3,8,4,1,7,5,2,9 C2=0,3,9,1,5,6,8,2,7,4
ICpejYyxO PAIR C1=0,8,4,1,6,5,7,2,9 C2=0,4,7,9,1,5,2,8,6
ICpejYytO PAIR C1=0,4,8,3,6,1,7,5,9 C2=0,3,9,7,4,1,5,6,8
ICpejYx|? PAIR C1=0,3,9,5,7,2,8,4,1,6 C2=0,4,7,1,9,2,5,6,3,8
ICpejYx{_ PAIR C1=0,4,1,5,7,2,8,3,9,6 C2=0,3,6,5,2,9,1,7,4,8
ICpejYxr_ NOPAIR
ICpejYxj_ PAIR C1=0,6,9,5,1,4,7,2,8 C2=0,4,8,7,1,6,5,2,9
ICpejYxN_ PAIR C1=0,3,6,5,9,4,1,7,2,8 C2=0,4,7,8,3,9,2,5,1,6
ICpeiy{}? PAIR C1=0,3,7,5,8,4,1,6 C2=0,4,7,1,5,6,3,8
ICpdnRw]_ PAIR C1=0,3,9,6,2,8,4,1,7 C2=0,4,7,2,9,1,8,3,6
ICpdnRwZ_ PAIR C1=0,4,9,6,5,1,7,2,8 C2=0,6,2,5,9,1,8,4,7
ICpdnRs]_ PAIR C1=0,3,8,2,7,1,5,6,9,4 C2=0,7,4,1,9,3,6,2,5,8
ICpdnRs[o PAIR C1=0,6,5,1,7,2,9,3,8 C2=0,3,6,2,5,8,1,9,7
ICpdnRsFo PAIR C1=0,4,1,7,2,8,5,9,3,6 C2=0,3,8,1,5,2,6,9,4,7
ICpdnRkFo PAIR C1=0,4,8,2,7,9,5,6 C2=0,7,4,9,6,2,5,8
ICpdnR[Z_ PAIR C1=0,6,2,5,9,1,8,4,7 C2=0,4,1,7,2,9,6,5,8
ICpdnR[To PAIR C1=0,6,3,9,5,8,4,1,7 C2=0,3,8,1,5,6,9,7,4
ICpdnR[Jo PAIR C1=0,4,9,7,1,8,5,2,6 C2=0,7,2,9,6,5,1,4,8
ICpdnP{}? PAIR C1=0,6,3,9,4,1,8,5,2,7 C2=0,3,8,4,7,1,5,6,2,9
ICpdnP{z? NOPAIR
ICpdnP{v? PAIR C1=0,3,8,1,7,2,6,5,9,4 C2=0,6,3,9,1,5,2,8,4,7
ICpdnP{n? PAIR C1=0,3,8,1,7,2,6,5,9,4 C2=0,6,3,9,2,8,5,1,4,7
ICpdnP{{_ PAIR C1=0,3,9,2,6,5,1,8,4,7 C2=0,4,1,7,2,5,8,3,6,9
ICpdnP{y_ PAIR C1=0,4,8,5,2,6,9,1,7 C2=0,6,5,1,8,2,7,4,9
ICpdnP{m_ PAIR C1=0,6,2,9,3,8,5,1,4,7 C2=0,3,6,5,2,7,1,8,4,9
ICpdnP{]_ PAIR C1=0,4,7,1,9,3,8,5,2,6 C2=0,3,6,5,1,8,4,9,2,7
ICpdnP{x_ PAIR C1=0,6,2,7,4,1,8,5,9 C2=0,4,8,2,9,6,5,1,7
ICpdnP{r_ PAIR C1=0,6,2,8,5,1,7,4,9 C2=0,4,8,1,9,6,5,2,7
ICpdnP{j_ PAIR C1=0,4,8,1,7,2,6,5,9 C2=0,6,9,2,8,5,1,4,7
ICpdnP{f_ PAIR C1=0,3,8,5,1,4,7,2,6,9 C2=0,4,9,3,6,5,2,8,1,7
ICpdnP{{O PAIR C1=0,4,7,2,6,3,8,5,1,9 C2=0,3,9,7,1,4,8,2,5,6
ICpdnP{mO PAIR C1=0,4,8,5,1,7,2,6,3,9 C2=0,3,8,1,4,7,9,2,5,6
ICpdnP{xO NOPAIR
ICpdnP{tO PAIR C1=0,4,7,1,8,2,5,9,3,6 C2=0,3,8,4,1,5,6,2,7,9
ICpdnP{jO PAIR C1=1,5,9,2,8,4,7 C2=1,4,9,7,2,5,8
ICpdnP{ZO PAIR C1=1,5,9,2,8,4,7 C2=1,4,9,7,2,5,8
ICpdnP{fO PAIR C1=0,4,8,1,7,2,5,9,3,6 C2=0,3,8,2,6,5,1,4,9,7
ICpdnP{wo PAIR C1=0,6,2,7,4,8,5,1,9 C2=0,4,1,8,2,5,6,9,7
ICpdnP{so PAIR C1=0,6,2,7,4,8,5,1,9 C2=0,4,1,8,2,5,6,9,7
ICpdnP{[o PAIR C1=0,4,7,2,5,8,1,9,3,6 C2=0,3,8,4,1,5,6,2,9,7
ICpdnP{io PAIR C1=0,6,2,7,1,5,8,4,9 C2=0,4,1,8,2,5,6,9,7
ICpdnP{Yo NOPAIR
ICpdnP{Uo PAIR C1=0,3,6,5,8,2,7,1,9,4 C2=0,6,2,5,1,4,8,3,9,7
ICpdnP{Mo PAIR C1=0,3,6,5,8,1,7,2,9,4 C2=0,6,2,5,1,4,8,3,9,7
ICpdnP{po PAIR C1=0,4,8,5,6,2,7,1,9 C2=0,6,9,5,2,8,1,4,7
ICpdnP{do PAIR C1=0,4,1,7,2,8,3,9,5,6 C2=0,3,6,2,5,1,8,4,7,9
ICpdnP{To PAIR C1=0,3,8,2,7,4,1,9,5,6 C2=0,4,8,1,5,2,6,3,9,7
ICpdnP{bo PAIR C1=0,6,5,2,7,1,8,4,9 C2=0,4,1,5,8,2,6,9,7
ICpdnP{Ro NOPAIR
ICpdnP{Jo PAIR C1=1,7,4,9,2,5,8 C2=1,4,8,2,7,9,5
ICpdnP{Fo PAIR C1=0,3,8,5,1,7,2,6,9,4 C2=0,6,3,9,5,2,8,1,4,7
ICpdnP\{_ PAIR C1=0,6,5,1,8,4,7,2,9 C2=0,4,1,9,6,2,5,8,7
ICpdnP\t_ PAIR C1=0,3,9,1,7,4,8,5,6 C2=0,4,1,5,9,6,3,8,7
ICpdmrsV_ PAIR C1=0,7,4,1,5,6,9,3,8 C2=0,4,9,5,8,1,7,3,6
ICpdmrs\O PAIR C1=0,3,9,2,6,5,8,1,7 C2=0,6,3,7,9,1,5,2,8
ICpdmrsYo PAIR C1=0,4,1,8,2,5,6,9,7 C2=0,6,2,9,4,7,1,5,8
ICpdmrsTo PAIR C1=0,3,8,1,5,6,9,7 C2=0,6,3,7,1,9,5,8
ICpdmrsRo PAIR C1=0,3,8,1,5,6,9,7 C2=0,6,3,7,1,9,5,8
ICpdmrsJo PAIR C1=0,4,1,7,3,8,5,2,9,6 C2=0,3,6,2,8,1,5,9,4,7
ICpdmrk[o PAIR C1=0,4,1,7,3,6,9,2,5,8 C2=0,3,9,1,5,6,2,8,4,7
ICpdmrkTo PAIR C1=0,4,1,7,3,6,9,5,8 C2=0,3,9,7,4,8,1,5,6
ICpdmrkJo PAIR C1=0,4,7,1,8,2,5,9,6 C2=0,7,9,2,6,5,1,4,8
ICpdmrkFo PAIR C1=0,4,7,1,8,5,9,3,6 C2=0,3,7,9,6,5,1,4,8
ICpdmr[\O NOPAIR
ICpdmr[Xo PAIR C1=0,3,8,5,1,4,7,9,6 C2=0,4,8,1,9,5,6,3,7
ICpdmp{}? PAIR C1=0,6,5,1,4,7,3,8,2,9 C2=0,4,8,5,2,6,3,9,1,7
ICpdmp{|? PAIR C1=0,6,5,1,4,7,3,8,2,9 C2=0,4,8,5,2,6,3,9,1,7
ICpdmp{v? NOPAIR
ICpdmp{n? PAIR C1=0,4,8,3,7,1,5,6,2,9 C2=0,6,3,9,5,2,8,1,4,7
ICpdmp{{_ PAIR C1=0,4,1,7,3,8,5,6,2,9 C2=0,6,3,9,1,5,2,8,4,7
ICpdmp{y_ PAIR C1=0,4,1,7,3,8,5,6,2,9 C2=0,3,6,9,1,5,2,8,4,7
ICpdmp{u_ NOPAIR
ICpdmp{m_ PAIR C1=0,6,3,7,4,1,8,5,2,9 C2=0,4,9,3,8,2,6,5,1,7
ICpdmp{]_ PAIR C1=0,4,9,2,5,8,1,7,3,6 C2=0,3,9,1,5,6,2,8,4,7
ICpdmp{t_ PAIR C1=0,4,8,1,7,3,9,5,6 C2=0,7,4,1,5,8,3,6,9
ICpdmp{r_ PAIR C1=0,4,7,3,8,1,9,5,6 C2=0,3,6,9,4,8,5,1,7
ICpdmp{j_ PAIR C1=0,3,6,2,9,5,8,1,7,4 C2=0,6,9,4,1,5,2,8,3,7
ICpdmp{f_ PAIR C1=0,7,4,1,8,3,6,5,9 C2=0,3,7,1,5,8,4,9,6
ICpdmp{V_ PAIR C1=0,6,3,8,1,5,9,4,7 C2=0,3,7,1,9,6,5,8,4
ICpdmp{N_ PAIR C1=0,3,9,5,6,2,8,1,4,7 C2=0,4,8,3,7,1,5,2,9,6
ICpdmp{{O PAIR C1=0,4,7,3,6,5,1,8,2,9 C2=0,3,9,7,1,4,8,5,2,6
ICpdmp{uO NOPAIR
ICpdmp{mO PAIR C1=0,4,7,3,6,5,1,8,2,9 C2=0,3,9,7,1,4,8,5,2,6
ICpdmp{xO PAIR C1=0,4,7,3,6,5,1,8,2,9 C2=0,3,8,4,1,7,9,5,2,6
ICpdmp{tO NOPAIR
ICpdmp{\O PAIR C1=0,4,8,2,9,3,6,5,1,7 C2=0,3,8,1,4,7,9,5,2,6
ICpdmp{jO PAIR C1=0,4,9,2,8,1,5,6,3,7 C2=0,3,8,4,1,7,9,5,2,6
ICpdmp{fO NOPAIR
ICpdmp{NO PAIR C1=0,6,5,1,4,9,2,8,3,7 C2=0,3,6,2,5,9,7,1,8,4
ICpdmp{wo PAIR C1=0,7,4,1,5,6,3,8,2,9 C2=0,3,7,1,9,6,2,5,8,4
ICpdmp{[o PAIR C1=0,3,9,2,8,4,7,1,5,6 C2=0,4,1,9,6,2,5,8,3,7
ICpdmp{qo NOPAIR
ICpdmp{Yo PAIR C1=0,3,8,5,6,2,9,4,1,7 C2=0,4,8,2,5,1,9,7,3,6
ICpdmp{eo NOPAIR
ICpdmp{Uo NOPAIR
ICpdmp{Mo PAIR C1=0,3,7,1,5,8,2,6,9,4 C2=0,6,5,2,9,3,8,1,4,7
ICpdmp{po PAIR C1=0,3,7,4,1,8,5,9,6 C2=0,4,8,3,6,5,1,9,7
ICpdmp{ho PAIR C1=0,6,3,7,1,4,8,5,9 C2=0,3,8,1,5,6,9,7,4
ICpdmp{To PAIR C1=0,6,3,8,5,9,1,4,7 C2=0,3,7,9,6,5,1,8,4
ICpdmp{bo PAIR C1=0,6,3,8,5,9,4,1,7 C2=0,3,7,9,6,5,1,8,4
ICpdmp{Ro PAIR C1=0,6,3,8,5,9,4,1,7 C2=0,3,7,9,6,5,1,8,4
ICpdmp{Jo PAIR C1=0,6,3,8,5,9,4,1,7 C2=0,3,7,9,6,5,1,8,4
ICpdmp{Fo PAIR C1=0,6,3,8,5,9,4,1,7 C2=0,3,7,9,6,5,1,8,4
ICpdmpuv? PAIR C1=0,6,8,3,7,4,1,5,9 C2=0,4,9,3,6,5,8,1,7
ICpdmpurO PAIR C1=0,3,7,9,5,6,8,1,4 C2=0,6,3,8,5,1,9,4,7
ICpdmpl{_ PAIR C1=0,4,8,2,6,5,1,7,3,9 C2=0,3,6,9,2,5,8,1,4,7
ICpdmplt_ PAIR C1=0,4,8,7,3,9,1,5,6 C2=0,3,6,9,5,8,1,4,7
ICpdlrsRo PAIR C1=0,4,9,1,5,8,3,7,2,6 C2=0,3,6,9,5,2,8,1,4,7
ICpdlq{]_ PAIR C1=0,4,8,2,7,3,9,6 C2=0,7,4,9,2,6,3,8
ICpdlq{Ro PAIR C1=0,4,7,2,6,9,5,8 C2=0,6,5,2,8,4,9,7
ICpdlp{}? PAIR C1=0,6,2,5,1,9,4,8,3,7 C2=0,3,6,5,8,1,4,7,2,9
ICpdlp{|? PAIR C1=0,7,4,8,1,5,2,6,3,9 C2=0,4,1,9,2,7,3,8,5,6
ICpdlp{z? PAIR C1=0,4,9,1,5,8,2,6,3,7 C2=0,3,8,1,4,7,2,9,5,6
ICpdlp{v? PAIR C1=0,3,6,2,8,1,5,9,4,7 C2=0,6,5,2,7,3,8,4,1,9
ICpdlp{n? PAIR C1=0,4,8,5,6,2,7,3,9 C2=0,6,3,8,2,5,9,4,7
ICpdlp{^? PAIR C1=0,3,9,5,6,2,8,1,4,7 C2=0,4,8,5,1,9,2,7,3,6
ICpdlp{{_ PAIR C1=0,7,4,1,8,5,2,6,3,9 C2=0,4,8,3,7,2,9,1,5,6
ICpdlp{y_ PAIR C1=0,3,6,5,8,1,4,7,2,9 C2=0,6,2,5,1,9,4,8,3,7
ICpdlp{m_ NOPAIR
ICpdlp{]_ PAIR C1=0,4,7,3,8,2,9,1,5,6 C2=0,3,6,9,4,1,8,5,2,7
ICpdlp{l_ NOPAIR
ICpdlp{r_ PAIR C1=0,4,7,3,8,2,6,5,9 C2=0,3,6,9,4,8,5,2,7
ICpdlp{j_ PAIR C1=0,4,7,3,8,2,6,5,9 C2=0,3,6,9,4,8,5,2,7
ICpdlp{f_ PAIR C1=0,4,7,3,8,2,6,5,9 C2=0,3,6,9,4,8,5,2,7
ICpdlp{V_ PAIR C1=0,3,8,2,6,5,9,4,7 C2=0,4,8,5,2,7,3,9,6
ICpdlp{N_ PAIR C1=0,3,8,2,6,5,9,4,7 C2=0,4,8,5,2,7,3,9,6
ICpdlp{{O PAIR C1=0,3,8,5,6,2,9,1,4,7 C2=0,4,8,1,5,2,7,9,3,6
ICpdlp{mO NOPAIR
ICpdlp{]O PAIR C1=0,4,9,1,5,8,3,6,2,7 C2=0,3,9,7,4,1,8,2,5,6
ICpdlp{xO PAIR C1=0,4,1,9,7,2,5,8,3,6 C2=0,3,7,4,8,1,5,6,2,9
ICpdlp{lO NOPAIR
ICpdlp{\O PAIR C1=0,3,7,2,6,5,9,1,8,4 C2=0,6,3,9,2,8,5,1,4,7
ICpdlp{jO PAIR C1=0,6,2,5,9,4,8,3,7 C2=0,3,6,5,8,2,9,7,4
ICpdlp{fO PAIR C1=0,6,2,5,9,4,8,3,7 C2=0,4,7,2,8,5,6,3,9
ICpdlp{VO PAIR C1=0,6,3,8,1,4,9,5,2,7 C2=0,3,7,9,1,5,6,2,8,4
ICpdlp{NO PAIR C1=0,6,2,5,9,4,8,3,7 C2=0,3,6,5,8,2,9,7,4
ICpdlp{ko NOPAIR
ICpdlp{[o PAIR C1=0,4,7,2,9,3,8,1,5,6 C2=0,3,6,2,5,8,4,1,9,7
ICpdlp{io NOPAIR
ICpdlp{Yo PAIR C1=0,4,8,3,6,5,1,9,2,7 C2=0,3,7,9,4,1,8,5,2,6
ICpdlp{eo NOPAIR
ICpdlp{Uo PAIR C1=0,4,1,8,3,9,7,2,5,6 C2=0,3,6,2,8,5,1,9,4,7
ICpdlp{Mo NOPAIR
ICpdlp{po PAIR C1=0,3,8,4,7,2,6,5,1,9 C2=0,4,1,8,2,5,9,7,3,6
ICpdlp{To PAIR C1=0,3,9,7,2,6,5,1,8,4 C2=0,6,3,8,2,5,9,1,4,7
ICpdlp{Lo NOPAIR
ICpdlp{bo PAIR C1=0,4,8,3,6,5,2,7,9 C2=0,3,7,4,9,5,8,2,6
ICpdlp{Ro PAIR C1=0,4,9,1,8,3,6,5,2,7 C2=0,3,7,9,5,1,4,8,2,6
ICpdlp{Jo PAIR C1=0,4,8,2,9,5,6,3,7 C2=0,3,8,5,2,7,4,9,6
ICpdlp{Fo PAIR C1=0,4,8,2,6,5,9,3,7 C2=0,3,8,5,2,7,4,9,6
ICpdlpyz? PAIR C1=0,3,6,5,2,8,1,9,4,7 C2=0,6,2,7,3,8,4,1,5,9
ICpdlpmyO PAIR C1=0,6,5,2,8,1,9,4,7 C2=0,4,1,5,8,6,2,7,9
ICpdlpmjO PAIR C1=0,6,2,8,5,9,4,7 C2=0,4,8,6,5,2,7,9
ICpdlpmfO PAIR C1=0,6,2,8,5,9,4,7 C2=0,4,8,6,5,2,7,9
ICpdlpmVO PAIR C1=0,3,6,2,8,1,5,9,4,7 C2=0,4,1,9,3,7,2,5,8,6
ICpdlp]n? PAIR C1=0,4,9,2,7,3,8,5,6 C2=0,3,9,5,2,6,8,4,7
ICpdlp]jO PAIR C1=0,3,6,5,8,4,7,2,9 C2=0,4,9,5,2,6,8,3,7
ICpdlp]VO PAIR C1=0,3,6,5,8,4,1,9,7 C2=0,4,7,3,9,5,1,8,6
ICpdlp]NO PAIR C1=0,4,9,2,7,3,8,5,6 C2=0,3,9,5,2,6,8,4,7
ICpdlpt|? NOPAIR
ICpdlptr_ PAIR C1=0,4,1,8,7,3,6,2,5,9 C2=0,3,8,2,7,4,9,1,5,6
ICpdlplt_ PAIR C1=0,4,1,8,7,2,5,9,3,6 C2=0,3,7,4,8,2,6,5,1,9
ICpdlplr_ PAIR C1=0,4,1,8,7,2,6,5,9 C2=0,6,9,1,5,2,8,4,7
ICpdlplj_ PAIR C1=0,6,2,7,4,8,5,9 C2=0,4,9,6,5,2,8,7
ICpdlplf_ PAIR C1=0,6,2,7,4,8,5,9 C2=0,4,9,6,5,2,8,7
ICpdlplV_ PAIR C1=0,4,1,8,2,7,3,9,5,6 C2=0,3,6,2,5,1,9,4,8,7
ICpdlp\x_ PAIR C1=0,3,7,2,9,6,5,8,1,4 C2=0,7,4,8,3,6,2,5,1,9
ICpdlp\j_ PAIR C1=0,3,8,5,9,4,7,2,6 C2=0,4,8,7,3,6,5,2,9
ICpdlp\N_ PAIR C1=0,4,7,2,9,3,8,5,6 C2=0,3,6,2,5,9,4,8,7
ICpdjrw}? NOPAIR
ICpdjrwv? PAIR C1=0,4,7,2,8,3,6,5,1,9 C2=0,3,7,1,8,4,9,5,2,6
ICpdjrw^? PAIR C1=0,4,7,2,9,1,5,6,3,8 C2=0,3,7,1,8,4,9,5,2,6
ICpdjrw{_ PAIR C1=0,6,3,9,2,7,4,1,8 C2=0,3,7,1,9,6,2,8,4
ICpdjrwy_ PAIR C1=0,3,6,2,7,4,9,1,8 C2=0,4,1,7,3,8,2,9,6
ICpdjrwu_ NOPAIR
ICpdjrwm_ NOPAIR
ICpdjrw]_ PAIR C1=0,6,3,7,2,9,4,1,8 C2=0,3,8,2,6,9,1,7,4
ICpdjrwx_ PAIR C1=0,3,6,5,1,8,4,7,2,9 C2=0,4,1,7,3,8,2,5,9,6
ICpdjrw\_ PAIR C1=0,3,9,2,7,4,8,1,5,6 C2=0,4,1,7,3,6,9,5,2,8
ICpdjrwZ_ PAIR C1=0,3,8,1,5,2,7,4,9,6 C2=0,4,1,7,3,6,5,9,2,8
ICpdjrwV_ PAIR C1=0,3,9,4,7,2,6,5,1,8 C2=0,4,1,7,3,8,2,5,9,6
ICpdjrwN_ PAIR C1=0,3,9,4,7,2,6,5,1,8 C2=0,4,1,7,3,8,2,5,9,6
ICpdjrw{O PAIR C1=0,3,9,7,4,1,8 C2=0,4,8,3,7,1,9
ICpdjrwuO PAIR C1=0,3,9,7,4,1,8 C2=0,4,8,3,7,1,9
ICpdjrwmO NOPAIR
ICpdjrw]O NOPAIR
ICpdjrwxO PAIR C1=0,4,1,5,6,3,8,2,7,9 C2=0,3,7,4,8,1,9,5,2,6
ICpdjrwlO PAIR C1=0,3,8,1,5,6,2,9,7,4 C2=0,6,3,7,1,4,8,2,5,9
ICpdjrwjO PAIR C1=0,3,8,1,5,6,2,9,7,4 C2=0,6,3,7,1,4,8,2,5,9
ICpdjrwNO PAIR C1=0,3,6,5,1,8,2,9,7,4 C2=0,6,2,5,9,3,7,1,4,8
ICpdjrwwo PAIR C1=0,3,8,2,7,4,1,9,6 C2=0,4,8,1,7,3,6,2,9
ICpdjrwso PAIR C1=0,3,8,1,9,7,4 C2=0,8,4,1,7,3,9
ICpdjrwko NOPAIR
ICpdjrw[o PAIR C1=0,3,7,2,6,9,1,4,8 C2=0,4,7,1,8,2,9,3,6
ICpdjrwqo NOPAIR
ICpdjrwio PAIR C1=0,3,6,2,7,9,4,8 C2=0,4,7,3,8,2,9,6
ICpdjrwYo PAIR C1=0,3,6,2,7,9,4,8 C2=0,4,7,3,8,2,9,6
ICpdjrwUo NOPAIR
ICpdjrwMo PAIR C1=0,3,6,2,7,9,4,8 C2=0,4,7,3,8,2,9,6
ICpdjrwpo PAIR C1=0,4,1,9,5,6,3,7,2,8 C2=0,3,8,4,7,1,5,2,6,9
ICpdjrwho PAIR C1=0,6,2,7,9,5,1,4,8 C2=0,4,7,1,8,2,5,6,9
ICpdjrwTo PAIR C1=0,6,5,2,7,3,9,1,4,8 C2=0,3,8,2,6,9,5,1,7,4
ICpdjrwLo PAIR C1=0,4,1,7,2,9,5,6,3,8 C2=0,3,9,7,4,8,1,5,2,6
ICpdjrwRo PAIR C1=0,6,3,7,2,5,9,4,1,8 C2=0,3,8,2,6,5,1,9,7,4
ICpdjrwJo PAIR C1=0,3,8,4,7,9,2,6 C2=0,4,9,6,3,7,2,8
ICpdjrs}? PAIR C1=0,4,7,1,8,5,2,9,3,6 C2=0,8,3,7,2,6,5,1,4,9
ICpdjrs|? PAIR C1=0,3,8,5,9,2,6 C2=0,8,2,5,6,3,9
ICpdjrsn? PAIR C1=0,3,8,5,9,2,6 C2=0,8,2,5,6,3,9
ICpdjrs^? PAIR C1=0,4,1,7,3,8,5,9,2,6 C2=0,3,6,5,1,9,4,7,2,8
ICpdjrs{_ NOPAIR
ICpdjrsy_ PAIR C1=0,4,1,7,3,6,9,2,8 C2=0,3,8,1,9,4,7,2,6
ICpdjrsm_ PAIR C1=0,4,1,7,3,6,9,2,5,8 C2=0,3,8,1,5,6,2,7,4,9
ICpdjrs]_ PAIR C1=0,4,1,7,3,8,5,2,9,6 C2=0,3,9,4,7,2,6,5,1,8
ICpdjrst_ NOPAIR
ICpdjrsl_ PAIR C1=0,6,2,5,8,3,9 C2=0,3,6,5,9,2,8
ICpdjrsV_ PAIR C1=0,4,7,1,9,3,6,2,5,8 C2=0,3,7,2,8,1,4,9,5,6
ICpdjrs{O PAIR C1=0,3,9,7,1,8,5,2,6 C2=0,8,2,7,3,6,5,1,9
ICpdjrsyO PAIR C1=0,3,6,2,5,8,1,7,9,4 C2=0,6,5,1,4,7,3,8,2,9
ICpdjrsmO PAIR C1=0,3,6,2,5,8,1,7,9,4 C2=0,6,5,1,4,7,3,8,2,9
ICpdjrs]O PAIR C1=0,3,6,2,5,8,1,7,9,4 C2=0,6,5,1,4,7,3,9,2,8
ICpdjrsxO PAIR C1=0,3,6,2,5,8,1,7,9 C2=0,6,5,1,9,2,7,3,8
ICpdjrstO PAIR C1=0,3,9,7,1,8,5,2,6 C2=0,8,2,7,3,6,5,1,9
ICpdjrslO PAIR C1=0,6,2,5,8,3,9 C2=0,3,6,5,9,2,8
ICpdjrs\O NOPAIR
ICpdjrsrO PAIR C1=0,4,1,9,7,3,6,5,2,8 C2=0,3,8,1,5,9,4,7,2,6
ICpdjrsNO PAIR C1=0,4,1,7,9,3,6,5,2,8 C2=0,3,8,1,5,9,4,7,2,6
ICpdjrswo PAIR C1=0,6,3,8,5,2,7,1,9 C2=0,3,7,9,2,6,5,1,8
ICpdjrsso PAIR C1=0,8,5,2,6,3,7,1,9 C2=0,3,9,7,2,8,1,5,6
ICpdjrsko NOPAIR
ICpdjrs[o PAIR C1=1,8,5,2,6,3,7,9 C2=1,5,6,9,3,8,2,7
ICpdjrsqo PAIR C1=0,4,1,9,7,3,8,5,2,6 C2=0,3,6,5,1,8,2,7,4,9
ICpdjrsio PAIR C1=0,6,2,5,8,1,4,7,9 C2=0,4,9,6,5,1,7,2,8
ICpdjrsYo PAIR C1=0,3,7,9,4,1,8,5,2,6 C2=0,4,7,2,9,1,5,6,3,8
ICpdjrsUo PAIR C1=0,3,8,2,7,9,4,1,5,6 C2=0,4,7,1,9,3,6,2,5,8
ICpdjrsMo PAIR C1=0,3,6,2,7,9,4,1,5,8 C2=0,4,7,1,8,3,9,2,5,6
ICpdjrspo PAIR C1=0,3,8,1,9,7,2,5,6 C2=0,8,2,6,3,7,1,5,9
ICpdjrsTo PAIR C1=1,8,3,6,5,2,7,9 C2=1,5,8,2,6,9,3,7
ICpdjrsLo NOPAIR
ICpdjrsbo PAIR C1=0,3,8,2,6,9,5,1,7,4 C2=0,6,3,7,2,5,8,1,4,9
ICpdjrsRo PAIR C1=0,3,8,2,7,4,1,9,5,6 C2=0,4,9,7,3,6,2,5,1,8
ICpdjrk}? PAIR C1=0,3,6,2,5,8,1,7,4,9 C2=0,4,8,2,7,3,9,1,5,6
ICpdjrk|? PAIR C1=0,3,6,5,8,2,9,1,7,4 C2=0,6,2,7,3,9,5,1,4,8
ICpdjrkz? NOPAIR
ICpdjrkv? PAIR C1=0,3,6,5,8,2,7,4,1,9 C2=0,4,8,1,7,3,9,5,2,6
ICpdjrkn? PAIR C1=0,3,9,2,7,4,1,8,5,6 C2=0,4,8,2,6,3,7,1,5,9
ICpdjrk{_ PAIR C1=0,3,7,4,1,8,5,2,9,6 C2=0,4,8,2,7,1,5,6,3,9
ICpdjrky_ NOPAIR
ICpdjrk]_ PAIR C1=0,3,9,6,5,2,7,4,1,8 C2=0,4,9,2,8,5,1,7,3,6
ICpdjrkt_ PAIR C1=0,3,7,2,8,4,1,5,6,9 C2=0,4,7,1,9,3,6,2,5,8
ICpdjrkr_ NOPAIR
ICpdjrkj_ NOPAIR
ICpdjrkf_ PAIR C1=0,3,7,2,5,8,1,4,9,6 C2=0,4,7,1,5,9,3,6,2,8
ICpdjrkV_ PAIR C1=0,3,7,2,5,8,1,4,9,6 C2=0,4,7,1,5,9,3,6,2,8
ICpdjrkN_ PAIR C1=0,3,7,2,5,8,1,4,9,6 C2=0,4,7,1,5,9,3,6,2,8
ICpdjrk{O PAIR C1=0,3,9,7,2,8,4,1,5,6 C2=0,4,7,3,6,2,5,8,1,9
ICpdjrkxO NOPAIR
ICpdjrktO PAIR C1=0,4,8,1,5,2,7,9,3,6 C2=0,3,7,4,1,9,5,6,2,8
ICpdjrk\O PAIR C1=0,4,8,1,5,2,7,9,3,6 C2=0,3,7,4,1,9,5,6,2,8
ICpdjrkrO NOPAIR
ICpdjrkjO PAIR C1=1,5,2,9,7,4,8 C2=1,4,9,5,8,2,7
ICpdjrkfO PAIR C1=0,3,9,7,4,8,5,2,6 C2=0,4,9,5,6,3,7,2,8
ICpdjrkNO PAIR C1=0,3,9,7,4,8,5,2,6 C2=0,4,9,5,6,3,7,2,8
ICpdjrkwo PAIR C1=0,4,7,9,1,5,8,2,6 C2=0,8,4,1,7,2,5,6,9
ICpdjrkso PAIR C1=0,4,7,9,1,5,8,2,6 C2=0,8,4,1,7,2,5,6,9
ICpdjrk[o PAIR C1=0,6,3,7,4,1,9,2,5,8 C2=0,3,9,7,2,6,5,1,8,4
ICpdjrkqo PAIR C1=0,4,8,5,2,7,1,9,6 C2=0,8,2,6,5,1,4,7,9
ICpdjrkio PAIR C1=0,6,9,4,7,1,5,2,8 C2=0,4,1,8,5,6,2,7,9
ICpdjrkYo NOPAIR
ICpdjrkMo PAIR C1=0,3,9,2,7,4,1,8,5,6 C2=0,4,9,6,3,7,1,5,2,8
ICpdjrkpo PAIR C1=0,4,1,9,7,2,8,5,6 C2=0,8,4,7,1,5,2,6,9
ICpdjrkdo PAIR C1=0,3,6,5,9,7,1,8,4 C2=0,6,9,3,7,4,1,5,8
ICpdjrkTo PAIR C1=0,3,6,5,9,7,1,8,4 C2=0,6,9,3,7,4,1,5,8
ICpdjrkbo PAIR C1=0,4,7,9,6,2,5,1,8 C2=0,6,5,8,2,7,1,4,9
ICpdjrkRo NOPAIR
ICpdjrkJo PAIR C1=1,4,7,2,9,5,8 C2=1,5,2,8,4,9,7
ICpdjrkFo PAIR C1=0,3,6,5,9,7,2,8,1,4 C2=0,6,2,5,1,7,3,9,4,8
ICpdjrqyO PAIR C1=0,3,6,8,1,4,7,2,9 C2=0,4,9,1,7,3,8,2,6
ICpdjri{O PAIR C1=0,3,6,8,4,1,7,2,9 C2=0,4,7,3,9,1,8,2,6
ICpdjriyO NOPAIR
ICpdjrYuO PAIR C1=0,3,9,7,4,1,8 C2=0,4,8,3,7,1,9
ICpdjrYxO PAIR C1=0,3,6,2,5,9,7,4,1,8 C2=0,4,8,3,7,2,9,1,5,6
ICpdjqymO PAIR C1=0,4,7,9,3,6,2,8 C2=0,3,7,2,9,4,8,6
ICpdjpy]O NOPAIR
ICpdjre{O PAIR C1=0,3,9,7,1,5,6,2,8 C2=0,6,3,7,2,5,8,1,9
ICpdjreyO PAIR C1=0,4,9,7,1,5,6,2,8 C2=0,6,8,5,2,7,4,1,9
ICpdjqurO PAIR C1=0,4,9,7,1,5,6,2,8 C2=0,6,8,5,2,7,4,1,9
ICpdjrp{_ NOPAIR
ICpdjrp]_ PAIR C1=0,4,9,2,6,3,7,1,8 C2=0,3,8,2,7,4,1,9,6
ICpdjrpr_ PAIR C1=0,4,9,5,2,6,3,7,1,8 C2=0,3,8,2,7,4,1,5,6,9
ICpdjrht_ PAIR C1=0,4,8,1,7,3,6,2,5,9 C2=0,3,9,6,5,1,4,7,2,8
ICpdjrXx_ PAIR C1=0,8,4,1,7,3,6,2,5,9 C2=0,3,8,1,5,6,9,2,7,4
ICpdjqx]_ PAIR C1=0,4,8,7,3,9,2,6 C2=0,3,6,9,4,7,2,8
ICpdjqxN_ PAIR C1=0,4,8,7,3,9,2,6 C2=0,3,6,9,4,7,2,8
ICpdjpx{_ PAIR C1=0,4,7,2,6,3,8,1,9 C2=0,3,7,1,4,8,2,9,6
ICpdjrd{_ PAIR C1=0,6,3,7,2,5,8,1,9 C2=0,3,9,2,6,5,1,7,8
ICpdjrdy_ PAIR C1=0,6,5,8,2,7,4,1,9 C2=0,4,9,6,2,5,1,7,8
ICpdjrdx_ NOPAIR
ICpdjrdt_ PAIR C1=0,3,6,2,5,9,1,7,8 C2=0,6,5,1,8,2,7,3,9
ICpdjrdr_ PAIR C1=0,8,7,4,1,5,2,6,9 C2=0,4,9,1,7,2,8,5,6
ICpdjrdf_ PAIR C1=0,4,7,8,1,5,2,6,9 C2=0,6,5,9,4,1,7,2,8
ICpdjrTy_ PAIR C1=0,4,1,5,8,7,2,6,9 C2=0,6,5,2,9,4,7,1,8
ICpdjrTx_ PAIR C1=0,3,7,8,1,9,5,2,6 C2=0,8,3,6,5,1,7,2,9
ICpdjrTt_ NOPAIR
ICpdjrTr_ PAIR C1=0,6,3,7,4,1,8,5,9 C2=0,3,8,7,1,5,6,9,4
ICpdjrTj_ PAIR C1=0,6,3,7,4,1,8,5,9 C2=0,3,8,7,1,5,6,9,4
ICpdjqtl_ PAIR C1=0,6,3,8,2,5,9 C2=0,3,9,2,6,5,8
ICpdjqtr_ PAIR C1=0,8,3,6,2,5,1,7,4,9 C2=0,3,7,2,8,5,6,9,1,4
ICpdjrL{_ PAIR C1=0,3,6,9,2,5,8,1,7,4 C2=0,8,4,1,5,6,2,7,3,9
ICpdjrLx_ PAIR C1=0,4,7,8,1,5,2,9,6 C2=0,8,4,1,7,2,6,5,9
ICpdjrLt_ PAIR C1=0,3,7,4,1,8,5,6,9 C2=0,4,8,7,1,5,9,3,6
ICpdjrLr_ NOPAIR
ICpdnJw[o PAIR C1=0,3,6,9,1,8,2,5,7 C2=0,6,5,1,7,2,9,3,8
ICpdnJwXo NOPAIR
ICpdnHy{O PAIR C1=0,3,6,8,1,9,2,5,7 C2=0,6,5,1,7,2,8,3,9
ICpdnHyyO PAIR C1=0,4,9,1,8,2,6,5,7 C2=0,6,8,4,1,5,2,7,9
ICpdnHyfO PAIR C1=0,4,9,5,6,2,8,1,7 C2=0,6,8,4,1,5,2,7,9
ICpdmjw^? PAIR C1=0,3,6,2,8,1,7,5,9,4 C2=0,6,5,2,9,1,4,8,3,7
ICpdmjwV_ PAIR C1=0,4,1,7,5,9,6,3,8 C2=0,6,5,1,8,4,9,3,7
ICpdmjwYo PAIR C1=0,4,1,7,5,6,9,2,8 C2=0,6,2,5,1,8,4,9,7
ICpdmjwXo PAIR C1=0,3,7,1,9,5,6,2,8 C2=0,6,3,8,1,5,2,9,7
ICpdmjwTo NOPAIR
ICpdmh{wo PAIR C1=0,3,6,5,8,2,9,1,7 C2=0,6,2,5,1,8,3,7,9
ICpdmh{qo PAIR C1=0,3,6,9,7,5,8,1,4 C2=0,6,5,1,7,3,8,4,9
ICpdmhyv? PAIR C1=0,4,1,8,6,3,9,5,7 C2=0,6,5,1,7,3,8,4,9
ICpdmhyyO PAIR C1=0,3,6,5,7,9,2,8,1,4 C2=0,6,2,5,1,7,3,8,4,9
ICpdmhytO NOPAIR
ICpdmhyjO PAIR C1=0,6,3,7,5,1,8,4,9 C2=0,3,8,6,5,9,7,1,4
ICpdmZwZ_ PAIR C1=0,7,4,1,9,6,5,2,8 C2=0,4,8,1,7,5,9,2,6
ICpdmZwV_ PAIR C1=0,6,5,7,1,4,9,3,8 C2=0,3,6,9,5,1,8,4,7
ICpdmZw[o PAIR C1=0,4,1,9,7,5,6,2,8 C2=0,6,9,2,5,1,8,4,7
ICpdmZwJo PAIR C1=0,4,1,7,9,5,6,2,8 C2=0,6,9,2,5,1,8,4,7
ICpdmZwFo PAIR C1=0,6,5,7,1,4,9,3,8 C2=0,3,6,9,5,1,8,4,7
ICpdmXyz? PAIR C1=0,4,8,2,6,5,7,1,9 C2=0,6,8,1,5,2,9,4,7
ICpdmXy{O PAIR C1=0,7,5,6,2,8,4,1,9 C2=0,4,7,9,2,5,1,8,6
ICpdmXyrO NOPAIR
ICpe\ptz? PAIR C1=0,4,6,1,9,2,5,8,7 C2=0,6,5,1,8,2,7,4,9
ICpe\pt{_ PAIR C1=0,3,9,1,5,2,8,7,4,6 C2=0,4,1,6,5,8,3,7,2,9
ICpe\ptx_ PAIR C1=0,6,4,1,9,2,5,8,7 C2=0,4,7,2,8,1,6,5,9
ICpe\ptr_ NOPAIR
ICpVdpm{O PAIR C1=0,4,8,2,7,9,1,6 C2=0,7,4,1,8,6,2,9
ICpVdpmtO PAIR C1=0,6,1,4,8,5,3,9,7 C2=0,4,7,3,6,8,1,5,9
ICpVdpl|? PAIR C1=0,6,1,4,7,2,8,5,3,9 C2=0,4,8,1,5,9,2,6,3,7
ICpVdplu_ NOPAIR
ICpVbrkN_ PAIR C1=0,3,7,2,6,9,4,1,5,8 C2=0,4,7,1,8,2,9,5,3,6
ICpVbrkeo NOPAIR
ICpVbrkMo PAIR C1=0,3,7,1,8,4,9,2,6 C2=0,4,1,6,3,9,7,2,8
ICpVbrkFo PAIR C1=0,3,9,5,8,4,1,6 C2=0,4,9,6,3,5,1,8
ICpVdZs]O PAIR C1=0,6,3,9,1,5,7,2,8 C2=0,3,5,8,1,6,2,9,7
ICpVdX{}? PAIR C1=0,4,7,5,1,8,2,9,3,6 C2=0,3,5,8,4,9,1,6,2,7
ICpVdX{|? PAIR C1=0,4,1,8,2,6,3,9,5,7 C2=0,3,5,8,4,7,2,9,1,6
ICpVdX{v? NOPAIR
ICpVdX{^? PAIR C1=0,3,6,1,8,5,7,2,9,4 C2=0,6,2,8,3,9,5,1,4,7
ICpVdX{u_ NOPAIR
ICpVdX{]_ PAIR C1=0,4,9,3,6,2,8,1,5,7 C2=0,3,5,8,4,7,2,9,1,6
ICpVdX{x_ PAIR C1=0,6,2,8,1,4,7,5,9 C2=0,4,8,5,1,6,9,2,7
ICpVdX{r_ PAIR C1=0,4,9,5,1,8,3,6 C2=0,3,5,8,4,1,6,9
ICpVdX{j_ PAIR C1=0,4,9,5,1,8,3,6 C2=0,3,5,8,4,1,6,9
ICpVdX{N_ PAIR C1=0,4,9,5,8,3,6,2,7 C2=0,3,5,7,4,8,2,9,6
ICpVdX{wo PAIR C1=0,7,2,6,3,5,8,4,1,9 C2=0,3,8,2,9,6,1,5,7,4
ICpVdX{so PAIR C1=0,4,1,8,5,7,9,3,6 C2=0,7,4,8,3,5,1,6,9
ICpVdX{[o PAIR C1=0,3,9,2,8,5,7,4,1,6 C2=0,4,8,3,5,1,9,6,2,7
ICpVdX{eo PAIR C1=0,4,1,8,5,7,9,3,6 C2=0,7,4,8,3,5,1,6,9
ICpVdX{Uo PAIR C1=0,3,6,1,5,8,4,9,7 C2=0,4,7,5,3,8,1,9,6
ICpVdX{Mo PAIR C1=0,3,6,1,4,9,2,8,5,7 C2=0,4,8,1,5,3,9,7,2,6
ICpVdX{po PAIR C1=0,4,8,3,6,1,9,5,7 C2=0,3,5,8,1,4,7,9,6
ICpVdX{To PAIR C1=0,4,8,3,6,1,9,5,7 C2=0,3,5,8,1,4,7,9,6
ICpVdXy}? PAIR C1=0,3,9,4,1,8,6 C2=0,4,8,3,6,1,9
ICpVdXyv? PAIR C1=0,3,9,4,1,8,6 C2=0,4,8,3,6,1,9
ICpVdXyxO PAIR C1=0,4,7,9,2,8,1,5,3,6 C2=0,3,8,4,1,6,2,7,5,9
ICpVbZwN_ PAIR C1=0,3,5,7,4,1,6,9,2,8 C2=0,4,8,3,9,5,1,7,2,6
ICpVbZwMo PAIR C1=0,3,9,4,7,2,6,1,8 C2=0,4,1,7,9,2,8,3,6
ICpVbY{z? PAIR C1=0,3,5,7,4,9,1,6,2,8 C2=0,4,1,7,2,9,5,8,3,6
ICpVbY{v? NOPAIR
ICpVbY{n? PAIR C1=0,6,3,8,4,1,5,7,2,9 C2=0,3,9,5,8,2,6,1,7,4
ICpVbY{]_ PAIR C1=0,6,1,4,9,2,7,5,3,8 C2=0,3,9,6,2,8,5,1,7,4
ICpVbY{r_ PAIR C1=0,6,3,5,9,1,4,8 C2=0,3,8,5,1,6,9,4
ICpVbY{j_ PAIR C1=0,3,5,7,2,8,4,1,6,9 C2=0,4,7,1,5,9,2,6,3,8
ICpVbY{Z_ PAIR C1=0,4,9,1,7,2,6,3,5,8 C2=0,3,8,2,9,5,7,4,1,6
ICpVbY{f_ NOPAIR
ICpVbY{{O PAIR C1=0,3,6,1,9,2,7,5,8,4 C2=0,6,2,8,3,5,1,4,7,9
ICpVbY{uO PAIR C1=0,3,8,5,7,9,1,4 C2=0,8,4,7,1,5,3,9
ICpVbY{]O PAIR C1=0,4,1,9,7,2,8,3,6 C2=0,3,9,2,6,1,7,4,8
ICpVbY{rO NOPAIR
ICpVbY{jO PAIR C1=0,6,3,5,1,4,9,7,2,8 C2=0,3,8,5,9,2,6,1,7,4
ICpVbY{fO NOPAIR
ICpVbY{wo PAIR C1=0,6,3,8,4,1,5,7,2,9 C2=0,3,5,8,2,6,9,1,7,4
ICpVbY{so PAIR C1=0,6,1,5,7,4,8,3,9 C2=0,4,1,7,9,6,3,5,8
ICpVbY{eo PAIR C1=0,6,1,5,7,4,8,3,9 C2=0,4,1,7,9,6,3,5,8
ICpVbY{Uo PAIR C1=0,4,7,5,1,9,6,3,8 C2=0,3,5,8,4,9,7,1,6
ICpVbY{Mo PAIR C1=0,4,1,5,7,2,6,9,3,8 C2=0,3,5,8,2,9,4,7,1,6
ICpVbY{bo PAIR C1=0,3,8,5,7,4,1,6,9 C2=0,6,3,5,1,7,9,4,8
ICpVbY{Ro PAIR C1=0,4,1,5,9,6,3,8 C2=0,3,5,8,4,9,1,6
ICpVbY{Jo PAIR C1=0,6,1,4,7,2,9,5,3,8 C2=0,3,6,2,8,5,1,7,9,4
ICpVbYy^? PAIR C1=0,3,8,2,7,4,9,5,1,6 C2=0,4,1,7,5,3,9,2,6,8
ICpVbYyxO PAIR C1=0,4,7,2,9,5,1,6,3,8 C2=0,3,5,7,9,1,4,8,2,6
ICpVbY]jO PAIR C1=0,6,1,4,9,7,5,3,8 C2=0,3,6,8,4,7,1,5,9
ICpVbYlx_ PAIR C1=0,4,1,6,9,2,7,5,8 C2=0,6,2,8,4,7,1,5,9
ICpVcxmn? PAIR C1=0,3,9,4,8,5,1,6 C2=0,4,1,8,6,3,5,9
ICpVcxm{O PAIR C1=0,3,7,4,8,5,1,6 C2=0,4,1,8,6,3,5,7
ICpVV`{eo NOPAIR
ICpVV`{Mo PAIR C1=0,3,9,6,1,7,2,8,4 C2=0,6,2,9,4,1,8,3,7
ICpVV`{Fo PAIR C1=0,4,8,3,7,1,5,9,6 C2=0,3,5,8,1,6,4,9,7
ICpVV_}{O PAIR C1=0,4,8,3,7,1,6,2,9 C2=0,3,9,1,4,6,8,2,7
ICpVV_}uO NOPAIR
ICpVV_}]O PAIR C1=0,6,2,9,3,8,4,1,7 C2=0,3,7,2,8,6,1,9,4
ICpVV_}xO PAIR C1=0,4,8,3,5,1,6,2,9,7 C2=0,3,7,2,8,5,9,1,4,6
ICpVV_}tO PAIR C1=0,6,4,8,3,5,1,7,9 C2=0,4,1,6,8,5,9,3,7
ICpVV_|{_ PAIR C1=0,6,2,7,3,8,4,1,9 C2=0,3,9,2,8,7,1,6,4
ICpVV_|]_ PAIR C1=0,4,8,3,7,2,9,6 C2=0,3,9,4,6,2,8,7
ICpVV_|x_ PAIR C1=0,4,1,6,9,2,8,5,3,7 C2=0,3,8,4,6,2,7,1,5,9
ICpVV_|t_ PAIR C1=0,6,1,4,8,7,3,5,9 C2=0,4,6,9,3,8,5,1,7
ICpVTpu{O PAIR C1=0,4,7,3,8,1,6,2,9 C2=0,3,9,1,4,6,8,2,7
ICpVTpu]O PAIR C1=0,4,7,3,8,1,9,2,6 C2=0,3,9,4,1,6,8,2,7
ICpVTpuNO PAIR C1=0,3,5,8,1,4,7,9,2,6 C2=0,4,6,1,5,9,3,8,2,7
ICpVTjs[o PAIR C1=0,3,5,7,2,6,9,1,8 C2=0,6,1,5,8,2,9,3,7
ICpVTjsUo PAIR C1=0,4,1,8,3,5,7,9,6 C2=0,7,3,9,4,6,1,5,8
ICpVTjsJo PAIR C1=0,4,1,6,2,9,7,5,3,8 C2=0,3,7,2,8,1,5,9,4,6
ICpVTj[N_ PAIR C1=0,6,9,4,1,5,3,8 C2=0,3,9,5,8,1,6,4
ICpVTh{}? PAIR C1=0,4,8,3,5,7,2,6,1,9 C2=0,6,4,1,5,8,2,9,3,7
ICpVTh{|? PAIR C1=0,4,8,3,5,7,2,6,1,9 C2=0,6,4,1,5,8,2,9,3,7
ICpVTh{v? NOPAIR
ICpVTh{^? PAIR C1=0,6,2,8,4,9,1,5,3,7 C2=0,3,9,2,7,5,8,1,6,4
ICpVTh{{_ PAIR C1=0,6,2,9,1,4,8,5,3,7 C2=0,4,6,1,5,7,2,8,3,9
ICpVTh{x_ PAIR C1=0,7,3,5,1,6,4,8,2,9 C2=0,3,8,5,7,2,6,9,1,4
ICpVTh{t_ PAIR C1=0,3,8,4,6,1,5,9 C2=0,4,1,8,5,3,9,6
ICpVTh{l_ PAIR C1=0,3,8,4,6,1,5,9 C2=0,4,1,8,5,3,9,6
ICpVTh{j_ PAIR C1=0,3,7,5,1,8,4,6,2,9 C2=0,4,1,6,9,5,3,8,2,7
ICpVTh{f_ PAIR C1=0,3,8,4,6,1,5,9 C2=0,4,1,8,5,3,9,6
ICpVTh{V_ NOPAIR
ICpVTh{N_ PAIR C1=0,3,5,7,2,9,4,8,1,6 C2=0,4,1,5,9,6,2,8,3,7
ICpVTh{wo PAIR C1=0,3,5,7,2,8,1,9,6 C2=0,7,3,8,5,1,6,2,9
ICpVTh{so PAIR C1=0,4,8,3,7,5,1,6,9 C2=0,6,4,1,8,5,3,9,7
ICpVTh{[o PAIR C1=0,3,7,2,9,1,8,4,6 C2=0,4,1,6,2,8,3,9,7
ICpVTh{qo PAIR C1=0,3,7,5,8,1,9,6,4 C2=0,6,1,5,3,8,4,9,7
ICpVTh{eo PAIR C1=0,3,7,5,8,1,4,6,9 C2=0,6,1,5,3,8,4,9,7
ICpVTh{Uo PAIR C1=0,3,7,5,8,1,9,6,4 C2=0,6,1,5,3,8,4,9,7
ICpVTh{Mo PAIR C1=0,3,9,2,7,5,8,1,6,4 C2=0,6,2,8,3,5,1,4,9,7
ICpVTh{po PAIR C1=0,3,7,5,8,1,9,6,4 C2=0,6,1,4,8,3,5,9,7
ICpVTh{To PAIR C1=0,3,7,5,8,1,9,6,4 C2=0,6,1,4,8,3,5,9,7
ICpVThm{O PAIR C1=0,6,4,8,1,5,3,7,2,9 C2=0,3,9,7,5,8,2,6,1,4
ICpVThmxO PAIR C1=0,7,2,6,4,1,8,5,9 C2=0,4,8,2,9,7,5,1,6
ICpUvI{[o PAIR C1=0,4,6,9,7,1,5,3,8 C2=0,6,3,9,1,4,8,5,7
ICpUvG}^? PAIR C1=1,4,6,3,8,5,9 C2=1,5,3,9,4,8,6
ICpUvG}{O PAIR C1=0,4,6,3,8,5,7,1,9 C2=0,6,8,4,1,5,3,9,7
ICpUvG|x_ PAIR C1=0,3,8,7,5,1,6,4 C2=0,6,3,5,8,4,1,7
ICpUtjk[o PAIR C1=0,4,6,9,3,7,5,1,8 C2=0,6,3,5,8,4,1,9,7
ICpUthmn? PAIR C1=0,4,8,1,6,3,5,9 C2=0,3,9,4,1,5,8,6
ICpUthm{O PAIR C1=0,6,4,8,1,9,3,5,7 C2=0,4,1,5,8,6,3,7,9
ICrbdrsTo PAIR C1=0,5,8,1,9,3,6,2,7 C2=0,3,7,9,6,1,5,2,8
ICrbdrk[o PAIR C1=0,5,8,1,9,3,6,2,7 C2=0,3,7,9,6,1,5,2,8
ICrbdr[\O PAIR C1=0,5,9,3,8,1,4,7 C2=0,3,7,9,1,5,8,4
ICrbdr[VO PAIR C1=0,5,9,3,8,1,4,7 C2=0,3,7,9,1,5,8,4
ICrbdq{NO PAIR C1=0,7,2,5,9,3,8 C2=0,3,7,9,2,8,5
ICrbdp{}? PAIR C1=0,4,9,3,8,1,5,2,7 C2=0,3,7,4,1,9,2,8,5
ICrbdp{|? PAIR C1=0,4,1,8,3,7,2,9,5 C2=0,3,9,1,5,2,8,4,7
ICrbdp{z? NOPAIR
ICrbdp{v? NOPAIR
ICrbdp{n? PAIR C1=0,4,8,5,2,9,3,7 C2=0,3,8,2,7,4,9,5
ICrbdp{^? PAIR C1=0,4,8,5,2,9,3,7 C2=0,3,8,2,7,4,9,5
ICrbdp{{_ PAIR C1=0,4,8,5,2,6,1,9,3,7 C2=0,5,1,4,7,2,8,3,6,9
ICrbdp{y_ PAIR C1=0,5,2,7,3,8,4,1,6,9 C2=0,3,6,2,8,5,1,9,4,7
ICrbdp{u_ PAIR C1=0,5,2,7,3,8,4,1,6,9 C2=0,3,6,2,8,5,1,9,4,7
ICrbdp{m_ PAIR C1=0,3,7,2,5,8,4,1,6,9 C2=0,5,1,8,3,6,2,9,4,7
ICrbdp{j_ PAIR C1=0,3,7,2,5,8,4,1,6,9 C2=0,5,1,8,3,6,2,9,4,7
ICrbdp{f_ PAIR C1=0,3,7,2,5,8,4,1,6,9 C2=0,5,1,8,2,6,3,9,4,7
ICrbdp{N_ PAIR C1=0,3,8,5,9,4,1,6,2,7 C2=0,4,7,3,6,9,2,8,1,5
ICrbdp{{O PAIR C1=0,4,8,1,5,2,7,9 C2=0,5,8,2,9,1,4,7
ICrbdp{uO NOPAIR
ICrbdp{mO NOPAIR
ICrbdp{]O PAIR C1=0,4,9,1,8,3,7,2,5 C2=0,3,9,2,8,5,1,4,7
ICrbdp{xO PAIR C1=0,4,8,1,9,7,2,5 C2=0,7,4,1,5,8,2,9
ICrbdp{tO PAIR C1=0,4,1,8,3,7,9,5 C2=0,3,9,1,5,8,4,7
ICrbdp{lO NOPAIR
ICrbdp{\O PAIR C1=0,5,2,9,1,4,8,3,7 C2=0,3,9,5,1,8,2,7,4
ICrbdp{jO NOPAIR
ICrbdp{ZO NOPAIR
ICrbdp{fO NOPAIR
ICrbdp{VO PAIR C1=0,3,8,4,7,9,1,5 C2=0,4,1,8,5,9,3,7
ICrbdp{NO PAIR C1=0,3,7,4,9,2,8,5 C2=0,4,8,3,9,5,2,7
ICrbdp{wo PAIR C1=0,3,7,4,1,5,8,2,6,9 C2=0,4,8,3,6,1,9,7,2,5
ICrbdp{so PAIR C1=0,3,7,4,1,5,8,2,6,9 C2=0,4,8,3,6,1,9,7,2,5
ICrbdp{[o PAIR C1=0,3,8,5,1,9,6,2,7,4 C2=0,5,2,8,4,1,6,3,9,7
ICrbdp{Mo PAIR C1=0,3,9,7,2,6,1,5,8,4 C2=0,5,2,8,1,4,9,6,3,7
ICrbdp{ho PAIR C1=0,3,7,9,6,2,5,1,8,4 C2=0,5,9,2,8,3,6,1,4,7
ICrbdp{To PAIR C1=0,3,9,7,2,6,1,5,8,4 C2=0,5,2,8,3,6,9,1,4,7
ICrbdp{Ro PAIR C1=0,3,8,4,9,5,1,6,2,7 C2=0,4,7,3,6,9,1,8,2,5
ICrbdp{Jo PAIR C1=0,3,8,4,7,9,2,6,1,5 C2=0,4,1,8,2,5,9,6,3,7
ICrbdp{Fo PAIR C1=0,3,8,4,9,7,2,6,1,5 C2=0,4,1,8,2,5,9,6,3,7
ICrbdrq[o NOPAIR
ICrbdrqYo PAIR C1=0,3,8,1,6,2,9,4,7 C2=0,4,1,9,6,3,7,2,8
ICrbdrqXo PAIR C1=0,3,8,1,5,2,6,9,7 C2=0,5,9,1,6,3,7,2,8
ICrbdrqRo PAIR C1=0,3,8,1,5,2,6,9,7 C2=0,5,9,1,6,3,7,2,8
ICrbdri[o PAIR C1=0,3,9,2,6,1,8,4,7 C2=0,4,1,9,6,3,7,2,8
ICrbdriYo NOPAIR
ICrbdriXo PAIR C1=0,4,8,1,5,2,9,7 C2=0,5,9,1,4,7,2,8
ICrbdriTo PAIR C1=0,4,8,6,2,5,1,9,7 C2=0,5,9,6,1,4,7,2,8
ICrbdrYUo PAIR C1=0,4,8,6,1,9,3,7 C2=0,3,6,9,7,4,1,8
ICrbdrYXo PAIR C1=0,4,1,8,6,9,5,2,7 C2=0,5,1,6,2,9,7,4,8
ICrbdpy}? PAIR C1=0,3,6,8,2,7,4,1,9 C2=0,4,8,1,6,2,9,3,7
ICrbdpy|? PAIR C1=0,3,6,8,2,7,4,1,9 C2=0,4,8,1,6,2,9,3,7
ICrbdpyv? PAIR C1=0,4,8,3,7,2,6,1,5,9 C2=0,5,2,8,6,3,9,1,4,7
ICrbdpyn? PAIR C1=0,4,8,3,7,2,6,1,5,9 C2=0,5,2,9,3,6,8,1,4,7
ICrbdpy^? PAIR C1=0,3,8,1,5,9,2,7,4 C2=0,5,2,8,4,1,9,3,7
ICrbdpyy_ PAIR C1=0,3,6,1,8,4,7,2,9 C2=0,4,1,9,6,2,8,3,7
ICrbdpyu_ NOPAIR
ICrbdpym_ PAIR C1=0,4,8,6,3,7,2,9 C2=0,3,8,2,6,9,4,7
ICrbdpyj_ PAIR C1=0,4,8,6,3,7,2,9 C2=0,3,8,2,6,9,4,7
ICrbdpyf_ PAIR C1=0,4,7,2,5,1,8,6,3,9 C2=0,5,9,4,1,6,2,8,3,7
ICrbdpyV_ PAIR C1=0,4,8,6,1,9,3,7,2,5 C2=0,3,6,2,8,1,5,9,4,7
ICrbdpyN_ PAIR C1=0,4,1,8,6,3,7,2,9,5 C2=0,3,8,2,5,1,6,9,4,7
ICrbdpy{O PAIR C1=0,4,1,8,6,3,7,2,9 C2=0,3,9,1,6,2,8,4,7
ICrbdpyuO NOPAIR
ICrbdpymO NOPAIR
ICrbdpy]O NOPAIR
ICrbdpyxO PAIR C1=0,3,8,4,7,2,6,1,5,9 C2=0,4,1,9,7,3,6,8,2,5
ICrbdpytO PAIR C1=0,3,8,4,7,2,6,1,5,9 C2=0,4,1,9,7,3,6,8,2,5
ICrbdpy\O PAIR C1=0,3,8,4,7,9,2,6,1,5 C2=0,4,1,9,5,2,8,6,3,7
ICrbdpyVO PAIR C1=0,3,8,4,9,7,2,6,1,5 C2=0,4,1,9,5,2,8,6,3,7
ICrbdpyNO PAIR C1=0,3,8,4,7,9,2,6,1,5 C2=0,4,1,8,6,3,9,5,2,7
ICrbdpywo PAIR C1=0,3,8,4,1,6,9,7 C2=0,4,7,3,6,8,1,9
ICrbdpy[o NOPAIR
ICrbdpyqo PAIR C1=0,3,6,1,8,4,7,9 C2=0,4,1,9,6,8,3,7
ICrbdpyio PAIR C1=0,3,6,8,4,7,2,9 C2=0,4,9,6,2,8,3,7
ICrbdpyYo NOPAIR
ICrbdpyeo NOPAIR
ICrbdpyUo NOPAIR
ICrbdpyMo NOPAIR
ICrbdpypo PAIR C1=0,3,6,1,8,2,7,9,5 C2=0,7,3,8,6,2,5,1,9
ICrbdpyho PAIR C1=0,3,6,1,8,4,7,2,9,5 C2=0,4,1,5,2,6,8,3,7,9
ICrbdpyTo PAIR C1=0,3,7,4,8,1,9,6,2,5 C2=0,4,1,5,9,3,6,8,2,7
ICrbdre[o PAIR C1=0,3,7,9,6,1,8,2,5 C2=0,7,2,6,3,9,1,5,8
ICrbdreYo PAIR C1=0,4,9,7,2,8,1,5 C2=0,7,4,1,9,2,5,8
ICrbdreXo PAIR C1=1,5,9,2,8,6 C2=1,8,5,2,6,9
ICrbdreFo PAIR C1=0,4,7,3,9,6,2,8,1,5 C2=0,3,6,1,4,9,7,2,5,8
ICrbdrU\O PAIR C1=0,3,6,8,1,5,2,9,7 C2=0,5,9,1,6,2,7,3,8
ICrbdrUYo PAIR C1=0,3,6,9,2,7,4,1,8,5 C2=0,4,9,1,5,2,6,8,3,7
ICrbdrUJo PAIR C1=0,3,6,2,9,7,4,1,8,5 C2=0,4,9,6,1,5,2,7,3,8
ICrbdquRo PAIR C1=0,3,7,9,6,2,8,5,1,4 C2=0,5,2,7,4,9,1,6,3,8
ICrbdpu}? PAIR C1=0,5,1,4,9,3,6,8,2,7 C2=0,4,7,3,8,5,2,6,1,9
ICrbdpu|? NOPAIR
ICrbdpun? PAIR C1=0,3,9,5,8,1,6,2,7,4 C2=0,5,1,4,9,2,8,6,3,7
ICrbdpu^? PAIR C1=0,3,9,5,8,1,6,2,7,4 C2=0,5,1,4,9,2,8,6,3,7
ICrbdpu{_ NOPAIR
ICrbdpuy_ PAIR C1=0,4,7,3,6,2,8,1,9 C2=0,3,8,6,1,4,9,2,7
ICrbdpum_ PAIR C1=0,4,1,6,8,5,2,7,3,9 C2=0,5,1,8,3,6,2,9,4,7
ICrbdpux_ PAIR C1=1,6,8,5,2,9 C2=1,5,9,6,2,8
ICrbdput_ NOPAIR
ICrbdpul_ NOPAIR
ICrbdpu\_ PAIR C1=1,6,8,5,2,9 C2=1,5,9,6,2,8
ICrbdpuf_ PAIR C1=0,4,9,3,8,6,1,5,2,7 C2=0,3,7,4,1,8,2,6,9,5
ICrbdpu{O PAIR C1=0,7,3,8,6,1,5,2,9 C2=0,3,6,2,7,9,1,8,5
ICrbdpuyO PAIR C1=0,7,3,8,6,1,5,2,9 C2=0,3,6,2,7,9,1,8,5
ICrbdpumO PAIR C1=0,4,7,3,8,6,1,5,2,9 C2=0,3,6,2,7,9,4,1,8,5
ICrbdpu]O PAIR C1=0,3,7,9,2,5,8,6,1,4 C2=0,5,1,8,2,6,3,9,4,7
ICrbdputO PAIR C1=0,3,6,1,5,8,2,7,9 C2=0,5,2,6,8,1,9,3,7
ICrbdpulO NOPAIR
ICrbdpu\O NOPAIR
ICrbdpuVO PAIR C1=0,3,9,1,4,7,2,6,8,5 C2=0,4,9,5,2,8,1,6,3,7
ICrbdpuNO PAIR C1=0,3,9,4,7,2,6,8,1,5 C2=0,4,1,6,3,8,2,5,9,7
ICrbdpuwo PAIR C1=0,5,1,8,6,3,7,2,9 C2=0,3,8,5,2,6,1,9,7
ICrbdpu[o NOPAIR
ICrbdpuqo PAIR C1=0,4,7,3,6,2,8,5,1,9 C2=0,3,8,6,1,4,9,7,2,5
ICrbdpuio PAIR C1=0,3,7,2,5,8,6,1,4,9 C2=0,4,7,9,2,6,3,8,1,5
ICrbdpupo PAIR C1=0,7,2,6,3,8,5,1,9 C2=0,3,7,9,6,1,8,2,5
ICrbdpuXo PAIR C1=1,8,5,2,6,9 C2=1,5,9,2,8,6
ICrbdpuTo NOPAIR
ICrbdpubo PAIR C1=0,3,7,4,9,6,1,8,2,5 C2=0,4,1,5,8,3,6,2,7,9
ICrbdpuRo PAIR C1=0,3,7,4,1,9,6,8,2,5 C2=0,4,9,5,1,8,3,6,2,7
ICrbdrM[o PAIR C1=0,3,7,4,1,9,6,8 C2=0,4,8,1,6,3,9,7
ICrbdqmTo PAIR C1=0,4,7,3,9,1,6,2,5,8 C2=0,3,6,9,5,1,4,8,2,7
ICrbdqmJo PAIR C1=0,4,9,7,2,5,8 C2=0,5,9,2,8,4,7
ICrbdq]Xo PAIR C1=0,3,8,6,2,7,9,5,1,4 C2=0,5,2,9,1,6,3,7,4,8
ICrbdq]Fo NOPAIR
ICrbbrwko PAIR C1=0,8,2,6,1,4,7,3,9 C2=0,3,6,9,2,7,1,8,4
ICrbbrsmO PAIR C1=0,4,1,8,5,2,7,3,9 C2=0,3,8,2,9,4,7,1,5
ICrbbrslO NOPAIR
ICrbbrsko PAIR C1=0,5,8,3,6,1,7,2,9 C2=0,3,7,9,6,2,5,1,8
ICrbbrsdo PAIR C1=0,5,8,2,7,1,6,3,9 C2=0,3,7,9,6,2,5,1,8
ICrbbrkko PAIR C1=0,5,8,2,7,1,6,3,9 C2=0,3,7,9,6,2,5,1,8
ICrbbr[lO PAIR C1=0,3,7,4,1,8,5,9 C2=0,4,8,3,9,7,1,5
ICrbbr[fO PAIR C1=0,3,7,4,1,8,5,9 C2=0,4,8,3,9,7,1,5
ICrbbr[NO PAIR C1=0,3,7,9,5,8,1,4 C2=0,5,1,7,4,9,3,8
ICrbbr[do PAIR C1=0,3,8,1,4,7,9,5 C2=0,4,8,5,1,7,3,9
ICrbbr[Fo PAIR C1=0,5,9,3,7,4,1,8 C2=0,3,8,5,1,7,9,4
ICrbbq{}? PAIR C1=0,4,7,2,8,3,9,1,5 C2=0,3,7,1,4,9,2,5,8
ICrbbq{^? PAIR C1=0,4,7,2,8,3,9,1,5 C2=0,3,7,1,4,9,2,5,8
ICrbbq{{_ PAIR C1=0,4,7,2,8,3,9,1,5 C2=0,3,7,1,4,8,5,2,9
ICrbbq{u_ PAIR C1=0,4,8,3,7,1,9,6,2,5 C2=0,3,6,1,5,8,2,7,4,9
ICrbbq{m_ PAIR C1=0,5,2,6,9,3,7,1,4,8 C2=0,3,6,1,5,8,2,7,4,9
ICrbbq{]_ PAIR C1=0,4,8,3,6,9,1,7,2,5 C2=0,3,7,4,9,2,6,1,5,8
ICrbbq{j_ PAIR C1=0,3,7,1,5,2,6,9,4,8 C2=0,5,8,3,6,1,4,7,2,9
ICrbbq{Z_ PAIR C1=0,3,8,4,1,7,2,6,9,5 C2=0,4,7,3,6,1,9,2,5,8
ICrbbq{V_ PAIR C1=1,5,9,3,7,4,8,2,6 C2=1,4,9,6,3,8,5,2,7
ICrbbq{N_ PAIR C1=1,5,9,3,7,4,8,2,6 C2=1,4,9,6,3,8,5,2,7
ICrbbq{{O PAIR C1=0,5,1,4,7,9,2,8 C2=0,4,8,5,2,7,1,9
ICrbbq{yO PAIR C1=0,5,1,4,7,9,2,8 C2=0,4,8,5,2,7,1,9
ICrbbq{mO NOPAIR
ICrbbq{]O PAIR C1=0,3,7,1,5,8,2,9,4 C2=0,5,2,7,4,1,9,3,8
ICrbbq{tO PAIR C1=0,3,9,7,1,5,8,4 C2=0,5,9,1,4,7,3,8
ICrbbq{lO NOPAIR
ICrbbq{\O PAIR C1=0,3,9,7,1,5,8,4 C2=0,5,9,1,4,7,3,8
ICrbbq{jO NOPAIR
ICrbbq{ZO NOPAIR
ICrbbq{fO NOPAIR
ICrbbq{VO PAIR C1=0,4,8,3,9,7,1,5 C2=0,3,7,4,1,9,5,8
ICrbbq{NO NOPAIR
ICrbbq{wo PAIR C1=0,4,7,2,8,5,1,9 C2=0,5,2,9,7,1,4,8
ICrbbq{so PAIR C1=0,3,6,9,7,2,8,5,1,4 C2=0,5,2,6,1,9,3,7,4,8
ICrbbq{do PAIR C1=0,3,6,9,7,2,8,5,1,4 C2=0,5,2,6,1,7,4,8,3,9
ICrbbq{To PAIR C1=0,3,6,9,5,1,4,7,2,8 C2=0,4,8,3,9,7,1,6,2,5
ICrbbq{Ro PAIR C1=0,3,6,9,5,1,4,7,2,8 C2=0,4,8,3,7,9,1,6,2,5
ICrbbq{Jo PAIR C1=0,4,1,5,9,6,3,7,2,8 C2=0,3,8,4,9,7,1,6,2,5
ICrbbq{Fo PAIR C1=0,4,1,5,9,6,3,7,2,8 C2=0,3,8,4,9,7,1,6,2,5
ICrbbp{Fo PAIR C1=1,4,9,6,3,7,2,8,5 C2=1,6,2,5,9,3,8,4,7
ICrbbrqmO PAIR C1=0,3,6,1,7,4,9,2,8 C2=0,4,1,8,6,2,7,3,9
ICrbbrqko NOPAIR
ICrbbrqbo PAIR C1=0,3,8,6,1,5,2,7,4,9 C2=0,4,1,8,2,6,3,7,9,5
ICrbbriio PAIR C1=1,6,9,2,8,4,7 C2=1,4,9,7,2,6,8
ICrbbrido PAIR C1=0,3,9,6,1,7,4,8 C2=0,4,1,8,6,3,7,9
ICrbbrYeo PAIR C1=0,3,9,6,1,7,4,8 C2=0,4,1,8,6,3,7,9
ICrbbrYMo PAIR C1=1,6,9,3,8,4,7 C2=1,4,9,7,3,6,8
ICrbbrYho PAIR C1=0,4,8,3,7,1,5,2,6,9 C2=0,3,6,8,1,4,7,2,9,5
ICrbbqy}? PAIR C1=0,8,4,1,7,3,6,2,9 C2=0,3,9,1,6,8,2,7,4
ICrbbqy|? PAIR C1=0,8,4,1,7,3,6,2,9 C2=0,3,9,1,6,8,2,7,4
ICrbbqyv? PAIR C1=0,5,1,7,3,6,2,8,4,9 C2=0,3,8,6,1,9,5,2,7,4
ICrbbqy^? PAIR C1=0,5,1,7,3,6,2,9,4,8 C2=0,3,8,6,1,9,5,2,7,4
ICrbbqyy_ PAIR C1=0,3,8,2,6,1,7,4,9 C2=0,4,1,9,2,7,3,6,8
ICrbbqyu_ NOPAIR
ICrbbqym_ NOPAIR
ICrbbqy]_ PAIR C1=1,6,3,8,2,9,4,7 C2=1,4,8,6,2,7,3,9
ICrbbqyj_ PAIR C1=0,3,8,2,5,9,6,1,7,4 C2=0,5,1,4,8,6,3,7,2,9
ICrbbqyV_ PAIR C1=0,4,7,1,9,5,2,6,3,8 C2=0,3,7,2,8,6,9,4,1,5
ICrbbqyN_ PAIR C1=0,5,2,9,4,7,1,6,3,8 C2=0,3,7,2,8,6,9,5,1,4
ICrbbqy{O PAIR C1=0,4,7,3,9,1,6,2,8 C2=0,3,6,8,4,1,7,2,9
ICrbbqyyO PAIR C1=0,8,2,6,3,7,4,1,9 C2=0,3,8,6,1,7,2,9,4
ICrbbqymO NOPAIR
ICrbbqy]O PAIR C1=1,4,8,6,2,7,3,9 C2=1,6,3,8,2,9,4,7
ICrbbqyxO PAIR C1=0,3,7,2,6,8,4,1,9,5 C2=0,4,7,9,2,5,1,6,3,8
ICrbbqytO PAIR C1=0,5,2,7,3,6,8,4,1,9 C2=0,3,8,2,6,1,5,9,7,4
ICrbbqy\O PAIR C1=0,3,7,2,6,8,4,1,9,5 C2=0,4,7,9,2,5,1,6,3,8
ICrbbqyVO PAIR C1=0,4,8,6,2,7,3,9,1,5 C2=0,3,6,1,4,7,9,5,2,8
ICrbbqyNO PAIR C1=0,3,9,7,1,5,2,6,8,4 C2=0,5,9,2,7,4,1,6,3,8
ICrbbqywo PAIR C1=0,3,7,1,9,6,2,8,4 C2=0,8,3,6,1,4,7,2,9
ICrbbqyko NOPAIR
ICrbbqyqo PAIR C1=0,3,7,4,1,9,6,8 C2=0,4,8,3,6,1,7,9
ICrbbqyio NOPAIR
ICrbbqyYo NOPAIR
ICrbbqyeo NOPAIR
ICrbbqyUo NOPAIR
ICrbbqyMo NOPAIR
ICrbbqypo PAIR C1=0,3,7,1,4,8,6,9 C2=0,4,7,9,1,6,3,8
ICrbbqyho PAIR C1=0,5,2,7,1,4,8,6,9 C2=0,4,7,9,5,1,6,2,8
ICrbbqyXo PAIR C1=0,5,2,7,3,6,9,1,4,8 C2=0,3,8,2,6,1,5,9,7,4
ICrbbqyRo PAIR C1=0,5,2,7,3,6,9,1,4,8 C2=0,3,8,2,6,1,5,9,7,4
ICrbbqyJo PAIR C1=0,3,7,4,1,5,9,6,2,8 C2=0,4,8,3,6,1,7,9,2,5
ICrbbpyeo PAIR C1=1,4,9,6,8,3,7 C2=1,6,3,9,7,4,8
ICrbbrUNO PAIR C1=0,3,7,1,4,9,5,8 C2=0,4,7,9,3,8,1,5
ICrbbrUio PAIR C1=0,4,9,6,1,7,3,8 C2=0,3,6,8,1,4,7,9
ICrbbrUho PAIR C1=0,3,8,5,1,7,2,6,9 C2=0,5,2,9,7,3,6,1,8
ICrbbrUbo PAIR C1=0,4,9,6,1,7,3,8 C2=0,3,6,8,1,4,7,9
ICrbbrUFo PAIR C1=0,4,9,6,3,7,1,5,8 C2=0,3,8,6,1,4,7,9,5
ICrbbqu}? PAIR C1=0,3,8,2,6,1,7,4,9 C2=0,4,1,9,2,7,3,6,8
ICrbbqu|? NOPAIR
ICrbbqun? PAIR C1=0,8,6,3,7,2,5,1,4,9 C2=0,3,8,5,9,2,6,1,7,4
ICrbbqu{_ NOPAIR
ICrbbquy_ PAIR C1=0,3,8,5,2,7,4,1,6,9 C2=0,4,9,2,8,6,3,7,1,5
ICrbbqum_ PAIR C1=0,3,8,5,2,7,4,1,6,9 C2=0,4,9,2,8,6,3,7,1,5
ICrbbqux_ NOPAIR
ICrbbqut_ NOPAIR
ICrbbqul_ NOPAIR
ICrbbqu\_ NOPAIR
ICrbbquV_ PAIR C1=0,4,9,5,1,7,3,6,2,8 C2=0,3,8,6,9,1,4,7,2,5
ICrbbqu{O PAIR C1=0,3,7,9,1,5,2,6,8 C2=0,5,8,3,6,1,7,2,9
ICrbbquyO PAIR C1=0,3,7,9,1,5,2,6,8 C2=0,5,8,3,6,1,7,2,9
ICrbbqu]O PAIR C1=0,3,8,5,2,6,1,7,9,4 C2=0,5,1,4,7,2,9,3,6,8
ICrbbqutO PAIR C1=1,6,3,8,2,5,9,7 C2=1,5,8,6,2,7,3,9
ICrbbqu\O PAIR C1=1,6,3,8,2,5,9,7 C2=1,5,8,6,2,7,3,9
ICrbbquVO PAIR C1=1,6,3,8,2,5,9,7 C2=1,5,8,6,2,7,3,9
ICrbbquwo PAIR C1=0,3,6,9,7,1,5,2,8 C2=0,5,8,3,7,2,6,1,9
ICrbbquYo PAIR C1=0,3,6,9,4,7,1,5,2,8 C2=0,4,1,6,2,9,7,3,8,5
ICrbbpufO PAIR C1=0,3,8,6,2,5,1,7,9,4 C2=0,5,8,2,7,4,1,6,3,9
ICrbbpudo PAIR C1=1,5,9,7,2,8,3,6 C2=1,7,3,9,6,2,5,8
ICrbbpuLo PAIR C1=1,5,9,7,2,8,3,6 C2=1,7,3,9,6,2,5,8
ICrbbpuFo PAIR C1=1,5,9,7,2,8,3,6 C2=1,7,3,9,6,2,5,8
ICrbbp]NO PAIR C1=1,5,2,7,9,3,8,6 C2=1,7,3,6,2,9,5,8
ICrbbp]Fo PAIR C1=1,4,7,9,3,8,6 C2=1,7,3,6,9,4,8
ICrbbo}}? PAIR C1=1,4,9,3,7,2,8,6 C2=1,7,4,8,3,6,2,9
ICrbbo}|? PAIR C1=0,3,9,1,7,2,5,8,4 C2=0,5,1,4,7,3,8,2,9
ICrbbo}z? PAIR C1=0,3,7,1,9,5,2,6,8,4 C2=0,5,8,3,6,1,4,7,2,9
ICrbbo}v? PAIR C1=0,3,7,1,9,5,2,6,8,4 C2=0,5,8,2,7,4,1,6,3,9
ICrbbo}^? PAIR C1=1,4,8,6,2,7,3,9,5 C2=1,6,3,8,5,2,9,4,7
ICrbbo}y_ PAIR C1=0,4,1,5,2,7,3,8,6,9 C2=0,3,6,2,9,1,7,4,8,5
ICrbbo}]_ PAIR C1=1,6,2,8,3,7,4,9 C2=1,4,8,6,3,9,2,7
ICrbbo}\_ NOPAIR
ICrbbo}Z_ NOPAIR
ICrbbo}V_ PAIR C1=1,4,8,5,9,3,6,2,7 C2=1,5,2,8,3,7,4,9,6
ICrbbo}N_ PAIR C1=1,4,8,5,9,3,6,2,7 C2=1,5,2,8,3,7,4,9,6
ICrbbo}]O PAIR C1=1,4,8,6,3,9,2,7 C2=1,6,2,8,3,7,4,9
ICrbbo}tO PAIR C1=0,5,8,2,7,4,1,6,3,9 C2=0,3,7,9,1,5,2,6,8,4
ICrbbo}\O PAIR C1=1,5,8,2,6,3,9,7 C2=1,6,8,3,7,2,5,9
ICrbbo}ZO NOPAIR
ICrbbo}VO PAIR C1=1,5,8,2,6,3,9,7 C2=1,6,8,3,7,2,5,9
ICrbbo}Yo NOPAIR
ICrbdji\_ PAIR C1=0,5,2,7,3,9,6,1,8 C2=0,3,6,8,2,9,1,5,7
ICrbdji[o PAIR C1=0,5,2,7,3,9,6,1,8 C2=0,3,6,8,2,9,1,5,7
ICrbdjiYo PAIR C1=0,4,8,1,6,9,7,2,5 C2=0,7,5,1,4,9,2,6,8
ICrbdhy}? PAIR C1=0,4,8,6,2,7,3,9,1,5 C2=0,7,5,2,8,3,6,1,4,9
ICrbdhy|? PAIR C1=0,3,8,6,1,9,2,7,5 C2=0,7,3,6,2,8,1,5,9
ICrbdhyv? PAIR C1=0,3,9,1,4,8,6,2,7,5 C2=0,4,9,5,2,8,1,6,3,7
ICrbdhyn? PAIR C1=0,3,9,2,7,5,1,6,8,4 C2=0,5,9,4,1,8,2,6,3,7
ICrbdhy^? PAIR C1=0,3,9,2,7,5,1,6,8,4 C2=0,5,9,4,1,8,2,6,3,7
ICrbdhy{_ PAIR C1=0,3,6,8,1,9,2,7,5 C2=0,7,3,8,2,5,1,6,9
ICrbdhyx_ PAIR C1=0,3,6,8,1,9,2,7,5 C2=0,7,3,8,2,5,1,6,9
ICrbdhyt_ PAIR C1=0,3,9,1,8,6,2,7,5 C2=0,7,3,8,2,5,1,6,9
ICrbdhyl_ NOPAIR
ICrbdhyV_ PAIR C1=0,4,9,6,1,8,3,7,2,5 C2=0,3,6,2,8,4,1,9,5,7
ICrbdhyN_ PAIR C1=0,4,1,8,6,9,3,7,2,5 C2=0,3,8,4,9,2,6,1,5,7
ICrbdhy{O PAIR C1=0,3,8,6,2,7,9,1,5 C2=0,7,5,2,8,1,6,3,9
ICrbdhyyO PAIR C1=0,3,7,9,2,6,8,1,5 C2=0,7,5,2,8,3,6,1,9
ICrbdhymO PAIR C1=0,4,8,2,9,7,3,6,1,5 C2=0,3,9,4,1,8,6,2,5,7
ICrbdhy]O PAIR C1=0,4,8,2,9,7,3,6,1,5 C2=0,3,9,4,1,8,6,2,5,7
ICrbdhyxO PAIR C1=0,3,7,9,2,6,8,1,5 C2=0,7,5,2,8,3,6,1,9
ICrbdhytO PAIR C1=0,3,9,7,2,6,8,1,5 C2=0,7,5,2,8,3,6,1,9
ICrbdhylO NOPAIR
ICrbdhy\O PAIR C1=1,5,9,3,7,2,8,6 C2=1,8,3,6,2,5,7,9
ICrbdhyVO PAIR C1=1,5,9,3,7,2,8,6 C2=1,8,3,6,2,5,7,9
ICrbdhyNO PAIR C1=0,4,1,8,6,2,7,3,9,5 C2=0,3,6,1,5,2,8,4,9,7
ICrbdhywo PAIR C1=0,3,7,5,1,8,6,2,9 C2=0,5,2,8,3,6,1,9,7
ICrbdhy[o NOPAIR
ICrbdhyqo PAIR C1=0,3,7,9,1,5,2,6,8,4 C2=0,5,7,2,8,3,6,1,4,9
ICrbdhypo PAIR C1=0,5,1,6,2,8,3,7,9 C2=0,3,6,8,1,9,5,2,7
ICrbdhyTo PAIR C1=1,5,2,6,8,3,7,9 C2=1,6,3,9,5,7,2,8
ICrbdhyLo NOPAIR
ICrbdhybo PAIR C1=0,4,9,7,3,6,1,8,2,5 C2=0,3,8,4,1,5,7,2,6,9
ICrbdhu}? PAIR C1=0,5,1,6,8,2,7,3,9 C2=0,3,6,2,9,1,8,5,7
ICrbdhu]O PAIR C1=1,5,2,7,9,3,8,6 C2=1,8,5,7,3,6,2,9
ICrbdhuqo PAIR C1=0,5,2,8,1,6,3,7,9 C2=0,3,8,5,1,9,6,2,7
ICrbdhuUo PAIR C1=1,6,3,9,7,5,2,8 C2=1,5,8,3,7,2,6,9
ICrbdh]wo PAIR C1=0,5,7,3,6,8,1,9 C2=0,3,8,5,1,6,9,7
ICrbdh]so PAIR C1=0,5,7,3,6,8,1,9 C2=0,3,8,5,1,6,9,7
ICrbdh]qo PAIR C1=0,5,7,3,6,8,1,9 C2=0,3,8,5,1,6,9,7
ICrbdg}{_ NOPAIR
ICrbdg}m_ NOPAIR
ICrbdg}qo PAIR C1=0,3,6,9,1,5,7,2,8,4 C2=0,7,3,8,5,2,6,1,4,9
ICrbdhr}? PAIR C1=0,7,3,6,8,1,5,2,9 C2=0,3,9,1,6,2,8,7,5
ICrbdhr^? PAIR C1=1,5,7,2,9,3,8,6 C2=1,8,7,3,6,2,5,9
ICrbdhrV_ PAIR C1=1,5,7,2,8,3,9,6 C2=1,8,7,3,6,2,5,9
ICrbdhj}? PAIR C1=0,3,6,1,5,7,2,8,4,9 C2=0,4,1,9,3,7,8,6,2,5
ICrbdhZt_ PAIR C1=0,5,1,9,6,8,3,7 C2=0,3,6,1,8,7,5,9
ICrbdZw[o PAIR C1=0,7,2,5,1,6,9,3,8 C2=0,3,6,2,8,1,9,7,5
ICrbdZqZ_ PAIR C1=0,4,9,2,6,8,1,5,7 C2=0,5,9,6,1,4,7,2,8
ICrbdZq[o PAIR C1=0,7,5,1,6,2,9,3,8 C2=0,3,6,8,1,9,7,2,5
ICrbdZqYo PAIR C1=0,7,5,1,4,9,2,6,8 C2=0,4,7,9,6,1,8,2,5
ICrbdZqFo PAIR C1=0,5,1,6,2,7,4,9,3,8 C2=0,3,6,9,7,5,2,8,1,4
ICrbdZi[o PAIR C1=0,5,1,9,2,6,8,4,7 C2=0,4,1,6,9,7,5,2,8
ICrbdXyz? NOPAIR
ICrbdXyn? PAIR C1=0,4,9,3,8,2,6,1,5,7 C2=0,3,6,8,1,4,7,2,9,5
ICrbdXy^? PAIR C1=0,4,9,3,8,2,6,1,5,7 C2=0,3,6,8,1,4,7,2,9,5
ICrbdXy{_ PAIR C1=0,4,8,3,6,2,9,1,5,7 C2=0,3,9,6,8,1,4,7,2,5
ICrbdXyy_ PAIR C1=0,5,1,6,8,2,7,4,9 C2=0,4,8,1,9,6,2,5,7
ICrbdXym_ PAIR C1=0,3,9,4,1,6,8,2,5,7 C2=0,4,7,2,9,6,3,8,1,5
ICrbdXyx_ PAIR C1=0,5,2,6,9,1,8,4,7 C2=0,4,1,6,8,2,7,5,9
ICrbdXyr_ PAIR C1=0,5,2,6,9,1,8,4,7 C2=0,4,1,6,8,2,7,5,9
ICrbdXyj_ PAIR C1=0,4,1,8,6,9,2,7,5 C2=0,7,4,8,2,6,1,5,9
ICrbdXyf_ PAIR C1=0,3,9,6,2,5,1,8,4,7 C2=0,4,1,6,3,8,2,7,5,9
ICrbdXy{O PAIR C1=0,3,8,2,6,1,9,7,5 C2=0,7,2,5,1,8,6,3,9
ICrbdXyyO NOPAIR
ICrbdXy]O PAIR C1=0,4,7,9,3,8,2,6,1,5 C2=0,3,6,8,4,1,9,2,5,7
ICrbdXyxO NOPAIR
ICrbdXytO PAIR C1=0,5,1,9,3,6,8,2,7 C2=0,3,8,1,6,2,5,7,9
ICrbdXyjO NOPAIR
ICrbdXyZO NOPAIR
ICrbdXyVO PAIR C1=0,5,1,6,3,9,4,8,2,7 C2=0,3,8,6,2,5,7,9,1,4
ICrbdXyNO PAIR C1=0,3,9,4,8,6,1,5,2,7 C2=0,4,1,8,3,6,2,9,7,5
ICrbdXywo PAIR C1=0,7,4,8,6,1,5,2,9 C2=0,4,1,8,2,6,9,7,5
ICrbdXyso PAIR C1=0,4,8,2,7,5,1,6,3,9 C2=0,3,8,1,4,7,9,6,2,5
ICrbdXyqo PAIR C1=0,5,2,8,6,1,9,4,7 C2=0,4,8,1,5,7,2,6,9
ICrbdXyio PAIR C1=0,5,2,8,6,1,4,9,7 C2=0,4,8,1,5,7,2,6,9
ICrbdXyYo NOPAIR
ICrbdXypo PAIR C1=0,7,5,2,6,8,4,1,9 C2=0,4,7,2,8,1,6,9,5
ICrbdXydo PAIR C1=0,5,1,4,8,6,3,9,7 C2=0,3,8,1,6,9,5,7,4
ICrbdXyTo PAIR C1=0,5,1,4,8,6,3,9,7 C2=0,3,8,1,6,9,5,7,4
ICrbdXybo PAIR C1=0,7,2,6,8,4,1,5,9 C2=0,4,7,9,6,1,8,2,5
ICrbdXyRo PAIR C1=1,4,8,6,2,7,9,5 C2=1,6,9,4,7,5,2,8
ICrbdXyJo PAIR C1=1,4,8,6,2,7,9,5 C2=1,6,9,4,7,5,2,8
ICrbdXyFo PAIR C1=1,4,8,6,2,7,9,5 C2=1,6,9,4,7,5,2,8
ICrbcx{{_ PAIR C1=0,5,1,6,3,7,4,8,2,9 C2=0,4,1,8,3,9,6,2,5,7
ICrbcx{uO PAIR C1=0,3,8,4,7,9,1,5 C2=0,4,1,8,5,7,3,9
ICrbczqYo PAIR C1=0,3,8,6,1,9,7,4 C2=0,7,3,6,9,4,1,8
ICrbczqTo PAIR C1=0,3,8,6,1,9,7,5 C2=0,7,3,6,9,5,1,8
ICrbcxy}? PAIR C1=0,5,7,3,6,2,8,1,4,9 C2=0,3,9,2,5,1,6,8,4,7
ICrbcxy|? PAIR C1=0,3,6,2,8,1,4,7,5,9 C2=0,4,8,6,1,5,2,9,3,7
ICrbcxyv? NOPAIR
ICrbcxyn? PAIR C1=0,3,6,2,8,1,4,7,5,9 C2=0,4,8,6,1,5,2,9,3,7
ICrbcxyu_ NOPAIR
ICrbcxym_ PAIR C1=0,5,1,6,2,8,4,7,3,9 C2=0,4,1,8,3,6,9,2,5,7
ICrbcxy]_ PAIR C1=0,5,1,9,3,6,2,8,4,7 C2=0,3,7,5,2,9,6,8,1,4
ICrbcxyt_ PAIR C1=0,5,9,3,8,6,1,4,7 C2=0,4,8,1,5,7,3,6,9
ICrbcxyr_ PAIR C1=0,3,7,4,1,8,6,9,5 C2=0,7,5,1,6,3,8,4,9
ICrbcxyj_ PAIR C1=0,3,7,4,1,8,6,9,5 C2=0,7,5,1,6,3,8,4,9
ICrbcxyf_ PAIR C1=0,3,7,4,1,8,6,9,5 C2=0,7,5,1,6,3,8,4,9
ICrbcxyN_ PAIR C1=0,4,7,3,8,2,6,9,5 C2=0,3,6,8,4,9,2,5,7
ICrbcxyuO NOPAIR
ICrbcxymO PAIR C1=0,4,8,1,6,2,9,3,7,5 C2=0,3,6,8,2,5,1,4,9,7
ICrbcxyxO PAIR C1=0,5,7,3,6,1,8,2,9 C2=0,3,8,6,2,5,1,9,7
ICrbcxytO NOPAIR
ICrbcxyfO NOPAIR
ICrbcxywo PAIR C1=0,3,6,1,8,4,7,9 C2=0,4,1,9,6,8,3,7
ICrbcxyqo PAIR C1=0,3,6,1,8,4,7,9 C2=0,4,1,9,6,8,3,7
ICrbcxyio PAIR C1=0,4,8,1,6,2,9,7,5 C2=0,7,4,1,5,2,8,6,9
ICrbcxypo PAIR C1=0,4,8,3,6,1,5,7,9 C2=0,3,7,4,1,8,6,9,5
ICrbcxyho PAIR C1=0,4,8,3,6,1,5,7,9 C2=0,3,7,4,1,8,6,9,5
ICrbcxybo PAIR C1=0,4,8,3,6,1,5,7,9 C2=0,3,7,4,1,8,6,9,5
ICrbcxuwo PAIR C1=0,3,8,2,6,1,5,7,9 C2=0,5,2,9,1,8,6,3,7
ICrbcxuso PAIR C1=0,5,7,3,6,8,1,9 C2=0,3,8,5,1,6,9,7
ICrbcxuqo PAIR C1=0,5,7,3,6,8,1,9 C2=0,3,8,5,1,6,9,7
ICrbcxuio PAIR C1=0,3,6,8,1,5,7,9,4 C2=0,5,8,3,7,4,1,6,9
ICrbcxmwo PAIR C1=0,4,8,2,6,1,5,7,9 C2=0,5,2,9,6,8,1,4,7
ICrbcxmso PAIR C1=0,4,8,6,1,5,7,3,9 C2=0,3,6,9,7,4,1,8,5
ICrbcx]m_ PAIR C1=0,3,6,9,4,8,1,5,7 C2=0,5,8,6,1,4,7,3,9
ICrbcw}m_ PAIR C1=0,3,6,9,4,8,2,5,7 C2=0,4,7,3,9,2,6,8,5
ICrbcw}eo NOPAIR
ICrfbo{}? PAIR C1=0,4,7,2,8,3,9,1,5 C2=0,3,7,1,4,8,5,2,9
ICrfbo{|? PAIR C1=0,4,7,2,8,3,9,1,5 C2=0,3,7,1,4,8,5,2,9
ICrfbo{z? PAIR C1=0,4,7,2,8,3,6,1,5 C2=0,3,7,1,4,8,5,2,6
ICrfbo{{_ PAIR C1=0,4,7,2,8,3,6,1,5 C2=0,3,7,1,4,8,5,2,6
ICrfbo{y_ PAIR C1=0,4,7,2,8,3,6,1,5 C2=0,3,7,1,4,8,5,2,6
ICrfbo{u_ PAIR C1=0,4,7,2,8,3,6,1,5 C2=0,3,7,1,4,8,5,2,6
ICrfbo{m_ PAIR C1=0,4,7,2,8,3,6,1,5 C2=0,3,7,1,4,8,5,2,6
ICrfbo{x_ PAIR C1=0,4,7,2,8,3,6,1,5 C2=0,3,7,1,4,8,5,2,6
ICrfbo{t_ PAIR C1=0,4,7,2,8,3,6,1,5 C2=0,3,7,1,4,8,5,2,6
ICrfbo{tO PAIR C1=0,4,7,2,8,3,6,1,5 C2=0,3,7,1,4,8,5,2,6
ICrRRrqmO NOPAIR
ICrRRrqko PAIR C1=0,8,6,4,1,7,3,9 C2=0,3,8,1,6,9,7,4
ICrRRrqdo PAIR C1=0,8,6,4,1,7,3,9 C2=0,3,8,1,6,9,7,4
ICrRRquz? PAIR C1=0,3,8,6,4,9,2,7,1,5 C2=0,4,7,3,5,9,1,6,2,8
ICrRRquv? NOPAIR
ICrRRqu{_ PAIR C1=0,5,3,9,1,7,4,6,2,8 C2=0,3,7,2,9,6,8,5,1,4
ICrRRquu_ PAIR C1=0,3,5,1,9,4,6,8 C2=0,4,1,6,9,3,8,5
ICrRRqum_ PAIR C1=0,3,5,8,6,2,7,1,4,9 C2=0,5,1,6,4,7,3,9,2,8
ICrRRqur_ NOPAIR
ICrRRqu{O PAIR C1=0,3,5,8,2,6,4,1,7,9 C2=0,4,7,2,9,3,8,6,1,5
ICrRRquyO PAIR C1=0,3,8,2,6,4,9,7,1,5 C2=0,4,1,6,8,5,3,7,2,9
ICrRRquuO NOPAIR
ICrRRqu]O PAIR C1=0,5,3,7,1,6,4,9,2,8 C2=0,3,9,1,5,8,6,2,7,4
ICrRRquxO PAIR C1=0,4,6,1,5,3,8,2,7,9 C2=0,3,7,4,1,9,2,6,8,5
ICrRRqutO NOPAIR
ICrRRqurO NOPAIR
ICrRRquwo PAIR C1=0,5,3,8,2,6,4,7,1,9 C2=0,3,7,2,9,6,8,5,1,4
ICrRRquso PAIR C1=0,4,7,1,6,8,5,3,9 C2=0,5,1,4,6,9,7,3,8
ICrRRqu[o PAIR C1=0,5,3,9,6,1,4,7,2,8 C2=0,3,8,5,1,7,9,2,6,4
ICrRRquqo PAIR C1=0,3,8,5,1,7,4,6,9 C2=0,5,3,7,9,4,1,6,8
ICrRRqueo PAIR C1=0,3,8,5,1,7,4,6,9 C2=0,5,3,7,9,4,1,6,8
ICrRRquUo PAIR C1=0,3,7,4,6,9,1,5,8 C2=0,4,9,7,1,6,8,3,5
ICrRRqupo PAIR C1=0,3,8,6,4,7,1,5,9 C2=0,4,1,6,9,7,3,5,8
ICrRRquho PAIR C1=0,3,8,6,4,7,1,5,9 C2=0,4,1,6,9,7,3,5,8
ICrRRqudo PAIR C1=0,3,8,6,4,7,1,5,9 C2=0,4,1,6,9,7,3,5,8
ICrRRqtv? PAIR C1=0,8,3,5,1,7,4,9 C2=0,4,1,9,3,7,8,5
ICrRRqru_ PAIR C1=0,8,3,7,4,1,6,9 C2=0,3,9,1,7,8,6,4
ICrRRqrx_ PAIR C1=0,3,7,4,1,6,8,2,9,5 C2=0,4,6,2,7,8,3,5,1,9
ICrRRqfz? NOPAIR
ICrRRqf{_ PAIR C1=0,4,7,2,8,6,1,9,3,5 C2=0,3,7,8,5,1,4,6,2,9
ICrRRqfx_ PAIR C1=0,8,2,6,4,7,1,5,9 C2=0,4,1,6,9,2,7,8,5
ICrRRqft_ PAIR C1=0,4,6,1,7,8,5,3,9 C2=0,3,7,4,1,5,9,6,8
ICrRRqfr_ NOPAIR
ICrRRqVx_ PAIR C1=0,5,3,8,7,4,1,6,9 C2=0,3,7,1,9,5,8,6,4
ICrRRfwmO PAIR C1=0,3,7,6,2,9,4,1,8 C2=0,4,6,1,7,2,8,3,9
ICrRRfseo NOPAIR
ICrRRfsho PAIR C1=0,3,5,1,8,2,7,6,9 C2=0,5,9,2,6,1,7,3,8
ICrRRf[mO NOPAIR
ICrRRf[ko PAIR C1=0,5,3,8,4,1,6,7,9 C2=0,4,6,9,3,7,1,5,8
ICrRRe{}? PAIR C1=0,5,3,7,6,1,4,9,2,8 C2=0,4,6,2,7,1,5,8,3,9
ICrRRe{^? PAIR C1=0,3,9,1,5,8,2,7,6,4 C2=0,5,3,7,1,6,2,9,4,8
ICrRRe{{_ PAIR C1=0,3,9,1,4,6,7,2,8 C2=0,4,8,3,7,1,6,2,9
ICrRRe{]_ PAIR C1=0,3,5,1,9,2,7,6,4,8 C2=0,4,9,3,7,1,6,2,8,5
ICrRRe{t_ NOPAIR
ICrRRe{V_ NOPAIR
ICrRRe{N_ PAIR C1=0,3,9,4,1,7,6,2,8,5 C2=0,4,6,1,5,9,2,7,3,8
ICrRRe{{O PAIR C1=0,4,1,7,6,2,9,3,8 C2=0,3,7,2,8,4,6,1,9
ICrRRe{uO NOPAIR
ICrRRe{mO PAIR C1=0,5,3,7,6,1,4,9,2,8 C2=0,4,6,2,7,1,5,8,3,9
ICrRRe{]O PAIR C1=0,3,7,6,1,5,8,2,9,4 C2=0,5,3,9,1,7,2,6,4,8
ICrRRe{xO PAIR C1=0,4,8,2,9,1,6,7,3,5 C2=0,3,8,5,1,4,6,2,7,9
ICrRRe{rO NOPAIR
ICrRRe{jO PAIR C1=0,4,6,7,1,5,8,2,9 C2=0,5,9,7,2,6,1,4,8
ICrRRe{VO NOPAIR
ICrRRe{NO PAIR C1=1,5,3,8,2,9,4,6,7 C2=1,4,8,5,9,3,7,2,6
ICrRRe{wo PAIR C1=0,3,5,8,2,6,9,7,1,4 C2=0,5,1,6,4,8,3,7,2,9
ICrRRe{so PAIR C1=0,4,6,9,7,1,5,3,8 C2=0,5,8,4,1,6,7,3,9
ICrRRe{[o PAIR C1=0,4,1,5,3,7,9,6,2,8 C2=0,3,9,2,7,1,6,4,8,5
ICrRRe{eo PAIR C1=0,4,1,6,9,7,3,8,5 C2=0,8,4,6,7,1,5,3,9
ICrRRe{Uo PAIR C1=0,3,8,5,1,7,9,6,4 C2=0,5,3,7,6,1,9,4,8
ICrRRe{Mo PAIR C1=0,5,3,9,6,4,1,7,2,8 C2=0,3,7,9,2,6,1,5,8,4
ICrRRe{po PAIR C1=0,3,8,4,6,7,1,5,9 C2=0,4,1,6,9,7,3,5,8
ICrRRe{ho PAIR C1=0,3,8,4,6,7,1,5,9 C2=0,4,1,6,9,7,3,5,8
ICrRRe{do PAIR C1=0,3,8,4,6,7,1,5,9 C2=0,4,1,6,9,7,3,5,8
ICrRRe{To PAIR C1=0,3,7,6,9,5,1,4,8 C2=0,4,6,1,7,9,3,8,5
ICrRRe{bo PAIR C1=0,3,5,9,6,7,1,4,8 C2=0,4,6,1,5,8,3,7,9
ICrRRe{Ro PAIR C1=0,3,5,9,6,7,1,4,8 C2=0,4,6,1,9,7,3,8,5
ICrRRe{Jo PAIR C1=0,3,7,2,8,4,1,6,9,5 C2=0,4,6,2,9,7,1,5,3,8
ICrRRe{Fo PAIR C1=0,3,7,6,9,5,1,4,8 C2=0,4,6,1,7,9,3,8,5
ICrRReyfO PAIR C1=0,8,4,1,6,7,3,5,9 C2=0,4,6,8,3,9,7,1,5
ICrRRext_ PAIR C1=0,8,3,7,6,4,1,5,9 C2=0,4,8,7,1,6,9,3,5
ICrRRexf_ PAIR C1=0,8,3,7,6,4,1,5,9 C2=0,4,8,7,1,6,9,3,5
ICrRRet{_ PAIR C1=0,5,3,8,2,6,7,1,9 C2=0,3,7,2,9,6,1,5,8
ICrRRetu_ PAIR C1=0,5,1,4,6,7,8,3,9 C2=0,4,9,6,1,7,3,5,8
ICrRRetV_ PAIR C1=0,3,5,9,1,4,6,7,8 C2=0,4,9,6,1,7,3,8,5
ICrRRelz? PAIR C1=0,5,1,6,4,9,2,7,8 C2=0,4,1,7,6,2,8,5,9
ICrRRelx_ NOPAIR
ICrRRelr_ NOPAIR
ICrRRelj_ PAIR C1=0,4,1,5,9,2,6,7,8 C2=0,5,8,2,7,1,6,4,9
ICrRRelf_ PAIR C1=0,5,8,4,6,1,7,3,9 C2=0,3,5,1,4,9,6,7,8
ICrRRelN_ PAIR C1=0,4,6,1,7,3,9,2,8,5 C2=0,3,5,1,4,9,6,2,7,8
ICrRRe\z? NOPAIR
ICrRRe\{_ PAIR C1=0,3,7,8,4,1,6,9 C2=0,4,6,7,1,9,3,8
ICrRRe\j_ PAIR C1=0,4,9,6,1,7,3,5,8 C2=0,3,8,7,6,4,1,5,9
ICrRRc|t_ PAIR C1=0,3,7,1,6,9,5,8,4 C2=0,5,1,4,6,7,8,3,9
ICrRRc|V_ PAIR C1=1,6,9,4,8,5,3,7 C2=1,4,6,7,8,3,9,5
ICpvbqk}? PAIR C1=0,3,7,4,8,2,5,1,9 C2=0,4,1,7,2,9,3,5,8
ICpvbqk|? PAIR C1=0,3,7,4,8,2,5,1,9 C2=0,4,1,7,2,9,3,5,8
ICpvbqkz? PAIR C1=0,6,3,5,1,7,4,9,2,8 C2=0,3,7,2,6,1,4,8,5,9
ICpvbqkv? PAIR C1=0,6,3,5,1,9,4,7,2,8 C2=0,4,8,5,2,6,1,7,3,9
ICpvbqk{_ PAIR C1=0,6,3,5,1,4,7,2,8 C2=0,3,7,1,6,2,5,8,4
ICpvbqky_ PAIR C1=0,6,3,5,1,4,7,2,8 C2=0,3,7,1,6,2,5,8,4
ICpvbqku_ PAIR C1=0,6,3,5,1,4,7,2,8 C2=0,3,7,1,6,2,5,8,4
ICpvbqkm_ PAIR C1=0,6,3,5,1,4,7,2,8 C2=0,3,7,1,6,2,5,8,4
ICpvbqkx_ PAIR C1=0,6,3,5,1,4,7,2,8 C2=0,3,7,1,6,2,5,8,4
ICpvbqkt_ PAIR C1=0,6,3,5,1,4,7,2,8 C2=0,3,7,1,6,2,5,8,4
ICpvbqkl_ PAIR C1=0,6,3,5,1,4,7,2,8 C2=0,3,7,1,6,2,5,8,4
ICpvbqk\_ PAIR C1=0,6,3,5,1,4,7,2,8 C2=0,3,7,1,6,2,5,8,4
ICpvbqkN_ PAIR C1=0,6,3,5,1,4,7,2,8 C2=0,3,7,1,6,2,5,8,4
ICpvbqkyG PAIR C1=0,6,3,5,1,4,7,2,8 C2=0,3,7,1,6,2,5,8,4
ICpvbqkrG PAIR C1=0,6,3,5,1,4,7,2,8 C2=0,3,7,1,6,2,5,8,4
ICpvbqkjG PAIR C1=0,6,3,5,1,4,7,2,8 C2=0,3,7,1,6,2,5,8,4
ICpvV_{}? PAIR C1=0,3,5,1,9,2,8,4,6 C2=0,4,1,6,2,5,8,3,9
ICpvV_{|? PAIR C1=0,3,5,1,9,2,8,4,6 C2=0,4,1,6,2,5,8,3,9
ICpvV_{z? PAIR C1=0,6,2,8,4,1,5,3,7 C2=0,3,8,5,2,7,1,6,4
ICpvV_{v? PAIR C1=0,6,2,8,4,1,5,3,7 C2=0,3,8,5,2,7,1,6,4
ICpvV_{n? PAIR C1=0,6,2,8,4,1,5,3,7 C2=0,3,8,5,2,7,1,6,4
ICpvV_{^? PAIR C1=0,6,2,8,4,1,5,3,7 C2=0,3,8,5,2,7,1,6,4
ICpvV_{y_ PAIR C1=0,6,2,8,4,1,5,3,7 C2=0,3,8,5,2,7,1,6,4
ICpvV_{u_ PAIR C1=0,6,2,8,4,1,5,3,7 C2=0,3,8,5,2,7,1,6,4
ICpvV_{m_ PAIR C1=0,6,2,8,4,1,5,3,7 C2=0,3,8,5,2,7,1,6,4
ICpvV_{]_ PAIR C1=0,6,2,8,4,1,5,3,7 C2=0,3,8,5,2,7,1,6,4
ICpvV_{x_ PAIR C1=0,6,2,8,4,1,5,3,7 C2=0,3,8,5,2,7,1,6,4
ICpvV_{t_ PAIR C1=0,6,2,8,4,1,5,3,7 C2=0,3,8,5,2,7,1,6,4
ICpvV_{r_ PAIR C1=0,6,2,8,4,1,5,3,7 C2=0,3,8,5,2,7,1,6,4
ICpvV_{j_ PAIR C1=0,6,2,8,4,1,5,3,7 C2=0,3,8,5,2,7,1,6,4
ICpvV_{Z_ PAIR C1=0,6,2,8,4,1,5,3,7 C2=0,3,8,5,2,7,1,6,4
ICpvV_{f_ PAIR C1=0,6,2,8,4,1,5,3,7 C2=0,3,8,5,2,7,1,6,4
ICpvV_{V_ PAIR C1=0,6,2,8,4,1,5,3,7 C2=0,3,8,5,2,7,1,6,4
ICpvV_{N_ PAIR C1=0,6,2,8,4,1,5,3,7 C2=0,3,8,5,2,7,1,6,4
ICpvV_{{O PAIR C1=0,6,2,8,4,1,5,3,7 C2=0,3,8,5,2,7,1,6,4
ICpvV_{yO PAIR C1=0,6,2,8,4,1,5,3,7 C2=0,3,8,5,2,7,1,6,4
ICpvV_{uO PAIR C1=0,6,2,8,4,1,5,3,7 C2=0,3,8,5,2,7,1,6,4
ICpvV_{mO PAIR C1=0,6,2,8,4,1,5,3,7 C2=0,3,8,5,2,7,1,6,4
ICpvV_{]O PAIR C1=0,6,2,8,4,1,5,3,7 C2=0,3,8,5,2,7,1,6,4
ICpvV_{xO PAIR C1=0,6,2,8,4,1,5,3,7 C2=0,3,8,5,2,7,1,6,4
ICpvV_{tO PAIR C1=0,6,2,8,4,1,5,3,7 C2=0,3,8,5,2,7,1,6,4
ICpvV_{lO PAIR C1=0,6,2,8,4,1,5,3,7 C2=0,3,8,5,2,7,1,6,4
ICpvV_{\O PAIR C1=0,6,2,8,4,1,5,3,7 C2=0,3,8,5,2,7,1,6,4
ICpvV_{rO PAIR C1=0,6,2,8,4,1,5,3,7 C2=0,3,8,5,2,7,1,6,4
ICpvV_{jO PAIR C1=0,6,2,8,4,1,5,3,7 C2=0,3,8,5,2,7,1,6,4
ICpvV_{ZO PAIR C1=0,6,2,8,4,1,5,3,7 C2=0,3,8,5,2,7,1,6,4
ICpvV_{fO PAIR C1=0,6,2,8,4,1,5,3,7 C2=0,3,8,5,2,7,1,6,4
ICpvV_{VO PAIR C1=0,6,2,8,4,1,5,3,7 C2=0,3,8,5,2,7,1,6,4
ICpvV_{NO PAIR C1=0,6,2,8,4,1,5,3,7 C2=0,3,8,5,2,7,1,6,4
ICpvV_{qo PAIR C1=0,6,2,8,4,1,5,3,7 C2=0,3,8,5,2,7,1,6,4
ICpvV_{io PAIR C1=0,6,2,8,4,1,5,3,7 C2=0,3,8,5,2,7,1,6,4
ICpvV_{Yo PAIR C1=0,6,2,8,4,1,5,3,7 C2=0,3,8,5,2,7,1,6,4
ICpvV_{eo PAIR C1=0,6,2,8,4,1,5,3,7 C2=0,3,8,5,2,7,1,6,4
ICpvV_{Uo PAIR C1=0,6,2,8,4,1,5,3,7 C2=0,3,8,5,2,7,1,6,4
ICpvV_{Mo PAIR C1=0,6,2,8,4,1,5,3,7 C2=0,3,8,5,2,7,1,6,4
ICpvV_{po PAIR C1=0,6,2,8,4,1,5,3,7 C2=0,3,8,5,2,7,1,6,4
ICpvV_{ho PAIR C1=0,6,2,8,4,1,5,3,7 C2=0,3,8,5,2,7,1,6,4
ICpvV_{Xo PAIR C1=0,6,2,8,4,1,5,3,7 C2=0,3,8,5,2,7,1,6,4
ICpvV_{do PAIR C1=0,6,2,8,4,1,5,3,7 C2=0,3,8,5,2,7,1,6,4
ICpvV_{bo PAIR C1=0,6,2,8,4,1,5,3,7 C2=0,3,8,5,2,7,1,6,4
ICpvV_{Ro PAIR C1=0,6,2,8,4,1,5,3,7 C2=0,3,8,5,2,7,1,6,4
ICpvV_{Jo PAIR C1=0,6,2,8,4,1,5,3,7 C2=0,3,8,5,2,7,1,6,4
ICpvV_{Fo PAIR C1=0,6,2,8,4,1,5,3,7 C2=0,3,8,5,2,7,1,6,4
ICpvV_{yG PAIR C1=0,6,2,8,4,1,5,3,7 C2=0,3,8,5,2,7,1,6,4
ICpvV_{uG PAIR C1=0,6,2,8,4,1,5,3,7 C2=0,3,8,5,2,7,1,6,4
ICpvV_{rG PAIR C1=0,6,2,8,4,1,5,3,7 C2=0,3,8,5,2,7,1,6,4
ICpvV_{jG PAIR C1=0,6,2,8,4,1,5,3,7 C2=0,3,8,5,2,7,1,6,4
ICpvV_{ZG PAIR C1=0,6,2,8,4,1,5,3,7 C2=0,3,8,5,2,7,1,6,4
ICpvV_{fG PAIR C1=0,6,2,8,4,1,5,3,7 C2=0,3,8,5,2,7,1,6,4
ICpvV_{VG PAIR C1=0,6,2,8,4,1,5,3,7 C2=0,3,8,5,2,7,1,6,4
ICpvV_{NG PAIR C1=0,6,2,8,4,1,5,3,7 C2=0,3,8,5,2,7,1,6,4
ICpvV_{bg PAIR C1=0,6,2,8,4,1,5,3,7 C2=0,3,8,5,2,7,1,6,4
ICpvV_{Rg PAIR C1=0,6,2,8,4,1,5,3,7 C2=0,3,8,5,2,7,1,6,4
ICpvV_{qW PAIR C1=0,6,2,8,4,1,5,3,7 C2=0,3,8,5,2,7,1,6,4
ICpvV_{iW PAIR C1=0,6,2,8,4,1,5,3,7 C2=0,3,8,5,2,7,1,6,4
ICpvV_{YW PAIR C1=0,6,2,8,4,1,5,3,7 C2=0,3,8,5,2,7,1,6,4
ICpvV_{eW PAIR C1=0,6,2,8,4,1,5,3,7 C2=0,3,8,5,2,7,1,6,4
ICpvV_{bW PAIR C1=0,6,2,8,4,1,5,3,7 C2=0,3,8,5,2,7,1,6,4
ICpvV_{RW PAIR C1=0,6,2,8,4,1,5,3,7 C2=0,3,8,5,2,7,1,6,4
ICpvV_{JW PAIR C1=0,6,2,8,4,1,5,3,7 C2=0,3,8,5,2,7,1,6,4
ICpvV_{FW PAIR C1=0,6,2,8,4,1,5,3,7 C2=0,3,8,5,2,7,1,6,4
ICpvV_{Bw PAIR C1=0,6,2,8,4,1,5,3,7 C2=0,3,8,5,2,7,1,6,4
ICpvRqs}? PAIR C1=0,3,7,4,1,5,8,2,6 C2=0,4,6,1,7,2,5,3,8
ICpvRqs|? PAIR C1=0,3,7,4,1,5,8,2,6 C2=0,4,6,1,7,2,5,3,8
ICpvRqsz? PAIR C1=0,3,7,4,1,5,8,2,6 C2=0,4,6,1,7,2,5,3,8
ICpvRqsv? PAIR C1=0,3,7,4,1,5,8,2,6 C2=0,4,6,1,7,2,5,3,8
ICpvRqsn? PAIR C1=0,3,7,4,1,5,8,2,6 C2=0,4,6,1,7,2,5,3,8
ICpvRqs^? PAIR C1=0,3,7,4,1,5,8,2,6 C2=0,4,6,1,7,2,5,3,8
ICpvRqs{_ PAIR C1=0,3,7,4,1,5,8,2,6 C2=0,4,6,1,7,2,5,3,8
ICpvRqsy_ PAIR C1=0,3,7,4,1,5,8,2,6 C2=0,4,6,1,7,2,5,3,8
ICpvRqsu_ PAIR C1=0,3,7,4,1,5,8,2,6 C2=0,4,6,1,7,2,5,3,8
ICpvRqsm_ PAIR C1=0,3,7,4,1,5,8,2,6 C2=0,4,6,1,7,2,5,3,8
ICpvRqs]_ PAIR C1=0,3,7,4,1,5,8,2,6 C2=0,4,6,1,7,2,5,3,8
ICpvRqsx_ PAIR C1=0,3,7,4,1,5,8,2,6 C2=0,4,6,1,7,2,5,3,8
ICpvRqst_ PAIR C1=0,3,7,4,1,5,8,2,6 C2=0,4,6,1,7,2,5,3,8
ICpvRqsl_ PAIR C1=0,3,7,4,1,5,8,2,6 C2=0,4,6,1,7,2,5,3,8
ICpvRqs\_ PAIR C1=0,3,7,4,1,5,8,2,6 C2=0,4,6,1,7,2,5,3,8
ICpvRqsr_ PAIR C1=0,3,7,4,1,5,8,2,6 C2=0,4,6,1,7,2,5,3,8
ICpvRqsj_ PAIR C1=0,3,7,4,1,5,8,2,6 C2=0,4,6,1,7,2,5,3,8
ICpvRqsZ_ PAIR C1=0,3,7,4,1,5,8,2,6 C2=0,4,6,1,7,2,5,3,8
ICpvRqsf_ PAIR C1=0,3,7,4,1,5,8,2,6 C2=0,4,6,1,7,2,5,3,8
ICpvRqsV_ PAIR C1=0,3,7,4,1,5,8,2,6 C2=0,4,6,1,7,2,5,3,8
ICpvRqsN_ PAIR C1=0,3,7,4,1,5,8,2,6 C2=0,4,6,1,7,2,5,3,8
ICpvRqs{O PAIR C1=0,3,7,4,1,5,8,2,6 C2=0,4,6,1,7,2,5,3,8
ICpvRqsyO PAIR C1=0,3,7,4,1,5,8,2,6 C2=0,4,6,1,7,2,5,3,8
ICpvRqsuO PAIR C1=0,3,7,4,1,5,8,2,6 C2=0,4,6,1,7,2,5,3,8
ICpvRqsmO PAIR C1=0,3,7,4,1,5,8,2,6 C2=0,4,6,1,7,2,5,3,8
ICpvRqs]O PAIR C1=0,3,7,4,1,5,8,2,6 C2=0,4,6,1,7,2,5,3,8
ICpvRqsxO PAIR C1=0,3,7,4,1,5,8,2,6 C2=0,4,6,1,7,2,5,3,8
ICpvRqslO PAIR C1=0,3,7,4,1,5,8,2,6 C2=0,4,6,1,7,2,5,3,8
ICpvRqs\O PAIR C1=0,3,7,4,1,5,8,2,6 C2=0,4,6,1,7,2,5,3,8
ICpvRqsrO PAIR C1=0,3,7,4,1,5,8,2,6 C2=0,4,6,1,7,2,5,3,8
ICpvRqsjO PAIR C1=0,3,7,4,1,5,8,2,6 C2=0,4,6,1,7,2,5,3,8
ICpvRqsZO PAIR C1=0,3,7,4,1,5,8,2,6 C2=0,4,6,1,7,2,5,3,8
ICpvRqsfO PAIR C1=0,3,7,4,1,5,8,2,6 C2=0,4,6,1,7,2,5,3,8
ICpvRqsVO PAIR C1=0,3,7,4,1,5,8,2,6 C2=0,4,6,1,7,2,5,3,8
ICpvRqsNO PAIR C1=0,3,7,4,1,5,8,2,6 C2=0,4,6,1,7,2,5,3,8
ICpvRqsko PAIR C1=0,3,7,4,1,5,8,2,6 C2=0,4,6,1,7,2,5,3,8
ICpvRqs[o PAIR C1=0,3,7,4,1,5,8,2,6 C2=0,4,6,1,7,2,5,3,8
ICpvRqsqo PAIR C1=0,3,7,4,1,5,8,2,6 C2=0,4,6,1,7,2,5,3,8
ICpvRqsio PAIR C1=0,3,7,4,1,5,8,2,6 C2=0,4,6,1,7,2,5,3,8
ICpvRqsYo PAIR C1=0,3,7,4,1,5,8,2,6 C2=0,4,6,1,7,2,5,3,8
ICpvRqseo PAIR C1=0,3,7,4,1,5,8,2,6 C2=0,4,6,1,7,2,5,3,8
ICpvRqsUo PAIR C1=0,3,7,4,1,5,8,2,6 C2=0,4,6,1,7,2,5,3,8
ICpvRqsMo PAIR C1=0,3,7,4,1,5,8,2,6 C2=0,4,6,1,7,2,5,3,8
ICpvRqsbo PAIR C1=0,3,7,4,1,5,8,2,6 C2=0,4,6,1,7,2,5,3,8
ICpvRqsRo PAIR C1=0,3,7,4,1,5,8,2,6 C2=0,4,6,1,7,2,5,3,8
ICpvRqsJo PAIR C1=0,3,7,4,1,5,8,2,6 C2=0,4,6,1,7,2,5,3,8
ICpvRqsFo PAIR C1=0,3,7,4,1,5,8,2,6 C2=0,4,6,1,7,2,5,3,8
ICpvRqsyG PAIR C1=0,3,7,4,1,5,8,2,6 C2=0,4,6,1,7,2,5,3,8
ICpvRqsuG PAIR C1=0,3,7,4,1,5,8,2,6 C2=0,4,6,1,7,2,5,3,8
ICpvRqsmG PAIR C1=0,3,7,4,1,5,8,2,6 C2=0,4,6,1,7,2,5,3,8
ICpvRqs]G PAIR C1=0,3,7,4,1,5,8,2,6 C2=0,4,6,1,7,2,5,3,8
ICpvRqsrG PAIR C1=0,3,7,4,1,5,8,2,6 C2=0,4,6,1,7,2,5,3,8
ICpvRqsjG PAIR C1=0,3,7,4,1,5,8,2,6 C2=0,4,6,1,7,2,5,3,8
ICpvRqsZG PAIR C1=0,3,7,4,1,5,8,2,6 C2=0,4,6,1,7,2,5,3,8
ICpvRqsfG PAIR C1=0,3,7,4,1,5,8,2,6 C2=0,4,6,1,7,2,5,3,8
ICpvRqsVG PAIR C1=0,3,7,4,1,5,8,2,6 C2=0,4,6,1,7,2,5,3,8
ICpvRqsNG PAIR C1=0,3,7,4,1,5,8,2,6 C2=0,4,6,1,7,2,5,3,8
ICpvRqsig PAIR C1=0,3,7,4,1,5,8,2,6 C2=0,4,6,1,7,2,5,3,8
ICpvRqsYg PAIR C1=0,3,7,4,1,5,8,2,6 C2=0,4,6,1,7,2,5,3,8
ICpvRqseg PAIR C1=0,3,7,4,1,5,8,2,6 C2=0,4,6,1,7,2,5,3,8
ICpvRqsUg PAIR C1=0,3,7,4,1,5,8,2,6 C2=0,4,6,1,7,2,5,3,8
ICpvRqsMg PAIR C1=0,3,7,4,1,5,8,2,6 C2=0,4,6,1,7,2,5,3,8
ICpvRqsJg PAIR C1=0,3,7,4,1,5,8,2,6 C2=0,4,6,1,7,2,5,3,8
ICpvRqsiW PAIR C1=0,3,7,4,1,5,8,2,6 C2=0,4,6,1,7,2,5,3,8
ICpvRqsYW PAIR C1=0,3,7,4,1,5,8,2,6 C2=0,4,6,1,7,2,5,3,8
ICpvRqsMW PAIR C1=0,3,7,4,1,5,8,2,6 C2=0,4,6,1,7,2,5,3,8
ICrJdrq]_ PAIR C1=0,3,6,8,2,9,1,4,7 C2=0,4,9,3,7,2,6,1,8
ICrJdrqUo PAIR C1=0,3,8,6,1,9,7,4 C2=0,7,3,6,9,4,1,8
ICrJdrqRo PAIR C1=0,3,8,6,1,9,7,4 C2=0,7,3,6,9,4,1,8
ICrJdreYo PAIR C1=0,5,4,7,2,9,1,6,8 C2=0,4,1,5,8,2,6,9,7
ICrJdrU]_ PAIR C1=0,5,4,1,9,3,6,8 C2=0,3,8,5,1,6,9,4
ICrJdrUN_ PAIR C1=0,3,9,5,4,1,6,8 C2=0,4,9,6,3,8,1,5
ICrJdpu}? PAIR C1=0,3,7,2,9,1,6,8,5,4 C2=0,5,1,8,2,6,3,9,4,7
ICrJdpu|? PAIR C1=0,3,9,1,6,8,2,7,4,5 C2=0,4,1,8,5,9,2,6,3,7
ICrJdpuv? NOPAIR
ICrJdpun? PAIR C1=0,3,8,6,1,5,4,7,2,9 C2=0,5,9,4,1,8,2,6,3,7
ICrJdpu^? PAIR C1=0,3,8,6,1,9,2,7,4,5 C2=0,4,9,5,1,8,2,6,3,7
ICrJdpuy_ PAIR C1=0,3,8,6,1,9,2,7,4,5 C2=0,7,3,6,2,8,5,1,4,9
ICrJdpuu_ PAIR C1=0,3,8,1,6,9,4,5 C2=0,4,1,5,8,6,3,9
ICrJdpum_ PAIR C1=0,3,8,1,6,9,4,5 C2=0,4,1,5,8,6,3,9
ICrJdpu]_ PAIR C1=0,5,1,8,2,6,3,9,4,7 C2=0,3,7,2,9,1,6,8,5,4
ICrJdput_ NOPAIR
ICrJdpuj_ PAIR C1=0,5,1,6,3,8,2,9,4,7 C2=0,3,7,2,6,9,5,8,1,4
ICrJdpuf_ PAIR C1=0,3,8,1,6,9,4,5 C2=0,4,1,5,8,6,3,9
ICrJdpuN_ PAIR C1=0,3,8,1,5,9,6,2,7,4 C2=0,5,8,2,9,4,1,6,3,7
ICrJdpu{O PAIR C1=0,3,8,6,1,9,2,7,4,5 C2=0,4,1,5,8,2,6,3,9,7
ICrJdpuyO PAIR C1=0,3,7,2,8,6,1,9,4,5 C2=0,4,1,5,8,3,6,2,9,7
ICrJdpuuO NOPAIR
ICrJdpu]O PAIR C1=0,3,7,2,8,6,1,9,4,5 C2=0,4,1,5,8,3,6,2,9,7
ICrJdpuxO PAIR C1=0,7,4,5,1,6,3,8,2,9 C2=0,3,7,2,6,8,5,9,1,4
ICrJdputO NOPAIR
ICrJdpu\O PAIR C1=0,3,6,2,8,1,4,7,9,5 C2=0,4,5,1,6,8,3,9,2,7
ICrJdpufO NOPAIR
ICrJdpuVO NOPAIR
ICrJdpuNO PAIR C1=0,3,7,4,1,8,6,2,9,5 C2=0,4,9,3,6,1,5,8,2,7
ICrJdpuwo PAIR C1=0,4,7,3,8,5,1,6,2,9 C2=0,3,6,9,7,2,8,1,4,5
ICrJdpuso PAIR C1=0,7,4,5,1,8,6,3,9 C2=0,4,1,6,9,7,3,8,5
ICrJdpuqo PAIR C1=0,3,6,1,8,5,4,9,7 C2=0,5,1,4,7,3,8,6,9
ICrJdpuio PAIR C1=0,3,6,1,8,5,4,9,7 C2=0,5,1,4,7,3,8,6,9
ICrJdpuUo PAIR C1=0,3,6,1,8,5,4,9,7 C2=0,4,7,3,8,6,9,1,5
ICrJdpupo PAIR C1=0,4,5,8,3,6,1,9,7 C2=0,3,7,4,1,8,6,9,5
ICrJdpuho PAIR C1=0,3,7,9,6,8,1,5,4 C2=0,7,4,1,6,3,8,5,9
ICrJdpuTo PAIR C1=0,3,7,9,1,6,8,5,4 C2=0,5,9,6,3,8,1,4,7
ICrJdpubo PAIR C1=0,4,5,1,8,6,3,7,9 C2=0,3,8,5,9,6,1,4,7
ICrJdpuRo PAIR C1=0,3,8,1,6,9,7,4,5 C2=0,4,1,9,5,8,6,3,7
ICrJdpuJo PAIR C1=0,3,7,9,4,1,6,2,8,5 C2=0,4,5,1,8,3,6,9,2,7
ICrJdpuFo PAIR C1=0,4,9,7,3,6,8,1,5 C2=0,3,8,5,9,6,1,4,7
ICrJdp]{_ PAIR C1=0,3,9,6,8,4,1,5 C2=0,4,5,8,3,6,1,9
ICrJdp]{O PAIR C1=0,3,9,7,4,8,1,5 C2=0,7,3,8,5,4,1,9
ICrJdp]\O PAIR C1=0,3,9,7,4,8,1,5 C2=0,4,1,9,5,8,3,7
ICrJdpru_ PAIR C1=0,3,6,1,8,7,4,9 C2=0,4,1,9,6,8,3,7
ICrJdprV_ PAIR C1=0,3,6,1,8,7,4,9,5 C2=0,4,5,1,9,6,8,3,7
ICrJdpfy_ PAIR C1=0,4,7,2,8,5,1,6,9 C2=0,5,4,1,9,2,6,8,7
ICrJdpfu_ PAIR C1=0,3,9,6,1,5,8,7,4 C2=0,5,4,9,1,8,6,3,7
ICrJdpfx_ PAIR C1=0,4,7,8,2,9,6,1,5 C2=0,7,2,6,8,5,4,1,9
ICrJdpft_ PAIR C1=0,3,6,1,9,5,8,7,4 C2=0,5,4,1,8,6,9,3,7
ICrJdpV}? PAIR C1=0,3,8,7,4,5,1,9 C2=0,5,8,1,4,9,3,7
ICrJdpVx_ PAIR C1=0,3,8,6,1,9,5,4,7 C2=0,4,1,5,8,7,3,6,9
ICrJdov^? PAIR C1=0,3,8,5,9,1,6,2,7,4 C2=0,5,1,4,9,2,8,6,3,7
ICrJdovV_ PAIR C1=0,3,6,8,7,4,1,9,5 C2=0,4,9,6,1,5,8,3,7
ICrJdovN_ PAIR C1=0,3,7,2,8,6,9,5,4 C2=0,5,8,3,6,2,9,4,7
ICrJayy\_ PAIR C1=0,3,6,8,4,1,9,5 C2=0,4,5,1,6,9,3,8
ICrJayywo PAIR C1=0,3,6,8,4,7,1,9 C2=0,4,1,6,9,7,3,8
ICrJayry_ PAIR C1=0,3,7,8,6,1,4,9 C2=0,4,7,1,9,6,3,8
ICqjerq]_ NOPAIR
ICqjerqJo PAIR C1=0,7,3,6,9,2,5,4,1,8 C2=0,3,8,2,6,1,7,4,9,5
ICqjere\O PAIR C1=0,4,1,7,3,9,5,2,6,8 C2=0,3,6,1,9,2,8,5,4,7
ICqjereTo PAIR C1=0,3,9,7,1,6,8,5,4 C2=0,5,9,6,3,7,4,1,8
ICqjerU^? PAIR C1=0,3,9,5,8,1,4,7 C2=0,5,4,9,1,7,3,8
ICqjerU]_ NOPAIR
ICqjepu}? PAIR C1=0,5,2,9,3,6,8,1,4,7 C2=0,3,7,1,6,2,8,5,4,9
ICqjepu|? PAIR C1=0,4,1,7,3,9,2,6,8,5 C2=0,7,4,5,2,8,3,6,1,9
ICqjepuz? PAIR C1=0,3,8,5,9,2,6,1,7,4 C2=0,7,3,6,8,2,5,4,1,9
ICqjepuv? NOPAIR
ICqjepuy_ PAIR C1=0,5,2,6,3,8,1,9,4,7 C2=0,3,7,1,6,9,2,8,5,4
ICqjepuu_ NOPAIR
ICqjepux_ PAIR C1=0,4,1,7,3,6,2,8,5,9 C2=0,3,8,6,1,9,2,5,4,7
ICqjeput_ PAIR C1=0,4,1,6,8,5,9,3,7 C2=0,5,4,7,1,8,3,6,9
ICqjepur_ PAIR C1=0,3,8,6,1,7,4,9,5 C2=0,4,5,8,1,9,6,3,7
ICqjepuj_ PAIR C1=0,3,6,1,8,5,9,4,7 C2=0,5,4,1,7,3,8,6,9
ICqjepu{O PAIR C1=0,5,2,8,3,6,1,4,7,9 C2=0,3,7,1,9,2,6,8,5,4
ICqjepuuO NOPAIR
ICqjepuxO PAIR C1=0,3,8,6,1,7,9,2,5,4 C2=0,5,8,2,6,3,7,4,1,9
ICqjeputO NOPAIR
ICqjepu\O PAIR C1=0,3,8,6,1,4,7,9,2,5 C2=0,4,5,9,3,6,2,8,1,7
ICqjepurO NOPAIR
ICqjepuwo PAIR C1=0,5,4,1,6,8,2,9,7 C2=0,4,7,1,8,5,2,6,9
ICqjepuso NOPAIR
ICqjepuio PAIR C1=0,4,9,7,3,8,6,2,5 C2=0,3,6,9,2,8,5,4,7
ICqjepupo PAIR C1=0,3,8,6,1,4,7,9,5 C2=0,4,5,8,1,7,3,6,9
ICqjepuho PAIR C1=0,3,8,6,1,4,7,9,5 C2=0,4,5,8,1,7,3,6,9
ICqjepuTo PAIR C1=0,3,8,6,1,4,7,9,5 C2=0,4,5,8,1,9,6,3,7
ICqjepubo PAIR C1=0,3,8,6,1,4,7,9,5 C2=0,4,5,8,1,7,3,6,9
ICqjbfw}? PAIR C1=0,4,9,2,6,1,7,3,8 C2=0,3,6,7,2,8,4,1,9
ICqjbfw|? PAIR C1=0,4,5,9,2,6,3,7,1,8 C2=0,5,2,7,6,1,4,8,3,9
ICqjbfwv? PAIR C1=0,4,5,9,1,7,3,6,2,8 C2=0,5,2,7,6,1,4,8,3,9
ICqjbfw{_ NOPAIR
ICqjbfwy_ PAIR C1=0,3,8,2,6,7,1,9,4 C2=0,8,4,1,6,3,7,2,9
ICqjbfwu_ NOPAIR
ICqjbfwx_ PAIR C1=0,5,4,1,7,2,8,3,6,9 C2=0,3,7,6,2,5,9,1,8,4
ICqjbfwt_ PAIR C1=0,5,4,1,7,2,8,3,6,9 C2=0,3,7,6,2,5,9,1,8,4
ICqjbfw\_ PAIR C1=0,4,1,7,2,8,3,6,9,5 C2=0,3,7,6,1,9,2,5,4,8
ICqjbfwj_ PAIR C1=0,4,1,7,2,8,3,6,9,5 C2=0,3,7,6,1,8,4,5,2,9
ICqjbfwwo NOPAIR
ICqjbfwso NOPAIR
ICqjbfwko NOPAIR
ICqjbfw[o NOPAIR
ICqjbfwqo PAIR C1=0,3,8,1,7,6,9,4 C2=0,8,4,1,6,3,7,9
ICqjbfwio PAIR C1=0,3,8,1,7,6,9,4 C2=0,8,4,1,6,3,7,9
ICqjbfwho PAIR C1=0,3,8,2,9,6,7,1,4,5 C2=0,4,8,1,6,3,7,2,5,9
ICqjbfwXo PAIR C1=0,3,7,6,9,1,4,5,2,8 C2=0,4,8,3,6,1,7,2,9,5
ICqjbfwbo PAIR C1=0,4,1,7,3,8,2,6,9,5 C2=0,3,6,1,8,4,5,2,7,9
ICqjbfk}? PAIR C1=0,4,1,6,7,3,9,2,8 C2=0,3,6,2,7,1,8,4,9
ICqjbfkz? NOPAIR
ICqjbfk{_ PAIR C1=0,5,4,8,2,6,3,7,1,9 C2=0,3,9,6,7,2,5,8,1,4
ICqjbfky_ NOPAIR
ICqjbfkm_ PAIR C1=0,8,2,6,3,7,1,4,9 C2=0,3,9,2,7,6,1,8,4
ICqjbfk]_ PAIR C1=0,4,9,1,7,3,6,2,8,5 C2=0,3,9,6,7,2,5,4,1,8
ICqjbfkr_ NOPAIR
ICqjbfkZ_ NOPAIR
ICqjbfkf_ PAIR C1=0,3,7,1,6,2,5,8,4,9 C2=0,4,1,8,2,7,6,3,9,5
ICqjbfkV_ PAIR C1=0,4,9,1,7,3,6,2,5,8 C2=0,3,9,6,7,2,8,1,4,5
ICqjbfkwo PAIR C1=0,5,8,4,1,7,2,6,9 C2=0,4,5,2,9,7,6,1,8
ICqjbfkio PAIR C1=0,5,8,4,1,7,2,6,9 C2=0,4,5,2,9,7,6,1,8
ICqjbfkYo NOPAIR
ICqjbfkeo PAIR C1=0,3,7,9,6,2,5,4,8 C2=0,4,9,3,6,7,2,8,5
ICqjbfkbo PAIR C1=1,6,9,7,2,5,4,8 C2=1,4,9,5,8,2,6,7
ICqjbfkRo PAIR C1=1,6,9,7,2,5,4,8 C2=1,4,9,5,8,2,6,7
ICqjbfkFo PAIR C1=1,6,9,7,2,5,4,8 C2=1,4,9,5,8,2,6,7
ICqjbfimO PAIR C1=0,3,7,2,6,1,8,4,9 C2=0,4,1,7,6,3,9,2,8
ICqjbfifO PAIR C1=0,5,2,7,3,6,1,8,4,9 C2=0,3,9,5,4,1,7,6,2,8
ICqjbfYuO PAIR C1=0,3,6,1,7,9,4,8 C2=0,4,1,8,6,7,3,9
ICqjbfYjO PAIR C1=0,4,5,2,9,7,1,6,3,8 C2=0,3,7,2,6,8,1,4,9,5
ICqjbfMxO PAIR C1=0,8,4,5,2,6,1,7,9 C2=0,4,1,8,6,7,2,9,5
ICqjbfMrO NOPAIR
ICqjbfMjO PAIR C1=0,5,4,1,8,6,7,2,9 C2=0,4,9,7,1,6,2,5,8
ICXefYy{_ PAIR C1=0,7,2,4,1,9,6,3,8 C2=0,3,9,2,8,4,7,1,6
ICXefYyr_ PAIR C1=0,7,2,5,1,6,9,4,8 C2=0,6,8,2,4,1,7,5,9
ICXefY]v? PAIR C1=0,3,9,5,1,6,8,4,7 C2=0,6,3,8,5,7,1,4,9
ICXefY]r_ PAIR C1=0,7,4,8,6,1,5,9 C2=0,6,9,4,1,7,5,8
ICXefY]f_ PAIR C1=0,7,4,8,6,1,5,9 C2=0,6,9,4,1,7,5,8
ICXedzw}? PAIR C1=0,8,2,4,7,3,9 C2=0,3,8,4,9,2,7
ICXedzw|? NOPAIR
ICXedzwv? NOPAIR
ICXedzkv? NOPAIR
ICXedzk{_ PAIR C1=0,3,7,5,2,9,6,1,4,8 C2=0,6,3,9,1,5,8,2,4,7
ICXedz[v? NOPAIR
ICXedz[f_ PAIR C1=0,6,1,5,8,4,9,3,7 C2=0,3,6,9,5,7,4,1,8
ICXedy{v? NOPAIR
ICXedy{n? PAIR C1=0,3,8,5,9,2,7 C2=0,8,2,5,7,3,9
ICXedy{f_ NOPAIR
ICXedzq}? PAIR C1=0,6,3,7,4,2,9,1,8 C2=0,3,9,4,1,6,8,2,7
ICXedzq{_ NOPAIR
ICXedzqy_ PAIR C1=0,3,6,1,8,2,9,4,7 C2=0,6,8,3,7,2,4,1,9
ICXedziy_ NOPAIR
ICXedzix_ PAIR C1=0,7,5,2,4,8,6,1,9 C2=0,6,9,5,1,4,7,2,8
ICXedzY}? NOPAIR
ICXedzYv? NOPAIR
ICXedzYu_ NOPAIR
ICXedyyy_ PAIR C1=0,7,3,6,8,4,2,9 C2=0,3,8,2,7,4,9,6
ICXedyym_ PAIR C1=0,7,3,6,8,4,2,9 C2=0,3,8,2,7,4,9,6
ICXedyyj_ PAIR C1=0,7,3,6,8,4,2,9 C2=0,3,8,2,7,4,9,6
ICXedzMv? PAIR C1=0,7,3,6,1,4,8,5,9 C2=0,3,9,4,7,5,1,8,6
ICXedzMn? PAIR C1=0,7,3,6,1,4,8,5,9 C2=0,3,9,4,7,5,1,8,6
ICXedzMr_ NOPAIR
ICXedzMj_ PAIR C1=0,6,9,4,2,7,5,1,8 C2=0,7,4,1,6,8,5,2,9
ICXedzMN_ PAIR C1=0,3,6,9,4,2,7,5,1,8 C2=0,6,1,4,8,5,2,9,3,7
ICXedymv? PAIR C1=0,3,6,8,2,4,9,1,5,7 C2=0,6,1,4,8,5,2,7,3,9
ICXedymj_ NOPAIR
ICXedxmf_ PAIR C1=0,3,7,2,4,8,5,1,6,9 C2=0,6,3,9,5,2,8,1,4,7
ICXedy]z? PAIR C1=0,3,7,4,1,9,2,5,8,6 C2=0,7,2,4,8,3,6,1,5,9
ICXedy]r_ PAIR C1=0,3,7,5,1,9,4,8,6 C2=0,7,4,1,6,3,8,5,9
ICXedy]j_ NOPAIR
ICXedvwj_ PAIR C1=0,6,3,8,4,7,2,9 C2=0,3,7,6,9,4,2,8
ICXedvsy_ PAIR C1=0,6,3,8,1,4,7,2,9 C2=0,3,7,6,1,9,4,2,8
ICXedvsx_ PAIR C1=0,6,3,7,2,5,8,1,9 C2=0,3,8,2,9,5,1,6,7
ICXed^wr_ PAIR C1=0,7,5,2,4,9,6,1,8 C2=0,6,7,2,8,4,1,5,9
ICXed^k{_ PAIR C1=0,6,1,9,2,4,8,5,7 C2=0,8,2,5,1,4,7,6,9
ICXed^kf_ PAIR C1=0,6,1,8,5,9,4,2,7 C2=0,8,2,5,1,4,7,6,9
ICXed^[y_ PAIR C1=0,6,1,5,8,4,9,2,7 C2=0,8,1,4,2,5,7,6,9
ICXed^[r_ PAIR C1=0,6,1,8,5,9,4,7 C2=0,8,4,1,5,7,6,9
ICXed^[j_ PAIR C1=0,6,1,8,5,9,4,7 C2=0,8,4,1,5,7,6,9
ICXed^[f_ PAIR C1=0,6,1,8,5,9,4,7 C2=0,8,4,1,5,7,6,9
ICXed^[N_ PAIR C1=0,3,6,1,8,5,9,2,4,7 C2=0,6,7,2,5,1,4,9,3,8
ICXed\{f_ PAIR C1=0,7,4,1,6,3,8,5,9 C2=0,3,9,4,8,1,5,7,6
ICXffb[n? PAIR C1=0,6,2,4,1,7,3,8,5,9 C2=0,7,2,5,1,6,3,9,4,8
ICXfersio PAIR C1=0,7,3,8,1,4,2,6,9 C2=0,3,6,1,7,4,9,2,8
ICXfersho PAIR C1=0,3,7,9,5,1,8,2,6 C2=0,7,1,6,3,8,5,2,9
ICXferkm_ PAIR C1=0,3,9,6,2,4,7,1,8 C2=0,7,3,6,1,4,8,2,9
ICXferkio PAIR C1=0,6,2,9,7,1,4,8 C2=0,7,4,2,8,1,6,9
ICXfeq{}? PAIR C1=0,6,2,9,3,7,1,4,8 C2=0,7,4,2,8,3,6,1,9
ICXfeq{|? PAIR C1=0,6,2,9,3,7,1,4,8 C2=0,7,4,2,8,3,6,1,9
ICXfeq{v? PAIR C1=0,6,2,5,9,4,1,7,3,8 C2=0,7,4,2,8,5,1,6,3,9
ICXfeq{n? PAIR C1=0,6,2,5,9,4,1,7,3,8 C2=0,7,4,2,8,5,1,6,3,9
ICXfeq{{_ PAIR C1=0,6,2,9,3,7,1,4,8 C2=0,7,4,2,8,3,6,1,9
ICXfeq{y_ PAIR C1=0,8,3,7,1,4,2,6,9 C2=0,3,6,1,9,2,8,4,7
ICXfeq{u_ NOPAIR
ICXfeq{m_ NOPAIR
ICXfeq{r_ PAIR C1=0,3,7,1,6,2,4,9,5,8 C2=0,7,4,1,5,2,8,3,6,9
ICXfeq{j_ PAIR C1=0,3,7,1,6,2,4,9,5,8 C2=0,7,4,1,5,2,8,3,6,9
ICXfeq{f_ PAIR C1=0,3,7,1,6,2,4,9,5,8 C2=0,7,4,1,5,2,8,3,6,9
ICXfeq{{O PAIR C1=0,8,4,2,6,3,7,1,9 C2=0,3,8,2,9,7,4,1,6
ICXfeq{yO PAIR C1=0,8,4,2,6,3,7,1,9 C2=0,3,8,2,9,7,4,1,6
ICXfeq{uO NOPAIR
ICXfeq{mO NOPAIR
ICXfeq{xO PAIR C1=0,6,2,8,3,7,4,1,9 C2=0,3,6,1,7,9,2,4,8
ICXfeq{tO PAIR C1=0,3,9,5,1,7,4,8,2,6 C2=0,8,5,2,4,1,6,3,7,9
ICXfeq{lO PAIR C1=0,3,9,5,1,7,4,8,2,6 C2=0,8,5,2,4,1,6,3,7,9
ICXfeq{fO PAIR C1=0,3,9,5,1,7,4,8,2,6 C2=0,8,5,2,4,1,6,3,7,9
ICXfeq{wo PAIR C1=0,3,8,4,1,7,9,2,6 C2=0,8,2,4,7,3,6,1,9
ICXfeq{qo NOPAIR
ICXfeq{io PAIR C1=0,7,3,6,2,9,4,8 C2=0,3,8,2,4,7,9,6
ICXfeq{eo NOPAIR
ICXfeq{po PAIR C1=0,3,7,1,5,8,4,2,6,9 C2=0,6,3,8,2,5,9,1,4,7
ICXfeq{ho PAIR C1=0,7,1,6,9,5,2,4,8 C2=0,6,2,8,5,1,4,7,9
ICXfeq{Xo PAIR C1=0,3,6,9,2,4,8,5,1,7 C2=0,6,2,5,9,1,4,7,3,8
ICXfeq{Jo PAIR C1=0,7,3,6,1,5,2,9,4,8 C2=0,3,8,5,9,7,1,4,2,6
ICXfeqyv? PAIR C1=0,7,1,4,8,6,3,9 C2=0,6,1,9,4,7,3,8
ICXfeqyjO PAIR C1=0,6,2,4,8,3,7,9 C2=0,3,6,8,2,9,4,7
ICXfeq]}? PAIR C1=0,6,1,7,3,8,4,9 C2=0,7,4,1,9,3,6,8
ICXfeq]z? PAIR C1=0,6,3,7,1,5,8,4,2,9 C2=0,3,8,6,2,5,9,1,4,7
ICXfeq]uO PAIR C1=0,6,3,8,4,1,7,9 C2=0,3,7,4,9,1,6,8
ICXfeqx|? PAIR C1=0,3,6,1,9,2,4,7,8 C2=0,6,2,8,4,1,7,3,9
ICXfeqxr_ PAIR C1=0,3,8,7,1,4,9,6 C2=0,8,4,7,3,6,1,9
ICXfeqt}? PAIR C1=0,3,8,7,1,4,9,2,6 C2=0,8,2,4,7,3,6,1,9
ICXfeqty_ PAIR C1=0,3,8,7,1,4,9,2,6 C2=0,8,2,4,7,3,6,1,9
ICXfeql{_ PAIR C1=0,7,8,4,1,6,2,9 C2=0,6,9,1,7,4,2,8
ICXfeqly_ PAIR C1=0,7,8,4,1,6,2,9 C2=0,6,9,1,7,4,2,8
ICXfeZkf_ PAIR C1=0,6,2,5,9,4,7,1,8 C2=0,7,5,8,2,4,1,6,9
ICXfeY{z? NOPAIR
ICXfeY{v? PAIR C1=0,6,2,5,8,3,9,1,4,7 C2=0,3,6,1,7,5,9,4,2,8
ICXfeY{^? PAIR C1=0,6,2,5,8,3,9,1,4,7 C2=0,3,6,1,7,5,9,4,2,8
ICXfeY{{_ PAIR C1=0,6,9,3,8,2,5,1,4,7 C2=0,3,6,2,4,8,5,7,1,9
ICXfeY{y_ PAIR C1=0,6,9,4,7,1,5,2,8 C2=0,7,5,8,4,2,6,1,9
ICXfeY{u_ PAIR C1=0,6,9,4,7,1,5,2,8 C2=0,7,5,8,4,2,6,1,9
ICXfeY{r_ PAIR C1=0,6,9,4,7,1,5,2,8 C2=0,7,5,8,4,2,6,1,9
ICXfeY{j_ PAIR C1=0,6,2,8,5,1,7,4,9 C2=0,7,5,2,9,6,1,4,8
ICXfeY{Z_ NOPAIR
ICXfeY{f_ PAIR C1=0,8,3,6,2,5,1,7,4,9 C2=0,3,9,6,1,4,2,8,5,7
ICXfeY{V_ PAIR C1=0,3,8,2,5,9,4,7,1,6 C2=0,7,5,1,9,3,6,2,4,8
ICXfeY{{O PAIR C1=0,3,8,2,9,7,4,1,6 C2=0,7,1,9,3,6,2,4,8
ICXfeY{yO NOPAIR
ICXfeY{rO NOPAIR
ICXfeY{jO NOPAIR
ICXfeY{ZO NOPAIR
ICXfeY{VO PAIR C1=0,6,1,4,2,5,7,9,3,8 C2=0,3,6,2,8,5,1,9,4,7
ICXfeY{NO PAIR C1=0,7,9,5,2,4,1,6,3,8 C2=0,3,9,4,7,1,5,8,2,6
ICXfeY{wo PAIR C1=0,7,9,6,1,5,2,4,8 C2=0,6,2,8,5,7,4,1,9
ICXfeY{[o PAIR C1=0,3,6,2,9,1,4,8,5,7 C2=0,6,1,5,2,4,7,9,3,8
ICXfeY{qo PAIR C1=0,6,2,8,5,7,4,1,9 C2=0,7,9,6,1,5,2,4,8
ICXfeY{io PAIR C1=0,6,1,5,2,8,4,9,7 C2=0,8,5,7,1,4,2,6,9
ICXfeY{bo PAIR C1=0,6,1,5,2,8,4,9,7 C2=0,8,5,7,1,4,2,6,9
ICXfeY{Ro NOPAIR
ICXfeY{Fo PAIR C1=0,6,3,8,4,9,5,1,7 C2=0,3,9,6,1,4,7,5,8
ICXfeYy{O PAIR C1=0,8,6,2,4,7,1,9 C2=0,6,1,4,8,2,9,7
ICXfeYyyO PAIR C1=0,8,6,2,4,7,1,9 C2=0,6,1,4,8,2,9,7
ICXfeYm{O PAIR C1=0,8,6,2,4,7,1,9 C2=0,6,1,4,8,2,9,7
ICXfeW|{_ PAIR C1=0,7,4,2,6,3,8,5,1,9 C2=0,3,9,2,5,7,8,4,1,6
ICXfeW|f_ PAIR C1=0,7,8,4,1,5,2,6,3,9 C2=0,3,8,2,4,9,5,7,1,6
ICXfczw}? NOPAIR
ICXfczw|? PAIR C1=0,8,4,7,3,6,2,5,1,9 C2=0,6,1,4,2,8,3,9,5,7
ICXfczwv? PAIR C1=0,8,4,7,3,6,2,5,1,9 C2=0,6,1,4,2,8,3,9,5,7
ICXfczw{_ NOPAIR
ICXfczwy_ NOPAIR
ICXfczwu_ NOPAIR
ICXfczwx_ PAIR C1=0,3,7,4,8,1,9,5,2,6 C2=0,7,5,1,4,2,8,3,6,9
ICXfczw{O PAIR C1=0,6,1,4,7,3,9,2,8 C2=0,3,6,2,4,8,1,9,7
ICXfczwyO PAIR C1=0,3,7,4,9,2,8,1,6 C2=0,7,9,1,4,2,6,3,8
ICXfczwuO NOPAIR
ICXfczwxO PAIR C1=0,6,2,8,3,7,4,1,5,9 C2=0,3,6,1,9,7,5,2,4,8
ICXfczwtO PAIR C1=0,6,2,8,3,7,4,1,5,9 C2=0,3,6,1,9,7,5,2,4,8
ICXfczwfO PAIR C1=0,6,3,7,4,2,8,1,5,9 C2=0,3,9,7,5,2,6,1,4,8
ICXfczwwo PAIR C1=0,6,1,8,3,7,4,2,9 C2=0,3,6,2,8,4,1,9,7
ICXfczwso NOPAIR
ICXfczwqo PAIR C1=0,7,9,4,1,6,3,8 C2=0,3,7,4,8,1,9,6
ICXfczwYo PAIR C1=0,7,9,4,1,6,3,8 C2=0,3,7,4,8,1,9,6
ICXfczwpo PAIR C1=0,7,5,1,4,2,8,3,6,9 C2=0,3,7,4,8,1,9,5,2,6
ICXfczwXo PAIR C1=0,3,6,9,2,4,8,1,5,7 C2=0,6,2,5,9,1,4,7,3,8
ICXfczkz? PAIR C1=1,4,9,2,8,5 C2=1,8,4,2,5,9
ICXfczk^? PAIR C1=1,4,9,2,8,5 C2=1,8,4,2,5,9
ICXfczk{_ PAIR C1=0,7,5,1,4,8,2,6,3,9 C2=0,3,7,4,2,5,8,1,9,6
ICXfczky_ NOPAIR
ICXfczk]_ PAIR C1=0,3,6,2,9,1,4,8,5,7 C2=0,6,9,3,7,4,2,5,1,8
ICXfczkr_ NOPAIR
ICXfczkf_ PAIR C1=0,6,3,9,4,8,1,5,7 C2=0,3,7,4,1,6,9,5,8
ICXfczkwo PAIR C1=0,7,5,8,4,1,6,2,9 C2=0,6,9,7,4,2,5,1,8
ICXfczk[o PAIR C1=0,7,5,1,6,3,9,2,8 C2=0,3,7,9,1,8,5,2,6
ICXfczkqo PAIR C1=0,7,5,1,4,9,6,2,8 C2=0,6,1,8,5,2,4,7,9
ICXfczkYo NOPAIR
ICXfczq{O NOPAIR
ICXfczqyO PAIR C1=0,3,6,2,8,1,4,9,7 C2=0,6,1,9,2,4,7,3,8
ICXfczYyO PAIR C1=0,3,6,8,1,9,4,7 C2=0,6,1,4,8,3,7,9
ICXfczYuO PAIR C1=0,3,6,8,1,9,4,7 C2=0,6,1,4,8,3,7,9
ICXfczYrO PAIR C1=0,3,6,8,1,9,4,7 C2=0,6,1,4,8,3,7,9
ICXfczMrO NOPAIR
ICXfczMjO PAIR C1=0,6,8,1,5,9,2,4,7 C2=0,8,4,1,6,2,5,7,9
ICXfcxmZO PAIR C1=1,4,2,9,5,8 C2=1,5,2,8,4,9
ICXfcxmfO PAIR C1=0,7,3,6,1,4,2,8,5,9 C2=0,3,9,7,4,8,1,5,2,6
ICXfcy]rO PAIR C1=0,3,7,5,1,6,8,4,9 C2=0,6,3,8,5,9,1,4,7
ICXfVa\y_ NOPAIR
ICXfVa\x_ PAIR C1=0,8,7,2,5,1,4,6,9 C2=0,6,2,4,8,5,9,1,7
ICXfUjwmO PAIR C1=0,3,7,9,2,4,6,1,8 C2=0,6,2,8,3,9,4,1,7
ICXfUjwjO PAIR C1=0,6,2,4,8,1,5,9,7 C2=0,8,2,5,7,1,6,4,9
ICXfUjwLo PAIR C1=0,6,9,2,5,1,4,8,3,7 C2=0,3,9,5,7,1,6,4,2,8
ICXfUjsl_ PAIR C1=0,6,9,2,5,1,8,3,7 C2=0,3,9,5,7,1,6,2,8
ICXfUjsmO PAIR C1=0,3,7,9,4,6,1,5,2,8 C2=0,6,2,4,1,7,5,8,3,9
ICXfUjkl_ NOPAIR
ICXfUjkko PAIR C1=0,6,2,4,8,5,1,7,9 C2=0,7,5,2,9,6,4,1,8
ICXfUi{}? PAIR C1=0,3,8,5,2,6,4,9,1,7 C2=0,6,1,5,7,3,9,2,4,8
ICXfUi{z? NOPAIR
ICXfUi{v? PAIR C1=0,3,8,4,6,2,5,9,1,7 C2=0,6,1,4,2,8,5,7,3,9
ICXfUi{^? PAIR C1=0,3,8,4,6,2,5,9,1,7 C2=0,6,1,4,2,9,3,7,5,8
ICXfUi{{_ PAIR C1=0,3,8,2,4,6,9,1,5,7 C2=0,6,2,5,8,4,1,7,3,9
ICXfUi{x_ NOPAIR
ICXfUi{t_ PAIR C1=0,3,8,2,5,7,1,4,6,9 C2=0,6,2,4,8,5,1,9,3,7
ICXfUi{l_ PAIR C1=0,3,8,2,5,7,1,4,6,9 C2=0,6,1,5,8,4,2,9,3,7
ICXfUi{\_ PAIR C1=0,7,5,1,4,2,6,9,3,8 C2=0,3,7,1,9,2,5,8,4,6
ICXfUi{r_ NOPAIR
ICXfUi{Z_ NOPAIR
ICXfUi{f_ PAIR C1=0,3,8,2,4,1,6,9,5,7 C2=0,8,4,6,2,5,1,7,3,9
ICXfUi{{O PAIR C1=0,3,9,7,1,6,2,4,8 C2=0,6,4,1,9,2,8,3,7
ICXfUi{yO PAIR C1=0,6,1,4,9,7,5,2,8 C2=0,7,1,5,8,4,6,2,9
ICXfUi{uO PAIR C1=0,3,8,2,4,9,7,5,1,6 C2=0,7,3,9,1,4,6,2,5,8
ICXfUi{mO PAIR C1=0,3,8,2,4,9,7,5,1,6 C2=0,8,5,2,6,4,1,7,3,9
ICXfUi{]O PAIR C1=0,3,8,2,4,9,7,5,1,6 C2=0,7,3,9,1,4,6,2,5,8
ICXfUi{rO PAIR C1=0,8,5,7,1,6,2,4,9 C2=0,6,4,8,2,5,1,9,7
ICXfUi{jO PAIR C1=0,6,1,7,5,2,8,4,9 C2=0,7,9,2,6,4,1,5,8
ICXfUi{ZO NOPAIR
ICXfUi{fO PAIR C1=0,3,9,4,2,6,1,7,5,8 C2=0,6,4,1,5,2,8,3,7,9
ICXfUi{wo PAIR C1=0,7,9,6,1,5,2,4,8 C2=0,6,4,1,7,5,8,2,9
ICXfUi{[o PAIR C1=0,6,9,2,4,1,5,8,3,7 C2=0,3,9,1,7,5,2,6,4,8
ICXfUi{qo PAIR C1=0,7,9,6,2,4,1,5,8 C2=0,6,4,8,2,5,7,1,9
ICXfUi{io PAIR C1=0,7,9,6,1,5,2,4,8 C2=0,6,4,1,7,5,8,2,9
ICXfUi{Yo NOPAIR
ICXfUi{eo PAIR C1=0,3,8,5,7,1,4,2,6,9 C2=0,7,3,9,4,6,1,5,2,8
ICXfUi{Mo PAIR C1=0,3,8,5,7,1,4,2,9,6 C2=0,7,3,9,4,6,1,5,2,8
ICXfUi{po PAIR C1=0,8,4,1,7,5,2,6,9 C2=0,6,4,2,8,5,1,9,7
ICXfUi{ho PAIR C1=0,8,4,2,5,7,1,6,9 C2=0,6,4,1,5,8,2,9,7
ICXfUi{bo PAIR C1=0,7,1,6,9,4,2,5,8 C2=0,6,2,8,4,1,5,7,9
ICXfUi{Ro NOPAIR
ICXfUi{Jo NOPAIR
ICXfUi{Fo PAIR C1=0,3,9,5,7,1,6,2,4,8 C2=0,6,9,4,1,5,2,8,3,7
ICXfUim{O PAIR C1=0,8,6,4,1,7,5,2,9 C2=0,6,2,4,8,5,1,9,7
ICXfUg}{O PAIR C1=0,3,8,4,1,6,2,5,7,9 C2=0,6,4,2,8,5,1,9,3,7
ICXfUit}? PAIR C1=0,6,1,5,8,2,4,9,3,7 C2=0,3,8,7,5,2,6,4,1,9
ICXfUit]_ PAIR C1=0,7,3,9,4,2,6,1,5,8 C2=0,3,8,7,5,2,9,1,4,6
ICXfRi]{O PAIR C1=0,8,6,2,5,1,7,3,9 C2=0,3,8,5,7,2,9,1,6
ICXfRi]fO PAIR C1=0,3,9,4,2,5,7,1,6,8 C2=0,6,2,7,3,8,4,1,5,9
ICXfUYu{O PAIR C1=0,6,4,1,9,2,8,5,7 C2=0,8,6,1,5,2,4,7,9
ICXfUYufO PAIR C1=0,6,2,8,5,9,4,1,7 C2=0,8,6,1,5,2,4,7,9
ICXfQyu{O PAIR C1=0,3,9,7,4,1,5,8,2,6 C2=0,8,3,7,5,2,4,6,1,9
ICXfQyufO PAIR C1=0,3,9,7,5,8,2,4,1,6 C2=0,8,3,7,1,5,2,6,4,9
ICXevQuz? PAIR C1=0,6,4,2,8,5,9,1,7 C2=0,8,6,1,5,2,7,4,9
ICXevQuyO NOPAIR
ICXevQuxO PAIR C1=0,6,1,4,2,8,5,9,7 C2=0,8,6,4,7,2,5,1,9
ICXevQu\O PAIR C1=0,3,6,1,4,2,8,5,9,7 C2=0,6,4,7,1,5,2,9,3,8
ICXevQurO PAIR C1=0,6,4,1,9,5,8,2,7 C2=0,8,6,1,5,2,4,7,9
ICXetrs}? PAIR C1=0,7,4,2,9,1,6,3,8 C2=0,6,4,1,8,2,7,3,9
ICXetrs|? PAIR C1=0,7,4,2,9,1,6,3,8 C2=0,6,4,1,8,2,7,3,9
ICXetrsz? PAIR C1=0,7,2,4,6,3,8,5,1,9 C2=0,3,7,4,9,5,2,8,1,6
ICXetrsv? PAIR C1=0,7,2,4,6,3,8,5,1,9 C2=0,3,7,4,9,5,2,8,1,6
ICXetrs{_ PAIR C1=0,7,4,1,6,3,8,2,9 C2=0,6,4,2,7,3,9,1,8
ICXetrsy_ PAIR C1=0,7,2,4,1,9,6,3,8 C2=0,3,7,4,9,2,8,1,6
ICXetrsu_ NOPAIR
ICXetrsm_ NOPAIR
ICXetrsx_ PAIR C1=0,3,6,9,1,4,7,2,8 C2=0,7,3,8,1,6,4,2,9
ICXetrsl_ PAIR C1=0,3,9,6,1,5,8,2,4,7 C2=0,6,4,1,8,3,7,2,5,9
ICXetrsj_ PAIR C1=0,3,6,9,4,1,5,8,2,7 C2=0,6,1,8,3,7,4,2,5,9
ICXetrsf_ PAIR C1=0,3,6,9,4,1,5,8,2,7 C2=0,6,1,8,3,7,4,2,5,9
ICXetrswo PAIR C1=0,3,6,9,1,4,7,2,8 C2=0,7,3,8,1,6,4,2,9
ICXetrsso NOPAIR
ICXetrsqo NOPAIR
ICXetrsYo PAIR C1=0,6,1,9,2,4,7,3,8 C2=0,3,6,9,4,1,8,2,7
ICXetrspo PAIR C1=0,8,5,2,7,4,1,6,9 C2=0,6,4,2,8,1,5,9,7
ICXetrsXo PAIR C1=0,7,3,6,9,1,4,2,5,8 C2=0,3,8,1,5,9,2,7,4,6
ICXetre{O PAIR C1=0,3,7,2,8,6,4,1,9 C2=0,7,4,2,9,3,6,1,8
ICXetreyO PAIR C1=0,7,2,4,6,8,1,9 C2=0,6,1,4,7,9,2,8
ICXetrexO PAIR C1=0,7,2,4,6,8,1,9 C2=0,6,1,4,7,9,2,8
ICXetre\O PAIR C1=0,3,9,2,5,1,8,6,4,7 C2=0,6,3,7,2,4,1,9,5,8
ICXetrejO PAIR C1=0,6,4,1,8,5,2,7,9 C2=0,7,4,2,9,5,1,6,8
ICXetqu}? PAIR C1=0,6,3,8,2,7,4,9 C2=0,7,3,9,2,4,6,8
ICXetquz? PAIR C1=0,6,4,1,5,9,2,8,3,7 C2=0,3,6,1,9,4,7,2,5,8
ICXetqumO PAIR C1=0,6,4,2,7,9,3,8 C2=0,3,6,8,2,9,4,7
ICXetjw}? PAIR C1=0,6,3,9,1,4,8 C2=0,3,8,1,6,4,9
ICXetjw|? PAIR C1=0,7,2,4,8,3,6,1,5,9 C2=0,6,4,1,9,3,7,5,2,8
ICXetjwv? PAIR C1=0,7,2,4,8,3,6,1,5,9 C2=0,6,4,1,9,3,7,5,2,8
ICXetjwn? PAIR C1=0,8,4,2,7,3,6,1,5,9 C2=0,6,4,1,8,3,9,2,5,7
ICXetjw{_ NOPAIR
ICXetjwu_ PAIR C1=0,8,3,6,1,4,9 C2=0,3,9,1,8,4,6
ICXetjwm_ NOPAIR
ICXetjwx_ PAIR C1=0,3,6,9,5,1,8,2,7 C2=0,6,1,9,2,5,7,3,8
ICXetjwt_ PAIR C1=0,3,6,9,5,1,8,4,2,7 C2=0,6,4,1,9,3,7,5,2,8
ICXetjwl_ PAIR C1=0,3,6,9,5,1,4,8,2,7 C2=0,8,1,6,4,2,5,7,3,9
ICXetjwj_ PAIR C1=0,7,2,5,1,4,8,3,6,9 C2=0,3,7,5,9,2,4,6,1,8
ICXetjw{O PAIR C1=0,3,9,7,2,8,4,1,6 C2=0,7,3,6,4,2,9,1,8
ICXetjwyO PAIR C1=0,3,6,1,4,8,2,7,9 C2=0,6,4,2,9,1,8,3,7
ICXetjwuO PAIR C1=0,3,9,4,8,1,6 C2=0,8,3,6,4,1,9
ICXetjwmO NOPAIR
ICXetjwxO PAIR C1=0,3,8,1,9,7,2,4,6 C2=0,7,3,6,1,4,8,2,9
ICXetjwtO PAIR C1=0,3,8,1,5,9,7,2,4,6 C2=0,7,5,2,8,4,1,6,3,9
ICXetjwrO PAIR C1=0,3,8,2,7,9,5,1,4,6 C2=0,8,4,2,5,7,3,6,1,9
ICXetjwfO PAIR C1=0,3,8,2,7,9,5,1,4,6 C2=0,8,1,6,3,7,5,2,4,9
ICXetjwwo PAIR C1=0,3,6,4,8,1,9,2,7 C2=0,6,1,4,2,8,3,7,9
ICXetjwso NOPAIR
ICXetjwqo NOPAIR
ICXetjwio PAIR C1=0,3,6,9,4,8,2,7 C2=0,6,4,2,9,7,3,8
ICXetjwYo PAIR C1=0,3,6,9,4,8,2,7 C2=0,6,4,2,9,7,3,8
ICXetjwpo PAIR C1=0,3,8,4,2,7,5,1,9,6 C2=0,7,3,6,4,1,8,2,5,9
ICXetjwho PAIR C1=0,3,6,9,2,7,5,1,4,8 C2=0,7,3,8,1,6,4,2,5,9
ICXetjwXo PAIR C1=0,6,3,7,5,9,1,4,2,8 C2=0,3,8,4,6,1,5,2,9,7
ICXetjwRo PAIR C1=0,6,1,5,9,4,2,7,3,8 C2=0,3,6,9,1,4,8,2,5,7
ICXetjwJo PAIR C1=0,6,3,7,2,4,9,5,1,8 C2=0,3,8,4,1,6,9,2,5,7
ICXetjk}? PAIR C1=0,6,4,9,3,7,2,5,1,8 C2=0,3,6,1,9,2,4,8,5,7
ICXetjkz? PAIR C1=1,4,9,5,2,8 C2=1,5,8,4,2,9
ICXetjk^? PAIR C1=1,4,9,5,2,8 C2=1,5,8,4,2,9
ICXetjk{_ PAIR C1=0,7,5,1,6,3,9,2,4,8 C2=0,3,7,2,5,8,1,4,6,9
ICXetjkx_ NOPAIR
ICXetjkl_ PAIR C1=0,6,3,7,2,4,1,8,5,9 C2=0,3,9,2,8,4,6,1,5,7
ICXetjkZ_ PAIR C1=1,4,2,9,5,8 C2=1,5,2,8,4,9
ICXetjkwo PAIR C1=0,6,4,1,8,5,2,7,9 C2=0,7,5,1,6,9,2,4,8
ICXetjk[o PAIR C1=0,3,9,2,7,5,1,8,4,6 C2=0,7,3,6,9,1,4,2,5,8
ICXetjkqo PAIR C1=0,6,4,8,2,7,5,1,9 C2=0,7,9,6,1,4,2,5,8
ICXetjkio PAIR C1=0,6,4,8,1,5,7,2,9 C2=0,7,9,6,1,4,2,5,8
ICXetjkYo NOPAIR
ICXetjqyO PAIR C1=0,3,6,4,1,8,2,9,7 C2=0,6,1,9,4,2,7,3,8
ICXetjqxO PAIR C1=0,3,6,8,2,9,1,5,7 C2=0,6,1,8,3,7,2,5,9
ICXetjixO PAIR C1=0,6,8,1,4,2,9,5,7 C2=0,8,4,6,1,5,2,7,9
ICXetji\O PAIR C1=0,7,5,1,4,2,9,3,6,8 C2=0,3,7,2,5,9,1,8,4,6
ICXetiyyO PAIR C1=0,7,2,8,3,6,4,9 C2=0,3,7,9,2,4,8,6
ICXetiymO PAIR C1=0,7,2,8,3,6,4,9 C2=0,3,7,9,2,4,8,6
ICXetiyjO PAIR C1=0,7,2,8,3,6,4,9 C2=0,3,7,9,2,4,8,6
ICXetjeyO PAIR C1=0,7,2,5,1,8,6,4,9 C2=0,6,1,4,2,9,7,5,8
ICXetje]O PAIR C1=0,7,2,5,1,4,9,3,6,8 C2=0,3,7,5,8,1,9,2,4,6
ICXetjexO NOPAIR
ICXetiuxO NOPAIR
ICXetiulO PAIR C1=0,3,9,5,7,2,8 C2=0,7,3,8,5,2,9
ICXethm{O PAIR C1=0,3,9,1,8,5,7,2,4,6 C2=0,7,3,6,8,4,1,5,2,9
ICXethmZO PAIR C1=1,4,9,5,2,8 C2=1,5,8,4,2,9
ICXerYuz? PAIR C1=1,4,2,7,5,9 C2=1,5,2,9,4,7
ICXerYu{O PAIR C1=0,3,8,5,7,9,2,4,1,6 C2=0,8,2,5,1,7,4,6,3,9
ICXb^a\z? PAIR C1=1,4,2,9,5,6 C2=1,5,2,6,4,9
ICXb^a\{_ PAIR C1=0,3,8,5,6,9,1,4,2,7 C2=0,8,4,6,2,5,1,7,3,9
ICZbersNO PAIR C1=0,5,2,9,3,7,4,1,8 C2=0,3,8,2,4,9,5,1,7
ICZbersLo PAIR C1=0,5,8,2,9,3,6,1,7 C2=0,3,7,9,6,2,5,1,8
ICZberkko PAIR C1=0,5,8,2,9,3,6,1,7 C2=0,3,7,9,6,2,5,1,8
ICZber[jO PAIR C1=0,7,1,4,9,5,8 C2=0,5,1,8,4,7,9
ICZber[NO NOPAIR
ICZber[Fo NOPAIR
ICZbeq{}? PAIR C1=0,5,8,3,9,2,4,1,7 C2=0,3,7,4,9,1,5,2,8
ICZbeq{z? NOPAIR
ICZbeq{v? PAIR C1=0,5,9,3,7,1,4,8 C2=0,3,8,5,1,9,4,7
ICZbeq{n? NOPAIR
ICZbeq{^? PAIR C1=0,5,9,3,7,1,4,8 C2=0,3,8,5,1,9,4,7
ICZbeq{{_ PAIR C1=0,5,8,3,7,1,4,2,9 C2=0,3,9,1,5,2,8,4,7
ICZbeq{y_ PAIR C1=0,7,3,6,1,5,8,2,4,9 C2=0,3,8,4,7,1,9,6,2,5
ICZbeq{u_ PAIR C1=0,7,3,6,1,5,8,2,4,9 C2=0,3,8,4,7,1,9,6,2,5
ICZbeq{m_ PAIR C1=0,7,3,6,2,8,5,1,4,9 C2=0,3,8,4,7,1,6,9,2,5
ICZbeq{r_ PAIR C1=0,7,3,6,1,4,9,5,2,8 C2=0,3,8,5,1,7,4,2,6,9
ICZbeq{f_ PAIR C1=0,7,3,6,1,4,9,5,2,8 C2=0,3,8,5,1,7,4,2,6,9
ICZbeq{V_ PAIR C1=0,7,4,9,3,6,1,5,2,8 C2=0,3,7,1,9,6,2,4,8,5
ICZbeq{{O PAIR C1=0,8,2,5,1,4,7,9 C2=0,5,8,4,2,9,1,7
ICZbeq{uO NOPAIR
ICZbeq{mO NOPAIR
ICZbeq{xO PAIR C1=0,5,8,2,4,7,1,9 C2=0,7,9,2,5,1,4,8
ICZbeq{tO NOPAIR
ICZbeq{lO NOPAIR
ICZbeq{\O PAIR C1=0,5,9,1,4,2,8,3,7 C2=0,3,9,2,5,1,7,4,8
ICZbeq{rO NOPAIR
ICZbeq{jO NOPAIR
ICZbeq{ZO NOPAIR
ICZbeq{VO PAIR C1=0,3,7,1,9,4,8,5 C2=0,7,4,1,5,9,3,8
ICZbeq{NO NOPAIR
ICZbeq{wo PAIR C1=0,8,5,2,4,7,1,9 C2=0,5,1,4,8,2,9,7
ICZbeq{ko PAIR C1=0,5,2,4,8,3,7,1,6,9 C2=0,3,6,2,9,7,4,1,5,8
ICZbeq{[o PAIR C1=0,3,7,1,9,6,2,8,5 C2=0,7,9,2,5,1,6,3,8
ICZbeq{io PAIR C1=0,5,8,3,7,1,4,2,6,9 C2=0,3,6,1,5,2,9,7,4,8
ICZbeq{ho PAIR C1=0,5,8,3,7,1,4,2,6,9 C2=0,3,6,1,5,2,9,7,4,8
ICZbeq{To PAIR C1=0,3,8,2,4,7,1,6,9,5 C2=0,7,9,3,6,2,5,1,4,8
ICZbeq{Lo PAIR C1=0,3,8,2,4,7,1,6,9,5 C2=0,7,9,3,6,2,5,1,4,8
ICZbeq{Ro PAIR C1=0,3,7,1,6,2,5,9,4,8 C2=0,5,1,4,2,8,3,6,9,7
ICZbeq{Jo PAIR C1=0,3,7,1,6,2,5,9,4,8 C2=0,5,1,4,2,8,3,6,9,7
ICZbeq{Fo PAIR C1=0,3,7,1,6,2,5,9,4,8 C2=0,5,1,4,2,8,3,6,9,7
ICZbep{Lo PAIR C1=1,6,2,4,8,5,9,3,7 C2=1,4,7,9,6,3,8,2,5
ICZberUho PAIR C1=0,5,8,1,7,3,6,9 C2=0,3,8,6,1,5,9,7
ICZberUdo PAIR C1=0,5,8,1,7,3,6,9 C2=0,3,8,6,1,5,9,7
ICZbequ}? PAIR C1=0,8,3,7,4,1,6,2,9 C2=0,3,6,8,2,4,9,1,7
ICZbequ|? NOPAIR
ICZbequn? PAIR C1=0,5,1,4,9,2,6,8,3,7 C2=0,8,5,2,4,7,1,6,3,9
ICZbequt_ NOPAIR
ICZbequl_ NOPAIR
ICZbequr_ PAIR C1=0,3,6,9,4,7,1,5,2,8 C2=0,5,9,1,4,2,6,8,3,7
ICZbequ{O PAIR C1=0,5,1,9,7,3,6,2,8 C2=0,3,9,2,5,8,6,1,7
ICZbequyO PAIR C1=0,5,2,6,1,4,9,7,3,8 C2=0,3,6,8,5,1,7,4,2,9
ICZbequuO PAIR C1=0,3,7,9,4,1,6,2,5,8 C2=0,5,1,7,4,2,8,6,3,9
ICZbequtO NOPAIR
ICZbequlO NOPAIR
ICZbequ\O PAIR C1=0,3,6,2,9,7,1,5,8 C2=0,5,2,8,6,1,9,3,7
ICZbequVO PAIR C1=0,3,6,2,4,7,9,1,5,8 C2=0,5,2,8,6,1,4,9,3,7
ICZbequNO PAIR C1=0,3,6,1,5,9,7,4,2,8 C2=0,5,2,6,8,3,9,4,1,7
ICZbequpo PAIR C1=0,7,3,6,1,9,5,8 C2=0,3,8,6,9,7,1,5
ICZbequho NOPAIR
ICZbequXo PAIR C1=0,5,2,6,1,9,7,3,8 C2=0,3,6,8,2,9,5,1,7
ICZbequdo NOPAIR
ICZbequRo PAIR C1=0,5,2,6,1,9,4,7,3,8 C2=0,3,6,8,2,4,1,5,9,7
ICZberMbo PAIR C1=0,8,5,1,4,7,9 C2=0,5,9,4,8,1,7
ICZbeqmv? PAIR C1=0,5,8,2,4,7,3,6,1,9 C2=0,3,9,5,2,6,8,4,1,7
ICZbeqmn? PAIR C1=0,8,5,2,6,3,7,1,4,9 C2=0,3,9,5,1,6,8,2,4,7
ICZbeqmy_ NOPAIR
ICZbeqmu_ PAIR C1=0,5,8,2,4,1,9,6,3,7 C2=0,3,9,4,7,1,5,2,6,8
ICZbeqmm_ PAIR C1=0,7,3,6,9,4,1,5,2,8 C2=0,3,9,2,4,7,1,6,8,5
ICZbeqm]_ PAIR C1=0,7,3,6,9,4,1,5,2,8 C2=0,3,9,2,4,7,1,6,8,5
ICZbeqm\_ PAIR C1=0,7,3,6,9,1,4,2,5,8 C2=0,3,9,2,6,8,4,7,1,5
ICZbeqmr_ PAIR C1=1,4,2,5,8,6,9 C2=1,5,9,4,8,2,6
ICZbeqmZ_ PAIR C1=1,4,2,5,8,6,9 C2=1,5,9,4,8,2,6
ICZbeqmf_ PAIR C1=0,8,2,5,1,4,7,3,6,9 C2=0,3,9,5,8,4,2,6,1,7
ICZbeqmV_ PAIR C1=0,3,7,4,9,6,1,5,8 C2=0,5,9,3,6,8,4,1,7
ICZbeqm{O PAIR C1=0,3,6,1,5,8,2,4,7,9 C2=0,5,2,6,8,4,1,9,3,7
ICZbeqmxO PAIR C1=0,8,5,1,7,4,2,9 C2=0,5,2,8,4,1,9,7
ICZbeqmrO NOPAIR
ICZbeqmjO NOPAIR
ICZbeqmZO NOPAIR
ICZbeqmfO PAIR C1=0,3,7,1,5,8,6,2,4,9 C2=0,5,2,8,4,1,6,3,9,7
ICZbeqmVO PAIR C1=0,3,7,4,9,1,5,2,6,8 C2=0,5,8,2,4,1,6,3,9,7
ICZbeqmNO PAIR C1=0,3,6,8,4,2,9,7,1,5 C2=0,7,3,9,4,1,6,2,5,8
ICZbeqmwo PAIR C1=0,5,1,9,2,8,4,7 C2=0,8,5,2,4,1,7,9
ICZbeqmso PAIR C1=0,5,8,2,6,1,4,7,3,9 C2=0,3,6,9,7,1,5,2,4,8
ICZbeqmko PAIR C1=0,5,8,2,6,1,4,7,3,9 C2=0,3,6,9,7,1,5,2,4,8
ICZbeqm[o PAIR C1=0,7,9,3,6,1,5,2,4,8 C2=0,3,7,4,1,9,6,2,8,5
ICZbeqmqo PAIR C1=0,8,6,2,5,1,7,4,9 C2=0,5,8,2,4,1,6,9,7
ICZbeqmio PAIR C1=0,8,6,2,5,1,7,4,9 C2=0,5,8,2,4,1,6,9,7
ICZbeqmYo NOPAIR
ICZbeqmeo PAIR C1=0,7,9,4,1,5,2,6,8 C2=0,5,8,2,4,7,1,6,9
ICZbeqmpo PAIR C1=0,7,9,5,1,4,2,6,8 C2=0,5,2,8,4,7,1,6,9
ICZbeqmho PAIR C1=0,7,9,5,1,4,2,6,8 C2=0,5,2,8,4,7,1,6,9
ICZbeqmXo NOPAIR
ICZbeqmdo PAIR C1=0,3,9,5,1,7,4,2,6,8 C2=0,5,2,8,4,1,6,3,7,9
ICZbeqmTo PAIR C1=0,3,9,5,1,6,8,2,4,7 C2=0,5,2,6,3,7,9,1,4,8
ICZbeqmbo PAIR C1=0,7,1,6,8,4,2,5,9 C2=0,5,1,4,7,9,6,2,8
ICZbeqmRo PAIR C1=1,6,8,4,2,5,9 C2=1,4,9,6,2,8,5
ICZbeqmJo NOPAIR
ICZbeqmFo PAIR C1=0,5,9,3,6,8,4,1,7 C2=0,3,7,4,9,6,1,5,8
ICZbeq]}? PAIR C1=0,7,1,4,2,5,8,6,3,9 C2=0,5,1,6,2,9,4,7,3,8
ICZbeq]v? PAIR C1=0,3,9,5,8,4,1,7 C2=0,5,1,9,4,7,3,8
ICZbeq]^? PAIR C1=0,3,9,5,8,4,1,7 C2=0,5,1,9,4,7,3,8
ICZbeq]t_ NOPAIR
ICZbeq]r_ PAIR C1=0,3,6,1,7,4,8,5,9 C2=0,5,1,4,9,6,8,3,7
ICZbeq]f_ PAIR C1=0,3,6,1,7,4,8,5,9 C2=0,5,1,4,9,6,8,3,7
ICZbeq]uO NOPAIR
ICZbeq]mO PAIR C1=0,8,5,2,4,7,1,6,3,9 C2=0,5,1,4,9,2,6,8,3,7
ICZbeq]tO NOPAIR
ICZbeq]\O PAIR C1=0,3,6,1,9,7,4,2,5,8 C2=0,5,1,4,8,6,2,9,3,7
ICZbeq]rO NOPAIR
ICZbeq]jO PAIR C1=0,8,3,6,2,5,1,4,7,9 C2=0,3,7,1,6,8,4,2,9,5
ICZbeq]VO PAIR C1=0,3,8,5,9,1,4,7 C2=0,5,1,7,3,9,4,8
ICZbeq]NO PAIR C1=0,5,1,4,2,9,7,3,6,8 C2=0,3,9,4,8,5,2,6,1,7
ICZbeq]po PAIR C1=0,3,7,9,5,1,6,8 C2=0,5,8,3,6,9,1,7
ICZbeq]ho PAIR C1=0,3,8,5,1,6,2,4,7,9 C2=0,5,2,9,6,3,7,1,4,8
ICZbeq]do NOPAIR
ICZbeq]bo PAIR C1=0,3,8,6,1,5,9,4,7 C2=0,5,8,4,1,7,3,6,9
ICZbeq]Ro PAIR C1=0,7,1,5,9,6,3,8 C2=0,3,7,9,1,6,8,5
ICZbeq]Jo PAIR C1=0,3,8,6,2,4,1,7,9,5 C2=0,7,3,6,1,5,2,9,4,8
ICZbeqx}? NOPAIR
ICZbeqx|? PAIR C1=0,5,1,7,3,9,2,4,8 C2=0,3,8,2,5,9,1,4,7
ICZbeqxx_ PAIR C1=0,7,1,5,2,9,6,3,8 C2=0,3,7,8,2,6,1,9,5
ICZbeqt}? PAIR C1=0,3,8,5,2,9,4,1,7 C2=0,5,1,9,3,7,4,2,8
ICZbeqt^? PAIR C1=0,3,8,5,2,9,4,1,7 C2=0,5,1,9,3,7,4,2,8
ICZbeqt{_ PAIR C1=0,3,7,1,6,9,2,5,8 C2=0,5,1,9,3,6,2,8,7
ICZbeqty_ PAIR C1=0,7,1,6,3,8,5,2,9 C2=0,3,7,8,2,6,9,1,5
ICZbeqt\_ PAIR C1=0,3,6,9,2,8,5,1,7 C2=0,5,2,6,1,9,3,7,8
ICZbeqtV_ PAIR C1=0,3,7,1,4,9,6,2,8,5 C2=0,7,4,2,5,9,1,6,3,8
ICZbeqlz? PAIR C1=0,5,8,2,9,4,1,7 C2=0,8,7,4,2,5,1,9
ICZbeql{_ PAIR C1=0,3,6,9,2,8,5,1,7 C2=0,5,2,6,1,9,3,7,8
ICZbeq\v? PAIR C1=0,7,1,5,8,4,9 C2=0,5,9,1,4,7,8
ICZbeq\^? PAIR C1=0,3,9,4,8,5,1,7 C2=0,5,9,1,4,7,3,8
ICZbeq\V_ PAIR C1=0,3,9,4,8,5,1,7 C2=0,5,9,1,4,7,3,8
ICZbeo|^? NOPAIR
ICZbeo|{_ PAIR C1=1,6,3,8,7,4,2,9 C2=1,4,8,2,6,9,3,7
ICZbeo|\_ PAIR C1=1,6,3,8,7,4,2,9 C2=1,4,8,2,6,9,3,7
ICZbeo|V_ PAIR C1=1,5,2,8,7,4,9,3,6 C2=1,4,2,6,9,5,8,3,7
ICZbeqf}? PAIR C1=0,5,2,6,1,4,9,3,7,8 C2=0,3,6,8,5,1,7,4,2,9
ICZbeqfx_ NOPAIR
ICZbeqf\_ PAIR C1=0,3,6,1,9,5,2,8,7 C2=0,5,1,7,3,9,2,6,8
ICZbeqNy_ PAIR C1=0,7,8,5,2,4,1,6,9 C2=0,5,1,7,4,9,2,6,8
ICZbeonZ_ PAIR C1=1,5,2,4,8,6,9 C2=1,4,9,5,8,2,6
ICZbejwn? PAIR C1=0,7,3,8,1,5,2,4,9 C2=0,3,9,2,8,4,1,7,5
ICZbejwNO NOPAIR
ICZbejwLo PAIR C1=0,5,2,9,7,3,6,1,8 C2=0,3,8,2,6,9,5,1,7
ICZbejqn? PAIR C1=0,3,6,2,8,1,7,5,9 C2=0,7,3,9,2,5,1,6,8
ICZbejil_ PAIR C1=0,3,6,2,8,1,7,5,9 C2=0,7,3,9,2,5,1,6,8
ICZbejiho PAIR C1=0,5,7,1,6,8,2,9 C2=0,7,9,6,2,5,1,8
ICZbeiy}? PAIR C1=0,8,6,2,4,1,5,7,3,9 C2=0,5,2,9,4,8,3,6,1,7
ICZbeiy|? PAIR C1=0,8,2,5,7,1,6,3,9 C2=0,5,1,9,2,6,8,3,7
ICZbeiyv? PAIR C1=0,3,6,1,7,5,9,4,2,8 C2=0,5,2,6,8,4,1,9,3,7
ICZbeiyn? PAIR C1=0,5,7,1,6,3,8,4,2,9 C2=0,7,3,9,4,1,5,2,6,8
ICZbeiy^? PAIR C1=0,3,7,1,6,8,4,2,9,5 C2=0,7,5,1,4,9,3,6,2,8
ICZbeiy{_ PAIR C1=0,5,2,9,1,7,3,6,8 C2=0,7,5,1,6,2,8,3,9
ICZbeiyx_ PAIR C1=0,3,7,1,9,5,2,6,8 C2=0,7,5,1,6,3,8,2,9
ICZbeiyt_ NOPAIR
ICZbeiyl_ NOPAIR
ICZbeiy\_ PAIR C1=0,3,8,2,6,9,1,7,5 C2=0,7,3,9,2,5,1,6,8
ICZbeiyr_ PAIR C1=0,3,8,4,2,6,9,1,7,5 C2=0,7,3,6,8,2,5,1,4,9
ICZbeiyj_ PAIR C1=0,3,6,9,2,8,4,1,7,5 C2=0,7,3,8,6,1,5,2,4,9
ICZbeiyf_ PAIR C1=0,3,9,6,2,8,4,1,7,5 C2=0,7,3,8,6,1,5,2,4,9
ICZbeiyV_ PAIR C1=0,5,7,3,6,9,1,4,2,8 C2=0,3,9,4,8,6,2,5,1,7
ICZbeiy{O PAIR C1=0,5,7,1,9,3,6,2,8 C2=0,7,3,8,6,1,5,2,9
ICZbeiyyO PAIR C1=0,3,6,1,5,7,9,2,4,8 C2=0,5,2,6,8,3,7,1,4,9
ICZbeiyuO PAIR C1=0,3,8,4,2,6,1,5,7,9 C2=0,5,2,8,6,3,9,4,1,7
ICZbeiymO PAIR C1=0,3,8,4,2,6,1,5,7,9 C2=0,5,2,8,6,3,9,4,1,7
ICZbeiy]O PAIR C1=0,3,6,1,5,7,9,2,4,8 C2=0,5,2,6,8,3,9,4,1,7
ICZbeiyxO PAIR C1=0,3,6,1,5,7,9,2,8 C2=0,5,2,6,8,3,7,1,9
ICZbeiylO NOPAIR
ICZbeiy\O PAIR C1=0,3,7,1,5,9,2,6,8 C2=0,5,2,8,3,6,1,9,7
ICZbeiyVO PAIR C1=1,4,8,6,2,5,9,3,7 C2=1,5,7,9,4,2,8,3,6
ICZbeiyNO PAIR C1=1,4,8,6,2,5,9,3,7 C2=1,5,7,9,4,2,8,3,6
ICZbeiywo PAIR C1=0,5,2,9,1,7,3,6,8 C2=0,3,8,2,6,1,5,7,9
ICZbeiyso NOPAIR
ICZbeiyko NOPAIR
ICZbeiy[o PAIR C1=0,7,9,1,5,2,6,3,8 C2=0,3,9,2,8,6,1,7,5
ICZbeiyqo PAIR C1=0,5,1,6,3,8,2,4,9,7 C2=0,3,7,5,2,6,9,1,4,8
ICZbeiyio PAIR C1=0,5,1,4,2,6,9,7,3,8 C2=0,3,6,1,7,5,2,8,4,9
ICZbeiypo NOPAIR
ICZbeiyho PAIR C1=0,3,8,6,2,9,7,5 C2=0,7,3,6,9,5,2,8
ICZbeiyXo PAIR C1=0,3,8,6,2,9,7,5 C2=0,7,3,6,9,5,2,8
ICZbeiydo NOPAIR
ICZbeiyTo NOPAIR
ICZbeiyLo PAIR C1=0,3,8,6,9,2,5,7 C2=0,5,9,7,3,6,2,8
ICZbeiyRo PAIR C1=0,5,1,6,9,4,2,8,3,7 C2=0,3,6,2,5,9,7,1,4,8
ICZbehyho PAIR C1=0,7,1,6,3,8,2,5,9 C2=0,3,7,9,2,6,8,1,5
ICZbehyLo PAIR C1=1,6,8,2,5,9,3,7 C2=1,5,7,9,2,6,3,8
ICZbeiu}? PAIR C1=0,7,1,5,2,6,8,3,9 C2=0,5,7,3,6,1,9,2,8
ICZbeiu]O PAIR C1=0,3,9,7,1,6,8,2,5 C2=0,7,5,1,9,2,6,3,8
ICZbeiuio PAIR C1=0,5,2,6,8,3,7,9 C2=0,3,6,9,2,8,5,7
ICZbeiuMo PAIR C1=0,5,2,8,6,9,3,7 C2=0,3,6,2,9,7,5,8
ICZbei]y_ PAIR C1=0,5,2,6,1,9,4,8,3,7 C2=0,3,6,9,2,4,1,7,5,8
ICZbei]so PAIR C1=0,7,9,3,6,1,5,8 C2=0,3,8,6,9,1,7,5
ICZbeg}wo PAIR C1=0,5,2,8,3,6,1,9,7 C2=0,3,7,1,5,8,6,2,9
ICZbeir}? PAIR C1=0,3,9,2,8,6,1,5,7 C2=0,5,2,6,3,8,7,1,9
ICZbeir^? PAIR C1=0,7,3,6,1,5,9,2,8 C2=0,3,9,1,7,8,6,2,5
ICZbeirr_ PAIR C1=0,3,6,1,9,5,7,8 C2=0,5,1,7,3,8,6,9
ICZbay{[o PAIR C1=1,5,8,3,9,7,4,2,6 C2=1,4,8,2,5,7,3,6,9
ICZbayy}? PAIR C1=0,3,8,6,1,7,5,2,4,9 C2=0,5,1,9,2,6,3,7,4,8
ICZbayy|? PAIR C1=0,8,2,4,1,5,7,3,9 C2=0,3,8,4,7,1,9,2,5
ICZbayyz? PAIR C1=0,8,3,6,2,4,1,7,5,9 C2=0,3,7,4,8,6,1,9,2,5
ICZbayyv? PAIR C1=0,3,6,2,8,4,1,7,5,9 C2=0,5,2,4,7,3,9,1,6,8
ICZbayy^? PAIR C1=1,6,2,4,8,3,7,5,9 C2=1,5,2,8,6,3,9,4,7
ICZbayy]_ NOPAIR
ICZbayyf_ PAIR C1=0,5,7,4,1,6,2,8,3,9 C2=0,3,7,1,5,2,4,9,6,8
ICZbayyV_ PAIR C1=1,6,3,8,2,4,7,5,9 C2=1,5,2,6,8,4,9,3,7
ICZbayyN_ PAIR C1=1,4,7,5,9,2,8,3,6 C2=1,5,2,6,8,4,9,3,7
ICZbayy{O PAIR C1=0,3,8,2,9,1,4,7,5 C2=0,8,4,2,5,1,7,3,9
ICZbayyxO PAIR C1=0,8,3,7,4,1,6,2,5,9 C2=0,3,6,8,4,2,9,1,7,5
ICZbayylO PAIR C1=0,8,2,6,3,7,4,1,5,9 C2=0,3,9,2,4,8,6,1,7,5
ICZbayy\O PAIR C1=1,5,9,7,3,8,4,2,6 C2=1,4,7,5,2,8,6,3,9
ICZbayyZO NOPAIR
ICZbayyVO PAIR C1=1,6,2,4,8,3,9,5,7 C2=1,4,9,7,3,6,8,2,5
ICZbayyNO PAIR C1=1,6,2,4,8,3,9,5,7 C2=1,4,9,7,3,6,8,2,5
ICZbayyio PAIR C1=0,5,1,7,3,8,4,2,6,9 C2=0,3,6,1,4,9,7,5,2,8
ICZbayyYo NOPAIR
ICZbayyUo NOPAIR
ICZbayyMo NOPAIR
ICZbayypo PAIR C1=0,3,6,1,7,9,5,2,4,8 C2=0,5,1,4,7,3,8,2,6,9
ICZbayyho PAIR C1=0,3,6,1,7,9,5,2,4,8 C2=0,5,1,4,7,3,8,2,6,9
ICZbayyXo NOPAIR
ICZbayydo PAIR C1=0,3,9,6,1,5,7,4,2,8 C2=0,5,2,6,3,8,4,1,7,9
ICZbayyTo PAIR C1=1,5,7,4,2,8,3,6,9 C2=1,4,8,6,2,5,9,3,7
ICZbayyLo PAIR C1=1,4,7,5,2,8,3,9,6 C2=1,5,9,2,4,8,6,3,7
ICZbayybo PAIR C1=0,5,7,3,8,6,1,4,9 C2=0,3,6,9,5,1,7,4,8
ICZbayyRo NOPAIR
ICZbayyFo PAIR C1=1,4,8,2,5,7,9,3,6 C2=1,5,9,4,2,6,8,3,7
ICZbayu{O PAIR C1=1,6,3,9,2,8,5,7 C2=1,5,2,6,8,3,7,9
ICZbayu]O PAIR C1=1,6,3,9,2,8,5,7 C2=1,5,2,6,8,3,7,9
ICZbayu[o PAIR C1=1,6,3,9,2,8,5,7 C2=1,5,2,6,8,3,7,9
ICZbaymeo PAIR C1=0,8,5,7,3,6,1,4,9 C2=0,3,9,6,8,4,7,1,5
ICZbay]u_ PAIR C1=0,8,5,7,3,6,1,4,9 C2=0,3,9,6,8,4,7,1,5
ICZbay]]_ PAIR C1=1,5,8,3,7,4,9,2,6 C2=1,7,5,2,4,8,6,3,9
ICZbay]eo PAIR C1=0,3,9,4,7,1,6,8,5 C2=0,8,4,1,5,7,3,6,9
ICZbay]Uo NOPAIR
ICZbay]Mo PAIR C1=1,6,8,5,2,4,9,3,7 C2=1,4,8,3,6,2,9,7,5
ICZbaw}u_ PAIR C1=1,5,8,6,2,4,9,3,7 C2=1,4,7,5,2,8,3,6,9
ICZbayr}? PAIR C1=0,3,7,8,6,1,5,2,4,9 C2=0,5,7,4,1,9,2,6,3,8
ICZbayr|? PAIR C1=0,3,9,1,6,2,5,7,8 C2=0,5,1,7,3,6,8,2,9
ICZbayr^? PAIR C1=1,6,2,8,3,7,5,9 C2=1,5,2,9,3,6,8,7
ICZbayr\_ PAIR C1=1,6,2,8,3,7,5,9 C2=1,5,2,9,3,6,8,7
ICZbayjf_ PAIR C1=0,3,7,5,1,4,8,2,6,9 C2=0,5,2,4,9,3,6,1,7,8
ICZbawz|? PAIR C1=1,6,2,8,3,7,5,9 C2=1,5,2,9,3,6,8,7
ICZbmqw}? PAIR C1=0,3,9,1,4,8,2,6,5 C2=0,8,3,6,1,5,2,4,9
ICZbmqw|? PAIR C1=0,5,6,1,4,2,8,3,7 C2=0,3,6,2,5,1,7,4,8
ICZbmqwz? PAIR C1=0,5,6,1,4,2,8,3,7 C2=0,3,6,2,5,1,7,4,8
ICZbmqwv? PAIR C1=0,5,6,1,4,2,8,3,7 C2=0,3,6,2,5,1,7,4,8
ICZbmqw^? PAIR C1=0,5,6,1,4,2,8,3,7 C2=0,3,6,2,5,1,7,4,8
ICZbmqwx_ PAIR C1=0,5,6,1,4,2,8,3,7 C2=0,3,6,2,5,1,7,4,8
ICZbmqwt_ PAIR C1=0,5,6,1,4,2,8,3,7 C2=0,3,6,2,5,1,7,4,8
ICZbmqwr_ PAIR C1=0,5,6,1,4,2,8,3,7 C2=0,3,6,2,5,1,7,4,8
ICZbmqwZ_ PAIR C1=0,5,6,1,4,2,8,3,7 C2=0,3,6,2,5,1,7,4,8
ICZbmqwf_ PAIR C1=0,5,6,1,4,2,8,3,7 C2=0,3,6,2,5,1,7,4,8
ICZbmqw{O PAIR C1=0,5,6,1,4,2,8,3,7 C2=0,3,6,2,5,1,7,4,8
ICZbmqwyO PAIR C1=0,5,6,1,4,2,8,3,7 C2=0,3,6,2,5,1,7,4,8
ICZbmqwuO PAIR C1=0,5,6,1,4,2,8,3,7 C2=0,3,6,2,5,1,7,4,8
ICZbmqwmO PAIR C1=0,5,6,1,4,2,8,3,7 C2=0,3,6,2,5,1,7,4,8
ICZbmqwxO PAIR C1=0,5,6,1,4,2,8,3,7 C2=0,3,6,2,5,1,7,4,8
ICZbmqwtO PAIR C1=0,5,6,1,4,2,8,3,7 C2=0,3,6,2,5,1,7,4,8
ICZbmqwlO PAIR C1=0,5,6,1,4,2,8,3,7 C2=0,3,6,2,5,1,7,4,8
ICZbmqw\O PAIR C1=0,5,6,1,4,2,8,3,7 C2=0,3,6,2,5,1,7,4,8
ICZbmqwrO PAIR C1=0,5,6,1,4,2,8,3,7 C2=0,3,6,2,5,1,7,4,8
ICZbmqwjO PAIR C1=0,5,6,1,4,2,8,3,7 C2=0,3,6,2,5,1,7,4,8
ICZbmqwZO PAIR C1=0,5,6,1,4,2,8,3,7 C2=0,3,6,2,5,1,7,4,8
ICZbmqwVO PAIR C1=0,5,6,1,4,2,8,3,7 C2=0,3,6,2,5,1,7,4,8
ICZbmqwNO PAIR C1=0,5,6,1,4,2,8,3,7 C2=0,3,6,2,5,1,7,4,8
ICZbmqwXo PAIR C1=0,5,6,1,4,2,8,3,7 C2=0,3,6,2,5,1,7,4,8
ICZbmqwwW PAIR C1=0,5,6,1,4,2,8,3,7 C2=0,3,6,2,5,1,7,4,8
ICZbmqwYW PAIR C1=0,5,6,1,4,2,8,3,7 C2=0,3,6,2,5,1,7,4,8
ICZVDhy}? PAIR C1=0,6,1,9,4,2,8,3,5,7 C2=0,5,1,4,8,6,2,7,3,9
ICZVDhy|? PAIR C1=0,6,1,9,2,8,3,5,7 C2=0,5,1,8,6,2,7,3,9
ICZVDhyz? PAIR C1=0,6,1,8,2,7,3,5,9 C2=0,3,8,6,2,9,1,5,7
ICZVDhyv? PAIR C1=0,6,1,4,8,2,7,3,5,9 C2=0,3,8,6,2,4,9,1,5,7
ICZVDhyn? PAIR C1=0,6,1,4,8,3,5,9,2,7 C2=0,3,7,5,1,8,6,2,4,9
ICZVDhy^? PAIR C1=0,3,5,9,1,6,8,4,2,7 C2=0,5,7,3,8,1,4,9,2,6
ICZVDhy{_ PAIR C1=0,5,3,9,1,8,6,2,7 C2=0,6,1,5,7,3,8,2,9
ICZVDhyx_ PAIR C1=0,3,5,9,1,8,6,2,7 C2=0,6,1,5,7,3,8,2,9
ICZVDhyt_ NOPAIR
ICZVDhyl_ NOPAIR
ICZVDhy\_ PAIR C1=0,3,7,5,9,1,8,2,6 C2=0,5,1,6,8,3,9,2,7
ICZVDhyj_ PAIR C1=0,7,3,5,1,8,6,2,4,9 C2=0,3,8,4,1,6,9,2,7,5
ICZVDhyf_ PAIR C1=0,6,1,8,2,4,9,5,3,7 C2=0,3,8,4,1,5,7,2,6,9
ICZVDhyN_ PAIR C1=0,5,7,3,9,4,2,8,1,6 C2=0,3,8,4,1,5,9,6,2,7
ICZVDhyxO PAIR C1=0,3,7,5,1,9,2,8,6 C2=0,7,2,6,1,8,3,5,9
ICZVDhy\O PAIR C1=0,6,1,5,9,2,8,3,7 C2=0,3,9,1,8,6,2,7,5
ICZVDhyrO PAIR C1=0,6,8,2,4,1,5,7,9 C2=0,5,9,4,8,1,6,2,7
ICZVDhyZO PAIR C1=0,6,8,3,5,1,4,2,9,7 C2=0,3,7,2,6,1,8,4,9,5
ICZVDhyVO PAIR C1=0,3,5,9,7,2,8,4,1,6 C2=0,5,1,8,6,2,4,9,3,7
ICZVDhypo NOPAIR
ICZVDhyXo PAIR C1=0,5,9,1,8,3,7,2,6 C2=0,3,5,1,6,8,2,9,7
ICZVDhyTo NOPAIR
ICZVDhuyO PAIR C1=0,6,2,8,1,5,3,7,9 C2=0,3,8,6,1,9,2,7,5
ICZVDhuUo PAIR C1=0,3,7,5,8,1,9,6 C2=0,5,1,6,8,3,9,7
ICZVDhm{O PAIR C1=0,6,2,8,1,5,7,9 C2=0,5,8,6,1,9,2,7
ICZVDhmwo PAIR C1=0,6,2,8,1,5,7,9 C2=0,5,8,6,1,9,2,7
ICZVDhm[o PAIR C1=0,3,5,8,1,9,7,2,6 C2=0,5,1,6,8,2,9,3,7
ICZVDg}ko PAIR C1=0,5,3,8,2,7,9,6 C2=0,3,9,2,6,8,5,7
ICZVDZw^? PAIR C1=0,7,2,4,9,5,3,8 C2=0,3,9,2,8,4,7,5
ICZVDZwZ_ PAIR C1=0,6,9,4,2,7,5,1,8 C2=0,5,9,1,6,2,8,4,7
ICZVDZwN_ PAIR C1=0,6,2,9,5,7,4,1,8 C2=0,5,1,6,9,4,8,2,7
ICZVDZwXo PAIR C1=0,6,2,4,8,1,5,9,7 C2=0,5,7,4,1,6,9,2,8
ICZVDX{m_ PAIR C1=0,6,2,7,5,1,8,4,9 C2=0,5,8,2,9,6,1,4,7
ICZVDX{{O PAIR C1=0,3,8,4,2,7,5,1,9 C2=0,5,3,9,2,8,1,4,7
ICZVDX{wo PAIR C1=0,6,1,5,8,4,2,9,7 C2=0,5,7,4,1,8,2,6,9
ICZVDX{[o PAIR C1=0,3,8,4,2,9,7,5,1,6 C2=0,5,3,9,6,2,8,1,4,7
ICZVDX{qo PAIR C1=0,5,1,8,4,9,7,2,6 C2=0,7,5,8,2,4,1,6,9
ICZVDZq\O PAIR C1=0,5,9,7,2,6,1,8 C2=0,6,8,2,9,1,5,7
ICZVDZqRo PAIR C1=0,6,2,7,5,9,4,1,8 C2=0,5,1,9,6,8,2,4,7
ICZVDZi^? PAIR C1=0,6,1,4,9,5,7,2,8 C2=0,5,1,9,2,6,8,4,7
ICZVDZi\O PAIR C1=0,6,2,8,4,1,5,9,7 C2=0,5,7,4,2,9,1,6,8
ICZVDZiFo PAIR C1=0,6,8,1,5,9,4,7 C2=0,5,7,9,6,1,4,8
ICZVDZYXo PAIR C1=0,7,5,9,6,2,4,1,8 C2=0,5,1,9,2,7,4,8,6
ICZVDZYJo PAIR C1=0,6,2,9,4,8,1,5,7 C2=0,5,9,7,2,4,1,6,8
ICZVDZYFo PAIR C1=0,6,9,4,8,1,5,7 C2=0,5,9,7,4,1,6,8
ICZVDXy}? PAIR C1=0,6,2,4,9,1,8,3,5,7 C2=0,3,9,2,7,4,8,6,1,5
ICZVDXy|? PAIR C1=0,6,2,4,8,1,9,3,5,7 C2=0,3,8,6,1,4,7,2,9,5
ICZVDXyz? PAIR C1=0,7,5,1,6,8,2,4,9 C2=0,5,9,1,8,4,7,2,6
ICZVDXyn? PAIR C1=0,6,8,2,7,5,1,4,9 C2=0,5,9,2,6,1,8,4,7
ICZVDXy{O PAIR C1=0,6,2,8,3,5,1,4,7,9 C2=0,3,9,1,6,8,4,2,7,5
ICZVDXyyO NOPAIR
ICZVDXyxO PAIR C1=0,5,7,4,8,1,6,2,9 C2=0,6,8,2,4,1,5,9,7
ICZVDXytO PAIR C1=0,5,1,6,2,4,8,3,9,7 C2=0,3,5,9,1,4,7,2,8,6
ICZVDXy\O PAIR C1=0,5,1,6,2,4,8,3,9,7 C2=0,3,5,9,1,4,7,2,8,6
ICZVDXyrO PAIR C1=0,6,1,5,9,4,8,2,7 C2=0,5,7,4,2,6,8,1,9
ICZVDXyjO PAIR C1=0,5,1,6,2,8,4,9,7 C2=0,6,8,1,4,2,7,5,9
ICZVDXyso PAIR C1=0,3,5,1,6,8,4,2,7,9 C2=0,5,7,4,1,9,3,8,2,6
ICZVDXyqo NOPAIR
ICZVDXyYo PAIR C1=1,8,4,2,6,9 C2=1,4,9,2,8,6
ICZVDXypo PAIR C1=0,7,5,1,4,2,8,6,9 C2=0,5,9,1,8,4,7,2,6
ICZVDXj|? PAIR C1=0,6,2,8,4,1,9,5,7 C2=0,5,1,6,8,7,4,2,9
ICZVBY{y_ PAIR C1=0,5,7,1,6,2,8,4,9 C2=0,6,9,2,7,4,1,5,8
ICZVBY{qo PAIR C1=0,5,7,1,6,2,8,4,9 C2=0,6,9,7,2,4,1,5,8
ICZVBYy|? PAIR C1=0,5,7,1,9,3,8,4,2,6 C2=0,3,5,9,2,7,4,1,6,8
ICZVBYyz? PAIR C1=0,5,7,1,9,4,2,8,6 C2=0,8,4,7,2,6,1,5,9
ICZVBYyv? PAIR C1=0,5,7,1,9,4,2,8,6 C2=0,8,4,7,2,6,1,5,9
ICZVBYyn? PAIR C1=0,5,9,4,1,7,2,8,6 C2=0,8,4,7,5,1,6,2,9
ICZVBYy^? PAIR C1=0,3,8,2,7,5,9,4,1,6 C2=0,5,3,9,1,7,4,2,6,8
ICZVBYyy_ NOPAIR
ICZVBYyu_ PAIR C1=0,5,7,2,6,1,4,9,3,8 C2=0,3,5,1,7,4,2,8,6,9
ICZVBYy]_ PAIR C1=0,5,7,2,6,1,4,9,3,8 C2=0,3,5,1,7,4,8,2,9,6
ICZVBYyx_ PAIR C1=0,5,7,2,4,1,9,6,8 C2=0,6,2,8,4,7,1,5,9
ICZVBYy\_ PAIR C1=0,5,7,2,4,1,6,9,3,8 C2=0,3,5,9,1,7,4,8,2,6
ICZVBYyr_ PAIR C1=0,5,7,2,4,1,9,6,8 C2=0,6,2,8,4,7,1,5,9
ICZVBYyj_ PAIR C1=0,5,7,2,9,4,1,6,8 C2=0,6,2,8,4,7,1,5,9
ICZVBYyZ_ NOPAIR
ICZVBYyf_ PAIR C1=0,6,2,7,4,1,5,9,3,8 C2=0,3,5,7,1,6,8,2,4,9
ICZVBYy{O PAIR C1=0,5,1,4,8,3,9,7,2,6 C2=0,3,5,7,4,2,8,6,1,9
ICZVBYyyO NOPAIR
ICZVBYyxO PAIR C1=0,5,9,7,2,6,1,4,8 C2=0,6,8,2,4,7,5,1,9
ICZVBYytO PAIR C1=0,5,9,7,2,6,1,4,8 C2=0,6,8,2,4,7,5,1,9
ICZVBYylO PAIR C1=0,3,5,9,7,1,4,2,8,6 C2=0,5,1,6,2,7,4,8,3,9
ICZVBYy\O PAIR C1=0,3,8,6,1,7,4,2,9,5 C2=0,6,2,7,9,3,5,1,4,8
ICZVBYyrO PAIR C1=0,5,7,4,2,8,6,1,9 C2=0,6,2,7,9,5,1,4,8
ICZVBYyjO PAIR C1=0,5,7,1,4,8,6,2,9 C2=0,6,1,5,9,7,4,2,8
ICZVBYyfO PAIR C1=0,3,5,1,4,8,6,2,7,9 C2=0,5,9,3,8,2,4,7,1,6
ICZVBYywo NOPAIR
ICZVBYyso PAIR C1=0,5,3,8,6,1,4,2,7,9 C2=0,3,9,1,5,7,4,8,2,6
ICZVBYy[o PAIR C1=0,3,8,6,2,4,1,9,7,5 C2=0,6,1,5,3,9,2,7,4,8
ICZVBYyqo NOPAIR
ICZVBYyYo NOPAIR
ICZVBYyeo PAIR C1=0,6,9,7,2,4,1,5,3,8 C2=0,3,9,4,8,2,6,1,7,5
ICZVBYypo PAIR C1=0,5,1,4,8,6,2,7,9 C2=0,6,1,9,5,7,4,2,8
ICZVBYyho PAIR C1=0,8,4,2,6,1,7,5,9 C2=0,5,1,4,7,9,2,8,6
ICZVBYyXo NOPAIR
ICZVBYydo PAIR C1=0,3,9,7,2,6,8,4,1,5 C2=0,6,1,7,4,2,8,3,5,9
ICZVBYyTo PAIR C1=0,3,5,1,7,9,6,2,4,8 C2=0,5,9,3,8,2,7,4,1,6
ICZVBYybo PAIR C1=0,5,1,7,9,4,2,6,8 C2=0,6,1,4,8,2,7,5,9
ICZVBYyRo NOPAIR
ICZVBYyJo NOPAIR
ICZVBYyFo PAIR C1=0,3,5,1,7,9,4,2,6,8 C2=0,5,9,3,8,2,7,4,1,6
ICZVBW}wo NOPAIR
ICZVBW}[o NOPAIR
ICZVBW}eo PAIR C1=0,3,5,8,2,6,1,4,7,9 C2=0,5,1,7,2,4,9,3,8,6
ICZVBYj|? PAIR C1=0,6,8,4,2,7,5,1,9 C2=0,5,9,2,6,1,4,7,8
ICZVBYju_ NOPAIR
ICZTfbk]_ PAIR C1=0,3,6,9,4,2,8,1,7 C2=0,6,2,7,3,9,1,4,8
ICZTfbeNO PAIR C1=0,5,3,6,8,2,9,7 C2=0,6,2,7,3,9,5,8
ICZTfbeRo PAIR C1=0,6,8,1,9,5,3,7 C2=0,3,6,9,7,1,5,8
ICZTf`m}? PAIR C1=0,5,3,7,2,6,8,1,9 C2=0,6,3,9,2,8,5,1,7
ICZTf`mz? PAIR C1=0,3,5,9,1,8,6,2,7 C2=0,6,3,7,1,5,8,2,9
ICZTf`mn? PAIR C1=0,7,3,5,1,8,6,2,4,9 C2=0,5,8,4,1,7,2,9,3,6
ICZTf`mx_ PAIR C1=0,5,3,7,2,6,8,1,9 C2=0,3,6,9,2,8,5,1,7
ICZTf`mr_ PAIR C1=0,6,2,4,8,1,9,5,3,7 C2=0,3,6,9,4,1,7,2,8,5
ICZTf`mZ_ PAIR C1=0,6,2,4,8,1,9,5,3,7 C2=0,3,6,9,4,1,7,2,8,5
ICZTf`mf_ PAIR C1=0,6,2,4,8,1,7,3,5,9 C2=0,3,6,9,4,1,5,8,2,7
ICZTf`m{O PAIR C1=0,5,3,6,8,1,9,2,7 C2=0,3,9,7,1,5,8,2,6
ICZTf`myO PAIR C1=0,5,3,7,2,9,1,8,6 C2=0,3,6,2,8,5,1,7,9
ICZTf`muO PAIR C1=0,6,2,4,8,1,9,3,7 C2=0,3,6,8,2,7,1,4,9
ICZTf`mxO PAIR C1=0,5,3,7,9,1,8,2,6 C2=0,3,6,8,5,1,7,2,9
ICZTf`mlO NOPAIR
ICZTf`mrO PAIR C1=0,3,6,8,5,1,4,2,7,9 C2=0,5,3,7,1,9,4,8,2,6
ICZTf`mjO PAIR C1=0,7,2,6,3,5,8,1,4,9 C2=0,3,7,1,5,9,2,4,8,6
ICZTf`mZO PAIR C1=0,5,3,6,2,9,4,8,1,7 C2=0,3,7,9,5,1,4,2,8,6
ICZTf`mfO PAIR C1=0,3,6,2,7,1,8,4,9,5 C2=0,6,8,2,4,1,5,3,7,9
ICZTf`mpo NOPAIR
ICZTf`mXo NOPAIR
ICZTf`mdo NOPAIR
ICZTfRsUo PAIR C1=0,5,3,6,2,8,1,9,4,7 C2=0,3,8,5,1,4,2,7,9,6
ICZTfRkZO NOPAIR
ICZTfR[]O PAIR C1=0,5,3,9,7,1,4,8 C2=0,3,8,5,1,9,4,7
ICZTfR[VO PAIR C1=0,5,3,9,7,1,4,8 C2=0,3,8,5,1,9,4,7
ICZTfR[NO PAIR C1=0,5,3,9,7,1,4,8 C2=0,3,8,1,5,9,4,7
ICZTfR[Mo PAIR C1=0,6,2,7,4,9,3,5,1,8 C2=0,5,8,3,6,9,2,4,1,7
ICZTfR[Fo PAIR C1=0,3,9,5,1,7,4,8 C2=0,5,3,8,1,4,9,7
ICZTfQ{NO NOPAIR
ICZTfQ{Fo PAIR C1=0,7,2,4,9,6,3,8 C2=0,3,9,7,4,8,2,6
ICZTfP{}? PAIR C1=0,3,8,5,1,7,4,2,9 C2=0,5,3,9,4,1,8,2,7
ICZTfP{|? PAIR C1=0,3,8,5,1,7,4,2,9 C2=0,5,3,9,1,4,8,2,7
ICZTfP{z? NOPAIR
ICZTfP{v? NOPAIR
ICZTfP{n? PAIR C1=0,3,5,1,8,2,7,4,9 C2=0,5,8,3,9,2,4,1,7
ICZTfP{^? NOPAIR
ICZTfP{{_ PAIR C1=0,3,5,1,7,4,8,2,9 C2=0,5,8,3,9,1,4,2,7
ICZTfP{y_ PAIR C1=0,5,3,6,9,2,4,8,1,7 C2=0,3,8,5,1,9,4,7,2,6
ICZTfP{u_ PAIR C1=0,5,3,6,9,1,8,4,2,7 C2=0,3,9,4,7,1,5,8,2,6
ICZTfP{m_ PAIR C1=0,6,9,3,5,8,1,4,2,7 C2=0,5,1,7,4,8,3,6,2,9
ICZTfP{]_ PAIR C1=0,6,3,5,8,1,9,4,2,7 C2=0,3,9,6,2,8,4,7,1,5
ICZTfP{r_ PAIR C1=0,6,9,5,3,8,1,4,2,7 C2=0,3,6,2,8,5,1,7,4,9
ICZTfP{j_ PAIR C1=0,6,9,5,3,8,1,4,2,7 C2=0,3,6,2,8,5,1,7,4,9
ICZTfP{V_ PAIR C1=0,6,9,5,3,8,2,4,1,7 C2=0,3,6,2,7,4,9,1,8,5
ICZTfP{N_ PAIR C1=0,6,2,8,3,5,9,4,1,7 C2=0,3,6,9,2,7,4,8,1,5
ICZTfP{{O PAIR C1=0,7,4,2,8,3,5,1,9 C2=0,3,9,2,7,1,4,8,5
ICZTfP{yO NOPAIR
ICZTfP{uO PAIR C1=0,3,8,4,9,7,1,5 C2=0,7,4,1,8,5,3,9
ICZTfP{mO PAIR C1=0,3,8,4,9,7,1,5 C2=0,7,4,1,8,5,3,9
ICZTfP{]O NOPAIR
ICZTfP{xO NOPAIR
ICZTfP{tO NOPAIR
ICZTfP{lO PAIR C1=0,7,1,4,2,8,3,5,9 C2=0,3,9,2,7,4,8,1,5
ICZTfP{\O NOPAIR
ICZTfP{jO NOPAIR
ICZTfP{fO PAIR C1=0,3,8,5,1,4,7,9 C2=0,5,3,9,4,8,1,7
ICZTfP{NO NOPAIR
ICZTfP{wo PAIR C1=0,3,8,5,1,4,7,2,9,6 C2=0,5,3,6,2,4,8,1,7,9
ICZTfP{so PAIR C1=0,3,5,1,4,8,2,7,9,6 C2=0,5,8,3,6,2,4,7,1,9
ICZTfP{ko PAIR C1=0,5,3,9,6,2,4,8,1,7 C2=0,6,3,8,5,1,4,7,2,9
ICZTfP{[o PAIR C1=0,5,3,9,7,1,8,4,2,6 C2=0,3,6,9,2,8,5,1,4,7
ICZTfP{qo PAIR C1=0,5,3,8,2,4,1,7,9,6 C2=0,3,6,2,7,4,8,5,1,9
ICZTfP{eo PAIR C1=0,3,9,6,2,8,4,7,1,5 C2=0,6,3,5,8,1,4,2,7,9
ICZTfP{Uo PAIR C1=0,6,9,3,5,8,1,4,2,7 C2=0,3,6,2,8,4,9,7,1,5
ICZTfP{po PAIR C1=0,6,9,1,5,3,8,4,2,7 C2=0,3,6,2,8,1,4,7,9,5
ICZTfP{ho PAIR C1=0,6,9,2,4,8,3,5,1,7 C2=0,3,6,2,8,1,4,7,9,5
ICZTfP{Xo PAIR C1=0,6,9,2,4,8,3,5,1,7 C2=0,3,6,2,8,1,4,7,9,5
ICZTfP{To PAIR C1=0,3,5,8,4,2,7,1,9,6 C2=0,5,9,3,6,2,8,1,4,7
ICZTfP{Lo PAIR C1=0,6,9,2,8,3,5,1,4,7 C2=0,3,6,2,4,8,1,7,9,5
ICZTfP{bo PAIR C1=0,6,9,4,1,5,3,8,2,7 C2=0,3,6,2,4,8,1,7,9,5
ICZTfP{Fo PAIR C1=0,6,9,4,1,5,3,8,2,7 C2=0,3,6,2,4,8,1,7,9,5
ICZTfReXo NOPAIR
ICZTfPu}? PAIR C1=0,6,3,9,4,2,8,1,7 C2=0,3,8,6,2,7,4,1,9
ICZTfPux_ NOPAIR
ICZTfPu\_ NOPAIR
ICZTfPur_ PAIR C1=0,7,2,8,6,3,5,1,4,9 C2=0,3,8,1,7,4,2,6,9,5
ICZTfPuZ_ PAIR C1=0,5,8,3,6,9,1,4,2,7 C2=0,3,5,9,4,7,1,8,2,6
ICZTfPuV_ PAIR C1=0,5,8,3,6,9,1,4,2,7 C2=0,3,5,9,4,7,1,8,2,6
ICZTfPu{O PAIR C1=0,3,5,8,6,2,9,1,7 C2=0,5,1,8,2,7,9,3,6
ICZTfPuyO PAIR C1=0,5,8,3,6,2,9,4,1,7 C2=0,3,5,1,9,7,4,2,8,6
ICZTfPuuO PAIR C1=0,5,8,3,6,2,7,1,4,9 C2=0,3,5,1,9,7,4,2,8,6
ICZTfPu]O PAIR C1=0,5,8,3,6,2,9,4,1,7 C2=0,3,5,1,9,7,4,2,8,6
ICZTfPuxO PAIR C1=0,5,1,7,9,2,8,3,6 C2=0,3,5,9,1,8,6,2,7
ICZTfPutO NOPAIR
ICZTfPulO NOPAIR
ICZTfPu\O PAIR C1=0,3,6,8,2,7,9,1,5 C2=0,6,2,9,5,3,8,1,7
ICZTfPurO PAIR C1=0,3,6,8,2,4,9,7,1,5 C2=0,6,2,7,4,1,8,3,5,9
ICZTfPujO PAIR C1=0,3,6,8,2,4,9,7,1,5 C2=0,6,2,7,4,1,8,3,5,9
ICZTfPuZO PAIR C1=0,5,3,6,8,2,9,1,7 C2=0,3,8,1,5,9,7,2,6
ICZTfPufO PAIR C1=0,3,6,8,2,4,9,7,1,5 C2=0,6,2,7,4,1,8,3,5,9
ICZTfPuNO PAIR C1=0,5,1,8,6,3,9,2,4,7 C2=0,3,8,5,9,4,1,7,2,6
ICZTfPupo NOPAIR
ICZTfPuXo PAIR C1=0,5,1,9,7,2,8,3,6 C2=0,3,5,9,2,6,8,1,7
ICZTfPudo NOPAIR
ICZTfPuTo NOPAIR
ICZTfRMNO PAIR C1=0,5,3,9,7,1,8,4,2,6 C2=0,3,6,8,5,1,4,9,2,7
ICZTfRMJo PAIR C1=0,5,9,2,4,7,1,8,6 C2=0,7,2,6,9,4,1,5,8
ICZTfRMFo PAIR C1=0,3,9,6,8,4,7,1,5 C2=0,6,3,5,8,1,4,9,7
ICZTfQ]]O PAIR C1=0,6,8,5,3,9,2,4,1,7 C2=0,5,1,9,4,7,2,6,3,8
ICZTfQ]NO PAIR C1=0,6,8,3,5,9,2,4,7 C2=0,3,6,2,7,9,4,8,5
ICZTfQ]Ro PAIR C1=0,3,8,5,1,7,4,9,6 C2=0,5,3,6,8,4,1,9,7
ICZTfQ]Fo NOPAIR
ICZTeri]_ PAIR C1=0,6,3,9,4,8,1,7 C2=0,3,7,4,1,9,6,8
ICZTeriUo PAIR C1=0,6,3,9,4,8,1,7 C2=0,3,7,4,1,9,6,8
ICZTepm}? PAIR C1=0,5,8,1,4,9,2,6,3,7 C2=0,6,8,2,4,7,1,5,3,9
ICZTepmn? PAIR C1=0,5,8,1,4,9,2,6,3,7 C2=0,6,8,2,4,7,1,5,3,9
ICZTepmy_ PAIR C1=0,3,7,1,5,8,4,9,2,6 C2=0,5,3,6,9,1,8,2,4,7
ICZTepmu_ PAIR C1=0,6,3,7,1,5,8,4,9 C2=0,5,3,9,6,8,1,4,7
ICZTepmm_ PAIR C1=0,6,3,7,1,5,8,4,9 C2=0,5,3,9,6,8,1,4,7
ICZTepmt_ NOPAIR
ICZTepmr_ PAIR C1=0,3,6,8,5,9,1,4,7 C2=0,5,3,7,1,8,4,9,6
ICZTepmj_ PAIR C1=0,3,6,9,5,1,8,2,4,7 C2=0,5,3,7,1,4,8,6,2,9
ICZTepmf_ PAIR C1=0,3,5,1,8,6,9,4,7 C2=0,6,3,7,1,4,8,5,9
ICZTepmuO NOPAIR
ICZTepmmO PAIR C1=0,5,8,2,6,3,9,4,1,7 C2=0,6,8,1,5,3,7,4,2,9
ICZTepmxO PAIR C1=0,7,3,6,8,2,4,1,5,9 C2=0,3,5,8,4,7,1,9,2,6
ICZTepmtO NOPAIR
ICZTepmlO PAIR C1=0,5,9,3,6,8,2,4,1,7 C2=0,3,5,1,8,4,7,9,2,6
ICZTepmjO PAIR C1=0,5,9,4,2,8,6,3,7 C2=0,3,5,8,4,7,9,2,6
ICZTepmfO NOPAIR
ICZTepmwo PAIR C1=0,3,5,1,7,4,8,2,6,9 C2=0,5,8,1,4,2,9,7,3,6
ICZTepmso NOPAIR
ICZTepmqo PAIR C1=0,5,8,1,4,7,3,6,9 C2=0,3,5,1,7,9,4,8,6
ICZTepmio PAIR C1=0,5,8,1,4,7,3,6,9 C2=0,3,5,1,7,9,4,8,6
ICZTepmeo PAIR C1=0,5,8,1,4,7,3,6,9 C2=0,3,5,1,7,9,4,8,6
ICZTepmpo NOPAIR
ICZTepmho PAIR C1=0,6,2,8,1,4,7,3,5,9 C2=0,3,6,8,4,2,9,7,1,5
ICZTepmdo NOPAIR
ICZTepmbo PAIR C1=0,3,7,4,1,5,8,6,9 C2=0,6,3,5,9,4,8,1,7
ICZTepmJo PAIR C1=0,3,7,9,2,6,8,4,1,5 C2=0,6,3,5,9,4,2,8,1,7
ICZTepfy_ PAIR C1=0,3,7,4,1,5,8,6,2,9 C2=0,5,3,6,9,4,2,8,1,7
ICZTepft_ PAIR C1=0,3,7,1,5,8,6,9 C2=0,6,3,5,9,1,8,7
ICZTeZwMo PAIR C1=0,3,5,1,4,7,9,6,2,8 C2=0,5,7,1,8,4,2,9,3,6
ICZTeZi\_ PAIR C1=0,3,6,2,9,5,1,7,4,8 C2=0,6,8,2,4,1,9,3,5,7
ICZTeZiV_ PAIR C1=0,3,9,5,1,7,4,8,6 C2=0,7,5,3,6,9,4,1,8
ICZTeXy}? PAIR C1=0,3,6,8,2,9,4,7,1,5 C2=0,6,2,4,8,1,9,3,5,7
ICZTeXy|? PAIR C1=0,5,1,7,4,8,2,9,3,6 C2=0,7,5,3,8,6,2,4,1,9
ICZTeXyz? PAIR C1=0,3,6,8,2,4,7,1,5,9 C2=0,6,2,9,1,4,8,3,5,7
ICZTeXyv? NOPAIR
ICZTeXy^? PAIR C1=0,3,8,6,2,4,9,5,1,7 C2=0,5,7,4,1,8,2,9,3,6
ICZTeXyy_ PAIR C1=0,7,1,5,3,8,6,2,4,9 C2=0,3,6,9,2,8,1,4,7,5
ICZTeXyu_ PAIR C1=0,5,7,1,4,9,3,8,6 C2=0,7,4,8,1,5,3,6,9
ICZTeXy]_ PAIR C1=0,6,2,8,3,5,1,9,4,7 C2=0,3,6,9,2,4,8,1,7,5
ICZTeXyx_ PAIR C1=0,3,8,6,9,2,4,7,1,5 C2=0,7,5,3,6,2,8,4,1,9
ICZTeXyr_ PAIR C1=0,6,8,3,5,7,1,4,9 C2=0,3,6,9,5,1,8,4,7
ICZTeXyj_ PAIR C1=0,6,8,3,5,7,1,4,9 C2=0,3,6,9,5,1,8,4,7
ICZTeXyf_ PAIR C1=0,6,8,3,5,7,1,4,9 C2=0,3,6,9,5,1,8,4,7
ICZTeXyV_ PAIR C1=0,3,8,6,9,4,1,7,5 C2=0,6,3,5,9,1,8,4,7
ICZTeXy{O PAIR C1=0,5,1,9,2,6,3,8,4,7 C2=0,6,8,2,4,1,7,5,3,9
ICZTeXyyO PAIR C1=0,3,5,1,8,6,2,4,9,7 C2=0,5,7,4,1,9,2,8,3,6
ICZTeXyuO NOPAIR
ICZTeXymO PAIR C1=0,6,3,5,1,8,2,4,7,9 C2=0,3,8,6,2,9,4,1,7,5
ICZTeXyxO PAIR C1=0,6,2,4,8,3,5,1,7,9 C2=0,3,6,8,2,9,1,4,7,5
ICZTeXytO NOPAIR
ICZTeXyjO PAIR C1=0,3,8,6,2,4,9,7,1,5 C2=0,6,3,5,7,4,1,8,2,9
ICZTeXyfO NOPAIR
ICZTeXyqo PAIR C1=0,3,8,6,9,7,4,1,5 C2=0,6,3,5,7,1,8,4,9
ICZTeXyio PAIR C1=0,3,8,6,9,7,4,1,5 C2=0,6,3,5,7,1,8,4,9
ICZTeXybo PAIR C1=0,3,8,6,9,7,4,1,5 C2=0,6,3,5,7,1,8,4,9
ICZTdXy}? PAIR C1=0,5,1,8,3,9,2,4,7 C2=0,3,5,7,2,8,4,1,9
ICZTdXy|? PAIR C1=0,5,1,8,3,9,2,4,7 C2=0,3,5,7,2,8,4,1,9
ICZTdXyz? PAIR C1=0,3,5,7,4,2,6,8,1,9 C2=0,6,3,8,4,1,5,9,2,7
ICZTdXyn? PAIR C1=0,5,7,4,2,6,8,3,9 C2=0,6,3,5,9,4,8,2,7
ICZTdXy^? PAIR C1=0,6,8,3,9,2,4,1,5,7 C2=0,3,6,2,7,4,8,1,9,5
ICZTdXym_ NOPAIR
ICZTdXyx_ PAIR C1=0,6,8,3,5,1,4,7,2,9 C2=0,3,6,2,4,8,1,9,5,7
ICZTdXyl_ NOPAIR
ICZTdXy\_ PAIR C1=0,3,8,1,4,7,5,9,2,6 C2=0,5,1,9,3,6,8,4,2,7
ICZTdXyr_ PAIR C1=0,3,6,2,8,1,4,7,5,9 C2=0,6,8,3,5,1,9,4,2,7
ICZTdXyj_ PAIR C1=0,6,9,2,4,8,3,5,7 C2=0,3,6,8,2,7,4,9,5
ICZTdXyN_ PAIR C1=0,6,9,2,4,8,3,5,7 C2=0,3,6,8,2,7,4,9,5
ICZTdXy{O PAIR C1=0,7,2,4,8,3,5,1,9 C2=0,3,9,2,8,1,4,7,5
ICZTdXyuO PAIR C1=0,6,8,3,5,1,9,4,2,7 C2=0,5,7,4,1,8,2,6,3,9
ICZTdXymO PAIR C1=0,7,2,6,3,8,4,9 C2=0,3,9,7,4,2,8,6
ICZTdXy]O PAIR C1=0,5,3,6,8,1,9,4,2,7 C2=0,3,9,7,5,1,4,8,2,6
ICZTdXyxO PAIR C1=0,3,6,8,4,2,7,5,1,9 C2=0,5,3,8,1,4,7,9,2,6
ICZTdXylO NOPAIR
ICZTdXy\O PAIR C1=0,5,3,6,8,4,1,9,2,7 C2=0,3,8,1,5,9,7,4,2,6
ICZTdXyjO PAIR C1=0,6,3,5,9,2,8,4,7 C2=0,3,8,6,2,4,9,7,5
ICZTdXyfO PAIR C1=0,3,6,8,2,4,7,5,9 C2=0,5,3,8,4,9,7,2,6
ICZTdXyVO PAIR C1=0,3,5,9,1,4,7,2,8,6 C2=0,5,1,8,4,2,6,3,9,7
ICZTdXyNO PAIR C1=0,3,6,8,2,4,7,9,5 C2=0,6,2,9,4,8,3,5,7
ICZTdXywo PAIR C1=0,6,8,3,5,1,4,2,7,9 C2=0,3,6,2,9,1,8,4,7,5
ICZTdXyso PAIR C1=0,6,3,5,1,4,8,2,7,9 C2=0,3,9,1,8,6,2,4,7,5
ICZTdXyko NOPAIR
ICZTdXy[o PAIR C1=0,3,6,8,2,4,1,9,7,5 C2=0,6,2,9,3,5,1,8,4,7
ICZTdXyqo PAIR C1=0,3,5,7,9,4,1,8,6 C2=0,5,1,9,6,3,8,4,7
ICZTdXyeo PAIR C1=0,3,8,4,9,7,2,6 C2=0,7,4,2,8,6,3,9
ICZTdXyUo PAIR C1=0,3,9,4,2,7,5,1,8,6 C2=0,5,3,8,2,6,9,1,4,7
ICZTdXypo PAIR C1=0,3,6,9,1,8,4,2,7,5 C2=0,6,2,8,3,5,1,4,7,9
ICZTdXyho NOPAIR
ICZTdXyTo PAIR C1=0,3,9,1,5,7,4,8,2,6 C2=0,5,9,6,3,8,1,4,2,7
ICZTdXyLo NOPAIR
ICZTdXybo PAIR C1=0,6,2,4,8,3,5,7,9 C2=0,3,6,8,2,7,4,9,5
ICZTdXyRo PAIR C1=0,3,5,1,8,2,4,7,9,6 C2=0,5,9,1,4,8,3,6,2,7
ICZTdXyJo PAIR C1=0,5,3,8,4,7,2,9,6 C2=0,3,6,8,2,4,9,5,7
ICZTdXyFo PAIR C1=0,3,9,6,2,8,4,7,5 C2=0,6,8,3,5,9,4,2,7
ICZTdXuko PAIR C1=0,5,7,9,3,8,2,6 C2=0,3,5,8,6,9,2,7
ICZTdXm}? PAIR C1=0,6,2,4,8,1,9,3,5,7 C2=0,3,6,8,5,1,4,7,2,9
ICZTdXmy_ PAIR C1=0,6,9,2,4,8,1,5,7 C2=0,5,8,6,2,7,4,1,9
ICZTdXmm_ PAIR C1=0,3,6,9,2,7,4,8,5 C2=0,6,8,2,4,9,3,5,7
ICZTdXmwo PAIR C1=0,7,4,1,5,8,6,2,9 C2=0,5,7,2,4,8,1,9,6
ICZTdXmqo PAIR C1=0,5,8,1,4,9,6,2,7 C2=0,6,8,2,4,7,5,1,9
ICZTdXmUo PAIR C1=0,6,8,1,5,3,9,4,2,7 C2=0,3,6,2,8,4,1,9,7,5
ICZTdXZr_ NOPAIR
ICZTdXZj_ PAIR C1=0,5,9,2,7,4,8,3,6 C2=0,3,5,7,8,6,2,4,9
ICZTdWz}? PAIR C1=0,6,3,8,4,7,2,9 C2=0,3,9,4,2,6,8,7
ICZVRqs}? PAIR C1=0,5,8,3,7,2,4,1,9 C2=0,3,5,1,7,4,9,2,8
ICZVRqs|? PAIR C1=0,5,1,4,6,2,7,3,8 C2=0,3,5,8,2,4,7,1,6
ICZVRqsz? PAIR C1=0,5,1,4,6,2,7,3,8 C2=0,3,5,8,2,4,7,1,6
ICZVRqsv? PAIR C1=0,5,1,4,6,2,7,3,8 C2=0,3,5,8,2,4,7,1,6
ICZVRqsn? PAIR C1=0,5,1,4,6,2,7,3,8 C2=0,3,5,8,2,4,7,1,6
ICZVRqs{_ PAIR C1=0,5,1,4,6,2,7,3,8 C2=0,3,5,8,2,4,7,1,6
ICZVRqsy_ PAIR C1=0,5,1,4,6,2,7,3,8 C2=0,3,5,8,2,4,7,1,6
ICZVRqsu_ PAIR C1=0,5,1,4,6,2,7,3,8 C2=0,3,5,8,2,4,7,1,6
ICZVRqs]_ PAIR C1=0,5,1,4,6,2,7,3,8 C2=0,3,5,8,2,4,7,1,6
ICZVRqsx_ PAIR C1=0,5,1,4,6,2,7,3,8 C2=0,3,5,8,2,4,7,1,6
ICZVRqst_ PAIR C1=0,5,1,4,6,2,7,3,8 C2=0,3,5,8,2,4,7,1,6
ICZVRqsl_ PAIR C1=0,5,1,4,6,2,7,3,8 C2=0,3,5,8,2,4,7,1,6
ICZVRqs\_ PAIR C1=0,5,1,4,6,2,7,3,8 C2=0,3,5,8,2,4,7,1,6
ICZVRqsr_ PAIR C1=0,5,1,4,6,2,7,3,8 C2=0,3,5,8,2,4,7,1,6
ICZVRqsj_ PAIR C1=0,5,1,4,6,2,7,3,8 C2=0,3,5,8,2,4,7,1,6
ICZVRqsZ_ PAIR C1=0,5,1,4,6,2,7,3,8 C2=0,3,5,8,2,4,7,1,6
ICZVRqsf_ PAIR C1=0,5,1,4,6,2,7,3,8 C2=0,3,5,8,2,4,7,1,6
ICZVRqsN_ PAIR C1=0,5,1,4,6,2,7,3,8 C2=0,3,5,8,2,4,7,1,6
ICZVRqswo PAIR C1=0,5,1,4,6,2,7,3,8 C2=0,3,5,8,2,4,7,1,6
ICZVRqsso PAIR C1=0,5,1,4,6,2,7,3,8 C2=0,3,5,8,2,4,7,1,6
ICZVRqsYo PAIR C1=0,5,1,4,6,2,7,3,8 C2=0,3,5,8,2,4,7,1,6
ICZVRqseo PAIR C1=0,5,1,4,6,2,7,3,8 C2=0,3,5,8,2,4,7,1,6
ICZVRqsdo PAIR C1=0,5,1,4,6,2,7,3,8 C2=0,3,5,8,2,4,7,1,6
ICZVRqstG PAIR C1=0,5,1,4,6,2,7,3,8 C2=0,3,5,8,2,4,7,1,6
ICZVRqsfG PAIR C1=0,5,1,4,6,2,7,3,8 C2=0,3,5,8,2,4,7,1,6
ICZTv`k}? PAIR C1=0,3,7,2,6,4,8,1,5 C2=0,6,3,5,8,2,4,1,7
ICZTv`k|? PAIR C1=0,3,7,2,6,4,8,1,5 C2=0,6,3,5,8,2,4,1,7
ICZTv`kz? PAIR C1=0,3,7,2,6,4,8,1,5 C2=0,6,3,5,8,2,4,1,7
ICZTv`kv? PAIR C1=0,3,7,2,6,4,8,1,5 C2=0,6,3,5,8,2,4,1,7
ICZTv`kn? PAIR C1=0,3,7,2,6,4,8,1,5 C2=0,6,3,5,8,2,4,1,7
ICZTv`ky_ PAIR C1=0,3,7,2,6,4,8,1,5 C2=0,6,3,5,8,2,4,1,7
ICZTv`ku_ PAIR C1=0,3,7,2,6,4,8,1,5 C2=0,6,3,5,8,2,4,1,7
ICZTv`km_ PAIR C1=0,3,7,2,6,4,8,1,5 C2=0,6,3,5,8,2,4,1,7
ICZTv`kx_ PAIR C1=0,3,7,2,6,4,8,1,5 C2=0,6,3,5,8,2,4,1,7
ICZTv`kt_ PAIR C1=0,3,7,2,6,4,8,1,5 C2=0,6,3,5,8,2,4,1,7
ICZTv`kr_ PAIR C1=0,3,7,2,6,4,8,1,5 C2=0,6,3,5,8,2,4,1,7
ICZTv`kj_ PAIR C1=0,3,7,2,6,4,8,1,5 C2=0,6,3,5,8,2,4,1,7
ICZTv`kZ_ PAIR C1=0,3,7,2,6,4,8,1,5 C2=0,6,3,5,8,2,4,1,7
ICZTv`kf_ PAIR C1=0,3,7,2,6,4,8,1,5 C2=0,6,3,5,8,2,4,1,7
ICZTv`k{O PAIR C1=0,3,7,2,6,4,8,1,5 C2=0,6,3,5,8,2,4,1,7
ICZTv`kyO PAIR C1=0,3,7,2,6,4,8,1,5 C2=0,6,3,5,8,2,4,1,7
ICZTv`kuO PAIR C1=0,3,7,2,6,4,8,1,5 C2=0,6,3,5,8,2,4,1,7
ICZTv`kmO PAIR C1=0,3,7,2,6,4,8,1,5 C2=0,6,3,5,8,2,4,1,7
ICZTv`kxO PAIR C1=0,3,7,2,6,4,8,1,5 C2=0,6,3,5,8,2,4,1,7
ICZTv`ktO PAIR C1=0,3,7,2,6,4,8,1,5 C2=0,6,3,5,8,2,4,1,7
ICZTv`klO PAIR C1=0,3,7,2,6,4,8,1,5 C2=0,6,3,5,8,2,4,1,7
ICZTv`krO PAIR C1=0,3,7,2,6,4,8,1,5 C2=0,6,3,5,8,2,4,1,7
ICZTv`kjO PAIR C1=0,3,7,2,6,4,8,1,5 C2=0,6,3,5,8,2,4,1,7
ICZTv`kZO PAIR C1=0,3,7,2,6,4,8,1,5 C2=0,6,3,5,8,2,4,1,7
ICZTv`kfO PAIR C1=0,3,7,2,6,4,8,1,5 C2=0,6,3,5,8,2,4,1,7
ICZTv`kqo PAIR C1=0,3,7,2,6,4,8,1,5 C2=0,6,3,5,8,2,4,1,7
ICZTv`kio PAIR C1=0,3,7,2,6,4,8,1,5 C2=0,6,3,5,8,2,4,1,7
ICZTv`kYo PAIR C1=0,3,7,2,6,4,8,1,5 C2=0,6,3,5,8,2,4,1,7
ICZTv`keo PAIR C1=0,3,7,2,6,4,8,1,5 C2=0,6,3,5,8,2,4,1,7
ICZTv`kpo PAIR C1=0,3,7,2,6,4,8,1,5 C2=0,6,3,5,8,2,4,1,7
ICZTv`kXo PAIR C1=0,3,7,2,6,4,8,1,5 C2=0,6,3,5,8,2,4,1,7
ICZTv`kdo PAIR C1=0,3,7,2,6,4,8,1,5 C2=0,6,3,5,8,2,4,1,7
ICZTv`kbo PAIR C1=0,3,7,2,6,4,8,1,5 C2=0,6,3,5,8,2,4,1,7
ICZTv`kRo PAIR C1=0,3,7,2,6,4,8,1,5 C2=0,6,3,5,8,2,4,1,7
ICZTv`kJo PAIR C1=0,3,7,2,6,4,8,1,5 C2=0,6,3,5,8,2,4,1,7
ICZTv`kyG PAIR C1=0,3,7,2,6,4,8,1,5 C2=0,6,3,5,8,2,4,1,7
ICZTv`kuG PAIR C1=0,3,7,2,6,4,8,1,5 C2=0,6,3,5,8,2,4,1,7
ICZTv`krG PAIR C1=0,3,7,2,6,4,8,1,5 C2=0,6,3,5,8,2,4,1,7
ICZTv`kjG PAIR C1=0,3,7,2,6,4,8,1,5 C2=0,6,3,5,8,2,4,1,7
ICZTv`kZG PAIR C1=0,3,7,2,6,4,8,1,5 C2=0,6,3,5,8,2,4,1,7
ICZTv`kfG PAIR C1=0,3,7,2,6,4,8,1,5 C2=0,6,3,5,8,2,4,1,7
ICZTv`kbg PAIR C1=0,3,7,2,6,4,8,1,5 C2=0,6,3,5,8,2,4,1,7
ICZTv`kRg PAIR C1=0,3,7,2,6,4,8,1,5 C2=0,6,3,5,8,2,4,1,7
ICZTv`kqW PAIR C1=0,3,7,2,6,4,8,1,5 C2=0,6,3,5,8,2,4,1,7
ICZTv`kYW PAIR C1=0,3,7,2,6,4,8,1,5 C2=0,6,3,5,8,2,4,1,7
ICZTv`keW PAIR C1=0,3,7,2,6,4,8,1,5 C2=0,6,3,5,8,2,4,1,7
ICZTv`kbW PAIR C1=0,3,7,2,6,4,8,1,5 C2=0,6,3,5,8,2,4,1,7
ICZTv`kRW PAIR C1=0,3,7,2,6,4,8,1,5 C2=0,6,3,5,8,2,4,1,7
ICZTv`kJW PAIR C1=0,3,7,2,6,4,8,1,5 C2=0,6,3,5,8,2,4,1,7
ICZTv`kBw PAIR C1=0,3,7,2,6,4,8,1,5 C2=0,6,3,5,8,2,4,1,7
ICZLfbw]O NOPAIR
ICZLfbwNO PAIR C1=0,7,3,9,2,4,5,1,8 C2=0,3,8,2,7,1,4,9,5
ICZLfbwYo PAIR C1=0,6,9,2,4,1,8,3,7 C2=0,3,6,2,7,1,9,4,8
ICZLfbsNO PAIR C1=0,7,3,9,2,4,5,1,8 C2=0,3,8,2,7,1,4,9,5
ICZLfbsXo PAIR C1=0,3,7,2,8,5,1,9,6 C2=0,5,9,2,6,3,8,1,7
ICZLfbk]O NOPAIR
ICZLfbk\O NOPAIR
ICZLfbkZO NOPAIR
ICZLfbkNO NOPAIR
ICZLfbkYo NOPAIR
ICZLfbkXo NOPAIR
ICZLfbkJo NOPAIR
ICZLfb[NO PAIR C1=0,7,3,9,5,4,1,8 C2=0,3,8,4,9,7,1,5
ICZLfb[Fo PAIR C1=0,7,3,9,5,4,1,8 C2=0,3,8,4,9,7,1,5
ICZLfa{]O PAIR C1=0,7,3,9,1,4,5,8 C2=0,3,8,4,9,7,1,5
ICZLfa{NO NOPAIR
ICZLfa{Fo PAIR C1=0,6,3,8,2,4,5,9,7 C2=0,3,7,2,6,9,4,8,5
ICZLf`{}? PAIR C1=0,5,4,1,9,3,8,2,7 C2=0,3,7,1,5,8,4,2,9
ICZLf`{|? PAIR C1=0,5,4,1,9,3,8,2,7 C2=0,3,7,1,5,8,4,2,9
ICZLf`{z? NOPAIR
ICZLf`{n? PAIR C1=0,5,4,1,8,3,7,2,9 C2=0,3,9,4,2,8,5,1,7
ICZLf`{{_ PAIR C1=0,5,4,1,7,3,8,2,9 C2=0,3,9,1,5,8,4,2,7
ICZLf`{y_ PAIR C1=0,5,4,9,2,6,3,8,1,7 C2=0,3,7,2,4,8,5,1,9,6
ICZLf`{u_ PAIR C1=0,5,4,8,1,9,3,6,2,7 C2=0,3,7,1,5,8,2,4,9,6
ICZLf`{m_ PAIR C1=0,5,8,1,4,9,3,6,2,7 C2=0,3,7,1,5,4,8,2,9,6
ICZLf`{x_ PAIR C1=0,3,6,2,7,1,4,8,5,9 C2=0,6,9,2,4,5,1,8,3,7
ICZLf`{t_ PAIR C1=0,7,1,4,5,8,2,6,3,9 C2=0,3,7,2,4,8,1,5,9,6
ICZLf`{l_ PAIR C1=0,7,1,4,5,8,2,6,3,9 C2=0,3,7,2,4,8,1,5,9,6
ICZLf`{\_ PAIR C1=0,5,8,3,6,2,9,1,7 C2=0,3,7,2,8,1,5,9,6
ICZLf`{f_ PAIR C1=0,5,8,2,6,3,9,4,1,7 C2=0,3,7,2,4,8,1,5,9,6
ICZLf`{{O PAIR C1=0,3,9,1,4,5,8,2,7 C2=0,5,1,7,3,8,4,2,9
ICZLf`{yO NOPAIR
ICZLf`{uO PAIR C1=0,7,1,4,5,8,3,9 C2=0,3,7,9,4,8,1,5
ICZLf`{mO PAIR C1=0,7,1,4,5,8,3,9 C2=0,3,7,9,4,8,1,5
ICZLf`{]O NOPAIR
ICZLf`{xO NOPAIR
ICZLf`{tO NOPAIR
ICZLf`{lO PAIR C1=0,3,8,2,7,1,4,5,9 C2=0,5,1,8,4,2,9,3,7
ICZLf`{\O NOPAIR
ICZLf`{jO NOPAIR
ICZLf`{fO PAIR C1=0,3,9,4,5,8,1,7 C2=0,5,1,4,8,3,7,9
ICZLf`{NO NOPAIR
ICZLf`{wo PAIR C1=0,3,8,5,4,1,7,2,9,6 C2=0,5,1,8,4,2,6,3,7,9
ICZLf`{io PAIR C1=0,3,8,5,4,1,7,2,9,6 C2=0,5,1,8,4,2,6,3,7,9
ICZLf`{Yo PAIR C1=0,3,8,5,4,1,9,7,2,6 C2=0,5,1,8,4,2,9,6,3,7
ICZLf`{eo PAIR C1=0,3,9,7,1,4,5,8,2,6 C2=0,5,1,8,4,2,7,3,6,9
ICZLf`{Uo PAIR C1=0,6,2,8,5,4,1,9,3,7 C2=0,3,6,9,7,2,4,8,1,5
ICZLf`{Mo PAIR C1=0,6,9,3,8,1,5,4,2,7 C2=0,3,6,2,9,7,1,4,8,5
ICZLf`{po PAIR C1=0,3,8,4,5,1,7,2,6,9 C2=0,5,8,2,4,1,9,7,3,6
ICZLf`{ho PAIR C1=0,3,8,4,5,1,7,2,6,9 C2=0,5,8,1,4,2,9,7,3,6
ICZLf`{Xo PAIR C1=0,6,9,2,4,5,1,8,3,7 C2=0,3,6,2,8,4,1,7,9,5
ICZLf`{do PAIR C1=0,6,9,3,8,1,5,4,2,7 C2=0,3,6,2,8,4,1,7,9,5
ICZLf`{To PAIR C1=0,6,9,3,8,1,5,4,2,7 C2=0,3,6,2,8,4,1,7,9,5
ICZLf`{Lo PAIR C1=0,6,9,3,8,1,5,4,2,7 C2=0,3,6,2,8,4,1,7,9,5
ICZLf`{Jo PAIR C1=0,3,8,1,5,4,2,6,9,7 C2=0,5,9,2,8,4,1,7,3,6
ICZLf`{Fo PAIR C1=0,3,9,7,1,5,4,8,2,6 C2=0,5,9,6,3,8,1,4,2,7
ICZLfbqXo NOPAIR
ICZLfbi]O PAIR C1=0,6,2,9,3,7,1,4,8 C2=0,3,6,8,1,9,4,2,7
ICZLfbiYo NOPAIR
ICZLfbiUo PAIR C1=0,6,9,3,7,2,4,1,8 C2=0,3,6,2,8,4,9,1,7
ICZLfbiXo PAIR C1=0,7,1,4,5,9,6,2,8 C2=0,5,1,9,7,2,4,8,6
ICZLfbYYo PAIR C1=0,3,6,9,2,7,1,4,8 C2=0,6,2,4,9,1,8,3,7
ICZLfbYXo PAIR C1=0,3,7,2,6,9,5,4,1,8 C2=0,5,1,7,9,2,4,8,3,6
ICZLfay]O NOPAIR
ICZLfayNO NOPAIR
ICZLfayRo PAIR C1=0,5,9,7,1,4,2,8,6 C2=0,7,2,6,9,1,5,4,8
ICZLf`y}? PAIR C1=0,3,6,2,9,4,8,1,7 C2=0,6,8,3,7,2,4,1,9
ICZLf`y|? PAIR C1=0,5,4,8,1,7,2,9,3,6 C2=0,7,3,8,6,2,4,1,5,9
ICZLf`yz? PAIR C1=0,3,6,2,9,4,8,1,7 C2=0,6,8,3,7,2,4,1,9
ICZLf`yv? PAIR C1=0,6,3,9,1,5,4,8,2,7 C2=0,3,7,1,8,6,2,4,9,5
ICZLf`yn? PAIR C1=0,7,2,4,5,1,8,6,3,9 C2=0,5,9,4,1,7,3,8,2,6
ICZLf`y{_ NOPAIR
ICZLf`yy_ PAIR C1=0,7,3,6,8,1,4,2,9 C2=0,3,8,4,9,1,7,2,6
ICZLf`yu_ PAIR C1=0,7,3,6,2,8,1,4,9 C2=0,3,9,1,7,2,4,8,6
ICZLf`ym_ NOPAIR
ICZLf`y]_ NOPAIR
ICZLf`yr_ PAIR C1=0,3,6,8,1,5,9,4,2,7 C2=0,5,4,1,7,3,8,2,6,9
ICZLf`yV_ PAIR C1=0,6,3,8,1,5,9,4,2,7 C2=0,3,7,1,9,6,2,8,4,5
ICZLf`yN_ PAIR C1=0,3,9,5,4,1,8,6,2,7 C2=0,5,1,7,3,8,2,4,9,6
ICZLf`y{O NOPAIR
ICZLf`yyO PAIR C1=0,3,6,8,1,4,9,2,7 C2=0,6,2,4,8,3,7,1,9
ICZLf`yuO PAIR C1=0,6,3,9,1,4,8,2,7 C2=0,3,7,1,8,6,2,4,9
ICZLf`ymO NOPAIR
ICZLf`y]O NOPAIR
ICZLf`yxO PAIR C1=0,3,6,8,2,4,5,1,7,9 C2=0,5,9,1,4,8,3,7,2,6
ICZLf`ylO PAIR C1=0,5,4,2,6,3,8,1,7,9 C2=0,3,7,2,9,5,1,4,8,6
ICZLf`y\O PAIR C1=0,3,6,8,2,4,1,7,9,5 C2=0,6,2,9,1,5,4,8,3,7
ICZLf`yjO PAIR C1=0,3,6,8,2,4,1,7,9,5 C2=0,6,2,9,4,5,1,8,3,7
ICZLf`yfO PAIR C1=0,3,7,9,4,2,6,8,1,5 C2=0,6,3,8,2,7,1,4,5,9
ICZLf`yVO PAIR C1=0,3,6,2,8,1,5,4,9,7 C2=0,5,9,1,4,2,7,3,8,6
ICZLf`yNO PAIR C1=0,6,2,4,9,5,1,8,3,7 C2=0,3,6,8,2,9,7,1,4,5
ICZLf`ywo NOPAIR
ICZLf`yso NOPAIR
ICZLf`yko NOPAIR
ICZLf`y[o NOPAIR
ICZLf`yqo PAIR C1=0,3,8,4,2,6,9,1,7 C2=0,6,3,7,2,8,1,4,9
ICZLf`yio NOPAIR
ICZLf`yYo NOPAIR
ICZLf`yeo NOPAIR
ICZLf`yUo NOPAIR
ICZLf`yMo NOPAIR
ICZLf`ypo PAIR C1=0,5,9,1,4,8,3,6,2,7 C2=0,3,7,1,5,4,2,8,6,9
ICZLf`yho PAIR C1=0,5,9,6,3,8,1,4,2,7 C2=0,3,7,1,5,4,8,6,2,9
ICZLf`yXo PAIR C1=0,3,8,6,9,5,1,4,2,7 C2=0,5,4,8,2,9,1,7,3,6
ICZLf`yTo PAIR C1=0,3,8,4,1,5,9,6,2,7 C2=0,5,4,2,8,1,9,7,3,6
ICZLf`ybo PAIR C1=0,3,7,2,8,4,1,5,9,6 C2=0,5,4,2,6,3,8,1,7,9
ICZLfbeRo PAIR C1=0,6,9,5,4,1,8,2,7 C2=0,5,1,7,9,4,2,6,8
ICZLfauNO NOPAIR
ICZLfauLo PAIR C1=0,6,9,2,8,3,7 C2=0,3,9,7,2,6,8
ICZLf`u}? PAIR C1=0,5,8,1,4,2,9,3,7 C2=0,3,8,2,7,1,5,4,9
ICZLf`u|? PAIR C1=0,5,8,1,9,3,6,2,7 C2=0,3,7,1,5,9,2,8,6
ICZLf`uz? PAIR C1=0,6,2,7,3,8,1,5,4,9 C2=0,3,6,8,5,9,2,4,1,7
ICZLf`uv? PAIR C1=0,6,2,7,3,8,5,1,4,9 C2=0,3,6,8,2,4,5,9,1,7
ICZLf`un? PAIR C1=0,6,3,8,5,1,4,9,2,7 C2=0,3,7,1,8,6,2,4,5,9
ICZLf`u{_ NOPAIR
ICZLf`uu_ PAIR C1=0,6,3,7,2,8,5,1,4,9 C2=0,5,4,2,6,8,3,9,1,7
ICZLf`ux_ PAIR C1=0,6,3,8,2,9,5,1,7 C2=0,3,7,2,6,9,1,8,5
ICZLf`ut_ NOPAIR
ICZLf`ul_ NOPAIR
ICZLf`u\_ PAIR C1=0,6,3,8,5,1,9,2,7 C2=0,3,7,1,8,2,6,9,5
ICZLf`ur_ PAIR C1=0,5,8,1,9,4,2,7,3,6 C2=0,3,8,2,6,9,5,4,1,7
ICZLf`uj_ PAIR C1=0,5,1,4,9,2,8,6,3,7 C2=0,3,8,1,7,2,4,5,9,6
ICZLf`uf_ PAIR C1=0,7,3,6,2,8,5,1,4,9 C2=0,3,8,1,7,2,4,5,9,6
ICZLf`u{O NOPAIR
ICZLf`uuO PAIR C1=0,6,3,7,2,8,5,4,1,9 C2=0,3,8,6,2,4,9,7,1,5
ICZLf`umO PAIR C1=0,7,3,6,8,5,1,4,2,9 C2=0,5,4,9,3,8,1,7,2,6
ICZLf`uxO NOPAIR
ICZLf`utO NOPAIR
ICZLf`ulO NOPAIR
ICZLf`u\O PAIR C1=0,5,8,2,9,1,7,3,6 C2=0,3,9,5,1,8,6,2,7
ICZLf`urO PAIR C1=0,3,6,2,8,5,4,1,7,9 C2=0,5,1,9,4,2,7,3,8,6
ICZLf`ujO PAIR C1=0,6,3,7,2,8,1,4,5,9 C2=0,3,8,6,2,4,9,7,1,5
ICZLf`uZO PAIR C1=0,5,4,1,8,2,9,7,3,6 C2=0,3,8,6,2,4,9,5,1,7
ICZLf`ufO PAIR C1=0,6,3,7,2,8,1,4,5,9 C2=0,3,8,6,2,4,9,7,1,5
ICZLf`uVO PAIR C1=0,3,6,2,8,1,4,5,9,7 C2=0,5,1,9,4,2,7,3,8,6
ICZLf`uNO PAIR C1=0,3,6,8,2,9,7,1,4,5 C2=0,6,2,4,9,5,1,8,3,7
ICZLf`uwo NOPAIR
ICZLf`uko NOPAIR
ICZLf`u[o NOPAIR
ICZLf`uqo PAIR C1=0,5,4,1,9,7,3,8,2,6 C2=0,3,6,8,5,1,7,2,4,9
ICZLf`uio PAIR C1=0,5,4,1,8,3,7,9,2,6 C2=0,3,6,8,5,1,7,2,4,9
ICZLf`uYo PAIR C1=0,5,1,4,2,9,7,3,8,6 C2=0,3,6,2,8,5,4,9,1,7
ICZLf`uUo PAIR C1=0,5,8,3,6,2,4,1,9,7 C2=0,3,9,4,5,1,7,2,8,6
ICZLf`uMo PAIR C1=0,5,4,2,9,7,1,8,3,6 C2=0,3,9,4,1,5,8,6,2,7
ICZLf`upo PAIR C1=0,5,1,9,7,3,8,6 C2=0,3,6,9,5,8,1,7
ICZLf`uho NOPAIR
ICZLf`uXo PAIR C1=0,3,7,9,5,1,8,6 C2=0,5,8,3,6,9,1,7
ICZLf`uTo PAIR C1=0,3,7,9,5,1,8,6 C2=0,5,8,3,6,9,1,7
ICZLf`uLo NOPAIR
ICZLfbM[o PAIR C1=0,6,3,7,9,2,4,1,5,8 C2=0,3,9,6,2,7,1,8,4,5
ICZLfbMYo PAIR C1=0,6,2,9,7,1,4,5,8 C2=0,5,1,8,6,9,4,2,7
ICZLfbMUo PAIR C1=0,3,6,8,1,5,4,9,7 C2=0,5,8,4,1,7,3,9,6
ICZLfbMXo PAIR C1=0,6,8,1,5,4,2,9,7 C2=0,5,9,6,2,7,1,4,8
ICZLfamRo PAIR C1=0,6,8,2,4,5,1,9,7 C2=0,5,9,6,2,7,1,4,8
ICZLfamFo PAIR C1=0,5,4,8,2,6,3,9,7 C2=0,3,7,2,4,9,5,8,6
ICZLf`mn? PAIR C1=0,7,3,6,2,8,1,4,5,9 C2=0,3,9,4,2,7,1,5,8,6
ICZLf`my_ NOPAIR
ICZLf`mu_ PAIR C1=0,3,9,4,8,5,1,7,2,6 C2=0,5,4,2,8,1,9,6,3,7
ICZLf`m]_ PAIR C1=0,3,9,4,8,5,1,7,2,6 C2=0,5,4,2,8,1,9,6,3,7
ICZLf`mx_ NOPAIR
ICZLf`m\_ PAIR C1=0,5,8,4,1,9,3,7,2,6 C2=0,3,6,9,5,4,2,8,1,7
ICZLf`mj_ NOPAIR
ICZLf`mN_ PAIR C1=0,5,8,1,4,2,7,3,9,6 C2=0,3,6,2,8,4,9,5,1,7
ICZLf`m{O PAIR C1=0,5,8,4,1,9,3,7,2,6 C2=0,3,6,8,2,4,5,1,7,9
ICZLf`myO NOPAIR
ICZLf`muO PAIR C1=0,5,4,1,8,2,7,9,3,6 C2=0,3,7,1,5,8,6,2,4,9
ICZLf`mmO PAIR C1=0,5,4,1,8,2,7,9,3,6 C2=0,3,7,1,5,8,6,2,4,9
ICZLf`m]O PAIR C1=0,3,6,8,4,2,9,7,1,5 C2=0,6,2,8,5,4,1,9,3,7
ICZLf`mxO NOPAIR
ICZLf`mtO PAIR C1=0,5,4,1,9,3,7,2,8,6 C2=0,3,6,2,4,8,5,1,7,9
ICZLf`mlO PAIR C1=0,3,9,7,2,4,5,1,8,6 C2=0,5,8,4,1,7,3,6,2,9
ICZLf`m\O PAIR C1=0,3,9,7,2,4,5,1,8,6 C2=0,5,8,4,1,9,2,6,3,7
ICZLf`mrO NOPAIR
ICZLf`mjO NOPAIR
ICZLf`mfO PAIR C1=0,5,1,4,2,8,6,3,7,9 C2=0,3,9,5,4,8,1,7,2,6
ICZLf`mwo PAIR C1=0,5,8,2,4,1,7,9,6 C2=0,7,2,6,8,4,5,1,9
ICZLf`mso PAIR C1=0,5,8,2,4,1,7,9,6 C2=0,7,2,6,8,4,5,1,9
ICZLf`m[o PAIR C1=0,5,8,2,4,1,7,3,9,6 C2=0,3,6,8,4,5,1,9,2,7
ICZLf`mqo PAIR C1=0,5,8,2,4,1,7,9,6 C2=0,7,2,6,8,4,5,1,9
ICZLf`mYo NOPAIR
ICZLf`meo PAIR C1=0,3,9,7,1,8,5,4,2,6 C2=0,5,1,4,8,2,7,3,6,9
ICZLf`mpo PAIR C1=0,7,1,8,6,2,4,5,9 C2=0,5,1,4,8,2,7,9,6
ICZLf`mho PAIR C1=0,7,1,8,6,2,4,5,9 C2=0,5,1,4,8,2,7,9,6
ICZLf`mXo NOPAIR
ICZLf`mdo PAIR C1=0,3,6,2,4,5,8,1,7,9 C2=0,5,1,4,8,2,7,3,9,6
ICZLf`mbo PAIR C1=0,7,1,8,6,2,4,5,9 C2=0,5,1,4,8,2,7,9,6
ICZLf`mFo PAIR C1=0,3,9,5,8,4,1,7,2,6 C2=0,5,1,8,2,4,9,6,3,7
ICZLf`]}? PAIR C1=0,5,8,3,9,4,1,7,2,6 C2=0,7,3,6,8,1,5,4,2,9
ICZLf`]n? PAIR C1=0,5,8,3,9,4,1,7,2,6 C2=0,7,3,6,8,1,5,4,2,9
ICZLf`]{_ PAIR C1=0,3,9,6,2,7,1,4,8,5 C2=0,7,3,6,8,1,5,4,2,9
ICZLf`]y_ PAIR C1=0,5,1,4,2,7,3,8,6,9 C2=0,3,6,2,9,4,5,8,1,7
ICZLf`]u_ NOPAIR
ICZLf`]x_ PAIR C1=0,3,6,2,4,8,5,9,1,7 C2=0,5,4,1,8,3,7,2,9,6
ICZLf`]t_ NOPAIR
ICZLf`]l_ PAIR C1=0,6,3,9,2,4,8,5,1,7 C2=0,5,4,1,8,3,7,2,6,9
ICZLf`]\_ PAIR C1=0,6,2,4,8,5,1,9,3,7 C2=0,3,8,6,9,2,7,1,4,5
ICZLf`]f_ NOPAIR
ICZLf`]V_ NOPAIR
ICZLf`]N_ PAIR C1=0,3,7,1,4,9,2,6,8,5 C2=0,6,9,3,8,1,5,4,2,7
ICZLf`]{O PAIR C1=0,3,6,2,9,7,1,4,8,5 C2=0,6,8,1,5,4,2,7,3,9
ICZLf`]yO PAIR C1=0,3,6,2,7,9,4,1,8,5 C2=0,6,8,3,7,1,5,4,2,9
ICZLf`]uO PAIR C1=0,3,7,9,4,1,8,5 C2=0,7,1,5,4,8,3,9
ICZLf`]mO PAIR C1=0,3,7,9,4,1,8,5 C2=0,7,1,5,4,8,3,9
ICZLf`]]O PAIR C1=0,3,8,1,5,4,9,7,2,6 C2=0,5,8,6,3,9,2,4,1,7
ICZLf`]xO PAIR C1=0,6,8,3,7,2,4,5,1,9 C2=0,3,6,2,9,7,1,4,8,5
ICZLf`]tO NOPAIR
ICZLf`]lO PAIR C1=0,3,9,7,1,8,5,4,2,6 C2=0,5,1,4,8,6,3,7,2,9
ICZLf`]\O PAIR C1=0,3,7,9,1,8,5,4,2,6 C2=0,5,1,4,8,6,3,9,2,7
ICZLf`]rO NOPAIR
ICZLf`]jO PAIR C1=0,6,2,9,5,4,1,8,3,7 C2=0,3,6,8,5,1,7,2,4,9
ICZLf`]fO PAIR C1=0,3,9,4,5,8,1,7 C2=0,5,1,4,8,3,7,9
ICZLf`]VO NOPAIR
ICZLf`]NO PAIR C1=0,3,6,8,1,7,2,9,4,5 C2=0,6,2,4,1,5,8,3,9,7
ICZLf`]wo PAIR C1=0,3,6,9,2,7,1,8,4,5 C2=0,6,2,4,1,5,8,3,7,9
ICZLf`]so NOPAIR
ICZLf`][o PAIR C1=0,3,6,9,2,4,8,5,1,7 C2=0,5,4,1,8,3,9,7,2,6
ICZLf`]qo PAIR C1=0,3,8,5,4,1,7,9,6 C2=0,5,1,9,4,8,6,3,7
ICZLf`]io PAIR C1=0,5,4,1,8,3,7,9,2,6 C2=0,3,6,8,5,1,7,2,4,9
ICZLf`]eo PAIR C1=0,3,7,9,6,8,1,4,5 C2=0,6,3,9,4,8,5,1,7
ICZLf`]Uo PAIR C1=0,3,7,9,6,8,1,4,5 C2=0,6,3,9,4,8,5,1,7
ICZLf`]po PAIR C1=0,5,1,8,3,7,9,6 C2=0,3,6,8,5,9,1,7
ICZLf`]ho PAIR C1=0,5,4,1,8,3,7,9,2,6 C2=0,3,6,8,4,2,7,1,5,9
ICZLf`]do NOPAIR
ICZLf`]To PAIR C1=0,5,1,8,3,7,9,6 C2=0,3,6,8,5,9,1,7
ICZLf`]Lo PAIR C1=0,5,4,1,8,3,6,2,9,7 C2=0,3,9,5,1,7,2,4,8,6
ICZLf`]bo PAIR C1=0,5,4,1,8,3,6,9,7 C2=0,3,7,1,5,9,4,8,6
ICZLf`]Jo PAIR C1=0,5,4,1,8,3,6,9,7 C2=0,3,7,1,5,9,4,8,6
ICZLf`]Fo PAIR C1=0,5,4,1,8,3,6,9,7 C2=0,3,7,1,5,9,4,8,6
ICZLf_}}? PAIR C1=0,7,3,6,8,5,1,4,2,9 C2=0,5,4,8,3,9,1,7,2,6
ICZLf_}|? PAIR C1=0,7,3,6,8,5,1,4,2,9 C2=0,5,4,8,3,9,1,7,2,6
ICZLf_}n? NOPAIR
ICZLf_}y_ PAIR C1=0,5,1,4,9,6,2,8,3,7 C2=0,3,6,8,5,4,2,7,1,9
ICZLf_}u_ PAIR C1=0,5,1,4,9,6,2,8,3,7 C2=0,3,6,8,5,4,2,7,1,9
ICZLf_}x_ PAIR C1=0,3,8,5,4,1,9,6,2,7 C2=0,5,1,7,3,6,8,4,2,9
ICZLf_}t_ PAIR C1=0,3,8,4,1,5,9,6,2,7 C2=0,5,4,2,8,6,3,7,1,9
ICZLf_}\_ PAIR C1=0,3,8,6,9,5,1,4,2,7 C2=0,5,4,8,2,9,1,7,3,6
ICZLf_}j_ NOPAIR
ICZLf_}f_ NOPAIR
ICZLf_}N_ NOPAIR
ICZLf_}{O PAIR C1=0,6,3,8,5,1,4,2,7,9 C2=0,3,7,1,9,2,6,8,4,5
ICZLf_}uO PAIR C1=0,3,6,8,5,1,4,2,7,9 C2=0,5,4,9,1,7,3,8,2,6
ICZLf_}mO NOPAIR
ICZLf_}]O PAIR C1=0,3,6,8,2,4,5,1,9,7 C2=0,5,8,3,7,1,4,9,2,6
ICZLf_}xO PAIR C1=0,3,6,2,4,8,5,1,7,9 C2=0,5,4,1,9,2,7,3,8,6
ICZLf_}lO NOPAIR
ICZLf_}\O PAIR C1=0,3,6,8,2,4,1,7,9,5 C2=0,6,2,9,1,5,4,8,3,7
ICZLf_}rO PAIR C1=0,3,6,8,2,4,1,7,9,5 C2=0,6,2,7,3,8,4,5,1,9
ICZLf_}jO PAIR C1=0,3,6,2,4,8,5,9,7 C2=0,5,4,9,2,7,3,8,6
ICZLf_}fO PAIR C1=0,3,6,8,4,2,7,9,5 C2=0,6,2,8,5,4,9,3,7
ICZLf_}VO PAIR C1=0,3,6,8,4,2,7,9,5 C2=0,6,2,8,5,4,9,3,7
ICZLf_}NO PAIR C1=0,3,6,8,4,2,7,9,5 C2=0,6,2,8,5,4,9,3,7
ICZLf_}wo PAIR C1=0,3,8,6,2,7,9,1,4,5 C2=0,6,3,7,1,5,8,4,2,9
ICZLf_}ko NOPAIR
ICZLf_}[o PAIR C1=0,3,9,2,6,8,4,5,1,7 C2=0,5,8,2,4,1,9,7,3,6
ICZLf_}qo PAIR C1=0,3,8,5,4,9,1,7,2,6 C2=0,5,1,4,2,8,6,3,7,9
ICZLf_}io NOPAIR
ICZLf_}eo NOPAIR
ICZLf_}Uo PAIR C1=0,6,2,4,1,5,8,3,9,7 C2=0,3,6,8,2,7,1,9,4,5
ICZLf_}Mo NOPAIR
ICZLf_}po PAIR C1=0,3,6,8,4,2,7,9,1,5 C2=0,6,2,8,3,7,1,4,5,9
ICZLf_}ho NOPAIR
ICZLf_}do NOPAIR
ICZLf_}To PAIR C1=0,6,2,4,8,3,9,5,1,7 C2=0,3,6,8,2,7,9,1,4,5
ICZLf_}Lo NOPAIR
ICZLf_}bo PAIR C1=0,3,8,5,4,2,7,9,6 C2=0,5,9,4,8,2,6,3,7
ICZLf_}Ro PAIR C1=0,3,8,5,4,2,7,9,6 C2=0,5,9,4,8,2,6,3,7
ICZLf_}Jo PAIR C1=0,3,8,5,4,2,7,9,6 C2=0,5,9,4,8,2,6,3,7
ICZLf_}Fo PAIR C1=0,3,8,5,4,2,7,9,6 C2=0,5,9,4,8,2,6,3,7
ICZLf`t|? PAIR C1=0,3,7,8,1,9,5 C2=0,7,1,5,8,3,9
ICZLf`tn? PAIR C1=0,3,7,1,8,2,9,4,5 C2=0,7,2,4,1,5,8,3,9
ICZLf`l|? NOPAIR
ICZLf`ln? NOPAIR
ICZLf`lx_ NOPAIR
ICZLf`ll_ PAIR C1=0,3,6,2,9,5,4,8,1,7 C2=0,5,1,4,2,8,7,3,9,6
ICZLf`lj_ NOPAIR
ICZLf`\}? PAIR C1=0,5,4,8,3,9,1,7 C2=0,3,7,8,5,1,4,9
ICZLf`\v? PAIR C1=0,5,4,8,3,9,1,7 C2=0,3,7,8,5,1,4,9
ICZLf`\u_ PAIR C1=0,5,4,8,3,9,1,7 C2=0,3,7,8,5,1,4,9
ICZLf`\t_ PAIR C1=0,5,1,9,3,8,7 C2=0,3,7,1,8,5,9
ICZLf_|j_ PAIR C1=0,6,2,9,5,4,8,3,7 C2=0,3,6,9,4,2,7,8,5
ICZLf`jf_ PAIR C1=0,6,3,9,5,1,4,8,7 C2=0,3,7,1,8,6,9,4,5
ICZLf`Z}? PAIR C1=0,6,2,4,8,3,7,1,9 C2=0,3,6,8,1,4,9,2,7
ICZLf`Zx_ PAIR C1=0,5,4,2,6,3,8,7,1,9 C2=0,3,7,2,9,5,1,4,8,6
ICZLf`Zj_ PAIR C1=0,6,2,7,1,8,4,5,9 C2=0,5,1,4,2,9,6,8,7
ICZLf_zn? NOPAIR
ICZLf_zr_ PAIR C1=0,6,2,4,8,7,1,5,9 C2=0,5,4,1,9,6,8,2,7
ICZLf`fx_ NOPAIR
ICZLf`fj_ PAIR C1=0,5,1,4,9,2,7,8,6 C2=0,7,1,8,5,4,2,6,9
ICZLf`Vv? PAIR C1=0,5,1,8,7,3,9 C2=0,3,8,5,9,1,7
ICZLf`Vr_ NOPAIR
ICZLf_vn? NOPAIR
ICZLf_vx_ NOPAIR
ICZLf_vj_ NOPAIR
ICZLf`Ny_ PAIR C1=0,5,8,7,1,4,9,2,6 C2=0,7,2,4,5,1,8,6,9
ICZLf`Nu_ PAIR C1=0,5,1,7,3,9,4,8,6 C2=0,3,6,9,1,4,5,8,7
ICZLf`Nr_ NOPAIR
ICZLf`Nf_ PAIR C1=0,6,3,9,5,4,8,1,7 C2=0,3,7,8,6,9,4,1,5
ICZLf_nn? PAIR C1=0,5,4,8,7,3,9,2,6 C2=0,3,6,8,5,9,4,2,7
ICZLf_nu_ PAIR C1=0,5,4,1,9,3,7,8,2,6 C2=0,3,6,8,5,1,7,2,4,9
ICZLf_nx_ PAIR C1=0,5,4,8,7,1,9,2,6 C2=0,7,2,4,1,5,8,6,9
ICZLf_nr_ PAIR C1=0,6,2,7,8,4,5,1,9 C2=0,5,9,6,8,2,4,1,7
ICZLf_nj_ NOPAIR
ICZLf_nf_ PAIR C1=0,3,7,8,2,6,9,4,5 C2=0,6,3,9,5,8,4,2,7
ICZLf_^y_ PAIR C1=0,3,7,8,4,2,6,9,1,5 C2=0,6,3,8,5,4,1,7,2,9
ICZLf_^r_ PAIR C1=0,3,7,8,6,9,4,1,5 C2=0,6,3,8,4,5,9,1,7
ICZLf_^f_ NOPAIR
ICZLazq}? PAIR C1=0,5,4,1,7,3,9,2,8,6 C2=0,8,3,6,2,4,7,5,1,9
ICZLazq|? PAIR C1=0,5,4,1,7,3,9,2,8,6 C2=0,8,3,6,2,4,7,5,1,9
ICZLazqv? NOPAIR
ICZLazq^? PAIR C1=0,6,3,7,4,5,1,9,2,8 C2=0,3,9,4,2,6,8,1,7,5
ICZLazqy_ PAIR C1=0,8,2,6,3,7,4,5,1,9 C2=0,3,8,6,9,2,4,1,7,5
ICZLazqu_ PAIR C1=0,5,7,1,4,9,6,3,8 C2=0,6,8,1,5,4,7,3,9
ICZLazq\_ PAIR C1=0,3,8,2,4,7,5,1,9,6 C2=0,5,4,1,7,3,9,2,6,8
ICZLazqr_ PAIR C1=0,3,8,1,7,5,4,9,6 C2=0,5,9,1,4,7,3,6,8
ICZLazqf_ PAIR C1=0,8,1,5,4,7,3,6,9 C2=0,5,7,1,4,9,3,8,6
ICZLazqV_ PAIR C1=0,3,6,9,4,5,7,1,8 C2=0,5,9,1,4,7,3,8,6
ICZLazqN_ PAIR C1=0,3,6,2,9,5,7,4,1,8 C2=0,5,1,7,3,9,4,2,8,6
ICZLazqxO PAIR C1=0,8,3,6,2,4,1,7,5,9 C2=0,3,7,4,5,1,9,2,8,6
ICZLazqtO NOPAIR
ICZLazqlO PAIR C1=0,5,1,4,7,3,9,2,8,6 C2=0,3,6,2,4,5,9,7,1,8
ICZLazqjO PAIR C1=0,3,7,5,4,9,2,8,6 C2=0,5,9,7,4,2,6,3,8
ICZLazqfO NOPAIR
ICZLazqpo PAIR C1=0,3,7,9,5,1,8,6 C2=0,5,7,1,9,6,3,8
ICZLazqho PAIR C1=0,5,4,1,7,9,2,8,3,6 C2=0,3,7,4,2,6,9,5,1,8
ICZLazqXo PAIR C1=0,5,4,1,7,9,2,8,3,6 C2=0,3,7,4,2,6,9,5,1,8
ICZLazqdo NOPAIR
ICZLazqbo PAIR C1=0,3,8,1,5,7,4,9,6 C2=0,8,6,3,7,1,4,5,9
ICZLazqRo PAIR C1=0,5,1,4,9,7,3,6,8 C2=0,3,8,1,7,4,5,9,6
ICZLazqJo PAIR C1=0,5,1,4,9,7,3,6,8 C2=0,3,8,1,7,4,5,9,6
ICZLayy\_ PAIR C1=0,5,7,1,4,2,9,3,8,6 C2=0,3,7,4,5,1,9,6,2,8
ICZLayylO PAIR C1=0,3,9,2,6,8,4,7,5 C2=0,6,3,7,9,5,4,2,8
ICZLayyho PAIR C1=0,3,6,2,9,5,7,4,8 C2=0,5,4,2,8,3,7,9,6
ICZLayydo NOPAIR
ICZLazU}? PAIR C1=0,8,3,7,5,4,1,9 C2=0,3,9,4,7,1,8,5
ICZJfbwmO NOPAIR
ICZJfb[mO PAIR C1=0,3,8,5,4,1,7,9 C2=0,5,1,8,4,9,3,7
ICZJfb[fO PAIR C1=0,3,8,5,4,1,7,9 C2=0,5,1,8,4,9,3,7
ICZJfb[NO PAIR C1=0,3,8,1,4,5,9,7 C2=0,5,1,7,3,9,4,8
ICZJfb[eo PAIR C1=0,5,4,1,8,3,9,7 C2=0,3,7,1,5,8,4,9
ICZJfb[Fo PAIR C1=0,5,4,1,8,3,9,7 C2=0,3,7,1,5,9,4,8
ICZJfa{}? PAIR C1=0,5,4,1,9,2,8,3,7 C2=0,3,9,4,2,7,1,5,8
ICZJfa{|? PAIR C1=0,5,4,1,9,2,8,3,7 C2=0,3,9,5,1,7,2,4,8
ICZJfa{z? NOPAIR
ICZJfa{n? NOPAIR
ICZJfa{{_ PAIR C1=0,5,8,3,7,1,4,2,9 C2=0,3,9,1,5,4,8,2,7
ICZJfa{y_ PAIR C1=0,5,8,2,6,3,7,1,4,9 C2=0,3,8,4,5,1,6,9,2,7
ICZJfa{u_ PAIR C1=0,3,6,9,4,1,7,2,8 C2=0,7,3,8,4,2,6,1,9
ICZJfa{m_ PAIR C1=0,5,8,2,9,4,1,6,3,7 C2=0,3,8,4,5,1,7,2,6,9
ICZJfa{x_ PAIR C1=0,7,2,4,1,5,8,3,6,9 C2=0,3,7,1,6,2,9,5,4,8
ICZJfa{t_ PAIR C1=0,5,8,2,4,1,7,3,6,9 C2=0,3,8,4,5,9,1,6,2,7
ICZJfa{\_ PAIR C1=0,3,7,2,6,9,1,4,5,8 C2=0,5,9,2,4,8,3,6,1,7
ICZJfa{f_ PAIR C1=0,7,3,8,5,1,4,2,6,9 C2=0,3,6,1,7,2,8,4,9,5
ICZJfa{{O PAIR C1=0,8,4,5,1,7,2,9 C2=0,5,8,2,4,1,9,7
ICZJfa{yO PAIR C1=0,8,4,5,1,7,2,9 C2=0,5,8,2,4,1,9,7
ICZJfa{uO PAIR C1=0,5,4,8,3,9,1,7 C2=0,3,7,9,4,1,5,8
ICZJfa{mO NOPAIR
ICZJfa{]O PAIR C1=0,7,2,4,5,1,9,3,8 C2=0,3,7,1,4,9,2,8,5
ICZJfa{xO PAIR C1=0,7,2,8,5,4,1,9 C2=0,5,1,7,9,2,4,8
ICZJfa{tO NOPAIR
ICZJfa{lO NOPAIR
ICZJfa{\O PAIR C1=0,7,1,5,4,2,9,3,8 C2=0,3,7,2,8,4,1,9,5
ICZJfa{jO NOPAIR
ICZJfa{fO NOPAIR
ICZJfa{VO PAIR C1=0,3,8,5,4,1,9,7 C2=0,5,1,7,3,9,4,8
ICZJfa{NO NOPAIR
ICZJfa{wo PAIR C1=0,7,9,2,4,1,5,8 C2=0,5,4,8,2,7,1,9
ICZJfa{qo PAIR C1=0,3,8,5,1,4,2,6,9,7 C2=0,5,4,8,2,7,3,6,1,9
ICZJfa{eo PAIR C1=0,3,8,5,1,4,2,6,9,7 C2=0,5,4,8,2,7,1,6,3,9
ICZJfa{Uo PAIR C1=0,3,6,9,7,2,4,1,5,8 C2=0,5,4,8,2,6,1,9,3,7
ICZJfa{po PAIR C1=0,5,1,4,2,7,9,6,3,8 C2=0,3,7,1,6,2,8,4,5,9
ICZJfa{ho PAIR C1=0,5,1,4,2,7,9,6,3,8 C2=0,3,7,1,6,2,8,4,5,9
ICZJfa{Xo PAIR C1=0,5,1,4,2,8,3,6,9,7 C2=0,3,7,1,6,2,9,5,4,8
ICZJfa{To PAIR C1=0,5,1,4,2,8,3,6,9,7 C2=0,3,7,2,6,1,9,5,4,8
ICZJfa{Lo PAIR C1=0,5,1,4,2,8,3,6,9,7 C2=0,3,7,1,6,2,9,5,4,8
ICZJfa{Ro PAIR C1=0,5,1,4,2,8,3,6,9,7 C2=0,3,7,2,6,1,9,5,4,8
ICZJfa{Fo PAIR C1=1,4,2,7,9,6,3,8,5 C2=1,6,2,8,4,5,9,3,7
ICZJf`{eo PAIR C1=0,3,8,5,1,4,2,6,9,7 C2=0,5,4,8,2,7,1,6,3,9
ICZJf`{ho PAIR C1=0,3,8,1,5,4,2,6,9,7 C2=0,5,8,4,1,6,3,7,2,9
ICZJf`{Fo PAIR C1=1,4,2,6,9,7,3,8,5 C2=1,6,3,9,5,4,8,2,7
ICZJfbqko PAIR C1=0,3,6,8,2,9,7 C2=0,8,3,7,2,6,9
ICZJfbieo PAIR C1=0,7,3,9,6,2,4,1,8 C2=0,3,6,1,7,2,8,4,9
ICZJfbibo PAIR C1=0,5,9,6,8,2,4,1,7 C2=0,8,4,5,1,6,2,7,9
ICZJfbYNO PAIR C1=0,5,1,4,2,6,8,3,9,7 C2=0,3,6,1,7,2,9,5,4,8
ICZJfbYio PAIR C1=0,7,2,4,1,8,3,6,9 C2=0,3,7,1,6,2,9,4,8
ICZJfbYho PAIR C1=0,3,6,2,4,8,1,5,9,7 C2=0,5,4,1,6,9,2,7,3,8
ICZJfbYbo PAIR C1=0,3,6,8,4,1,5,9,7 C2=0,5,4,9,6,1,7,3,8
ICZJfay}? PAIR C1=0,7,1,4,8,3,6,2,9 C2=0,3,7,2,4,9,1,6,8
ICZJfay|? PAIR C1=0,5,1,4,8,6,3,9,2,7 C2=0,8,3,7,1,6,2,4,5,9
ICZJfayz? PAIR C1=0,5,9,4,2,8,3,6,1,7 C2=0,3,7,2,6,8,4,5,1,9
ICZJfayv? PAIR C1=0,5,9,4,2,8,3,6,1,7 C2=0,3,7,2,6,8,4,5,1,9
ICZJfay^? PAIR C1=0,7,1,5,4,9,2,6,3,8 C2=0,3,7,2,4,8,6,1,9,5
ICZJfay{_ NOPAIR
ICZJfayy_ PAIR C1=0,3,6,2,7,1,9,4,8 C2=0,7,3,8,2,4,1,6,9
ICZJfayu_ PAIR C1=0,3,6,2,7,1,9,4,8 C2=0,7,3,8,2,4,1,6,9
ICZJfaym_ NOPAIR
ICZJfay]_ NOPAIR
ICZJfayl_ PAIR C1=0,7,2,6,1,5,4,8,3,9 C2=0,3,7,1,4,2,8,6,9,5
ICZJfayr_ PAIR C1=0,7,3,6,8,2,4,5,1,9 C2=0,3,8,4,1,7,2,6,9,5
ICZJfayN_ PAIR C1=0,5,1,4,2,8,6,9,3,7 C2=0,3,6,1,7,2,9,5,4,8
ICZJfay{O NOPAIR
ICZJfayyO PAIR C1=0,7,3,8,6,2,4,1,9 C2=0,3,6,1,7,2,9,4,8
ICZJfayuO PAIR C1=0,7,3,9,1,4,2,6,8 C2=0,3,6,1,7,2,8,4,9
ICZJfaymO NOPAIR
ICZJfay]O PAIR C1=1,4,8,2,7,9,3,6 C2=1,7,3,8,6,2,4,9
ICZJfayxO PAIR C1=0,3,8,6,1,5,4,2,7,9 C2=0,5,9,1,4,8,2,6,3,7
ICZJfaylO PAIR C1=0,3,6,8,4,2,9,7,1,5 C2=0,7,3,8,2,6,1,4,5,9
ICZJfayrO PAIR C1=0,3,6,8,2,7,9,1,4,5 C2=0,7,3,8,4,2,6,1,5,9
ICZJfayVO PAIR C1=0,3,8,6,2,7,9,1,4,5 C2=0,7,3,6,1,5,9,4,2,8
ICZJfayNO PAIR C1=0,3,8,6,1,4,2,7,9,5 C2=0,7,1,5,4,9,3,6,2,8
ICZJfaywo PAIR C1=0,3,8,6,2,7,9 C2=0,7,3,6,9,2,8
ICZJfayso NOPAIR
ICZJfayko PAIR C1=0,3,8,6,2,7,9 C2=0,7,3,6,9,2,8
ICZJfay[o NOPAIR
ICZJfayqo PAIR C1=0,8,4,2,7,3,6,1,9 C2=0,3,8,2,6,9,4,1,7
ICZJfayio PAIR C1=0,8,2,6,3,7,9 C2=0,3,8,6,9,2,7
ICZJfayYo NOPAIR
ICZJfayeo NOPAIR
ICZJfayUo PAIR C1=1,4,8,3,6,2,7,9 C2=1,6,8,2,4,9,3,7
ICZJfaypo PAIR C1=0,3,8,6,1,9,7,2,4,5 C2=0,7,3,6,2,8,4,1,5,9
ICZJfayho PAIR C1=0,5,4,1,6,2,9,7,3,8 C2=0,3,6,8,4,2,7,1,5,9
ICZJfayXo PAIR C1=0,5,1,4,2,6,9,7,3,8 C2=0,3,6,1,9,5,4,8,2,7
ICZJfayTo PAIR C1=0,5,1,4,2,6,9,7,3,8 C2=0,3,6,1,9,5,4,8,2,7
ICZJfaybo PAIR C1=0,5,1,4,2,6,9,7,3,8 C2=0,3,6,1,7,2,8,4,5,9
ICZJfayRo PAIR C1=0,5,1,4,2,6,9,7,3,8 C2=0,3,6,1,9,5,4,8,2,7
ICZJf`yfO PAIR C1=0,3,8,6,1,4,2,7,9,5 C2=0,7,3,6,2,8,1,5,4,9
ICZJf`yeo PAIR C1=1,4,8,3,9,7,2,6 C2=1,7,3,6,9,4,2,8
ICZJf`yMo PAIR C1=1,4,8,3,9,7,2,6 C2=1,7,3,6,9,4,2,8
ICZJf`yFo PAIR C1=1,4,8,3,9,7,2,6 C2=1,7,3,6,9,4,2,8
ICZJfbeho NOPAIR
ICZJfbUdo PAIR C1=0,7,1,6,3,8,5,9 C2=0,3,7,9,6,8,1,5
ICZJfbULo PAIR C1=0,7,1,6,3,9,5,8 C2=0,3,7,9,6,8,1,5
ICZJfbUbo PAIR C1=0,7,1,6,3,8,5,9 C2=0,3,7,9,6,8,1,5
ICZJfbUFo PAIR C1=0,7,1,6,3,9,5,8 C2=0,3,7,9,6,8,1,5
ICZJfau}? PAIR C1=0,5,1,4,9,3,8,2,7 C2=0,3,7,1,9,2,4,5,8
ICZJfau|? PAIR C1=0,3,9,1,7,2,6,8,5 C2=0,7,3,6,1,5,9,2,8
ICZJfauv? PAIR C1=0,3,7,2,8,6,1,4,5,9 C2=0,5,8,3,6,2,4,9,1,7
ICZJfau^? PAIR C1=0,3,7,2,4,5,9,1,6,8 C2=0,5,8,2,6,3,9,4,1,7
ICZJfau{_ NOPAIR
ICZJfaux_ PAIR C1=0,3,7,2,8,6,1,5,9 C2=0,5,8,3,6,2,9,1,7
ICZJfaut_ NOPAIR
ICZJfaul_ NOPAIR
ICZJfau\_ PAIR C1=0,5,9,1,6,2,7,3,8 C2=0,3,6,9,2,8,5,1,7
ICZJfauj_ PAIR C1=0,8,3,7,2,6,1,4,5,9 C2=0,3,6,9,4,2,8,5,1,7
ICZJfauf_ PAIR C1=0,8,3,7,2,6,1,4,5,9 C2=0,3,6,9,4,2,8,5,1,7
ICZJfau{O NOPAIR
ICZJfauyO PAIR C1=0,5,4,2,7,3,8,6,1,9 C2=0,3,6,2,8,5,1,4,9,7
ICZJfaumO PAIR C1=0,5,1,6,8,3,7,2,4,9 C2=0,3,6,2,9,7,1,4,5,8
ICZJfau]O PAIR C1=0,5,4,9,1,6,2,7,3,8 C2=0,3,6,8,5,1,4,2,9,7
ICZJfauxO PAIR C1=0,3,7,2,8,6,1,9,5 C2=0,7,1,5,8,3,6,2,9
ICZJfautO NOPAIR
ICZJfaulO NOPAIR
ICZJfau\O PAIR C1=0,7,3,9,2,6,1,5,8 C2=0,3,6,8,2,7,1,9,5
ICZJfaurO PAIR C1=0,7,3,8,5,4,2,6,1,9 C2=0,3,6,8,2,7,1,4,9,5
ICZJfauZO PAIR C1=0,5,1,6,2,4,9,7,3,8 C2=0,3,6,8,2,9,5,4,1,7
ICZJfauVO PAIR C1=0,5,4,9,3,7,1,6,2,8 C2=0,3,6,8,5,9,1,4,2,7
ICZJfauNO PAIR C1=0,5,1,6,2,4,9,7,3,8 C2=0,3,6,8,2,9,5,4,1,7
ICZJfauwo PAIR C1=0,8,3,7,2,6,9 C2=0,3,6,8,2,9,7
ICZJfau[o NOPAIR
ICZJfauqo PAIR C1=0,5,1,6,9,4,2,7,3,8 C2=0,3,6,2,8,5,4,1,9,7
ICZJfauio PAIR C1=0,5,1,6,9,4,2,8,3,7 C2=0,3,6,2,9,7,1,4,5,8
ICZJfauYo PAIR C1=0,5,1,6,9,4,2,8,3,7 C2=0,3,6,2,9,7,1,4,5,8
ICZJfauUo PAIR C1=0,5,1,4,2,7,3,9,6,8 C2=0,3,6,2,8,5,4,9,1,7
ICZJfauMo PAIR C1=0,5,1,6,9,4,2,7,3,8 C2=0,3,9,2,6,8,5,4,1,7
ICZJfaupo PAIR C1=0,3,7,1,9,6,8,5 C2=0,7,9,5,1,6,3,8
ICZJfauho PAIR C1=0,3,8,2,6,9,7 C2=0,8,6,3,7,2,9
ICZJfauXo PAIR C1=0,5,1,9,6,3,8,2,7 C2=0,3,7,1,6,2,9,5,8
ICZJfaudo NOPAIR
ICZJfauTo PAIR C1=0,5,8,3,6,1,9,7 C2=0,3,7,1,5,9,6,8
ICZJfauLo NOPAIR
ICZJfauRo PAIR C1=0,5,8,3,6,1,9,7 C2=0,3,7,1,5,9,6,8
ICZJfRsm_ PAIR C1=0,7,2,9,3,6,1,4,5,8 C2=0,3,8,2,6,9,4,7,1,5
ICZJfRqeo PAIR C1=0,8,3,6,1,7,2,4,9 C2=0,3,9,6,2,8,1,4,7
ICZJfRqdo PAIR C1=0,8,3,6,2,7,1,4,5,9 C2=0,3,9,7,4,2,8,6,1,5
ICZJfReLo NOPAIR
ICZJfQu}? PAIR C1=0,3,8,6,2,7,1,5,4,9 C2=0,5,8,2,9,3,6,1,4,7
ICZJfQuz? NOPAIR
ICZJfQu^? PAIR C1=0,3,8,5,9,1,6,2,4,7 C2=0,5,4,1,7,2,9,3,6,8
ICZJfQu{_ PAIR C1=0,7,4,2,8,5,1,6,3,9 C2=0,3,8,6,9,2,7,1,4,5
ICZJfQuy_ PAIR C1=0,7,4,2,8,5,1,6,9 C2=0,5,4,9,1,7,2,6,8
ICZJfQuu_ PAIR C1=0,7,4,2,8,5,1,6,9 C2=0,5,4,9,1,7,2,6,8
ICZJfQu]_ PAIR C1=0,3,9,6,1,5,8,2,4,7 C2=0,5,4,9,1,7,2,6,3,8
ICZJfQux_ PAIR C1=0,5,8,2,6,9,1,4,7 C2=0,8,6,1,7,2,4,5,9
ICZJfQul_ PAIR C1=0,7,4,1,5,8,3,6,2,9 C2=0,3,9,5,4,2,7,1,6,8
ICZJfQuj_ PAIR C1=0,7,2,4,1,5,8,6,9 C2=0,5,9,4,7,1,6,2,8
ICZJfQuZ_ NOPAIR
ICZJfQuyO NOPAIR
ICZJfQu]O PAIR C1=0,3,6,2,9,1,7,4,5,8 C2=0,5,1,6,8,3,9,4,2,7
ICZJfQuxO NOPAIR
ICZJfQutO PAIR C1=0,7,4,2,6,1,5,9,3,8 C2=0,3,6,8,2,7,9,1,4,5
ICZJfQu\O PAIR C1=0,7,4,2,6,1,5,9,3,8 C2=0,3,6,8,2,7,9,1,4,5
ICZJfQurO NOPAIR
ICZJfQuZO NOPAIR
ICZJfQuwo PAIR C1=0,7,9,1,6,2,4,5,8 C2=0,5,1,4,7,2,8,6,9
ICZJfQuso PAIR C1=0,7,9,1,6,2,4,5,8 C2=0,5,1,4,7,2,8,6,9
ICZJfQuqo PAIR C1=0,7,9,1,6,2,4,5,8 C2=0,5,1,4,7,2,8,6,9
ICZJeq{{_ PAIR C1=0,7,1,6,3,9,2,4,5,8 C2=0,5,1,4,7,3,8,2,6,9
ICZJeq{To NOPAIR
ICZJerqio PAIR C1=0,3,6,1,7,4,9,2,8 C2=0,7,3,8,1,4,2,6,9
ICZJerqho PAIR C1=0,3,8,6,1,5,9,2,4,7 C2=0,5,4,1,8,2,6,3,7,9
ICZJeqy{_ PAIR C1=0,3,6,1,9,2,8,4,7 C2=0,8,3,7,1,4,2,6,9
ICZJeqyt_ PAIR C1=0,5,9,6,1,4,7,3,8 C2=0,7,1,5,4,8,6,3,9
ICZJequ}? PAIR C1=0,7,3,9,1,5,4,2,6,8 C2=0,3,6,1,7,4,9,2,8,5
ICZJequ^? PAIR C1=0,7,3,9,1,5,4,2,6,8 C2=0,3,6,1,7,4,9,2,8,5
ICZJequy_ PAIR C1=0,7,3,8,6,2,4,5,1,9 C2=0,3,6,1,7,4,9,2,8,5
ICZJequu_ PAIR C1=0,5,8,6,1,4,7,3,9 C2=0,7,1,5,4,9,6,3,8
ICZJequ]_ PAIR C1=0,3,6,1,9,2,8,5,4,7 C2=0,5,1,7,3,9,4,2,6,8
ICZJequt_ NOPAIR
ICZJequ\_ PAIR C1=0,3,6,9,1,5,8,2,4,7 C2=0,5,4,1,7,3,9,2,6,8
ICZJequf_ PAIR C1=0,7,4,5,1,6,9,3,8 C2=0,5,8,6,3,7,1,4,9
ICZJequV_ PAIR C1=0,7,4,5,9,1,6,3,8 C2=0,3,7,1,4,9,6,8,5
ICZJequN_ PAIR C1=0,5,1,6,9,3,8,2,4,7 C2=0,3,7,1,4,5,9,2,6,8
ICZJequ{O PAIR C1=0,5,4,1,6,8,2,9,3,7 C2=0,3,6,2,4,7,9,1,5,8
ICZJequyO PAIR C1=0,3,8,6,2,9,4,1,7 C2=0,8,2,4,7,3,6,1,9
ICZJequuO NOPAIR
ICZJequ]O PAIR C1=0,5,4,1,7,3,9,2,6,8 C2=0,3,6,1,5,8,2,4,9,7
ICZJequxO PAIR C1=0,3,8,6,2,9,1,5,4,7 C2=0,5,8,2,4,1,6,3,7,9
ICZJequtO NOPAIR
ICZJequ\O PAIR C1=0,5,8,2,6,3,9,1,4,7 C2=0,3,7,9,2,4,5,1,6,8
ICZJequrO NOPAIR
ICZJequjO PAIR C1=0,3,8,5,4,1,6,2,9,7 C2=0,5,1,7,3,6,8,2,4,9
ICZJequfO NOPAIR
ICZJequVO NOPAIR
ICZJequNO PAIR C1=1,4,7,3,9,2,6,8,5 C2=1,6,3,8,2,4,5,9,7
ICZJequwo PAIR C1=0,5,8,3,6,2,9,1,4,7 C2=0,3,7,9,6,1,5,4,2,8
ICZJequqo PAIR C1=0,3,6,8,5,4,1,9,7 C2=0,5,1,6,9,4,7,3,8
ICZJequio PAIR C1=0,3,6,1,4,5,8,2,9,7 C2=0,5,1,7,3,8,6,2,4,9
ICZJequeo PAIR C1=0,7,9,3,6,1,4,5,8 C2=0,3,8,6,9,4,7,1,5
ICZJequUo PAIR C1=0,7,9,3,6,1,4,5,8 C2=0,3,8,6,9,4,7,1,5
ICZJequpo PAIR C1=0,3,6,1,7,9,5,8 C2=0,5,1,9,6,8,3,7
ICZJequho PAIR C1=0,3,8,5,9,2,6,1,4,7 C2=0,8,2,4,5,1,7,3,6,9
ICZJequdo NOPAIR
ICZJequTo PAIR C1=0,3,8,6,1,7,9,5 C2=0,7,3,6,9,1,5,8
ICZJequLo PAIR C1=0,3,8,2,6,1,4,7,9,5 C2=0,7,1,5,4,2,9,3,6,8
ICZJequbo PAIR C1=0,3,8,6,9,5,4,1,7 C2=0,8,5,1,6,3,7,4,9
ICZJequRo PAIR C1=0,3,8,6,9,7,1,5 C2=0,7,3,6,1,9,5,8
ICZJequJo PAIR C1=0,3,8,6,2,9,7,1,4,5 C2=0,7,3,6,1,5,9,4,2,8
ICZJequFo PAIR C1=0,5,4,1,6,8,3,9,7 C2=0,3,6,9,4,7,1,5,8
ICZJeqmwo PAIR C1=0,5,4,1,6,8,2,9,7 C2=0,8,5,1,7,4,2,6,9
ICZJeq]{_ NOPAIR
ICZJeq]\O NOPAIR
ICZJeq]Lo PAIR C1=1,4,5,8,6,9,3,7 C2=1,5,9,7,4,8,3,6
ICZJeqV^? NOPAIR
ICZJdrw\O PAIR C1=0,5,9,1,4,2,8,3,7 C2=0,3,9,2,7,4,5,1,8
ICZJdrwwo PAIR C1=0,8,3,7,2,4,1,6,9 C2=0,3,6,2,9,1,8,4,7
ICZJdrs}? PAIR C1=0,5,8,3,7,2,4,1,9 C2=0,3,9,2,8,1,5,4,7
ICZJdrs|? PAIR C1=0,5,8,3,7,2,4,1,9 C2=0,3,9,2,8,1,5,4,7
ICZJdrsz? NOPAIR
ICZJdrsv? NOPAIR
ICZJdrsn? PAIR C1=0,3,8,5,9,2,4,7 C2=0,5,4,9,3,7,2,8
ICZJdrs^? PAIR C1=0,3,8,5,9,2,4,7 C2=0,5,4,9,3,7,2,8
ICZJdrsy_ PAIR C1=0,3,8,5,1,6,2,9,4,7 C2=0,5,4,1,9,6,3,7,2,8
ICZJdrsu_ PAIR C1=0,5,1,6,9,3,7,4,2,8 C2=0,7,2,6,3,8,5,4,1,9
ICZJdrsm_ PAIR C1=0,5,4,2,9,6,1,8,3,7 C2=0,8,5,1,4,7,2,6,3,9
ICZJdrs]_ PAIR C1=0,5,4,2,9,6,1,8,3,7 C2=0,3,6,2,7,4,9,1,5,8
ICZJdrsj_ PAIR C1=0,3,8,1,6,9,2,7,4,5 C2=0,7,3,6,2,8,5,1,4,9
ICZJdrsf_ PAIR C1=0,5,4,2,8,1,6,9,3,7 C2=0,8,3,6,2,7,4,1,5,9
ICZJdrsV_ PAIR C1=0,5,4,2,7,3,9,6,1,8 C2=0,3,6,2,8,5,9,1,4,7
ICZJdrsN_ PAIR C1=0,7,2,4,5,9,3,8 C2=0,3,7,4,9,2,8,5
ICZJdrsyO PAIR C1=0,7,2,4,5,8,1,9 C2=0,5,1,4,7,9,2,8
ICZJdrsuO PAIR C1=0,5,4,9,1,8,3,7 C2=0,3,9,7,4,1,5,8
ICZJdrsmO NOPAIR
ICZJdrs]O PAIR C1=0,3,7,9,1,4,5,8 C2=0,5,1,8,3,9,4,7
ICZJdrsrO NOPAIR
ICZJdrsjO NOPAIR
ICZJdrsqo PAIR C1=0,5,1,6,3,8,2,4,7,9 C2=0,3,7,2,6,9,1,4,5,8
ICZJdrseo PAIR C1=0,3,9,6,1,8,2,7,4,5 C2=0,8,5,1,4,2,6,3,7,9
ICZJdrsUo PAIR C1=0,3,9,6,1,5,4,7,2,8 C2=0,5,8,3,6,2,4,1,9,7
ICZJdrk{O PAIR C1=0,8,2,7,4,5,1,9 C2=0,5,8,1,4,2,9,7
ICZJdrkxO PAIR C1=0,8,2,7,4,5,1,9 C2=0,5,8,1,4,2,9,7
ICZJdrkwo PAIR C1=0,8,2,7,4,5,1,9 C2=0,5,8,1,4,2,9,7
ICZJdr[tO PAIR C1=0,3,7,4,8,5,1,9 C2=0,5,4,1,8,3,9,7
ICZJdr[\O PAIR C1=0,5,1,9,3,7,4,8 C2=0,3,8,1,4,5,9,7
ICZJdr[so PAIR C1=0,3,9,1,5,8,4,7 C2=0,5,4,1,8,3,7,9
ICZJdr[To PAIR C1=0,7,3,9,1,5,4,8 C2=0,3,8,1,4,7,9,5
ICZJdq{\O NOPAIR
ICZJdq{Lo NOPAIR
ICZJdp{{O PAIR C1=0,3,9,2,7,4,1,8,5 C2=0,7,3,8,2,4,5,1,9
ICZJdp{so PAIR C1=0,3,9,7,4,1,8,5 C2=0,7,3,8,4,5,1,9
ICZJdp{To PAIR C1=1,4,2,8,3,7,9,6 C2=1,8,4,7,2,6,3,9
ICZJdrq}? PAIR C1=0,3,9,1,4,7,2,6,8 C2=0,7,3,6,1,8,2,4,9
ICZJdrq|? PAIR C1=0,5,4,7,2,6,1,9,3,8 C2=0,7,3,6,8,2,4,1,5,9
ICZJdrqz? PAIR C1=0,3,8,6,1,5,9,4,2,7 C2=0,5,4,7,3,6,2,8,1,9
ICZJdrqv? PAIR C1=0,3,8,6,1,5,9,4,2,7 C2=0,5,4,7,3,6,2,8,1,9
ICZJdrqn? PAIR C1=0,5,9,4,1,6,2,8,3,7 C2=0,3,6,8,1,5,4,7,2,9
ICZJdrq^? PAIR C1=0,3,8,6,1,5,9,4,2,7 C2=0,5,4,7,3,6,2,9,1,8
ICZJdrqy_ PAIR C1=0,8,3,7,2,6,1,4,9 C2=0,3,6,8,1,9,2,4,7
ICZJdrqu_ PAIR C1=0,3,7,4,9,1,6,2,8 C2=0,7,2,4,1,8,3,6,9
ICZJdrqm_ NOPAIR
ICZJdrq]_ NOPAIR
ICZJdrqx_ PAIR C1=0,3,7,2,9,5,4,1,6,8 C2=0,5,1,9,6,3,8,2,4,7
ICZJdrqV_ PAIR C1=0,3,6,2,8,1,9,5,4,7 C2=0,5,1,6,9,4,2,7,3,8
ICZJdrqN_ PAIR C1=0,3,7,4,2,6,9,5,1,8 C2=0,5,4,1,6,8,3,9,2,7
ICZJdrq{O NOPAIR
ICZJdrqyO PAIR C1=0,7,4,2,9,1,6,3,8 C2=0,3,7,2,6,8,1,4,9
ICZJdrquO PAIR C1=0,8,2,6,1,4,7,3,9 C2=0,3,6,8,1,9,4,2,7
ICZJdrqmO NOPAIR
ICZJdrq]O PAIR C1=1,4,7,9,3,8,2,6 C2=1,8,6,3,7,2,4,9
ICZJdrqxO PAIR C1=0,3,8,2,6,1,5,4,7,9 C2=0,5,9,1,4,2,7,3,6,8
ICZJdrqtO PAIR C1=0,3,8,2,6,1,5,4,7,9 C2=0,5,9,1,4,2,7,3,6,8
ICZJdrq\O PAIR C1=0,3,6,1,9,5,4,7,2,8 C2=0,5,1,4,2,6,8,3,9,7
ICZJdrqrO PAIR C1=0,5,9,1,4,2,7,3,6,8 C2=0,3,8,2,6,1,5,4,9,7
ICZJdrqVO PAIR C1=0,5,9,1,4,2,7,3,6,8 C2=0,3,8,2,6,1,5,4,9,7
ICZJdrqNO PAIR C1=0,5,9,7,3,6,1,4,2,8 C2=0,3,9,4,5,1,8,6,2,7
ICZJdrqwo PAIR C1=0,8,2,6,3,7,9 C2=0,3,8,6,9,2,7
ICZJdrqko PAIR C1=0,8,2,6,3,7,9 C2=0,3,8,6,9,2,7
ICZJdrqqo PAIR C1=0,3,7,4,1,8,2,6,9 C2=0,7,2,4,9,1,6,3,8
ICZJdrqYo NOPAIR
ICZJdrqeo NOPAIR
ICZJdrqUo PAIR C1=1,6,8,3,7,2,4,9 C2=1,4,7,9,3,6,2,8
ICZJdrqMo NOPAIR
ICZJdrqpo PAIR C1=0,7,2,6,8,1,4,5,9 C2=0,5,1,6,9,7,4,2,8
ICZJdrqXo PAIR C1=0,5,9,6,2,4,1,8,3,7 C2=0,3,6,1,5,4,7,9,2,8
ICZJdrqTo PAIR C1=0,3,6,8,2,7,9,1,4,5 C2=0,7,4,2,6,1,5,9,3,8
ICZJdrqbo PAIR C1=0,3,7,9,5,4,1,6,8 C2=0,5,1,8,3,6,9,4,7
ICZJdrqRo PAIR C1=0,3,7,9,5,4,1,6,8 C2=0,5,1,8,3,6,9,4,7
ICZJdri{O PAIR C1=0,3,9,1,8,6,2,4,7 C2=0,8,4,1,6,3,7,2,9
ICZJdrYso NOPAIR
ICZJdrYTo PAIR C1=0,3,9,5,1,8,4,7 C2=0,5,4,1,9,7,3,8
ICZJdqyko PAIR C1=0,3,8,6,9,2,7 C2=0,8,2,6,3,7,9
ICZJdqypo PAIR C1=0,3,6,1,9,5,4,8,2,7 C2=0,5,1,4,2,6,8,3,7,9
ICZJdpy{O PAIR C1=1,6,2,4,8,3,7,9 C2=1,4,7,2,9,3,6,8
ICZJdpytO PAIR C1=0,5,4,8,1,6,2,7,3,9 C2=0,3,6,8,2,4,1,5,9,7
ICZJdpy\O PAIR C1=1,6,8,4,2,7,3,9 C2=1,4,7,9,2,6,3,8
ICZJdpyso PAIR C1=1,8,4,7,2,6,3,9 C2=1,4,2,8,3,7,9,6
ICZJdpy[o PAIR C1=1,8,4,7,2,6,3,9 C2=1,4,2,8,3,7,9,6
ICZJdpyTo PAIR C1=1,8,4,7,2,6,3,9 C2=1,4,2,8,3,7,9,6
ICZJdre}? PAIR C1=0,5,4,9,2,7,3,6,1,8 C2=0,3,9,1,5,8,6,2,4,7
ICZJdre|? PAIR C1=0,5,4,7,3,6,2,9,1,8 C2=0,3,9,5,8,6,1,4,2,7
ICZJdren? PAIR C1=0,3,6,8,1,4,7,2,9,5 C2=0,7,3,9,4,2,6,1,5,8
ICZJdrey_ NOPAIR
ICZJdreu_ PAIR C1=0,3,9,6,1,8,2,7,4,5 C2=0,7,3,6,2,4,9,1,5,8
ICZJdre]_ PAIR C1=0,3,9,6,1,8,2,7,4,5 C2=0,7,3,6,2,4,9,1,5,8
ICZJdrex_ NOPAIR
ICZJdrel_ PAIR C1=0,5,9,3,7,2,4,1,6,8 C2=0,3,6,9,2,8,1,5,4,7
ICZJdrer_ NOPAIR
ICZJdrej_ PAIR C1=1,4,9,5,8,2,6 C2=1,5,4,2,9,6,8
ICZJdreZ_ PAIR C1=1,4,9,5,8,2,6 C2=1,5,4,2,9,6,8
ICZJdref_ PAIR C1=0,3,7,2,6,9,4,5,8 C2=0,5,9,3,6,8,2,4,7
ICZJdreN_ PAIR C1=0,3,7,2,6,9,4,5,8 C2=0,5,9,3,6,8,2,4,7
ICZJdre{O PAIR C1=0,7,3,9,2,6,1,4,5,8 C2=0,3,6,8,2,4,7,9,1,5
ICZJdreyO PAIR C1=0,5,8,1,4,7,2,9 C2=0,7,9,1,5,4,2,8
ICZJdreuO PAIR C1=0,5,8,2,6,3,7,4,1,9 C2=0,3,9,7,2,4,5,1,6,8
ICZJdre]O PAIR C1=0,7,3,6,2,4,9,1,5,8 C2=0,3,9,7,2,8,6,1,4,5
ICZJdrexO PAIR C1=0,5,8,2,4,1,9,7 C2=0,8,1,5,4,7,2,9
ICZJdre\O PAIR C1=0,5,9,2,4,1,8,6,3,7 C2=0,3,9,7,4,5,1,6,2,8
ICZJdrerO NOPAIR
ICZJdrejO NOPAIR
ICZJdreZO NOPAIR
ICZJdrefO PAIR C1=0,8,2,7,3,6,1,4,5,9 C2=0,3,9,7,4,2,6,8,1,5
ICZJdreVO PAIR C1=0,7,2,6,3,9,5,4,1,8 C2=0,3,7,9,4,2,8,6,1,5
ICZJdrewo PAIR C1=0,7,2,6,9,1,4,5,8 C2=0,5,1,6,8,2,4,7,9
ICZJdreso PAIR C1=0,7,2,6,9,1,4,5,8 C2=0,5,1,6,8,2,4,7,9
ICZJdreqo PAIR C1=0,7,2,6,9,1,4,5,8 C2=0,5,1,6,8,2,4,7,9
ICZJdreYo NOPAIR
ICZJdreeo PAIR C1=0,5,4,9,3,6,1,8,2,7 C2=0,3,7,9,6,2,4,1,5,8
ICZJdreUo PAIR C1=0,5,4,9,3,6,1,8,2,7 C2=0,3,7,9,6,2,4,1,5,8
ICZJdrepo PAIR C1=0,5,4,7,2,8,1,6,9 C2=0,7,9,5,1,4,2,6,8
ICZJdreho PAIR C1=0,5,4,7,2,8,1,6,9 C2=0,7,9,5,1,4,2,6,8
ICZJdreXo NOPAIR
ICZJdredo PAIR C1=0,5,4,7,2,8,1,6,9 C2=0,7,9,5,1,4,2,6,8
ICZJdrebo PAIR C1=0,5,4,7,2,8,1,6,9 C2=0,7,9,5,1,4,2,6,8
ICZJdreRo NOPAIR
ICZJdreFo PAIR C1=0,3,9,6,2,7,4,5,8 C2=0,5,9,4,2,8,6,3,7
ICZJdrU}? PAIR C1=0,8,5,1,4,7,2,6,3,9 C2=0,5,4,2,9,1,6,8,3,7
ICZJdrUn? PAIR C1=0,7,2,4,1,5,9,3,6,8 C2=0,5,4,7,3,8,1,6,2,9
ICZJdrU^? PAIR C1=0,7,2,4,1,5,9,3,6,8 C2=0,3,7,4,9,2,6,1,8,5
ICZJdrUy_ PAIR C1=0,3,6,8,1,4,9,2,7 C2=0,8,3,7,4,2,6,1,9
ICZJdrUu_ NOPAIR
ICZJdrU]_ PAIR C1=0,3,6,2,7,4,9,1,8,5 C2=0,7,3,9,2,4,5,1,6,8
ICZJdrUt_ NOPAIR
ICZJdrUr_ NOPAIR
ICZJdrUj_ PAIR C1=0,3,7,2,4,9,6,1,5,8 C2=0,5,9,2,6,3,8,1,4,7
ICZJdrUf_ NOPAIR
ICZJdrUN_ PAIR C1=0,3,7,2,4,9,6,1,5,8 C2=0,5,9,2,6,3,8,1,4,7
ICZJdrUyO PAIR C1=0,5,8,1,4,9,2,6,3,7 C2=0,3,8,6,1,5,4,2,7,9
ICZJdrUuO PAIR C1=0,7,3,9,4,1,5,8 C2=0,3,8,1,9,7,4,5
ICZJdrU]O PAIR C1=0,7,3,9,4,1,5,8 C2=0,3,8,1,9,7,4,5
ICZJdrUrO NOPAIR
ICZJdrUjO PAIR C1=0,5,8,3,7,2,6,1,4,9 C2=0,3,6,8,1,5,4,2,9,7
ICZJdrUqo PAIR C1=0,7,3,6,8,5,1,4,9 C2=0,3,8,1,6,9,7,4,5
ICZJdrUio PAIR C1=0,7,3,6,8,5,1,4,9 C2=0,3,8,1,6,9,7,4,5
ICZJdrUeo PAIR C1=0,7,3,6,8,5,1,4,9 C2=0,3,8,1,6,9,7,4,5
ICZJdrUUo PAIR C1=0,5,8,6,1,4,9,3,7 C2=0,3,6,9,7,4,5,1,8
ICZJdrUbo PAIR C1=0,7,3,6,8,5,1,4,9 C2=0,3,8,1,6,9,7,4,5
ICZJdrM{O PAIR C1=0,8,4,2,7,3,6,1,9 C2=0,3,9,2,6,8,1,4,7
ICZJdrMwo PAIR C1=0,5,8,6,1,4,7,2,9 C2=0,7,9,6,2,4,5,1,8
ICZJdrMso PAIR C1=0,7,4,8,5,1,6,3,9 C2=0,3,7,9,6,8,1,4,5
ICZJdqmho PAIR C1=0,7,2,4,8,5,9 C2=0,5,4,7,9,2,8
ICZJdpmdo PAIR C1=0,7,3,6,2,4,8,5,9 C2=0,3,9,6,8,2,7,4,5
ICZJdq]\O PAIR C1=0,7,3,6,2,4,1,9,5,8 C2=0,3,9,2,7,4,8,6,1,5
ICZJdq]To PAIR C1=0,7,3,6,1,9,5,4,8 C2=0,3,8,6,9,7,4,1,5
ICZJdq]Lo PAIR C1=0,5,9,2,4,8,6,3,7 C2=0,3,9,6,2,7,4,5,8
ICZJdp]\O PAIR C1=1,4,5,9,2,7,3,6,8 C2=1,5,8,3,9,7,4,2,6
ICZJdp]so PAIR C1=0,7,3,6,8,5,4,1,9 C2=0,3,8,4,7,9,6,1,5
ICZJdp]Lo PAIR C1=1,6,2,9,5,4,7,3,8 C2=1,4,2,7,9,3,6,8,5
ICZJdo}To PAIR C1=1,6,2,8,3,7,4,5,9 C2=1,4,2,7,9,3,6,8,5
ICZJdo}Lo NOPAIR
ICZJfJwl_ PAIR C1=0,5,7,1,4,2,8,3,6,9 C2=0,3,9,5,4,8,1,6,2,7
ICZJfJql_ PAIR C1=0,5,7,1,8,2,6,9 C2=0,7,2,9,5,1,6,8
ICZJfJil_ PAIR C1=0,5,7,1,8,2,6,9 C2=0,7,2,9,5,1,6,8
ICZJfJieo PAIR C1=0,7,5,1,4,2,8,6,9 C2=0,5,4,9,7,2,6,1,8
ICZJfIy|? PAIR C1=0,7,5,1,6,3,8,4,2,9 C2=0,3,9,5,4,1,7,2,6,8
ICZJfIyz? NOPAIR
ICZJfIy{_ PAIR C1=0,3,9,2,6,8,4,5,1,7 C2=0,5,7,2,4,1,9,6,3,8
ICZJfIyy_ PAIR C1=0,5,1,7,2,6,8,4,9 C2=0,7,5,4,1,6,9,2,8
ICZJfIyu_ PAIR C1=0,5,1,7,2,6,9,4,8 C2=0,7,5,4,2,8,6,1,9
ICZJfIyx_ PAIR C1=0,5,4,8,2,7,1,6,9 C2=0,7,5,9,1,4,2,6,8
ICZJfIyt_ PAIR C1=0,5,4,8,2,7,1,6,9 C2=0,7,5,9,1,4,2,6,8
ICZJfIyl_ PAIR C1=0,3,8,4,5,1,7,2,6,9 C2=0,7,5,9,3,6,1,4,2,8
ICZJfIyr_ PAIR C1=0,5,4,8,2,7,1,6,9 C2=0,7,5,9,1,4,2,6,8
ICZJfIyj_ PAIR C1=0,5,1,6,9,4,8,2,7 C2=0,8,6,2,4,1,7,5,9
ICZJfIyZ_ NOPAIR
ICZJfIyf_ PAIR C1=0,5,1,6,9,4,8,2,7 C2=0,8,6,2,4,1,7,5,9
ICZJfIyyO NOPAIR
ICZJfIyuO PAIR C1=0,8,2,4,5,7,1,6,3,9 C2=0,3,8,6,2,7,9,4,1,5
ICZJfIy]O PAIR C1=0,7,5,4,1,6,3,9,2,8 C2=0,3,8,6,2,4,9,7,1,5
ICZJfIyxO NOPAIR
ICZJfIyrO NOPAIR
ICZJfIyjO NOPAIR
ICZJfIyZO NOPAIR
ICZJfIyNO PAIR C1=0,3,6,8,2,4,9,7,1,5 C2=0,7,5,4,1,6,2,9,3,8
ICZJfIywo PAIR C1=0,7,1,5,4,8,2,6,9 C2=0,5,7,9,2,4,1,6,8
ICZJfIyso PAIR C1=0,5,1,9,6,8,4,2,7 C2=0,8,2,6,1,4,5,7,9
ICZJfIyqo PAIR C1=0,5,1,9,6,8,4,2,7 C2=0,8,2,6,1,4,5,7,9
ICZJfIyio PAIR C1=0,7,5,1,4,2,9,6,8 C2=0,5,4,8,2,6,1,7,9
ICZJfIyYo NOPAIR
ICZJfIyeo PAIR C1=0,8,3,6,2,7,5,1,4,9 C2=0,3,9,7,1,6,8,2,4,5
ICZJfIypo PAIR C1=0,7,5,1,9,6,2,4,8 C2=0,5,4,1,6,8,2,7,9
ICZJfIyho PAIR C1=0,7,5,1,6,8,4,2,9 C2=0,5,4,1,7,9,6,2,8
ICZJfIyXo NOPAIR
ICZJfIydo PAIR C1=0,7,5,1,6,2,4,8,3,9 C2=0,3,6,9,5,4,1,7,2,8
ICZJfIyLo PAIR C1=0,3,8,4,2,7,9,6,1,5 C2=0,7,1,4,5,9,3,6,2,8
ICZJfIybo PAIR C1=0,5,1,4,8,2,6,9,7 C2=0,8,6,1,7,2,4,5,9
ICZJfIyRo NOPAIR
ICZJfIyFo PAIR C1=0,5,1,6,2,4,8,3,9,7 C2=0,3,6,9,5,4,1,7,2,8
ICZJfIuwo PAIR C1=0,7,2,6,9,1,5,8 C2=0,5,7,1,6,8,2,9
ICZJfIu[o PAIR C1=0,3,8,5,1,9,6,2,7 C2=0,5,7,1,6,3,9,2,8
ICZJfG}eo PAIR C1=0,5,8,3,9,6,2,4,1,7 C2=0,3,6,1,5,7,2,8,4,9
ICZJfIZ}? PAIR C1=0,3,8,6,1,9,2,4,5,7 C2=0,5,1,7,2,6,3,9,4,8
ICZJejYio PAIR C1=0,5,7,3,8,6,1,4,9 C2=0,3,6,9,7,1,5,4,8
ICZJeiy}? PAIR C1=0,3,7,1,6,8,2,9,4,5 C2=0,7,5,1,9,3,6,2,4,8
ICZJeiyz? PAIR C1=0,3,7,1,6,8,2,9,4,5 C2=0,7,5,9,1,4,2,6,3,8
ICZJeiyv? NOPAIR
ICZJeiyy_ PAIR C1=0,3,7,5,1,9,6,2,4,8 C2=0,5,4,9,2,8,3,6,1,7
ICZJeiyu_ PAIR C1=0,5,4,8,3,9,6,1,7 C2=0,8,6,3,7,5,1,4,9
ICZJeiy]_ PAIR C1=0,3,8,6,2,9,4,1,7,5 C2=0,7,3,6,9,1,5,4,2,8
ICZJeiyx_ PAIR C1=0,3,8,6,9,2,4,1,7,5 C2=0,7,3,6,2,8,4,5,1,9
ICZJeiyt_ NOPAIR
ICZJeiyr_ PAIR C1=0,5,4,8,3,6,9,1,7 C2=0,3,7,5,9,4,1,6,8
ICZJeiyj_ PAIR C1=0,3,8,4,5,9,6,1,7 C2=0,8,6,3,7,5,1,4,9
ICZJeiyf_ PAIR C1=0,3,8,4,5,9,6,1,7 C2=0,8,6,3,7,5,1,4,9
ICZJeiyV_ PAIR C1=0,5,9,6,3,8,4,1,7 C2=0,3,7,5,4,9,1,6,8
ICZJeiyN_ PAIR C1=0,3,8,6,9,2,4,1,7,5 C2=0,7,3,9,4,5,1,6,2,8
ICZJeiy{O PAIR C1=0,5,4,2,9,3,8,6,1,7 C2=0,3,6,2,8,4,1,5,7,9
ICZJeiyyO PAIR C1=0,3,7,1,6,8,2,9,4,5 C2=0,8,3,6,2,4,1,5,7,9
ICZJeiyuO NOPAIR
ICZJeiy]O PAIR C1=0,5,1,4,8,6,2,9,3,7 C2=0,3,6,1,9,7,5,4,2,8
ICZJeiyxO PAIR C1=0,3,8,2,6,1,4,5,9,7 C2=0,5,1,7,3,6,8,4,2,9
ICZJeiyrO NOPAIR
ICZJeiyjO PAIR C1=0,3,6,1,7,9,5,4,2,8 C2=0,5,1,4,9,2,6,8,3,7
ICZJeiyfO NOPAIR
ICZJeiyVO NOPAIR
ICZJeiyNO PAIR C1=0,3,6,1,7,9,5,4,2,8 C2=0,5,1,4,9,2,6,8,3,7
ICZJeiywo PAIR C1=0,3,6,1,4,8,2,9,7,5 C2=0,7,3,8,6,2,4,5,1,9
ICZJeiyqo PAIR C1=0,3,6,9,7,5,1,4,8 C2=0,5,4,9,1,6,8,3,7
ICZJeiyio PAIR C1=0,3,6,9,7,1,5,4,8 C2=0,5,7,3,8,6,1,4,9
ICZJeiyeo PAIR C1=0,3,6,9,7,1,5,4,8 C2=0,5,7,3,8,6,1,4,9
ICZJeiyUo PAIR C1=0,3,6,9,7,5,1,4,8 C2=0,5,4,9,1,6,8,3,7
ICZJeiypo NOPAIR
ICZJeiyho PAIR C1=0,5,7,9,6,1,4,2,8 C2=0,7,1,5,4,8,6,2,9
ICZJeiyTo NOPAIR
ICZJeiyLo PAIR C1=0,3,6,9,7,1,5,4,2,8 C2=0,5,9,2,6,1,4,8,3,7
ICZJeiybo PAIR C1=0,3,6,9,7,1,5,4,8 C2=0,5,9,4,1,6,8,3,7
ICZJeiyRo PAIR C1=0,3,6,9,7,1,5,4,8 C2=0,5,9,4,1,6,8,3,7
ICZJeiyJo PAIR C1=0,3,6,9,7,1,5,4,8 C2=0,5,9,4,1,6,8,3,7
ICZJeiyFo PAIR C1=0,3,6,9,7,1,5,4,8 C2=0,5,9,4,1,6,8,3,7
ICZJeiuy_ PAIR C1=0,5,4,1,7,3,6,9,2,8 C2=0,3,8,6,2,4,9,1,5,7
ICZJeg}u_ PAIR C1=0,3,7,1,4,9,6,8,5 C2=0,7,5,4,8,3,6,1,9
ICZJeg}[o PAIR C1=1,4,2,6,9,3,8,5,7 C2=1,5,4,8,2,9,7,3,6
ICZJeg}eo PAIR C1=0,7,1,6,3,8,5,4,9 C2=0,3,7,9,6,8,4,1,5
ICZJeg}Uo PAIR C1=1,4,5,8,3,6,9,7 C2=1,5,7,3,9,4,8,6
ICZJeg}Mo PAIR C1=1,4,5,8,3,6,9,7 C2=1,5,7,3,9,4,8,6
ICZJdjw}? PAIR C1=0,3,8,1,9,2,4,5,7 C2=0,5,1,4,8,2,7,3,9
ICZJdjw|? PAIR C1=0,3,8,1,9,2,4,5,7 C2=0,5,1,4,8,2,7,3,9
ICZJdjwz? NOPAIR
ICZJdjwv? NOPAIR
ICZJdjwn? PAIR C1=0,7,3,9,5,4,2,8 C2=0,3,8,4,9,2,7,5
ICZJdjw^? PAIR C1=0,7,3,9,5,4,2,8 C2=0,3,8,4,9,2,7,5
ICZJdjwx_ PAIR C1=0,7,3,6,1,8,2,4,5,9 C2=0,3,8,4,1,9,6,2,7,5
ICZJdjwt_ PAIR C1=0,7,3,6,1,8,2,4,5,9 C2=0,3,8,4,1,9,6,2,7,5
ICZJdjwl_ PAIR C1=0,7,3,8,1,6,2,4,5,9 C2=0,3,6,9,2,7,5,1,4,8
ICZJdjw\_ PAIR C1=0,5,9,1,6,2,4,8,3,7 C2=0,3,6,9,2,7,5,4,1,8
ICZJdjwj_ PAIR C1=0,7,3,8,4,2,6,1,5,9 C2=0,3,6,9,2,7,5,4,1,8
ICZJdjwf_ PAIR C1=0,7,3,8,2,6,1,5,4,9 C2=0,3,6,9,5,7,2,4,1,8
ICZJdjw{O PAIR C1=0,5,4,2,8,1,9,3,7 C2=0,3,8,4,1,5,7,2,9
ICZJdjwyO PAIR C1=0,5,4,8,1,9,2,7 C2=0,8,2,4,1,5,7,9
ICZJdjwuO PAIR C1=0,5,7,3,9,4,1,8 C2=0,3,8,4,5,1,9,7
ICZJdjwmO NOPAIR
ICZJdjw]O PAIR C1=0,3,9,1,8,4,5,7 C2=0,5,1,4,9,7,3,8
ICZJdjwxO PAIR C1=0,8,2,7,5,4,1,9 C2=0,5,1,8,4,2,9,7
ICZJdjwtO NOPAIR
ICZJdjwlO NOPAIR
ICZJdjw\O NOPAIR
ICZJdjwrO NOPAIR
ICZJdjwjO NOPAIR
ICZJdjwZO NOPAIR
ICZJdjwfO NOPAIR
ICZJdjwVO PAIR C1=0,3,7,9,4,8,1,5 C2=0,7,5,4,1,9,3,8
ICZJdjwNO PAIR C1=0,3,7,2,8,4,9,5 C2=0,7,5,4,2,9,3,8
ICZJdjwwo PAIR C1=0,8,2,7,5,4,1,9 C2=0,5,1,8,4,2,9,7
ICZJdjw[o PAIR C1=0,3,7,5,4,1,9,6,2,8 C2=0,5,1,6,3,8,4,2,9,7
ICZJdjwqo PAIR C1=0,3,7,5,4,1,9,6,2,8 C2=0,5,1,6,3,8,4,2,7,9
ICZJdjwio PAIR C1=0,3,7,5,4,2,9,6,1,8 C2=0,5,1,4,8,3,6,2,7,9
ICZJdjweo PAIR C1=0,3,6,1,8,2,4,5,7,9 C2=0,5,1,4,9,6,2,7,3,8
ICZJdjwUo PAIR C1=0,3,6,9,4,1,5,7,2,8 C2=0,5,4,2,6,1,8,3,9,7
ICZJdjwpo PAIR C1=0,5,7,2,6,3,8,4,1,9 C2=0,3,7,9,6,1,5,4,2,8
ICZJdjwho PAIR C1=0,8,3,6,1,4,5,7,2,9 C2=0,3,7,9,6,2,4,8,1,5
ICZJdjwXo PAIR C1=0,7,5,4,2,9,1,6,3,8 C2=0,3,7,9,6,2,8,4,1,5
ICZJdjwTo PAIR C1=0,7,2,4,5,9,1,6,3,8 C2=0,3,7,9,6,2,8,4,1,5
ICZJdjwLo PAIR C1=0,7,2,9,5,4,1,6,3,8 C2=0,3,7,9,6,2,4,8,1,5
ICZJdjwFo PAIR C1=0,3,8,1,6,9,5,4,2,7 C2=0,5,1,4,9,7,3,6,2,8
ICZJdjsUo PAIR C1=0,3,6,9,1,4,5,8,2,7 C2=0,5,1,6,2,4,9,7,3,8
ICZJdjk{O PAIR C1=0,7,5,4,1,8,2,9 C2=0,5,1,9,7,2,4,8
ICZJdjkyO PAIR C1=0,7,5,4,1,8,2,9 C2=0,5,1,9,7,2,4,8
ICZJdjkwo PAIR C1=0,7,5,4,1,8,2,9 C2=0,5,1,9,7,2,4,8
ICZJdj[uO PAIR C1=0,5,7,3,9,4,1,8 C2=0,3,8,4,5,1,9,7
ICZJdj[]O PAIR C1=0,5,7,3,9,4,1,8 C2=0,3,8,4,5,1,9,7
ICZJdi{Mo NOPAIR
ICZJdh{wo PAIR C1=0,3,6,9,7,2,4,8,1,5 C2=0,7,3,8,5,4,1,6,2,9
ICZJdh{Uo PAIR C1=1,4,2,7,9,6,3,8,5 C2=1,6,2,8,4,5,7,3,9
ICZJdjq}? PAIR C1=0,5,4,9,2,7,3,6,1,8 C2=0,7,5,1,4,2,6,8,3,9
ICZJdjq|? PAIR C1=0,5,1,9,2,8,6,3,7 C2=0,3,9,5,7,2,6,1,8
ICZJdjqz? PAIR C1=0,5,1,9,2,8,6,3,7 C2=0,3,8,1,6,2,7,5,9
ICZJdjqv? PAIR C1=0,7,3,6,8,2,4,1,5,9 C2=0,3,9,4,5,7,2,6,1,8
ICZJdjqn? PAIR C1=0,7,3,6,8,2,4,1,5,9 C2=0,3,9,4,5,7,2,6,1,8
ICZJdjq^? PAIR C1=0,5,9,1,4,2,8,6,3,7 C2=0,3,9,4,5,7,2,6,1,8
ICZJdjqu_ PAIR C1=0,5,1,9,4,2,6,8,3,7 C2=0,8,2,7,5,4,1,6,3,9
ICZJdjqx_ PAIR C1=0,5,9,1,8,2,6,3,7 C2=0,3,8,6,1,5,7,2,9
ICZJdjqt_ NOPAIR
ICZJdjql_ NOPAIR
ICZJdjq\_ PAIR C1=0,5,1,9,3,7,2,6,8 C2=0,3,6,1,8,2,9,5,7
ICZJdjqr_ PAIR C1=0,5,1,9,4,2,8,6,3,7 C2=0,3,8,1,4,5,7,2,6,9
ICZJdjqj_ PAIR C1=0,5,1,6,9,4,2,8,3,7 C2=0,3,6,8,1,4,5,7,2,9
ICZJdjqf_ PAIR C1=0,5,1,6,9,4,2,8,3,7 C2=0,8,1,4,5,7,2,6,3,9
ICZJdjq{O NOPAIR
ICZJdjqyO PAIR C1=0,5,7,3,8,6,2,4,1,9 C2=0,3,6,1,5,4,9,7,2,8
ICZJdjquO PAIR C1=0,5,7,3,8,6,2,4,1,9 C2=0,3,6,1,5,4,9,7,2,8
ICZJdjqmO PAIR C1=0,5,7,2,4,1,6,8,3,9 C2=0,3,6,2,8,1,5,4,9,7
ICZJdjq]O PAIR C1=0,5,7,2,4,1,9,3,6,8 C2=0,3,8,2,6,1,5,4,9,7
ICZJdjqxO PAIR C1=0,3,8,6,1,9,2,7,5 C2=0,7,3,6,2,8,1,5,9
ICZJdjqtO NOPAIR
ICZJdjqlO NOPAIR
ICZJdjq\O PAIR C1=0,3,6,8,1,5,9,2,7 C2=0,5,7,3,9,1,6,2,8
ICZJdjqrO PAIR C1=0,7,2,8,3,6,1,4,5,9 C2=0,3,7,5,1,9,4,2,6,8
ICZJdjqZO PAIR C1=0,3,8,6,1,4,5,9,2,7 C2=0,5,7,3,6,2,4,9,1,8
ICZJdjqVO PAIR C1=0,3,8,6,1,9,7,2,4,5 C2=0,7,5,1,4,9,3,6,2,8
ICZJdjqNO PAIR C1=0,3,8,1,6,2,7,9,4,5 C2=0,7,5,1,4,2,9,3,6,8
ICZJdjqwo PAIR C1=0,3,8,6,2,7,9 C2=0,7,3,6,9,2,8
ICZJdjqqo PAIR C1=0,5,1,4,9,7,2,6,3,8 C2=0,3,7,5,4,2,8,1,6,9
ICZJdjqio PAIR C1=0,5,1,4,9,7,2,6,3,8 C2=0,3,7,5,4,2,8,1,6,9
ICZJdjqUo PAIR C1=0,5,4,1,6,2,8,3,9,7 C2=0,3,6,9,4,2,7,5,1,8
ICZJdjqpo PAIR C1=0,7,3,6,9,5,1,8 C2=0,3,8,6,1,9,7,5
ICZJdjqho PAIR C1=0,7,2,8,3,6,9 C2=0,3,7,9,2,6,8
ICZJdjqXo PAIR C1=0,5,9,1,6,2,8,3,7 C2=0,3,6,9,2,7,5,1,8
ICZJdjqTo PAIR C1=0,5,9,1,6,8,3,7 C2=0,3,6,9,7,5,1,8
ICZJdjqLo NOPAIR
ICZJdjqJo PAIR C1=0,5,9,4,1,6,3,7,2,8 C2=0,3,8,1,5,4,2,6,9,7
ICZJdji}? PAIR C1=0,5,1,6,2,8,4,9,3,7 C2=0,3,6,8,1,4,5,7,2,9
ICZJdji|? PAIR C1=0,7,3,9,5,1,6,2,4,8 C2=0,3,6,8,1,4,5,7,2,9
ICZJdjiv? PAIR C1=0,3,9,5,1,6,8,4,2,7 C2=0,5,7,3,6,2,8,1,4,9
ICZJdjin? PAIR C1=0,3,9,5,1,6,8,4,2,7 C2=0,5,7,3,6,2,8,1,4,9
ICZJdjiy_ PAIR C1=1,6,8,4,2,9 C2=1,4,9,6,2,8
ICZJdjix_ NOPAIR
ICZJdjit_ PAIR C1=0,3,6,1,9,5,4,8,2,7 C2=0,5,7,3,9,6,2,4,1,8
ICZJdjil_ PAIR C1=0,7,5,1,4,8,2,6,3,9 C2=0,3,7,2,4,5,9,6,1,8
ICZJdjir_ NOPAIR
ICZJdjij_ NOPAIR
ICZJdjif_ PAIR C1=0,3,7,5,9,6,2,4,1,8 C2=0,5,1,6,3,9,4,8,2,7
ICZJdji{O PAIR C1=0,8,4,1,5,7,2,6,3,9 C2=0,3,7,9,1,6,8,2,4,5
ICZJdjiyO PAIR C1=0,8,4,1,5,7,2,9 C2=0,5,4,2,8,1,9,7
ICZJdjiuO PAIR C1=0,8,6,2,4,1,5,7,3,9 C2=0,3,6,1,9,7,2,8,4,5
ICZJdji]O PAIR C1=0,7,3,9,2,4,5,1,6,8 C2=0,3,6,2,8,4,1,9,7,5
ICZJdjixO PAIR C1=0,8,4,1,5,7,2,9 C2=0,5,4,2,8,1,9,7
ICZJdjilO PAIR C1=0,8,4,5,1,6,2,7,3,9 C2=0,3,6,8,1,4,2,9,7,5
ICZJdji\O PAIR C1=0,7,3,9,2,6,1,5,4,8 C2=0,3,6,8,2,4,1,9,7,5
ICZJdjirO NOPAIR
ICZJdjijO NOPAIR
ICZJdjiVO PAIR C1=0,7,3,9,5,1,4,2,6,8 C2=0,3,6,1,9,7,2,8,4,5
ICZJdjiwo PAIR C1=0,8,4,1,5,7,2,9 C2=0,5,4,2,8,1,9,7
ICZJdjiso PAIR C1=0,8,4,5,7,2,6,1,9 C2=0,5,1,4,2,8,6,9,7
ICZJdjiqo PAIR C1=0,8,4,5,7,2,6,1,9 C2=0,5,1,4,2,8,6,9,7
ICZJdjiio PAIR C1=0,8,6,1,4,5,7,2,9 C2=0,5,1,8,4,2,6,9,7
ICZJdjiYo PAIR C1=1,4,9,2,8,6 C2=1,8,4,2,6,9
ICZJdjieo PAIR C1=0,3,7,9,4,2,8,6,1,5 C2=0,8,1,4,5,7,2,6,3,9
ICZJdjiUo PAIR C1=0,5,4,2,6,8,1,9,3,7 C2=0,3,6,9,4,1,5,7,2,8
ICZJdjipo PAIR C1=0,5,4,1,6,8,2,7,9 C2=0,7,5,1,9,6,2,4,8
ICZJdjiho PAIR C1=0,7,5,4,1,8,6,2,9 C2=0,5,1,6,9,7,2,4,8
ICZJdjiXo NOPAIR
ICZJdjido PAIR C1=0,3,9,5,4,1,6,8,2,7 C2=0,5,1,8,4,2,6,3,7,9
ICZJdjiTo PAIR C1=0,3,7,9,6,2,8,4,1,5 C2=0,7,2,4,5,9,3,6,1,8
ICZJdjibo PAIR C1=0,7,9,6,1,5,4,2,8 C2=0,5,7,2,6,8,1,4,9
ICZJdjiRo NOPAIR
ICZJdjiFo PAIR C1=0,5,1,4,8,6,3,9,7 C2=0,3,7,5,4,9,6,1,8
ICZJdjY}? PAIR C1=0,5,4,8,1,6,3,9,2,7 C2=0,3,7,5,1,9,4,2,6,8
ICZJdjYv? NOPAIR
ICZJdjYn? PAIR C1=0,3,9,5,1,6,8,4,2,7 C2=0,5,7,3,6,2,9,4,1,8
ICZJdjY^? PAIR C1=0,3,9,5,1,6,8,4,2,7 C2=0,5,7,3,6,2,9,4,1,8
ICZJdjYu_ NOPAIR
ICZJdjYx_ PAIR C1=0,3,7,2,4,8,1,6,9,5 C2=0,7,5,4,1,9,2,6,3,8
ICZJdjYt_ NOPAIR
ICZJdjYl_ PAIR C1=0,3,7,2,6,8,4,1,5,9 C2=0,7,5,4,2,9,3,6,1,8
ICZJdjY\_ PAIR C1=0,3,7,2,6,8,4,1,9,5 C2=0,7,5,4,2,9,3,6,1,8
ICZJdjYr_ NOPAIR
ICZJdjYj_ PAIR C1=0,5,1,6,3,7,2,9,4,8 C2=0,3,8,1,4,2,6,9,5,7
ICZJdjYf_ NOPAIR
ICZJdjYN_ PAIR C1=0,3,8,6,1,5,4,9,2,7 C2=0,5,7,3,9,6,2,4,1,8
ICZJdjY{O PAIR C1=0,5,4,8,3,6,1,9,2,7 C2=0,3,9,7,5,1,4,2,6,8
ICZJdjYyO PAIR C1=0,3,7,2,9,1,6,8,4,5 C2=0,8,3,6,2,4,1,5,7,9
ICZJdjYuO PAIR C1=0,7,3,9,4,5,1,8 C2=0,3,8,4,1,9,7,5
ICZJdjY]O PAIR C1=0,7,3,9,4,5,1,8 C2=0,3,8,4,1,9,7,5
ICZJdjYxO PAIR C1=0,5,4,2,7,3,8,6,1,9 C2=0,3,6,2,9,7,5,1,4,8
ICZJdjYtO NOPAIR
ICZJdjY\O PAIR C1=0,3,7,9,2,4,5,1,6,8 C2=0,5,9,1,4,8,3,6,2,7
ICZJdjYrO NOPAIR
ICZJdjYfO NOPAIR
ICZJdjYVO PAIR C1=0,3,9,4,8,1,5,7 C2=0,5,4,1,9,7,3,8
ICZJdjYNO PAIR C1=1,5,7,3,9,2,4,8,6 C2=1,4,5,9,7,2,6,3,8
ICZJdjYwo PAIR C1=0,5,7,3,8,4,1,6,2,9 C2=0,3,6,9,7,2,4,5,1,8
ICZJdjYso NOPAIR
ICZJdjY[o PAIR C1=0,3,9,2,4,8,6,1,5,7 C2=0,5,4,1,9,7,2,6,3,8
ICZJdjYqo PAIR C1=0,7,5,1,6,3,8,4,9 C2=0,3,7,9,6,8,1,4,5
ICZJdjYio PAIR C1=0,7,5,1,6,3,8,4,9 C2=0,3,7,9,6,8,1,4,5
ICZJdjYUo PAIR C1=0,7,5,4,9,1,6,3,8 C2=0,3,7,9,6,8,4,1,5
ICZJdjYpo PAIR C1=0,7,5,9,1,6,3,8 C2=0,3,7,9,6,8,1,5
ICZJdjYho PAIR C1=0,5,9,2,6,1,4,8,3,7 C2=0,3,6,9,7,2,4,5,1,8
ICZJdjYXo PAIR C1=0,5,9,2,6,1,4,8,3,7 C2=0,3,6,9,7,2,4,5,1,8
ICZJdjYTo PAIR C1=0,7,5,9,1,6,3,8 C2=0,3,7,9,6,8,1,5
ICZJdjYLo PAIR C1=0,5,1,6,3,8,4,2,9,7 C2=0,3,7,2,6,9,5,4,1,8
ICZJdjYbo PAIR C1=0,7,3,6,8,1,5,4,9 C2=0,3,8,4,1,6,9,7,5
ICZJdjYRo PAIR C1=0,3,8,6,1,5,4,9,7 C2=0,5,7,3,6,9,1,4,8
ICZJdjYJo PAIR C1=0,7,3,6,2,4,9,5,1,8 C2=0,3,8,4,1,6,9,2,7,5
ICZJdjYFo PAIR C1=0,5,1,6,8,4,9,3,7 C2=0,3,6,9,7,5,4,1,8
ICZJdiy}? PAIR C1=0,5,1,9,4,8,2,6,3,7 C2=0,3,9,2,7,5,4,1,6,8
ICZJdiyn? PAIR C1=0,5,9,4,2,8,3,7 C2=0,3,9,2,7,5,4,8
ICZJdiym_ NOPAIR
ICZJdiyx_ PAIR C1=0,7,5,4,2,8,3,6,1,9 C2=0,3,7,2,9,6,8,4,1,5
ICZJdiyl_ NOPAIR
ICZJdiyr_ PAIR C1=0,7,5,9,1,4,2,6,3,8 C2=0,3,7,2,8,4,9,6,1,5
ICZJdiyj_ PAIR C1=0,3,6,8,4,2,9,5,7 C2=0,5,4,9,6,2,7,3,8
ICZJdiyf_ PAIR C1=0,7,5,9,3,6,2,4,8 C2=0,3,7,2,8,6,9,4,5
ICZJdiyV_ PAIR C1=0,7,5,9,3,6,2,4,8 C2=0,3,7,2,8,6,9,4,5
ICZJdiyN_ PAIR C1=0,7,5,9,3,6,2,4,8 C2=0,3,7,2,8,6,9,4,5
ICZJdiyyO PAIR C1=0,7,5,4,1,9,2,6,3,8 C2=0,3,7,9,4,2,8,6,1,5
ICZJdiyuO PAIR C1=0,3,8,2,6,1,9,4,5,7 C2=0,5,1,4,2,7,9,3,6,8
ICZJdiymO NOPAIR
ICZJdiy]O PAIR C1=0,3,6,1,9,7,5,4,2,8 C2=0,5,1,4,9,3,8,6,2,7
ICZJdiyxO PAIR C1=0,3,7,5,4,2,8,6,1,9 C2=0,5,1,4,8,3,6,2,9,7
ICZJdiylO NOPAIR
ICZJdiyrO PAIR C1=0,8,3,7,5,4,2,6,1,9 C2=0,3,6,8,2,7,9,4,1,5
ICZJdiyjO NOPAIR
ICZJdiyfO NOPAIR
ICZJdiyVO PAIR C1=0,5,9,1,4,2,7,3,6,8 C2=0,3,8,2,6,1,5,4,9,7
ICZJdiyNO PAIR C1=0,3,9,5,7,2,4,8 C2=0,5,4,9,2,8,3,7
ICZJdiywo PAIR C1=0,3,6,9,7,2,8 C2=0,7,3,8,6,2,9
ICZJdiyko PAIR C1=0,3,6,9,7,2,8 C2=0,7,3,8,6,2,9
ICZJdiyqo PAIR C1=0,3,6,1,9,7,5,4,2,8 C2=0,5,1,4,8,3,7,2,6,9
ICZJdiyio PAIR C1=0,3,6,9,7,2,8 C2=0,7,3,8,6,2,9
ICZJdiyeo NOPAIR
ICZJdiyMo NOPAIR
ICZJdiypo PAIR C1=0,3,6,1,9,7,5,4,2,8 C2=0,5,1,4,8,3,7,2,6,9
ICZJdiyho PAIR C1=0,3,6,9,7,2,8 C2=0,7,3,8,6,2,9
ICZJdiyXo PAIR C1=0,5,7,3,6,9,1,4,2,8 C2=0,3,8,4,5,1,6,2,9,7
ICZJdiyTo PAIR C1=0,3,7,2,6,1,9,5,4,8 C2=0,5,1,4,2,8,3,6,9,7
ICZJdiyLo NOPAIR
ICZJdiybo PAIR C1=0,3,6,8,4,2,7,5,9 C2=0,5,4,9,6,2,8,3,7
ICZJdiyRo PAIR C1=0,5,7,3,6,9,1,4,2,8 C2=0,3,8,4,9,5,1,6,2,7
ICZJdiyFo PAIR C1=0,5,4,2,8,6,9,3,7 C2=0,3,6,2,7,5,9,4,8
ICZJdhy|? PAIR C1=0,5,4,8,2,6,1,9,3,7 C2=0,3,6,8,1,4,2,7,5,9
ICZJdhyy_ PAIR C1=0,5,4,1,9,6,2,8,3,7 C2=0,3,6,8,1,5,7,2,4,9
ICZJdhy]_ PAIR C1=1,4,2,8,6,9 C2=1,6,2,9,4,8
ICZJdhyf_ PAIR C1=0,3,8,1,6,9,4,2,7,5 C2=0,7,3,6,2,8,4,1,5,9
ICZJdhyN_ NOPAIR
ICZJdhy{O PAIR C1=0,5,7,3,8,6,1,4,2,9 C2=0,3,6,2,8,4,5,1,9,7
ICZJdhyyO PAIR C1=0,5,7,3,8,6,1,4,2,9 C2=0,3,6,2,8,4,5,1,9,7
ICZJdhyuO PAIR C1=0,3,9,1,6,8,4,2,7,5 C2=0,7,3,6,2,8,1,5,4,9
ICZJdhy]O NOPAIR
ICZJdhyxO PAIR C1=0,3,7,2,6,8,4,1,5,9 C2=0,5,4,2,8,3,6,1,9,7
ICZJdhytO PAIR C1=0,3,7,2,6,8,4,1,5,9 C2=0,5,4,2,8,3,6,1,9,7
ICZJdhylO PAIR C1=0,3,7,2,4,8,6,1,5,9 C2=0,5,4,1,8,3,6,2,9,7
ICZJdhy\O PAIR C1=1,5,9,3,7,2,4,8,6 C2=1,4,5,7,9,2,6,3,8
ICZJdhyZO NOPAIR
ICZJdhyfO PAIR C1=1,4,5,9,3,7,2,6,8 C2=1,5,7,9,4,2,8,3,6
ICZJdhyVO PAIR C1=1,4,5,9,3,7,2,6,8 C2=1,5,7,9,4,2,8,3,6
ICZJdhyNO PAIR C1=1,4,5,9,3,7,2,6,8 C2=1,5,7,9,4,2,8,3,6
ICZJdhywo PAIR C1=0,5,7,3,6,1,4,8,2,9 C2=0,3,8,1,5,4,2,6,9,7
ICZJdhyso PAIR C1=0,5,7,2,8,4,1,6,3,9 C2=0,3,8,1,5,4,2,6,9,7
ICZJdhyYo PAIR C1=1,6,8,4,2,9 C2=1,4,9,6,2,8
ICZJdhyUo NOPAIR
ICZJdhyho PAIR C1=0,5,7,3,6,1,4,8,2,9 C2=0,3,8,1,5,4,2,6,9,7
ICZJdhyXo NOPAIR
ICZJdhyTo PAIR C1=1,4,8,2,7,5,9,3,6 C2=1,5,4,2,6,9,7,3,8
ICZJdhyLo PAIR C1=1,4,8,2,7,5,9,3,6 C2=1,5,4,2,6,9,7,3,8
ICZJdhybo PAIR C1=0,3,7,2,6,1,8,4,5,9 C2=0,5,1,4,2,8,3,6,9,7
ICZJdhyRo NOPAIR
ICZJdhyFo PAIR C1=1,4,8,2,7,5,9,3,6 C2=1,5,4,2,6,9,7,3,8
ICZJdje{O PAIR C1=0,7,3,6,1,5,8,2,9 C2=0,3,9,1,8,6,2,7,5
ICZJdjeqo PAIR C1=0,5,7,2,4,1,8,6,9 C2=0,7,9,4,5,1,6,2,8
ICZJdjUwo PAIR C1=0,5,7,3,6,8,1,9 C2=0,3,8,5,1,6,9,7
ICZJdjU[o PAIR C1=0,5,1,9,7,3,6,8 C2=0,3,9,6,1,8,5,7
ICZJdjUqo PAIR C1=0,3,6,8,1,9,7,5 C2=0,7,3,8,5,1,6,9
ICZJdiuwo PAIR C1=0,3,6,8,2,9,7 C2=0,8,3,7,2,6,9
ICZJdiuko PAIR C1=0,3,6,8,2,9,7 C2=0,8,3,7,2,6,9
ICZJdiuio PAIR C1=0,3,6,8,2,9,7 C2=0,8,3,7,2,6,9
ICZJdhuwo PAIR C1=0,3,6,8,1,9,7,5 C2=0,7,3,8,5,1,6,9
ICZJdhu[o NOPAIR
ICZJdjMwo PAIR C1=0,5,7,9,2,6,1,4,8 C2=0,7,2,4,5,1,8,6,9
ICZJdimwo PAIR C1=0,5,7,9,1,4,2,6,8 C2=0,7,2,8,4,5,1,6,9
ICZJdimio PAIR C1=0,5,7,9,2,4,8 C2=0,7,2,8,5,4,9
ICZJdhmwo NOPAIR
ICZJdhmeo PAIR C1=0,5,1,4,2,8,6,3,9,7 C2=0,3,7,2,6,1,8,5,4,9
ICZJdi]]O PAIR C1=0,5,8,3,6,2,4,1,9,7 C2=0,3,7,2,9,4,5,1,6,8
ICZJdi]Uo PAIR C1=0,7,5,4,1,9,6,3,8 C2=0,3,7,9,4,8,6,1,5
ICZJdi]Mo PAIR C1=0,3,6,9,2,4,8,5,7 C2=0,5,4,9,3,7,2,6,8
ICZJdh]]O PAIR C1=1,4,2,9,7,5,8,3,6 C2=1,5,4,9,3,7,2,6,8
ICZJdg}Mo NOPAIR
ICZJdjp^? PAIR C1=0,3,8,1,4,9,2,7,5 C2=0,7,3,9,1,5,4,2,8
ICZJdjp\_ PAIR C1=0,3,6,2,7,5,9,1,8 C2=0,5,1,6,9,2,8,3,7
ICZJdjh|? NOPAIR
ICZJdjhx_ NOPAIR
ICZJdjX^? NOPAIR
ICZJdjXV_ NOPAIR
ICZJdhx|? PAIR C1=0,7,5,1,4,2,8,3,9 C2=0,3,7,2,9,1,8,4,5
ICZJdhxx_ PAIR C1=0,3,6,2,4,8,7,5,1,9 C2=0,5,4,1,6,9,2,8,3,7
ICZJdhx\_ PAIR C1=1,4,2,6,3,8,7,5,9 C2=1,5,4,8,2,7,3,9,6
ICZJdhxN_ PAIR C1=1,4,2,6,3,9,5,7,8 C2=1,5,4,8,3,7,2,9,6
ICZJdjb|? PAIR C1=0,3,9,1,8,6,2,7,5 C2=0,7,3,6,1,5,9,2,8
ICZJdjbx_ NOPAIR
ICZJdjRt_ PAIR C1=0,5,9,3,6,1,8,7 C2=0,3,7,5,1,9,6,8
ICZJdjR\_ PAIR C1=0,5,9,3,6,1,8,7 C2=0,3,7,5,1,9,6,8
ICZJdjRV_ PAIR C1=0,5,9,3,6,1,8,7 C2=0,3,7,5,1,9,6,8
ICZJdirx_ NOPAIR
ICZJdhr|? PAIR C1=0,7,3,6,2,8,1,5,9 C2=0,3,8,6,1,9,2,7,5
ICZJdhr^? PAIR C1=1,4,2,7,8,6,3,9,5 C2=1,6,2,8,3,7,5,4,9
ICZJdijx_ PAIR C1=0,7,5,1,6,8,4,2,9 C2=0,5,4,1,9,6,2,7,8
ICZJdhjZ_ PAIR C1=1,6,2,9,4,8 C2=1,4,2,8,6,9
ICZJdhjf_ PAIR C1=0,5,4,9,3,6,1,8,2,7 C2=0,3,7,8,6,2,4,1,5,9
ICZJdiZ^? PAIR C1=0,7,2,9,3,6,1,5,4,8 C2=0,3,7,8,6,2,4,1,9,5
ICZJdiZV_ PAIR C1=0,7,5,1,6,3,9,4,8 C2=0,3,7,8,6,9,1,4,5
ICZJdiZN_ PAIR C1=0,7,5,4,2,9,6,3,8 C2=0,3,7,2,6,8,4,9,5
ICZJdhZV_ NOPAIR
ICZJdhZN_ PAIR C1=1,4,2,7,8,3,6,9,5 C2=1,6,2,9,3,7,5,4,8
ICZJdgz^? PAIR C1=1,5,9,2,4,8,7,3,6 C2=1,4,5,7,2,6,8,3,9
ICZJdgzV_ PAIR C1=1,4,2,8,7,3,6,9,5 C2=1,6,2,7,5,4,8,3,9
ICZJbiy}? PAIR C1=0,5,1,6,3,7,2,9,4,8 C2=0,3,8,6,2,4,5,7,1,9
ICZJbiy|? PAIR C1=0,3,7,2,8,6,1,5,9 C2=0,5,7,1,9,2,6,3,8
ICZJbiyv? PAIR C1=0,8,6,1,5,4,2,7,3,9 C2=0,3,6,2,8,4,9,1,7,5
ICZJbiyn? PAIR C1=0,8,4,5,1,6,2,7,3,9 C2=0,3,6,8,2,9,4,1,7,5
ICZJbiyu_ PAIR C1=0,8,4,5,1,6,2,7,3,9 C2=0,3,6,8,2,4,9,1,7,5
ICZJbiyx_ PAIR C1=0,3,7,2,4,5,1,9,6,8 C2=0,5,7,1,4,8,3,6,2,9
ICZJbiyt_ PAIR C1=0,3,7,2,4,5,1,9,6,8 C2=0,5,7,1,4,8,2,6,3,9
ICZJbiyl_ PAIR C1=0,3,7,2,9,6,1,5,4,8 C2=0,5,7,1,4,2,8,6,3,9
ICZJbiyf_ PAIR C1=0,3,8,4,2,7,5,1,6,9 C2=0,5,9,4,1,7,3,6,2,8
ICZJbiyV_ PAIR C1=1,6,8,2,4,5,9,3,7 C2=1,5,7,2,6,3,8,4,9
ICZJbiyN_ PAIR C1=1,5,4,9,3,7,2,8,6 C2=1,4,8,3,6,2,9,5,7
ICZJbiy{O PAIR C1=0,5,1,7,2,4,8,3,9 C2=0,3,7,5,4,1,9,2,8
ICZJbiyyO PAIR C1=0,5,1,7,3,8,6,2,4,9 C2=0,3,6,1,9,2,7,5,4,8
ICZJbiyuO PAIR C1=0,5,1,7,3,6,8,2,4,9 C2=0,3,9,1,6,2,7,5,4,8
ICZJbiymO PAIR C1=0,3,8,6,2,7,1,5,4,9 C2=0,5,7,9,3,6,1,4,2,8
ICZJbiy]O PAIR C1=1,6,3,9,4,8,2,7 C2=1,4,2,6,8,3,7,9
ICZJbiyxO PAIR C1=0,5,7,3,6,2,9,1,4,8 C2=0,3,8,6,1,5,4,2,7,9
ICZJbiytO PAIR C1=0,5,7,3,9,1,4,2,6,8 C2=0,3,6,1,5,4,8,2,7,9
ICZJbiylO PAIR C1=0,3,9,7,2,8,6,1,4,5 C2=0,8,4,2,6,3,7,1,5,9
ICZJbiy\O PAIR C1=1,4,8,6,2,7,3,9,5 C2=1,6,3,8,2,4,5,7,9
ICZJbiyfO PAIR C1=0,5,1,7,2,4,8,6,3,9 C2=0,3,7,9,5,4,1,6,2,8
ICZJbiyVO PAIR C1=1,5,7,2,4,8,6,3,9 C2=1,4,5,9,7,3,8,2,6
ICZJbiyNO PAIR C1=1,4,8,6,2,9,3,7,5 C2=1,6,3,8,2,4,5,9,7
ICZJbiywo PAIR C1=0,3,7,2,9,1,6,8,4,5 C2=0,8,3,6,2,4,1,5,7,9
ICZJbiyYo NOPAIR
ICZJbiyUo PAIR C1=1,7,2,4,8,6,3,9 C2=1,4,9,7,3,8,2,6
ICZJbiyMo NOPAIR
ICZJbiypo PAIR C1=0,5,9,1,7,3,6,2,4,8 C2=0,3,8,2,7,5,4,1,6,9
ICZJbiyho PAIR C1=0,8,2,7,3,6,1,4,5,9 C2=0,3,8,4,2,6,9,7,1,5
ICZJbiyXo NOPAIR
ICZJbiydo PAIR C1=0,5,4,2,8,3,6,1,7,9 C2=0,3,7,2,6,9,5,1,4,8
ICZJbiyTo PAIR C1=1,4,8,6,2,7,3,9,5 C2=1,6,3,8,2,4,5,7,9
ICZJbiyLo PAIR C1=1,4,8,2,7,5,9,3,6 C2=1,5,4,2,9,6,8,3,7
ICZJbiybo PAIR C1=0,5,4,1,6,3,8,2,7,9 C2=0,3,7,1,5,9,6,2,4,8
ICZJbiyRo NOPAIR
ICZJbiyFo NOPAIR
ICZJbhyeo PAIR C1=1,4,2,6,9,7,3,8 C2=1,6,3,9,4,8,2,7
ICZJbiu}? PAIR C1=0,3,7,1,4,5,8,6,2,9 C2=0,5,7,2,4,9,1,6,3,8
ICZJbiuwo PAIR C1=0,5,8,3,6,1,7,9 C2=0,3,7,5,1,9,6,8
ICZJbiuMo PAIR C1=1,4,5,7,3,9,2,8,6 C2=1,5,8,3,6,9,4,2,7
ICZJbimeo PAIR C1=0,5,4,1,6,8,2,7,3,9 C2=0,3,6,2,4,9,7,1,5,8
ICZJdfw}? PAIR C1=0,7,2,8,4,1,6,3,9 C2=0,3,7,6,2,4,9,1,8
ICZJdfw|? PAIR C1=0,7,2,6,3,8,4,1,5,9 C2=0,5,4,2,9,3,7,6,1,8
ICZJdfw{_ NOPAIR
ICZJdfwy_ PAIR C1=0,7,2,4,8,3,6,1,9 C2=0,3,7,6,2,9,4,1,8
ICZJdfwu_ PAIR C1=0,7,3,6,2,8,4,1,9 C2=0,3,9,4,2,7,6,1,8
ICZJdfwm_ NOPAIR
ICZJdfw]_ NOPAIR
ICZJdfwx_ PAIR C1=0,3,6,7,2,4,8,1,5,9 C2=0,5,4,1,6,9,2,8,3,7
ICZJdfwt_ PAIR C1=0,3,9,6,7,2,4,8,1,5 C2=0,7,3,8,2,6,1,4,5,9
ICZJdfwl_ PAIR C1=0,3,9,6,7,2,4,8,1,5 C2=0,7,3,8,2,6,1,4,5,9
ICZJdfw\_ PAIR C1=0,3,7,6,9,2,4,8,1,5 C2=0,7,2,6,1,4,5,9,3,8
ICZJdfwr_ PAIR C1=0,3,6,7,2,4,8,1,5,9 C2=0,5,4,1,9,6,2,8,3,7
ICZJdfwV_ PAIR C1=0,3,6,7,2,4,9,5,1,8 C2=0,5,4,1,9,6,2,8,3,7
ICZJdfwN_ PAIR C1=0,3,9,5,4,2,7,6,1,8 C2=0,5,1,4,9,6,2,8,3,7
ICZJdfw{O NOPAIR
ICZJdfwyO PAIR C1=0,3,6,7,2,9,1,4,8 C2=0,7,3,8,1,6,2,4,9
ICZJdfwuO PAIR C1=0,7,6,3,9,1,4,2,8 C2=0,3,7,2,6,1,8,4,9
ICZJdfwmO NOPAIR
ICZJdfw]O PAIR C1=1,4,8,2,7,6,3,9 C2=1,6,2,4,9,7,3,8
ICZJdfwxO PAIR C1=0,3,6,7,9,2,8,4,1,5 C2=0,7,3,8,1,6,2,4,5,9
ICZJdfwlO PAIR C1=0,3,6,7,9,2,8,4,1,5 C2=0,7,3,8,1,6,2,4,5,9
ICZJdfw\O PAIR C1=0,3,6,7,9,1,5,4,2,8 C2=0,5,9,2,6,1,4,8,3,7
ICZJdfwrO PAIR C1=0,3,6,7,9,5,1,4,2,8 C2=0,5,4,8,3,7,2,6,1,9
ICZJdfwVO PAIR C1=0,3,9,7,6,1,5,4,2,8 C2=0,5,9,1,4,8,3,6,2,7
ICZJdfwNO PAIR C1=0,3,6,1,8,2,7,9,4,5 C2=0,7,6,2,4,1,5,9,3,8
ICZJdfwwo NOPAIR
ICZJdfwso NOPAIR
ICZJdfwko NOPAIR
ICZJdfw[o NOPAIR
ICZJdfwqo NOPAIR
ICZJdfwio NOPAIR
ICZJdfwYo NOPAIR
ICZJdfweo NOPAIR
ICZJdfwUo PAIR C1=1,6,2,7,3,9,4,8 C2=1,4,2,8,3,6,7,9
ICZJdfwMo NOPAIR
ICZJdfwpo PAIR C1=0,7,9,1,5,4,2,6,3,8 C2=0,3,7,2,8,4,1,6,9,5
ICZJdfwho PAIR C1=0,5,4,2,7,9,6,1,8 C2=0,7,6,2,8,4,1,5,9
ICZJdfwXo PAIR C1=0,5,4,2,7,3,6,9,1,8 C2=0,3,8,4,1,5,9,2,6,7
ICZJdfwTo PAIR C1=0,5,4,2,7,3,6,9,1,8 C2=0,3,9,5,1,4,8,2,6,7
ICZJdfwbo PAIR C1=0,5,4,2,7,9,6,1,8 C2=0,7,6,2,8,4,1,5,9
ICZJdfs|? PAIR C1=0,3,6,7,2,9,5,1,8 C2=0,5,8,2,6,1,9,3,7
ICZJdfs{_ NOPAIR
ICZJdfsy_ PAIR C1=0,7,2,9,4,5,1,6,3,8 C2=0,3,7,6,9,1,4,2,8,5
ICZJdfsu_ PAIR C1=0,3,8,5,1,9,4,2,6,7 C2=0,5,4,1,8,2,7,3,6,9
ICZJdfsm_ PAIR C1=0,3,8,2,9,4,5,1,6,7 C2=0,5,8,1,4,2,7,3,6,9
ICZJdfs]_ PAIR C1=0,3,8,5,1,4,9,2,6,7 C2=0,5,4,2,7,3,6,9,1,8
ICZJdfsx_ PAIR C1=0,3,7,6,2,8,1,5,9 C2=0,5,8,3,6,1,9,2,7
ICZJdfst_ NOPAIR
ICZJdfsl_ NOPAIR
ICZJdfs\_ PAIR C1=0,7,3,6,2,9,5,1,8 C2=0,3,9,1,6,7,2,8,5
ICZJdfsj_ PAIR C1=0,7,3,6,2,9,5,4,1,8 C2=0,3,8,5,1,6,7,2,4,9
ICZJdfsZ_ PAIR C1=0,3,7,6,2,9,5,4,1,8 C2=0,5,8,3,6,1,9,4,2,7
ICZJdfsf_ PAIR C1=0,8,2,7,3,6,1,5,4,9 C2=0,5,9,3,8,1,4,2,6,7
ICZJdfsV_ PAIR C1=0,3,7,6,1,5,9,4,2,8 C2=0,5,4,1,8,3,9,6,2,7
ICZJdfsN_ PAIR C1=0,3,7,6,1,5,9,4,2,8 C2=0,5,4,1,8,3,9,6,2,7
ICZJdfs{O NOPAIR
ICZJdfsyO PAIR C1=0,8,3,7,2,6,1,5,4,9 C2=0,3,6,7,9,2,4,1,8,5
ICZJdfsuO PAIR C1=0,8,3,7,2,6,1,5,4,9 C2=0,3,6,7,9,1,4,2,8,5
ICZJdfsmO PAIR C1=0,8,3,7,2,6,1,5,4,9 C2=0,3,6,7,9,2,4,1,8,5
ICZJdfs]O PAIR C1=0,5,1,4,9,7,3,6,2,8 C2=0,3,8,5,4,2,9,1,6,7
ICZJdfsxO PAIR C1=0,3,7,6,2,8,1,5,9 C2=0,5,8,3,6,1,9,2,7
ICZJdfstO NOPAIR
ICZJdfslO NOPAIR
ICZJdfs\O PAIR C1=0,3,6,7,2,8,1,9,5 C2=0,7,3,9,2,6,1,5,8
ICZJdfsjO PAIR C1=0,3,7,6,2,8,1,4,9,5 C2=0,7,9,2,4,5,1,6,3,8
ICZJdfsZO PAIR C1=0,3,7,6,2,8,1,4,9,5 C2=0,7,9,2,4,5,1,6,3,8
ICZJdfsVO PAIR C1=0,3,6,7,9,4,2,8,1,5 C2=0,7,2,6,1,4,5,9,3,8
ICZJdfsNO PAIR C1=0,3,6,7,9,4,2,8,1,5 C2=0,7,2,6,1,4,5,9,3,8
ICZJdfswo NOPAIR
ICZJdfsko NOPAIR
ICZJdfs[o NOPAIR
ICZJdfsqo PAIR C1=0,3,6,1,8,5,4,2,7,9 C2=0,5,1,4,9,6,2,8,3,7
ICZJdfsio PAIR C1=0,3,6,1,8,5,4,2,7,9 C2=0,5,1,4,9,6,2,8,3,7
ICZJdfsUo PAIR C1=0,3,6,1,9,7,2,4,5,8 C2=0,5,1,4,9,6,2,8,3,7
ICZJdfspo PAIR C1=0,5,9,1,8,3,6,7 C2=0,3,7,9,6,1,5,8
ICZJdfsho NOPAIR
ICZJdfsXo PAIR C1=0,5,9,1,8,3,6,7 C2=0,3,7,9,6,1,5,8
ICZJdfsTo PAIR C1=0,5,9,1,8,3,6,7 C2=0,3,7,9,6,1,5,8
ICZJdfsLo NOPAIR
ICZJdfsRo PAIR C1=0,3,6,1,8,2,4,5,9,7 C2=0,5,1,4,9,6,2,7,3,8
ICZJdfsJo PAIR C1=0,3,6,1,8,2,4,5,9,7 C2=0,5,1,4,9,6,2,7,3,8
ICZJdfk}? PAIR C1=0,5,4,8,1,9,2,6,3,7 C2=0,3,9,4,2,7,6,1,5,8
ICZJdfk|? PAIR C1=0,3,7,6,2,4,1,9,5,8 C2=0,7,2,8,4,5,1,6,3,9
ICZJdfkn? PAIR C1=0,3,9,5,1,8,4,2,6,7 C2=0,8,5,4,1,6,3,7,2,9
ICZJdfk{_ PAIR C1=0,7,2,6,3,9,1,5,4,8 C2=0,3,7,6,9,2,4,1,8,5
ICZJdfky_ NOPAIR
ICZJdfku_ PAIR C1=0,7,3,6,2,4,8,5,1,9 C2=0,3,9,6,7,2,8,1,4,5
ICZJdfk]_ PAIR C1=0,7,3,6,2,9,1,5,4,8 C2=0,3,9,6,7,2,4,1,8,5
ICZJdfkx_ NOPAIR
ICZJdfkl_ PAIR C1=0,3,7,6,1,5,8,4,2,9 C2=0,7,2,6,3,9,5,4,1,8
ICZJdfk\_ PAIR C1=0,3,7,6,1,9,2,4,8,5 C2=0,7,2,6,3,9,5,4,1,8
ICZJdfkj_ NOPAIR
ICZJdfkf_ PAIR C1=0,7,3,9,5,4,2,6,1,8 C2=0,3,6,7,2,8,5,1,4,9
ICZJdfkN_ PAIR C1=0,7,3,6,2,9,5,4,1,8 C2=0,3,9,4,8,2,7,6,1,5
ICZJdfk{O PAIR C1=0,7,3,6,1,8,5,4,2,9 C2=0,3,9,7,6,2,8,4,1,5
ICZJdfkyO NOPAIR
ICZJdfkuO PAIR C1=0,8,4,5,1,6,2,7,3,9 C2=0,3,6,7,9,1,4,2,8,5
ICZJdfk]O PAIR C1=0,7,3,9,1,6,2,4,5,8 C2=0,3,6,7,9,2,8,4,1,5
ICZJdfkxO NOPAIR
ICZJdfk\O PAIR C1=0,7,3,6,2,9,1,5,4,8 C2=0,3,9,7,6,1,4,2,8,5
ICZJdfkjO NOPAIR
ICZJdfkVO PAIR C1=0,7,3,9,4,5,1,6,2,8 C2=0,3,6,7,2,4,8,1,9,5
ICZJdfkwo PAIR C1=0,5,8,4,1,6,2,7,9 C2=0,7,6,9,1,5,4,2,8
ICZJdfkso PAIR C1=0,5,8,4,1,6,2,7,9 C2=0,7,6,9,1,5,4,2,8
ICZJdfk[o PAIR C1=0,3,9,7,2,6,1,4,8,5 C2=0,7,3,6,9,1,5,4,2,8
ICZJdfkqo PAIR C1=0,7,9,1,6,2,4,5,8 C2=0,5,1,4,8,2,7,6,9
ICZJdfkio PAIR C1=0,7,9,4,5,1,6,2,8 C2=0,5,8,1,4,2,7,6,9
ICZJdfkYo NOPAIR
ICZJdfkeo PAIR C1=0,3,7,9,4,1,6,2,8,5 C2=0,8,1,5,4,2,7,6,3,9
ICZJdfkUo PAIR C1=0,3,9,6,1,4,5,8,2,7 C2=0,5,1,9,7,3,6,2,4,8
ICZJdfkpo PAIR C1=0,5,8,2,4,1,9,6,7 C2=0,8,4,5,1,6,2,7,9
ICZJdfkho PAIR C1=0,7,6,9,5,1,4,2,8 C2=0,5,4,8,1,6,2,7,9
ICZJdfkXo NOPAIR
ICZJdfkdo PAIR C1=0,3,6,9,7,2,8,4,1,5 C2=0,7,3,9,5,4,2,6,1,8
ICZJdfkTo PAIR C1=0,3,6,9,7,2,8,4,1,5 C2=0,7,3,9,5,4,2,6,1,8
ICZJdfkbo PAIR C1=0,5,1,6,9,7,2,4,8 C2=0,7,6,2,8,1,4,5,9
ICZJdfkRo NOPAIR
ICZJdfkJo NOPAIR
ICZJdfkFo PAIR C1=0,7,9,3,6,1,5,4,8 C2=0,3,7,6,9,4,1,8,5
ICZJdf[}? PAIR C1=0,7,2,9,3,6,1,5,4,8 C2=0,3,7,6,2,4,9,1,8,5
ICZJdf[{_ PAIR C1=0,7,2,6,3,9,1,5,4,8 C2=0,3,7,6,9,2,4,1,8,5
ICZJdf[y_ PAIR C1=0,5,4,9,1,8,3,6,2,7 C2=0,3,7,6,9,2,4,1,5,8
ICZJdf[u_ NOPAIR
ICZJdf[]_ PAIR C1=0,3,6,7,2,9,4,1,5,8 C2=0,5,4,2,6,9,1,8,3,7
ICZJdf[x_ PAIR C1=0,3,6,7,2,9,5,1,4,8 C2=0,5,4,2,6,9,1,8,3,7
ICZJdf[t_ NOPAIR
ICZJdf[l_ PAIR C1=0,5,1,4,8,3,6,7,2,9 C2=0,7,3,9,5,4,2,6,1,8
ICZJdf[\_ PAIR C1=0,3,8,4,1,6,7,2,9,5 C2=0,7,3,9,6,2,4,5,1,8
ICZJdf[j_ PAIR C1=0,3,6,7,2,4,9,5,1,8 C2=0,7,3,8,5,4,1,6,2,9
ICZJdf[f_ NOPAIR
ICZJdf[N_ PAIR C1=0,3,8,1,6,7,2,9,4,5 C2=0,7,3,9,6,2,4,1,5,8
ICZJdf[{O PAIR C1=0,3,9,2,7,6,1,4,5,8 C2=0,5,1,8,4,2,6,3,7,9
ICZJdf[yO PAIR C1=0,3,6,7,9,2,4,5,1,8 C2=0,5,8,3,7,2,6,1,4,9
ICZJdf[uO NOPAIR
ICZJdf[]O PAIR C1=0,7,6,3,9,2,4,1,5,8 C2=0,3,8,1,6,2,7,9,4,5
ICZJdf[xO PAIR C1=0,5,1,4,8,3,6,7,2,9 C2=0,3,7,9,5,4,2,6,1,8
ICZJdf[\O PAIR C1=0,3,9,2,7,6,1,8,4,5 C2=0,7,9,5,1,4,2,6,3,8
ICZJdf[fO NOPAIR
ICZJdf[VO NOPAIR
ICZJdf[NO PAIR C1=1,4,8,3,6,2,7,9,5 C2=1,6,7,3,9,2,4,5,8
ICZJdf[wo PAIR C1=0,8,4,5,1,6,2,7,9 C2=0,5,8,1,4,2,9,6,7
ICZJdf[so NOPAIR
ICZJdf[qo PAIR C1=0,5,8,4,1,6,3,7,9 C2=0,3,8,1,5,4,9,6,7
ICZJdf[io PAIR C1=0,5,8,4,1,6,3,7,9 C2=0,3,8,1,5,4,9,6,7
ICZJdf[eo PAIR C1=0,5,8,4,1,6,3,7,9 C2=0,3,8,1,5,4,9,6,7
ICZJdf[Uo PAIR C1=0,5,1,6,3,7,9,4,8 C2=0,3,8,5,4,1,9,6,7
ICZJdf[po PAIR C1=0,5,9,7,3,6,1,8 C2=0,3,8,5,1,9,6,7
ICZJdf[ho PAIR C1=0,3,8,4,1,6,2,7,9,5 C2=0,7,3,6,9,2,4,5,1,8
ICZJdf[Xo PAIR C1=0,3,8,4,1,6,2,7,9,5 C2=0,7,3,6,9,2,4,5,1,8
ICZJdf[To PAIR C1=0,5,9,7,3,6,1,8 C2=0,3,8,5,1,9,6,7
ICZJdf[Lo PAIR C1=0,3,8,4,1,6,2,7,9,5 C2=0,7,3,6,9,2,4,5,1,8
ICZJdf[bo PAIR C1=0,5,9,7,3,6,1,4,8 C2=0,3,8,1,5,4,9,6,7
ICZJdf[Ro PAIR C1=0,5,9,7,3,6,1,4,8 C2=0,3,8,1,5,4,9,6,7
ICZJdf[Jo PAIR C1=0,5,9,7,3,6,1,4,8 C2=0,3,8,1,5,4,9,6,7
ICZJdf[Fo PAIR C1=0,5,9,7,3,6,1,4,8 C2=0,3,8,1,5,4,9,6,7
ICZJde{}? PAIR C1=0,3,9,1,6,7,2,8,4,5 C2=0,7,3,6,2,9,4,1,5,8
ICZJde{|? PAIR C1=0,5,1,6,7,2,4,8,3,9 C2=0,7,3,6,2,9,1,4,5,8
ICZJde{n? NOPAIR
ICZJde{{_ PAIR C1=0,5,1,4,8,3,6,7,2,9 C2=0,7,3,9,1,6,2,4,5,8
ICZJde{m_ NOPAIR
ICZJde{x_ PAIR C1=0,7,6,3,8,5,1,4,2,9 C2=0,3,7,2,6,1,9,5,4,8
ICZJde{l_ NOPAIR
ICZJde{\_ PAIR C1=0,5,9,1,4,2,6,7,3,8 C2=0,3,9,6,1,5,4,8,2,7
ICZJde{r_ PAIR C1=0,5,8,3,7,6,2,4,9 C2=0,3,6,9,5,4,8,2,7
ICZJde{j_ PAIR C1=0,5,8,3,7,6,2,4,9 C2=0,3,6,9,5,4,8,2,7
ICZJde{f_ PAIR C1=0,5,8,3,7,6,2,4,9 C2=0,3,6,9,5,4,8,2,7
ICZJde{V_ PAIR C1=0,7,3,6,2,4,9,5,8 C2=0,3,9,6,7,2,8,4,5
ICZJde{N_ PAIR C1=0,7,3,6,2,4,9,5,8 C2=0,3,9,6,7,2,8,4,5
ICZJde{yO PAIR C1=0,5,1,4,8,3,7,6,2,9 C2=0,3,6,1,9,4,5,8,2,7
ICZJde{uO PAIR C1=0,5,8,3,6,7,2,4,1,9 C2=0,7,3,9,4,5,1,6,2,8
ICZJde{mO NOPAIR
ICZJde{]O PAIR C1=0,3,6,7,2,9,4,1,5,8 C2=0,5,4,8,2,6,1,9,3,7
ICZJde{xO PAIR C1=0,7,6,3,8,5,1,4,2,9 C2=0,3,7,2,6,1,9,5,4,8
ICZJde{\O PAIR C1=1,4,8,2,6,3,7,9,5 C2=1,6,7,2,4,5,8,3,9
ICZJde{jO NOPAIR
ICZJde{fO NOPAIR
ICZJde{VO PAIR C1=0,3,6,7,9,1,5,4,2,8 C2=0,5,9,3,8,4,1,6,2,7
ICZJde{NO NOPAIR
ICZJde{wo PAIR C1=0,3,6,2,8,4,5,1,9,7 C2=0,5,8,3,7,6,1,4,2,9
ICZJde{ko NOPAIR
ICZJde{[o PAIR C1=0,3,9,7,6,1,4,2,8,5 C2=0,7,3,6,2,9,1,5,4,8
ICZJde{qo PAIR C1=0,3,6,1,4,5,8,2,7,9 C2=0,5,1,9,4,2,6,7,3,8
ICZJde{io NOPAIR
ICZJde{eo NOPAIR
ICZJde{Uo PAIR C1=0,5,4,8,2,6,1,9,3,7 C2=0,3,6,9,7,2,4,1,5,8
ICZJde{Mo NOPAIR
ICZJde{po PAIR C1=0,3,6,1,9,5,4,8,2,7 C2=0,5,1,4,2,6,9,7,3,8
ICZJde{ho NOPAIR
ICZJde{Xo PAIR C1=0,3,6,1,9,5,4,8,2,7 C2=0,5,1,4,2,6,9,7,3,8
ICZJde{To PAIR C1=0,3,6,1,9,5,4,8,2,7 C2=0,5,1,4,2,6,9,7,3,8
ICZJde{Lo NOPAIR
ICZJde{bo PAIR C1=0,7,2,6,3,8,4,5,9 C2=0,3,7,6,9,4,2,8,5
ICZJde{Ro PAIR C1=0,3,6,9,1,4,5,8,2,7 C2=0,5,1,6,2,4,9,7,3,8
ICZJde{Fo PAIR C1=0,3,7,6,9,5,4,2,8 C2=0,5,8,4,9,3,6,2,7
ICZJdd{}? PAIR C1=0,3,8,4,5,1,9,2,6,7 C2=0,5,8,1,6,3,7,2,4,9
ICZJdd{|? PAIR C1=0,3,8,1,4,5,9,2,6,7 C2=0,5,8,4,2,7,3,6,1,9
ICZJdd{{_ PAIR C1=0,3,8,1,5,4,2,9,6,7 C2=0,5,8,4,1,6,2,7,3,9
ICZJdd{u_ PAIR C1=0,5,4,1,6,9,3,8,2,7 C2=0,3,7,6,2,4,8,5,1,9
ICZJdd{m_ PAIR C1=0,3,9,6,7,2,8,1,4,5 C2=0,7,3,6,1,5,8,4,2,9
ICZJdd{]_ NOPAIR
ICZJdd{x_ PAIR C1=0,3,8,1,5,4,2,7,6,9 C2=0,5,8,4,1,9,2,6,3,7
ICZJdd{t_ PAIR C1=0,7,6,1,5,4,2,8,3,9 C2=0,3,7,2,6,9,1,4,8,5
ICZJdd{l_ PAIR C1=0,7,6,2,4,5,1,8,3,9 C2=0,3,7,2,9,6,1,4,8,5
ICZJdd{\_ NOPAIR
ICZJdd{j_ PAIR C1=0,3,6,9,5,4,1,8,2,7 C2=0,5,1,6,7,3,8,4,2,9
ICZJdd{f_ PAIR C1=0,3,8,1,6,9,5,4,2,7 C2=0,5,1,4,8,2,6,7,3,9
ICZJdd{N_ NOPAIR
ICZJdd{{O PAIR C1=0,3,6,1,5,4,8,2,9,7 C2=0,5,8,3,7,6,2,4,1,9
ICZJdd{yO PAIR C1=0,3,6,1,5,4,8,2,9,7 C2=0,5,8,3,7,6,2,4,1,9
ICZJdd{uO PAIR C1=0,3,6,1,5,4,8,2,7,9 C2=0,5,8,3,9,1,4,2,6,7
ICZJdd{mO PAIR C1=0,5,4,1,8,2,6,3,7,9 C2=0,3,9,2,4,8,5,1,6,7
ICZJdd{]O PAIR C1=1,4,9,7,3,6,2,8 C2=1,6,7,2,4,8,3,9
ICZJdd{xO PAIR C1=0,3,8,2,9,7,6,1,4,5 C2=0,7,3,6,2,4,8,5,1,9
ICZJdd{tO PAIR C1=0,5,4,1,6,3,8,2,7,9 C2=0,3,9,1,5,8,4,2,6,7
ICZJdd{lO PAIR C1=0,3,6,1,8,2,4,5,9,7 C2=0,5,1,4,8,3,7,6,2,9
ICZJdd{\O PAIR C1=1,5,4,8,2,6,7,3,9 C2=1,4,2,7,9,5,8,3,6
ICZJdd{ZO NOPAIR
ICZJdd{fO PAIR C1=0,5,1,8,4,9,3,6,2,7 C2=0,3,7,6,1,4,2,8,5,9
ICZJdd{VO PAIR C1=1,5,4,9,3,7,6,2,8 C2=1,4,2,7,9,5,8,3,6
ICZJdd{NO PAIR C1=1,5,4,9,3,7,6,2,8 C2=1,4,2,7,9,5,8,3,6
ICZJdd{wo PAIR C1=0,5,4,8,1,6,3,7,2,9 C2=0,3,8,5,1,4,2,6,9,7
ICZJdd{[o NOPAIR
ICZJdd{Yo NOPAIR
ICZJdd{eo PAIR C1=0,7,2,4,8,5,1,6,3,9 C2=0,3,7,9,6,2,8,1,4,5
ICZJdd{Uo PAIR C1=1,4,8,2,7,9,3,6 C2=1,8,3,7,6,2,4,9
ICZJdd{Mo NOPAIR
ICZJdd{po PAIR C1=0,3,6,1,5,4,8,2,7,9 C2=0,5,9,6,2,4,1,8,3,7
ICZJdd{ho PAIR C1=0,3,6,1,5,4,8,2,7,9 C2=0,5,9,6,2,4,1,8,3,7
ICZJdd{Xo NOPAIR
ICZJdd{To PAIR C1=1,4,8,2,6,3,7,9,5 C2=1,6,7,2,4,5,8,3,9
ICZJdd{Lo PAIR C1=1,5,9,7,3,6,2,4,8 C2=1,4,5,8,3,9,2,7,6
ICZJdd{bo PAIR C1=0,3,8,1,5,4,2,6,9,7 C2=0,5,8,2,7,3,6,1,4,9
ICZJdd{Ro NOPAIR
ICZJdd{Jo NOPAIR
ICZJdd{Fo PAIR C1=1,5,4,2,6,7,9,3,8 C2=1,4,9,5,8,2,7,3,6
ICZJdfiuO PAIR C1=0,7,2,6,3,9,1,4,8 C2=0,3,7,6,1,8,2,4,9
ICZJdfYxO PAIR C1=0,3,6,8,4,1,5,9,2,7 C2=0,5,4,2,6,1,8,3,7,9
ICZJdfYVO PAIR C1=0,5,9,1,4,8,3,6,7 C2=0,3,7,9,4,5,1,6,8
ICZJdeyrO PAIR C1=0,5,9,1,4,8,3,6,7 C2=0,3,7,9,4,5,1,6,8
ICZJddyuO PAIR C1=1,4,2,6,7,9,3,8 C2=1,6,3,7,2,8,4,9
ICZJddy]O PAIR C1=1,4,2,6,7,9,3,8 C2=1,6,3,7,2,8,4,9
ICZJdfexO NOPAIR
ICZJdfejO PAIR C1=0,5,4,1,8,6,7,2,9 C2=0,7,9,4,2,6,1,5,8
ICZJdfU\O PAIR C1=0,5,9,3,7,6,1,8 C2=0,3,6,8,5,1,9,7
ICZJdfUrO PAIR C1=0,3,7,6,8,1,5,9 C2=0,5,8,3,6,1,9,7
ICZJdfUVO PAIR C1=0,5,9,3,7,6,1,8 C2=0,3,6,8,5,1,9,7
ICZJdeuxO NOPAIR
ICZJdeujO NOPAIR
ICZJdduVO PAIR C1=1,5,4,9,7,3,8,2,6 C2=1,4,2,7,6,3,9,5,8
ICZJdfMyO PAIR C1=0,5,4,9,7,2,6,1,8 C2=0,7,6,8,5,1,4,2,9
ICZJdfMuO PAIR C1=0,5,4,8,1,6,3,7,9 C2=0,3,9,4,1,5,8,6,7
ICZJdfMjO PAIR C1=0,8,6,1,5,4,2,7,9 C2=0,5,8,1,4,9,2,6,7
ICZJdfMfO PAIR C1=0,7,3,9,5,4,1,6,8 C2=0,3,6,7,9,4,8,1,5
ICZJdfMNO PAIR C1=0,7,3,9,5,4,1,6,8 C2=0,3,6,7,9,4,8,1,5
ICZJdemuO PAIR C1=0,3,9,7,6,1,4,5,8 C2=0,5,1,9,4,8,6,3,7
ICZJdemxO PAIR C1=0,5,1,4,8,6,2,9,7 C2=0,8,5,4,2,7,6,1,9
ICZJdemrO PAIR C1=0,7,2,6,8,4,5,1,9 C2=0,5,9,7,6,1,4,2,8
ICZJdemjO NOPAIR
ICZJdemfO PAIR C1=0,5,8,6,2,4,9,3,7 C2=0,3,6,7,2,8,4,5,9
ICZJdemVO PAIR C1=0,7,3,9,4,2,6,1,5,8 C2=0,3,6,7,2,8,4,1,9,5
ICZJddmfO PAIR C1=0,5,1,6,2,8,4,9,3,7 C2=0,3,6,7,2,4,1,8,5,9
ICZJde]yO PAIR C1=0,3,7,9,2,6,1,4,8,5 C2=0,8,3,6,7,2,4,5,1,9
ICZJde]rO PAIR C1=0,3,7,9,1,6,8,4,5 C2=0,7,6,3,8,5,1,4,9
ICZJde]jO PAIR C1=0,3,6,8,4,5,9,2,7 C2=0,5,8,3,7,6,2,4,9
ICZJde]fO NOPAIR
ICZJde]VO PAIR C1=0,7,9,3,6,1,4,5,8 C2=0,3,7,6,8,4,9,1,5
ICZJde]NO PAIR C1=0,7,3,6,2,9,5,4,8 C2=0,3,9,4,2,7,6,8,5
ICZJdd]uO PAIR C1=0,5,8,4,1,6,3,7,9 C2=0,3,9,4,5,1,8,6,7
ICZJdd]\O PAIR C1=1,5,4,8,3,7,9,2,6 C2=1,4,2,7,6,3,9,5,8
ICZJdc}NO NOPAIR
ICZJdfhy_ NOPAIR
ICZJdfhu_ PAIR C1=0,3,7,6,2,8,4,1,9 C2=0,7,2,4,9,3,6,1,8
ICZJdfXx_ PAIR C1=0,3,7,2,6,9,5,1,4,8 C2=0,5,4,2,9,1,8,3,6,7
ICZJdfTt_ PAIR C1=0,3,6,9,5,1,8,7 C2=0,5,8,3,7,6,1,9
ICZJdfTr_ PAIR C1=0,3,6,9,5,1,8,7 C2=0,5,8,3,7,6,1,9
ICZJdfLy_ PAIR C1=0,5,1,4,2,9,6,7,8 C2=0,7,2,6,1,8,5,4,9
ICZJdfLu_ PAIR C1=0,3,6,9,4,1,5,8,7 C2=0,5,4,8,1,6,7,3,9
ICZJddlZ_ NOPAIR
ICZJddlf_ PAIR C1=0,3,7,2,4,5,8,1,6,9 C2=0,5,1,4,9,3,6,2,8,7
ICZJde\V_ PAIR C1=0,7,3,6,9,4,1,5,8 C2=0,3,9,1,6,7,8,4,5
ICZJde\N_ PAIR C1=0,5,9,6,3,7,2,4,8 C2=0,3,8,5,4,9,2,6,7
ICZJdd\V_ NOPAIR
ICZJdd\N_ PAIR C1=1,5,4,9,2,7,8,3,6 C2=1,4,2,6,7,3,9,5,8
ICZJdc|V_ PAIR C1=1,5,9,4,2,7,8,3,6 C2=1,4,5,8,2,6,7,3,9
ICXmfbwmO NOPAIR
ICXmfbwfO PAIR C1=0,7,2,5,4,1,8,3,9 C2=0,3,7,1,5,9,4,2,8
ICXmfbwio PAIR C1=0,6,3,7,2,8,1,4,9 C2=0,3,8,4,2,9,6,1,7
ICXmfbkmO NOPAIR
ICXmfbkfO NOPAIR
ICXmfbkio NOPAIR
ICXmfbkeo PAIR C1=0,6,3,9,4,1,8,5,2,7 C2=0,3,7,9,6,1,5,4,2,8
ICXmfb[mO PAIR C1=0,7,2,5,1,4,9,3,8 C2=0,3,7,1,8,5,4,2,9
ICXmfb[fO NOPAIR
ICXmfa{}? PAIR C1=0,3,8,5,1,9,4,2,7 C2=0,8,2,5,4,1,7,3,9
ICXmfa{z? NOPAIR
ICXmfa{v? PAIR C1=0,3,8,4,1,9,5,2,7 C2=0,8,2,4,5,1,7,3,9
ICXmfa{n? NOPAIR
ICXmfa{{_ PAIR C1=0,7,2,5,4,1,6,9,3,8 C2=0,6,3,7,1,5,8,4,2,9
ICXmfa{y_ PAIR C1=0,3,8,4,9,6,1,5,2,7 C2=0,6,3,7,1,4,5,8,2,9
ICXmfa{u_ PAIR C1=0,7,3,6,9,4,1,5,2,8 C2=0,6,1,7,2,4,5,8,3,9
ICXmfa{m_ PAIR C1=0,7,3,6,9,4,1,5,2,8 C2=0,6,1,7,2,4,5,8,3,9
ICXmfa{f_ PAIR C1=0,7,3,6,9,4,1,5,2,8 C2=0,6,1,7,2,4,5,8,3,9
ICXmfa{{O PAIR C1=0,7,3,9,2,5,1,4,8 C2=0,3,8,5,4,2,7,1,9
ICXmfa{yO NOPAIR
ICXmfa{uO PAIR C1=0,3,8,5,1,9,4,2,7 C2=0,8,2,5,4,1,7,3,9
ICXmfa{mO NOPAIR
ICXmfa{rO NOPAIR
ICXmfa{fO NOPAIR
ICXmfa{wo PAIR C1=0,6,3,7,2,4,8,5,1,9 C2=0,3,8,2,5,4,1,6,9,7
ICXmfa{ko PAIR C1=0,6,3,7,1,5,8,4,2,9 C2=0,3,8,2,5,4,1,6,9,7
ICXmfa{qo PAIR C1=0,3,8,4,5,2,7,1,9,6 C2=0,7,3,6,1,5,8,2,4,9
ICXmfa{io PAIR C1=0,3,7,1,4,8,5,2,9,6 C2=0,7,2,8,3,6,1,5,4,9
ICXmfa{Yo PAIR C1=0,3,7,1,4,8,2,9,6 C2=0,7,2,4,9,1,6,3,8
ICXmfa{bo PAIR C1=0,3,8,5,4,2,7,1,6,9 C2=0,6,3,7,9,4,1,5,2,8
ICXmfa{Ro PAIR C1=0,7,3,6,9,4,1,5,2,8 C2=0,3,8,5,4,2,7,9,1,6
ICXmfbqio NOPAIR
ICXmfbqJo PAIR C1=0,3,8,2,5,4,1,6,9,7 C2=0,6,3,7,2,4,9,5,1,8
ICXmfbimO PAIR C1=0,7,3,6,1,8,2,4,9 C2=0,3,9,2,7,1,4,8,6
ICXmfbiio NOPAIR
ICXmfbiMo PAIR C1=0,3,6,1,8,4,9,2,7 C2=0,6,9,3,7,1,4,2,8
ICXmfbYmO NOPAIR
ICXmfbYjO PAIR C1=0,7,1,6,3,8,4,2,5,9 C2=0,3,7,2,9,4,5,1,8,6
ICXmfbYfO NOPAIR
ICXmfbYio NOPAIR
ICXmfay}? PAIR C1=0,6,3,9,2,8,4,1,7 C2=0,3,7,2,4,9,1,6,8
ICXmfay|? PAIR C1=0,8,3,7,1,4,2,5,9 C2=0,3,9,1,5,4,8,2,7
ICXmfayz? PAIR C1=0,3,8,4,9,5,2,7,1,6 C2=0,7,3,6,8,2,4,5,1,9
ICXmfayv? PAIR C1=0,3,8,4,9,5,2,7,1,6 C2=0,7,3,6,8,2,4,5,1,9
ICXmfay{_ NOPAIR
ICXmfayy_ PAIR C1=0,6,1,4,9,2,8,3,7 C2=0,3,6,8,4,2,7,1,9
ICXmfayu_ NOPAIR
ICXmfaym_ NOPAIR
ICXmfayl_ PAIR C1=0,6,1,5,4,8,3,7,2,9 C2=0,7,1,4,2,5,9,3,6,8
ICXmfayr_ PAIR C1=0,6,1,5,2,7,3,8,4,9 C2=0,3,6,8,2,4,5,9,1,7
ICXmfayj_ PAIR C1=0,6,1,5,2,7,3,8,4,9 C2=0,3,6,8,2,9,5,4,1,7
ICXmfayZ_ PAIR C1=0,6,1,9,4,5,2,7,3,8 C2=0,3,6,8,4,2,9,5,1,7
ICXmfay{O NOPAIR
ICXmfayyO PAIR C1=0,3,8,6,1,9,4,2,7 C2=0,6,3,7,1,4,8,2,9
ICXmfayuO NOPAIR
ICXmfaymO NOPAIR
ICXmfayxO PAIR C1=0,3,6,1,5,9,7,2,4,8 C2=0,6,8,3,7,1,4,5,2,9
ICXmfaylO PAIR C1=0,3,6,1,5,9,7,2,4,8 C2=0,6,8,3,7,1,4,5,2,9
ICXmfayrO PAIR C1=0,3,8,6,1,4,2,5,9,7 C2=0,6,3,7,2,8,4,5,1,9
ICXmfayjO PAIR C1=0,3,8,6,1,4,2,5,9,7 C2=0,6,3,7,1,5,4,8,2,9
ICXmfayfO PAIR C1=0,3,7,9,5,2,4,1,6,8 C2=0,6,3,8,2,7,1,5,4,9
ICXmfaywo NOPAIR
ICXmfayqo NOPAIR
ICXmfayio NOPAIR
ICXmfayYo PAIR C1=0,3,7,1,6,9,4,2,8 C2=0,6,3,8,4,1,9,2,7
ICXmfaypo PAIR C1=0,3,8,2,7,1,4,5,9,6 C2=0,7,3,6,8,4,2,5,1,9
ICXmfayho PAIR C1=0,3,6,9,5,1,7,2,4,8 C2=0,7,3,8,6,1,4,5,2,9
ICXmfayXo PAIR C1=0,3,7,1,6,9,5,4,2,8 C2=0,6,3,8,4,1,5,2,9,7
ICXmfayRo PAIR C1=0,3,8,4,9,5,2,7,1,6 C2=0,7,3,6,9,1,5,4,2,8
ICXmf`mko PAIR C1=0,3,6,9,2,5,8,4,1,7 C2=0,6,8,1,5,4,2,7,3,9
ICXmf`mio NOPAIR
ICXmf`mJo NOPAIR
ICXmfRsm_ PAIR C1=0,3,6,1,7,2,9,4,5,8 C2=0,6,9,3,8,2,5,1,4,7
ICXmfRslO NOPAIR
ICXmfRsfO NOPAIR
ICXmfRsho NOPAIR
ICXmfRsbo NOPAIR
ICXmfRqMo PAIR C1=0,3,8,1,4,7,2,9,6 C2=0,7,1,6,3,9,4,2,8
ICXmfRem_ PAIR C1=0,6,9,2,7,4,1,8 C2=0,7,1,6,8,2,4,9
ICXmfRelO NOPAIR
ICXmfRefO NOPAIR
ICXmfQu}? PAIR C1=0,3,8,5,4,9,2,7,1,6 C2=0,7,4,1,5,2,8,6,3,9
ICXmfQuz? NOPAIR
ICXmfQuy_ PAIR C1=0,8,5,2,7,4,1,6,9 C2=0,6,8,2,9,4,5,1,7
ICXmfQuu_ PAIR C1=0,3,9,4,7,1,5,2,8,6 C2=0,7,2,4,5,8,3,6,1,9
ICXmfQum_ PAIR C1=0,3,6,9,4,7,1,5,2,8 C2=0,6,1,4,5,8,3,9,2,7
ICXmfQu]_ PAIR C1=0,3,6,9,4,7,1,5,2,8 C2=0,6,1,4,5,8,3,9,2,7
ICXmfQux_ PAIR C1=0,8,2,7,4,5,1,6,9 C2=0,6,8,5,9,2,4,1,7
ICXmfQul_ PAIR C1=0,8,2,7,4,5,1,6,9 C2=0,6,8,5,9,2,4,1,7
ICXmfQur_ PAIR C1=0,6,1,5,8,2,7,4,9 C2=0,7,1,4,2,5,9,6,8
ICXmfQuj_ PAIR C1=0,6,1,5,8,2,7,4,9 C2=0,7,1,4,2,5,9,6,8
ICXmfQuZ_ NOPAIR
ICXmfQuyO NOPAIR
ICXmfQu]O PAIR C1=0,6,3,8,2,9,1,4,7 C2=0,3,9,4,2,7,1,6,8
ICXmfQuxO PAIR C1=1,5,9,2,4,7 C2=1,4,5,2,7,9
ICXmfQutO PAIR C1=0,6,3,9,5,1,7,4,2,8 C2=0,3,8,6,1,4,5,2,7,9
ICXmfQu\O PAIR C1=0,3,6,1,5,9,7,4,2,8 C2=0,6,8,3,9,1,4,5,2,7
ICXmfQurO NOPAIR
ICXmfQuZO PAIR C1=1,7,4,5,2,9 C2=1,4,2,7,9,5
ICXmfQuwo PAIR C1=0,7,4,5,1,6,8,2,9 C2=0,6,9,7,1,4,2,5,8
ICXmfQuso PAIR C1=0,6,1,5,4,7,2,8,3,9 C2=0,3,6,9,7,1,4,2,5,8
ICXmfQuqo PAIR C1=0,7,2,8,6,1,5,4,9 C2=0,6,9,7,1,4,2,5,8
ICXmerslO PAIR C1=0,8,1,5,2,4,7,3,9 C2=0,3,8,2,9,5,4,1,7
ICXmeq{|? PAIR C1=0,7,3,8,5,4,1,9 C2=0,3,9,5,1,7,4,8
ICXmeq{tO PAIR C1=0,7,3,8,5,4,1,9 C2=0,3,9,5,1,7,4,8
ICXmeq{do PAIR C1=0,6,9,3,8,5,4,1,7 C2=0,3,6,1,5,9,7,4,8
ICXmerqn? PAIR C1=0,7,4,2,5,1,8,3,9 C2=0,3,7,1,4,5,9,2,8
ICXmerqio NOPAIR
ICXmerqbo NOPAIR
ICXmeqy|? PAIR C1=0,6,1,7,4,5,2,9,3,8 C2=0,7,3,6,8,2,4,1,5,9
ICXmeqywo NOPAIR
ICXmeqypo NOPAIR
ICXmerUn? PAIR C1=0,6,8,5,4,1,7,3,9 C2=0,7,4,9,5,1,6,3,8
ICXmerUlO NOPAIR
ICXmerUio NOPAIR
ICXmequ}? PAIR C1=0,7,3,8,2,5,4,1,9 C2=0,3,9,2,4,7,1,5,8
ICXmequ|? PAIR C1=0,7,3,8,2,5,4,1,9 C2=0,3,9,2,4,7,1,5,8
ICXmequz? PAIR C1=0,6,1,9,4,5,2,8,3,7 C2=0,3,6,8,5,1,7,4,2,9
ICXmequv? PAIR C1=0,6,1,7,3,8,5,4,9 C2=0,7,4,1,5,9,3,6,8
ICXmequn? PAIR C1=0,6,1,7,3,8,5,4,9 C2=0,7,4,1,5,9,3,6,8
ICXmequu_ NOPAIR
ICXmequx_ PAIR C1=0,6,8,3,7,1,4,5,2,9 C2=0,3,6,9,1,5,8,2,4,7
ICXmequr_ PAIR C1=0,3,6,8,5,4,9,1,7 C2=0,6,9,5,1,4,7,3,8
ICXmequj_ PAIR C1=0,7,1,6,3,8,5,4,9 C2=0,3,7,4,1,5,9,6,8
ICXmequf_ PAIR C1=0,7,1,6,3,8,5,4,9 C2=0,3,7,4,1,5,9,6,8
ICXmequ{O PAIR C1=0,8,3,7,1,4,5,2,9 C2=0,3,9,1,5,8,2,4,7
ICXmequyO PAIR C1=0,6,3,8,2,9,4,5,1,7 C2=0,3,7,4,2,5,8,6,1,9
ICXmequuO NOPAIR
ICXmequxO PAIR C1=0,7,4,1,6,3,8,5,2,9 C2=0,3,7,9,1,5,4,2,8,6
ICXmequtO NOPAIR
ICXmequlO PAIR C1=0,8,6,3,7,1,4,5,2,9 C2=0,3,9,7,4,2,8,5,1,6
ICXmequrO PAIR C1=0,6,1,9,5,4,7,3,8 C2=0,3,6,8,5,1,4,9,7
ICXmequjO PAIR C1=0,3,8,6,1,7,4,5,9 C2=0,6,3,7,9,4,1,5,8
ICXmequfO PAIR C1=0,3,8,6,1,7,4,5,9 C2=0,6,3,7,9,4,1,5,8
ICXmequwo PAIR C1=0,6,3,8,5,2,9,1,4,7 C2=0,3,7,1,5,4,2,8,6,9
ICXmequqo NOPAIR
ICXmequio PAIR C1=0,6,3,8,2,9,4,5,1,7 C2=0,3,7,9,6,1,4,2,5,8
ICXmequYo PAIR C1=0,6,3,8,2,9,4,5,1,7 C2=0,3,7,9,6,1,4,2,5,8
ICXmequeo NOPAIR
ICXmequpo NOPAIR
ICXmequho PAIR C1=0,7,4,5,1,6,8,2,9 C2=0,6,9,7,1,4,2,5,8
ICXmequbo PAIR C1=0,3,7,4,9,5,1,6,8 C2=0,6,3,8,5,4,1,7,9
ICXmequRo PAIR C1=0,7,4,1,5,9,6,3,8 C2=0,3,7,1,9,4,5,8,6
ICXmequJo PAIR C1=0,3,8,2,5,1,7,4,9,6 C2=0,7,3,6,1,4,2,9,5,8
ICXmeqmt_ PAIR C1=0,3,7,1,4,5,9,6,8 C2=0,7,4,8,5,1,6,3,9
ICXmeqmho PAIR C1=0,7,1,4,2,5,8,6,9 C2=0,6,1,5,4,7,9,2,8
ICXmeqmdo PAIR C1=0,7,1,4,5,9,6,8 C2=0,6,1,5,8,4,7,9
ICXmeqmLo PAIR C1=0,3,7,1,4,5,8,2,9,6 C2=0,7,9,3,6,1,5,2,4,8
ICXmeq]|? PAIR C1=0,3,8,5,4,7,1,9 C2=0,7,3,9,5,1,4,8
ICXmeq]ho PAIR C1=0,3,8,5,9,7,4,1,6 C2=0,8,4,5,1,7,3,6,9
ICXmeqVx_ NOPAIR
ICXmdrs}? PAIR C1=0,3,8,1,9,2,5,4,7 C2=0,8,5,1,4,2,7,3,9
ICXmdrs|? PAIR C1=0,3,8,1,9,2,5,4,7 C2=0,8,5,1,4,2,7,3,9
ICXmdrsz? NOPAIR
ICXmdrsv? PAIR C1=0,3,7,4,2,8,5,9 C2=0,7,2,5,4,9,3,8
ICXmdrsn? PAIR C1=0,3,7,4,2,8,5,9 C2=0,7,2,5,4,9,3,8
ICXmdrsy_ PAIR C1=0,3,7,4,5,2,8,1,6,9 C2=0,6,3,8,5,1,4,9,2,7
ICXmdrsu_ PAIR C1=0,3,6,9,1,8,2,5,4,7 C2=0,6,1,5,8,3,7,2,4,9
ICXmdrsm_ PAIR C1=0,3,9,6,1,8,2,5,4,7 C2=0,6,3,7,2,9,4,1,5,8
ICXmdrsj_ PAIR C1=0,3,7,4,5,2,8,1,6,9 C2=0,6,3,8,5,1,4,9,2,7
ICXmdrsf_ PAIR C1=0,6,9,3,7,4,1,5,2,8 C2=0,3,6,1,8,5,9,4,2,7
ICXmdrs{O PAIR C1=0,3,8,5,2,7,4,1,9 C2=0,7,3,9,2,4,5,1,8
ICXmdrsyO NOPAIR
ICXmdrsuO NOPAIR
ICXmdrsmO NOPAIR
ICXmdrsxO NOPAIR
ICXmdrstO PAIR C1=0,3,9,1,8,2,5,4,7 C2=0,8,3,7,2,4,1,5,9
ICXmdrslO NOPAIR
ICXmdrsrO NOPAIR
ICXmdrsfO PAIR C1=0,3,7,4,9,5,2,8 C2=0,7,2,4,5,8,3,9
ICXmdrswo PAIR C1=0,3,7,4,5,2,8,1,6,9 C2=0,6,3,8,5,1,4,2,9,7
ICXmdrsqo PAIR C1=0,3,6,9,1,5,4,7,2,8 C2=0,6,1,4,2,5,8,3,7,9
ICXmdrsio PAIR C1=0,3,6,9,7,4,2,5,1,8 C2=0,6,1,4,5,8,3,7,2,9
ICXmdrsYo PAIR C1=0,7,4,2,5,1,9,6,3,8 C2=0,3,7,9,2,8,5,4,1,6
ICXmdrseo PAIR C1=0,8,1,5,2,4,7,3,6,9 C2=0,3,9,7,2,8,5,4,1,6
ICXmdrspo PAIR C1=0,6,9,1,5,2,4,7,3,8 C2=0,3,6,1,4,5,8,2,7,9
ICXmdrsho PAIR C1=0,3,8,1,4,7,2,5,9,6 C2=0,8,2,4,5,1,6,3,7,9
ICXmdrsXo PAIR C1=0,6,3,7,4,2,9,5,1,8 C2=0,3,8,2,5,4,1,6,9,7
ICXmdrsbo PAIR C1=0,8,2,4,7,3,6,1,5,9 C2=0,3,8,1,4,5,2,7,9,6
ICXmdrsRo PAIR C1=0,7,3,6,1,5,9,4,2,8 C2=0,3,8,1,4,5,2,7,9,6
ICXmdrkso PAIR C1=0,6,3,9,7,4,1,5,2,8 C2=0,3,7,2,4,5,8,1,6,9
ICXmdq{tO NOPAIR
ICXmdq{do NOPAIR
ICXmdrq}? PAIR C1=0,6,3,9,2,8,1,4,7 C2=0,3,7,2,4,9,1,6,8
ICXmdrq|? PAIR C1=0,6,3,8,1,5,4,7,2,9 C2=0,7,3,9,5,2,4,1,6,8
ICXmdrqz? PAIR C1=0,6,3,8,2,9,1,5,4,7 C2=0,3,7,2,5,9,4,1,6,8
ICXmdrqv? PAIR C1=0,3,6,1,9,5,4,7,2,8 C2=0,6,8,1,5,2,4,9,3,7
ICXmdrqn? PAIR C1=0,7,4,1,6,3,9,5,2,8 C2=0,3,7,2,9,4,5,1,8,6
ICXmdrqy_ PAIR C1=0,7,2,4,1,9,6,3,8 C2=0,3,7,4,9,2,8,1,6
ICXmdrqu_ NOPAIR
ICXmdrqm_ NOPAIR
ICXmdrqj_ PAIR C1=0,8,1,6,3,7,2,4,5,9 C2=0,3,8,6,9,2,5,1,4,7
ICXmdrqZ_ PAIR C1=0,6,3,7,2,4,5,9,1,8 C2=0,3,8,6,9,2,5,1,4,7
ICXmdrqf_ PAIR C1=0,7,2,4,5,9,3,6,1,8 C2=0,3,7,4,1,5,2,8,6,9
ICXmdrq{O NOPAIR
ICXmdrqyO PAIR C1=0,7,2,8,3,6,1,4,9 C2=0,3,7,4,2,9,1,8,6
ICXmdrquO NOPAIR
ICXmdrqmO NOPAIR
ICXmdrqxO PAIR C1=0,3,6,8,1,4,5,2,7,9 C2=0,6,1,5,9,2,4,7,3,8
ICXmdrqtO PAIR C1=0,7,2,5,4,1,8,6,3,9 C2=0,3,8,2,4,7,9,5,1,6
ICXmdrqlO PAIR C1=0,7,2,5,4,1,8,6,3,9 C2=0,3,8,2,4,7,9,5,1,6
ICXmdrqrO PAIR C1=0,3,8,2,7,9,4,5,1,6 C2=0,7,3,6,8,1,4,2,5,9
ICXmdrqfO PAIR C1=0,3,8,2,7,9,4,5,1,6 C2=0,7,3,6,8,1,4,2,5,9
ICXmdrqwo NOPAIR
ICXmdrqso NOPAIR
ICXmdrqqo NOPAIR
ICXmdrqio NOPAIR
ICXmdrqYo PAIR C1=0,3,8,1,6,9,4,2,7 C2=0,6,3,7,4,1,9,2,8
ICXmdrqeo NOPAIR
ICXmdrqpo PAIR C1=0,3,7,2,8,1,4,5,9,6 C2=0,8,3,6,1,5,2,4,7,9
ICXmdrqho PAIR C1=0,3,7,2,8,1,4,5,9,6 C2=0,8,3,6,1,5,2,4,7,9
ICXmdrqXo PAIR C1=0,7,2,4,1,5,9,6,3,8 C2=0,3,7,4,5,2,9,1,8,6
ICXmdrqJo PAIR C1=0,6,9,5,2,4,1,8,3,7 C2=0,3,6,1,5,4,7,9,2,8
ICXmdriwo NOPAIR
ICXmdri[o PAIR C1=0,6,1,8,4,2,9,3,7 C2=0,3,6,9,1,4,7,2,8
ICXmdrYxO PAIR C1=0,6,1,5,4,8,3,7,2,9 C2=0,3,6,8,1,9,5,2,4,7
ICXmdrYso NOPAIR
ICXmdqyko NOPAIR
ICXmdre}? PAIR C1=0,7,4,1,5,2,9,3,6,8 C2=0,3,7,2,8,5,4,9,1,6
ICXmdre|? PAIR C1=0,3,6,8,1,5,4,7,2,9 C2=0,6,1,4,2,8,5,9,3,7
ICXmdrev? PAIR C1=0,6,1,4,5,8,2,7,3,9 C2=0,3,6,8,1,9,5,2,4,7
ICXmdren? PAIR C1=0,6,1,4,5,8,2,7,3,9 C2=0,3,6,8,1,5,9,2,4,7
ICXmdrey_ NOPAIR
ICXmdrem_ PAIR C1=0,6,3,7,2,5,8,1,4,9 C2=0,3,9,2,8,6,1,5,4,7
ICXmdre]_ PAIR C1=0,7,3,6,1,9,4,2,5,8 C2=0,3,9,2,7,4,5,1,8,6
ICXmdrex_ NOPAIR
ICXmdrel_ PAIR C1=0,6,3,7,4,5,1,8,2,9 C2=0,3,9,5,8,6,1,4,2,7
ICXmdre\_ PAIR C1=0,3,9,2,7,4,1,5,8,6 C2=0,7,3,6,1,9,5,4,2,8
ICXmdrej_ NOPAIR
ICXmdref_ PAIR C1=0,8,2,7,3,6,1,4,5,9 C2=0,3,9,6,8,1,5,2,4,7
ICXmdre{O PAIR C1=0,3,6,1,8,2,5,4,7,9 C2=0,6,8,5,1,4,2,9,3,7
ICXmdreyO NOPAIR
ICXmdreuO PAIR C1=0,3,9,7,2,8,5,4,1,6 C2=0,8,6,3,7,4,2,5,1,9
ICXmdremO PAIR C1=0,3,7,9,2,8,5,4,1,6 C2=0,7,4,2,5,1,8,6,3,9
ICXmdre]O PAIR C1=0,3,7,9,2,8,5,4,1,6 C2=0,7,4,2,5,1,9,3,6,8
ICXmdrexO NOPAIR
ICXmdretO PAIR C1=0,7,2,4,5,8,1,6,3,9 C2=0,3,7,4,1,9,5,2,8,6
ICXmdre\O PAIR C1=0,6,3,9,2,5,8,1,4,7 C2=0,3,7,2,4,5,9,1,6,8
ICXmdrerO NOPAIR
ICXmdrejO NOPAIR
ICXmdrefO PAIR C1=0,6,3,9,5,8,1,4,7 C2=0,3,7,9,4,5,1,6,8
ICXmdreVO PAIR C1=0,6,3,9,5,8,1,4,7 C2=0,3,7,9,4,5,1,6,8
ICXmdrewo PAIR C1=0,6,1,9,7,2,4,5,8 C2=0,7,4,1,5,2,8,6,9
ICXmdreko PAIR C1=0,6,3,9,7,2,5,4,1,8 C2=0,3,7,4,2,8,5,1,6,9
ICXmdre[o PAIR C1=0,6,3,7,9,1,4,2,5,8 C2=0,3,9,2,8,6,1,5,4,7
ICXmdreqo PAIR C1=0,8,5,2,7,4,1,6,9 C2=0,6,8,2,4,5,1,9,7
ICXmdreio PAIR C1=0,6,1,8,5,4,2,7,9 C2=0,7,4,1,5,2,9,6,8
ICXmdreYo NOPAIR
ICXmdreeo PAIR C1=0,3,6,1,8,5,4,2,7,9 C2=0,6,9,3,7,4,1,5,2,8
ICXmdreUo PAIR C1=0,6,1,9,3,7,2,4,5,8 C2=0,3,6,8,2,5,1,4,9,7
ICXmdreMo PAIR C1=0,3,7,9,6,1,4,2,5,8 C2=0,6,3,9,4,5,1,8,2,7
ICXmdrepo PAIR C1=0,8,5,2,7,4,1,6,9 C2=0,6,8,2,4,5,1,9,7
ICXmdreho PAIR C1=0,8,5,2,7,4,1,6,9 C2=0,6,8,1,5,4,2,9,7
ICXmdreXo NOPAIR
ICXmdredo PAIR C1=0,6,3,7,4,2,8,1,5,9 C2=0,3,9,7,2,5,4,1,6,8
ICXmdrebo PAIR C1=0,6,9,5,1,8,2,4,7 C2=0,8,6,1,4,5,2,7,9
ICXmdreRo NOPAIR
ICXmdreJo NOPAIR
ICXmdreFo PAIR C1=0,6,9,3,7,2,4,1,5,8 C2=0,3,6,1,8,2,5,9,4,7
ICXmdrU}? PAIR C1=0,3,8,5,4,7,2,9,1,6 C2=0,7,3,6,8,1,5,2,4,9
ICXmdrU|? PAIR C1=0,3,7,2,4,5,8,1,9 C2=0,7,4,1,5,2,9,3,8
ICXmdrUv? NOPAIR
ICXmdrUn? PAIR C1=0,3,7,2,9,4,1,5,8,6 C2=0,7,4,2,5,9,3,6,1,8
ICXmdrUy_ PAIR C1=0,3,6,8,1,5,4,7,2,9 C2=0,6,1,9,4,2,5,8,3,7
ICXmdrUm_ PAIR C1=0,3,9,2,5,8,6,1,4,7 C2=0,8,1,5,4,2,7,3,6,9
ICXmdrUj_ PAIR C1=0,3,6,1,8,5,2,9,4,7 C2=0,6,8,3,7,2,4,1,5,9
ICXmdrUf_ NOPAIR
ICXmdrU{O PAIR C1=0,3,6,1,8,5,4,2,7,9 C2=0,6,8,3,9,2,5,1,4,7
ICXmdrUyO PAIR C1=0,3,6,1,8,5,4,2,9,7 C2=0,6,8,3,7,2,5,1,4,9
ICXmdrUuO NOPAIR
ICXmdrUmO PAIR C1=0,3,6,1,8,5,4,2,9,7 C2=0,6,8,3,7,2,5,1,4,9
ICXmdrUxO PAIR C1=0,8,3,6,1,4,5,2,7,9 C2=0,3,7,4,2,9,5,1,8,6
ICXmdrUtO NOPAIR
ICXmdrUrO PAIR C1=0,3,8,5,9,7,4,1,6 C2=0,7,3,6,8,1,5,4,9
ICXmdrUjO PAIR C1=0,3,8,5,9,7,4,1,6 C2=0,7,3,6,8,1,5,4,9
ICXmdrUfO PAIR C1=0,3,8,5,9,7,4,1,6 C2=0,7,3,6,8,1,5,4,9
ICXmdrUwo PAIR C1=0,3,6,9,1,8,5,4,2,7 C2=0,6,8,3,7,4,1,5,2,9
ICXmdrUso NOPAIR
ICXmdrUqo NOPAIR
ICXmdrUio PAIR C1=0,3,6,1,8,5,4,2,9,7 C2=0,6,8,3,7,2,5,1,4,9
ICXmdrUeo NOPAIR
ICXmdrUpo NOPAIR
ICXmdrUho PAIR C1=0,7,4,2,5,1,8,3,6,9 C2=0,3,7,2,9,5,4,1,6,8
ICXmdrUbo PAIR C1=0,3,6,1,8,5,4,9,7 C2=0,6,8,3,7,4,1,5,9
ICXmdrURo PAIR C1=0,6,3,8,5,4,1,9,7 C2=0,3,7,4,9,5,1,6,8
ICXmdrUJo PAIR C1=0,6,3,8,1,4,5,2,9,7 C2=0,3,7,2,4,9,5,1,6,8
ICXmdqu}? PAIR C1=0,6,3,8,5,2,9,1,4,7 C2=0,3,7,2,8,6,1,5,4,9
ICXmdqu|? PAIR C1=0,6,3,8,5,9,1,4,2,7 C2=0,3,7,4,5,1,6,8,2,9
ICXmdquz? PAIR C1=0,6,3,8,5,9,1,4,2,7 C2=0,3,7,4,5,1,6,8,2,9
ICXmdquv? PAIR C1=0,6,1,4,7,3,8,2,5,9 C2=0,3,6,8,5,1,9,4,2,7
ICXmdqun? PAIR C1=0,7,4,5,2,8,3,9 C2=0,3,7,2,4,9,5,8
ICXmdquy_ PAIR C1=0,3,8,6,1,9,2,5,4,7 C2=0,8,5,1,4,2,7,3,6,9
ICXmdquu_ PAIR C1=0,6,9,3,8,2,5,1,4,7 C2=0,3,7,2,4,5,8,6,1,9
ICXmdqum_ NOPAIR
ICXmdqul_ NOPAIR
ICXmdqur_ PAIR C1=0,6,8,3,7,4,2,5,9 C2=0,3,6,9,4,5,8,2,7
ICXmdquj_ PAIR C1=0,6,8,3,7,4,2,5,9 C2=0,3,6,9,4,5,8,2,7
ICXmdquf_ PAIR C1=0,6,8,3,7,4,2,5,9 C2=0,3,6,9,4,5,8,2,7
ICXmdquyO PAIR C1=0,3,8,5,2,7,9,4,1,6 C2=0,7,3,6,8,2,4,5,1,9
ICXmdquuO PAIR C1=0,3,8,5,2,7,9,4,1,6 C2=0,7,3,6,8,2,4,5,1,9
ICXmdqumO NOPAIR
ICXmdquxO PAIR C1=0,3,6,8,2,5,4,1,9,7 C2=0,6,1,5,8,3,7,4,2,9
ICXmdqutO PAIR C1=0,3,6,8,2,4,5,1,9,7 C2=0,6,1,4,7,2,5,8,3,9
ICXmdqulO NOPAIR
ICXmdqurO PAIR C1=0,3,6,8,2,5,1,4,7,9 C2=0,6,1,9,5,4,2,7,3,8
ICXmdqufO PAIR C1=0,7,2,4,5,8,3,9 C2=0,3,7,4,9,5,2,8
ICXmdquwo PAIR C1=0,3,6,9,1,4,7,2,5,8 C2=0,6,1,5,4,2,8,3,7,9
ICXmdquqo PAIR C1=0,3,6,9,1,4,7,2,5,8 C2=0,6,1,5,4,2,8,3,7,9
ICXmdquio NOPAIR
ICXmdquYo PAIR C1=0,7,3,6,9,1,4,2,5,8 C2=0,3,8,2,7,9,4,5,1,6
ICXmdqueo NOPAIR
ICXmdqupo PAIR C1=0,8,5,1,4,2,7,3,6,9 C2=0,3,8,2,5,4,7,9,1,6
ICXmdquho NOPAIR
ICXmdqubo PAIR C1=0,3,6,8,2,7,4,5,9 C2=0,6,9,4,2,5,8,3,7
ICXmdquRo PAIR C1=0,3,6,9,5,1,4,7,2,8 C2=0,6,1,9,4,2,5,8,3,7
ICXmdrMlO PAIR C1=0,3,6,8,1,5,4,2,7,9 C2=0,6,1,4,7,3,9,2,5,8
ICXmdrMLo PAIR C1=0,3,6,9,5,2,7,4,1,8 C2=0,6,1,5,8,4,2,9,3,7
ICXmdqmtO PAIR C1=0,3,6,1,4,7,9,5,8 C2=0,6,8,4,5,1,9,3,7
ICXmdqmTo PAIR C1=0,3,6,1,4,7,9,5,8 C2=0,6,8,4,5,1,9,3,7
ICXmdpmwo NOPAIR
ICXmdpmXo NOPAIR
ICXmdpmdo PAIR C1=0,7,3,6,8,1,4,5,9 C2=0,3,9,7,4,8,5,1,6
ICXmdq]po PAIR C1=0,7,3,6,8,4,1,5,9 C2=0,3,8,5,4,7,9,1,6
ICXmdq]ho PAIR C1=0,3,7,4,2,5,8,6,9 C2=0,6,3,8,4,5,9,2,7
ICXmdrdv? NOPAIR
ICXmdrTv? NOPAIR
ICXmdrTf_ PAIR C1=0,6,3,7,4,9,5,1,8 C2=0,3,9,6,1,4,5,8,7
ICXmdqtv? PAIR C1=0,3,7,4,9,5,2,8 C2=0,7,2,4,5,8,3,9
ICXmdqtn? PAIR C1=0,3,7,4,9,5,2,8 C2=0,7,2,4,5,8,3,9
ICXmdqtf_ PAIR C1=0,3,7,4,9,5,2,8 C2=0,7,2,4,5,8,3,9
ICXmdrRy_ NOPAIR
ICXmdrRr_ NOPAIR
ICXmdrFv? PAIR C1=0,3,7,8,5,9,4,1,6 C2=0,7,4,5,1,8,6,3,9
ICXmdrFy_ PAIR C1=0,6,8,7,4,2,5,1,9 C2=0,7,2,9,6,1,4,5,8
ICXmdrFr_ NOPAIR
ICXmdrFj_ PAIR C1=0,6,9,5,2,7,4,1,8 C2=0,7,8,6,1,5,4,2,9
ICXmdqfv? PAIR C1=0,3,9,5,2,7,4,1,6,8 C2=0,6,3,7,8,2,4,5,1,9
ICXmdqfr_ PAIR C1=0,8,6,1,4,7,2,5,9 C2=0,6,9,1,5,4,2,8,7
ICXmdpfy_ NOPAIR
ICXmdpff_ PAIR C1=0,3,7,2,4,5,8,1,6,9 C2=0,6,3,9,4,1,5,2,8,7
ICXmdqVv? PAIR C1=0,3,6,8,5,9,1,4,7 C2=0,6,1,5,4,9,3,7,8
ICXmdqVr_ PAIR C1=0,3,8,6,1,9,5,4,7 C2=0,6,3,7,8,5,1,4,9
ICXmdqVj_ PAIR C1=0,6,3,7,4,2,9,5,8 C2=0,3,8,6,9,4,5,2,7
ICXmdZq}? PAIR C1=0,7,5,4,2,8,3,6,1,9 C2=0,3,9,4,7,2,5,1,8,6
ICXmdZqz? NOPAIR
ICXmdZqv? PAIR C1=0,6,3,8,1,5,7,2,4,9 C2=0,3,9,5,2,8,6,1,4,7
ICXmdZqn? PAIR C1=0,6,3,8,1,5,7,2,4,9 C2=0,3,9,5,2,8,6,1,4,7
ICXmdZq^? PAIR C1=0,3,8,6,1,9,4,2,5,7 C2=0,6,3,9,5,1,4,7,2,8
ICXmdZqy_ PAIR C1=0,6,8,1,9,4,2,5,7 C2=0,8,2,7,4,5,1,6,9
ICXmdZqm_ PAIR C1=0,7,5,2,8,3,6,1,4,9 C2=0,3,9,2,7,4,5,1,8,6
ICXmdZq]_ PAIR C1=0,3,6,9,4,1,8,2,5,7 C2=0,6,1,5,4,7,2,9,3,8
ICXmdZqr_ PAIR C1=0,6,1,8,2,5,7,4,9 C2=0,7,2,4,5,1,9,6,8
ICXmdZqj_ PAIR C1=0,7,5,2,8,6,1,4,9 C2=0,6,9,2,7,4,5,1,8
ICXmdZqZ_ NOPAIR
ICXmdZqf_ PAIR C1=0,6,1,4,9,5,7,2,8 C2=0,7,4,2,5,1,8,6,9
ICXmdZqN_ PAIR C1=0,3,6,1,4,9,5,7,2,8 C2=0,6,9,3,8,1,5,2,4,7
ICXmdZq{O PAIR C1=0,6,3,9,7,5,1,4,2,8 C2=0,3,8,6,1,9,2,5,4,7
ICXmdZqyO NOPAIR
ICXmdZquO PAIR C1=0,3,9,7,2,5,4,1,8,6 C2=0,7,5,1,6,3,8,2,4,9
ICXmdZqmO PAIR C1=0,3,9,7,2,5,4,1,8,6 C2=0,7,5,1,6,3,8,2,4,9
ICXmdZq]O PAIR C1=0,3,9,7,4,2,5,1,6,8 C2=0,6,3,8,2,9,1,4,5,7
ICXmdZqrO NOPAIR
ICXmdZqZO PAIR C1=2,4,5,7,9 C2=2,5,9,4,7
ICXmdZqfO PAIR C1=0,6,3,9,7,5,4,1,8 C2=0,3,8,6,1,5,9,4,7
ICXmdZqwo PAIR C1=0,6,1,8,2,4,5,7,9 C2=0,7,4,1,5,2,9,6,8
ICXmdZqso PAIR C1=0,6,1,5,4,7,2,8,3,9 C2=0,3,6,9,7,5,2,4,1,8
ICXmdZq[o PAIR C1=0,6,1,4,5,2,8,3,9,7 C2=0,3,6,9,2,4,7,5,1,8
ICXmdZqqo PAIR C1=0,8,2,4,7,5,1,6,9 C2=0,6,8,1,9,4,5,2,7
ICXmdZqio PAIR C1=0,8,2,5,7,4,1,6,9 C2=0,6,8,1,5,4,9,2,7
ICXmdZqYo NOPAIR
ICXmdZqUo PAIR C1=0,3,9,6,1,5,7,4,2,8 C2=0,6,3,8,1,9,4,5,2,7
ICXmdZqMo PAIR C1=0,3,9,7,5,4,2,8,1,6 C2=0,7,2,5,1,4,9,6,3,8
ICXmdZqbo PAIR C1=0,6,1,8,2,4,5,7,9 C2=0,7,2,5,1,4,9,6,8
ICXmdZqJo PAIR C1=2,4,9,7,5 C2=2,7,4,5,9
ICXmdZqFo PAIR C1=0,7,5,2,4,9,3,6,1,8 C2=0,3,8,2,7,4,1,5,9,6
ICXmdZYl_ PAIR C1=0,7,5,2,4,1,8,3,6,9 C2=0,3,9,2,7,4,5,1,6,8
ICXmdZYtO PAIR C1=0,7,9,5,4,1,6,3,8 C2=0,3,9,1,5,7,4,8,6
ICXmdZYpo PAIR C1=0,6,8,1,4,5,9,7 C2=0,8,4,7,5,1,6,9
ICXmdYyx_ PAIR C1=0,7,2,5,4,1,9,6,8 C2=0,6,1,5,7,4,8,2,9
ICXmdYyl_ PAIR C1=0,3,9,6,8,2,4,5,7 C2=0,6,3,8,4,7,2,5,9
ICXmdYyTo PAIR C1=0,6,9,3,8,2,4,1,5,7 C2=0,3,6,1,9,5,2,7,4,8
ICXmdZRv? PAIR C1=0,6,8,3,9,1,4,5,7 C2=0,3,6,1,5,9,4,7,8
ICXmdZRy_ PAIR C1=0,8,7,2,4,5,1,6,9 C2=0,6,8,1,4,9,2,5,7
ICXmdZRr_ PAIR C1=0,7,5,4,1,8,6,9 C2=0,6,1,5,9,4,7,8
ICXmdZRj_ PAIR C1=0,7,5,4,1,8,6,9 C2=0,6,1,5,9,4,7,8
ICXmdZRf_ PAIR C1=0,7,5,4,1,8,6,9 C2=0,6,1,5,9,4,7,8
ICXmdZRN_ PAIR C1=0,6,9,3,8,1,4,5,7 C2=0,3,6,1,5,9,4,7,8
ICXmczq}? PAIR C1=0,3,8,1,9,2,4,5,7 C2=0,8,2,5,1,4,7,3,9
ICXmczqv? PAIR C1=0,7,5,4,1,8,6,3,9 C2=0,6,1,5,9,4,7,3,8
ICXmczqn? PAIR C1=0,7,5,4,1,8,6,3,9 C2=0,6,1,5,9,4,7,3,8
ICXmczqu_ NOPAIR
ICXmczqm_ PAIR C1=0,8,6,3,7,5,1,4,2,9 C2=0,3,9,6,1,8,2,5,4,7
ICXmczqr_ PAIR C1=0,8,3,7,5,4,1,6,9 C2=0,3,6,8,1,5,9,4,7
ICXmczqj_ PAIR C1=0,8,3,7,5,4,1,6,9 C2=0,3,6,8,1,5,9,4,7
ICXmczqf_ PAIR C1=0,8,3,7,5,4,1,6,9 C2=0,3,6,8,1,5,9,4,7
ICXmczq{O PAIR C1=0,8,3,7,5,1,4,2,9 C2=0,3,9,1,8,2,5,4,7
ICXmczqyO PAIR C1=0,6,1,9,2,4,5,7,3,8 C2=0,3,6,8,2,5,1,4,7,9
ICXmczquO NOPAIR
ICXmczqrO PAIR C1=0,3,8,6,1,5,4,7,9 C2=0,6,3,7,5,9,4,1,8
ICXmczqfO PAIR C1=0,3,8,6,1,5,4,7,9 C2=0,6,3,7,5,9,4,1,8
ICXmczqwo PAIR C1=0,3,7,9,2,4,5,1,6,8 C2=0,6,3,8,2,5,7,4,1,9
ICXmczqso NOPAIR
ICXmczqqo NOPAIR
ICXmczqio PAIR C1=0,8,6,1,5,2,4,7,9 C2=0,6,9,2,8,1,4,5,7
ICXmczqeo NOPAIR
ICXmczqbo PAIR C1=0,3,8,6,1,5,4,7,9 C2=0,6,3,7,5,9,4,1,8
ICXmczqJo PAIR C1=0,7,9,4,2,5,1,6,3,8 C2=0,3,7,5,4,1,8,2,9,6
ICXmczYl_ PAIR C1=0,6,8,1,5,4,7,3,9 C2=0,3,8,4,1,6,9,5,7
ICXmcyyl_ PAIR C1=0,6,8,3,7,5,4,2,9 C2=0,3,6,9,5,2,8,4,7
ICXmcyypo PAIR C1=0,3,7,5,4,1,9,6,8 C2=0,7,4,8,3,6,1,5,9
ICXmcyyho PAIR C1=0,6,8,3,7,5,4,2,9 C2=0,3,6,9,5,2,8,4,7
ICXmdfw}? PAIR C1=0,6,7,3,8,1,4,2,9 C2=0,3,6,1,9,4,8,2,7
ICXmdfw|? PAIR C1=0,6,1,9,3,7,2,5,4,8 C2=0,7,6,3,8,2,4,1,5,9
ICXmdfw{_ NOPAIR
ICXmdfwy_ PAIR C1=0,6,3,8,4,1,9,2,7 C2=0,3,7,6,1,8,2,4,9
ICXmdfwu_ NOPAIR
ICXmdfwm_ NOPAIR
ICXmdfwx_ PAIR C1=0,3,7,2,5,4,8,1,9,6 C2=0,7,6,3,8,2,4,1,5,9
ICXmdfwt_ PAIR C1=0,3,7,2,5,4,8,1,9,6 C2=0,7,6,3,8,2,4,1,5,9
ICXmdfwl_ PAIR C1=0,3,9,6,1,8,4,5,2,7 C2=0,6,7,3,8,2,4,1,5,9
ICXmdfwr_ PAIR C1=0,7,2,8,3,6,1,5,4,9 C2=0,3,7,6,9,5,2,4,1,8
ICXmdfwj_ PAIR C1=0,7,2,8,3,6,1,5,4,9 C2=0,3,7,6,9,5,2,4,1,8
ICXmdfwf_ PAIR C1=0,7,2,8,3,6,1,5,4,9 C2=0,3,7,6,9,5,2,4,1,8
ICXmdfwwo NOPAIR
ICXmdfwso PAIR C1=0,6,3,9,7 C2=0,3,7,6,9
ICXmdfwqo NOPAIR
ICXmdfwYo NOPAIR
ICXmdfweo PAIR C1=0,7,6,3,9 C2=0,3,7,9,6
ICXmdfwpo PAIR C1=0,3,6,7,2,8,4,5,1,9 C2=0,6,1,4,2,5,9,7,3,8
ICXmdfwXo PAIR C1=0,3,6,9,1,5,4,8,2,7 C2=0,6,1,4,2,5,9,7,3,8
ICXmdfwRo PAIR C1=0,3,6,9,1,5,4,8,2,7 C2=0,6,1,4,2,5,9,7,3,8
ICXmdfk}? PAIR C1=0,6,3,9,1,5,4,8,2,7 C2=0,3,7,6,1,4,9,2,5,8
ICXmdfk{_ PAIR C1=0,7,6,3,9,2,4,1,5,8 C2=0,3,7,2,5,4,8,1,9,6
ICXmdfky_ NOPAIR
ICXmdfku_ PAIR C1=0,7,3,6,9,1,4,2,5,8 C2=0,3,9,4,5,1,8,2,7,6
ICXmdfkm_ PAIR C1=0,3,6,7,2,8,1,5,4,9 C2=0,7,3,9,6,1,4,2,5,8
ICXmdfk]_ PAIR C1=0,6,3,7,2,5,4,9,1,8 C2=0,3,9,2,4,8,5,1,6,7
ICXmdfkj_ NOPAIR
ICXmdfkf_ PAIR C1=0,7,3,6,9,5,4,2,8 C2=0,3,9,4,8,5,2,7,6
ICXmdfkN_ PAIR C1=0,7,3,6,9,5,4,2,8 C2=0,3,9,4,8,5,2,7,6
ICXmdfkwo PAIR C1=0,6,1,8,5,4,2,7,9 C2=0,7,6,9,2,5,1,4,8
ICXmdfk[o PAIR C1=0,3,9,7,2,4,5,8,1,6 C2=0,7,3,6,9,2,5,1,4,8
ICXmdfkqo PAIR C1=0,6,1,4,5,8,2,7,9 C2=0,7,6,9,4,2,5,1,8
ICXmdfkYo NOPAIR
ICXmdfkeo PAIR C1=0,3,9,7,2,8,5,4,1,6 C2=0,7,3,6,9,4,2,5,1,8
ICXmdfkUo PAIR C1=0,3,9,7,2,8,5,4,1,6 C2=0,7,3,6,9,4,2,5,1,8
ICXmdfkbo PAIR C1=0,6,1,4,5,8,2,7,9 C2=0,7,6,9,4,2,5,1,8
ICXmdfkRo NOPAIR
ICXmdfkFo PAIR C1=0,3,7,6,9,4,5,2,8 C2=0,6,3,9,5,8,4,2,7
ICXmdf[}? PAIR C1=0,7,6,3,9,2,4,5,1,8 C2=0,3,7,2,5,8,4,9,1,6
ICXmdf[v? NOPAIR
ICXmdf[n? PAIR C1=0,7,3,6,1,4,2,9,5,8 C2=0,3,9,4,8,1,5,2,7,6
ICXmdf[y_ PAIR C1=0,8,5,1,4,2,7,3,6,9 C2=0,3,8,4,5,2,9,1,6,7
ICXmdf[u_ NOPAIR
ICXmdf[m_ PAIR C1=0,8,5,1,6,3,7,2,4,9 C2=0,3,8,1,4,5,2,9,6,7
ICXmdf[j_ PAIR C1=0,8,5,1,6,3,7,2,4,9 C2=0,3,8,1,4,5,2,9,6,7
ICXmdf[f_ NOPAIR
ICXmdf[{O PAIR C1=0,3,9,7,2,4,8,5,1,6 C2=0,7,6,3,8,1,4,5,2,9
ICXmdf[yO PAIR C1=0,3,7,9,2,4,8,5,1,6 C2=0,8,3,6,7,2,5,4,1,9
ICXmdf[uO NOPAIR
ICXmdf[mO PAIR C1=0,3,7,9,2,4,8,5,1,6 C2=0,8,1,4,5,2,7,6,3,9
ICXmdf[rO PAIR C1=0,7,3,6,1,4,9,5,8 C2=0,3,8,4,5,1,9,7,6
ICXmdf[jO PAIR C1=0,6,7,3,8,1,4,5,9 C2=0,3,6,1,5,8,4,9,7
ICXmdf[fO PAIR C1=0,6,7,3,8,1,4,5,9 C2=0,3,6,1,5,8,4,9,7
ICXmdf[wo PAIR C1=0,7,3,6,1,4,8,5,2,9 C2=0,3,8,1,5,4,2,7,9,6
ICXmdf[so PAIR C1=0,3,7,6,9 C2=0,6,3,9,7
ICXmdf[qo NOPAIR
ICXmdf[io PAIR C1=0,7,3,6,1,8,4,5,2,9 C2=0,3,8,5,1,4,2,7,9,6
ICXmdf[Yo PAIR C1=0,7,3,6,1,9,2,5,4,8 C2=0,3,8,5,1,4,2,7,9,6
ICXmdf[eo PAIR C1=0,3,7,6,9 C2=0,6,3,9,7
ICXmdf[bo PAIR C1=0,6,7,3,8,1,4,5,9 C2=0,3,6,1,5,8,4,9,7
ICXmdf[Ro PAIR C1=0,3,6,7,9,5,1,4,8 C2=0,6,1,9,4,5,8,3,7
ICXmdf[Jo PAIR C1=0,3,8,4,1,6,9,5,2,7 C2=0,6,3,7,9,2,4,5,1,8
ICXmdfiyO NOPAIR
ICXmdfi]O PAIR C1=0,3,6,7,2,9,1,4,8 C2=0,6,1,8,2,4,9,3,7
ICXmdfixO PAIR C1=0,6,8,4,1,9,5,2,7 C2=0,8,2,4,5,1,6,7,9
ICXmdfijO PAIR C1=0,6,8,1,4,2,5,9,7 C2=0,8,4,5,1,6,7,2,9
ICXmdeyyO NOPAIR
ICXmdeyjO NOPAIR
ICXmdfMjO PAIR C1=0,6,8,1,5,4,2,7,9 C2=0,7,6,1,4,9,2,5,8
ICXmdfMNO PAIR C1=0,3,9,7,2,4,5,1,8,6 C2=0,7,3,6,1,4,9,2,5,8
ICXmdemyO PAIR C1=0,6,8,5,1,4,2,7,9 C2=0,7,6,1,9,4,5,2,8
ICXmdemrO PAIR C1=0,6,8,5,1,4,2,7,9 C2=0,7,6,1,9,4,5,2,8
ICXmdemjO NOPAIR
ICXmdemVO PAIR C1=0,6,7,3,9,1,5,2,4,8 C2=0,3,6,1,4,9,5,8,2,7
ICXmddmyO NOPAIR
ICXmddmZO PAIR C1=1,4,8,2,9,5 C2=1,8,5,2,4,9
ICXmddmfO PAIR C1=0,6,1,8,4,2,5,9,3,7 C2=0,3,6,7,2,8,5,1,4,9
ICXmde]rO PAIR C1=0,3,7,6,1,9,5,4,8 C2=0,6,3,8,5,1,4,9,7
ICXmde]jO PAIR C1=0,3,6,8,4,5,9,2,7 C2=0,6,7,3,8,5,2,4,9
ICXk~bo}? PAIR C1=0,3,7,2,5,6,4,1,8 C2=0,6,3,8,2,4,5,1,7
ICXk~boz? PAIR C1=0,3,7,2,5,6,4,1,8 C2=0,6,3,8,2,4,5,1,7
ICXk~bov? PAIR C1=0,3,7,2,5,6,4,1,8 C2=0,6,3,8,2,4,5,1,7
ICXk~bo{_ PAIR C1=0,3,7,2,5,6,4,1,8 C2=0,6,3,8,2,4,5,1,7
ICXk~boy_ PAIR C1=0,3,7,2,5,6,4,1,8 C2=0,6,3,8,2,4,5,1,7
ICXk~bou_ PAIR C1=0,3,7,2,5,6,4,1,8 C2=0,6,3,8,2,4,5,1,7
ICXk~bor_ PAIR C1=0,3,7,2,5,6,4,1,8 C2=0,6,3,8,2,4,5,1,7
ICXk~boZ_ PAIR C1=0,3,7,2,5,6,4,1,8 C2=0,6,3,8,2,4,5,1,7
ICXk~bof_ PAIR C1=0,3,7,2,5,6,4,1,8 C2=0,6,3,8,2,4,5,1,7
ICXk~bo{O PAIR C1=0,3,7,2,5,6,4,1,8 C2=0,6,3,8,2,4,5,1,7
ICXk~boyO PAIR C1=0,3,7,2,5,6,4,1,8 C2=0,6,3,8,2,4,5,1,7
ICXk~bouO PAIR C1=0,3,7,2,5,6,4,1,8 C2=0,6,3,8,2,4,5,1,7
ICXk~boZO PAIR C1=0,3,7,2,5,6,4,1,8 C2=0,6,3,8,2,4,5,1,7
ICXk~bowo PAIR C1=0,3,7,2,5,6,4,1,8 C2=0,6,3,8,2,4,5,1,7
ICXk~boso PAIR C1=0,3,7,2,5,6,4,1,8 C2=0,6,3,8,2,4,5,1,7
ICXk~boqo PAIR C1=0,3,7,2,5,6,4,1,8 C2=0,6,3,8,2,4,5,1,7
ICXk~boYo PAIR C1=0,3,7,2,5,6,4,1,8 C2=0,6,3,8,2,4,5,1,7
ICXk~bowW PAIR C1=0,3,7,2,5,6,4,1,8 C2=0,6,3,8,2,4,5,1,7
ICXk~boWw PAIR C1=0,3,7,2,5,6,4,1,8 C2=0,6,3,8,2,4,5,1,7
ICY^Fbw]O NOPAIR
ICY^FbwZO PAIR C1=0,3,5,9,4,2,8,1,7 C2=0,5,4,1,9,2,7,3,8
ICY^Fbk]O PAIR C1=0,3,5,8,2,9,4,1,7 C2=0,5,4,2,7,3,9,1,8
ICY^FbkZO NOPAIR
ICY^Fb[VO PAIR C1=0,7,1,4,9,5,3,8 C2=0,3,7,9,1,8,4,5
ICY^Fb[Ro PAIR C1=0,7,1,4,9,5,3,8 C2=0,3,7,9,1,8,4,5
ICY^F`{}? PAIR C1=0,3,5,8,2,9,4,1,7 C2=0,5,4,2,7,3,8,1,9
ICY^F`{|? PAIR C1=0,5,3,9,2,8,4,1,7 C2=0,3,7,2,4,5,8,1,9
ICY^F`{{_ PAIR C1=0,5,3,9,2,8,4,1,7 C2=0,3,7,2,4,5,8,1,9
ICY^F`{u_ PAIR C1=0,6,2,8,5,3,9,4,1,7 C2=0,5,4,2,7,3,8,1,6,9
ICY^F`{]_ PAIR C1=0,6,2,8,5,3,9,4,1,7 C2=0,3,7,2,9,6,1,8,4,5
ICY^F`{x_ PAIR C1=0,3,5,8,4,1,7,2,9,6 C2=0,7,3,8,1,6,2,4,5,9
ICY^F`{t_ PAIR C1=0,6,9,3,5,8,2,4,1,7 C2=0,3,7,2,6,1,8,4,5,9
ICY^F`{\_ PAIR C1=0,5,3,7,1,8,2,9,6 C2=0,3,8,5,9,1,6,2,7
ICY^F`{V_ PAIR C1=0,5,8,3,9,6,2,4,1,7 C2=0,3,7,2,8,4,5,9,1,6
ICY^F`{{O PAIR C1=0,5,8,2,4,1,7,3,9 C2=0,3,5,4,8,1,9,2,7
ICY^F`{yO PAIR C1=0,7,1,4,5,3,8,2,9 C2=0,3,7,2,4,9,1,8,5
ICY^F`{uO PAIR C1=0,5,3,8,4,1,9,7 C2=0,3,7,1,8,5,4,9
ICY^F`{]O NOPAIR
ICY^F`{xO PAIR C1=0,5,4,1,7,3,8,2,9 C2=0,3,5,9,1,8,4,2,7
ICY^F`{tO NOPAIR
ICY^F`{\O NOPAIR
ICY^F`{rO PAIR C1=0,3,8,5,4,1,9,7 C2=0,5,3,7,1,8,4,9
ICY^F`{VO NOPAIR
ICY^F`{qo PAIR C1=0,3,5,8,4,1,7,9 C2=0,5,4,9,1,8,3,7
ICY^F`{po PAIR C1=0,5,3,8,2,4,1,7,9,6 C2=0,3,7,2,6,1,8,4,5,9
ICY^F`{Xo PAIR C1=0,6,9,1,8,3,5,4,2,7 C2=0,3,7,9,2,6,1,4,8,5
ICY^F`{To PAIR C1=0,6,9,5,3,8,1,4,2,7 C2=0,3,7,9,1,6,2,8,4,5
ICY^F`{Ro PAIR C1=0,6,9,5,3,8,1,4,2,7 C2=0,3,7,9,1,6,2,8,4,5
ICY^Fbi]O NOPAIR
ICY^FbiZO NOPAIR
ICY^FbiYo PAIR C1=1,4,9,2,8,6 C2=1,8,4,2,6,9
ICY^FbiFo PAIR C1=0,5,3,9,4,2,7,1,6,8 C2=0,3,7,9,5,4,1,8,2,6
ICY^FbYUo PAIR C1=0,7,3,9,1,6,8 C2=0,3,8,1,7,9,6
ICY^FbYMo PAIR C1=0,7,2,6,1,4,9,3,8 C2=0,3,7,1,8,4,2,9,6
ICY^F`y}? PAIR C1=0,3,9,4,1,6,8,2,7 C2=0,6,2,4,8,3,7,1,9
ICY^F`y|? PAIR C1=0,7,2,8,6,1,4,5,3,9 C2=0,5,9,1,7,3,8,4,2,6
ICY^F`yz? PAIR C1=0,5,3,8,6,1,4,9,2,7 C2=0,3,7,1,9,5,4,8,2,6
ICY^F`yv? PAIR C1=0,5,3,9,4,8,1,6,2,7 C2=0,3,7,1,9,5,4,2,8,6
ICY^F`y{_ PAIR C1=0,6,1,8,2,7,3,9 C2=0,3,8,6,2,9,1,7
ICY^F`yy_ PAIR C1=1,6,9,4,2,8 C2=1,4,8,6,2,9
ICY^F`yu_ PAIR C1=0,7,2,6,1,4,8,3,9 C2=0,3,7,1,8,2,4,9,6
ICY^F`y]_ PAIR C1=1,4,8,6,2,9 C2=1,6,9,4,2,8
ICY^F`yf_ PAIR C1=0,7,2,6,1,4,8,3,9 C2=0,3,7,1,8,2,4,9,6
ICY^F`y{O PAIR C1=0,6,1,8,2,7,3,9 C2=0,3,8,6,2,9,1,7
ICY^F`yyO NOPAIR
ICY^F`yuO PAIR C1=0,6,1,4,8,2,7,3,9 C2=0,3,8,6,2,4,9,1,7
ICY^F`y]O NOPAIR
ICY^F`y\O PAIR C1=0,6,2,8,1,4,5,3,9,7 C2=0,3,7,2,4,8,6,1,9,5
ICY^F`yrO PAIR C1=0,6,2,8,1,4,9,5,3,7 C2=0,3,8,6,1,9,7,2,4,5
ICY^F`yfO PAIR C1=0,6,2,8,1,7,3,5,4,9 C2=0,3,8,6,1,4,2,7,9,5
ICY^F`ywo NOPAIR
ICY^F`yso NOPAIR
ICY^F`y[o NOPAIR
ICY^F`yqo NOPAIR
ICY^F`yeo PAIR C1=0,6,1,8,4,2,7,3,9 C2=0,3,8,2,6,9,4,1,7
ICY^F`yUo NOPAIR
ICY^F`ydo PAIR C1=0,6,1,8,4,2,7,3,5,9 C2=0,3,8,2,6,9,7,1,4,5
ICY^F`yTo PAIR C1=0,6,1,9,5,3,8,4,2,7 C2=0,3,7,9,6,2,8,1,4,5
ICY^F`ybo PAIR C1=0,6,8,3,5,9,4,1,7 C2=0,3,7,9,6,1,8,4,5
ICY^F`yFo PAIR C1=0,6,8,3,5,9,4,1,7 C2=0,3,7,9,6,1,8,4,5
ICY^FbeRo PAIR C1=0,5,8,1,7,2,4,9,6 C2=0,7,9,5,4,1,6,2,8
ICY^F`u}? PAIR C1=0,7,2,4,5,3,8,1,9 C2=0,3,7,1,4,9,2,8,5
ICY^F`u|? PAIR C1=0,6,1,9,3,5,8,2,7 C2=0,3,7,1,8,6,2,9,5
ICY^F`uz? PAIR C1=0,3,5,4,9,1,8,2,7 C2=0,5,8,3,7,1,4,2,9
ICY^F`uv? PAIR C1=0,6,2,8,3,5,4,9,1,7 C2=0,3,7,2,4,1,6,8,5,9
ICY^F`u{_ PAIR C1=0,6,1,8,2,9,3,7 C2=0,3,8,6,2,7,1,9
ICY^F`uu_ PAIR C1=0,5,3,9,6,8,1,4,2,7 C2=0,3,7,1,6,2,8,5,4,9
ICY^F`ux_ PAIR C1=0,5,3,7,2,8,1,9,6 C2=0,3,8,5,9,2,6,1,7
ICY^F`ut_ NOPAIR
ICY^F`u\_ PAIR C1=0,3,9,5,8,2,6,1,7 C2=0,5,3,7,2,9,1,8,6
ICY^F`uf_ PAIR C1=0,3,9,5,8,6,2,4,1,7 C2=0,6,1,8,2,7,3,5,4,9
ICY^F`u{O PAIR C1=0,3,9,2,8,6,1,7 C2=0,6,2,7,3,8,1,9
ICY^F`uuO PAIR C1=0,5,3,9,4,1,6,8,2,7 C2=0,3,7,9,1,8,5,4,2,6
ICY^F`uxO NOPAIR
ICY^F`utO NOPAIR
ICY^F`u\O PAIR C1=0,3,5,9,2,8,6,1,7 C2=0,5,8,1,9,3,7,2,6
ICY^F`urO PAIR C1=0,5,9,4,1,6,8,2,7 C2=0,6,2,4,5,8,1,7,9
ICY^F`uZO PAIR C1=0,5,3,8,6,1,4,9,2,7 C2=0,3,7,9,1,8,5,4,2,6
ICY^F`uVO PAIR C1=0,6,1,4,9,5,3,8,2,7 C2=0,3,7,9,1,8,6,2,4,5
ICY^F`uwo NOPAIR
ICY^F`uso NOPAIR
ICY^F`u[o NOPAIR
ICY^F`upo PAIR C1=0,6,9,5,3,8,1,7 C2=0,3,7,9,1,6,8,5
ICY^F`uXo PAIR C1=0,6,9,5,3,8,1,7 C2=0,3,7,9,1,6,8,5
ICY^F`udo NOPAIR
ICY^F`uTo PAIR C1=0,6,9,5,3,8,1,7 C2=0,3,7,9,1,6,8,5
ICY^FbMXo PAIR C1=0,6,1,7,9,2,4,5,8 C2=0,5,9,1,4,8,6,2,7
ICY^F`m|? PAIR C1=0,6,2,8,5,4,1,7,3,9 C2=0,3,5,9,1,6,8,4,2,7
ICY^F`mz? NOPAIR
ICY^F`my_ PAIR C1=1,6,2,8,4,9 C2=1,4,2,9,6,8
ICY^F`m]_ PAIR C1=1,6,2,8,4,9 C2=1,4,2,9,6,8
ICY^F`mx_ NOPAIR
ICY^F`mr_ NOPAIR
ICY^F`mZ_ PAIR C1=1,4,2,8,6,9 C2=1,6,2,9,4,8
ICY^F`mV_ PAIR C1=0,3,9,1,4,5,8,6,2,7 C2=0,5,3,7,1,8,2,4,9,6
ICY^F`m{O PAIR C1=0,3,9,1,4,5,8,6,2,7 C2=0,5,3,7,9,2,4,8,1,6
ICY^F`myO NOPAIR
ICY^F`muO PAIR C1=0,3,9,1,4,5,8,6,2,7 C2=0,5,3,7,9,4,2,8,1,6
ICY^F`mxO PAIR C1=0,7,1,4,5,8,6,2,9 C2=0,5,9,7,2,4,8,1,6
ICY^F`mtO PAIR C1=0,3,9,5,4,1,6,8,2,7 C2=0,5,3,7,9,1,8,4,2,6
ICY^F`m\O PAIR C1=0,3,9,5,4,1,6,8,2,7 C2=0,5,3,7,9,1,8,4,2,6
ICY^F`mrO PAIR C1=0,5,8,2,6,1,4,9,7 C2=0,6,8,1,7,2,4,5,9
ICY^F`mfO PAIR C1=0,5,8,2,6,1,4,9,7 C2=0,6,8,1,7,2,4,5,9
ICY^F`mwo NOPAIR
ICY^F`m[o PAIR C1=0,6,1,9,3,5,4,8,2,7 C2=0,3,7,1,4,2,9,6,8,5
ICY^F`mqo NOPAIR
ICY^F`meo PAIR C1=0,7,3,5,8,1,6,2,4,9 C2=0,3,9,6,8,2,7,1,4,5
ICY^F`mpo PAIR C1=0,7,1,6,2,4,8,5,9 C2=0,5,4,1,9,7,2,8,6
ICY^F`mXo NOPAIR
ICY^F`mdo PAIR C1=0,7,2,6,1,8,4,5,9 C2=0,5,8,2,4,1,7,9,6
ICY^F`mbo PAIR C1=0,7,2,6,1,8,4,5,9 C2=0,5,8,2,4,1,7,9,6
ICY^F`mFo PAIR C1=0,6,1,8,2,4,9,5,3,7 C2=0,3,9,6,2,7,1,4,8,5
ICY^Fa]Uo PAIR C1=0,5,4,8,3,7,1,9,6 C2=0,3,5,8,6,1,4,9,7
ICY^Fa]Fo NOPAIR
ICY^F`]}? PAIR C1=0,5,4,8,3,7,2,6,1,9 C2=0,6,8,5,3,9,2,4,1,7
ICY^F`]z? PAIR C1=0,3,5,4,8,6,2,7,1,9 C2=0,6,1,4,2,9,5,8,3,7
ICY^F`]v? NOPAIR
ICY^F`]{_ PAIR C1=0,6,8,3,5,4,1,7,2,9 C2=0,5,8,4,2,6,1,9,3,7
ICY^F`]u_ NOPAIR
ICY^F`]m_ PAIR C1=0,7,3,5,8,6,1,4,2,9 C2=0,3,9,6,2,7,1,8,4,5
ICY^F`]x_ PAIR C1=0,7,3,8,1,6,2,4,5,9 C2=0,3,5,8,4,1,7,2,9,6
ICY^F`]t_ NOPAIR
ICY^F`]\_ PAIR C1=0,6,1,8,5,4,2,9,3,7 C2=0,3,8,4,1,7,2,6,9,5
ICY^F`]r_ NOPAIR
ICY^F`]j_ PAIR C1=0,5,9,6,2,4,1,8,3,7 C2=0,3,5,4,8,6,1,7,2,9
ICY^F`]f_ NOPAIR
ICY^F`]V_ NOPAIR
ICY^F`]N_ PAIR C1=0,3,9,5,8,6,2,4,1,7 C2=0,5,4,9,2,7,3,8,1,6
ICY^F`]{O PAIR C1=0,6,8,1,4,5,3,9,2,7 C2=0,3,7,9,1,6,2,4,8,5
ICY^F`]uO PAIR C1=0,5,4,9,1,8,3,7 C2=0,3,5,8,4,1,7,9
ICY^F`]mO PAIR C1=0,5,3,7,2,9,4,1,8,6 C2=0,3,8,5,4,2,6,1,7,9
ICY^F`]xO PAIR C1=0,3,7,2,9,5,4,1,8,6 C2=0,5,3,8,4,2,6,1,7,9
ICY^F`]\O PAIR C1=0,6,8,1,4,5,3,9,2,7 C2=0,3,8,4,2,6,1,7,9,5
ICY^F`]rO PAIR C1=0,5,4,9,1,8,3,7 C2=0,3,5,8,4,1,7,9
ICY^F`]jO PAIR C1=0,3,5,9,4,1,8,6,2,7 C2=0,6,1,7,3,8,5,4,2,9
ICY^F`]fO NOPAIR
ICY^F`]VO NOPAIR
ICY^F`]NO PAIR C1=0,3,5,8,1,6,2,4,9,7 C2=0,5,4,1,7,2,9,3,8,6
ICY^F`]so NOPAIR
ICY^F`]ko PAIR C1=0,3,8,5,4,1,6,9,2,7 C2=0,5,3,9,7,1,8,4,2,6
ICY^F`]qo PAIR C1=0,5,4,1,9,6,8,3,7 C2=0,3,5,8,4,9,7,1,6
ICY^F`]io PAIR C1=0,3,5,8,4,9,7,2,6 C2=0,5,4,2,9,6,8,3,7
ICY^F`]eo PAIR C1=0,3,7,1,6,9,4,8,5 C2=0,6,8,1,4,5,3,9,7
ICY^F`]Uo PAIR C1=0,3,7,1,6,9,4,8,5 C2=0,6,8,1,4,5,3,9,7
ICY^F`]Mo PAIR C1=0,3,7,1,6,9,4,8,5 C2=0,6,8,1,4,5,3,9,7
ICY^F`]po PAIR C1=0,3,5,8,1,7,9,6 C2=0,5,9,1,6,8,3,7
ICY^F`]ho PAIR C1=0,3,7,2,9,6,8,1,4,5 C2=0,7,1,6,2,4,8,3,5,9
ICY^F`]do NOPAIR
ICY^F`]To PAIR C1=0,3,7,1,8,5,9,6 C2=0,5,3,8,6,1,9,7
ICY^F`]Lo PAIR C1=0,5,3,9,7,2,4,1,8,6 C2=0,3,8,4,5,9,2,6,1,7
ICY^F`]bo PAIR C1=0,5,3,7,9,4,1,8,6 C2=0,3,8,4,5,9,6,1,7
ICY^F`]Ro PAIR C1=0,5,3,7,9,4,1,8,6 C2=0,3,8,4,5,9,6,1,7
ICY^F`]Jo PAIR C1=0,5,3,7,9,4,1,8,6 C2=0,3,8,4,5,9,6,1,7
ICY^F`]Fo PAIR C1=0,5,3,7,9,4,1,8,6 C2=0,3,8,4,5,9,6,1,7
ICY^F`t|? NOPAIR
ICY^F`tz? PAIR C1=0,5,4,2,8,3,7,1,9 C2=0,3,5,8,1,4,9,2,7
ICY^F`l|? PAIR C1=0,5,4,2,8,1,7,3,9 C2=0,3,5,8,4,1,9,2,7
ICY^F`lx_ PAIR C1=0,5,8,7,1,4,2,6,9 C2=0,6,1,9,5,4,8,2,7
ICY^F`\}? PAIR C1=0,5,8,4,1,7,3,9 C2=0,3,5,4,9,1,8,7
ICY^F`\z? PAIR C1=0,3,7,8,1,4,5,9 C2=0,5,3,8,4,9,1,7
ICY^F`\u_ PAIR C1=0,5,4,1,8,7,3,9 C2=0,3,5,8,4,9,1,7
ICY^F`\r_ PAIR C1=0,3,7,8,1,4,5,9 C2=0,5,3,8,4,9,1,7
ICY^F`jf_ PAIR C1=0,5,4,2,6,1,8,7,3,9 C2=0,3,5,9,4,1,7,2,8,6
ICY^F`Z}? PAIR C1=0,7,2,4,1,6,8,3,9 C2=0,3,7,1,8,4,9,2,6
ICY^F`f|? PAIR C1=0,5,9,3,7,2,8,1,6 C2=0,3,5,8,6,2,9,1,7
ICY^F`fz? PAIR C1=0,5,9,4,2,7,8,1,6 C2=0,7,1,4,5,8,6,2,9
ICY^F`Vx_ NOPAIR
ICY^F`Vr_ NOPAIR
ICY^F`Nr_ NOPAIR
ICY^F`Nj_ PAIR C1=0,5,9,2,4,1,6,8,7 C2=0,6,2,7,1,8,5,4,9
ICY^F_^r_ PAIR C1=0,3,7,8,4,5,9,1,6 C2=0,5,3,8,6,9,4,1,7
ICY^Brs}? PAIR C1=0,5,8,2,4,1,7,3,9 C2=0,3,5,4,7,2,9,1,8
ICY^Brs|? PAIR C1=0,5,8,2,4,1,7,3,9 C2=0,3,5,4,7,2,9,1,8
ICY^Brsz? PAIR C1=0,5,4,1,8,3,7,2,9 C2=0,3,5,9,1,7,4,2,8
ICY^Brsv? NOPAIR
ICY^Brs^? PAIR C1=1,4,5,9,2,7,3,8 C2=1,7,4,2,8,5,3,9
ICY^Brsy_ PAIR C1=0,6,2,7,3,5,8,1,4,9 C2=0,3,8,2,9,6,1,7,4,5
ICY^Brsu_ PAIR C1=0,6,2,4,9,3,7,1,8 C2=0,3,8,2,7,4,1,6,9
ICY^Brs]_ PAIR C1=0,3,7,1,6,2,9,4,5,8 C2=0,5,3,8,2,7,4,1,9,6
ICY^Brs\_ PAIR C1=0,6,2,4,5,9,1,7,3,8 C2=0,3,9,6,1,4,7,2,8,5
ICY^Brsr_ PAIR C1=0,6,2,4,5,9,1,7,3,8 C2=0,3,5,8,2,7,4,1,6,9
ICY^BrsZ_ PAIR C1=0,5,9,4,1,6,2,7,3,8 C2=0,3,5,8,2,4,7,1,9,6
ICY^BrsV_ PAIR C1=0,5,9,4,1,6,2,7,3,8 C2=0,3,5,8,2,4,7,1,9,6
ICY^BrsyO PAIR C1=0,5,8,3,7,1,4,9 C2=0,3,5,4,7,9,1,8
ICY^BrsuO PAIR C1=0,5,8,3,7,1,4,9 C2=0,3,5,4,7,9,1,8
ICY^Brs]O NOPAIR
ICY^BrsfO NOPAIR
ICY^BrsVO NOPAIR
ICY^Brsqo PAIR C1=0,5,3,8,1,7,9,4,2,6 C2=0,3,7,2,8,5,4,1,6,9
ICY^Brkpo PAIR C1=0,6,2,4,5,8,1,7,9 C2=0,5,9,6,1,4,7,2,8
ICY^Br[xO PAIR C1=0,5,4,1,8,3,7,9 C2=0,3,5,9,1,7,4,8
ICY^Br[tO PAIR C1=0,5,4,1,8,3,7,9 C2=0,3,5,9,1,7,4,8
ICY^Br[po PAIR C1=0,5,4,1,8,3,7,9 C2=0,3,5,9,1,7,4,8
ICY^Bp{\O PAIR C1=1,4,5,9,7,3,8 C2=1,7,4,8,5,3,9
ICY^Brq}? PAIR C1=0,8,6,2,4,1,7,3,9 C2=0,3,8,2,7,4,9,1,6
ICY^Brq|? PAIR C1=0,8,3,5,4,1,7,2,9 C2=0,3,7,4,2,8,1,9,5
ICY^Brqz? PAIR C1=0,8,3,5,4,1,7,2,9 C2=0,3,7,4,2,8,1,9,5
ICY^Brqv? PAIR C1=0,6,8,2,7,1,4,5,3,9 C2=0,5,9,1,6,2,4,7,3,8
ICY^Brq^? PAIR C1=0,5,4,9,2,7,3,8,1,6 C2=0,3,5,9,1,7,4,2,6,8
ICY^Brqy_ NOPAIR
ICY^Brqu_ PAIR C1=0,8,3,7,2,4,1,6,9 C2=0,3,9,4,7,1,8,2,6
ICY^Brq]_ NOPAIR
ICY^Brq\_ PAIR C1=0,5,3,7,2,4,1,9,6,8 C2=0,3,8,1,7,4,5,9,2,6
ICY^BrqZ_ PAIR C1=0,5,3,7,2,4,1,9,6,8 C2=0,3,8,1,7,4,5,9,2,6
ICY^Brqf_ PAIR C1=0,8,1,4,5,3,7,2,6,9 C2=0,5,9,3,8,2,4,7,1,6
ICY^Brq{O NOPAIR
ICY^BrqyO NOPAIR
ICY^BrquO PAIR C1=0,6,8,3,7,2,4,1,9 C2=0,3,9,4,7,1,6,2,8
ICY^Brq]O NOPAIR
ICY^BrqxO PAIR C1=0,5,4,2,8,3,7,1,9 C2=0,3,5,9,2,7,4,1,8
ICY^BrqtO PAIR C1=0,5,4,2,7,3,8,6,1,9 C2=0,3,5,9,7,4,1,8,2,6
ICY^Brq\O PAIR C1=0,5,4,2,7,3,9,1,8,6 C2=0,3,5,9,7,4,1,6,2,8
ICY^BrqrO PAIR C1=0,5,4,2,7,3,8,6,1,9 C2=0,3,5,9,7,4,1,8,2,6
ICY^BrqfO PAIR C1=0,5,4,2,7,1,6,8,3,9 C2=0,3,5,9,7,4,1,8,2,6
ICY^Brqso NOPAIR
ICY^Brq[o NOPAIR
ICY^Brqqo NOPAIR
ICY^BrqYo NOPAIR
ICY^Brqeo PAIR C1=0,6,1,7,2,4,9,3,8 C2=0,3,7,4,1,8,2,6,9
ICY^Brqpo PAIR C1=0,6,1,9,7,2,4,5,3,8 C2=0,3,7,4,1,8,2,6,9,5
ICY^Brqbo PAIR C1=0,6,1,4,2,7,9,5,3,8 C2=0,3,7,1,8,2,6,9,4,5
ICY^BrqFo PAIR C1=0,6,1,4,2,7,9,5,3,8 C2=0,3,7,1,8,2,6,9,4,5
ICY^Brido PAIR C1=0,8,6,1,4,2,7,3,5,9 C2=0,3,9,6,2,8,1,7,4,5
ICY^BrYso NOPAIR
ICY^BrYko PAIR C1=0,8,1,6,2,4,7,3,9 C2=0,3,8,4,1,7,2,9,6
ICY^BrYdo PAIR C1=0,3,7,9,5,4,1,8,6 C2=0,5,3,8,4,7,1,6,9
ICY^Bpydo PAIR C1=0,3,7,9,5,4,1,8,6 C2=0,5,3,8,4,7,1,6,9
ICY^BrU}? PAIR C1=0,8,6,1,7,3,5,4,2,9 C2=0,5,8,3,9,1,4,7,2,6
ICY^BrUz? PAIR C1=0,8,6,1,7,3,5,4,2,9 C2=0,3,8,5,9,1,4,7,2,6
ICY^BrU^? PAIR C1=0,5,4,2,9,3,7,1,6,8 C2=0,3,8,5,9,1,4,7,2,6
ICY^BrUu_ NOPAIR
ICY^BrUm_ PAIR C1=0,5,3,9,2,7,4,1,6,8 C2=0,3,7,1,8,5,4,2,6,9
ICY^BrU\_ PAIR C1=0,5,9,3,7,2,4,1,6,8 C2=0,3,8,5,4,7,1,9,2,6
ICY^BrUr_ NOPAIR
ICY^BrUf_ NOPAIR
ICY^BrUV_ NOPAIR
ICY^BrUN_ PAIR C1=0,5,8,1,4,7,3,9,2,6 C2=0,3,5,9,4,2,7,1,6,8
ICY^BrUuO PAIR C1=0,3,8,5,4,1,7,9 C2=0,5,3,7,4,9,1,8
ICY^BrUmO PAIR C1=0,3,9,7,1,8,5,4,2,6 C2=0,5,3,7,2,9,4,1,6,8
ICY^BrUfO NOPAIR
ICY^BrUVO NOPAIR
ICY^BrUNO PAIR C1=0,5,8,1,4,7,3,9,2,6 C2=0,3,5,9,4,2,7,1,6,8
ICY^BrUqo PAIR C1=0,5,8,3,7,4,1,9 C2=0,3,5,4,9,7,1,8
ICY^BrUio PAIR C1=0,5,4,2,9,7,3,8,1,6 C2=0,3,5,8,6,2,7,1,4,9
ICY^BrUeo PAIR C1=0,3,8,1,6,9,7,4,5 C2=0,6,8,5,3,7,1,4,9
ICY^BrUMo PAIR C1=0,5,8,1,4,7,3,9,6 C2=0,3,5,4,9,7,1,6,8
ICY^BrUFo PAIR C1=0,5,8,1,4,7,3,9,6 C2=0,3,5,4,9,7,1,6,8
ICY^Bpu}? PAIR C1=0,5,4,7,3,9,1,8,2,6 C2=0,3,5,8,6,1,7,2,4,9
ICY^Bpuz? PAIR C1=0,5,4,7,3,8,1,9,2,6 C2=0,3,5,8,6,1,7,2,4,9
ICY^Bpuv? PAIR C1=0,5,4,7,3,9,1,8,2,6 C2=0,3,5,8,6,1,7,2,4,9
ICY^Bpu^? PAIR C1=1,4,7,3,5,9,2,8 C2=1,7,2,4,5,8,3,9
ICY^Bpuy_ PAIR C1=0,5,3,7,4,1,6,8,2,9 C2=0,3,8,5,4,2,7,1,9,6
ICY^Bpu]_ NOPAIR
ICY^Bpu\_ PAIR C1=1,4,7,3,5,9,2,8 C2=1,7,2,4,5,8,3,9
ICY^BpuZ_ NOPAIR
ICY^Bpuf_ PAIR C1=0,5,8,2,4,1,7,3,9,6 C2=0,3,8,1,6,2,7,4,5,9
ICY^BpuV_ PAIR C1=1,4,5,8,6,2,7,3,9 C2=1,6,9,5,3,8,2,4,7
ICY^Bpu]O NOPAIR
ICY^BpufO PAIR C1=0,5,3,8,1,7,9,4,2,6 C2=0,3,7,2,8,6,1,4,5,9
ICY^BpuVO NOPAIR
ICY^BpuYo NOPAIR
ICY^Bpueo PAIR C1=0,3,9,7,2,8,5,4,1,6 C2=0,5,3,7,1,8,6,2,4,9
ICY^BpuUo NOPAIR
ICY^BpuFo NOPAIR
ICY^BrMxO PAIR C1=0,5,4,7,1,8,6,2,9 C2=0,6,1,4,2,7,9,5,8
ICY^Bpmdo PAIR C1=0,5,4,2,6,8,1,7,3,9 C2=0,3,5,9,7,2,8,4,1,6
ICY^Bq]so PAIR C1=0,5,4,7,3,9,1,6,8 C2=0,3,5,8,4,1,7,9,6
ICY^Bq]do NOPAIR
ICY^Bq]To PAIR C1=0,5,4,7,3,9,1,6,8 C2=0,3,5,8,4,1,7,9,6
ICY^Bp]To PAIR C1=1,8,3,5,4,7,9 C2=1,4,8,5,9,3,7
ICY^Bp]Lo PAIR C1=1,6,9,2,7,4,5,3,8 C2=1,4,2,6,8,5,9,3,7
ICY^FJw\_ PAIR C1=0,3,5,7,2,9,6,1,4,8 C2=0,6,2,4,5,9,3,8,1,7
ICY^FJw]O PAIR C1=0,3,8,4,9,1,7,5 C2=0,7,9,3,5,4,1,8
ICY^FH{{_ PAIR C1=0,3,9,1,8,4,2,7,5 C2=0,7,1,4,5,3,8,2,9
ICY^FJi]O NOPAIR
ICY^FJiFo PAIR C1=0,5,9,4,8,6,1,7 C2=0,6,9,7,5,4,1,8
ICY^FJYZ_ PAIR C1=0,5,4,8,6,2,9,1,7 C2=0,6,9,5,7,2,4,1,8
ICY^FJYXo PAIR C1=0,5,4,8,6,2,9,1,7 C2=0,6,9,5,7,2,4,1,8
ICY^FJYRo PAIR C1=0,5,9,7,1,4,8,6 C2=0,7,5,4,9,6,1,8
ICY^FJYFo PAIR C1=0,5,9,7,1,4,8,6 C2=0,7,5,4,9,6,1,8
ICY^FHy}? PAIR C1=0,3,9,2,7,1,6,8,4,5 C2=0,6,2,4,9,1,8,3,5,7
ICY^FHy|? PAIR C1=0,3,9,2,7,1,8,4,5 C2=0,7,5,3,8,2,4,1,9
ICY^FHyv? PAIR C1=0,5,9,3,8,6,2,4,1,7 C2=0,3,5,7,2,8,4,9,1,6
ICY^FHyr_ PAIR C1=0,5,9,1,6,8,4,2,7 C2=0,6,2,8,1,7,5,4,9
ICY^FHyf_ PAIR C1=0,3,9,6,8,1,7,2,4,5 C2=0,7,5,3,8,2,6,1,4,9
ICY^FHy{O PAIR C1=0,3,5,4,8,1,7,9,2,6 C2=0,5,7,2,4,1,6,8,3,9
ICY^FHyyO NOPAIR
ICY^FHyuO PAIR C1=0,3,8,2,6,1,7,9,4,5 C2=0,6,8,1,4,2,7,5,3,9
ICY^FHyxO PAIR C1=0,6,1,8,2,4,5,9,7 C2=0,5,7,2,6,8,4,1,9
ICY^FHytO PAIR C1=0,6,1,8,2,4,5,9,7 C2=0,5,7,2,6,8,4,1,9
ICY^FHyrO PAIR C1=0,6,1,8,2,4,5,9,7 C2=0,5,7,2,6,8,4,1,9
ICY^FHyfO PAIR C1=0,3,5,7,9,4,2,8,1,6 C2=0,5,4,1,7,2,6,8,3,9
ICY^FHyqo NOPAIR
ICY^FHyeo PAIR C1=0,3,8,1,6,2,4,5,7,9 C2=0,5,3,9,4,1,7,2,8,6
ICY^FHybo NOPAIR
ICY^BZq}? PAIR C1=0,5,7,4,1,6,2,8,3,9 C2=0,3,5,4,9,2,7,1,8,6
ICY^BZq|? PAIR C1=0,3,9,5,4,2,7,1,8,6 C2=0,8,3,5,7,4,1,6,2,9
ICY^BZqz? PAIR C1=0,5,4,7,1,6,8,2,9 C2=0,6,2,7,5,9,4,1,8
ICY^BZqv? PAIR C1=0,6,1,7,4,2,8,3,5,9 C2=0,3,9,4,1,8,6,2,7,5
ICY^BZq^? PAIR C1=0,3,8,6,1,7,4,2,9,5 C2=0,6,2,7,5,3,9,4,1,8
ICY^BZqr_ PAIR C1=0,8,2,6,1,7,4,5,9 C2=0,5,7,2,4,9,1,8,6
ICY^BZqZ_ NOPAIR
ICY^BZqyO NOPAIR
ICY^BZquO PAIR C1=0,5,4,2,7,1,6,8,3,9 C2=0,3,5,7,9,4,1,8,2,6
ICY^BZq]O PAIR C1=0,3,9,7,1,6,8,2,4,5 C2=0,6,2,9,1,4,7,5,3,8
ICY^BZqrO PAIR C1=0,5,4,2,8,6,1,7,9 C2=0,6,2,7,5,9,4,1,8
ICY^BZqZO NOPAIR
ICY^BZqfO PAIR C1=0,3,9,7,1,6,8,2,4,5 C2=0,6,2,7,4,1,8,3,5,9
ICY^BZqqo NOPAIR
ICY^BZqYo NOPAIR
ICY^BZqeo PAIR C1=0,5,4,2,7,9,3,8,1,6 C2=0,3,5,7,1,4,9,6,2,8
ICY^BZqbo PAIR C1=0,6,1,8,2,4,5,7,9 C2=0,5,9,4,1,7,2,6,8
ICY^BZqFo PAIR C1=0,5,4,1,8,3,9,7,2,6 C2=0,3,5,9,6,1,7,4,2,8
ICY^BZi|? PAIR C1=0,8,4,1,6,2,7,5,9 C2=0,5,4,7,1,9,2,8,6
ICY^BXueo PAIR C1=0,6,2,4,5,3,8,1,7,9 C2=0,3,9,4,1,6,8,2,7,5
ICY^N`w}? PAIR C1=0,3,7,2,4,8,1,6,5 C2=0,6,2,8,3,5,4,1,7
ICY^N`w|? PAIR C1=0,3,7,2,4,8,1,6,5 C2=0,6,2,8,3,5,4,1,7
ICY^N`wz? PAIR C1=0,3,7,2,4,8,1,6,5 C2=0,6,2,8,3,5,4,1,7
ICY^N`wv? PAIR C1=0,3,7,2,4,8,1,6,5 C2=0,6,2,8,3,5,4,1,7
ICY^N`w^? PAIR C1=0,3,7,2,4,8,1,6,5 C2=0,6,2,8,3,5,4,1,7
ICY^N`w{_ PAIR C1=0,3,7,2,4,8,1,6,5 C2=0,6,2,8,3,5,4,1,7
ICY^N`wy_ PAIR C1=0,3,7,2,4,8,1,6,5 C2=0,6,2,8,3,5,4,1,7
ICY^N`wu_ PAIR C1=0,3,7,2,4,8,1,6,5 C2=0,6,2,8,3,5,4,1,7
ICY^N`w]_ PAIR C1=0,3,7,2,4,8,1,6,5 C2=0,6,2,8,3,5,4,1,7
ICY^N`wx_ PAIR C1=0,3,7,2,4,8,1,6,5 C2=0,6,2,8,3,5,4,1,7
ICY^N`wt_ PAIR C1=0,3,7,2,4,8,1,6,5 C2=0,6,2,8,3,5,4,1,7
ICY^N`w\_ PAIR C1=0,3,7,2,4,8,1,6,5 C2=0,6,2,8,3,5,4,1,7
ICY^N`wr_ PAIR C1=0,3,7,2,4,8,1,6,5 C2=0,6,2,8,3,5,4,1,7
ICY^N`wZ_ PAIR C1=0,3,7,2,4,8,1,6,5 C2=0,6,2,8,3,5,4,1,7
ICY^N`wf_ PAIR C1=0,3,7,2,4,8,1,6,5 C2=0,6,2,8,3,5,4,1,7
ICY^N`wV_ PAIR C1=0,3,7,2,4,8,1,6,5 C2=0,6,2,8,3,5,4,1,7
ICY^N`wyO PAIR C1=0,3,7,2,4,8,1,6,5 C2=0,6,2,8,3,5,4,1,7
ICY^N`wuO PAIR C1=0,3,7,2,4,8,1,6,5 C2=0,6,2,8,3,5,4,1,7
ICY^N`w]O PAIR C1=0,3,7,2,4,8,1,6,5 C2=0,6,2,8,3,5,4,1,7
ICY^N`wrO PAIR C1=0,3,7,2,4,8,1,6,5 C2=0,6,2,8,3,5,4,1,7
ICY^N`wZO PAIR C1=0,3,7,2,4,8,1,6,5 C2=0,6,2,8,3,5,4,1,7
ICY^N`wfO PAIR C1=0,3,7,2,4,8,1,6,5 C2=0,6,2,8,3,5,4,1,7
ICY^N`wVO PAIR C1=0,3,7,2,4,8,1,6,5 C2=0,6,2,8,3,5,4,1,7
ICY^N`wwo PAIR C1=0,3,7,2,4,8,1,6,5 C2=0,6,2,8,3,5,4,1,7
ICY^N`wso PAIR C1=0,3,7,2,4,8,1,6,5 C2=0,6,2,8,3,5,4,1,7
ICY^N`w[o PAIR C1=0,3,7,2,4,8,1,6,5 C2=0,6,2,8,3,5,4,1,7
ICY^N`wqo PAIR C1=0,3,7,2,4,8,1,6,5 C2=0,6,2,8,3,5,4,1,7
ICY^N`wYo PAIR C1=0,3,7,2,4,8,1,6,5 C2=0,6,2,8,3,5,4,1,7
ICY^N`weo PAIR C1=0,3,7,2,4,8,1,6,5 C2=0,6,2,8,3,5,4,1,7
ICY^N`wUo PAIR C1=0,3,7,2,4,8,1,6,5 C2=0,6,2,8,3,5,4,1,7
ICY^N`wdo PAIR C1=0,3,7,2,4,8,1,6,5 C2=0,6,2,8,3,5,4,1,7
ICY^N`wTo PAIR C1=0,3,7,2,4,8,1,6,5 C2=0,6,2,8,3,5,4,1,7
ICY^N`wbo PAIR C1=0,3,7,2,4,8,1,6,5 C2=0,6,2,8,3,5,4,1,7
ICY^N`wRo PAIR C1=0,3,7,2,4,8,1,6,5 C2=0,6,2,8,3,5,4,1,7
ICY^N`wFo PAIR C1=0,3,7,2,4,8,1,6,5 C2=0,6,2,8,3,5,4,1,7
ICY^N`wyG PAIR C1=0,3,7,2,4,8,1,6,5 C2=0,6,2,8,3,5,4,1,7
ICY^N`wuG PAIR C1=0,3,7,2,4,8,1,6,5 C2=0,6,2,8,3,5,4,1,7
ICY^N`w]G PAIR C1=0,3,7,2,4,8,1,6,5 C2=0,6,2,8,3,5,4,1,7
ICY^N`wfG PAIR C1=0,3,7,2,4,8,1,6,5 C2=0,6,2,8,3,5,4,1,7
ICY^N`wVG PAIR C1=0,3,7,2,4,8,1,6,5 C2=0,6,2,8,3,5,4,1,7
ICY^N`wqg PAIR C1=0,3,7,2,4,8,1,6,5 C2=0,6,2,8,3,5,4,1,7
ICY^N`wYg PAIR C1=0,3,7,2,4,8,1,6,5 C2=0,6,2,8,3,5,4,1,7
ICY^N`weg PAIR C1=0,3,7,2,4,8,1,6,5 C2=0,6,2,8,3,5,4,1,7
ICY^N`wUg PAIR C1=0,3,7,2,4,8,1,6,5 C2=0,6,2,8,3,5,4,1,7
ICY^N`wbg PAIR C1=0,3,7,2,4,8,1,6,5 C2=0,6,2,8,3,5,4,1,7
ICY^N`wRg PAIR C1=0,3,7,2,4,8,1,6,5 C2=0,6,2,8,3,5,4,1,7
ICY^N`wFg PAIR C1=0,3,7,2,4,8,1,6,5 C2=0,6,2,8,3,5,4,1,7
ICY^N`waw PAIR C1=0,3,7,2,4,8,1,6,5 C2=0,6,2,8,3,5,4,1,7
ICY^N`wQw PAIR C1=0,3,7,2,4,8,1,6,5 C2=0,6,2,8,3,5,4,1,7
ICY^N`wEw PAIR C1=0,3,7,2,4,8,1,6,5 C2=0,6,2,8,3,5,4,1,7
ICdefpm|? PAIR C1=0,7,3,6,8,1,5,2,9 C2=0,3,9,5,8,2,7,1,6
ICdefpmy_ NOPAIR
ICdefpmu_ NOPAIR
ICdefpmr_ NOPAIR
ICdefhm|? PAIR C1=0,3,9,2,5,8,6,1,7 C2=0,6,3,7,2,8,1,5,9
ICdefhmv? PAIR C1=0,4,8,5,7,1,6,3,9 C2=0,6,8,1,5,9,4,3,7
ICdefhmt_ NOPAIR
ICdefhml_ PAIR C1=0,6,3,9,2,5,8,1,7 C2=0,3,7,2,8,6,1,5,9
ICdefhmf_ PAIR C1=0,4,8,5,7,1,6,3,9 C2=0,6,8,1,5,9,4,3,7
ICdefX{|? PAIR C1=0,3,9,2,5,8,4,7 C2=0,4,3,8,2,7,5,9
ICdefX{t_ PAIR C1=0,7,1,6,3,4,8,5,9 C2=0,4,7,5,1,8,3,9,6
ICdefX{r_ PAIR C1=0,6,3,8,4,9,5,1,7 C2=0,3,4,7,5,8,1,6,9
ICdedxm|? PAIR C1=0,3,7,5,2,9,1,6,8,4 C2=0,6,3,4,7,2,8,1,5,9
ICdedxmt_ PAIR C1=0,4,3,7,5,9,1,8,6 C2=0,7,4,8,5,1,6,3,9
ICdedxmr_ PAIR C1=0,4,3,6,8,1,9,5,7 C2=0,3,7,4,8,5,1,6,9
ICdedxmj_ PAIR C1=0,3,4,7,5,9,2,8,6 C2=0,4,8,5,2,7,3,6,9
ICdefT{|? PAIR C1=0,3,6,7,1,8,2,5,9 C2=0,6,1,5,8,3,9,2,7
ICdefT{y_ NOPAIR
ICdefT{]_ NOPAIR
ICdefT{r_ NOPAIR
ICdefT{V_ NOPAIR
ICdefL{v? PAIR C1=0,4,9,5,7,1,8,3,6 C2=0,7,6,1,5,8,4,3,9
ICdefL{l_ PAIR C1=0,3,8,1,7,5,2,9,6 C2=0,7,2,8,5,1,6,3,9
ICdee\{|? PAIR C1=0,4,7,5,1,8,3,9 C2=0,3,4,8,5,9,1,7
ICdee\{]_ NOPAIR
ICdee\{l_ PAIR C1=0,3,8,1,5,9,6,7,4 C2=0,6,1,7,5,8,4,3,9
ICdee\{j_ PAIR C1=0,4,3,8,1,5,9,6,7 C2=0,3,6,1,7,5,8,4,9
ICded\{t_ PAIR C1=0,3,8,1,5,9,6,7,4 C2=0,7,5,8,4,3,6,1,9
ICded\{j_ PAIR C1=0,4,8,3,6,7,2,5,9 C2=0,3,4,7,5,8,2,9,6
ICded\{V_ PAIR C1=0,3,8,1,5,9,6,7,4 C2=0,6,1,9,3,4,8,5,7
ICded\{N_ PAIR C1=0,3,8,4,9,5,2,7,6 C2=0,4,3,6,9,2,8,5,7
ICdeb^kv? PAIR C1=0,3,4,9,5,8,1,7,6 C2=0,8,4,7,5,1,6,3,9
ICdeb^[y_ NOPAIR
ICdeb^[l_ PAIR C1=0,8,5,1,6,7,4,3,9 C2=0,3,6,9,5,7,1,8,4
ICdcvhmv? PAIR C1=0,4,8,5,7,1,9,3,6 C2=0,7,3,4,6,8,1,5,9
ICdbNrw}? NOPAIR
ICdbNrw|? NOPAIR
ICdbNrwx_ PAIR C1=0,3,7,4,8,1,5,6,2,9 C2=0,4,3,8,2,5,9,6,1,7
ICdbNrs|? NOPAIR
ICdbNrsz? NOPAIR
ICdbNrs{_ PAIR C1=0,3,8,5,6,1,7,2,9 C2=0,7,3,9,6,2,5,1,8
ICdbNr[|? NOPAIR
ICdbNr[t_ NOPAIR
ICdbNre|? NOPAIR
ICdbNrex_ PAIR C1=1,5,9,6,2,8 C2=1,6,8,5,2,9
ICdbNref_ PAIR C1=0,3,9,5,6,2,8,1,7,4 C2=0,8,6,1,5,2,7,3,4,9
ICdbNrU|? PAIR C1=0,7,1,5,6,2,9,3,8 C2=0,3,7,2,5,8,6,1,9
ICdbNrUt_ NOPAIR
ICdbNrUl_ PAIR C1=0,7,3,8,6,1,5,2,9 C2=0,3,9,5,6,2,7,1,8
ICdbNq]t_ PAIR C1=0,3,7,1,9,5,6,8,4 C2=0,7,4,3,9,6,1,5,8
ICdbNq]f_ NOPAIR
ICdbNjqf_ PAIR C1=0,7,3,8,2,5,6,9 C2=0,3,9,5,7,2,6,8
ICdbNji|? NOPAIR
ICdbNjiz? NOPAIR
ICdbMzq{_ PAIR C1=0,8,3,7,5,1,6,2,9 C2=0,3,9,6,5,2,8,1,7
ICdbMzqt_ PAIR C1=0,7,3,8,6,1,5,9 C2=0,3,9,6,5,7,1,8
ICdbMzqf_ PAIR C1=0,7,3,8,6,1,5,9 C2=0,3,9,6,5,7,1,8
ICdbMzY|? NOPAIR
ICdbMzYl_ PAIR C1=0,3,8,1,7,5,6,9 C2=0,7,3,9,5,1,6,8
ICdbMyyt_ PAIR C1=0,4,8,3,9,6,1,5,7 C2=0,3,4,7,1,9,5,6,8
ICdffP{}? PAIR C1=0,6,3,4,9,1,8,2,7 C2=0,3,8,4,7,1,6,2,9
ICdffP{|? PAIR C1=0,6,3,4,7,2,8,1,9 C2=0,4,8,3,9,2,6,1,7
ICdffP{v? PAIR C1=0,6,3,8,4,7,2,5,1,9 C2=0,4,3,9,5,8,2,6,1,7
ICdffP{^? PAIR C1=0,6,3,8,4,9,1,5,2,7 C2=0,3,9,5,8,2,6,1,7,4
ICdffP{{_ PAIR C1=0,6,3,4,8,1,9,2,7 C2=0,4,7,1,6,2,8,3,9
ICdffP{y_ PAIR C1=0,6,3,4,8,1,9,2,7 C2=0,3,8,2,6,1,7,4,9
ICdffP{u_ NOPAIR
ICdffP{]_ PAIR C1=0,4,8,1,7,2,9,3,6 C2=0,3,8,2,6,1,9,4,7
ICdffP{r_ PAIR C1=0,4,8,3,6,1,9,5,2,7 C2=0,3,4,7,1,5,8,2,6,9
ICdffP{Z_ PAIR C1=0,4,8,3,6,1,9,5,2,7 C2=0,3,4,7,1,5,8,2,9,6
ICdffP{wo PAIR C1=0,4,8,3,6,1,9,2,7 C2=0,3,4,7,1,8,2,6,9
ICdffP{so NOPAIR
ICdffP{[o PAIR C1=0,3,8,4,7,2,9,1,6 C2=0,4,3,9,6,2,8,1,7
ICdffP{eo NOPAIR
ICdffP{Uo NOPAIR
ICdffP{po PAIR C1=0,3,4,8,5,9,1,6,2,7 C2=0,4,7,1,5,2,8,3,6,9
ICdffP{Xo PAIR C1=0,6,1,9,2,5,8,3,4,7 C2=0,3,6,9,5,1,7,2,8,4
ICdffP{To PAIR C1=0,6,2,5,8,1,9,3,4,7 C2=0,3,6,9,5,1,7,2,8,4
ICdffPyz? PAIR C1=0,6,1,8,2,9,4,7 C2=0,4,8,6,2,7,1,9
ICdffPm}? PAIR C1=0,6,1,8,2,9,4,7 C2=0,4,8,6,2,7,1,9
ICdffPmz? PAIR C1=0,6,1,8,2,9,4,7 C2=0,4,8,6,2,7,1,9
ICdffPmyO PAIR C1=0,6,1,8,2,9,4,7 C2=0,4,8,6,2,7,1,9
ICdffPm]O NOPAIR
ICdev`l}? NOPAIR
ICdev`lz? PAIR C1=0,7,2,5,8,1,6,3,4,9 C2=0,3,7,1,5,9,2,8,4,6
ICdev`lv? NOPAIR
ICdev`l{_ NOPAIR
ICdev`ly_ NOPAIR
ICdev`lu_ PAIR C1=0,6,4,3,9 C2=0,3,6,9,4
ICdev`lt_ NOPAIR
ICdev`lr_ NOPAIR
ICdfNbsZO NOPAIR
ICdfNbk\O NOPAIR
ICdfNbkZO NOPAIR
ICdfNbk[o NOPAIR
ICdfNbkYo NOPAIR
ICdfNb[\_ PAIR C1=0,6,2,5,9,3,8,1,7 C2=0,3,7,2,9,6,1,5,8
ICdfNb[Fo PAIR C1=0,6,5,9,3,8,1,7 C2=0,3,7,9,6,1,5,8
ICdfN`{}? PAIR C1=0,6,5,2,8,3,4,9,1,7 C2=0,4,8,5,1,6,2,7,3,9
ICdfN`{|? PAIR C1=0,6,2,5,8,3,7,1,9 C2=0,3,9,5,6,1,8,2,7
ICdfN`{z? PAIR C1=0,6,2,9,1,5,8,4,3,7 C2=0,3,8,2,7,1,6,5,9,4
ICdfN`{v? PAIR C1=0,7,2,6,5,1,8,4,3,9 C2=0,4,9,5,2,8,3,7,1,6
ICdfN`{{_ PAIR C1=0,6,2,5,8,1,9,3,7 C2=0,3,8,2,7,1,5,6,9
ICdfN`{y_ PAIR C1=0,6,2,9,1,8,4,3,7 C2=0,3,8,2,7,1,6,9,4
ICdfN`{u_ PAIR C1=0,6,2,5,8,1,9,4,3,7 C2=0,3,9,6,5,1,7,2,8,4
ICdfN`{]_ PAIR C1=0,6,2,5,8,1,9,4,3,7 C2=0,3,9,6,5,1,7,2,8,4
ICdfN`{x_ NOPAIR
ICdfN`{t_ PAIR C1=0,6,2,5,9,3,8,1,7 C2=0,3,7,2,8,5,1,6,9
ICdfN`{\_ NOPAIR
ICdfN`{f_ PAIR C1=0,6,2,5,9,3,8,1,7 C2=0,3,7,2,8,5,1,6,9
ICdfN`{{O PAIR C1=0,7,3,8,1,6,5,2,9 C2=0,3,9,7,1,5,8,2,6
ICdfN`{yO PAIR C1=0,4,8,3,7,2,5,6,1,9 C2=0,3,4,9,7,1,5,8,2,6
ICdfN`{xO NOPAIR
ICdfN`{tO PAIR C1=0,7,3,8,2,6,5,1,9 C2=0,3,9,7,2,5,8,1,6
ICdfN`{\O NOPAIR
ICdfN`{ZO PAIR C1=0,4,8,3,7,2,9,1,5,6 C2=0,3,4,9,5,8,2,6,1,7
ICdfN`{wo NOPAIR
ICdfN`{so PAIR C1=0,3,9,1,8,5,6,2,7 C2=0,6,1,5,2,8,3,7,9
ICdfN`{[o NOPAIR
ICdfN`{qo PAIR C1=0,3,4,8,5,6,2,7,1,9 C2=0,4,9,7,3,8,2,5,1,6
ICdfN`{Yo PAIR C1=0,3,4,8,5,6,2,9,1,7 C2=0,4,9,7,3,8,2,5,1,6
ICdfN`{Uo PAIR C1=0,3,9,1,7,2,6,5,8,4 C2=0,6,1,5,2,8,3,4,9,7
ICdfN`{do PAIR C1=0,3,9,5,8,1,7,2,6 C2=0,7,3,8,2,5,1,6,9
ICdfN`{bo PAIR C1=0,4,3,8,1,7,2,6,5,9 C2=0,3,7,9,4,8,2,5,1,6
ICdfN`{Fo PAIR C1=0,4,3,8,5,2,6,9,7 C2=0,3,7,2,8,4,9,5,6
ICdfN`u}? PAIR C1=0,3,9,1,6,8,5,2,7 C2=0,6,5,1,7,3,8,2,9
ICdfN`ufO PAIR C1=0,6,8,5,2,7,3,9 C2=0,3,8,2,6,5,9,7
ICdfN`ty_ NOPAIR
ICdfN`tf_ PAIR C1=0,6,9,3,8,2,5,1,7 C2=0,3,7,2,6,1,8,5,9
ICdfN`l{_ NOPAIR
ICdfN`ly_ NOPAIR
ICdfN`\{_ PAIR C1=0,6,1,5,2,9,3,8,7 C2=0,3,7,2,6,5,8,1,9
ICdfMp{}? PAIR C1=0,3,4,9,2,8,5,6,1,7 C2=0,6,2,5,1,8,4,7,3,9
ICdfMp{|? PAIR C1=0,4,3,8,5,6,2,9,1,7 C2=0,6,1,5,2,8,4,7,3,9
ICdfMp{v? NOPAIR
ICdfMp{^? PAIR C1=0,6,1,5,2,9,3,8,4,7 C2=0,3,7,1,8,2,6,5,9,4
ICdfMp{{_ PAIR C1=0,4,7,1,6,5,2,8,3,9 C2=0,6,2,9,1,5,8,4,3,7
ICdfMp{u_ NOPAIR
ICdfMp{]_ PAIR C1=0,4,7,3,8,2,9,1,5,6 C2=0,3,9,4,8,5,2,6,1,7
ICdfMp{t_ PAIR C1=0,4,3,7,1,8,5,6,9 C2=0,6,1,5,9,3,8,4,7
ICdfMp{l_ PAIR C1=0,4,3,7,1,8,5,6,9 C2=0,6,1,5,9,3,8,4,7
ICdfMp{f_ PAIR C1=0,4,3,7,1,8,5,6,9 C2=0,6,1,5,9,3,8,4,7
ICdfMp{V_ PAIR C1=0,3,8,4,9,6,5,1,7 C2=0,4,7,3,9,5,8,1,6
ICdfMp{N_ PAIR C1=0,3,8,4,9,6,5,1,7 C2=0,4,7,3,9,5,8,1,6
ICdfMp{{O PAIR C1=0,4,8,2,9,3,7,1,5,6 C2=0,7,4,3,8,5,2,6,1,9
ICdfMp{]O PAIR C1=0,4,8,2,9,3,7,1,5,6 C2=0,3,8,5,2,6,1,9,4,7
ICdfMp{xO PAIR C1=0,3,7,4,8,2,5,6,1,9 C2=0,4,3,8,5,1,7,9,2,6
ICdfMp{tO NOPAIR
ICdfMp{lO PAIR C1=0,3,7,4,8,1,5,6,2,9 C2=0,4,3,8,2,5,9,7,1,6
ICdfMp{fO PAIR C1=0,7,4,3,9 C2=0,3,7,9,4
ICdfMp{VO NOPAIR
ICdfMp{wo PAIR C1=0,3,8,5,2,6,1,9,7,4 C2=0,6,5,1,7,3,4,8,2,9
ICdfMp{so NOPAIR
ICdfMp{ko PAIR C1=0,3,9,6,1,5,2,8,4,7 C2=0,4,3,7,1,8,5,6,2,9
ICdfMp{[o PAIR C1=0,6,2,5,8,1,9,3,4,7 C2=0,3,7,1,5,6,9,2,8,4
ICdfMp{eo PAIR C1=0,7,4,3,9 C2=0,3,7,9,4
ICdfMp{Uo NOPAIR
ICdfMp{Mo PAIR C1=0,4,3,9,7,1,5,8,2,6 C2=0,3,8,1,6,5,2,9,4,7
ICdfMp{ho PAIR C1=0,4,7,3,8,5,2,9,6 C2=0,3,4,8,2,6,5,9,7
ICdfMp{do PAIR C1=0,6,5,1,8,4,3,7,9 C2=0,3,8,5,9,6,1,7,4
ICdfMp{Lo PAIR C1=0,3,4,8,5,6,2,9,7 C2=0,4,7,3,8,2,5,9,6
ICdfMp{Fo PAIR C1=0,6,5,1,8,3,4,9,7 C2=0,3,7,1,6,9,5,8,4
ICdfMpuv? PAIR C1=0,4,7,3,9,5,1,8,6 C2=0,7,1,6,5,8,3,4,9
ICdfMpun? PAIR C1=0,4,7,3,9,5,1,8,6 C2=0,7,1,6,5,8,3,4,9
ICdfMputO PAIR C1=0,3,9,7,1,5,8,6 C2=0,7,3,8,1,6,5,9
ICdfMpufO PAIR C1=0,3,9,7,1,5,8,6 C2=0,7,3,8,1,6,5,9
ICdfMp]{O NOPAIR
ICdfMp]]O NOPAIR
ICdfMp]NO PAIR C1=0,4,3,9,7,1,5,8,6 C2=0,3,8,1,6,5,9,4,7
ICdfMp\{_ NOPAIR
ICdfMo|t_ PAIR C1=0,4,8,3,7,1,5,6,9 C2=0,3,4,7,8,5,9,1,6
ICdfMo|l_ PAIR C1=0,4,3,7,8,2,9,5,6 C2=0,3,9,6,2,5,8,4,7
ICdfJrw}? NOPAIR
ICdfJrw|? PAIR C1=0,4,7,3,8,1,5,6,2,9 C2=0,6,1,7,2,5,9,3,4,8
ICdfJrw^? PAIR C1=0,6,2,5,1,7,4,9,3,8 C2=0,3,7,2,9,5,6,1,8,4
ICdfJrw{_ PAIR C1=0,3,9,2,6,1,7,4,8 C2=0,4,3,7,2,8,1,9,6
ICdfJrwu_ NOPAIR
ICdfJrw]_ PAIR C1=0,6,2,7,4,3,9,1,8 C2=0,3,7,1,6,9,2,8,4
ICdfJrwx_ PAIR C1=0,6,2,7,4,3,8,1,9 C2=0,3,7,1,6,9,2,8,4
ICdfJrwt_ PAIR C1=0,8,3,4,7,2,6,5,1,9 C2=0,3,7,1,6,9,5,2,8,4
ICdfJrw\_ PAIR C1=0,6,1,5,9,2,7,3,4,8 C2=0,3,9,6,5,2,8,1,7,4
ICdfJrwV_ PAIR C1=0,3,7,2,6,5,9,1,8,4 C2=0,6,9,3,4,7,1,5,2,8
ICdfJrw{O NOPAIR
ICdfJrw]O NOPAIR
ICdfJrwxO PAIR C1=0,4,8,3,7,9,1,5,2,6 C2=0,3,4,7,1,6,5,9,2,8
ICdfJrwtO PAIR C1=0,3,4,8,1,9,7,2,5,6 C2=0,4,7,3,9,5,1,6,2,8
ICdfJrwVO PAIR C1=0,3,4,8,1,9,7,2,5,6 C2=0,4,7,3,9,5,1,6,2,8
ICdfJrwwo PAIR C1=0,4,3,7,2,8,1,9,6 C2=0,3,8,4,7,1,6,2,9
ICdfJrwso NOPAIR
ICdfJrw[o PAIR C1=0,4,3,7,2,8,1,9,6 C2=0,3,9,2,6,1,7,4,8
ICdfJrwUo NOPAIR
ICdfJrwpo PAIR C1=0,4,3,7,1,8,2,5,9,6 C2=0,3,8,4,7,2,6,5,1,9
ICdfJrwXo PAIR C1=0,3,8,2,5,9,6,1,7,4 C2=0,6,5,1,9,2,7,3,4,8
ICdfJrwTo PAIR C1=0,4,3,7,1,8,2,5,9,6 C2=0,3,9,1,5,6,2,7,4,8
ICdfJrs|? NOPAIR
ICdfJrsz? PAIR C1=0,6,1,7,4,3,8,2,5,9 C2=0,3,7,2,6,5,8,1,9,4
ICdfJrs{_ NOPAIR
ICdfJrsy_ PAIR C1=0,4,7,3,8,1,5,2,9,6 C2=0,3,4,9,1,7,2,6,5,8
ICdfJrs]_ PAIR C1=0,4,7,3,8,1,5,2,9,6 C2=0,3,4,9,1,7,2,6,5,8
ICdfJrst_ NOPAIR
ICdfJrsr_ PAIR C1=0,4,9,1,7,3,8,2,5,6 C2=0,3,4,7,2,6,1,8,5,9
ICdfJrsf_ PAIR C1=0,4,7,3,9,5,1,6,2,8 C2=0,6,5,2,7,1,8,3,4,9
ICdfJrs{O PAIR C1=0,6,1,9,3,7,2,5,8 C2=0,3,8,2,6,5,1,7,9
ICdfJrsyO PAIR C1=0,4,7,3,8,5,2,6,1,9 C2=0,3,4,9,7,2,8,1,5,6
ICdfJrsuO PAIR C1=0,4,7,3,8,5,2,6,1,9 C2=0,3,4,9,7,2,8,1,5,6
ICdfJrs]O PAIR C1=0,4,7,3,8,5,1,9,2,6 C2=0,3,4,9,7,2,5,6,1,8
ICdfJrsxO NOPAIR
ICdfJrstO PAIR C1=0,3,9,7,2,6,1,5,8 C2=0,6,5,2,8,3,7,1,9
ICdfJrs\O NOPAIR
ICdfJrsZO PAIR C1=0,3,4,9,7,2,6,5,1,8 C2=0,4,7,3,8,5,2,9,1,6
ICdfJrsfO PAIR C1=0,4,3,9,7,2,8,1,5,6 C2=0,3,8,5,2,6,1,7,4,9
ICdfJrswo NOPAIR
ICdfJrsso PAIR C1=0,6,1,9,3,7,2,5,8 C2=0,3,8,2,6,5,1,7,9
ICdfJrs[o NOPAIR
ICdfJrsqo PAIR C1=0,3,8,5,2,6,1,9,7,4 C2=0,6,5,1,8,2,7,3,4,9
ICdfJrsYo PAIR C1=0,3,8,5,6,2,9,1,7,4 C2=0,6,9,4,3,7,2,5,1,8
ICdfJrsUo PAIR C1=0,4,3,7,2,5,8,1,9,6 C2=0,3,9,4,7,1,5,6,2,8
ICdfJrspo NOPAIR
ICdfJrsXo NOPAIR
ICdfJrsdo PAIR C1=0,6,1,7,3,9,5,2,8 C2=0,3,8,1,5,6,2,7,9
ICdfJrsbo PAIR C1=0,3,4,9,5,8,2,7,1,6 C2=0,4,7,3,8,1,5,2,6,9
ICdfJrsFo PAIR C1=0,6,5,9,4,3,7,2,8 C2=0,3,8,5,2,6,9,7,4
ICdfJr[|? PAIR C1=0,3,4,8,1,7,2,9,5,6 C2=0,4,7,3,8,5,2,6,1,9
ICdfJr[v? NOPAIR
ICdfJr[^? PAIR C1=0,6,1,7,3,4,9,2,5,8 C2=0,3,8,1,9,5,6,2,7,4
ICdfJr[{_ PAIR C1=0,3,4,7,1,8,5,2,9,6 C2=0,4,8,3,7,2,6,5,1,9
ICdfJr[]_ PAIR C1=0,3,4,7,1,8,5,2,9,6 C2=0,4,9,1,5,6,2,7,3,8
ICdfJr[t_ NOPAIR
ICdfJr[l_ PAIR C1=0,4,3,9,2,7,1,6,5,8 C2=0,3,7,4,8,1,5,2,6,9
ICdfJr[f_ NOPAIR
ICdfJr[V_ NOPAIR
ICdfJr[N_ PAIR C1=0,6,1,7,3,4,9,2,5,8 C2=0,3,8,1,5,9,6,2,7,4
ICdfJr[{O PAIR C1=0,6,5,1,8,4,3,7,2,9 C2=0,3,8,5,2,6,1,9,7,4
ICdfJr[]O PAIR C1=0,4,3,9,2,7,1,6,5,8 C2=0,3,8,4,7,9,1,5,2,6
ICdfJr[tO NOPAIR
ICdfJr[lO PAIR C1=0,6,5,1,7,2,9,3,4,8 C2=0,3,8,1,6,2,5,9,7,4
ICdfJr[fO NOPAIR
ICdfJr[VO NOPAIR
ICdfJr[wo PAIR C1=0,3,7,2,9,1,6,5,8,4 C2=0,6,2,5,1,8,3,4,7,9
ICdfJr[so NOPAIR
ICdfJr[ko PAIR C1=0,3,9,2,7,1,6,5,8,4 C2=0,6,2,5,1,8,3,4,7,9
ICdfJr[[o PAIR C1=0,3,9,2,7,1,6,5,8,4 C2=0,6,2,5,1,9,7,4,3,8
ICdfJr[eo NOPAIR
ICdfJr[Uo NOPAIR
ICdfJr[Mo PAIR C1=0,3,7,2,9,4,8,1,5,6 C2=0,4,3,9,7,1,6,2,5,8
ICdfJr[po PAIR C1=0,3,7,4,8,1,6,5,9 C2=0,4,3,8,5,1,7,9,6
ICdfJr[ho PAIR C1=0,3,7,4,8,1,6,5,9 C2=0,4,3,8,5,1,7,9,6
ICdfJr[do PAIR C1=0,3,7,4,8,1,6,5,9 C2=0,4,3,8,5,1,7,9,6
ICdfJr[To PAIR C1=0,4,7,3,9,5,6,1,8 C2=0,3,4,8,5,1,7,9,6
ICdfJr[Lo PAIR C1=0,4,7,3,9,5,6,1,8 C2=0,3,4,8,5,1,7,9,6
ICdfJr[Fo PAIR C1=0,4,7,3,9,5,6,1,8 C2=0,3,4,8,5,1,7,9,6
ICdfJp{|? PAIR C1=0,3,7,1,6,2,9,5,8,4 C2=0,6,5,1,8,2,7,4,3,9
ICdfJp{^? NOPAIR
ICdfJp{{_ PAIR C1=0,4,8,3,7,2,6,5,1,9 C2=0,3,4,7,1,8,5,2,9,6
ICdfJp{u_ PAIR C1=0,4,8,2,6,5,1,7,3,9 C2=0,3,4,7,2,5,8,1,9,6
ICdfJp{]_ PAIR C1=1,5,6,2,9,4,8,3,7 C2=1,6,9,3,4,7,2,5,8
ICdfJp{\_ NOPAIR
ICdfJp{f_ PAIR C1=1,5,2,8,4,7,3,9,6 C2=1,7,2,6,5,9,4,3,8
ICdfJp{V_ PAIR C1=1,5,2,8,4,7,3,9,6 C2=1,7,2,6,5,9,4,3,8
ICdfJp{{O PAIR C1=0,3,7,4,8,1,6,5,2,9 C2=0,4,3,9,7,1,5,8,2,6
ICdfJp{]O NOPAIR
ICdfJp{\O NOPAIR
ICdfJp{VO NOPAIR
ICdfJp{wo PAIR C1=0,4,3,7,1,8,2,9,6 C2=0,3,8,4,7,2,6,1,9
ICdfJp{so PAIR C1=0,3,9,6,5,1,8,2,7,4 C2=0,6,2,5,8,4,3,7,1,9
ICdfJp{[o NOPAIR
ICdfJp{eo PAIR C1=0,4,9,3,7,2,8,1,5,6 C2=0,3,4,8,5,2,6,1,7,9
ICdfJp{Uo PAIR C1=1,5,6,9,4,3,8,2,7 C2=1,6,2,5,8,4,7,3,9
ICdfJp{do PAIR C1=0,3,8,1,6,2,5,9,7,4 C2=0,6,5,1,7,2,8,4,3,9
ICdfJp{Fo PAIR C1=1,5,9,6,2,8,3,4,7 C2=1,6,5,2,7,3,9,4,8
ICdfJrqyO PAIR C1=0,6,1,8,2,7,3,4,9 C2=0,3,8,6,2,9,1,7,4
ICdfJrq]O PAIR C1=0,4,9,3,7,1,8,2,6 C2=0,3,4,7,2,9,1,6,8
ICdfJrY{O NOPAIR
ICdfJrYuO NOPAIR
ICdfJrY]O NOPAIR
ICdfJrYtO NOPAIR
ICdfJrYVO NOPAIR
ICdfJpy{O PAIR C1=0,4,8,1,6,2,7,3,9 C2=0,3,4,7,1,9,2,8,6
ICdfJpy]O NOPAIR
ICdfJpyVO PAIR C1=1,5,6,2,7,3,8,4,9 C2=1,6,8,2,5,9,3,4,7
ICdfJre{O NOPAIR
ICdfJrexO NOPAIR
ICdfJpu{O NOPAIR
ICdfJpu]O NOPAIR
ICdfJpufO PAIR C1=0,3,8,1,6,5,2,7,4,9 C2=0,4,3,9,7,1,5,8,2,6
ICdfJq]VO PAIR C1=0,4,9,5,6,1,7,3,8 C2=0,3,4,7,9,1,5,8,6
ICdfJp]]O PAIR C1=1,7,2,5,6,8,3,4,9 C2=1,5,8,4,7,3,9,2,6
ICdfJp]fO PAIR C1=0,3,7,1,8,6,5,9,4 C2=0,6,1,5,8,3,4,7,9
ICdfJp]VO NOPAIR
ICdfJp]NO PAIR C1=1,6,5,9,2,7,4,3,8 C2=1,5,2,6,8,4,9,3,7
ICdfJrp{_ NOPAIR
ICdfJrpt_ PAIR C1=0,3,7,1,9,5,6,2,8 C2=0,6,1,5,2,7,8,3,9
ICdfJrX{_ NOPAIR
ICdfJrXt_ NOPAIR
ICdfJrd{_ NOPAIR
ICdfJrdf_ PAIR C1=0,3,7,2,8,5,6,9,4 C2=0,6,2,5,9,3,4,7,8
ICdfJrT{_ PAIR C1=0,3,7,2,9,1,6,5,8 C2=0,6,2,5,1,7,8,3,9
ICdfJrTt_ NOPAIR
ICdfJrTl_ PAIR C1=0,6,1,8,3,7,2,5,9 C2=0,3,9,2,6,5,1,7,8
ICdfJrTf_ PAIR C1=0,4,3,7,8,1,5,9,6 C2=0,3,9,4,7,1,6,5,8
ICdfJptf_ PAIR C1=0,4,3,7,8,1,5,9,6 C2=0,3,8,5,6,1,7,4,9
ICdfJq\t_ PAIR C1=0,3,4,7,1,6,9,5,8 C2=0,4,8,7,3,9,1,5,6
ICdfJq\f_ NOPAIR
ICdfJjw}? PAIR C1=0,4,3,9,2,7,5,6,1,8 C2=0,6,2,5,1,7,3,8,4,9
ICdfJjw|? PAIR C1=0,3,9,5,7,2,6,1,8 C2=0,6,5,2,8,3,7,1,9
ICdfJjwz? PAIR C1=0,3,4,8,1,6,2,7,5,9 C2=0,4,9,1,7,3,8,2,5,6
ICdfJjwv? PAIR C1=0,3,4,8,1,6,2,7,5,9 C2=0,4,9,1,7,3,8,2,5,6
ICdfJjw{_ PAIR C1=0,3,9,6,2,7,5,1,8 C2=0,6,5,2,8,3,7,1,9
ICdfJjwy_ PAIR C1=0,3,4,8,1,5,7,2,6,9 C2=0,4,9,1,7,3,8,2,5,6
ICdfJjw]_ PAIR C1=0,3,4,8,1,5,7,2,9,6 C2=0,4,9,3,7,1,6,5,2,8
ICdfJjwx_ NOPAIR
ICdfJjwt_ PAIR C1=0,3,7,5,1,8,2,6,9 C2=0,6,5,2,7,1,9,3,8
ICdfJjw\_ NOPAIR
ICdfJjwZ_ PAIR C1=0,3,4,8,1,9,5,7,2,6 C2=0,4,9,2,5,6,1,7,3,8
ICdfJjwwo PAIR C1=1,6,2,5,7,9 C2=1,5,6,9,2,7
ICdfJjwso PAIR C1=0,3,9,1,8,2,7,5,6 C2=0,8,3,7,1,5,2,6,9
ICdfJjwqo PAIR C1=0,3,4,8,2,7,5,6,1,9 C2=0,4,9,6,2,5,1,7,3,8
ICdfJjwYo PAIR C1=0,3,4,8,1,9,2,7,5,6 C2=0,4,9,6,2,5,1,7,3,8
ICdfJjweo PAIR C1=0,8,1,6,2,5,7,3,4,9 C2=0,3,9,6,5,1,7,2,8,4
ICdfJjwXo PAIR C1=1,6,2,5,7,9 C2=1,5,6,9,2,7
ICdfJjwdo PAIR C1=0,3,8,2,6,1,7,5,9 C2=0,6,9,3,7,2,5,1,8
ICdfJjwbo PAIR C1=0,3,4,9,5,7,1,8,2,6 C2=0,4,8,3,7,2,5,1,6,9
ICdfJjseo PAIR C1=0,3,9,6,1,7,5,8 C2=0,6,5,1,8,3,7,9
ICdfJj[so PAIR C1=0,3,9,6,1,7,5,8 C2=0,6,5,1,8,3,7,9
ICdfJj[eo PAIR C1=0,3,9,6,1,7,5,8 C2=0,6,5,1,8,3,7,9
ICdfJjYtO PAIR C1=0,3,9,5,7,1,6,8 C2=0,6,5,1,8,3,7,9
ICdfJjYfO PAIR C1=0,3,9,5,7,1,6,8 C2=0,6,5,1,8,3,7,9
ICdfKx{u_ PAIR C1=0,3,7,5,6,9,1,8,4 C2=0,6,1,5,8,3,9,4,7
ICdfKx{so PAIR C1=0,3,8,1,9,6,5,7,4 C2=0,6,1,5,8,4,3,9,7
ICdfKx{eo PAIR C1=0,3,7,4,9 C2=0,4,3,9,7
ICdfIzw|? PAIR C1=0,6,2,8,4,3,7,5,1,9 C2=0,4,7,1,6,5,2,9,3,8
ICdfIzwv? NOPAIR
ICdfIzw^? PAIR C1=0,3,7,5,9,1,6,2,8,4 C2=0,6,5,2,9,3,4,7,1,8
ICdfIzw{_ PAIR C1=0,3,7,5,1,9,6,2,8,4 C2=0,6,5,2,9,3,4,7,1,8
ICdfIzw]_ PAIR C1=0,3,7,5,1,9,6,2,8,4 C2=0,6,5,2,9,3,4,7,1,8
ICdfIzwt_ PAIR C1=0,4,8,3,7,5,1,6,9 C2=0,6,5,9,3,4,7,1,8
ICdfIzwf_ PAIR C1=0,4,8,3,7,5,1,6,9 C2=0,6,5,9,3,4,7,1,8
ICdfIzwV_ PAIR C1=0,3,7,5,1,6,9,4,8 C2=0,4,7,1,8,3,9,5,6
ICdfIzwN_ PAIR C1=0,3,7,5,1,6,9,4,8 C2=0,4,7,1,8,3,9,5,6
ICdfIzw{O PAIR C1=0,8,4,3,7,5,1,6,2,9 C2=0,4,7,1,9,3,8,2,5,6
ICdfIzwxO PAIR C1=0,6,1,8,4,3,7,5,2,9 C2=0,3,8,2,6,5,1,9,7,4
ICdfIzwtO NOPAIR
ICdfIzwlO PAIR C1=0,3,9,2,6,5,7,1,8,4 C2=0,6,1,5,2,8,3,4,7,9
ICdfIzwfO NOPAIR
ICdfIzwVO NOPAIR
ICdfIzwwo PAIR C1=0,3,8,4,7,5,1,6,2,9 C2=0,4,3,7,1,9,6,5,2,8
ICdfIzwso NOPAIR
ICdfIzwko PAIR C1=0,3,8,1,5,7,9,2,6 C2=0,8,2,5,6,1,7,3,9
ICdfIzw[o PAIR C1=0,3,4,8,1,5,7,9,2,6 C2=0,4,7,3,9,1,6,5,2,8
ICdfIzwUo NOPAIR
ICdfIzwMo PAIR C1=1,6,9,4,3,8,2,5,7 C2=1,5,6,2,9,3,7,4,8
ICdfIzwpo PAIR C1=0,4,8,3,7,5,1,9,6 C2=0,3,4,7,9,5,6,1,8
ICdfIzwho PAIR C1=0,3,4,8,1,7,5,2,9,6 C2=0,4,7,3,8,2,6,1,5,9
ICdfIzwdo PAIR C1=0,6,1,7,5,9,3,4,8 C2=0,3,8,1,5,6,9,7,4
ICdfIzwLo PAIR C1=0,6,1,7,5,9,3,4,8 C2=0,3,8,1,5,6,9,7,4
ICdfIzwFo PAIR C1=0,6,1,7,5,9,3,4,8 C2=0,3,8,1,5,6,9,7,4
ICdfIy{so PAIR C1=0,4,3,9,6,1,7,5,8 C2=0,3,8,4,7,9,1,5,6
ICdfIy{ko PAIR C1=0,3,9,6,2,8,5,7,4 C2=0,6,5,2,9,7,3,4,8
ICdfIzqtO PAIR C1=0,6,5,1,8,3,7,9 C2=0,3,9,5,7,1,6,8
ICdfIzYNO PAIR C1=0,4,7,9,3,8,1,5,6 C2=0,3,4,9,5,7,1,6,8
ICden`lv? PAIR C1=0,7,8,5,1,6,3,4,9 C2=0,4,8,1,7,3,9,5,6
ICden`lt_ NOPAIR
ICden`ll_ NOPAIR
ICdenP{}? PAIR C1=0,3,6,1,7,2,5,8,4,9 C2=0,6,5,1,8,2,9,3,4,7
ICdenP{|? PAIR C1=0,3,9,1,7,4,8,2,5,6 C2=0,4,3,6,1,8,5,9,2,7
ICdenP{z? PAIR C1=0,6,5,2,8,3,4,9,1,7 C2=0,3,6,1,8,5,9,2,7,4
ICdenP{v? PAIR C1=0,3,6,5,9,1,8,4 C2=0,6,1,5,8,3,4,9
ICdenP{^? PAIR C1=0,4,7,2,9,1,5,8,3,6 C2=0,3,9,4,8,2,5,6,1,7
ICdenP{{_ PAIR C1=0,6,3,8,4,7,2,5,1,9 C2=0,4,3,9,2,8,5,6,1,7
ICdenP{y_ PAIR C1=0,6,3,8,4,7,2,5,1,9 C2=0,3,4,9,2,8,5,6,1,7
ICdenP{u_ NOPAIR
ICdenP{]_ PAIR C1=0,6,1,5,8,2,9,3,4,7 C2=0,3,8,1,7,2,5,6,9,4
ICdenP{t_ NOPAIR
ICdenP{l_ PAIR C1=0,3,8,4,7,1,5,2,9,6 C2=0,4,3,9,5,6,1,8,2,7
ICdenP{r_ PAIR C1=0,3,6,1,5,8,4,9 C2=0,4,3,8,1,9,5,6
ICdenP{j_ PAIR C1=0,3,6,1,8,4,7,2,5,9 C2=0,4,3,8,2,9,6,5,1,7
ICdenP{V_ NOPAIR
ICdenP{N_ PAIR C1=0,3,9,4,7,2,5,8,1,6 C2=0,4,3,8,2,9,6,5,1,7
ICdenP{{O PAIR C1=0,6,3,8,1,5,2,7,9 C2=0,3,9,2,8,5,6,1,7
ICdenP{tO PAIR C1=0,4,8,3,6,5,1,7,9 C2=0,6,1,8,5,9,3,4,7
ICdenP{lO PAIR C1=0,4,8,3,6,5,1,7,9 C2=0,6,1,8,5,9,3,4,7
ICdenP{rO PAIR C1=0,3,6,1,5,8,4,9 C2=0,4,3,8,1,9,5,6
ICdenP{VO PAIR C1=0,3,6,1,5,8,4,9,7 C2=0,4,7,1,8,3,9,5,6
ICdenP{wo PAIR C1=0,3,4,8,2,5,6,1,7,9 C2=0,4,7,2,9,1,5,8,3,6
ICdenP{so NOPAIR
ICdenP{ko PAIR C1=0,3,6,1,5,8,2,7,9 C2=0,6,5,2,9,3,8,1,7
ICdenP{[o PAIR C1=0,6,5,1,9,3,4,8,2,7 C2=0,3,8,5,2,9,6,1,7,4
ICdenP{qo NOPAIR
ICdenP{io PAIR C1=0,3,4,9,7,2,8,5,1,6 C2=0,4,7,1,8,3,6,5,2,9
ICdenP{Yo PAIR C1=0,3,6,1,5,8,2,7,9,4 C2=0,6,5,2,9,1,8,3,4,7
ICdenP{Uo NOPAIR
ICdenP{Mo PAIR C1=0,3,4,9,2,8,5,6,1,7 C2=0,4,7,2,5,1,8,3,9,6
ICdenP{ho PAIR C1=0,3,4,8,2,9,5,6,1,7 C2=0,4,7,2,5,1,8,3,6,9
ICdenP{do PAIR C1=0,3,9,7,1,6,5,8,4 C2=0,6,9,5,1,8,3,4,7
ICdenP{To PAIR C1=0,3,9,7,1,6,5,8,4 C2=0,6,9,5,1,8,3,4,7
ICdenP{Lo PAIR C1=0,3,9,7,1,6,5,8,4 C2=0,6,9,5,1,8,3,4,7
ICdenP{bo PAIR C1=0,3,4,8,5,6,1,7,9 C2=0,6,3,8,1,5,9,4,7
ICdenP{Ro PAIR C1=0,3,4,8,5,6,9,1,7 C2=0,4,7,9,5,1,8,3,6
ICdenP{Jo PAIR C1=0,3,4,8,5,6,9,2,7 C2=0,4,7,9,5,2,8,3,6
ICdenP{Fo PAIR C1=0,6,9,3,4,8,5,1,7 C2=0,3,8,1,6,5,9,7,4
ICdenPmz? PAIR C1=0,7,2,5,1,6,8,4,9 C2=0,4,7,1,8,2,9,5,6
ICdenPmyO PAIR C1=0,4,8,6,5,2,7,1,9 C2=0,6,1,5,8,2,9,4,7
ICdenPmrO PAIR C1=0,4,8,6,1,5,9,7 C2=0,6,5,8,1,7,4,9
ICdenPmfO PAIR C1=0,4,8,6,1,5,9,7 C2=0,6,5,8,1,7,4,9
ICdenP]z? PAIR C1=0,4,8,3,6,1,5,9 C2=0,3,4,9,1,8,5,6
ICdenP]jO PAIR C1=0,6,5,1,8,4,9,7 C2=0,4,7,1,6,8,5,9
ICdenO}z? PAIR C1=0,6,5,1,7,4,8,2,9 C2=0,4,9,1,6,8,5,2,7
ICdenO}rO PAIR C1=0,4,8,3,6,5,1,9,7 C2=0,3,4,7,1,6,8,5,9
ICdenP\N_ PAIR C1=0,4,3,9,6,5,1,8,7 C2=0,3,8,5,9,4,7,1,6
ICdelpmz? PAIR C1=0,6,5,1,8,2,7,3,4,9 C2=0,3,6,1,9,2,5,8,4,7
ICdelpmtO PAIR C1=0,4,7,3,9,5,1,8,6 C2=0,3,4,8,5,6,1,9,7
ICdelpmlO PAIR C1=0,3,4,7,9,5,2,8,6 C2=0,4,8,5,6,3,9,2,7
ICdelpmrO PAIR C1=0,4,7,3,6,8,1,5,9 C2=0,3,4,8,5,6,1,9,7
ICdelpmjO PAIR C1=0,6,8,2,5,9,4,3,7 C2=0,3,6,5,8,4,7,2,9
ICdelpl|? PAIR C1=0,4,7,8,1,5,9,3,6 C2=0,7,3,4,8,5,6,1,9
ICdelplt_ PAIR C1=0,4,7,8,1,5,9,3,6 C2=0,7,3,4,8,5,6,1,9
ICdelplr_ PAIR C1=0,6,3,7,4,8,1,5,9 C2=0,3,4,9,1,6,5,8,7
ICdelplj_ PAIR C1=0,6,3,4,7,8,2,5,9 C2=0,3,7,2,9,6,5,8,4
IEhfcxk}? PAIR C1=0,4,2,8,1,5,7,3,9 C2=0,3,1,9,2,5,8,4,7
IEhfcxk|? PAIR C1=0,4,2,8,1,5,7,3,9 C2=0,3,1,9,2,5,8,4,7
IEhfcxkz? PAIR C1=0,4,9,5,7,3,1,8,2,6 C2=0,3,6,1,9,2,5,8,4,7
IEhfcxk{_ PAIR C1=0,3,1,5,7,4,8,2,6 C2=0,4,2,5,8,1,6,3,7
IEhfcxky_ PAIR C1=0,3,1,5,7,4,8,2,6 C2=0,4,2,5,8,1,6,3,7
IEhfcxku_ PAIR C1=0,3,1,5,7,4,8,2,6 C2=0,4,2,5,8,1,6,3,7
IEhfcxkm_ PAIR C1=0,3,1,5,7,4,8,2,6 C2=0,4,2,5,8,1,6,3,7
IEhfcxk]_ PAIR C1=0,3,1,5,7,4,8,2,6 C2=0,4,2,5,8,1,6,3,7
IEhfcxkx_ PAIR C1=0,3,1,5,7,4,8,2,6 C2=0,4,2,5,8,1,6,3,7
IEhfcxkt_ PAIR C1=0,3,1,5,7,4,8,2,6 C2=0,4,2,5,8,1,6,3,7
IEhfcxkl_ PAIR C1=0,3,1,5,7,4,8,2,6 C2=0,4,2,5,8,1,6,3,7
IEhfcxk\_ PAIR C1=0,3,1,5,7,4,8,2,6 C2=0,4,2,5,8,1,6,3,7
IEhfcxkr_ PAIR C1=0,3,1,5,7,4,8,2,6 C2=0,4,2,5,8,1,6,3,7
IEhfcxkj_ PAIR C1=0,3,1,5,7,4,8,2,6 C2=0,4,2,5,8,1,6,3,7
IEhfcxkZ_ PAIR C1=0,3,1,5,7,4,8,2,6 C2=0,4,2,5,8,1,6,3,7
IEhfcxkf_ PAIR C1=0,3,1,5,7,4,8,2,6 C2=0,4,2,5,8,1,6,3,7
IEhfcxkV_ PAIR C1=0,3,1,5,7,4,8,2,6 C2=0,4,2,5,8,1,6,3,7
IEhfcxkN_ PAIR C1=0,3,1,5,7,4,8,2,6 C2=0,4,2,5,8,1,6,3,7
IEhfcxkwo PAIR C1=0,3,1,5,7,4,8,2,6 C2=0,4,2,5,8,1,6,3,7
IEhfcxkso PAIR C1=0,3,1,5,7,4,8,2,6 C2=0,4,2,5,8,1,6,3,7
IEhfcxkko PAIR C1=0,3,1,5,7,4,8,2,6 C2=0,4,2,5,8,1,6,3,7
IEhfcxk[o PAIR C1=0,3,1,5,7,4,8,2,6 C2=0,4,2,5,8,1,6,3,7
IEhfcxkqo PAIR C1=0,3,1,5,7,4,8,2,6 C2=0,4,2,5,8,1,6,3,7
IEhfcxkio PAIR C1=0,3,1,5,7,4,8,2,6 C2=0,4,2,5,8,1,6,3,7
IEhfcxkYo PAIR C1=0,3,1,5,7,4,8,2,6 C2=0,4,2,5,8,1,6,3,7
IEhfcxkMo PAIR C1=0,3,1,5,7,4,8,2,6 C2=0,4,2,5,8,1,6,3,7
IEhfcxkho PAIR C1=0,3,1,5,7,4,8,2,6 C2=0,4,2,5,8,1,6,3,7
IEhfcxkXo PAIR C1=0,3,1,5,7,4,8,2,6 C2=0,4,2,5,8,1,6,3,7
IEhfcxk{G PAIR C1=0,3,1,5,7,4,8,2,6 C2=0,4,2,5,8,1,6,3,7
IEhfcxkyG PAIR C1=0,3,1,5,7,4,8,2,6 C2=0,4,2,5,8,1,6,3,7
IEhfcxkuG PAIR C1=0,3,1,5,7,4,8,2,6 C2=0,4,2,5,8,1,6,3,7
IEhfcxkmG PAIR C1=0,3,1,5,7,4,8,2,6 C2=0,4,2,5,8,1,6,3,7
IEhfcxk]G PAIR C1=0,3,1,5,7,4,8,2,6 C2=0,4,2,5,8,1,6,3,7
IEhfcxkxG PAIR C1=0,3,1,5,7,4,8,2,6 C2=0,4,2,5,8,1,6,3,7
IEhfcxklG PAIR C1=0,3,1,5,7,4,8,2,6 C2=0,4,2,5,8,1,6,3,7
IEhfcxk\G PAIR C1=0,3,1,5,7,4,8,2,6 C2=0,4,2,5,8,1,6,3,7
IEhfcxkZG PAIR C1=0,3,1,5,7,4,8,2,6 C2=0,4,2,5,8,1,6,3,7
IEhfcxkwg PAIR C1=0,3,1,5,7,4,8,2,6 C2=0,4,2,5,8,1,6,3,7
IEhfcxksg PAIR C1=0,3,1,5,7,4,8,2,6 C2=0,4,2,5,8,1,6,3,7
IEhfcxkkg PAIR C1=0,3,1,5,7,4,8,2,6 C2=0,4,2,5,8,1,6,3,7
IEhfcxk[g PAIR C1=0,3,1,5,7,4,8,2,6 C2=0,4,2,5,8,1,6,3,7
IEhfcxkqg PAIR C1=0,3,1,5,7,4,8,2,6 C2=0,4,2,5,8,1,6,3,7
IEhfcxkig PAIR C1=0,3,1,5,7,4,8,2,6 C2=0,4,2,5,8,1,6,3,7
IEhfcxkYg PAIR C1=0,3,1,5,7,4,8,2,6 C2=0,4,2,5,8,1,6,3,7
IEhfcxkeg PAIR C1=0,3,1,5,7,4,8,2,6 C2=0,4,2,5,8,1,6,3,7
IEhfcxkUg PAIR C1=0,3,1,5,7,4,8,2,6 C2=0,4,2,5,8,1,6,3,7
IEhfcxkMg PAIR C1=0,3,1,5,7,4,8,2,6 C2=0,4,2,5,8,1,6,3,7
IEhfcxkpg PAIR C1=0,3,1,5,7,4,8,2,6 C2=0,4,2,5,8,1,6,3,7
IEhfcxkhg PAIR C1=0,3,1,5,7,4,8,2,6 C2=0,4,2,5,8,1,6,3,7
IEhfcxkXg PAIR C1=0,3,1,5,7,4,8,2,6 C2=0,4,2,5,8,1,6,3,7
IEhfcxkdg PAIR C1=0,3,1,5,7,4,8,2,6 C2=0,4,2,5,8,1,6,3,7
IEhfcxkTg PAIR C1=0,3,1,5,7,4,8,2,6 C2=0,4,2,5,8,1,6,3,7
IEhfcxkLg PAIR C1=0,3,1,5,7,4,8,2,6 C2=0,4,2,5,8,1,6,3,7
IEhfcxkbg PAIR C1=0,3,1,5,7,4,8,2,6 C2=0,4,2,5,8,1,6,3,7
IEhfcxkRg PAIR C1=0,3,1,5,7,4,8,2,6 C2=0,4,2,5,8,1,6,3,7
IEhfcxkJg PAIR C1=0,3,1,5,7,4,8,2,6 C2=0,4,2,5,8,1,6,3,7
IEhfcxkFg PAIR C1=0,3,1,5,7,4,8,2,6 C2=0,4,2,5,8,1,6,3,7
IEhfcxkow PAIR C1=0,3,1,5,7,4,8,2,6 C2=0,4,2,5,8,1,6,3,7
IEhfcxkgw PAIR C1=0,3,1,5,7,4,8,2,6 C2=0,4,2,5,8,1,6,3,7
IEhfcxkWw PAIR C1=0,3,1,5,7,4,8,2,6 C2=0,4,2,5,8,1,6,3,7
IEhfcxkcw PAIR C1=0,3,1,5,7,4,8,2,6 C2=0,4,2,5,8,1,6,3,7
IEhfcxkSw PAIR C1=0,3,1,5,7,4,8,2,6 C2=0,4,2,5,8,1,6,3,7
IEhfcxkKw PAIR C1=0,3,1,5,7,4,8,2,6 C2=0,4,2,5,8,1,6,3,7
IEhfcxkQw PAIR C1=0,3,1,5,7,4,8,2,6 C2=0,4,2,5,8,1,6,3,7
IEhfcxkIw PAIR C1=0,3,1,5,7,4,8,2,6 C2=0,4,2,5,8,1,6,3,7
IEhfcxkHw PAIR C1=0,3,1,5,7,4,8,2,6 C2=0,4,2,5,8,1,6,3,7
IEhethk}? PAIR C1=0,3,1,5,7,2,8,4,9 C2=0,4,2,5,8,1,9,3,7
IEhethk|? PAIR C1=0,4,8,2,7,5,9,3,1,6 C2=0,7,3,6,4,2,5,8,1,9
IEhethk{_ PAIR C1=0,3,6,1,5,7,2,8,4 C2=0,6,4,2,5,8,1,3,7
IEhethky_ PAIR C1=0,3,6,1,5,7,2,8,4 C2=0,6,4,2,5,8,1,3,7
IEhethku_ PAIR C1=0,3,6,1,5,7,2,8,4 C2=0,6,4,2,5,8,1,3,7
IEhethkm_ PAIR C1=0,3,6,1,5,7,2,8,4 C2=0,6,4,2,5,8,1,3,7
IEhethk]_ PAIR C1=0,3,6,1,5,7,2,8,4 C2=0,6,4,2,5,8,1,3,7
IEhethkx_ PAIR C1=0,3,6,1,5,7,2,8,4 C2=0,6,4,2,5,8,1,3,7
IEhethkl_ PAIR C1=0,3,6,1,5,7,2,8,4 C2=0,6,4,2,5,8,1,3,7
IEhethk\_ PAIR C1=0,3,6,1,5,7,2,8,4 C2=0,6,4,2,5,8,1,3,7
IEhethkZ_ PAIR C1=0,3,6,1,5,7,2,8,4 C2=0,6,4,2,5,8,1,3,7
IEhethkyO PAIR C1=0,3,6,1,5,7,2,8,4 C2=0,6,4,2,5,8,1,3,7
IEhethkuO PAIR C1=0,3,6,1,5,7,2,8,4 C2=0,6,4,2,5,8,1,3,7
IEhethkmO PAIR C1=0,3,6,1,5,7,2,8,4 C2=0,6,4,2,5,8,1,3,7
IEhethk]O PAIR C1=0,3,6,1,5,7,2,8,4 C2=0,6,4,2,5,8,1,3,7
IEhethklO PAIR C1=0,3,6,1,5,7,2,8,4 C2=0,6,4,2,5,8,1,3,7
IEherik}? PAIR C1=0,4,8,2,5,1,7,3,6 C2=0,3,1,6,4,2,7,5,8
IEherik{_ PAIR C1=0,4,8,2,5,1,7,3,6 C2=0,3,1,6,4,2,7,5,8
IEheriky_ PAIR C1=0,4,8,2,5,1,7,3,6 C2=0,3,1,6,4,2,7,5,8
IEheriku_ PAIR C1=0,4,8,2,5,1,7,3,6 C2=0,3,1,6,4,2,7,5,8
IEherikm_ PAIR C1=0,4,8,2,5,1,7,3,6 C2=0,3,1,6,4,2,7,5,8
IEherik]_ PAIR C1=0,4,8,2,5,1,7,3,6 C2=0,3,1,6,4,2,7,5,8
IEherikx_ PAIR C1=0,4,8,2,5,1,7,3,6 C2=0,3,1,6,4,2,7,5,8
IEherikl_ PAIR C1=0,4,8,2,5,1,7,3,6 C2=0,3,1,6,4,2,7,5,8
IEherik\_ PAIR C1=0,4,8,2,5,1,7,3,6 C2=0,3,1,6,4,2,7,5,8
IEherikZ_ PAIR C1=0,4,8,2,5,1,7,3,6 C2=0,3,1,6,4,2,7,5,8
IEhbtjK}? PAIR C1=0,4,8,1,5,2,6,3,7 C2=0,3,1,6,4,2,7,5,8
IEhbtjK{_ PAIR C1=0,4,8,1,5,2,6,3,7 C2=0,3,1,6,4,2,7,5,8
IEhbtjKu_ PAIR C1=0,4,8,1,5,2,6,3,7 C2=0,3,1,6,4,2,7,5,8
IEhbtjK]_ PAIR C1=0,4,8,1,5,2,6,3,7 C2=0,3,1,6,4,2,7,5,8
IEhbtjKx_ PAIR C1=0,4,8,1,5,2,6,3,7 C2=0,3,1,6,4,2,7,5,8
IQhTV`]}? PAIR C1=0,6,2,9,4,8,1,3,7 C2=0,2,7,1,9,3,8,6,4
IQhTV`]|? PAIR C1=0,4,8,1,7,3,9,2,6 C2=0,7,2,4,6,8,3,1,9
IQhTV`]z? PAIR C1=0,6,2,7,3,1,5,8,4,9 C2=0,2,4,6,8,3,5,9,1,7
IQhTV`]v? PAIR C1=0,6,2,7,3,1,5,8,4,9 C2=0,2,4,6,8,3,5,9,1,7
IQhTV`]y_ PAIR C1=0,4,9,2,6 C2=0,2,4,6,9
IQhTV`]u_ PAIR C1=0,6,2,7,3,1,8,4,9 C2=0,2,4,6,8,3,9,1,7
IQhTV`]V_ PAIR C1=0,6,2,4,8,1,9,3,7 C2=0,2,7,1,3,8,6,9,4
IQhTV`]{O PAIR C1=0,6,2,4,8,1,9,3,7 C2=0,4,6,8,3,1,7,2,9
IQhTV`]yO NOPAIR
IQhTV`]uO PAIR C1=0,6,2,4,8,1,9,3,7 C2=0,2,7,1,3,8,6,4,9
IQhTV`]xO PAIR C1=0,4,8,5,3,7,1,9,2,6 C2=0,7,2,4,6,8,3,1,5,9
IQhTV`]rO PAIR C1=0,6,2,4,8,5,3,7,1,9 C2=0,2,7,9,5,1,3,8,6,4
IQhTV`]jO PAIR C1=0,2,9,4,8,1,5,3,7 C2=0,4,2,7,1,3,8,5,9
IQhTV`]VO PAIR C1=0,4,9,1,8,5,3,7,2,6 C2=0,2,4,6,8,3,9,5,1,7
IQhTV`]qo NOPAIR
IQhTV`]Uo PAIR C1=0,4,2,7,3,8,1,9,6 C2=0,2,6,8,4,9,3,1,7
IQhTV`]bo PAIR C1=0,4,2,7,3,8,1,5,9,6 C2=0,2,6,4,8,5,3,1,7,9
IQhTV`]Ro PAIR C1=0,4,2,7,3,8,1,5,9,6 C2=0,2,6,4,8,5,3,1,9,7
IQhTV`Zz? NOPAIR
IQhTV`N}? NOPAIR
IQhTV`Nz? NOPAIR
IQhTUjw]O NOPAIR
IQhTUjwZO PAIR C1=0,7,3,5,1,9,2,4,8 C2=0,2,8,3,1,7,5,9,4
IQhTUjs]O NOPAIR
IQhTUh{}? PAIR C1=0,7,5,3,1,8,2,4,9 C2=0,2,9,3,7,1,5,8,4
IQhTUh{|? NOPAIR
IQhTUh{^? NOPAIR
IQhTUh{{_ PAIR C1=0,4,2,8,1,7,5,3,9,6 C2=0,7,3,1,5,8,4,6,2,9
IQhTUh{y_ PAIR C1=0,4,2,8,3,5,7,1,9,6 C2=0,7,3,1,5,8,4,6,2,9
IQhTUh{]_ PAIR C1=0,2,9,1,7,3,5,8,4,6 C2=0,4,9,6,2,8,3,1,5,7
IQhTUh{t_ PAIR C1=0,2,4,8,1,3,7,5,9,6 C2=0,4,6,2,8,5,3,9,1,7
IQhTUh{\_ PAIR C1=0,2,4,8,1,3,7,5,9,6 C2=0,4,6,2,8,5,3,9,1,7
IQhTUh{{O NOPAIR
IQhTUh{yO PAIR C1=0,7,1,3,5,8,2,4,9 C2=0,2,9,1,5,7,3,8,4
IQhTUh{]O NOPAIR
IQhTUh{tO PAIR C1=1,3,9,7,5 C2=1,7,3,5,9
IQhTUh{wo PAIR C1=0,2,8,5,3,1,7,9,6,4 C2=0,6,2,4,8,3,7,5,1,9
IQhTUh{so PAIR C1=0,2,8,5,3,1,7,9,6,4 C2=0,6,2,4,8,3,7,5,1,9
IQhTUh{[o PAIR C1=0,2,8,5,7,1,3,9,6,4 C2=0,6,2,4,8,3,5,1,9,7
IQhTUh{io PAIR C1=0,2,9,6,4 C2=0,6,2,4,9
IQhTUh{Yo PAIR C1=0,4,6,2,9,1,3,8,5,7 C2=0,2,4,8,1,5,3,7,9,6
IQhTUji]O PAIR C1=0,4,6,2,8 C2=0,2,4,8,6
IQhTUji\O PAIR C1=0,4,6,2,8 C2=0,2,4,8,6
IQhTUjiYo PAIR C1=0,4,6,2,8 C2=0,2,4,8,6
IQhVTh[}? PAIR C1=0,4,8,3,1,5,7,2,9 C2=0,2,4,9,1,8,5,3,7
IQhVTh[|? PAIR C1=0,4,2,9,5,7,3,8,1,6 C2=0,7,2,6,4,8,5,3,1,9
IQhVTh[{_ PAIR C1=0,6,4,8,3,1,5,7,2,9 C2=0,4,2,6,9,1,8,5,3,7
IQhVTh[y_ PAIR C1=0,6,4,8,3,1,5,7,2,9 C2=0,4,2,6,9,1,8,5,3,7
IQhVTh[u_ PAIR C1=0,6,2,7,5,1,3,8,4,9 C2=0,2,4,6,9,1,8,5,3,7
IQhVTh[m_ PAIR C1=0,6,2,4,9 C2=0,2,9,6,4
IQhVTh[f_ PAIR C1=0,2,7,5,1,3,8,4,6 C2=0,4,2,6,1,8,5,3,7
IQhVTh[V_ PAIR C1=0,2,7,5,1,3,8,4,6 C2=0,4,2,6,1,8,5,3,7
IQhVTh[{O PAIR C1=0,2,7,5,1,3,8,4,6 C2=0,4,2,6,1,8,5,3,7
IQhVTh[yO PAIR C1=0,2,7,5,1,3,8,4,6 C2=0,4,2,6,1,8,5,3,7
IQhVTh[uO PAIR C1=0,2,7,5,1,3,8,4,6 C2=0,4,2,6,1,8,5,3,7
IQhVTh[mO PAIR C1=0,2,7,5,1,3,8,4,6 C2=0,4,2,6,1,8,5,3,7
IQhVTh[lO PAIR C1=0,2,7,5,1,3,8,4,6 C2=0,4,2,6,1,8,5,3,7
IQhVTh[wo PAIR C1=0,2,7,5,1,3,8,4,6 C2=0,4,2,6,1,8,5,3,7
IQhVTh[so PAIR C1=0,2,7,5,1,3,8,4,6 C2=0,4,2,6,1,8,5,3,7
IQhVTh[qo PAIR C1=0,2,7,5,1,3,8,4,6 C2=0,4,2,6,1,8,5,3,7
IQhVTh[io PAIR C1=0,2,7,5,1,3,8,4,6 C2=0,4,2,6,1,8,5,3,7
IQhVTh[eo PAIR C1=0,2,7,5,1,3,8,4,6 C2=0,4,2,6,1,8,5,3,7
IQhVTh[Uo PAIR C1=0,2,7,5,1,3,8,4,6 C2=0,4,2,6,1,8,5,3,7
IQhVTh[Fo PAIR C1=0,2,7,5,1,3,8,4,6 C2=0,4,2,6,1,8,5,3,7
IQhVTh[qg PAIR C1=0,2,7,5,1,3,8,4,6 C2=0,4,2,6,1,8,5,3,7
IQhVTh[Qw PAIR C1=0,2,7,5,1,3,8,4,6 C2=0,4,2,6,1,8,5,3,7
