J?BDzzw}Fo? PAIR C1=1,8,2,9,4,7,3,10 C2=1,7,2,10,4,8,3,9
J?Betx{}Fo? PAIR C1=0,6,3,7,5,2,8,4,9,1,10 C2=0,7,2,10,4,6,1,5,8,3,9
J?Bett{}Fo? PAIR C1=0,6,4,9,2,8,1,10,3,7 C2=0,9,1,6,3,8,4,7,2,10
J?Bczzw}Fo? PAIR C1=1,9,2,8,4,7,3,10 C2=1,7,2,10,4,9,3,8
J?BvUq{]fo? PAIR C1=0,5,1,10,4,7,3,9,2,8 C2=0,7,1,9,4,8,3,5,2,10
J?bFdx{^Fo? PAIR C1=0,7,2,6,3,9,5,1,10 C2=0,5,7,3,10,2,9,1,6
J?bFbx{}@{? PAIR C1=1,6,2,8,3,10,5,7,4,9 C2=1,5,8,4,10,6,3,9,2,7
J?bFdt{^Bw? PAIR C1=1,5,10,3,8,2,6,7,4,9 C2=1,6,3,7,2,9,5,8,4,10
J?bFbu{^Bw? PAIR C1=1,5,10,3,8,2,6,7,4,9 C2=1,6,3,7,2,9,5,8,4,10
J?bDrx{|Fo? PAIR C1=0,6,2,10,3,7,4,8,5,1,9 C2=0,5,9,2,7,1,8,3,6,4,10
J?bDrx{|Bs? PAIR C1=0,4,8,5,7,3,6,2,9 C2=0,5,9,3,8,2,7,4,6
J?bDrvs^Fo? PAIR C1=0,5,8,1,9,4,7,3,10,2,6 C2=0,8,2,7,1,5,9,3,6,4,10
J?bBvrsnBw? PAIR C1=0,5,8,1,6,2,9,4,10,3,7 C2=0,8,3,6,4,7,2,10,1,5,9
J?bDnrw^Bw? PAIR C1=0,5,6,2,10,4,9,1,8,3,7 C2=0,6,3,10,1,5,9,2,7,4,8
J?bDnrw^Bs? PAIR C1=0,5,6,2,10,4,9,1,8,3,7 C2=0,6,3,10,1,5,9,2,7,4,8
J?`fey{}Bs? PAIR C1=0,6,2,8,5,1,9,4,10,3,7 C2=0,8,4,7,5,2,10,1,6,3,9
J?`fey{^Fo? PAIR C1=0,6,2,8,5,1,9,4,10,3,7 C2=0,8,4,7,5,2,9,3,6,1,10
J?`evi{^Fo? PAIR C1=0,6,3,10,4,9,1,5,8,2,7 C2=0,8,4,6,1,7,3,9,5,2,10
J?`etzw|Bs? PAIR C1=0,6,4,10,3,8,2,9,1,5,7 C2=0,8,4,7,3,6,1,10,2,5,9
J?`etvs^Fo? PAIR C1=0,4,10,3,8,2,9,1,6,7 C2=0,6,3,9,4,7,2,10,1,8
J?`enrwnBw? PAIR C1=0,4,10,3,8,2,9,5,6,1,7 C2=0,6,3,9,4,7,2,10,5,1,8
J?`enrwnBs? PAIR C1=0,4,10,3,8,2,9,5,6,1,7 C2=0,6,10,1,5,2,7,3,9,4,8
J?`bmy{}Fo? PAIR C1=0,4,10,3,8,2,9,1,6,5,7 C2=0,8,5,1,10,2,6,3,7,4,9
J?`bmu{}Fo? PAIR C1=0,7,4,10,3,9,1,6,5,2,8 C2=0,9,4,8,5,1,7,3,6,2,10
J?`bk~w}Fo? PAIR C1=0,7,4,10,3,9,1,6,5,2,8 C2=0,9,4,8,1,5,7,3,6,2,10
J?`c~rw|Bs? PAIR C1=0,7,3,9,1,5,6,4,10,2,8 C2=0,6,3,10,1,8,4,7,2,5,9
J?`c~h{}Fo? PAIR C1=0,4,10,3,6,5,8,2,7 C2=0,6,4,8,3,7,5,2,10
J?aNfp{^Fg? PAIR C1=0,7,4,5,8,2,6,3,9,1,10 C2=0,5,9,4,8,3,10,2,7,1,6
J?aNfd{^Bw? PAIR C1=0,4,10,5,8,1,6,3,9,2,7 C2=0,5,9,4,8,3,7,1,10,2,6
J?aNbvs^Fo? PAIR C1=0,5,8,3,6,1,7,2,9,4,10 C2=0,6,2,10,3,7,4,5,9,1,8
J?befp{]`{? PAIR C1=1,6,3,8,5,10,4,9,2,7 C2=1,5,2,10,6,9,3,7,4,8
J?bedx{]fo? PAIR C1=0,5,8,1,10,4,9,2,7,3,6 C2=0,7,4,8,2,5,1,6,9,3,10
J?bebx{mfo? PAIR C1=0,5,8,1,10,4,9,2,7,3,6 C2=0,4,7,5,1,6,9,3,8,2,10
J?bebx{mbs? PAIR C1=0,5,8,1,10,4,9,2,7,3,6 C2=0,4,7,5,1,6,10,2,8,3,9
J?batzs]fo? PAIR C1=0,4,10,1,9,2,7,3,8,5 C2=0,7,4,9,3,10,2,5,1,8
J?batx{{fo? PAIR C1=0,4,10,1,9,2,7,3,8,5 C2=0,7,4,8,1,5,2,10,3,9
J?batxu}Fo? PAIR C1=0,4,9,1,10,3,8,5,2,7 C2=0,5,1,8,2,10,4,7,3,9
J?barzsmfo? PAIR C1=0,4,9,2,7,3,10,1,8,5 C2=0,9,3,8,2,5,1,7,4,10
J?baryu}Fo? PAIR C1=0,4,9,1,10,2,7,3,8,5 C2=0,8,2,5,1,7,4,10,3,9
J?batly}Fo? PAIR C1=0,5,2,9,4,8,1,10,3,6,7 C2=0,9,3,8,2,7,5,1,6,4,10
J?bfbrw^?}? PAIR C1=0,4,9,2,8,1,6,3,7,10,5 C2=0,6,2,7,1,5,9,3,10,4,8
J?bfbr[nBs? PAIR C1=0,4,7,2,10,1,6,3,8,5 C2=0,6,2,5,1,7,3,10,4,8
J?bfbrYnBw? PAIR C1=0,4,9,2,7,1,6,3,10,5 C2=0,6,2,5,1,10,4,7,3,9
J?bfbpxv@{? PAIR C1=0,4,9,1,6,3,7,2,10,5 C2=0,6,2,5,1,7,4,10,3,9
J?bev`{^Dq? PAIR C1=0,4,9,1,6,3,8,5,2,7 C2=0,5,1,7,3,9,2,8,4,6
J?bev`{^@u? PAIR C1=0,4,9,1,6,3,8,5,2,7 C2=0,5,1,7,3,9,2,8,4,6
J?bev_}^Fo? PAIR C1=0,4,9,1,6,3,8,5,2,7 C2=0,5,1,7,3,9,2,8,4,6
J?bev`x^Dw? PAIR C1=0,5,9,4,10,2,7,1,8,3,6 C2=0,7,3,9,2,8,4,6,1,5,10
J?bev`x^@{? PAIR C1=0,4,9,5,2,7,1,8,3,6 C2=0,5,1,6,4,8,2,9,3,7
J?bev_|^Fo? PAIR C1=0,5,9,4,10,1,7,2,8,3,6 C2=0,7,8,4,6,1,5,2,9,3,10
J?betpy|Bq? PAIR C1=0,5,9,3,6,4,10,1,8,2,7 C2=0,6,8,4,7,3,10,2,5,1,9
J?betpy^Fa? PAIR C1=0,5,9,4,6,3,10,1,8,2,7 C2=0,6,8,4,7,3,9,1,5,2,10
J?betpu^Fo? PAIR C1=0,5,9,4,6,3,10,1,8,2,7 C2=0,6,1,9,2,5,8,3,7,4,10
J?betpu]Vo? PAIR C1=0,5,2,9,4,10,3,8,1,6 C2=0,4,6,3,9,1,5,8,2,10
J?berq{}@m? PAIR C1=0,6,4,9,3,7,1,5,2,8 C2=0,4,7,2,9,1,6,3,8,5
J?berq{|Bs? PAIR C1=0,6,4,7,1,5,2,9,3,8 C2=0,4,8,2,7,3,6,1,9,5
J?berp{|Dq? PAIR C1=0,6,4,7,1,5,2,8,3,9 C2=0,4,8,1,6,3,7,2,9,5
J?berp{|De? PAIR C1=0,6,4,7,1,5,2,8,3,9 C2=0,4,8,1,6,3,7,2,9,5
J?berqy|Bw? PAIR C1=0,5,2,10,4,6,1,7,3,9 C2=0,4,7,2,9,5,1,10,3,6
J?berqy|Bq? PAIR C1=0,5,2,10,4,6,1,7,3,9 C2=0,4,7,2,9,5,1,10,3,6
J?berqy^Fa? PAIR C1=0,5,2,9,4,6,1,7,3,10 C2=0,4,7,2,10,1,5,9,3,6
J?berpx|Dw? PAIR C1=0,5,2,8,4,6,1,7,3,10 C2=0,4,7,2,10,5,1,8,3,6
J?berpxnFc? PAIR C1=0,5,1,7,4,8,2,10,3,9 C2=0,4,9,5,2,7,3,8,1,10
J?bbrr[|De? PAIR C1=0,5,1,7,3,8,4,6,2,9 C2=0,4,7,2,5,9,3,6,1,8
J?bbrrYnFa? PAIR C1=0,5,1,7,3,8,4,6,2,9 C2=0,4,7,2,5,9,3,6,1,8
J?belp{]fo? PAIR C1=0,5,1,9,2,8,3,7,4,10 C2=0,4,9,3,10,1,8,5,2,7
J?belp{]bq? PAIR C1=0,5,2,10,3,7,4,9,1,6 C2=0,4,10,1,5,6,3,9,2,7
J?belp{]Vo? PAIR C1=0,5,2,10,3,7,4,9,1,6 C2=0,4,10,1,5,6,3,9,2,7
J?bejq{}Bs? PAIR C1=0,5,2,9,4,10,3,7,1,6 C2=0,4,7,2,10,1,5,6,3,9
J?bejq{]Vo? PAIR C1=0,4,9,1,7,3,10,2,5,6 C2=0,5,1,6,3,9,2,7,4,10
J?bc~`y^Fo? PAIR C1=0,4,9,1,7,3,10,2,5,6 C2=0,5,1,10,4,6,3,9,2,7
J?bc~`y]Rw? PAIR C1=0,4,9,1,7,3,10,2,5,6 C2=0,5,1,10,4,6,3,9,2,7
J?bczrw}Be? PAIR C1=0,6,5,2,10,3,7,1,8,4,9 C2=0,5,1,10,6,4,7,2,9,3,8
J?bczrs}Bs? PAIR C1=0,6,5,2,8,1,7,3,10,4,9 C2=0,5,1,10,6,4,7,2,9,3,8
J?bczrq}Bw? PAIR C1=0,6,5,2,8,1,7,3,10,4,9 C2=0,5,10,1,9,2,7,4,6,3,8
J?bczpu}Fo? PAIR C1=0,6,5,2,8,1,7,3,10,4,9 C2=0,4,7,2,10,1,9,3,6,8,5
J?bczrp}Bw? PAIR C1=0,6,5,2,8,1,7,3,10,4,9 C2=0,5,1,10,2,9,3,6,4,7,8
J?bczrp}Bs? PAIR C1=0,6,5,2,8,1,7,3,10,4,9 C2=0,5,1,10,2,9,3,6,4,7,8
J?bczpx}Fc? PAIR C1=0,6,5,2,10,3,7,1,8,4,9 C2=0,4,7,8,2,9,3,6,10,1,5
J?ba~a{]fo? PAIR C1=1,6,5,2,8,3,10,4,9 C2=1,5,8,4,6,3,9,2,10
J?ba~`y}@y? PAIR C1=1,6,5,2,8,3,10,4,9 C2=1,5,10,2,9,3,6,4,8
J?ba~_}}Fo? PAIR C1=1,6,5,2,8,3,10,4,9 C2=1,5,8,4,6,3,9,2,10
J?ba~ax}Bw? PAIR C1=0,7,1,6,5,2,8,3,10,4,9 C2=0,5,10,1,9,2,7,3,6,4,8
J?ba~ax}Bs? PAIR C1=0,7,1,6,5,2,8,3,10,4,9 C2=0,4,8,7,2,9,3,6,10,1,5
J?ba~`x}Dw? PAIR C1=0,7,1,6,5,2,8,3,10,4,9 C2=0,4,6,3,9,1,8,7,2,10,5
J?ba|rw}Bi? PAIR C1=0,7,4,8,3,10,2,5,1,9 C2=0,4,9,3,7,2,8,1,10,5
J?ba|rs]fo? PAIR C1=0,7,4,10,2,5,1,9,3,8 C2=0,4,9,2,7,3,10,1,8,5
J?ba|pu}Fo? PAIR C1=0,7,4,10,2,5,1,8,3,9 C2=0,4,9,1,10,3,7,2,8,5
J?`vEy{]fo? PAIR C1=0,7,4,9,1,10,3,5,2,8 C2=0,4,8,5,1,7,3,9,2,10
J?`vEx{mfo? PAIR C1=0,6,1,10,3,8,2,9,4,7 C2=0,4,8,1,7,3,9,6,2,10
J?`vEx{mbs? PAIR C1=0,7,4,10,1,5,3,8,2,6,9 C2=0,4,9,2,10,3,7,5,8,1,6
J?`vEuy^Fo? PAIR C1=0,6,1,10,4,9,2,8,3,7 C2=0,4,7,1,9,3,10,2,6,8
J?`vBvYnFo? PAIR C1=0,8,3,5,9,4,7,2,6,1,10 C2=0,4,10,2,5,1,8,6,7,3,9
J?`vC|y}Fo? PAIR C1=0,6,8,2,9,4,7,3,5,1,10 C2=0,4,10,2,5,7,6,1,8,3,9
J?`vA}y}Fo? PAIR C1=0,6,8,2,9,4,7,3,5,1,10 C2=0,4,10,2,5,7,6,1,9,3,8
J?`rfZ[mfo? PAIR C1=0,4,7,1,5,8,3,9,6,2,10 C2=0,7,5,2,9,4,10,3,6,1,8
J?`uVrwlbs? PAIR C1=0,4,7,1,5,2,8,3,10,6,9 C2=0,6,1,8,4,10,2,9,5,3,7
J?`uVi{]fo? PAIR C1=0,4,10,3,9,2,7,1,5,8 C2=0,7,3,5,2,8,4,9,1,10
J?`uVi{]fc? PAIR C1=0,7,1,5,2,8,3,9,6,10 C2=0,6,1,9,2,10,3,7,5,8
J?`uVh{mfo? PAIR C1=0,7,2,5,3,9,4,8,1,10 C2=0,4,10,3,7,1,5,8,2,9
J?`uVh{mfc? PAIR C1=0,4,6,9,3,5,7,2,8,1,10 C2=0,6,1,7,3,10,2,5,8,4,9
J?`uVg}}Fo? PAIR C1=0,7,1,5,3,8,2,9,4,10 C2=0,4,8,5,2,7,3,10,1,9
J?`uVg}}Fc? PAIR C1=0,4,6,10,3,8,5,1,7,2,9 C2=0,6,1,10,2,8,4,9,3,5,7
J?`uVdynFo? PAIR C1=0,7,1,8,2,5,3,9,4,10 C2=0,4,8,3,7,2,10,1,5,9
J?`uTvw|Bs? PAIR C1=0,7,3,10,4,6,1,8,2,9 C2=0,4,8,3,9,1,10,2,7,6
J?`uRm{}Fo? PAIR C1=0,4,10,2,9,3,8,5,7,1,6 C2=0,8,4,6,7,2,5,3,10,1,9
J?`uRmy}Fo? PAIR C1=0,6,1,7,5,3,8,2,9,4,10 C2=0,4,8,6,7,2,5,1,10,3,9
J?`vfR[^Ds? PAIR C1=0,6,3,9,2,7,1,8,4,10 C2=0,7,4,9,1,6,2,10,3,8
J?`vfRYnBq? PAIR C1=0,6,3,9,2,10,4,8,1,7 C2=0,8,3,10,1,6,2,7,4,9
J?`vfPyvDw? PAIR C1=0,7,2,8,1,6,3,9,4,10 C2=0,6,2,10,3,8,4,7,1,9
J?`vfRXnBs? PAIR C1=0,4,10,2,7,8,1,6,3,9 C2=0,6,2,9,4,8,3,10,1,7
J?`vUrwn@m? PAIR C1=0,6,10,3,9,2,8,4,7 C2=0,8,3,7,10,2,6,4,9
J?`vUrs^Ds? PAIR C1=0,6,10,4,9,3,5,2,8,1,7 C2=0,4,7,3,10,2,6,1,9,5,8
J?`vUqy|Bq? PAIR C1=0,4,10,2,9,3,8,6,1,7 C2=0,8,2,6,4,7,3,10,1,9
J?`vMqy}Bq? PAIR C1=0,4,10,2,9,3,8,6,1,7 C2=0,6,2,8,4,7,3,10,1,9
J?`vMqy^Fo? PAIR C1=0,4,7,1,6,8,3,9,2,10 C2=0,6,2,8,4,9,1,10,3,7
J?`vMqy^Bq? PAIR C1=0,4,10,3,9,2,8,6,1,7 C2=0,6,2,10,1,9,4,7,3,8
J?`vMqx}Bs? PAIR C1=0,4,8,2,9,3,10,6,1,7 C2=0,6,2,10,1,9,4,7,3,8
J?`vMqx^Fo? PAIR C1=0,8,3,9,2,5,1,7,4,10 C2=0,4,8,2,10,1,9,5,3,7
J?`vJrYnFo? PAIR C1=0,6,8,3,5,1,10,4,7,2,9 C2=0,8,4,9,5,2,6,1,7,3,10
J?`rnR[mfo? PAIR C1=0,7,4,10,1,6,2,5,3,9 C2=0,4,9,2,7,1,5,6,3,10
J?`rnR[mVo? PAIR C1=0,7,4,10,1,6,2,5,3,9 C2=0,4,9,2,7,1,5,6,3,10
J?`u^`{mVo? PAIR C1=0,6,1,7,2,5,3,10,4,9 C2=0,4,6,5,1,10,2,9,3,7
J?`u^`{mRs? PAIR C1=0,6,1,7,2,5,3,10,4,9 C2=0,4,6,5,1,10,2,9,3,7
J?`u^ay^Fo? PAIR C1=0,6,1,7,2,5,3,9,4,10 C2=0,4,6,5,1,9,2,10,3,7
J?`u^ax}Bs? PAIR C1=0,7,1,6,4,10,3,5,2,9 C2=0,4,9,3,7,2,10,1,5,6
J?`u^`xnFo? PAIR C1=0,7,1,6,4,10,3,5,2,9 C2=0,4,9,3,7,2,10,1,5,6
J?`u^`xmfo? PAIR C1=0,7,1,6,4,10,3,5,2,9 C2=0,4,9,3,7,2,10,1,5,6
J?`u\rw}Be? PAIR C1=0,4,6,10,7,2,9,1,5,3,8 C2=0,6,5,2,10,1,8,4,9,3,7
J?`u\rq^Fo? PAIR C1=0,4,10,3,7,2,9,5,6,1,8 C2=0,6,8,3,5,2,10,1,9,4,7
J?`u\pu}Fo? PAIR C1=0,4,10,1,6,8,5,3,7,2,9 C2=0,6,5,2,10,3,8,1,9,4,7
J?bLfh{]fo? PAIR C1=0,4,10,1,7,2,9,6,3,8,5 C2=0,6,2,10,3,9,4,8,1,5,7
J?bLfh{]bs? PAIR C1=0,4,10,1,7,2,9,6,3,8,5 C2=0,6,2,10,3,9,4,8,1,5,7
J?bLbx{{fo? PAIR C1=0,4,10,2,9,6,3,8,1,7,5 C2=0,6,2,7,4,8,5,1,10,3,9
J?bLbvq^Fo? PAIR C1=0,8,3,6,2,9,4,7,1,10 C2=0,4,10,2,7,3,9,1,8,6
J?bLbvq^Bw? PAIR C1=0,5,10,1,7,4,9,2,6,3,8 C2=0,4,10,2,7,3,9,5,1,8,6
J?bLbty|Fo? PAIR C1=0,9,3,6,2,8,1,7,4,10 C2=0,4,8,3,10,1,9,2,7,6
J?bLbl{}Fo? PAIR C1=0,5,1,8,3,7,6,2,10,4,9 C2=0,4,8,5,7,2,9,1,10,3,6
J?bLbly}Fo? PAIR C1=0,5,1,8,3,6,7,2,10,4,9 C2=0,4,5,7,1,10,3,9,2,8,6
J?bNf`{^@u? PAIR C1=0,5,8,3,6,2,10,4,9,1,7 C2=0,4,5,1,8,2,9,3,7,10,6
J?bNf`ynBq? PAIR C1=0,5,9,4,10,2,6,3,8,1,7 C2=0,4,5,1,10,7,3,9,2,8,6
J?bNf`y^@y? PAIR C1=0,5,10,4,9,1,8,3,6,2,7 C2=0,4,5,1,7,10,3,9,2,8,6
J?bNdp{^Fc? PAIR C1=0,7,4,9,5,1,6,2,8,3,10 C2=0,4,5,8,1,9,3,7,2,10,6
J?bNdp{^Fa? PAIR C1=0,5,1,6,2,8,3,9,4,7 C2=0,4,5,8,1,9,2,7,3,6
J?bNdpy|Bi? PAIR C1=0,7,2,8,1,6,3,10,5,9 C2=0,5,1,9,2,10,7,3,8,6
J?bNdrp^Bs? PAIR C1=0,5,1,10,4,9,3,6,2,8 C2=0,4,5,9,2,10,3,8,1,6
J?bNdpx^Fg? PAIR C1=0,5,1,6,2,8,4,9,3,10 C2=0,4,5,9,2,10,1,8,3,6
J?bNdpt^Fo? PAIR C1=0,4,7,8,2,6,1,5,9,3,10 C2=0,6,3,8,5,4,9,1,10,2,7
J?bNbrwn@m? PAIR C1=0,4,7,1,8,3,10,6,2,9,5 C2=0,6,1,5,10,2,7,3,9,4,8
J?bNbq{|Bs? PAIR C1=0,4,7,1,6,10,3,9,2,8,5 C2=0,6,3,7,2,10,1,9,5,4,8
J?bNbrqnBw? PAIR C1=0,4,7,1,6,8,2,10,3,9,5 C2=0,6,3,7,2,9,4,5,10,1,8
J?bNbrqnBq? PAIR C1=0,4,7,1,6,2,8,3,9,5 C2=0,6,3,7,2,9,4,5,1,8
J?bNbrqNVo? PAIR C1=0,4,7,1,6,2,8,3,9,5 C2=0,6,3,7,2,9,4,5,1,8
J?bmv`wnBe? PAIR C1=1,5,4,6,10,3,9,2,8 C2=1,6,3,8,4,9,5,2,10
J?rFdq{\Rw? PAIR C1=0,5,1,6,3,9,2,10,4,7 C2=0,4,1,9,5,10,3,7,2,6
J?rFdq{\P{? PAIR C1=0,5,1,6,3,9,2,10,4,7 C2=0,4,1,9,5,10,3,7,2,6
J?rFdp{^@m? PAIR C1=0,5,1,6,10,3,9,4,7 C2=0,4,1,9,5,10,7,3,6
J?rFdpu^Dw? PAIR C1=0,5,1,6,2,8,3,9,4,7 C2=0,4,1,8,5,9,2,7,3,6
J?rFdpu^@y? PAIR C1=0,5,1,6,2,8,3,9,4,7 C2=0,4,1,8,5,9,2,7,3,6
J?rFdo}|Bw? PAIR C1=0,7,4,10,5,1,6,2,8,3,9 C2=0,4,8,5,9,1,10,2,7,3,6
J?rFdo|^Fg? PAIR C1=0,4,8,2,6,1,9,5,10,3,7 C2=0,5,8,7,2,10,1,4,9,3,6
J?rF`zw|@{? PAIR C1=0,5,1,9,3,7,4,10,6,2,8 C2=0,6,1,4,8,3,10,2,7,5,9
J?rF`zqnBw? PAIR C1=0,6,1,5,9,3,7,4,10,2,8 C2=0,4,1,8,6,3,10,5,7,2,9
J?rDrrs|@m? PAIR C1=0,5,9,3,10,6,2,8 C2=0,6,3,8,5,10,2,9
J?rDrqu|Bw? PAIR C1=0,5,1,9,3,10,4,6,2,8 C2=0,4,1,10,2,9,5,8,3,6
J?rDrqu|Bi? PAIR C1=0,4,7,3,9,1,10,2,6,8,5 C2=0,6,4,1,7,2,8,3,10,5,9
J?rDro}|Fg? PAIR C1=0,4,7,3,9,1,10,2,6,8,5 C2=0,6,4,1,7,2,8,3,10,5,9
J?rDrjwnBk? PAIR C1=0,4,6,3,7,5,1,10,2,8 C2=0,5,10,3,8,4,1,7,2,6
J?rDriy|Bw? PAIR C1=0,4,6,3,7,5,1,10,2,8 C2=0,5,10,3,8,4,1,7,2,6
J?qbfr[Nfg? PAIR C1=0,4,7,3,9,6,1,10,2,5,8 C2=0,5,9,4,8,1,7,2,6,3,10
J?qbey{{bw? PAIR C1=0,4,7,3,9,6,1,10,2,8,5 C2=0,8,4,1,7,5,10,3,6,2,9
J?qbeu{|Bw? PAIR C1=0,5,9,1,6,2,10,4,7,3,8 C2=0,4,8,2,5,10,1,7,6,3,9
J?qbet{|Ds? PAIR C1=0,4,10,2,6,1,9,5,8,3,7 C2=0,5,2,8,4,1,7,6,10,3,9
J?qbes}|Fo? PAIR C1=0,5,8,3,9,1,6,2,10,4,7 C2=0,4,1,10,3,7,6,8,2,5,9
J?qbdv[|Bw? PAIR C1=0,5,8,3,9,1,6,2,10,4,7 C2=0,4,8,1,10,3,6,7,2,5,9
J?qbdt]|Fo? PAIR C1=0,5,8,3,9,1,6,2,10,4,7 C2=0,4,8,1,10,3,6,7,2,5,9
J?qbbv[nFg? PAIR C1=0,4,7,3,9,5,10,2,6,1,8 C2=0,5,8,4,1,10,3,6,7,2,9
J?qbc~w|Bw? PAIR C1=0,4,7,5,9,2,10,3,6,1,8 C2=0,5,10,1,4,8,2,6,7,3,9
J?qbc~q^Bw? PAIR C1=0,4,10,2,6,1,8,3,9,5,7 C2=0,5,2,9,4,1,10,3,7,6,8
J?qbc|y|Fo? PAIR C1=0,7,5,9,3,8,1,6,2,10 C2=0,5,2,8,6,7,3,10,1,9
J?qbc|y|Bw? PAIR C1=1,6,2,10,4,7,5,9,3,8 C2=1,4,8,6,7,3,10,5,2,9
J?q`vrs\ek? PAIR C1=0,7,1,8,3,9,5,2,6,10 C2=0,5,10,1,9,6,3,7,2,8
J?q`vjsVfo? PAIR C1=0,7,5,9,1,4,6,2,8,3,10 C2=0,5,2,7,3,6,9,4,10,1,8
J?q`uzs\fo? PAIR C1=0,7,5,8,3,9,1,4,6,2,10 C2=0,5,2,9,6,3,7,4,10,1,8
J?q`rzstfo? PAIR C1=0,4,6,2,10,3,9,1,7,5,8 C2=0,5,2,8,1,10,4,7,3,6,9
J?q`rzY|Fc? PAIR C1=0,5,2,7,3,9,1,8,6,10 C2=0,8,3,6,2,10,1,7,5,9
J?q`uvs|Bw? PAIR C1=0,4,10,1,7,3,9,2,8,5 C2=0,7,4,1,8,3,10,2,5,9
J?q`uvs|Bk? PAIR C1=0,4,6,10,5,2,9,3,7,1,8 C2=0,7,4,1,10,3,6,2,8,5,9
J?q`q~w|Fc? PAIR C1=0,5,2,9,3,7,1,8,4,6,10 C2=0,8,2,6,3,10,1,4,7,5,9
J?qff`]^@y? PAIR C1=0,4,10,5,2,7,1,8,3,6 C2=0,5,8,4,1,6,2,10,3,7
J?qfbrsnA{? PAIR C1=0,5,10,4,1,7,2,8,3,6 C2=0,4,7,3,10,1,6,2,5,8
J?qfbrsnAm? PAIR C1=0,5,2,7,4,9,3,8,1,6 C2=0,4,1,7,3,6,2,8,5,9
J?qfbr[^Cm? PAIR C1=0,5,2,7,4,9,3,8,1,6 C2=0,4,1,7,3,6,2,9,5,8
J?qfbptvDw? PAIR C1=0,5,2,7,4,9,3,8,1,6 C2=0,4,1,7,3,6,2,8,5,9
J?qfbptv@{? PAIR C1=0,5,2,7,4,9,3,8,1,6 C2=0,4,1,7,3,6,2,8,5,9
J?qeva{\bw? PAIR C1=0,5,10,4,8,3,9,2,7,1,6 C2=0,4,1,10,2,8,5,9,6,3,7
J?qevau^Bw? PAIR C1=0,5,8,3,10,4,9,2,7,1,6 C2=0,4,1,9,5,10,2,8,6,3,7
J?qev_}^Fg? PAIR C1=0,4,9,3,10,5,8,2,7,1,6 C2=0,7,3,6,8,4,1,9,5,2,10
J?qev`t^@{? PAIR C1=0,5,8,1,6,4,10,3,9,2,7 C2=0,4,1,9,5,10,2,8,7,3,6
J?qetpt^Fg? PAIR C1=0,5,8,3,10,1,6,4,9,2,7 C2=0,4,1,9,5,10,2,8,7,3,6
J?qetjq^Bq? PAIR C1=0,5,2,9,3,8,1,6,4,10,7 C2=0,4,1,9,5,7,3,10,2,8,6
J?qethy^Fg? PAIR C1=0,4,6,1,8,3,9,2,7,5,10 C2=0,6,8,4,1,9,5,2,10,3,7
J?qethy^Fa? PAIR C1=0,4,6,1,8,3,9,2,10,7,5 C2=0,6,8,4,1,9,5,2,7,3,10
J?qethy^Bi? PAIR C1=0,4,6,1,8,3,9,2,7,10,5 C2=0,6,8,4,1,9,5,2,10,3,7
J?qethy\Vo? PAIR C1=0,5,7,2,9,3,8,1,6,4,10 C2=0,6,8,4,1,9,5,2,10,3,7
J?qerjwnBk? PAIR C1=0,5,7,1,8,3,6,10,2,9 C2=0,6,1,10,5,9,3,7,2,8
J?qerjwnBe? PAIR C1=0,4,6,3,8,1,7,5,2,9 C2=0,5,9,3,7,2,8,4,1,6
J?qerjw^De? PAIR C1=0,5,2,7,1,8,3,9,4,6,10 C2=0,4,8,2,10,3,7,5,9,1,6
J?qerjsnBe? PAIR C1=0,5,2,7,1,6,4,9,3,8 C2=0,4,1,8,2,9,5,7,3,6
J?qerjsn@u? PAIR C1=0,5,2,7,1,6,4,9,3,8 C2=0,4,1,8,2,9,5,7,3,6
J?qeri{^Fa? PAIR C1=0,5,2,7,1,6,4,9,3,8 C2=0,4,1,9,2,8,5,7,3,6
J?qerjqnBw? PAIR C1=0,5,2,7,1,6,4,9,3,8 C2=0,4,1,8,2,9,5,7,3,6
J?qerjq^Dq? PAIR C1=0,5,2,7,1,6,4,9,3,8 C2=0,4,1,8,2,9,5,7,3,6
J?qerhtnFo? PAIR C1=0,5,2,8,3,7,1,6,4,9 C2=0,4,1,8,5,7,2,9,3,6
J?qerhtnFc? PAIR C1=0,5,2,8,3,7,1,6,4,9 C2=0,4,1,8,5,7,2,9,3,6
J?qdvbs^Am? PAIR C1=0,7,3,9,1,4,6,2,8 C2=0,4,9,2,7,1,8,3,6
J?qdvbsVRw? PAIR C1=0,7,9,1,4,6,2,5,10,3,8 C2=0,4,9,5,8,1,10,2,7,3,6
J?qdvb[^Am? PAIR C1=0,4,1,8,3,9,5,2,6,10,7 C2=0,5,8,4,9,2,7,1,10,3,6
J?qdvb[\bw? PAIR C1=0,5,10,4,1,8,3,9,6,2,7 C2=0,4,8,5,9,2,10,1,7,3,6
J?qdvbU^Bw? PAIR C1=0,5,9,3,8,1,10,4,6,2,7 C2=0,6,3,7,1,4,9,2,10,5,8
J?qdv`u^Ay? PAIR C1=0,5,9,3,8,2,6,4,1,10,7 C2=0,4,9,2,7,1,8,5,10,3,6
J?qdv`]^Fg? PAIR C1=0,7,2,5,9,3,8,6,4,1,10 C2=0,4,9,2,10,5,8,1,7,3,6
J?qdv`t^Ew? PAIR C1=0,7,8,3,9,5,2,6,4,1,10 C2=0,4,10,5,8,1,9,2,7,3,6
J?qdv`t^Ek? PAIR C1=0,7,8,3,9,5,2,6,4,1,10 C2=0,4,9,2,7,1,8,5,10,3,6
J?qdv`t^A{? PAIR C1=1,4,6,2,7,8,3,9,5,10 C2=1,7,3,6,10,4,9,2,5,8
J?qdujq^Bw? PAIR C1=0,6,2,8,3,9,4,1,10,5,7 C2=0,5,9,2,10,4,6,3,7,1,8
J?qduhy^Fg? PAIR C1=0,7,5,9,3,8,2,6,4,1,10 C2=0,5,10,2,9,4,8,1,7,3,6
J?qduhy^Fa? PAIR C1=0,6,4,1,9,3,8,2,5,7,10 C2=0,4,8,6,3,7,1,10,2,9,5
J?qduhy^Bi? PAIR C1=0,6,4,1,9,3,8,2,5,10,7 C2=0,4,8,6,3,7,1,10,2,9,5
J?qdrjwvBk? PAIR C1=0,6,4,1,10,2,5,7,3,8 C2=0,4,8,1,7,2,6,3,10,5
J?qdrjwvBe? PAIR C1=0,4,6,2,5,7,10,1,9,3,8 C2=0,5,9,4,8,1,7,2,10,3,6
J?qdrjwvAm? PAIR C1=0,5,7,3,9,1,4,6,2,8 C2=0,4,9,5,2,7,1,8,3,6
J?qdrjs^Eq? PAIR C1=0,5,7,3,9,1,4,6,2,8 C2=0,4,9,5,2,7,1,8,3,6
J?qdrjs^Ee? PAIR C1=0,5,7,3,9,1,4,6,2,8 C2=0,4,9,5,2,7,1,8,3,6
J?qdrjqvBw? PAIR C1=0,5,7,3,9,1,4,6,2,8 C2=0,4,9,5,2,7,1,8,3,6
J?qdrjqvBq? PAIR C1=0,5,7,3,9,1,4,6,2,8 C2=0,4,9,5,2,7,1,8,3,6
J?qdrjY^Fg? PAIR C1=0,5,7,1,4,6,2,9,3,8 C2=0,4,8,1,9,5,2,7,3,6
J?qdrjY^Fa? PAIR C1=0,5,7,1,4,6,2,9,3,8 C2=0,4,8,1,9,5,2,7,3,6
J?qdrjY\Vg? PAIR C1=0,5,7,1,4,6,2,9,3,8 C2=0,4,8,1,9,5,2,7,3,6
J?qdrht}Ek? PAIR C1=0,4,6,2,8,3,9,1,7,5 C2=0,6,3,7,2,5,8,1,4,9
J?qdrhtvFo? PAIR C1=0,4,6,2,8,3,9,1,7,5 C2=0,6,3,7,2,5,8,1,4,9
J?qdrhtvFc? PAIR C1=0,4,6,2,8,3,9,1,7,5 C2=0,6,3,7,2,5,8,1,4,9
J?qburs|@m? PAIR C1=0,5,9,2,8,3,6,1,4,7 C2=0,4,6,2,5,8,1,7,3,9
J?qbupunFg? PAIR C1=0,5,9,2,8,3,6,1,4,7 C2=0,4,6,2,5,8,1,7,3,9
J?qbupunFa? PAIR C1=0,5,9,2,8,3,6,1,4,7 C2=0,4,6,2,5,8,1,7,3,9
J?qbuqt|Bw? PAIR C1=0,7,4,10,5,2,8,3,6,1,9 C2=0,4,6,2,10,1,7,3,9,5,8
J?qbuqt|Bk? PAIR C1=0,5,10,6,3,8,2,9,1,4,7 C2=0,4,6,2,10,1,7,3,9,5,8
J?qbuo||Fc? PAIR C1=0,7,4,1,9,5,2,8,3,6,10 C2=0,5,8,4,6,2,10,1,7,3,9
J?qbtrs|Ay? PAIR C1=0,7,4,10,5,2,8,1,6,3,9 C2=0,4,6,2,7,3,10,1,9,5,8
J?qbtrs|Am? PAIR C1=0,7,4,1,6,10,5,2,8,3,9 C2=0,4,6,2,7,3,10,1,9,5,8
J?qbtrU^Bi? PAIR C1=0,5,10,7,2,9,4,1,6,3,8 C2=0,4,6,2,10,1,8,5,9,3,7
J?qbtpu|Ew? PAIR C1=0,5,8,2,7,4,1,6,3,10 C2=0,4,6,2,5,10,1,8,3,7
J?qbtpu|Ei? PAIR C1=0,5,8,2,7,4,1,6,3,10 C2=0,4,6,2,5,10,1,8,3,7
J?qbtrT|Bw? PAIR C1=0,8,7,4,1,6,3,10,5,2,9 C2=0,4,6,2,10,1,8,5,9,3,7
J?qbtpt|Ew? PAIR C1=0,5,10,3,6,1,4,7,8,2,9 C2=0,4,6,2,7,3,9,5,8,1,10
J?qbtpt|Ek? PAIR C1=0,5,10,3,6,1,4,7,8,2,9 C2=0,4,6,2,7,3,9,5,8,1,10
J?qbrr[|Cm? PAIR C1=0,8,4,1,6,3,7,10,5,2,9 C2=0,4,6,2,7,1,8,5,9,3,10
J?qbrr[lfa? PAIR C1=0,5,2,9,6,3,7,10,1,4,8 C2=0,4,6,2,7,1,8,5,9,3,10
J?qbrrU|Dq? PAIR C1=0,5,2,9,1,4,10,7,3,6,8 C2=0,4,6,2,7,1,8,5,9,3,10
J?qbrqu|Ei? PAIR C1=0,5,2,9,1,10,3,7,4,6,8 C2=0,4,1,6,2,7,10,5,8,3,9
J?qbrj[}Dk? PAIR C1=0,5,2,9,4,6,3,7,1,8 C2=0,4,1,6,2,7,5,8,3,9
J?qbrj[}De? PAIR C1=0,5,2,9,4,6,3,7,1,8 C2=0,4,1,6,2,7,5,8,3,9
J?qbrj[}Cm? PAIR C1=0,5,2,9,4,6,3,7,1,8 C2=0,4,1,6,2,7,5,8,3,9
J?qbrjqvDw? PAIR C1=0,5,2,7,1,9,3,6,4,10 C2=0,4,1,6,2,10,3,7,5,9
J?qbrjqvDq? PAIR C1=0,5,2,7,1,9,3,6,4,10 C2=0,4,1,6,2,10,3,7,5,9
J?qbrjY|Dq? PAIR C1=0,5,2,7,1,9,3,6,4,10 C2=0,4,1,6,2,10,3,7,5,9
J?qbrjYnFg? PAIR C1=0,5,7,2,9,4,6,3,10,1,8 C2=0,4,8,3,7,1,6,2,10,5,9
J?qbrjYnFa? PAIR C1=0,5,7,2,9,4,6,3,10,1,8 C2=0,4,8,3,9,5,2,6,1,7,10
J?qbriyvFg? PAIR C1=0,5,2,7,1,10,3,6,4,8 C2=0,4,1,6,2,8,3,7,5,10
J?qbriyvFa? PAIR C1=0,5,2,7,1,9,4,8,6,3,10 C2=0,4,1,6,2,10,7,5,9,3,8
J?qc~`y^Fg? PAIR C1=0,5,2,7,1,9,4,8,3,10 C2=0,4,1,8,2,10,5,9,3,7
J?qc~`y\Rw? PAIR C1=0,5,2,7,9,1,4,10,3,8,6 C2=0,4,6,3,9,5,10,2,8,1,7
J?qc~`x|Bw? PAIR C1=0,5,6,4,10,1,8,3,7,2,9 C2=0,4,1,7,8,2,10,5,9,3,6
J?qczrw\Vg? PAIR C1=0,8,4,6,5,2,7,3,9,1,10 C2=0,4,1,7,9,5,10,2,8,3,6
J?qczrw\Vc? PAIR C1=0,4,6,10,1,9,2,7,3,8 C2=0,6,3,9,7,1,4,8,2,10
J?qczrw\Rk? PAIR C1=0,5,2,7,3,9,1,10,6,4,8 C2=0,4,1,7,9,5,10,2,8,3,6
J?qczrs|Bs? PAIR C1=0,5,2,9,3,7,4,6,10,1,8 C2=0,6,3,10,4,1,7,2,8,5,9
J?qczrs|Be? PAIR C1=0,5,2,9,1,10,6,4,7,3,8 C2=0,4,1,7,10,2,8,5,9,3,6
J?qczrq|Bw? PAIR C1=0,6,5,2,9,1,7,4,10,3,8 C2=0,4,1,8,6,3,7,2,10,5,9
J?qczpy|Fa? PAIR C1=0,9,2,5,6,4,7,1,8,3,10 C2=0,4,8,6,3,7,2,10,1,9,5
J?qczpu|Fo? PAIR C1=0,6,8,5,2,9,3,7,4,1,10 C2=0,4,10,2,7,1,8,3,6,5,9
J?qczpu|Fa? PAIR C1=0,6,8,5,2,10,3,7,4,1,9 C2=0,4,6,3,8,1,10,7,2,9,5
J?qczpx|Fg? PAIR C1=0,5,10,3,9,2,8,7,1,4,6 C2=0,4,8,1,10,2,7,3,6,5,9
J?qczpx|Fc? PAIR C1=0,9,5,2,8,3,7,1,4,6,10 C2=0,4,8,7,2,10,1,9,3,6,5
J?qczpx|Bk? PAIR C1=0,4,6,10,3,7,1,8,2,9,5 C2=0,6,5,2,10,1,4,7,8,3,9
J?qa~bw^De? PAIR C1=0,5,2,8,4,9,3,10,6,1,7 C2=0,4,6,5,9,1,8,3,7,2,10
J?qa~bsnBq? PAIR C1=0,5,9,2,10,4,1,6,3,7 C2=0,4,6,5,2,7,1,10,3,9
J?qa~bsn@u? PAIR C1=0,5,9,4,1,6,10,2,8,3,7 C2=0,4,6,5,2,9,3,10,7,1,8
J?qa~a{^Fc? PAIR C1=0,5,6,3,7,1,4,9,2,10 C2=0,4,6,1,10,3,9,5,2,7
J?qa~`ynFg? PAIR C1=0,5,6,3,7,1,4,9,2,10 C2=0,4,6,1,10,3,9,5,2,7
J?qa~`unFo? PAIR C1=0,5,6,3,7,1,4,9,2,10 C2=0,4,6,1,10,3,9,5,2,7
J?qa~_}}Fg? PAIR C1=0,5,10,2,7,3,6,1,4,9 C2=0,4,6,5,2,9,3,10,1,7
J?qa~bpnBw? PAIR C1=0,5,10,2,7,3,6,1,4,9 C2=0,4,6,5,2,9,3,10,1,7
J?qa|rs|Bs? PAIR C1=0,5,6,1,4,10,3,8,2,9 C2=0,4,6,3,9,5,2,10,1,8
J?qa|rs|Bq? PAIR C1=0,5,6,1,4,10,3,8,2,9 C2=0,4,6,3,9,5,2,10,1,8
J?qa|rs|Be? PAIR C1=0,5,6,10,2,8,1,9,3,7 C2=0,8,3,6,1,10,7,2,5,9
J?qa|pu}Fa? PAIR C1=0,5,6,8,1,10,2,9,3,7 C2=0,9,1,6,3,8,5,2,7,10
J?qa|pu|Fo? PAIR C1=0,5,8,2,9,3,6,1,4,10 C2=0,4,6,5,2,10,3,8,1,9
J?qa|pu|Fa? PAIR C1=0,5,8,6,1,4,7,3,9,2,10 C2=0,4,6,5,2,7,10,3,8,1,9
J?qa|rp|Bw? PAIR C1=0,5,6,3,8,1,10,4,7,2,9 C2=0,4,6,1,9,5,2,10,3,7,8
J?qa|rp^Fc? PAIR C1=0,5,6,1,4,9,2,8,3,10 C2=0,4,6,3,9,5,2,10,1,8
J?qazrw|De? PAIR C1=0,5,6,1,9,2,7,4,8,3,10 C2=0,4,6,3,9,5,2,10,7,1,8
J?qazrwlVc? PAIR C1=0,5,9,2,7,4,8,3,6,1,10 C2=0,4,6,5,2,10,3,9,7,1,8
J?qazqu|Fo? PAIR C1=0,5,9,2,7,4,1,6,3,10 C2=0,4,6,5,2,10,1,7,3,9
J?qazqu|Fa? PAIR C1=0,5,9,2,7,4,1,6,3,10 C2=0,4,6,5,2,10,1,7,3,9
J?qazrp|Ds? PAIR C1=0,5,9,1,8,3,6,4,7,2,10 C2=0,4,10,3,9,2,5,6,1,7,8
J?qazrpnFc? PAIR C1=0,5,9,2,7,4,6,1,8,3,10 C2=0,4,1,10,6,5,2,8,7,3,9
J?qa|jw}Be? PAIR C1=0,8,3,10,7,2,5,6,4,1,9 C2=0,4,9,2,8,1,10,6,3,7,5
J?qa|hy}Fg? PAIR C1=0,9,1,4,6,5,2,8,3,10 C2=0,4,8,1,6,3,9,2,10,5
J?qa|hy}Fa? PAIR C1=0,9,4,1,8,3,6,5,2,7,10 C2=0,4,8,6,1,10,2,9,3,7,5
J?qa|jp}Bw? PAIR C1=0,5,6,3,10,2,8,1,4,9 C2=0,4,6,1,10,5,2,9,3,8
J?qa|jp}Bk? PAIR C1=0,5,6,3,10,2,8,1,4,9 C2=0,4,6,1,10,5,2,9,3,8
J?qa|hx|Fo? PAIR C1=0,5,6,1,4,10,3,7,2,9 C2=0,4,6,3,9,1,10,2,5,7
J?qa|hx|Fc? PAIR C1=0,4,1,6,5,9,2,8,3,10 C2=0,5,2,10,1,8,4,6,3,9
J?qazjw}Dk? PAIR C1=0,4,1,6,5,10,2,8,3,9 C2=0,5,2,9,1,8,4,6,3,10
J?qazjw}De? PAIR C1=0,5,6,1,4,8,2,7,10,3,9 C2=0,8,1,9,4,6,3,7,5,2,10
J?qazjq}Dw? PAIR C1=0,4,1,6,5,10,3,9,2,8 C2=0,5,2,10,4,6,3,8,1,9
J?qazjq}Dq? PAIR C1=0,8,2,5,6,1,4,9,3,7,10 C2=0,5,7,1,8,3,6,4,10,2,9
J?qaziy}Fg? PAIR C1=0,8,6,5,2,9,4,1,7,3,10 C2=0,5,7,2,10,1,6,4,8,3,9
J?qaziy}Fa? PAIR C1=0,8,6,5,2,9,4,1,7,3,10 C2=0,5,7,2,10,1,6,4,8,3,9
J?qazjpnFo? PAIR C1=0,9,5,6,4,1,8,3,7,2,10 C2=0,5,7,1,6,3,10,4,9,2,8
J?qazit}Fo? PAIR C1=0,9,4,1,6,5,8,3,7,2,10 C2=0,5,7,1,10,4,6,3,9,2,8
J?qazit}Fc? PAIR C1=0,4,1,6,5,8,7,2,10,3,9 C2=0,8,2,5,7,3,6,4,9,1,10
J?qaxzw{fg? PAIR C1=1,4,8,3,7,2,10,5,6 C2=1,8,2,5,7,4,6,3,10
J?ovEzwlbs? PAIR C1=0,7,5,2,10,4,1,8,3,9 C2=0,4,7,1,10,3,5,9,2,8
J?ovEzwNfc? PAIR C1=0,6,1,8,4,9,3,10,2,5,7 C2=0,4,7,1,10,6,2,9,5,3,8
J?ovDx{tfo? PAIR C1=0,6,1,9,3,8,4,10,2,7 C2=0,4,7,3,10,1,8,2,6,9
J?ovEu{|Bs? PAIR C1=0,6,1,10,2,5,9,3,8,4,7 C2=0,4,10,6,2,9,1,7,3,5,8
J?ovEu{^Fg? PAIR C1=0,6,1,10,2,5,9,3,8,4,7 C2=0,4,1,9,2,6,7,3,10,5,8
J?ovEu{^Fc? PAIR C1=0,6,1,10,2,5,9,3,8,4,7 C2=0,4,1,9,2,8,5,3,7,6,10
J?ovEuu^Fo? PAIR C1=0,6,8,3,9,5,2,10,4,1,7 C2=0,4,7,6,1,9,2,8,5,3,10
J?ovEs}|Fo? PAIR C1=0,6,8,3,9,5,2,10,4,1,7 C2=0,4,7,6,1,9,2,8,5,3,10
J?ovDv[|Bs? PAIR C1=0,6,7,2,10,4,1,8,3,5,9 C2=0,4,8,5,2,9,1,6,10,3,7
J?ovDv[^Fg? PAIR C1=0,6,7,3,10,2,5,9,4,1,8 C2=0,4,7,2,6,1,9,3,8,5,10
J?ovDv[^Fc? PAIR C1=0,6,7,2,10,3,5,9,4,1,8 C2=0,4,7,3,8,5,2,9,1,6,10
J?ovDl{vFo? PAIR C1=0,6,7,3,8,1,4,10,2,5,9 C2=0,4,8,5,7,2,6,1,9,3,10
J?ouVq{\fc? PAIR C1=0,6,9,2,10,3,7,1,4,8 C2=0,4,7,2,8,3,9,1,6,10
J?ouVo}|Fc? PAIR C1=0,6,1,7,4,8,3,10,2,9 C2=0,4,6,8,2,7,3,9,1,10
J?ouVjsmbs? PAIR C1=0,7,1,6,4,9,2,10,3,8 C2=0,4,10,1,8,2,7,3,9,6
J?ouTzs{bs? PAIR C1=0,4,7,3,10,2,9,6,1,8 C2=0,6,4,10,1,9,3,8,2,7
J?ouTx{{fg? PAIR C1=0,7,4,6,1,8,3,10,2,9 C2=0,6,9,3,7,2,8,4,1,10
J?ouTxy|Fg? PAIR C1=0,6,1,9,2,10,3,8,4,7 C2=0,9,3,7,2,8,6,4,1,10
J?ouTxu|Fo? PAIR C1=0,7,4,6,1,8,3,10,2,9 C2=0,6,8,2,7,3,9,1,4,10
J?ouP~s|Fo? PAIR C1=0,8,1,6,4,7,3,10,2,9 C2=0,6,7,2,8,3,9,1,4,10
J?otVrs\ek? PAIR C1=0,4,6,9,2,8,1,7,3,5,10 C2=0,6,10,1,4,7,2,5,9,3,8
J?otVjsubk? PAIR C1=0,4,6,9,3,8,2,5,10,1,7 C2=0,6,10,2,7,3,5,8,1,4,9
J?otUzs{bs? PAIR C1=0,6,4,7,1,10,3,9,2,8 C2=0,7,3,8,1,4,10,2,6,9
J?otUzs\fo? PAIR C1=0,6,2,9,5,3,8,1,7,4,10 C2=0,7,3,9,6,4,1,10,2,5,8
J?otUzs\fc? PAIR C1=0,4,7,1,10,3,9,5,8,2,6 C2=0,7,5,3,8,1,4,6,9,2,10
J?otRzs{ek? PAIR C1=0,4,6,2,8,5,7,1,10,3,9 C2=0,6,9,2,7,4,1,8,3,5,10
J?otRzY|Fc? PAIR C1=0,8,1,10,2,6,4,7,3,5,9 C2=0,4,1,7,5,2,9,3,8,6,10
J?otVduvFo? PAIR C1=0,9,5,3,7,6,4,1,8,2,10 C2=0,4,9,3,10,1,7,2,5,8,6
J?otRvs|Ek? PAIR C1=0,6,7,4,1,9,2,8,3,5,10 C2=0,4,6,2,7,1,10,3,9,5,8
J?otUns^Fo? PAIR C1=0,4,6,7,3,8,2,5,9,1,10 C2=0,6,2,10,3,9,4,1,7,5,8
J?otUly|Fo? PAIR C1=0,4,6,7,3,5,9,2,8,1,10 C2=0,6,8,4,1,7,5,2,10,3,9
J?otQ~w|Fc? PAIR C1=0,8,2,9,5,3,7,4,1,10 C2=0,4,8,3,10,2,5,7,1,9
J?otQ~s|Fo? PAIR C1=0,9,2,5,3,8,1,7,4,10 C2=0,4,1,9,5,7,3,10,2,8
J?otQ~s|Fc? PAIR C1=0,9,3,5,2,8,1,4,7,6,10 C2=0,4,6,2,10,1,9,5,7,3,8
J?opvjsyek? PAIR C1=0,4,1,8,2,9,6,10,5,3,7 C2=0,8,3,10,1,7,5,2,6,4,9
J?opvjsrfc? PAIR C1=0,4,1,9,6,10,2,8,5,3,7 C2=0,8,3,10,1,7,5,2,6,4,9
J?opvZstfc? PAIR C1=0,7,2,5,9,1,8,3,10 C2=0,8,2,10,1,7,5,3,9
J?opvZ[{fg? PAIR C1=0,4,8,5,10,3,6,2,9,1,7 C2=0,8,3,5,7,2,10,1,4,6,9
J?opvV[|Fg? PAIR C1=0,7,1,10,3,5,8,4,6,2,9 C2=0,8,1,4,7,6,3,9,5,2,10
J?opvNs}Ek? PAIR C1=0,8,2,6,7,1,10,3,9 C2=0,7,2,9,1,8,3,6,10
J?ovfR[nBe? PAIR C1=0,6,2,9,3,5,8,1,10,7 C2=0,8,3,10,6,1,7,2,5,9
J?ovfQu^Ei? PAIR C1=0,6,1,9,3,8,2,5,10,7 C2=0,8,6,3,5,9,2,7,1,10
J?ovfQuVVg? PAIR C1=0,6,2,8,3,5,10,1,9,7 C2=0,8,6,1,7,2,5,9,3,10
J?ovfRTnBw? PAIR C1=0,4,7,2,9,3,5,8,1,6 C2=0,7,1,4,9,5,2,6,3,8
J?ovfQtvBw? PAIR C1=0,7,2,6,1,4,9,3,5,8 C2=0,4,7,1,9,5,2,8,3,6
J?ovfQtvBs? PAIR C1=0,7,2,6,1,4,9,3,5,8 C2=0,4,7,1,9,5,2,8,3,6
J?ovfQ\^Fg? PAIR C1=0,6,1,4,8,5,3,9,2,7 C2=0,4,7,1,9,5,2,6,3,8
J?ovfO||Ek? PAIR C1=0,7,2,6,1,4,8,5,3,9 C2=0,4,7,1,9,5,2,8,3,6
J?ovfO|vFg? PAIR C1=0,7,2,6,1,4,8,5,3,9 C2=0,4,7,1,9,5,2,8,3,6
J?ovfO|vFc? PAIR C1=0,7,2,6,1,4,8,5,3,9 C2=0,4,7,1,9,5,2,8,3,6
J?ovdrkvBe? PAIR C1=0,4,1,6,2,7,3,9,5,8 C2=0,6,3,5,2,8,1,9,4,7
J?ovdrkvBM? PAIR C1=0,4,1,6,2,7,3,9,5,8 C2=0,6,3,5,2,8,1,9,4,7
J?ovdrdvBw? PAIR C1=0,4,1,6,2,7,3,9,5,8 C2=0,6,3,5,2,8,1,9,4,7
J?ovdrL^Fg? PAIR C1=0,6,1,4,8,7,3,9,2,5,10 C2=0,7,4,9,5,3,6,2,10,1,8
J?ovdplvFg? PAIR C1=0,7,2,6,1,4,8,5,9,3,10 C2=0,6,3,5,2,10,1,8,7,4,9
J?oveZwnBe? PAIR C1=0,8,4,1,6,2,10,7,5,3,9 C2=0,6,3,10,1,8,2,5,9,4,7
J?oveZs}@u? PAIR C1=0,4,1,7,10,6,2,9,3,8 C2=0,6,3,10,2,8,1,9,4,7
J?oveZqnBw? PAIR C1=0,6,1,4,7,5,2,9,3,8 C2=0,4,9,5,3,6,2,8,1,7
J?oveZqnBq? PAIR C1=0,6,1,4,7,5,2,9,3,8 C2=0,4,9,5,3,6,2,8,1,7
J?oveW|}Fg? PAIR C1=0,6,2,9,3,8,7,4,1,10 C2=0,7,1,6,3,10,2,8,4,9
J?oveW|}Fc? PAIR C1=0,6,2,9,3,8,7,4,1,10 C2=0,7,1,6,3,10,2,8,4,9
J?ovdZ[}Be? PAIR C1=0,6,1,4,7,10,2,9,3,8 C2=0,7,2,6,3,10,1,8,4,9
J?ovdZ[}Am? PAIR C1=0,4,1,8,5,7,2,9,3,6 C2=0,7,4,9,1,6,2,5,3,8
J?ovdZqvBw? PAIR C1=0,6,8,1,4,10,2,7,5,3,9 C2=0,7,4,9,1,6,2,5,10,3,8
J?ovdZqvBq? PAIR C1=0,4,1,10,2,7,5,9,3,6 C2=0,7,4,10,3,5,2,6,1,9
J?ovdX\}Fg? PAIR C1=0,4,9,1,10,2,7,5,3,6 C2=0,7,4,1,6,2,5,10,3,9
J?ovUrs|@u? PAIR C1=0,7,4,1,6,2,10,3,9,5,8 C2=0,6,4,10,7,1,8,3,5,2,9
J?ovUqu|Bq? PAIR C1=0,4,7,1,9,2,10,3,5,8,6 C2=0,7,10,4,1,6,2,5,9,3,8
J?ovUqu|Bi? PAIR C1=0,4,6,8,5,3,9,2,10,1,7 C2=0,8,3,10,7,4,1,6,2,5,9
J?ovUqu^Fg? PAIR C1=0,4,6,2,10,3,5,9,1,7 C2=0,6,1,4,7,3,9,2,5,10
J?ovUqu^Fa? PAIR C1=0,4,1,9,5,3,8,6,2,10,7 C2=0,8,5,2,9,4,6,1,7,3,10
J?ovUo}|Fg? PAIR C1=0,7,4,1,10,2,6,8,3,5,9 C2=0,6,4,8,5,2,9,1,7,3,10
J?ovUo}|Fa? PAIR C1=0,7,4,1,10,2,6,8,3,5,9 C2=0,6,4,8,5,2,9,1,7,3,10
J?ovTr[\Vg? PAIR C1=0,4,6,2,10,1,8,3,5,9,7 C2=0,6,1,9,2,5,8,4,7,3,10
J?ovTrU|Bq? PAIR C1=0,6,2,10,7,4,1,9,5,3,8 C2=0,7,3,10,4,6,1,8,5,2,9
J?ovTpu|Ew? PAIR C1=0,9,5,3,8,2,6,4,1,10 C2=0,4,10,3,9,2,5,8,1,6
J?ovTpu|Ei? PAIR C1=0,7,10,3,8,1,4,6,2,5,9 C2=0,4,7,3,9,2,8,5,10,1,6
J?ovTp]|Fa? PAIR C1=0,7,10,3,5,2,6,4,8,1,9 C2=0,4,7,3,8,5,9,2,10,1,6
J?ovTrT^Fg? PAIR C1=0,4,6,2,5,9,3,8,1,10 C2=0,6,1,4,9,2,10,3,5,8
J?ovTpt|Ek? PAIR C1=0,7,8,2,5,3,9,1,4,6,10 C2=0,4,7,3,10,1,8,5,9,2,6
J?ovTp\|Fg? PAIR C1=0,7,8,4,6,1,9,3,5,2,10 C2=0,4,7,3,10,1,8,5,9,2,6
J?ovUjwnBe? PAIR C1=0,6,1,4,9,3,8,2,10,7 C2=0,4,8,1,7,3,10,6,2,9
J?ovUjs}@u? PAIR C1=0,6,1,4,9,3,5,8,2,10,7 C2=0,4,6,10,3,8,1,7,5,2,9
J?ovUjqnBw? PAIR C1=0,4,9,3,5,10,1,6,2,8 C2=0,6,4,1,8,3,10,2,5,9
J?ovUjqnBq? PAIR C1=0,4,10,3,5,9,2,6,1,7 C2=0,6,4,1,10,2,5,7,3,9
J?ovUit^Fo? PAIR C1=0,4,10,3,5,9,2,6,1,7 C2=0,6,4,1,9,3,7,5,2,10
J?ovUit^Fc? PAIR C1=0,4,9,2,8,5,3,10,6,1,7 C2=0,6,4,1,9,3,8,7,5,2,10
J?ovUit]fo? PAIR C1=0,7,1,6,4,9,2,8,5,3,10 C2=0,4,1,10,2,5,7,8,3,9,6
J?ovTjw|Au? PAIR C1=0,8,1,6,10,7,3,5,2,9 C2=0,6,2,8,3,10,1,9,5,7
J?ovTjwvBe? PAIR C1=0,7,3,5,2,10,6,4,9,1,8 C2=0,4,1,10,7,5,9,3,8,2,6
J?ovTjwvAm? PAIR C1=0,8,4,1,6,10,7,3,5,9 C2=0,6,4,9,3,8,1,10,5,7
J?ovTjY|Bq? PAIR C1=0,4,8,6,2,5,3,7,10,1,9 C2=0,6,4,1,8,3,10,2,9,5,7
J?ovTjY^Fg? PAIR C1=0,4,8,6,2,9,1,10,5,3,7 C2=0,6,4,1,8,3,9,5,7,2,10
J?ovTjY^Fa? PAIR C1=0,4,8,6,1,9,2,5,3,10,7 C2=0,6,4,1,8,3,9,5,7,2,10
J?ovTjY\Vo? PAIR C1=0,4,8,6,1,10,3,5,2,9,7 C2=0,6,4,1,8,3,9,5,7,2,10
J?ovPzs|Ee? PAIR C1=0,4,1,9,5,3,7,10,6,2,8 C2=0,6,4,7,5,2,9,3,8,1,10
J?ovPzq|Ei? PAIR C1=0,4,6,2,8,1,10,7,5,3,9 C2=0,6,1,4,7,2,9,5,10,3,8
J?ovPzY|Fg? PAIR C1=0,4,6,8,1,9,3,5,7,2,10 C2=0,6,2,9,5,10,1,4,7,3,8
J?ovPzY|Fa? PAIR C1=0,4,6,8,1,9,3,5,7,2,10 C2=0,8,3,10,7,4,1,6,2,5,9
J?ovPzU}Fa? PAIR C1=0,4,6,2,7,10,3,5,8,1,9 C2=0,6,8,3,9,2,5,7,4,1,10
J?ovPzT|Fo? PAIR C1=0,4,6,2,7,3,5,8,1,9 C2=0,6,1,4,7,5,2,9,3,8
J?otrrs|EM? PAIR C1=0,4,6,2,7,10,5,3,8,1,9 C2=0,6,10,1,4,7,3,9,5,2,8
J?otrre|Ew? PAIR C1=0,4,10,5,3,7,2,6,8,1,9 C2=0,8,2,5,9,3,6,4,7,1,10
J?otrre|Ei? PAIR C1=0,4,6,3,5,10,7,2,8,1,9 C2=0,8,6,2,5,9,3,7,4,1,10
J?otvJwvBk? PAIR C1=0,4,6,3,5,7,2,8,1,9 C2=0,6,2,5,9,3,8,4,1,7
J?otvJwvBe? PAIR C1=0,4,6,3,5,7,2,8,1,9 C2=0,6,2,5,9,3,8,4,1,7
J?otvJwvAm? PAIR C1=0,4,6,3,5,7,2,8,1,9 C2=0,6,2,5,9,3,8,4,1,7
J?otvJqvBw? PAIR C1=0,4,6,2,7,5,3,9,1,8 C2=0,6,3,8,2,5,9,4,1,7
J?otvJqvBq? PAIR C1=0,4,6,2,7,5,3,9,1,8 C2=0,6,3,8,2,5,9,4,1,7
J?otvJY|Bq? PAIR C1=0,6,4,8,1,9,3,5,2,7 C2=0,4,1,7,5,9,2,6,3,8
J?otvJY^Fg? PAIR C1=0,6,4,8,1,9,3,5,2,7 C2=0,4,1,7,5,9,2,6,3,8
J?otvJY^Fa? PAIR C1=0,6,4,8,1,9,3,5,2,7 C2=0,4,1,7,5,9,2,6,3,8
J?otvHyvFg? PAIR C1=0,7,2,5,3,6,4,8,1,9 C2=0,4,1,7,5,9,3,8,2,6
J?otvHyvFa? PAIR C1=0,7,2,5,3,6,4,8,1,9 C2=0,4,1,7,5,9,3,8,2,6
J?ou\rw|Be? PAIR C1=0,8,4,6,1,10,7,2,5,3,9 C2=0,4,1,8,2,9,5,6,10,3,7
J?ou\rw\Vg? PAIR C1=0,7,2,8,4,6,1,9,3,5,10 C2=0,6,5,9,2,10,3,7,4,1,8
J?ou\rw\Vc? PAIR C1=0,6,4,8,2,5,3,9,1,10 C2=0,4,1,6,5,9,2,10,3,8
J?ou\rq|Bw? PAIR C1=0,8,2,5,3,10,4,6,1,9 C2=0,4,1,8,3,9,2,10,5,6
J?ou\pu|Fo? PAIR C1=0,6,4,10,3,5,2,8,1,9 C2=0,4,1,6,5,8,3,9,2,10
J?ou\pu|Fa? PAIR C1=0,7,2,8,6,5,3,10,1,9 C2=0,6,1,8,5,2,9,3,7,10
J?ou\rp|Bs? PAIR C1=0,4,6,1,9,5,3,8,2,7 C2=0,6,5,2,9,3,7,4,1,8
J?ou\rp^Fg? PAIR C1=0,4,6,1,9,5,3,8,2,7 C2=0,6,5,2,9,3,7,4,1,8
J?ou\rp^Fc? PAIR C1=0,4,6,1,9,5,3,8,2,7 C2=0,6,5,2,9,3,7,4,1,8
J?ouXzw{Vg? PAIR C1=0,8,2,7,3,5,6,4,1,9 C2=0,4,7,5,2,9,3,8,1,6
J?ot]rw|Be? PAIR C1=0,7,3,9,1,4,6,5,2,8 C2=0,4,7,1,8,3,5,9,2,6
J?ot]p{{Vc? PAIR C1=0,4,8,5,2,6,10,1,9,3,7 C2=0,6,5,3,8,1,4,7,9,2,10
J?ot]pu|Fo? PAIR C1=0,6,2,8,1,9,3,10,4,7 C2=0,4,6,8,3,7,1,10,2,9
J?ot]pu|Fa? PAIR C1=0,4,7,10,3,9,1,8,2,6 C2=0,7,3,8,6,4,1,10,2,9
J?ot]rp|Bw? PAIR C1=0,4,7,3,9,1,8,2,5,6 C2=0,7,1,4,6,2,9,5,3,8
J?ot]rp|Bs? PAIR C1=0,4,7,3,9,1,8,2,5,6 C2=0,7,1,4,6,2,9,5,3,8
J?ot]pt}Fg? PAIR C1=0,4,7,1,9,3,8,2,5,6 C2=0,7,3,5,8,1,4,6,2,9
J?ot]pt}Fc? PAIR C1=0,4,7,1,9,3,8,2,5,6 C2=0,7,3,5,8,1,4,6,2,9
J?otZrs|Es? PAIR C1=0,6,5,2,8,3,10,4,1,9 C2=0,4,6,2,9,3,5,8,1,10
J?otZrs|Ee? PAIR C1=0,4,7,1,10,3,8,5,6,2,9 C2=0,6,4,1,8,2,5,9,3,7,10
J?otZrq|Ew? PAIR C1=0,4,7,1,10,3,8,6,5,2,9 C2=0,6,4,1,8,2,7,3,9,5,10
J?otZrq|Ei? PAIR C1=0,4,7,1,10,3,8,6,5,2,9 C2=0,6,4,1,8,2,7,3,9,5,10
J?otZrU|Fo? PAIR C1=0,4,7,1,10,3,8,6,5,2,9 C2=0,6,4,1,8,5,9,3,7,2,10
J?otZrp|Ew? PAIR C1=0,4,7,1,10,3,5,6,2,8 C2=0,6,4,1,8,3,7,2,5,10
J?otZrp|Ek? PAIR C1=0,4,7,1,10,3,5,6,2,8 C2=0,6,4,1,8,3,7,2,5,10
J?otZrpvFc? PAIR C1=0,4,7,1,8,2,6,5,3,9 C2=0,6,4,1,9,5,2,7,3,8
J?otZrX|Fg? PAIR C1=0,8,1,10,2,7,4,6,5,3,9 C2=0,4,1,7,8,3,10,5,9,2,6
J?otZrX|Fc? PAIR C1=0,8,4,7,1,10,2,6,5,3,9 C2=0,4,1,9,5,2,7,8,3,10,6
J?otYzw{fg? PAIR C1=0,6,4,1,10,5,2,8,3,9 C2=0,4,8,1,9,2,6,5,3,10
J?qvFb[Nbs? PAIR C1=0,5,3,9,2,6,10,1,4,8 C2=0,4,9,5,2,10,3,8,1,6
J?qvFa{]_}? PAIR C1=0,6,2,9,3,5,10,4,8 C2=0,4,9,6,10,3,8,2,5
J?qvFa{V`u? PAIR C1=0,6,2,5,9,3,10,4,8 C2=0,4,9,6,10,2,8,3,5
J?qvF`{Nes? PAIR C1=0,5,9,3,8,2,7,1,4,10,6 C2=0,4,9,6,2,5,8,1,10,3,7
J?qvF`{Ncu? PAIR C1=0,6,2,5,9,3,10,7 C2=0,5,3,7,2,9,6,10
J?qvF`{Nau? PAIR C1=1,4,8,2,5,9,3,10,7 C2=1,8,5,3,7,2,9,4,10
J?qvFa]^Bs? PAIR C1=0,7,1,4,10,3,5,9,2,6,8 C2=0,4,8,5,2,7,3,9,1,10,6
J?qvFa]^@u? PAIR C1=0,6,2,7,1,4,10,3,9,5,8 C2=0,4,8,3,5,2,9,1,6,10,7
J?qvBrsma{? PAIR C1=0,5,3,10,4,1,7,2,6,9 C2=0,4,7,3,9,2,5,10,1,6
J?qvBrsm_}? PAIR C1=0,8,5,3,10,4,1,7,2,6,9 C2=0,4,7,10,5,2,9,3,8,1,6
J?qvBrs]cu? PAIR C1=0,5,3,8,2,7,1,4,9,6,10 C2=0,4,7,10,3,9,2,5,8,1,6
J?qvBrsfbs? PAIR C1=0,5,3,7,1,4,10,6,2,8 C2=0,4,7,2,5,8,3,10,1,6
J?qvBrsf`u? PAIR C1=0,5,3,7,1,4,9,6,2,8 C2=0,4,7,2,5,9,3,8,1,6
J?qvBrsNes? PAIR C1=0,5,3,7,1,4,9,6,2,8 C2=0,4,7,2,5,9,3,8,1,6
J?qvBrsNee? PAIR C1=0,5,3,7,1,4,9,6,2,8 C2=0,4,7,2,5,9,3,8,1,6
J?qvBrsNcu? PAIR C1=0,5,3,7,1,4,9,6,2,8 C2=0,4,7,2,5,9,3,8,1,6
J?qvBr[]de? PAIR C1=0,5,3,7,10,2,9,6,1,4,8 C2=0,4,7,2,5,8,1,9,3,10,6
J?qvBr[lbs? PAIR C1=0,5,3,9,6,2,7,1,10,4,8 C2=0,4,7,3,10,6,1,8,5,2,9
J?qvBr[l`u? PAIR C1=0,5,3,9,6,2,10,7,1,4,8 C2=0,4,7,3,10,6,1,8,5,2,9
J?qvBq{\es? PAIR C1=0,5,3,9,6,2,7,1,4,8 C2=0,4,7,3,8,5,2,9,1,6
J?qvBq{\ee? PAIR C1=0,5,3,9,6,2,7,1,4,8 C2=0,4,7,3,8,5,2,9,1,6
J?qvBp{lee? PAIR C1=0,4,8,5,3,9,2,6,1,7,10 C2=0,5,2,7,4,1,8,3,10,6,9
J?qvBrqnA{? PAIR C1=0,4,1,7,3,9,2,8,6,10,5 C2=0,6,1,8,3,10,4,7,2,5,9
J?qvBrqn?}? PAIR C1=0,4,1,7,3,9,2,8,6,10,5 C2=0,6,1,8,3,10,4,7,2,5,9
J?qvBrqVdq? PAIR C1=0,4,10,3,5,2,7,1,9,6,8 C2=0,5,9,3,8,1,4,7,10,2,6
J?qvBrqNew? PAIR C1=0,6,8,2,5,3,7,1,4,10 C2=0,4,7,2,6,1,8,3,10,5
J?qvBrqNei? PAIR C1=0,8,2,9,6,1,7,3,5,10 C2=0,5,9,3,8,1,10,7,2,6
J?qvBrY|@u? PAIR C1=0,6,10,7,4,1,8,3,5,2,9 C2=0,4,8,6,1,7,2,10,3,9,5
J?qvBrYnBe? PAIR C1=0,6,10,7,4,1,8,3,5,2,9 C2=0,4,8,6,1,7,2,10,3,9,5
J?qvBrY^De? PAIR C1=0,5,3,8,1,4,9,2,7,10,6 C2=0,4,8,6,1,7,3,9,5,2,10
J?qvBrY\dq? PAIR C1=0,5,3,8,1,4,10,7,2,9,6 C2=0,4,8,6,1,7,3,9,5,2,10
J?qvBrYNfa? PAIR C1=0,5,3,10,7,2,9,4,1,8,6 C2=0,4,8,3,7,1,6,9,5,2,10
J?qvBpytdq? PAIR C1=0,5,3,8,1,4,10,7,2,6,9 C2=0,4,8,6,1,7,3,9,5,2,10
J?qvBrUnBs? PAIR C1=0,5,3,10,4,7,1,8,6,2,9 C2=0,4,1,6,10,2,7,3,9,5,8
J?qvBrUnBe? PAIR C1=0,6,1,4,7,10,2,5,8,3,9 C2=0,4,9,5,3,10,1,7,2,6,8
J?qvBrUmbw? PAIR C1=0,6,1,8,5,3,10,4,7,2,9 C2=0,4,9,3,7,1,10,5,2,6,8
J?qvBquubw? PAIR C1=0,6,2,8,5,3,10,4,7,1,9 C2=0,4,9,3,7,2,5,10,1,6,8
J?qvBqu]ei? PAIR C1=0,6,2,8,5,3,9,1,4,7,10 C2=0,4,9,6,1,10,5,2,7,3,8
J?qvBpumew? PAIR C1=0,6,2,8,5,10,1,4,7,3,9 C2=0,4,9,6,8,1,7,2,5,3,10
J?qvBpumei? PAIR C1=0,6,2,8,5,10,1,4,7,3,9 C2=0,4,9,6,8,1,7,2,5,3,10
J?qvBq]{bw? PAIR C1=0,5,8,3,7,4,10,1,6,2,9 C2=0,4,1,7,2,5,10,3,9,6,8
J?qvBq]]fa? PAIR C1=0,5,8,4,1,7,3,10,2,6 C2=0,4,7,2,5,3,8,6,1,10
J?qvBp]}De? PAIR C1=0,5,3,7,1,8,4,9,2,10,6 C2=0,4,1,6,8,5,2,7,10,3,9
J?qvBp]lfo? PAIR C1=0,5,3,7,1,8,4,10,2,9,6 C2=0,4,7,2,5,8,6,1,10,3,9
J?qvBp]lfa? PAIR C1=0,5,3,8,4,1,7,10,2,9,6 C2=0,4,7,2,5,8,6,1,10,3,9
J?qvBp]ldq? PAIR C1=0,6,2,9,5,3,8,1,7,4,10 C2=0,4,1,6,8,5,2,7,10,3,9
J?qvBpxtds? PAIR C1=0,6,2,10,4,8,3,7,1,9 C2=0,4,7,2,8,1,6,9,3,10
J?qvBpxt`{? PAIR C1=0,6,1,4,8,2,7,3,5,9 C2=0,4,7,1,8,3,9,6,2,5
J?qvBpxla{? PAIR C1=0,6,1,4,8,2,7,3,5,9 C2=0,4,7,1,8,3,9,6,2,5
J?qvBpxffc? PAIR C1=0,6,1,4,8,2,7,3,5,9 C2=0,4,7,1,8,3,9,6,2,5
J?qvBj[mbs? PAIR C1=0,6,1,4,9,2,7,5,3,8 C2=0,4,8,1,7,3,9,6,2,5
J?qvBi{ubs? PAIR C1=0,6,2,10,3,5,7,1,4,9 C2=0,4,10,1,6,9,3,7,2,5
J?qvBi{u`u? PAIR C1=0,4,1,9,6,2,5,7,3,8 C2=0,5,3,9,4,8,2,7,1,6
J?qvBi{]cu? PAIR C1=0,4,1,9,6,2,5,7,3,8 C2=0,5,3,9,4,8,2,7,1,6
J?qvBh{mcu? PAIR C1=0,4,1,8,3,7,5,2,6,9 C2=0,5,3,9,4,8,2,7,1,6
J?qvBh{ers? PAIR C1=0,4,1,8,3,7,5,2,6,9 C2=0,5,3,9,4,8,2,7,1,6
J?qvBjY}?}? PAIR C1=0,4,1,6,8,3,7,5,2,9 C2=0,5,3,9,4,8,1,7,2,6
J?qvBjYmbw? PAIR C1=0,4,1,6,8,3,7,5,2,9 C2=0,5,3,9,4,8,1,7,2,6
J?qvBi]}Bs? PAIR C1=0,4,1,10,3,7,5,8,6,2,9 C2=0,5,2,7,1,9,3,8,4,10,6
J?qvBg}ufo? PAIR C1=0,4,9,1,6,2,8,5,7,3,10 C2=0,5,2,7,1,10,4,8,3,9,6
J?qvBi\]fo? PAIR C1=0,4,9,1,7,5,3,10,2,6 C2=0,5,2,7,3,9,6,1,4,10
J?qvAzsmbs? PAIR C1=0,6,1,4,7,5,3,10,2,9 C2=0,4,10,1,7,3,9,6,2,5
J?qvAzsm`u? PAIR C1=0,6,1,4,7,5,8,3,10,2,9 C2=0,4,10,6,9,3,7,1,8,2,5
J?qvAy{{bs? PAIR C1=0,6,9,2,10,1,4,7,5,3,8 C2=0,5,2,8,4,10,6,1,7,3,9
J?qvAzq}@{? PAIR C1=0,6,10,5,3,7,1,4,9,2,8 C2=0,5,7,4,10,2,6,1,8,3,9
J?qvAzq}@u? PAIR C1=0,5,2,9,1,4,7,3,10,6 C2=0,4,10,2,6,1,7,5,3,9
J?qvAzqmbw? PAIR C1=0,4,10,3,7,1,6,9,2,5 C2=0,6,2,10,1,4,7,5,3,9
J?qvAzqmbq? PAIR C1=0,4,10,3,7,1,6,9,2,5 C2=0,6,2,10,1,4,7,5,3,9
J?qvAzq]dq? PAIR C1=0,5,3,7,4,1,6,9,2,8 C2=0,4,9,3,8,1,7,5,2,6
J?qvAyy}Bk? PAIR C1=0,5,3,10,2,9,4,7,1,6 C2=0,4,1,10,6,2,5,7,3,9
J?qvAyy}Be? PAIR C1=0,5,3,10,2,9,4,7,1,6 C2=0,4,1,10,6,2,5,7,3,9
J?qvAxy}De? PAIR C1=0,4,8,6,2,9,1,7,10,3,5 C2=0,6,10,2,5,7,4,1,8,3,9
J?qvAyu}Bs? PAIR C1=0,5,7,3,10,1,4,9,2,6,8 C2=0,4,7,1,9,3,8,5,2,10,6
J?qvAyu}Be? PAIR C1=0,5,7,3,10,1,4,9,2,6,8 C2=0,4,7,1,9,3,8,5,2,10,6
J?qvAyu}@u? PAIR C1=0,5,7,3,10,4,1,9,2,6,8 C2=0,4,7,1,6,10,2,5,8,3,9
J?qvAyu]Vo? PAIR C1=0,5,7,4,1,9,2,6,8,3,10 C2=0,4,10,2,8,5,3,9,7,1,6
J?qvAxumdq? PAIR C1=0,5,7,4,1,8,6,2,9,3,10 C2=0,6,1,7,3,5,8,2,10,4,9
J?qvAxumVo? PAIR C1=0,5,7,4,1,8,6,2,9,3,10 C2=0,6,1,7,3,5,8,2,10,4,9
J?qvAxxmfg? PAIR C1=0,5,7,4,1,8,3,9,2,6 C2=0,4,8,2,5,3,7,1,6,9
J?qvEe{^Bs? PAIR C1=0,5,3,9,1,4,8,2,6,7 C2=0,4,9,2,5,8,3,7,1,6
J?qvEdy^Dq? PAIR C1=0,4,9,1,8,3,5,2,6,7,10 C2=0,5,9,2,8,4,10,3,7,1,6
J?qvEdyNVo? PAIR C1=0,4,9,7,6,2,5,3,8,1,10 C2=0,5,9,2,8,4,10,3,7,1,6
J?qvEcz^Fo? PAIR C1=0,7,8,6,2,5,3,9,4,1,10 C2=0,5,9,2,8,4,10,3,7,1,6
J?qvCt{^Fc? PAIR C1=0,6,2,5,3,9,4,8,1,10 C2=0,4,1,6,10,3,8,2,9,5
J?qvCt{^Fa? PAIR C1=0,7,6,2,5,8,1,4,9,3,10 C2=0,4,8,2,9,5,3,7,10,1,6
J?qvCtx^Fc? PAIR C1=0,5,3,8,1,4,9,2,6,10 C2=0,4,8,2,5,9,3,10,1,6
J?qvCtt]fo? PAIR C1=0,6,2,9,4,1,8,5,3,10 C2=0,4,10,1,6,9,3,8,2,5
J?qvAvw|@{? PAIR C1=0,5,3,8,1,4,7,6,2,9 C2=0,4,8,2,5,9,3,7,1,6
J?qvAvw^De? PAIR C1=0,8,1,4,7,3,5,9,2,6,10 C2=0,5,2,8,4,9,3,10,7,1,6
J?qvAu{|Bs? PAIR C1=0,4,1,10,6,2,9,5,3,8 C2=0,5,2,8,4,10,3,9,1,6
J?qvAvq^Dq? PAIR C1=0,4,1,9,2,5,3,8,6,7,10 C2=0,5,9,4,10,3,7,1,8,2,6
J?qvAty|Dq? PAIR C1=0,5,3,8,6,2,9,1,4,7,10 C2=0,6,1,7,3,10,4,8,2,5,9
J?qvAtynFa? PAIR C1=0,4,7,6,1,8,3,9,2,5 C2=0,6,2,8,4,1,7,3,5,9
J?qvAtx|Ds? PAIR C1=0,4,7,6,1,8,3,9,2,5 C2=0,6,2,8,4,1,7,3,5,9
J?qvAtxnFc? PAIR C1=0,4,7,6,1,8,3,9,2,5 C2=0,6,2,8,4,1,7,3,5,9
J?qvAtxlfo? PAIR C1=0,4,7,6,1,8,3,9,2,5 C2=0,6,2,8,4,1,7,3,5,9
J?qvAsz|Fo? PAIR C1=0,6,1,4,10,3,8,2,5,9 C2=0,4,8,6,2,10,1,9,3,5
J?qv@vwvBk? PAIR C1=0,5,3,8,2,10,6,1,4,9 C2=0,4,8,1,10,3,9,5,2,6
J?qv@vwvBi? PAIR C1=0,4,1,6,7,10,5,2,8,3,9 C2=0,5,9,4,8,1,10,3,7,2,6
J?qv@vwvAm? PAIR C1=0,4,1,6,7,10,5,2,8,3,9 C2=0,5,9,4,8,1,10,3,7,2,6
J?qv@vsvBs? PAIR C1=0,4,1,6,7,3,9,5,2,8 C2=0,5,3,8,1,9,4,7,2,6
J?qv@vsvBq? PAIR C1=0,4,1,6,7,3,9,5,2,8 C2=0,5,3,8,1,9,4,7,2,6
J?qv@t{|Ee? PAIR C1=0,4,1,6,7,3,8,2,5,9 C2=0,5,3,9,1,8,4,7,2,6
J?qv@t{vFc? PAIR C1=0,4,1,6,7,3,8,2,5,9 C2=0,5,3,9,1,8,4,7,2,6
J?qv@t{vFa? PAIR C1=0,4,1,6,7,3,8,2,5,9 C2=0,5,3,9,1,8,4,7,2,6
J?qv@vq^Ei? PAIR C1=0,4,1,6,7,3,9,5,2,8 C2=0,5,3,8,1,9,4,7,2,6
J?qv@vU}Bw? PAIR C1=0,4,1,6,7,3,9,2,5,8 C2=0,5,3,8,1,9,4,7,2,6
J?qv@vU]Vo? PAIR C1=0,4,1,6,7,3,9,2,5,8 C2=0,5,3,8,1,9,4,7,2,6
J?qv@tu}Ei? PAIR C1=0,4,1,6,7,10,5,3,8,2,9 C2=0,5,8,1,10,3,9,4,7,2,6
J?qv@tuvFa? PAIR C1=0,4,1,6,7,10,2,8,3,5,9 C2=0,5,8,1,10,3,9,4,7,2,6
J?qv@tuuVo? PAIR C1=0,4,1,6,7,2,5,8,3,9 C2=0,5,3,7,4,9,1,8,2,6
J?qv@vX^Fc? PAIR C1=0,4,1,6,7,2,5,9,3,10 C2=0,5,3,7,4,9,1,10,2,6
J?qv@txvFc? PAIR C1=0,4,1,6,7,2,5,9,3,10 C2=0,5,3,7,4,9,1,10,2,6
J?qtf`{]a]? PAIR C1=0,5,2,9,3,6,10,4,1,7 C2=0,4,9,1,10,5,3,7,2,6
J?qtfbM^Bs? PAIR C1=0,7,1,4,10,6,2,9,3,5,8 C2=0,4,9,5,2,7,3,10,1,8,6
J?qtbrw\eM? PAIR C1=0,4,1,8,2,7,10,6,3,9,5 C2=0,6,2,9,1,10,5,3,7,4,8
J?qtbrw\a]? PAIR C1=0,4,1,8,2,7,10,6,3,9,5 C2=0,6,2,9,1,10,5,3,7,4,8
J?qtbrsya{? PAIR C1=0,4,7,2,8,1,10,6,3,5 C2=0,6,2,5,10,4,1,7,3,8
J?qtbrsZee? PAIR C1=0,4,7,2,9,5,3,6,10,1,8 C2=0,5,2,8,3,10,7,1,4,9,6
J?qtbrevBs? PAIR C1=0,5,9,3,6,10,2,7,4,1,8 C2=0,6,2,8,5,3,7,1,10,4,9
J?qtbre^Ee? PAIR C1=0,4,7,2,5,9,3,6,10,1,8 C2=0,5,3,10,7,1,4,9,2,8,6
J?qtbpuzEs? PAIR C1=0,4,7,1,10,6,3,8,2,9,5 C2=0,6,8,5,2,7,3,10,4,1,9
J?qtbpuzEe? PAIR C1=0,4,1,7,10,6,3,8,2,9,5 C2=0,6,2,5,8,1,10,3,7,4,9
J?qtbrM|Bs? PAIR C1=0,4,8,1,7,3,6,10,2,9,5 C2=0,6,8,5,2,7,4,1,10,3,9
J?qtbpxxa{? PAIR C1=0,4,1,10,6,3,8,2,9,5 C2=0,6,2,5,3,10,4,8,1,9
J?qtfJY]bw? PAIR C1=0,4,9,1,8,3,6,2,10,5 C2=0,6,9,2,5,3,10,1,4,8
J?qtfHy]ew? PAIR C1=0,4,9,2,6,3,8,1,7,5 C2=0,6,8,4,1,9,3,5,2,7
J?qtfH]]fo? PAIR C1=0,4,9,2,6,3,8,1,7,5 C2=0,6,8,4,1,9,3,5,2,7
J?qteXy]fg? PAIR C1=0,4,7,5,10,3,8,1,9,2,6 C2=0,7,1,4,8,6,9,3,5,2,10
J?qteXy]fa? PAIR C1=0,4,9,2,6,8,3,10,1,7,5 C2=0,7,4,8,1,9,6,3,5,2,10
J?qteXx]bk? PAIR C1=0,4,7,1,8,3,10,5,2,9,6 C2=0,5,3,6,2,10,1,9,4,8,7
J?qrfbkfbs? PAIR C1=0,7,1,6,2,5,3,10,4,9 C2=0,4,1,10,2,7,3,6,9,5
J?qrfa{]c]? PAIR C1=0,7,1,4,9,3,6,2,5,10 C2=0,4,10,6,1,9,2,7,3,5
J?qrfa{Zcu? PAIR C1=0,7,1,4,9,5,2,6,3,10 C2=0,4,10,6,1,9,2,7,3,5
J?qrfbMnBs? PAIR C1=0,4,9,5,2,6,1,10,3,7 C2=0,5,3,6,10,4,1,7,2,9
J?qrfbMnBq? PAIR C1=0,4,9,2,6,8,1,10,3,7 C2=0,8,4,10,2,7,1,6,3,9
J?qrfbMn@u? PAIR C1=0,4,1,8,6,2,9,5,3,7 C2=0,5,2,7,1,6,3,9,4,8
J?qrfam^Cu? PAIR C1=0,4,1,6,8,2,5,9,3,7 C2=0,5,3,6,2,7,1,9,4,8
J?qrfamVfo? PAIR C1=0,4,1,6,8,2,5,9,3,7 C2=0,5,3,6,2,7,1,9,4,8
J?qrf_}zEs? PAIR C1=0,7,3,5,2,8,6,1,4,9 C2=0,4,8,3,6,2,7,1,9,5
J?qrf_}rfo? PAIR C1=0,7,3,5,2,8,6,1,4,9 C2=0,4,8,3,6,2,7,1,9,5
J?qrfbLmbw? PAIR C1=0,7,3,10,5,2,6,1,4,9 C2=0,4,10,1,7,2,9,6,3,5
J?qrfbLNfo? PAIR C1=0,4,9,2,6,3,7,1,8,5 C2=0,7,2,5,3,9,6,1,4,8
J?qrfalubw? PAIR C1=0,4,9,3,7,1,6,2,5,8 C2=0,5,3,6,9,1,4,8,2,7
J?qrfalVfo? PAIR C1=0,4,9,3,7,1,6,2,5,8 C2=0,5,3,6,9,1,4,8,2,7
J?qrfaN]bw? PAIR C1=0,4,9,3,7,1,6,2,5,8 C2=0,5,3,6,8,4,1,9,2,7
J?qrfRsNee? PAIR C1=0,4,9,3,8,5,2,6,1,7 C2=0,5,3,6,9,2,7,4,1,8
J?qrfRsNcu? PAIR C1=0,4,9,3,8,5,2,6,1,7 C2=0,5,3,6,9,2,7,4,1,8
J?qrfR[mbi? PAIR C1=0,4,9,3,8,5,2,6,1,7 C2=0,5,3,6,9,2,7,4,1,8
J?qrfR[Nfc? PAIR C1=0,4,9,3,8,5,2,6,1,7 C2=0,5,3,6,9,2,7,4,1,8
J?qrfQ{ubi? PAIR C1=0,4,9,3,8,5,2,6,1,7 C2=0,5,3,6,9,1,4,7,2,8
J?qrfQ{ube? PAIR C1=0,4,9,3,8,5,2,6,1,7 C2=0,5,3,6,9,1,4,7,2,8
J?qrfQ{\es? PAIR C1=0,5,2,9,6,3,8,4,1,7 C2=0,4,7,2,6,1,9,3,5,8
J?qrfQ{\ee? PAIR C1=0,5,2,9,6,3,8,4,1,7 C2=0,4,7,2,6,1,9,3,5,8
J?qrfQ{Vfc? PAIR C1=0,7,1,4,8,5,2,6,9,3,10 C2=0,4,7,2,8,3,6,10,1,9,5
J?qrfP{les? PAIR C1=0,7,1,4,8,5,2,6,9,3,10 C2=0,4,7,2,8,1,10,6,3,5,9
J?qrfP{lee? PAIR C1=0,7,1,4,8,5,2,6,9,3,10 C2=0,4,7,2,8,1,10,6,3,5,9
J?qrfRUnBs? PAIR C1=0,4,9,3,8,5,2,6,1,7 C2=0,5,3,6,8,1,4,7,2,9
J?qrfRUnBq? PAIR C1=0,4,9,3,8,5,2,6,1,7 C2=0,5,3,6,8,1,4,7,2,9
J?qrfQuvBq? PAIR C1=0,4,9,3,8,5,2,6,1,7 C2=0,5,3,6,8,2,7,4,1,9
J?qrfQuvBe? PAIR C1=0,4,9,3,8,5,2,6,1,7 C2=0,5,3,6,8,2,7,4,1,9
J?qrfQuubi? PAIR C1=0,4,9,3,8,5,2,6,1,7 C2=0,5,3,6,8,2,7,4,1,9
J?qrfQuVfo? PAIR C1=0,4,9,3,8,5,2,6,1,7 C2=0,5,3,6,9,1,4,7,2,8
J?qrfQuVfa? PAIR C1=0,4,9,3,8,5,2,6,1,7 C2=0,5,3,6,9,1,4,7,2,8
J?qrfQuVdq? PAIR C1=0,4,9,3,8,5,2,6,1,7 C2=0,5,3,6,9,1,4,7,2,8
J?qrfQ]|@u? PAIR C1=0,7,1,4,8,5,2,6,3,9 C2=0,4,7,2,9,1,6,8,3,5
J?qrfQ]^Fc? PAIR C1=0,7,1,6,2,5,8,4,9,3,10 C2=0,5,9,1,4,7,2,10,6,3,8
J?qrfO}tfo? PAIR C1=0,7,1,4,8,5,2,6,3,10 C2=0,4,7,2,10,1,6,8,3,5
J?qrfO}tfa? PAIR C1=0,7,1,4,8,5,2,6,3,10 C2=0,4,7,2,10,1,6,8,3,5
J?qrfRXlbw? PAIR C1=0,4,8,3,9,5,2,6,1,7 C2=0,5,3,6,9,2,7,4,1,8
J?qrfRXNfg? PAIR C1=0,4,8,3,9,5,2,6,1,7 C2=0,5,3,6,9,2,7,4,1,8
J?qrfRTmbw? PAIR C1=0,4,9,3,8,5,2,6,1,7 C2=0,5,3,6,9,2,7,4,1,8
J?qrfRT]ds? PAIR C1=0,4,9,3,8,5,2,6,1,7 C2=0,5,3,6,9,2,7,4,1,8
J?qrfQtubw? PAIR C1=0,4,9,3,8,5,2,6,1,7 C2=0,5,3,6,9,1,4,7,2,8
J?qrfQt]ek? PAIR C1=0,4,9,3,8,5,2,6,1,7 C2=0,5,3,6,9,1,4,7,2,8
J?qrfQtVfo? PAIR C1=0,4,9,3,8,5,2,6,1,7 C2=0,5,3,6,9,1,4,7,2,8
J?qrfQtVds? PAIR C1=0,4,9,3,8,5,2,6,1,7 C2=0,5,3,6,9,1,4,7,2,8
J?qrfPtuds? PAIR C1=0,7,8,5,2,6,1,4,9,3,10 C2=0,4,7,2,10,6,9,1,8,3,5
J?qrfQ\{bw? PAIR C1=0,4,1,6,2,9,3,10,5,8,7 C2=0,5,2,7,4,10,1,9,6,3,8
J?qrfQ\]fg? PAIR C1=0,4,1,6,2,9,3,10,5,8,7 C2=0,8,4,7,2,5,3,6,9,1,10
J?qrfQ\]fc? PAIR C1=0,7,8,5,2,6,1,4,9,3,10 C2=0,5,3,6,10,1,9,2,7,4,8
J?qrfP\{ds? PAIR C1=0,7,8,4,1,6,2,9,3,10 C2=0,4,7,2,10,6,3,8,1,9
J?qrfP\mfg? PAIR C1=0,7,8,4,1,6,2,9,3,10 C2=0,4,7,2,10,1,8,3,6,9
J?qrfO|{ek? PAIR C1=0,5,10,3,9,2,6,1,4,8,7 C2=0,4,7,2,5,8,3,6,10,1,9
J?qrfO|ufg? PAIR C1=0,5,10,3,9,1,6,2,8,4,7 C2=0,4,1,10,2,7,8,5,3,6,9
J?qrfO|ufc? PAIR C1=0,5,3,9,1,6,2,8,4,7 C2=0,4,1,7,2,5,8,3,6,9
J?qrdrwrbi? PAIR C1=0,5,2,8,4,7,3,6,1,9 C2=0,4,1,8,3,5,9,6,2,7
J?qrdrsrbq? PAIR C1=0,8,2,10,1,6,3,7,4,9 C2=0,4,10,3,8,1,9,6,2,7
J?qrdrsZes? PAIR C1=0,8,2,9,4,7,3,6,1,10 C2=0,4,10,3,8,1,9,6,2,7
J?qrdrsZee? PAIR C1=0,5,2,9,4,7,3,6,1,10 C2=0,4,1,9,5,3,10,6,2,7
J?qrdrktbq? PAIR C1=0,5,8,2,6,1,4,7,3,9 C2=0,4,8,1,9,6,3,5,2,7
J?qrdrqzAy? PAIR C1=0,5,2,8,1,6,3,7,4,9 C2=0,4,1,9,5,3,8,6,2,7
J?qrdrq^EM? PAIR C1=0,5,2,9,4,7,3,6,1,8 C2=0,4,1,9,5,3,8,6,2,7
J?qrdrq^A]? PAIR C1=0,5,2,9,4,7,3,6,1,8 C2=0,4,1,9,5,3,8,6,2,7
J?qrdrivBi? PAIR C1=0,5,3,7,4,9,1,6,2,8 C2=0,4,1,8,6,3,9,5,2,7
J?qrdrivAm? PAIR C1=0,5,3,7,4,9,1,6,2,8 C2=0,4,1,8,6,3,9,5,2,7
J?qrdri\ei? PAIR C1=0,5,2,6,1,9,3,7,4,8 C2=0,4,1,8,6,3,5,9,2,7
J?qrdpy|EM? PAIR C1=0,5,3,7,4,8,2,6,1,9 C2=0,4,1,8,6,3,9,5,2,7
J?qrdpy|A]? PAIR C1=0,5,3,7,4,8,2,6,1,9 C2=0,4,1,8,6,3,9,5,2,7
J?qrdpyxew? PAIR C1=0,5,3,7,4,8,2,6,1,9 C2=0,4,1,8,3,6,9,5,2,7
J?qrdpyxei? PAIR C1=0,5,3,7,4,8,2,6,1,9 C2=0,4,1,8,3,6,9,5,2,7
J?qrdre^Es? PAIR C1=0,5,3,7,4,9,2,6,1,8 C2=0,4,1,9,3,6,8,5,2,7
J?qrdre^Ee? PAIR C1=0,5,3,7,4,9,2,6,1,8 C2=0,4,1,9,3,6,8,5,2,7
J?qrdpu}EM? PAIR C1=0,5,3,7,4,9,2,6,1,10 C2=0,4,1,9,3,6,10,5,2,7
J?qrdpuzEs? PAIR C1=0,5,2,6,1,8,3,7,4,9 C2=0,4,1,9,5,3,6,8,2,7
J?qrdpuzEe? PAIR C1=0,5,2,6,1,8,3,7,4,9 C2=0,4,1,9,5,3,6,8,2,7
J?qrdrM\fo? PAIR C1=0,5,3,7,4,8,1,6,2,10 C2=0,4,1,10,3,6,8,5,2,7
J?qrdrM\fa? PAIR C1=0,5,3,7,4,8,1,6,2,10 C2=0,4,1,10,3,6,8,5,2,7
J?qrdpm{ew? PAIR C1=0,5,3,7,4,8,1,6,2,9 C2=0,4,1,9,3,6,8,5,2,7
J?qrdpm{ei? PAIR C1=0,5,3,7,4,8,1,6,2,9 C2=0,4,1,9,3,6,8,5,2,7
J?qrdpm{ay? PAIR C1=0,5,3,7,4,8,1,6,2,9 C2=0,4,1,9,3,6,8,5,2,7
J?qrdrprbw? PAIR C1=0,5,3,7,4,10,2,6,1,9 C2=0,4,1,10,3,6,9,5,2,7
J?qrdrhtbw? PAIR C1=0,5,3,7,4,10,2,6,1,9 C2=0,4,1,10,3,6,9,5,2,7
J?qrdrh\ek? PAIR C1=0,8,4,7,2,5,3,9,1,10 C2=0,4,1,8,2,9,5,10,3,7
J?qrdrhVfg? PAIR C1=0,4,8,7,2,5,3,9,1,10 C2=0,5,9,4,1,8,2,10,3,7
J?qrdrdubw? PAIR C1=0,4,7,8,1,9,3,10,2,5 C2=0,8,2,7,3,5,10,1,4,9
J?qrdrdVfo? PAIR C1=0,5,2,6,9,3,10,4,1,8 C2=0,4,9,1,6,3,5,8,2,10
J?qrdrdVds? PAIR C1=0,5,2,6,9,3,10,4,1,8 C2=0,4,9,1,6,3,5,8,2,10
J?qrdptrds? PAIR C1=0,7,4,1,8,3,5,2,6,9 C2=0,4,9,1,6,3,7,2,8,5
J?qrdrL{bw? PAIR C1=0,5,3,10,4,7,8,1,6,2,9 C2=0,4,8,5,2,10,1,9,6,3,7
J?qrdrL]fg? PAIR C1=0,5,3,10,1,6,2,9,4,7,8 C2=0,7,3,6,9,1,4,8,5,2,10
J?qrdrL\fo? PAIR C1=0,5,3,9,2,6,1,10,4,7,8 C2=0,7,3,6,9,1,4,8,5,2,10
J?qrdrL\fc? PAIR C1=0,5,3,9,2,6,1,8,4,7 C2=0,4,1,9,6,3,7,2,5,8
J?qrdplufg? PAIR C1=0,5,8,4,7,2,6,3,9,1,10 C2=0,4,9,6,1,8,2,10,5,3,7
J?qrdrbvBw? PAIR C1=0,5,2,10,1,6,3,9,4,7,8 C2=0,4,10,5,3,7,2,6,8,1,9
J?qrdrJ|Bw? PAIR C1=0,4,7,8,6,3,9,1,10,2,5 C2=0,7,3,5,10,4,8,1,6,2,9
J?qrdpjvFg? PAIR C1=0,5,2,8,7,4,9,3,6,1,10 C2=0,7,3,5,10,2,6,8,4,1,9
J?qrdrF^Fo? PAIR C1=0,4,9,3,7,8,5,2,6,1,10 C2=0,5,3,6,8,1,9,2,10,4,7
J?qrdrF^Ds? PAIR C1=0,7,3,9,4,1,6,2,5,8 C2=0,4,7,2,9,1,8,6,3,5
J?qrdpf}Ek? PAIR C1=0,7,2,5,8,6,3,9,4,1,10 C2=0,4,7,3,5,10,6,2,8,1,9
J?qrdpfvFo? PAIR C1=0,7,2,5,8,6,3,9,4,1,10 C2=0,4,10,2,6,1,8,7,3,5,9
J?qrdpN}Fg? PAIR C1=0,7,2,5,8,6,3,9,4,1,10 C2=0,4,8,7,3,5,10,2,6,1,9
J?qrfJ[mbq? PAIR C1=0,4,9,3,6,1,8,5,2,10,7 C2=0,5,3,8,4,10,1,7,2,6,9
J?qrfI{ubq? PAIR C1=0,4,9,1,6,3,10,7,5,2,8 C2=0,5,3,8,4,10,1,7,2,6,9
J?qrfI{u`u? PAIR C1=0,4,1,6,9,3,10,7,5,2,8 C2=0,5,3,8,4,10,6,2,7,1,9
J?qrfI{]cu? PAIR C1=0,4,9,1,6,3,8,2,5,7 C2=0,5,3,9,6,2,7,1,4,8
J?qrfI{Uvo? PAIR C1=0,4,9,1,6,3,8,2,5,7 C2=0,5,3,9,6,2,7,1,4,8
J?qrfIy]ew? PAIR C1=0,4,9,1,6,3,8,2,5,7 C2=0,5,3,9,6,2,7,1,4,8
J?qrfHy}?}? PAIR C1=0,4,9,3,8,1,6,2,5,7 C2=0,5,3,6,8,4,1,7,2,9
J?qrfHyudw? PAIR C1=0,4,9,1,6,2,8,3,5,7 C2=0,5,2,7,1,4,8,6,3,9
J?qrfHyudq? PAIR C1=0,4,9,1,6,2,8,3,5,7 C2=0,5,2,7,1,4,8,6,3,9
J?qrfI]]fo? PAIR C1=0,7,5,3,10,1,6,2,9,4,8 C2=0,4,10,2,7,1,9,3,6,8,5
J?qrfI\]fo? PAIR C1=0,7,5,2,6,9,4,1,10,3,8 C2=0,4,10,2,9,3,6,1,7,8,5
J?qrfH\mfo? PAIR C1=0,4,1,10,3,8,7,5,2,6,9 C2=0,5,8,4,10,2,9,3,6,1,7
J?qrfG|ufo? PAIR C1=0,5,7,8,2,6,3,10,1,4,9 C2=0,4,10,2,5,8,3,9,6,1,7
J?qrdji]ew? PAIR C1=0,4,9,6,3,10,5,2,8 C2=0,5,3,9,2,6,8,4,10
J?qrdjM}Bq? PAIR C1=0,8,5,2,6,3,10,4,1,9 C2=0,4,8,6,1,10,2,9,3,5
J?qrdjL]fo? PAIR C1=0,7,5,2,6,9,3,10,1,4,8 C2=0,4,10,2,9,1,6,3,7,8,5
J?qrdjL]fc? PAIR C1=0,5,7,2,9,3,10,1,4,8 C2=0,4,9,1,8,7,3,5,2,10
J?qrdhlufo? PAIR C1=0,5,7,2,8,4,1,10,3,9 C2=0,4,9,1,8,7,3,5,2,10
J?qrdhN}Fc? PAIR C1=0,7,2,9,3,5,8,4,1,10 C2=0,4,9,1,8,7,3,10,2,5
J?qrbjwmeM? PAIR C1=0,5,7,10,1,4,8,3,6,2,9 C2=0,4,9,6,1,8,2,7,3,5,10
J?qrbjwmc]? PAIR C1=0,4,9,3,8,2,5,7,10 C2=0,8,4,10,5,3,7,2,9
J?qrbi{yee? PAIR C1=0,5,7,3,6,2,8,4,9,1,10 C2=0,4,1,6,9,2,7,10,3,5,8
J?qrbi{ycu? PAIR C1=0,4,8,2,9,6,3,10,7,5 C2=0,8,5,3,7,2,6,10,4,9
J?qrbi{qvc? PAIR C1=0,4,8,2,7,5,3,6,1,9 C2=0,5,2,6,9,4,1,7,3,8
J?qrbjiudq? PAIR C1=0,4,1,9,6,3,5,7,2,10 C2=0,5,2,6,1,7,3,10,4,9
J?qrbjLmds? PAIR C1=0,9,3,6,1,4,8,5,7,2,10 C2=0,5,2,6,9,4,10,3,7,1,8
J?qrbjJ}Ds? PAIR C1=0,5,7,8,4,1,6,3,9,2,10 C2=0,8,1,7,3,5,2,6,10,4,9
J?qreZw{`u? PAIR C1=0,5,7,10,2,9,3,6,1,4,8 C2=0,4,7,1,8,2,5,3,10,6,9
J?qreZwmbi? PAIR C1=0,7,5,10,2,9,3,6,1,4,8 C2=0,4,9,6,2,8,1,7,10,3,5
J?qreY{{bq? PAIR C1=0,7,5,2,9,3,6,1,10,4,8 C2=0,4,1,7,10,3,5,8,2,6,9
J?qreY{]fa? PAIR C1=0,5,7,10,2,9,3,6,1,4,8 C2=0,4,7,1,9,6,2,8,5,3,10
J?qreXy}De? PAIR C1=0,7,5,2,6,1,4,9,3,10 C2=0,4,7,1,9,2,10,6,3,5
J?qreXy{dw? PAIR C1=0,4,7,5,2,6,1,9,3,10 C2=0,5,3,6,9,2,10,4,1,7
J?qreXy{dq? PAIR C1=0,4,7,5,2,6,1,9,3,10 C2=0,5,3,6,9,2,10,4,1,7
J?qreXy{`y? PAIR C1=0,4,7,5,10,3,8,2,6,1,9 C2=0,5,3,6,9,2,10,4,8,1,7
J?qreXu}De? PAIR C1=0,4,7,5,8,2,10,3,6,1,9 C2=0,5,3,8,1,4,9,2,6,10,7
J?qreXumfo? PAIR C1=0,4,7,5,8,2,10,1,6,3,9 C2=0,5,2,6,9,4,10,3,8,1,7
J?qreW}{fo? PAIR C1=0,5,7,4,1,6,2,9,3,10 C2=0,4,10,2,5,3,6,9,1,7
J?qreW}{fa? PAIR C1=0,4,7,5,8,3,9,2,6,1,10 C2=0,5,2,8,4,1,9,6,3,10,7
J?qrdZsubq? PAIR C1=0,4,10,2,6,1,9,3,8,5,7 C2=0,5,2,8,1,4,7,10,3,6,9
J?qrdZs]ee? PAIR C1=0,7,10,1,6,2,9,3,5,8 C2=0,5,7,2,8,1,9,6,3,10
J?qrdZ[{bq? PAIR C1=0,4,10,7,5,3,9,2,6,1,8 C2=0,5,8,4,1,9,6,3,10,2,7
J?qrdX{{ee? PAIR C1=0,4,7,5,3,9,1,8,2,6,10 C2=0,5,8,4,1,10,3,6,9,2,7
J?qrdZY}Bi? PAIR C1=0,4,7,5,3,10,2,9,1,6,8 C2=0,5,10,1,8,4,9,3,6,2,7
J?qrdZY}Am? PAIR C1=0,4,7,10,3,5,2,9,1,6,8 C2=0,5,10,1,8,4,9,3,6,2,7
J?qrdXy{ew? PAIR C1=0,5,7,4,1,9,2,8,6,3,10 C2=0,4,8,3,9,6,1,10,5,2,7
J?qrdXy{ei? PAIR C1=0,5,7,4,1,9,2,8,6,3,10 C2=0,4,8,3,9,6,1,10,5,2,7
J?qrdXy{ay? PAIR C1=1,4,7,10,3,5,2,8,6,9 C2=1,6,3,9,2,7,5,10,4,8
J?qrdX\{fo? PAIR C1=0,7,4,1,9,6,2,5,8,3,10 C2=0,5,7,2,10,4,8,1,6,3,9
J?qrdZR}Bw? PAIR C1=0,5,2,10,3,6,8,1,4,7 C2=0,4,10,1,6,2,7,5,3,8
J?qrdXrvFo? PAIR C1=0,4,1,10,3,8,6,2,5,7 C2=0,5,3,6,1,8,2,7,4,10
J?qrdXZ}Fg? PAIR C1=0,4,1,10,3,8,6,2,5,7 C2=0,5,3,6,1,8,4,7,2,10
J?qrdXV}Fo? PAIR C1=0,4,7,8,5,2,10,3,6,1,9 C2=0,7,5,3,9,2,6,8,1,4,10
J?qrbZwude? PAIR C1=0,5,7,4,9,1,6,3,10,2,8 C2=0,4,1,8,3,5,2,7,10,6,9
J?qrbZwucm? PAIR C1=0,8,2,5,7,4,9,1,6,3,10 C2=0,4,1,8,3,5,10,7,2,6,9
J?qrbZq}Cu? PAIR C1=0,5,7,2,8,3,6,1,9,4,10 C2=0,8,1,4,7,10,6,2,5,3,9
J?qrbZqudw? PAIR C1=0,4,9,1,6,3,8,2,10,5 C2=0,9,3,5,2,6,8,1,4,10
J?qrbZqudq? PAIR C1=0,4,9,1,6,3,8,2,10,7,5 C2=0,9,6,8,1,4,7,2,5,3,10
J?qrbYy{ew? PAIR C1=0,4,1,9,2,8,6,3,10,5 C2=0,8,4,10,1,6,2,5,3,9
J?qrbYy{ei? PAIR C1=0,8,2,6,3,9,1,4,7,5,10 C2=0,4,8,3,5,2,7,10,1,6,9
J?qrbYyufg? PAIR C1=0,4,9,1,6,3,8,2,10,5 C2=0,8,4,1,10,3,5,2,6,9
J?qrbYyufa? PAIR C1=0,4,1,9,3,6,8,2,10,7,5 C2=0,8,4,7,2,5,3,10,1,6,9
J?qrbZUmfo? PAIR C1=0,4,9,2,10,1,6,3,8,5 C2=0,8,1,4,10,3,5,2,6,9
J?qrbZUmdq? PAIR C1=0,8,5,7,4,9,2,6,3,10 C2=0,4,10,7,2,5,3,8,6,9
J?qrbZUmVo? PAIR C1=0,4,7,9,3,6,2,10,1,8,5 C2=0,9,2,7,5,3,8,6,1,4,10
J?qrbYu}Ee? PAIR C1=0,8,3,5,2,6,1,9,4,7,10 C2=0,4,1,10,3,6,8,5,7,2,9
J?qrbYuuVo? PAIR C1=0,8,2,6,3,5,7,9,1,4,10 C2=0,4,7,2,5,8,6,1,10,3,9
J?qrbYuuVc? PAIR C1=0,5,7,9,4,1,6,2,10,3,8 C2=0,4,7,2,5,8,6,3,9,1,10
J?qrbZR}Ds? PAIR C1=0,8,7,2,5,3,6,1,9,4,10 C2=0,5,7,4,1,8,6,2,10,3,9
J?qrbZRnFo? PAIR C1=0,4,10,1,6,3,5,9,2,7,8 C2=0,5,7,4,1,8,6,2,10,3,9
J?qrbYr}Ek? PAIR C1=0,4,9,3,5,10,6,1,7,2,8 C2=0,9,1,4,7,5,2,6,8,3,10
J?qrbYrvFo? PAIR C1=0,4,10,2,8,7,1,6,3,9,5 C2=0,9,1,4,7,5,2,6,8,3,10
J?qr`zw{eM? PAIR C1=0,4,8,3,6,1,9,2,7,5 C2=0,8,1,4,7,3,5,2,6,9
J?qr`zsyee? PAIR C1=0,4,9,1,6,3,8,2,7,5 C2=0,8,1,4,7,3,5,2,6,9
J?qr`zi{ew? PAIR C1=0,8,2,7,5,3,9,6,1,4,10 C2=0,4,7,3,10,5,2,6,8,1,9
J?qr`zi{ei? PAIR C1=0,5,3,7,2,8,6,9,1,10 C2=0,8,1,6,2,5,7,10,3,9
J?qr`zL{fo? PAIR C1=0,5,8,7,2,10,1,6,3,9 C2=0,8,1,9,6,2,5,7,3,10
J?qr`zbvFo? PAIR C1=0,5,9,3,6,1,10,2,7,8 C2=0,9,1,8,6,2,5,7,3,10
J?qr`zbufo? PAIR C1=0,5,3,9,6,1,10,2,7,8 C2=0,9,1,8,6,2,5,7,3,10
J?qvfPwVTd? PAIR C1=0,5,3,9,1,4,8,2,10,6 C2=0,4,9,5,2,6,1,8,3,10
J?qvUpsmbi? PAIR C1=0,4,6,1,10,2,8,5,3,9 C2=0,5,10,3,8,1,4,9,2,6
J?qvUpsmbJ? PAIR C1=0,6,4,7,1,10,2,5,8,3,9 C2=0,4,9,2,6,1,8,10,7,3,5
J?qvTpsubi? PAIR C1=0,4,7,2,10,1,8,5,3,9,6 C2=0,5,10,7,3,8,2,6,1,4,9
J?qvTpsubJ? PAIR C1=0,4,7,2,10,1,8,5,3,9,6 C2=0,5,10,7,3,8,2,6,1,4,9
J?qtn`wrbq? PAIR C1=0,4,8,3,7,1,10,2,5,9,6 C2=0,5,6,3,10,7,2,8,1,4,9
J?qtn`wrbp? PAIR C1=0,4,8,3,5,2,6,9,1,7 C2=0,5,6,3,7,2,8,1,4,9
J?qtnPwtbq? PAIR C1=0,5,3,9,1,7,4,8,2,6 C2=0,4,1,8,3,6,9,5,2,7
J?qtnPwtbp? PAIR C1=0,5,3,9,1,7,4,8,2,6 C2=0,4,1,8,3,6,9,5,2,7
J?qtnPwtbb? PAIR C1=0,5,3,9,1,7,4,8,2,6 C2=0,4,1,8,3,6,9,5,2,7
J?qtnPwt`r? PAIR C1=0,5,3,9,1,7,4,8,2,6 C2=0,4,1,8,3,6,9,5,2,7
J?qtnPw\eq? PAIR C1=0,5,3,9,1,7,4,8,2,6 C2=0,4,1,8,3,6,9,5,2,7
J?qtnPw\ep? PAIR C1=0,5,3,9,1,7,4,8,2,6 C2=0,4,1,8,3,6,9,5,2,7
J?qtnPw\eb? PAIR C1=0,5,3,9,1,7,4,8,2,6 C2=0,4,1,8,3,6,9,5,2,7
J?qu^`wmbi? PAIR C1=0,5,3,7,1,6,4,8,2,9 C2=0,4,1,8,3,9,6,5,2,7
J?rL`zw{bk? PAIR C1=0,8,2,6,10,1,5,4,7,3,9 C2=0,4,1,8,3,10,5,7,2,9,6
J?rL`zw\fa? PAIR C1=0,6,2,10,1,9,3,7,4,8 C2=0,4,1,8,3,6,9,2,7,10
J?rL`x{{fa? PAIR C1=0,6,2,8,4,7,3,10,1,9 C2=0,4,1,8,3,6,9,2,7,10
J?rL`zq{bw? PAIR C1=0,6,2,7,4,5,1,9,3,8 C2=0,4,1,8,2,9,6,3,7,5
J?rL`zq{bq? PAIR C1=0,6,2,7,4,5,1,9,3,8 C2=0,4,1,8,2,9,6,3,7,5
J?rLbe{}Bk? PAIR C1=0,4,1,9,3,6,7,2,8,5 C2=0,6,2,9,4,5,1,7,3,8
J?rLbe{^Fc? PAIR C1=0,4,1,9,3,6,7,2,8,5 C2=0,6,2,9,4,5,1,7,3,8
J?rLbfqn@y? PAIR C1=0,4,1,8,2,7,6,3,9,5 C2=0,6,2,9,4,5,1,7,3,8
J?rLbey|Bw? PAIR C1=0,4,8,2,7,6,3,9,1,5 C2=0,6,2,9,5,4,1,7,3,8
J?rLbey|Bq? PAIR C1=0,4,8,2,7,6,3,9,1,5 C2=0,6,2,9,5,4,1,7,3,8
J?rLbey^Fa? PAIR C1=0,4,8,2,7,6,3,9,1,5 C2=0,6,2,9,5,4,1,7,3,8
J?rLbey\Vo? PAIR C1=0,4,8,2,7,6,3,9,1,5 C2=0,6,2,9,5,4,1,7,3,8
J?rLbdy|Dq? PAIR C1=0,5,1,4,10,3,9,2,7,6 C2=0,4,5,9,1,7,3,6,2,10
J?rLbdynFa? PAIR C1=0,4,5,1,10,3,9,2,7,6 C2=0,5,9,4,1,7,3,6,2,10
J?rLbdylVo? PAIR C1=0,5,1,4,10,3,6,7,2,9 C2=0,4,5,9,3,7,1,10,2,6
J?rLbc}}Fg? PAIR C1=0,4,1,5,10,3,6,7,2,9 C2=0,5,4,9,3,7,1,10,2,6
J?rLbc}{Vo? PAIR C1=0,4,8,5,1,7,2,9,3,10 C2=0,5,4,1,10,2,8,3,7,9
J?qmdd{^Fc? PAIR C1=0,4,1,8,5,9,2,10,3,7,6 C2=0,5,4,9,1,10,6,3,8,2,7
J?qmddr^Fo? PAIR C1=0,4,1,8,7,2,10,3,9,5 C2=0,7,3,8,2,5,4,9,1,10
J?qmddr^Bw? PAIR C1=0,4,1,9,2,7,6,3,10,5 C2=0,6,1,10,2,5,4,9,3,7
J?qmbfsnBs? PAIR C1=0,4,1,7,6,3,9,2,8,5 C2=0,6,1,8,3,7,2,5,4,9
J?qmbfsn@u? PAIR C1=0,4,1,7,6,3,9,2,8,5 C2=0,6,1,8,3,7,2,5,4,9
J?qmbe{}Bk? PAIR C1=0,4,1,7,6,3,9,2,10,5 C2=0,6,1,10,3,7,2,5,4,9
J?qmbe{^Fc? PAIR C1=0,5,4,1,7,6,3,9,2,10 C2=0,4,9,5,2,7,3,10,1,6
J?qmbe{^Fa? PAIR C1=0,5,4,1,7,6,3,9,2,10 C2=0,4,9,5,2,7,3,10,1,6
J?qmbfq^Dq? PAIR C1=0,5,4,1,7,6,3,9,2,8 C2=0,4,9,5,2,7,3,8,1,6
J?qmbey|Bw? PAIR C1=0,5,10,4,1,9,3,6,8 C2=0,6,1,10,3,8,4,5,9
J?qmbey\Vg? PAIR C1=0,4,1,9,7,6,3,8,2,10,5 C2=0,6,1,10,3,7,2,9,5,4,8
J?qmbdy|Dq? PAIR C1=0,5,4,1,8,2,9,3,7,6 C2=0,4,8,3,6,1,7,2,5,9
J?qmbeu}Bw? PAIR C1=0,4,1,6,7,3,9,2,10,5 C2=0,6,3,10,1,7,2,5,4,9
J?qmbeu]Vo? PAIR C1=0,5,4,1,9,7,3,8,2,10 C2=0,4,9,3,10,1,7,2,5,8
J?qmbeu]Vg? PAIR C1=0,5,4,1,9,7,3,8,2,10 C2=0,4,9,3,10,1,7,2,5,8
J?qmbdu}Dq? PAIR C1=0,5,4,1,8,2,7,6,3,9 C2=0,4,9,2,5,8,3,7,1,6
J?qmbex^Fg? PAIR C1=0,4,1,9,5,2,7,6,3,8 C2=0,5,4,8,2,9,3,7,1,6
J?qmbex\fg? PAIR C1=0,4,1,9,5,2,7,6,3,8 C2=0,5,4,8,2,9,3,7,1,6
J?qmbet^Fo? PAIR C1=0,4,1,9,3,6,7,2,5,8 C2=0,5,4,9,2,8,3,7,1,6
J?qmbet^Bs? PAIR C1=0,4,1,9,3,6,7,2,5,8 C2=0,5,4,9,2,8,3,7,1,6
J?qmbet]fo? PAIR C1=0,4,1,9,3,6,7,2,5,8 C2=0,5,4,9,2,8,3,7,1,6
J?qmbc||Fo? PAIR C1=0,4,8,7,2,5,9,3,6,1,10 C2=0,5,4,10,3,8,2,9,1,7,6
J?qmbc|{fo? PAIR C1=0,4,1,9,2,5,8,7,3,10 C2=0,5,4,10,1,7,2,8,3,9
J?qmbc|{fg? PAIR C1=0,4,1,9,3,7,8,5,2,10 C2=0,5,4,8,3,10,1,7,2,9
J?qmbdrnFo? PAIR C1=0,9,3,7,8,2,5,4,1,10 C2=0,4,10,3,8,1,7,2,9,5
J?qmbdrnFg? PAIR C1=0,4,9,3,7,6,1,8,2,10,5 C2=0,6,3,8,7,2,9,5,4,1,10
J?qjfb[lbq? PAIR C1=0,4,10,2,6,1,7,3,9,5 C2=0,7,2,5,4,1,10,3,6,9
J?qjfbq^?}? PAIR C1=0,4,5,2,6,10,3,7,1,8 C2=0,5,10,4,1,6,3,8,2,7
J?qjfbqfbq? PAIR C1=0,4,5,2,10,7,1,8,3,6,9 C2=0,5,9,3,10,4,1,6,8,2,7
J?qjfbY^Cm? PAIR C1=0,4,9,5,2,6,3,7,1,8 C2=0,5,4,1,6,8,3,9,2,7
J?qjfbYNfg? PAIR C1=0,4,9,5,2,6,3,7,1,8 C2=0,5,4,1,6,8,3,9,2,7
J?qjfayvBi? PAIR C1=0,4,9,5,2,10,7,3,8 C2=0,7,2,8,4,5,10,3,9
J?qjfay\ew? PAIR C1=0,4,5,2,6,8,3,7,1,10 C2=0,5,10,3,6,1,4,8,2,7
J?qjfay\ei? PAIR C1=0,4,5,2,6,8,3,7,1,10 C2=0,5,10,3,6,1,4,8,2,7
J?qjf`ylew? PAIR C1=0,4,5,2,6,8,3,7,1,10 C2=0,5,10,3,6,1,4,8,2,7
J?qjf`yleq? PAIR C1=0,4,8,3,7,1,6,2,9,5 C2=0,7,2,5,4,1,8,6,3,9
J?qjf`ylei? PAIR C1=0,4,8,3,7,1,6,2,9,5 C2=0,7,2,5,4,1,8,6,3,9
J?qjf`yffg? PAIR C1=0,4,8,3,7,1,10,2,6,9,5 C2=0,7,2,8,6,1,4,5,10,3,9
J?qjfa]}Bi? PAIR C1=0,4,9,3,7,1,6,2,10,5,8 C2=0,7,2,5,4,8,6,3,10,1,9
J?qjfa]^Fc? PAIR C1=0,4,9,1,7,3,6,10,2,5,8 C2=0,5,4,8,6,1,10,3,9,2,7
J?qjf`]nFc? PAIR C1=0,9,4,1,7,3,8,5,2,6,10 C2=0,5,4,8,6,1,10,3,9,2,7
J?qjf`]nFa? PAIR C1=0,4,1,7,3,8,6,2,5,9 C2=0,5,4,8,1,6,3,9,2,7
J?qjf`]{dq? PAIR C1=0,4,1,7,3,8,5,2,6,9 C2=0,5,4,8,1,6,3,9,2,7
J?qjf`]{di? PAIR C1=0,4,1,7,3,8,5,2,6,9 C2=0,5,4,8,1,6,3,9,2,7
J?qjf`]{`y? PAIR C1=0,4,1,7,3,8,5,2,6,9 C2=0,5,4,8,1,6,3,9,2,7
J?qjf`]mfg? PAIR C1=0,4,1,7,3,8,5,2,6,9 C2=0,5,4,8,1,6,3,9,2,7
J?qjfbpfbw? PAIR C1=0,5,9,4,10,2,6,1,7,3,8 C2=0,7,2,8,1,4,5,10,3,6,9
J?qjfbpfbs? PAIR C1=0,4,10,2,6,1,7,3,9,5 C2=0,7,2,5,4,1,10,3,6,9
J?qjfbpVds? PAIR C1=0,4,5,9,3,7,2,6,1,8 C2=0,5,2,8,3,6,9,4,1,7
J?qjfbpVdk? PAIR C1=0,4,5,9,3,7,2,6,1,8 C2=0,5,2,8,3,6,9,4,1,7
J?qjbrsles? PAIR C1=0,4,5,9,3,6,10,1,8 C2=0,5,8,3,10,4,1,6,9
J?qjbrslee? PAIR C1=0,8,1,6,2,5,9,3,7,10 C2=0,5,8,2,7,1,10,3,6,9
J?qjbrslcu? PAIR C1=0,4,7,3,9,5,2,6,1,8 C2=0,5,4,1,7,2,8,3,6,9
J?qjbrq|Cm? PAIR C1=0,8,1,6,2,5,9,3,7,10 C2=0,5,10,6,3,8,2,7,1,9
J?qjbrqlew? PAIR C1=0,4,7,3,9,5,2,6,8,1,10 C2=0,5,10,4,1,7,2,8,3,6,9
J?qjbrqleq? PAIR C1=0,4,7,3,9,5,2,6,1,8 C2=0,5,4,1,7,2,8,3,6,9
J?qjbrqlei? PAIR C1=0,4,7,3,9,5,2,6,1,8 C2=0,5,4,1,7,2,8,3,6,9
J?qjbrY|De? PAIR C1=0,8,6,3,7,4,1,9,5,2,10 C2=0,5,4,8,1,7,2,6,10,3,9
J?qjbrY|Cm? PAIR C1=0,8,6,3,7,4,1,9,2,5,10 C2=0,5,4,8,1,7,2,6,10,3,9
J?qjbrU{dq? PAIR C1=0,4,5,2,9,3,7,1,6,8 C2=0,5,8,3,6,2,7,4,1,9
J?qjbrUlfo? PAIR C1=0,4,1,7,2,5,9,3,6,8 C2=0,5,4,7,3,8,1,6,2,9
J?qjbrptds? PAIR C1=0,4,1,7,3,6,9,5,2,8 C2=0,5,4,7,2,6,1,8,3,9
J?qjbrples? PAIR C1=0,4,1,7,3,6,9,5,2,8 C2=0,5,4,7,2,6,1,8,3,9
J?qjbrplek? PAIR C1=0,4,1,7,3,6,9,5,2,8 C2=0,5,4,7,2,6,1,8,3,9
J?qjczw{bi? PAIR C1=0,5,4,8,2,10,1,9,6,3,7 C2=0,8,3,10,5,7,4,1,6,2,9
J?qjczw\fa? PAIR C1=0,7,4,5,2,6,1,9,3,8 C2=0,4,1,8,2,9,6,3,7,5
J?qjcxy{fg? PAIR C1=0,9,6,3,8,2,5,4,1,10 C2=0,4,8,1,6,2,9,3,10,5
J?qjcxy{bi? PAIR C1=0,7,5,4,1,10,2,8,3,6,9 C2=0,4,8,1,6,2,9,3,7,10,5
J?qjazw{de? PAIR C1=0,5,2,8,3,7,4,1,9,6,10 C2=0,4,5,7,10,3,9,2,6,1,8
J?qjazq{dw? PAIR C1=0,5,2,8,3,6,9,1,4,10 C2=0,4,5,10,3,9,2,6,1,8
J?qjazq{dq? PAIR C1=0,5,4,7,10,2,8,3,6,1,9 C2=0,4,1,8,6,9,2,5,7,3,10
J?qjazq{di? PAIR C1=0,5,4,7,10,2,8,3,6,1,9 C2=0,4,1,8,6,9,2,5,7,3,10
J?qjayy|Fa? PAIR C1=0,8,3,6,2,5,4,7,10,1,9 C2=0,4,1,6,8,2,9,5,7,3,10
J?qjayr}Fg? PAIR C1=0,8,7,4,5,2,6,1,10,3,9 C2=0,4,1,9,2,8,6,3,7,5,10
J?qjayr{fg? PAIR C1=0,8,7,4,5,2,6,1,10,3,9 C2=0,4,1,9,2,8,6,3,7,5,10
J?qjbfwvCm? PAIR C1=0,8,2,5,4,9,3,7,6,10 C2=0,4,8,3,6,2,7,10,5,9
J?qjbf[nFc? PAIR C1=0,4,8,1,10,6,3,9,2,5 C2=0,8,3,10,2,6,1,4,5,9
J?qjbfqvDq? PAIR C1=0,4,5,2,8,3,10,7,6,1,9 C2=0,5,9,4,10,2,6,3,7,1,8
J?qjbfqvDi? PAIR C1=0,5,2,8,1,9,3,6,7,10 C2=0,8,3,7,1,6,2,10,5,9
J?qjbfY|Dq? PAIR C1=0,4,10,3,7,6,8,1,9,2,5 C2=0,8,3,9,5,4,1,6,2,7,10
J?qjbfYnFg? PAIR C1=0,4,1,8,6,3,10,2,9,5 C2=0,8,3,9,4,5,2,6,1,10
J?qjbfYlVo? PAIR C1=0,5,4,1,8,6,3,10,2,9 C2=0,4,10,1,6,2,5,9,3,8
J?qjbfYlRw? PAIR C1=0,5,4,1,8,6,3,10,2,9 C2=0,4,10,1,6,2,5,9,3,8
J?qjbeytVo? PAIR C1=0,5,4,1,6,8,2,10,3,9 C2=0,4,10,1,9,5,2,6,3,8
J?qjbeytRw? PAIR C1=0,5,4,1,6,8,2,10,3,9 C2=0,4,10,1,9,5,2,6,3,8
J?qmrjombi? PAIR C1=0,4,1,8,2,10,5,7,3,9,6 C2=0,5,4,9,2,7,10,1,6,3,8
J?qmrjombh? PAIR C1=0,4,1,8,2,5,10,3,9,6 C2=0,5,4,9,2,10,1,6,3,8
J?qmrjomaj? PAIR C1=0,4,1,7,5,2,8,10,3,9,6 C2=0,5,4,9,2,7,10,1,6,3,8
J?o~Fb[{`u? PAIR C1=0,7,2,10,4,1,8,5,3,9 C2=0,4,5,2,9,1,7,10,3,8
J?o~Fa{\au? PAIR C1=0,4,10,6,1,9,3,5,8,2,7 C2=0,6,2,9,5,4,1,7,10,3,8
J?o~FbqnAu? PAIR C1=0,7,3,5,2,8,1,6,10,4,9 C2=0,6,2,9,5,4,1,7,10,3,8
J?o~Fbqfbq? PAIR C1=0,7,2,5,3,10,4,1,6,9 C2=0,4,5,9,3,7,1,10,2,6
J?o~FbqNei? PAIR C1=0,7,2,8,6,1,4,9,5,3,10 C2=0,4,5,10,7,1,8,3,9,2,6
J?o~FbY|@u? PAIR C1=0,7,2,5,3,10,6,8,4,1,9 C2=0,4,5,9,2,10,7,3,8,1,6
J?o~FbYnBe? PAIR C1=0,6,8,1,4,9,3,5,2,7 C2=0,4,5,9,2,6,1,7,3,8
J?o~FbYlbw? PAIR C1=0,7,3,5,2,9,6,1,4,8 C2=0,4,5,9,3,8,1,7,2,6
J?o~FbYlbq? PAIR C1=0,7,3,5,2,9,6,1,4,8 C2=0,4,5,9,3,8,1,7,2,6
J?o~FbYNfg? PAIR C1=0,7,3,5,2,9,6,1,4,8 C2=0,4,5,9,3,8,1,7,2,6
J?o~FbYNfa? PAIR C1=0,7,3,5,2,9,6,1,4,8 C2=0,4,5,9,3,8,1,7,2,6
J?o~Faytbw? PAIR C1=0,7,3,5,2,10,4,1,6,9 C2=0,4,5,10,3,9,1,7,2,6
J?o~Fau]ew? PAIR C1=0,7,3,5,2,9,6,1,4,10 C2=0,4,5,10,3,9,1,7,2,6
J?o~Fa]^Fc? PAIR C1=0,7,2,5,3,9,4,1,6,10 C2=0,4,5,9,1,7,3,10,2,6
J?o~Fa]]fg? PAIR C1=0,7,3,5,8,4,1,6,2,10 C2=0,4,5,2,7,1,10,3,8,6
J?o~F_}vFc? PAIR C1=0,7,3,5,8,4,1,6,2,10 C2=0,4,5,2,7,1,10,3,8,6
J?o~F_}tfo? PAIR C1=0,7,3,5,8,4,1,6,2,10 C2=0,4,5,2,7,1,10,3,8,6
J?o~Fbpfbs? PAIR C1=0,8,2,5,3,10,6,1,4,9 C2=0,4,5,9,3,8,1,10,2,6
J?o~FbpNek? PAIR C1=0,7,3,5,2,9,4,1,6,10 C2=0,4,5,9,3,10,1,7,2,6
J?o~Ei{]fa? PAIR C1=0,6,9,4,1,10,2,5,3,7 C2=0,4,5,7,1,6,2,9,3,10
J?o~Ejq}@u? PAIR C1=0,7,1,4,10,6,2,5,3,9 C2=0,4,5,7,3,10,2,9,1,6
J?o~Eiy}Bk? PAIR C1=0,6,10,1,4,8,2,5,3,7 C2=0,4,5,7,1,6,2,10,3,8
J?o~Eiy}Be? PAIR C1=0,6,10,1,4,8,2,5,3,7 C2=0,4,5,7,1,6,2,10,3,8
J?o~Eiy{bw? PAIR C1=0,7,3,5,2,9,6,1,4,8 C2=0,4,5,7,1,9,3,8,2,6
J?o~Eiy{bq? PAIR C1=0,7,3,5,2,9,6,1,4,8 C2=0,4,5,7,1,9,3,8,2,6
J?o~Eiu]Vo? PAIR C1=0,7,3,5,2,9,4,1,6,8 C2=0,4,5,7,1,9,3,8,2,6
J?o~Eir^Fo? PAIR C1=0,7,3,5,2,9,4,1,6,8 C2=0,4,5,7,1,9,3,8,2,6
J?o~Djwuam? PAIR C1=0,7,3,5,2,6,9,4,1,8 C2=0,4,5,7,2,8,3,9,1,6
J?o~Dj[]fc? PAIR C1=0,6,9,2,7,3,5,4,1,8 C2=0,4,8,3,9,1,6,2,5,7
J?o~Dj[]fa? PAIR C1=0,6,9,2,7,3,5,4,1,8 C2=0,4,8,3,9,1,6,2,5,7
J?o~Dh{ufc? PAIR C1=0,9,6,1,4,8,2,5,3,10 C2=0,4,5,8,3,9,1,10,2,6
J?o~Dh{ufa? PAIR C1=0,9,6,1,4,8,2,5,3,10 C2=0,4,5,8,3,9,1,10,2,6
J?o~Dh{svo? PAIR C1=0,9,6,1,4,8,2,5,3,10 C2=0,4,5,8,3,9,1,10,2,6
J?o~Dh{svc? PAIR C1=0,9,6,1,4,8,2,5,3,10 C2=0,4,5,8,3,9,1,10,2,6
J?o~DjY{bq? PAIR C1=0,7,2,5,3,10,4,1,6,8 C2=0,4,5,7,3,8,1,10,2,6
J?o~DjY]fg? PAIR C1=0,7,2,6,8,1,4,5,3,10 C2=0,4,8,3,7,5,2,10,1,6
J?o~Dhu}Ee? PAIR C1=0,9,2,5,7,3,8,1,6,10 C2=0,6,2,8,5,3,9,1,10,7
J?o~Dhuufo? PAIR C1=0,6,8,1,4,10,3,5,2,7 C2=0,4,5,7,3,8,2,6,1,10
J?o~DhuuVo? PAIR C1=0,6,8,1,4,10,3,5,2,7 C2=0,4,5,7,3,8,2,6,1,10
J?o~Dh]}Fc? PAIR C1=0,9,4,1,6,8,3,5,2,10 C2=0,4,5,8,1,10,3,9,2,6
J?o~Djpubs? PAIR C1=0,7,2,5,3,10,4,1,6,9 C2=0,4,5,7,3,9,1,10,2,6
J?o~DjX{bs? PAIR C1=0,7,2,5,3,10,4,1,6,9 C2=0,4,5,7,3,9,1,10,2,6
J?o~Dhx{ek? PAIR C1=0,7,2,5,3,8,4,1,6,9 C2=0,4,5,7,3,9,1,8,2,6
J?o~Dhxtfo? PAIR C1=0,7,2,5,3,8,4,1,6,9 C2=0,4,5,7,3,9,1,8,2,6
J?o~DjT]fo? PAIR C1=0,7,2,5,3,9,6,1,4,10 C2=0,4,5,7,3,10,1,9,2,6
J?o~Dhtufo? PAIR C1=0,7,2,5,3,10,4,1,6,9 C2=0,4,5,7,3,9,1,10,2,6
J?o~Dh\{fo? PAIR C1=0,7,2,5,3,10,4,1,6,9 C2=0,4,5,7,3,9,1,10,2,6
J?o~Dhr}Ek? PAIR C1=0,7,2,5,3,8,6,1,4,9 C2=0,4,5,7,3,9,1,8,2,6
J?o~DhrvFo? PAIR C1=0,7,2,5,3,8,6,1,4,9 C2=0,4,5,7,3,9,1,8,2,6
J?o~Dhrufo? PAIR C1=0,7,2,5,3,8,6,1,4,9 C2=0,4,5,7,3,9,1,8,2,6
J?o~DhV}Fc? PAIR C1=0,7,8,6,1,9,2,5,3,10 C2=0,6,2,10,1,8,5,7,3,9
J?o~Ee{^Fc? PAIR C1=0,6,7,1,4,9,3,5,2,10 C2=0,4,5,9,2,6,1,10,3,7
J?o~EfqnBq? PAIR C1=0,6,7,1,4,10,2,5,3,9 C2=0,4,5,9,2,6,1,10,3,7
J?o~EfqNVo? PAIR C1=0,6,7,1,4,9,3,5,2,10 C2=0,4,5,9,2,6,1,10,3,7
J?o~Eer^Fo? PAIR C1=0,6,7,1,4,9,3,5,2,10 C2=0,4,5,9,2,6,1,10,3,7
J?o~Eer^Fg? PAIR C1=0,6,7,1,4,9,3,5,2,10 C2=0,4,5,9,2,6,1,10,3,7
J?o~Ecz|Fg? PAIR C1=0,9,1,4,8,6,2,5,3,10 C2=0,4,5,9,3,8,2,10,1,6
J?o~Ecv}Fo? PAIR C1=0,4,1,9,2,6,8,5,3,10 C2=0,6,1,10,4,5,2,8,3,9
J?o~Ecv}Fg? PAIR C1=0,4,9,3,5,8,7,1,10,2,6 C2=0,9,1,4,5,2,8,6,7,3,10
J?o~DfwvAm? PAIR C1=0,7,3,8,4,1,6,2,5,9 C2=0,4,5,3,9,1,8,2,7,6
J?o~Df[^Fc? PAIR C1=0,7,3,8,4,9,5,2,6,1,10 C2=0,4,5,8,1,9,3,10,2,7,6
J?o~DfqvBq? PAIR C1=0,4,10,1,6,2,5,9,3,7 C2=0,6,7,2,10,3,5,4,1,9
J?o~Dfq^Ei? PAIR C1=0,7,3,8,2,6,1,9,4,5,10 C2=0,4,1,10,3,5,9,2,7,6,8
J?o~DfqVVo? PAIR C1=0,7,6,1,8,2,5,4,9,3,10 C2=0,4,1,10,2,7,9,5,3,8,6
J?o~DfqVVg? PAIR C1=0,7,6,1,8,2,5,4,9,3,10 C2=0,4,1,10,2,7,9,5,3,8,6
J?o~Ddu}Ei? PAIR C1=0,6,2,8,1,9,3,10,7 C2=0,9,2,7,3,8,6,1,10
J?o~DduvFo? PAIR C1=0,7,3,8,2,6,1,9,4,10 C2=0,4,1,8,6,7,2,10,3,9
J?o~DduuVo? PAIR C1=0,7,3,8,2,6,1,9,4,10 C2=0,4,1,8,6,7,2,10,3,9
J?o~DdZ|Fo? PAIR C1=0,7,2,9,3,8,6,1,10 C2=0,6,2,10,3,7,8,1,9
J?o|^boVfa? PAIR C1=0,6,2,5,9,3,7,10,1,8 C2=0,7,1,9,6,5,3,8,2,10
J?zTbbwbrk? PAIR C1=0,6,10,1,5,3,8,2,7,9 C2=0,5,9,6,2,10,3,7,1,8
J?zTbbksp]? PAIR C1=0,4,8,1,9,7,10,2,6 C2=0,8,2,7,1,4,10,6,9
J?zTbbkkq]? PAIR C1=0,4,8,1,10,7,9,2,6 C2=0,8,2,7,1,4,10,6,9
J?zTbbkerM? PAIR C1=0,5,8,4,1,10,2,6,3,7,9 C2=0,6,10,7,1,5,3,9,4,2,8
J?zTbbkMue? PAIR C1=0,5,8,1,4,2,7,9,6,3,10 C2=0,4,9,3,5,1,7,10,6,2,8
J?zTbbkFvE? PAIR C1=0,6,3,7,9,5,8,1,4,2,10 C2=0,4,9,3,5,1,7,10,6,2,8
JCOffX{vDw? PAIR C1=0,7,5,2,6,3,8,1,9 C2=0,3,9,5,8,2,7,1,6
JCOevi{zBw? PAIR C1=0,3,8,4,6,1,10,5,7,2,9 C2=0,6,3,10,2,8,5,9,4,1,7
JCQfFq{V`{? PAIR C1=0,3,8,5,10,4,1,9,6,2,7 C2=0,5,9,4,8,2,10,3,7,1,6
JCQfEx{]`{? PAIR C1=0,3,9,1,8,4,10,6,2,5,7 C2=0,5,8,2,10,3,7,1,4,9,6
JCQfDz[]bw? PAIR C1=0,6,2,5,7,4,10,1,9,3,8 C2=0,5,8,4,1,6,9,2,10,3,7
JCQfDx{]a{? PAIR C1=0,3,9,4,10,6,1,8,2,7,5 C2=0,6,9,2,5,8,4,1,10,3,7
JCQfEt{^Dw? PAIR C1=0,3,8,2,5,9,1,7,6 C2=0,5,8,1,6,2,9,3,7
JCQfEt{^@{? PAIR C1=0,3,8,2,5,9,1,7,6 C2=0,5,8,1,6,2,9,3,7
JCQfDt{^A{? PAIR C1=0,3,9,5,10,1,4,8,2,7,6 C2=0,5,8,1,6,2,9,4,10,3,7
JCQfA|{nFo? PAIR C1=0,3,10,1,8,2,5,9,4,7,6 C2=0,5,8,4,10,2,6,1,7,3,9
JCQfA|{nDs? PAIR C1=0,3,10,4,9,5,2,8,1,7,6 C2=0,5,8,3,7,4,1,6,10,2,9
JCQefX{]`{? PAIR C1=0,5,2,8,1,7,4,10,3,9,6 C2=0,3,8,5,10,6,1,4,9,2,7
JCQefX{Nfo? PAIR C1=0,5,8,2,9,3,10,4,7,1,6 C2=0,7,2,5,9,6,3,8,4,1,10
JCQebx{ydw? PAIR C1=0,5,8,2,9,4,10,3,7,1,6 C2=0,3,6,9,1,8,4,7,2,5,10
JCQebx{y`{? PAIR C1=0,5,8,2,9,1,7,4,10,3,6 C2=0,3,7,2,5,10,6,1,8,4,9
JCQebx{mfW? PAIR C1=0,5,8,1,10,2,9,4,7,3,6 C2=0,3,8,4,10,5,2,7,1,6,9
JCQdfX{]a{? PAIR C1=0,3,9,2,5,8,4,7,1,10,6 C2=0,5,10,4,1,9,6,3,8,2,7
JCQdezk]bw? PAIR C1=0,3,7,1,10,4,8,5,2,9,6 C2=0,5,10,3,6,2,8,1,9,4,7
JCQdfT{^Ew? PAIR C1=0,3,9,4,7,1,10,5,8,2,6 C2=0,5,2,9,1,8,4,10,3,6,7
JCQdfT{^A{? PAIR C1=0,3,9,4,7,1,10,5,8,2,6 C2=0,5,2,9,1,8,4,10,3,6,7
JCQdet{^FW? PAIR C1=0,3,9,4,7,1,10,5,8,2,6 C2=0,5,9,2,10,4,1,8,3,6,7
JCQbfY{Vfo? PAIR C1=0,3,9,4,8,5,2,10,1,7 C2=0,5,9,1,4,7,2,8,3,10
JCQbfS}vBw? PAIR C1=0,3,9,4,8,5,2,10,1,7 C2=0,5,10,3,8,2,7,4,1,9
JCQbeu{zBw? PAIR C1=0,3,8,5,2,10,1,9,4,7 C2=0,5,10,3,7,1,4,8,2,9
JCQbet{zDs? PAIR C1=0,3,7,4,9,1,8,5,2,10 C2=0,5,9,2,8,3,10,4,1,7
JCQbes}zFo? PAIR C1=0,5,8,3,7,4,9,1,6,2,10 C2=0,7,1,4,10,3,6,8,2,5,9
JCQbdv[zBw? PAIR C1=0,3,7,2,10,1,9,4,8,5 C2=0,7,4,1,8,3,10,5,2,9
JCQbbvkvDw? PAIR C1=0,3,7,1,8,5,2,10,4,9 C2=0,5,10,3,9,1,4,7,2,8
JCQbbumvBw? PAIR C1=0,3,7,4,8,5,2,10,1,9 C2=0,5,10,3,9,4,1,7,2,8
JCQbe]{}Bw? PAIR C1=0,5,8,3,10,2,6,1,7,4,9 C2=0,3,6,7,5,2,9,1,10,4,8
JCQbd\{vFo? PAIR C1=0,5,8,3,9,1,6,2,10,4,7 C2=0,9,4,1,8,2,5,7,6,3,10
JCQeVrsNbk? PAIR C1=0,5,8,3,9,2,10,6,1,7 C2=0,3,7,2,8,1,10,5,9,6
JCQeVp{\`{? PAIR C1=0,5,8,3,9,2,10,6,1,4,7 C2=0,3,7,2,5,10,4,8,1,9,6
JCQeVi{]bw? PAIR C1=0,5,10,2,8,3,9,4,1,7 C2=0,3,7,5,2,9,1,10,4,8
JCQeVi{]bk? PAIR C1=0,3,7,1,9,6,10,5,2,8 C2=0,6,1,10,2,9,3,8,5,7
JCQeVh{]`{? PAIR C1=0,3,10,6,9,2,7,1,8,5 C2=0,6,1,9,3,8,2,10,5,7
JCQeVg}^Fo? PAIR C1=0,3,10,1,4,9,2,8,5,7 C2=0,5,2,7,1,9,3,8,4,10
JCQeVg}^Fc? PAIR C1=0,3,8,6,10,2,9,1,7,5 C2=0,6,1,10,3,9,5,8,2,7
JCQeVe{^@{? PAIR C1=0,3,9,2,7,1,6,10,4,8,5 C2=0,6,4,1,9,5,10,2,8,3,7
JCQeVd{^@{? PAIR C1=0,3,9,2,7,1,6,10,4,8,5 C2=0,6,4,1,9,5,10,2,8,3,7
JCQeRuu^Bw? PAIR C1=0,3,9,2,10,4,7,1,6,8,5 C2=0,6,4,1,9,5,10,3,7,2,8
JCQeTl{^Fo? PAIR C1=0,3,10,2,9,5,8,4,1,6,7 C2=0,5,7,2,8,3,9,1,10,4,6
JCQbVj[mbw? PAIR C1=0,3,9,2,6,4,8,5,10,1,7 C2=0,8,3,7,5,2,10,4,1,6,9
JCQbVj[mbk? PAIR C1=0,7,5,10,1,4,6,2,9,3,8 C2=0,3,10,2,7,1,6,9,4,8,5
JCQbVi{ubw? PAIR C1=0,7,3,9,1,10,4,6,2,5,8 C2=0,3,10,2,8,4,9,6,1,7,5
JCQbVi{ubk? PAIR C1=0,7,3,9,4,1,10,6,2,5,8 C2=0,3,10,2,8,4,6,9,1,7,5
JCQbVi{]ew? PAIR C1=0,3,7,2,6,1,9,4,10,5,8 C2=0,5,2,8,4,6,9,3,10,1,7
JCQbVi{Vfo? PAIR C1=0,3,7,5,9,4,10,1,6,2,8 C2=0,5,2,7,1,9,6,4,8,3,10
JCQbVi{Vfc? PAIR C1=0,3,7,5,2,6,10,1,9,4,8 C2=0,5,9,6,4,1,7,2,8,3,10
JCQbUt{|@{? PAIR C1=1,6,10,3,7,4,8,5,2,9 C2=1,4,10,5,9,3,8,2,6,7
JCQbUuu^Bw? PAIR C1=1,9,2,5,8,6,4,7,3,10 C2=1,4,10,5,9,3,8,2,6,7
JCQbRvUnBw? PAIR C1=0,5,8,3,10,1,6,4,7,2,9 C2=0,3,9,4,10,5,2,6,7,1,8
JCQbRuuvBw? PAIR C1=0,5,2,7,4,6,8,3,10,1,9 C2=0,3,9,5,10,4,1,7,6,2,8
JCQbUm{}@{? PAIR C1=0,7,6,1,4,8,5,2,9 C2=0,5,7,1,9,4,6,2,8
JCQbUm{^Fo? PAIR C1=0,5,9,2,8,3,10,4,1,6,7 C2=0,8,5,2,6,4,9,3,7,1,10
JCQbUm{^Ds? PAIR C1=0,7,5,9,2,6,1,4,10,3,8 C2=0,3,9,1,7,6,4,8,5,2,10
JCQbTl{vFo? PAIR C1=0,7,5,2,6,1,10,3,8,4,9 C2=0,3,7,6,4,1,9,5,8,2,10
JCQbRm{vFo? PAIR C1=0,5,7,1,10,3,8,2,6,4,9 C2=0,3,7,6,1,9,5,2,10,4,8
JCQbRm{vDs? PAIR C1=0,9,4,6,1,7,5,2,8,3,10 C2=0,3,7,6,2,10,4,1,9,5,8
JCQbRmyvBw? PAIR C1=0,5,2,6,7,1,10,3,8,4,9 C2=0,3,7,5,9,1,6,4,10,2,8
JCQeNrwNbs? PAIR C1=0,3,8,2,9,4,7,1,10,6,5 C2=0,7,3,10,2,5,9,6,1,4,8
JCQeJvw^Ds? PAIR C1=0,5,6,1,7,4,9,2,8,3,10 C2=0,3,7,6,10,2,5,9,1,4,8
JCQffO}^Ew? PAIR C1=0,3,8,5,2,9,4,7,1,10 C2=0,5,10,3,9,1,4,8,2,7
JCQffP\^Dw? PAIR C1=0,6,1,7,4,9,2,5,8,3,10 C2=0,3,6,2,10,5,9,1,4,8,7
JCQffP\^@{? PAIR C1=0,3,10,2,5,9,4,7,1,6 C2=0,5,10,4,1,9,3,6,2,7
JCQffO|^Ew? PAIR C1=0,3,10,5,8,2,9,4,7,1,6 C2=0,5,9,3,6,2,7,8,4,1,10
JCQffO|^A{? PAIR C1=0,3,10,5,8,2,9,4,7,1,6 C2=0,5,2,6,3,9,1,10,4,8,7
JCQfepm^@y? PAIR C1=0,3,10,5,2,9,4,7,1,6 C2=0,5,9,1,4,10,2,6,3,7
JCQfepl^@{? PAIR C1=0,3,10,5,2,9,4,7,1,6 C2=0,5,9,1,4,10,2,6,3,7
JCQfdr[^A]? PAIR C1=0,3,8,5,2,9,1,4,7,10,6 C2=0,5,10,1,6,2,7,3,9,4,8
JCQfdp{^A]? PAIR C1=1,4,7,10,6,3,8,2,5,9 C2=1,6,2,7,3,9,4,8,5,10
JCQfdpm^Ew? PAIR C1=0,6,3,10,5,2,9,1,4,7 C2=0,3,7,2,6,1,10,4,9,5
JCQfeY{^@u? PAIR C1=0,3,8,4,7,10,6,1,9,2,5 C2=0,6,2,8,5,9,3,10,4,1,7
JCQfeXy^Dw? PAIR C1=0,3,10,2,9,1,6,8,4,7,5 C2=0,6,2,8,3,9,5,10,4,1,7
JCQfeXy^Dq? PAIR C1=0,5,7,4,8,2,10,3,9,1,6 C2=0,3,8,6,2,5,9,4,1,7,10
JCQfeXy^@y? PAIR C1=0,5,7,4,8,2,10,3,9,1,6 C2=0,3,8,6,2,9,5,10,4,1,7
JCQfeW}}Bw? PAIR C1=0,5,7,4,8,2,10,3,9,1,6 C2=0,3,6,8,5,2,9,4,10,1,7
JCQfeXx^Dw? PAIR C1=0,5,2,10,3,6,1,9,4,8,7 C2=0,3,8,1,7,4,10,5,9,2,6
JCQfeXx^@{? PAIR C1=0,5,2,10,3,6,1,9,4,8,7 C2=0,3,8,1,7,4,10,5,9,2,6
JCQfeW|^Fo? PAIR C1=0,5,2,9,1,6,3,10,4,8,7 C2=0,3,8,5,9,4,7,1,10,2,6
JCQfdX{^Eq? PAIR C1=0,5,2,9,3,10,4,8,1,6 C2=0,3,6,2,8,5,9,4,1,10
JCQfdX{^Au? PAIR C1=0,5,8,1,6,2,9,3,10,4,7 C2=0,3,8,2,7,5,9,4,1,10,6
JCQfdXy^Ew? PAIR C1=0,5,2,9,1,6,3,10,4,7 C2=0,3,9,4,1,10,5,7,2,6
JCQfdXy^Ay? PAIR C1=0,5,2,9,1,6,3,10,4,7 C2=0,3,9,4,1,10,5,7,2,6
JCQfdXx^Ew? PAIR C1=0,5,2,9,1,6,3,10,4,7 C2=0,3,9,4,1,10,5,7,2,6
JCQfdXx^A{? PAIR C1=0,5,2,9,1,6,3,10,4,7 C2=0,3,9,4,1,10,5,7,2,6
JCQfdX\^Fo? PAIR C1=0,5,2,7,4,10,3,9,1,6 C2=0,3,6,2,10,1,4,9,5,7
JCQf`zk^Eq? PAIR C1=0,5,2,8,4,7,3,9,1,6 C2=0,3,6,2,7,5,9,4,1,8
JCQf`zk^EU? PAIR C1=0,5,2,8,4,7,3,9,1,6 C2=0,3,6,2,7,5,9,4,1,8
JCQfRj[n@u? PAIR C1=0,5,8,3,7,1,4,6,10,2,9 C2=0,3,10,4,9,5,7,2,6,1,8
JCQfRi{^Eq? PAIR C1=0,5,7,1,4,6,2,9,3,10 C2=0,3,7,2,5,9,4,10,1,6
JCQfRjYnBw? PAIR C1=0,5,9,3,10,2,7,1,4,6 C2=0,3,7,5,2,6,1,10,4,9
JCQfRjYNRw? PAIR C1=0,3,10,2,5,9,7,1,4,8,6 C2=0,5,7,2,6,1,10,4,9,3,8
JCQfRiyvBw? PAIR C1=0,3,7,1,9,5,10,2,8,4,6 C2=0,5,7,2,6,1,10,4,9,3,8
JCQfRhxv@{? PAIR C1=0,3,9,1,6,4,10,2,7,5 C2=0,6,2,5,10,3,7,1,4,9
JCQfRhxnEw? PAIR C1=0,3,10,1,6,4,9,2,7,5 C2=0,6,2,5,10,4,1,7,3,9
JCQfRhxnA{? PAIR C1=0,3,10,1,6,4,9,2,7,5 C2=0,6,2,5,10,4,1,7,3,9
JCQfRh\}@{? PAIR C1=0,3,9,1,6,10,4,8,7,2,5 C2=0,6,2,10,5,8,3,7,1,4,9
JCQfRh\nFo? PAIR C1=0,3,9,5,7,2,10,1,4,6 C2=0,5,2,6,1,7,3,10,4,9
JCQfRh\nDs? PAIR C1=0,3,10,6,4,1,8,7,2,9,5 C2=0,6,1,7,3,8,5,2,10,4,9
JCQfRg|}A{? PAIR C1=0,3,9,2,6,10,1,4,8,7,5 C2=0,6,1,7,2,5,8,3,10,4,9
JCQfRg|vFo? PAIR C1=0,3,9,5,7,2,10,1,4,6 C2=0,5,2,6,1,7,3,10,4,9
JCQfQzw^De? PAIR C1=0,6,10,3,9,4,7,5,2,8 C2=0,5,9,2,6,4,8,3,7,10
JCQfQzsnBs? PAIR C1=0,3,9,5,7,4,1,8,2,6 C2=0,5,2,9,4,6,1,7,3,8
JCQfQzsnBe? PAIR C1=0,3,9,5,7,4,1,8,2,6 C2=0,5,2,9,4,6,1,7,3,8
JCQfQxy|Dq? PAIR C1=0,5,7,4,1,8,3,9,2,6 C2=0,3,7,1,6,4,8,2,5,9
JCQevP{^@m? PAIR C1=0,6,10,3,8,2,5,9,4,1,7 C2=0,3,9,2,10,7,4,6,1,8,5
JCQevPt^@{? PAIR C1=0,6,10,3,8,2,5,9,4,1,7 C2=0,3,6,4,7,8,1,9,2,10,5
JCQevJwNbq? PAIR C1=0,6,1,4,9,5,2,8,3,10,7 C2=0,3,6,9,2,10,4,8,1,7,5
JCQevI{^Bq? PAIR C1=0,6,4,1,9,5,2,8,3,10,7 C2=0,5,7,1,6,3,9,2,10,4,8
JCQevI{^@u? PAIR C1=0,6,4,1,9,5,2,8,3,10,7 C2=0,5,7,1,6,3,9,2,10,4,8
JCQevHynBq? PAIR C1=0,5,2,8,3,10,7,1,6,4,9 C2=0,3,6,8,4,1,10,2,9,5,7
JCQevHy^Dw? PAIR C1=0,5,9,3,8,2,10,4,1,6 C2=0,3,6,4,8,1,9,2,5,10
JCQevHy^Dq? PAIR C1=0,5,2,8,3,6,1,9,4,10,7 C2=0,3,10,2,9,5,7,1,8,4,6
JCQevHy^@y? PAIR C1=0,5,2,8,3,6,1,9,4,10,7 C2=0,3,10,2,9,5,7,1,8,4,6
JCQevHx^@{? PAIR C1=0,5,9,1,4,6,3,10,2,8,7 C2=0,3,8,1,7,5,2,9,4,10,6
JCQevG|^Fo? PAIR C1=0,5,9,2,8,4,6,3,10,1,7 C2=0,3,8,7,5,2,10,4,9,1,6
JCQerjknBq? PAIR C1=0,3,6,4,1,8,2,10,7,5,9 C2=0,6,1,7,3,10,4,9,2,5,8
JCQerjkn@u? PAIR C1=0,3,6,4,1,8,2,10,7,5,9 C2=0,6,1,7,3,10,4,9,2,5,8
JCQeri{}B[? PAIR C1=0,3,8,5,10,2,9,4,6 C2=0,5,2,8,4,10,6,3,9
JCQeriyzBw? PAIR C1=0,3,8,6,4,9,2,10,5 C2=0,6,3,10,4,8,2,5,9
JCQeriyzBq? PAIR C1=0,5,7,3,8,2,9,1,4,6 C2=0,3,6,1,7,2,5,9,4,8
JCQerhxz@{? PAIR C1=0,5,7,3,6,4,1,8,2,9 C2=0,3,8,4,9,5,2,7,1,6
JCQerhl}@{? PAIR C1=0,5,7,3,6,4,1,8,2,9 C2=0,3,9,4,8,5,2,7,1,6
JCQerhlnFo? PAIR C1=0,5,7,3,6,4,1,8,2,9 C2=0,3,9,4,8,5,2,7,1,6
JCQerg|zFo? PAIR C1=0,5,7,3,8,2,9,1,4,6 C2=0,3,6,1,7,2,5,8,4,9
JCQerg|zBs? PAIR C1=0,5,7,3,8,2,9,1,4,6 C2=0,3,6,1,7,2,5,8,4,9
JCQerZw|@{? PAIR C1=0,3,6,4,8,1,9,2,10,5 C2=0,6,1,4,10,3,8,2,5,9
JCQerZw|@m? PAIR C1=0,3,6,4,8,1,7,5,10,2,9 C2=0,5,9,3,10,6,1,4,7,2,8
JCQerZw^De? PAIR C1=0,5,7,1,8,4,9,2,10,3,6 C2=0,8,3,9,5,2,7,4,1,6,10
JCQerZsnBs? PAIR C1=0,3,6,4,9,2,8,1,7,5 C2=0,6,1,4,7,2,5,9,3,8
JCQerZsnBe? PAIR C1=0,3,6,4,9,2,8,1,7,5 C2=0,6,1,4,7,2,5,9,3,8
JCQerXy|Dq? PAIR C1=0,3,6,4,8,1,7,5,2,9 C2=0,5,9,3,8,2,7,4,1,6
JCQerXy|@y? PAIR C1=0,3,6,4,8,1,7,5,2,9 C2=0,5,9,3,8,2,7,4,1,6
JCQerXylVo? PAIR C1=0,3,6,4,8,1,7,5,2,9 C2=0,5,9,3,8,2,7,4,1,6
JCQerXylRw? PAIR C1=0,3,6,4,8,1,7,5,2,9 C2=0,5,9,3,8,2,7,4,1,6
JCQbv`mv@y? PAIR C1=0,3,6,4,9,5,2,8,1,7 C2=0,5,8,4,1,6,2,7,3,9
JCQbv`mnEw? PAIR C1=0,3,6,4,9,5,2,8,1,7 C2=0,5,8,4,1,6,2,7,3,9
JCQbv`mnAy? PAIR C1=0,3,6,4,9,5,2,8,1,7 C2=0,5,8,4,1,6,2,7,3,9
JCQbv`]zDw? PAIR C1=0,3,10,2,5,9,4,6,8,1,7 C2=0,5,10,4,8,3,7,2,6,1,9
JCQbv`]zDq? PAIR C1=0,3,10,2,5,9,4,6,8,1,7 C2=0,5,8,3,6,2,7,10,4,1,9
JCQbv`]z@y? PAIR C1=0,3,10,2,5,9,4,6,8,1,7 C2=0,5,8,3,6,2,7,10,4,1,9
JCQbv_}zEw? PAIR C1=0,3,6,4,8,2,5,9,1,7 C2=0,5,8,3,7,2,6,1,4,9
JCQbv_}zAy? PAIR C1=0,3,6,4,8,2,5,9,1,7 C2=0,5,8,3,7,2,6,1,4,9
JCQbvbLnBw? PAIR C1=0,3,9,4,8,5,2,6,1,7 C2=0,5,9,2,7,3,6,4,1,8
JCQbvalvBw? PAIR C1=0,5,2,6,1,9,4,10,3,7 C2=0,3,6,4,1,7,2,10,5,9
JCQbva\zBw? PAIR C1=0,5,2,6,1,9,4,10,3,7 C2=0,3,6,4,1,7,2,10,5,9
JCQbv_|zEw? PAIR C1=0,5,2,6,4,9,1,7,3,10 C2=0,3,6,1,4,10,5,9,2,7
JCQbvR[^Cm? PAIR C1=0,5,2,9,3,6,1,7,4,8 C2=0,3,8,5,9,1,4,6,2,7
JCQbvR[^@m? PAIR C1=0,5,2,9,3,6,1,7,4,8 C2=0,3,8,5,9,1,4,6,2,7
JCQbvRTnBw? PAIR C1=0,5,9,2,6,3,10,4,1,7,8 C2=0,3,9,4,6,1,8,5,10,2,7
JCQbvRT^@{? PAIR C1=0,5,9,2,6,3,10,4,1,7,8 C2=0,3,9,4,6,1,8,5,10,2,7
JCQbvQtvBw? PAIR C1=0,7,4,1,9,5,2,6,3,8 C2=0,3,9,4,6,1,7,2,8,5
JCQbvPtnEw? PAIR C1=0,9,5,2,7,8,3,6,1,4,10 C2=0,5,10,3,9,4,6,2,8,1,7
JCQbursz@m? PAIR C1=0,7,1,4,9,5,2,6,3,8 C2=0,3,7,4,6,1,9,2,8,5
JCQbursnBY? PAIR C1=0,3,8,2,6,1,7,4,9,5 C2=0,7,3,6,4,1,8,5,2,9
JCQburk^De? PAIR C1=0,5,9,3,7,1,4,6,2,8 C2=0,3,6,1,8,5,2,9,4,7
JCQburk^DM? PAIR C1=0,5,9,3,7,1,4,6,2,8 C2=0,3,6,1,8,5,2,9,4,7
JCQburk^@m? PAIR C1=0,5,9,3,7,1,4,6,2,8 C2=0,3,6,1,8,5,2,9,4,7
JCQburdnBw? PAIR C1=0,5,9,3,7,1,4,6,2,8 C2=0,3,6,1,8,5,2,9,4,7
JCQbuqtzBw? PAIR C1=0,3,8,2,6,1,7,4,9,5 C2=0,7,3,6,4,1,9,2,5,8
JCQbuptzDs? PAIR C1=0,5,2,8,3,7,1,6,4,9 C2=0,3,6,2,9,5,8,1,4,7
JCQbuptnFW? PAIR C1=0,5,2,8,3,7,1,6,4,9 C2=0,3,6,2,9,5,8,1,4,7
JCQbrrkvDM? PAIR C1=0,3,6,1,8,2,5,9,4,7,10 C2=0,8,5,10,2,6,4,1,7,3,9
JCQbrrevDq? PAIR C1=0,8,1,6,3,9,5,2,7,10 C2=0,5,8,6,2,10,3,7,1,9
JCQbrrev@y? PAIR C1=0,5,10,2,7,3,6,4,9,1,8 C2=0,3,10,4,7,1,6,8,2,5,9
JCQbvJ[nBq? PAIR C1=0,5,8,1,10,3,6,4,9,2,7 C2=0,3,8,4,10,7,1,6,2,5,9
JCQbvJ[n@u? PAIR C1=0,3,10,4,6,2,9,5,8 C2=0,5,2,10,6,3,8,4,9
JCQbvHyvDw? PAIR C1=0,3,9,4,8,6,2,10,5 C2=0,9,5,2,8,3,6,4,10
JCQbvHyvDq? PAIR C1=0,5,7,2,6,1,8,3,10,4,9 C2=0,3,6,4,8,2,5,9,1,7,10
JCQbvHyv@y? PAIR C1=0,5,9,4,10,3,8,1,6,2,7 C2=0,3,6,4,8,2,5,10,7,1,9
JCQbvHynEq? PAIR C1=0,3,10,1,6,8,4,9,2,7,5 C2=0,9,5,2,8,3,6,4,1,7,10
JCQbvI\}Bw? PAIR C1=0,5,2,9,4,6,1,10,3,8,7 C2=0,8,4,1,7,5,10,2,6,3,9
JCQbtjkvBq? PAIR C1=0,5,2,6,1,8,4,9,3,10,7 C2=0,8,2,10,1,4,6,3,7,5,9
JCQbtjk^EU? PAIR C1=0,3,9,4,8,1,6,10,7,2,5 C2=0,8,2,9,5,7,3,6,4,1,10
JCQbthyzEw? PAIR C1=0,5,2,9,1,6,4,8,3,10 C2=0,3,6,2,8,1,4,10,5,9
JCQbthyzEq? PAIR C1=0,5,2,9,1,6,4,8,3,10,7 C2=0,9,5,7,3,6,2,8,1,4,10
JCQbthyzAy? PAIR C1=0,5,2,9,1,4,8,6,3,10,7 C2=0,3,7,5,10,1,8,2,6,4,9
JCQbuZw^De? PAIR C1=0,5,2,9,3,8,4,1,6,10,7 C2=0,3,10,2,6,4,9,5,7,1,8
JCQbuZsnBq? PAIR C1=0,5,2,8,1,6,4,9,3,10,7 C2=0,8,3,6,2,10,4,1,7,5,9
JCQbuZsnBe? PAIR C1=0,8,1,6,2,5,7,10,3,9 C2=0,5,9,2,8,3,6,10,1,7
JCQbuXy|Dw? PAIR C1=0,3,10,5,2,6,4,8,1,9 C2=0,5,9,2,8,3,6,1,4,10
JCQbuXy|Dq? PAIR C1=0,3,10,7,5,2,8,4,6,1,9 C2=0,5,9,2,6,3,8,1,7,4,10
JCQbuXylVo? PAIR C1=0,7,5,2,8,4,6,1,10,3,9 C2=0,5,9,2,6,3,8,1,7,4,10
JCQbuYt}Bw? PAIR C1=0,7,5,10,3,9,4,1,6,2,8 C2=0,5,2,10,4,6,3,8,7,1,9
JCQfKzw]bw? PAIR C1=0,6,1,4,7,5,10,3,9,2,8 C2=0,5,2,6,9,4,10,1,8,3,7
JCQfIzw}@u? PAIR C1=0,3,9,1,6,2,10,7,4,8 C2=0,6,10,4,1,7,3,8,2,9
JCQfIy{}Bs? PAIR C1=0,8,5,2,6,1,7,4,10,3,9 C2=0,5,7,3,8,2,9,4,1,10,6
JCQfIy{}@u? PAIR C1=0,8,5,2,6,1,7,4,10,3,9 C2=0,5,7,3,8,4,1,9,2,10,6
JCQfIy{]Vo? PAIR C1=0,3,10,1,7,4,9,2,6,5,8 C2=0,5,2,10,4,8,3,7,9,1,6
JCQfIx{mVo? PAIR C1=0,3,10,1,7,4,8,5,6,2,9 C2=0,5,2,10,4,9,7,3,8,1,6
JCQfIyy}Bw? PAIR C1=0,3,10,1,4,7,5,6,2,9 C2=0,5,2,10,4,9,3,7,1,6
JCQfIxy}Dq? PAIR C1=0,3,8,1,4,7,5,6,2,9 C2=0,5,2,8,4,9,3,7,1,6
JCQfIw}}Fo? PAIR C1=0,3,10,1,4,7,5,6,2,9 C2=0,5,2,10,4,9,3,7,1,6
JCQfIxx}Ds? PAIR C1=0,3,8,1,4,7,5,6,2,9 C2=0,5,2,8,4,9,3,7,1,6
JCQfIxx}@{? PAIR C1=0,3,8,1,4,7,5,6,2,9 C2=0,5,2,8,4,9,3,7,1,6
JCQfHzY}Bw? PAIR C1=0,3,9,2,6,5,10,4,1,8 C2=0,5,2,10,3,8,4,9,1,6
JCQfHzY}Bq? PAIR C1=0,8,3,10,7,4,1,6,5,2,9 C2=0,5,7,3,9,4,8,1,10,2,6
JCQfHxx}A{? PAIR C1=0,3,8,2,6,5,7,4,1,9 C2=0,5,2,7,3,9,4,8,1,6
JCQfHxxvFo? PAIR C1=0,3,8,2,6,5,7,4,1,9 C2=0,5,2,7,3,9,4,8,1,6
JCQfHx\}Fo? PAIR C1=0,9,2,5,6,1,4,7,8,3,10 C2=0,5,8,1,10,4,9,3,7,2,6
JCQdnRwVRw? PAIR C1=0,5,10,4,1,7,9,3,8,2,6 C2=0,7,2,5,6,3,10,1,9,4,8
JCQdnP{^Es? PAIR C1=0,6,5,2,8,3,9,4,1,7 C2=0,3,6,2,7,4,8,1,9,5
JCQdnP{^Au? PAIR C1=0,6,5,2,8,3,9,4,1,7 C2=0,3,6,2,7,4,8,1,9,5
JCQdnPy^Ew? PAIR C1=0,6,5,2,8,3,9,4,1,7 C2=0,3,6,2,7,4,8,1,9,5
JCQdnPy^Ay? PAIR C1=0,6,5,2,8,3,9,4,1,7 C2=0,3,6,2,7,4,8,1,9,5
JCQdnP]^Fo? PAIR C1=0,6,5,2,9,3,8,4,1,7 C2=0,3,6,2,7,4,9,1,8,5
JCQdnPx^Ew? PAIR C1=0,3,9,5,6,2,8,7,4,1,10 C2=0,6,3,8,1,9,4,10,5,2,7
JCQdnPx^A{? PAIR C1=0,3,9,5,6,2,8,4,1,7 C2=0,5,2,7,4,9,1,8,3,6
JCQdmp{^FS? PAIR C1=0,3,7,1,4,8,2,9,5,6 C2=0,5,2,6,3,8,1,9,4,7
JCQdmpm^Fo? PAIR C1=0,3,7,1,4,9,2,8,5,6 C2=0,5,2,6,3,9,1,8,4,7
JCQdmrh^Bw? PAIR C1=0,6,5,9,3,7,4,1,10,2,8 C2=0,3,6,2,9,1,7,8,4,10,5
JCQdmpx^FW? PAIR C1=0,6,5,9,3,7,4,1,8,2,10 C2=0,3,6,2,9,1,7,8,4,10,5
JCQdmpx^FS? PAIR C1=0,6,5,9,3,8,2,10,1,4,7 C2=0,5,2,6,3,7,8,1,9,4,10
JCQdmZw]Rw? PAIR C1=0,6,5,2,10,3,9,4,8,1,7 C2=0,5,7,4,10,1,9,2,6,3,8
JCQdmXy}Bw? PAIR C1=0,6,5,2,10,3,9,4,1,7 C2=0,3,6,2,9,1,10,4,7,5
JCQTfZwZb[? PAIR C1=0,6,2,10,5,3,8,4,9,1,7 C2=0,3,6,9,2,8,1,10,4,7,5
JCQTfZk]bw? PAIR C1=0,6,2,10,5,3,9,4,8,1,7 C2=0,3,6,9,1,10,4,7,2,8,5
JCQTfZk]b[? PAIR C1=0,6,2,10,5,3,9,4,8,1,7 C2=0,3,6,9,1,10,4,7,2,8,5
JCQTb^k^Fo? PAIR C1=0,6,2,10,3,5,7,4,9,1,8 C2=0,3,6,7,1,10,4,8,2,9,5
JCQTb^i^FW? PAIR C1=0,6,2,10,5,3,9,4,7,1,8 C2=0,3,6,7,2,8,4,10,1,9,5
JCQRVrk\ds? PAIR C1=0,7,4,1,9,6,2,10,3,5,8 C2=0,3,7,1,6,10,4,8,2,9,5
JCQRVrk\`{? PAIR C1=0,7,4,1,9,6,2,10,3,5,8 C2=0,3,7,1,6,10,4,8,2,9,5
JCQRVi{ybw? PAIR C1=0,5,3,7,1,10,2,6,9,4,8 C2=0,3,8,2,9,1,6,4,10,5,7
JCQRVe{zBw? PAIR C1=0,3,5,9,4,10,1,7,6,2,8 C2=0,5,10,3,8,4,6,1,9,2,7
JCQRVem^Bw? PAIR C1=0,3,5,9,4,10,1,7,6,2,8 C2=0,5,8,4,6,1,9,3,10,2,7
JCQRVT{|@{? PAIR C1=0,3,8,2,6,7,1,4,10,5,9 C2=0,5,8,4,6,1,9,3,10,2,7
JCQRTnwzBw? PAIR C1=0,3,10,1,4,8,2,6,7,5,9 C2=0,7,2,9,1,6,4,10,5,3,8
JCQRTni^Bw? PAIR C1=0,3,7,6,2,8,1,10,4,9,5 C2=0,7,2,10,5,3,9,1,6,4,8
JCQVfRkNRw? PAIR C1=0,3,10,4,7,9,2,8,5 C2=0,7,2,10,5,3,9,4,8
JCQVfQ{Zbw? PAIR C1=0,3,8,2,7,4,10,1,9,5 C2=0,7,1,4,9,2,10,3,5,8
JCQVfQ{ZR[? PAIR C1=0,5,9,7,1,4,10,6,2,8 C2=0,6,1,10,5,8,4,9,2,7
JCQVfQm^Bw? PAIR C1=0,5,9,4,10,1,7,2,6,8 C2=0,6,1,9,2,10,5,8,4,7
JCQVfPm^DY? PAIR C1=0,5,9,1,4,8,6,2,7,10 C2=0,6,1,8,5,10,2,9,4,7
JCQVfPm^@y? PAIR C1=0,3,10,7,2,6,8,4,1,9,5 C2=0,6,1,8,5,3,9,2,10,4,7
JCQVfO}^FW? PAIR C1=0,3,8,6,2,7,1,9,4,10,5 C2=0,6,1,10,2,9,3,5,8,4,7
JCQVfO}ZVW? PAIR C1=0,5,3,8,6,2,7,1,9,4,10 C2=0,3,6,1,10,2,9,5,8,4,7
JCQVfPl^Dw? PAIR C1=0,6,2,7,8,4,1,9,5,3,10 C2=0,3,6,1,8,5,10,2,9,4,7
JCQVfPl^D[? PAIR C1=0,5,3,9,1,7,2,8,4,10,6 C2=0,3,6,1,8,5,10,2,9,4,7
JCQVfPl^@{? PAIR C1=0,5,3,9,1,7,2,8,4,10,6 C2=0,3,6,1,8,5,10,2,9,4,7
JCQVdrkZbY? PAIR C1=0,5,9,6,2,7,10,1,4,8 C2=0,6,1,8,5,10,2,9,4,7
JCQVdZi^Bw? PAIR C1=0,5,7,2,9,1,10,4,8,6 C2=0,7,4,9,5,10,2,6,1,8
JCQVdXy^FW? PAIR C1=0,6,1,9,5,7,2,8,4,10 C2=0,5,10,1,8,6,2,9,4,7
JCQVdXyZRw? PAIR C1=0,3,8,2,7,9,5,10,4,1,6 C2=0,5,3,6,8,1,10,2,9,4,7
JCQVdXm]Rw? PAIR C1=0,3,10,4,8,5,7,9,1,6 C2=0,5,10,1,8,6,3,9,4,7
JCQVbZwnB[? PAIR C1=0,3,8,2,9,5,10,4,1,6 C2=0,5,3,6,2,10,1,8,4,9
JCQVbZinBw? PAIR C1=0,3,5,10,4,9,2,8,1,6 C2=0,5,9,3,6,2,10,1,4,8
JCQVbZi^Dq? PAIR C1=0,3,5,7,1,9,4,10,2,8,6 C2=0,5,9,2,6,3,10,7,4,1,8
JCQVbZi^DY? PAIR C1=0,3,5,10,4,7,2,9,1,8,6 C2=0,5,9,3,6,2,10,7,1,4,8
JCQVbZi^@y? PAIR C1=0,3,5,10,4,7,2,9,1,8,6 C2=0,5,9,3,6,2,10,7,1,4,8
JCQVbYyzBw? PAIR C1=0,3,5,7,2,9,1,10,4,8,6 C2=0,5,9,4,7,1,6,3,10,2,8
JCQVbXl}Ds? PAIR C1=0,3,10,4,1,8,5,7,2,6 C2=0,5,3,6,1,7,4,8,2,10
JCQVbXl}D[? PAIR C1=0,3,6,1,9,2,10,4,8,5 C2=0,6,2,8,1,4,9,3,5,10
JCQVbXlnFo? PAIR C1=0,3,6,2,7,8,1,10,4,9 C2=0,6,1,7,4,8,2,9,3,10
JCQVVP{^@m? PAIR C1=0,3,10,6,4,7,1,9,2,8,5 C2=0,6,1,8,4,9,3,5,10,2,7
JCQVVPu^@y? PAIR C1=0,3,10,4,7,1,6,2,9,5 C2=0,6,4,1,9,3,5,10,2,7
JCQVRrsnB[? PAIR C1=0,3,7,1,10,4,6,2,9,5 C2=0,6,1,4,7,2,10,5,3,9
JCQVRrk^De? PAIR C1=0,3,10,2,8,5,9,1,7,4,6 C2=0,5,3,9,4,8,1,6,2,7,10
JCQVRrk^DM? PAIR C1=0,3,7,1,8,5,10,2,9,4,6 C2=0,5,3,9,1,6,2,8,4,7,10
JCQVRpm|Dq? PAIR C1=0,3,7,1,8,5,9,2,10,4,6 C2=0,5,3,9,1,6,2,8,4,7,10
JCQVRpm|DY? PAIR C1=0,3,7,1,8,5,9,2,10,4,6 C2=0,5,3,9,1,6,2,8,4,7,10
JCQTnP{^FS? PAIR C1=0,3,5,8,4,9,1,10,2,6 C2=0,5,6,3,9,2,8,1,4,10
JCQTnPy^FW? PAIR C1=0,3,5,10,4,9,1,7,2,6 C2=0,5,6,3,9,2,10,1,4,7
JCQTnPyZVo? PAIR C1=0,3,5,9,4,10,1,7,2,6 C2=0,5,6,3,10,2,9,1,4,7
JCQTnPyZVW? PAIR C1=0,5,9,7,4,10,1,8,2,6 C2=0,7,2,9,1,4,8,6,5,10
JCQTnPxzBw? PAIR C1=0,3,10,4,1,7,2,9,5,6 C2=0,5,3,6,2,10,1,9,4,7
JCQTnPxzBs? PAIR C1=0,3,10,4,1,7,2,9,5,6 C2=0,5,3,6,2,10,1,9,4,7
JCRbfQ{Nes? PAIR C1=0,5,2,9,4,10,3,6,1,7 C2=0,3,9,5,1,4,7,2,6,10
JCRbfRYNTw? PAIR C1=0,5,2,10,3,6,1,8,4,9,7 C2=0,3,9,5,10,4,1,7,2,6,8
JCRbfRYNT[? PAIR C1=0,5,1,6,8,4,10,2,9,7 C2=0,8,1,7,4,9,5,2,6,10
JCRbfQyfbw? PAIR C1=0,5,2,8,4,9,6,1,7 C2=0,8,6,2,7,4,1,5,9
JCRbfQyNew? PAIR C1=0,5,1,10,4,9,6,8,2,7 C2=0,8,4,7,1,6,2,9,5,10
JCRbfQyNcy? PAIR C1=0,5,9,2,8,6,1,4,10,7 C2=0,8,4,9,6,2,7,1,5,10
JCRbfPyf`y? PAIR C1=0,3,6,8,2,10,7,1,4,9,5 C2=0,7,4,8,1,6,2,5,10,3,9
JCRbfP]m`y? PAIR C1=0,3,6,9,4,10,2,7,1,5 C2=0,7,4,1,6,2,5,10,3,9
JCRbeq{m`]? PAIR C1=0,3,7,1,6,2,9,4,10,5 C2=0,7,4,1,5,2,10,6,3,9
JCRbeq{NdU? PAIR C1=0,3,7,1,6,2,10,4,9,5 C2=0,7,4,1,5,2,9,3,6,10
JCRbeqmnBs? PAIR C1=0,3,7,4,10,1,6,8,2,9,5 C2=0,7,1,4,8,5,2,10,6,3,9
JCRbeqmn@u? PAIR C1=0,3,7,10,4,9,2,8,6,1,5 C2=0,7,1,4,8,5,2,10,6,3,9
JCRbeqmNfo? PAIR C1=0,3,9,5,1,6,8,2,10,4,7 C2=0,5,8,4,9,2,6,3,7,1,10
JCRbeqmNfQ? PAIR C1=0,3,9,5,1,6,8,2,10,4,7 C2=0,5,8,4,9,2,6,3,7,1,10
JCRbepmnDs? PAIR C1=0,3,9,5,1,6,8,2,10,4,7 C2=0,9,2,5,8,4,1,7,3,6,10
JCRbepmnDU? PAIR C1=0,3,9,5,1,6,8,2,10,4,7 C2=0,9,2,5,8,4,1,7,3,6,10
JCRbepmn@u? PAIR C1=0,3,9,5,1,6,8,2,10,4,7 C2=0,5,2,6,3,10,7,1,8,4,9
JCRbeqxj`{? PAIR C1=0,3,7,4,10,5,1,6,2,9 C2=0,5,2,10,3,6,9,4,1,7
JCRbdrkm_}? PAIR C1=0,7,4,8,2,6,1,5,10,3,9 C2=0,5,2,9,6,3,7,10,4,1,8
JCRbdrkfbq? PAIR C1=0,5,1,6,2,8,4,10,3,9 C2=0,3,6,9,4,1,10,2,5,8
JCRbdrkNes? PAIR C1=0,3,9,4,7,2,6,1,8,5 C2=0,7,3,6,9,2,5,1,4,8
JCRbdrkNeU? PAIR C1=0,3,9,4,7,2,6,1,8,5 C2=0,7,3,6,9,2,5,1,4,8
JCRbdr[m`]? PAIR C1=0,3,9,4,7,2,6,1,8,5 C2=0,7,3,6,9,2,5,1,4,8
JCRbdr[Zds? PAIR C1=0,3,10,2,6,1,9,4,8,5 C2=0,8,3,6,9,2,5,1,4,10
JCRbdr[ZdU? PAIR C1=0,3,7,2,6,1,9,4,8,5 C2=0,7,4,1,5,2,9,6,3,8
JCRbdr[Z`u? PAIR C1=0,3,7,2,6,1,9,4,8,5 C2=0,7,4,1,5,2,9,6,3,8
JCRbdq{r`u? PAIR C1=0,5,8,3,10,7,2,6,1,4,9 C2=0,7,3,6,9,1,5,2,10,4,8
JCRbdq{VdU? PAIR C1=0,5,8,3,9,4,1,6,2,7,10 C2=0,7,3,6,9,1,5,2,10,4,8
JCRbdp{rds? PAIR C1=0,5,8,3,7,2,6,1,4,9 C2=0,3,6,9,1,5,2,8,4,7
JCRbdp{rdU? PAIR C1=0,5,8,3,7,2,6,1,4,9 C2=0,3,6,9,1,5,2,8,4,7
JCRbdrM]dw? PAIR C1=0,3,9,1,6,2,5,8,4,7 C2=0,5,1,4,9,2,7,3,6,8
JCRbdrM]`y? PAIR C1=0,3,9,1,6,2,5,8,4,7 C2=0,5,1,4,9,2,7,3,6,8
JCRbdrMNfo? PAIR C1=0,3,7,4,8,1,6,9,2,5 C2=0,7,2,6,3,9,4,1,5,8
JCRbdrMNbq? PAIR C1=0,3,7,4,8,1,6,9,2,5 C2=0,7,2,6,3,9,4,1,5,8
JCRbdqm^Es? PAIR C1=0,3,7,4,8,6,1,9,2,5 C2=0,7,2,6,3,9,4,1,5,8
JCRbdqm^EU? PAIR C1=0,3,7,4,8,6,1,9,2,5 C2=0,7,2,6,3,9,4,1,5,8
JCRbdpmffo? PAIR C1=0,5,2,6,1,8,4,7,3,9 C2=0,3,6,9,4,1,5,8,2,7
JCRbdq]}A]? PAIR C1=0,5,2,9,1,6,3,7,4,8 C2=0,3,9,4,1,5,8,6,2,7
JCRbdqxr`{? PAIR C1=0,5,2,6,9,1,4,8,3,7 C2=0,3,6,1,5,9,4,7,2,8
JCRbdqxZc{? PAIR C1=0,5,2,6,9,1,4,8,3,7 C2=0,3,6,1,5,9,4,7,2,8
JCRbczwy`{? PAIR C1=0,5,2,10,3,7,4,8,1,6,9 C2=0,3,8,2,6,10,4,9,1,5,7
JCRbczkmbq? PAIR C1=0,3,7,4,8,1,6,9,2,5 C2=0,7,5,1,4,9,3,6,2,8
JCRbczk]ds? PAIR C1=0,3,7,4,8,1,6,9,2,5 C2=0,7,5,1,4,9,3,6,2,8
JCRbczk]dU? PAIR C1=0,3,7,4,8,1,6,9,2,5 C2=0,7,5,1,4,9,3,6,2,8
JCRbcyy}@]? PAIR C1=0,3,7,4,8,6,1,9,2,5 C2=0,7,5,1,4,9,3,6,2,8
JCRbcyyybw? PAIR C1=0,5,2,9,1,6,3,7,4,8 C2=0,3,8,2,6,9,4,1,5,7
JCRbcyyybq? PAIR C1=0,5,2,9,1,6,3,7,4,8 C2=0,3,8,2,6,9,4,1,5,7
JCRbcyy]fQ? PAIR C1=0,5,2,9,1,6,3,7,4,8 C2=0,3,8,2,6,9,4,1,5,7
JCRbcyy]bY? PAIR C1=0,5,2,9,1,6,3,7,4,8 C2=0,3,8,2,6,9,4,1,5,7
JCRbcxy}D[? PAIR C1=0,5,2,6,1,8,4,7,3,9 C2=0,3,6,8,2,9,4,1,5,7
JCRbcxy}DU? PAIR C1=0,5,2,6,1,8,4,7,3,9 C2=0,3,6,8,2,9,4,1,5,7
JCRbcxyydw? PAIR C1=0,5,2,8,4,7,3,6,1,9 C2=0,3,8,6,2,9,4,1,5,7
JCRbcxyydq? PAIR C1=0,5,2,8,4,7,3,6,1,9 C2=0,3,8,6,2,9,4,1,5,7
JCRbcxyy`y? PAIR C1=0,5,2,8,4,7,3,6,1,9 C2=0,3,8,6,2,9,4,1,5,7
JCRbcxm}Ds? PAIR C1=0,5,2,6,1,8,4,7,3,9 C2=0,3,6,8,2,9,4,1,5,7
JCRbcxm}DU? PAIR C1=0,5,2,6,1,8,4,7,3,9 C2=0,3,6,8,2,9,4,1,5,7
JCRbcxm}@u? PAIR C1=0,5,2,6,1,8,4,7,3,9 C2=0,3,6,8,2,9,4,1,5,7
JCRbcxmmbq? PAIR C1=0,5,2,6,1,8,4,7,3,9 C2=0,3,6,8,2,9,4,1,5,7
JCRbcxmmVo? PAIR C1=0,5,2,6,1,8,4,7,3,9 C2=0,3,6,8,2,9,4,1,5,7
JCRbcyxybw? PAIR C1=0,5,2,9,1,6,3,7,4,8 C2=0,3,8,2,6,9,4,1,5,7
JCRbcyxy`{? PAIR C1=0,5,2,9,1,6,3,7,4,8 C2=0,3,8,2,6,9,4,1,5,7
JCRbcyx]d[? PAIR C1=0,5,2,9,1,6,3,7,4,8 C2=0,3,8,2,6,9,4,1,5,7
JCRb`zkudq? PAIR C1=0,5,2,6,1,8,4,7,3,9 C2=0,3,6,9,4,1,5,7,2,8
JCRb`zkudU? PAIR C1=0,5,2,6,1,8,4,7,3,9 C2=0,3,6,9,4,1,5,7,2,8
JCRb`zkmeU? PAIR C1=0,5,2,6,1,8,4,7,3,9 C2=0,3,6,9,4,1,5,7,2,8
JCRb`z[yds? PAIR C1=0,5,2,7,3,8,4,1,6,9 C2=0,3,6,2,9,4,7,5,1,8
JCRb`ziudw? PAIR C1=0,8,4,7,3,9,1,6,2,5,10 C2=0,3,6,8,1,5,7,2,10,4,9
JCRb`ziudq? PAIR C1=0,5,2,6,1,9,3,10,7,4,8 C2=0,3,6,8,1,5,7,2,10,4,9
JCRb`zY}D[? PAIR C1=0,8,4,7,3,9,1,6,2,5,10 C2=0,3,6,8,1,5,7,2,10,4,9
JCRb`zY}C]? PAIR C1=0,5,2,7,4,8,3,9,1,6,10 C2=0,3,6,2,9,4,10,7,5,1,8
JCRb`zM}Ds? PAIR C1=0,5,2,10,3,7,4,8,6,1,9 C2=0,3,6,10,4,9,2,7,5,1,8
JCRb`zM}DU? PAIR C1=0,5,2,9,1,6,8,4,7,10 C2=0,8,1,5,7,2,6,10,4,9
JCRb`ym}EU? PAIR C1=0,5,2,9,3,6,8,4,7,10 C2=0,3,7,5,8,2,6,10,4,9
JCRb`zLmfo? PAIR C1=0,5,2,6,1,8,7,4,9,3,10 C2=0,3,6,9,2,7,5,1,10,4,8
JCRcvRsNbs? PAIR C1=0,5,2,8,1,7,4,9,3,10,6 C2=0,3,8,5,1,10,4,6,9,2,7
JCRcvRsNbq? PAIR C1=0,5,2,10,3,9,4,7,1,8 C2=0,3,8,2,9,5,1,4,10,7
JCRcvRsNbe? PAIR C1=0,5,2,9,4,7,1,8,3,6 C2=0,3,9,6,4,1,5,8,2,7
JCRcvQ{\bs? PAIR C1=0,5,2,10,4,7,1,9,3,6 C2=0,3,10,6,4,1,5,9,2,7
JCRcvQ{\be? PAIR C1=0,5,2,8,4,6,3,9,1,7 C2=0,3,8,5,1,4,7,2,9,6
JCRcvP{]di? PAIR C1=0,5,2,8,4,6,3,9,1,7 C2=0,3,8,5,1,4,7,2,9,6
JCRcvP{]`m? PAIR C1=0,5,2,8,4,6,3,9,1,7 C2=0,3,8,5,1,4,7,2,9,6
JCRcvP{Nbe? PAIR C1=0,5,2,9,3,6,4,8,1,7 C2=0,3,8,2,7,4,1,5,9,6
JCRcvRq^@y? PAIR C1=0,5,10,2,8,3,6,4,1,7 C2=0,3,10,4,7,2,5,1,8,6
JCRcvRqNbw? PAIR C1=0,5,10,2,8,3,6,4,1,7 C2=0,3,10,4,7,2,5,1,8,6
JCRcvQu^Be? PAIR C1=0,5,9,3,8,2,10,1,7 C2=0,3,10,7,2,9,1,5,8
JCRcvQu]bw? PAIR C1=0,5,10,2,9,3,6,4,1,7 C2=0,3,10,4,7,2,5,1,9,6
JCRcvQu]bi? PAIR C1=0,6,3,9,2,8,5,10,1,7 C2=0,3,10,7,2,5,1,9,6,8
JCRcvPu^Dq? PAIR C1=0,7,1,8,5,2,9,3,6,4,10 C2=0,5,9,1,4,7,2,10,3,8,6
JCRcvPx\dw? PAIR C1=0,5,10,4,6,3,9,2,8,1,7 C2=0,6,9,1,5,2,7,4,8,3,10
JCRcvPxNfc? PAIR C1=0,5,2,9,3,8,1,10,6,4,7 C2=0,3,6,9,5,1,4,8,7,2,10
JCRcvPxNbk? PAIR C1=0,5,2,9,3,8,1,10,6,4,7 C2=0,3,10,2,7,8,4,1,5,9,6
JCRcrrsNfS? PAIR C1=0,5,2,9,3,6,4,7,1,10 C2=0,3,7,2,10,4,1,5,9,6
JCRcrrklbs? PAIR C1=0,3,10,1,7,4,6,9,2,5 C2=0,6,3,7,2,10,4,1,5,9
JCRcrrklbe? PAIR C1=0,5,2,10,3,9,6,4,7,1,8 C2=0,3,6,10,7,2,8,4,1,5,9
JCRcrq{]fE? PAIR C1=0,6,4,7,1,10,2,9,3,8 C2=0,3,6,9,1,4,8,2,7,10
JCRcrq{xbs? PAIR C1=0,8,3,6,4,7,1,10,2,5,9 C2=0,5,8,4,1,9,2,7,3,10,6
JCRcrq{xbe? PAIR C1=0,8,3,6,4,7,1,10,2,5,9 C2=0,5,8,4,1,9,2,7,3,10,6
JCRcrq{\fS? PAIR C1=0,8,3,6,9,5,2,7,4,1,10 C2=0,5,1,7,3,9,2,8,4,10,6
JCRcrq{\fE? PAIR C1=0,8,3,6,9,5,2,7,4,1,10 C2=0,3,7,1,9,2,10,6,4,8,5
JCRcrp{{dY? PAIR C1=0,3,6,9,2,7,1,4,10,5 C2=0,6,4,7,3,9,1,5,2,10
JCRcrp{jfE? PAIR C1=0,5,9,6,3,8,2,7,4,1,10 C2=0,3,7,1,5,8,4,6,10,2,9
JCRcrrqnB[? PAIR C1=0,5,10,1,4,7,2,8,3,6 C2=0,3,7,1,5,2,10,4,6,8
JCRcrrqnBM? PAIR C1=0,6,3,8,2,7,4,1,10,5,9 C2=0,3,9,4,6,8,1,7,10,2,5
JCRcrrqn@]? PAIR C1=0,6,10,5,9,4,1,7,2,8 C2=0,5,1,8,6,4,7,10,2,9
JCRcrrqjbw? PAIR C1=0,3,6,8,2,7,1,4,9,5 C2=0,6,4,7,3,8,1,5,2,9
JCRcrrqj`y? PAIR C1=0,3,6,8,2,7,1,4,9,5 C2=0,6,4,7,3,8,1,5,2,9
JCRcrrqNfW? PAIR C1=0,3,6,8,2,7,1,4,9,5 C2=0,6,4,7,3,9,2,5,1,8
JCRcrrqNdY? PAIR C1=0,3,6,8,2,7,1,4,9,5 C2=0,6,4,7,3,9,2,5,1,8
JCRcrri^Di? PAIR C1=0,3,6,8,2,7,1,4,9,5 C2=0,6,4,7,3,9,2,5,1,8
JCRcrri^DM? PAIR C1=0,3,6,8,2,7,1,4,9,5 C2=0,6,4,7,3,9,2,5,1,8
JCRcrri^@m? PAIR C1=0,3,6,8,2,7,1,4,9,5 C2=0,6,4,7,3,9,2,5,1,8
JCRcrrilbw? PAIR C1=0,3,9,5,10,1,4,7,2,8,6 C2=0,5,2,9,6,4,10,3,7,1,8
JCRcrrilbi? PAIR C1=0,3,9,5,10,1,4,7,2,8,6 C2=0,5,2,10,3,7,1,8,4,6,9
JCRcrqy|B[? PAIR C1=0,3,9,5,10,1,4,7,2,8,6 C2=0,8,4,10,6,3,7,1,5,2,9
JCRcrqy|BU? PAIR C1=0,3,8,6,10,1,4,7,2,5,9 C2=0,5,1,9,3,7,10,2,8,4,6
JCRcrqyzBe? PAIR C1=0,3,8,6,10,1,4,7,2,5,9 C2=0,5,1,9,2,10,7,3,6,4,8
JCRcrqy^FE? PAIR C1=0,3,9,5,2,7,4,1,10,6 C2=0,5,1,7,3,6,4,9,2,10
JCRcrqyxbw? PAIR C1=0,3,10,1,4,7,2,5,9,6 C2=0,5,1,7,3,6,4,10,2,9
JCRcrqyxbq? PAIR C1=0,3,10,1,4,7,2,5,9,6 C2=0,5,1,7,3,6,4,10,2,9
JCRcrqyx`y? PAIR C1=0,6,9,5,2,7,4,10,3,8 C2=0,5,10,7,3,6,4,8,2,9
JCRcrqyZfa? PAIR C1=0,6,9,5,2,7,1,10,3,8 C2=0,5,1,9,2,8,6,3,7,10
JCRcrpyz@m? PAIR C1=0,3,8,6,10,2,7,1,9,5 C2=0,6,3,7,10,5,1,8,2,9
JCRcrpyxdq? PAIR C1=0,5,9,1,4,7,2,10,3,8,6 C2=0,9,2,5,1,8,4,6,3,7,10
JCRcrpyjfa? PAIR C1=0,6,8,3,10,1,4,7,2,5,9 C2=0,5,1,8,2,9,4,6,3,7,10
JCRcrre^Dq? PAIR C1=0,8,6,3,9,1,4,7,2,10 C2=0,3,10,7,1,8,2,9,4,6
JCRcrre^DU? PAIR C1=0,8,6,3,7,1,4,9,2,10 C2=0,3,9,1,8,2,7,10,4,6
JCRcrre^@u? PAIR C1=0,5,2,9,4,1,7,3,6,8 C2=0,3,9,5,1,8,2,7,4,6
JCRcrreNfo? PAIR C1=0,5,2,9,4,1,7,3,6,8 C2=0,3,9,5,1,8,2,7,4,6
JCRcrqu]fQ? PAIR C1=0,3,7,4,1,10,2,9,6,8 C2=0,6,3,8,2,7,1,9,4,10
JCRcrquZfo? PAIR C1=0,3,7,4,1,10,2,9,6,8 C2=0,6,3,8,2,7,1,9,4,10
JCRcrpuzDq? PAIR C1=0,6,8,5,2,10,3,7,4,1,9 C2=0,3,6,4,9,5,1,8,2,7,10
JCRcrpuzDU? PAIR C1=0,5,2,8,6,3,7,4,1,9 C2=0,3,8,5,1,7,2,9,4,6
JCRcrpumfW? PAIR C1=0,5,10,2,9,4,1,7,3,8,6 C2=0,3,9,6,4,7,2,5,8,1,10
JCRcrpumfQ? PAIR C1=0,9,4,1,7,3,6,8,2,10 C2=0,3,8,1,10,4,7,2,9,6
JCRcrpumdY? PAIR C1=0,9,4,1,7,3,6,8,5,2,10 C2=0,3,8,1,5,10,4,7,2,9,6
JCRcrqm|Bs? PAIR C1=0,5,2,7,4,1,9,3,6,8 C2=0,3,7,1,5,9,2,8,4,6
JCRcrqm|Be? PAIR C1=0,5,2,7,4,1,9,3,6,8 C2=0,3,7,1,5,9,2,8,4,6
JCRcrqm\fo? PAIR C1=0,5,2,7,4,1,9,3,6,8 C2=0,3,7,1,5,9,2,8,4,6
JCRcrpm}@m? PAIR C1=0,3,9,1,4,7,2,5,8,6 C2=0,5,1,7,3,6,4,8,2,9
JCRcrpm|Dq? PAIR C1=0,3,9,1,4,7,2,5,8,6 C2=0,5,1,7,3,6,4,8,2,9
JCRcrpm|DU? PAIR C1=0,3,9,1,4,7,2,5,8,6 C2=0,5,1,7,3,6,4,8,2,9
JCRcrpm{`y? PAIR C1=0,3,9,1,4,7,2,5,8,6 C2=0,5,1,7,3,6,4,8,2,9
JCRcrpxxdw? PAIR C1=0,5,9,1,4,7,2,10,3,6 C2=0,3,7,1,5,2,9,6,4,10
JCRcrpxx`{? PAIR C1=0,3,6,10,2,7,4,1,9,5 C2=0,6,4,10,3,7,1,5,2,9
JCRcrpxlfS? PAIR C1=0,3,8,1,4,7,2,10,6,9 C2=0,6,4,8,2,9,3,7,1,10
JCRcrpxlb[? PAIR C1=0,5,2,7,4,1,8,3,6,9 C2=0,3,7,1,5,9,2,8,4,6
JCRcrpxjfc? PAIR C1=0,5,2,7,4,1,8,3,6,9 C2=0,3,7,1,5,9,2,8,4,6
JCRcrpxjbk? PAIR C1=0,5,2,7,4,1,8,3,6,9 C2=0,3,7,1,5,9,2,8,4,6
JCRcrjkmbs? PAIR C1=0,5,8,1,7,2,10,3,6,9 C2=0,6,10,1,5,7,3,9,2,8
JCRcrjkmbq? PAIR C1=0,3,9,2,10,4,1,7,5,8 C2=0,5,1,10,3,7,2,8,4,9
JCRcrjk]dq? PAIR C1=0,3,9,2,10,4,1,7,5,8 C2=0,5,1,9,4,8,2,7,3,10
JCRcrjk]dU? PAIR C1=0,5,7,10,4,1,8,2,9,3,6 C2=0,3,7,1,9,6,4,8,5,2,10
JCRcrjkMvo? PAIR C1=0,6,3,9,2,10,4,1,7,5,8 C2=0,3,7,9,6,4,8,2,5,1,10
JCRcrjkMrs? PAIR C1=0,6,3,9,2,10,4,1,7,5,8 C2=0,3,10,1,8,4,6,9,7,2,5
JCRcrh{ydq? PAIR C1=0,6,3,8,1,4,10,7,5,2,9 C2=0,3,10,2,7,1,9,6,4,8,5
JCRcrh{ydU? PAIR C1=0,6,3,7,5,8,1,4,10,2,9 C2=0,3,8,4,6,9,1,5,2,7,10
JCRcrh{ivo? PAIR C1=0,6,3,7,5,8,1,4,10,2,9 C2=0,3,8,4,6,9,7,2,5,1,10
JCRcrjimbw? PAIR C1=0,6,3,7,5,10,4,1,8,2,9 C2=0,5,1,7,2,10,3,9,6,4,8
JCRcrjim`y? PAIR C1=0,6,3,7,5,10,4,1,8,2,9 C2=0,5,1,7,2,10,3,9,6,4,8
JCRcrim]fo? PAIR C1=0,6,3,9,2,10,4,1,5,8 C2=0,3,10,1,9,6,4,8,2,5
JCRcrim]fQ? PAIR C1=0,3,7,10,4,1,5,8,2,9,6 C2=0,5,7,2,10,1,9,3,6,4,8
JCRcrhm}Dq? PAIR C1=0,6,4,8,5,1,7,3,10,2,9 C2=0,5,7,2,8,6,3,9,1,4,10
JCRcrhm}DU? PAIR C1=0,3,7,10,2,8,5,1,9,4,6 C2=0,5,7,2,9,3,6,8,1,4,10
JCRcrhmmfo? PAIR C1=0,6,4,10,2,8,5,1,7,3,9 C2=0,5,7,2,9,4,1,8,6,3,10
JCRcrhmmVc? PAIR C1=0,6,4,8,2,5,1,7,3,9 C2=0,3,6,8,1,4,9,2,7,5
JCRcril]fo? PAIR C1=0,5,2,10,3,7,1,9,4,6 C2=0,3,6,9,2,7,5,1,4,10
JCRcril]fc? PAIR C1=0,5,8,2,10,3,7,1,9,4,6 C2=0,8,4,1,5,7,2,9,3,6,10
JCRcrgn}Fo? PAIR C1=0,5,8,2,10,3,7,1,9,4,6 C2=0,9,3,6,8,7,2,5,1,4,10
JCRcrgn}Fc? PAIR C1=0,3,7,1,9,4,6,10,2,8,5 C2=0,9,2,7,5,1,4,8,6,3,10
JCRcpzsybe? PAIR C1=1,5,8,2,10,7,3,6,4,9 C2=1,4,7,5,2,9,6,10,3,8
JCRcpzk]fa? PAIR C1=0,3,7,10,2,8,5,1,9,4,6 C2=0,8,1,4,7,5,2,9,6,3,10
JCRcpzk]be? PAIR C1=0,3,9,4,1,5,8,2,7,10,6 C2=0,5,2,10,3,7,4,6,9,1,8
JCRcpx{yfa? PAIR C1=0,3,6,4,9,1,5,8,2,7,10 C2=0,5,7,4,1,8,3,10,2,9,6
JCRcpx{yfE? PAIR C1=0,9,1,5,7,2,8,4,6,10 C2=0,5,8,1,4,7,10,2,9,6
JCRcpzq}B[? PAIR C1=0,3,6,10,5,2,7,4,9 C2=0,5,7,3,9,2,10,4,6
JCRcpzq}BU? PAIR C1=0,3,6,10,4,7,2,5,1,9 C2=0,5,7,3,9,2,10,1,4,6
JCRcpzq}BM? PAIR C1=0,3,6,10,7,5,1,4,9 C2=0,5,10,1,9,3,7,4,6
JCRcpzqybw? PAIR C1=0,3,6,4,7,5,2,8,1,9 C2=0,5,1,4,9,2,7,3,8,6
JCRcpzqybq? PAIR C1=0,3,6,4,7,5,2,8,1,9 C2=0,5,1,4,9,2,7,3,8,6
JCRcpzq]fW? PAIR C1=1,8,2,10,5,7,4,6,3,9 C2=1,5,2,7,3,8,6,9,4,10
JCRcpzq]fQ? PAIR C1=0,5,2,7,4,6,3,9,1,8 C2=0,3,7,5,1,4,9,2,8,6
JCRcpzi}Bk? PAIR C1=0,5,2,7,4,6,3,9,1,8 C2=0,3,7,5,1,4,9,2,8,6
JCRcpzi}Be? PAIR C1=0,5,2,7,4,6,3,9,1,8 C2=0,3,7,5,1,4,9,2,8,6
JCRcpzi]fg? PAIR C1=0,5,2,7,4,6,3,9,1,8 C2=0,3,7,5,1,4,9,2,8,6
JCRcpzi]fa? PAIR C1=0,5,2,7,4,6,3,9,1,8 C2=0,3,7,5,1,4,9,2,8,6
JCRcpxy}FE? PAIR C1=0,3,9,1,8,2,5,7,4,6 C2=0,5,1,4,8,6,3,7,2,9
JCRcpze]fo? PAIR C1=0,3,9,1,8,2,5,7,4,6 C2=0,5,1,4,9,2,7,3,6,8
JCRcpxm{Vo? PAIR C1=0,3,9,1,8,2,5,7,4,6 C2=0,5,1,4,8,6,3,7,2,9
JCRcpxm{VS? PAIR C1=0,3,9,1,8,2,5,7,4,6 C2=0,5,1,4,8,6,3,7,2,9
JCRcpzh]fg? PAIR C1=0,3,9,6,4,7,2,8,1,5 C2=0,6,3,7,5,2,9,1,4,8
JCRcpzh]bk? PAIR C1=0,3,9,6,4,7,2,8,1,5 C2=0,6,3,7,5,2,9,1,4,8
JCRcpzh\fo? PAIR C1=0,3,9,6,4,7,2,8,1,5 C2=0,6,3,7,5,2,9,1,4,8
JCRcpxx{fW? PAIR C1=0,3,7,4,6,9,1,8,2,5 C2=0,6,3,8,4,1,5,7,2,9
JCRcpxxyfg? PAIR C1=0,3,7,4,6,9,1,8,2,5 C2=0,6,3,8,4,1,5,7,2,9
JCRcpxxybk? PAIR C1=0,3,7,4,6,9,1,8,2,5 C2=0,6,3,8,4,1,5,7,2,9
JCRcpxxxfo? PAIR C1=0,3,7,4,6,9,1,8,2,5 C2=0,6,3,8,4,1,5,7,2,9
JCRcpxxxbs? PAIR C1=0,3,7,4,6,9,1,8,2,5 C2=0,6,3,8,4,1,5,7,2,9
JCRcpxj}Bk? PAIR C1=0,5,2,8,1,9,3,7,4,6 C2=0,3,6,8,4,1,5,7,2,9
JCRcvFw^@y? PAIR C1=0,5,9,3,6,4,1,8,2,10,7 C2=0,6,7,2,5,1,9,4,10,3,8
JCRcvE{^Bs? PAIR C1=0,5,2,10,3,9,4,1,7,6 C2=0,3,6,4,10,1,5,9,2,7
JCRcvE{^Bq? PAIR C1=0,5,2,10,3,9,4,1,7,6 C2=0,3,6,4,10,1,5,9,2,7
JCRcvD{^Ds? PAIR C1=0,6,3,10,4,9,2,8,5,1,7 C2=0,3,8,4,1,9,5,2,7,6,10
JCRcvD{^Dq? PAIR C1=0,3,10,7,1,5,8,2,9,4,6 C2=0,7,6,3,8,4,1,9,5,2,10
JCRcvD{^@u? PAIR C1=0,3,10,7,1,5,8,2,9,4,6 C2=0,5,9,1,4,8,3,6,10,2,7
JCRcvDx^@{? PAIR C1=1,8,2,7,6,4,10,3,9 C2=1,4,9,2,10,6,3,8,7
JCRctVs^Bs? PAIR C1=0,3,6,10,4,1,8,2,9,5 C2=0,6,4,9,1,5,2,10,3,8
JCRctVs^Bq? PAIR C1=0,3,6,7,10,4,1,8,2,9,5 C2=0,6,4,9,1,5,8,3,10,2,7
JCRctVs^Be? PAIR C1=0,3,6,10,7,4,1,8,2,9,5 C2=0,6,4,9,1,5,8,3,10,2,7
JCRctTy^Fa? PAIR C1=0,3,6,7,4,1,8,2,9,5 C2=0,6,4,8,3,9,1,5,2,7
JCRctTy^Bi? PAIR C1=0,3,6,7,4,1,8,2,9,5 C2=0,6,4,8,3,9,1,5,2,7
JCRctTu]Vo? PAIR C1=0,5,2,8,1,4,7,9,3,10 C2=0,3,8,5,1,9,4,10,2,7
JCRctTx^Fc? PAIR C1=0,6,7,4,1,8,2,5,9,3,10 C2=0,3,8,7,2,10,6,4,9,1,5
JCRctTx^Bk? PAIR C1=0,3,6,7,4,1,8,2,9,5 C2=0,6,4,8,3,9,1,5,2,7
JCRctTt]fo? PAIR C1=0,5,8,2,7,4,1,9,3,6 C2=0,3,8,1,5,2,9,4,6,7
JCR`vbkm_}? PAIR C1=0,3,9,6,10,4,1,7,2,8,5 C2=0,7,10,3,6,4,9,2,5,1,8
JCR`vbkfbq? PAIR C1=0,3,10,7,2,6,9,4,1,5,8 C2=0,5,9,3,6,4,10,2,8,1,7
JCR`vbkNes? PAIR C1=0,5,1,4,9,6,3,7,2,8 C2=0,3,9,5,2,6,4,8,1,7
JCR`vbkNeq? PAIR C1=0,5,1,4,9,6,3,7,2,8 C2=0,3,9,5,2,6,4,8,1,7
JCR`vbkNeU? PAIR C1=0,5,1,4,9,6,3,7,2,8 C2=0,3,9,5,2,6,4,8,1,7
JCR`vb[jbq? PAIR C1=0,7,10,2,5,1,4,9,6,3,8 C2=0,3,10,4,6,2,7,1,8,5,9
JCR`vbiVdw? PAIR C1=0,7,2,6,3,10,5,1,4,8 C2=0,3,7,1,8,6,4,10,2,5
JCR`vbiVdY? PAIR C1=0,3,6,9,5,1,4,8,2,7 C2=0,5,2,6,4,9,3,7,1,8
JCR`vbiNew? PAIR C1=0,3,6,9,5,1,4,8,2,7 C2=0,5,2,6,4,9,3,7,1,8
JCR`vbiNay? PAIR C1=0,3,6,9,5,1,4,8,2,7 C2=0,5,2,6,4,9,3,7,1,8
JCR`vbYZdY? PAIR C1=0,3,6,9,2,5,10,4,8,1,7 C2=0,5,1,9,4,6,2,10,7,3,8
JCR`vbYNfQ? PAIR C1=0,3,7,1,8,4,6,2,9,5 C2=0,7,2,5,1,4,9,6,3,8
JCR`vayvBY? PAIR C1=0,3,7,1,10,4,8,6,2,5 C2=0,7,2,10,5,1,4,6,3,8
JCR`vayv@]? PAIR C1=1,5,2,7,10,6,3,8,4,9 C2=1,4,6,8,2,10,5,9,3,7
JCR`vayZew? PAIR C1=0,3,8,4,9,6,2,7,1,5 C2=0,7,3,6,4,1,9,5,2,8
JCR`vayZcy? PAIR C1=0,3,8,4,9,6,2,7,1,5 C2=0,7,3,6,4,1,9,5,2,8
JCR`v`yffQ? PAIR C1=0,7,1,5,9,4,6,3,8,2,10 C2=0,3,9,6,8,4,1,10,7,2,5
JCR`vbM^Ds? PAIR C1=0,7,3,6,4,1,9,5,2,10 C2=0,3,9,4,10,6,2,7,1,5
JCR`vbM^DU? PAIR C1=0,7,3,6,4,1,9,5,2,10 C2=0,3,9,4,10,6,2,7,1,5
JCR`vbM]dw? PAIR C1=0,7,3,6,4,9,1,5,2,10 C2=0,3,9,6,2,7,1,4,10,5
JCR`vam^Es? PAIR C1=0,7,3,6,4,1,9,5,2,8 C2=0,3,9,4,8,6,2,7,1,5
JCR`vam^EU? PAIR C1=0,7,3,6,4,1,9,5,2,8 C2=0,3,9,4,8,6,2,7,1,5
JCR`vam]ew? PAIR C1=0,8,6,3,7,2,5,1,9,4,10 C2=0,5,10,3,9,6,2,8,4,1,7
JCR`v`mvDq? PAIR C1=0,3,9,4,6,8,2,5,1,7,10 C2=0,5,9,1,8,4,10,3,6,2,7
JCR`v`mvDU? PAIR C1=0,3,9,4,6,8,2,5,1,7,10 C2=0,5,9,1,8,4,10,2,6,3,7
JCR`v`mnEs? PAIR C1=0,9,3,7,2,5,1,4,8,6,10 C2=0,5,9,4,10,3,6,2,8,1,7
JCR`v`]zDs? PAIR C1=0,9,4,1,5,2,7,3,8,6,10 C2=0,5,9,2,6,3,10,4,8,1,7
JCR`v`]zDq? PAIR C1=0,9,2,5,1,4,6,8,3,7,10 C2=0,5,9,1,8,4,10,3,6,2,7
JCR`v`]zDU? PAIR C1=0,3,8,6,10,7,2,5,1,4,9 C2=0,5,9,1,8,4,10,2,6,3,7
JCR`v`]mdY? PAIR C1=0,3,8,6,4,1,7,2,5,10 C2=0,5,1,8,4,10,2,6,3,7
JCR`vbhfbw? PAIR C1=0,8,4,10,2,5,1,7,3,9 C2=0,3,10,5,9,4,1,8,2,7
JCR`vbhNew? PAIR C1=0,7,1,5,10,4,9,3,6,2,8 C2=0,3,7,2,5,9,6,4,8,1,10
JCR`vbXjbw? PAIR C1=0,7,1,5,2,6,3,10,4,9 C2=0,3,7,2,10,1,4,6,9,5
JCR`vbXZdw? PAIR C1=0,7,1,4,9,5,2,6,3,10 C2=0,3,7,2,10,4,6,9,1,5
JCR`vbXNfS? PAIR C1=0,7,1,5,2,6,3,9,4,10 C2=0,3,7,2,10,1,4,6,9,5
JCR`vaxrbw? PAIR C1=0,7,1,5,2,6,3,10,4,9 C2=0,3,7,2,10,1,4,6,9,5
JCR`vaxrbk? PAIR C1=0,8,2,10,5,1,7,3,6,4,9 C2=0,3,8,4,1,10,6,9,5,2,7
JCR`v`xrdw? PAIR C1=0,7,1,5,2,10,3,6,4,9 C2=0,3,7,2,6,9,1,4,10,5
JCR`vbLmbw? PAIR C1=0,7,2,6,3,10,5,1,4,9 C2=0,3,7,1,10,4,6,9,2,5
JCR`vbL]dw? PAIR C1=0,7,2,6,3,9,4,1,5,10 C2=0,3,7,1,9,6,4,10,2,5
JCR`vbLNfo? PAIR C1=0,7,2,6,3,9,4,1,5,8 C2=0,3,7,1,8,4,6,9,2,5
JCR`valubw? PAIR C1=0,7,2,6,3,9,4,1,5,8 C2=0,3,7,1,9,6,4,8,2,5
JCR`valubk? PAIR C1=0,7,2,6,3,9,4,1,5,8 C2=0,3,7,1,9,6,4,8,2,5
JCR`valVfo? PAIR C1=0,7,2,6,3,9,4,1,5,8 C2=0,3,7,1,9,6,4,8,2,5
JCR`v`ludw? PAIR C1=0,7,2,6,3,9,4,1,5,10 C2=0,3,7,1,9,6,4,10,2,5
JCR`v`lud[? PAIR C1=0,7,2,6,3,9,4,1,5,10 C2=0,3,7,1,9,6,4,10,2,5
JCR`v`lffo? PAIR C1=0,9,4,1,5,8,2,6,3,10 C2=0,3,9,6,4,8,1,10,2,5
JCR`va\ybw? PAIR C1=0,8,5,2,6,3,10,4,9 C2=0,3,8,4,6,9,2,10,5
JCR`va\ybk? PAIR C1=0,8,5,1,4,6,3,10,2,9 C2=0,3,8,4,9,1,10,6,2,5
JCR`v`\ydw? PAIR C1=0,7,3,8,5,1,4,6,2,9 C2=0,3,6,9,4,8,1,7,2,5
JCR`v`\mfW? PAIR C1=0,7,3,8,5,1,4,6,2,9 C2=0,3,6,9,4,8,1,7,2,5
JCR`vbJnBk? PAIR C1=0,8,7,3,10,5,1,4,6,2,9 C2=0,3,9,4,8,6,10,1,7,2,5
JCR`vajvBw? PAIR C1=0,8,7,3,10,2,6,4,1,5,9 C2=0,3,6,8,4,9,1,10,5,2,7
JCR`v`jvDw? PAIR C1=0,7,8,2,10,3,6,4,1,5,9 C2=0,3,7,1,9,4,8,6,2,5,10
JCR`vaZzBw? PAIR C1=0,8,7,3,10,2,6,4,1,5,9 C2=0,3,6,8,4,9,1,10,5,2,7
JCR`vaZ^FS? PAIR C1=0,7,8,3,9,5,1,4,6,2,10 C2=0,5,2,7,3,6,10,1,9,4,8
JCR`v`ZzDw? PAIR C1=0,7,8,3,6,4,1,5,10,2,9 C2=0,5,2,6,8,4,9,1,7,3,10
JCR`v`ZnFS? PAIR C1=0,7,8,3,9,5,1,4,6,2,10 C2=0,5,2,7,3,6,10,1,8,4,9
JCR`v_zvFS? PAIR C1=0,3,9,5,1,4,10,2,6,8,7 C2=0,5,2,7,3,8,4,6,10,1,9
JCR`vaN}Bk? PAIR C1=0,3,9,4,6,2,10,5,1,7,8 C2=0,5,8,4,1,10,6,3,7,2,9
JCR`vaN^Fo? PAIR C1=0,3,6,2,5,9,4,10,1,7,8 C2=0,5,8,6,4,1,9,3,7,2,10
JCR`v_nvFo? PAIR C1=0,3,6,4,9,5,1,10,2,8,7 C2=0,5,8,6,2,7,3,9,1,4,10
JCR`ursmbY? PAIR C1=1,7,10,5,2,9,4,6,3,8 C2=1,5,8,2,6,9,3,7,4,10
JCR`uq{{bM? PAIR C1=1,5,10,7,4,6,3,8,2,9 C2=1,4,8,5,2,10,6,9,3,7
JCR`uq{]fE? PAIR C1=0,7,10,1,5,2,9,4,6,3,8 C2=0,5,8,4,1,7,3,9,6,2,10
JCR`uq{\fS? PAIR C1=0,3,8,2,5,9,1,10,4,7 C2=0,5,8,4,1,7,3,9,2,10
JCR`uq{\fE? PAIR C1=0,7,1,10,2,5,9,3,6,4,8 C2=0,5,8,3,7,4,1,9,2,6,10
JCR`urenBs? PAIR C1=0,3,6,8,2,5,9,4,10,1,7 C2=0,5,8,1,4,7,3,10,6,2,9
JCR`urenBe? PAIR C1=0,7,1,10,2,5,9,4,6,8 C2=0,5,8,1,4,7,10,6,2,9
JCR`ureNfo? PAIR C1=0,3,6,8,2,5,1,7,4,10 C2=0,5,8,1,4,6,2,10,3,7
JCR`uquzBs? PAIR C1=0,8,5,1,10,4,7,3,6,2,9 C2=0,3,8,6,10,2,5,9,4,1,7
JCR`uquzBq? PAIR C1=0,8,5,1,7,3,6,4,10,2,9 C2=0,3,8,6,2,5,9,4,1,10,7
JCR`uquzBe? PAIR C1=0,5,1,4,7,3,6,8,2,9 C2=0,3,8,5,2,6,4,9,1,7
JCR`uquZfo? PAIR C1=0,5,1,4,7,3,6,9,2,8 C2=0,3,8,5,2,6,4,9,1,7
JCR`upuzDs? PAIR C1=0,5,1,4,7,3,6,8,2,9 C2=0,3,8,5,2,6,4,9,1,7
JCR`upuzDq? PAIR C1=0,5,1,4,7,3,6,8,2,9 C2=0,3,8,5,2,6,4,9,1,7
JCR`upuzDU? PAIR C1=0,5,1,4,7,3,6,8,2,9 C2=0,3,8,5,2,6,4,9,1,7
JCR`upujfo? PAIR C1=0,5,1,10,2,8,3,7,4,6,9 C2=0,3,10,4,9,5,2,6,8,1,7
JCR`upujfa? PAIR C1=0,3,7,4,6,8,2,10,1,5,9 C2=0,5,2,6,9,4,1,8,3,10,7
JCR`urdmbw? PAIR C1=0,8,2,5,1,10,4,6,3,9 C2=0,3,10,2,6,9,4,1,8,5
JCR`uqtybw? PAIR C1=0,5,2,9,1,10,4,6,3,7,8 C2=0,3,8,5,10,2,6,9,4,1,7
JCR`uqtybk? PAIR C1=0,5,1,7,3,6,4,9,2,8 C2=0,3,8,5,2,6,9,1,4,7
JCR`uqt]fS? PAIR C1=0,5,1,7,3,6,4,9,2,8 C2=0,3,8,5,2,6,9,1,4,7
JCR`uptydw? PAIR C1=0,3,6,4,7,1,5,8,2,9 C2=0,5,2,6,9,4,1,8,3,7
JCR`uptmfW? PAIR C1=0,3,6,4,7,1,5,8,2,9 C2=0,5,2,6,9,4,1,8,3,7
JCR`uptmfS? PAIR C1=0,3,6,4,7,1,5,8,2,9 C2=0,5,2,6,9,4,1,8,3,7
JCR`uqf}Bw? PAIR C1=0,5,1,10,4,7,3,6,2,8 C2=0,3,10,2,5,8,6,4,1,7
JCR`vIy]ew? PAIR C1=0,5,7,2,6,4,1,9,3,8 C2=0,3,6,8,4,9,2,5,1,7
JCR`vI]]Vo? PAIR C1=0,5,7,2,6,4,1,9,3,8 C2=0,3,6,8,4,9,2,5,1,7
JCR`vG}ufo? PAIR C1=0,5,7,2,8,3,6,4,1,9 C2=0,3,9,4,8,6,2,5,1,7
JCR`vI\]fo? PAIR C1=0,5,2,9,4,1,10,3,8,7 C2=0,3,9,1,5,7,2,10,4,8
JCR`vG^}Fo? PAIR C1=0,7,5,2,6,3,8,4,10,1,9 C2=0,3,10,2,9,4,6,8,7,1,5
JCR`ujkmbq? PAIR C1=0,3,9,6,2,5,1,10,4,8 C2=0,5,8,1,4,6,3,10,2,9
JCR`ujk]dq? PAIR C1=0,3,9,6,2,5,8,1,4,10,7 C2=0,5,7,1,9,2,10,3,6,4,8
JCR`ujk]dU? PAIR C1=0,7,5,2,9,1,8,4,6,10 C2=0,5,1,7,10,4,9,6,2,8
JCR`ujkMvo? PAIR C1=0,8,5,2,9,3,6,4,1,10 C2=0,3,10,4,9,6,2,8,1,5
JCR`uh{ydU? PAIR C1=0,9,4,1,8,2,5,7,10 C2=0,5,8,4,10,2,9,1,7
JCR`uiy]fW? PAIR C1=0,8,4,1,9,3,6,2,5,10 C2=0,3,8,2,9,6,4,10,1,5
JCR`uiy]fQ? PAIR C1=0,8,2,6,4,9,1,5,7,10 C2=0,5,2,9,6,8,4,10,1,7
JCR`uiy]dY? PAIR C1=0,8,2,6,4,9,1,5,7,10 C2=0,5,10,2,9,6,8,4,1,7
JCR`uhm}Dq? PAIR C1=0,7,5,8,2,6,4,1,9,3,10 C2=0,3,6,8,4,9,2,10,7,1,5
JCR`uhm}DU? PAIR C1=0,9,1,7,5,8,4,6,2,10 C2=0,5,1,4,9,2,8,6,10,7
JCR`ug|yfo? PAIR C1=0,3,10,2,5,8,7,1,4,6,9 C2=0,7,5,1,9,2,6,3,8,4,10
JCR`tjkubq? PAIR C1=0,3,7,10,2,5,8,1,4,9 C2=0,5,1,9,3,10,4,8,2,7
JCR`tjk]eU? PAIR C1=0,3,7,10,1,4,9,6,2,5,8 C2=0,5,7,2,8,1,9,3,6,4,10
JCR`tjkUvo? PAIR C1=0,7,3,10,1,4,9,6,2,5,8 C2=0,5,7,2,8,1,9,3,6,4,10
JCR`tji]ew? PAIR C1=0,7,3,10,1,5,2,6,9,4,8 C2=0,5,7,2,8,1,9,3,6,4,10
JCR`tji]ay? PAIR C1=0,7,3,9,6,2,5,1,4,8 C2=0,3,6,4,9,1,8,2,7,5
JCR`tjY}A]? PAIR C1=0,7,3,9,4,1,5,2,6,8 C2=0,3,6,4,8,1,9,2,7,5
JCR`tjYybw? PAIR C1=0,7,3,8,6,2,5,1,4,9 C2=0,3,6,4,8,1,9,2,7,5
JCR`thyufW? PAIR C1=0,7,3,8,4,1,5,2,6,9 C2=0,3,6,4,9,1,8,2,7,5
JCR`thyufQ? PAIR C1=0,7,3,8,4,1,5,2,6,9 C2=0,3,6,4,9,1,8,2,7,5
JCR`tjM]fo? PAIR C1=0,7,3,9,4,1,5,2,6,8 C2=0,3,6,4,8,1,9,2,7,5
JCR`tjM]Vo? PAIR C1=0,7,3,9,4,1,5,2,6,8 C2=0,3,6,4,8,1,9,2,7,5
JCR`thmufo? PAIR C1=0,7,3,6,8,2,5,1,4,9 C2=0,3,9,1,8,4,6,2,7,5
JCR`thmufQ? PAIR C1=0,7,3,6,8,2,5,1,4,9 C2=0,3,9,1,8,4,6,2,7,5
JCR`thmubq? PAIR C1=0,7,3,6,8,2,5,1,4,9 C2=0,3,9,1,8,4,6,2,7,5
JCR`thmuVo? PAIR C1=0,7,3,6,8,2,5,1,4,9 C2=0,3,9,1,8,4,6,2,7,5
JCR`tjL]fo? PAIR C1=0,5,1,10,3,7,2,6,9,4,8 C2=0,3,6,4,10,2,9,1,8,5,7
JCR`thlufo? PAIR C1=0,5,2,7,3,9,6,4,1,10 C2=0,3,6,2,10,4,9,1,5,7
JCR`thlufc? PAIR C1=0,5,8,1,4,6,10,2,7,3,9 C2=0,7,5,1,9,4,8,2,6,3,10
JCR`th\yfo? PAIR C1=0,3,7,2,5,8,1,10,4,6,9 C2=0,7,5,1,9,4,8,3,6,2,10
JCR`th\yfc? PAIR C1=0,5,8,1,4,6,10,3,7,2,9 C2=0,7,5,1,9,4,8,3,6,2,10
JCR`tjJ^Fo? PAIR C1=0,3,10,1,4,6,8,7,2,9,5 C2=0,7,5,1,8,4,9,3,6,2,10
JCR`tjJ]fo? PAIR C1=0,3,7,8,6,4,10,1,9,2,5 C2=0,7,5,1,8,4,9,3,6,2,10
JCR`thjvFo? PAIR C1=0,3,10,1,4,6,8,7,2,5,9 C2=0,7,5,1,8,4,9,3,6,2,10
JCR`thZyfo? PAIR C1=0,5,1,4,8,6,3,7,2,9 C2=0,3,8,1,9,4,6,2,5,7
JCR`rjkudq? PAIR C1=0,5,1,7,2,8,4,10,3,6,9 C2=0,3,7,5,8,1,9,4,6,2,10
JCR`rjkudU? PAIR C1=0,5,1,7,2,8,4,10,6,3,9 C2=0,3,7,5,8,1,9,4,6,2,10
JCR`rjkmeU? PAIR C1=0,5,1,7,2,8,4,6,3,9 C2=0,3,7,5,2,6,9,4,1,8
JCR`rjkevo? PAIR C1=0,5,1,7,2,8,4,6,3,9 C2=0,3,7,5,2,6,9,4,1,8
JCR`rj[ydq? PAIR C1=0,5,1,7,10,3,8,4,6,2,9 C2=0,8,1,4,9,6,3,7,5,2,10
JCR`rjiudw? PAIR C1=0,5,1,7,2,8,4,6,3,9 C2=0,3,7,5,2,6,9,4,1,8
JCR`rjimew? PAIR C1=0,5,1,7,2,8,4,6,3,9 C2=0,3,7,5,2,6,9,4,1,8
JCR`rjimcy? PAIR C1=0,5,1,7,2,8,4,6,3,9 C2=0,3,7,5,2,6,9,4,1,8
JCR`riyufW? PAIR C1=0,3,6,9,1,7,2,5,10,4,8 C2=0,9,4,1,5,7,3,8,6,2,10
JCR`riyufQ? PAIR C1=0,9,3,6,4,8,2,5,7,1,10 C2=0,5,1,4,9,6,2,10,7,3,8
JCR`riyudY? PAIR C1=0,9,1,7,5,2,6,3,8,4,10 C2=0,3,7,10,2,8,6,9,4,1,5
JCR`rjM}DU? PAIR C1=0,5,2,9,1,7,3,6,8,4,10 C2=0,3,9,4,6,2,10,7,5,1,8
JCR`rjMmfo? PAIR C1=0,3,9,6,8,4,10,1,7,2,5 C2=0,8,1,5,7,3,10,2,6,4,9
JCR`rjMmVo? PAIR C1=0,3,9,2,6,8,4,10,1,7,5 C2=0,9,7,3,6,4,1,8,5,2,10
JCR`rjMmVc? PAIR C1=0,3,6,2,9,4,8,5,7,1,10 C2=0,8,6,4,1,5,2,10,3,7,9
JCR`rim}EU? PAIR C1=0,3,6,8,4,10,1,5,7,2,9 C2=0,8,5,2,6,4,1,9,3,7,10
JCR`rimufo? PAIR C1=0,3,6,9,4,8,2,10,1,5 C2=0,8,5,2,6,4,1,9,3,10
JCR`rjLmfo? PAIR C1=0,5,7,2,9,3,6,4,10,1,8 C2=0,9,6,2,5,1,4,8,7,3,10
JCR`rilufo? PAIR C1=0,5,7,1,9,3,6,4,10,2,8 C2=0,9,6,2,5,1,4,8,7,3,10
JCR`rilufc? PAIR C1=0,3,9,4,6,10,1,7,2,8,5 C2=0,9,6,2,5,1,4,8,7,3,10
JCR`ri\yfo? PAIR C1=0,3,6,4,9,1,10,2,7,5,8 C2=0,9,6,2,5,1,4,8,7,3,10
JCR`ri\yfc? PAIR C1=0,3,6,4,9,1,10,2,7,5,8 C2=0,9,6,2,5,1,4,8,7,3,10
JCR`rjJnFo? PAIR C1=0,3,6,4,10,2,5,7,1,8 C2=0,5,1,4,8,6,2,7,3,10
JCR`rjJnFc? PAIR C1=0,3,7,1,10,2,5,9,4,6,8 C2=0,5,1,4,8,7,2,6,10,3,9
JCR`rjJmfo? PAIR C1=0,3,6,4,10,2,5,7,1,8 C2=0,5,1,4,8,6,2,7,3,10
JCR`rijvFo? PAIR C1=0,3,6,4,10,1,7,5,2,8 C2=0,5,1,4,8,6,2,7,3,10
JCR`riZ}FS? PAIR C1=0,3,7,2,5,1,10,4,6,8 C2=0,5,7,1,4,8,3,6,2,10
JCR`szsybq? PAIR C1=0,7,5,1,8,2,6,3,10,4,9 C2=0,5,2,10,1,9,6,4,7,3,8
JCR`szq}BM? PAIR C1=0,3,8,1,5,10,6,2,9 C2=0,5,2,10,1,9,3,6,8
JCR`szqybw? PAIR C1=0,8,1,5,10,3,6,2,9 C2=0,3,8,6,9,1,10,2,5
JCR`szqybq? PAIR C1=0,7,5,1,8,6,3,10,2,9 C2=0,5,2,6,9,1,10,7,3,8
JCR`szq]fW? PAIR C1=0,3,9,2,6,8,1,5,10 C2=0,5,2,10,1,9,6,3,8
JCR`szq]fQ? PAIR C1=0,7,5,1,8,6,3,9,2,10 C2=0,5,2,6,9,1,10,7,3,8
JCR`sxy}FE? PAIR C1=0,9,2,8,1,5,7,3,6,10 C2=0,5,2,6,8,3,9,1,10,7
JCR`sxyyfg? PAIR C1=0,9,2,5,1,8,6,3,10 C2=0,3,8,2,6,9,1,10,5
JCR`sxyyfa? PAIR C1=0,9,2,6,3,8,1,5,7,10 C2=0,5,2,8,6,9,1,10,3,7
JCR`sxyybi? PAIR C1=0,5,10,1,8,3,6,2,9,4,7 C2=0,3,10,7,5,2,8,6,4,1,9
JCR`sxuyVo? PAIR C1=0,5,8,1,10,3,6,2,9,4,7 C2=0,9,1,4,6,8,3,7,5,2,10
JCR`sxm{fo? PAIR C1=0,5,2,6,3,10,1,8,4,7 C2=0,3,7,5,1,4,6,8,2,10
JCR`sxm{fQ? PAIR C1=0,7,10,1,8,5,2,6,3,9 C2=0,3,7,5,1,9,6,8,2,10
JCR`sxm{bq? PAIR C1=0,5,8,1,10,7,3,6,2,9 C2=0,3,10,2,8,6,9,1,5,7
JCR`sxm{Vo? PAIR C1=0,5,2,6,3,7,4,8,1,10 C2=0,3,10,2,8,6,4,1,5,7
JCR`pzwufE? PAIR C1=0,8,2,5,1,10,6,3,7,4,9 C2=0,3,8,4,1,9,6,2,10,7,5
JCR`pzwueM? PAIR C1=0,5,1,10,6,4,9,3,7,2,8 C2=0,3,8,4,1,9,6,2,5,7,10
JCR`pzqyew? PAIR C1=0,8,1,5,2,7,3,6,4,9 C2=0,3,8,2,6,9,1,4,7,5
JCR`pzqyeq? PAIR C1=0,8,1,5,2,7,3,6,4,9 C2=0,3,8,2,6,9,1,4,7,5
JCR`pzqufW? PAIR C1=0,8,1,5,2,7,3,6,4,9 C2=0,3,8,2,6,9,1,4,7,5
JCR`pzqufQ? PAIR C1=0,8,1,5,2,7,3,6,4,9 C2=0,3,8,2,6,9,1,4,7,5
JCR`pzeufo? PAIR C1=0,8,6,4,1,5,2,7,3,9 C2=0,3,6,2,8,1,9,4,7,5
JCR`pzUyfo? PAIR C1=0,5,8,6,3,7,2,10,1,4,9 C2=0,3,8,1,9,6,2,5,7,4,10
JCR`pzUyVo? PAIR C1=0,3,7,2,10,1,5,8,6,4,9 C2=0,5,2,6,3,8,1,9,7,4,10
JCR`pzRyfo? PAIR C1=0,5,1,10,2,7,8,6,4,9 C2=0,8,1,9,6,2,5,7,4,10
JCRev_{mR[? PAIR C1=0,7,1,5,2,8,4,10,6,3,9 C2=0,3,8,5,10,2,7,9,4,1,6
JCRfLpwfbq? PAIR C1=0,6,2,8,4,1,10,7,3,9 C2=0,3,8,1,6,9,4,10,2,7
JCRfLpwfbb? PAIR C1=0,7,3,10,1,4,8,2,6,9 C2=0,3,9,4,7,2,10,8,1,6
JCRfLpwNeq? PAIR C1=0,6,2,8,4,1,5,9,3,7 C2=0,3,8,1,6,9,4,7,2,5
JCRejqwmbX? PAIR C1=0,6,3,7,1,5,10,2,8,4,9 C2=0,5,2,7,4,10,1,6,9,3,8
JCRejqwmbJ? PAIR C1=0,8,4,1,7,2,10,5,6,3,9 C2=0,3,7,4,9,6,1,10,8,2,5
JCRejqwm`Z? PAIR C1=0,5,10,7,2,8,4,1,6,3,9 C2=0,3,8,10,2,5,1,7,4,9,6
JCRejqwjbp? PAIR C1=0,3,8,4,7,2,10,1,6,9,5 C2=0,6,5,2,8,10,3,7,1,4,9
JCRejqwjbb? PAIR C1=0,3,8,4,7,2,10,1,6,9,5 C2=0,6,5,2,8,10,3,7,1,4,9
JCRdnPwfbq? PAIR C1=0,3,9,5,1,8,4,7,2,6 C2=0,5,2,8,3,6,9,4,1,7
JCRdnPwfbp? PAIR C1=0,3,9,5,1,8,4,7,2,6 C2=0,5,2,8,3,6,9,4,1,7
JCRdnPwfbb? PAIR C1=0,3,9,5,1,8,4,7,2,6 C2=0,5,2,8,3,6,9,4,1,7
JCRdmpwjbq? PAIR C1=0,7,3,6,2,10,4,8,1,5,9 C2=0,5,2,8,3,10,1,7,4,9,6
JCRdmpwjbp? PAIR C1=0,7,3,6,2,10,4,8,1,5,9 C2=0,5,2,8,3,10,1,7,4,9,6
JCRdmpwjbb? PAIR C1=0,7,3,6,2,10,8,4,1,5,9 C2=0,5,2,8,3,10,1,7,4,9,6
JCRdlpwubY? PAIR C1=0,7,3,6,2,5,1,8,4,9 C2=0,3,8,2,7,4,1,9,6,5
JCRdlpwu`Z? PAIR C1=0,7,3,6,2,5,1,8,4,9 C2=0,3,8,2,7,4,1,9,6,5
JCRdlpwrbq? PAIR C1=0,7,3,6,2,5,1,8,4,9 C2=0,3,8,2,7,4,1,9,6,5
JCRdlpwrbb? PAIR C1=0,7,3,6,2,5,1,8,4,9 C2=0,3,8,2,7,4,1,9,6,5
JCRdlpwr`r? PAIR C1=0,7,3,6,2,5,1,8,4,9 C2=0,3,8,2,7,4,1,9,6,5
JCRdlpwuR[? PAIR C1=0,6,2,5,1,8,4,9,3,7 C2=0,5,6,3,8,2,7,4,1,9
JCRdlpwuRT? PAIR C1=0,6,2,5,1,8,4,9,3,7 C2=0,5,6,3,8,2,7,4,1,9
JCRc~`wmR[? PAIR C1=0,3,9,7,2,10,5,1,8,4,6 C2=0,7,3,8,2,5,6,10,1,4,9
JCRc~`wmRL? PAIR C1=0,3,9,7,2,10,5,1,8,4,6 C2=0,7,3,8,2,5,6,10,1,4,9
JCRc~`wmP\? PAIR C1=0,3,9,7,1,5,10,2,8,4,6 C2=0,5,2,7,3,6,10,8,1,4,9
JCRVDZw]`{? PAIR C1=0,7,4,9,3,5,10,2,6,1,8 C2=0,3,10,6,9,1,4,8,2,7,5
JCRVDZwMp{? PAIR C1=0,5,3,10,2,6,1,8,4,9,7 C2=0,3,9,6,10,5,1,4,7,2,8
JCRVDY{]bq? PAIR C1=0,7,5,1,4,9,6,2,8 C2=0,5,8,4,7,2,9,1,6
JCRVDX{]ds? PAIR C1=0,6,1,8,4,9,3,5,7,2,10 C2=0,5,8,3,10,6,2,9,1,4,7
JCRVDX{]`u? PAIR C1=0,3,9,4,8,1,6,2,7,5 C2=0,6,9,2,8,3,5,1,4,7
JCRVDXy]dw? PAIR C1=0,3,9,4,8,1,6,2,7,5 C2=0,6,9,2,8,3,5,1,4,7
JCRVDXy]dq? PAIR C1=0,3,9,4,8,1,6,2,7,5 C2=0,6,9,2,8,3,5,1,4,7
JCQvFR[Mrs? PAIR C1=0,3,8,1,7,4,9,2,10,6 C2=0,7,2,6,9,3,10,1,4,8
JCQvFQ{Vbs? PAIR C1=0,3,9,4,7,1,6,10,2,8,5 C2=0,7,2,6,9,5,3,10,1,4,8
JCQvFQ{V`u? PAIR C1=0,3,5,2,8,4,7,1,9,6 C2=0,5,8,3,9,4,1,6,2,7
JCQvFP{Nes? PAIR C1=0,5,2,9,3,8,4,7,1,6 C2=0,3,5,8,1,4,9,6,2,7
JCQvFQyVbw? PAIR C1=0,3,10,2,8,6,1,7,4,9,5 C2=0,6,9,3,8,4,1,10,5,2,7
JCQvFQyV`y? PAIR C1=0,3,8,6,2,5,9,1,4,7 C2=0,5,3,9,4,8,2,7,1,6
JCQvFPyNew? PAIR C1=0,3,8,6,2,5,9,4,1,7 C2=0,5,3,9,2,7,4,8,1,6
JCQvFQ]^Bs? PAIR C1=0,3,8,4,10,1,9,5,2,6 C2=0,5,3,10,2,9,4,1,6,8
JCQvBrwfa]? PAIR C1=0,3,8,1,7,4,9,5,2,6 C2=0,5,3,7,2,8,4,1,6,9
JCQvBrkma{? PAIR C1=0,3,9,4,7,1,8,5,2,6 C2=0,5,3,7,2,8,4,1,6,9
JCQvBrkfbs? PAIR C1=0,3,9,4,7,1,8,5,2,6 C2=0,5,3,7,2,8,4,1,6,9
JCQvBr[mb[? PAIR C1=0,3,9,4,7,1,10,5,2,6 C2=0,5,3,7,2,10,4,1,6,9
JCQvBr[m`]? PAIR C1=0,6,2,5,10,7,1,4,9,3,8 C2=0,5,3,7,2,10,4,8,1,6,9
JCQvBr[jbs? PAIR C1=0,3,10,1,4,8,5,2,9,6 C2=0,5,3,8,1,6,2,10,4,9
JCQvBr[j`u? PAIR C1=0,3,7,1,4,8,5,2,9,6 C2=0,5,3,8,1,6,2,7,4,9
JCQvBr[NdU? PAIR C1=0,3,7,1,4,8,5,2,9,6 C2=0,5,3,9,4,7,2,6,1,8
JCQvBq{ub[? PAIR C1=0,3,9,4,7,1,10,5,2,6 C2=0,5,3,7,2,10,4,1,6,9
JCQvBq{u`]? PAIR C1=0,3,8,5,2,6,10,7,4,9 C2=0,5,10,4,8,2,7,3,9,6
JCQvBq{Zcu? PAIR C1=0,3,7,10,6,2,5,9,4,8 C2=0,5,8,3,10,4,7,2,9,6
JCQvBrinA{? PAIR C1=0,3,7,4,9,5,2,6,10,1,8 C2=0,6,1,7,2,8,4,10,5,3,9
JCQvBriNew? PAIR C1=0,6,2,5,9,4,7,3,10,1,8 C2=0,3,9,6,1,7,2,8,4,10,5
JCQvBrMnBs? PAIR C1=0,5,2,10,1,8,4,7,3,9 C2=0,3,10,4,1,7,2,9,5,8
JCQvBrMn@u? PAIR C1=0,3,7,10,2,6,1,8,4,9,5 C2=0,6,10,4,1,7,2,9,3,5,8
JCQvBrMmbw? PAIR C1=0,5,10,2,6,1,8,4,7,3,9 C2=0,6,9,2,7,1,4,10,3,5,8
JCQvBrMm`y? PAIR C1=0,5,10,2,6,1,8,4,7,3,9 C2=0,6,9,2,7,1,4,10,3,5,8
JCQvBrM]dq? PAIR C1=0,5,2,6,1,8,4,9,3,7,10 C2=0,6,9,2,7,1,4,10,3,5,8
JCQvBrM]dY? PAIR C1=0,3,7,10,5,2,9,4,8,1,6 C2=0,8,5,3,9,6,2,7,1,4,10
JCQvBrM]`y? PAIR C1=0,5,3,7,10,2,9,4,8,1,6 C2=0,3,9,6,2,7,1,4,10,5,8
JCQvBrMNfo? PAIR C1=0,5,2,9,6,1,10,3,7,4,8 C2=0,6,2,7,1,8,5,3,9,4,10
JCQvBrMNdq? PAIR C1=0,3,7,10,2,5,9,6,1,4,8 C2=0,6,2,7,1,8,5,3,9,4,10
JCQvBqmubw? PAIR C1=0,5,2,8,6,1,10,3,7,4,9 C2=0,3,9,6,2,7,1,4,10,5,8
JCQvBqm]eY? PAIR C1=0,5,3,7,4,9,2,8,6,1,10 C2=0,3,9,6,2,7,1,4,10,5,8
JCQvBqmVfo? PAIR C1=0,5,2,10,3,7,4,9,1,6,8 C2=0,6,9,3,5,8,2,7,1,4,10
JCQvBpmudq? PAIR C1=0,5,2,10,3,7,4,8,6,1,9 C2=0,6,9,3,5,8,2,7,1,4,10
JCQvBpmudY? PAIR C1=0,6,1,8,2,10,5,3,7,4,9 C2=0,3,9,6,8,5,2,7,1,4,10
JCQvBpmu`y? PAIR C1=0,5,10,2,8,4,7,3,9,1,6 C2=0,3,5,2,6,8,1,7,10,4,9
JCQvBq]ybw? PAIR C1=0,5,3,7,4,10,2,6,1,9 C2=0,3,10,5,2,7,1,4,9,6
JCQvBq]Zfo? PAIR C1=0,3,7,4,10,2,6,1,9,5 C2=0,6,9,4,1,7,2,5,3,10
JCQvBp]nFQ? PAIR C1=0,5,9,4,7,3,8,1,6,2,10 C2=0,6,8,4,10,1,7,2,5,3,9
JCQvBp]nDU? PAIR C1=0,3,7,4,9,5,8,1,6,2,10 C2=0,5,2,7,1,4,10,6,8,3,9
JCQvBp]ydY? PAIR C1=0,6,1,8,4,7,3,5,2,10 C2=0,3,8,6,2,7,1,4,10,5
JCQvBo}zEs? PAIR C1=0,5,2,8,4,7,3,10,1,6 C2=0,3,5,8,6,2,7,1,4,10
JCQvBpxrds? PAIR C1=0,3,8,2,5,9,4,7,1,6,10 C2=0,5,3,7,8,1,4,10,2,6,9
JCQvBpxr`{? PAIR C1=0,3,10,5,9,4,1,7,8,2,6 C2=0,5,3,7,2,10,4,8,1,6,9
JCQvEZw]`u? PAIR C1=0,5,3,8,1,7,4,9,2,10,6 C2=0,3,9,6,1,4,10,7,5,2,8
JCQvEYy^@u? PAIR C1=0,5,2,9,1,7,4,8,6 C2=0,7,5,9,4,1,6,2,8
JCQvEYy]bw? PAIR C1=0,5,3,8,4,7,1,9,2,6 C2=0,3,9,4,1,6,8,2,5,7
JCQvEYy]bq? PAIR C1=0,5,3,8,4,7,1,9,2,6 C2=0,3,9,4,1,6,8,2,5,7
JCQvEXy]dw? PAIR C1=0,5,3,8,4,7,1,9,2,6 C2=0,3,9,4,1,6,8,2,5,7
JCQvEXy]dq? PAIR C1=0,5,3,8,4,7,1,9,2,6 C2=0,3,9,4,1,6,8,2,5,7
JCQvEXy]`y? PAIR C1=0,5,3,8,4,7,1,9,2,6 C2=0,3,9,4,1,6,8,2,5,7
JCQvEXx]`{? PAIR C1=0,5,3,10,4,7,1,9,2,6 C2=0,3,9,4,1,6,10,2,5,7
JCQvEWz^Fo? PAIR C1=0,5,3,10,4,7,1,9,2,8,6 C2=0,3,9,5,7,8,4,1,6,2,10
JCQvDZwV`u? PAIR C1=0,5,2,6,1,9,3,10,4,8 C2=0,3,5,9,4,1,8,2,10,6
JCQvDZ[]bq? PAIR C1=0,5,8,4,7,2,9,1,6 C2=0,7,5,2,6,9,4,1,8
JCQvDZ[]`u? PAIR C1=0,5,8,4,7,2,9,1,6 C2=0,7,5,2,6,9,4,1,8
JCQvDX{ubq? PAIR C1=0,5,8,2,7,4,1,9,6 C2=0,7,5,2,6,1,8,4,9
JCQvDX{u`u? PAIR C1=0,5,8,2,7,4,1,9,6 C2=0,7,5,2,6,1,8,4,9
JCQvDX{]au? PAIR C1=0,5,3,8,4,1,9,6,2,7 C2=0,3,9,4,7,5,2,8,1,6
JCQvDZY]bw? PAIR C1=0,6,9,1,10,4,7,2,5,3,8 C2=0,3,9,4,8,1,6,2,10,5,7
JCQvDZY]bq? PAIR C1=0,5,7,2,6,9,1,4,10,3,8 C2=0,6,1,8,4,9,3,5,2,10,7
JCQvDXy]ew? PAIR C1=0,5,3,8,2,7,4,1,9,6 C2=0,3,9,4,8,1,6,2,5,7
JCQvDXy]eq? PAIR C1=0,5,3,8,2,7,4,1,9,6 C2=0,3,9,4,8,1,6,2,5,7
JCQvDXy]ay? PAIR C1=0,5,3,8,2,7,4,1,9,6 C2=0,3,9,4,8,1,6,2,5,7
JCQvDX]]fo? PAIR C1=0,5,8,3,10,2,7,4,1,9,6 C2=0,7,5,3,9,2,6,1,8,4,10
JCQvDX]]Vo? PAIR C1=0,5,8,6,2,7,4,1,9,3,10 C2=0,3,5,7,9,2,10,4,8,1,6
JCQvDX]]Ts? PAIR C1=0,5,8,6,2,7,4,1,9,3,10 C2=0,3,5,7,9,2,10,4,8,1,6
JCQvDX\]fo? PAIR C1=0,5,8,3,10,2,7,4,1,9,6 C2=0,7,5,3,9,2,6,1,8,4,10
JCQvDXZ^Fo? PAIR C1=0,5,9,1,4,7,2,6,8,3,10 C2=0,6,1,8,4,10,2,9,3,5,7
JCQvDXZ]fo? PAIR C1=0,5,2,7,4,1,9,6,8,3,10 C2=0,6,1,8,4,10,2,9,3,5,7
JCQvBY{ubq? PAIR C1=0,5,8,3,10,2,7,4,1,9,6 C2=0,8,4,10,7,1,6,2,5,3,9
JCQvBY{u`u? PAIR C1=0,5,8,3,10,2,7,4,1,9,6 C2=0,8,4,10,7,1,6,2,5,3,9
JCQvBY{]cu? PAIR C1=0,6,9,1,4,7,2,5,8,3,10 C2=0,5,3,9,2,6,1,7,10,4,8
JCQvBZY}?}? PAIR C1=0,5,2,7,4,1,9,3,8,6 C2=0,3,5,7,1,6,2,9,4,8
JCQvBYyubw? PAIR C1=0,5,10,3,9,1,4,7,2,8,6 C2=0,3,5,7,1,10,2,6,9,4,8
JCQvBYyubq? PAIR C1=0,5,2,7,4,1,10,3,9,6 C2=0,3,5,7,1,6,2,10,4,9
JCQvBYy]ew? PAIR C1=0,5,2,7,4,1,10,3,9,6 C2=0,3,5,7,1,6,2,9,4,10
JCQvBY\]fo? PAIR C1=0,5,2,7,4,1,10,3,9,6 C2=0,3,5,7,1,6,2,9,4,10
JCQvCx{ybq? PAIR C1=0,5,2,10,3,8,4,1,6,9 C2=0,3,5,8,1,10,4,9,2,6
JCQvCx{]fQ? PAIR C1=0,5,2,10,1,4,8,3,9,6 C2=0,3,5,8,1,6,2,9,4,10
JCQvCxm]Vo? PAIR C1=0,6,8,5,2,9,3,10,1,4,7 C2=0,3,5,7,9,4,8,1,6,2,10
JCQvCxx]fW? PAIR C1=0,5,7,4,8,3,9,2,10,1,6 C2=0,3,7,8,1,4,9,6,2,5,10
JCQvCxj^Fo? PAIR C1=0,3,9,2,10,1,6,8,4,7,5 C2=0,6,2,5,9,4,1,8,7,3,10
JCQvAy{ybs? PAIR C1=0,5,7,4,1,10,3,8,2,9 C2=0,3,7,1,9,4,10,2,5,8
JCQvAy{y`u? PAIR C1=0,6,1,4,7,5,3,10,2,9 C2=0,3,7,1,9,4,10,6,2,5
JCQvAy{]fQ? PAIR C1=0,5,8,2,9,3,7,4,1,10 C2=0,3,5,2,10,7,1,9,4,8
JCQvAy{]dU? PAIR C1=0,6,1,4,7,5,8,3,9,2,10 C2=0,3,5,2,6,10,7,1,9,4,8
JCQvAzi}@{? PAIR C1=0,3,9,2,8,6,1,4,7,5 C2=0,6,2,5,3,7,1,9,4,8
JCQvAzi]dq? PAIR C1=0,3,9,2,8,6,1,4,7,5 C2=0,6,2,5,3,7,1,9,4,8
JCQvAzi]dY? PAIR C1=0,3,9,2,8,6,1,4,7,5 C2=0,6,2,5,3,7,1,9,4,8
JCQvAyy}B[? PAIR C1=0,3,9,2,8,6,1,4,7,5 C2=0,6,2,5,3,7,1,9,4,8
JCQvAyy}@]? PAIR C1=0,3,9,2,8,6,1,4,7,5 C2=0,6,2,5,3,7,1,9,4,8
JCQvAyyybw? PAIR C1=0,3,10,5,7,4,1,6,8,2,9 C2=0,5,3,7,1,10,2,6,9,4,8
JCQvAyyybq? PAIR C1=0,3,8,2,6,9,1,4,7,5 C2=0,6,1,7,3,5,2,9,4,8
JCQvAyy]fQ? PAIR C1=0,3,8,2,6,9,1,4,7,5 C2=0,6,1,7,3,5,2,9,4,8
JCQvAxy}DU? PAIR C1=0,9,1,4,7,5,3,8,6,2,10 C2=0,5,2,9,3,7,1,8,4,10,6
JCQvAxxy`{? PAIR C1=0,6,2,10,5,3,8,7,4,1,9 C2=0,3,7,1,8,4,10,6,9,2,5
JCQvAxxmfW? PAIR C1=0,6,2,8,7,4,1,10,5,3,9 C2=0,3,7,5,2,9,6,1,8,4,10
JCQvAxj}D[? PAIR C1=0,3,9,1,4,7,8,2,10,5 C2=0,9,2,5,3,7,1,8,4,10
JCQvAxjnFo? PAIR C1=0,5,7,4,1,8,2,10,3,9 C2=0,3,5,2,9,4,8,7,1,10
JCQvAxjnDs? PAIR C1=0,5,7,1,4,8,6,2,10,3,9 C2=0,6,1,8,7,3,5,2,9,4,10
JCQvAxjmfo? PAIR C1=0,5,7,1,4,8,6,2,10,3,9 C2=0,6,1,8,7,3,5,2,9,4,10
JCQvAxjmfW? PAIR C1=0,6,2,8,1,4,7,5,3,9 C2=0,3,7,1,6,8,4,9,2,5
JCQvAwz}FW? PAIR C1=0,5,3,9,4,8,7,1,10,2,6 C2=0,9,2,5,7,3,8,6,1,4,10
JCQvAwzyfo? PAIR C1=0,3,8,4,9,6,2,10,1,7,5 C2=0,9,2,5,3,7,8,6,1,4,10
JCQvAwzyfW? PAIR C1=0,3,8,4,9,6,2,10,1,7,5 C2=0,9,2,5,3,7,8,6,1,4,10
JCQvEU{^Bs? PAIR C1=0,5,3,8,4,9,2,10,1,6,7 C2=0,3,9,1,7,4,10,6,2,5,8
JCQvEU{^Bq? PAIR C1=0,5,3,8,4,10,2,9,1,7,6 C2=0,3,9,4,7,10,1,6,2,5,8
JCQvEU{^@u? PAIR C1=0,5,3,8,4,10,2,9,1,6,7 C2=0,3,9,4,1,7,10,6,2,5,8
JCQvEU{]P{? PAIR C1=0,5,3,8,4,7,9,2,10,6 C2=0,3,9,4,10,5,8,2,6,7
JCQvETy^Dq? PAIR C1=0,3,8,4,1,7,6,2,9,5 C2=0,6,1,8,2,5,3,9,4,7
JCQvETy^@y? PAIR C1=0,3,8,4,1,7,6,2,9,5 C2=0,6,1,8,2,5,3,9,4,7
JCQvES}]Vo? PAIR C1=0,3,5,8,4,1,9,2,6,7 C2=0,5,2,8,3,9,4,7,1,6
JCQvETx^Ds? PAIR C1=0,3,8,4,1,7,6,10,2,9,5 C2=0,6,1,9,3,5,2,8,7,4,10
JCQvETx^@{? PAIR C1=0,5,9,2,10,3,8,4,1,6,7 C2=0,3,5,2,8,7,1,9,4,10,6
JCQvES|]fo? PAIR C1=0,7,6,1,4,8,2,9,3,10 C2=0,3,8,7,1,9,4,10,2,6
JCQvDV[^Bs? PAIR C1=0,6,7,4,9,2,10,3,5,8 C2=0,5,9,3,8,4,10,6,2,7
JCQvDV[]bq? PAIR C1=0,6,7,4,9,2,10,3,5,8 C2=0,5,2,6,9,3,8,4,10,7
JCQvDT{^Es? PAIR C1=0,7,6,2,9,4,8,5,3,10 C2=0,5,9,3,8,2,7,4,10,6
JCQvDT{^Au? PAIR C1=0,6,1,10,3,9,2,5,8,4,7 C2=0,3,8,2,7,6,10,4,1,9,5
JCQvDTy^Ay? PAIR C1=0,5,10,3,9,2,6,1,8,4,7 C2=0,3,8,2,5,9,1,4,10,7,6
JCQvDT]^Fo? PAIR C1=0,6,7,4,8,1,9,2,5,3,10 C2=0,5,9,3,8,6,1,4,10,2,7
JCQvDTZ^Fo? PAIR C1=0,6,7,4,8,1,9,2,5,3,10 C2=0,5,9,3,8,6,1,4,10,2,7
JCQvCt{^FS? PAIR C1=0,6,2,9,5,3,7,4,8,1,10 C2=0,5,2,8,3,9,1,4,10,6,7
JCQvCt{^FQ? PAIR C1=0,5,3,7,4,8,1,9,2,6 C2=0,3,8,2,5,9,4,1,6,7
JCQvCt{^BU? PAIR C1=0,5,3,7,4,8,1,9,2,6 C2=0,3,8,2,5,9,4,1,6,7
JCQvCtx^FW? PAIR C1=0,5,3,7,4,8,1,9,2,6 C2=0,3,8,2,5,9,4,1,6,7
JCQvCtl^Bs? PAIR C1=0,6,10,3,5,2,9,1,8,4,7 C2=0,3,7,8,2,6,1,10,4,9,5
JCQvCtl]fo? PAIR C1=0,6,2,9,1,10,3,5,8,4,7 C2=0,3,7,8,1,6,9,4,10,2,5
JCQvAvknBs? PAIR C1=0,3,10,1,7,4,8,5,9,2,6 C2=0,5,2,10,4,9,3,7,6,1,8
JCQvAvknBq? PAIR C1=0,3,10,1,7,4,8,5,9,2,6 C2=0,5,2,10,4,9,3,7,6,1,8
JCQvAvkn@u? PAIR C1=0,3,5,9,2,8,4,7,1,6 C2=0,5,2,6,7,3,9,4,1,8
JCQvAu{}B[? PAIR C1=0,3,5,10,1,7,4,8,2,6 C2=0,5,2,10,4,1,6,7,3,8
JCQvAu{}BY? PAIR C1=0,3,5,10,1,7,4,8,2,6 C2=0,5,2,10,4,1,6,7,3,8
JCQvAu{}@]? PAIR C1=0,3,7,4,8,5,10,6,2,9 C2=0,5,2,8,3,9,4,10,7,6
JCQvAu{^FS? PAIR C1=0,3,5,9,1,7,4,8,2,6 C2=0,5,2,9,4,1,6,7,3,8
JCQvAu{^FQ? PAIR C1=0,3,5,9,1,7,4,8,2,6 C2=0,5,2,9,4,1,6,7,3,8
JCQvAu{^DU? PAIR C1=0,3,5,9,1,7,4,8,2,6 C2=0,5,2,9,4,1,6,7,3,8
JCQvAvi^Dq? PAIR C1=0,3,5,9,4,7,1,8,2,6 C2=0,5,2,9,3,7,6,1,4,8
JCQvAvi^DY? PAIR C1=0,3,5,9,4,7,1,8,2,6 C2=0,5,2,9,3,7,6,1,4,8
JCQvAuyz@y? PAIR C1=0,3,5,9,1,7,4,8,2,6 C2=0,5,2,9,4,1,6,7,3,8
JCQvAuy^DY? PAIR C1=0,3,5,9,1,7,4,8,2,6 C2=0,5,2,9,4,1,6,7,3,8
JCQvAtyzDq? PAIR C1=0,5,3,8,1,7,4,9,2,6 C2=0,3,7,6,1,4,8,2,5,9
JCQvAtyzDY? PAIR C1=0,5,3,8,1,7,4,9,2,6 C2=0,3,7,6,1,4,8,2,5,9
JCQvAum}@y? PAIR C1=0,3,5,2,9,1,4,10,7,6,8 C2=0,5,10,2,8,4,9,3,7,1,6
JCQvAum^Fo? PAIR C1=0,8,6,7,4,1,9,2,5,3,10 C2=0,5,8,2,10,4,9,3,7,1,6
JCQvAum^Dq? PAIR C1=0,8,6,7,4,1,9,2,5,3,10 C2=0,5,8,2,10,4,9,3,7,1,6
JCQvAum]VW? PAIR C1=0,8,6,7,4,1,9,2,5,10 C2=0,5,8,2,10,4,9,7,1,6
JCQvAtm}DY? PAIR C1=0,6,8,4,1,9,2,5,10 C2=0,5,8,1,6,2,10,4,9
JCQvAtxzDs? PAIR C1=0,3,5,9,2,8,7,4,1,6,10 C2=0,5,2,10,4,9,1,8,3,7,6
JCQvAtxz@{? PAIR C1=0,3,5,2,10,6,7,4,8,1,9 C2=0,5,9,2,8,7,3,10,4,1,6
JCQvAtlmfo? PAIR C1=0,3,5,2,10,4,7,8,1,6,9 C2=0,5,8,2,9,4,1,10,3,7,6
JCQv@vwvB[? PAIR C1=0,3,5,2,10,4,7,6,1,8 C2=0,5,10,1,4,8,3,7,2,6
JCQv@vwvA]? PAIR C1=0,8,2,6,1,4,7,10,5,3,9 C2=0,3,8,1,10,4,9,5,2,7,6
JCQv@v[zBs? PAIR C1=0,8,1,4,7,3,10,6,2,5,9 C2=0,3,5,8,4,10,1,9,2,7,6
JCQv@v[zBq? PAIR C1=0,3,7,6,2,5,9,4,1,8 C2=0,5,3,8,4,7,2,9,1,6
JCQv@vivBq? PAIR C1=0,3,7,6,2,8,1,4,9,5 C2=0,6,1,9,3,5,2,7,4,8
JCQv@vi^Eq? PAIR C1=0,3,7,6,2,8,1,4,9,5 C2=0,6,1,9,3,5,2,7,4,8
JCQv@vi^EY? PAIR C1=0,3,7,6,2,8,1,4,9,5 C2=0,6,1,9,3,5,2,7,4,8
JCQv@tmuVo? PAIR C1=0,6,7,3,5,2,8,1,4,9 C2=0,3,9,1,6,2,7,4,8,5
JCQv@tmuVW? PAIR C1=0,6,7,3,5,2,8,1,4,9 C2=0,3,9,1,6,2,7,4,8,5
JCQv@vJ^Fo? PAIR C1=0,8,1,4,9,5,2,6,7,3,10 C2=0,5,3,9,1,10,2,7,4,8,6
JCQudrwZ`]? PAIR C1=0,3,8,2,5,10,6,9,4,7 C2=0,6,3,5,9,2,7,10,4,8
JCQtepmZfo? PAIR C1=0,6,8,1,4,9,2,5,3,10 C2=0,3,6,2,8,4,10,1,9,5
JCQteX{]fS? PAIR C1=0,6,3,5,8,1,4,9,2,10 C2=0,3,8,4,10,1,9,6,2,5
JCQteXy]fW? PAIR C1=0,3,6,8,1,4,9,2,5,10 C2=0,5,3,9,1,10,4,8,2,6
JCQteXy]fQ? PAIR C1=0,7,4,1,9,3,6,8,2,10 C2=0,3,8,1,7,10,4,9,2,6
JCQuVRs]`u? PAIR C1=0,7,10,2,5,3,9,4,1,8 C2=0,3,10,4,7,1,9,2,8,5
JCQuVRsNbe? PAIR C1=0,6,9,5,2,10,7,4,1,8 C2=0,5,8,2,9,4,6,10,1,7
JCQuVP{]de? PAIR C1=0,5,2,10,7,4,1,8,3,9,6 C2=0,7,1,6,4,9,2,8,5,3,10
JCQuVP{]`m? PAIR C1=0,5,2,10,7,4,1,8,3,9,6 C2=0,3,10,5,8,2,9,4,6,1,7
JCQuVRq^@m? PAIR C1=0,5,9,3,8,1,4,7,2,10,6 C2=0,3,10,5,2,8,6,4,9,1,7
JCQuVQu^Be? PAIR C1=0,3,8,5,9,1,4,7,2,10,6 C2=0,5,2,8,6,4,9,3,10,1,7
JCQuVPu]dq? PAIR C1=0,6,9,1,4,7,2,5,8,3,10 C2=0,5,3,9,2,10,4,6,8,1,7
JCQuVPu]`y? PAIR C1=0,6,9,1,4,10,3,8,5,2,7 C2=0,3,9,2,8,1,6,4,7,10,5
JCQuVPx\ds? PAIR C1=0,6,9,3,5,2,7,8,4,10 C2=0,5,9,2,8,3,10,6,4,7
JCQuVPx\`{? PAIR C1=0,3,5,2,10,4,8,7,1,9,6 C2=0,5,9,2,8,3,10,6,1,4,7
JCQuRrwlbM? PAIR C1=0,3,7,1,4,8,2,5,9,6 C2=0,5,3,8,1,6,4,7,2,9
JCQuRrwZ`m? PAIR C1=0,6,9,4,1,7,3,5,2,8 C2=0,3,8,1,6,4,7,2,9,5
JCQuRrsmb[? PAIR C1=0,6,1,7,2,10,4,9,3,8 C2=0,3,7,4,6,10,1,8,2,9
JCQuRrsmbM? PAIR C1=0,6,1,4,7,10,2,9,3,8 C2=0,3,7,2,8,1,10,6,4,9
JCQuRrsm`]? PAIR C1=0,8,3,5,2,10,7,1,4,6,9 C2=0,3,9,4,7,2,8,1,6,10,5
JCQuRrs]dU? PAIR C1=0,8,3,5,2,9,6,4,1,7,10 C2=0,3,9,4,7,2,10,6,1,8,5
JCQuRrsNfS? PAIR C1=0,3,7,1,4,6,9,2,5,8 C2=0,5,3,9,4,7,2,8,1,6
JCQuRrsNfQ? PAIR C1=0,3,7,1,4,6,9,2,5,8 C2=0,5,3,9,4,7,2,8,1,6
JCQuRrsNfE? PAIR C1=0,3,7,1,4,6,9,2,5,8 C2=0,5,3,9,4,7,2,8,1,6
JCQuRrsNdU? PAIR C1=0,3,7,1,4,6,9,2,5,8 C2=0,5,3,9,4,7,2,8,1,6
JCQuRrk]de? PAIR C1=0,3,7,1,4,6,9,2,5,8 C2=0,5,3,9,4,7,2,8,1,6
JCQuRrk]dM? PAIR C1=0,3,7,1,4,6,9,2,5,8 C2=0,5,3,9,4,7,2,8,1,6
JCQuRrk]`m? PAIR C1=0,3,7,1,4,6,9,2,5,8 C2=0,5,3,9,4,7,2,8,1,6
JCQuRp{{dM? PAIR C1=0,9,2,5,8,3,7,4,1,6,10 C2=0,3,9,6,4,8,1,7,2,10,5
JCQuRrqz@m? PAIR C1=0,3,8,6,1,7,4,9,2,5 C2=0,6,4,1,8,2,7,3,5,9
JCQuRrqNfW? PAIR C1=0,3,5,2,9,4,7,1,6,8 C2=0,5,9,3,7,2,8,1,4,6
JCQuRri|@u? PAIR C1=0,8,6,1,4,7,3,10,2,5,9 C2=0,5,3,9,2,8,1,7,10,4,6
JCQuRri^De? PAIR C1=0,5,3,7,1,4,9,2,8,6 C2=0,3,9,5,2,7,4,6,1,8
JCQuRri^@m? PAIR C1=0,5,3,7,1,4,9,2,8,6 C2=0,3,9,5,2,7,4,6,1,8
JCQuRpyxdq? PAIR C1=0,5,3,8,2,9,6,1,4,7,10 C2=0,3,10,4,6,8,1,7,2,5,9
JCQuRpyxdY? PAIR C1=0,5,3,8,2,9,6,1,4,7,10 C2=0,3,7,1,8,6,4,10,2,5,9
JCQuRrenBs? PAIR C1=0,5,3,7,4,1,6,10,2,9 C2=0,3,9,5,2,7,1,10,4,6
JCQuRrenBe? PAIR C1=0,5,9,3,10,6,1,7,2,8 C2=0,6,8,1,10,7,3,5,2,9
JCQuRren@u? PAIR C1=0,5,9,2,10,3,7,4,1,6,8 C2=0,6,4,10,7,1,8,2,5,3,9
JCQuRrembw? PAIR C1=0,5,3,10,2,7,4,1,6,8 C2=0,3,7,1,8,2,5,10,4,6
JCQuRreNfo? PAIR C1=0,5,9,2,8,6,4,1,7,3,10 C2=0,6,9,3,5,2,7,4,10,1,8
JCQuRquzBs? PAIR C1=0,8,2,7,1,4,6,10,3,5,9 C2=0,5,2,9,1,10,4,7,3,8,6
JCQuRquzBe? PAIR C1=0,3,7,2,5,9,1,4,6,8 C2=0,5,3,8,2,9,4,7,1,6
JCQuRqu^FQ? PAIR C1=0,3,7,2,5,9,1,4,6,8 C2=0,5,3,8,2,9,4,7,1,6
JCQuRqu^FE? PAIR C1=0,3,7,2,5,9,1,4,6,8 C2=0,5,3,8,2,9,4,7,1,6
JCQuRquybw? PAIR C1=0,3,10,1,9,6,4,7,2,8 C2=0,6,8,3,7,1,4,10,2,9
JCQuRquybq? PAIR C1=0,3,10,1,9,6,4,7,2,8 C2=0,6,8,3,7,1,4,10,2,9
JCQuRqu]fQ? PAIR C1=0,3,9,6,8,2,7,4,1,10 C2=0,6,4,10,2,9,1,7,3,8
JCQuRquZfo? PAIR C1=0,3,10,1,9,6,4,7,2,8 C2=0,6,8,3,7,1,4,9,2,10
JCQuRpu}DM? PAIR C1=0,5,3,7,2,8,6,4,1,9 C2=0,3,8,5,2,9,4,7,1,6
JCQuRpuydq? PAIR C1=0,5,3,7,2,8,6,4,1,9 C2=0,3,8,5,2,9,4,7,1,6
JCQuRpm{dq? PAIR C1=0,9,1,7,4,6,8,2,5,3,10 C2=0,5,8,1,4,10,2,7,3,9,6
JCQuRpxxds? PAIR C1=0,6,4,7,1,9,2,5,3,10 C2=0,3,7,2,10,4,1,6,9,5
JCQuRpxx`{? PAIR C1=0,3,10,6,4,7,1,9,2,5 C2=0,6,1,4,10,2,7,3,5,9
JCQuRpxlfW? PAIR C1=0,3,7,2,5,9,6,4,1,10 C2=0,5,3,9,2,10,4,7,1,6
JCQuRpxlb[? PAIR C1=0,3,7,4,6,1,10,2,5,9 C2=0,5,3,9,2,7,1,4,10,6
JCQuVJw]`u? PAIR C1=0,5,2,7,1,4,10,6,9,3,8 C2=0,6,1,9,4,8,2,10,3,5,7
JCQuVJwNbe? PAIR C1=0,7,1,10,6,9,2,5,3,8 C2=0,5,9,3,10,7,2,8,1,6
JCQuVJwMrk? PAIR C1=0,7,1,10,6,9,2,5,3,8 C2=0,5,10,3,9,7,2,8,1,6
JCQuVIy]bw? PAIR C1=0,5,3,8,6,9,2,10,1,7 C2=0,6,1,9,3,10,5,7,2,8
JCQuVIy]bq? PAIR C1=0,3,8,6,9,2,10,1,7 C2=0,6,1,9,3,10,7,2,8
JCQuVIy]Rk? PAIR C1=0,6,8,3,9,2,10,1,7 C2=0,3,10,6,1,9,7,2,8
JCQuVHy]dw? PAIR C1=0,5,7,1,9,2,10,3,8,6 C2=0,7,2,8,1,6,9,3,5,10
JCQuVHy]dq? PAIR C1=0,5,7,2,8,3,9,1,4,6 C2=0,3,5,2,9,4,8,6,1,7
JCQuRi{ybs? PAIR C1=0,5,7,2,9,1,4,6,10,3,8 C2=0,6,1,7,3,5,8,2,10,4,9
JCQuRi{ybq? PAIR C1=0,5,7,2,10,3,8,4,1,9 C2=0,3,7,1,10,4,9,2,5,8
JCQuRi{y`u? PAIR C1=0,6,4,8,2,10,3,5,7,1,9 C2=0,3,7,10,6,1,4,9,2,5,8
JCQuRi{]fQ? PAIR C1=1,4,8,5,2,10,7,3,9 C2=1,7,5,3,8,2,9,4,10
JCQuRi{]fE? PAIR C1=0,3,8,4,6,9,1,7,10,2,5 C2=0,6,10,1,4,9,2,7,3,5,8
JCQuRi{]dU? PAIR C1=0,3,9,6,4,8,2,10,7,5 C2=0,6,10,4,9,2,7,3,5,8
JCQuRi{Yvo? PAIR C1=1,4,8,3,10,2,5,7,9 C2=1,7,3,5,8,2,9,4,10
JCQuRi{Yts? PAIR C1=0,3,10,2,5,7,9,6,4,8 C2=0,5,8,3,7,2,9,4,10,6
JCQuRji}@u? PAIR C1=0,5,3,10,7,2,9,4,6,8 C2=0,6,10,4,8,2,5,7,3,9
JCQuRjimbw? PAIR C1=0,5,7,1,4,9,3,10,2,8,6 C2=0,8,4,6,1,10,5,3,7,2,9
JCQuRjimbq? PAIR C1=0,5,7,1,4,9,3,10,2,8,6 C2=0,8,4,6,1,10,7,3,5,2,9
JCQuRiy}@]? PAIR C1=0,3,9,4,1,7,5,2,8,6 C2=0,5,3,7,2,9,1,6,4,8
JCQuRiy]fQ? PAIR C1=0,3,9,4,1,7,5,2,8,6 C2=0,5,3,7,2,9,1,6,4,8
JCQuRhyydq? PAIR C1=0,3,5,7,1,4,9,2,8,6 C2=0,5,2,7,3,8,4,6,1,9
JCQuRhyydY? PAIR C1=0,3,5,7,1,4,9,2,8,6 C2=0,5,2,7,3,8,4,6,1,9
JCQuRhyy`y? PAIR C1=0,3,5,7,1,4,9,2,8,6 C2=0,5,2,7,3,8,4,6,1,9
JCQuRixybw? PAIR C1=0,5,7,3,10,2,9,1,4,8 C2=0,3,5,2,8,7,1,10,4,9
JCQuRixy`{? PAIR C1=0,5,3,10,2,7,8,4,6,9 C2=0,6,10,4,9,2,5,7,3,8
JCQuRix]fW? PAIR C1=0,5,3,9,4,1,7,8,2,10 C2=0,3,7,5,2,9,1,10,4,8
JCQuRix]fK? PAIR C1=0,5,2,9,3,8,7,1,4,6,10 C2=0,3,7,5,10,2,8,4,9,1,6
JCQuRix]d[? PAIR C1=0,5,2,9,3,8,7,1,4,6,10 C2=0,3,7,5,10,2,8,4,9,1,6
JCQuRixZfo? PAIR C1=0,5,2,9,1,4,8,7,3,10 C2=0,3,5,9,4,10,1,7,2,8
JCQuRixZfc? PAIR C1=0,5,2,9,1,4,6,10,3,8 C2=0,3,5,9,4,8,2,10,1,6
JCQuRixZds? PAIR C1=0,3,10,6,4,1,9,2,5,7,8 C2=0,6,1,7,3,5,9,4,8,2,10
JCQuRhxy`{? PAIR C1=0,3,10,6,4,1,9,2,8,7,5 C2=0,6,1,7,2,10,5,3,8,4,9
JCQuRhxmfW? PAIR C1=0,9,6,4,8,2,5,3,7,1,10 C2=0,3,8,7,5,10,2,9,4,1,6
JCQuRhxmfK? PAIR C1=0,9,6,4,8,2,5,3,7,1,10 C2=0,3,8,7,5,10,2,9,4,1,6
JCQuRhxmd[? PAIR C1=0,9,6,4,8,2,7,3,5,10 C2=0,3,8,7,5,2,9,4,10,6
JCQuRhxjfo? PAIR C1=0,9,6,1,4,8,2,7,3,10 C2=0,3,8,7,1,10,2,9,4,6
JCQuRhxjfc? PAIR C1=0,9,6,1,4,8,2,7,3,10 C2=0,3,8,7,1,10,2,9,4,6
JCQuRil]fo? PAIR C1=0,6,9,4,1,7,3,5,2,10 C2=0,3,10,4,6,1,9,2,7,5
JCQuRil]fc? PAIR C1=0,8,2,5,3,7,1,4,9,6,10 C2=0,3,9,2,10,1,6,4,8,7,5
JCQuRil]ds? PAIR C1=0,8,2,5,3,7,1,4,9,6,10 C2=0,3,10,2,9,1,6,4,8,7,5
JCQuRhlmfo? PAIR C1=0,3,10,2,8,5,7,1,4,9,6 C2=0,5,2,9,3,7,8,1,6,4,10
JCQuRhlmfc? PAIR C1=0,3,7,5,8,2,10,1,4,9,6 C2=0,5,3,9,2,7,1,8,4,6,10
JCQuRg|yfo? PAIR C1=0,3,7,8,5,2,10,1,4,9,6 C2=0,9,2,8,4,6,1,7,5,3,10
JCQuRhj}@{? PAIR C1=1,4,9,3,10,2,5,7,8 C2=1,7,3,5,10,4,8,2,9
JCQuRhjmfo? PAIR C1=0,5,2,7,8,1,4,9,3,10 C2=0,3,5,7,1,10,4,8,2,9
JCQuRgn}Fo? PAIR C1=0,9,4,1,7,2,8,5,3,10 C2=0,3,7,8,4,10,1,9,2,5
JCQuRgn}Fc? PAIR C1=0,6,4,9,1,7,2,8,5,3,10 C2=0,3,9,2,10,6,1,4,8,7,5
JCQuRZw]de? PAIR C1=0,8,4,6,9,1,7,2,5,3,10 C2=0,3,8,2,9,4,1,6,10,7,5
JCQuRZw]`m? PAIR C1=0,3,5,10,2,7,1,9,6,4,8 C2=0,5,7,10,3,8,2,9,4,1,6
JCQuRZsmbq? PAIR C1=0,3,5,7,2,10,1,4,6,9 C2=0,5,2,9,3,10,4,7,1,6
JCQuRZsmbe? PAIR C1=0,3,5,7,1,4,6,10,2,9 C2=0,5,2,7,4,9,3,10,1,6
JCQuRZsm`u? PAIR C1=0,3,5,7,4,9,6,10,2,8 C2=0,5,8,3,9,2,7,10,4,6
JCQuRZs]de? PAIR C1=0,3,5,2,8,1,7,4,9,6,10 C2=0,6,4,1,9,3,10,2,7,5,8
JCQuRZsMvc? PAIR C1=0,3,10,6,9,4,7,1,8,2,5 C2=0,6,4,1,10,2,7,9,3,5,8
JCQuRX{{de? PAIR C1=0,3,10,6,9,1,8,2,7,5 C2=0,6,1,7,10,2,5,8,3,9
JCQuRX{{`u? PAIR C1=0,3,10,6,9,1,8,2,7,5 C2=0,6,1,7,10,2,5,8,3,9
JCQuRZq}@u? PAIR C1=0,3,5,7,1,9,4,6,10,2,8 C2=0,5,2,7,10,4,1,6,8,3,9
JCQuRZq}@m? PAIR C1=0,3,5,7,1,8,2,9,4,6 C2=0,5,2,7,4,1,6,8,3,9
JCQuRZqmbw? PAIR C1=0,3,5,7,1,8,2,9,4,6 C2=0,5,2,7,4,1,6,8,3,9
JCQuRZqmbq? PAIR C1=0,3,5,7,1,8,2,9,4,6 C2=0,5,2,7,4,1,6,8,3,9
JCQuRXy{dw? PAIR C1=0,3,5,7,1,9,2,8,4,6 C2=0,5,2,7,4,1,6,8,3,9
JCQuRXy{dq? PAIR C1=0,3,5,7,1,9,2,8,4,6 C2=0,5,2,7,4,1,6,8,3,9
JCQuRXy{`y? PAIR C1=0,3,5,7,1,9,2,8,4,6 C2=0,5,2,7,4,1,6,8,3,9
JCQuRXumfo? PAIR C1=0,3,5,7,1,8,2,9,4,6 C2=0,5,2,7,4,1,6,8,3,9
JCQuRXx{`{? PAIR C1=0,3,5,7,1,4,8,2,9,6 C2=0,5,2,7,4,6,1,8,3,9
JCQrVbwfbM? PAIR C1=0,3,5,9,6,2,8,4,1,7 C2=0,5,2,7,3,8,1,6,4,9
JCQrVb[mbY? PAIR C1=0,3,5,8,4,1,7,2,6,9 C2=0,5,2,9,4,6,1,8,3,7
JCQrVb[mbM? PAIR C1=0,3,5,8,4,1,7,2,6,9 C2=0,5,2,9,4,6,1,8,3,7
JCQrVb[ma]? PAIR C1=0,3,5,8,4,1,7,2,6,9 C2=0,5,2,9,4,6,1,8,3,7
JCQrVb[m`]? PAIR C1=0,3,5,8,4,1,7,2,6,9 C2=0,5,2,9,4,6,1,8,3,7
JCQrVb[jbq? PAIR C1=0,3,5,8,4,1,7,2,6,9 C2=0,5,2,9,4,6,1,8,3,7
JCQrVb[jbe? PAIR C1=0,3,5,8,4,1,7,2,6,9 C2=0,5,2,9,4,6,1,8,3,7
JCQrVb[j`u? PAIR C1=0,3,5,8,4,1,7,2,6,9 C2=0,5,2,9,4,6,1,8,3,7
JCQrVa{Zeq? PAIR C1=0,7,1,6,9,2,5,3,10,4,8 C2=0,5,9,1,4,6,2,8,3,7,10
JCQrVa{Zcu? PAIR C1=0,7,1,6,9,2,5,3,10,4,8 C2=0,5,9,1,4,6,2,8,3,7,10
JCQrVbiVdq? PAIR C1=0,5,3,9,4,8,2,6,1,7 C2=0,3,7,2,5,9,1,4,6,8
JCQrVbiVdY? PAIR C1=0,5,3,9,4,8,2,6,1,7 C2=0,3,7,2,5,9,1,4,6,8
JCQrVbYnBY? PAIR C1=0,8,4,6,2,10,1,7,3,5,9 C2=0,5,2,9,3,8,6,1,4,10,7
JCQrVbYnBM? PAIR C1=0,3,9,5,2,7,1,10,6,4,8 C2=0,5,3,8,6,1,4,9,2,10,7
JCQrVbYn@]? PAIR C1=0,7,10,4,6,2,5,9,3,8 C2=0,5,3,7,2,10,6,8,4,9
JCQrVbMnBq? PAIR C1=0,5,2,9,3,10,7,1,6,4,8 C2=0,3,5,9,4,10,1,8,6,2,7
JCQrVbMnBe? PAIR C1=0,5,9,3,7,10,2,6,1,4,8 C2=0,7,2,5,3,10,1,8,6,4,9
JCQrVbMn@u? PAIR C1=0,5,9,3,7,2,6,1,4,8 C2=0,3,5,2,9,4,6,8,1,7
JCQrVam]ay? PAIR C1=0,7,1,10,3,5,2,6,9,4,8 C2=0,3,9,1,4,6,8,2,7,10,5
JCQrV`mudq? PAIR C1=0,7,3,9,1,8,4,6,2,10 C2=0,3,10,4,1,7,2,8,6,9
JCQrV`mudY? PAIR C1=0,5,3,9,1,8,4,6,2,10,7 C2=0,3,7,1,4,10,5,2,8,6,9
JCQrVa]zBq? PAIR C1=0,7,3,5,9,1,10,4,8 C2=0,5,8,3,10,7,1,4,9
JCQrVa]zBe? PAIR C1=0,5,2,9,1,6,4,8,3,7 C2=0,3,5,8,6,2,7,1,4,9
JCQrVbhfbk? PAIR C1=0,5,9,6,4,1,10,3,7,2,8 C2=0,3,5,2,10,6,1,7,8,4,9
JCQrVbXjbw? PAIR C1=0,7,2,5,9,6,4,1,10,3,8 C2=0,3,5,10,2,6,1,7,8,4,9
JCQrVbXjbk? PAIR C1=0,7,2,5,9,6,4,1,10,3,8 C2=0,3,5,10,2,6,1,7,8,4,9
JCQrVaxrbw? PAIR C1=0,7,2,5,9,6,4,1,10,3,8 C2=0,3,5,10,2,6,1,7,8,4,9
JCQrVaxrbk? PAIR C1=0,7,2,5,9,6,4,1,10,3,8 C2=0,3,5,10,2,6,1,7,8,4,9
JCQrVaxZew? PAIR C1=0,5,10,1,4,6,9,2,8,3,7 C2=0,3,10,4,9,5,2,6,1,7,8
JCQrVbLmbw? PAIR C1=0,7,3,10,5,2,9,6,4,1,8 C2=0,3,5,8,7,1,6,2,10,4,9
JCQrVbLmbk? PAIR C1=0,7,3,9,2,5,10,6,4,1,8 C2=0,5,3,10,2,6,1,7,8,4,9
JCQrValubw? PAIR C1=0,7,2,8,4,6,1,10,5,3,9 C2=0,3,10,2,6,9,4,1,7,8,5
JCQrValubk? PAIR C1=0,7,2,8,4,6,1,10,5,3,9 C2=0,3,10,2,6,9,4,1,7,8,5
JCQrValu`{? PAIR C1=0,7,3,5,2,8,4,10,6,1,9 C2=0,3,10,2,6,9,4,1,7,8,5
JCQrVal]ew? PAIR C1=0,5,2,7,3,9,1,10,4,8 C2=0,3,10,5,8,2,9,4,1,7
JCQrValVfo? PAIR C1=0,5,2,7,3,9,1,6,4,8 C2=0,3,5,8,2,6,9,4,1,7
JCQrValVfc? PAIR C1=0,5,2,7,3,9,1,6,4,8 C2=0,3,5,8,2,6,9,4,1,7
JCQrValVds? PAIR C1=0,5,2,7,3,9,1,6,4,8 C2=0,3,5,8,2,6,9,4,1,7
JCQrVa\ybw? PAIR C1=0,7,3,5,2,10,1,9,6,4,8 C2=0,3,10,5,8,7,2,6,1,4,9
JCQrVa\ybk? PAIR C1=0,7,3,5,2,10,1,9,6,4,8 C2=0,3,10,5,8,7,2,6,1,4,9
JCQrVa\Zfo? PAIR C1=0,7,3,5,2,10,1,9,6,4,8 C2=0,3,10,4,9,2,6,1,7,8,5
JCQrVa\Zfc? PAIR C1=0,7,3,5,9,1,10,2,6,4,8 C2=0,3,10,6,1,4,9,2,7,8,5
JCQrVbJnBk? PAIR C1=0,8,4,6,10,1,7,3,5,9 C2=0,5,10,3,9,4,1,6,8,7
JCQrVbJn@{? PAIR C1=0,7,8,1,4,6,10,5,3,9 C2=0,5,9,4,10,3,7,1,6,8
JCQrVbJ^@{? PAIR C1=0,3,9,5,2,10,4,6,1,8,7 C2=0,5,10,3,7,1,4,9,2,6,8
JCQrVajvBk? PAIR C1=0,5,3,9,4,1,10,6,8,7 C2=0,8,4,6,1,7,3,10,5,9
JCQrV`jvDs? PAIR C1=0,5,3,9,4,6,1,8,2,7 C2=0,3,7,1,4,8,6,2,5,9
JCQrVaZzBk? PAIR C1=0,3,5,9,4,6,1,10,2,7,8 C2=0,5,10,3,7,1,4,8,6,2,9
JCQrVaN}Bk? PAIR C1=0,8,7,3,5,2,10,1,6,4,9 C2=0,5,10,3,9,2,6,8,4,1,7
JCQrVaN^Fc? PAIR C1=0,8,7,1,6,4,9,3,5,2,10 C2=0,5,9,2,6,8,4,1,10,3,7
JCQrV_nvFo? PAIR C1=0,5,3,9,4,6,1,7,8,2,10 C2=0,7,3,10,1,4,8,6,2,5,9
JCQrV_nvFc? PAIR C1=0,5,3,9,4,6,1,7,8,2,10 C2=0,7,3,10,1,4,8,6,2,5,9
JCQrUrsmbY? PAIR C1=0,3,9,4,7,10,1,8,2,5 C2=0,8,5,3,7,1,4,10,2,9
JCQrUrsmbM? PAIR C1=0,3,9,4,7,10,5,2,6,1,8 C2=0,5,8,3,7,1,4,6,10,2,9
JCQrUrsm`]? PAIR C1=0,3,9,4,7,10,5,2,6,1,8 C2=0,5,8,3,7,1,4,6,10,2,9
JCQrUrsjbs? PAIR C1=0,5,3,8,2,6,10,1,4,7 C2=0,3,7,1,6,4,10,2,5,8
JCQrUrsjbq? PAIR C1=0,3,10,4,9,5,2,8,1,7 C2=0,5,8,3,7,4,1,10,2,9
JCQrUrsjbe? PAIR C1=0,3,8,1,4,9,5,2,6,10,7 C2=0,8,5,3,7,4,6,1,10,2,9
JCQrUrsj`u? PAIR C1=0,3,10,7,1,8,2,6,4,9,5 C2=0,8,5,3,7,4,1,6,10,2,9
JCQrUqu}BM? PAIR C1=0,7,1,10,5,3,9,4,6,2,8 C2=0,5,8,3,7,4,1,6,10,2,9
JCQrUquzBs? PAIR C1=0,7,1,10,3,5,8,2,6,4,9 C2=0,5,9,2,10,6,1,4,7,3,8
JCQrUquzBq? PAIR C1=0,5,2,8,3,10,4,9,1,7 C2=0,3,7,4,1,10,2,9,5,8
JCQrUquzBe? PAIR C1=0,5,2,8,6,10,7,1,4,9 C2=0,7,4,6,1,10,2,9,5,8
JCQrUquZfo? PAIR C1=0,5,3,8,6,2,9,4,1,7 C2=0,3,7,4,6,1,9,5,2,8
JCQrUrdmbw? PAIR C1=0,5,2,8,1,7,3,10,4,9 C2=0,7,4,1,10,2,9,3,5,8
JCQrUrdmbk? PAIR C1=0,3,7,1,4,9,2,6,10,5 C2=0,7,4,6,1,10,2,5,3,9
JCQrUqtybw? PAIR C1=0,5,8,3,10,2,9,4,1,7 C2=0,8,2,5,3,7,4,10,1,9
JCQrUqf}Bw? PAIR C1=0,7,1,4,9,2,10,3,5,8 C2=0,3,9,1,10,4,7,8,2,5
JCQrVI{ubq? PAIR C1=0,3,10,2,6,9,4,1,7,5,8 C2=0,5,2,8,3,9,1,6,4,10,7
JCQrVI{ube? PAIR C1=0,5,7,1,10,2,6,9,3,8 C2=0,3,5,8,2,7,10,6,1,9
JCQrVI{u`u? PAIR C1=0,5,7,2,10,6,4,1,9,3,8 C2=0,3,5,8,2,6,1,7,10,4,9
JCQrVI{]eq? PAIR C1=0,8,5,3,9,6,2,7,1,4,10 C2=0,3,8,2,9,4,6,1,10,7,5
JCQrVI{]cu? PAIR C1=0,8,5,3,9,4,1,6,2,7,10 C2=0,5,2,8,3,10,4,6,9,1,7
JCQrVI{Uvo? PAIR C1=0,7,2,6,1,9,3,5,8,4,10 C2=0,3,10,1,4,6,9,7,5,2,8
JCQrVI{Uts? PAIR C1=0,3,8,4,9,1,6,2,7,5 C2=0,7,1,4,6,9,3,5,2,8
JCQrVJY]dw? PAIR C1=0,3,5,7,2,6,1,9,4,10 C2=0,5,2,10,3,9,6,4,1,7
JCQrVJY]dq? PAIR C1=0,3,5,7,2,6,1,9,4,10 C2=0,5,2,10,3,9,6,4,1,7
JCQrVJY]`y? PAIR C1=0,3,8,4,6,1,9,2,7,10,5 C2=0,7,5,3,10,2,6,9,4,1,8
JCQrVIy]ew? PAIR C1=0,3,8,4,6,1,9,2,5,10 C2=0,5,3,10,1,4,9,6,2,8
JCQrVIy]eq? PAIR C1=0,3,8,4,9,1,6,2,5,7 C2=0,5,3,9,6,4,1,7,2,8
JCQrVIy]ay? PAIR C1=0,3,8,4,9,1,6,2,5,7 C2=0,5,3,9,6,4,1,7,2,8
JCQrVHy}Cu? PAIR C1=0,5,3,8,4,9,1,6,2,7,10 C2=0,7,5,2,8,1,4,6,10,3,9
JCQrVI\]fo? PAIR C1=0,3,5,7,2,6,9,1,4,10 C2=0,5,2,10,3,9,4,6,1,7
JCQrVI\]fc? PAIR C1=0,7,2,5,3,8,4,1,9,6,10 C2=0,3,9,4,6,2,10,1,7,8,5
JCQrVH\mfo? PAIR C1=0,9,6,1,7,2,5,3,8,4,10 C2=0,3,9,4,6,2,10,1,8,7,5
JCQrVH\mfc? PAIR C1=0,9,6,1,4,8,3,5,7,2,10 C2=0,5,2,6,4,9,3,10,1,8,7
JCQrVG|ufo? PAIR C1=0,9,6,1,4,8,3,5,7,2,10 C2=0,5,8,2,6,4,9,3,10,1,7
JCQrVG|ufc? PAIR C1=0,9,6,1,4,8,3,5,7,2,10 C2=0,5,8,2,6,4,9,3,10,1,7
JCQrVIZ}Bk? PAIR C1=0,3,8,4,9,2,10,6,1,7,5 C2=0,8,7,2,6,4,1,10,5,3,9
JCQrVIZ^Fc? PAIR C1=0,3,10,6,1,7,2,9,4,8 C2=0,7,8,3,9,1,4,6,2,10
JCQrVIZ]bw? PAIR C1=0,3,10,2,5,7,1,6,9,4,8 C2=0,5,10,1,4,6,2,9,3,8,7
JCQrVHZmfo? PAIR C1=0,3,10,4,9,6,1,7,2,5 C2=0,7,5,3,9,2,6,4,1,10
JCQrVGzvFo? PAIR C1=0,3,8,7,5,2,10,4,1,9 C2=0,5,3,9,4,8,2,7,1,10
JCQrVGzvFc? PAIR C1=0,3,5,2,10,6,1,7,8,4,9 C2=0,7,5,9,3,8,2,6,4,1,10
JCQrUi{ybq? PAIR C1=0,3,8,4,10,2,5,7,1,6,9 C2=0,5,8,2,6,4,9,1,10,3,7
JCQrUi{y`u? PAIR C1=0,8,3,7,5,2,10,4,1,6,9 C2=0,3,10,7,1,9,4,6,2,8,5
JCQrUi{Yvo? PAIR C1=0,5,2,10,4,1,6,9,7,3,8 C2=0,3,10,1,9,4,6,2,8,5,7
JCQrUi{Yts? PAIR C1=0,5,2,10,4,1,6,9,7,3,8 C2=0,7,1,9,4,6,2,8,5,3,10
JCQrUji}@]? PAIR C1=0,7,3,5,2,10,6,8,4,1,9 C2=0,3,9,4,6,2,8,1,7,10,5
JCQrUji]dw? PAIR C1=0,7,3,5,2,10,4,1,9,6,8 C2=0,3,9,4,6,2,8,1,7,5,10
JCQrUji]dq? PAIR C1=0,7,3,5,2,10,4,1,9,6,8 C2=0,5,7,1,8,2,6,4,9,3,10
JCQrUji]dY? PAIR C1=0,7,3,5,2,10,4,1,9,6,8 C2=0,3,9,4,6,2,8,1,7,5,10
JCQrUiy}BY? PAIR C1=0,8,6,1,4,10,2,5,7,3,9 C2=0,3,8,2,6,4,9,1,7,10,5
JCQrUiy}@]? PAIR C1=0,8,6,1,4,10,2,5,7,3,9 C2=0,3,8,2,6,4,9,1,7,10,5
JCQrUhlmds? PAIR C1=0,3,5,7,8,2,10,4,1,6,9 C2=0,5,2,6,10,3,9,4,8,1,7
JCQrTjwubY? PAIR C1=0,7,5,3,8,2,10,4,1,6,9 C2=0,3,7,10,5,2,6,4,9,1,8
JCQrTjwua]? PAIR C1=0,5,7,10,4,1,6,2,8,3,9 C2=0,3,7,2,5,10,6,4,9,1,8
JCQrTji]ew? PAIR C1=0,3,7,5,2,8,6,1,4,10 C2=0,5,3,10,1,8,4,6,2,7
JCQrTji]eY? PAIR C1=0,3,7,10,1,4,9,6,8,2,5 C2=0,7,2,6,4,8,1,9,3,5,10
JCQrTjM]Vo? PAIR C1=0,5,2,6,8,4,1,10,3,7 C2=0,3,5,7,2,10,4,6,1,8
JCQrThmufo? PAIR C1=0,3,5,7,2,6,8,4,1,10 C2=0,5,2,8,1,6,4,10,3,7
JCQrTjL]fo? PAIR C1=0,5,3,7,2,6,9,4,1,10 C2=0,3,9,1,6,4,10,2,5,7
JCQrThN}Fo? PAIR C1=0,9,4,6,2,7,3,5,8,1,10 C2=0,3,9,1,6,8,4,10,2,5,7
JCQrUZw]de? PAIR C1=0,8,1,7,4,9,6,2,5,3,10 C2=0,3,9,1,6,4,8,2,10,7,5
JCQrUZw]`m? PAIR C1=0,3,10,5,2,6,9,4,7,1,8 C2=0,5,3,9,1,6,4,8,2,10,7
JCQrUZsmbq? PAIR C1=0,3,8,1,7,5,2,10,4,6,9 C2=0,5,8,2,6,1,10,3,9,4,7
JCQrUZsmbe? PAIR C1=0,8,3,5,2,10,7,1,4,6,9 C2=0,5,8,2,6,1,10,3,9,4,7
JCQrUZsm`u? PAIR C1=0,7,1,4,10,6,2,5,8,3,9 C2=0,3,10,2,8,1,6,9,4,7,5
JCQrUZs]`u? PAIR C1=0,3,8,5,2,6,10,4,9,1,7 C2=0,5,7,4,1,6,9,3,10,2,8
JCQrUZq]dw? PAIR C1=0,7,5,2,6,1,9,4,10,3,8 C2=0,3,9,6,4,7,1,8,2,10,5
JCQrUZq]dq? PAIR C1=0,7,5,3,9,6,2,10,4,1,8 C2=0,3,10,7,4,9,1,6,8,2,5
JCQrUZq]`y? PAIR C1=0,7,5,3,9,6,2,10,4,1,8 C2=0,3,10,7,4,9,1,6,8,2,5
JCQrUYu}Be? PAIR C1=0,7,1,4,6,10,2,5,8,3,9 C2=0,5,3,10,7,4,9,1,6,2,8
JCQrUYu]fo? PAIR C1=0,5,8,3,9,4,6,1,7 C2=0,3,5,7,4,1,9,6,8
JCQrUYu]bq? PAIR C1=0,5,8,3,9,4,6,1,7 C2=0,3,5,7,4,1,9,6,8
JCQrUYu]Vo? PAIR C1=0,7,9,3,8,5,2,6,1,4,10 C2=0,3,10,2,8,6,4,9,1,7,5
JCQrUXumfo? PAIR C1=0,3,8,1,6,2,5,7,4,10 C2=0,5,3,10,2,8,6,4,1,7
JCQrUXumVo? PAIR C1=0,3,8,1,6,2,5,7,4,10 C2=0,5,3,10,2,8,6,4,1,7
JCQrUXumTs? PAIR C1=0,3,8,1,6,2,5,7,4,10 C2=0,5,3,10,2,8,6,4,1,7
JCQrRZwude? PAIR C1=0,9,1,4,6,2,7,5,3,10 C2=0,3,9,4,7,1,6,10,2,5
JCQrRZwucm? PAIR C1=0,9,1,8,4,6,2,7,5,3,10 C2=0,3,9,4,7,1,6,10,5,2,8
JCQrRZ[{de? PAIR C1=0,8,4,1,9,6,2,7,5,3,10 C2=0,5,2,10,6,4,7,1,8,3,9
JCQrRZq}Cu? PAIR C1=0,5,3,9,1,4,7,2,6,8 C2=0,3,8,2,5,7,1,6,4,9
JCQrRZqmew? PAIR C1=0,5,3,9,6,2,7,4,1,8 C2=0,3,8,2,5,7,1,6,4,9
JCQrRZqmeq? PAIR C1=0,5,3,9,6,2,7,4,1,8 C2=0,3,8,2,5,7,1,6,4,9
JCQrRZY{dw? PAIR C1=0,5,2,7,4,1,8,6,9,3,10 C2=0,3,8,4,6,2,10,5,7,1,9
JCQrRZY{dq? PAIR C1=0,5,7,2,6,8,1,9,3,10 C2=0,8,3,5,2,10,7,1,6,9
JCQrRZUmfo? PAIR C1=0,5,7,2,6,8,1,4,9,3,10 C2=0,8,3,5,2,10,1,7,4,6,9
JCQrRZUmVo? PAIR C1=0,5,3,8,6,1,4,9,7,2,10 C2=0,8,5,2,6,4,7,1,10,3,9
JCQrRZUmTs? PAIR C1=0,8,1,6,4,7,9,3,5,2,10 C2=0,5,8,3,10,6,2,7,1,4,9
JCQrRYuufo? PAIR C1=0,8,3,5,7,2,6,1,4,9 C2=0,3,9,1,7,4,6,8,2,5
JCQvepkmbY? PAIR C1=0,7,1,4,8,5,2,6,3,9 C2=0,5,3,7,4,9,2,8,1,6
JCQvepkmbJ? PAIR C1=0,7,1,4,8,5,2,6,3,9 C2=0,5,3,7,4,9,2,8,1,6
JCQvepkmR[? PAIR C1=0,7,1,4,8,5,2,6,3,9 C2=0,5,3,7,4,9,2,8,1,6
JCQvepkmRL? PAIR C1=0,7,1,4,8,5,2,6,3,9 C2=0,5,3,7,4,9,2,8,1,6
JCQvepkmQ\? PAIR C1=0,7,1,4,8,5,2,6,3,9 C2=0,5,3,7,4,9,2,8,1,6
JCQvepkmP\? PAIR C1=0,7,1,4,8,5,2,6,3,9 C2=0,5,3,7,4,9,2,8,1,6
JCQvdpkvBF? PAIR C1=0,7,3,6,2,5,8,4,1,9 C2=0,5,3,9,4,7,2,8,1,6
JCQvdpkvAV? PAIR C1=0,7,3,6,2,5,8,4,1,9 C2=0,5,3,9,4,7,2,8,1,6
JCQvUpwZdJ? PAIR C1=0,7,1,6,9,4,8,3,5,2,10 C2=0,3,7,4,1,9,5,10,8,2,6
JCQvUpwZ`j? PAIR C1=0,5,2,10,3,8,4,9,6,1,7 C2=0,3,7,4,1,9,5,10,8,2,6
JCQunPwmbY? PAIR C1=1,4,8,3,5,6,9,2,10 C2=1,6,3,9,4,10,5,2,8
JCQunPwmaZ? PAIR C1=0,5,6,1,10,4,8,3,9 C2=0,3,5,10,8,1,4,9,6
JCQunPwm`Z? PAIR C1=0,6,5,3,9,2,10,4,8,1,7 C2=0,3,8,2,5,10,7,4,1,6,9
JCQtnPwvBU? PAIR C1=0,7,1,8,4,10,2,6,5,3,9 C2=0,3,8,2,5,9,1,4,7,10,6
JCQtnPwvBF? PAIR C1=0,5,3,6,2,7,1,10,8,4,9 C2=0,3,8,2,5,9,1,4,7,10,6
JCQtnPwrbq? PAIR C1=0,3,5,6,2,7,1,8,4,9 C2=0,6,3,8,2,5,9,1,4,7
JCQtnPwrbb? PAIR C1=0,3,5,6,2,7,1,8,4,9 C2=0,6,3,8,2,5,9,1,4,7
JCQu^`wnBU? PAIR C1=0,3,7,1,10,4,8,2,9,5 C2=0,7,10,2,5,3,8,1,4,9
JCQu^`wnBF? PAIR C1=0,5,6,4,1,8,2,9,3,7 C2=0,6,1,7,2,5,3,8,4,9
JCQu^`wn@V? PAIR C1=0,5,6,4,1,8,2,9,3,7 C2=0,6,1,7,2,5,3,8,4,9
JCQu^`wmR[? PAIR C1=0,5,6,4,1,8,2,9,3,7 C2=0,6,1,7,2,5,3,8,4,9
JCQu^`wmRX? PAIR C1=0,5,6,4,1,8,2,9,3,7 C2=0,6,1,7,2,5,3,8,4,9
JCQu^`wmRL? PAIR C1=0,5,6,4,1,8,2,9,3,7 C2=0,6,1,7,2,5,3,8,4,9
JCQu^Pw]`j? PAIR C1=0,3,9,1,4,6,5,10,8,2,7 C2=0,5,2,9,4,8,3,10,7,1,6
JCQu^Pw]Td? PAIR C1=0,3,5,6,10,2,8,1,4,7 C2=0,5,2,7,1,6,4,8,3,10
JCQu^Pw]TL? PAIR C1=0,6,5,3,9,4,1,8,2,7 C2=0,3,8,4,6,1,7,9,2,5
JCQu^Pw]Pl? PAIR C1=0,6,5,3,9,4,1,8,2,7 C2=0,3,8,4,6,1,7,9,2,5
JCQu^Pw]Le? PAIR C1=0,3,5,6,1,8,2,9,4,7 C2=0,5,2,7,1,9,3,8,4,6
JCp`frUja{? PAIR C1=0,4,10,6,2,9,5,1,8,3,7 C2=0,8,6,3,10,5,2,7,1,4,9
JCp`fXytdw? PAIR C1=0,3,8,1,5,9,6,2,10,4,7 C2=0,9,3,6,8,4,1,7,2,5,10
JCp`fY]]fg? PAIR C1=0,7,2,6,9,4,1,5,8,3,10 C2=0,4,7,1,10,5,2,9,3,6,8
JCpdf`mNew? PAIR C1=0,3,10,5,8,1,4,9,2,7 C2=0,4,8,2,5,9,3,7,1,10
JCpdf`mNcy? PAIR C1=0,3,6,2,8,1,4,9,5,10,7 C2=0,4,8,6,9,2,5,1,7,3,10
JCpdf`mNay? PAIR C1=1,5,9,4,10,7,3,6,2,8 C2=1,4,8,6,9,3,10,5,2,7
JCpdfa]^@]? PAIR C1=0,3,8,4,9,1,5,10,6,2,7 C2=0,4,1,7,10,2,5,9,3,6,8
JCpdfa]Z`y? PAIR C1=0,7,2,5,10,4,1,9,6,3,8 C2=0,3,10,7,1,5,9,2,6,8,4
JCpdf_}^C]? PAIR C1=0,6,2,5,1,9,4,8,3,7 C2=0,3,6,8,5,9,2,7,1,4
JCpdf_}VdY? PAIR C1=0,6,3,7,2,8,4,9,1,5,10 C2=0,3,9,5,8,6,2,10,7,1,4
JCpdfR[Nam? PAIR C1=0,6,10,3,8,4,9,2,5,1,7 C2=0,4,1,10,7,2,6,3,9,5,8
JCpdfQ{Vam? PAIR C1=0,3,10,6,9,4,8,2,5,1,7 C2=0,4,1,10,7,2,6,3,9,5,8
JCpdfP{\_}? PAIR C1=0,6,9,3,10,4,1,5,8,2,7 C2=0,3,6,2,9,5,10,7,1,8,4
JCpdfP{Vdi? PAIR C1=0,6,9,4,1,5,2,8,3,10,7 C2=0,4,8,1,7,2,6,3,9,5,10
JCpdfP{V`m? PAIR C1=1,5,2,7,4,9,6,10,3,8 C2=1,4,8,2,6,3,9,5,10,7
JCpdfRUNbw? PAIR C1=0,6,3,8,1,5,2,9,4,7 C2=0,3,9,5,8,6,2,7,1,4
JCpdfQuVbw? PAIR C1=0,3,10,2,8,6,9,5,1,4,7 C2=0,4,9,3,6,2,7,1,10,5,8
JCpdfQuVbi? PAIR C1=0,3,10,2,8,6,9,5,1,4,7 C2=0,4,9,3,6,2,7,1,10,5,8
JCpdfQuV`y? PAIR C1=0,7,4,10,3,9,6,2,5,8 C2=0,4,9,5,10,7,2,8,3,6
JCpdfPuNew? PAIR C1=0,3,9,6,2,8,5,1,4,7 C2=0,4,9,5,2,7,1,8,3,6
JCpdfPuNei? PAIR C1=0,3,9,6,2,8,5,1,4,7 C2=0,4,9,5,2,7,1,8,3,6
JCpdfPuNcy? PAIR C1=0,3,9,6,2,8,5,1,4,7 C2=0,4,9,5,2,7,1,8,3,6
JCpdfPuNay? PAIR C1=0,3,9,6,2,8,5,1,4,7 C2=0,4,9,5,2,7,1,8,3,6
JCpdfQ]\bw? PAIR C1=0,3,8,6,2,9,5,1,4,7 C2=0,4,8,5,2,7,1,9,3,6
JCpdfQ]\bi? PAIR C1=0,3,8,6,2,9,5,1,4,7 C2=0,4,8,5,2,7,1,9,3,6
JCpdfQ]\`y? PAIR C1=0,3,8,6,2,9,5,1,4,7 C2=0,4,8,5,2,7,1,9,3,6
JCpdfQtV`{? PAIR C1=0,3,9,5,1,4,10,2,8,7 C2=0,4,9,1,7,2,5,10,3,8
JCpderkNbi? PAIR C1=0,7,4,9,2,6,3,10,1,5,8 C2=0,3,7,1,4,8,2,10,5,9,6
JCpdereNbw? PAIR C1=0,3,10,1,5,8,6,2,9,4,7 C2=0,4,1,7,3,6,9,5,10,2,8
JCpdepuNfW? PAIR C1=0,7,4,9,2,6,3,8,5,1,10 C2=0,4,1,7,3,9,5,10,2,8,6
JCpdepuNfI? PAIR C1=0,7,4,9,2,6,3,8,5,1,10 C2=0,4,1,7,3,9,5,10,2,8,6
JCpdepuNdY? PAIR C1=0,3,8,6,9,2,5,10,4,7 C2=0,4,9,5,8,2,6,3,7,10
JCpderdNbw? PAIR C1=0,3,6,9,2,8,1,5,10,4,7 C2=0,4,1,7,8,5,9,3,10,2,6
JCpderdNa{? PAIR C1=0,3,10,4,7,1,5,9,6,2,8 C2=0,4,1,8,7,3,9,2,5,10,6
JCpddpuVfI? PAIR C1=0,3,6,8,2,5,1,9,4,7 C2=0,4,1,8,5,9,3,7,2,6
JCpddpm\ew? PAIR C1=0,4,7,3,9,5,10,1,8,2,6 C2=0,7,2,5,8,4,1,9,6,3,10
JCpddpm\ei? PAIR C1=0,4,7,3,9,5,10,1,8,2,6 C2=0,7,2,5,8,4,1,9,6,3,10
JCpddpm\ay? PAIR C1=0,4,7,10,1,8,2,5,9,3,6 C2=0,3,10,5,8,4,1,9,6,2,7
JCpddrdV`{? PAIR C1=0,3,9,4,7,8,1,5,2,10,6 C2=0,4,1,9,6,3,10,5,8,2,7
JCpddrTZa{? PAIR C1=0,4,7,3,10,1,9,5,2,6 C2=0,3,6,10,5,1,4,9,2,7
JCpddrL\bs? PAIR C1=0,3,10,4,7,8,1,5,9,2,6 C2=0,4,1,10,6,9,3,7,2,5,8
JCpddrL\`{? PAIR C1=0,3,10,4,7,8,1,5,2,9,6 C2=0,4,1,9,3,7,2,6,10,5,8
JCpdbrsfb[? PAIR C1=0,4,1,7,3,6,9,5,10,2,8 C2=0,3,9,4,7,2,5,8,1,10,6
JCpdbrsf`]? PAIR C1=0,4,10,2,6,9,5,1,7,3,8 C2=0,3,9,4,1,8,5,2,7,10,6
JCpdbr[jam? PAIR C1=1,5,9,2,6,3,8,4,7,10 C2=1,4,9,6,10,3,7,2,5,8
JCpdbp{rdi? PAIR C1=0,4,7,1,9,5,8,3,6,2,10 C2=0,3,10,7,2,5,1,8,4,9,6
JCpdbp{rdM? PAIR C1=0,4,7,1,9,5,8,3,6,10 C2=0,3,7,10,5,1,8,4,9,6
JCpdbp{r`m? PAIR C1=1,4,7,3,8,2,6,10,5,9 C2=1,5,2,7,10,3,6,9,4,8
JCpdbrenA{? PAIR C1=0,4,10,5,1,7,3,6,2,8 C2=0,3,10,1,4,7,2,5,8,6
JCpdbren?}? PAIR C1=0,4,1,5,10,6,3,7,2,8 C2=0,3,10,4,7,1,8,5,2,6
JCpdbreNew? PAIR C1=1,7,3,6,8,2,5,9,4,10 C2=1,4,7,2,6,9,3,10,5,8
JCpdbreNei? PAIR C1=1,8,2,7,3,6,9,5,10 C2=1,5,8,6,2,9,3,10,7
JCpdbrUnB[? PAIR C1=1,7,2,5,9,4,10,6,3,8 C2=1,4,7,3,9,2,6,8,5,10
JCpdbrUnA]? PAIR C1=1,7,2,5,9,4,10,6,3,8 C2=1,4,7,3,9,2,6,8,5,10
JCpdbrUn@]? PAIR C1=0,4,9,5,2,7,10,6,3,8 C2=0,3,7,4,10,5,8,6,2,9
JCpdbrUjbw? PAIR C1=0,4,9,6,3,7,2,5,10,1,8 C2=0,3,10,4,7,1,5,8,6,2,9
JCpdbrUj`y? PAIR C1=0,3,6,8,1,7,2,9,5,10,4 C2=0,8,3,10,7,4,1,5,2,6,9
JCpdbrUNfW? PAIR C1=0,3,6,8,1,7,2,9,5,10,4 C2=0,8,5,2,6,9,3,7,4,1,10
JCpdbrUNfI? PAIR C1=0,3,7,2,9,5,10,1,8,6 C2=0,8,3,9,6,2,5,1,7,10
JCpdbrUNdY? PAIR C1=0,3,6,8,1,7,2,9,5,10,4 C2=0,8,3,9,6,2,5,1,4,7,10
JCpdbquvB[? PAIR C1=0,6,3,7,1,4,10,5,2,8 C2=0,3,8,5,1,10,6,2,7,4
JCpdbquvA]? PAIR C1=0,6,3,7,1,4,10,5,2,8 C2=0,3,8,5,1,10,6,2,7,4
JCpdbquv@]? PAIR C1=0,3,6,8,2,7,4,10,5,9 C2=0,4,9,3,7,10,6,2,5,8
JCpdbpujew? PAIR C1=0,3,6,2,8,1,7,4,10,5,9 C2=0,4,1,5,8,6,9,2,7,3,10
JCpdbpujei? PAIR C1=0,4,7,1,8,2,6,3,10,5,9 C2=0,3,8,6,9,4,1,5,2,7,10
JCpdbpujcy? PAIR C1=0,4,7,1,8,2,6,3,10,5,9 C2=0,3,8,6,9,4,1,5,2,7,10
JCpdbrMnAm? PAIR C1=0,4,7,1,8,6,3,10,5,9 C2=0,6,10,7,3,9,4,1,5,8
JCpdbrMlbw? PAIR C1=0,3,10,5,9,2,6,8,1,7,4 C2=0,6,9,3,7,2,10,4,1,5,8
JCpdbrMl`y? PAIR C1=0,3,10,5,9,2,6,8,1,7,4 C2=0,6,9,3,7,2,10,4,1,5,8
JCpdbrMNfg? PAIR C1=0,3,10,5,9,2,6,8,1,7,4 C2=0,8,5,1,4,9,6,3,7,2,10
JCpdbpmvDi? PAIR C1=0,4,7,1,8,2,6,3,10,5,9 C2=0,6,8,5,1,4,9,3,7,2,10
JCpdbpmvDM? PAIR C1=0,4,7,1,8,2,6,3,9,5,10 C2=0,3,7,10,2,5,1,9,4,8,6
JCpdbpmvCm? PAIR C1=0,4,7,1,8,2,6,3,9,5,10 C2=0,3,10,7,2,5,1,9,4,8,6
JCpdbpmlei? PAIR C1=0,4,7,1,8,2,6,3,9,5,10 C2=0,3,10,7,2,5,1,4,8,6,9
JCpdbpmlcy? PAIR C1=0,4,7,1,8,2,6,3,9,5,10 C2=0,3,10,7,2,5,1,4,8,6,9
JCpdbq]xbw? PAIR C1=0,4,7,1,9,2,5,8,3,6 C2=0,3,7,2,6,9,5,1,4,8
JCpdbq]\fW? PAIR C1=0,4,7,1,9,2,5,8,3,6 C2=0,3,7,2,6,9,5,1,4,8
JCpdbq]\fI? PAIR C1=0,4,7,1,9,2,5,8,3,6 C2=0,3,7,2,6,9,5,1,4,8
JCpdbq]\dY? PAIR C1=0,4,7,1,9,2,5,8,3,6 C2=0,3,7,2,6,9,5,1,4,8
JCpdbp]zDi? PAIR C1=0,4,7,1,9,2,5,8,3,6 C2=0,3,7,2,6,8,4,1,5,9
JCpdbp]ldY? PAIR C1=0,4,7,2,5,1,8,3,6,9 C2=0,3,7,1,4,8,5,9,2,6
JCpdbrdVdw? PAIR C1=0,3,6,9,4,10,5,2,7,1,8 C2=0,6,2,8,7,4,1,5,9,3,10
JCpdbrdV`{? PAIR C1=0,4,9,3,6,10,5,2,7,1,8 C2=0,3,10,2,8,7,4,1,5,9,6
JCpdbrTja{? PAIR C1=0,6,3,8,1,7,2,5,10,4,9 C2=0,3,10,6,2,9,5,1,4,7,8
JCpdbrTZdw? PAIR C1=0,3,6,9,4,10,5,2,7,1,8 C2=0,6,2,9,5,1,4,7,8,3,10
JCpdbrTZd[? PAIR C1=0,3,6,9,2,7,1,8,5,10,4 C2=0,8,3,7,4,1,9,5,2,6,10
JCpdbrTZ`{? PAIR C1=0,3,6,9,2,7,1,8,5,10,4 C2=0,6,10,2,5,9,1,4,7,3,8
JCpdbqtVd[? PAIR C1=0,8,5,2,7,3,6,9,4,10 C2=0,4,7,8,3,9,5,10,2,6
JCpdbrLl`{? PAIR C1=0,4,10,2,5,8,1,7,3,6,9 C2=0,6,2,9,3,10,5,1,4,7,8
JCpdbrL\dw? PAIR C1=0,8,5,2,7,3,6,9,1,4,10 C2=0,4,7,8,1,5,10,3,9,2,6
JCpdbrL\`{? PAIR C1=0,3,7,8,5,2,10,4,1,9,6 C2=0,4,7,2,9,3,6,10,5,1,8
JCpdbrLNfg? PAIR C1=0,6,9,4,7,3,10,2,5,8 C2=0,4,8,7,2,6,3,9,5,10
JCpdbqltbw? PAIR C1=0,3,7,2,10,1,4,8,5,9,6 C2=0,4,10,5,2,6,3,9,1,7,8
JCpdbql\a{? PAIR C1=0,4,1,10,3,7,2,6,9,5,8 C2=0,3,9,1,7,4,8,2,5,10,6
JCpdbqlVfg? PAIR C1=0,4,1,10,3,7,2,6,9,5,8 C2=0,6,3,9,1,7,4,8,2,5,10
JCpdbpltdw? PAIR C1=0,3,7,1,9,6,2,10,5,8,4 C2=0,6,3,9,5,1,8,2,7,4,10
JCpdbpltd[? PAIR C1=0,3,7,1,9,6,2,10,5,8,4 C2=0,6,3,9,5,1,8,2,7,4,10
JCpdbplt`{? PAIR C1=1,8,5,10,2,7,3,6,9 C2=1,5,9,3,10,6,2,8,7
JCpdbpllew? PAIR C1=0,3,6,9,2,7,1,10,5,8,4 C2=0,6,2,8,7,4,1,5,9,3,10
JCpdbplla{? PAIR C1=1,4,8,5,10,3,6,9,2,7 C2=1,5,9,3,7,4,10,6,2,8
JCpdbplffg? PAIR C1=0,3,6,9,5,8,7,2,10,1,4 C2=0,6,2,8,4,9,3,7,1,5,10
JCpdbplfbk? PAIR C1=0,3,6,9,5,8,2,10,1,7,4 C2=0,6,2,7,8,4,1,5,10,3,9
JCpdbq\Zfg? PAIR C1=0,3,6,9,2,10,1,5,8,7,4 C2=0,6,2,7,3,10,5,9,1,4,8
JCpdbo|xew? PAIR C1=0,3,10,1,5,9,6,2,7,4 C2=0,6,3,7,1,4,10,5,2,9
JCpdbo|xa{? PAIR C1=0,3,10,1,5,9,6,2,7,4 C2=0,6,3,7,1,4,10,5,2,9
JCpdbo|tfW? PAIR C1=0,3,6,9,5,1,10,2,7,4 C2=0,6,2,5,10,4,1,7,3,9
JCpdbpfv@{? PAIR C1=0,4,9,5,1,7,3,10,2,6 C2=0,3,6,10,5,2,7,4,1,9
JCpdbpfnA{? PAIR C1=0,4,9,5,2,7,1,10,3,6 C2=0,3,7,4,1,5,10,6,2,9
JCpdbpVzD[? PAIR C1=0,4,9,2,10,5,8,7,3,6 C2=0,3,8,6,10,4,7,2,5,9
JCpdbpVz@{? PAIR C1=0,4,9,2,10,5,8,7,3,6 C2=0,3,8,6,10,4,7,2,5,9
JCpdbovzA{? PAIR C1=0,6,3,7,4,10,5,8,2,9 C2=0,3,10,6,8,7,2,5,9,4
JCpdbpN|Dw? PAIR C1=0,6,3,7,8,4,10,5,2,9 C2=0,4,7,2,6,8,5,9,3,10
JCpdbpN|@{? PAIR C1=0,3,6,2,10,4,8,7,1,5,9 C2=0,4,7,2,5,10,3,9,1,8,6
JCpdbon|A{? PAIR C1=0,3,7,1,4,8,6,2,5,9 C2=0,4,7,2,8,5,1,9,3,6
JCpdbonvFg? PAIR C1=0,3,7,1,4,8,6,2,5,9 C2=0,4,7,2,8,5,1,9,3,6
JCpdbo^zFg? PAIR C1=0,3,7,1,5,9,2,6,8,4 C2=0,6,3,8,5,2,7,4,1,9
JCpdfJwFrs? PAIR C1=0,6,3,9,7,2,10,1,4,8 C2=0,3,10,4,9,6,2,8,1,7
JCpdfH{]_}? PAIR C1=0,4,1,7,5,8,3,9,2,6 C2=0,3,6,9,4,8,1,5,2,7
JCpdfH{Nau? PAIR C1=0,4,1,7,5,8,3,9,2,6 C2=0,3,6,9,4,8,1,5,2,7
JCpdfHyNew? PAIR C1=0,4,10,5,1,7,2,9,3,6 C2=0,3,10,1,4,9,6,2,5,7
JCpdfHyNcy? PAIR C1=0,6,3,8,4,9,2,5,1,7 C2=0,3,9,5,7,2,6,8,1,4
JCpdfI]]bw? PAIR C1=0,6,3,9,2,5,10,4,1,7 C2=0,3,10,1,5,7,2,6,9,4
JCpdfI]]`y? PAIR C1=0,6,3,8,4,9,2,10,5,1,7 C2=0,3,10,4,1,9,6,2,7,5,8
JCpdfH]^Dq? PAIR C1=0,6,3,8,4,9,2,5,1,7 C2=0,3,9,5,7,2,6,8,1,4
JCpdfH]^@u? PAIR C1=0,6,3,8,4,9,2,5,1,7 C2=0,3,9,5,7,2,6,8,1,4
JCpdfH]]dw? PAIR C1=0,6,3,8,4,10,2,5,1,7 C2=0,3,10,5,7,2,6,8,1,4
JCpdfG}Vfo? PAIR C1=0,6,3,9,4,8,2,5,1,7 C2=0,3,8,6,2,7,5,9,1,4
JCpdfGzVdw? PAIR C1=0,6,3,9,4,8,2,5,1,7 C2=0,3,8,6,2,7,5,9,1,4
JCpdejwNbU? PAIR C1=0,6,3,8,4,9,2,5,1,7 C2=0,3,7,5,9,6,2,8,1,4
JCpdejwJq{? PAIR C1=0,6,3,8,4,9,2,5,1,7 C2=0,3,7,5,9,6,2,8,1,4
JCpdei{]bU? PAIR C1=0,6,3,8,4,9,2,5,1,7 C2=0,3,7,5,8,2,6,9,1,4
JCpdei{]`]? PAIR C1=0,6,3,8,4,9,2,5,1,7 C2=0,3,7,5,8,2,6,9,1,4
JCpdeh{Zdq? PAIR C1=0,6,3,8,4,9,2,5,1,7 C2=0,3,7,5,8,2,6,9,1,4
JCpdeh{ZdU? PAIR C1=0,6,3,8,4,9,2,5,1,7 C2=0,3,7,5,8,2,6,9,1,4
JCpdeh{Z`u? PAIR C1=0,6,3,8,4,9,2,5,1,7 C2=0,3,7,5,8,2,6,9,1,4
JCpdeh{NbU? PAIR C1=0,6,3,8,4,9,2,5,1,7 C2=0,3,7,5,9,6,2,8,1,4
JCpdeiy^BU? PAIR C1=0,6,3,8,2,9,4,1,5,7 C2=0,3,7,1,9,5,2,6,8,4
JCpdeiy^@]? PAIR C1=0,6,3,8,2,9,4,1,5,7 C2=0,3,7,1,9,5,2,6,8,4
JCpdeiyZbw? PAIR C1=0,6,3,8,2,9,4,1,5,7 C2=0,3,7,1,9,5,2,6,8,4
JCpdeiyZbq? PAIR C1=0,6,3,8,2,9,4,1,5,7 C2=0,3,7,1,9,5,2,6,8,4
JCpdeiyZ`y? PAIR C1=0,6,3,8,2,9,4,1,5,7 C2=0,3,7,1,9,5,2,6,8,4
JCpdeiyZRs? PAIR C1=0,6,3,8,2,9,4,1,5,7 C2=0,3,7,1,9,5,2,6,8,4
JCpdeiyZP{? PAIR C1=0,6,3,8,2,9,4,1,5,7 C2=0,3,7,1,9,5,2,6,8,4
JCpdehy^@]? PAIR C1=0,6,3,8,2,9,4,1,5,7 C2=0,3,7,1,9,5,2,6,8,4
JCpdeim]bw? PAIR C1=0,6,3,9,4,8,2,5,1,7 C2=0,3,7,5,8,6,2,9,1,4
JCpdeim]`y? PAIR C1=0,6,3,9,4,8,2,5,1,7 C2=0,3,7,5,8,6,2,9,1,4
JCpdeg}]fW? PAIR C1=0,6,3,9,4,8,2,5,1,7 C2=0,3,7,5,8,6,2,9,1,4
JCpdeg}]fQ? PAIR C1=0,6,3,9,4,8,2,5,1,7 C2=0,3,7,5,8,6,2,9,1,4
JCpdeg}]dY? PAIR C1=0,6,3,9,4,8,2,5,1,7 C2=0,3,7,5,8,6,2,9,1,4
JCpdeg}Zfo? PAIR C1=0,6,3,8,4,9,2,5,1,7 C2=0,3,7,5,8,2,6,9,1,4
JCpdejhNbw? PAIR C1=0,6,3,10,4,9,2,5,1,7 C2=0,3,7,5,9,6,2,10,1,4
JCpdejhNa{? PAIR C1=0,6,2,9,3,10,4,1,5,7,8 C2=0,4,9,5,2,8,1,10,6,3,7
JCpdegn^Fo? PAIR C1=0,7,5,1,4,8,2,9,3,10 C2=0,3,7,8,5,2,10,1,9,4
JCpddh{Zau? PAIR C1=0,6,9,2,5,1,4,8,3,10,7 C2=0,3,7,2,6,10,1,8,5,9,4
JCpddjY^BU? PAIR C1=0,6,2,9,3,8,4,1,10,7 C2=0,3,7,2,10,6,8,1,9,4
JCpddjY^@]? PAIR C1=0,6,2,9,3,8,4,1,5,10,7 C2=0,3,7,2,5,9,1,8,6,10,4
JCpddjYZbw? PAIR C1=0,6,3,8,4,1,5,10,2,7 C2=0,3,7,5,2,6,8,1,10,4
JCpddjYZbq? PAIR C1=0,6,2,9,4,1,10,7,3,8 C2=0,3,6,9,1,8,4,10,2,7
JCpddjYZ`y? PAIR C1=0,7,2,9,4,1,5,10,3,8 C2=0,3,7,10,2,5,9,1,8,4
JCpddjYZRs? PAIR C1=0,6,3,8,4,9,1,5,2,7 C2=0,3,7,5,9,2,6,8,1,4
JCpddjYZP{? PAIR C1=0,6,3,8,4,9,1,5,2,7 C2=0,3,7,5,9,2,6,8,1,4
JCpddhy^A]? PAIR C1=0,6,3,8,4,9,1,5,2,7 C2=0,3,7,5,9,2,6,8,1,4
JCpddhyZew? PAIR C1=0,6,3,8,4,9,1,5,2,7 C2=0,3,7,5,9,2,6,8,1,4
JCpddhyVfW? PAIR C1=0,6,3,8,4,10,1,5,2,7 C2=0,3,7,5,10,2,6,8,1,4
JCpddhyVfQ? PAIR C1=0,7,3,8,2,5,1,9,4,10 C2=0,3,9,5,7,2,10,1,8,4
JCpddhmVfo? PAIR C1=0,6,3,9,4,8,2,5,1,10 C2=0,3,10,2,6,8,5,9,1,4
JCpddhmVbq? PAIR C1=0,6,2,8,4,10,1,5,9,3,7 C2=0,3,10,2,7,5,8,6,9,1,4
JCpddhjVdw? PAIR C1=0,6,2,8,1,5,10,4,9,3,7 C2=0,3,6,8,4,1,9,5,7,2,10
JCpdbjku`u? PAIR C1=0,6,3,7,2,5,1,9,4,8 C2=0,3,9,6,2,8,5,7,1,4
JCpdbj[Zdq? PAIR C1=0,4,10,3,7,2,5,9,1,8 C2=0,3,8,5,7,1,4,9,2,10
JCpdbj[ZdU? PAIR C1=0,6,3,7,2,10,4,1,9,5,8 C2=0,3,8,1,5,7,10,6,2,9,4
JCpdbj[Z`u? PAIR C1=0,6,3,7,2,10,4,1,9,5,8 C2=0,3,8,1,5,7,10,6,2,9,4
JCpdbjinA{? PAIR C1=0,6,3,10,1,4,8,2,5,9 C2=0,3,9,2,6,8,1,5,10,4
JCpdbjinAu? PAIR C1=0,8,4,1,10,3,7,2,5,9 C2=0,3,9,2,8,1,5,7,10,4
JCpdbjin?}? PAIR C1=0,6,2,7,3,10,4,8,1,5,9 C2=0,3,9,2,8,6,10,5,7,1,4
JCpdbjifbw? PAIR C1=0,6,2,7,3,10,4,8,1,5,9 C2=0,3,9,6,8,2,10,5,7,1,4
JCpdbjifbq? PAIR C1=0,8,1,5,2,7,3,10,4,9 C2=0,3,9,5,7,1,10,2,8,4
JCpdbjYnB[? PAIR C1=0,6,3,7,2,5,1,8,4,9 C2=0,3,8,6,2,9,5,7,1,4
JCpdbjYnBU? PAIR C1=0,6,3,7,2,5,1,8,4,9 C2=0,3,8,6,2,9,5,7,1,4
JCpdbjYn@]? PAIR C1=0,6,3,7,2,5,1,8,4,9 C2=0,3,8,6,2,9,5,7,1,4
JCpdbjYNfW? PAIR C1=0,6,3,7,2,10,4,9,5,1,8 C2=0,3,9,2,6,8,4,1,7,5,10
JCpdbjYNfQ? PAIR C1=0,6,3,7,5,2,9,4,1,8 C2=0,3,9,5,1,7,2,6,8,4
JCpdbjYNdY? PAIR C1=0,6,3,7,5,2,9,4,1,8 C2=0,3,9,5,1,7,2,6,8,4
JCpdbiyzAu? PAIR C1=0,3,7,10,6,8,4,1,5,2,9 C2=0,4,10,1,9,5,7,2,8,3,6
JCpdbiyvB[? PAIR C1=0,4,1,5,7,2,10,6,8,3,9 C2=0,3,7,1,10,5,9,4,8,2,6
JCpdbiyvBU? PAIR C1=0,8,6,10,4,1,5,2,7,3,9 C2=0,4,9,5,7,1,10,2,8,3,6
JCpdbiyvA]? PAIR C1=0,4,9,3,7,2,5,10,6,8 C2=0,3,6,2,8,4,10,7,5,9
JCpdbiyv@]? PAIR C1=0,4,9,3,7,2,5,10,6,8 C2=0,3,6,2,8,4,10,7,5,9
JCpdbiyrbw? PAIR C1=0,8,4,10,1,5,2,7,3,6,9 C2=0,4,9,1,7,5,10,3,8,2,6
JCpdbiyrbq? PAIR C1=0,6,9,4,1,5,7,2,10,3,8 C2=0,4,10,1,7,3,6,8,2,5,9
JCpdbiyr`y? PAIR C1=0,6,9,4,1,5,7,2,10,3,8 C2=0,4,10,5,2,8,6,3,7,1,9
JCpdbhynC]? PAIR C1=0,3,8,4,1,5,7,2,6,10 C2=0,4,10,5,2,8,1,7,3,6
JCpdbjMnBs? PAIR C1=0,3,9,4,10,6,2,7,5,1,8 C2=0,4,8,6,3,7,1,10,2,5,9
JCpdbjM^Dq? PAIR C1=0,6,3,9,4,10,2,7,5,1,8 C2=0,4,8,6,2,5,9,1,7,3,10
JCpdbjM^DU? PAIR C1=0,3,9,4,10,6,2,7,5,1,8 C2=0,4,8,6,3,7,1,9,5,2,10
JCpdbjM^@u? PAIR C1=0,3,7,2,6,10,4,1,5,8 C2=0,4,8,1,7,5,2,10,3,6
JCpdbim}Au? PAIR C1=0,3,7,2,6,10,4,1,5,8 C2=0,4,8,2,5,7,1,10,3,6
JCpdbim}?}? PAIR C1=0,3,7,2,6,8,5,1,4,9 C2=0,4,8,2,5,7,1,9,3,6
JCpdbimvBs? PAIR C1=0,3,7,2,6,8,5,1,4,9 C2=0,4,8,2,5,7,1,9,3,6
JCpdbimvBU? PAIR C1=0,3,7,2,6,8,5,1,4,9 C2=0,4,8,2,5,7,1,9,3,6
JCpdbim^EU? PAIR C1=0,6,3,9,4,1,5,7,2,8 C2=0,3,7,1,9,5,2,6,8,4
JCpdbim^Au? PAIR C1=0,6,3,9,4,1,5,7,2,8 C2=0,3,7,1,9,5,2,6,8,4
JCpdbimubw? PAIR C1=0,3,7,5,1,4,9,6,2,8 C2=0,4,8,5,2,7,1,9,3,6
JCpdbimubq? PAIR C1=0,3,7,5,1,4,9,6,2,8 C2=0,4,8,5,2,7,1,9,3,6
JCpdbimuay? PAIR C1=0,3,7,5,1,4,9,6,2,8 C2=0,4,8,5,2,7,1,9,3,6
JCpdbimu`y? PAIR C1=0,3,7,5,1,4,9,6,2,8 C2=0,4,8,5,2,7,1,9,3,6
JCpdbim]cy? PAIR C1=0,3,7,5,1,4,9,6,2,8 C2=0,4,8,5,2,7,1,9,3,6
JCpdbimVfo? PAIR C1=0,3,7,5,1,4,9,6,2,8 C2=0,4,8,5,2,7,1,9,3,6
JCpdbhmnAu? PAIR C1=0,4,9,3,7,5,1,8,2,6 C2=0,3,6,8,4,1,7,2,5,9
JCpdbhmffo? PAIR C1=0,4,9,3,7,5,1,8,2,6 C2=0,3,6,8,4,1,7,2,5,9
JCpdbhmfbq? PAIR C1=0,4,9,3,7,5,1,8,2,6 C2=0,3,6,8,4,1,7,2,5,9
JCpdbi]}BU? PAIR C1=0,3,9,4,10,6,2,7,1,5,8 C2=0,4,8,6,3,7,5,2,10,1,9
JCpdbi]}@]? PAIR C1=0,6,10,5,2,7,1,4,8,3,9 C2=0,3,7,5,1,9,4,10,2,6,8
JCpdbi]zBs? PAIR C1=0,3,6,10,4,1,7,2,5,8 C2=0,4,8,3,7,5,1,10,2,6
JCpdbi]^BU? PAIR C1=0,3,6,10,4,1,7,2,5,8 C2=0,4,8,3,7,5,1,10,2,6
JCpdbi]]fQ? PAIR C1=0,4,10,2,7,1,5,8,3,6 C2=0,3,7,5,2,6,8,4,1,10
JCpdbi]]dY? PAIR C1=0,3,9,4,10,5,1,7,2,6,8 C2=0,6,9,1,4,8,3,7,5,2,10
JCpdbh]zDq? PAIR C1=0,4,10,2,7,1,9,5,8,3,6 C2=0,9,4,1,8,6,2,5,7,3,10
JCpdbh]zDU? PAIR C1=0,3,6,8,5,9,1,7,2,10,4 C2=0,9,4,1,8,3,7,5,2,6,10
JCpdbh]mfW? PAIR C1=0,3,6,8,5,1,7,2,10,4 C2=0,6,2,5,7,3,8,4,1,10
JCpdbh]mfQ? PAIR C1=0,3,6,8,5,1,7,2,10,4 C2=0,6,2,5,7,3,8,4,1,10
JCpdbh]mdY? PAIR C1=0,4,10,2,7,5,1,8,3,6 C2=0,3,7,1,4,8,6,2,5,10
JCpdbg}rfo? PAIR C1=0,3,6,8,4,10,2,5,7,1,9 C2=0,4,9,6,2,7,3,8,5,1,10
JCpdbjhVdw? PAIR C1=0,6,3,9,4,1,7,5,2,10 C2=0,3,7,2,6,9,1,5,10,4
JCpdbjhNew? PAIR C1=0,6,3,9,2,7,5,1,4,10 C2=0,3,7,1,10,5,2,6,9,4
JCpdbjhNek? PAIR C1=0,6,3,9,2,7,5,10,1,4,8 C2=0,4,9,6,2,5,1,8,7,3,10
JCpdbjhNa{? PAIR C1=0,6,3,9,2,7,1,5,10,4,8 C2=0,3,10,1,8,7,5,2,6,9,4
JCpdbjXjbs? PAIR C1=0,6,3,8,4,10,2,7,1,5,9 C2=0,3,10,1,8,7,5,2,6,9,4
JCpdbjXZdw? PAIR C1=0,6,3,8,4,9,5,1,7,2,10 C2=0,3,7,8,1,9,6,2,5,10,4
JCpdbjXZ`{? PAIR C1=0,3,6,9,5,1,7,2,10,4,8 C2=0,4,9,1,8,7,3,10,5,2,6
JCpdbixZa{? PAIR C1=0,3,6,2,7,5,9,1,10,4,8 C2=0,4,1,7,8,3,10,5,2,9,6
JCpdbhxrdw? PAIR C1=0,3,6,9,4,8,1,5,7,2,10 C2=0,4,10,3,8,7,1,9,5,2,6
JCpdbhxr`{? PAIR C1=0,3,6,9,1,5,7,2,10,4 C2=0,6,2,5,10,3,7,1,4,9
JCpdbhxja{? PAIR C1=0,3,6,9,2,7,5,1,10,4 C2=0,6,2,5,10,3,7,1,4,9
JCpdbjL]dw? PAIR C1=0,3,6,9,2,7,5,1,4,10 C2=0,4,9,1,7,3,10,5,2,6
JCpdbjL]`{? PAIR C1=0,3,6,9,2,7,5,8,1,4 C2=0,6,2,5,1,7,3,9,4,8
JCpdbjLNfo? PAIR C1=0,3,6,9,2,7,5,8,1,4 C2=0,6,2,5,1,7,3,9,4,8
JCpdbil]ek? PAIR C1=0,4,8,5,2,7,1,9,3,6 C2=0,3,7,5,1,4,9,6,2,8
JCpdbil]a{? PAIR C1=0,4,8,5,2,7,1,9,3,6 C2=0,3,7,5,1,4,9,6,2,8
JCpdbilVfo? PAIR C1=0,4,8,5,2,7,1,9,3,6 C2=0,3,7,5,1,4,9,6,2,8
JCpdbhludw? PAIR C1=0,6,3,9,4,8,5,1,7,2,10 C2=0,3,7,5,10,4,1,8,2,6,9
JCpdbhlud[? PAIR C1=0,6,3,9,4,8,5,1,7,2,10 C2=0,3,7,5,10,4,1,8,2,6,9
JCpdbhlu`{? PAIR C1=0,4,8,1,5,2,7,3,9,6 C2=0,3,6,2,8,5,7,1,4,9
JCpdbhlmew? PAIR C1=0,4,8,1,5,2,7,3,9,6 C2=0,3,6,2,8,5,7,1,4,9
JCpdbhlma{? PAIR C1=0,4,8,1,5,2,7,3,9,6 C2=0,3,6,2,8,5,7,1,4,9
JCpdbhlffo? PAIR C1=0,4,8,1,5,2,7,3,9,6 C2=0,3,6,2,8,5,7,1,4,9
JCpdbhlfbs? PAIR C1=0,4,8,1,5,2,7,3,9,6 C2=0,3,6,2,8,5,7,1,4,9
JCpdbi\]fS? PAIR C1=0,4,10,2,5,8,7,1,9,3,6 C2=0,3,8,4,9,6,2,7,5,1,10
JCpdbi\Zfo? PAIR C1=0,4,10,2,5,8,3,7,1,9,6 C2=0,3,6,2,9,4,8,7,5,1,10
JCpdbi\Zbs? PAIR C1=0,4,10,2,5,8,3,7,1,9,6 C2=0,3,10,6,2,9,4,1,5,7,8
JCpdbh\ydw? PAIR C1=0,4,10,2,5,8,3,7,1,9,6 C2=0,9,4,8,1,5,7,2,6,3,10
JCpdbh\yd[? PAIR C1=0,4,10,2,5,8,7,1,9,6 C2=0,9,4,8,1,5,7,2,6,10
JCpdbh\y`{? PAIR C1=0,4,10,2,5,8,3,7,1,9,6 C2=0,3,10,6,2,7,5,1,8,4,9
JCpdbh\mfW? PAIR C1=0,4,10,2,5,8,7,3,9,6 C2=0,9,4,8,3,6,2,7,5,10
JCpdbg|yek? PAIR C1=0,4,9,6,2,8,5,1,7,3,10 C2=0,3,8,4,1,9,2,7,5,10,6
JCpdbg|ya{? PAIR C1=0,4,10,3,7,1,5,8,2,6,9 C2=0,3,8,4,1,9,2,7,5,10,6
JCpdbg|ufS? PAIR C1=0,4,9,6,3,7,8,2,5,1,10 C2=0,3,9,1,4,8,5,7,2,10,6
JCpdbg|rfo? PAIR C1=0,4,9,6,2,8,3,7,1,10 C2=0,6,3,10,2,7,8,4,1,9
JCpdbg|rbs? PAIR C1=0,3,10,1,7,8,2,6,9,4 C2=0,6,10,2,7,3,8,4,1,9
JCpdbjJ^@{? PAIR C1=1,7,3,10,4,8,6,2,9 C2=1,4,9,3,6,10,2,7,8
JCpdbij^A{? PAIR C1=0,4,1,9,2,8,7,3,10,6 C2=0,3,9,4,10,1,7,2,6,8
JCpdbijVfo? PAIR C1=0,3,7,1,9,6,2,8,4,10 C2=0,6,3,9,4,1,10,2,7,8
JCpdbhjv@{? PAIR C1=0,4,10,3,9,1,5,7,8,2,6 C2=0,3,7,1,4,8,6,10,2,5,9
JCpdbhjnA{? PAIR C1=0,6,10,4,8,1,5,7,3,9 C2=0,3,6,8,7,1,10,5,9,4
JCpdbiZ^B[? PAIR C1=0,3,6,2,5,7,1,10,4,8 C2=0,4,1,5,10,2,7,3,8,6
JCpdbhZzDw? PAIR C1=0,3,6,2,5,7,1,8,4,10 C2=0,4,1,5,10,2,7,3,8,6
JCpdbhZz@{? PAIR C1=0,3,8,6,2,5,7,1,4,9 C2=0,4,8,1,5,9,2,7,3,6
JCpdbgzzEk? PAIR C1=0,6,8,2,5,10,3,7,1,4,9 C2=0,3,6,10,1,5,9,2,7,8,4
JCpdbgzzA{? PAIR C1=0,6,8,2,5,10,3,7,1,4,9 C2=0,3,6,10,1,5,9,2,7,8,4
JCpdbgzvFS? PAIR C1=0,6,10,4,1,7,5,2,8,3,9 C2=0,3,6,8,7,2,10,1,5,9,4
JCpdbgzvD[? PAIR C1=0,6,10,4,8,2,5,7,3,9 C2=0,3,6,8,7,2,10,5,9,4
JCpdbiN^Bs? PAIR C1=0,3,9,4,10,6,2,5,1,7,8 C2=0,4,1,10,3,7,2,9,5,8,6
JCpdbhN}Dw? PAIR C1=0,6,2,5,1,8,7,3,10,4,9 C2=0,4,1,7,2,9,3,6,8,5,10
JCpdbhN}@{? PAIR C1=0,3,7,8,1,5,2,6,10,4,9 C2=0,4,1,7,2,9,3,10,5,8,6
JCpdbhNnBs? PAIR C1=0,3,9,4,8,1,7,5,2,6 C2=0,4,1,5,8,6,3,7,2,9
JCpdbgn}Ek? PAIR C1=0,3,6,2,7,1,5,8,4,9 C2=0,4,1,9,3,7,5,2,8,6
JCpdbgn}A{? PAIR C1=0,3,6,2,7,1,5,8,4,9 C2=0,4,1,9,3,7,5,2,8,6
JCpdbgnvBs? PAIR C1=0,3,6,2,7,1,5,8,4,9 C2=0,4,1,9,3,7,5,2,8,6
JCpdbg^}FS? PAIR C1=0,3,6,2,7,1,5,8,4,9 C2=0,4,1,9,2,5,7,3,8,6
JCpdeX{]di? PAIR C1=0,3,8,1,5,2,6,9,4,7 C2=0,4,1,7,5,8,2,9,3,6
JCpdeX{]`m? PAIR C1=0,3,8,1,5,2,6,9,4,7 C2=0,4,1,7,5,8,2,9,3,6
JCpdeX{Nfa? PAIR C1=0,3,8,1,5,2,6,9,4,7 C2=0,4,1,7,5,8,2,9,3,6
JCpdeZq^@y? PAIR C1=0,6,2,8,3,9,5,1,4,7 C2=0,3,6,8,1,7,5,2,9,4
JCpdeZqNbw? PAIR C1=0,6,2,8,3,9,5,1,4,7 C2=0,3,6,8,1,7,5,2,9,4
JCpdeZqN`y? PAIR C1=0,6,2,8,3,9,5,1,4,7 C2=0,3,6,8,1,7,5,2,9,4
JCpdeYy\bw? PAIR C1=0,6,2,5,9,3,8,4,1,7 C2=0,3,6,8,2,9,1,5,7,4
JCpdeYy\bq? PAIR C1=0,6,2,5,9,3,8,4,1,7 C2=0,3,6,8,2,9,1,5,7,4
JCpdeYy\`y? PAIR C1=0,6,2,5,9,3,8,4,1,7 C2=0,3,6,8,2,9,1,5,7,4
JCpdeYy\Rw? PAIR C1=0,6,2,5,9,3,8,4,1,7 C2=0,3,6,8,2,9,1,5,7,4
JCpdeYu]bw? PAIR C1=0,6,2,5,8,3,9,4,1,7 C2=0,3,6,8,2,9,1,5,7,4
JCpdeYu]bq? PAIR C1=0,6,2,5,8,3,9,4,1,7 C2=0,3,6,8,2,9,1,5,7,4
JCpdeYu]`y? PAIR C1=0,6,2,5,8,3,9,4,1,7 C2=0,3,6,8,2,9,1,5,7,4
JCpdeXu^Dq? PAIR C1=0,6,2,5,8,3,9,4,1,7 C2=0,3,6,8,2,9,1,5,7,4
JCpdeXu^@u? PAIR C1=0,6,2,5,8,3,9,4,1,7 C2=0,3,6,8,2,9,1,5,7,4
JCpdeYr^Bw? PAIR C1=0,7,1,4,9,5,10,3,6,2,8 C2=0,3,9,2,5,1,10,4,7,8,6
JCpdeWz^Fg? PAIR C1=0,6,2,8,3,10,5,9,4,1,7 C2=0,4,7,8,6,3,9,2,5,1,10
JCpddZwVam? PAIR C1=0,4,9,5,7,10,3,8,2,6 C2=0,3,9,6,10,5,2,7,4,8
JCpddZ[]be? PAIR C1=0,6,2,7,10,3,9,4,1,5,8 C2=0,3,8,1,10,6,9,2,5,7,4
JCpddZ[]am? PAIR C1=0,6,2,7,10,3,9,4,1,5,8 C2=0,3,8,1,10,6,9,2,5,7,4
JCpddX{\ee? PAIR C1=0,6,2,8,4,1,5,9,3,10,7 C2=0,3,8,1,10,6,9,2,5,7,4
JCpddX{\au? PAIR C1=0,6,2,8,4,1,5,9,3,10,7 C2=0,3,8,1,10,6,9,2,5,7,4
JCpddZY^Am? PAIR C1=0,7,2,6,10,3,9,5,1,4,8 C2=0,4,9,2,5,7,10,1,8,3,6
JCpddZY\bw? PAIR C1=0,6,2,7,5,9,3,10,1,4,8 C2=0,3,6,8,1,9,2,5,10,4,7
JCpddZY\bq? PAIR C1=0,3,9,5,1,10,4,7,2,6,8 C2=0,4,8,1,9,2,5,7,10,3,6
JCpddXy\ew? PAIR C1=0,4,7,2,6,8,3,9,5,1,10 C2=0,6,3,10,4,8,1,9,2,5,7
JCpddXy\ei? PAIR C1=0,7,2,6,8,3,9,5,1,10 C2=0,3,10,7,5,2,8,1,9,6
JCpddXy\ay? PAIR C1=0,4,10,1,5,9,3,8,6,2,7 C2=0,3,10,5,7,4,1,8,2,9,6
JCpddZU]bw? PAIR C1=0,4,10,1,9,3,8,5,7,2,6 C2=0,3,10,5,2,9,6,8,1,4,7
JCpddXuVfo? PAIR C1=0,6,3,9,4,1,5,8,2,7 C2=0,3,8,1,9,6,2,5,7,4
JCpdbZwt`{? PAIR C1=0,6,3,9,1,4,10,5,7,2,8 C2=0,4,7,1,8,3,10,6,2,5,9
JCpdbZwt_}? PAIR C1=0,6,3,9,1,4,10,5,7,2,8 C2=0,4,7,1,8,3,10,6,2,5,9
JCpdbZw\_}? PAIR C1=0,6,3,9,1,4,10,5,7,2,8 C2=0,3,8,1,5,2,9,6,10,7,4
JCpdbZwfbk? PAIR C1=0,6,3,9,4,1,10,5,7,2,8 C2=0,4,7,1,8,3,10,6,2,5,9
JCpdbZwfbe? PAIR C1=0,3,6,9,4,1,5,7,2,8 C2=0,4,7,1,8,3,9,5,2,6
JCpdbZwfam? PAIR C1=0,3,6,9,4,1,5,7,2,8 C2=0,4,7,1,8,3,9,5,2,6
JCpdbZwVcm? PAIR C1=0,3,6,9,4,1,5,7,2,8 C2=0,4,7,1,8,3,9,5,2,6
JCpdbZsVdU? PAIR C1=0,3,6,9,4,1,5,7,2,8 C2=0,4,7,1,8,3,9,5,2,6
JCpdbZ[mbk? PAIR C1=0,4,8,1,10,5,2,9,3,6 C2=0,3,10,2,6,9,4,1,5,8
JCpdbZ[mbe? PAIR C1=0,4,9,2,5,7,1,8,3,6 C2=0,3,9,6,2,7,4,1,5,8
JCpdbZ[mam? PAIR C1=0,4,9,2,5,7,1,8,3,6 C2=0,3,9,6,2,7,4,1,5,8
JCpdbZ[]di? PAIR C1=0,4,9,2,5,7,1,8,3,6 C2=0,3,9,6,2,7,4,1,5,8
JCpdbZ[]cm? PAIR C1=0,4,9,2,5,7,1,8,3,6 C2=0,3,9,6,2,7,4,1,5,8
JCpdbZ[\dq? PAIR C1=0,3,8,4,1,7,5,2,9,6 C2=0,4,7,2,6,3,9,1,5,8
JCpdbZ[\dU? PAIR C1=0,3,8,4,1,7,5,2,9,6 C2=0,4,7,2,6,3,9,1,5,8
JCpdbY{ubk? PAIR C1=0,4,1,7,5,2,8,3,9,6 C2=0,3,6,2,7,4,9,1,5,8
JCpdbY{ube? PAIR C1=0,4,1,7,5,2,8,3,9,6 C2=0,3,6,2,7,4,9,1,5,8
JCpdbY{uam? PAIR C1=0,4,1,7,5,2,8,3,9,6 C2=0,3,6,2,7,4,9,1,5,8
JCpdbY{u`m? PAIR C1=0,4,1,7,5,2,8,3,9,6 C2=0,3,6,2,7,4,9,1,5,8
JCpdbX{tdq? PAIR C1=0,4,1,7,5,2,8,3,9,6 C2=0,3,6,2,7,4,8,5,1,9
JCpdbX{tdU? PAIR C1=0,4,1,7,5,2,8,3,9,6 C2=0,3,6,2,7,4,8,5,1,9
JCpdbZqnA{? PAIR C1=0,6,3,8,2,5,7,1,4,9 C2=0,3,9,5,1,8,6,2,7,4
JCpdbZqn?}? PAIR C1=0,6,3,8,2,5,7,1,4,9 C2=0,3,9,5,1,8,6,2,7,4
JCpdbZq^Cy? PAIR C1=0,4,9,2,5,7,1,8,3,6 C2=0,3,9,5,1,4,7,2,6,8
JCpdbZq^?}? PAIR C1=0,4,9,2,5,7,1,8,3,6 C2=0,3,9,5,1,4,7,2,6,8
JCpdbZqfbw? PAIR C1=0,6,9,4,1,7,2,5,10,3,8 C2=0,4,7,5,1,10,2,8,6,3,9
JCpdbZqfbq? PAIR C1=0,6,3,8,2,5,7,1,4,9 C2=0,3,9,5,1,8,6,2,7,4
JCpdbZY^Di? PAIR C1=0,8,4,1,7,5,2,9,3,10 C2=0,3,8,1,9,5,10,2,7,4
JCpdbZY^@m? PAIR C1=0,4,1,7,5,2,9,3,6,8 C2=0,3,8,1,5,9,4,7,2,6
JCpdbZYlbw? PAIR C1=0,6,3,8,4,1,7,5,2,9 C2=0,3,9,5,1,8,6,2,7,4
JCpdbZYlbq? PAIR C1=0,6,3,8,4,1,7,5,2,9 C2=0,3,9,5,1,8,6,2,7,4
JCpdbZYNfg? PAIR C1=0,6,3,9,2,5,7,1,4,8 C2=0,3,8,1,5,9,6,2,7,4
JCpdbYy|A{? PAIR C1=0,6,8,3,10,4,1,7,5,2,9 C2=0,3,9,1,5,10,6,2,7,4,8
JCpdbYy|Au? PAIR C1=0,6,8,3,10,4,1,7,2,9 C2=0,4,7,10,1,9,3,6,2,8
JCpdbYy^Ei? PAIR C1=0,3,10,1,7,2,9,4,8,6 C2=0,8,2,6,3,9,1,4,7,10
JCpdbZUnBs? PAIR C1=0,4,9,2,5,7,1,10,3,8,6 C2=0,3,6,10,2,7,4,1,8,5,9
JCpdbZUmbw? PAIR C1=0,4,10,1,7,5,2,9,3,8,6 C2=0,3,10,5,8,1,4,7,2,6,9
JCpdbZUmbq? PAIR C1=0,4,10,1,7,5,2,9,3,8,6 C2=0,3,10,7,2,6,9,4,1,5,8
JCpdbZpVdw? PAIR C1=0,4,9,5,10,2,7,1,8,3,6 C2=0,3,10,4,7,5,1,9,6,2,8
JCpdbZpVd[? PAIR C1=0,4,1,8,3,9,5,10,2,6 C2=0,3,6,10,4,9,1,5,2,8
JCpdbZpNa{? PAIR C1=0,4,1,8,3,10,5,9,2,6 C2=0,3,6,9,4,10,1,5,2,8
JCpdbZX\dw? PAIR C1=0,4,1,8,3,10,5,9,2,6 C2=0,3,6,9,1,5,2,10,4,8
JCpdbZX\d[? PAIR C1=0,3,8,1,5,9,6,2,7,4 C2=0,6,3,9,2,5,7,1,4,8
JCpdbZX\`{? PAIR C1=0,3,8,1,5,9,6,2,7,4 C2=0,6,3,9,2,5,7,1,4,8
JCpdbZXNfg? PAIR C1=0,3,8,1,5,9,6,2,7,4 C2=0,6,3,9,2,5,7,1,4,8
JCpdbYx\a{? PAIR C1=0,4,7,2,6,9,1,5,10,3,8 C2=0,3,9,2,5,7,8,4,1,10,6
JCpdbYxVfg? PAIR C1=0,4,7,2,6,9,1,5,10,3,8 C2=0,6,3,9,4,8,2,5,7,1,10
JCpdbZT]dw? PAIR C1=0,4,7,2,6,9,1,5,10,3,8 C2=0,6,3,9,2,5,8,7,1,4,10
JCpdbZT]d[? PAIR C1=0,3,8,7,4,10,5,1,9,6 C2=0,8,5,7,1,4,9,3,6,10
JCpdbZT]`{? PAIR C1=0,3,8,7,4,10,5,2,9,6 C2=0,4,9,3,10,6,2,7,5,8
JCpdbZTNfo? PAIR C1=0,6,9,2,5,1,7,4,10,3,8 C2=0,4,1,8,7,5,9,3,6,2,10
JCpdbZTNfS? PAIR C1=0,3,8,5,1,4,7,2,9,6 C2=0,4,9,3,6,2,5,7,1,8
JCpdbYtVfo? PAIR C1=0,3,9,6,2,7,4,1,5,8 C2=0,4,9,1,7,5,2,8,3,6
JCpdbYtVfS? PAIR C1=0,3,9,6,2,7,4,1,5,8 C2=0,4,9,1,7,5,2,8,3,6
JCpdbYtVbs? PAIR C1=0,3,9,6,2,7,4,1,5,8 C2=0,4,9,1,7,5,2,8,3,6
JCpdbY\]fg? PAIR C1=0,3,9,6,2,5,1,7,4,8 C2=0,4,1,9,2,7,5,8,3,6
JCpdbY\\fo? PAIR C1=0,3,9,6,2,5,1,7,4,8 C2=0,4,1,9,2,7,5,8,3,6
JCpdbY\\fS? PAIR C1=0,3,9,6,2,5,1,7,4,8 C2=0,4,1,9,2,7,5,8,3,6
JCpdbY\\bs? PAIR C1=0,3,9,6,2,5,1,7,4,8 C2=0,4,1,9,2,7,5,8,3,6
JCpdbZR^Dw? PAIR C1=0,6,2,7,4,1,5,9,3,8 C2=0,3,6,8,1,7,5,2,9,4
JCpdbZR^D[? PAIR C1=0,6,2,7,4,1,5,9,3,8 C2=0,3,6,8,1,7,5,2,9,4
JCpdbZR^@{? PAIR C1=0,6,2,7,4,1,5,9,3,8 C2=0,3,6,8,1,7,5,2,9,4
JCpdbYr^Ew? PAIR C1=0,6,2,9,1,5,7,4,10,3,8 C2=0,3,6,8,7,2,5,9,4,1,10
JCpdbYr^A{? PAIR C1=0,6,2,9,1,5,7,4,10,3,8 C2=0,3,9,5,2,7,8,6,10,1,4
JCpdbYrVdw? PAIR C1=0,3,8,6,2,5,7,1,9,4 C2=0,6,3,9,5,1,4,7,2,8
JCpdczs]bU? PAIR C1=0,3,7,5,8,2,6,9,1,4 C2=0,6,3,8,1,5,2,9,4,7
JCpdczk]be? PAIR C1=0,3,10,2,8,5,7,4,1,9,6 C2=0,4,9,3,7,10,6,2,5,1,8
JCpdcxy\fW? PAIR C1=0,6,9,5,1,4,10,2,8,3,7 C2=0,4,7,5,2,9,3,6,8,1,10
JCpdcxy\fQ? PAIR C1=0,6,9,5,1,4,10,2,8,3,7 C2=0,4,7,5,2,9,3,6,8,1,10
JCpdcxy\fI? PAIR C1=0,6,9,5,1,10,2,8,3,7 C2=0,3,6,8,1,9,2,5,7,10
JCpdcze]bw? PAIR C1=0,3,7,4,9,6,2,10,1,5,8 C2=0,6,8,1,4,10,3,9,2,5,7
JCpdczd]bs? PAIR C1=0,7,4,9,3,6,2,10,1,5,8 C2=0,3,10,4,1,8,7,5,2,9,6
JCpdcxj^Fg? PAIR C1=0,6,8,2,10,1,4,9,3,7 C2=0,4,7,8,1,9,2,6,3,10
JCpdcxf^Fo? PAIR C1=0,6,8,2,10,1,4,9,3,7 C2=0,4,7,8,1,9,2,6,3,10
JCpdcxf^Bs? PAIR C1=0,3,10,2,6,8,5,1,4,7 C2=0,4,10,1,8,2,5,7,3,6
JCpdfD]n@y? PAIR C1=0,4,9,3,8,6,2,10,5,1,7 C2=0,3,6,7,10,4,1,8,5,2,9
JCpdfC}^Cy? PAIR C1=0,6,2,8,4,9,3,10,5,1,7 C2=0,4,1,9,2,5,8,3,6,7,10
JCpdfC}^Ay? PAIR C1=0,6,2,8,3,9,4,10,5,1,7 C2=0,3,10,7,6,8,5,2,9,1,4
JCpdeVs^@{? PAIR C1=0,6,2,8,3,9,4,10,5,1,7 C2=0,3,10,6,7,4,1,9,2,5,8
JCpdeVs^@y? PAIR C1=0,6,3,8,2,9,4,10,5,1,7 C2=0,4,1,9,3,10,7,6,2,5,8
JCpdeU{^Bi? PAIR C1=0,6,2,9,4,1,5,8,3,10,7 C2=0,4,7,6,3,9,1,10,5,2,8
JCpdeU{\Rs? PAIR C1=0,4,7,1,5,8,2,9,3,6 C2=0,3,8,4,1,9,5,2,6,7
JCpdeT{^Dk? PAIR C1=0,4,7,1,5,8,2,9,3,6 C2=0,3,8,4,1,9,5,2,6,7
JCpdeT{^Di? PAIR C1=0,4,7,1,5,8,2,9,3,6 C2=0,3,8,4,1,9,5,2,6,7
JCpdeT{^@m? PAIR C1=0,4,7,1,5,8,2,9,3,6 C2=0,3,8,4,1,9,5,2,6,7
JCpdeUt^Bs? PAIR C1=0,6,2,9,4,10,3,8,5,1,7 C2=0,3,9,5,2,8,7,6,10,1,4
JCpddV[^Bi? PAIR C1=0,6,2,9,3,8,5,1,4,7 C2=0,3,6,7,2,5,9,1,8,4
JCpddV[^Am? PAIR C1=0,6,2,9,3,8,5,1,4,7 C2=0,3,6,7,2,5,9,1,8,4
JCpddV[\P{? PAIR C1=0,6,2,9,3,8,5,1,4,7 C2=0,3,6,7,2,5,9,1,8,4
JCpbfbkN_}? PAIR C1=1,4,9,5,8,2,6,3,10,7 C2=1,6,9,3,7,2,5,10,4,8
JCpbfa{f`]? PAIR C1=1,4,9,5,8,3,6,2,10,7 C2=1,5,10,4,8,2,7,3,9,6
JCpbf`{jc]? PAIR C1=0,3,6,2,8,5,9,4,1,7 C2=0,4,8,3,7,2,5,1,6,9
JCpbf`{j_}? PAIR C1=0,3,6,2,8,5,9,4,1,7 C2=0,4,8,3,7,2,5,1,6,9
JCpbfamNew? PAIR C1=0,3,6,8,2,5,10,4,1,7 C2=0,4,8,5,1,6,2,7,3,10
JCpbfamNcy? PAIR C1=0,3,6,8,2,5,10,4,1,7 C2=0,4,8,5,1,6,2,7,3,10
JCpbfamNay? PAIR C1=0,3,6,8,4,1,5,9,2,7 C2=0,4,9,3,7,1,6,2,5,8
JCpbf`mfdw? PAIR C1=0,3,6,8,2,5,9,4,1,7 C2=0,4,8,5,1,6,2,7,3,9
JCpbf`mf`y? PAIR C1=0,3,6,8,2,5,9,4,1,7 C2=0,4,8,5,1,6,2,7,3,9
JCpbf`mfP{? PAIR C1=0,3,6,8,2,5,9,4,1,7 C2=0,4,8,5,1,6,2,7,3,9
JCpbf`]jdw? PAIR C1=0,3,8,6,2,5,9,4,1,7 C2=0,4,8,5,1,6,3,7,2,9
JCpbf`]j`y? PAIR C1=0,3,8,6,2,5,9,4,1,7 C2=0,4,8,5,1,6,3,7,2,9
JCpbf_}nC]? PAIR C1=0,3,8,6,2,5,9,4,1,7 C2=0,4,8,5,1,6,3,7,2,9
JCpbf_nnA{? PAIR C1=0,3,6,8,2,5,9,4,1,7 C2=0,4,8,5,1,6,2,7,3,9
JCpbfP{dt[? PAIR C1=0,3,9,5,8,2,6,10,4,1,7 C2=0,4,8,3,6,1,5,10,2,7,9
JCpbfRUNdw? PAIR C1=0,3,9,2,6,8,5,1,7,4 C2=0,7,2,5,9,4,1,6,3,8
JCpbfRUN`y? PAIR C1=0,3,9,2,6,8,5,1,7,4 C2=0,7,2,5,9,4,1,6,3,8
JCpbfQuNew? PAIR C1=0,3,9,2,6,8,5,1,7,4 C2=0,7,2,5,9,4,1,6,3,8
JCpbfQuNei? PAIR C1=0,3,9,2,6,8,5,1,7,4 C2=0,7,2,5,9,4,1,6,3,8
JCpbfQuNcy? PAIR C1=0,3,9,2,6,8,5,1,7,4 C2=0,7,2,5,9,4,1,6,3,8
JCpbfQuNay? PAIR C1=0,3,9,2,6,8,5,1,7,4 C2=0,7,2,5,9,4,1,6,3,8
JCpbfPunCm? PAIR C1=0,4,7,1,5,2,6,8,3,9 C2=0,3,6,1,4,9,5,8,2,7
JCpbfPun?}? PAIR C1=0,4,7,1,5,2,6,8,3,9 C2=0,3,6,1,4,9,5,8,2,7
JCpbfPufdw? PAIR C1=0,4,7,1,5,2,6,8,3,9 C2=0,3,6,1,4,9,5,8,2,7
JCpbfPufdi? PAIR C1=0,4,7,1,5,2,6,8,3,9 C2=0,3,6,1,4,9,5,8,2,7
JCpbfPuf`y? PAIR C1=0,4,7,1,5,2,6,8,3,9 C2=0,3,6,1,4,9,5,8,2,7
JCpbfQ]nAm? PAIR C1=0,4,7,1,5,10,3,8,6,2,9 C2=0,3,9,4,1,6,10,7,2,5,8
JCpbfQ]lbw? PAIR C1=0,3,10,4,7,1,5,2,6,9 C2=0,4,1,6,3,9,5,10,2,7
JCpbfQ]lbi? PAIR C1=0,3,10,2,7,1,5,8,6,9 C2=0,7,10,1,6,2,5,9,3,8
JCpbfQ]l`y? PAIR C1=0,3,6,8,5,1,7,4,10,2,9 C2=0,4,1,6,9,5,2,7,10,3,8
JCpbfP]nCm? PAIR C1=0,3,6,2,9,4,7,1,5,10 C2=0,4,1,6,10,3,9,5,2,7
JCpbfP]ldw? PAIR C1=0,7,4,1,6,8,3,9,2,5,10 C2=0,3,6,9,5,8,1,7,2,10,4
JCpbfP]ldi? PAIR C1=0,7,2,9,3,8,6,1,5,10 C2=0,3,10,7,1,8,5,2,6,9
JCpbfP]l`y? PAIR C1=0,7,4,1,6,8,3,10,5,2,9 C2=0,3,6,9,5,8,1,7,2,10,4
JCpbfPtfd[? PAIR C1=0,9,3,8,5,2,6,1,4,10 C2=0,3,6,10,2,8,1,5,9,4
JCpbfPVn@{? PAIR C1=0,3,8,5,2,7,1,6,10,4,9 C2=0,4,1,5,9,3,10,2,6,8,7
JCpbfOvnEk? PAIR C1=0,9,3,8,5,2,7,1,6,10 C2=0,3,10,1,5,9,2,6,8,7
JCpbfOvnA{? PAIR C1=0,3,8,5,2,6,1,7,4,9 C2=0,4,1,5,9,3,6,8,2,7
JCpbfO^|D[? PAIR C1=0,4,7,1,6,2,5,8,3,9 C2=0,3,6,8,4,1,5,9,2,7
JCpbereNdw? PAIR C1=0,3,7,1,6,8,5,2,9,4 C2=0,7,4,1,5,9,3,6,2,8
JCpbereN`y? PAIR C1=0,3,7,1,6,8,5,2,9,4 C2=0,7,4,1,5,9,3,6,2,8
JCpbequn@]? PAIR C1=0,3,7,1,6,8,5,2,9,4 C2=0,7,4,1,5,9,3,6,2,8
JCpbequjbw? PAIR C1=0,4,1,7,3,6,8,5,2,9 C2=0,3,8,2,6,1,5,9,4,7
JCpbequj`y? PAIR C1=0,4,1,7,3,6,8,5,2,9 C2=0,3,8,2,6,1,5,9,4,7
JCpbepun@]? PAIR C1=0,4,1,7,3,6,8,5,2,9 C2=0,3,8,2,6,1,5,9,4,7
JCpbepujdw? PAIR C1=0,4,1,7,3,6,8,5,2,9 C2=0,3,8,2,6,1,5,9,4,7
JCpbepujdi? PAIR C1=0,4,1,7,3,6,8,5,2,9 C2=0,3,8,2,6,1,5,9,4,7
JCpbepuj`y? PAIR C1=0,4,1,7,3,6,8,5,2,9 C2=0,3,8,2,6,1,5,9,4,7
JCpbepmn@m? PAIR C1=0,4,1,7,3,6,10,5,2,9 C2=0,3,10,2,6,1,5,9,4,7
JCpbepmldw? PAIR C1=0,4,1,7,3,6,8,5,2,9 C2=0,3,9,5,1,6,2,8,4,7
JCpbepmldY? PAIR C1=0,4,1,7,3,6,8,5,2,9 C2=0,3,9,5,1,6,2,8,4,7
JCpbepml`y? PAIR C1=0,4,1,7,3,6,8,5,2,9 C2=0,3,9,5,1,6,2,8,4,7
JCpbepmlP{? PAIR C1=0,4,1,7,3,6,8,5,2,9 C2=0,3,9,5,1,6,2,8,4,7
JCpbeo}lfW? PAIR C1=0,4,1,7,3,6,8,5,2,9 C2=0,3,9,5,1,6,2,8,4,7
JCpbeo}lfI? PAIR C1=0,4,1,7,3,6,8,5,2,9 C2=0,3,9,5,1,6,2,8,4,7
JCpbeo}ldY? PAIR C1=0,4,1,7,3,6,8,5,2,9 C2=0,3,9,5,1,6,2,8,4,7
JCpbeqfn@{? PAIR C1=0,4,1,7,3,6,10,5,2,9 C2=0,3,9,5,1,6,2,10,4,7
JCpbepfn@{? PAIR C1=0,4,1,7,3,6,10,5,2,9 C2=0,3,9,5,1,6,2,10,4,7
JCpbeovnD[? PAIR C1=0,4,1,7,3,6,10,5,2,9 C2=0,3,9,5,1,6,2,10,4,7
JCpbdrsVd[? PAIR C1=0,3,8,1,5,10,6,9,4 C2=0,8,5,9,3,6,1,4,10
JCpbdrkt`{? PAIR C1=0,3,7,4,10,6,2,5,1,8 C2=0,4,1,6,3,10,5,8,2,7
JCpbdrkfbi? PAIR C1=0,3,7,4,9,6,2,5,1,8 C2=0,4,1,6,3,9,5,8,2,7
JCpbdr[x`{? PAIR C1=0,3,6,2,7,4,10,5,1,8 C2=0,4,1,6,10,2,5,8,3,7
JCpbdr[la]? PAIR C1=0,3,8,4,1,5,9,6,2,7 C2=0,4,7,3,6,1,8,5,2,9
JCpbdr[l`]? PAIR C1=0,3,8,4,1,5,9,6,2,7 C2=0,4,7,3,6,1,8,5,2,9
JCpbdr[jam? PAIR C1=0,3,8,4,1,5,9,6,2,7 C2=0,4,7,3,6,1,8,5,2,9
JCpbdr[Zcm? PAIR C1=0,3,8,4,1,5,9,6,2,7 C2=0,4,7,3,6,1,9,2,5,8
JCpbdr[Z`m? PAIR C1=0,3,8,4,1,5,9,6,2,7 C2=0,4,7,3,6,1,9,2,5,8
JCpbdr[NeM? PAIR C1=0,8,3,7,4,9,6,1,5,10 C2=0,4,1,8,5,9,3,6,10,7
JCpbdq{ta]? PAIR C1=0,3,8,2,6,1,5,10,4,7 C2=0,4,1,10,6,3,7,2,5,8
JCpbdq{t`]? PAIR C1=0,3,8,2,6,9,5,1,4,7 C2=0,4,8,5,2,7,3,6,1,9
JCpbdq{VdM? PAIR C1=0,3,8,2,6,9,5,1,4,7 C2=0,4,9,1,6,3,7,2,5,8
JCpbdre^?}? PAIR C1=0,3,6,1,5,10,4,7,2,8 C2=0,4,1,8,5,2,6,10,3,7
JCpbdreVdw? PAIR C1=0,3,7,4,1,5,9,6,2,8 C2=0,4,9,3,6,1,8,5,2,7
JCpbdreV`y? PAIR C1=0,3,7,4,1,5,9,6,2,8 C2=0,4,9,3,6,1,8,5,2,7
JCpbdrUjbw? PAIR C1=0,4,10,5,1,6,2,7,3,8 C2=0,3,6,8,5,2,10,1,4,7
JCpbdrUZdw? PAIR C1=0,3,7,2,6,8,1,5,10,4 C2=0,7,4,1,6,3,10,2,5,8
JCpbdrUZdY? PAIR C1=0,3,7,2,6,8,1,5,10,4 C2=0,7,4,1,6,3,8,5,2,10
JCpbdrUZ`y? PAIR C1=0,3,7,2,6,8,1,5,10,4 C2=0,7,4,1,6,3,10,2,5,8
JCpbdrUNfI? PAIR C1=0,3,8,1,5,9,6,2,7,4 C2=0,7,3,6,1,4,9,2,5,8
JCpbdqurbw? PAIR C1=0,3,7,2,8,6,1,5,10,4 C2=0,7,4,1,10,3,6,2,5,8
JCpbdqur`y? PAIR C1=0,4,1,5,9,6,3,8,2,7 C2=0,3,7,4,9,1,6,2,5,8
JCpbdquZew? PAIR C1=0,4,1,5,9,6,3,8,2,7 C2=0,3,7,4,9,1,6,2,5,8
JCpbdquZei? PAIR C1=0,4,1,5,9,6,3,8,2,7 C2=0,3,7,4,9,1,6,2,5,8
JCpbdquZay? PAIR C1=0,4,1,5,9,6,3,8,2,7 C2=0,3,7,4,9,1,6,2,5,8
JCpbdquVfI? PAIR C1=0,4,1,5,9,6,3,8,2,7 C2=0,3,7,4,9,1,6,2,5,8
JCpbdquVdY? PAIR C1=0,4,1,5,9,6,3,8,2,7 C2=0,3,7,4,9,1,6,2,5,8
JCpbdpuzC{? PAIR C1=0,3,8,2,6,1,5,10,4,7 C2=0,4,1,8,5,2,7,3,6,10
JCpbdpuz?}? PAIR C1=0,4,1,5,9,2,6,8,3,7 C2=0,3,6,1,8,5,2,7,4,9
JCpbdpuvC]? PAIR C1=0,3,9,5,1,6,8,2,7,4 C2=0,7,3,6,2,5,8,1,4,9
JCpbdrM|@{? PAIR C1=0,4,10,5,1,9,3,6,2,7 C2=0,3,7,4,1,6,10,2,5,9
JCpbdrMnAm? PAIR C1=0,3,9,5,1,8,6,2,7,4 C2=0,7,3,6,1,4,8,5,2,9
JCpbdrMn@m? PAIR C1=0,3,9,5,1,8,6,2,7,4 C2=0,7,3,6,1,4,8,5,2,9
JCpbdrM\dw? PAIR C1=0,3,9,5,1,4,7,2,6,8 C2=0,4,8,5,2,9,1,6,3,7
JCpbdrM\`y? PAIR C1=0,3,9,5,1,4,7,2,6,8 C2=0,4,8,5,2,9,1,6,3,7
JCpbdqm\ew? PAIR C1=0,3,9,5,1,4,7,2,6,8 C2=0,4,8,5,2,9,1,6,3,7
JCpbdqm\ei? PAIR C1=0,3,9,5,1,4,7,2,6,8 C2=0,4,8,5,2,9,1,6,3,7
JCpbdqm\ay? PAIR C1=0,3,9,5,1,4,7,2,6,8 C2=0,4,8,5,2,9,1,6,3,7
JCpbdpm|C{? PAIR C1=0,3,9,5,1,8,6,2,7,4 C2=0,7,3,6,1,4,8,5,2,9
JCpbdpm|?}? PAIR C1=0,3,9,5,1,8,6,2,7,4 C2=0,7,3,6,1,4,8,5,2,9
JCpbdpmfbi? PAIR C1=0,4,1,8,6,2,5,9,3,7 C2=0,3,6,1,5,8,2,7,4,9
JCpbdq]xbw? PAIR C1=0,4,1,9,5,2,6,8,3,7 C2=0,3,6,1,5,8,4,7,2,9
JCpbdp]zDk? PAIR C1=0,4,1,9,5,2,6,8,3,7 C2=0,3,6,1,5,8,4,7,2,9
JCpbdo}xei? PAIR C1=0,4,1,9,5,2,6,8,3,7 C2=0,3,6,1,5,8,4,7,2,9
JCpbdo}xay? PAIR C1=0,4,1,9,5,2,6,8,3,7 C2=0,3,6,1,5,8,4,7,2,9
JCpbdrdfbw? PAIR C1=0,3,9,6,1,4,10,5,2,7 C2=0,4,7,3,6,2,10,1,5,9
JCpbdrTja{? PAIR C1=0,3,8,1,4,10,5,9,6,2,7 C2=0,4,9,2,5,1,6,10,3,7,8
JCpbdrTj`{? PAIR C1=0,3,8,1,4,10,5,9,6,2,7 C2=0,4,9,2,5,1,6,10,3,7,8
JCpbdqtr`{? PAIR C1=0,3,7,2,6,1,9,5,10,4 C2=0,7,4,1,5,2,10,3,6,9
JCpbdqtZc{? PAIR C1=0,3,7,2,6,1,9,5,10,4 C2=0,7,4,1,5,2,9,6,3,10
JCpbdqtZa{? PAIR C1=0,3,8,7,2,6,1,9,5,10,4 C2=0,7,3,10,6,9,4,1,5,2,8
JCpbdqtVd[? PAIR C1=0,3,8,7,2,6,1,9,5,10,4 C2=0,8,2,5,1,4,7,3,9,6,10
JCpbdrLlbw? PAIR C1=1,4,10,5,9,3,6,2,7,8 C2=1,5,8,4,7,3,10,2,9,6
JCpbdrLl`{? PAIR C1=1,4,10,5,9,3,6,2,7,8 C2=1,5,8,4,7,3,10,2,9,6
JCpbdrLNfg? PAIR C1=0,3,9,5,10,1,6,2,7,8,4 C2=0,7,3,6,9,4,1,8,5,2,10
JCpbdqltbw? PAIR C1=0,3,9,5,10,1,6,2,7,8,4 C2=0,7,4,1,9,6,3,10,2,5,8
JCpbdqlt`{? PAIR C1=0,3,9,1,6,2,5,10,4,8,7 C2=0,4,1,5,8,2,7,3,10,6,9
JCpbdql\c{? PAIR C1=0,3,9,1,6,2,5,10,4,8,7 C2=0,4,1,5,9,6,10,3,7,2,8
JCpbdql\a{? PAIR C1=0,3,9,1,6,2,5,10,4,8,7 C2=0,4,1,5,9,6,10,3,7,2,8
JCpbdqlVfg? PAIR C1=0,3,9,5,10,1,6,2,7,8,4 C2=0,7,4,1,9,6,3,10,2,5,8
JCpbdpltd[? PAIR C1=0,3,6,2,7,8,1,9,5,10,4 C2=0,7,3,9,6,1,4,8,5,2,10
JCpbdpllc{? PAIR C1=0,3,9,5,10,4,8,1,6,2,7 C2=0,9,2,8,5,1,4,7,3,6,10
JCpbdplla{? PAIR C1=0,3,9,5,10,4,8,1,6,2,7 C2=0,4,7,3,6,10,1,5,8,2,9
JCpbdplffg? PAIR C1=0,4,1,8,5,9,3,6,2,7 C2=0,3,7,4,8,2,5,1,6,9
JCpbdq\xbw? PAIR C1=0,3,6,2,7,8,5,9,1,10,4 C2=0,7,3,10,5,2,9,6,1,4,8
JCpbdq\\d[? PAIR C1=0,3,6,1,9,2,5,8,4,7 C2=0,4,1,5,9,6,2,7,3,8
JCpbdp\ld[? PAIR C1=0,3,6,9,2,5,8,1,4,7 C2=0,4,8,3,7,2,6,1,5,9
JCpbdp\jek? PAIR C1=0,3,6,9,2,5,8,1,4,7 C2=0,4,8,3,7,2,6,1,5,9
JCpbdo|xc{? PAIR C1=0,3,6,9,1,4,8,5,2,7 C2=0,4,7,3,8,2,6,1,5,9
JCpbdo|td[? PAIR C1=0,3,6,9,1,4,8,5,2,7 C2=0,4,7,3,8,2,6,1,5,9
JCpbdrFn@{? PAIR C1=0,3,6,1,8,5,2,9,4,7 C2=0,4,1,5,9,3,7,2,6,8
JCpbdqfv@{? PAIR C1=0,4,9,1,5,8,2,6,3,7 C2=0,3,9,5,2,7,4,1,6,8
JCpbdqf^C{? PAIR C1=0,4,9,1,5,8,2,6,3,7 C2=0,3,9,5,2,7,4,1,6,8
JCpbdqf^A{? PAIR C1=0,4,9,1,5,8,2,6,3,7 C2=0,3,9,5,2,7,4,1,6,8
JCpbdpfnC{? PAIR C1=0,3,6,1,5,8,2,7,4,9 C2=0,4,1,8,6,2,5,9,3,7
JCpbdpfnA{? PAIR C1=0,3,6,1,5,8,2,7,4,9 C2=0,4,1,8,6,2,5,9,3,7
JCpbdpffbw? PAIR C1=0,3,6,1,5,8,2,7,4,9 C2=0,4,1,8,6,2,5,9,3,7
JCpbdqVz@{? PAIR C1=0,3,7,2,9,5,8,6,1,4 C2=0,7,4,9,1,5,2,6,3,8
JCpbdqV^D[? PAIR C1=0,3,7,2,9,5,8,6,1,4 C2=0,7,4,9,1,5,2,6,3,8
JCpbdpVnD[? PAIR C1=0,3,7,4,1,6,8,5,2,9 C2=0,4,9,5,1,8,3,6,2,7
JCpbdovzC{? PAIR C1=0,3,7,8,5,10,4,1,6,2,9 C2=0,7,4,9,1,5,2,8,3,6,10
JCpbdovzA{? PAIR C1=0,3,7,4,10,1,6,8,5,2,9 C2=0,4,9,1,5,10,6,3,8,2,7
JCpbdovvD[? PAIR C1=0,3,7,8,2,6,1,9,5,10,4 C2=0,7,2,10,6,3,8,5,1,4,9
JCpbdontfg? PAIR C1=0,3,7,2,10,5,8,6,1,9 C2=0,7,8,2,6,3,9,5,1,10
JCpbbrkfdM? PAIR C1=0,3,7,2,5,10,6,1,4,9 C2=0,4,7,1,5,9,3,6,2,10
JCpbbq{lc]? PAIR C1=0,4,1,6,10,5,2,7,3,9 C2=0,3,6,2,9,5,1,7,4,10
JCpbbrUjdw? PAIR C1=0,4,7,3,10,2,5,1,6,9 C2=0,3,6,2,7,1,4,9,5,10
JCpbbrMldw? PAIR C1=0,3,10,4,7,2,5,1,6,9 C2=0,4,1,7,3,6,2,9,5,10
JCpbbqmlew? PAIR C1=0,3,10,4,7,2,5,1,6,9 C2=0,4,1,7,3,6,2,9,5,10
JCpbbqmlei? PAIR C1=1,5,2,7,10,3,9,6 C2=1,7,3,6,2,9,5,10
JCpbbqmlcy? PAIR C1=0,3,9,6,8,2,5,1,7,10,4 C2=0,9,5,8,4,1,6,2,7,3,10
JCpbbq]lfW? PAIR C1=0,4,7,1,5,10,2,6,3,9 C2=0,3,7,2,5,9,6,1,4,10
JCpbbq]lfI? PAIR C1=0,4,8,5,1,6,3,9,2,7,10 C2=0,3,7,4,1,10,2,5,9,6,8
JCpbbq]ldY? PAIR C1=0,4,8,5,2,9,3,6,1,7,10 C2=0,3,7,2,10,4,1,5,9,6,8
JCpbfJ[N`u? PAIR C1=0,4,8,5,1,6,2,9,3,10,7 C2=0,3,6,9,5,7,2,10,4,1,8
JCpbfH{f`u? PAIR C1=0,4,9,3,10,6,2,5,1,7 C2=0,3,6,1,4,10,2,7,5,9
JCpbfJYNdw? PAIR C1=0,4,9,3,10,2,6,1,5,7 C2=0,3,6,9,5,2,7,1,4,10
JCpbfJYN`y? PAIR C1=1,4,10,3,8,6,9,2,5,7 C2=1,5,10,7,2,6,3,9,4,8
JCpbfIyNew? PAIR C1=0,4,1,7,5,9,6,2,8,3,10 C2=0,3,9,4,8,6,1,10,5,2,7
JCpbfIyNay? PAIR C1=1,4,10,7,2,8,3,6,9,5 C2=1,7,5,2,6,8,4,9,3,10
JCpbfHyfdw? PAIR C1=0,4,1,7,5,10,2,8,3,6,9 C2=0,7,2,5,1,6,8,4,9,3,10
JCpbfHyf`y? PAIR C1=0,3,8,2,6,9,5,10,7,1,4 C2=0,7,2,5,1,6,8,4,10,3,9
JCpbfH]n@u? PAIR C1=0,3,8,5,9,2,6,10,7,1,4 C2=0,7,2,5,1,6,8,4,10,3,9
JCpbfH]mdw? PAIR C1=0,4,1,7,5,8,3,6,9,2,10 C2=0,7,2,5,1,6,8,4,10,3,9
JCpbfH]m`y? PAIR C1=0,3,6,9,2,10,7,5,8,1,4 C2=0,7,2,5,1,6,8,4,10,3,9
JCpbfG}nAu? PAIR C1=0,3,8,5,9,2,6,10,7,1,4 C2=0,7,2,5,1,6,8,4,10,3,9
JCpbfG}ffo? PAIR C1=0,4,1,7,5,8,3,6,2,10 C2=0,3,10,4,8,6,1,5,2,7
JCpbei{mbU? PAIR C1=0,3,6,1,7,5,8,2,9,4 C2=0,7,3,8,4,1,5,2,6,9
JCpbei{m`]? PAIR C1=0,3,6,1,7,5,8,2,9,4 C2=0,7,3,8,4,1,5,2,6,9
JCpbeiyjbw? PAIR C1=0,3,8,2,6,1,7,5,9,4 C2=0,7,3,6,8,4,1,5,2,9
JCpbeiyj`y? PAIR C1=0,3,8,2,6,1,7,5,9,4 C2=0,7,3,6,8,4,1,5,2,9
JCpbeimNfo? PAIR C1=0,4,10,3,6,1,7,5,9,2,8 C2=0,7,3,9,6,8,4,1,5,2,10
JCpbehmnDU? PAIR C1=0,3,6,1,7,10,2,8,5,9,4 C2=0,7,3,9,2,5,1,4,8,6,10
JCpbehmn@u? PAIR C1=0,3,9,2,6,1,8,5,7,10,4 C2=0,7,3,6,10,2,8,4,1,5,9
JCpbehmmdw? PAIR C1=0,3,9,2,5,7,1,6,8,4 C2=0,7,3,6,2,8,5,1,4,9
JCpbehmm`y? PAIR C1=0,3,9,2,5,7,1,6,8,4 C2=0,7,3,6,2,8,5,1,4,9
JCpbeg}mfW? PAIR C1=0,3,9,2,5,7,1,6,8,4 C2=0,7,3,6,2,8,5,1,4,9
JCpbeg}mfQ? PAIR C1=0,3,9,2,5,7,1,6,8,4 C2=0,7,3,6,2,8,5,1,4,9
JCpbeg}mdY? PAIR C1=0,3,9,2,5,7,1,6,8,4 C2=0,7,3,6,2,8,5,1,4,9
JCpbeijnBw? PAIR C1=0,3,9,4,10,1,7,5,2,6,8 C2=0,7,3,6,1,4,8,2,10,5,9
JCpbeijnBs? PAIR C1=0,3,9,4,10,1,7,5,2,6,8 C2=0,7,3,6,10,2,8,4,1,5,9
JCpbehjn@{? PAIR C1=0,3,9,2,6,1,7,5,10,4 C2=0,7,3,6,10,2,5,1,4,9
JCpbegznFS? PAIR C1=0,3,6,1,10,2,9,5,7 C2=0,9,3,7,1,5,2,6,10
JCpbegznD[? PAIR C1=0,3,6,1,4,9,2,10,5,7 C2=0,4,10,6,2,5,1,7,3,9
JCpbegnnBs? PAIR C1=0,3,6,1,4,9,2,8,5,7 C2=0,4,8,6,2,5,1,7,3,9
JCpbdjwfbU? PAIR C1=0,3,6,2,10,7,5,9,4,1,8 C2=0,4,8,2,5,1,10,6,9,3,7
JCpbdjwfa]? PAIR C1=0,4,1,5,9,6,10,7,3,8 C2=0,7,5,10,4,8,1,6,3,9
JCpbdjku_}? PAIR C1=0,7,3,10,6,9,4,1,5,2,8 C2=0,3,6,2,7,5,10,4,8,1,9
JCpbdjkVdU? PAIR C1=0,4,9,1,5,2,10,6,3,7 C2=0,3,9,5,7,2,6,1,4,10
JCpbdjkV`u? PAIR C1=0,4,1,5,7,3,9,6,10,2,8 C2=0,3,6,2,5,9,1,8,4,10,7
JCpbdjkNeU? PAIR C1=0,3,6,10,7,5,1,4,9,2,8 C2=0,7,3,9,5,2,6,1,8,4,10
JCpbdjkNau? PAIR C1=0,4,1,5,7,10,6,3,9,2,8 C2=0,3,10,4,8,1,6,9,5,2,7
JCpbdj[mbU? PAIR C1=0,7,10,2,9,3,6,1,4,8 C2=0,4,10,1,8,3,7,2,6,9
JCpbdj[ma]? PAIR C1=0,3,9,2,5,7,10,6,1,4,8 C2=0,7,2,6,3,8,1,5,10,4,9
JCpbdj[m`]? PAIR C1=0,3,9,2,5,7,10,6,1,4,8 C2=0,7,2,6,3,8,1,5,10,4,9
JCpbdj[ZdU? PAIR C1=0,3,7,10,2,5,1,6,9,4,8 C2=0,7,5,9,2,6,3,8,1,4,10
JCpbdj[Z`u? PAIR C1=0,3,7,10,6,1,5,2,9,4,8 C2=0,4,10,2,6,3,8,1,9,5,7
JCpbdi{ubU? PAIR C1=0,3,7,10,2,5,1,6,9,4,8 C2=0,4,10,1,9,3,6,2,8,5,7
JCpbdi{u`]? PAIR C1=0,3,7,10,2,5,1,6,9,4,8 C2=0,7,2,6,3,8,5,10,4,1,9
JCpbdh{jeU? PAIR C1=0,3,7,10,6,9,5,2,8,1,4 C2=0,7,2,6,3,8,5,1,10,4,9
JCpbdh{jau? PAIR C1=0,3,7,10,6,9,5,2,8,1,4 C2=0,7,2,6,3,8,5,1,10,4,9
JCpbdjiv@u? PAIR C1=0,3,7,10,6,2,5,9,1,8,4 C2=0,7,5,1,4,10,2,8,6,3,9
JCpbdjiVdw? PAIR C1=0,7,3,9,4,1,6,2,5,10 C2=0,3,6,9,1,5,7,2,10,4
JCpbdjiVdY? PAIR C1=0,7,3,9,4,1,6,2,5,10 C2=0,3,6,9,1,5,7,2,10,4
JCpbdjiV`y? PAIR C1=0,7,3,9,5,10,4,1,6,2,8 C2=0,3,10,2,7,5,1,9,6,8,4
JCpbdjYZdw? PAIR C1=0,7,3,6,2,9,5,10,4,1,8 C2=0,3,10,2,7,5,1,9,6,8,4
JCpbdjYZ`y? PAIR C1=0,7,3,6,2,9,5,10,4,1,8 C2=0,3,10,2,7,5,1,9,6,8,4
JCpbdjYNfW? PAIR C1=0,4,8,1,6,2,9,3,7,5,10 C2=0,3,8,6,9,5,1,4,10,2,7
JCpbdjYNfQ? PAIR C1=0,4,8,1,6,3,9,2,5,7,10 C2=0,3,8,6,9,5,1,4,10,2,7
JCpbdiyVfW? PAIR C1=0,8,4,9,3,7,5,2,6,1,10 C2=0,3,8,6,9,5,1,4,10,2,7
JCpbdiyVfQ? PAIR C1=0,8,4,9,3,7,5,2,6,1,10 C2=0,3,8,6,9,5,1,4,10,2,7
JCpbdiyVdY? PAIR C1=0,3,6,1,4,9,5,10,7,2,8 C2=0,4,10,2,5,1,9,6,8,3,7
JCpbdhyvDU? PAIR C1=0,3,6,1,4,8,2,7,5,9 C2=0,4,9,1,5,2,6,8,3,7
JCpbdhyvC]? PAIR C1=0,3,6,1,4,8,2,7,5,9 C2=0,4,9,1,5,2,6,8,3,7
JCpbdhynC]? PAIR C1=0,3,6,1,8,2,7,5,9,4,10 C2=0,7,10,6,2,5,1,4,8,3,9
JCpbdhyjew? PAIR C1=0,3,6,1,8,2,7,5,9,4 C2=0,7,3,8,4,1,5,2,6,9
JCpbdhyjay? PAIR C1=0,3,6,1,8,2,7,5,9,4 C2=0,7,3,8,4,1,5,2,6,9
JCpbdhyffW? PAIR C1=0,3,6,1,8,2,7,5,9,4 C2=0,7,3,8,4,1,5,2,6,9
JCpbdhyffQ? PAIR C1=0,3,6,1,8,2,7,5,9,4 C2=0,7,3,8,4,1,5,2,6,9
JCpbdjM^DU? PAIR C1=0,3,6,2,7,5,9,4,1,8 C2=0,4,8,6,1,5,2,9,3,7
JCpbdjM^@u? PAIR C1=0,3,6,2,7,5,9,4,1,8 C2=0,4,8,6,1,5,2,9,3,7
JCpbdjM]dw? PAIR C1=0,3,6,2,7,5,10,4,1,8 C2=0,4,8,6,1,5,2,10,3,7
JCpbdjM]`y? PAIR C1=0,3,6,2,7,5,10,4,1,8 C2=0,4,8,6,1,5,2,10,3,7
JCpbdjMNfo? PAIR C1=0,3,6,2,7,5,9,4,1,8 C2=0,4,8,6,1,5,2,9,3,7
JCpbdjMNbq? PAIR C1=0,3,6,2,7,5,9,4,1,8 C2=0,4,8,6,1,5,2,9,3,7
JCpbdimVfo? PAIR C1=0,3,6,2,7,5,9,1,4,10 C2=0,4,9,6,1,5,2,10,3,7
JCpbdimVfQ? PAIR C1=0,3,6,2,7,5,9,4,1,10 C2=0,4,10,2,5,1,6,9,3,7
JCpbdimVbq? PAIR C1=0,3,6,9,4,1,5,7,10,2,8 C2=0,4,8,6,1,10,3,9,5,2,7
JCpbdhm}?}? PAIR C1=0,3,6,10,7,5,2,8,1,4,9 C2=0,4,8,6,1,5,10,3,9,2,7
JCpbdhmnAu? PAIR C1=0,7,5,2,8,1,4,10,6,3,9 C2=0,3,10,7,2,9,5,1,6,8,4
JCpbdhmmew? PAIR C1=0,7,5,2,6,3,9,4,1,10 C2=0,3,7,2,9,6,1,5,10,4
JCpbdhmmay? PAIR C1=0,7,5,10,4,1,8,2,6,3,9 C2=0,3,7,10,1,5,2,9,6,8,4
JCpbdhmffo? PAIR C1=0,7,5,2,8,1,6,3,9,4,10 C2=0,3,7,2,10,1,5,9,6,8,4
JCpbdhmfbq? PAIR C1=0,3,6,2,8,1,4,9,5,7 C2=0,4,8,6,1,5,2,7,3,9
JCpbdh]nDU? PAIR C1=0,3,6,8,1,4,9,2,5,7 C2=0,4,8,3,7,2,6,1,5,9
JCpbdg}yew? PAIR C1=0,3,6,2,9,4,1,10,5,7 C2=0,4,10,3,7,2,5,1,6,9
JCpbdg}yay? PAIR C1=0,3,6,2,9,4,1,10,5,7 C2=0,4,10,3,7,2,5,1,6,9
JCpbdjhfbw? PAIR C1=0,7,5,10,1,4,8,2,6,3,9 C2=0,4,10,3,7,2,5,9,6,1,8
JCpbdjhNek? PAIR C1=0,3,9,6,2,8,4,1,10,5,7 C2=0,4,9,5,2,7,3,10,6,1,8
JCpbdjXja{? PAIR C1=0,7,5,10,4,8,1,6,2,9 C2=0,4,1,10,6,9,5,2,7,8
JCpbdjXNd[? PAIR C1=0,3,6,2,9,5,10,4,1,8,7 C2=0,8,4,9,3,7,2,5,1,6,10
JCpbdhxjek? PAIR C1=0,7,5,9,2,6,3,10 C2=0,3,7,2,5,10,6,9
JCpbdjLmbw? PAIR C1=0,7,5,8,1,4,10,3,6,2,9 C2=0,3,7,2,5,10,1,6,9,4,8
JCpbdjLm`{? PAIR C1=0,7,8,1,5,2,6,3,10,4,9 C2=0,3,9,2,7,5,10,6,1,4,8
JCpbdjLNfo? PAIR C1=0,3,6,2,9,4,8,1,5,7 C2=0,4,1,6,9,3,7,2,5,8
JCpbdilubw? PAIR C1=0,7,5,2,6,3,9,1,4,8 C2=0,3,7,2,8,5,1,6,9,4
JCpbdil]c{? PAIR C1=0,7,5,2,6,3,9,1,4,8 C2=0,3,7,2,8,5,1,6,9,4
JCpbdhludw? PAIR C1=0,7,2,6,3,9,1,4,8,5,10 C2=0,4,10,3,7,8,2,5,1,6,9
JCpbdhlmc{? PAIR C1=0,7,2,6,3,9,4,1,8,5,10 C2=0,4,10,3,7,8,2,5,1,6,9
JCpbdhlffo? PAIR C1=0,7,2,6,3,9,4,8,5,1,10 C2=0,4,10,3,7,5,2,8,1,6,9
JCpbdh\md[? PAIR C1=0,3,6,9,4,1,8,5,7,2,10 C2=0,4,10,5,1,6,2,9,3,8,7
JCpbdg|yek? PAIR C1=0,9,6,3,7,2,5,8,4,1,10 C2=0,4,9,2,6,1,5,10,3,8,7
JCpbdg|yc{? PAIR C1=0,9,4,1,6,3,7,2,8,5,10 C2=0,4,8,3,10,6,2,9,1,5,7
JCpbdg|ufW? PAIR C1=0,3,7,2,5,8,4,10,1,6,9 C2=0,4,9,1,5,10,2,6,3,8,7
JCpbdg|ud[? PAIR C1=0,9,3,7,2,5,8,4,1,6,10 C2=0,4,9,1,5,10,2,6,3,8,7
JCpbdjJn@{? PAIR C1=0,8,4,10,6,1,5,2,7,3,9 C2=0,3,6,2,10,5,9,4,1,8,7
JCpbdijv@{? PAIR C1=0,8,4,10,6,2,5,7,3,9 C2=0,3,6,8,7,2,10,5,9,4
JCpbdij^C{? PAIR C1=0,7,5,2,6,10,3,9,4,8 C2=0,3,6,8,7,2,9,5,10,4
JCpbdhjnC{? PAIR C1=0,7,5,1,8,4,9,2,6,3,10 C2=0,3,7,2,8,6,1,4,10,5,9
JCpbdiZz@{? PAIR C1=0,8,4,10,3,6,2,7,5,9 C2=0,3,7,8,6,10,5,2,9,4
JCpbdiZ^D[? PAIR C1=0,3,8,4,9,5,7,2,6,10 C2=0,4,10,5,2,9,3,6,8,7
JCpbdiZZbw? PAIR C1=0,3,10,1,6,2,7,5,9,4,8 C2=0,4,1,5,10,2,9,6,3,8,7
JCpbdhZnD[? PAIR C1=0,3,8,4,9,5,7,2,6,10 C2=0,4,10,5,2,9,3,6,8,7
JCpbdgzzEk? PAIR C1=0,3,8,4,9,5,7,2,6,1,10 C2=0,4,1,5,10,6,3,7,8,2,9
JCpbdgzzC{? PAIR C1=0,3,10,6,2,9,5,7,8,4 C2=0,7,3,6,8,2,5,10,4,9
JCpbdgzvD[? PAIR C1=0,3,7,5,9,4,8,2,6,10 C2=0,4,10,5,2,7,8,6,3,9
JCpbdiN}@{? PAIR C1=0,3,10,6,8,4,9,2,5,7 C2=0,4,10,5,8,7,2,6,3,9
JCpbdiN^Fo? PAIR C1=0,3,10,1,4,8,6,2,5,7 C2=0,4,10,2,7,3,6,1,5,8
JCpbdhNnDs? PAIR C1=0,3,10,6,8,4,9,2,5,7 C2=0,4,10,2,6,3,7,8,5,9
JCpbdgn}Ek? PAIR C1=0,7,8,4,9,2,5,1,6,3,10 C2=0,4,1,10,6,2,8,5,7,3,9
JCpbdgn}C{? PAIR C1=0,7,8,4,9,2,6,3,10 C2=0,4,10,6,8,2,7,3,9
JCpbdg^}D[? PAIR C1=0,7,8,4,1,5,2,9,3,6,10 C2=0,3,7,2,10,5,8,6,1,9,4
JCpbbjkfdU? PAIR C1=0,3,9,4,8,5,2,6,1,7,10 C2=0,8,2,10,4,1,5,7,3,6,9
JCpbbjkf`u? PAIR C1=0,3,9,5,2,6,10,7,1,8,4 C2=0,8,2,7,5,1,4,10,3,6,9
JCpbbjkep{? PAIR C1=0,3,7,1,4,8,5,2,6,9 C2=0,4,9,3,6,1,5,7,2,8
JCpbbjMn@u? PAIR C1=0,3,7,1,6,2,5,8,4,9 C2=0,4,1,5,7,2,9,3,6,8
JCpbbimnAu? PAIR C1=0,3,7,1,6,2,5,8,4,9 C2=0,4,1,5,7,2,9,3,6,8
JCpbbjJn@{? PAIR C1=0,4,8,1,6,10,3,7,5,2,9 C2=0,3,9,4,10,5,1,7,2,6,8
JCpbay{mdM? PAIR C1=0,3,7,5,1,4,8,2,6,9 C2=0,4,7,1,6,3,9,2,5,8
JCpbayylfW? PAIR C1=0,3,7,4,8,2,5,1,6,9 C2=0,4,1,7,5,9,2,6,3,8
JCpbazhld[? PAIR C1=0,3,7,1,5,2,8,4,10,6,9 C2=0,8,1,4,7,5,9,3,6,2,10
JCpb`zwrdk? PAIR C1=0,3,7,4,8,2,5,1,6,9 C2=0,4,1,9,5,7,2,6,3,8
JCpb`zwrcm? PAIR C1=0,3,7,4,8,2,5,1,6,9 C2=0,4,1,9,5,7,2,6,3,8
JCpb`zsjee? PAIR C1=0,4,7,3,8,2,5,1,6,9 C2=0,3,6,2,7,5,9,4,1,8
JCpb`zkudk? PAIR C1=0,3,7,5,1,8,2,6,9,4 C2=0,8,5,2,7,4,1,6,3,9
JCpb`zkudM? PAIR C1=0,3,7,5,1,8,2,6,9,4 C2=0,8,5,2,7,4,1,6,3,9
JCpb`zkucm? PAIR C1=0,3,7,5,1,8,2,6,9,4 C2=0,8,5,2,7,4,1,6,3,9
JCpb`zktdU? PAIR C1=0,8,2,5,1,4,7,3,6,9 C2=0,3,9,5,7,2,6,1,8,4
JCpb`zklee? PAIR C1=0,8,2,5,1,4,7,3,6,9 C2=0,3,9,5,7,2,6,1,8,4
JCpb`zqzC]? PAIR C1=0,8,2,5,1,6,3,7,4,9 C2=0,3,8,6,2,7,5,9,1,4
JCpb`zqrdw? PAIR C1=0,8,2,5,1,6,3,7,4,9 C2=0,3,8,6,2,7,5,9,1,4
JCpb`zqjei? PAIR C1=0,3,7,4,9,6,1,5,2,8 C2=0,4,1,8,3,6,2,7,5,9
JCpb`zivDk? PAIR C1=0,8,2,5,1,6,3,7,4,9 C2=0,3,9,5,7,2,6,8,1,4
JCpb`zitdw? PAIR C1=0,8,2,5,1,4,7,3,6,9 C2=0,3,9,5,7,2,6,1,8,4
JCpb`zYxdw? PAIR C1=0,4,8,3,7,2,5,1,6,9 C2=0,3,6,2,9,5,7,4,1,8
JCpb`ze}C{? PAIR C1=0,3,7,2,6,8,5,1,4,9 C2=0,4,7,5,2,9,3,6,1,8
JCpb`zevDs? PAIR C1=0,8,6,3,7,2,5,1,4,9 C2=0,3,9,1,6,2,8,5,7,4
JCpb`zpjc{? PAIR C1=0,4,9,6,1,5,2,7,3,8 C2=0,3,6,2,8,1,4,7,5,9
JCpb`zhtd[? PAIR C1=0,4,7,3,9,6,2,5,1,8 C2=0,3,6,1,4,8,2,7,5,9
JCpb`zXjek? PAIR C1=0,8,1,5,2,6,10,3,7,4,9 C2=0,4,1,6,3,8,7,2,9,5,10
JCpb`zdudw? PAIR C1=0,3,6,9,4,7,2,5,1,8 C2=0,4,1,6,2,8,5,7,3,9
JCpb`zdffo? PAIR C1=0,3,6,9,4,7,2,5,1,8 C2=0,4,1,6,2,8,5,7,3,9
JCpb`zLmfg? PAIR C1=0,3,9,6,2,7,4,1,5,8 C2=0,4,8,1,6,3,7,5,2,9
JCpb`zLlfo? PAIR C1=0,3,9,6,2,7,4,1,5,8 C2=0,4,8,1,6,3,7,5,2,9
JCpb`zRnD[? PAIR C1=0,4,1,5,7,2,10,6,8,3,9 C2=0,3,7,4,10,5,9,2,6,1,8
JCpbbNwnC{? PAIR C1=0,4,1,7,5,9,2,6,10,3,8 C2=0,3,6,7,2,8,1,5,10,4,9
JCpbbNwf`y? PAIR C1=0,4,1,7,5,9,6,2,10,3,8 C2=0,3,6,7,2,8,1,5,10,4,9
JCpbbN[nDs? PAIR C1=0,3,8,5,7,1,6,2,9,4 C2=0,8,4,1,5,2,7,6,3,9
JCpbbN[n@u? PAIR C1=0,3,8,5,7,1,6,2,9,4 C2=0,8,4,1,5,2,7,6,3,9
JCpbbN[m`y? PAIR C1=0,3,8,5,7,1,6,2,9,4 C2=0,8,4,1,5,2,7,6,3,9
JCpbbN[mP{? PAIR C1=0,3,8,5,7,1,6,2,9,4 C2=0,8,4,1,5,2,7,6,3,9
JCpbbM{nEs? PAIR C1=0,3,8,5,7,1,6,2,9,4 C2=0,8,4,1,5,2,7,6,3,9
JCpbbM{nAu? PAIR C1=0,3,8,5,7,1,6,2,9,4 C2=0,8,4,1,5,2,7,6,3,9
JCpdUjwNbk? PAIR C1=0,4,8,1,5,2,10,6,9,3,7 C2=0,3,10,1,7,5,9,4,6,2,8
JCpdUjwNbe? PAIR C1=0,4,8,1,5,2,10,6,9,3,7 C2=0,3,10,1,7,5,9,4,6,2,8
JCpdUi{]bk? PAIR C1=0,4,1,5,8,2,10,6,9,3,7 C2=0,3,10,5,7,1,9,2,6,4,8
JCpdUi{]be? PAIR C1=1,4,8,5,2,10,6,9,3,7 C2=1,5,7,10,3,8,2,6,4,9
JCpdUi{]`m? PAIR C1=1,4,8,5,2,10,6,9,3,7 C2=1,5,7,10,3,8,2,6,4,9
JCpdUh{]dk? PAIR C1=0,4,1,5,8,2,10,6,9,3,7 C2=0,3,8,4,6,2,9,1,7,5,10
JCpdUh{Nfc? PAIR C1=0,4,1,5,8,2,10,6,9,3,7 C2=0,3,8,4,6,2,9,5,7,1,10
JCpdUjqNbq? PAIR C1=0,3,10,4,6,9,5,2,8,1,7 C2=0,4,9,3,7,5,1,10,2,6,8
JCpdUjqN`y? PAIR C1=0,3,10,4,6,9,5,2,8,1,7 C2=0,4,1,5,10,7,3,9,2,6,8
JCpdUiy^Bk? PAIR C1=0,3,10,5,2,8,4,9,1,7 C2=0,4,1,10,2,9,5,7,3,8
JCpdUiy^Be? PAIR C1=0,4,9,1,5,2,8,3,10,7 C2=0,3,7,5,9,2,10,1,4,8
JCpdUiy\bq? PAIR C1=0,4,1,5,9,6,2,8,3,10,7 C2=0,3,9,2,5,7,1,10,4,8,6
JCpdUiy\`y? PAIR C1=0,4,8,3,10,2,6,9,1,5,7 C2=0,3,7,1,4,10,5,9,2,8,6
JCpdUiy\Rw? PAIR C1=0,4,8,3,10,2,5,1,9,7 C2=0,3,7,1,4,10,5,9,2,8
JCpdUiu]bq? PAIR C1=0,3,8,2,6,4,9,1,10,7 C2=0,4,1,7,3,10,2,9,6,8
JCpdUiu]`y? PAIR C1=0,3,8,2,6,4,9,1,5,10,7 C2=0,4,1,7,5,2,10,3,9,6,8
JCpdUiu]Q{? PAIR C1=0,3,8,2,6,4,10,5,1,9,7 C2=0,4,1,7,5,2,9,3,10,6,8
JCpdUhu^Dq? PAIR C1=0,3,8,2,6,4,9,1,5,7 C2=0,4,1,7,3,9,2,5,8,6
JCpdUhu^De? PAIR C1=0,3,8,2,6,4,9,1,5,7 C2=0,4,1,7,3,9,2,5,8,6
JCpdUhu^@u? PAIR C1=0,3,8,2,6,4,9,1,5,7 C2=0,4,1,7,3,9,2,5,8,6
JCpdRjwt`u? PAIR C1=0,3,8,2,7,5,1,9,6,4 C2=0,6,2,5,9,3,7,1,4,8
JCpdRjwt_}? PAIR C1=0,3,8,2,7,5,1,9,6,4 C2=0,6,2,5,9,3,7,1,4,8
JCpdRjw\_}? PAIR C1=0,3,8,2,7,5,1,9,6,4 C2=0,6,2,5,9,3,7,1,4,8
JCpdRjwfbk? PAIR C1=1,4,6,9,5,10,3,8,2,7 C2=1,8,4,9,3,7,5,2,6,10
JCpdRjwfbe? PAIR C1=1,4,6,9,5,2,8,3,7,10 C2=1,5,7,2,6,10,3,9,4,8
JCpdRjs]_}? PAIR C1=0,3,8,2,9,6,10,5,7,1,4 C2=0,6,4,9,3,10,7,2,5,1,8
JCpdRj[mbk? PAIR C1=1,4,6,9,2,7,5,10,3,8 C2=1,7,3,9,4,8,5,2,6,10
JCpdRj[mbe? PAIR C1=1,4,6,9,2,5,7,10,3,8 C2=1,5,8,4,9,3,7,2,6,10
JCpdRj[mam? PAIR C1=1,4,6,9,2,5,7,10,3,8 C2=1,5,8,4,9,3,7,2,6,10
JCpdRj[]de? PAIR C1=1,4,9,6,2,5,7,10,3,8 C2=1,5,8,4,6,10,2,9,3,7
JCpdRj[]cm? PAIR C1=1,4,9,6,10,5,2,7,3,8 C2=1,5,8,4,6,2,9,3,10,7
JCpdRj[\dq? PAIR C1=0,4,1,5,9,6,2,7,3,8 C2=0,3,9,2,5,7,1,8,4,6
JCpdRj[\`u? PAIR C1=0,4,1,5,9,6,2,7,3,8 C2=0,3,9,2,5,7,1,8,4,6
JCpdRj[Nfc? PAIR C1=0,4,1,5,9,6,2,7,3,8 C2=0,3,9,2,5,7,1,8,4,6
JCpdRh{tdq? PAIR C1=0,3,8,2,6,9,5,7,1,4 C2=0,6,4,8,1,5,2,7,3,9
JCpdRh{t`u? PAIR C1=0,3,8,2,6,9,5,7,1,4 C2=0,6,4,8,1,5,2,7,3,9
JCpdRh{fbe? PAIR C1=0,3,8,2,6,9,5,7,1,4 C2=0,6,4,8,1,5,2,7,3,9
JCpdRjYnBk? PAIR C1=1,4,8,3,7,5,9,2,6,10 C2=1,7,2,5,10,3,9,4,6,8
JCpdRjYnBe? PAIR C1=1,4,8,3,7,10,6,2,9,5 C2=1,7,5,2,10,3,9,4,6,8
JCpdRjYnAm? PAIR C1=1,4,8,3,9,5,10,6,2,7 C2=1,8,6,4,9,2,5,7,3,10
JCpdRjYn@m? PAIR C1=1,4,8,3,9,5,10,6,2,7 C2=1,5,7,3,10,2,9,4,6,8
JCpdRi]]fg? PAIR C1=0,3,9,6,4,1,7,2,5,10 C2=0,4,9,1,5,7,3,10,2,6
JCpdRi]]fa? PAIR C1=0,8,3,7,2,9,6,4,1,10 C2=0,3,9,1,7,10,2,6,8,4
JCpdRh]}Cm? PAIR C1=0,4,6,10,5,2,7,1,8,3,9 C2=0,3,10,7,5,8,4,1,9,2,6
JCpdRh]|Dq? PAIR C1=0,6,4,10,2,5,7,1,8,3,9 C2=0,3,10,7,2,6,8,5,9,1,4
JCpdRh]nFc? PAIR C1=0,6,4,8,1,7,5,2,10,3,9 C2=0,3,7,2,6,8,5,9,4,1,10
JCpdRh]mfg? PAIR C1=0,6,4,8,1,7,5,2,9,3,10 C2=0,3,7,2,6,8,5,10,1,4,9
JCpdRh]mfa? PAIR C1=0,6,4,1,8,3,7,10,2,9 C2=0,3,9,4,8,6,2,7,1,10
JCpdRh]mei? PAIR C1=0,6,4,9,3,8,1,5,7,10 C2=0,4,1,7,3,10,5,8,6,9
JCpdRhtudw? PAIR C1=0,6,4,10,2,5,7,3,8,1,9 C2=0,4,1,5,8,7,2,6,9,3,10
JCpdRhtudk? PAIR C1=0,6,4,1,9,3,7,5,2,10 C2=0,3,10,5,1,7,2,6,9,4
JCpdRhtu`{? PAIR C1=0,6,4,10,2,5,7,1,8,3,9 C2=0,3,10,6,2,7,8,5,1,9,4
JCpdRhtffo? PAIR C1=0,6,4,9,3,8,1,7,5,2,10 C2=0,3,10,4,1,5,8,7,2,6,9
JCpdRhtfbs? PAIR C1=0,4,9,3,8,2,5,7,1,10,6 C2=0,3,10,4,1,5,8,7,2,6,9
JCpdPzwtbk? PAIR C1=0,4,1,9,3,7,5,10,2,6 C2=0,3,10,1,5,2,7,4,6,9
JCpdPzwtbe? PAIR C1=0,4,1,9,3,8,2,7,10,6 C2=0,3,7,4,8,1,10,2,6,9
JCpdPzs\eq? PAIR C1=0,4,1,5,8,3,10,7,2,9,6 C2=0,3,9,5,7,4,6,2,8,1,10
JCpdPzs\ee? PAIR C1=0,4,1,5,8,3,10,7,2,9,6 C2=0,3,9,5,7,4,6,2,8,1,10
JCpdPzs\au? PAIR C1=1,4,10,6,9,2,7,3,8,5 C2=1,8,2,6,4,7,5,9,3,10
JCpdPzY|Be? PAIR C1=0,4,1,5,7,10,2,9,3,8,6 C2=0,3,7,4,8,1,10,6,2,5,9
JCpdPzY|Am? PAIR C1=0,4,1,5,10,7,2,9,3,8,6 C2=0,3,7,4,8,1,10,6,2,5,9
JCpdPzY\fg? PAIR C1=1,4,7,5,10,2,6,8,3,9 C2=1,8,4,6,9,5,2,7,3,10
JCpdPzY\fa? PAIR C1=0,6,2,5,7,4,1,9,3,8 C2=0,3,7,2,9,5,1,8,6,4
JCpdPzY\Vc? PAIR C1=0,6,2,5,7,4,1,9,3,8 C2=0,3,7,2,9,5,1,8,6,4
JCpdPxytfg? PAIR C1=1,4,7,5,10,2,6,8,3,9 C2=1,5,9,6,4,8,2,7,3,10
JCpdPxytfa? PAIR C1=0,6,4,8,1,9,3,7,5,2,10 C2=0,3,10,1,5,9,6,8,2,7,4
JCpdPx]{fg? PAIR C1=0,6,4,8,1,9,3,7,5,2,10 C2=0,3,10,1,5,8,6,9,2,7,4
JCpdPx]{fa? PAIR C1=0,6,4,8,1,9,3,7,5,2,10 C2=0,3,10,1,5,8,6,9,2,7,4
JCpdPx]{ei? PAIR C1=0,3,9,2,6,8,1,4,7,5,10 C2=0,4,8,5,2,7,3,10,1,9,6
JCpbUpuldw? PAIR C1=0,3,10,2,8,5,1,6,4,7 C2=0,4,1,7,3,8,6,2,5,10
JCpbUpul`y? PAIR C1=0,7,4,6,1,5,8,2,10,3,9 C2=0,3,7,1,8,6,9,2,5,10,4
JCpbUqtl`{? PAIR C1=0,7,4,1,6,10,2,5,8,3,9 C2=0,3,7,1,5,10,4,6,9,2,8
JCpbUqt\`{? PAIR C1=0,4,6,10,2,5,8,3,9,1,7 C2=0,3,7,4,10,5,1,6,9,2,8
JCpbUo|lek? PAIR C1=0,7,3,8,2,5,1,10,6,9 C2=0,3,9,2,6,1,7,8,5,10
JCpbTjwt`{? PAIR C1=0,7,3,10,2,5,1,4,6,9 C2=0,3,9,1,6,2,7,5,10,4
JCpbTjwt_}? PAIR C1=0,7,3,10,6,4,8,2,5,1,9 C2=0,3,9,6,2,7,5,10,4,1,8
JCpbTjwfbk? PAIR C1=0,7,3,10,6,2,5,1,4,8 C2=0,3,8,2,7,5,10,1,6,4
JCpbTjwfbe? PAIR C1=0,4,1,6,9,3,8,2,10,7 C2=0,8,1,10,3,7,2,6,4,9
JCpbTjs]_}? PAIR C1=0,4,9,6,1,5,2,8,3,10,7 C2=0,3,9,1,4,10,6,2,7,5,8
JCpbTj[mbk? PAIR C1=0,3,8,1,4,6,9,2,5,7 C2=0,4,9,3,7,2,6,1,5,8
JCpbTj[mbe? PAIR C1=0,3,8,1,4,6,9,2,5,7 C2=0,4,9,3,7,2,6,1,5,8
JCpbTi{ube? PAIR C1=0,3,8,4,1,9,6,2,5,7 C2=0,4,6,1,5,8,2,7,3,9
JCpbTh{udk? PAIR C1=0,3,8,4,1,9,6,2,5,7 C2=0,4,6,1,5,8,2,7,3,9
JCpbTh{ucm? PAIR C1=0,3,8,4,1,9,6,2,5,7 C2=0,4,6,1,5,8,2,7,3,9
JCpbTh{t`u? PAIR C1=0,3,8,4,1,9,6,2,5,7 C2=0,4,6,1,5,8,2,7,3,9
JCpbTh{lee? PAIR C1=0,7,5,2,6,4,1,8,3,9 C2=0,3,7,2,9,6,1,5,8,4
JCpbTh{lau? PAIR C1=0,7,5,2,6,4,1,8,3,9 C2=0,3,7,2,9,6,1,5,8,4
JCpbTjq^?}? PAIR C1=0,7,2,5,1,9,3,10,4,6,8 C2=0,3,7,5,10,6,1,8,2,9,4
JCpbTjqVdw? PAIR C1=0,3,10,4,9,6,8,1,5,2,7 C2=0,4,6,1,9,3,7,5,10,2,8
JCpbTjqV`y? PAIR C1=0,3,10,4,9,6,8,1,5,2,7 C2=0,4,6,1,9,3,7,5,10,2,8
JCpbTjY\dw? PAIR C1=0,3,10,4,6,8,1,5,2,7 C2=0,4,1,6,2,10,5,7,3,8
JCpbTjY\`y? PAIR C1=0,3,10,4,6,8,1,5,2,7 C2=0,4,1,6,2,10,5,7,3,8
JCpbThyvDk? PAIR C1=0,7,2,5,1,4,6,10,3,9 C2=0,3,7,5,10,2,6,1,9,4
JCpbThyvDe? PAIR C1=0,7,10,3,8,1,4,6,2,5,9 C2=0,3,9,1,5,7,2,10,6,8,4
JCpbThyvCm? PAIR C1=1,4,9,5,2,8,3,7,10,6 C2=1,8,4,6,2,7,5,10,3,9
JCpbThynAm? PAIR C1=1,4,8,2,6,10,7,3,9,5 C2=1,6,4,9,2,7,5,10,3,8
JCpbThylay? PAIR C1=1,5,9,6,2,7,10,3,8 C2=1,6,8,2,9,3,7,5,10
JCpbThyffg? PAIR C1=0,4,1,6,8,3,10,5,2,7 C2=0,3,7,5,1,8,4,6,2,10
JCpbThyffa? PAIR C1=0,4,9,5,2,6,1,8,3,10,7 C2=0,9,3,7,5,1,4,6,8,2,10
JCpbThu}?}? PAIR C1=0,3,8,1,9,4,6,2,5,10,7 C2=0,4,1,5,7,2,8,6,10,3,9
JCpbThuv@u? PAIR C1=0,3,8,5,2,6,1,9,4,10,7 C2=0,4,1,5,7,2,8,6,10,3,9
JCpbThunEe? PAIR C1=0,3,8,1,4,9,5,2,6,10,7 C2=0,4,6,8,2,7,5,1,10,3,9
JCpbThunAu? PAIR C1=0,3,8,1,4,9,5,2,6,10,7 C2=0,4,6,8,2,7,5,1,10,3,9
JCpbTitubw? PAIR C1=0,3,10,4,1,9,6,2,5,8,7 C2=0,4,6,1,10,5,7,2,8,3,9
JCpbTitubk? PAIR C1=0,3,10,1,9,4,6,2,5,8,7 C2=0,4,1,6,10,5,7,2,8,3,9
JCpbTit]ew? PAIR C1=0,3,10,4,6,9,1,5,2,8,7 C2=0,4,9,3,8,5,7,2,6,1,10
JCpbTit]ek? PAIR C1=0,3,10,5,1,4,6,9,2,8,7 C2=0,4,9,3,8,5,7,2,6,1,10
JCpbQyylfg? PAIR C1=0,3,10,1,5,9,2,8,6,4 C2=0,9,3,8,4,1,6,2,5,10
JCpbQyyldi? PAIR C1=0,3,10,7,4,6,9,5,2,8 C2=0,4,8,6,2,10,5,7,3,9
JCpbQyulfo? PAIR C1=0,3,8,5,9,6,1,7,4 C2=0,8,6,4,1,5,7,3,9
JCpbQyuldq? PAIR C1=0,3,8,5,9,6,1,7,4 C2=0,8,6,4,1,5,7,3,9
JCpbPzslee? PAIR C1=0,3,8,1,6,9,5,2,7,4 C2=0,8,2,6,4,1,5,7,3,9
JCpbPzY|Dk? PAIR C1=0,3,10,5,9,1,4,7,2,6,8 C2=0,4,8,1,6,10,2,5,7,3,9
JCpbPzY|De? PAIR C1=0,3,10,7,4,1,9,2,6,8 C2=0,4,8,1,6,10,2,7,3,9
JCpbPzY|Cm? PAIR C1=0,3,8,6,1,9,2,5,10,7,4 C2=0,8,4,1,5,7,2,6,10,3,9
JCpbRf[nDk? PAIR C1=0,3,10,5,2,9,4,6,7,1,8 C2=0,4,8,3,7,2,10,6,1,5,9
JCpbRf[nCm? PAIR C1=0,3,7,10,5,1,6,2,9,4,8 C2=0,4,6,10,3,8,1,7,2,5,9
JCpbRetv@{? PAIR C1=0,3,9,1,6,7,8,2,10,4 C2=0,8,3,10,6,2,7,1,4,9
JCpbRetnEk? PAIR C1=0,4,9,3,7,6,1,10,5,2,8 C2=0,9,5,1,4,6,2,7,8,3,10
JCpbRetnC{? PAIR C1=0,4,9,3,7,1,6,10,5,2,8 C2=0,9,5,1,4,6,2,7,8,3,10
JCpbRetfbw? PAIR C1=0,3,9,4,6,7,1,10,5,2,8 C2=0,4,10,3,8,7,2,6,1,5,9
JCpbQvsnDk? PAIR C1=0,3,9,4,6,1,5,10,2,8 C2=0,4,1,8,3,10,6,2,5,9
JCpffG{NUp? PAIR C1=0,7,2,8,5,9,3,6,1,4,10 C2=0,3,10,8,4,9,7,1,5,2,6
JCpffG{NUT? PAIR C1=0,3,9,2,7,5,8,4,10,1,6 C2=0,7,9,4,1,5,2,6,3,8,10
JCpffG{NQt? PAIR C1=0,3,9,5,7,2,8,4,10,1,6 C2=0,4,1,5,8,10,3,6,2,9,7
JCpfbg{rTp? PAIR C1=0,3,6,2,7,1,9,5,8,10,4 C2=0,6,1,4,9,7,5,2,8,3,10
JCpfbg{rTT? PAIR C1=0,6,2,10,4,1,7,5,9 C2=0,4,9,7,2,5,1,6,10
JCpfbg{jUp? PAIR C1=0,3,6,2,8,4,1,7,5,9 C2=0,4,9,2,7,3,8,5,1,6
JCpfbg{jUd? PAIR C1=0,3,6,2,8,4,1,7,5,9 C2=0,4,9,2,7,3,8,5,1,6
JCpfbg{jQt? PAIR C1=0,3,6,2,8,4,1,7,5,9 C2=0,4,9,2,7,3,8,5,1,6
JCpfaywlJ[? PAIR C1=0,3,6,2,5,10,1,4,8,9 C2=0,4,10,2,8,3,9,5,1,6
JCpfaywlJU? PAIR C1=0,3,9,5,7,4,1,10,2,6 C2=0,4,10,6,3,7,1,5,2,9
JCpfaywlH]? PAIR C1=0,3,9,8,2,10,5,7,4,1,6 C2=0,4,10,6,2,9,5,1,7,3,8
JCpfQys]di? PAIR C1=0,3,8,5,1,7,10,2,9,6 C2=0,8,2,6,1,9,3,7,5,10
JCpfQys]db? PAIR C1=0,3,8,5,2,10,7,1,6,9,4 C2=0,8,2,6,4,7,5,1,9,3,10
JCpfQys]dJ? PAIR C1=0,3,8,5,2,10,7,1,6,9,4 C2=0,8,2,6,4,7,3,9,1,5,10
JCpev_{lbR? PAIR C1=0,4,1,6,9,3,8,5,2,10,7 C2=0,3,7,1,5,9,2,8,10,4,6
JCpev_{Zdi? PAIR C1=0,6,1,4,8,5,2,10,3,7 C2=0,4,6,3,8,2,7,1,5,10
JCpevG{mbi? PAIR C1=0,4,1,6,3,8,5,2,10,7 C2=0,3,10,5,1,7,2,8,4,6
JCpevG{mbh? PAIR C1=0,4,1,6,3,8,10,2,5,7 C2=0,3,10,5,1,7,2,8,4,6
JCpevG{mbb? PAIR C1=0,3,6,1,4,9,2,5,8,10,7 C2=0,6,4,8,2,7,5,1,10,3,9
JCpevG{maj? PAIR C1=0,3,6,1,4,9,2,5,8,10,7 C2=0,6,4,8,2,7,5,1,10,3,9
JCperYs]di? PAIR C1=0,3,8,5,2,9,4,7,1,6 C2=0,4,6,3,9,1,5,7,2,8
JCperYs]db? PAIR C1=0,3,8,5,2,9,4,7,1,6 C2=0,4,6,3,9,1,5,7,2,8
JCperYs]cj? PAIR C1=0,3,8,5,2,9,4,7,1,6 C2=0,4,6,3,9,1,5,7,2,8
JCpdupsjbi? PAIR C1=0,3,6,9,2,5,8,1,4,7 C2=0,4,6,2,8,3,7,1,5,9
JCpdupsjbb? PAIR C1=0,3,6,9,2,5,8,1,4,7 C2=0,4,6,2,8,3,7,1,5,9
JCpdupsj`j? PAIR C1=0,3,6,9,2,5,8,1,4,7 C2=0,4,6,2,8,3,7,1,5,9
JCpdupslR[? PAIR C1=0,6,3,9,2,5,8,1,4,7 C2=0,4,6,2,8,3,7,1,5,9
JCpdupslRT? PAIR C1=0,6,3,9,2,5,8,1,4,7 C2=0,4,6,2,8,3,7,1,5,9
JCpdupslP\? PAIR C1=0,6,3,9,2,5,8,1,4,7 C2=0,4,6,2,8,3,7,1,5,9
JCpdupsjRk? PAIR C1=0,3,8,1,4,7,9,5,2,6 C2=0,4,6,3,7,1,5,8,2,9
JCpdupsjRd? PAIR C1=0,3,8,1,4,7,9,5,2,6 C2=0,4,6,3,7,1,5,8,2,9
JCpdupsjQl? PAIR C1=0,3,8,1,4,7,9,5,2,6 C2=0,4,6,3,7,1,5,8,2,9
JCpdupsZTd? PAIR C1=0,3,6,4,1,8,5,2,9,7 C2=0,4,9,5,1,7,3,8,2,6
JCpdtpstbY? PAIR C1=0,7,2,5,8,3,6,4,1,9 C2=0,4,7,3,9,5,1,8,2,6
JCpdtpstbR? PAIR C1=0,7,2,5,8,3,6,4,1,9 C2=0,4,7,3,9,5,1,8,2,6
JCpdtpstaZ? PAIR C1=0,7,2,5,8,3,6,4,1,9 C2=0,4,7,3,9,5,1,8,2,6
JCpdtpst`Z? PAIR C1=0,7,2,5,8,3,6,4,1,9 C2=0,4,7,3,9,5,1,8,2,6
JCpdtpsrbi? PAIR C1=0,6,3,8,5,2,10,1,4,7 C2=0,3,7,10,5,1,8,2,6,4
JCpdtpsrbb? PAIR C1=0,7,3,6,4,1,8,2,5,9 C2=0,3,8,5,1,9,4,7,2,6
JCpdtpsraj? PAIR C1=0,7,3,6,4,1,8,2,5,9 C2=0,3,8,5,1,9,4,7,2,6
JCpdtpsr`j? PAIR C1=0,7,3,6,4,1,8,2,5,9 C2=0,3,8,5,1,9,4,7,2,6
JCpbvQsVTk? PAIR C1=0,7,4,6,2,5,1,9,3,8 C2=0,3,6,1,7,2,8,5,9,4
JCpbvQsVTL? PAIR C1=0,7,4,6,2,5,1,9,3,8 C2=0,3,6,1,7,2,8,5,9,4
JCpbuqslRX? PAIR C1=0,7,9,2,5,1,4,6,3,8 C2=0,3,9,5,8,2,6,1,7,4
JCpbuqslRT? PAIR C1=0,7,9,2,5,1,4,6,3,8 C2=0,3,9,5,8,2,6,1,7,4
JCpbuqslP\? PAIR C1=0,7,9,2,5,1,4,6,3,8 C2=0,3,9,5,8,2,6,1,7,4
JCpbuqsjRd? PAIR C1=0,8,2,5,1,4,6,3,7,9 C2=0,3,8,5,9,2,6,1,7,4
JCpbuqsjQl? PAIR C1=0,8,2,5,1,4,6,3,7,9 C2=0,3,8,5,9,2,6,1,7,4
JCpbuqsZTk? PAIR C1=0,7,3,6,4,9,1,5,2,8 C2=0,3,8,5,9,2,6,1,7,4
JCpbuqsZTL? PAIR C1=0,7,3,6,4,9,1,5,2,8 C2=0,3,8,5,9,2,6,1,7,4
JCpbtqstRX? PAIR C1=0,8,2,5,1,4,6,3,7,9 C2=0,3,8,5,9,1,6,2,7,4
JCpbtqstRT? PAIR C1=0,8,2,5,1,4,6,3,7,9 C2=0,3,8,5,9,1,6,2,7,4
JCpfJiwVdq? PAIR C1=0,3,9,6,2,7,5,1,4,8 C2=0,4,9,5,2,8,3,7,1,6
JCpfJiwNeb? PAIR C1=0,3,9,6,2,7,5,1,4,8 C2=0,4,9,5,2,8,3,7,1,6
JCpfJiwVTs? PAIR C1=0,3,9,7,2,6,5,1,4,8 C2=0,4,9,5,2,8,3,7,1,6
JCpfIyw\dq? PAIR C1=0,3,8,2,9,6,1,5,7,4 C2=0,6,2,5,9,3,7,1,4,8
JCpfIyw\`r? PAIR C1=0,3,8,2,9,6,1,5,7,4 C2=0,6,2,5,9,3,7,1,4,8
JCpejiwmJ[? PAIR C1=0,3,8,2,7,5,10,6,1,4 C2=0,6,3,7,1,5,2,10,4,8
JCpejiwmJU? PAIR C1=0,3,8,2,7,5,6,10,1,4 C2=0,6,3,7,1,5,2,10,4,8
JCpejiwmH]? PAIR C1=0,3,8,2,7,10,5,6,1,4 C2=0,6,3,7,1,5,2,10,4,8
JCpdlpsuR[? PAIR C1=0,3,8,2,6,10,5,1,4,9 C2=0,4,10,2,5,8,1,9,3,6
JCpdlpsuRT? PAIR C1=0,4,1,10,8,2,5,6,3,9 C2=0,3,8,5,1,9,4,10,2,6
JCpdlpsuP\? PAIR C1=0,4,1,8,2,5,10,6,3,9 C2=0,3,8,5,1,9,4,10,2,6
JCpdnHwNUs? PAIR C1=0,3,9,4,1,8,2,5,6,10 C2=0,4,8,3,10,1,5,9,2,6
JCpdnHwNUd? PAIR C1=0,3,9,4,1,8,2,5,6,10 C2=0,4,8,3,10,1,5,9,2,6
JCpdmXw]Th? PAIR C1=0,3,6,5,2,10,8,4,1,9,7 C2=0,6,2,9,4,7,5,1,8,3,10
JCpdmXw]TL? PAIR C1=0,4,8,2,5,6,3,9,1,7 C2=0,3,8,1,5,7,4,9,2,6
JCpVdpklR[? PAIR C1=0,3,6,1,5,10,4,8,2,9,7 C2=0,4,7,3,9,5,8,1,10,2,6
JCrb`rwpp{? PAIR C1=0,3,6,10,4,8,2,7,9,1,5 C2=0,8,3,7,4,1,6,2,10,5,9
JCrb`rsYsm? PAIR C1=0,4,1,8,3,6,9,7,2,5 C2=0,3,7,4,9,2,6,1,5,8
JCrb`rsYs]? PAIR C1=0,4,1,8,3,6,9,7,2,5 C2=0,3,7,4,9,2,6,1,5,8
JCrb`rsYo}? PAIR C1=0,4,1,8,3,6,9,7,2,5 C2=0,3,7,4,9,2,6,1,5,8
JCrb`rsbrq? PAIR C1=0,3,6,9,7,4,1,8,2,5 C2=0,4,9,5,1,6,2,7,3,8
JCrb`rsRts? PAIR C1=0,3,6,9,7,4,1,8,2,5 C2=0,4,9,5,1,6,2,7,3,8
JCrb`rsJue? PAIR C1=0,3,6,9,7,4,1,8,2,5 C2=0,4,9,5,1,6,2,7,3,8
JCrb`rkko}? PAIR C1=0,3,6,9,7,4,1,8,2,5 C2=0,4,8,5,1,6,2,7,3,9
JCrb`rk[s]? PAIR C1=0,5,2,9,6,3,7,4,1,8 C2=0,3,9,7,2,6,1,5,8,4
JCrb`rkUtM? PAIR C1=0,3,7,9,6,1,4,8,2,5 C2=0,4,7,2,6,3,9,1,5,8
JCrb`rkTtU? PAIR C1=0,3,7,9,6,1,4,8,2,5 C2=0,4,7,2,6,3,9,1,5,8
JCrb`rkLue? PAIR C1=0,3,7,9,6,1,4,8,2,5 C2=0,4,7,2,6,3,9,5,1,8
JCrb`rkFvE? PAIR C1=0,3,7,9,6,1,4,8,2,5 C2=0,4,7,2,6,3,9,5,1,8
JCrb`rilO}? PAIR C1=0,3,7,9,2,8,4,1,6,10,5 C2=0,4,10,7,2,6,3,9,5,1,8
JCrb`riFva? PAIR C1=0,3,7,9,6,1,4,8,2,5 C2=0,4,7,2,6,3,9,5,1,8
JCrb`rYlQ]? PAIR C1=0,4,1,6,8,3,7,9,2,5 C2=0,3,6,2,7,4,8,1,5,9
JCrb`rYjRi? PAIR C1=0,4,1,6,8,3,7,9,2,5 C2=0,3,6,2,7,4,8,1,5,9
JCrRRqslbT? PAIR C1=0,5,1,4,6,9,2,7,3,8 C2=0,3,9,5,8,2,6,1,7,4
JCrRRqslbF? PAIR C1=0,5,1,4,6,9,2,7,3,8 C2=0,3,9,5,8,2,6,1,7,4
JCrRRqslaV? PAIR C1=0,5,1,4,6,9,2,7,3,8 C2=0,3,9,5,8,2,6,1,7,4
JCrJdXqmRk? PAIR C1=0,3,9,7,2,8,6,1,4,5 C2=0,4,7,5,1,8,3,6,2,9
JCrJdXqmPl? PAIR C1=0,3,9,7,2,8,6,1,4,5 C2=0,4,7,5,1,8,3,6,2,9
JCqjepqXlw? PAIR C1=0,5,10,2,9,6,3,8,1,4,7 C2=0,4,5,9,8,2,6,1,7,3,10
JCqjepqXlq? PAIR C1=0,5,2,9,6,3,8,1,4,7 C2=0,3,7,1,6,2,8,9,5,4
JCqjepqXli? PAIR C1=0,5,2,9,6,3,8,1,4,7 C2=0,3,7,1,6,2,8,9,5,4
JCqjepqXhy? PAIR C1=0,5,2,9,6,3,8,1,4,7 C2=0,3,7,1,6,2,8,9,5,4
JCXefbkf`]? PAIR C1=0,3,7,10,6,9,5,2,4,1,8 C2=0,7,2,8,4,10,5,1,6,3,9
JCXefa{fa]? PAIR C1=0,3,7,10,6,9,4,1,5,8 C2=0,7,1,6,3,8,4,10,5,9
JCXefa{f`]? PAIR C1=0,3,7,10,6,9,4,1,5,8 C2=0,7,1,6,3,8,4,10,5,9
JCXefbMn@]? PAIR C1=0,3,7,10,6,8,5,1,4,9 C2=0,7,1,6,3,9,5,10,4,8
JCXefbMn?}? PAIR C1=0,3,7,10,6,8,5,1,4,9 C2=0,7,1,6,3,9,5,10,4,8
JCXefbMNdw? PAIR C1=0,3,7,2,5,1,8,6,9,4,10 C2=0,7,1,6,3,10,5,9,2,4,8
JCXefbMNcy? PAIR C1=0,3,7,2,5,1,8,6,9,4,10 C2=0,7,1,6,3,10,5,9,2,4,8
JCXefa]jay? PAIR C1=0,3,7,10,4,1,5,8,6,9 C2=0,7,1,6,3,10,5,9,4,8
JCXefQ{Nei? PAIR C1=0,3,8,5,9,2,4,7,10 C2=0,7,2,5,10,3,9,4,8
JCXefQ{NeM? PAIR C1=0,3,8,2,9,6,10,5,1,4,7 C2=0,8,4,2,5,9,3,6,1,7,10
JCXefQ{Nam? PAIR C1=1,4,2,7,10,6,9,3,8,5 C2=1,6,3,10,5,9,2,8,4,7
JCXefRUNdw? PAIR C1=1,5,10,2,4,9,3,6,8 C2=1,4,10,3,8,5,2,9,6
JCXefRUNcy? PAIR C1=1,7,10,5,2,4,9,3,6,8 C2=1,5,8,3,10,4,7,2,9,6
JCXefPunC]? PAIR C1=0,3,9,4,10,6,8,2,5,1,7 C2=0,9,5,8,3,6,1,4,2,7,10
JCXefPun?}? PAIR C1=0,3,9,5,2,8,1,7,4,10,6 C2=0,7,10,5,8,3,6,1,4,2,9
JCXefPufdw? PAIR C1=0,3,9,5,1,7,4,2,8,6 C2=0,7,2,5,8,3,6,1,4,9
JCXefQ]lbw? PAIR C1=0,3,9,2,5,1,7,4,8,6 C2=0,7,2,4,1,6,3,8,5,9
JCXefQ]lay? PAIR C1=0,3,9,2,5,1,7,4,8,6 C2=0,7,2,4,1,6,3,8,5,9
JCXefP]nDM? PAIR C1=0,3,9,2,5,1,7,4,8,6 C2=0,7,2,4,1,6,3,8,5,9
JCXefP]n@m? PAIR C1=0,3,9,2,5,1,7,4,8,6 C2=0,7,2,4,1,6,3,8,5,9
JCXefP]ldw? PAIR C1=0,3,9,2,5,1,7,4,8,6 C2=0,7,2,4,1,6,3,8,5,9
JCXefP]lTw? PAIR C1=0,3,9,2,5,1,7,4,8,6 C2=0,7,2,4,1,6,3,8,5,9
JCXefP]lT[? PAIR C1=0,3,9,2,5,1,7,4,8,6 C2=0,7,2,4,1,6,3,8,5,9
JCXefRTNd[? PAIR C1=0,6,10,5,1,4,7,2,9,3,8 C2=0,3,6,9,4,10,2,5,8,1,7
JCXefPtfdw? PAIR C1=0,3,9,5,10,4,7,2,8,1,6 C2=0,7,1,5,8,3,6,9,4,2,10
JCXefPtfd[? PAIR C1=0,3,9,5,10,4,7,2,8,1,6 C2=0,7,1,5,8,3,6,9,4,2,10
JCXefPVnD[? PAIR C1=0,3,9,5,8,1,7,2,4,10,6 C2=0,7,8,3,6,1,4,9,2,5,10
JCXefO^|D[? PAIR C1=0,3,9,5,8,4,1,7,2,10,6 C2=0,7,8,3,6,1,5,10,4,2,9
JCXefO^nFK? PAIR C1=0,3,9,5,8,4,1,7,2,10,6 C2=0,7,8,3,6,1,10,5,2,4,9
JCXeerkNdM? PAIR C1=0,3,9,2,4,7,1,5,10,6 C2=0,7,3,6,1,4,9,5,2,10
JCXeeq{lbM? PAIR C1=0,3,8,2,5,1,4,7,10,6,9 C2=0,7,1,6,3,9,5,10,2,4,8
JCXeeq{la]? PAIR C1=0,3,8,2,9,5,1,4,7,10,6 C2=0,7,3,9,6,1,10,5,2,4,8
JCXeeq{l`]? PAIR C1=0,6,10,7,4,1,5,2,8,3,9 C2=0,3,7,1,6,9,5,10,2,4,8
JCXeeren@]? PAIR C1=0,3,9,2,5,1,7,10,6,8 C2=0,7,3,6,1,8,2,10,5,9
JCXeereNdw? PAIR C1=0,8,1,4,7,3,6,9,2,5,10 C2=0,3,10,2,4,9,5,8,6,1,7
JCXeequjbw? PAIR C1=0,6,3,7,4,1,5,9,2,8 C2=0,3,8,5,2,4,9,6,1,7
JCXeequjbi? PAIR C1=0,6,3,7,4,1,5,9,2,8 C2=0,3,8,5,2,4,9,6,1,7
JCXeequjay? PAIR C1=0,6,3,7,4,1,5,9,2,8 C2=0,3,8,5,2,4,9,6,1,7
JCXeequj`y? PAIR C1=0,6,3,7,4,1,5,9,2,8 C2=0,3,8,5,2,4,9,6,1,7
JCXeepmnDM? PAIR C1=0,3,6,1,7,4,8,2,9,5,10 C2=0,6,10,2,5,8,1,4,9,3,7
JCXeepmldw? PAIR C1=0,3,6,1,8,4,2,9,5,10 C2=0,6,8,2,5,1,4,10,3,9
JCXedrsfbM? PAIR C1=0,7,4,9,3,6,10,2,5,1,8 C2=0,3,7,10,1,4,2,8,5,9,6
JCXedrsfa]? PAIR C1=0,8,5,10,6,1,4,7,3,9 C2=0,6,3,8,1,5,9,4,10,7
JCXedrk\c]? PAIR C1=0,7,3,6,1,9,2,4,8,5,10 C2=0,3,9,5,2,8,1,4,7,10,6
JCXedrk\_}? PAIR C1=0,3,7,10,5,8,4,2,9,6 C2=0,7,4,10,6,3,9,5,2,8
JCXedr[ZdM? PAIR C1=0,3,6,9,1,4,8,5,10,7 C2=0,8,3,7,4,9,5,1,6,10
JCXedq{tbM? PAIR C1=0,3,6,1,9,5,8,4,2,10,7 C2=0,6,9,3,7,4,1,10,5,2,8
JCXedq{ta]? PAIR C1=0,3,6,1,9,5,8,4,10,7 C2=0,8,3,7,4,1,5,10,6,9
JCXedq{t`]? PAIR C1=0,3,6,1,9,5,8,4,10,7 C2=0,8,3,7,4,1,5,10,6,9
JCXedq{Zei? PAIR C1=0,6,1,9,5,2,4,8,3,7,10 C2=0,7,4,1,5,10,3,6,9,2,8
JCXedq{ZeM? PAIR C1=0,6,3,8,4,2,5,9,1,10,7 C2=0,3,7,4,1,5,10,6,9,2,8
JCXedrev@]? PAIR C1=0,3,9,1,6,8,5,2,4,10,7 C2=0,8,2,10,6,3,7,4,1,5,9
JCXedrev?}? PAIR C1=0,3,6,1,8,5,9,4,10,7 C2=0,8,6,10,5,1,4,7,3,9
JCXedreVdw? PAIR C1=0,6,1,8,5,2,4,9,3,10 C2=0,3,6,9,5,1,4,10,2,8
JCXedreVcy? PAIR C1=0,6,1,8,5,2,4,9,3,7,10 C2=0,3,10,4,1,5,9,6,8,2,7
JCXedquvBM? PAIR C1=0,3,9,5,2,8,6,1,10,7 C2=0,6,10,2,7,3,8,5,1,9
JCXedquvA]? PAIR C1=0,3,6,8,2,5,10,1,9,4,7 C2=0,8,5,1,6,10,4,2,7,3,9
JCXedquv@]? PAIR C1=0,3,8,6,1,9,4,2,5,10,7 C2=0,6,10,4,1,5,8,2,7,3,9
JCXedqurbw? PAIR C1=0,3,10,5,2,8,6,1,9,4,7 C2=0,8,5,1,4,10,2,7,3,6,9
JCXedqurbi? PAIR C1=0,6,8,2,4,9,5,1,10,3,7 C2=0,3,8,5,10,2,7,4,1,6,9
JCXedquray? PAIR C1=0,7,4,2,5,1,10,3,6,8 C2=0,3,7,2,8,5,10,4,1,6
JCXedqur`y? PAIR C1=0,7,4,2,10,3,8,6,1,5,9 C2=0,3,7,2,8,5,10,4,1,9,6
JCXedrMnBM? PAIR C1=0,7,3,6,8,4,2,10,1,5,9 C2=0,3,9,2,7,4,1,6,10,5,8
JCXedrM^Di? PAIR C1=0,6,3,10,2,9,1,5,8,4,7 C2=0,3,9,5,10,7,2,4,1,6,8
JCXedrM^DM? PAIR C1=0,6,3,7,4,8,5,1,9,2,10 C2=0,3,9,5,10,7,2,4,1,6,8
JCXedrM^@m? PAIR C1=0,3,7,4,2,9,1,5,8,6 C2=0,7,2,5,9,3,6,1,4,8
JCXedrMNfg? PAIR C1=0,3,7,4,2,10,1,5,8,6 C2=0,7,2,5,10,3,6,1,4,8
JCXedqm^Ei? PAIR C1=0,6,8,5,2,4,7,3,9,1,10 C2=0,7,2,9,5,10,3,6,1,4,8
JCXedqm^EM? PAIR C1=0,6,8,5,2,4,7,3,9,1,10 C2=0,3,6,10,7,2,9,5,1,4,8
JCXedqm^Am? PAIR C1=0,3,9,1,4,7,2,5,8,6 C2=0,7,3,6,1,5,9,2,4,8
JCXedqmtbw? PAIR C1=0,3,9,1,5,2,7,4,8,6 C2=0,7,3,6,1,4,2,8,5,9
JCXedqmtbi? PAIR C1=0,3,9,1,5,2,7,4,8,6 C2=0,7,3,6,1,4,2,8,5,9
JCXedqmtay? PAIR C1=0,3,9,1,5,2,7,4,8,6 C2=0,7,3,6,1,4,2,8,5,9
JCXedpm|C]? PAIR C1=0,3,9,1,5,2,7,4,8,6 C2=0,7,3,6,1,4,2,8,5,9
JCXedpmtdw? PAIR C1=0,3,9,1,5,2,7,4,8,6 C2=0,7,3,6,1,4,2,8,5,9
JCXedpmffg? PAIR C1=0,3,9,4,7,2,5,1,8,6 C2=0,7,3,6,1,4,2,8,5,9
JCXedq]xbw? PAIR C1=0,3,7,2,9,5,1,4,8,6 C2=0,7,4,2,5,8,3,6,1,9
JCXedq]xbi? PAIR C1=0,3,7,2,9,5,1,4,8,6 C2=0,7,4,2,5,8,3,6,1,9
JCXedq]xay? PAIR C1=0,3,7,2,9,5,1,4,8,6 C2=0,7,4,2,5,8,3,6,1,9
JCXedrdNew? PAIR C1=0,3,7,2,9,4,10,1,5,8 C2=0,7,4,1,8,2,5,9,3,10
JCXedrdNe[? PAIR C1=0,3,7,2,9,4,10,6,1,5,8 C2=0,6,3,9,5,2,4,7,8,1,10
JCXedrTj`{? PAIR C1=0,3,7,2,9,4,10,6,1,5,8 C2=0,6,9,5,2,10,3,8,1,4,7
JCXedqtr`{? PAIR C1=0,3,7,2,4,10,6,9,1,5,8 C2=0,7,4,1,6,3,8,2,10,5,9
JCXedqtZew? PAIR C1=0,3,7,2,9,4,10,1,5,8 C2=0,7,4,1,9,5,2,8,3,10
JCXedqtZc{? PAIR C1=0,3,7,2,9,6,10,4,1,5,8 C2=0,7,4,9,1,6,3,8,2,5,10
JCXedrLl`{? PAIR C1=0,7,4,10,6,9,2,5,1,8 C2=0,6,1,4,8,7,2,10,5,9
JCXedrL\d[? PAIR C1=0,8,1,5,2,9,6,3,7,4,10 C2=0,3,9,5,10,2,7,8,4,1,6
JCXedrLNfg? PAIR C1=0,7,4,8,1,5,2,9,6,3,10 C2=0,6,1,4,9,3,7,2,10,5,8
JCXedrLNfK? PAIR C1=0,7,4,8,1,5,2,9,3,6,10 C2=0,3,7,2,4,9,6,1,10,5,8
JCXedpllew? PAIR C1=0,6,3,9,2,5,1,8,7,4,10 C2=0,3,7,2,4,8,5,10,1,6,9
JCXedpllc{? PAIR C1=0,6,3,9,2,8,5,10,4,7 C2=0,3,7,8,4,2,5,9,6,10
JCXedplffg? PAIR C1=0,6,3,9,4,1,8,5,10,2,7 C2=0,9,6,1,5,2,4,8,7,3,10
JCXedq\x`{? PAIR C1=0,7,8,5,1,4,2,10,3,6,9 C2=0,3,7,2,5,9,1,6,10,4,8
JCXedq\Zfg? PAIR C1=0,6,9,2,10,3,7,4,1,5,8 C2=0,7,2,5,9,4,8,3,6,1,10
JCXedrFnA{? PAIR C1=0,8,6,3,10,1,5,2,7,4,9 C2=0,3,9,2,4,1,6,10,5,8,7
JCXedrFn@{? PAIR C1=0,8,6,3,10,5,2,7,4,9 C2=0,3,7,8,5,9,2,4,10,6
JCXedqfv@{? PAIR C1=0,8,6,3,10,2,7,4,1,5,9 C2=0,3,9,1,6,10,4,2,5,8,7
JCXedqf^C{? PAIR C1=0,7,2,9,5,1,4,10,3,6,8 C2=0,3,7,8,5,2,4,9,1,6,10
JCXedqf^A{? PAIR C1=0,7,2,9,5,1,4,10,3,6,8 C2=0,3,7,8,5,2,4,9,1,10,6
JCXedpfnC{? PAIR C1=0,7,2,8,6,3,10,4,1,5,9 C2=0,3,7,4,9,2,5,8,1,6,10
JCXedqVz@{? PAIR C1=0,7,8,6,3,10,2,4,1,5,9 C2=0,3,7,4,10,6,1,9,2,5,8
JCXedqVZfW? PAIR C1=0,3,8,6,9,5,1,4,10,2,7 C2=0,8,7,3,6,1,9,4,2,5,10
JCXedqN^Bk? PAIR C1=0,3,9,5,1,4,2,10,6,8,7 C2=0,6,3,7,2,5,10,1,9,4,8
JCXedpNnFg? PAIR C1=0,3,9,5,8,1,10,2,4,7 C2=0,9,2,5,1,4,8,7,3,10
JCXedon|Ew? PAIR C1=0,7,3,10,1,4,2,8,5,9 C2=0,3,9,1,5,2,7,8,4,10
JCXeeYylbw? PAIR C1=0,3,10,1,5,9,6,8,2,4,7 C2=0,6,3,9,2,10,5,7,1,4,8
JCXeeYylbq? PAIR C1=0,3,10,1,5,9,6,8,2,4,7 C2=0,8,4,10,2,5,7,1,6,3,9
JCXeeYylay? PAIR C1=0,3,10,1,5,9,6,8,2,4,7 C2=0,6,3,9,2,5,10,7,1,4,8
JCXeeZpNd[? PAIR C1=0,3,8,2,10,6,9,5,1,4,7 C2=0,6,3,9,2,4,10,5,7,1,8
JCXeeXxldw? PAIR C1=0,3,10,2,8,4,7,1,5,9,6 C2=0,9,3,6,1,8,7,5,2,4,10
JCXeeXxld[? PAIR C1=0,3,8,2,10,4,7,1,5,9,6 C2=0,7,8,1,4,2,5,10,6,3,9
JCXedZw\c{? PAIR C1=0,3,10,4,7,2,9,5,1,6 C2=0,7,5,2,4,1,9,3,6,10
JCXedZw\_}? PAIR C1=0,7,2,9,5,1,6,3,10,4,8 C2=0,3,9,1,8,2,4,7,5,10,6
JCXedY{]ei? PAIR C1=0,6,1,5,2,7,10,3,9,4,8 C2=0,3,6,9,2,8,5,7,4,1,10
JCXedY{]eM? PAIR C1=0,3,8,4,9,6,1,5,2,7,10 C2=0,6,3,9,2,8,5,10,1,4,7
JCXedY{]am? PAIR C1=0,3,6,1,9,4,7,2,5,8 C2=0,6,9,3,8,2,4,1,5,7
JCXedY{Vfa? PAIR C1=0,3,6,1,9,4,7,2,5,8 C2=0,6,9,3,8,2,4,1,5,7
JCXedY{VfE? PAIR C1=0,3,6,1,9,4,7,2,5,8 C2=0,6,9,3,8,2,4,1,5,7
JCXedY{Vbe? PAIR C1=0,3,6,1,9,4,7,2,5,8 C2=0,6,9,3,8,2,4,1,5,7
JCXedX{{c{? PAIR C1=0,3,6,1,5,8,4,7,2,9 C2=0,6,9,3,8,1,4,2,5,7
JCXedX{{cy? PAIR C1=0,3,6,1,5,8,4,7,2,9 C2=0,6,9,3,8,1,4,2,5,7
JCXedX{{_}? PAIR C1=0,3,6,1,5,8,4,7,2,9 C2=0,6,9,3,8,1,4,2,5,7
JCXedX{udi? PAIR C1=0,3,6,1,5,8,2,7,4,9 C2=0,6,9,3,8,1,4,2,5,7
JCXedX{u`m? PAIR C1=0,3,6,1,5,8,2,7,4,9 C2=0,6,9,3,8,1,4,2,5,7
JCXedX{mei? PAIR C1=0,3,6,1,5,8,2,7,4,9 C2=0,6,9,3,8,1,4,2,5,7
JCXedX{meM? PAIR C1=0,3,6,1,5,8,2,7,4,9 C2=0,6,9,3,8,1,4,2,5,7
JCXedX{mam? PAIR C1=0,3,6,1,5,8,2,7,4,9 C2=0,6,9,3,8,1,4,2,5,7
JCXedX{ffa? PAIR C1=0,3,6,1,5,8,2,7,4,9 C2=0,6,9,3,8,1,4,2,5,7
JCXedX{ffE? PAIR C1=0,3,6,1,5,8,2,7,4,9 C2=0,6,9,3,8,1,4,2,5,7
JCXedX{fbe? PAIR C1=0,3,6,1,5,8,2,7,4,9 C2=0,6,9,3,8,1,4,2,5,7
JCXedZqVdw? PAIR C1=0,3,6,1,5,9,4,7,2,8 C2=0,6,9,3,8,1,4,2,5,7
JCXedZqNew? PAIR C1=0,3,6,1,5,9,4,7,2,8 C2=0,6,9,3,8,1,4,2,5,7
JCXedZYlbw? PAIR C1=0,3,6,1,5,9,2,7,4,8 C2=0,6,9,3,8,1,4,2,5,7
JCXedZYlbq? PAIR C1=0,3,6,1,5,9,2,7,4,8 C2=0,6,9,3,8,1,4,2,5,7
JCXedZYlbi? PAIR C1=0,3,6,1,5,9,2,7,4,8 C2=0,6,9,3,8,1,4,2,5,7
JCXedZYlay? PAIR C1=0,3,6,1,5,9,2,7,4,8 C2=0,6,9,3,8,1,4,2,5,7
JCXedXyv@m? PAIR C1=0,7,2,5,1,4,8,6,3,9 C2=0,3,8,2,4,7,5,9,1,6
JCXedXytdw? PAIR C1=0,7,2,5,1,4,8,6,3,9 C2=0,3,8,2,4,7,5,9,1,6
JCXedXytcy? PAIR C1=0,7,2,5,1,4,8,6,3,9 C2=0,3,8,2,4,7,5,9,1,6
JCXedX]}Dk? PAIR C1=0,7,4,8,5,1,6,3,10,2,9 C2=0,6,8,3,9,1,4,2,7,5,10
JCXedX]}@m? PAIR C1=0,6,1,8,5,2,10,3,9,4,7 C2=0,3,8,6,10,5,7,2,4,1,9
JCXedW}}EM? PAIR C1=0,3,6,10,1,9,2,5,8,4,7 C2=0,9,3,8,6,1,4,2,7,5,10
JCXedW}}Am? PAIR C1=0,3,6,10,1,5,8,2,9,4,7 C2=0,6,8,3,10,5,7,2,4,1,9
JCXedW}vFa? PAIR C1=0,7,4,2,5,9,3,8,6,1,10 C2=0,6,3,10,2,7,5,8,4,1,9
JCXedW}vFE? PAIR C1=0,7,4,2,5,9,3,8,6,1,10 C2=0,3,6,10,2,7,5,8,4,1,9
JCXedW}vBe? PAIR C1=0,6,1,10,3,8,2,5,9,4,7 C2=0,3,6,10,2,7,5,8,4,1,9
JCXedZpNe[? PAIR C1=0,7,5,2,8,3,6,9,4,1,10 C2=0,3,9,5,1,8,7,2,4,10,6
JCXedZpNc{? PAIR C1=0,8,3,9,2,5,7,4,1,6,10 C2=0,3,10,4,2,7,8,1,5,9,6
JCXedZXla{? PAIR C1=0,6,10,1,4,7,5,2,9,3,8 C2=0,3,10,5,9,6,1,8,4,2,7
JCXedZXNfg? PAIR C1=0,6,1,4,7,5,2,9,3,8 C2=0,3,6,9,5,1,8,4,2,7
JCXedZXNfK? PAIR C1=0,6,1,4,7,5,2,9,3,8 C2=0,3,6,9,5,1,8,4,2,7
JCXedZXNbk? PAIR C1=0,6,1,4,7,5,2,9,3,8 C2=0,3,6,9,5,1,8,4,2,7
JCXedYxta{? PAIR C1=0,7,4,1,6,3,9,5,2,8 C2=0,3,8,4,2,7,5,1,9,6
JCXedYxt`{? PAIR C1=0,7,4,1,6,3,9,5,2,8 C2=0,3,8,4,2,7,5,1,9,6
JCXedYx\ew? PAIR C1=0,7,4,1,6,3,9,5,2,8 C2=0,3,8,4,2,7,5,1,9,6
JCXedYx\e[? PAIR C1=0,7,4,1,6,3,9,5,2,8 C2=0,3,8,4,2,7,5,1,9,6
JCXedYx\c{? PAIR C1=0,7,4,1,6,3,9,5,2,8 C2=0,3,8,4,2,7,5,1,9,6
JCXedYx\a{? PAIR C1=0,7,4,1,6,3,9,5,2,8 C2=0,3,8,4,2,7,5,1,9,6
JCXedYxVfg? PAIR C1=0,7,4,1,6,3,9,5,2,8 C2=0,3,8,4,2,7,5,1,9,6
JCXedYxVfK? PAIR C1=0,7,4,1,6,3,9,5,2,8 C2=0,3,8,4,2,7,5,1,9,6
JCXedXxtdw? PAIR C1=0,3,9,5,7,2,8,4,1,6 C2=0,7,4,2,5,1,8,3,6,9
JCXedXxt`{? PAIR C1=0,3,9,5,7,2,8,4,1,6 C2=0,7,4,2,5,1,8,3,6,9
JCXedXxlew? PAIR C1=0,3,9,5,7,2,8,4,1,6 C2=0,7,4,2,5,1,8,3,6,9
JCXedXxle[? PAIR C1=0,3,9,5,7,2,8,4,1,6 C2=0,7,4,2,5,1,8,3,6,9
JCXedXxla{? PAIR C1=0,3,9,5,7,2,8,4,1,6 C2=0,7,4,2,5,1,8,3,6,9
JCXedXxffg? PAIR C1=0,3,9,5,7,2,8,4,1,6 C2=0,7,4,2,5,1,8,3,6,9
JCXedXxffK? PAIR C1=0,3,9,5,7,2,8,4,1,6 C2=0,7,4,2,5,1,8,3,6,9
JCXedXxfbk? PAIR C1=0,3,9,5,7,2,8,4,1,6 C2=0,7,4,2,5,1,8,3,6,9
JCXedY\]fg? PAIR C1=0,6,1,10,5,7,2,4,9,3,8 C2=0,3,6,9,1,4,7,8,5,2,10
JCXedY\]fK? PAIR C1=0,6,1,10,5,7,2,4,9,3,8 C2=0,3,6,9,1,4,7,8,5,2,10
JCXedY\]bk? PAIR C1=0,6,1,10,5,7,2,4,9,3,8 C2=0,3,6,10,2,9,1,5,8,4,7
JCXedX\{dw? PAIR C1=0,3,9,2,5,7,4,8,1,6 C2=0,7,2,4,1,5,8,3,6,9
JCXedX\{`{? PAIR C1=0,3,9,2,5,7,4,8,1,6 C2=0,7,2,4,1,5,8,3,6,9
JCXedX\mfg? PAIR C1=0,3,9,2,5,7,4,8,1,6 C2=0,7,2,4,1,5,8,3,6,9
JCXedX\mfK? PAIR C1=0,3,9,2,5,7,4,8,1,6 C2=0,7,2,4,1,5,8,3,6,9
JCXedX\mbk? PAIR C1=0,3,9,2,5,7,4,8,1,6 C2=0,7,2,4,1,5,8,3,6,9
JCXedW|{ew? PAIR C1=0,6,3,9,2,5,10,1,4,8,7 C2=0,9,6,1,5,7,4,2,8,3,10
JCXedW|{e[? PAIR C1=0,6,3,8,4,1,10,5,2,9 C2=0,3,9,6,1,5,8,2,4,10
JCXedW|ufg? PAIR C1=0,6,3,8,2,5,10,1,4,9 C2=0,3,9,6,1,5,8,4,2,10
JCXedW|ufK? PAIR C1=0,6,3,8,2,5,10,1,4,9 C2=0,3,9,6,1,5,8,4,2,10
JCXedW|udk? PAIR C1=0,3,6,10,2,8,5,1,4,9 C2=0,6,1,9,3,8,4,2,5,10
JCXedZRn@{? PAIR C1=0,8,3,6,10,2,7,5,1,4,9 C2=0,3,9,2,5,10,4,7,8,1,6
JCXedZRNew? PAIR C1=0,3,9,4,7,2,5,1,6,8 C2=0,6,3,8,1,4,2,9,5,7
JCXedYrvA{? PAIR C1=0,3,9,4,7,2,5,1,6,8 C2=0,6,3,8,2,4,1,9,5,7
JCXedYrv@{? PAIR C1=0,3,9,4,7,2,5,1,6,8 C2=0,6,3,8,2,4,1,9,5,7
JCXedYr^Ew? PAIR C1=0,3,9,4,7,2,5,1,6,8 C2=0,6,3,8,2,4,1,9,5,7
JCXedYr^E[? PAIR C1=0,3,9,4,7,2,5,1,6,8 C2=0,6,3,8,2,4,1,9,5,7
JCXedYr^C{? PAIR C1=0,3,9,4,7,2,5,1,6,8 C2=0,6,3,8,2,4,1,9,5,7
JCXedYr^A{? PAIR C1=0,3,9,4,7,2,5,1,6,8 C2=0,6,3,8,2,4,1,9,5,7
JCXedXrnEw? PAIR C1=0,3,8,6,1,5,7,2,4,9 C2=0,6,3,9,5,2,8,1,4,7
JCXedXrnE[? PAIR C1=0,3,8,6,1,5,7,2,4,9 C2=0,6,3,9,5,2,8,1,4,7
JCXedYZ^Fg? PAIR C1=0,3,8,7,5,1,9,4,2,10 C2=0,7,2,5,9,3,10,1,4,8
JCXedYZ^FK? PAIR C1=0,3,8,7,5,1,9,4,2,10,6 C2=0,8,6,3,9,5,2,7,4,1,10
JCXedYZ^Bk? PAIR C1=0,3,8,6,10,2,4,9,1,5,7 C2=0,6,1,10,3,9,5,2,7,4,8
JCXedXZnFg? PAIR C1=0,9,3,8,7,5,1,4,2,10 C2=0,3,10,1,8,4,9,5,2,7
JCXedXZnFK? PAIR C1=0,3,8,7,5,1,6,10,2,4,9 C2=0,6,3,9,5,2,7,4,8,1,10
JCXedWz|Ew? PAIR C1=0,6,1,10,4,2,5,7,8,3,9 C2=0,7,4,1,5,9,2,8,6,3,10
JCXedWz|E[? PAIR C1=0,9,3,8,7,5,2,4,1,6,10 C2=0,3,6,8,2,9,5,1,10,4,7
JCXedWzvFK? PAIR C1=0,7,5,2,4,9,3,8,6,1,10 C2=0,3,6,10,2,8,7,4,1,5,9
JCXedW^}Fg? PAIR C1=0,7,5,2,4,9,3,8,6,1,10 C2=0,6,3,10,5,1,4,8,7,2,9
JCXedW^}FK? PAIR C1=0,7,5,2,4,9,3,8,6,1,10 C2=0,3,6,10,5,1,4,8,7,2,9
JCXeczwlbU? PAIR C1=0,6,1,8,3,9,5,2,4,10,7 C2=0,3,6,10,1,5,7,4,8,2,9
JCXeczwlbM? PAIR C1=0,3,9,5,2,8,4,7,10,1,6 C2=0,7,5,10,6,3,8,1,4,2,9
JCXeczwZdM? PAIR C1=0,6,9,1,5,2,4,7,3,8 C2=0,3,6,1,4,8,2,9,5,7
JCXeczkNfa? PAIR C1=0,6,9,3,7,4,2,5,1,8 C2=0,3,6,1,4,8,2,9,5,7
JCXeczkNfE? PAIR C1=0,6,9,3,7,4,2,5,1,8 C2=0,3,6,1,4,8,2,9,5,7
JCXeczkNbe? PAIR C1=0,6,9,3,7,4,2,5,1,8 C2=0,3,6,1,4,8,2,9,5,7
JCXeczqn@]? PAIR C1=0,6,8,1,5,2,4,9,3,7 C2=0,3,6,1,4,7,5,9,2,8
JCXeczi|@]? PAIR C1=0,6,8,4,2,5,1,9,3,7 C2=0,3,6,1,4,7,5,9,2,8
JCXeczi^Dk? PAIR C1=0,6,8,4,2,5,1,9,3,7 C2=0,3,6,1,4,7,5,9,2,8
JCXeczi^DM? PAIR C1=0,6,8,4,2,5,1,9,3,7 C2=0,3,6,1,4,7,5,9,2,8
JCXeczi^@m? PAIR C1=0,6,8,4,2,5,1,9,3,7 C2=0,3,6,1,4,7,5,9,2,8
JCXeczi\dw? PAIR C1=0,6,8,4,2,5,1,9,3,7 C2=0,3,6,1,4,7,5,9,2,8
JCXecyyxbi? PAIR C1=0,3,6,8,2,5,7,4,1,9 C2=0,6,1,5,9,2,4,8,3,7
JCXecym{bw? PAIR C1=0,6,1,5,2,9,3,7,4,8 C2=0,3,6,9,1,4,2,8,5,7
JCXecxmnFa? PAIR C1=0,6,1,5,2,8,4,7,3,9 C2=0,3,6,8,1,4,2,9,5,7
JCXecxmnFE? PAIR C1=0,6,1,5,2,8,4,7,3,9 C2=0,3,6,8,1,4,2,9,5,7
JCXecxm{dw? PAIR C1=0,6,3,7,4,8,2,5,1,9 C2=0,3,9,2,4,1,6,8,5,7
JCXecxmmfg? PAIR C1=0,3,7,4,8,2,5,1,6,9 C2=0,6,3,9,2,4,1,8,5,7
JCXeczh\d[? PAIR C1=0,3,7,4,8,1,5,2,9,6 C2=0,7,5,9,3,6,1,4,2,8
JCXeczhNfg? PAIR C1=0,3,7,4,8,1,5,2,9,6 C2=0,7,5,9,3,6,1,4,2,8
JCXeczhNfK? PAIR C1=0,3,7,4,8,1,5,2,9,6 C2=0,7,5,9,3,6,1,4,2,8
JCXecxlmfg? PAIR C1=0,3,7,4,8,2,5,1,6,9 C2=0,6,3,9,2,4,1,8,5,7
JCXecyrz@{? PAIR C1=0,6,10,3,7,8,2,5,1,4,9 C2=0,7,4,2,10,5,9,1,6,3,8
JCXecyrZfW? PAIR C1=1,4,9,5,2,10 C2=1,5,10,4,2,9
JCXecyj^Bk? PAIR C1=0,6,8,2,5,9,4,1,10,3,7 C2=0,3,6,10,5,1,9,2,4,7,8
JCXecxjnFg? PAIR C1=0,3,6,8,1,10,2,5,7,4,9 C2=0,6,1,5,9,2,4,8,7,3,10
JCXeee{nA]? PAIR C1=0,7,10,5,2,8,3,6,1,4,9 C2=0,3,7,6,10,1,5,9,2,4,8
JCXeee{n@]? PAIR C1=0,6,3,8,2,5,10,7,1,4,9 C2=0,3,7,6,1,5,9,2,10,4,8
JCXeecnnEw? PAIR C1=0,3,6,8,7,1,10,5,2,4,9 C2=0,6,1,5,9,2,8,4,10,3,7
JCXedfk^C{? PAIR C1=1,8,5,2,4,9 C2=1,4,8,2,9,5
JCXedf[nA]? PAIR C1=0,7,3,6,10,1,8,5,2,4,9 C2=0,3,8,4,10,7,2,9,5,1,6
JCXedemvAy? PAIR C1=0,6,1,4,2,8,5,10,3,7 C2=0,3,6,7,2,5,1,10,4,8
JCXeddNnDw? PAIR C1=0,6,8,7,3,10,2,4,1,5,9 C2=0,3,6,1,8,5,10,4,9,2,7
JCXedV[^Dk? PAIR C1=0,6,3,10,2,5,9,1,8,4,7 C2=0,3,8,5,1,4,9,2,7,6,10
JCXedV[^Di? PAIR C1=0,6,3,10,2,5,8,1,9,4,7 C2=0,3,8,4,1,6,7,2,9,5,10
JCXedV[^@m? PAIR C1=0,7,4,9,1,6,3,10,2,5,8 C2=0,3,8,4,1,5,9,2,7,10,6
JCXedU{^Ei? PAIR C1=0,8,2,5,9,1,4,7,6,3,10 C2=0,3,8,4,9,2,7,10,5,1,6
JCXedU{^Am? PAIR C1=0,6,7,4,1,9,3,10,5,8 C2=0,3,8,4,9,5,1,6,10,7
JCXedT{|C{? PAIR C1=0,6,7,2,4,1,8,5,9,3,10 C2=0,3,6,10,5,1,9,2,8,4,7
JCXedT{|Cy? PAIR C1=0,6,7,4,2,5,8,1,9,3,10 C2=0,3,6,1,5,9,2,8,4,10,7
JCXedT{|?}? PAIR C1=0,6,7,2,4,1,8,5,10,3,9 C2=0,3,6,1,5,9,2,8,4,10,7
JCXedVUnBi? PAIR C1=0,3,9,4,1,6,7,2,5,8 C2=0,6,3,8,1,5,9,2,4,7
JCXedVUnAy? PAIR C1=0,3,9,4,1,6,7,2,5,8 C2=0,6,3,8,1,5,9,2,4,7
JCXedVU^Dw? PAIR C1=0,3,9,4,1,6,7,2,5,8 C2=0,6,3,8,1,5,9,2,4,7
JCXedVU^@y? PAIR C1=0,3,9,4,1,6,7,2,5,8 C2=0,6,3,8,1,5,9,2,4,7
JCXedVUNTw? PAIR C1=0,3,9,4,1,6,7,2,5,8 C2=0,6,3,8,1,5,9,2,4,7
JCXedUuvAy? PAIR C1=0,3,9,4,7,6,1,5,2,8 C2=0,6,3,8,5,9,1,4,2,7
JCXedUuv@y? PAIR C1=0,3,9,4,7,6,1,5,2,8 C2=0,6,3,8,5,9,1,4,2,7
JCXedTuvDw? PAIR C1=0,6,7,4,2,5,1,8,3,9 C2=0,3,6,1,4,9,5,8,2,7
JCXedTuvCy? PAIR C1=0,6,7,4,2,5,1,8,3,9 C2=0,3,6,1,4,9,5,8,2,7
JCXedU]|Bi? PAIR C1=0,3,9,2,4,7,6,1,5,8 C2=0,6,3,8,4,1,9,5,2,7
JCXedU]|Ay? PAIR C1=0,3,9,2,4,7,6,1,5,8 C2=0,6,3,8,4,1,9,5,2,7
JCXedU]^Bi? PAIR C1=0,3,9,2,4,7,6,1,5,8 C2=0,6,3,8,4,1,9,5,2,7
JCXedT]|Dw? PAIR C1=0,7,4,2,5,8,1,6,3,9 C2=0,3,8,4,1,5,9,2,7,6
JCXedT]|Cy? PAIR C1=0,7,4,2,5,8,1,6,3,9 C2=0,3,8,4,1,5,9,2,7,6
JCXedVTn@{? PAIR C1=0,6,1,5,2,10,4,9,3,8,7 C2=0,3,6,10,5,9,2,7,4,1,8
JCXedTtnA{? PAIR C1=0,7,8,5,2,4,10,1,6,3,9 C2=0,3,8,1,4,7,2,9,5,10,6
JCXedT\|@{? PAIR C1=0,7,8,4,10,2,5,1,6,3,9 C2=0,3,8,1,4,7,2,9,5,10,6
JCXedT\nBk? PAIR C1=0,7,4,8,5,2,10,1,6,3,9 C2=0,3,8,7,2,9,4,1,5,10,6
JCXedSvvDw? PAIR C1=0,9,3,6,8,5,1,4,2,10 C2=0,3,8,2,5,10,4,9,1,6
JCXecvk^Dk? PAIR C1=0,8,2,4,1,5,9,3,6,10 C2=0,3,10,2,5,8,4,9,1,6
JCXecvk^DM? PAIR C1=0,8,2,4,1,5,9,3,7,6,10 C2=0,3,6,1,9,4,8,5,2,10,7
JCXec^w^Dk? PAIR C1=0,3,10,5,9,2,4,8,1,6 C2=0,8,2,5,1,4,9,3,6,10
JCXec^w^Di? PAIR C1=0,6,3,9,2,10,5,1,8,4,7 C2=0,3,8,2,5,9,4,1,6,7,10
JCXec^w^@m? PAIR C1=0,6,3,9,2,10,5,1,8,4,7 C2=0,3,10,7,6,1,4,9,5,2,8
JCXec\{nFa? PAIR C1=0,3,8,5,9,2,4,7,6,1,10 C2=0,6,3,9,4,8,1,5,2,10,7
JCXec\{nBe? PAIR C1=0,3,8,5,9,4,2,10,1,6,7 C2=0,6,3,10,7,4,8,1,5,2,9
JCXec^q^Dw? PAIR C1=0,3,9,5,10,2,4,1,6,8 C2=0,6,3,8,1,5,2,9,4,10
JCXec^q^@y? PAIR C1=0,3,8,6,1,4,2,9,5,10,7 C2=0,6,7,4,9,3,10,2,5,1,8
JCXe`^w|C{? PAIR C1=0,9,2,4,8,3,6,1,5,10 C2=0,3,9,5,2,8,1,4,10,6
JCXe`^w|Cy? PAIR C1=0,6,7,10,3,9,5,2,4,1,8 C2=0,9,2,8,3,6,1,5,7,4,10
JCXe`]{}Ei? PAIR C1=0,6,7,10,5,2,4,1,9,3,8 C2=0,9,2,8,4,7,5,1,6,3,10
JCXe`]{vFa? PAIR C1=0,3,10,7,4,8,2,5,9,1,6 C2=0,8,3,6,7,5,1,10,2,4,9
JCXe`^Y|Cy? PAIR C1=0,3,9,5,10,7,4,1,6,8 C2=0,9,1,5,7,6,3,8,4,10
JCXe`^YlUw? PAIR C1=0,3,9,5,10,4,7,6,1,8 C2=0,9,7,5,1,4,8,6,3,10
JCXe`]ytUw? PAIR C1=0,3,8,4,7,6,1,9,5,10 C2=0,8,6,3,10,4,1,5,7,9
JCXffa[fI]? PAIR C1=0,6,1,4,10,7,3,9,8 C2=0,7,1,10,6,3,8,4,9
JCXfVa[Vdi? PAIR C1=0,7,3,9,6,1,4,8,5,10 C2=0,6,4,9,5,1,7,10,3,8
JCXfVa[VdJ? PAIR C1=0,7,3,9,6,1,4,8,5,10 C2=0,3,8,10,7,1,5,9,4,6
JCXfQysudi? PAIR C1=0,6,1,9,3,7,4,2,8,5,10 C2=0,8,3,10,7,1,5,2,6,4,9
JCXfQysudb? PAIR C1=0,3,7,5,8,10,2,4,1,9,6 C2=0,8,3,10,7,1,5,2,6,4,9
JCXfQysudJ? PAIR C1=0,8,5,7,3,9,6,1,4,2,10 C2=0,3,8,10,7,1,5,2,6,4,9
JCXevQsVTk? PAIR C1=0,7,9,3,6,1,4,2,5,10 C2=0,3,10,2,7,1,5,9,4,6
JCXevQsVTL? PAIR C1=0,7,9,3,6,1,4,2,8,5,10 C2=0,3,8,10,2,7,1,5,9,4,6
JCXevQsNUL? PAIR C1=0,7,9,3,6,1,4,2,8,5,10 C2=0,3,8,10,1,7,2,5,9,4,6
JCXeuqslbR? PAIR C1=0,7,10,1,6,4,2,8,5,9 C2=0,6,9,2,5,1,7,4,10,8
JCXetrSlbR? PAIR C1=0,7,10,4,2,9,3,6,1,5,8 C2=0,3,8,10,1,4,7,2,5,9,6
JCXetrSlRT? PAIR C1=0,7,9,3,6,1,4,10,2,5,8 C2=0,3,8,10,1,5,9,2,7,4,6
JCXetrSlP\? PAIR C1=0,7,4,10,6,3,9,2,5,8 C2=0,6,4,2,7,3,8,10,5,9
JCXerYsuTk? PAIR C1=0,3,6,1,4,7,5,8,2,10 C2=0,6,4,2,7,1,5,10,3,8
JCXerYsuTL? PAIR C1=0,3,8,2,5,7,4,9,1,6 C2=0,8,5,1,7,2,4,6,3,9
JCXerYsmUL? PAIR C1=0,3,8,2,5,7,9,4,1,6 C2=0,8,5,1,7,2,4,6,3,9
JCXb^a[udJ? PAIR C1=0,3,8,4,9,1,5,6,2,10,7 C2=0,8,10,5,2,4,6,1,7,3,9
JCZTehimbY? PAIR C1=0,3,6,9,2,8,4,10,1,5 C2=0,6,8,1,4,2,10,5,3,9
JCZTehimaZ? PAIR C1=0,7,10,1,5,3,6,2,8,4,9 C2=0,5,10,4,2,9,3,7,1,8,6
JCZTehim`Z? PAIR C1=0,7,10,2,8,4,1,5,3,6,9 C2=0,5,10,4,2,9,3,7,1,8,6
JCZTdhiubY? PAIR C1=0,3,6,2,8,4,1,5,10,7 C2=0,5,3,7,2,4,10,1,8,6
JCZTdhiuaZ? PAIR C1=0,3,6,2,8,4,1,5,10,7 C2=0,5,3,7,2,4,10,1,8,6
JCZTdhiuR[? PAIR C1=0,3,6,10,2,8,4,1,5,7 C2=0,5,3,7,2,4,10,1,8,6
JCZTdhiuRL? PAIR C1=0,3,6,2,10,8,4,9,1,5,7 C2=0,5,10,6,8,1,4,2,7,3,9
JCZTdhiuQ\? PAIR C1=0,3,6,2,8,10,4,9,1,5,7 C2=0,5,10,6,8,1,4,2,7,3,9
JCZTdhiuP\? PAIR C1=0,3,6,2,8,10,4,9,1,5,7 C2=0,5,10,6,8,1,4,2,7,3,9
JCZTdXqubX? PAIR C1=0,3,9,1,5,7,4,10,8,2,6 C2=0,7,2,4,1,10,5,3,8,6,9
JCZTdXqubJ? PAIR C1=0,3,6,2,8,10,7,4,9,1,5 C2=0,7,2,4,1,10,5,3,8,6,9
JCZTdXqu`Z? PAIR C1=0,3,6,2,8,1,9,4,7,5 C2=0,7,2,4,1,5,3,8,6,9
JCZLbbwho}? PAIR C1=0,3,6,2,8,1,7,10,4,5 C2=0,6,10,5,1,4,2,7,3,8
JCZLbbwXo}? PAIR C1=0,3,6,2,8,1,7,10,4,5 C2=0,6,10,5,1,4,2,7,3,8
JCZLbbwdrM? PAIR C1=0,3,6,2,10,7,1,8,4,5 C2=0,6,10,5,1,4,2,7,3,8
JCZLbbwdp]? PAIR C1=0,3,6,2,10,7,1,8,4,5 C2=0,6,10,5,1,4,2,7,3,8
JCZLbbwRti? PAIR C1=0,5,9,7,1,8,2,10,3,6 C2=0,8,3,7,2,6,9,1,5,10
JCZLbbwRpm? PAIR C1=0,3,7,1,8,2,10,5,9,6 C2=0,5,1,9,7,2,6,10,3,8
JCZLbbsqo}? PAIR C1=0,5,1,7,10,3,6,9,4,2,8 C2=0,3,8,1,4,5,10,6,2,7,9
JCZLbbserM? PAIR C1=0,5,1,10,7,3,6,9,4,2,8 C2=0,3,8,1,4,5,10,6,2,7,9
JCZLbbseq]? PAIR C1=0,5,1,10,7,3,6,9,4,2,8 C2=0,3,8,1,4,5,10,6,2,7,9
JCZLbbksp]? PAIR C1=0,5,1,7,3,9,6,10,4,2,8 C2=0,3,6,2,7,10,5,4,8,1,9
JCZLbbk[su? PAIR C1=0,6,9,3,7,1,5,8,2,4,10 C2=0,3,10,6,2,7,9,1,8,4,5
JCZLbbk[o}? PAIR C1=0,6,9,3,7,1,5,10,4,2,8 C2=0,3,10,6,2,7,9,1,8,4,5
JCZLbbkUti? PAIR C1=0,6,9,3,7,10,5,1,4,2,8 C2=0,5,4,8,1,9,7,2,6,3,10
JCZLbbkUtM? PAIR C1=0,3,7,1,5,10,6,9,4,2,8 C2=0,5,4,8,1,9,3,6,2,7,10
JCZLbbkUpm? PAIR C1=0,3,7,1,5,10,6,9,4,2,8 C2=0,5,4,8,1,9,3,10,7,2,6
JCZLbb[wo}? PAIR C1=0,5,1,4,2,7,9,6,10,3,8 C2=0,3,7,10,5,4,8,1,9,2,6
JCZLbb[krU? PAIR C1=0,6,3,9,7,2,10,1,5,4,8 C2=0,3,7,10,6,9,2,4,1,8,5
JCZLbb[krM? PAIR C1=0,6,3,9,7,2,10,1,5,4,8 C2=0,3,7,10,6,9,2,4,1,8,5
JCZLbb[kq]? PAIR C1=0,5,4,1,10,6,2,7,9,3,8 C2=0,3,7,10,5,1,8,4,2,9,6
JCZLbb[kp]? PAIR C1=0,5,4,10,6,2,7,9,3,8 C2=0,3,7,10,5,8,4,2,9,6
JCZLbb[Yti? PAIR C1=0,5,1,4,9,7,10,2,6,3,8 C2=0,3,10,5,4,8,1,7,2,9,6
JCZLbb[YtM? PAIR C1=0,5,1,4,8,3,7,10,2,6 C2=0,3,6,10,5,4,2,7,1,8
JCZLbb[Ypm? PAIR C1=0,5,1,4,8,3,7,10,2,6 C2=0,3,6,10,5,4,2,7,1,8
JCZLbb[hqu? PAIR C1=0,5,9,6,2,4,1,10,7,3,8 C2=0,3,6,10,4,5,8,1,7,2,9
JCZLbb[XtU? PAIR C1=0,5,9,7,3,8,1,4,2,6 C2=0,3,6,9,2,7,1,5,4,8
JCZLbb[Xsu? PAIR C1=0,5,9,7,3,8,1,4,2,6 C2=0,3,6,9,2,7,1,5,4,8
JCZLba{prs? PAIR C1=0,5,9,7,3,8,4,1,10,2,6 C2=0,3,6,10,4,5,8,2,7,1,9
JCZLba{TuU? PAIR C1=0,5,9,6,2,4,1,10,7,3,8 C2=0,3,9,1,7,2,8,5,4,10,6
JCZLb`{wo}? PAIR C1=0,3,7,9,6,2,4,8,1,5 C2=0,6,3,8,5,4,1,7,2,9
JCZLb`{stM? PAIR C1=0,3,7,9,6,2,8,4,1,5 C2=0,6,3,8,5,4,2,7,1,9
JCZLb`{dvE? PAIR C1=0,3,7,9,6,2,8,4,1,5 C2=0,6,3,8,1,7,2,4,5,9
JCZLbbilQm? PAIR C1=0,3,9,7,2,6,8,1,4,5 C2=0,6,3,7,1,5,9,2,4,8
JCZLbbi\O}? PAIR C1=0,3,9,7,2,6,8,1,4,5 C2=0,6,3,7,1,5,9,2,4,8
JCZLbbiVTi? PAIR C1=0,3,9,7,2,6,8,1,4,5 C2=0,6,3,7,1,5,9,4,2,8
JCZLbbiVTM? PAIR C1=0,3,9,7,2,6,8,1,4,5 C2=0,6,3,7,1,5,9,4,2,8
JCZLbbiVPm? PAIR C1=0,3,9,7,2,6,8,1,4,5 C2=0,6,3,7,1,5,9,4,2,8
JCZLbbiNUi? PAIR C1=0,3,9,7,2,6,8,1,4,5 C2=0,6,3,7,1,5,9,4,2,8
JCZLbbiNQm? PAIR C1=0,3,9,7,2,6,8,1,4,5 C2=0,6,3,7,1,5,9,4,2,8
JCZLbbidri? PAIR C1=0,3,9,7,2,6,8,4,1,5 C2=0,6,3,7,1,8,2,4,5,9
JCZLbbiLuq? PAIR C1=0,3,9,7,2,6,8,1,4,5 C2=0,6,3,7,1,5,9,2,4,8
JCZLbbYlRM? PAIR C1=0,3,9,7,2,6,8,1,4,5 C2=0,6,3,7,1,5,9,2,4,8
JCZLbbYlP]? PAIR C1=0,3,9,7,2,6,8,1,4,5 C2=0,6,3,7,1,5,9,2,4,8
JCZLbbYZTi? PAIR C1=0,5,4,1,7,9,2,6,3,8 C2=0,3,7,2,4,9,5,1,8,6
JCZLbbYZPm? PAIR C1=0,5,4,1,7,9,2,6,3,8 C2=0,3,7,2,4,9,5,1,8,6
JCZLbbYLvI? PAIR C1=0,5,4,1,7,9,2,6,3,8 C2=0,3,7,2,4,8,1,5,9,6
JCZLbaytR[? PAIR C1=0,5,10,6,2,7,1,9,3,8 C2=0,3,7,9,5,1,10,2,8,6
JCZLbaytRM? PAIR C1=0,5,10,6,2,7,1,9,3,8 C2=0,3,7,9,5,1,10,2,8,6
JCZLbaytQ]? PAIR C1=0,5,10,4,2,7,1,9,3,8,6 C2=0,3,7,9,5,4,1,10,6,2,8
JCZLbaytP]? PAIR C1=0,6,2,4,10,5,1,7,9,3,8 C2=0,3,7,2,10,6,8,4,1,9,5
JCZLbayprw? PAIR C1=0,8,2,4,1,5,10,3,7,9 C2=0,3,8,4,10,2,7,1,9,5
JCZLbaypri? PAIR C1=0,5,10,1,4,2,8,3,7,9 C2=0,3,10,2,7,1,9,5,4,8
JCZLbayppy? PAIR C1=0,8,3,6,2,4,1,5,10,7,9 C2=0,3,10,2,7,1,9,5,4,8,6
JCZLbayXuq? PAIR C1=0,3,10,4,5,1,9,7,2,8,6 C2=0,5,9,2,6,3,8,4,1,7,10
JCZLbayXsy? PAIR C1=0,3,10,4,5,1,9,7,2,8,6 C2=0,5,9,2,6,3,8,4,1,7,10
JCZLb`yxS]? PAIR C1=0,3,7,9,1,5,10,4,2,8,6 C2=0,5,9,2,6,3,8,4,1,7,10
JCZLb`yxO}? PAIR C1=1,5,10,6,2,4,8,3,7,9 C2=1,4,5,9,2,8,6,3,10,7
JCZLb`ytS]? PAIR C1=0,3,7,1,5,10,4,2,8,6 C2=0,5,4,1,8,3,6,2,7,10
JCZLb`yjUM? PAIR C1=0,6,2,7,3,8,4,1,5,10 C2=0,3,6,10,7,1,8,2,4,5
JCZLb`yjQm? PAIR C1=0,5,1,10,3,7,2,6,8,4,9 C2=0,3,8,2,4,1,7,9,5,10,6
JCZLb`ybvg? PAIR C1=0,5,1,10,3,7,2,6,8,4,9 C2=0,6,3,8,2,4,1,7,9,5,10
JCZLbam]UM? PAIR C1=0,3,7,10,6,2,4,9,1,5,8 C2=0,5,10,1,4,8,2,7,9,3,6
JCZLbam]Qm? PAIR C1=0,3,7,10,6,2,4,9,1,5,8 C2=0,5,10,1,4,8,2,7,9,3,6
JCZLbamtRs? PAIR C1=0,3,10,6,2,7,1,9,5,8 C2=0,5,1,10,2,8,6,3,7,9
JCZLbbpj_}? PAIR C1=0,3,10,6,2,4,9,5,1,7,8 C2=0,5,10,4,1,8,2,7,3,6,9
JCZLbbpZc]? PAIR C1=0,3,6,10,5,9,4,2,7,1,8 C2=0,5,4,1,9,6,2,8,3,7,10
JCZLbbpZ_}? PAIR C1=1,7,2,4,9,5,10,6,3,8 C2=1,5,4,10,3,7,8,2,6,9
JCZLbbpfbM? PAIR C1=1,5,9,4,2,7,8,3,6,10 C2=1,4,5,10,7,3,9,6,2,8
JCZLbbpf`]? PAIR C1=1,5,9,4,2,10,6,3,8,7 C2=1,4,5,10,7,3,9,6,2,8
JCZLbbpVdU? PAIR C1=0,3,8,7,1,5,9,4,2,10,6 C2=0,5,4,1,8,2,6,9,3,7,10
JCZLbbpRtw? PAIR C1=0,6,3,8,7,1,5,9,4,2,10 C2=0,3,7,9,6,2,8,1,4,10,5
JCZLbbpRp{? PAIR C1=1,5,9,4,2,10,6,3,8,7 C2=1,4,5,10,3,7,9,6,2,8
JCZLbbpJus? PAIR C1=0,3,8,7,1,5,9,4,2,6,10 C2=0,5,4,10,1,8,2,9,7,3,6
JCZLbbpFvS? PAIR C1=0,3,8,7,1,5,9,4,2,6,10 C2=0,5,4,10,1,8,2,7,9,3,6
JCZLbbh\_}? PAIR C1=1,5,9,6,3,10,4,2,8,7 C2=1,8,4,5,10,6,2,7,3,9
JCZLbbhLus? PAIR C1=0,5,1,7,8,4,2,9,6,3,10 C2=0,3,7,9,5,4,10,1,8,2,6
JCZLbaxVfE? PAIR C1=0,5,1,7,8,4,9,3,6,2,10 C2=0,3,8,2,7,10,1,4,5,9,6
JCZLbaxprk? PAIR C1=0,3,10,5,9,6,2,7,1,4,8 C2=0,6,10,1,5,4,2,8,3,7,9
JCZLbaxXus? PAIR C1=0,5,1,7,2,9,6,3,10,4,8 C2=0,6,2,8,3,7,9,5,4,1,10
JCZLb`xxc]? PAIR C1=0,3,6,9,2,8,4,10,7,1,5 C2=0,9,5,4,1,8,3,7,2,6,10
JCZLb`xx_}? PAIR C1=0,3,6,9,2,8,4,1,7,10,5 C2=0,6,10,4,2,7,3,8,1,5,9
JCZLb`xtc]? PAIR C1=0,9,6,3,8,4,2,7,1,5,10 C2=0,3,7,10,4,5,9,1,8,2,6
JCZLb`xt`]? PAIR C1=0,5,10,2,8,4,1,7,3,6,9 C2=0,3,8,1,9,5,4,10,7,2,6
JCZLb`xpp{? PAIR C1=0,5,1,7,8,4,2,10,3,6,9 C2=0,3,7,2,8,1,9,5,4,10,6
JCZLb`xhus? PAIR C1=0,5,1,10,3,7,8,4,2,6,9 C2=0,6,3,8,1,7,2,9,5,4,10
JCZLb`xhq{? PAIR C1=0,5,1,10,3,7,8,4,2,6,9 C2=0,3,8,1,7,2,9,5,4,10,6
JCZLb`xdvS? PAIR C1=0,3,8,4,2,6,10,1,7,9 C2=0,6,9,3,7,2,8,1,4,10
JCZLb`xdr[? PAIR C1=0,5,10,1,4,8,2,6,3,7,9 C2=0,3,8,1,7,2,10,4,5,9,6
JCZLb`xbrk? PAIR C1=0,5,1,4,8,2,6,3,7,9 C2=0,3,8,1,7,2,4,5,9,6
JCZLb`l{cy? PAIR C1=0,3,10,4,8,7,2,6,9,1,5 C2=0,6,3,7,10,5,4,1,8,2,9
JCZLb`l{c]? PAIR C1=0,3,7,2,8,4,10,5,1,9,6 C2=0,9,3,6,2,4,5,8,1,7,10
JCZLb`l{_}? PAIR C1=0,3,7,2,8,4,10,6,9,1,5 C2=0,6,3,10,7,1,8,5,4,2,9
JCZLb`lmei? PAIR C1=0,3,9,6,2,7,8,4,1,5,10 C2=0,6,3,10,7,1,8,5,4,2,9
JCZLb`lmeM? PAIR C1=0,3,7,8,4,1,5,10,6,9 C2=0,6,3,9,4,5,8,1,7,10
JCZLb`lmam? PAIR C1=0,3,9,6,2,7,8,4,1,5 C2=0,6,3,7,1,8,5,4,2,9
JCZLb`lkus? PAIR C1=0,3,9,6,2,7,8,4,1,5 C2=0,6,3,7,1,8,5,4,2,9
JCZJeiqmRX? PAIR C1=0,8,3,7,5,1,6,2,4,9 C2=0,3,6,8,2,9,7,1,4,5
JCZJeiqmRL? PAIR C1=0,8,3,7,5,1,6,2,4,9 C2=0,3,6,8,2,9,7,1,4,5
JCZJeiqZTs? PAIR C1=0,7,9,5,1,4,2,6,3,8 C2=0,3,7,1,6,8,2,9,4,5
JCZJeiqZTp? PAIR C1=0,7,9,5,1,4,2,6,3,8 C2=0,3,7,1,6,8,2,9,4,5
JCZJeiqZTT? PAIR C1=0,7,9,5,1,4,2,6,3,8 C2=0,3,7,1,6,8,2,9,4,5
JCZJeiqZSt? PAIR C1=0,7,9,5,1,4,2,6,3,8 C2=0,3,7,1,6,8,2,9,4,5
JCZJeiqZPt? PAIR C1=0,7,9,5,1,4,2,6,3,8 C2=0,3,7,1,6,8,2,9,4,5
JCZJayqzDe? PAIR C1=0,8,3,7,4,2,6,1,5,9 C2=0,3,6,8,2,9,4,1,7,5
JCZJayqzDb? PAIR C1=0,8,3,7,4,2,6,1,5,9 C2=0,3,6,8,2,9,4,1,7,5
JCZJayqzDF? PAIR C1=0,8,3,7,4,2,6,1,5,9 C2=0,3,6,8,2,9,4,1,7,5
JCZJayqz@f? PAIR C1=0,8,3,7,4,2,6,1,5,9 C2=0,3,6,8,2,9,4,1,7,5
JCXmdbwXs]? PAIR C1=0,7,3,6,9,5,1,4,2,8 C2=0,3,8,4,5,2,7,9,1,6
JCXmdbk[s]? PAIR C1=0,7,9,3,6,1,5,4,2,8 C2=0,3,7,2,5,8,4,1,9,6
JCXmdbk[o}? PAIR C1=0,7,9,3,6,1,5,4,2,8 C2=0,3,7,2,5,8,4,1,9,6
JCXmdbkere? PAIR C1=0,7,9,3,6,1,5,4,2,8 C2=0,3,7,2,5,8,1,4,9,6
JCXmdbkUtM? PAIR C1=0,7,9,3,6,1,5,4,2,8 C2=0,3,7,2,5,8,1,4,9,6
JCXmdbkUpm? PAIR C1=0,7,9,3,6,1,5,4,2,8 C2=0,3,7,2,5,8,1,4,9,6
JCXmdbkFvE? PAIR C1=0,7,9,3,6,1,5,4,2,8 C2=0,3,7,2,5,8,1,4,9,6
JCXmdb[ire? PAIR C1=0,7,2,5,1,4,9,6,3,8 C2=0,3,7,9,2,4,5,8,1,6
JCXmdb[Ytk? PAIR C1=0,7,2,5,1,4,9,6,3,8 C2=0,3,7,9,2,4,5,8,1,6
JCXmdb[YtM? PAIR C1=0,7,2,5,1,4,9,6,3,8 C2=0,3,7,9,2,4,5,8,1,6
JCXmdbqfRU? PAIR C1=0,3,6,10,1,4,9,5,2,7 C2=0,6,1,5,4,2,10,7,3,9
JCXmdbqfP]? PAIR C1=0,3,8,6,1,4,9,5,2,10,7 C2=0,6,10,4,5,1,8,2,7,3,9
JCXmdbqbrq? PAIR C1=0,3,8,6,9,4,1,5,2,10,7 C2=0,6,3,7,2,8,1,10,4,5,9
JCXmdbqbqy? PAIR C1=0,3,6,8,1,4,9,5,2,7 C2=0,6,1,5,4,2,8,3,7,9
JCXmdbqRtw? PAIR C1=0,7,2,4,1,8,3,6,9,5,10 C2=0,3,7,9,1,5,4,10,2,8,6
JCXmdbitP]? PAIR C1=0,7,9,5,4,2,10,6,1,8 C2=0,6,8,4,10,7,2,5,1,9
JCXmdbi\S]? PAIR C1=0,8,4,2,9,5,1,6,3,7,10 C2=0,3,9,7,2,8,1,4,5,10,6
JCXmdbiTti? PAIR C1=0,8,4,2,5,9,1,6,3,7,10 C2=0,3,10,5,4,1,8,2,7,9,6
JCXmdbiLui? PAIR C1=0,8,4,2,9,5,1,6,3,7,10 C2=0,3,10,5,4,1,8,2,7,9,6
JCXmdbYlRU? PAIR C1=0,7,3,6,1,5,9,2,4,8 C2=0,3,9,7,2,5,4,1,8,6
JCXmdbYlQ]? PAIR C1=0,7,3,6,1,5,9,2,4,8 C2=0,3,9,7,2,5,4,1,8,6
JCXmdbYhrq? PAIR C1=0,7,3,6,9,2,10,1,5,4,8 C2=0,3,10,7,9,5,2,4,1,8,6
JCXmdbYhri? PAIR C1=0,7,3,6,9,2,10,1,5,4,8 C2=0,3,10,7,9,5,2,4,1,8,6
JCXmdbYhqy? PAIR C1=1,6,9,2,7,3,8,4,5,10 C2=1,4,2,5,9,7,10,3,6,8
JCXmdbYhpy? PAIR C1=1,5,10,4,8,3,7,2,9,6 C2=1,4,2,5,9,7,10,3,6,8
JCXmdbYXtw? PAIR C1=0,6,9,2,10,5,4,1,8,3,7 C2=0,3,10,4,2,7,9,5,1,6,8
JCXmdbYXtq? PAIR C1=0,6,9,5,2,10,4,1,8,3,7 C2=0,3,10,7,9,2,4,5,1,6,8
JCXmdaytRU? PAIR C1=0,6,10,4,1,9,5,2,8,3,7 C2=0,3,9,7,10,2,4,5,1,6,8
JCXmdaytQ]? PAIR C1=0,6,10,4,1,9,5,2,8,3,7 C2=0,3,9,7,2,4,5,10,1,6,8
JCXmdayrRe? PAIR C1=0,6,10,1,9,5,2,4,8,3,7 C2=0,3,10,2,7,9,4,5,1,6,8
JCXmdayZUi? PAIR C1=0,3,6,8,4,1,9,5,2,7 C2=0,6,1,5,4,2,9,7,3,8
JCXmdayZUM? PAIR C1=0,3,6,8,4,1,9,5,2,7 C2=0,6,1,5,4,2,9,7,3,8
JCXmdayprq? PAIR C1=0,3,6,8,4,5,9,1,10,2,7 C2=0,6,9,7,3,10,4,1,5,2,8
JCXmdaypri? PAIR C1=0,3,6,8,4,5,9,1,10,2,7 C2=0,6,9,7,3,10,5,1,4,2,8
JCXmdaypqy? PAIR C1=0,3,6,8,4,10,1,9,5,2,7 C2=0,6,9,7,3,10,5,1,4,2,8
JCXmdayXuq? PAIR C1=0,3,6,8,4,1,9,5,2,7 C2=0,6,1,5,4,2,9,7,3,8
JCXmd`m{S{? PAIR C1=0,3,6,10,5,8,1,4,2,9,7 C2=0,6,8,2,7,3,9,1,5,4,10
JCXmd`m{S]? PAIR C1=0,3,6,10,5,8,1,4,2,9,7 C2=0,6,8,2,7,3,9,1,5,4,10
JCXmd`mmUk? PAIR C1=0,3,6,10,5,8,1,4,2,9,7 C2=0,6,8,2,7,3,9,4,5,1,10
JCXmd`mmUi? PAIR C1=0,3,6,8,2,5,4,1,10,7 C2=0,6,1,5,8,4,2,7,3,10
JCXmd`mmUM? PAIR C1=0,7,10,6,8,4,1,5,2,9 C2=0,6,1,8,2,7,9,4,5,10
JCXmd`mfVc? PAIR C1=0,7,3,6,10,1,5,2,8,4,9 C2=0,6,1,8,5,4,2,7,9,3,10
JCXmd`mfVa? PAIR C1=0,7,3,6,8,2,5,1,4,9 C2=0,3,9,7,2,4,5,8,1,6
JCXmd`mfVE? PAIR C1=0,7,3,6,8,2,5,1,4,9 C2=0,3,9,7,2,4,5,8,1,6
JCXmd`mstq? PAIR C1=0,7,3,6,8,2,4,5,1,9 C2=0,3,9,7,2,5,8,4,1,6
JCXmdbbv?}? PAIR C1=0,7,3,6,8,2,4,1,5,9 C2=0,3,9,4,5,2,7,8,1,6
JCXmfQqVTk? PAIR C1=0,7,9,5,2,4,1,6,3,8 C2=0,3,9,1,5,4,7,2,8,6
JCXmfQqVTh? PAIR C1=0,7,9,5,2,4,1,6,3,8 C2=0,3,9,1,5,4,7,2,8,6
JCXmfQqVPl? PAIR C1=0,7,9,5,2,4,1,6,3,8 C2=0,3,9,1,5,4,7,2,8,6
JCXmfQqdjw? PAIR C1=0,3,6,8,9,5,2,4,1,7 C2=0,6,1,5,4,7,2,8,3,9
JCXmfQqdji? PAIR C1=0,3,6,8,9,5,2,4,1,7 C2=0,6,1,5,4,7,2,8,3,9
JCXmeqskjU? PAIR C1=0,7,1,6,3,9,2,4,5,8 C2=0,3,7,4,1,5,2,8,9,6
JCXmeqskjM? PAIR C1=0,7,1,6,3,9,2,4,5,8 C2=0,3,7,4,1,5,2,8,9,6
JCXmeqski]? PAIR C1=0,7,1,6,3,9,2,4,5,8 C2=0,3,7,4,1,5,2,8,9,6
JCXmeqskh]? PAIR C1=0,7,1,6,3,9,2,4,5,8 C2=0,3,7,4,1,5,2,8,9,6
JCXmeYq^De? PAIR C1=0,7,1,5,4,2,9,3,6,8 C2=0,3,8,2,5,7,4,9,1,6
JCXmeYq^Db? PAIR C1=0,7,1,5,4,2,9,3,6,8 C2=0,3,8,2,5,7,4,9,1,6
JCXmczoZdd? PAIR C1=0,6,9,2,4,5,1,8,3,7 C2=0,3,6,1,9,4,7,5,2,8
JCXmczoZdF? PAIR C1=0,6,9,2,4,5,1,8,3,7 C2=0,3,6,1,9,4,7,5,2,8
JCY^BbwdrM? PAIR C1=0,5,3,8,4,1,10,7,2,6 C2=0,3,7,1,6,10,5,4,2,8
JCY^BbkUte? PAIR C1=0,5,8,1,4,2,6,9,3,10 C2=0,3,5,4,9,1,6,10,2,8
JCY^BbkUtM? PAIR C1=0,5,8,4,1,7,3,9,6,2,10 C2=0,3,5,4,9,1,6,10,7,2,8
JCY^BbkUpm? PAIR C1=0,5,8,4,1,7,9,3,10,2,6 C2=0,3,5,4,9,1,6,10,7,2,8
JCY^BbkFva? PAIR C1=0,5,4,2,10,3,9,7,1,8 C2=0,3,7,2,8,5,9,4,1,10
JCY^Bb[krM? PAIR C1=0,6,9,3,5,4,2,10,7,1,8 C2=0,3,7,9,2,6,10,1,4,8,5
JCY^Bb[kq]? PAIR C1=0,6,9,3,5,10,4,2,7,1,8 C2=0,3,7,9,2,6,10,1,4,8,5
JCY^Bb[kp]? PAIR C1=0,6,9,2,4,5,10,7,3,8 C2=0,3,9,7,2,6,10,4,8,5
JCY^BbitP]? PAIR C1=0,6,10,5,3,7,2,8,4,1,9 C2=0,3,9,7,1,8,6,2,10,4,5
JCY^Bbi\Su? PAIR C1=0,6,2,8,4,1,9,5,3,7,10 C2=0,3,9,2,7,1,8,6,10,4,5
JCY^Bbi\S]? PAIR C1=0,6,2,8,4,1,9,5,3,7,10 C2=0,3,9,2,7,1,8,6,10,4,5
JCY^Bbi\O}? PAIR C1=0,6,10,5,3,7,9,1,4,2,8 C2=0,3,9,2,6,8,1,7,10,4,5
JCY^BbiTtq? PAIR C1=0,8,4,2,6,9,1,7,3,10 C2=0,3,9,7,2,10,4,1,8,6
JCY^BbiTtY? PAIR C1=0,3,5,9,7,1,8,2,4,10 C2=0,5,10,2,7,3,9,1,4,8
JCY^BbYlR[? PAIR C1=0,8,1,6,10,4,2,7,3,5,9 C2=0,3,9,7,1,4,8,6,2,10,5
JCY^BbYlQ]? PAIR C1=0,6,1,8,4,10,7,3,5,9 C2=0,3,9,7,1,4,5,10,6,8
JCY^BbYlP]? PAIR C1=0,6,1,8,4,10,7,3,5,9 C2=0,3,9,7,1,4,5,10,6,8
JCY^BbYXtq? PAIR C1=0,5,9,6,1,7,3,10,4,8 C2=0,6,8,3,5,4,1,9,7,10
JCY^BbYXtY? PAIR C1=0,3,7,1,6,9,5,10,4,8 C2=0,6,8,3,5,4,1,9,7,10
JCY^B`yxSu? PAIR C1=0,3,7,10,6,1,8,2,4,5,9 C2=0,5,3,8,6,2,9,7,1,4,10
JCY^B`ybvg? PAIR C1=0,5,9,6,1,8,4,2,7,3,10 C2=0,3,8,6,2,10,5,4,1,7,9
JCY^B`ybvI? PAIR C1=0,3,7,2,4,8,1,6,9,5 C2=0,6,2,8,3,5,4,1,7,9
JCY^BbM]TM? PAIR C1=0,3,9,2,7,1,6,10,5,8 C2=0,5,3,7,9,1,8,6,2,10
JCY^BbM]Pm? PAIR C1=0,6,1,7,2,9,3,5,4,8 C2=0,3,7,9,1,4,2,6,8,5
JCY^BbMNVc? PAIR C1=0,5,4,8,1,7,2,9,3,10,6 C2=0,3,7,9,5,8,6,1,4,2,10
JCY^Ba]{RM? PAIR C1=0,6,2,7,1,9,3,5,4,8 C2=0,3,7,9,2,4,1,6,8,5
JCY^Ba]]VI? PAIR C1=0,6,2,7,1,9,3,5,4,8 C2=0,3,7,9,2,4,1,6,8,5
JCY^Ba]]RM? PAIR C1=0,6,2,7,1,9,3,5,4,8 C2=0,3,7,9,2,4,1,6,8,5
JCY^Ba]ZVc? PAIR C1=0,6,10,3,5,9,2,7,1,4,8 C2=0,3,7,9,1,6,8,5,4,2,10
JCY^Ba]ZVa? PAIR C1=0,3,10,1,7,2,9,5,4,8 C2=0,5,8,3,7,9,1,4,2,10
JCY^Ba]ZRe? PAIR C1=0,6,1,10,7,3,5,9,2,4,8 C2=0,3,8,6,10,2,7,9,1,4,5
JCY^BbJ\dq? PAIR C1=0,8,4,2,7,1,9,5,3,10 C2=0,3,9,2,10,7,8,1,4,5
JCY^BbJNVg? PAIR C1=0,6,1,7,3,5,9,2,4,8 C2=0,3,9,7,2,6,8,1,4,5
JCY^BbJNRk? PAIR C1=0,6,1,7,3,5,9,2,4,8 C2=0,3,9,7,2,6,8,1,4,5
JCY^B`j|Cu? PAIR C1=0,3,5,9,2,4,10,7,1,6 C2=0,5,4,1,9,3,7,2,6,10
JCY^B`jvDe? PAIR C1=0,3,5,9,4,2,10,7,8,1,6 C2=0,5,4,1,9,3,7,2,8,6,10
JCY^B`jvDM? PAIR C1=0,3,5,9,4,2,10,7,8,1,6 C2=0,5,4,1,9,3,7,2,8,6,10
JCY^B`jffg? PAIR C1=0,3,5,10,2,4,8,7,1,6 C2=0,5,4,1,8,6,2,7,3,10
JCY^B`jffa? PAIR C1=0,3,5,9,4,1,7,10,2,8,6 C2=0,5,4,2,7,8,1,6,9,3,10
JCY^B`jffI? PAIR C1=0,3,5,9,4,1,10,7,2,8,6 C2=0,5,4,8,1,7,3,9,6,2,10
JCY^BaZ\fI? PAIR C1=0,3,5,9,2,4,1,10,7,8,6 C2=0,5,4,8,3,9,6,1,7,2,10
JCY^BaZZfI? PAIR C1=0,3,5,9,2,4,1,10,7,8,6 C2=0,5,4,8,3,7,1,9,6,2,10
JCdbFq]xbk? PAIR C1=0,7,3,8,6,10,1,5,2,9 C2=0,3,10,2,7,1,6,9,5,8
JCdbFjM]dk? PAIR C1=0,3,10,6,8,1,9,2,5,7 C2=0,8,5,1,6,9,3,7,2,10
JCdbFjM]d[? PAIR C1=0,3,4,10,6,8,1,9,2,5,7 C2=0,4,8,5,1,6,9,3,7,2,10
JCdbEyyxbk? PAIR C1=0,8,4,3,7,5,2,6,10,1,9 C2=0,3,8,6,9,2,10,5,1,7,4
JCdbFL{u`{? PAIR C1=0,7,2,5,1,8,3,4,10,6,9 C2=0,3,9,1,7,6,2,10,5,8,4
JCdbFL{fbs? PAIR C1=0,7,2,6,10,4,3,8,1,5,9 C2=0,3,9,6,7,1,10,2,5,8,4
JCdefa{Z`]? PAIR C1=0,3,6,1,9,5,8,4,10,2,7 C2=0,4,3,7,1,5,10,6,9,2,8
JCdefam^BU? PAIR C1=0,7,1,6,3,9,4,10,2,5,8 C2=0,3,7,2,9,5,1,10,6,8,4
JCdef`mZdY? PAIR C1=0,6,3,4,10,5,8,2,9,1,7 C2=0,3,7,10,2,5,9,6,1,8,4
JCdef`lZd[? PAIR C1=0,4,3,6,10,5,8,2,9,1,7 C2=0,3,7,2,10,4,8,1,5,9,6
JCdedrsZbU? PAIR C1=0,4,7,10,6,9,1,5,2,8 C2=0,6,1,8,5,9,4,10,2,7
JCdedplZfg? PAIR C1=0,6,9,1,5,2,8,4,7,3,10 C2=0,3,6,1,8,7,2,10,5,9,4
JCdedplZfc? PAIR C1=0,4,9,1,5,8,2,7,3,10,6 C2=0,3,4,7,8,1,6,9,5,2,10
JCdefH{ZdU? PAIR C1=0,4,9,1,5,2,8,3,6,10,7 C2=0,3,4,8,5,9,6,1,7,2,10
JCdefH{Z`u? PAIR C1=0,6,3,8,2,5,1,9,4,10,7 C2=0,3,10,6,1,7,2,9,5,8,4
JCdefIy^BU? PAIR C1=0,4,9,1,5,2,8,3,6,10,7 C2=0,3,4,10,2,9,5,7,1,6,8
JCdefIyZbw? PAIR C1=0,6,8,4,3,10,2,5,9,1,7 C2=0,3,6,9,4,10,1,5,7,2,8
JCdefIyZbq? PAIR C1=0,6,8,4,3,10,2,5,9,1,7 C2=0,3,6,9,4,10,1,5,7,2,8
JCdefIyZRs? PAIR C1=0,4,3,6,10,2,5,9,1,7 C2=0,3,10,4,9,2,7,5,1,6
JCdefHy^@]? PAIR C1=0,4,8,3,6,10,2,5,9,1,7 C2=0,3,9,4,10,5,7,2,8,1,6
JCdefHyZdq? PAIR C1=0,7,2,5,1,9,4,8,6,3,10 C2=0,3,4,10,2,8,1,7,5,9,6
JCdedjwZbU? PAIR C1=0,6,9,1,5,2,7,3,8 C2=0,3,6,1,8,2,9,5,7
JCdedji^BU? PAIR C1=0,3,7,2,5,1,9,4,8,6 C2=0,4,3,6,1,8,2,9,5,7
JCdedjiZbw? PAIR C1=0,3,7,2,5,1,9,4,8,6 C2=0,4,3,6,1,8,2,9,5,7
JCdedjiZbq? PAIR C1=0,3,7,2,5,1,9,4,8,6 C2=0,4,3,6,1,8,2,9,5,7
JCdedhlybs? PAIR C1=0,4,8,7,2,9,1,10,3,6 C2=0,7,3,4,10,2,8,1,6,9
JCdedhlZfo? PAIR C1=0,4,8,7,2,5,1,9,6,3,10 C2=0,3,7,5,9,4,10,2,8,1,6
JCdedhlZfS? PAIR C1=0,4,8,7,2,5,1,9,6,10 C2=0,6,1,8,2,10,4,9,5,7
JCdebZwjbe? PAIR C1=0,6,10,2,7,1,8,4,9 C2=0,4,7,10,1,6,9,2,8
JCdebZwj`m? PAIR C1=0,8,3,6,10,2,5,1,7,4,9 C2=0,4,3,10,7,5,9,2,8,1,6
JCdebZsmb[? PAIR C1=0,3,6,10,2,5,1,7,4,9 C2=0,4,3,9,2,7,5,10,1,6
JCdebZsmbU? PAIR C1=0,3,8,2,5,1,7,4,10,6,9 C2=0,4,9,3,6,1,10,2,7,5,8
JCdebZsZde? PAIR C1=0,3,8,2,5,1,7,4,9,6 C2=0,4,3,6,1,9,2,7,5,8
JCdebZsZdU? PAIR C1=0,3,8,2,5,1,7,4,9,6 C2=0,4,3,6,1,9,2,7,5,8
JCdebZkmbe? PAIR C1=0,4,7,5,1,8,2,9,3,6 C2=0,3,4,9,6,1,7,2,5,8
JCdebZk\de? PAIR C1=0,6,3,4,8,1,7,5,2,10 C2=0,3,10,6,1,5,8,2,7,4
JCdebZk\dU? PAIR C1=0,3,6,9,2,5,7,1,8,4 C2=0,6,1,5,9,3,4,7,2,8
JCdebZk\`u? PAIR C1=0,3,6,9,2,5,7,1,8,4 C2=0,6,1,5,9,3,4,7,2,8
JCdebY{{b[? PAIR C1=0,6,9,3,4,7,1,5,2,8 C2=0,3,6,1,9,2,7,5,8,4
JCdebY{{bU? PAIR C1=0,6,9,3,4,7,1,5,2,8 C2=0,3,6,1,9,2,7,5,8,4
JCdebY{{`]? PAIR C1=0,6,9,3,4,7,1,5,2,8 C2=0,3,6,1,9,2,7,5,8,4
JCdebY{ybe? PAIR C1=0,3,8,2,5,1,7,4,9,6 C2=0,4,3,6,1,9,2,7,5,8
JCdebY{y`m? PAIR C1=0,3,8,2,5,1,7,4,9,6 C2=0,4,3,6,1,9,2,7,5,8
JCdebZqZdi? PAIR C1=0,6,9,4,7,1,5,2,10,3,8 C2=0,4,3,6,8,1,9,2,7,5,10
JCdebZi^De? PAIR C1=0,8,4,9,3,6,1,7,5,2,10 C2=0,4,3,10,7,2,9,5,1,8,6
JCdebZi^@m? PAIR C1=0,3,9,5,2,10,6,1,7,4,8 C2=0,4,3,10,5,7,2,9,1,8,6
JCdebYyZfa? PAIR C1=0,8,6,3,4,7,1,9,5,2,10 C2=0,3,10,1,5,7,2,8,4,9,6
JCdebZe}@]? PAIR C1=0,4,3,9,1,7,2,5,8,6 C2=0,3,6,1,5,7,4,9,2,8
JCdebZembw? PAIR C1=0,3,4,7,2,10,5,1,8,6 C2=0,4,10,3,6,1,7,5,2,8
JCdebZembq? PAIR C1=0,3,4,7,2,10,1,5,8,6 C2=0,4,10,3,6,1,7,5,2,8
JCdebZe]dq? PAIR C1=0,3,4,7,5,1,8,6,9,2,10 C2=0,6,3,10,4,9,1,7,2,5,8
JCdebZe]dY? PAIR C1=0,4,7,5,10,2,9,6,1,8 C2=0,6,8,5,2,7,1,9,4,10
JCdebYu}B[? PAIR C1=0,4,7,1,6,8,5,10,2,9 C2=0,6,10,4,9,1,5,7,2,8
JCdebYu}BU? PAIR C1=0,8,6,3,4,7,5,1,10,2,9 C2=0,3,8,5,2,7,1,9,4,10,6
JCdebYu}@]? PAIR C1=0,8,2,10,5,7,4,3,6,1,9 C2=0,3,8,5,1,7,2,9,4,10,6
JCdebYuybw? PAIR C1=0,8,6,3,4,7,5,2,10,1,9 C2=0,3,8,5,10,4,9,2,7,1,6
JCdebYuybq? PAIR C1=0,4,7,5,2,8,3,6,1,9 C2=0,3,4,9,2,7,1,5,8,6
JCdebYm{bw? PAIR C1=0,4,7,5,1,6,3,10,2,8 C2=0,3,4,10,1,7,2,5,8,6
JCdebYm{bq? PAIR C1=0,4,7,5,1,6,3,10,2,8 C2=0,3,4,10,1,7,2,5,8,6
JCdebYm]fa? PAIR C1=0,4,7,5,1,6,3,9,2,8 C2=0,3,4,9,1,7,2,5,8,6
JCdebXl{d[? PAIR C1=0,9,6,3,4,7,5,1,8,2,10 C2=0,3,9,1,7,2,5,8,4,10,6
JCdebXlmfK? PAIR C1=0,9,6,3,4,7,5,1,8,2,10 C2=0,3,9,4,8,5,2,7,1,10,6
JCdebXllfo? PAIR C1=0,3,6,1,8,2,10,4,7,5,9 C2=0,6,9,3,4,8,5,2,7,1,10
JCdebXllfS? PAIR C1=0,3,6,1,8,2,10,4,7,5,9 C2=0,6,9,3,4,8,5,2,7,1,10
JCdedfk^BU? PAIR C1=0,4,3,6,1,9,5,8,2,10,7 C2=0,6,10,1,5,2,7,3,9,4,8
JCdedfkZbY? PAIR C1=0,3,4,8,2,5,9,6,1,10,7 C2=0,6,3,7,2,10,4,9,1,5,8
JCdeddmZVo? PAIR C1=0,7,9,5,2,8,4,3,6,1,10 C2=0,3,7,2,10,4,9,1,5,8,6
JCdbNbk]cm? PAIR C1=0,4,8,2,5,10,3,9,6,1,7 C2=0,8,5,1,9,4,3,7,2,6,10
JCdbNbk]c]? PAIR C1=0,7,1,6,9,3,4,8,2,5,10 C2=0,3,7,2,6,10,4,9,1,5,8
JCdbNb[mbY? PAIR C1=0,8,1,7,2,5,10,4,3,9 C2=0,4,9,2,10,1,5,8,3,7
JCdbNb[ma]? PAIR C1=0,7,2,5,10,4,3,9,6,1,8 C2=0,3,8,5,1,7,10,6,2,9,4
JCdbNb[Zds? PAIR C1=0,3,10,4,8,1,6,9,5,2,7 C2=0,8,5,1,7,3,4,9,2,6,10
JCdbNb[Zde? PAIR C1=0,3,10,6,1,8,5,2,7 C2=0,8,3,7,1,5,6,2,10
JCdbNb[ZdU? PAIR C1=0,3,8,4,9,6,1,5,2,7 C2=0,4,3,7,1,9,2,6,5,8
JCdbNbM^Ds? PAIR C1=0,3,9,4,8,6,1,5,2,7 C2=0,4,3,7,1,9,2,6,5,8
JCdbNbM^De? PAIR C1=0,3,9,4,8,6,1,5,2,7 C2=0,4,3,7,1,9,2,6,5,8
JCdbNbM^DU? PAIR C1=0,3,9,4,8,6,1,5,2,7 C2=0,4,3,7,1,9,2,6,5,8
JCdbNbM^@u? PAIR C1=0,3,9,4,8,6,1,5,2,7 C2=0,4,3,7,1,9,2,6,5,8
JCdbNbMNfo? PAIR C1=0,3,10,1,6,8,4,9,5,2,7 C2=0,4,10,2,6,9,3,7,1,5,8
JCdbNbMNfa? PAIR C1=0,3,10,1,6,8,4,9,5,2,7 C2=0,4,3,7,1,8,5,6,9,2,10
JCdbNbMNfQ? PAIR C1=0,3,9,4,8,5,2,6,1,7 C2=0,4,3,7,2,9,6,5,1,8
JCdbN`m}Cm? PAIR C1=0,3,9,4,8,5,2,6,1,7 C2=0,4,3,7,2,8,6,5,1,9
JCdbN`m}C]? PAIR C1=0,3,9,4,8,5,2,6,1,7 C2=0,4,3,7,2,8,6,5,1,9
JCdbN`mffo? PAIR C1=0,3,9,4,8,5,2,6,1,7 C2=0,4,3,7,2,8,1,5,6,9
JCdbN`mffa? PAIR C1=0,3,9,4,8,5,2,6,1,7 C2=0,4,3,7,2,8,1,5,6,9
JCdbN`mffQ? PAIR C1=0,3,9,4,8,5,2,6,1,7 C2=0,4,3,7,2,8,1,5,6,9
JCdbNa]}BY? PAIR C1=0,3,8,5,6,1,9,2,7 C2=0,8,6,2,5,1,7,3,9
JCdbNbhfbw? PAIR C1=0,3,9,5,10,1,6,2,8,7 C2=0,8,1,7,3,10,2,5,6,9
JCdbNbhV`{? PAIR C1=0,3,9,4,8,2,5,10,6,1,7 C2=0,4,10,3,7,2,6,9,5,1,8
JCdbNbLmbw? PAIR C1=0,3,9,4,8,5,2,6,1,7 C2=0,4,3,7,2,9,6,5,1,8
JCdbNbLmbs? PAIR C1=0,3,9,4,8,5,2,6,1,7 C2=0,4,3,7,2,9,6,5,1,8
JCdbNbL]dw? PAIR C1=0,3,9,4,8,5,2,6,1,7 C2=0,4,3,7,2,9,6,5,1,8
JCdbNbL]`{? PAIR C1=0,3,9,4,8,5,2,6,1,7 C2=0,4,3,7,2,9,6,5,1,8
JCdbNbLNfo? PAIR C1=0,3,9,4,8,5,2,6,1,7 C2=0,4,3,7,2,9,6,5,1,8
JCdbNa\ybw? PAIR C1=0,3,8,4,9,2,6,5,10,1,7 C2=0,8,7,3,4,10,2,5,1,6,9
JCdbMrwlbY? PAIR C1=0,7,1,10,5,2,9,3,8 C2=0,3,7,10,2,8,1,5,9
JCdbMrwl`]? PAIR C1=0,7,1,5,10,6,2,9,3,8 C2=0,3,7,10,2,8,1,6,5,9
JCdbMq{{bY? PAIR C1=0,4,8,3,9,1,6,2,5,10,7 C2=0,3,7,4,10,1,5,6,9,2,8
JCdbMre}@y? PAIR C1=0,4,3,9,1,6,2,8,5,10,7 C2=0,3,10,4,7,1,8,6,5,2,9
JCdbMrenBe? PAIR C1=0,4,3,9,2,8,5,1,6,10,7 C2=0,3,10,2,5,6,8,1,7,4,9
JCdbMre^Ds? PAIR C1=0,7,4,9,3,10,6,1,5,2,8 C2=0,4,3,7,1,8,6,5,9,2,10
JCdbMre^De? PAIR C1=0,7,4,9,3,10,6,1,5,2,8 C2=0,4,3,7,1,8,6,5,9,2,10
JCdbMre^@u? PAIR C1=0,7,4,9,3,10,6,1,5,2,8 C2=0,3,7,1,8,6,5,9,2,10,4
JCdbMreNfo? PAIR C1=0,7,4,9,3,10,1,6,2,8 C2=0,3,7,1,8,6,9,2,10,4
JCdbMreNfa? PAIR C1=0,7,4,9,3,10,1,6,2,8 C2=0,4,3,7,1,8,6,9,2,10
JCdbMreNbq? PAIR C1=0,7,4,9,3,10,1,6,2,8 C2=0,3,7,1,8,6,9,2,10,4
JCdbMquzBs? PAIR C1=0,3,10,1,6,5,8,2,9,4,7 C2=0,4,10,2,6,8,3,7,1,5,9
JCdbMquzBe? PAIR C1=0,3,10,1,6,5,8,2,9,4,7 C2=0,4,3,8,6,2,10,7,1,5,9
JCdbMquzBU? PAIR C1=0,3,8,2,10,1,6,5,9,4,7 C2=0,8,6,10,4,3,7,1,5,2,9
JCdbMrpjbw? PAIR C1=0,3,8,1,10,2,6,5,9,4,7 C2=0,8,2,5,10,4,3,7,1,6,9
JCdbMrpZdw? PAIR C1=0,3,8,1,5,6,2,9,4,7 C2=0,4,3,7,1,6,9,5,2,8
JCdbMrpZd[? PAIR C1=0,3,8,1,5,6,2,9,4,7 C2=0,4,3,7,1,6,9,5,2,8
JCdbMqxxbw? PAIR C1=0,7,4,3,8,2,5,10,1,9 C2=0,3,7,1,5,9,2,10,4,8
JCdbMqxxbk? PAIR C1=0,7,4,3,8,2,5,10,1,9 C2=0,3,10,2,9,5,1,7,8,4
JCdbMrdmbw? PAIR C1=1,7,3,4,10,5,6,9,2,8 C2=1,6,2,5,8,7,4,9,3,10
JCdbMrdmbs? PAIR C1=0,4,3,7,1,8,2,10,6,9 C2=0,3,9,2,6,1,10,4,7,8
JCdbMrd]`{? PAIR C1=1,7,3,4,9,6,5,10,2,8 C2=1,5,8,7,4,10,3,9,2,6
JCdbMqtybw? PAIR C1=0,4,3,7,1,6,5,10,2,9 C2=0,3,10,1,5,2,6,9,4,7
JCdbMqtybs? PAIR C1=0,4,10,6,9,1,5,2,8,3,7 C2=0,3,10,1,7,4,9,2,6,5,8
JCdbMqf}Bw? PAIR C1=0,7,8,6,1,5,2,10,4,3,9 C2=0,3,10,1,7,4,9,2,6,5,8
JCdbMpf}Dw? PAIR C1=0,4,10,2,5,1,6,8,7,3,9 C2=0,7,1,8,5,6,2,9,4,3,10
JCdbMpf}Dk? PAIR C1=0,4,3,9,2,5,1,7,8,6,10 C2=0,3,10,2,6,5,8,1,9,4,7
JCdbMpfnFc? PAIR C1=0,4,3,9,2,5,1,10,6,8,7 C2=0,3,10,2,6,5,8,1,7,4,9
JCdbNJw]_}? PAIR C1=0,4,3,8,2,5,1,9,6,10,7 C2=0,3,10,4,9,2,6,5,7,1,8
JCdbNJ[]`u? PAIR C1=0,4,8,3,9,6,1,5,2,10,7 C2=0,3,10,4,9,2,6,5,7,1,8
JCdbNHyu`y? PAIR C1=0,3,4,10,7,1,5,2,8,6,9 C2=0,4,9,1,8,3,10,2,6,5,7
JCdbNI]]fo? PAIR C1=1,9,3,4,8,6,5,2,10 C2=1,5,8,3,10,4,9,2,6
JCdbNI]]bq? PAIR C1=1,9,3,4,8,6,5,2,10 C2=1,5,8,3,10,4,9,2,6
JCdbNI\]bs? PAIR C1=0,7,1,9,2,5,6,10,3,4,8 C2=0,3,8,7,5,1,10,2,6,9,4
JCdbMji]dw? PAIR C1=0,7,1,6,5,2,9,3,10,4,8 C2=0,3,7,5,10,2,6,8,1,9,4
JCdbMji]di? PAIR C1=0,4,8,2,5,1,6,9,3,7 C2=0,3,4,9,2,6,5,7,1,8
JCdbMji]dY? PAIR C1=0,4,8,2,5,1,6,9,3,7 C2=0,3,4,9,2,6,5,7,1,8
JCdbMiy}BY? PAIR C1=0,7,1,6,5,2,8,3,9 C2=0,3,7,5,1,9,2,6,8
JCdbMiy}BU? PAIR C1=0,7,1,6,5,2,8,3,9 C2=0,3,7,5,1,9,2,6,8
JCdbMiy}@]? PAIR C1=0,7,1,6,5,2,8,3,9 C2=0,3,7,5,1,9,2,6,8
JCdbMhm}De? PAIR C1=0,3,7,1,6,5,2,8,4,9 C2=0,4,3,9,2,6,8,1,5,7
JCdbMhm}DU? PAIR C1=0,3,7,1,6,5,2,8,4,9 C2=0,4,3,9,2,6,8,1,5,7
JCdbMhmmfo? PAIR C1=0,3,7,1,6,5,2,8,4,9 C2=0,4,3,9,2,6,8,1,5,7
JCdbMhmmfQ? PAIR C1=0,3,7,1,6,5,2,8,4,9 C2=0,4,3,9,2,6,8,1,5,7
JCdbMhmmVS? PAIR C1=0,3,7,1,6,5,2,8,4,9 C2=0,4,3,9,2,6,8,1,5,7
JCdbMil]fo? PAIR C1=0,4,8,2,10,1,5,6,9,3,7 C2=0,3,10,4,9,1,6,2,5,7,8
JCdbMij}Bw? PAIR C1=0,4,8,2,6,5,1,9,3,7 C2=0,3,4,9,2,5,7,1,6,8
JCdbKzsybe? PAIR C1=0,4,3,7,5,6,1,10,2,9 C2=0,3,10,6,2,5,1,9,4,7
JCdbKzsybU? PAIR C1=0,8,3,4,7,5,6,1,10,2,9 C2=0,3,7,10,6,2,8,5,1,9,4
JCdbKzq}BY? PAIR C1=0,8,3,4,7,5,10,1,6,2,9 C2=0,3,7,10,2,8,6,5,1,9,4
JCdbKzq}BU? PAIR C1=0,8,3,4,7,5,6,1,10,2,9 C2=0,3,7,10,6,8,2,5,1,9,4
JCdbKze}Bq? PAIR C1=0,7,3,4,9,1,6,5,2,8 C2=0,3,9,2,6,8,1,5,7,4
JCdbKze}Be? PAIR C1=0,7,3,4,9,1,6,5,2,8 C2=0,3,9,2,6,8,1,5,7,4
JCdbKze]fo? PAIR C1=0,7,3,4,9,1,6,5,2,8 C2=0,3,9,2,6,8,1,5,7,4
JCdbKze]fa? PAIR C1=0,7,3,4,9,1,6,5,2,8 C2=0,3,9,2,6,8,1,5,7,4
JCdbKzb}Bw? PAIR C1=0,7,3,4,9,1,6,5,2,8 C2=0,3,9,2,6,8,1,5,7,4
JCdbKzb^Bs? PAIR C1=0,7,3,4,9,1,6,5,2,8 C2=0,3,9,2,6,8,1,5,7,4
JCdbML{}@u? PAIR C1=0,7,1,6,10,2,5,8,3,4,9 C2=0,3,9,1,8,2,6,5,7,10,4
JCdbML{mbq? PAIR C1=0,7,6,1,10,2,5,8,3,4,9 C2=0,3,9,6,2,8,1,5,7,10,4
JCdbML{mRs? PAIR C1=0,7,1,10,2,6,5,8,4,3,9 C2=0,3,8,2,9,7,5,1,6,10,4
JCdbMK}}Bq? PAIR C1=1,7,6,5,8,4,3,10,2,9 C2=1,5,7,10,4,9,3,8,2,6
JCdbJNw}C{? PAIR C1=0,8,4,3,10,6,7,2,5,1,9 C2=0,4,9,3,8,2,6,1,7,5,10
JCdbJM]}Fa? PAIR C1=0,8,3,10,2,7,6,5,1,9 C2=0,3,9,2,5,8,6,1,7,10
JCdbKnw}B[? PAIR C1=0,3,7,5,6,2,8,1,9 C2=0,7,6,1,5,2,9,3,8
JCdbKnw}BY? PAIR C1=0,3,7,5,6,2,8,1,9 C2=0,7,6,1,5,2,9,3,8
JCdbKlm}FQ? PAIR C1=0,4,3,9,1,10,2,8,5,7 C2=0,3,7,10,4,8,1,5,2,9
JCdffP[nBF? PAIR C1=0,4,3,9,2,6,10,8,5,1,7 C2=0,3,8,4,9,5,2,7,10,1,6
JCdffP[n@N? PAIR C1=0,4,3,8,10,5,9,2,6,1,7 C2=0,3,9,4,8,1,5,2,7,10,6
JCdffP[lbY? PAIR C1=0,7,2,5,8,1,10,4,3,6,9 C2=0,4,8,3,9,5,1,7,10,2,6
JCdffP[l`Z? PAIR C1=0,3,6,1,8,5,10,4,7,2,9 C2=0,4,8,3,9,5,1,7,10,2,6
JCdev`kjbi? PAIR C1=0,7,2,5,10,1,8,4,6,9 C2=0,4,9,5,8,2,10,7,1,6
JCdev`kjbb? PAIR C1=0,7,2,5,1,10,8,4,6,9 C2=0,4,9,5,8,2,10,7,1,6
JCdev`kj`j? PAIR C1=0,7,2,5,1,8,10,3,6,4,9 C2=0,3,4,8,5,9,2,10,7,1,6
JCdfKxw}BF? PAIR C1=0,4,3,9,2,8,1,10,6,5,7 C2=0,6,1,5,2,10,7,3,8,4,9
JCdfKxw{R[? PAIR C1=0,7,5,6,2,8,1,10,4,3,9 C2=0,4,8,3,7,9,1,5,2,10,6
JCdfKxw]NI? PAIR C1=0,7,5,6,2,9,4,3,8,1,10 C2=0,4,8,9,3,7,10,2,5,1,6
JCden`kmbY? PAIR C1=0,4,10,1,7,2,8,5,6,3,9 C2=0,3,7,10,2,5,1,8,4,9,6
JCden`kmbR? PAIR C1=0,4,10,1,7,2,8,5,6,3,9 C2=0,3,7,10,2,5,1,8,4,9,6
JCden`kmaZ? PAIR C1=0,4,3,9,2,8,5,6,1,7 C2=0,3,7,2,5,1,8,4,9,6
JCdelpk{bY? PAIR C1=0,3,4,7,2,8,5,6,1,9 C2=0,4,8,1,5,2,9,6,3,7
JCdelpk{bR? PAIR C1=0,3,4,7,2,8,5,6,1,9 C2=0,4,8,1,5,2,9,6,3,7
JCdelpk{aZ? PAIR C1=0,3,4,7,2,8,5,6,1,9 C2=0,4,8,1,5,2,9,6,3,7
JQhTQjwpp{? PAIR C1=0,4,2,6,10,5,3,8,1,9 C2=0,2,8,4,10,3,1,5,9,6
JQhTQjwhq{? PAIR C1=0,4,2,9,7,5,10,1,3,8 C2=0,2,8,4,10,3,7,1,5,9
JQhTQjitP{? PAIR C1=0,4,2,6,8 C2=0,2,8,4,6
JQhTQjilQ{? PAIR C1=0,4,2,6,8 C2=0,2,8,4,6
JQhTQjilO}? PAIR C1=0,4,2,6,8 C2=0,2,8,4,6
JQhTV`[jam? PAIR C1=0,4,6,2,9 C2=0,2,4,9,6
JQhTV`[jal? PAIR C1=0,4,6,2,9 C2=0,2,4,9,6
JQhTV`[jaN? PAIR C1=0,4,6,2,9 C2=0,2,4,9,6
JQhTVPUnAm? PAIR C1=0,4,9,2,7,10,1,3,5,8,6 C2=0,2,6,4,7,1,8,3,10,5,9
JQhTVPUnAf? PAIR C1=0,2,9,4,7,1,5,3,10,8,6 C2=0,4,6,2,7,10,1,3,8,5,9
JQhTVPUlay? PAIR C1=0,4,6,8,1,3,5,10,7,2,9 C2=0,2,4,7,1,10,3,8,5,9,6
JQhTVPUlar? PAIR C1=0,2,7,10,8,3,1,5,9,6,4 C2=0,6,8,5,3,10,1,7,4,2,9
JQhTVPUl_z? PAIR C1=0,2,6,9,5,1,3,8,10,7,4 C2=0,6,4,10,3,5,8,1,7,2,9
