- progress n = 8, level 11 edges: 980 classes from 11934 extensions; sum 8!/|Aut| = 21474180 vs C(28,11) = 21474180 (match); 0.20 s
- progress n = 8, level 12 edges: 1312 classes from 16660 extensions; sum 8!/|Aut| = 30421755 vs C(28,12) = 30421755 (match); 0.60 s
base 1 3357 0
base 51 3357 2
base 101 3357 3
base 151 3357 4
base 201 3357 5
base 251 3357 8
base 301 3357 9
base 351 3357 12
base 401 3357 12
base 451 3357 24
base 501 3357 39
base 551 3357 67
base 601 3357 89
base 651 3357 111
base 701 3357 127
base 751 3357 153
base 801 3357 174
base 851 3357 204
base 901 3357 231
base 951 3357 241
base 1001 3357 260
base 1051 3357 277
base 1101 3357 306
base 1151 3357 332
base 1201 3357 352
base 1251 3357 392
base 1301 3357 436
base 1351 3357 478
base 1401 3357 515
base 1451 3357 549
base 1501 3357 591
base 1551 3357 639
base 1601 3357 675
base 1651 3357 721
base 1701 3357 757
base 1751 3357 794
base 1801 3357 828
base 1851 3357 863
base 1901 3357 893
base 1951 3357 921
base 2001 3357 955
base 2051 3357 977
base 2101 3357 1017
base 2151 3357 1053
base 2201 3357 1089
base 2251 3357 1134
base 2301 3357 1179
base 2351 3357 1229
base 2401 3357 1277
base 2451 3357 1323
base 2501 3357 1360
base 2551 3357 1405
base 2601 3357 1453
base 2651 3357 1501
base 2701 3357 1551
base 2751 3357 1598
base 2801 3357 1644
base 2851 3357 1690
base 2901 3357 1735
base 2951 3357 1780
base 3001 3357 1828
base 3051 3357 1870
base 3101 3357 1901
base 3151 3357 1947
base 3201 3357 1989
base 3251 3357 2036
base 3301 3357 2074
base 3351 3357 2109
{"n": 9, "parents": 1, "total": 2115, "tests": 5, "kept": 1}
{"n": 9, "parents": 11, "total": 2115, "tests": 395, "kept": 56}
{"n": 9, "parents": 21, "total": 2115, "tests": 794, "kept": 133}
{"n": 9, "parents": 31, "total": 2115, "tests": 1085, "kept": 262}
{"n": 9, "parents": 41, "total": 2115, "tests": 1372, "kept": 370}
{"n": 9, "parents": 51, "total": 2115, "tests": 1805, "kept": 511}
{"n": 9, "parents": 61, "total": 2115, "tests": 2275, "kept": 688}
{"n": 9, "parents": 71, "total": 2115, "tests": 2572, "kept": 793}
{"n": 9, "parents": 81, "total": 2115, "tests": 3139, "kept": 940}
{"n": 9, "parents": 91, "total": 2115, "tests": 3324, "kept": 1002}
{"n": 9, "parents": 101, "total": 2115, "tests": 3666, "kept": 1080}
{"n": 9, "parents": 111, "total": 2115, "tests": 4249, "kept": 1323}
{"n": 9, "parents": 121, "total": 2115, "tests": 4518, "kept": 1425}
{"n": 9, "parents": 131, "total": 2115, "tests": 4979, "kept": 1578}
{"n": 9, "parents": 141, "total": 2115, "tests": 5354, "kept": 1754}
{"n": 9, "parents": 151, "total": 2115, "tests": 5749, "kept": 1977}
{"n": 9, "parents": 161, "total": 2115, "tests": 6225, "kept": 2214}
{"n": 9, "parents": 171, "total": 2115, "tests": 6749, "kept": 2494}
{"n": 9, "parents": 181, "total": 2115, "tests": 7257, "kept": 2727}
{"n": 9, "parents": 191, "total": 2115, "tests": 7656, "kept": 2896}
{"n": 9, "parents": 201, "total": 2115, "tests": 8034, "kept": 2980}
{"n": 9, "parents": 211, "total": 2115, "tests": 8085, "kept": 2981}
{"n": 9, "parents": 221, "total": 2115, "tests": 8272, "kept": 3063}
{"n": 9, "parents": 231, "total": 2115, "tests": 8479, "kept": 3139}
{"n": 9, "parents": 241, "total": 2115, "tests": 8752, "kept": 3284}
{"n": 9, "parents": 251, "total": 2115, "tests": 9076, "kept": 3472}
{"n": 9, "parents": 261, "total": 2115, "tests": 9394, "kept": 3555}
{"n": 9, "parents": 271, "total": 2115, "tests": 9709, "kept": 3688}
{"n": 9, "parents": 281, "total": 2115, "tests": 10108, "kept": 3791}
{"n": 9, "parents": 291, "total": 2115, "tests": 10541, "kept": 3987}
{"n": 9, "parents": 301, "total": 2115, "tests": 10868, "kept": 4205}
{"n": 9, "parents": 311, "total": 2115, "tests": 11393, "kept": 4446}
{"n": 9, "parents": 321, "total": 2115, "tests": 11657, "kept": 4518}
{"n": 9, "parents": 331, "total": 2115, "tests": 11819, "kept": 4557}
{"n": 9, "parents": 341, "total": 2115, "tests": 12021, "kept": 4621}
{"n": 9, "parents": 351, "total": 2115, "tests": 12427, "kept": 4787}
{"n": 9, "parents": 361, "total": 2115, "tests": 12729, "kept": 4839}
{"n": 9, "parents": 371, "total": 2115, "tests": 13325, "kept": 5091}
{"n": 9, "parents": 381, "total": 2115, "tests": 13492, "kept": 5168}
{"n": 9, "parents": 391, "total": 2115, "tests": 13745, "kept": 5246}
{"n": 9, "parents": 401, "total": 2115, "tests": 14157, "kept": 5416}
{"n": 9, "parents": 411, "total": 2115, "tests": 14540, "kept": 5619}
{"n": 9, "parents": 421, "total": 2115, "tests": 15071, "kept": 5829}
{"n": 9, "parents": 431, "total": 2115, "tests": 15676, "kept": 6014}
{"n": 9, "parents": 441, "total": 2115, "tests": 16097, "kept": 6160}
{"n": 9, "parents": 451, "total": 2115, "tests": 16237, "kept": 6166}
{"n": 9, "parents": 461, "total": 2115, "tests": 16577, "kept": 6253}
{"n": 9, "parents": 471, "total": 2115, "tests": 16938, "kept": 6360}
{"n": 9, "parents": 481, "total": 2115, "tests": 17336, "kept": 6574}
{"n": 9, "parents": 491, "total": 2115, "tests": 17759, "kept": 6802}
{"n": 9, "parents": 501, "total": 2115, "tests": 18163, "kept": 6928}
{"n": 9, "parents": 511, "total": 2115, "tests": 18629, "kept": 7119}
{"n": 9, "parents": 521, "total": 2115, "tests": 19148, "kept": 7348}
{"n": 9, "parents": 531, "total": 2115, "tests": 19258, "kept": 7353}
{"n": 9, "parents": 541, "total": 2115, "tests": 19450, "kept": 7425}
{"n": 9, "parents": 551, "total": 2115, "tests": 19781, "kept": 7480}
{"n": 9, "parents": 561, "total": 2115, "tests": 20249, "kept": 7594}
{"n": 9, "parents": 571, "total": 2115, "tests": 20329, "kept": 7601}
{"n": 9, "parents": 581, "total": 2115, "tests": 20415, "kept": 7604}
{"n": 9, "parents": 591, "total": 2115, "tests": 20668, "kept": 7687}
{"n": 9, "parents": 601, "total": 2115, "tests": 20942, "kept": 7800}
{"n": 9, "parents": 611, "total": 2115, "tests": 21276, "kept": 7926}
{"n": 9, "parents": 621, "total": 2115, "tests": 21408, "kept": 7966}
{"n": 9, "parents": 631, "total": 2115, "tests": 21760, "kept": 8152}
{"n": 9, "parents": 641, "total": 2115, "tests": 21957, "kept": 8260}
{"n": 9, "parents": 651, "total": 2115, "tests": 22571, "kept": 8659}
{"n": 9, "parents": 661, "total": 2115, "tests": 22949, "kept": 8859}
{"n": 9, "parents": 671, "total": 2115, "tests": 23099, "kept": 8860}
{"n": 9, "parents": 681, "total": 2115, "tests": 23417, "kept": 8933}
{"n": 9, "parents": 691, "total": 2115, "tests": 23714, "kept": 8973}
{"n": 9, "parents": 701, "total": 2115, "tests": 23977, "kept": 9060}
{"n": 9, "parents": 711, "total": 2115, "tests": 24232, "kept": 9124}
{"n": 9, "parents": 721, "total": 2115, "tests": 24458, "kept": 9152}
{"n": 9, "parents": 731, "total": 2115, "tests": 24528, "kept": 9154}
{"n": 9, "parents": 741, "total": 2115, "tests": 24816, "kept": 9241}
{"n": 9, "parents": 751, "total": 2115, "tests": 25089, "kept": 9306}
{"n": 9, "parents": 761, "total": 2115, "tests": 25424, "kept": 9384}
{"n": 9, "parents": 771, "total": 2115, "tests": 25763, "kept": 9468}
{"n": 9, "parents": 781, "total": 2115, "tests": 25994, "kept": 9502}
{"n": 9, "parents": 791, "total": 2115, "tests": 26355, "kept": 9586}
{"n": 9, "parents": 801, "total": 2115, "tests": 26714, "kept": 9669}
{"n": 9, "parents": 811, "total": 2115, "tests": 26998, "kept": 9777}
{"n": 9, "parents": 821, "total": 2115, "tests": 27160, "kept": 9829}
{"n": 9, "parents": 831, "total": 2115, "tests": 27640, "kept": 10021}
{"n": 9, "parents": 841, "total": 2115, "tests": 27849, "kept": 10058}
{"n": 9, "parents": 851, "total": 2115, "tests": 28229, "kept": 10117}
{"n": 9, "parents": 861, "total": 2115, "tests": 28564, "kept": 10222}
{"n": 9, "parents": 871, "total": 2115, "tests": 28803, "kept": 10318}
{"n": 9, "parents": 881, "total": 2115, "tests": 29346, "kept": 10532}
{"n": 9, "parents": 891, "total": 2115, "tests": 29755, "kept": 10625}
{"n": 9, "parents": 901, "total": 2115, "tests": 30610, "kept": 10816}
{"n": 9, "parents": 911, "total": 2115, "tests": 30820, "kept": 10868}
{"n": 9, "parents": 921, "total": 2115, "tests": 31420, "kept": 11076}
{"n": 9, "parents": 931, "total": 2115, "tests": 31774, "kept": 11219}
{"n": 9, "parents": 941, "total": 2115, "tests": 32064, "kept": 11306}
{"n": 9, "parents": 951, "total": 2115, "tests": 32390, "kept": 11459}
{"n": 9, "parents": 961, "total": 2115, "tests": 32960, "kept": 11796}
{"n": 9, "parents": 971, "total": 2115, "tests": 33081, "kept": 11831}
{"n": 9, "parents": 981, "total": 2115, "tests": 33281, "kept": 11888}
{"n": 9, "parents": 991, "total": 2115, "tests": 33735, "kept": 12096}
{"n": 9, "parents": 1001, "total": 2115, "tests": 34059, "kept": 12250}
{"n": 9, "parents": 1011, "total": 2115, "tests": 34540, "kept": 12456}
{"n": 9, "parents": 1021, "total": 2115, "tests": 35129, "kept": 12755}
{"n": 9, "parents": 1031, "total": 2115, "tests": 35577, "kept": 13002}
{"n": 9, "parents": 1041, "total": 2115, "tests": 36158, "kept": 13406}
{"n": 9, "parents": 1051, "total": 2115, "tests": 36428, "kept": 13487}
{"n": 9, "parents": 1061, "total": 2115, "tests": 36686, "kept": 13546}
{"n": 9, "parents": 1071, "total": 2115, "tests": 36918, "kept": 13579}
{"n": 9, "parents": 1081, "total": 2115, "tests": 37267, "kept": 13694}
{"n": 9, "parents": 1091, "total": 2115, "tests": 37678, "kept": 13877}
{"n": 9, "parents": 1101, "total": 2115, "tests": 37925, "kept": 13940}
{"n": 9, "parents": 1111, "total": 2115, "tests": 38219, "kept": 14058}
{"n": 9, "parents": 1121, "total": 2115, "tests": 38660, "kept": 14271}
{"n": 9, "parents": 1131, "total": 2115, "tests": 38934, "kept": 14391}
{"n": 9, "parents": 1141, "total": 2115, "tests": 39250, "kept": 14447}
{"n": 9, "parents": 1151, "total": 2115, "tests": 39489, "kept": 14546}
{"n": 9, "parents": 1161, "total": 2115, "tests": 39764, "kept": 14633}
{"n": 9, "parents": 1171, "total": 2115, "tests": 39960, "kept": 14668}
{"n": 9, "parents": 1181, "total": 2115, "tests": 40375, "kept": 14779}
{"n": 9, "parents": 1191, "total": 2115, "tests": 40543, "kept": 14810}
{"n": 9, "parents": 1201, "total": 2115, "tests": 40987, "kept": 14939}
{"n": 9, "parents": 1211, "total": 2115, "tests": 41256, "kept": 15028}
{"n": 9, "parents": 1221, "total": 2115, "tests": 41683, "kept": 15225}
{"n": 9, "parents": 1231, "total": 2115, "tests": 41870, "kept": 15285}
{"n": 9, "parents": 1241, "total": 2115, "tests": 42040, "kept": 15369}
{"n": 9, "parents": 1251, "total": 2115, "tests": 42182, "kept": 15417}
{"n": 9, "parents": 1261, "total": 2115, "tests": 42444, "kept": 15516}
{"n": 9, "parents": 1271, "total": 2115, "tests": 42679, "kept": 15583}
{"n": 9, "parents": 1281, "total": 2115, "tests": 43189, "kept": 15798}
{"n": 9, "parents": 1291, "total": 2115, "tests": 43620, "kept": 15979}
{"n": 9, "parents": 1301, "total": 2115, "tests": 43980, "kept": 16118}
{"n": 9, "parents": 1311, "total": 2115, "tests": 44268, "kept": 16181}
{"n": 9, "parents": 1321, "total": 2115, "tests": 44577, "kept": 16258}
{"n": 9, "parents": 1331, "total": 2115, "tests": 44856, "kept": 16305}
{"n": 9, "parents": 1341, "total": 2115, "tests": 45269, "kept": 16405}
{"n": 9, "parents": 1351, "total": 2115, "tests": 45619, "kept": 16477}
{"n": 9, "parents": 1361, "total": 2115, "tests": 45837, "kept": 16526}
{"n": 9, "parents": 1371, "total": 2115, "tests": 46105, "kept": 16599}
{"n": 9, "parents": 1381, "total": 2115, "tests": 46329, "kept": 16634}
{"n": 9, "parents": 1391, "total": 2115, "tests": 46618, "kept": 16727}
{"n": 9, "parents": 1401, "total": 2115, "tests": 47337, "kept": 17032}
{"n": 9, "parents": 1411, "total": 2115, "tests": 47878, "kept": 17157}
{"n": 9, "parents": 1421, "total": 2115, "tests": 48122, "kept": 17213}
{"n": 9, "parents": 1431, "total": 2115, "tests": 48367, "kept": 17253}
{"n": 9, "parents": 1441, "total": 2115, "tests": 48688, "kept": 17318}
{"n": 9, "parents": 1451, "total": 2115, "tests": 48886, "kept": 17381}
{"n": 9, "parents": 1461, "total": 2115, "tests": 49440, "kept": 17619}
{"n": 9, "parents": 1471, "total": 2115, "tests": 49679, "kept": 17706}
{"n": 9, "parents": 1481, "total": 2115, "tests": 49992, "kept": 17840}
{"n": 9, "parents": 1491, "total": 2115, "tests": 50297, "kept": 17943}
{"n": 9, "parents": 1501, "total": 2115, "tests": 50439, "kept": 17986}
{"n": 9, "parents": 1511, "total": 2115, "tests": 50901, "kept": 18170}
{"n": 9, "parents": 1521, "total": 2115, "tests": 51255, "kept": 18310}
{"n": 9, "parents": 1531, "total": 2115, "tests": 51854, "kept": 18622}
{"n": 9, "parents": 1541, "total": 2115, "tests": 52022, "kept": 18687}
{"n": 9, "parents": 1551, "total": 2115, "tests": 52257, "kept": 18799}
{"n": 9, "parents": 1561, "total": 2115, "tests": 52792, "kept": 19071}
{"n": 9, "parents": 1571, "total": 2115, "tests": 53173, "kept": 19198}
{"n": 9, "parents": 1581, "total": 2115, "tests": 53570, "kept": 19326}
{"n": 9, "parents": 1591, "total": 2115, "tests": 53949, "kept": 19453}
{"n": 9, "parents": 1601, "total": 2115, "tests": 54290, "kept": 19596}
{"n": 9, "parents": 1611, "total": 2115, "tests": 54654, "kept": 19739}
{"n": 9, "parents": 1621, "total": 2115, "tests": 55144, "kept": 19942}
{"n": 9, "parents": 1631, "total": 2115, "tests": 55489, "kept": 20027}
{"n": 9, "parents": 1641, "total": 2115, "tests": 55978, "kept": 20231}
{"n": 9, "parents": 1651, "total": 2115, "tests": 56399, "kept": 20348}
{"n": 9, "parents": 1661, "total": 2115, "tests": 56866, "kept": 20489}
{"n": 9, "parents": 1671, "total": 2115, "tests": 57139, "kept": 20572}
{"n": 9, "parents": 1681, "total": 2115, "tests": 57651, "kept": 20770}
{"n": 9, "parents": 1691, "total": 2115, "tests": 57944, "kept": 20873}
{"n": 9, "parents": 1701, "total": 2115, "tests": 58355, "kept": 21003}
{"n": 9, "parents": 1711, "total": 2115, "tests": 58557, "kept": 21051}
{"n": 9, "parents": 1721, "total": 2115, "tests": 58927, "kept": 21117}
{"n": 9, "parents": 1731, "total": 2115, "tests": 59257, "kept": 21188}
{"n": 9, "parents": 1741, "total": 2115, "tests": 59550, "kept": 21249}
{"n": 9, "parents": 1751, "total": 2115, "tests": 59992, "kept": 21370}
{"n": 9, "parents": 1761, "total": 2115, "tests": 60432, "kept": 21492}
{"n": 9, "parents": 1771, "total": 2115, "tests": 60635, "kept": 21524}
{"n": 9, "parents": 1781, "total": 2115, "tests": 60870, "kept": 21554}
{"n": 9, "parents": 1791, "total": 2115, "tests": 61332, "kept": 21701}
{"n": 9, "parents": 1801, "total": 2115, "tests": 62009, "kept": 21944}
{"n": 9, "parents": 1811, "total": 2115, "tests": 62250, "kept": 22062}
{"n": 9, "parents": 1821, "total": 2115, "tests": 62701, "kept": 22231}
{"n": 9, "parents": 1831, "total": 2115, "tests": 63154, "kept": 22406}
{"n": 9, "parents": 1841, "total": 2115, "tests": 63500, "kept": 22511}
{"n": 9, "parents": 1851, "total": 2115, "tests": 63689, "kept": 22559}
{"n": 9, "parents": 1861, "total": 2115, "tests": 64215, "kept": 22680}
{"n": 9, "parents": 1871, "total": 2115, "tests": 64380, "kept": 22715}
{"n": 9, "parents": 1881, "total": 2115, "tests": 64452, "kept": 22724}
{"n": 9, "parents": 1891, "total": 2115, "tests": 64748, "kept": 22784}
{"n": 9, "parents": 1901, "total": 2115, "tests": 65230, "kept": 22992}
{"n": 9, "parents": 1911, "total": 2115, "tests": 65960, "kept": 23239}
{"n": 9, "parents": 1921, "total": 2115, "tests": 66345, "kept": 23328}
{"n": 9, "parents": 1931, "total": 2115, "tests": 66667, "kept": 23444}
{"n": 9, "parents": 1941, "total": 2115, "tests": 67029, "kept": 23543}
{"n": 9, "parents": 1951, "total": 2115, "tests": 67438, "kept": 23665}
{"n": 9, "parents": 1961, "total": 2115, "tests": 67670, "kept": 23740}
{"n": 9, "parents": 1971, "total": 2115, "tests": 68041, "kept": 23854}
{"n": 9, "parents": 1981, "total": 2115, "tests": 68245, "kept": 23869}
{"n": 9, "parents": 1991, "total": 2115, "tests": 68854, "kept": 24116}
{"n": 9, "parents": 2001, "total": 2115, "tests": 69107, "kept": 24158}
{"n": 9, "parents": 2011, "total": 2115, "tests": 69776, "kept": 24393}
{"n": 9, "parents": 2021, "total": 2115, "tests": 70226, "kept": 24545}
{"n": 9, "parents": 2031, "total": 2115, "tests": 70528, "kept": 24615}
{"n": 9, "parents": 2041, "total": 2115, "tests": 71093, "kept": 24765}
{"n": 9, "parents": 2051, "total": 2115, "tests": 71286, "kept": 24807}
{"n": 9, "parents": 2061, "total": 2115, "tests": 71723, "kept": 24931}
{"n": 9, "parents": 2071, "total": 2115, "tests": 72176, "kept": 25040}
{"n": 9, "parents": 2081, "total": 2115, "tests": 72524, "kept": 25093}
{"n": 9, "parents": 2091, "total": 2115, "tests": 72866, "kept": 25152}
{"n": 9, "parents": 2101, "total": 2115, "tests": 73336, "kept": 25248}
{"n": 9, "parents": 2111, "total": 2115, "tests": 73792, "kept": 25364}
finished 9 {"20": 17745, "21": 7168, "22": 477, "23": 8, "24": 0}
{"n": 10, "parents": 1, "total": 25398, "tests": 0, "kept": 0}
{"n": 10, "parents": 11, "total": 25398, "tests": 260, "kept": 11}
{"n": 10, "parents": 21, "total": 25398, "tests": 260, "kept": 11}
{"n": 10, "parents": 31, "total": 25398, "tests": 260, "kept": 11}
{"n": 10, "parents": 41, "total": 25398, "tests": 372, "kept": 29}
{"n": 10, "parents": 51, "total": 25398, "tests": 484, "kept": 34}
{"n": 10, "parents": 61, "total": 25398, "tests": 610, "kept": 49}
{"n": 10, "parents": 71, "total": 25398, "tests": 722, "kept": 58}
{"n": 10, "parents": 81, "total": 25398, "tests": 960, "kept": 89}
{"n": 10, "parents": 91, "total": 25398, "tests": 1214, "kept": 104}
{"n": 10, "parents": 101, "total": 25398, "tests": 1214, "kept": 104}
{"n": 10, "parents": 111, "total": 25398, "tests": 1214, "kept": 104}
{"n": 10, "parents": 121, "total": 25398, "tests": 1341, "kept": 113}
{"n": 10, "parents": 131, "total": 25398, "tests": 1778, "kept": 155}
{"n": 10, "parents": 141, "total": 25398, "tests": 1778, "kept": 155}
{"n": 10, "parents": 151, "total": 25398, "tests": 2286, "kept": 189}
{"n": 10, "parents": 161, "total": 25398, "tests": 2363, "kept": 200}
{"n": 10, "parents": 171, "total": 25398, "tests": 2490, "kept": 213}
{"n": 10, "parents": 181, "total": 25398, "tests": 2729, "kept": 236}
{"n": 10, "parents": 191, "total": 25398, "tests": 3110, "kept": 267}
{"n": 10, "parents": 201, "total": 25398, "tests": 3441, "kept": 302}
{"n": 10, "parents": 211, "total": 25398, "tests": 3589, "kept": 309}
{"n": 10, "parents": 221, "total": 25398, "tests": 3743, "kept": 343}
{"n": 10, "parents": 231, "total": 25398, "tests": 3820, "kept": 344}
{"n": 10, "parents": 241, "total": 25398, "tests": 4091, "kept": 415}
{"n": 10, "parents": 251, "total": 25398, "tests": 4474, "kept": 473}
{"n": 10, "parents": 261, "total": 25398, "tests": 4983, "kept": 513}
{"n": 10, "parents": 271, "total": 25398, "tests": 5039, "kept": 517}
{"n": 10, "parents": 281, "total": 25398, "tests": 5151, "kept": 522}
{"n": 10, "parents": 291, "total": 25398, "tests": 5390, "kept": 539}
{"n": 10, "parents": 301, "total": 25398, "tests": 5390, "kept": 539}
{"n": 10, "parents": 311, "total": 25398, "tests": 5594, "kept": 544}
{"n": 10, "parents": 321, "total": 25398, "tests": 5783, "kept": 556}
{"n": 10, "parents": 331, "total": 25398, "tests": 5783, "kept": 556}
{"n": 10, "parents": 341, "total": 25398, "tests": 5910, "kept": 562}
{"n": 10, "parents": 351, "total": 25398, "tests": 5966, "kept": 572}
{"n": 10, "parents": 361, "total": 25398, "tests": 6276, "kept": 591}
{"n": 10, "parents": 371, "total": 25398, "tests": 6586, "kept": 604}
{"n": 10, "parents": 381, "total": 25398, "tests": 6607, "kept": 605}
{"n": 10, "parents": 391, "total": 25398, "tests": 7283, "kept": 666}
{"n": 10, "parents": 401, "total": 25398, "tests": 7466, "kept": 680}
{"n": 10, "parents": 411, "total": 25398, "tests": 7620, "kept": 692}
{"n": 10, "parents": 421, "total": 25398, "tests": 7895, "kept": 709}
{"n": 10, "parents": 431, "total": 25398, "tests": 8007, "kept": 740}
{"n": 10, "parents": 441, "total": 25398, "tests": 8190, "kept": 748}
{"n": 10, "parents": 451, "total": 25398, "tests": 8577, "kept": 787}
{"n": 10, "parents": 461, "total": 25398, "tests": 8710, "kept": 806}
{"n": 10, "parents": 471, "total": 25398, "tests": 8964, "kept": 810}
{"n": 10, "parents": 481, "total": 25398, "tests": 9291, "kept": 842}
{"n": 10, "parents": 491, "total": 25398, "tests": 9403, "kept": 843}
{"n": 10, "parents": 501, "total": 25398, "tests": 9772, "kept": 919}
{"n": 10, "parents": 511, "total": 25398, "tests": 9870, "kept": 930}
{"n": 10, "parents": 521, "total": 25398, "tests": 9891, "kept": 931}
{"n": 10, "parents": 531, "total": 25398, "tests": 9968, "kept": 937}
{"n": 10, "parents": 541, "total": 25398, "tests": 10213, "kept": 955}
{"n": 10, "parents": 551, "total": 25398, "tests": 10561, "kept": 1058}
{"n": 10, "parents": 561, "total": 25398, "tests": 10909, "kept": 1123}
{"n": 10, "parents": 571, "total": 25398, "tests": 10965, "kept": 1124}
{"n": 10, "parents": 581, "total": 25398, "tests": 10965, "kept": 1124}
{"n": 10, "parents": 591, "total": 25398, "tests": 10965, "kept": 1124}
{"n": 10, "parents": 601, "total": 25398, "tests": 11021, "kept": 1124}
{"n": 10, "parents": 611, "total": 25398, "tests": 11245, "kept": 1128}
{"n": 10, "parents": 621, "total": 25398, "tests": 11537, "kept": 1189}
{"n": 10, "parents": 631, "total": 25398, "tests": 11593, "kept": 1190}
{"n": 10, "parents": 641, "total": 25398, "tests": 11803, "kept": 1194}
{"n": 10, "parents": 651, "total": 25398, "tests": 12387, "kept": 1346}
{"n": 10, "parents": 661, "total": 25398, "tests": 12800, "kept": 1432}
{"n": 10, "parents": 671, "total": 25398, "tests": 13288, "kept": 1612}
{"n": 10, "parents": 681, "total": 25398, "tests": 13344, "kept": 1612}
{"n": 10, "parents": 691, "total": 25398, "tests": 13400, "kept": 1612}
{"n": 10, "parents": 701, "total": 25398, "tests": 13667, "kept": 1674}
{"n": 10, "parents": 711, "total": 25398, "tests": 13777, "kept": 1684}
{"n": 10, "parents": 721, "total": 25398, "tests": 14230, "kept": 1816}
{"n": 10, "parents": 731, "total": 25398, "tests": 14286, "kept": 1817}
{"n": 10, "parents": 741, "total": 25398, "tests": 14794, "kept": 1830}
{"n": 10, "parents": 751, "total": 25398, "tests": 15089, "kept": 1852}
{"n": 10, "parents": 761, "total": 25398, "tests": 15131, "kept": 1852}
{"n": 10, "parents": 771, "total": 25398, "tests": 15278, "kept": 1854}
{"n": 10, "parents": 781, "total": 25398, "tests": 15572, "kept": 1894}
{"n": 10, "parents": 791, "total": 25398, "tests": 16283, "kept": 2000}
{"n": 10, "parents": 801, "total": 25398, "tests": 16563, "kept": 2051}
{"n": 10, "parents": 811, "total": 25398, "tests": 16780, "kept": 2128}
{"n": 10, "parents": 821, "total": 25398, "tests": 16801, "kept": 2129}
{"n": 10, "parents": 831, "total": 25398, "tests": 16928, "kept": 2132}
{"n": 10, "parents": 841, "total": 25398, "tests": 17238, "kept": 2152}
{"n": 10, "parents": 851, "total": 25398, "tests": 17442, "kept": 2157}
{"n": 10, "parents": 861, "total": 25398, "tests": 17796, "kept": 2220}
{"n": 10, "parents": 871, "total": 25398, "tests": 17915, "kept": 2231}
{"n": 10, "parents": 881, "total": 25398, "tests": 17915, "kept": 2231}
{"n": 10, "parents": 891, "total": 25398, "tests": 18041, "kept": 2236}
{"n": 10, "parents": 901, "total": 25398, "tests": 18041, "kept": 2236}
{"n": 10, "parents": 911, "total": 25398, "tests": 18097, "kept": 2236}
{"n": 10, "parents": 921, "total": 25398, "tests": 18265, "kept": 2240}
{"n": 10, "parents": 931, "total": 25398, "tests": 18398, "kept": 2242}
{"n": 10, "parents": 941, "total": 25398, "tests": 18573, "kept": 2253}
{"n": 10, "parents": 951, "total": 25398, "tests": 18853, "kept": 2375}
{"n": 10, "parents": 961, "total": 25398, "tests": 18909, "kept": 2375}
{"n": 10, "parents": 971, "total": 25398, "tests": 19190, "kept": 2395}
{"n": 10, "parents": 981, "total": 25398, "tests": 19316, "kept": 2408}
{"n": 10, "parents": 991, "total": 25398, "tests": 19443, "kept": 2411}
{"n": 10, "parents": 1001, "total": 25398, "tests": 19626, "kept": 2426}
{"n": 10, "parents": 1011, "total": 25398, "tests": 19808, "kept": 2436}
{"n": 10, "parents": 1021, "total": 25398, "tests": 19983, "kept": 2443}
{"n": 10, "parents": 1031, "total": 25398, "tests": 20296, "kept": 2507}
{"n": 10, "parents": 1041, "total": 25398, "tests": 20618, "kept": 2607}
{"n": 10, "parents": 1051, "total": 25398, "tests": 20928, "kept": 2613}
{"n": 10, "parents": 1061, "total": 25398, "tests": 21110, "kept": 2633}
{"n": 10, "parents": 1071, "total": 25398, "tests": 21602, "kept": 2666}
{"n": 10, "parents": 1081, "total": 25398, "tests": 21729, "kept": 2667}
{"n": 10, "parents": 1091, "total": 25398, "tests": 21841, "kept": 2678}
{"n": 10, "parents": 1101, "total": 25398, "tests": 22065, "kept": 2687}
{"n": 10, "parents": 1111, "total": 25398, "tests": 22378, "kept": 2763}
{"n": 10, "parents": 1121, "total": 25398, "tests": 23078, "kept": 2917}
{"n": 10, "parents": 1131, "total": 25398, "tests": 23497, "kept": 2963}
{"n": 10, "parents": 1141, "total": 25398, "tests": 23686, "kept": 2971}
{"n": 10, "parents": 1151, "total": 25398, "tests": 24034, "kept": 3064}
{"n": 10, "parents": 1161, "total": 25398, "tests": 24472, "kept": 3202}
{"n": 10, "parents": 1171, "total": 25398, "tests": 25075, "kept": 3346}
{"n": 10, "parents": 1181, "total": 25398, "tests": 25117, "kept": 3349}
{"n": 10, "parents": 1191, "total": 25398, "tests": 25398, "kept": 3359}
{"n": 10, "parents": 1201, "total": 25398, "tests": 25573, "kept": 3380}
{"n": 10, "parents": 1211, "total": 25398, "tests": 25677, "kept": 3386}
{"n": 10, "parents": 1221, "total": 25398, "tests": 25825, "kept": 3387}
{"n": 10, "parents": 1231, "total": 25398, "tests": 25952, "kept": 3387}
{"n": 10, "parents": 1241, "total": 25398, "tests": 26064, "kept": 3394}
{"n": 10, "parents": 1251, "total": 25398, "tests": 26373, "kept": 3404}
{"n": 10, "parents": 1261, "total": 25398, "tests": 26886, "kept": 3471}
{"n": 10, "parents": 1271, "total": 25398, "tests": 27381, "kept": 3542}
{"n": 10, "parents": 1281, "total": 25398, "tests": 27501, "kept": 3556}
{"n": 10, "parents": 1291, "total": 25398, "tests": 27845, "kept": 3605}
{"n": 10, "parents": 1301, "total": 25398, "tests": 28321, "kept": 3691}
{"n": 10, "parents": 1311, "total": 25398, "tests": 28628, "kept": 3744}
{"n": 10, "parents": 1321, "total": 25398, "tests": 28761, "kept": 3752}
{"n": 10, "parents": 1331, "total": 25398, "tests": 28915, "kept": 3769}
{"n": 10, "parents": 1341, "total": 25398, "tests": 29090, "kept": 3776}
{"n": 10, "parents": 1351, "total": 25398, "tests": 29580, "kept": 3844}
{"n": 10, "parents": 1361, "total": 25398, "tests": 29839, "kept": 3854}
{"n": 10, "parents": 1371, "total": 25398, "tests": 29958, "kept": 3866}
{"n": 10, "parents": 1381, "total": 25398, "tests": 30070, "kept": 3869}
{"n": 10, "parents": 1391, "total": 25398, "tests": 30286, "kept": 3878}
{"n": 10, "parents": 1401, "total": 25398, "tests": 30495, "kept": 3915}
{"n": 10, "parents": 1411, "total": 25398, "tests": 30628, "kept": 3916}
{"n": 10, "parents": 1421, "total": 25398, "tests": 30782, "kept": 3930}
{"n": 10, "parents": 1431, "total": 25398, "tests": 31283, "kept": 4082}
{"n": 10, "parents": 1441, "total": 25398, "tests": 31801, "kept": 4172}
{"n": 10, "parents": 1451, "total": 25398, "tests": 31857, "kept": 4172}
{"n": 10, "parents": 1461, "total": 25398, "tests": 32025, "kept": 4178}
{"n": 10, "parents": 1471, "total": 25398, "tests": 32429, "kept": 4213}
{"n": 10, "parents": 1481, "total": 25398, "tests": 32429, "kept": 4213}
{"n": 10, "parents": 1491, "total": 25398, "tests": 32597, "kept": 4217}
{"n": 10, "parents": 1501, "total": 25398, "tests": 32597, "kept": 4217}
{"n": 10, "parents": 1511, "total": 25398, "tests": 32597, "kept": 4217}
{"n": 10, "parents": 1521, "total": 25398, "tests": 32723, "kept": 4220}
{"n": 10, "parents": 1531, "total": 25398, "tests": 32905, "kept": 4233}
{"n": 10, "parents": 1541, "total": 25398, "tests": 33017, "kept": 4238}
{"n": 10, "parents": 1551, "total": 25398, "tests": 33448, "kept": 4298}
{"n": 10, "parents": 1561, "total": 25398, "tests": 33454, "kept": 4301}
{"n": 10, "parents": 1571, "total": 25398, "tests": 33454, "kept": 4301}
{"n": 10, "parents": 1581, "total": 25398, "tests": 33510, "kept": 4301}
{"n": 10, "parents": 1591, "total": 25398, "tests": 33790, "kept": 4307}
{"n": 10, "parents": 1601, "total": 25398, "tests": 34098, "kept": 4338}
{"n": 10, "parents": 1611, "total": 25398, "tests": 34181, "kept": 4344}
{"n": 10, "parents": 1621, "total": 25398, "tests": 34523, "kept": 4407}
{"n": 10, "parents": 1631, "total": 25398, "tests": 34529, "kept": 4407}
{"n": 10, "parents": 1641, "total": 25398, "tests": 34529, "kept": 4407}
{"n": 10, "parents": 1651, "total": 25398, "tests": 34529, "kept": 4407}
{"n": 10, "parents": 1661, "total": 25398, "tests": 34529, "kept": 4407}
{"n": 10, "parents": 1671, "total": 25398, "tests": 34550, "kept": 4407}
{"n": 10, "parents": 1681, "total": 25398, "tests": 34550, "kept": 4407}
{"n": 10, "parents": 1691, "total": 25398, "tests": 34662, "kept": 4413}
{"n": 10, "parents": 1701, "total": 25398, "tests": 34886, "kept": 4416}
{"n": 10, "parents": 1711, "total": 25398, "tests": 35131, "kept": 4421}
{"n": 10, "parents": 1721, "total": 25398, "tests": 35131, "kept": 4421}
{"n": 10, "parents": 1731, "total": 25398, "tests": 35187, "kept": 4424}
{"n": 10, "parents": 1741, "total": 25398, "tests": 35187, "kept": 4424}
{"n": 10, "parents": 1751, "total": 25398, "tests": 35187, "kept": 4424}
{"n": 10, "parents": 1761, "total": 25398, "tests": 35243, "kept": 4429}
{"n": 10, "parents": 1771, "total": 25398, "tests": 35299, "kept": 4429}
{"n": 10, "parents": 1781, "total": 25398, "tests": 35411, "kept": 4435}
{"n": 10, "parents": 1791, "total": 25398, "tests": 35523, "kept": 4437}
{"n": 10, "parents": 1801, "total": 25398, "tests": 35734, "kept": 4463}
{"n": 10, "parents": 1811, "total": 25398, "tests": 35734, "kept": 4463}
{"n": 10, "parents": 1821, "total": 25398, "tests": 35790, "kept": 4464}
{"n": 10, "parents": 1831, "total": 25398, "tests": 36014, "kept": 4469}
{"n": 10, "parents": 1841, "total": 25398, "tests": 36126, "kept": 4476}
{"n": 10, "parents": 1851, "total": 25398, "tests": 36238, "kept": 4481}
{"n": 10, "parents": 1861, "total": 25398, "tests": 36427, "kept": 4487}
{"n": 10, "parents": 1871, "total": 25398, "tests": 36483, "kept": 4487}
{"n": 10, "parents": 1881, "total": 25398, "tests": 36651, "kept": 4488}
{"n": 10, "parents": 1891, "total": 25398, "tests": 36819, "kept": 4489}
{"n": 10, "parents": 1901, "total": 25398, "tests": 36819, "kept": 4489}
{"n": 10, "parents": 1911, "total": 25398, "tests": 36819, "kept": 4489}
{"n": 10, "parents": 1921, "total": 25398, "tests": 37043, "kept": 4496}
{"n": 10, "parents": 1931, "total": 25398, "tests": 37043, "kept": 4496}
{"n": 10, "parents": 1941, "total": 25398, "tests": 37232, "kept": 4512}
{"n": 10, "parents": 1951, "total": 25398, "tests": 37597, "kept": 4594}
{"n": 10, "parents": 1961, "total": 25398, "tests": 37597, "kept": 4594}
{"n": 10, "parents": 1971, "total": 25398, "tests": 37765, "kept": 4597}
{"n": 10, "parents": 1981, "total": 25398, "tests": 37877, "kept": 4599}
{"n": 10, "parents": 1991, "total": 25398, "tests": 37989, "kept": 4600}
{"n": 10, "parents": 2001, "total": 25398, "tests": 38101, "kept": 4602}
{"n": 10, "parents": 2011, "total": 25398, "tests": 38213, "kept": 4602}
{"n": 10, "parents": 2021, "total": 25398, "tests": 38458, "kept": 4603}
{"n": 10, "parents": 2031, "total": 25398, "tests": 38703, "kept": 4606}
{"n": 10, "parents": 2041, "total": 25398, "tests": 38703, "kept": 4606}
{"n": 10, "parents": 2051, "total": 25398, "tests": 38787, "kept": 4607}
{"n": 10, "parents": 2061, "total": 25398, "tests": 38843, "kept": 4607}
{"n": 10, "parents": 2071, "total": 25398, "tests": 38926, "kept": 4610}
{"n": 10, "parents": 2081, "total": 25398, "tests": 38926, "kept": 4610}
{"n": 10, "parents": 2091, "total": 25398, "tests": 39171, "kept": 4615}
{"n": 10, "parents": 2101, "total": 25398, "tests": 39283, "kept": 4616}
{"n": 10, "parents": 2111, "total": 25398, "tests": 39310, "kept": 4618}
{"n": 10, "parents": 2121, "total": 25398, "tests": 39310, "kept": 4618}
{"n": 10, "parents": 2131, "total": 25398, "tests": 39478, "kept": 4618}
{"n": 10, "parents": 2141, "total": 25398, "tests": 39590, "kept": 4619}
{"n": 10, "parents": 2151, "total": 25398, "tests": 39758, "kept": 4623}
{"n": 10, "parents": 2161, "total": 25398, "tests": 39870, "kept": 4626}
{"n": 10, "parents": 2171, "total": 25398, "tests": 39926, "kept": 4626}
{"n": 10, "parents": 2181, "total": 25398, "tests": 39974, "kept": 4633}
{"n": 10, "parents": 2191, "total": 25398, "tests": 40086, "kept": 4635}
{"n": 10, "parents": 2201, "total": 25398, "tests": 40098, "kept": 4637}
{"n": 10, "parents": 2211, "total": 25398, "tests": 40154, "kept": 4637}
{"n": 10, "parents": 2221, "total": 25398, "tests": 40210, "kept": 4637}
{"n": 10, "parents": 2231, "total": 25398, "tests": 40210, "kept": 4637}
{"n": 10, "parents": 2241, "total": 25398, "tests": 40322, "kept": 4637}
{"n": 10, "parents": 2251, "total": 25398, "tests": 40567, "kept": 4645}
{"n": 10, "parents": 2261, "total": 25398, "tests": 40623, "kept": 4645}
{"n": 10, "parents": 2271, "total": 25398, "tests": 40623, "kept": 4645}
{"n": 10, "parents": 2281, "total": 25398, "tests": 40679, "kept": 4648}
{"n": 10, "parents": 2291, "total": 25398, "tests": 40854, "kept": 4654}
{"n": 10, "parents": 2301, "total": 25398, "tests": 40966, "kept": 4655}
{"n": 10, "parents": 2311, "total": 25398, "tests": 41134, "kept": 4663}
{"n": 10, "parents": 2321, "total": 25398, "tests": 41211, "kept": 4663}
{"n": 10, "parents": 2331, "total": 25398, "tests": 41267, "kept": 4663}
{"n": 10, "parents": 2341, "total": 25398, "tests": 41519, "kept": 4681}
{"n": 10, "parents": 2351, "total": 25398, "tests": 41519, "kept": 4681}
{"n": 10, "parents": 2361, "total": 25398, "tests": 41687, "kept": 4684}
{"n": 10, "parents": 2371, "total": 25398, "tests": 42037, "kept": 4707}
{"n": 10, "parents": 2381, "total": 25398, "tests": 42219, "kept": 4718}
{"n": 10, "parents": 2391, "total": 25398, "tests": 42428, "kept": 4732}
{"n": 10, "parents": 2401, "total": 25398, "tests": 42449, "kept": 4733}
{"n": 10, "parents": 2411, "total": 25398, "tests": 42561, "kept": 4736}
{"n": 10, "parents": 2421, "total": 25398, "tests": 42673, "kept": 4746}
{"n": 10, "parents": 2431, "total": 25398, "tests": 42785, "kept": 4747}
{"n": 10, "parents": 2441, "total": 25398, "tests": 43009, "kept": 4753}
{"n": 10, "parents": 2451, "total": 25398, "tests": 43423, "kept": 4825}
{"n": 10, "parents": 2461, "total": 25398, "tests": 43731, "kept": 4860}
{"n": 10, "parents": 2471, "total": 25398, "tests": 44089, "kept": 4956}
{"n": 10, "parents": 2481, "total": 25398, "tests": 44243, "kept": 4956}
{"n": 10, "parents": 2491, "total": 25398, "tests": 44418, "kept": 4973}
{"n": 10, "parents": 2501, "total": 25398, "tests": 44522, "kept": 4980}
{"n": 10, "parents": 2511, "total": 25398, "tests": 44522, "kept": 4980}
{"n": 10, "parents": 2521, "total": 25398, "tests": 44630, "kept": 4990}
{"n": 10, "parents": 2531, "total": 25398, "tests": 44630, "kept": 4990}
{"n": 10, "parents": 2541, "total": 25398, "tests": 44784, "kept": 4994}
{"n": 10, "parents": 2551, "total": 25398, "tests": 44879, "kept": 5004}
{"n": 10, "parents": 2561, "total": 25398, "tests": 44991, "kept": 5004}
{"n": 10, "parents": 2571, "total": 25398, "tests": 45215, "kept": 5004}
{"n": 10, "parents": 2581, "total": 25398, "tests": 45544, "kept": 5018}
{"n": 10, "parents": 2591, "total": 25398, "tests": 45627, "kept": 5026}
{"n": 10, "parents": 2601, "total": 25398, "tests": 45627, "kept": 5026}
{"n": 10, "parents": 2611, "total": 25398, "tests": 45725, "kept": 5029}
{"n": 10, "parents": 2621, "total": 25398, "tests": 45900, "kept": 5043}
{"n": 10, "parents": 2631, "total": 25398, "tests": 46046, "kept": 5054}
{"n": 10, "parents": 2641, "total": 25398, "tests": 46636, "kept": 5234}
{"n": 10, "parents": 2651, "total": 25398, "tests": 47001, "kept": 5330}
{"n": 10, "parents": 2661, "total": 25398, "tests": 47140, "kept": 5343}
{"n": 10, "parents": 2671, "total": 25398, "tests": 47244, "kept": 5352}
{"n": 10, "parents": 2681, "total": 25398, "tests": 47693, "kept": 5502}
{"n": 10, "parents": 2691, "total": 25398, "tests": 47820, "kept": 5505}
{"n": 10, "parents": 2701, "total": 25398, "tests": 47820, "kept": 5505}
{"n": 10, "parents": 2711, "total": 25398, "tests": 47947, "kept": 5508}
{"n": 10, "parents": 2721, "total": 25398, "tests": 48201, "kept": 5516}
{"n": 10, "parents": 2731, "total": 25398, "tests": 48328, "kept": 5519}
{"n": 10, "parents": 2741, "total": 25398, "tests": 48642, "kept": 5525}
{"n": 10, "parents": 2751, "total": 25398, "tests": 48698, "kept": 5525}
{"n": 10, "parents": 2761, "total": 25398, "tests": 48698, "kept": 5525}
{"n": 10, "parents": 2771, "total": 25398, "tests": 48825, "kept": 5526}
{"n": 10, "parents": 2781, "total": 25398, "tests": 49079, "kept": 5531}
{"n": 10, "parents": 2791, "total": 25398, "tests": 49100, "kept": 5531}
{"n": 10, "parents": 2801, "total": 25398, "tests": 49227, "kept": 5533}
{"n": 10, "parents": 2811, "total": 25398, "tests": 49227, "kept": 5533}
{"n": 10, "parents": 2821, "total": 25398, "tests": 49227, "kept": 5533}
{"n": 10, "parents": 2831, "total": 25398, "tests": 49481, "kept": 5538}
{"n": 10, "parents": 2841, "total": 25398, "tests": 49537, "kept": 5538}
{"n": 10, "parents": 2851, "total": 25398, "tests": 49664, "kept": 5539}
{"n": 10, "parents": 2861, "total": 25398, "tests": 49720, "kept": 5540}
{"n": 10, "parents": 2871, "total": 25398, "tests": 49974, "kept": 5543}
{"n": 10, "parents": 2881, "total": 25398, "tests": 50128, "kept": 5545}
{"n": 10, "parents": 2891, "total": 25398, "tests": 50311, "kept": 5547}
{"n": 10, "parents": 2901, "total": 25398, "tests": 50311, "kept": 5547}
{"n": 10, "parents": 2911, "total": 25398, "tests": 50311, "kept": 5547}
{"n": 10, "parents": 2921, "total": 25398, "tests": 50438, "kept": 5549}
{"n": 10, "parents": 2931, "total": 25398, "tests": 50692, "kept": 5551}
{"n": 10, "parents": 2941, "total": 25398, "tests": 50875, "kept": 5553}
{"n": 10, "parents": 2951, "total": 25398, "tests": 50952, "kept": 5553}
{"n": 10, "parents": 2961, "total": 25398, "tests": 51037, "kept": 5555}
{"n": 10, "parents": 2971, "total": 25398, "tests": 51040, "kept": 5555}
{"n": 10, "parents": 2981, "total": 25398, "tests": 51040, "kept": 5555}
{"n": 10, "parents": 2991, "total": 25398, "tests": 51152, "kept": 5563}
{"n": 10, "parents": 3001, "total": 25398, "tests": 51250, "kept": 5563}
{"n": 10, "parents": 3011, "total": 25398, "tests": 51495, "kept": 5566}
{"n": 10, "parents": 3021, "total": 25398, "tests": 51860, "kept": 5608}
{"n": 10, "parents": 3031, "total": 25398, "tests": 51937, "kept": 5609}
{"n": 10, "parents": 3041, "total": 25398, "tests": 51937, "kept": 5609}
{"n": 10, "parents": 3051, "total": 25398, "tests": 52415, "kept": 5621}
{"n": 10, "parents": 3061, "total": 25398, "tests": 52555, "kept": 5621}
{"n": 10, "parents": 3071, "total": 25398, "tests": 52555, "kept": 5621}
{"n": 10, "parents": 3081, "total": 25398, "tests": 52809, "kept": 5623}
{"n": 10, "parents": 3091, "total": 25398, "tests": 53069, "kept": 5626}
{"n": 10, "parents": 3101, "total": 25398, "tests": 53512, "kept": 5688}
{"n": 10, "parents": 3111, "total": 25398, "tests": 53680, "kept": 5698}
{"n": 10, "parents": 3121, "total": 25398, "tests": 53757, "kept": 5704}
{"n": 10, "parents": 3131, "total": 25398, "tests": 53813, "kept": 5706}
{"n": 10, "parents": 3141, "total": 25398, "tests": 53967, "kept": 5714}
{"n": 10, "parents": 3151, "total": 25398, "tests": 54332, "kept": 5761}
{"n": 10, "parents": 3161, "total": 25398, "tests": 54500, "kept": 5768}
{"n": 10, "parents": 3171, "total": 25398, "tests": 54521, "kept": 5774}
{"n": 10, "parents": 3181, "total": 25398, "tests": 54542, "kept": 5774}
{"n": 10, "parents": 3191, "total": 25398, "tests": 54563, "kept": 5774}
{"n": 10, "parents": 3201, "total": 25398, "tests": 54563, "kept": 5774}
{"n": 10, "parents": 3211, "total": 25398, "tests": 54563, "kept": 5774}
{"n": 10, "parents": 3221, "total": 25398, "tests": 54563, "kept": 5774}
{"n": 10, "parents": 3231, "total": 25398, "tests": 54563, "kept": 5774}
{"n": 10, "parents": 3241, "total": 25398, "tests": 54563, "kept": 5774}
{"n": 10, "parents": 3251, "total": 25398, "tests": 54584, "kept": 5774}
{"n": 10, "parents": 3261, "total": 25398, "tests": 54584, "kept": 5774}
{"n": 10, "parents": 3271, "total": 25398, "tests": 54640, "kept": 5774}
{"n": 10, "parents": 3281, "total": 25398, "tests": 54773, "kept": 5793}
{"n": 10, "parents": 3291, "total": 25398, "tests": 54885, "kept": 5796}
{"n": 10, "parents": 3301, "total": 25398, "tests": 55081, "kept": 5818}
{"n": 10, "parents": 3311, "total": 25398, "tests": 55277, "kept": 5819}
{"n": 10, "parents": 3321, "total": 25398, "tests": 55466, "kept": 5826}
{"n": 10, "parents": 3331, "total": 25398, "tests": 55655, "kept": 5844}
{"n": 10, "parents": 3341, "total": 25398, "tests": 55765, "kept": 5853}
{"n": 10, "parents": 3351, "total": 25398, "tests": 56185, "kept": 6004}
{"n": 10, "parents": 3361, "total": 25398, "tests": 56262, "kept": 6004}
{"n": 10, "parents": 3371, "total": 25398, "tests": 56262, "kept": 6004}
{"n": 10, "parents": 3381, "total": 25398, "tests": 56318, "kept": 6004}
{"n": 10, "parents": 3391, "total": 25398, "tests": 56318, "kept": 6004}
{"n": 10, "parents": 3401, "total": 25398, "tests": 56318, "kept": 6004}
{"n": 10, "parents": 3411, "total": 25398, "tests": 56416, "kept": 6008}
{"n": 10, "parents": 3421, "total": 25398, "tests": 56570, "kept": 6009}
{"n": 10, "parents": 3431, "total": 25398, "tests": 56570, "kept": 6009}
{"n": 10, "parents": 3441, "total": 25398, "tests": 56660, "kept": 6015}
{"n": 10, "parents": 3451, "total": 25398, "tests": 56716, "kept": 6015}
{"n": 10, "parents": 3461, "total": 25398, "tests": 56716, "kept": 6015}
{"n": 10, "parents": 3471, "total": 25398, "tests": 56737, "kept": 6015}
{"n": 10, "parents": 3481, "total": 25398, "tests": 56835, "kept": 6015}
{"n": 10, "parents": 3491, "total": 25398, "tests": 56967, "kept": 6015}
{"n": 10, "parents": 3501, "total": 25398, "tests": 57065, "kept": 6015}
{"n": 10, "parents": 3511, "total": 25398, "tests": 57065, "kept": 6015}
{"n": 10, "parents": 3521, "total": 25398, "tests": 57142, "kept": 6016}
{"n": 10, "parents": 3531, "total": 25398, "tests": 57148, "kept": 6016}
{"n": 10, "parents": 3541, "total": 25398, "tests": 57175, "kept": 6020}
{"n": 10, "parents": 3551, "total": 25398, "tests": 57280, "kept": 6021}
{"n": 10, "parents": 3561, "total": 25398, "tests": 57280, "kept": 6021}
{"n": 10, "parents": 3571, "total": 25398, "tests": 57280, "kept": 6021}
{"n": 10, "parents": 3581, "total": 25398, "tests": 57280, "kept": 6021}
{"n": 10, "parents": 3591, "total": 25398, "tests": 57280, "kept": 6021}
{"n": 10, "parents": 3601, "total": 25398, "tests": 57280, "kept": 6021}
{"n": 10, "parents": 3611, "total": 25398, "tests": 57301, "kept": 6021}
{"n": 10, "parents": 3621, "total": 25398, "tests": 57588, "kept": 6023}
{"n": 10, "parents": 3631, "total": 25398, "tests": 58064, "kept": 6207}
{"n": 10, "parents": 3641, "total": 25398, "tests": 58064, "kept": 6207}
{"n": 10, "parents": 3651, "total": 25398, "tests": 58106, "kept": 6210}
{"n": 10, "parents": 3661, "total": 25398, "tests": 58216, "kept": 6218}
{"n": 10, "parents": 3671, "total": 25398, "tests": 58255, "kept": 6232}
{"n": 10, "parents": 3681, "total": 25398, "tests": 58255, "kept": 6232}
{"n": 10, "parents": 3691, "total": 25398, "tests": 58303, "kept": 6238}
{"n": 10, "parents": 3701, "total": 25398, "tests": 58303, "kept": 6238}
{"n": 10, "parents": 3711, "total": 25398, "tests": 58303, "kept": 6238}
{"n": 10, "parents": 3721, "total": 25398, "tests": 58303, "kept": 6238}
{"n": 10, "parents": 3731, "total": 25398, "tests": 58401, "kept": 6239}
{"n": 10, "parents": 3741, "total": 25398, "tests": 58401, "kept": 6239}
{"n": 10, "parents": 3751, "total": 25398, "tests": 58576, "kept": 6239}
{"n": 10, "parents": 3761, "total": 25398, "tests": 58737, "kept": 6239}
{"n": 10, "parents": 3771, "total": 25398, "tests": 58972, "kept": 6296}
{"n": 10, "parents": 3781, "total": 25398, "tests": 59363, "kept": 6407}
{"n": 10, "parents": 3791, "total": 25398, "tests": 59384, "kept": 6408}
{"n": 10, "parents": 3801, "total": 25398, "tests": 59384, "kept": 6408}
{"n": 10, "parents": 3811, "total": 25398, "tests": 59384, "kept": 6408}
{"n": 10, "parents": 3821, "total": 25398, "tests": 59384, "kept": 6408}
{"n": 10, "parents": 3831, "total": 25398, "tests": 59573, "kept": 6410}
{"n": 10, "parents": 3841, "total": 25398, "tests": 59573, "kept": 6410}
{"n": 10, "parents": 3851, "total": 25398, "tests": 59629, "kept": 6410}
{"n": 10, "parents": 3861, "total": 25398, "tests": 59685, "kept": 6410}
{"n": 10, "parents": 3871, "total": 25398, "tests": 59685, "kept": 6410}
{"n": 10, "parents": 3881, "total": 25398, "tests": 59685, "kept": 6410}
{"n": 10, "parents": 3891, "total": 25398, "tests": 59685, "kept": 6410}
{"n": 10, "parents": 3901, "total": 25398, "tests": 59685, "kept": 6410}
{"n": 10, "parents": 3911, "total": 25398, "tests": 59860, "kept": 6410}
{"n": 10, "parents": 3921, "total": 25398, "tests": 59881, "kept": 6410}
{"n": 10, "parents": 3931, "total": 25398, "tests": 59881, "kept": 6410}
{"n": 10, "parents": 3941, "total": 25398, "tests": 59923, "kept": 6412}
{"n": 10, "parents": 3951, "total": 25398, "tests": 60049, "kept": 6414}
{"n": 10, "parents": 3961, "total": 25398, "tests": 60301, "kept": 6441}
{"n": 10, "parents": 3971, "total": 25398, "tests": 60441, "kept": 6444}
{"n": 10, "parents": 3981, "total": 25398, "tests": 60518, "kept": 6447}
{"n": 10, "parents": 3991, "total": 25398, "tests": 60518, "kept": 6447}
{"n": 10, "parents": 4001, "total": 25398, "tests": 60672, "kept": 6452}
{"n": 10, "parents": 4011, "total": 25398, "tests": 60735, "kept": 6454}
{"n": 10, "parents": 4021, "total": 25398, "tests": 60777, "kept": 6466}
{"n": 10, "parents": 4031, "total": 25398, "tests": 60777, "kept": 6466}
{"n": 10, "parents": 4041, "total": 25398, "tests": 61029, "kept": 6484}
{"n": 10, "parents": 4051, "total": 25398, "tests": 61085, "kept": 6495}
{"n": 10, "parents": 4061, "total": 25398, "tests": 61267, "kept": 6522}
{"n": 10, "parents": 4071, "total": 25398, "tests": 61400, "kept": 6548}
{"n": 10, "parents": 4081, "total": 25398, "tests": 61400, "kept": 6548}
{"n": 10, "parents": 4091, "total": 25398, "tests": 61526, "kept": 6553}
{"n": 10, "parents": 4101, "total": 25398, "tests": 61652, "kept": 6555}
{"n": 10, "parents": 4111, "total": 25398, "tests": 61729, "kept": 6558}
{"n": 10, "parents": 4121, "total": 25398, "tests": 61729, "kept": 6558}
{"n": 10, "parents": 4131, "total": 25398, "tests": 61862, "kept": 6562}
{"n": 10, "parents": 4141, "total": 25398, "tests": 62226, "kept": 6610}
{"n": 10, "parents": 4151, "total": 25398, "tests": 62716, "kept": 6676}
{"n": 10, "parents": 4161, "total": 25398, "tests": 62716, "kept": 6676}
{"n": 10, "parents": 4171, "total": 25398, "tests": 62877, "kept": 6746}
{"n": 10, "parents": 4181, "total": 25398, "tests": 63002, "kept": 6747}
{"n": 10, "parents": 4191, "total": 25398, "tests": 63149, "kept": 6749}
{"n": 10, "parents": 4201, "total": 25398, "tests": 63379, "kept": 6755}
{"n": 10, "parents": 4211, "total": 25398, "tests": 63582, "kept": 6764}
{"n": 10, "parents": 4221, "total": 25398, "tests": 63721, "kept": 6769}
{"n": 10, "parents": 4231, "total": 25398, "tests": 63804, "kept": 6772}
{"n": 10, "parents": 4241, "total": 25398, "tests": 63943, "kept": 6786}
{"n": 10, "parents": 4251, "total": 25398, "tests": 64055, "kept": 6796}
{"n": 10, "parents": 4261, "total": 25398, "tests": 64221, "kept": 6824}
{"n": 10, "parents": 4271, "total": 25398, "tests": 64555, "kept": 6903}
{"n": 10, "parents": 4281, "total": 25398, "tests": 64835, "kept": 6975}
{"n": 10, "parents": 4291, "total": 25398, "tests": 64835, "kept": 6975}
{"n": 10, "parents": 4301, "total": 25398, "tests": 64835, "kept": 6975}
{"n": 10, "parents": 4311, "total": 25398, "tests": 64835, "kept": 6975}
{"n": 10, "parents": 4321, "total": 25398, "tests": 64835, "kept": 6975}
{"n": 10, "parents": 4331, "total": 25398, "tests": 64961, "kept": 6975}
{"n": 10, "parents": 4341, "total": 25398, "tests": 65087, "kept": 6975}
{"n": 10, "parents": 4351, "total": 25398, "tests": 65087, "kept": 6975}
{"n": 10, "parents": 4361, "total": 25398, "tests": 65213, "kept": 6977}
{"n": 10, "parents": 4371, "total": 25398, "tests": 65213, "kept": 6977}
{"n": 10, "parents": 4381, "total": 25398, "tests": 65213, "kept": 6977}
{"n": 10, "parents": 4391, "total": 25398, "tests": 65367, "kept": 6977}
{"n": 10, "parents": 4401, "total": 25398, "tests": 65486, "kept": 6977}
{"n": 10, "parents": 4411, "total": 25398, "tests": 65752, "kept": 6989}
{"n": 10, "parents": 4421, "total": 25398, "tests": 65955, "kept": 7007}
{"n": 10, "parents": 4431, "total": 25398, "tests": 65976, "kept": 7008}
{"n": 10, "parents": 4441, "total": 25398, "tests": 66361, "kept": 7039}
{"n": 10, "parents": 4451, "total": 25398, "tests": 66487, "kept": 7048}
{"n": 10, "parents": 4461, "total": 25398, "tests": 66676, "kept": 7056}
{"n": 10, "parents": 4471, "total": 25398, "tests": 66774, "kept": 7064}
{"n": 10, "parents": 4481, "total": 25398, "tests": 67082, "kept": 7083}
{"n": 10, "parents": 4491, "total": 25398, "tests": 67334, "kept": 7093}
{"n": 10, "parents": 4501, "total": 25398, "tests": 67727, "kept": 7175}
{"n": 10, "parents": 4511, "total": 25398, "tests": 68105, "kept": 7210}
{"n": 10, "parents": 4521, "total": 25398, "tests": 68238, "kept": 7210}
{"n": 10, "parents": 4531, "total": 25398, "tests": 68581, "kept": 7215}
{"n": 10, "parents": 4541, "total": 25398, "tests": 68826, "kept": 7245}
{"n": 10, "parents": 4551, "total": 25398, "tests": 68952, "kept": 7246}
{"n": 10, "parents": 4561, "total": 25398, "tests": 69204, "kept": 7251}
{"n": 10, "parents": 4571, "total": 25398, "tests": 69750, "kept": 7318}
{"n": 10, "parents": 4581, "total": 25398, "tests": 69876, "kept": 7321}
{"n": 10, "parents": 4591, "total": 25398, "tests": 70009, "kept": 7321}
{"n": 10, "parents": 4601, "total": 25398, "tests": 70289, "kept": 7366}
{"n": 10, "parents": 4611, "total": 25398, "tests": 70337, "kept": 7366}
{"n": 10, "parents": 4621, "total": 25398, "tests": 70526, "kept": 7366}
{"n": 10, "parents": 4631, "total": 25398, "tests": 70659, "kept": 7370}
{"n": 10, "parents": 4641, "total": 25398, "tests": 70764, "kept": 7375}
{"n": 10, "parents": 4651, "total": 25398, "tests": 70897, "kept": 7380}
{"n": 10, "parents": 4661, "total": 25398, "tests": 70980, "kept": 7387}
{"n": 10, "parents": 4671, "total": 25398, "tests": 71204, "kept": 7390}
{"n": 10, "parents": 4681, "total": 25398, "tests": 71308, "kept": 7391}
{"n": 10, "parents": 4691, "total": 25398, "tests": 71420, "kept": 7399}
{"n": 10, "parents": 4701, "total": 25398, "tests": 71483, "kept": 7402}
{"n": 10, "parents": 4711, "total": 25398, "tests": 71672, "kept": 7405}
{"n": 10, "parents": 4721, "total": 25398, "tests": 71846, "kept": 7416}
{"n": 10, "parents": 4731, "total": 25398, "tests": 71921, "kept": 7424}
{"n": 10, "parents": 4741, "total": 25398, "tests": 72404, "kept": 7556}
{"n": 10, "parents": 4751, "total": 25398, "tests": 72558, "kept": 7556}
{"n": 10, "parents": 4761, "total": 25398, "tests": 72635, "kept": 7556}
{"n": 10, "parents": 4771, "total": 25398, "tests": 72817, "kept": 7558}
{"n": 10, "parents": 4781, "total": 25398, "tests": 72963, "kept": 7560}
{"n": 10, "parents": 4791, "total": 25398, "tests": 73067, "kept": 7560}
{"n": 10, "parents": 4801, "total": 25398, "tests": 73242, "kept": 7561}
{"n": 10, "parents": 4811, "total": 25398, "tests": 73373, "kept": 7564}
{"n": 10, "parents": 4821, "total": 25398, "tests": 73826, "kept": 7716}
{"n": 10, "parents": 4831, "total": 25398, "tests": 73826, "kept": 7716}
{"n": 10, "parents": 4841, "total": 25398, "tests": 73826, "kept": 7716}
{"n": 10, "parents": 4851, "total": 25398, "tests": 74028, "kept": 7717}
{"n": 10, "parents": 4861, "total": 25398, "tests": 74174, "kept": 7726}
{"n": 10, "parents": 4871, "total": 25398, "tests": 74242, "kept": 7728}
{"n": 10, "parents": 4881, "total": 25398, "tests": 74287, "kept": 7734}
{"n": 10, "parents": 4891, "total": 25398, "tests": 74545, "kept": 7740}
{"n": 10, "parents": 4901, "total": 25398, "tests": 74587, "kept": 7741}
{"n": 10, "parents": 4911, "total": 25398, "tests": 74587, "kept": 7741}
{"n": 10, "parents": 4921, "total": 25398, "tests": 74713, "kept": 7745}
{"n": 10, "parents": 4931, "total": 25398, "tests": 74895, "kept": 7756}
{"n": 10, "parents": 4941, "total": 25398, "tests": 75133, "kept": 7793}
{"n": 10, "parents": 4951, "total": 25398, "tests": 75273, "kept": 7800}
{"n": 10, "parents": 4961, "total": 25398, "tests": 75425, "kept": 7804}
{"n": 10, "parents": 4971, "total": 25398, "tests": 75493, "kept": 7808}
{"n": 10, "parents": 4981, "total": 25398, "tests": 75538, "kept": 7815}
{"n": 10, "parents": 4991, "total": 25398, "tests": 75699, "kept": 7822}
{"n": 10, "parents": 5001, "total": 25398, "tests": 75741, "kept": 7825}
{"n": 10, "parents": 5011, "total": 25398, "tests": 75741, "kept": 7825}
{"n": 10, "parents": 5021, "total": 25398, "tests": 75916, "kept": 7825}
{"n": 10, "parents": 5031, "total": 25398, "tests": 75985, "kept": 7826}
{"n": 10, "parents": 5041, "total": 25398, "tests": 76139, "kept": 7826}
{"n": 10, "parents": 5051, "total": 25398, "tests": 76244, "kept": 7828}
{"n": 10, "parents": 5061, "total": 25398, "tests": 76356, "kept": 7831}
{"n": 10, "parents": 5071, "total": 25398, "tests": 76566, "kept": 7836}
{"n": 10, "parents": 5081, "total": 25398, "tests": 76692, "kept": 7840}
{"n": 10, "parents": 5091, "total": 25398, "tests": 76859, "kept": 7841}
{"n": 10, "parents": 5101, "total": 25398, "tests": 76963, "kept": 7843}
{"n": 10, "parents": 5111, "total": 25398, "tests": 77047, "kept": 7847}
{"n": 10, "parents": 5121, "total": 25398, "tests": 77166, "kept": 7849}
{"n": 10, "parents": 5131, "total": 25398, "tests": 77355, "kept": 7855}
{"n": 10, "parents": 5141, "total": 25398, "tests": 77509, "kept": 7872}
{"n": 10, "parents": 5151, "total": 25398, "tests": 77641, "kept": 7878}
{"n": 10, "parents": 5161, "total": 25398, "tests": 77970, "kept": 7888}
{"n": 10, "parents": 5171, "total": 25398, "tests": 78138, "kept": 7894}
{"n": 10, "parents": 5181, "total": 25398, "tests": 78298, "kept": 7906}
{"n": 10, "parents": 5191, "total": 25398, "tests": 78466, "kept": 7911}
{"n": 10, "parents": 5201, "total": 25398, "tests": 78620, "kept": 7925}
{"n": 10, "parents": 5211, "total": 25398, "tests": 78774, "kept": 7954}
{"n": 10, "parents": 5221, "total": 25398, "tests": 78949, "kept": 7962}
{"n": 10, "parents": 5231, "total": 25398, "tests": 79024, "kept": 7963}
{"n": 10, "parents": 5241, "total": 25398, "tests": 79143, "kept": 7967}
{"n": 10, "parents": 5251, "total": 25398, "tests": 79276, "kept": 7967}
{"n": 10, "parents": 5261, "total": 25398, "tests": 79345, "kept": 7967}
{"n": 10, "parents": 5271, "total": 25398, "tests": 79569, "kept": 7975}
{"n": 10, "parents": 5281, "total": 25398, "tests": 79702, "kept": 7979}
{"n": 10, "parents": 5291, "total": 25398, "tests": 79750, "kept": 7982}
{"n": 10, "parents": 5301, "total": 25398, "tests": 79889, "kept": 7984}
{"n": 10, "parents": 5311, "total": 25398, "tests": 80008, "kept": 7985}
{"n": 10, "parents": 5321, "total": 25398, "tests": 80041, "kept": 7985}
{"n": 10, "parents": 5331, "total": 25398, "tests": 80265, "kept": 7991}
{"n": 10, "parents": 5341, "total": 25398, "tests": 80384, "kept": 7997}
{"n": 10, "parents": 5351, "total": 25398, "tests": 80664, "kept": 8036}
{"n": 10, "parents": 5361, "total": 25398, "tests": 80895, "kept": 8086}
{"n": 10, "parents": 5371, "total": 25398, "tests": 81105, "kept": 8103}
{"n": 10, "parents": 5381, "total": 25398, "tests": 81224, "kept": 8125}
{"n": 10, "parents": 5391, "total": 25398, "tests": 81784, "kept": 8233}
{"n": 10, "parents": 5401, "total": 25398, "tests": 82365, "kept": 8326}
{"n": 10, "parents": 5411, "total": 25398, "tests": 82441, "kept": 8327}
{"n": 10, "parents": 5421, "total": 25398, "tests": 82551, "kept": 8331}
{"n": 10, "parents": 5431, "total": 25398, "tests": 82802, "kept": 8354}
{"n": 10, "parents": 5441, "total": 25398, "tests": 82814, "kept": 8354}
{"n": 10, "parents": 5451, "total": 25398, "tests": 83068, "kept": 8359}
{"n": 10, "parents": 5461, "total": 25398, "tests": 83195, "kept": 8364}
{"n": 10, "parents": 5471, "total": 25398, "tests": 83272, "kept": 8370}
{"n": 10, "parents": 5481, "total": 25398, "tests": 83616, "kept": 8406}
{"n": 10, "parents": 5491, "total": 25398, "tests": 83616, "kept": 8406}
{"n": 10, "parents": 5501, "total": 25398, "tests": 83870, "kept": 8411}
{"n": 10, "parents": 5511, "total": 25398, "tests": 84251, "kept": 8416}
{"n": 10, "parents": 5521, "total": 25398, "tests": 84632, "kept": 8426}
{"n": 10, "parents": 5531, "total": 25398, "tests": 84730, "kept": 8428}
{"n": 10, "parents": 5541, "total": 25398, "tests": 84857, "kept": 8434}
{"n": 10, "parents": 5551, "total": 25398, "tests": 84913, "kept": 8438}
{"n": 10, "parents": 5561, "total": 25398, "tests": 84913, "kept": 8438}
{"n": 10, "parents": 5571, "total": 25398, "tests": 84969, "kept": 8443}
{"n": 10, "parents": 5581, "total": 25398, "tests": 85025, "kept": 8443}
{"n": 10, "parents": 5591, "total": 25398, "tests": 85158, "kept": 8447}
{"n": 10, "parents": 5601, "total": 25398, "tests": 85326, "kept": 8457}
{"n": 10, "parents": 5611, "total": 25398, "tests": 85494, "kept": 8464}
{"n": 10, "parents": 5621, "total": 25398, "tests": 85788, "kept": 8505}
{"n": 10, "parents": 5631, "total": 25398, "tests": 85788, "kept": 8505}
{"n": 10, "parents": 5641, "total": 25398, "tests": 85788, "kept": 8505}
{"n": 10, "parents": 5651, "total": 25398, "tests": 86042, "kept": 8511}
{"n": 10, "parents": 5661, "total": 25398, "tests": 86169, "kept": 8514}
{"n": 10, "parents": 5671, "total": 25398, "tests": 86302, "kept": 8514}
{"n": 10, "parents": 5681, "total": 25398, "tests": 86302, "kept": 8514}
{"n": 10, "parents": 5691, "total": 25398, "tests": 86302, "kept": 8514}
{"n": 10, "parents": 5701, "total": 25398, "tests": 86556, "kept": 8524}
{"n": 10, "parents": 5711, "total": 25398, "tests": 86866, "kept": 8538}
{"n": 10, "parents": 5721, "total": 25398, "tests": 86887, "kept": 8538}
{"n": 10, "parents": 5731, "total": 25398, "tests": 86887, "kept": 8538}
{"n": 10, "parents": 5741, "total": 25398, "tests": 87141, "kept": 8545}
{"n": 10, "parents": 5751, "total": 25398, "tests": 87197, "kept": 8547}
{"n": 10, "parents": 5761, "total": 25398, "tests": 87197, "kept": 8547}
{"n": 10, "parents": 5771, "total": 25398, "tests": 87324, "kept": 8548}
{"n": 10, "parents": 5781, "total": 25398, "tests": 87380, "kept": 8548}
{"n": 10, "parents": 5791, "total": 25398, "tests": 87507, "kept": 8550}
{"n": 10, "parents": 5801, "total": 25398, "tests": 87873, "kept": 8566}
{"n": 10, "parents": 5811, "total": 25398, "tests": 88056, "kept": 8574}
{"n": 10, "parents": 5821, "total": 25398, "tests": 88210, "kept": 8579}
{"n": 10, "parents": 5831, "total": 25398, "tests": 88449, "kept": 8580}
{"n": 10, "parents": 5841, "total": 25398, "tests": 88694, "kept": 8589}
{"n": 10, "parents": 5851, "total": 25398, "tests": 88848, "kept": 8596}
{"n": 10, "parents": 5861, "total": 25398, "tests": 88952, "kept": 8600}
{"n": 10, "parents": 5871, "total": 25398, "tests": 88952, "kept": 8600}
{"n": 10, "parents": 5881, "total": 25398, "tests": 88952, "kept": 8600}
{"n": 10, "parents": 5891, "total": 25398, "tests": 89083, "kept": 8600}
{"n": 10, "parents": 5901, "total": 25398, "tests": 89270, "kept": 8603}
{"n": 10, "parents": 5911, "total": 25398, "tests": 89326, "kept": 8603}
{"n": 10, "parents": 5921, "total": 25398, "tests": 89438, "kept": 8603}
{"n": 10, "parents": 5931, "total": 25398, "tests": 89494, "kept": 8603}
{"n": 10, "parents": 5941, "total": 25398, "tests": 89550, "kept": 8603}
{"n": 10, "parents": 5951, "total": 25398, "tests": 89550, "kept": 8603}
{"n": 10, "parents": 5961, "total": 25398, "tests": 89627, "kept": 8605}
{"n": 10, "parents": 5971, "total": 25398, "tests": 89627, "kept": 8605}
{"n": 10, "parents": 5981, "total": 25398, "tests": 89739, "kept": 8605}
{"n": 10, "parents": 5991, "total": 25398, "tests": 89739, "kept": 8605}
{"n": 10, "parents": 6001, "total": 25398, "tests": 89739, "kept": 8605}
{"n": 10, "parents": 6011, "total": 25398, "tests": 89816, "kept": 8605}
{"n": 10, "parents": 6021, "total": 25398, "tests": 90040, "kept": 8605}
{"n": 10, "parents": 6031, "total": 25398, "tests": 90117, "kept": 8605}
{"n": 10, "parents": 6041, "total": 25398, "tests": 90194, "kept": 8605}
{"n": 10, "parents": 6051, "total": 25398, "tests": 90215, "kept": 8605}
{"n": 10, "parents": 6061, "total": 25398, "tests": 90215, "kept": 8605}
{"n": 10, "parents": 6071, "total": 25398, "tests": 90348, "kept": 8605}
{"n": 10, "parents": 6081, "total": 25398, "tests": 90390, "kept": 8607}
{"n": 10, "parents": 6091, "total": 25398, "tests": 90446, "kept": 8607}
{"n": 10, "parents": 6101, "total": 25398, "tests": 90502, "kept": 8607}
{"n": 10, "parents": 6111, "total": 25398, "tests": 90818, "kept": 8610}
{"n": 10, "parents": 6121, "total": 25398, "tests": 90966, "kept": 8613}
{"n": 10, "parents": 6131, "total": 25398, "tests": 91093, "kept": 8616}
{"n": 10, "parents": 6141, "total": 25398, "tests": 91276, "kept": 8620}
{"n": 10, "parents": 6151, "total": 25398, "tests": 91353, "kept": 8620}
{"n": 10, "parents": 6161, "total": 25398, "tests": 91486, "kept": 8620}
{"n": 10, "parents": 6171, "total": 25398, "tests": 91731, "kept": 8620}
{"n": 10, "parents": 6181, "total": 25398, "tests": 91808, "kept": 8620}
{"n": 10, "parents": 6191, "total": 25398, "tests": 91808, "kept": 8620}
{"n": 10, "parents": 6201, "total": 25398, "tests": 91808, "kept": 8620}
{"n": 10, "parents": 6211, "total": 25398, "tests": 91941, "kept": 8623}
{"n": 10, "parents": 6221, "total": 25398, "tests": 91962, "kept": 8623}
{"n": 10, "parents": 6231, "total": 25398, "tests": 91983, "kept": 8623}
{"n": 10, "parents": 6241, "total": 25398, "tests": 91983, "kept": 8623}
{"n": 10, "parents": 6251, "total": 25398, "tests": 91983, "kept": 8623}
{"n": 10, "parents": 6261, "total": 25398, "tests": 91983, "kept": 8623}
{"n": 10, "parents": 6271, "total": 25398, "tests": 92039, "kept": 8623}
{"n": 10, "parents": 6281, "total": 25398, "tests": 92095, "kept": 8623}
{"n": 10, "parents": 6291, "total": 25398, "tests": 92207, "kept": 8623}
{"n": 10, "parents": 6301, "total": 25398, "tests": 92340, "kept": 8623}
{"n": 10, "parents": 6311, "total": 25398, "tests": 92529, "kept": 8627}
{"n": 10, "parents": 6321, "total": 25398, "tests": 92656, "kept": 8631}
{"n": 10, "parents": 6331, "total": 25398, "tests": 92824, "kept": 8635}
{"n": 10, "parents": 6341, "total": 25398, "tests": 92957, "kept": 8635}
{"n": 10, "parents": 6351, "total": 25398, "tests": 92957, "kept": 8635}
{"n": 10, "parents": 6361, "total": 25398, "tests": 93084, "kept": 8637}
{"n": 10, "parents": 6371, "total": 25398, "tests": 93394, "kept": 8644}
{"n": 10, "parents": 6381, "total": 25398, "tests": 93633, "kept": 8647}
{"n": 10, "parents": 6391, "total": 25398, "tests": 93899, "kept": 8659}
{"n": 10, "parents": 6401, "total": 25398, "tests": 93899, "kept": 8659}
{"n": 10, "parents": 6411, "total": 25398, "tests": 94026, "kept": 8662}
{"n": 10, "parents": 6421, "total": 25398, "tests": 94236, "kept": 8667}
{"n": 10, "parents": 6431, "total": 25398, "tests": 94404, "kept": 8668}
{"n": 10, "parents": 6441, "total": 25398, "tests": 94628, "kept": 8668}
{"n": 10, "parents": 6451, "total": 25398, "tests": 94796, "kept": 8668}
{"n": 10, "parents": 6461, "total": 25398, "tests": 94935, "kept": 8670}
{"n": 10, "parents": 6471, "total": 25398, "tests": 94968, "kept": 8670}
{"n": 10, "parents": 6481, "total": 25398, "tests": 94968, "kept": 8670}
{"n": 10, "parents": 6491, "total": 25398, "tests": 94968, "kept": 8670}
{"n": 10, "parents": 6501, "total": 25398, "tests": 95024, "kept": 8670}
{"n": 10, "parents": 6511, "total": 25398, "tests": 95080, "kept": 8671}
{"n": 10, "parents": 6521, "total": 25398, "tests": 95263, "kept": 8673}
{"n": 10, "parents": 6531, "total": 25398, "tests": 95340, "kept": 8678}
{"n": 10, "parents": 6541, "total": 25398, "tests": 95340, "kept": 8678}
{"n": 10, "parents": 6551, "total": 25398, "tests": 95467, "kept": 8680}
{"n": 10, "parents": 6561, "total": 25398, "tests": 95798, "kept": 8684}
{"n": 10, "parents": 6571, "total": 25398, "tests": 95910, "kept": 8687}
{"n": 10, "parents": 6581, "total": 25398, "tests": 96155, "kept": 8694}
{"n": 10, "parents": 6591, "total": 25398, "tests": 96514, "kept": 8757}
{"n": 10, "parents": 6601, "total": 25398, "tests": 96682, "kept": 8757}
{"n": 10, "parents": 6611, "total": 25398, "tests": 96892, "kept": 8765}
{"n": 10, "parents": 6621, "total": 25398, "tests": 97031, "kept": 8770}
{"n": 10, "parents": 6631, "total": 25398, "tests": 97235, "kept": 8774}
{"n": 10, "parents": 6641, "total": 25398, "tests": 97368, "kept": 8774}
{"n": 10, "parents": 6651, "total": 25398, "tests": 97445, "kept": 8779}
{"n": 10, "parents": 6661, "total": 25398, "tests": 97487, "kept": 8779}
{"n": 10, "parents": 6671, "total": 25398, "tests": 97726, "kept": 8779}
{"n": 10, "parents": 6681, "total": 25398, "tests": 97874, "kept": 8779}
{"n": 10, "parents": 6691, "total": 25398, "tests": 98105, "kept": 8783}
{"n": 10, "parents": 6701, "total": 25398, "tests": 98259, "kept": 8794}
{"n": 10, "parents": 6711, "total": 25398, "tests": 98413, "kept": 8797}
{"n": 10, "parents": 6721, "total": 25398, "tests": 98511, "kept": 8805}
{"n": 10, "parents": 6731, "total": 25398, "tests": 98623, "kept": 8805}
{"n": 10, "parents": 6741, "total": 25398, "tests": 98644, "kept": 8805}
{"n": 10, "parents": 6751, "total": 25398, "tests": 98945, "kept": 8807}
{"n": 10, "parents": 6761, "total": 25398, "tests": 99128, "kept": 8807}
{"n": 10, "parents": 6771, "total": 25398, "tests": 99352, "kept": 8813}
{"n": 10, "parents": 6781, "total": 25398, "tests": 99506, "kept": 8817}
{"n": 10, "parents": 6791, "total": 25398, "tests": 99645, "kept": 8819}
{"n": 10, "parents": 6801, "total": 25398, "tests": 99820, "kept": 8832}
{"n": 10, "parents": 6811, "total": 25398, "tests": 99925, "kept": 8837}
{"n": 10, "parents": 6821, "total": 25398, "tests": 99987, "kept": 8841}
{"n": 10, "parents": 6831, "total": 25398, "tests": 100170, "kept": 8841}
{"n": 10, "parents": 6841, "total": 25398, "tests": 100394, "kept": 8847}
{"n": 10, "parents": 6851, "total": 25398, "tests": 100499, "kept": 8852}
{"n": 10, "parents": 6861, "total": 25398, "tests": 100688, "kept": 8859}
{"n": 10, "parents": 6871, "total": 25398, "tests": 100772, "kept": 8862}
{"n": 10, "parents": 6881, "total": 25398, "tests": 100772, "kept": 8862}
{"n": 10, "parents": 6891, "total": 25398, "tests": 100772, "kept": 8862}
{"n": 10, "parents": 6901, "total": 25398, "tests": 100982, "kept": 8862}
{"n": 10, "parents": 6911, "total": 25398, "tests": 100982, "kept": 8862}
{"n": 10, "parents": 6921, "total": 25398, "tests": 100982, "kept": 8862}
{"n": 10, "parents": 6931, "total": 25398, "tests": 101171, "kept": 8862}
{"n": 10, "parents": 6941, "total": 25398, "tests": 101171, "kept": 8862}
{"n": 10, "parents": 6951, "total": 25398, "tests": 101171, "kept": 8862}
{"n": 10, "parents": 6961, "total": 25398, "tests": 101171, "kept": 8862}
{"n": 10, "parents": 6971, "total": 25398, "tests": 101171, "kept": 8862}
{"n": 10, "parents": 6981, "total": 25398, "tests": 101171, "kept": 8862}
{"n": 10, "parents": 6991, "total": 25398, "tests": 101171, "kept": 8862}
{"n": 10, "parents": 7001, "total": 25398, "tests": 101283, "kept": 8867}
{"n": 10, "parents": 7011, "total": 25398, "tests": 101339, "kept": 8867}
{"n": 10, "parents": 7021, "total": 25398, "tests": 101528, "kept": 8867}
{"n": 10, "parents": 7031, "total": 25398, "tests": 101612, "kept": 8868}
{"n": 10, "parents": 7041, "total": 25398, "tests": 101612, "kept": 8868}
{"n": 10, "parents": 7051, "total": 25398, "tests": 101612, "kept": 8868}
{"n": 10, "parents": 7061, "total": 25398, "tests": 101612, "kept": 8868}
{"n": 10, "parents": 7071, "total": 25398, "tests": 101668, "kept": 8873}
{"n": 10, "parents": 7081, "total": 25398, "tests": 101668, "kept": 8873}
{"n": 10, "parents": 7091, "total": 25398, "tests": 101836, "kept": 8880}
{"n": 10, "parents": 7101, "total": 25398, "tests": 101836, "kept": 8880}
{"n": 10, "parents": 7111, "total": 25398, "tests": 101836, "kept": 8880}
{"n": 10, "parents": 7121, "total": 25398, "tests": 101836, "kept": 8880}
{"n": 10, "parents": 7131, "total": 25398, "tests": 101898, "kept": 8880}
{"n": 10, "parents": 7141, "total": 25398, "tests": 101898, "kept": 8880}
{"n": 10, "parents": 7151, "total": 25398, "tests": 102031, "kept": 8881}
{"n": 10, "parents": 7161, "total": 25398, "tests": 102108, "kept": 8887}
{"n": 10, "parents": 7171, "total": 25398, "tests": 102108, "kept": 8887}
{"n": 10, "parents": 7181, "total": 25398, "tests": 102108, "kept": 8887}
{"n": 10, "parents": 7191, "total": 25398, "tests": 102164, "kept": 8892}
{"n": 10, "parents": 7201, "total": 25398, "tests": 102164, "kept": 8892}
{"n": 10, "parents": 7211, "total": 25398, "tests": 102276, "kept": 8901}
{"n": 10, "parents": 7221, "total": 25398, "tests": 102500, "kept": 8907}
{"n": 10, "parents": 7231, "total": 25398, "tests": 102633, "kept": 8912}
{"n": 10, "parents": 7241, "total": 25398, "tests": 103167, "kept": 9053}
{"n": 10, "parents": 7251, "total": 25398, "tests": 103229, "kept": 9053}
{"n": 10, "parents": 7261, "total": 25398, "tests": 103229, "kept": 9053}
{"n": 10, "parents": 7271, "total": 25398, "tests": 103383, "kept": 9061}
{"n": 10, "parents": 7281, "total": 25398, "tests": 103439, "kept": 9064}
{"n": 10, "parents": 7291, "total": 25398, "tests": 103516, "kept": 9071}
{"n": 10, "parents": 7301, "total": 25398, "tests": 103628, "kept": 9081}
{"n": 10, "parents": 7311, "total": 25398, "tests": 103817, "kept": 9083}
{"n": 10, "parents": 7321, "total": 25398, "tests": 104182, "kept": 9185}
{"n": 10, "parents": 7331, "total": 25398, "tests": 104209, "kept": 9185}
{"n": 10, "parents": 7341, "total": 25398, "tests": 104398, "kept": 9185}
{"n": 10, "parents": 7351, "total": 25398, "tests": 104510, "kept": 9187}
{"n": 10, "parents": 7361, "total": 25398, "tests": 104685, "kept": 9196}
{"n": 10, "parents": 7371, "total": 25398, "tests": 104762, "kept": 9196}
{"n": 10, "parents": 7381, "total": 25398, "tests": 104930, "kept": 9201}
{"n": 10, "parents": 7391, "total": 25398, "tests": 105013, "kept": 9210}
{"n": 10, "parents": 7401, "total": 25398, "tests": 105237, "kept": 9210}
{"n": 10, "parents": 7411, "total": 25398, "tests": 105405, "kept": 9214}
{"n": 10, "parents": 7421, "total": 25398, "tests": 105544, "kept": 9214}
{"n": 10, "parents": 7431, "total": 25398, "tests": 105853, "kept": 9288}
{"n": 10, "parents": 7441, "total": 25398, "tests": 105965, "kept": 9295}
{"n": 10, "parents": 7451, "total": 25398, "tests": 106330, "kept": 9376}
{"n": 10, "parents": 7461, "total": 25398, "tests": 106857, "kept": 9487}
{"n": 10, "parents": 7471, "total": 25398, "tests": 107046, "kept": 9490}
{"n": 10, "parents": 7481, "total": 25398, "tests": 107220, "kept": 9500}
{"n": 10, "parents": 7491, "total": 25398, "tests": 107717, "kept": 9645}
{"n": 10, "parents": 7501, "total": 25398, "tests": 108137, "kept": 9846}
{"n": 10, "parents": 7511, "total": 25398, "tests": 108214, "kept": 9846}
{"n": 10, "parents": 7521, "total": 25398, "tests": 108270, "kept": 9846}
{"n": 10, "parents": 7531, "total": 25398, "tests": 108326, "kept": 9846}
{"n": 10, "parents": 7541, "total": 25398, "tests": 108326, "kept": 9846}
{"n": 10, "parents": 7551, "total": 25398, "tests": 108438, "kept": 9846}
{"n": 10, "parents": 7561, "total": 25398, "tests": 108627, "kept": 9846}
{"n": 10, "parents": 7571, "total": 25398, "tests": 108802, "kept": 9846}
{"n": 10, "parents": 7581, "total": 25398, "tests": 108802, "kept": 9846}
{"n": 10, "parents": 7591, "total": 25398, "tests": 108935, "kept": 9846}
{"n": 10, "parents": 7601, "total": 25398, "tests": 108956, "kept": 9846}
{"n": 10, "parents": 7611, "total": 25398, "tests": 108977, "kept": 9846}
{"n": 10, "parents": 7621, "total": 25398, "tests": 108977, "kept": 9846}
{"n": 10, "parents": 7631, "total": 25398, "tests": 109222, "kept": 9846}
{"n": 10, "parents": 7641, "total": 25398, "tests": 109264, "kept": 9846}
{"n": 10, "parents": 7651, "total": 25398, "tests": 109264, "kept": 9846}
{"n": 10, "parents": 7661, "total": 25398, "tests": 109264, "kept": 9846}
{"n": 10, "parents": 7671, "total": 25398, "tests": 109362, "kept": 9846}
{"n": 10, "parents": 7681, "total": 25398, "tests": 109362, "kept": 9846}
{"n": 10, "parents": 7691, "total": 25398, "tests": 109362, "kept": 9846}
{"n": 10, "parents": 7701, "total": 25398, "tests": 109362, "kept": 9846}
{"n": 10, "parents": 7711, "total": 25398, "tests": 109439, "kept": 9846}
{"n": 10, "parents": 7721, "total": 25398, "tests": 109502, "kept": 9846}
{"n": 10, "parents": 7731, "total": 25398, "tests": 109691, "kept": 9846}
{"n": 10, "parents": 7741, "total": 25398, "tests": 109866, "kept": 9846}
{"n": 10, "parents": 7751, "total": 25398, "tests": 110055, "kept": 9846}
{"n": 10, "parents": 7761, "total": 25398, "tests": 110209, "kept": 9846}
{"n": 10, "parents": 7771, "total": 25398, "tests": 110369, "kept": 9846}
{"n": 10, "parents": 7781, "total": 25398, "tests": 110558, "kept": 9846}
{"n": 10, "parents": 7791, "total": 25398, "tests": 110789, "kept": 9846}
{"n": 10, "parents": 7801, "total": 25398, "tests": 111426, "kept": 9859}
{"n": 10, "parents": 7811, "total": 25398, "tests": 111580, "kept": 9860}
{"n": 10, "parents": 7821, "total": 25398, "tests": 111699, "kept": 9863}
{"n": 10, "parents": 7831, "total": 25398, "tests": 111720, "kept": 9863}
{"n": 10, "parents": 7841, "total": 25398, "tests": 111720, "kept": 9863}
{"n": 10, "parents": 7851, "total": 25398, "tests": 111818, "kept": 9864}
{"n": 10, "parents": 7861, "total": 25398, "tests": 111936, "kept": 9866}
{"n": 10, "parents": 7871, "total": 25398, "tests": 112055, "kept": 9869}
{"n": 10, "parents": 7881, "total": 25398, "tests": 112055, "kept": 9869}
{"n": 10, "parents": 7891, "total": 25398, "tests": 112132, "kept": 9869}
{"n": 10, "parents": 7901, "total": 25398, "tests": 112230, "kept": 9874}
{"n": 10, "parents": 7911, "total": 25398, "tests": 112286, "kept": 9874}
{"n": 10, "parents": 7921, "total": 25398, "tests": 112496, "kept": 9874}
{"n": 10, "parents": 7931, "total": 25398, "tests": 112685, "kept": 9874}
{"n": 10, "parents": 7941, "total": 25398, "tests": 112824, "kept": 9874}
{"n": 10, "parents": 7951, "total": 25398, "tests": 112845, "kept": 9874}
{"n": 10, "parents": 7961, "total": 25398, "tests": 113076, "kept": 9874}
{"n": 10, "parents": 7971, "total": 25398, "tests": 113265, "kept": 9874}
{"n": 10, "parents": 7981, "total": 25398, "tests": 113390, "kept": 9874}
{"n": 10, "parents": 7991, "total": 25398, "tests": 113390, "kept": 9874}
{"n": 10, "parents": 8001, "total": 25398, "tests": 113390, "kept": 9874}
{"n": 10, "parents": 8011, "total": 25398, "tests": 113390, "kept": 9874}
{"n": 10, "parents": 8021, "total": 25398, "tests": 113390, "kept": 9874}
{"n": 10, "parents": 8031, "total": 25398, "tests": 113530, "kept": 9874}
{"n": 10, "parents": 8041, "total": 25398, "tests": 113530, "kept": 9874}
{"n": 10, "parents": 8051, "total": 25398, "tests": 113530, "kept": 9874}
{"n": 10, "parents": 8061, "total": 25398, "tests": 113663, "kept": 9874}
{"n": 10, "parents": 8071, "total": 25398, "tests": 113761, "kept": 9874}
{"n": 10, "parents": 8081, "total": 25398, "tests": 113915, "kept": 9876}
{"n": 10, "parents": 8091, "total": 25398, "tests": 114069, "kept": 9876}
{"n": 10, "parents": 8101, "total": 25398, "tests": 114209, "kept": 9877}
{"n": 10, "parents": 8111, "total": 25398, "tests": 114209, "kept": 9877}
{"n": 10, "parents": 8121, "total": 25398, "tests": 114209, "kept": 9877}
{"n": 10, "parents": 8131, "total": 25398, "tests": 114209, "kept": 9877}
{"n": 10, "parents": 8141, "total": 25398, "tests": 114209, "kept": 9877}
{"n": 10, "parents": 8151, "total": 25398, "tests": 114230, "kept": 9877}
{"n": 10, "parents": 8161, "total": 25398, "tests": 114230, "kept": 9877}
{"n": 10, "parents": 8171, "total": 25398, "tests": 114230, "kept": 9877}
{"n": 10, "parents": 8181, "total": 25398, "tests": 114286, "kept": 9881}
{"n": 10, "parents": 8191, "total": 25398, "tests": 114286, "kept": 9881}
{"n": 10, "parents": 8201, "total": 25398, "tests": 114370, "kept": 9881}
{"n": 10, "parents": 8211, "total": 25398, "tests": 114370, "kept": 9881}
{"n": 10, "parents": 8221, "total": 25398, "tests": 114370, "kept": 9881}
{"n": 10, "parents": 8231, "total": 25398, "tests": 114447, "kept": 9881}
{"n": 10, "parents": 8241, "total": 25398, "tests": 114447, "kept": 9881}
{"n": 10, "parents": 8251, "total": 25398, "tests": 114580, "kept": 9886}
{"n": 10, "parents": 8261, "total": 25398, "tests": 114580, "kept": 9886}
{"n": 10, "parents": 8271, "total": 25398, "tests": 114776, "kept": 9891}
{"n": 10, "parents": 8281, "total": 25398, "tests": 114965, "kept": 9895}
{"n": 10, "parents": 8291, "total": 25398, "tests": 115028, "kept": 9895}
{"n": 10, "parents": 8301, "total": 25398, "tests": 115203, "kept": 9897}
{"n": 10, "parents": 8311, "total": 25398, "tests": 115315, "kept": 9897}
{"n": 10, "parents": 8321, "total": 25398, "tests": 115392, "kept": 9904}
{"n": 10, "parents": 8331, "total": 25398, "tests": 115392, "kept": 9904}
{"n": 10, "parents": 8341, "total": 25398, "tests": 115392, "kept": 9904}
{"n": 10, "parents": 8351, "total": 25398, "tests": 115504, "kept": 9904}
{"n": 10, "parents": 8361, "total": 25398, "tests": 115560, "kept": 9904}
{"n": 10, "parents": 8371, "total": 25398, "tests": 115560, "kept": 9904}
{"n": 10, "parents": 8381, "total": 25398, "tests": 115560, "kept": 9904}
{"n": 10, "parents": 8391, "total": 25398, "tests": 115560, "kept": 9904}
{"n": 10, "parents": 8401, "total": 25398, "tests": 115560, "kept": 9904}
{"n": 10, "parents": 8411, "total": 25398, "tests": 115805, "kept": 9905}
{"n": 10, "parents": 8421, "total": 25398, "tests": 116085, "kept": 9913}
{"n": 10, "parents": 8431, "total": 25398, "tests": 116225, "kept": 9965}
{"n": 10, "parents": 8441, "total": 25398, "tests": 116358, "kept": 9967}
{"n": 10, "parents": 8451, "total": 25398, "tests": 116554, "kept": 9969}
{"n": 10, "parents": 8461, "total": 25398, "tests": 116666, "kept": 9972}
{"n": 10, "parents": 8471, "total": 25398, "tests": 116834, "kept": 9975}
{"n": 10, "parents": 8481, "total": 25398, "tests": 117191, "kept": 10043}
{"n": 10, "parents": 8491, "total": 25398, "tests": 117330, "kept": 10050}
{"n": 10, "parents": 8501, "total": 25398, "tests": 118082, "kept": 10250}
{"n": 10, "parents": 8511, "total": 25398, "tests": 118629, "kept": 10350}
{"n": 10, "parents": 8521, "total": 25398, "tests": 118635, "kept": 10352}
{"n": 10, "parents": 8531, "total": 25398, "tests": 118635, "kept": 10352}
{"n": 10, "parents": 8541, "total": 25398, "tests": 118635, "kept": 10352}
{"n": 10, "parents": 8551, "total": 25398, "tests": 118691, "kept": 10352}
{"n": 10, "parents": 8561, "total": 25398, "tests": 118733, "kept": 10353}
{"n": 10, "parents": 8571, "total": 25398, "tests": 118887, "kept": 10353}
{"n": 10, "parents": 8581, "total": 25398, "tests": 119020, "kept": 10357}
{"n": 10, "parents": 8591, "total": 25398, "tests": 119188, "kept": 10364}
{"n": 10, "parents": 8601, "total": 25398, "tests": 119188, "kept": 10364}
{"n": 10, "parents": 8611, "total": 25398, "tests": 119455, "kept": 10450}
{"n": 10, "parents": 8621, "total": 25398, "tests": 119567, "kept": 10450}
{"n": 10, "parents": 8631, "total": 25398, "tests": 119784, "kept": 10450}
{"n": 10, "parents": 8641, "total": 25398, "tests": 119805, "kept": 10450}
{"n": 10, "parents": 8651, "total": 25398, "tests": 119938, "kept": 10450}
{"n": 10, "parents": 8661, "total": 25398, "tests": 120127, "kept": 10450}
{"n": 10, "parents": 8671, "total": 25398, "tests": 120225, "kept": 10451}
{"n": 10, "parents": 8681, "total": 25398, "tests": 120365, "kept": 10451}
{"n": 10, "parents": 8691, "total": 25398, "tests": 120498, "kept": 10451}
{"n": 10, "parents": 8701, "total": 25398, "tests": 120652, "kept": 10452}
{"n": 10, "parents": 8711, "total": 25398, "tests": 120785, "kept": 10453}
{"n": 10, "parents": 8721, "total": 25398, "tests": 120974, "kept": 10453}
{"n": 10, "parents": 8731, "total": 25398, "tests": 121051, "kept": 10453}
{"n": 10, "parents": 8741, "total": 25398, "tests": 121252, "kept": 10458}
{"n": 10, "parents": 8751, "total": 25398, "tests": 121341, "kept": 10458}
{"n": 10, "parents": 8761, "total": 25398, "tests": 121481, "kept": 10458}
{"n": 10, "parents": 8771, "total": 25398, "tests": 121639, "kept": 10543}
{"n": 10, "parents": 8781, "total": 25398, "tests": 121639, "kept": 10543}
{"n": 10, "parents": 8791, "total": 25398, "tests": 121639, "kept": 10543}
{"n": 10, "parents": 8801, "total": 25398, "tests": 121772, "kept": 10547}
{"n": 10, "parents": 8811, "total": 25398, "tests": 121828, "kept": 10547}
{"n": 10, "parents": 8821, "total": 25398, "tests": 121996, "kept": 10547}
{"n": 10, "parents": 8831, "total": 25398, "tests": 122079, "kept": 10553}
{"n": 10, "parents": 8841, "total": 25398, "tests": 122079, "kept": 10553}
{"n": 10, "parents": 8851, "total": 25398, "tests": 122156, "kept": 10557}
{"n": 10, "parents": 8861, "total": 25398, "tests": 122212, "kept": 10557}
{"n": 10, "parents": 8871, "total": 25398, "tests": 122289, "kept": 10563}
{"n": 10, "parents": 8881, "total": 25398, "tests": 122289, "kept": 10563}
{"n": 10, "parents": 8891, "total": 25398, "tests": 122289, "kept": 10563}
{"n": 10, "parents": 8901, "total": 25398, "tests": 122289, "kept": 10563}
{"n": 10, "parents": 8911, "total": 25398, "tests": 122289, "kept": 10563}
{"n": 10, "parents": 8921, "total": 25398, "tests": 122422, "kept": 10564}
{"n": 10, "parents": 8931, "total": 25398, "tests": 122422, "kept": 10564}
{"n": 10, "parents": 8941, "total": 25398, "tests": 122534, "kept": 10569}
{"n": 10, "parents": 8951, "total": 25398, "tests": 122667, "kept": 10571}
{"n": 10, "parents": 8961, "total": 25398, "tests": 122821, "kept": 10572}
{"n": 10, "parents": 8971, "total": 25398, "tests": 123010, "kept": 10576}
{"n": 10, "parents": 8981, "total": 25398, "tests": 123122, "kept": 10581}
{"n": 10, "parents": 8991, "total": 25398, "tests": 123346, "kept": 10586}
{"n": 10, "parents": 9001, "total": 25398, "tests": 123521, "kept": 10590}
{"n": 10, "parents": 9011, "total": 25398, "tests": 123577, "kept": 10590}
{"n": 10, "parents": 9021, "total": 25398, "tests": 123900, "kept": 10657}
{"n": 10, "parents": 9031, "total": 25398, "tests": 123900, "kept": 10657}
{"n": 10, "parents": 9041, "total": 25398, "tests": 124111, "kept": 10723}
{"n": 10, "parents": 9051, "total": 25398, "tests": 124286, "kept": 10723}
{"n": 10, "parents": 9061, "total": 25398, "tests": 124426, "kept": 10723}
{"n": 10, "parents": 9071, "total": 25398, "tests": 124482, "kept": 10723}
{"n": 10, "parents": 9081, "total": 25398, "tests": 124650, "kept": 10725}
{"n": 10, "parents": 9091, "total": 25398, "tests": 124783, "kept": 10728}
{"n": 10, "parents": 9101, "total": 25398, "tests": 124860, "kept": 10732}
{"n": 10, "parents": 9111, "total": 25398, "tests": 125028, "kept": 10733}
{"n": 10, "parents": 9121, "total": 25398, "tests": 125196, "kept": 10733}
{"n": 10, "parents": 9131, "total": 25398, "tests": 125350, "kept": 10735}
{"n": 10, "parents": 9141, "total": 25398, "tests": 125427, "kept": 10737}
{"n": 10, "parents": 9151, "total": 25398, "tests": 125792, "kept": 10830}
{"n": 10, "parents": 9161, "total": 25398, "tests": 126108, "kept": 10897}
{"n": 10, "parents": 9171, "total": 25398, "tests": 126297, "kept": 10897}
{"n": 10, "parents": 9181, "total": 25398, "tests": 126541, "kept": 10983}
{"n": 10, "parents": 9191, "total": 25398, "tests": 126730, "kept": 10983}
{"n": 10, "parents": 9201, "total": 25398, "tests": 126751, "kept": 10983}
{"n": 10, "parents": 9211, "total": 25398, "tests": 127283, "kept": 11138}
{"n": 10, "parents": 9221, "total": 25398, "tests": 127472, "kept": 11139}
{"n": 10, "parents": 9231, "total": 25398, "tests": 127556, "kept": 11141}
{"n": 10, "parents": 9241, "total": 25398, "tests": 127577, "kept": 11141}
{"n": 10, "parents": 9251, "total": 25398, "tests": 127731, "kept": 11144}
{"n": 10, "parents": 9261, "total": 25398, "tests": 127808, "kept": 11145}
{"n": 10, "parents": 9271, "total": 25398, "tests": 127976, "kept": 11152}
{"n": 10, "parents": 9281, "total": 25398, "tests": 128095, "kept": 11156}
{"n": 10, "parents": 9291, "total": 25398, "tests": 128213, "kept": 11159}
{"n": 10, "parents": 9301, "total": 25398, "tests": 128234, "kept": 11159}
{"n": 10, "parents": 9311, "total": 25398, "tests": 128388, "kept": 11162}
{"n": 10, "parents": 9321, "total": 25398, "tests": 128542, "kept": 11166}
{"n": 10, "parents": 9331, "total": 25398, "tests": 128696, "kept": 11181}
{"n": 10, "parents": 9341, "total": 25398, "tests": 128696, "kept": 11181}
{"n": 10, "parents": 9351, "total": 25398, "tests": 128696, "kept": 11181}
{"n": 10, "parents": 9361, "total": 25398, "tests": 128696, "kept": 11181}
{"n": 10, "parents": 9371, "total": 25398, "tests": 128864, "kept": 11184}
{"n": 10, "parents": 9381, "total": 25398, "tests": 128941, "kept": 11184}
{"n": 10, "parents": 9391, "total": 25398, "tests": 129116, "kept": 11187}
{"n": 10, "parents": 9401, "total": 25398, "tests": 129270, "kept": 11188}
{"n": 10, "parents": 9411, "total": 25398, "tests": 129312, "kept": 11189}
{"n": 10, "parents": 9421, "total": 25398, "tests": 129480, "kept": 11191}
{"n": 10, "parents": 9431, "total": 25398, "tests": 129578, "kept": 11195}
{"n": 10, "parents": 9441, "total": 25398, "tests": 129732, "kept": 11197}
{"n": 10, "parents": 9451, "total": 25398, "tests": 129921, "kept": 11200}
{"n": 10, "parents": 9461, "total": 25398, "tests": 130195, "kept": 11290}
{"n": 10, "parents": 9471, "total": 25398, "tests": 130363, "kept": 11292}
{"n": 10, "parents": 9481, "total": 25398, "tests": 130552, "kept": 11296}
{"n": 10, "parents": 9491, "total": 25398, "tests": 130706, "kept": 11302}
{"n": 10, "parents": 9501, "total": 25398, "tests": 130980, "kept": 11395}
{"n": 10, "parents": 9511, "total": 25398, "tests": 131092, "kept": 11395}
{"n": 10, "parents": 9521, "total": 25398, "tests": 131281, "kept": 11401}
{"n": 10, "parents": 9531, "total": 25398, "tests": 131344, "kept": 11403}
{"n": 10, "parents": 9541, "total": 25398, "tests": 131463, "kept": 11411}
{"n": 10, "parents": 9551, "total": 25398, "tests": 131624, "kept": 11415}
{"n": 10, "parents": 9561, "total": 25398, "tests": 131848, "kept": 11416}
{"n": 10, "parents": 9571, "total": 25398, "tests": 132002, "kept": 11420}
{"n": 10, "parents": 9581, "total": 25398, "tests": 132466, "kept": 11595}
{"n": 10, "parents": 9591, "total": 25398, "tests": 132578, "kept": 11595}
{"n": 10, "parents": 9601, "total": 25398, "tests": 132696, "kept": 11602}
{"n": 10, "parents": 9611, "total": 25398, "tests": 133216, "kept": 11788}
{"n": 10, "parents": 9621, "total": 25398, "tests": 133234, "kept": 11788}
{"n": 10, "parents": 9631, "total": 25398, "tests": 133346, "kept": 11791}
{"n": 10, "parents": 9641, "total": 25398, "tests": 133479, "kept": 11795}
{"n": 10, "parents": 9651, "total": 25398, "tests": 133591, "kept": 11799}
{"n": 10, "parents": 9661, "total": 25398, "tests": 133780, "kept": 11805}
{"n": 10, "parents": 9671, "total": 25398, "tests": 133934, "kept": 11810}
{"n": 10, "parents": 9681, "total": 25398, "tests": 134102, "kept": 11815}
{"n": 10, "parents": 9691, "total": 25398, "tests": 134270, "kept": 11818}
{"n": 10, "parents": 9701, "total": 25398, "tests": 134388, "kept": 11819}
{"n": 10, "parents": 9711, "total": 25398, "tests": 134465, "kept": 11820}
{"n": 10, "parents": 9721, "total": 25398, "tests": 135188, "kept": 12163}
{"n": 10, "parents": 9731, "total": 25398, "tests": 135616, "kept": 12320}
{"n": 10, "parents": 9741, "total": 25398, "tests": 135855, "kept": 12388}
{"n": 10, "parents": 9751, "total": 25398, "tests": 135868, "kept": 12388}
{"n": 10, "parents": 9761, "total": 25398, "tests": 135980, "kept": 12388}
{"n": 10, "parents": 9771, "total": 25398, "tests": 135980, "kept": 12388}
{"n": 10, "parents": 9781, "total": 25398, "tests": 135980, "kept": 12388}
{"n": 10, "parents": 9791, "total": 25398, "tests": 135980, "kept": 12388}
{"n": 10, "parents": 9801, "total": 25398, "tests": 135980, "kept": 12388}
{"n": 10, "parents": 9811, "total": 25398, "tests": 136092, "kept": 12388}
{"n": 10, "parents": 9821, "total": 25398, "tests": 136384, "kept": 12438}
{"n": 10, "parents": 9831, "total": 25398, "tests": 136573, "kept": 12439}
{"n": 10, "parents": 9841, "total": 25398, "tests": 136671, "kept": 12439}
{"n": 10, "parents": 9851, "total": 25398, "tests": 136671, "kept": 12439}
{"n": 10, "parents": 9861, "total": 25398, "tests": 136671, "kept": 12439}
{"n": 10, "parents": 9871, "total": 25398, "tests": 136671, "kept": 12439}
{"n": 10, "parents": 9881, "total": 25398, "tests": 136671, "kept": 12439}
{"n": 10, "parents": 9891, "total": 25398, "tests": 136671, "kept": 12439}
{"n": 10, "parents": 9901, "total": 25398, "tests": 136671, "kept": 12439}
{"n": 10, "parents": 9911, "total": 25398, "tests": 136846, "kept": 12439}
{"n": 10, "parents": 9921, "total": 25398, "tests": 136958, "kept": 12439}
{"n": 10, "parents": 9931, "total": 25398, "tests": 136958, "kept": 12439}
{"n": 10, "parents": 9941, "total": 25398, "tests": 137091, "kept": 12439}
{"n": 10, "parents": 9951, "total": 25398, "tests": 137203, "kept": 12439}
{"n": 10, "parents": 9961, "total": 25398, "tests": 137203, "kept": 12439}
{"n": 10, "parents": 9971, "total": 25398, "tests": 137203, "kept": 12439}
{"n": 10, "parents": 9981, "total": 25398, "tests": 137203, "kept": 12439}
{"n": 10, "parents": 9991, "total": 25398, "tests": 137203, "kept": 12439}
{"n": 10, "parents": 10001, "total": 25398, "tests": 137203, "kept": 12439}
{"n": 10, "parents": 10011, "total": 25398, "tests": 137203, "kept": 12439}
{"n": 10, "parents": 10021, "total": 25398, "tests": 137203, "kept": 12439}
{"n": 10, "parents": 10031, "total": 25398, "tests": 137280, "kept": 12439}
{"n": 10, "parents": 10041, "total": 25398, "tests": 137336, "kept": 12439}
{"n": 10, "parents": 10051, "total": 25398, "tests": 137336, "kept": 12439}
{"n": 10, "parents": 10061, "total": 25398, "tests": 137469, "kept": 12439}
{"n": 10, "parents": 10071, "total": 25398, "tests": 137469, "kept": 12439}
{"n": 10, "parents": 10081, "total": 25398, "tests": 137469, "kept": 12439}
{"n": 10, "parents": 10091, "total": 25398, "tests": 137567, "kept": 12439}
{"n": 10, "parents": 10101, "total": 25398, "tests": 137567, "kept": 12439}
{"n": 10, "parents": 10111, "total": 25398, "tests": 137567, "kept": 12439}
{"n": 10, "parents": 10121, "total": 25398, "tests": 137615, "kept": 12439}
{"n": 10, "parents": 10131, "total": 25398, "tests": 137615, "kept": 12439}
{"n": 10, "parents": 10141, "total": 25398, "tests": 137615, "kept": 12439}
{"n": 10, "parents": 10151, "total": 25398, "tests": 137615, "kept": 12439}
{"n": 10, "parents": 10161, "total": 25398, "tests": 137748, "kept": 12439}
{"n": 10, "parents": 10171, "total": 25398, "tests": 137748, "kept": 12439}
{"n": 10, "parents": 10181, "total": 25398, "tests": 137993, "kept": 12439}
{"n": 10, "parents": 10191, "total": 25398, "tests": 138077, "kept": 12439}
{"n": 10, "parents": 10201, "total": 25398, "tests": 138301, "kept": 12439}
{"n": 10, "parents": 10211, "total": 25398, "tests": 138357, "kept": 12439}
{"n": 10, "parents": 10221, "total": 25398, "tests": 138532, "kept": 12439}
{"n": 10, "parents": 10231, "total": 25398, "tests": 138692, "kept": 12439}
{"n": 10, "parents": 10241, "total": 25398, "tests": 138746, "kept": 12439}
{"n": 10, "parents": 10251, "total": 25398, "tests": 138858, "kept": 12439}
{"n": 10, "parents": 10261, "total": 25398, "tests": 138858, "kept": 12439}
{"n": 10, "parents": 10271, "total": 25398, "tests": 138991, "kept": 12439}
{"n": 10, "parents": 10281, "total": 25398, "tests": 139222, "kept": 12439}
{"n": 10, "parents": 10291, "total": 25398, "tests": 139642, "kept": 12618}
{"n": 10, "parents": 10301, "total": 25398, "tests": 139642, "kept": 12618}
{"n": 10, "parents": 10311, "total": 25398, "tests": 139642, "kept": 12618}
{"n": 10, "parents": 10321, "total": 25398, "tests": 139698, "kept": 12618}
{"n": 10, "parents": 10331, "total": 25398, "tests": 139698, "kept": 12618}
{"n": 10, "parents": 10341, "total": 25398, "tests": 139698, "kept": 12618}
{"n": 10, "parents": 10351, "total": 25398, "tests": 139754, "kept": 12618}
{"n": 10, "parents": 10361, "total": 25398, "tests": 139754, "kept": 12618}
{"n": 10, "parents": 10371, "total": 25398, "tests": 139754, "kept": 12618}
{"n": 10, "parents": 10381, "total": 25398, "tests": 139908, "kept": 12618}
{"n": 10, "parents": 10391, "total": 25398, "tests": 140153, "kept": 12618}
{"n": 10, "parents": 10401, "total": 25398, "tests": 140433, "kept": 12618}
{"n": 10, "parents": 10411, "total": 25398, "tests": 140454, "kept": 12618}
{"n": 10, "parents": 10421, "total": 25398, "tests": 140664, "kept": 12618}
{"n": 10, "parents": 10431, "total": 25398, "tests": 140853, "kept": 12618}
{"n": 10, "parents": 10441, "total": 25398, "tests": 141063, "kept": 12618}
{"n": 10, "parents": 10451, "total": 25398, "tests": 141399, "kept": 12699}
{"n": 10, "parents": 10461, "total": 25398, "tests": 141951, "kept": 12951}
{"n": 10, "parents": 10471, "total": 25398, "tests": 141951, "kept": 12951}
{"n": 10, "parents": 10481, "total": 25398, "tests": 142028, "kept": 12951}
{"n": 10, "parents": 10491, "total": 25398, "tests": 142028, "kept": 12951}
{"n": 10, "parents": 10501, "total": 25398, "tests": 142028, "kept": 12951}
{"n": 10, "parents": 10511, "total": 25398, "tests": 142028, "kept": 12951}
{"n": 10, "parents": 10521, "total": 25398, "tests": 142028, "kept": 12951}
{"n": 10, "parents": 10531, "total": 25398, "tests": 142028, "kept": 12951}
{"n": 10, "parents": 10541, "total": 25398, "tests": 142140, "kept": 12951}
{"n": 10, "parents": 10551, "total": 25398, "tests": 142140, "kept": 12951}
{"n": 10, "parents": 10561, "total": 25398, "tests": 142140, "kept": 12951}
{"n": 10, "parents": 10571, "total": 25398, "tests": 142140, "kept": 12951}
{"n": 10, "parents": 10581, "total": 25398, "tests": 142140, "kept": 12951}
{"n": 10, "parents": 10591, "total": 25398, "tests": 142161, "kept": 12951}
{"n": 10, "parents": 10601, "total": 25398, "tests": 142161, "kept": 12951}
{"n": 10, "parents": 10611, "total": 25398, "tests": 142161, "kept": 12951}
{"n": 10, "parents": 10621, "total": 25398, "tests": 142217, "kept": 12953}
{"n": 10, "parents": 10631, "total": 25398, "tests": 142217, "kept": 12953}
{"n": 10, "parents": 10641, "total": 25398, "tests": 142273, "kept": 12953}
{"n": 10, "parents": 10651, "total": 25398, "tests": 142469, "kept": 12953}
{"n": 10, "parents": 10661, "total": 25398, "tests": 142546, "kept": 12953}
{"n": 10, "parents": 10671, "total": 25398, "tests": 142546, "kept": 12953}
{"n": 10, "parents": 10681, "total": 25398, "tests": 142546, "kept": 12953}
{"n": 10, "parents": 10691, "total": 25398, "tests": 142546, "kept": 12953}
{"n": 10, "parents": 10701, "total": 25398, "tests": 142546, "kept": 12953}
{"n": 10, "parents": 10711, "total": 25398, "tests": 142546, "kept": 12953}
{"n": 10, "parents": 10721, "total": 25398, "tests": 142546, "kept": 12953}
{"n": 10, "parents": 10731, "total": 25398, "tests": 142546, "kept": 12953}
{"n": 10, "parents": 10741, "total": 25398, "tests": 142658, "kept": 12955}
{"n": 10, "parents": 10751, "total": 25398, "tests": 142658, "kept": 12955}
{"n": 10, "parents": 10761, "total": 25398, "tests": 142756, "kept": 12956}
{"n": 10, "parents": 10771, "total": 25398, "tests": 142910, "kept": 12961}
{"n": 10, "parents": 10781, "total": 25398, "tests": 143043, "kept": 12963}
{"n": 10, "parents": 10791, "total": 25398, "tests": 143141, "kept": 12963}
{"n": 10, "parents": 10801, "total": 25398, "tests": 143330, "kept": 12963}
{"n": 10, "parents": 10811, "total": 25398, "tests": 143428, "kept": 12963}
{"n": 10, "parents": 10821, "total": 25398, "tests": 143490, "kept": 12963}
{"n": 10, "parents": 10831, "total": 25398, "tests": 143685, "kept": 12967}
{"n": 10, "parents": 10841, "total": 25398, "tests": 143824, "kept": 12967}
{"n": 10, "parents": 10851, "total": 25398, "tests": 143922, "kept": 12969}
{"n": 10, "parents": 10861, "total": 25398, "tests": 143991, "kept": 12970}
{"n": 10, "parents": 10871, "total": 25398, "tests": 143991, "kept": 12970}
{"n": 10, "parents": 10881, "total": 25398, "tests": 143991, "kept": 12970}
{"n": 10, "parents": 10891, "total": 25398, "tests": 143991, "kept": 12970}
{"n": 10, "parents": 10901, "total": 25398, "tests": 144047, "kept": 12970}
{"n": 10, "parents": 10911, "total": 25398, "tests": 144103, "kept": 12970}
{"n": 10, "parents": 10921, "total": 25398, "tests": 144257, "kept": 12970}
{"n": 10, "parents": 10931, "total": 25398, "tests": 144313, "kept": 12970}
{"n": 10, "parents": 10941, "total": 25398, "tests": 144313, "kept": 12970}
{"n": 10, "parents": 10951, "total": 25398, "tests": 144334, "kept": 12970}
{"n": 10, "parents": 10961, "total": 25398, "tests": 144376, "kept": 12970}
{"n": 10, "parents": 10971, "total": 25398, "tests": 144432, "kept": 12970}
{"n": 10, "parents": 10981, "total": 25398, "tests": 144488, "kept": 12970}
{"n": 10, "parents": 10991, "total": 25398, "tests": 144705, "kept": 12972}
{"n": 10, "parents": 11001, "total": 25398, "tests": 144845, "kept": 12972}
{"n": 10, "parents": 11011, "total": 25398, "tests": 144976, "kept": 12972}
{"n": 10, "parents": 11021, "total": 25398, "tests": 144976, "kept": 12972}
{"n": 10, "parents": 11031, "total": 25398, "tests": 144976, "kept": 12972}
{"n": 10, "parents": 11041, "total": 25398, "tests": 144976, "kept": 12972}
{"n": 10, "parents": 11051, "total": 25398, "tests": 145032, "kept": 12972}
{"n": 10, "parents": 11061, "total": 25398, "tests": 145088, "kept": 12972}
{"n": 10, "parents": 11071, "total": 25398, "tests": 145109, "kept": 12972}
{"n": 10, "parents": 11081, "total": 25398, "tests": 145319, "kept": 12972}
{"n": 10, "parents": 11091, "total": 25398, "tests": 145319, "kept": 12972}
{"n": 10, "parents": 11101, "total": 25398, "tests": 145375, "kept": 12972}
{"n": 10, "parents": 11111, "total": 25398, "tests": 145529, "kept": 12972}
{"n": 10, "parents": 11121, "total": 25398, "tests": 145627, "kept": 12972}
{"n": 10, "parents": 11131, "total": 25398, "tests": 145683, "kept": 12972}
{"n": 10, "parents": 11141, "total": 25398, "tests": 145739, "kept": 12972}
{"n": 10, "parents": 11151, "total": 25398, "tests": 145816, "kept": 12972}
{"n": 10, "parents": 11161, "total": 25398, "tests": 146054, "kept": 12972}
{"n": 10, "parents": 11171, "total": 25398, "tests": 146054, "kept": 12972}
{"n": 10, "parents": 11181, "total": 25398, "tests": 146249, "kept": 12972}
{"n": 10, "parents": 11191, "total": 25398, "tests": 146438, "kept": 12972}
{"n": 10, "parents": 11201, "total": 25398, "tests": 146690, "kept": 12972}
{"n": 10, "parents": 11211, "total": 25398, "tests": 146850, "kept": 12972}
{"n": 10, "parents": 11221, "total": 25398, "tests": 147087, "kept": 12972}
{"n": 10, "parents": 11231, "total": 25398, "tests": 147248, "kept": 12972}
{"n": 10, "parents": 11241, "total": 25398, "tests": 147661, "kept": 13126}
{"n": 10, "parents": 11251, "total": 25398, "tests": 147801, "kept": 13126}
{"n": 10, "parents": 11261, "total": 25398, "tests": 147990, "kept": 13126}
{"n": 10, "parents": 11271, "total": 25398, "tests": 148123, "kept": 13126}
{"n": 10, "parents": 11281, "total": 25398, "tests": 148242, "kept": 13126}
{"n": 10, "parents": 11291, "total": 25398, "tests": 148382, "kept": 13126}
{"n": 10, "parents": 11301, "total": 25398, "tests": 148492, "kept": 13126}
{"n": 10, "parents": 11311, "total": 25398, "tests": 148667, "kept": 13126}
{"n": 10, "parents": 11321, "total": 25398, "tests": 148833, "kept": 13126}
{"n": 10, "parents": 11331, "total": 25398, "tests": 149001, "kept": 13126}
{"n": 10, "parents": 11341, "total": 25398, "tests": 149155, "kept": 13126}
{"n": 10, "parents": 11351, "total": 25398, "tests": 149330, "kept": 13126}
{"n": 10, "parents": 11361, "total": 25398, "tests": 149476, "kept": 13126}
{"n": 10, "parents": 11371, "total": 25398, "tests": 149592, "kept": 13126}
{"n": 10, "parents": 11381, "total": 25398, "tests": 149787, "kept": 13126}
{"n": 10, "parents": 11391, "total": 25398, "tests": 149947, "kept": 13126}
{"n": 10, "parents": 11401, "total": 25398, "tests": 150028, "kept": 13126}
{"n": 10, "parents": 11411, "total": 25398, "tests": 150448, "kept": 13360}
{"n": 10, "parents": 11421, "total": 25398, "tests": 150448, "kept": 13360}
{"n": 10, "parents": 11431, "total": 25398, "tests": 150448, "kept": 13360}
{"n": 10, "parents": 11441, "total": 25398, "tests": 150448, "kept": 13360}
{"n": 10, "parents": 11451, "total": 25398, "tests": 150448, "kept": 13360}
{"n": 10, "parents": 11461, "total": 25398, "tests": 150448, "kept": 13360}
{"n": 10, "parents": 11471, "total": 25398, "tests": 150448, "kept": 13360}
{"n": 10, "parents": 11481, "total": 25398, "tests": 150448, "kept": 13360}
{"n": 10, "parents": 11491, "total": 25398, "tests": 150448, "kept": 13360}
{"n": 10, "parents": 11501, "total": 25398, "tests": 150448, "kept": 13360}
{"n": 10, "parents": 11511, "total": 25398, "tests": 150581, "kept": 13360}
{"n": 10, "parents": 11521, "total": 25398, "tests": 150735, "kept": 13360}
{"n": 10, "parents": 11531, "total": 25398, "tests": 150847, "kept": 13360}
{"n": 10, "parents": 11541, "total": 25398, "tests": 151099, "kept": 13365}
{"n": 10, "parents": 11551, "total": 25398, "tests": 151826, "kept": 13441}
{"n": 10, "parents": 11561, "total": 25398, "tests": 152344, "kept": 13580}
{"n": 10, "parents": 11571, "total": 25398, "tests": 152477, "kept": 13580}
{"n": 10, "parents": 11581, "total": 25398, "tests": 152764, "kept": 13580}
{"n": 10, "parents": 11591, "total": 25398, "tests": 152841, "kept": 13581}
{"n": 10, "parents": 11601, "total": 25398, "tests": 152841, "kept": 13581}
{"n": 10, "parents": 11611, "total": 25398, "tests": 152841, "kept": 13581}
{"n": 10, "parents": 11621, "total": 25398, "tests": 152841, "kept": 13581}
{"n": 10, "parents": 11631, "total": 25398, "tests": 152841, "kept": 13581}
{"n": 10, "parents": 11641, "total": 25398, "tests": 152945, "kept": 13583}
{"n": 10, "parents": 11651, "total": 25398, "tests": 152966, "kept": 13585}
{"n": 10, "parents": 11661, "total": 25398, "tests": 152966, "kept": 13585}
{"n": 10, "parents": 11671, "total": 25398, "tests": 152966, "kept": 13585}
{"n": 10, "parents": 11681, "total": 25398, "tests": 152966, "kept": 13585}
{"n": 10, "parents": 11691, "total": 25398, "tests": 153043, "kept": 13585}
{"n": 10, "parents": 11701, "total": 25398, "tests": 153099, "kept": 13593}
{"n": 10, "parents": 11711, "total": 25398, "tests": 153099, "kept": 13593}
{"n": 10, "parents": 11721, "total": 25398, "tests": 153099, "kept": 13593}
{"n": 10, "parents": 11731, "total": 25398, "tests": 153099, "kept": 13593}
{"n": 10, "parents": 11741, "total": 25398, "tests": 153155, "kept": 13593}
{"n": 10, "parents": 11751, "total": 25398, "tests": 153309, "kept": 13598}
{"n": 10, "parents": 11761, "total": 25398, "tests": 153309, "kept": 13598}
{"n": 10, "parents": 11771, "total": 25398, "tests": 153470, "kept": 13673}
{"n": 10, "parents": 11781, "total": 25398, "tests": 153589, "kept": 13674}
{"n": 10, "parents": 11791, "total": 25398, "tests": 153651, "kept": 13675}
{"n": 10, "parents": 11801, "total": 25398, "tests": 153720, "kept": 13676}
{"n": 10, "parents": 11811, "total": 25398, "tests": 153776, "kept": 13676}
{"n": 10, "parents": 11821, "total": 25398, "tests": 153880, "kept": 13678}
{"n": 10, "parents": 11831, "total": 25398, "tests": 153992, "kept": 13684}
{"n": 10, "parents": 11841, "total": 25398, "tests": 154075, "kept": 13689}
{"n": 10, "parents": 11851, "total": 25398, "tests": 154235, "kept": 13707}
{"n": 10, "parents": 11861, "total": 25398, "tests": 154366, "kept": 13719}
{"n": 10, "parents": 11871, "total": 25398, "tests": 154449, "kept": 13728}
{"n": 10, "parents": 11881, "total": 25398, "tests": 154813, "kept": 13749}
{"n": 10, "parents": 11891, "total": 25398, "tests": 154995, "kept": 13758}
{"n": 10, "parents": 11901, "total": 25398, "tests": 155177, "kept": 13774}
{"n": 10, "parents": 11911, "total": 25398, "tests": 155380, "kept": 13802}
{"n": 10, "parents": 11921, "total": 25398, "tests": 155520, "kept": 13838}
{"n": 10, "parents": 11931, "total": 25398, "tests": 155576, "kept": 13840}
{"n": 10, "parents": 11941, "total": 25398, "tests": 155632, "kept": 13843}
{"n": 10, "parents": 11951, "total": 25398, "tests": 155800, "kept": 13848}
{"n": 10, "parents": 11961, "total": 25398, "tests": 155912, "kept": 13853}
{"n": 10, "parents": 11971, "total": 25398, "tests": 155912, "kept": 13853}
{"n": 10, "parents": 11981, "total": 25398, "tests": 156080, "kept": 13859}
{"n": 10, "parents": 11991, "total": 25398, "tests": 156291, "kept": 13898}
{"n": 10, "parents": 12001, "total": 25398, "tests": 156578, "kept": 13904}
{"n": 10, "parents": 12011, "total": 25398, "tests": 157159, "kept": 13929}
{"n": 10, "parents": 12021, "total": 25398, "tests": 157180, "kept": 13931}
{"n": 10, "parents": 12031, "total": 25398, "tests": 157623, "kept": 14061}
{"n": 10, "parents": 12041, "total": 25398, "tests": 157623, "kept": 14061}
{"n": 10, "parents": 12051, "total": 25398, "tests": 157854, "kept": 14065}
{"n": 10, "parents": 12061, "total": 25398, "tests": 157993, "kept": 14070}
{"n": 10, "parents": 12071, "total": 25398, "tests": 158392, "kept": 14149}
{"n": 10, "parents": 12081, "total": 25398, "tests": 158882, "kept": 14341}
{"n": 10, "parents": 12091, "total": 25398, "tests": 159267, "kept": 14421}
{"n": 10, "parents": 12101, "total": 25398, "tests": 159433, "kept": 14421}
{"n": 10, "parents": 12111, "total": 25398, "tests": 160020, "kept": 14703}
{"n": 10, "parents": 12121, "total": 25398, "tests": 160160, "kept": 14782}
{"n": 10, "parents": 12131, "total": 25398, "tests": 160160, "kept": 14782}
{"n": 10, "parents": 12141, "total": 25398, "tests": 160160, "kept": 14782}
{"n": 10, "parents": 12151, "total": 25398, "tests": 160216, "kept": 14782}
{"n": 10, "parents": 12161, "total": 25398, "tests": 160216, "kept": 14782}
{"n": 10, "parents": 12171, "total": 25398, "tests": 160216, "kept": 14782}
{"n": 10, "parents": 12181, "total": 25398, "tests": 160216, "kept": 14782}
{"n": 10, "parents": 12191, "total": 25398, "tests": 160293, "kept": 14784}
{"n": 10, "parents": 12201, "total": 25398, "tests": 160517, "kept": 14790}
{"n": 10, "parents": 12211, "total": 25398, "tests": 160538, "kept": 14790}
{"n": 10, "parents": 12221, "total": 25398, "tests": 160671, "kept": 14790}
{"n": 10, "parents": 12231, "total": 25398, "tests": 160846, "kept": 14790}
{"n": 10, "parents": 12241, "total": 25398, "tests": 160950, "kept": 14793}
{"n": 10, "parents": 12251, "total": 25398, "tests": 160971, "kept": 14794}
{"n": 10, "parents": 12261, "total": 25398, "tests": 160971, "kept": 14794}
{"n": 10, "parents": 12271, "total": 25398, "tests": 160971, "kept": 14794}
{"n": 10, "parents": 12281, "total": 25398, "tests": 161027, "kept": 14794}
{"n": 10, "parents": 12291, "total": 25398, "tests": 161083, "kept": 14794}
{"n": 10, "parents": 12301, "total": 25398, "tests": 161083, "kept": 14794}
{"n": 10, "parents": 12311, "total": 25398, "tests": 161083, "kept": 14794}
{"n": 10, "parents": 12321, "total": 25398, "tests": 161083, "kept": 14794}
{"n": 10, "parents": 12331, "total": 25398, "tests": 161083, "kept": 14794}
{"n": 10, "parents": 12341, "total": 25398, "tests": 161083, "kept": 14794}
{"n": 10, "parents": 12351, "total": 25398, "tests": 161083, "kept": 14794}
{"n": 10, "parents": 12361, "total": 25398, "tests": 161083, "kept": 14794}
{"n": 10, "parents": 12371, "total": 25398, "tests": 161237, "kept": 14796}
{"n": 10, "parents": 12381, "total": 25398, "tests": 161237, "kept": 14796}
{"n": 10, "parents": 12391, "total": 25398, "tests": 161237, "kept": 14796}
{"n": 10, "parents": 12401, "total": 25398, "tests": 161349, "kept": 14797}
{"n": 10, "parents": 12411, "total": 25398, "tests": 161405, "kept": 14798}
{"n": 10, "parents": 12421, "total": 25398, "tests": 161405, "kept": 14798}
{"n": 10, "parents": 12431, "total": 25398, "tests": 161461, "kept": 14798}
{"n": 10, "parents": 12441, "total": 25398, "tests": 161706, "kept": 14799}
{"n": 10, "parents": 12451, "total": 25398, "tests": 161881, "kept": 14805}
{"n": 10, "parents": 12461, "total": 25398, "tests": 162014, "kept": 14811}
{"n": 10, "parents": 12471, "total": 25398, "tests": 162014, "kept": 14811}
{"n": 10, "parents": 12481, "total": 25398, "tests": 162294, "kept": 14813}
{"n": 10, "parents": 12491, "total": 25398, "tests": 162483, "kept": 14817}
{"n": 10, "parents": 12501, "total": 25398, "tests": 162651, "kept": 14819}
{"n": 10, "parents": 12511, "total": 25398, "tests": 162840, "kept": 14819}
{"n": 10, "parents": 12521, "total": 25398, "tests": 162994, "kept": 14828}
{"n": 10, "parents": 12531, "total": 25398, "tests": 162994, "kept": 14828}
{"n": 10, "parents": 12541, "total": 25398, "tests": 163050, "kept": 14828}
{"n": 10, "parents": 12551, "total": 25398, "tests": 163092, "kept": 14828}
{"n": 10, "parents": 12561, "total": 25398, "tests": 163190, "kept": 14828}
{"n": 10, "parents": 12571, "total": 25398, "tests": 163252, "kept": 14828}
{"n": 10, "parents": 12581, "total": 25398, "tests": 163441, "kept": 14828}
{"n": 10, "parents": 12591, "total": 25398, "tests": 163595, "kept": 14829}
{"n": 10, "parents": 12601, "total": 25398, "tests": 163735, "kept": 14831}
{"n": 10, "parents": 12611, "total": 25398, "tests": 163735, "kept": 14831}
{"n": 10, "parents": 12621, "total": 25398, "tests": 163965, "kept": 14832}
{"n": 10, "parents": 12631, "total": 25398, "tests": 164098, "kept": 14835}
{"n": 10, "parents": 12641, "total": 25398, "tests": 164266, "kept": 14835}
{"n": 10, "parents": 12651, "total": 25398, "tests": 164434, "kept": 14835}
{"n": 10, "parents": 12661, "total": 25398, "tests": 164573, "kept": 14837}
{"n": 10, "parents": 12671, "total": 25398, "tests": 164615, "kept": 14839}
{"n": 10, "parents": 12681, "total": 25398, "tests": 164783, "kept": 14845}
{"n": 10, "parents": 12691, "total": 25398, "tests": 164887, "kept": 14850}
{"n": 10, "parents": 12701, "total": 25398, "tests": 165006, "kept": 14861}
{"n": 10, "parents": 12711, "total": 25398, "tests": 165104, "kept": 14863}
{"n": 10, "parents": 12721, "total": 25398, "tests": 165241, "kept": 14872}
{"n": 10, "parents": 12731, "total": 25398, "tests": 165241, "kept": 14872}
{"n": 10, "parents": 12741, "total": 25398, "tests": 165241, "kept": 14872}
{"n": 10, "parents": 12751, "total": 25398, "tests": 165241, "kept": 14872}
{"n": 10, "parents": 12761, "total": 25398, "tests": 165241, "kept": 14872}
{"n": 10, "parents": 12771, "total": 25398, "tests": 165395, "kept": 14874}
{"n": 10, "parents": 12781, "total": 25398, "tests": 165451, "kept": 14874}
{"n": 10, "parents": 12791, "total": 25398, "tests": 165640, "kept": 14874}
{"n": 10, "parents": 12801, "total": 25398, "tests": 165794, "kept": 14884}
{"n": 10, "parents": 12811, "total": 25398, "tests": 165794, "kept": 14884}
{"n": 10, "parents": 12821, "total": 25398, "tests": 165794, "kept": 14884}
{"n": 10, "parents": 12831, "total": 25398, "tests": 165794, "kept": 14884}
{"n": 10, "parents": 12841, "total": 25398, "tests": 166060, "kept": 14885}
{"n": 10, "parents": 12851, "total": 25398, "tests": 166291, "kept": 14889}
{"n": 10, "parents": 12861, "total": 25398, "tests": 166881, "kept": 15067}
{"n": 10, "parents": 12871, "total": 25398, "tests": 167189, "kept": 15140}
{"n": 10, "parents": 12881, "total": 25398, "tests": 167272, "kept": 15140}
{"n": 10, "parents": 12891, "total": 25398, "tests": 167496, "kept": 15142}
{"n": 10, "parents": 12901, "total": 25398, "tests": 167573, "kept": 15144}
{"n": 10, "parents": 12911, "total": 25398, "tests": 167727, "kept": 15148}
{"n": 10, "parents": 12921, "total": 25398, "tests": 167831, "kept": 15158}
{"n": 10, "parents": 12931, "total": 25398, "tests": 168006, "kept": 15170}
{"n": 10, "parents": 12941, "total": 25398, "tests": 168384, "kept": 15333}
{"n": 10, "parents": 12951, "total": 25398, "tests": 168384, "kept": 15333}
{"n": 10, "parents": 12961, "total": 25398, "tests": 168615, "kept": 15335}
{"n": 10, "parents": 12971, "total": 25398, "tests": 168783, "kept": 15338}
{"n": 10, "parents": 12981, "total": 25398, "tests": 168895, "kept": 15341}
{"n": 10, "parents": 12991, "total": 25398, "tests": 169084, "kept": 15341}
{"n": 10, "parents": 13001, "total": 25398, "tests": 169182, "kept": 15342}
{"n": 10, "parents": 13011, "total": 25398, "tests": 169406, "kept": 15343}
{"n": 10, "parents": 13021, "total": 25398, "tests": 169828, "kept": 15511}
{"n": 10, "parents": 13031, "total": 25398, "tests": 170164, "kept": 15651}
{"n": 10, "parents": 13041, "total": 25398, "tests": 170297, "kept": 15652}
{"n": 10, "parents": 13051, "total": 25398, "tests": 170465, "kept": 15652}
{"n": 10, "parents": 13061, "total": 25398, "tests": 170625, "kept": 15652}
{"n": 10, "parents": 13071, "total": 25398, "tests": 170786, "kept": 15657}
{"n": 10, "parents": 13081, "total": 25398, "tests": 170932, "kept": 15660}
{"n": 10, "parents": 13091, "total": 25398, "tests": 171457, "kept": 15938}
{"n": 10, "parents": 13101, "total": 25398, "tests": 171674, "kept": 16016}
{"n": 10, "parents": 13111, "total": 25398, "tests": 171730, "kept": 16016}
{"n": 10, "parents": 13121, "total": 25398, "tests": 171748, "kept": 16016}
{"n": 10, "parents": 13131, "total": 25398, "tests": 171804, "kept": 16016}
{"n": 10, "parents": 13141, "total": 25398, "tests": 171881, "kept": 16016}
{"n": 10, "parents": 13151, "total": 25398, "tests": 171979, "kept": 16017}
{"n": 10, "parents": 13161, "total": 25398, "tests": 172168, "kept": 16017}
{"n": 10, "parents": 13171, "total": 25398, "tests": 172399, "kept": 16025}
{"n": 10, "parents": 13181, "total": 25398, "tests": 172553, "kept": 16026}
{"n": 10, "parents": 13191, "total": 25398, "tests": 172672, "kept": 16026}
{"n": 10, "parents": 13201, "total": 25398, "tests": 172987, "kept": 16067}
{"n": 10, "parents": 13211, "total": 25398, "tests": 173050, "kept": 16067}
{"n": 10, "parents": 13221, "total": 25398, "tests": 173183, "kept": 16074}
{"n": 10, "parents": 13231, "total": 25398, "tests": 173189, "kept": 16074}
{"n": 10, "parents": 13241, "total": 25398, "tests": 173189, "kept": 16074}
{"n": 10, "parents": 13251, "total": 25398, "tests": 173189, "kept": 16074}
{"n": 10, "parents": 13261, "total": 25398, "tests": 173245, "kept": 16074}
{"n": 10, "parents": 13271, "total": 25398, "tests": 173245, "kept": 16074}
{"n": 10, "parents": 13281, "total": 25398, "tests": 173319, "kept": 16074}
{"n": 10, "parents": 13291, "total": 25398, "tests": 173340, "kept": 16074}
{"n": 10, "parents": 13301, "total": 25398, "tests": 173585, "kept": 16075}
{"n": 10, "parents": 13311, "total": 25398, "tests": 173704, "kept": 16075}
{"n": 10, "parents": 13321, "total": 25398, "tests": 173767, "kept": 16076}
{"n": 10, "parents": 13331, "total": 25398, "tests": 173844, "kept": 16076}
{"n": 10, "parents": 13341, "total": 25398, "tests": 174110, "kept": 16079}
{"n": 10, "parents": 13351, "total": 25398, "tests": 174208, "kept": 16079}
{"n": 10, "parents": 13361, "total": 25398, "tests": 174369, "kept": 16086}
{"n": 10, "parents": 13371, "total": 25398, "tests": 174464, "kept": 16086}
{"n": 10, "parents": 13381, "total": 25398, "tests": 174597, "kept": 16086}
{"n": 10, "parents": 13391, "total": 25398, "tests": 174765, "kept": 16088}
{"n": 10, "parents": 13401, "total": 25398, "tests": 174897, "kept": 16088}
{"n": 10, "parents": 13411, "total": 25398, "tests": 175051, "kept": 16089}
{"n": 10, "parents": 13421, "total": 25398, "tests": 175191, "kept": 16092}
{"n": 10, "parents": 13431, "total": 25398, "tests": 175316, "kept": 16092}
{"n": 10, "parents": 13441, "total": 25398, "tests": 175449, "kept": 16093}
{"n": 10, "parents": 13451, "total": 25398, "tests": 175582, "kept": 16094}
{"n": 10, "parents": 13461, "total": 25398, "tests": 175827, "kept": 16103}
{"n": 10, "parents": 13471, "total": 25398, "tests": 175972, "kept": 16105}
{"n": 10, "parents": 13481, "total": 25398, "tests": 176267, "kept": 16149}
{"n": 10, "parents": 13491, "total": 25398, "tests": 176421, "kept": 16153}
{"n": 10, "parents": 13501, "total": 25398, "tests": 176421, "kept": 16153}
{"n": 10, "parents": 13511, "total": 25398, "tests": 176645, "kept": 16153}
{"n": 10, "parents": 13521, "total": 25398, "tests": 176855, "kept": 16158}
{"n": 10, "parents": 13531, "total": 25398, "tests": 176939, "kept": 16158}
{"n": 10, "parents": 13541, "total": 25398, "tests": 177078, "kept": 16162}
{"n": 10, "parents": 13551, "total": 25398, "tests": 177239, "kept": 16171}
{"n": 10, "parents": 13561, "total": 25398, "tests": 177343, "kept": 16171}
{"n": 10, "parents": 13571, "total": 25398, "tests": 177411, "kept": 16173}
{"n": 10, "parents": 13581, "total": 25398, "tests": 177600, "kept": 16177}
{"n": 10, "parents": 13591, "total": 25398, "tests": 177662, "kept": 16177}
{"n": 10, "parents": 13601, "total": 25398, "tests": 177736, "kept": 16177}
{"n": 10, "parents": 13611, "total": 25398, "tests": 177875, "kept": 16187}
{"n": 10, "parents": 13621, "total": 25398, "tests": 177943, "kept": 16190}
{"n": 10, "parents": 13631, "total": 25398, "tests": 177967, "kept": 16190}
{"n": 10, "parents": 13641, "total": 25398, "tests": 178023, "kept": 16190}
{"n": 10, "parents": 13651, "total": 25398, "tests": 178135, "kept": 16190}
{"n": 10, "parents": 13661, "total": 25398, "tests": 178247, "kept": 16190}
{"n": 10, "parents": 13671, "total": 25398, "tests": 178428, "kept": 16194}
{"n": 10, "parents": 13681, "total": 25398, "tests": 178526, "kept": 16194}
{"n": 10, "parents": 13691, "total": 25398, "tests": 178659, "kept": 16197}
{"n": 10, "parents": 13701, "total": 25398, "tests": 178855, "kept": 16217}
{"n": 10, "parents": 13711, "total": 25398, "tests": 179009, "kept": 16217}
{"n": 10, "parents": 13721, "total": 25398, "tests": 179320, "kept": 16255}
{"n": 10, "parents": 13731, "total": 25398, "tests": 179840, "kept": 16352}
{"n": 10, "parents": 13741, "total": 25398, "tests": 180417, "kept": 16463}
{"n": 10, "parents": 13751, "total": 25398, "tests": 180706, "kept": 16524}
{"n": 10, "parents": 13761, "total": 25398, "tests": 180951, "kept": 16586}
{"n": 10, "parents": 13771, "total": 25398, "tests": 181258, "kept": 16678}
{"n": 10, "parents": 13781, "total": 25398, "tests": 181650, "kept": 16786}
{"n": 10, "parents": 13791, "total": 25398, "tests": 182140, "kept": 16934}
{"n": 10, "parents": 13801, "total": 25398, "tests": 182406, "kept": 17020}
{"n": 10, "parents": 13811, "total": 25398, "tests": 182406, "kept": 17020}
{"n": 10, "parents": 13821, "total": 25398, "tests": 182651, "kept": 17021}
{"n": 10, "parents": 13831, "total": 25398, "tests": 182749, "kept": 17024}
{"n": 10, "parents": 13841, "total": 25398, "tests": 182924, "kept": 17032}
{"n": 10, "parents": 13851, "total": 25398, "tests": 183099, "kept": 17036}
{"n": 10, "parents": 13861, "total": 25398, "tests": 183232, "kept": 17042}
{"n": 10, "parents": 13871, "total": 25398, "tests": 183342, "kept": 17042}
{"n": 10, "parents": 13881, "total": 25398, "tests": 183342, "kept": 17042}
{"n": 10, "parents": 13891, "total": 25398, "tests": 183566, "kept": 17042}
{"n": 10, "parents": 13901, "total": 25398, "tests": 183734, "kept": 17047}
{"n": 10, "parents": 13911, "total": 25398, "tests": 183797, "kept": 17049}
{"n": 10, "parents": 13921, "total": 25398, "tests": 183951, "kept": 17057}
{"n": 10, "parents": 13931, "total": 25398, "tests": 184070, "kept": 17065}
{"n": 10, "parents": 13941, "total": 25398, "tests": 184203, "kept": 17067}
{"n": 10, "parents": 13951, "total": 25398, "tests": 184378, "kept": 17079}
{"n": 10, "parents": 13961, "total": 25398, "tests": 184567, "kept": 17084}
{"n": 10, "parents": 13971, "total": 25398, "tests": 184685, "kept": 17087}
{"n": 10, "parents": 13981, "total": 25398, "tests": 184818, "kept": 17091}
{"n": 10, "parents": 13991, "total": 25398, "tests": 185007, "kept": 17094}
{"n": 10, "parents": 14001, "total": 25398, "tests": 185090, "kept": 17094}
{"n": 10, "parents": 14011, "total": 25398, "tests": 185160, "kept": 17094}
{"n": 10, "parents": 14021, "total": 25398, "tests": 185272, "kept": 17103}
{"n": 10, "parents": 14031, "total": 25398, "tests": 185440, "kept": 17109}
{"n": 10, "parents": 14041, "total": 25398, "tests": 185516, "kept": 17109}
{"n": 10, "parents": 14051, "total": 25398, "tests": 186078, "kept": 17293}
{"n": 10, "parents": 14061, "total": 25398, "tests": 186682, "kept": 17541}
{"n": 10, "parents": 14071, "total": 25398, "tests": 187046, "kept": 17692}
{"n": 10, "parents": 14081, "total": 25398, "tests": 187214, "kept": 17697}
{"n": 10, "parents": 14091, "total": 25398, "tests": 187410, "kept": 17709}
{"n": 10, "parents": 14101, "total": 25398, "tests": 187522, "kept": 17709}
{"n": 10, "parents": 14111, "total": 25398, "tests": 187605, "kept": 17712}
{"n": 10, "parents": 14121, "total": 25398, "tests": 187822, "kept": 17783}
{"n": 10, "parents": 14131, "total": 25398, "tests": 188135, "kept": 17921}
{"n": 10, "parents": 14141, "total": 25398, "tests": 188406, "kept": 17998}
{"n": 10, "parents": 14151, "total": 25398, "tests": 188812, "kept": 18169}
{"n": 10, "parents": 14161, "total": 25398, "tests": 189372, "kept": 18432}
{"n": 10, "parents": 14171, "total": 25398, "tests": 189645, "kept": 18478}
{"n": 10, "parents": 14181, "total": 25398, "tests": 190110, "kept": 18584}
{"n": 10, "parents": 14191, "total": 25398, "tests": 190327, "kept": 18643}
{"n": 10, "parents": 14201, "total": 25398, "tests": 190640, "kept": 18762}
{"n": 10, "parents": 14211, "total": 25398, "tests": 190885, "kept": 18814}
{"n": 10, "parents": 14221, "total": 25398, "tests": 191004, "kept": 18816}
{"n": 10, "parents": 14231, "total": 25398, "tests": 191137, "kept": 18821}
{"n": 10, "parents": 14241, "total": 25398, "tests": 191347, "kept": 18822}
{"n": 10, "parents": 14251, "total": 25398, "tests": 191480, "kept": 18828}
{"n": 10, "parents": 14261, "total": 25398, "tests": 191772, "kept": 18885}
{"n": 10, "parents": 14271, "total": 25398, "tests": 191870, "kept": 18885}
{"n": 10, "parents": 14281, "total": 25398, "tests": 191870, "kept": 18885}
{"n": 10, "parents": 14291, "total": 25398, "tests": 191926, "kept": 18886}
{"n": 10, "parents": 14301, "total": 25398, "tests": 191989, "kept": 18886}
{"n": 10, "parents": 14311, "total": 25398, "tests": 192108, "kept": 18889}
{"n": 10, "parents": 14321, "total": 25398, "tests": 192297, "kept": 18890}
{"n": 10, "parents": 14331, "total": 25398, "tests": 192542, "kept": 18898}
{"n": 10, "parents": 14341, "total": 25398, "tests": 192661, "kept": 18904}
{"n": 10, "parents": 14351, "total": 25398, "tests": 192800, "kept": 18908}
{"n": 10, "parents": 14361, "total": 25398, "tests": 192933, "kept": 18911}
{"n": 10, "parents": 14371, "total": 25398, "tests": 192954, "kept": 18912}
{"n": 10, "parents": 14381, "total": 25398, "tests": 193108, "kept": 18918}
{"n": 10, "parents": 14391, "total": 25398, "tests": 193108, "kept": 18918}
{"n": 10, "parents": 14401, "total": 25398, "tests": 193108, "kept": 18918}
{"n": 10, "parents": 14411, "total": 25398, "tests": 193191, "kept": 18919}
{"n": 10, "parents": 14421, "total": 25398, "tests": 193218, "kept": 18920}
{"n": 10, "parents": 14431, "total": 25398, "tests": 193274, "kept": 18920}
{"n": 10, "parents": 14441, "total": 25398, "tests": 193349, "kept": 18923}
{"n": 10, "parents": 14451, "total": 25398, "tests": 193432, "kept": 18923}
{"n": 10, "parents": 14461, "total": 25398, "tests": 193488, "kept": 18923}
{"n": 10, "parents": 14471, "total": 25398, "tests": 193488, "kept": 18923}
{"n": 10, "parents": 14481, "total": 25398, "tests": 193544, "kept": 18923}
{"n": 10, "parents": 14491, "total": 25398, "tests": 193565, "kept": 18923}
{"n": 10, "parents": 14501, "total": 25398, "tests": 193565, "kept": 18923}
{"n": 10, "parents": 14511, "total": 25398, "tests": 193621, "kept": 18923}
{"n": 10, "parents": 14521, "total": 25398, "tests": 193642, "kept": 18923}
{"n": 10, "parents": 14531, "total": 25398, "tests": 193796, "kept": 18925}
{"n": 10, "parents": 14541, "total": 25398, "tests": 194027, "kept": 18926}
{"n": 10, "parents": 14551, "total": 25398, "tests": 194048, "kept": 18927}
{"n": 10, "parents": 14561, "total": 25398, "tests": 194048, "kept": 18927}
{"n": 10, "parents": 14571, "total": 25398, "tests": 194048, "kept": 18927}
{"n": 10, "parents": 14581, "total": 25398, "tests": 194202, "kept": 18927}
{"n": 10, "parents": 14591, "total": 25398, "tests": 194314, "kept": 18927}
{"n": 10, "parents": 14601, "total": 25398, "tests": 194447, "kept": 18928}
{"n": 10, "parents": 14611, "total": 25398, "tests": 194524, "kept": 18928}
{"n": 10, "parents": 14621, "total": 25398, "tests": 194636, "kept": 18929}
{"n": 10, "parents": 14631, "total": 25398, "tests": 194804, "kept": 18930}
{"n": 10, "parents": 14641, "total": 25398, "tests": 194972, "kept": 18932}
{"n": 10, "parents": 14651, "total": 25398, "tests": 195147, "kept": 18934}
{"n": 10, "parents": 14661, "total": 25398, "tests": 195264, "kept": 18934}
{"n": 10, "parents": 14671, "total": 25398, "tests": 195270, "kept": 18934}
{"n": 10, "parents": 14681, "total": 25398, "tests": 195424, "kept": 18934}
{"n": 10, "parents": 14691, "total": 25398, "tests": 195536, "kept": 18934}
{"n": 10, "parents": 14701, "total": 25398, "tests": 195704, "kept": 18937}
{"n": 10, "parents": 14711, "total": 25398, "tests": 195856, "kept": 18939}
{"n": 10, "parents": 14721, "total": 25398, "tests": 196024, "kept": 18941}
{"n": 10, "parents": 14731, "total": 25398, "tests": 196080, "kept": 18941}
{"n": 10, "parents": 14741, "total": 25398, "tests": 196269, "kept": 18941}
{"n": 10, "parents": 14751, "total": 25398, "tests": 196402, "kept": 18942}
{"n": 10, "parents": 14761, "total": 25398, "tests": 196535, "kept": 18942}
{"n": 10, "parents": 14771, "total": 25398, "tests": 196591, "kept": 18942}
{"n": 10, "parents": 14781, "total": 25398, "tests": 196766, "kept": 18944}
{"n": 10, "parents": 14791, "total": 25398, "tests": 196799, "kept": 18951}
{"n": 10, "parents": 14801, "total": 25398, "tests": 196820, "kept": 18951}
{"n": 10, "parents": 14811, "total": 25398, "tests": 196897, "kept": 18951}
{"n": 10, "parents": 14821, "total": 25398, "tests": 197093, "kept": 18954}
{"n": 10, "parents": 14831, "total": 25398, "tests": 197191, "kept": 18954}
{"n": 10, "parents": 14841, "total": 25398, "tests": 197302, "kept": 18958}
{"n": 10, "parents": 14851, "total": 25398, "tests": 197441, "kept": 18958}
{"n": 10, "parents": 14861, "total": 25398, "tests": 197503, "kept": 18962}
{"n": 10, "parents": 14871, "total": 25398, "tests": 197601, "kept": 18962}
{"n": 10, "parents": 14881, "total": 25398, "tests": 197945, "kept": 18998}
{"n": 10, "parents": 14891, "total": 25398, "tests": 198022, "kept": 18998}
{"n": 10, "parents": 14901, "total": 25398, "tests": 198084, "kept": 18999}
{"n": 10, "parents": 14911, "total": 25398, "tests": 198084, "kept": 18999}
{"n": 10, "parents": 14921, "total": 25398, "tests": 198140, "kept": 18999}
{"n": 10, "parents": 14931, "total": 25398, "tests": 198273, "kept": 18999}
{"n": 10, "parents": 14941, "total": 25398, "tests": 198518, "kept": 19005}
{"n": 10, "parents": 14951, "total": 25398, "tests": 198574, "kept": 19005}
{"n": 10, "parents": 14961, "total": 25398, "tests": 198686, "kept": 19005}
{"n": 10, "parents": 14971, "total": 25398, "tests": 198819, "kept": 19005}
{"n": 10, "parents": 14981, "total": 25398, "tests": 198896, "kept": 19007}
{"n": 10, "parents": 14991, "total": 25398, "tests": 199008, "kept": 19007}
{"n": 10, "parents": 15001, "total": 25398, "tests": 199029, "kept": 19007}
{"n": 10, "parents": 15011, "total": 25398, "tests": 199253, "kept": 19008}
{"n": 10, "parents": 15021, "total": 25398, "tests": 199372, "kept": 19009}
{"n": 10, "parents": 15031, "total": 25398, "tests": 199568, "kept": 19014}
{"n": 10, "parents": 15041, "total": 25398, "tests": 199792, "kept": 19015}
{"n": 10, "parents": 15051, "total": 25398, "tests": 199960, "kept": 19015}
{"n": 10, "parents": 15061, "total": 25398, "tests": 200099, "kept": 19015}
{"n": 10, "parents": 15071, "total": 25398, "tests": 200224, "kept": 19018}
{"n": 10, "parents": 15081, "total": 25398, "tests": 200334, "kept": 19021}
{"n": 10, "parents": 15091, "total": 25398, "tests": 200429, "kept": 19027}
{"n": 10, "parents": 15101, "total": 25398, "tests": 200447, "kept": 19027}
{"n": 10, "parents": 15111, "total": 25398, "tests": 200584, "kept": 19035}
{"n": 10, "parents": 15121, "total": 25398, "tests": 200639, "kept": 19036}
{"n": 10, "parents": 15131, "total": 25398, "tests": 200695, "kept": 19036}
{"n": 10, "parents": 15141, "total": 25398, "tests": 200751, "kept": 19036}
{"n": 10, "parents": 15151, "total": 25398, "tests": 200905, "kept": 19036}
{"n": 10, "parents": 15161, "total": 25398, "tests": 201038, "kept": 19036}
{"n": 10, "parents": 15171, "total": 25398, "tests": 201136, "kept": 19036}
{"n": 10, "parents": 15181, "total": 25398, "tests": 201304, "kept": 19037}
{"n": 10, "parents": 15191, "total": 25398, "tests": 201437, "kept": 19038}
{"n": 10, "parents": 15201, "total": 25398, "tests": 201569, "kept": 19042}
{"n": 10, "parents": 15211, "total": 25398, "tests": 201632, "kept": 19042}
{"n": 10, "parents": 15221, "total": 25398, "tests": 201701, "kept": 19047}
{"n": 10, "parents": 15231, "total": 25398, "tests": 201714, "kept": 19047}
{"n": 10, "parents": 15241, "total": 25398, "tests": 201714, "kept": 19047}
{"n": 10, "parents": 15251, "total": 25398, "tests": 201826, "kept": 19047}
{"n": 10, "parents": 15261, "total": 25398, "tests": 201924, "kept": 19049}
{"n": 10, "parents": 15271, "total": 25398, "tests": 202308, "kept": 19091}
{"n": 10, "parents": 15281, "total": 25398, "tests": 202371, "kept": 19094}
{"n": 10, "parents": 15291, "total": 25398, "tests": 202581, "kept": 19095}
{"n": 10, "parents": 15301, "total": 25398, "tests": 202714, "kept": 19096}
{"n": 10, "parents": 15311, "total": 25398, "tests": 202945, "kept": 19097}
{"n": 10, "parents": 15321, "total": 25398, "tests": 203519, "kept": 19264}
{"n": 10, "parents": 15331, "total": 25398, "tests": 203519, "kept": 19264}
{"n": 10, "parents": 15341, "total": 25398, "tests": 203519, "kept": 19264}
{"n": 10, "parents": 15351, "total": 25398, "tests": 203652, "kept": 19264}
{"n": 10, "parents": 15361, "total": 25398, "tests": 203855, "kept": 19264}
{"n": 10, "parents": 15371, "total": 25398, "tests": 203903, "kept": 19264}
{"n": 10, "parents": 15381, "total": 25398, "tests": 203903, "kept": 19264}
{"n": 10, "parents": 15391, "total": 25398, "tests": 204064, "kept": 19264}
{"n": 10, "parents": 15401, "total": 25398, "tests": 204085, "kept": 19264}
{"n": 10, "parents": 15411, "total": 25398, "tests": 204106, "kept": 19264}
{"n": 10, "parents": 15421, "total": 25398, "tests": 204238, "kept": 19265}
{"n": 10, "parents": 15431, "total": 25398, "tests": 204280, "kept": 19265}
{"n": 10, "parents": 15441, "total": 25398, "tests": 204420, "kept": 19265}
{"n": 10, "parents": 15451, "total": 25398, "tests": 204553, "kept": 19265}
{"n": 10, "parents": 15461, "total": 25398, "tests": 204616, "kept": 19265}
{"n": 10, "parents": 15471, "total": 25398, "tests": 204791, "kept": 19265}
{"n": 10, "parents": 15481, "total": 25398, "tests": 204910, "kept": 19266}
{"n": 10, "parents": 15491, "total": 25398, "tests": 205057, "kept": 19266}
{"n": 10, "parents": 15501, "total": 25398, "tests": 205224, "kept": 19267}
{"n": 10, "parents": 15511, "total": 25398, "tests": 205328, "kept": 19267}
{"n": 10, "parents": 15521, "total": 25398, "tests": 205509, "kept": 19267}
{"n": 10, "parents": 15531, "total": 25398, "tests": 205998, "kept": 19479}
{"n": 10, "parents": 15541, "total": 25398, "tests": 206019, "kept": 19479}
{"n": 10, "parents": 15551, "total": 25398, "tests": 206019, "kept": 19479}
{"n": 10, "parents": 15561, "total": 25398, "tests": 206040, "kept": 19479}
{"n": 10, "parents": 15571, "total": 25398, "tests": 206040, "kept": 19479}
{"n": 10, "parents": 15581, "total": 25398, "tests": 206040, "kept": 19479}
{"n": 10, "parents": 15591, "total": 25398, "tests": 206040, "kept": 19479}
{"n": 10, "parents": 15601, "total": 25398, "tests": 206103, "kept": 19479}
{"n": 10, "parents": 15611, "total": 25398, "tests": 206103, "kept": 19479}
{"n": 10, "parents": 15621, "total": 25398, "tests": 206166, "kept": 19479}
{"n": 10, "parents": 15631, "total": 25398, "tests": 206334, "kept": 19479}
{"n": 10, "parents": 15641, "total": 25398, "tests": 206467, "kept": 19479}
{"n": 10, "parents": 15651, "total": 25398, "tests": 206656, "kept": 19479}
{"n": 10, "parents": 15661, "total": 25398, "tests": 206810, "kept": 19479}
{"n": 10, "parents": 15671, "total": 25398, "tests": 206837, "kept": 19479}
{"n": 10, "parents": 15681, "total": 25398, "tests": 206879, "kept": 19479}
{"n": 10, "parents": 15691, "total": 25398, "tests": 206900, "kept": 19479}
{"n": 10, "parents": 15701, "total": 25398, "tests": 206900, "kept": 19479}
{"n": 10, "parents": 15711, "total": 25398, "tests": 207054, "kept": 19479}
{"n": 10, "parents": 15721, "total": 25398, "tests": 207243, "kept": 19480}
{"n": 10, "parents": 15731, "total": 25398, "tests": 207389, "kept": 19480}
{"n": 10, "parents": 15741, "total": 25398, "tests": 207389, "kept": 19480}
{"n": 10, "parents": 15751, "total": 25398, "tests": 207389, "kept": 19480}
{"n": 10, "parents": 15761, "total": 25398, "tests": 207389, "kept": 19480}
{"n": 10, "parents": 15771, "total": 25398, "tests": 207389, "kept": 19480}
{"n": 10, "parents": 15781, "total": 25398, "tests": 207389, "kept": 19480}
{"n": 10, "parents": 15791, "total": 25398, "tests": 207445, "kept": 19480}
{"n": 10, "parents": 15801, "total": 25398, "tests": 207445, "kept": 19480}
{"n": 10, "parents": 15811, "total": 25398, "tests": 207697, "kept": 19482}
{"n": 10, "parents": 15821, "total": 25398, "tests": 207697, "kept": 19482}
{"n": 10, "parents": 15831, "total": 25398, "tests": 207921, "kept": 19483}
{"n": 10, "parents": 15841, "total": 25398, "tests": 208082, "kept": 19483}
{"n": 10, "parents": 15851, "total": 25398, "tests": 208411, "kept": 19484}
{"n": 10, "parents": 15861, "total": 25398, "tests": 208509, "kept": 19484}
{"n": 10, "parents": 15871, "total": 25398, "tests": 208621, "kept": 19484}
{"n": 10, "parents": 15881, "total": 25398, "tests": 208677, "kept": 19484}
{"n": 10, "parents": 15891, "total": 25398, "tests": 208838, "kept": 19484}
{"n": 10, "parents": 15901, "total": 25398, "tests": 208894, "kept": 19484}
{"n": 10, "parents": 15911, "total": 25398, "tests": 208992, "kept": 19484}
{"n": 10, "parents": 15921, "total": 25398, "tests": 209258, "kept": 19484}
{"n": 10, "parents": 15931, "total": 25398, "tests": 209314, "kept": 19484}
{"n": 10, "parents": 15941, "total": 25398, "tests": 209426, "kept": 19484}
{"n": 10, "parents": 15951, "total": 25398, "tests": 209587, "kept": 19484}
{"n": 10, "parents": 15961, "total": 25398, "tests": 209720, "kept": 19485}
{"n": 10, "parents": 15971, "total": 25398, "tests": 209895, "kept": 19485}
{"n": 10, "parents": 15981, "total": 25398, "tests": 210084, "kept": 19485}
{"n": 10, "parents": 15991, "total": 25398, "tests": 210259, "kept": 19485}
{"n": 10, "parents": 16001, "total": 25398, "tests": 210427, "kept": 19485}
{"n": 10, "parents": 16011, "total": 25398, "tests": 210567, "kept": 19485}
{"n": 10, "parents": 16021, "total": 25398, "tests": 210735, "kept": 19485}
{"n": 10, "parents": 16031, "total": 25398, "tests": 210798, "kept": 19485}
{"n": 10, "parents": 16041, "total": 25398, "tests": 211036, "kept": 19485}
{"n": 10, "parents": 16051, "total": 25398, "tests": 211153, "kept": 19485}
{"n": 10, "parents": 16061, "total": 25398, "tests": 211334, "kept": 19485}
{"n": 10, "parents": 16071, "total": 25398, "tests": 211508, "kept": 19485}
{"n": 10, "parents": 16081, "total": 25398, "tests": 211863, "kept": 19614}
{"n": 10, "parents": 16091, "total": 25398, "tests": 212192, "kept": 19677}
{"n": 10, "parents": 16101, "total": 25398, "tests": 212290, "kept": 19677}
{"n": 10, "parents": 16111, "total": 25398, "tests": 212402, "kept": 19677}
{"n": 10, "parents": 16121, "total": 25398, "tests": 212577, "kept": 19678}
{"n": 10, "parents": 16131, "total": 25398, "tests": 212752, "kept": 19678}
{"n": 10, "parents": 16141, "total": 25398, "tests": 212941, "kept": 19678}
{"n": 10, "parents": 16151, "total": 25398, "tests": 213415, "kept": 19868}
{"n": 10, "parents": 16161, "total": 25398, "tests": 213478, "kept": 19869}
{"n": 10, "parents": 16171, "total": 25398, "tests": 213632, "kept": 19870}
{"n": 10, "parents": 16181, "total": 25398, "tests": 213751, "kept": 19871}
{"n": 10, "parents": 16191, "total": 25398, "tests": 213855, "kept": 19871}
{"n": 10, "parents": 16201, "total": 25398, "tests": 213876, "kept": 19871}
{"n": 10, "parents": 16211, "total": 25398, "tests": 213897, "kept": 19871}
{"n": 10, "parents": 16221, "total": 25398, "tests": 214058, "kept": 19871}
{"n": 10, "parents": 16231, "total": 25398, "tests": 214147, "kept": 19876}
{"n": 10, "parents": 16241, "total": 25398, "tests": 214168, "kept": 19876}
{"n": 10, "parents": 16251, "total": 25398, "tests": 214231, "kept": 19876}
{"n": 10, "parents": 16261, "total": 25398, "tests": 214441, "kept": 19876}
{"n": 10, "parents": 16271, "total": 25398, "tests": 214553, "kept": 19876}
{"n": 10, "parents": 16281, "total": 25398, "tests": 214651, "kept": 19876}
{"n": 10, "parents": 16291, "total": 25398, "tests": 214770, "kept": 19876}
{"n": 10, "parents": 16301, "total": 25398, "tests": 214868, "kept": 19876}
{"n": 10, "parents": 16311, "total": 25398, "tests": 214987, "kept": 19877}
{"n": 10, "parents": 16321, "total": 25398, "tests": 215099, "kept": 19878}
{"n": 10, "parents": 16331, "total": 25398, "tests": 215189, "kept": 19878}
{"n": 10, "parents": 16341, "total": 25398, "tests": 215350, "kept": 19887}
{"n": 10, "parents": 16351, "total": 25398, "tests": 215433, "kept": 19887}
{"n": 10, "parents": 16361, "total": 25398, "tests": 215566, "kept": 19888}
{"n": 10, "parents": 16371, "total": 25398, "tests": 215634, "kept": 19891}
{"n": 10, "parents": 16381, "total": 25398, "tests": 215773, "kept": 19891}
{"n": 10, "parents": 16391, "total": 25398, "tests": 215927, "kept": 19893}
{"n": 10, "parents": 16401, "total": 25398, "tests": 216060, "kept": 19894}
{"n": 10, "parents": 16411, "total": 25398, "tests": 216193, "kept": 19897}
{"n": 10, "parents": 16421, "total": 25398, "tests": 216326, "kept": 19897}
{"n": 10, "parents": 16431, "total": 25398, "tests": 216359, "kept": 19898}
{"n": 10, "parents": 16441, "total": 25398, "tests": 216401, "kept": 19898}
{"n": 10, "parents": 16451, "total": 25398, "tests": 216478, "kept": 19901}
{"n": 10, "parents": 16461, "total": 25398, "tests": 216520, "kept": 19901}
{"n": 10, "parents": 16471, "total": 25398, "tests": 216653, "kept": 19901}
{"n": 10, "parents": 16481, "total": 25398, "tests": 216828, "kept": 19904}
{"n": 10, "parents": 16491, "total": 25398, "tests": 216982, "kept": 19904}
{"n": 10, "parents": 16501, "total": 25398, "tests": 217080, "kept": 19904}
{"n": 10, "parents": 16511, "total": 25398, "tests": 217149, "kept": 19904}
{"n": 10, "parents": 16521, "total": 25398, "tests": 217253, "kept": 19910}
{"n": 10, "parents": 16531, "total": 25398, "tests": 217392, "kept": 19914}
{"n": 10, "parents": 16541, "total": 25398, "tests": 217475, "kept": 19914}
{"n": 10, "parents": 16551, "total": 25398, "tests": 217629, "kept": 19916}
{"n": 10, "parents": 16561, "total": 25398, "tests": 217979, "kept": 19957}
{"n": 10, "parents": 16571, "total": 25398, "tests": 218112, "kept": 19959}
{"n": 10, "parents": 16581, "total": 25398, "tests": 218139, "kept": 19963}
{"n": 10, "parents": 16591, "total": 25398, "tests": 218216, "kept": 19965}
{"n": 10, "parents": 16601, "total": 25398, "tests": 218216, "kept": 19965}
{"n": 10, "parents": 16611, "total": 25398, "tests": 218216, "kept": 19965}
{"n": 10, "parents": 16621, "total": 25398, "tests": 218272, "kept": 19965}
{"n": 10, "parents": 16631, "total": 25398, "tests": 218370, "kept": 19967}
{"n": 10, "parents": 16641, "total": 25398, "tests": 218524, "kept": 19969}
{"n": 10, "parents": 16651, "total": 25398, "tests": 218524, "kept": 19969}
{"n": 10, "parents": 16661, "total": 25398, "tests": 218678, "kept": 19973}
{"n": 10, "parents": 16671, "total": 25398, "tests": 218678, "kept": 19973}
{"n": 10, "parents": 16681, "total": 25398, "tests": 218790, "kept": 19974}
{"n": 10, "parents": 16691, "total": 25398, "tests": 218958, "kept": 19975}
{"n": 10, "parents": 16701, "total": 25398, "tests": 218958, "kept": 19975}
{"n": 10, "parents": 16711, "total": 25398, "tests": 219098, "kept": 19975}
{"n": 10, "parents": 16721, "total": 25398, "tests": 219259, "kept": 20036}
{"n": 10, "parents": 16731, "total": 25398, "tests": 219392, "kept": 20036}
{"n": 10, "parents": 16741, "total": 25398, "tests": 219623, "kept": 20038}
{"n": 10, "parents": 16751, "total": 25398, "tests": 219721, "kept": 20038}
{"n": 10, "parents": 16761, "total": 25398, "tests": 219798, "kept": 20038}
{"n": 10, "parents": 16771, "total": 25398, "tests": 219980, "kept": 20041}
{"n": 10, "parents": 16781, "total": 25398, "tests": 220078, "kept": 20041}
{"n": 10, "parents": 16791, "total": 25398, "tests": 220253, "kept": 20043}
{"n": 10, "parents": 16801, "total": 25398, "tests": 220316, "kept": 20043}
{"n": 10, "parents": 16811, "total": 25398, "tests": 220540, "kept": 20049}
{"n": 10, "parents": 16821, "total": 25398, "tests": 220687, "kept": 20052}
{"n": 10, "parents": 16831, "total": 25398, "tests": 220826, "kept": 20053}
{"n": 10, "parents": 16841, "total": 25398, "tests": 221015, "kept": 20053}
{"n": 10, "parents": 16851, "total": 25398, "tests": 221113, "kept": 20053}
{"n": 10, "parents": 16861, "total": 25398, "tests": 221273, "kept": 20055}
{"n": 10, "parents": 16871, "total": 25398, "tests": 221294, "kept": 20055}
{"n": 10, "parents": 16881, "total": 25398, "tests": 221448, "kept": 20057}
{"n": 10, "parents": 16891, "total": 25398, "tests": 221609, "kept": 20064}
{"n": 10, "parents": 16901, "total": 25398, "tests": 221777, "kept": 20064}
{"n": 10, "parents": 16911, "total": 25398, "tests": 221896, "kept": 20065}
{"n": 10, "parents": 16921, "total": 25398, "tests": 221917, "kept": 20065}
{"n": 10, "parents": 16931, "total": 25398, "tests": 221917, "kept": 20065}
{"n": 10, "parents": 16941, "total": 25398, "tests": 221959, "kept": 20065}
{"n": 10, "parents": 16951, "total": 25398, "tests": 222148, "kept": 20066}
{"n": 10, "parents": 16961, "total": 25398, "tests": 222344, "kept": 20068}
{"n": 10, "parents": 16971, "total": 25398, "tests": 222407, "kept": 20068}
{"n": 10, "parents": 16981, "total": 25398, "tests": 222652, "kept": 20072}
{"n": 10, "parents": 16991, "total": 25398, "tests": 222784, "kept": 20072}
{"n": 10, "parents": 17001, "total": 25398, "tests": 222853, "kept": 20073}
{"n": 10, "parents": 17011, "total": 25398, "tests": 223042, "kept": 20079}
{"n": 10, "parents": 17021, "total": 25398, "tests": 223165, "kept": 20081}
{"n": 10, "parents": 17031, "total": 25398, "tests": 223269, "kept": 20085}
{"n": 10, "parents": 17041, "total": 25398, "tests": 223451, "kept": 20094}
{"n": 10, "parents": 17051, "total": 25398, "tests": 223519, "kept": 20094}
{"n": 10, "parents": 17061, "total": 25398, "tests": 223593, "kept": 20095}
{"n": 10, "parents": 17071, "total": 25398, "tests": 223632, "kept": 20096}
{"n": 10, "parents": 17081, "total": 25398, "tests": 223742, "kept": 20099}
{"n": 10, "parents": 17091, "total": 25398, "tests": 223875, "kept": 20100}
{"n": 10, "parents": 17101, "total": 25398, "tests": 223937, "kept": 20104}
{"n": 10, "parents": 17111, "total": 25398, "tests": 224053, "kept": 20108}
{"n": 10, "parents": 17121, "total": 25398, "tests": 224115, "kept": 20111}
{"n": 10, "parents": 17131, "total": 25398, "tests": 224198, "kept": 20116}
{"n": 10, "parents": 17141, "total": 25398, "tests": 224368, "kept": 20179}
{"n": 10, "parents": 17151, "total": 25398, "tests": 224443, "kept": 20181}
{"n": 10, "parents": 17161, "total": 25398, "tests": 224597, "kept": 20184}
{"n": 10, "parents": 17171, "total": 25398, "tests": 224729, "kept": 20188}
{"n": 10, "parents": 17181, "total": 25398, "tests": 224813, "kept": 20188}
{"n": 10, "parents": 17191, "total": 25398, "tests": 224902, "kept": 20196}
{"n": 10, "parents": 17201, "total": 25398, "tests": 224965, "kept": 20199}
{"n": 10, "parents": 17211, "total": 25398, "tests": 225042, "kept": 20199}
{"n": 10, "parents": 17221, "total": 25398, "tests": 225231, "kept": 20199}
{"n": 10, "parents": 17231, "total": 25398, "tests": 225406, "kept": 20199}
{"n": 10, "parents": 17241, "total": 25398, "tests": 225539, "kept": 20199}
{"n": 10, "parents": 17251, "total": 25398, "tests": 225637, "kept": 20199}
{"n": 10, "parents": 17261, "total": 25398, "tests": 225721, "kept": 20199}
{"n": 10, "parents": 17271, "total": 25398, "tests": 225840, "kept": 20205}
{"n": 10, "parents": 17281, "total": 25398, "tests": 225994, "kept": 20205}
{"n": 10, "parents": 17291, "total": 25398, "tests": 226092, "kept": 20205}
{"n": 10, "parents": 17301, "total": 25398, "tests": 226267, "kept": 20210}
{"n": 10, "parents": 17311, "total": 25398, "tests": 226442, "kept": 20210}
{"n": 10, "parents": 17321, "total": 25398, "tests": 226519, "kept": 20210}
{"n": 10, "parents": 17331, "total": 25398, "tests": 226617, "kept": 20210}
{"n": 10, "parents": 17341, "total": 25398, "tests": 226700, "kept": 20210}
{"n": 10, "parents": 17351, "total": 25398, "tests": 226742, "kept": 20210}
{"n": 10, "parents": 17361, "total": 25398, "tests": 226769, "kept": 20210}
{"n": 10, "parents": 17371, "total": 25398, "tests": 226895, "kept": 20220}
{"n": 10, "parents": 17381, "total": 25398, "tests": 227420, "kept": 20407}
{"n": 10, "parents": 17391, "total": 25398, "tests": 227538, "kept": 20431}
{"n": 10, "parents": 17401, "total": 25398, "tests": 227615, "kept": 20431}
{"n": 10, "parents": 17411, "total": 25398, "tests": 227628, "kept": 20431}
{"n": 10, "parents": 17421, "total": 25398, "tests": 227631, "kept": 20431}
{"n": 10, "parents": 17431, "total": 25398, "tests": 227631, "kept": 20431}
{"n": 10, "parents": 17441, "total": 25398, "tests": 227687, "kept": 20431}
{"n": 10, "parents": 17451, "total": 25398, "tests": 227687, "kept": 20431}
{"n": 10, "parents": 17461, "total": 25398, "tests": 227687, "kept": 20431}
{"n": 10, "parents": 17471, "total": 25398, "tests": 227708, "kept": 20431}
{"n": 10, "parents": 17481, "total": 25398, "tests": 227708, "kept": 20431}
{"n": 10, "parents": 17491, "total": 25398, "tests": 227708, "kept": 20431}
{"n": 10, "parents": 17501, "total": 25398, "tests": 227708, "kept": 20431}
{"n": 10, "parents": 17511, "total": 25398, "tests": 227708, "kept": 20431}
{"n": 10, "parents": 17521, "total": 25398, "tests": 227939, "kept": 20431}
{"n": 10, "parents": 17531, "total": 25398, "tests": 227939, "kept": 20431}
{"n": 10, "parents": 17541, "total": 25398, "tests": 227995, "kept": 20431}
{"n": 10, "parents": 17551, "total": 25398, "tests": 227995, "kept": 20431}
{"n": 10, "parents": 17561, "total": 25398, "tests": 227995, "kept": 20431}
{"n": 10, "parents": 17571, "total": 25398, "tests": 227995, "kept": 20431}
{"n": 10, "parents": 17581, "total": 25398, "tests": 227995, "kept": 20431}
{"n": 10, "parents": 17591, "total": 25398, "tests": 227995, "kept": 20431}
{"n": 10, "parents": 17601, "total": 25398, "tests": 228107, "kept": 20431}
{"n": 10, "parents": 17611, "total": 25398, "tests": 228184, "kept": 20431}
{"n": 10, "parents": 17621, "total": 25398, "tests": 228184, "kept": 20431}
{"n": 10, "parents": 17631, "total": 25398, "tests": 228261, "kept": 20431}
{"n": 10, "parents": 17641, "total": 25398, "tests": 228338, "kept": 20431}
{"n": 10, "parents": 17651, "total": 25398, "tests": 228527, "kept": 20431}
{"n": 10, "parents": 17661, "total": 25398, "tests": 228604, "kept": 20431}
{"n": 10, "parents": 17671, "total": 25398, "tests": 228737, "kept": 20431}
{"n": 10, "parents": 17681, "total": 25398, "tests": 228863, "kept": 20431}
{"n": 10, "parents": 17691, "total": 25398, "tests": 229017, "kept": 20431}
{"n": 10, "parents": 17701, "total": 25398, "tests": 229092, "kept": 20431}
{"n": 10, "parents": 17711, "total": 25398, "tests": 229154, "kept": 20433}
{"n": 10, "parents": 17721, "total": 25398, "tests": 229154, "kept": 20433}
{"n": 10, "parents": 17731, "total": 25398, "tests": 229154, "kept": 20433}
{"n": 10, "parents": 17741, "total": 25398, "tests": 229154, "kept": 20433}
{"n": 10, "parents": 17751, "total": 25398, "tests": 229154, "kept": 20433}
{"n": 10, "parents": 17761, "total": 25398, "tests": 229154, "kept": 20433}
{"n": 10, "parents": 17771, "total": 25398, "tests": 229266, "kept": 20433}
{"n": 10, "parents": 17781, "total": 25398, "tests": 229441, "kept": 20434}
{"n": 10, "parents": 17791, "total": 25398, "tests": 229441, "kept": 20434}
{"n": 10, "parents": 17801, "total": 25398, "tests": 229441, "kept": 20434}
{"n": 10, "parents": 17811, "total": 25398, "tests": 229581, "kept": 20500}
{"n": 10, "parents": 17821, "total": 25398, "tests": 229581, "kept": 20500}
{"n": 10, "parents": 17831, "total": 25398, "tests": 229581, "kept": 20500}
{"n": 10, "parents": 17841, "total": 25398, "tests": 229581, "kept": 20500}
{"n": 10, "parents": 17851, "total": 25398, "tests": 229581, "kept": 20500}
{"n": 10, "parents": 17861, "total": 25398, "tests": 229581, "kept": 20500}
{"n": 10, "parents": 17871, "total": 25398, "tests": 229581, "kept": 20500}
{"n": 10, "parents": 17881, "total": 25398, "tests": 229581, "kept": 20500}
{"n": 10, "parents": 17891, "total": 25398, "tests": 229581, "kept": 20500}
{"n": 10, "parents": 17901, "total": 25398, "tests": 229581, "kept": 20500}
{"n": 10, "parents": 17911, "total": 25398, "tests": 229581, "kept": 20500}
{"n": 10, "parents": 17921, "total": 25398, "tests": 229658, "kept": 20500}
{"n": 10, "parents": 17931, "total": 25398, "tests": 229854, "kept": 20500}
{"n": 10, "parents": 17941, "total": 25398, "tests": 229910, "kept": 20501}
{"n": 10, "parents": 17951, "total": 25398, "tests": 229910, "kept": 20501}
{"n": 10, "parents": 17961, "total": 25398, "tests": 229910, "kept": 20501}
{"n": 10, "parents": 17971, "total": 25398, "tests": 229931, "kept": 20501}
{"n": 10, "parents": 17981, "total": 25398, "tests": 230092, "kept": 20501}
{"n": 10, "parents": 17991, "total": 25398, "tests": 230246, "kept": 20501}
{"n": 10, "parents": 18001, "total": 25398, "tests": 230435, "kept": 20501}
{"n": 10, "parents": 18011, "total": 25398, "tests": 230456, "kept": 20501}
{"n": 10, "parents": 18021, "total": 25398, "tests": 230456, "kept": 20501}
{"n": 10, "parents": 18031, "total": 25398, "tests": 230456, "kept": 20501}
{"n": 10, "parents": 18041, "total": 25398, "tests": 230456, "kept": 20501}
{"n": 10, "parents": 18051, "total": 25398, "tests": 230456, "kept": 20501}
{"n": 10, "parents": 18061, "total": 25398, "tests": 230456, "kept": 20501}
{"n": 10, "parents": 18071, "total": 25398, "tests": 230736, "kept": 20557}
{"n": 10, "parents": 18081, "total": 25398, "tests": 230736, "kept": 20557}
{"n": 10, "parents": 18091, "total": 25398, "tests": 230988, "kept": 20616}
{"n": 10, "parents": 18101, "total": 25398, "tests": 231030, "kept": 20616}
{"n": 10, "parents": 18111, "total": 25398, "tests": 231030, "kept": 20616}
{"n": 10, "parents": 18121, "total": 25398, "tests": 231240, "kept": 20616}
{"n": 10, "parents": 18131, "total": 25398, "tests": 231317, "kept": 20616}
{"n": 10, "parents": 18141, "total": 25398, "tests": 231338, "kept": 20616}
{"n": 10, "parents": 18151, "total": 25398, "tests": 231583, "kept": 20618}
{"n": 10, "parents": 18161, "total": 25398, "tests": 231583, "kept": 20618}
{"n": 10, "parents": 18171, "total": 25398, "tests": 231765, "kept": 20619}
{"n": 10, "parents": 18181, "total": 25398, "tests": 231919, "kept": 20619}
{"n": 10, "parents": 18191, "total": 25398, "tests": 232087, "kept": 20619}
{"n": 10, "parents": 18201, "total": 25398, "tests": 232150, "kept": 20619}
{"n": 10, "parents": 18211, "total": 25398, "tests": 232339, "kept": 20619}
{"n": 10, "parents": 18221, "total": 25398, "tests": 232451, "kept": 20619}
{"n": 10, "parents": 18231, "total": 25398, "tests": 232535, "kept": 20619}
{"n": 10, "parents": 18241, "total": 25398, "tests": 232731, "kept": 20619}
{"n": 10, "parents": 18251, "total": 25398, "tests": 232885, "kept": 20619}
{"n": 10, "parents": 18261, "total": 25398, "tests": 232960, "kept": 20619}
{"n": 10, "parents": 18271, "total": 25398, "tests": 233093, "kept": 20619}
{"n": 10, "parents": 18281, "total": 25398, "tests": 233226, "kept": 20619}
{"n": 10, "parents": 18291, "total": 25398, "tests": 233436, "kept": 20620}
{"n": 10, "parents": 18301, "total": 25398, "tests": 233581, "kept": 20620}
{"n": 10, "parents": 18311, "total": 25398, "tests": 233693, "kept": 20620}
{"n": 10, "parents": 18321, "total": 25398, "tests": 233882, "kept": 20620}
{"n": 10, "parents": 18331, "total": 25398, "tests": 233980, "kept": 20620}
{"n": 10, "parents": 18341, "total": 25398, "tests": 234099, "kept": 20620}
{"n": 10, "parents": 18351, "total": 25398, "tests": 234245, "kept": 20620}
{"n": 10, "parents": 18361, "total": 25398, "tests": 234299, "kept": 20620}
{"n": 10, "parents": 18371, "total": 25398, "tests": 234424, "kept": 20623}
{"n": 10, "parents": 18381, "total": 25398, "tests": 234634, "kept": 20623}
{"n": 10, "parents": 18391, "total": 25398, "tests": 234744, "kept": 20623}
{"n": 10, "parents": 18401, "total": 25398, "tests": 234875, "kept": 20623}
{"n": 10, "parents": 18411, "total": 25398, "tests": 235419, "kept": 20788}
{"n": 10, "parents": 18421, "total": 25398, "tests": 235419, "kept": 20788}
{"n": 10, "parents": 18431, "total": 25398, "tests": 235657, "kept": 20788}
{"n": 10, "parents": 18441, "total": 25398, "tests": 236273, "kept": 20789}
{"n": 10, "parents": 18451, "total": 25398, "tests": 237085, "kept": 20794}
{"n": 10, "parents": 18461, "total": 25398, "tests": 237085, "kept": 20794}
{"n": 10, "parents": 18471, "total": 25398, "tests": 237085, "kept": 20794}
{"n": 10, "parents": 18481, "total": 25398, "tests": 237085, "kept": 20794}
{"n": 10, "parents": 18491, "total": 25398, "tests": 237085, "kept": 20794}
{"n": 10, "parents": 18501, "total": 25398, "tests": 237141, "kept": 20794}
{"n": 10, "parents": 18511, "total": 25398, "tests": 237274, "kept": 20795}
{"n": 10, "parents": 18521, "total": 25398, "tests": 237351, "kept": 20795}
{"n": 10, "parents": 18531, "total": 25398, "tests": 237463, "kept": 20795}
{"n": 10, "parents": 18541, "total": 25398, "tests": 237519, "kept": 20795}
{"n": 10, "parents": 18551, "total": 25398, "tests": 238100, "kept": 20797}
{"n": 10, "parents": 18561, "total": 25398, "tests": 238100, "kept": 20797}
{"n": 10, "parents": 18571, "total": 25398, "tests": 238646, "kept": 20799}
{"n": 10, "parents": 18581, "total": 25398, "tests": 238940, "kept": 20800}
{"n": 10, "parents": 18591, "total": 25398, "tests": 239220, "kept": 20800}
{"n": 10, "parents": 18601, "total": 25398, "tests": 239465, "kept": 20800}
{"n": 10, "parents": 18611, "total": 25398, "tests": 239675, "kept": 20800}
{"n": 10, "parents": 18621, "total": 25398, "tests": 239787, "kept": 20801}
{"n": 10, "parents": 18631, "total": 25398, "tests": 240095, "kept": 20803}
{"n": 10, "parents": 18641, "total": 25398, "tests": 240347, "kept": 20804}
{"n": 10, "parents": 18651, "total": 25398, "tests": 240347, "kept": 20804}
{"n": 10, "parents": 18661, "total": 25398, "tests": 240634, "kept": 20804}
{"n": 10, "parents": 18671, "total": 25398, "tests": 241005, "kept": 20805}
{"n": 10, "parents": 18681, "total": 25398, "tests": 241425, "kept": 20807}
{"n": 10, "parents": 18691, "total": 25398, "tests": 241551, "kept": 20809}
{"n": 10, "parents": 18701, "total": 25398, "tests": 241551, "kept": 20809}
{"n": 10, "parents": 18711, "total": 25398, "tests": 241572, "kept": 20809}
{"n": 10, "parents": 18721, "total": 25398, "tests": 241950, "kept": 20810}
{"n": 10, "parents": 18731, "total": 25398, "tests": 242230, "kept": 20811}
{"n": 10, "parents": 18741, "total": 25398, "tests": 242293, "kept": 20811}
{"n": 10, "parents": 18751, "total": 25398, "tests": 242516, "kept": 20811}
{"n": 10, "parents": 18761, "total": 25398, "tests": 242662, "kept": 20811}
{"n": 10, "parents": 18771, "total": 25398, "tests": 243249, "kept": 20999}
{"n": 10, "parents": 18781, "total": 25398, "tests": 243774, "kept": 21124}
{"n": 10, "parents": 18791, "total": 25398, "tests": 244536, "kept": 21386}
{"n": 10, "parents": 18801, "total": 25398, "tests": 244536, "kept": 21386}
{"n": 10, "parents": 18811, "total": 25398, "tests": 244746, "kept": 21386}
{"n": 10, "parents": 18821, "total": 25398, "tests": 244809, "kept": 21386}
{"n": 10, "parents": 18831, "total": 25398, "tests": 244921, "kept": 21386}
{"n": 10, "parents": 18841, "total": 25398, "tests": 245208, "kept": 21386}
{"n": 10, "parents": 18851, "total": 25398, "tests": 245229, "kept": 21386}
{"n": 10, "parents": 18861, "total": 25398, "tests": 245404, "kept": 21386}
{"n": 10, "parents": 18871, "total": 25398, "tests": 245460, "kept": 21386}
{"n": 10, "parents": 18881, "total": 25398, "tests": 245558, "kept": 21386}
{"n": 10, "parents": 18891, "total": 25398, "tests": 245558, "kept": 21386}
{"n": 10, "parents": 18901, "total": 25398, "tests": 245726, "kept": 21386}
{"n": 10, "parents": 18911, "total": 25398, "tests": 245859, "kept": 21386}
{"n": 10, "parents": 18921, "total": 25398, "tests": 245999, "kept": 21386}
{"n": 10, "parents": 18931, "total": 25398, "tests": 246167, "kept": 21386}
{"n": 10, "parents": 18941, "total": 25398, "tests": 246335, "kept": 21386}
{"n": 10, "parents": 18951, "total": 25398, "tests": 246489, "kept": 21386}
{"n": 10, "parents": 18961, "total": 25398, "tests": 246608, "kept": 21386}
{"n": 10, "parents": 18971, "total": 25398, "tests": 246748, "kept": 21386}
{"n": 10, "parents": 18981, "total": 25398, "tests": 246929, "kept": 21387}
{"n": 10, "parents": 18991, "total": 25398, "tests": 247118, "kept": 21387}
{"n": 10, "parents": 19001, "total": 25398, "tests": 247249, "kept": 21387}
{"n": 10, "parents": 19011, "total": 25398, "tests": 247430, "kept": 21387}
{"n": 10, "parents": 19021, "total": 25398, "tests": 247924, "kept": 21533}
{"n": 10, "parents": 19031, "total": 25398, "tests": 248084, "kept": 21533}
{"n": 10, "parents": 19041, "total": 25398, "tests": 248549, "kept": 21698}
{"n": 10, "parents": 19051, "total": 25398, "tests": 248850, "kept": 21792}
{"n": 10, "parents": 19061, "total": 25398, "tests": 249501, "kept": 22074}
{"n": 10, "parents": 19071, "total": 25398, "tests": 250185, "kept": 22307}
{"n": 10, "parents": 19081, "total": 25398, "tests": 250638, "kept": 22497}
{"n": 10, "parents": 19091, "total": 25398, "tests": 250638, "kept": 22497}
{"n": 10, "parents": 19101, "total": 25398, "tests": 250813, "kept": 22497}
{"n": 10, "parents": 19111, "total": 25398, "tests": 250903, "kept": 22498}
{"n": 10, "parents": 19121, "total": 25398, "tests": 250977, "kept": 22499}
{"n": 10, "parents": 19131, "total": 25398, "tests": 250995, "kept": 22500}
{"n": 10, "parents": 19141, "total": 25398, "tests": 251043, "kept": 22501}
{"n": 10, "parents": 19151, "total": 25398, "tests": 251099, "kept": 22502}
{"n": 10, "parents": 19161, "total": 25398, "tests": 251099, "kept": 22502}
{"n": 10, "parents": 19171, "total": 25398, "tests": 251232, "kept": 22502}
{"n": 10, "parents": 19181, "total": 25398, "tests": 251330, "kept": 22503}
{"n": 10, "parents": 19191, "total": 25398, "tests": 251386, "kept": 22503}
{"n": 10, "parents": 19201, "total": 25398, "tests": 251519, "kept": 22503}
{"n": 10, "parents": 19211, "total": 25398, "tests": 251617, "kept": 22503}
{"n": 10, "parents": 19221, "total": 25398, "tests": 251722, "kept": 22503}
{"n": 10, "parents": 19231, "total": 25398, "tests": 251806, "kept": 22504}
{"n": 10, "parents": 19241, "total": 25398, "tests": 251860, "kept": 22507}
{"n": 10, "parents": 19251, "total": 25398, "tests": 251934, "kept": 22510}
{"n": 10, "parents": 19261, "total": 25398, "tests": 252106, "kept": 22516}
{"n": 10, "parents": 19271, "total": 25398, "tests": 252252, "kept": 22517}
{"n": 10, "parents": 19281, "total": 25398, "tests": 252327, "kept": 22520}
{"n": 10, "parents": 19291, "total": 25398, "tests": 252327, "kept": 22520}
{"n": 10, "parents": 19301, "total": 25398, "tests": 252509, "kept": 22564}
{"n": 10, "parents": 19311, "total": 25398, "tests": 252605, "kept": 22566}
{"n": 10, "parents": 19321, "total": 25398, "tests": 252673, "kept": 22567}
{"n": 10, "parents": 19331, "total": 25398, "tests": 252697, "kept": 22572}
{"n": 10, "parents": 19341, "total": 25398, "tests": 252697, "kept": 22572}
{"n": 10, "parents": 19351, "total": 25398, "tests": 252753, "kept": 22572}
{"n": 10, "parents": 19361, "total": 25398, "tests": 252753, "kept": 22572}
{"n": 10, "parents": 19371, "total": 25398, "tests": 252809, "kept": 22572}
{"n": 10, "parents": 19381, "total": 25398, "tests": 253061, "kept": 22575}
{"n": 10, "parents": 19391, "total": 25398, "tests": 253117, "kept": 22576}
{"n": 10, "parents": 19401, "total": 25398, "tests": 253173, "kept": 22576}
{"n": 10, "parents": 19411, "total": 25398, "tests": 253194, "kept": 22576}
{"n": 10, "parents": 19421, "total": 25398, "tests": 253215, "kept": 22576}
{"n": 10, "parents": 19431, "total": 25398, "tests": 253236, "kept": 22576}
{"n": 10, "parents": 19441, "total": 25398, "tests": 253495, "kept": 22622}
{"n": 10, "parents": 19451, "total": 25398, "tests": 253593, "kept": 22623}
{"n": 10, "parents": 19461, "total": 25398, "tests": 253677, "kept": 22625}
{"n": 10, "parents": 19471, "total": 25398, "tests": 253677, "kept": 22625}
{"n": 10, "parents": 19481, "total": 25398, "tests": 253789, "kept": 22625}
{"n": 10, "parents": 19491, "total": 25398, "tests": 253879, "kept": 22625}
{"n": 10, "parents": 19501, "total": 25398, "tests": 254012, "kept": 22625}
{"n": 10, "parents": 19511, "total": 25398, "tests": 254152, "kept": 22627}
{"n": 10, "parents": 19521, "total": 25398, "tests": 254236, "kept": 22627}
{"n": 10, "parents": 19531, "total": 25398, "tests": 254404, "kept": 22628}
{"n": 10, "parents": 19541, "total": 25398, "tests": 254600, "kept": 22631}
{"n": 10, "parents": 19551, "total": 25398, "tests": 254747, "kept": 22631}
{"n": 10, "parents": 19561, "total": 25398, "tests": 254807, "kept": 22631}
{"n": 10, "parents": 19571, "total": 25398, "tests": 254890, "kept": 22632}
{"n": 10, "parents": 19581, "total": 25398, "tests": 255009, "kept": 22634}
{"n": 10, "parents": 19591, "total": 25398, "tests": 255128, "kept": 22635}
{"n": 10, "parents": 19601, "total": 25398, "tests": 255317, "kept": 22636}
{"n": 10, "parents": 19611, "total": 25398, "tests": 255377, "kept": 22636}
{"n": 10, "parents": 19621, "total": 25398, "tests": 255377, "kept": 22636}
{"n": 10, "parents": 19631, "total": 25398, "tests": 255580, "kept": 22637}
{"n": 10, "parents": 19641, "total": 25398, "tests": 255769, "kept": 22638}
{"n": 10, "parents": 19651, "total": 25398, "tests": 255838, "kept": 22638}
{"n": 10, "parents": 19661, "total": 25398, "tests": 256006, "kept": 22640}
{"n": 10, "parents": 19671, "total": 25398, "tests": 256054, "kept": 22641}
{"n": 10, "parents": 19681, "total": 25398, "tests": 256186, "kept": 22659}
{"n": 10, "parents": 19691, "total": 25398, "tests": 256275, "kept": 22659}
{"n": 10, "parents": 19701, "total": 25398, "tests": 256399, "kept": 22659}
{"n": 10, "parents": 19711, "total": 25398, "tests": 256453, "kept": 22659}
{"n": 10, "parents": 19721, "total": 25398, "tests": 256592, "kept": 22662}
{"n": 10, "parents": 19731, "total": 25398, "tests": 256654, "kept": 22663}
{"n": 10, "parents": 19741, "total": 25398, "tests": 256728, "kept": 22665}
{"n": 10, "parents": 19751, "total": 25398, "tests": 256823, "kept": 22669}
{"n": 10, "parents": 19761, "total": 25398, "tests": 256897, "kept": 22672}
{"n": 10, "parents": 19771, "total": 25398, "tests": 257015, "kept": 22677}
{"n": 10, "parents": 19781, "total": 25398, "tests": 257273, "kept": 22737}
{"n": 10, "parents": 19791, "total": 25398, "tests": 257309, "kept": 22737}
{"n": 10, "parents": 19801, "total": 25398, "tests": 257461, "kept": 22741}
{"n": 10, "parents": 19811, "total": 25398, "tests": 257601, "kept": 22743}
{"n": 10, "parents": 19821, "total": 25398, "tests": 257706, "kept": 22743}
{"n": 10, "parents": 19831, "total": 25398, "tests": 257887, "kept": 22746}
{"n": 10, "parents": 19841, "total": 25398, "tests": 257970, "kept": 22747}
{"n": 10, "parents": 19851, "total": 25398, "tests": 258066, "kept": 22753}
{"n": 10, "parents": 19861, "total": 25398, "tests": 258140, "kept": 22754}
{"n": 10, "parents": 19871, "total": 25398, "tests": 258158, "kept": 22757}
{"n": 10, "parents": 19881, "total": 25398, "tests": 258214, "kept": 22757}
{"n": 10, "parents": 19891, "total": 25398, "tests": 258452, "kept": 22758}
{"n": 10, "parents": 19901, "total": 25398, "tests": 258508, "kept": 22758}
{"n": 10, "parents": 19911, "total": 25398, "tests": 258816, "kept": 22758}
{"n": 10, "parents": 19921, "total": 25398, "tests": 258942, "kept": 22758}
{"n": 10, "parents": 19931, "total": 25398, "tests": 259306, "kept": 22762}
{"n": 10, "parents": 19941, "total": 25398, "tests": 259712, "kept": 22772}
{"n": 10, "parents": 19951, "total": 25398, "tests": 259838, "kept": 22773}
{"n": 10, "parents": 19961, "total": 25398, "tests": 260076, "kept": 22823}
{"n": 10, "parents": 19971, "total": 25398, "tests": 260139, "kept": 22824}
{"n": 10, "parents": 19981, "total": 25398, "tests": 260278, "kept": 22828}
{"n": 10, "parents": 19991, "total": 25398, "tests": 260404, "kept": 22828}
{"n": 10, "parents": 20001, "total": 25398, "tests": 260733, "kept": 22829}
{"n": 10, "parents": 20011, "total": 25398, "tests": 260845, "kept": 22830}
{"n": 10, "parents": 20021, "total": 25398, "tests": 261076, "kept": 22834}
{"n": 10, "parents": 20031, "total": 25398, "tests": 261188, "kept": 22836}
{"n": 10, "parents": 20041, "total": 25398, "tests": 261377, "kept": 22840}
{"n": 10, "parents": 20051, "total": 25398, "tests": 261510, "kept": 22845}
{"n": 10, "parents": 20061, "total": 25398, "tests": 261621, "kept": 22854}
{"n": 10, "parents": 20071, "total": 25398, "tests": 261710, "kept": 22855}
{"n": 10, "parents": 20081, "total": 25398, "tests": 261848, "kept": 22855}
{"n": 10, "parents": 20091, "total": 25398, "tests": 262037, "kept": 22864}
{"n": 10, "parents": 20101, "total": 25398, "tests": 262105, "kept": 22867}
{"n": 10, "parents": 20111, "total": 25398, "tests": 262273, "kept": 22885}
{"n": 10, "parents": 20121, "total": 25398, "tests": 262437, "kept": 22930}
{"n": 10, "parents": 20131, "total": 25398, "tests": 262511, "kept": 22939}
{"n": 10, "parents": 20141, "total": 25398, "tests": 263064, "kept": 23094}
{"n": 10, "parents": 20151, "total": 25398, "tests": 263245, "kept": 23097}
{"n": 10, "parents": 20161, "total": 25398, "tests": 263293, "kept": 23097}
{"n": 10, "parents": 20171, "total": 25398, "tests": 263418, "kept": 23100}
{"n": 10, "parents": 20181, "total": 25398, "tests": 263659, "kept": 23126}
{"n": 10, "parents": 20191, "total": 25398, "tests": 263659, "kept": 23126}
{"n": 10, "parents": 20201, "total": 25398, "tests": 263757, "kept": 23126}
{"n": 10, "parents": 20211, "total": 25398, "tests": 263813, "kept": 23126}
{"n": 10, "parents": 20221, "total": 25398, "tests": 263890, "kept": 23126}
{"n": 10, "parents": 20231, "total": 25398, "tests": 264072, "kept": 23126}
{"n": 10, "parents": 20241, "total": 25398, "tests": 264198, "kept": 23126}
{"n": 10, "parents": 20251, "total": 25398, "tests": 264303, "kept": 23126}
{"n": 10, "parents": 20261, "total": 25398, "tests": 264408, "kept": 23126}
{"n": 10, "parents": 20271, "total": 25398, "tests": 264471, "kept": 23130}
{"n": 10, "parents": 20281, "total": 25398, "tests": 264569, "kept": 23134}
{"n": 10, "parents": 20291, "total": 25398, "tests": 264659, "kept": 23135}
{"n": 10, "parents": 20301, "total": 25398, "tests": 264769, "kept": 23139}
{"n": 10, "parents": 20311, "total": 25398, "tests": 264769, "kept": 23139}
{"n": 10, "parents": 20321, "total": 25398, "tests": 264811, "kept": 23139}
{"n": 10, "parents": 20331, "total": 25398, "tests": 264986, "kept": 23141}
{"n": 10, "parents": 20341, "total": 25398, "tests": 265189, "kept": 23141}
{"n": 10, "parents": 20351, "total": 25398, "tests": 265314, "kept": 23142}
{"n": 10, "parents": 20361, "total": 25398, "tests": 265447, "kept": 23145}
{"n": 10, "parents": 20371, "total": 25398, "tests": 265571, "kept": 23148}
{"n": 10, "parents": 20381, "total": 25398, "tests": 265711, "kept": 23150}
{"n": 10, "parents": 20391, "total": 25398, "tests": 265821, "kept": 23157}
{"n": 10, "parents": 20401, "total": 25398, "tests": 265919, "kept": 23157}
{"n": 10, "parents": 20411, "total": 25398, "tests": 266080, "kept": 23159}
{"n": 10, "parents": 20421, "total": 25398, "tests": 266157, "kept": 23159}
{"n": 10, "parents": 20431, "total": 25398, "tests": 266290, "kept": 23161}
{"n": 10, "parents": 20441, "total": 25398, "tests": 266401, "kept": 23161}
{"n": 10, "parents": 20451, "total": 25398, "tests": 266534, "kept": 23162}
{"n": 10, "parents": 20461, "total": 25398, "tests": 266618, "kept": 23162}
{"n": 10, "parents": 20471, "total": 25398, "tests": 266722, "kept": 23164}
{"n": 10, "parents": 20481, "total": 25398, "tests": 266833, "kept": 23165}
{"n": 10, "parents": 20491, "total": 25398, "tests": 266902, "kept": 23165}
{"n": 10, "parents": 20501, "total": 25398, "tests": 267070, "kept": 23169}
{"n": 10, "parents": 20511, "total": 25398, "tests": 267181, "kept": 23169}
{"n": 10, "parents": 20521, "total": 25398, "tests": 267292, "kept": 23170}
{"n": 10, "parents": 20531, "total": 25398, "tests": 267340, "kept": 23170}
{"n": 10, "parents": 20541, "total": 25398, "tests": 267466, "kept": 23170}
{"n": 10, "parents": 20551, "total": 25398, "tests": 267991, "kept": 23306}
{"n": 10, "parents": 20561, "total": 25398, "tests": 268159, "kept": 23322}
{"n": 10, "parents": 20571, "total": 25398, "tests": 268292, "kept": 23325}
{"n": 10, "parents": 20581, "total": 25398, "tests": 268390, "kept": 23327}
{"n": 10, "parents": 20591, "total": 25398, "tests": 268494, "kept": 23328}
{"n": 10, "parents": 20601, "total": 25398, "tests": 268583, "kept": 23329}
{"n": 10, "parents": 20611, "total": 25398, "tests": 268663, "kept": 23331}
{"n": 10, "parents": 20621, "total": 25398, "tests": 269139, "kept": 23437}
{"n": 10, "parents": 20631, "total": 25398, "tests": 269477, "kept": 23481}
{"n": 10, "parents": 20641, "total": 25398, "tests": 270439, "kept": 23621}
{"n": 10, "parents": 20651, "total": 25398, "tests": 270846, "kept": 23691}
{"n": 10, "parents": 20661, "total": 25398, "tests": 271000, "kept": 23694}
{"n": 10, "parents": 20671, "total": 25398, "tests": 271048, "kept": 23694}
{"n": 10, "parents": 20681, "total": 25398, "tests": 271131, "kept": 23695}
{"n": 10, "parents": 20691, "total": 25398, "tests": 271616, "kept": 23864}
{"n": 10, "parents": 20701, "total": 25398, "tests": 272322, "kept": 24078}
{"n": 10, "parents": 20711, "total": 25398, "tests": 272449, "kept": 24093}
{"n": 10, "parents": 20721, "total": 25398, "tests": 272554, "kept": 24093}
{"n": 10, "parents": 20731, "total": 25398, "tests": 272960, "kept": 24242}
{"n": 10, "parents": 20741, "total": 25398, "tests": 273646, "kept": 24387}
{"n": 10, "parents": 20751, "total": 25398, "tests": 274241, "kept": 24559}
{"n": 10, "parents": 20761, "total": 25398, "tests": 274822, "kept": 24672}
{"n": 10, "parents": 20771, "total": 25398, "tests": 275095, "kept": 24748}
{"n": 10, "parents": 20781, "total": 25398, "tests": 275158, "kept": 24751}
{"n": 10, "parents": 20791, "total": 25398, "tests": 275277, "kept": 24752}
{"n": 10, "parents": 20801, "total": 25398, "tests": 275304, "kept": 24753}
{"n": 10, "parents": 20811, "total": 25398, "tests": 275807, "kept": 24884}
{"n": 10, "parents": 20821, "total": 25398, "tests": 276277, "kept": 25023}
{"n": 10, "parents": 20831, "total": 25398, "tests": 276340, "kept": 25028}
{"n": 10, "parents": 20841, "total": 25398, "tests": 276343, "kept": 25029}
{"n": 10, "parents": 20851, "total": 25398, "tests": 276631, "kept": 25080}
{"n": 10, "parents": 20861, "total": 25398, "tests": 276639, "kept": 25080}
{"n": 10, "parents": 20871, "total": 25398, "tests": 276720, "kept": 25080}
{"n": 10, "parents": 20881, "total": 25398, "tests": 276741, "kept": 25080}
{"n": 10, "parents": 20891, "total": 25398, "tests": 276741, "kept": 25080}
{"n": 10, "parents": 20901, "total": 25398, "tests": 276839, "kept": 25080}
{"n": 10, "parents": 20911, "total": 25398, "tests": 276916, "kept": 25080}
{"n": 10, "parents": 20921, "total": 25398, "tests": 276937, "kept": 25081}
{"n": 10, "parents": 20931, "total": 25398, "tests": 277077, "kept": 25082}
{"n": 10, "parents": 20941, "total": 25398, "tests": 277175, "kept": 25084}
{"n": 10, "parents": 20951, "total": 25398, "tests": 277294, "kept": 25084}
{"n": 10, "parents": 20961, "total": 25398, "tests": 277371, "kept": 25084}
{"n": 10, "parents": 20971, "total": 25398, "tests": 277525, "kept": 25084}
{"n": 10, "parents": 20981, "total": 25398, "tests": 277567, "kept": 25085}
{"n": 10, "parents": 20991, "total": 25398, "tests": 277671, "kept": 25085}
{"n": 10, "parents": 21001, "total": 25398, "tests": 277797, "kept": 25088}
{"n": 10, "parents": 21011, "total": 25398, "tests": 277880, "kept": 25089}
{"n": 10, "parents": 21021, "total": 25398, "tests": 278069, "kept": 25091}
{"n": 10, "parents": 21031, "total": 25398, "tests": 278081, "kept": 25091}
{"n": 10, "parents": 21041, "total": 25398, "tests": 278137, "kept": 25091}
{"n": 10, "parents": 21051, "total": 25398, "tests": 278193, "kept": 25091}
{"n": 10, "parents": 21061, "total": 25398, "tests": 278193, "kept": 25091}
{"n": 10, "parents": 21071, "total": 25398, "tests": 278403, "kept": 25091}
{"n": 10, "parents": 21081, "total": 25398, "tests": 278403, "kept": 25091}
{"n": 10, "parents": 21091, "total": 25398, "tests": 278480, "kept": 25091}
{"n": 10, "parents": 21101, "total": 25398, "tests": 278592, "kept": 25091}
{"n": 10, "parents": 21111, "total": 25398, "tests": 278844, "kept": 25092}
{"n": 10, "parents": 21121, "total": 25398, "tests": 279033, "kept": 25092}
{"n": 10, "parents": 21131, "total": 25398, "tests": 279033, "kept": 25092}
{"n": 10, "parents": 21141, "total": 25398, "tests": 279166, "kept": 25092}
{"n": 10, "parents": 21151, "total": 25398, "tests": 279355, "kept": 25092}
{"n": 10, "parents": 21161, "total": 25398, "tests": 279439, "kept": 25092}
{"n": 10, "parents": 21171, "total": 25398, "tests": 279508, "kept": 25095}
{"n": 10, "parents": 21181, "total": 25398, "tests": 279732, "kept": 25095}
{"n": 10, "parents": 21191, "total": 25398, "tests": 279815, "kept": 25096}
{"n": 10, "parents": 21201, "total": 25398, "tests": 279898, "kept": 25097}
{"n": 10, "parents": 21211, "total": 25398, "tests": 279952, "kept": 25097}
{"n": 10, "parents": 21221, "total": 25398, "tests": 280020, "kept": 25098}
{"n": 10, "parents": 21231, "total": 25398, "tests": 280088, "kept": 25101}
{"n": 10, "parents": 21241, "total": 25398, "tests": 280088, "kept": 25101}
{"n": 10, "parents": 21251, "total": 25398, "tests": 280333, "kept": 25102}
{"n": 10, "parents": 21261, "total": 25398, "tests": 280333, "kept": 25102}
{"n": 10, "parents": 21271, "total": 25398, "tests": 280410, "kept": 25102}
{"n": 10, "parents": 21281, "total": 25398, "tests": 280599, "kept": 25104}
{"n": 10, "parents": 21291, "total": 25398, "tests": 280689, "kept": 25106}
{"n": 10, "parents": 21301, "total": 25398, "tests": 280745, "kept": 25108}
{"n": 10, "parents": 21311, "total": 25398, "tests": 280822, "kept": 25108}
{"n": 10, "parents": 21321, "total": 25398, "tests": 280822, "kept": 25108}
{"n": 10, "parents": 21331, "total": 25398, "tests": 280976, "kept": 25108}
{"n": 10, "parents": 21341, "total": 25398, "tests": 281109, "kept": 25108}
{"n": 10, "parents": 21351, "total": 25398, "tests": 281319, "kept": 25110}
{"n": 10, "parents": 21361, "total": 25398, "tests": 281417, "kept": 25114}
{"n": 10, "parents": 21371, "total": 25398, "tests": 281536, "kept": 25114}
{"n": 10, "parents": 21381, "total": 25398, "tests": 281704, "kept": 25114}
{"n": 10, "parents": 21391, "total": 25398, "tests": 281893, "kept": 25115}
{"n": 10, "parents": 21401, "total": 25398, "tests": 282117, "kept": 25118}
{"n": 10, "parents": 21411, "total": 25398, "tests": 282285, "kept": 25118}
{"n": 10, "parents": 21421, "total": 25398, "tests": 282354, "kept": 25118}
{"n": 10, "parents": 21431, "total": 25398, "tests": 282499, "kept": 25119}
{"n": 10, "parents": 21441, "total": 25398, "tests": 282623, "kept": 25121}
{"n": 10, "parents": 21451, "total": 25398, "tests": 282742, "kept": 25122}
{"n": 10, "parents": 21461, "total": 25398, "tests": 282822, "kept": 25123}
{"n": 10, "parents": 21471, "total": 25398, "tests": 282890, "kept": 25126}
{"n": 10, "parents": 21481, "total": 25398, "tests": 282946, "kept": 25126}
{"n": 10, "parents": 21491, "total": 25398, "tests": 282946, "kept": 25126}
{"n": 10, "parents": 21501, "total": 25398, "tests": 283002, "kept": 25126}
{"n": 10, "parents": 21511, "total": 25398, "tests": 283002, "kept": 25126}
{"n": 10, "parents": 21521, "total": 25398, "tests": 283079, "kept": 25126}
{"n": 10, "parents": 21531, "total": 25398, "tests": 283079, "kept": 25126}
{"n": 10, "parents": 21541, "total": 25398, "tests": 283079, "kept": 25126}
{"n": 10, "parents": 21551, "total": 25398, "tests": 283079, "kept": 25126}
{"n": 10, "parents": 21561, "total": 25398, "tests": 283079, "kept": 25126}
{"n": 10, "parents": 21571, "total": 25398, "tests": 283079, "kept": 25126}
{"n": 10, "parents": 21581, "total": 25398, "tests": 283254, "kept": 25126}
{"n": 10, "parents": 21591, "total": 25398, "tests": 283387, "kept": 25126}
{"n": 10, "parents": 21601, "total": 25398, "tests": 283485, "kept": 25126}
{"n": 10, "parents": 21611, "total": 25398, "tests": 283485, "kept": 25126}
{"n": 10, "parents": 21621, "total": 25398, "tests": 283527, "kept": 25126}
{"n": 10, "parents": 21631, "total": 25398, "tests": 283527, "kept": 25126}
{"n": 10, "parents": 21641, "total": 25398, "tests": 283527, "kept": 25126}
{"n": 10, "parents": 21651, "total": 25398, "tests": 283527, "kept": 25126}
{"n": 10, "parents": 21661, "total": 25398, "tests": 283667, "kept": 25126}
{"n": 10, "parents": 21671, "total": 25398, "tests": 283667, "kept": 25126}
{"n": 10, "parents": 21681, "total": 25398, "tests": 283961, "kept": 25180}
{"n": 10, "parents": 21691, "total": 25398, "tests": 284115, "kept": 25180}
{"n": 10, "parents": 21701, "total": 25398, "tests": 284248, "kept": 25180}
{"n": 10, "parents": 21711, "total": 25398, "tests": 284423, "kept": 25180}
{"n": 10, "parents": 21721, "total": 25398, "tests": 284444, "kept": 25180}
{"n": 10, "parents": 21731, "total": 25398, "tests": 284500, "kept": 25180}
{"n": 10, "parents": 21741, "total": 25398, "tests": 284731, "kept": 25180}
{"n": 10, "parents": 21751, "total": 25398, "tests": 284843, "kept": 25180}
{"n": 10, "parents": 21761, "total": 25398, "tests": 284843, "kept": 25180}
{"n": 10, "parents": 21771, "total": 25398, "tests": 284843, "kept": 25180}
{"n": 10, "parents": 21781, "total": 25398, "tests": 285067, "kept": 25180}
{"n": 10, "parents": 21791, "total": 25398, "tests": 285136, "kept": 25180}
{"n": 10, "parents": 21801, "total": 25398, "tests": 285269, "kept": 25180}
{"n": 10, "parents": 21811, "total": 25398, "tests": 285444, "kept": 25181}
{"n": 10, "parents": 21821, "total": 25398, "tests": 285507, "kept": 25181}
{"n": 10, "parents": 21831, "total": 25398, "tests": 285619, "kept": 25182}
{"n": 10, "parents": 21841, "total": 25398, "tests": 285766, "kept": 25182}
{"n": 10, "parents": 21851, "total": 25398, "tests": 285885, "kept": 25184}
{"n": 10, "parents": 21861, "total": 25398, "tests": 285930, "kept": 25184}
{"n": 10, "parents": 21871, "total": 25398, "tests": 286063, "kept": 25184}
{"n": 10, "parents": 21881, "total": 25398, "tests": 286217, "kept": 25184}
{"n": 10, "parents": 21891, "total": 25398, "tests": 286321, "kept": 25184}
{"n": 10, "parents": 21901, "total": 25398, "tests": 286460, "kept": 25185}
{"n": 10, "parents": 21911, "total": 25398, "tests": 286487, "kept": 25185}
{"n": 10, "parents": 21921, "total": 25398, "tests": 286676, "kept": 25185}
{"n": 10, "parents": 21931, "total": 25398, "tests": 286774, "kept": 25185}
{"n": 10, "parents": 21941, "total": 25398, "tests": 286836, "kept": 25185}
{"n": 10, "parents": 21951, "total": 25398, "tests": 287011, "kept": 25186}
{"n": 10, "parents": 21961, "total": 25398, "tests": 287115, "kept": 25187}
{"n": 10, "parents": 21971, "total": 25398, "tests": 287248, "kept": 25188}
{"n": 10, "parents": 21981, "total": 25398, "tests": 287269, "kept": 25188}
{"n": 10, "parents": 21991, "total": 25398, "tests": 287269, "kept": 25188}
{"n": 10, "parents": 22001, "total": 25398, "tests": 287290, "kept": 25188}
{"n": 10, "parents": 22011, "total": 25398, "tests": 287423, "kept": 25188}
{"n": 10, "parents": 22021, "total": 25398, "tests": 287598, "kept": 25188}
{"n": 10, "parents": 22031, "total": 25398, "tests": 287682, "kept": 25188}
{"n": 10, "parents": 22041, "total": 25398, "tests": 287765, "kept": 25188}
{"n": 10, "parents": 22051, "total": 25398, "tests": 287891, "kept": 25188}
{"n": 10, "parents": 22061, "total": 25398, "tests": 287933, "kept": 25188}
{"n": 10, "parents": 22071, "total": 25398, "tests": 288072, "kept": 25189}
{"n": 10, "parents": 22081, "total": 25398, "tests": 288183, "kept": 25189}
{"n": 10, "parents": 22091, "total": 25398, "tests": 288183, "kept": 25189}
{"n": 10, "parents": 22101, "total": 25398, "tests": 288294, "kept": 25192}
{"n": 10, "parents": 22111, "total": 25398, "tests": 288425, "kept": 25192}
{"n": 10, "parents": 22121, "total": 25398, "tests": 288599, "kept": 25192}
{"n": 10, "parents": 22131, "total": 25398, "tests": 288629, "kept": 25192}
{"n": 10, "parents": 22141, "total": 25398, "tests": 288697, "kept": 25192}
{"n": 10, "parents": 22151, "total": 25398, "tests": 288865, "kept": 25192}
{"n": 10, "parents": 22161, "total": 25398, "tests": 288969, "kept": 25192}
{"n": 10, "parents": 22171, "total": 25398, "tests": 289102, "kept": 25193}
{"n": 10, "parents": 22181, "total": 25398, "tests": 289176, "kept": 25194}
{"n": 10, "parents": 22191, "total": 25398, "tests": 289294, "kept": 25196}
{"n": 10, "parents": 22201, "total": 25398, "tests": 289324, "kept": 25196}
{"n": 10, "parents": 22211, "total": 25398, "tests": 289457, "kept": 25197}
{"n": 10, "parents": 22221, "total": 25398, "tests": 289531, "kept": 25198}
{"n": 10, "parents": 22231, "total": 25398, "tests": 289593, "kept": 25199}
{"n": 10, "parents": 22241, "total": 25398, "tests": 289761, "kept": 25201}
{"n": 10, "parents": 22251, "total": 25398, "tests": 289925, "kept": 25240}
{"n": 10, "parents": 22261, "total": 25398, "tests": 289967, "kept": 25240}
{"n": 10, "parents": 22271, "total": 25398, "tests": 289973, "kept": 25240}
{"n": 10, "parents": 22281, "total": 25398, "tests": 289973, "kept": 25240}
{"n": 10, "parents": 22291, "total": 25398, "tests": 290183, "kept": 25240}
{"n": 10, "parents": 22301, "total": 25398, "tests": 290295, "kept": 25240}
{"n": 10, "parents": 22311, "total": 25398, "tests": 290498, "kept": 25240}
{"n": 10, "parents": 22321, "total": 25398, "tests": 290750, "kept": 25240}
{"n": 10, "parents": 22331, "total": 25398, "tests": 290911, "kept": 25267}
{"n": 10, "parents": 22341, "total": 25398, "tests": 291023, "kept": 25267}
{"n": 10, "parents": 22351, "total": 25398, "tests": 291177, "kept": 25267}
{"n": 10, "parents": 22361, "total": 25398, "tests": 291296, "kept": 25269}
{"n": 10, "parents": 22371, "total": 25398, "tests": 291452, "kept": 25272}
{"n": 10, "parents": 22381, "total": 25398, "tests": 291571, "kept": 25274}
{"n": 10, "parents": 22391, "total": 25398, "tests": 291634, "kept": 25274}
{"n": 10, "parents": 22401, "total": 25398, "tests": 291789, "kept": 25275}
{"n": 10, "parents": 22411, "total": 25398, "tests": 291851, "kept": 25278}
{"n": 10, "parents": 22421, "total": 25398, "tests": 292005, "kept": 25280}
{"n": 10, "parents": 22431, "total": 25398, "tests": 292159, "kept": 25282}
{"n": 10, "parents": 22441, "total": 25398, "tests": 292656, "kept": 25373}
{"n": 10, "parents": 22451, "total": 25398, "tests": 292695, "kept": 25376}
{"n": 10, "parents": 22461, "total": 25398, "tests": 292828, "kept": 25376}
{"n": 10, "parents": 22471, "total": 25398, "tests": 292947, "kept": 25376}
{"n": 10, "parents": 22481, "total": 25398, "tests": 293108, "kept": 25376}
{"n": 10, "parents": 22491, "total": 25398, "tests": 293262, "kept": 25377}
{"n": 10, "parents": 22501, "total": 25398, "tests": 293339, "kept": 25377}
{"n": 10, "parents": 22511, "total": 25398, "tests": 293563, "kept": 25378}
{"n": 10, "parents": 22521, "total": 25398, "tests": 293710, "kept": 25378}
{"n": 10, "parents": 22531, "total": 25398, "tests": 293864, "kept": 25379}
{"n": 10, "parents": 22541, "total": 25398, "tests": 293983, "kept": 25379}
{"n": 10, "parents": 22551, "total": 25398, "tests": 294172, "kept": 25380}
{"n": 10, "parents": 22561, "total": 25398, "tests": 294214, "kept": 25380}
{"n": 10, "parents": 22571, "total": 25398, "tests": 294354, "kept": 25380}
{"n": 10, "parents": 22581, "total": 25398, "tests": 294423, "kept": 25380}
{"n": 10, "parents": 22591, "total": 25398, "tests": 294598, "kept": 25381}
{"n": 10, "parents": 22601, "total": 25398, "tests": 294752, "kept": 25382}
{"n": 10, "parents": 22611, "total": 25398, "tests": 294885, "kept": 25383}
{"n": 10, "parents": 22621, "total": 25398, "tests": 295074, "kept": 25385}
{"n": 10, "parents": 22631, "total": 25398, "tests": 295137, "kept": 25385}
{"n": 10, "parents": 22641, "total": 25398, "tests": 295249, "kept": 25386}
{"n": 10, "parents": 22651, "total": 25398, "tests": 295473, "kept": 25386}
{"n": 10, "parents": 22661, "total": 25398, "tests": 295689, "kept": 25386}
{"n": 10, "parents": 22671, "total": 25398, "tests": 296194, "kept": 25554}
{"n": 10, "parents": 22681, "total": 25398, "tests": 296348, "kept": 25556}
{"n": 10, "parents": 22691, "total": 25398, "tests": 296481, "kept": 25560}
{"n": 10, "parents": 22701, "total": 25398, "tests": 296614, "kept": 25560}
{"n": 10, "parents": 22711, "total": 25398, "tests": 296676, "kept": 25560}
{"n": 10, "parents": 22721, "total": 25398, "tests": 296800, "kept": 25562}
{"n": 10, "parents": 22731, "total": 25398, "tests": 296848, "kept": 25562}
{"n": 10, "parents": 22741, "total": 25398, "tests": 297409, "kept": 25732}
{"n": 10, "parents": 22751, "total": 25398, "tests": 297774, "kept": 25817}
{"n": 10, "parents": 22761, "total": 25398, "tests": 298286, "kept": 25979}
{"n": 10, "parents": 22771, "total": 25398, "tests": 298641, "kept": 26054}
{"n": 10, "parents": 22781, "total": 25398, "tests": 298795, "kept": 26055}
{"n": 10, "parents": 22791, "total": 25398, "tests": 298984, "kept": 26057}
{"n": 10, "parents": 22801, "total": 25398, "tests": 299082, "kept": 26057}
{"n": 10, "parents": 22811, "total": 25398, "tests": 299124, "kept": 26057}
{"n": 10, "parents": 22821, "total": 25398, "tests": 299214, "kept": 26058}
{"n": 10, "parents": 22831, "total": 25398, "tests": 299265, "kept": 26058}
{"n": 10, "parents": 22841, "total": 25398, "tests": 299283, "kept": 26058}
{"n": 10, "parents": 22851, "total": 25398, "tests": 299283, "kept": 26058}
{"n": 10, "parents": 22861, "total": 25398, "tests": 299283, "kept": 26058}
{"n": 10, "parents": 22871, "total": 25398, "tests": 299283, "kept": 26058}
{"n": 10, "parents": 22881, "total": 25398, "tests": 299283, "kept": 26058}
{"n": 10, "parents": 22891, "total": 25398, "tests": 299283, "kept": 26058}
{"n": 10, "parents": 22901, "total": 25398, "tests": 299283, "kept": 26058}
{"n": 10, "parents": 22911, "total": 25398, "tests": 299493, "kept": 26058}
{"n": 10, "parents": 22921, "total": 25398, "tests": 299794, "kept": 26058}
{"n": 10, "parents": 22931, "total": 25398, "tests": 300074, "kept": 26058}
{"n": 10, "parents": 22941, "total": 25398, "tests": 300690, "kept": 26058}
{"n": 10, "parents": 22951, "total": 25398, "tests": 300746, "kept": 26058}
{"n": 10, "parents": 22961, "total": 25398, "tests": 300802, "kept": 26058}
{"n": 10, "parents": 22971, "total": 25398, "tests": 300802, "kept": 26058}
{"n": 10, "parents": 22981, "total": 25398, "tests": 300858, "kept": 26058}
{"n": 10, "parents": 22991, "total": 25398, "tests": 300914, "kept": 26058}
{"n": 10, "parents": 23001, "total": 25398, "tests": 300970, "kept": 26058}
{"n": 10, "parents": 23011, "total": 25398, "tests": 300970, "kept": 26058}
{"n": 10, "parents": 23021, "total": 25398, "tests": 301082, "kept": 26058}
{"n": 10, "parents": 23031, "total": 25398, "tests": 301404, "kept": 26058}
{"n": 10, "parents": 23041, "total": 25398, "tests": 301670, "kept": 26058}
{"n": 10, "parents": 23051, "total": 25398, "tests": 301964, "kept": 26058}
{"n": 10, "parents": 23061, "total": 25398, "tests": 301964, "kept": 26058}
{"n": 10, "parents": 23071, "total": 25398, "tests": 302468, "kept": 26058}
{"n": 10, "parents": 23081, "total": 25398, "tests": 302580, "kept": 26058}
{"n": 10, "parents": 23091, "total": 25398, "tests": 302832, "kept": 26058}
{"n": 10, "parents": 23101, "total": 25398, "tests": 302986, "kept": 26058}
{"n": 10, "parents": 23111, "total": 25398, "tests": 303546, "kept": 26058}
{"n": 10, "parents": 23121, "total": 25398, "tests": 303714, "kept": 26058}
{"n": 10, "parents": 23131, "total": 25398, "tests": 304428, "kept": 26102}
{"n": 10, "parents": 23141, "total": 25398, "tests": 304806, "kept": 26102}
{"n": 10, "parents": 23151, "total": 25398, "tests": 305058, "kept": 26102}
{"n": 10, "parents": 23161, "total": 25398, "tests": 305058, "kept": 26102}
{"n": 10, "parents": 23171, "total": 25398, "tests": 305219, "kept": 26137}
{"n": 10, "parents": 23181, "total": 25398, "tests": 305380, "kept": 26175}
{"n": 10, "parents": 23191, "total": 25398, "tests": 305380, "kept": 26175}
{"n": 10, "parents": 23201, "total": 25398, "tests": 305569, "kept": 26176}
{"n": 10, "parents": 23211, "total": 25398, "tests": 305681, "kept": 26178}
{"n": 10, "parents": 23221, "total": 25398, "tests": 305856, "kept": 26178}
{"n": 10, "parents": 23231, "total": 25398, "tests": 306017, "kept": 26179}
{"n": 10, "parents": 23241, "total": 25398, "tests": 306150, "kept": 26180}
{"n": 10, "parents": 23251, "total": 25398, "tests": 306162, "kept": 26180}
{"n": 10, "parents": 23261, "total": 25398, "tests": 306218, "kept": 26180}
{"n": 10, "parents": 23271, "total": 25398, "tests": 306442, "kept": 26182}
{"n": 10, "parents": 23281, "total": 25398, "tests": 306596, "kept": 26182}
{"n": 10, "parents": 23291, "total": 25398, "tests": 306659, "kept": 26182}
{"n": 10, "parents": 23301, "total": 25398, "tests": 306855, "kept": 26183}
{"n": 10, "parents": 23311, "total": 25398, "tests": 306995, "kept": 26183}
{"n": 10, "parents": 23321, "total": 25398, "tests": 307128, "kept": 26183}
{"n": 10, "parents": 23331, "total": 25398, "tests": 307261, "kept": 26183}
{"n": 10, "parents": 23341, "total": 25398, "tests": 307421, "kept": 26185}
{"n": 10, "parents": 23351, "total": 25398, "tests": 307589, "kept": 26186}
{"n": 10, "parents": 23361, "total": 25398, "tests": 307657, "kept": 26186}
{"n": 10, "parents": 23371, "total": 25398, "tests": 307790, "kept": 26186}
{"n": 10, "parents": 23381, "total": 25398, "tests": 307879, "kept": 26189}
{"n": 10, "parents": 23391, "total": 25398, "tests": 307956, "kept": 26189}
{"n": 10, "parents": 23401, "total": 25398, "tests": 308166, "kept": 26189}
{"n": 10, "parents": 23411, "total": 25398, "tests": 308320, "kept": 26190}
{"n": 10, "parents": 23421, "total": 25398, "tests": 308474, "kept": 26191}
{"n": 10, "parents": 23431, "total": 25398, "tests": 308586, "kept": 26191}
{"n": 10, "parents": 23441, "total": 25398, "tests": 308712, "kept": 26191}
{"n": 10, "parents": 23451, "total": 25398, "tests": 309035, "kept": 26236}
{"n": 10, "parents": 23461, "total": 25398, "tests": 309154, "kept": 26237}
{"n": 10, "parents": 23471, "total": 25398, "tests": 309560, "kept": 26312}
{"n": 10, "parents": 23481, "total": 25398, "tests": 309986, "kept": 26384}
{"n": 10, "parents": 23491, "total": 25398, "tests": 310025, "kept": 26385}
{"n": 10, "parents": 23501, "total": 25398, "tests": 310374, "kept": 26430}
{"n": 10, "parents": 23511, "total": 25398, "tests": 311039, "kept": 26526}
{"n": 10, "parents": 23521, "total": 25398, "tests": 311445, "kept": 26604}
{"n": 10, "parents": 23531, "total": 25398, "tests": 311732, "kept": 26676}
{"n": 10, "parents": 23541, "total": 25398, "tests": 311998, "kept": 26716}
{"n": 10, "parents": 23551, "total": 25398, "tests": 312544, "kept": 26794}
{"n": 10, "parents": 23561, "total": 25398, "tests": 312612, "kept": 26795}
{"n": 10, "parents": 23571, "total": 25398, "tests": 312680, "kept": 26795}
{"n": 10, "parents": 23581, "total": 25398, "tests": 312869, "kept": 26795}
{"n": 10, "parents": 23591, "total": 25398, "tests": 312911, "kept": 26795}
{"n": 10, "parents": 23601, "total": 25398, "tests": 312967, "kept": 26795}
{"n": 10, "parents": 23611, "total": 25398, "tests": 313142, "kept": 26795}
{"n": 10, "parents": 23621, "total": 25398, "tests": 313219, "kept": 26795}
{"n": 10, "parents": 23631, "total": 25398, "tests": 313443, "kept": 26795}
{"n": 10, "parents": 23641, "total": 25398, "tests": 313527, "kept": 26795}
{"n": 10, "parents": 23651, "total": 25398, "tests": 313583, "kept": 26795}
{"n": 10, "parents": 23661, "total": 25398, "tests": 313828, "kept": 26795}
{"n": 10, "parents": 23671, "total": 25398, "tests": 313975, "kept": 26795}
{"n": 10, "parents": 23681, "total": 25398, "tests": 314017, "kept": 26795}
{"n": 10, "parents": 23691, "total": 25398, "tests": 314227, "kept": 26795}
{"n": 10, "parents": 23701, "total": 25398, "tests": 314416, "kept": 26795}
{"n": 10, "parents": 23711, "total": 25398, "tests": 314499, "kept": 26795}
{"n": 10, "parents": 23721, "total": 25398, "tests": 314723, "kept": 26796}
{"n": 10, "parents": 23731, "total": 25398, "tests": 314800, "kept": 26796}
{"n": 10, "parents": 23741, "total": 25398, "tests": 314940, "kept": 26796}
{"n": 10, "parents": 23751, "total": 25398, "tests": 314982, "kept": 26796}
{"n": 10, "parents": 23761, "total": 25398, "tests": 315143, "kept": 26796}
{"n": 10, "parents": 23771, "total": 25398, "tests": 315290, "kept": 26796}
{"n": 10, "parents": 23781, "total": 25398, "tests": 315444, "kept": 26796}
{"n": 10, "parents": 23791, "total": 25398, "tests": 315668, "kept": 26796}
{"n": 10, "parents": 23801, "total": 25398, "tests": 315801, "kept": 26799}
{"n": 10, "parents": 23811, "total": 25398, "tests": 315870, "kept": 26799}
{"n": 10, "parents": 23821, "total": 25398, "tests": 315975, "kept": 26799}
{"n": 10, "parents": 23831, "total": 25398, "tests": 315998, "kept": 26799}
{"n": 10, "parents": 23841, "total": 25398, "tests": 315998, "kept": 26799}
{"n": 10, "parents": 23851, "total": 25398, "tests": 316040, "kept": 26799}
{"n": 10, "parents": 23861, "total": 25398, "tests": 316264, "kept": 26799}
{"n": 10, "parents": 23871, "total": 25398, "tests": 316369, "kept": 26799}
{"n": 10, "parents": 23881, "total": 25398, "tests": 316425, "kept": 26799}
{"n": 10, "parents": 23891, "total": 25398, "tests": 316670, "kept": 26799}
{"n": 10, "parents": 23901, "total": 25398, "tests": 316775, "kept": 26799}
{"n": 10, "parents": 23911, "total": 25398, "tests": 316887, "kept": 26799}
{"n": 10, "parents": 23921, "total": 25398, "tests": 317097, "kept": 26799}
{"n": 10, "parents": 23931, "total": 25398, "tests": 317251, "kept": 26799}
{"n": 10, "parents": 23941, "total": 25398, "tests": 317377, "kept": 26799}
{"n": 10, "parents": 23951, "total": 25398, "tests": 317608, "kept": 26799}
{"n": 10, "parents": 23961, "total": 25398, "tests": 317832, "kept": 26799}
{"n": 10, "parents": 23971, "total": 25398, "tests": 317971, "kept": 26799}
{"n": 10, "parents": 23981, "total": 25398, "tests": 318013, "kept": 26799}
{"n": 10, "parents": 23991, "total": 25398, "tests": 318111, "kept": 26799}
{"n": 10, "parents": 24001, "total": 25398, "tests": 318132, "kept": 26799}
{"n": 10, "parents": 24011, "total": 25398, "tests": 318510, "kept": 26799}
{"n": 10, "parents": 24021, "total": 25398, "tests": 318678, "kept": 26799}
{"n": 10, "parents": 24031, "total": 25398, "tests": 318908, "kept": 26799}
{"n": 10, "parents": 24041, "total": 25398, "tests": 319089, "kept": 26799}
{"n": 10, "parents": 24051, "total": 25398, "tests": 319278, "kept": 26799}
{"n": 10, "parents": 24061, "total": 25398, "tests": 319320, "kept": 26799}
{"n": 10, "parents": 24071, "total": 25398, "tests": 319544, "kept": 26800}
{"n": 10, "parents": 24081, "total": 25398, "tests": 319733, "kept": 26800}
{"n": 10, "parents": 24091, "total": 25398, "tests": 319843, "kept": 26800}
{"n": 10, "parents": 24101, "total": 25398, "tests": 319961, "kept": 26800}
{"n": 10, "parents": 24111, "total": 25398, "tests": 320150, "kept": 26802}
{"n": 10, "parents": 24121, "total": 25398, "tests": 320289, "kept": 26802}
{"n": 10, "parents": 24131, "total": 25398, "tests": 320443, "kept": 26802}
{"n": 10, "parents": 24141, "total": 25398, "tests": 320482, "kept": 26802}
{"n": 10, "parents": 24151, "total": 25398, "tests": 320642, "kept": 26802}
{"n": 10, "parents": 24161, "total": 25398, "tests": 320738, "kept": 26802}
{"n": 10, "parents": 24171, "total": 25398, "tests": 320850, "kept": 26802}
{"n": 10, "parents": 24181, "total": 25398, "tests": 320954, "kept": 26803}
{"n": 10, "parents": 24191, "total": 25398, "tests": 321052, "kept": 26803}
{"n": 10, "parents": 24201, "total": 25398, "tests": 321091, "kept": 26803}
{"n": 10, "parents": 24211, "total": 25398, "tests": 321133, "kept": 26803}
{"n": 10, "parents": 24221, "total": 25398, "tests": 321294, "kept": 26803}
{"n": 10, "parents": 24231, "total": 25398, "tests": 321378, "kept": 26803}
{"n": 10, "parents": 24241, "total": 25398, "tests": 322022, "kept": 26933}
{"n": 10, "parents": 24251, "total": 25398, "tests": 322126, "kept": 26933}
{"n": 10, "parents": 24261, "total": 25398, "tests": 322250, "kept": 26934}
{"n": 10, "parents": 24271, "total": 25398, "tests": 322283, "kept": 26934}
{"n": 10, "parents": 24281, "total": 25398, "tests": 322399, "kept": 26934}
{"n": 10, "parents": 24291, "total": 25398, "tests": 322503, "kept": 26934}
{"n": 10, "parents": 24301, "total": 25398, "tests": 322769, "kept": 27018}
{"n": 10, "parents": 24311, "total": 25398, "tests": 323013, "kept": 27102}
{"n": 10, "parents": 24321, "total": 25398, "tests": 323601, "kept": 27187}
{"n": 10, "parents": 24331, "total": 25398, "tests": 323902, "kept": 27188}
{"n": 10, "parents": 24341, "total": 25398, "tests": 324062, "kept": 27188}
{"n": 10, "parents": 24351, "total": 25398, "tests": 324545, "kept": 27302}
{"n": 10, "parents": 24361, "total": 25398, "tests": 324895, "kept": 27415}
{"n": 10, "parents": 24371, "total": 25398, "tests": 325028, "kept": 27415}
{"n": 10, "parents": 24381, "total": 25398, "tests": 325167, "kept": 27415}
{"n": 10, "parents": 24391, "total": 25398, "tests": 325250, "kept": 27416}
{"n": 10, "parents": 24401, "total": 25398, "tests": 325387, "kept": 27416}
{"n": 10, "parents": 24411, "total": 25398, "tests": 325420, "kept": 27416}
{"n": 10, "parents": 24421, "total": 25398, "tests": 325580, "kept": 27416}
{"n": 10, "parents": 24431, "total": 25398, "tests": 325945, "kept": 27500}
{"n": 10, "parents": 24441, "total": 25398, "tests": 326576, "kept": 27686}
{"n": 10, "parents": 24451, "total": 25398, "tests": 326797, "kept": 27716}
{"n": 10, "parents": 24461, "total": 25398, "tests": 327062, "kept": 27779}
{"n": 10, "parents": 24471, "total": 25398, "tests": 327397, "kept": 27863}
{"n": 10, "parents": 24481, "total": 25398, "tests": 327838, "kept": 27979}
{"n": 10, "parents": 24491, "total": 25398, "tests": 328069, "kept": 28005}
{"n": 10, "parents": 24501, "total": 25398, "tests": 328839, "kept": 28199}
{"n": 10, "parents": 24511, "total": 25398, "tests": 329574, "kept": 28330}
{"n": 10, "parents": 24521, "total": 25398, "tests": 329818, "kept": 28337}
{"n": 10, "parents": 24531, "total": 25398, "tests": 329825, "kept": 28337}
{"n": 10, "parents": 24541, "total": 25398, "tests": 329874, "kept": 28337}
{"n": 10, "parents": 24551, "total": 25398, "tests": 329900, "kept": 28337}
{"n": 10, "parents": 24561, "total": 25398, "tests": 329984, "kept": 28337}
{"n": 10, "parents": 24571, "total": 25398, "tests": 330096, "kept": 28339}
{"n": 10, "parents": 24581, "total": 25398, "tests": 330214, "kept": 28341}
{"n": 10, "parents": 24591, "total": 25398, "tests": 330226, "kept": 28341}
{"n": 10, "parents": 24601, "total": 25398, "tests": 330365, "kept": 28343}
{"n": 10, "parents": 24611, "total": 25398, "tests": 330617, "kept": 28395}
{"n": 10, "parents": 24621, "total": 25398, "tests": 330647, "kept": 28395}
{"n": 10, "parents": 24631, "total": 25398, "tests": 330683, "kept": 28395}
{"n": 10, "parents": 24641, "total": 25398, "tests": 330719, "kept": 28395}
{"n": 10, "parents": 24651, "total": 25398, "tests": 330761, "kept": 28395}
{"n": 10, "parents": 24661, "total": 25398, "tests": 330761, "kept": 28395}
{"n": 10, "parents": 24671, "total": 25398, "tests": 330873, "kept": 28395}
{"n": 10, "parents": 24681, "total": 25398, "tests": 331006, "kept": 28395}
{"n": 10, "parents": 24691, "total": 25398, "tests": 331139, "kept": 28395}
{"n": 10, "parents": 24701, "total": 25398, "tests": 331328, "kept": 28395}
{"n": 10, "parents": 24711, "total": 25398, "tests": 331391, "kept": 28395}
{"n": 10, "parents": 24721, "total": 25398, "tests": 331503, "kept": 28395}
{"n": 10, "parents": 24731, "total": 25398, "tests": 331734, "kept": 28395}
{"n": 10, "parents": 24741, "total": 25398, "tests": 331866, "kept": 28395}
{"n": 10, "parents": 24751, "total": 25398, "tests": 331965, "kept": 28395}
{"n": 10, "parents": 24761, "total": 25398, "tests": 332098, "kept": 28397}
{"n": 10, "parents": 24771, "total": 25398, "tests": 332237, "kept": 28397}
{"n": 10, "parents": 24781, "total": 25398, "tests": 332333, "kept": 28397}
{"n": 10, "parents": 24791, "total": 25398, "tests": 332431, "kept": 28397}
{"n": 10, "parents": 24801, "total": 25398, "tests": 332591, "kept": 28397}
{"n": 10, "parents": 24811, "total": 25398, "tests": 332773, "kept": 28397}
{"n": 10, "parents": 24821, "total": 25398, "tests": 332906, "kept": 28397}
{"n": 10, "parents": 24831, "total": 25398, "tests": 333031, "kept": 28397}
{"n": 10, "parents": 24841, "total": 25398, "tests": 333031, "kept": 28397}
{"n": 10, "parents": 24851, "total": 25398, "tests": 333199, "kept": 28397}
{"n": 10, "parents": 24861, "total": 25398, "tests": 333318, "kept": 28397}
{"n": 10, "parents": 24871, "total": 25398, "tests": 333520, "kept": 28399}
{"n": 10, "parents": 24881, "total": 25398, "tests": 333688, "kept": 28400}
{"n": 10, "parents": 24891, "total": 25398, "tests": 333856, "kept": 28401}
{"n": 10, "parents": 24901, "total": 25398, "tests": 334010, "kept": 28401}
{"n": 10, "parents": 24911, "total": 25398, "tests": 334066, "kept": 28401}
{"n": 10, "parents": 24921, "total": 25398, "tests": 334290, "kept": 28401}
{"n": 10, "parents": 24931, "total": 25398, "tests": 334409, "kept": 28401}
{"n": 10, "parents": 24941, "total": 25398, "tests": 334513, "kept": 28401}
{"n": 10, "parents": 24951, "total": 25398, "tests": 334576, "kept": 28401}
{"n": 10, "parents": 24961, "total": 25398, "tests": 334660, "kept": 28401}
{"n": 10, "parents": 24971, "total": 25398, "tests": 334828, "kept": 28401}
{"n": 10, "parents": 24981, "total": 25398, "tests": 334961, "kept": 28401}
{"n": 10, "parents": 24991, "total": 25398, "tests": 335080, "kept": 28401}
{"n": 10, "parents": 25001, "total": 25398, "tests": 335190, "kept": 28401}
{"n": 10, "parents": 25011, "total": 25398, "tests": 335190, "kept": 28401}
{"n": 10, "parents": 25021, "total": 25398, "tests": 335316, "kept": 28401}
{"n": 10, "parents": 25031, "total": 25398, "tests": 335582, "kept": 28437}
{"n": 10, "parents": 25041, "total": 25398, "tests": 335988, "kept": 28508}
{"n": 10, "parents": 25051, "total": 25398, "tests": 336282, "kept": 28556}
{"n": 10, "parents": 25061, "total": 25398, "tests": 336336, "kept": 28556}
{"n": 10, "parents": 25071, "total": 25398, "tests": 336555, "kept": 28603}
{"n": 10, "parents": 25081, "total": 25398, "tests": 337206, "kept": 28718}
{"n": 10, "parents": 25091, "total": 25398, "tests": 337374, "kept": 28718}
{"n": 10, "parents": 25101, "total": 25398, "tests": 337472, "kept": 28718}
{"n": 10, "parents": 25111, "total": 25398, "tests": 338076, "kept": 28931}
{"n": 10, "parents": 25121, "total": 25398, "tests": 338671, "kept": 29057}
{"n": 10, "parents": 25131, "total": 25398, "tests": 338944, "kept": 29109}
{"n": 10, "parents": 25141, "total": 25398, "tests": 339168, "kept": 29111}
{"n": 10, "parents": 25151, "total": 25398, "tests": 339301, "kept": 29111}
{"n": 10, "parents": 25161, "total": 25398, "tests": 339378, "kept": 29111}
{"n": 10, "parents": 25171, "total": 25398, "tests": 339517, "kept": 29112}
{"n": 10, "parents": 25181, "total": 25398, "tests": 339636, "kept": 29112}
{"n": 10, "parents": 25191, "total": 25398, "tests": 339669, "kept": 29112}
{"n": 10, "parents": 25201, "total": 25398, "tests": 339725, "kept": 29112}
{"n": 10, "parents": 25211, "total": 25398, "tests": 339864, "kept": 29113}
{"n": 10, "parents": 25221, "total": 25398, "tests": 340200, "kept": 29182}
{"n": 10, "parents": 25231, "total": 25398, "tests": 340760, "kept": 29303}
{"n": 10, "parents": 25241, "total": 25398, "tests": 341061, "kept": 29350}
{"n": 10, "parents": 25251, "total": 25398, "tests": 341172, "kept": 29350}
{"n": 10, "parents": 25261, "total": 25398, "tests": 341642, "kept": 29518}
{"n": 10, "parents": 25271, "total": 25398, "tests": 341669, "kept": 29518}
{"n": 10, "parents": 25281, "total": 25398, "tests": 342383, "kept": 29728}
{"n": 10, "parents": 25291, "total": 25398, "tests": 342444, "kept": 29728}
{"n": 10, "parents": 25301, "total": 25398, "tests": 342446, "kept": 29728}
{"n": 10, "parents": 25291, "total": 25398, "tests": 342444, "kept": 29728}
{"n": 10, "parents": 25301, "total": 25398, "tests": 342446, "kept": 29728}
{"n": 10, "parents": 25311, "total": 25398, "tests": 343140, "kept": 29901}
{"n": 10, "parents": 25321, "total": 25398, "tests": 343221, "kept": 29901}
{"n": 10, "parents": 25331, "total": 25398, "tests": 343251, "kept": 29901}
{"n": 10, "parents": 25341, "total": 25398, "tests": 343390, "kept": 29903}
{"n": 10, "parents": 25351, "total": 25398, "tests": 343859, "kept": 29948}
{"n": 10, "parents": 25361, "total": 25398, "tests": 343948, "kept": 29948}
{"n": 10, "parents": 25371, "total": 25398, "tests": 343950, "kept": 29948}
{"n": 10, "parents": 25381, "total": 25398, "tests": 344188, "kept": 29979}
{"n": 10, "parents": 25391, "total": 25398, "tests": 344202, "kept": 29979}
finished 10 {"25": 29144, "26": 828, "27": 7, "28": 0}
Complete ten-vertex catalogue saved for the targeted upper-bound audit.
