14885
3278
15253
14253
16697
18123
17035
540
18006
19169
6630
5539
780
553
9658
17542
17130
8609
8501
13494
15848
11114
11934
12922
19431
6675
2481
5157
18315
19788
8922
9306
3608
18286
13911
19326
13154
15690
19947
1293
8787
110
13219
7852
8680
5396
4351
9035
2607
5176
5200
13085
12043
4862
7034
19460
16352
18962
3023
14751
17306
12175
9339
3313
17096
7940
373
5977
13620
15309
1291
15910
16992
5147
17905
17482
15275
16538
6644
6087
7189
5920
6078
11081
5117
7801
1709
11789
10921
14808
15394
18846
19413
10918
8085
2409
10814
6219
13037
15068
19002
9006
15494
5455
13650
92
15881
6044
13345
17332
15070
542
17750
12763
17496
17568
9553
12003
18619
5358
505
13945
7565
12374
11960
14579
19750
19777
13223
19605
7903
2674
15470
5628
12993
3601
1172
8883
297
7708
6006
755
17851
3898
4166
12913
19427
12446
2407
4070
14962
1795
4941
5535
14043
8522
19705
14840
12643
3047
17660
5107
733
1378
3951
17258
12323
10211
11551
5090
3720
12786
19866
15255
1012
14573
4248
10478
16798
1394
5402
17138
8990
16797
1870
6945
17592
8667
8550
9670
5587
9618
19042
13853
11985
17079
17663
19188
4403
6402
1912
8017
4078
9168
17929
19004
15184
6050
7809
17011
12525
2169
729
14154
2146
19500
4974
11250
1558
7918
14938
5433
1782
12580
1860
14790
11762
3050
19867
12166
5738
1546
10882
13915
15208
17055
7946
5389
17615
621
4615
18601
13122
1011
11388
4793
11536
8553
14861
15499
16450
12219
80
17038
8512
3858
13024
18343
13850
15729
5545
9393
12701
7590
4410
7351
19380
12517
9254
17737
2213
9062
8136
12441
4247
7687
19952
5502
6750
19486
18409
14631
7154
3576
3623
18807
11030
4805
6258
4756
12345
17351
3923
1140
4942
18758
5809
2150
11338
8323
14818
9815
17218
3743
19071
5475
17718
14279
1946
17598
5592
7020
19748
13577
11427
6401
7582
10001
6069
3411
14584
2601
17659
6030
19090
10693
19600
11859
4387
11760
7690
10711
10540
3280
1629
2509
15765
1684
8686
8999
18385
16686
9056
16172
17310
6485
11339
16758
15314
4380
3636
16290
9114
11115
5416
15000
11894
5819
7076
13088
2520
18570
8718
13532
3206
14261
14639
658
3415
12397
6733
18055
16229
1862
10115
724
8902
3675
16327
14134
14739
6400
5659
18742
3024
11941
11443
2807
7387
7026
16782
16043
13760
11520
6140
12665
1889
14216
4983
7175
2698
11841
3976
16019
8421
2466
13211
13817
63
11172
17327
8910
3844
3104
5216
13255
14024
16377
4513
19936
4604
7015
10856
7392
19937
18275
16685
6104
11235
2061
2352
12273
15832
1760
10786
2217
3285
9507
19194
6935
11901
13368
16556
4477
18177
4832
5262
6901
4600
14278
10537
19344
6710
11767
14828
6106
17274
10689
4857
11119
1369
13546
12371
753
13477
3067
4884
13272
9851
12204
16984
16904
12286
9052
2313
989
13063
8166
16458
4474
2198
7341
12199
6883
16014
13222
2304
18597
12379
5878
3906
18797
701
6586
16497
11846
15093
10849
13685
6685
815
6768
7937
19556
5188
10791
10260
19123
4374
311
4903
3784
14596
15919
7753
12842
2753
12916
1734
771
8993
14847
19269
7585
1441
1260
9092
5872
1829
4288
4011
16871
567
4481
15029
18476
9205
3861
10961
2430
3886
6780
19308
1707
1679
18532
473
5353
1582
15239
19773
917
2081
15553
6608
11683
5209
14463
19915
17903
16573
6160
12801
2167
11735
18484
16501
13634
2480
2620
10007
12334
1425
14167
7642
13485
18018
17427
2692
16337
10975
12369
15493
2163
7812
4919
6737
4122
6058
9153
18513
403
1178
15727
4199
19222
16698
13185
4496
15318
3183
13039
8260
15346
17523
2214
8101
13421
1212
5373
11395
14064
18994
7330
3580
13194
14953
7567
8380
5237
16882
16432
12736
8138
19354
11400
17572
7418
5193
4450
7426
9531
10513
10035
16887
444
8678
18546
8971
18147
3230
360
8363
11049
19060
16132
18431
9690
2702
19514
17007
6648
4652
6695
5006
9252
980
11125
18536
4192
18568
16783
3803
7337
2936
779
1523
6344
18336
17984
6448
7511
9103
17697
16649
4540
3770
5753
2413
7115
10643
9744
5893
13192
2308
19963
19873
19157
2341
6653
7743
5372
12925
17558
280
9346
9619
6592
7677
11391
15929
17924
1473
7699
16946
10447
7132
16853
12874
2477
11086
7273
17902
17074
13876
5442
4673
13809
18056
19586
3295
18396
7054
15039
6782
5557
14693
14602
970
1411
18244
17182
11433
13772
1643
10792
3737
15479
19993
9882
4367
9677
12319
12977
15078
3517
18654
19343
13183
10182
14510
2924
8969
2154
9532
16256
17887
13055
7328
13815
15920
11233
5642
104
11834
9323
7947
18874
15
9197
7372
12532
10947
16953
14144
12833
958
14161
10092
9064
349
4982
6667
15193
18280
7280
4148
2052
5832
2295
9399
18173
19911
4936
4338
2385
5355
5406
5066
7732
18152
15917
2218
15392
10591
14023
2783
16235
18730
12576
12155
18064
11373
12061
18403
916
4575
11085
1507
11290
4045
18086
6555
6242
3529
18057
9341
16064
11191
15200
7632
13843
977
18549
236
18697
17585
12976
2199
4353
14109
9733
11375
7997
4616
5015
8984
731
13273
16086
3014
637
7928
16541
4546
1846
13336
16338
8950
17723
13342
8954
18358
6398
12692
16488
13591
4123
11830
1805
2772
7439
17633
12825
7343
5120
1061
8606
1370
19084
11018
17003
11072
16608
13275
6186
17505
10470
11655
6259
3954
10344
16336
4295
1008
3282
17343
16963
12437
18167
4524
16170
11109
7441
6562
3908
6196
11004
13729
19125
9145
4727
19074
8286
7017
2190
4549
5610
9970
19501
19920
10817
19206
9016
1427
18836
4186
677
8111
6554
7303
13483
9271
8386
7442
2264
13779
3702
4865
18958
18936
13470
9019
1403
7011
19805
6595
7772
5175
3154
19525
8198
18531
5632
10357
1227
10897
13475
19025
2955
9192
1810
4425
3992
11741
6462
4156
4255
19763
9736
17385
4740
9316
17453
2882
14357
2749
12943
9155
428
17210
16703
15512
15614
19769
8508
15778
7159
14687
7018
11531
13996
1628
3192
10112
12392
3491
11341
4899
13206
9152
1547
16077
12830
2127
10788
5646
8325
8246
4278
4947
12898
11296
10739
5702
10206
29
19290
9266
8629
16802
2384
15782
14344
10171
3931
17466
15353
9224
2132
3097
2124
2224
12241
6267
8891
17118
12253
8587
5609
12450
12952
13049
9982
14337
9519
3426
10140
8006
423
2007
19689
272
15874
13409
12957
8159
12220
7969
9034
14871
2363
7726
13678
5088
15805
19967
7676
3957
9468
1376
441
14534
2648
7044
1695
3956
18314
8947
15953
766
2611
8399
2610
7429
8793
10517
4191
17457
12835
4167
5949
12126
19232
827
9317
5487
3597
5936
16852
4359
9784
15310
6799
5889
8156
653
10385
11040
12981
12600
6509
15724
8517
1002
1214
18447
7492
14364
12356
17263
13043
11528
826
11642
4839
15550
4861
3626
15266
12243
8075
6735
9083
17129
8314
2553
4068
7436
3760
9122
4836
11381
5548
12575
6584
5450
11636
17728
19350
5602
13051
16858
18712
11772
5942
18222
14887
19217
17876
9949
547
13236
8649
10893
3460
648
17815
7707
18310
16845
4994
8328
196
7723
19738
9723
13308
406
15399
6465
4279
6338
6950
15632
1541
16487
13541
12819
5790
12228
12852
19260
3124
19027
15515
7284
5934
19949
15817
8194
10834
1491
17153
235
920
1885
3729
15026
1268
6770
16339
10926
13780
3333
7191
11680
8537
2378
10896
9523
10504
19904
9579
19043
11743
4460
14577
1511
8108
17235
16071
9292
1947
12337
2221
5924
11890
6622
3656
9754
5013
17152
17795
8403
1928
2270
4354
17116
6889
931
17604
2901
6864
5902
2786
8744
6491
3427
19974
18231
19209
6488
18709
9504
15725
5667
7514
13478
8887
2594
661
1884
1058
15131
1560
9667
5391
19838
2242
8655
18199
8972
15060
13683
4034
11594
8611
17444
5005
4640
2345
14111
6092
6190
1501
2185
16577
9781
19891
9870
1991
2808
17666
7544
4375
15290
12980
7834
6459
5684
10659
4372
14411
13810
12628
19922
1724
6208
10444
9657
11173
8039
12711
747
10455
9946
19707
17917
11849
16940
7366
16477
18081
4705
8143
4577
16512
12343
6475
12673
10485
836
6244
19831
7104
1307
11840
7737
3613
1110
1652
17248
14816
1725
9683
19977
2177
6982
322
6929
15149
11470
2583
5554
7323
8292
10285
14666
17540
8569
11092
8480
10650
9185
7902
10421
17998
19587
14512
44
11303
5443
15247
3958
3722
5714
15021
8964
632
11554
16075
19533
15971
9276
9730
8983
12247
6425
2748
15842
10010
15806
3974
9466
2518
6704
5201
4285
12526
16468
8189
1552
16193
6546
3640
18554
17369
17500
5908
17347
2922
17954
933
3955
16999
9237
9651
5213
15420
6642
17816
14721
17222
18454
12578
11426
14062
4596
12033
7358
12339
18607
3521
19914
7649
2857
16813
17774
5950
9945
6849
1785
18362
6203
384
13442
10225
16412
3019
3707
3139
16040
16219
1284
8259
325
14181
7086
4340
2799
9645
1391
17926
14182
14536
47
18428
9592
11378
1658
14843
6416
18605
3150
12756
14232
2364
1762
9131
3840
7249
14481
7094
3028
2970
18763
53
5770
17569
15844
1201
14373
9009
15516
16358
13836
10902
18282
713
1193
2293
4514
11610
5880
17639
11017
3338
19962
17692
13508
13822
14408
8355
3947
14438
16491
17398
10556
225
16390
4193
15591
835
7269
16114
15882
19035
4348
2707
8113
489
3129
10857
1612
14606
11033
19240
10163
15473
3965
872
13652
6637
5627
8229
7050
18092
3587
18058
19369
9909
4356
6154
17187
2937
14543
734
1278
10325
18591
9039
3057
19248
10420
4834
15474
17451
16438
9089
14736
8105
15164
10398
16324
9495
12710
7353
7606
581
7482
7959
2234
16714
1233
15478
8982
10920
6109
14601
1980
12988
18184
19457
13854
1718
11407
16169
9132
15526
7954
19142
15563
6530
19903
8863
17480
8591
6305
15652
7000
140
6480
12246
4521
7922
14309
3814
16528
3304
5082
2755
9330
16803
8808
15069
18557
16084
1882
130
3504
16983
12307
14912
14722
19991
8698
8852
12513
3919
8308
4808
7169
2859
4015
1410
18727
12647
12100
14155
5537
7043
5621
15397
12084
1253
9586
7700
15943
4197
3227
14923
6060
11469
11677
11566
10934
18930
14874
17454
18068
17946
5930
13761
232
15075
17437
16317
3661
7077
11411
1770
6351
12802
635
2360
11987
19150
9941
8277
91
16743
17901
13126
15607
456
13662
5164
7942
5810
1004
18188
12584
1787
19789
5956
11755
16965
2635
1812
4471
8004
6438
2551
7416
4864
9385
8047
1806
7898
11902
1616
6034
11532
18766
12690
16822
13110
2732
18825
13379
7553
12389
17160
3968
1608
12714
13981
5885
7257
6678
19184
12800
19958
8060
13364
1356
6979
5257
2746
12599
10030
9600
11691
12804
1945
18690
3169
17847
7491
15233
19859
13105
18416
2962
9181
2202
17388
1852
8632
12998
9460
2037
19965
3146
17761
19632
12477
13282
14964
19166
13136
12826
359
9785
6194
19982
5377
5243
11712
9045
13244
12482
1958
10486
17605
1811
16318
19023
469
3620
12405
8012
15169
281
13082
19312
10386
15969
4856
18008
14336
559
440
14553
5533
14936
12681
16574
7014
15064
1434
11548
12088
2092
6324
1492
3825
2521
8152
15082
13096
3744
15640
8822
15405
17121
17442
6880
9887
19846
11165
6674
14809
12063
7866
10518
9061
4384
136
14592
9094
2557
17044
15079
13011
10199
3360
7857
17755
19885
4337
1396
5779
10136
12115
2474
650
4501
8802
13700
9869
12194
11988
16257
8850
3078
3535
12495
17836
9202
11763
17748
6289
5608
5449
17023
1776
1330
19261
11739
7862
14978
9599
9615
7788
12744
15571
18964
19424
9604
471
17904
6627
4572
11596
10318
14115
1603
7388
3935
5084
17967
13925
8607
4975
19355
4685
15629
7911
12742
10668
3653
10450
3005
1158
11681
10114
1690
13369
6191
12117
18069
6342
13046
2057
9905
4491
8764
1675
19447
2939
5894
11282
14008
7844
6046
14600
11753
16285
18567
2621
13848
16676
13
18002
3624
9959
18865
6639
13873
19153
5804
4840
13440
3263
859
7378
16111
17161
19495
16578
11051
10981
4689
17483
8841
11198
5173
17436
18815
15173
7279
4984
7361
8645
19628
7312
1092
5916
3455
5923
11174
16368
11506
17213
13147
10742
11461
1044
15644
11592
13302
7037
10108
9593
16919
9002
5532
13446
1705
2211
3537
8336
10210
10995
11939
12677
16056
19680
11489
15771
9906
98
5285
8090
19286
1173
15572
4216
3586
5899
17828
19564
13378
550
18060
8768
10758
2162
8524
6290
4061
18541
17691
2893
2143
16020
7609
10850
16319
14640
4371
3511
17391
16915
15242
14859
19886
14473
13775
19692
6749
3055
16777
8754
7746
14005
9162
14452
18717
6254
18716
6049
3996
16967
14243
19644
14793
732
16652
11999
2681
11214
6386
6818
10894
1088
16307
5154
681
6514
160
572
1040
891
11140
15712
19882
13889
2015
11954
9164
5217
4691
7195
6165
15419
9888
4036
19670
7563
11675
12620
11574
5381
4517
13393
13174
16029
15730
2033
10391
4381
15477
15956
1357
1039
14914
15506
8374
3328
9622
19942
19880
16427
5559
10246
14972
4558
15684
12621
11951
18240
6424
13888
13585
19014
17215
1847
8045
15685
7805
19306
18525
673
4408
2846
5212
4780
10854
8825
8650
6075
1648
19241
16788
8305
10515
18325
1186
1535
13745
11956
18465
13538
12403
18933
2875
7198
12695
197
17460
18837
289
14322
15451
523
3741
15966
13071
4544
1500
2533
10727
2403
7456
15137
1127
13940
2459
7738
8335
7048
4930
4393
7200
1934
556
16439
5441
19320
17760
14541
11625
13971
18912
2374
3371
2896
7230
10337
1566
5185
19161
3255
15103
16399
2836
17768
15414
10237
11604
17308
9408
15937
7131
15469
11545
1532
9251
19710
17854
10186
9594
1374
18880
7798
3331
16831
12200
9227
15413
1898
8306
13900
11074
18210
16756
6216
1747
16833
12442
18024
1412
4702
7734
16467
6200
7196
12014
11725
9042
14260
1261
2055
18672
1093
18984
9981
1197
4799
6274
18659
19592
10613
4349
18031
14427
3815
18023
1993
3125
3380
6511
7671
4675
11207
7397
1554
3462
6961
1120
554
857
15196
18743
13635
12974
19544
17775
13693
10295
4235
16949
9157
10701
18971
17802
6571
16351
3686
19566
2452
10063
3676
12320
7350
5839
8466
3406
7636
6835
5759
2570
2502
19499
6066
6659
14010
13877
3261
3618
4987
13625
8491
14969
13139
18085
17512
17554
3355
1043
4376
18808
15367
1021
17799
9732
6394
13515
2301
3351
5222
12596
638
7749
1813
10060
2956
9679
683
5343
4801
13294
17276
5202
17221
11963
5561
4089
10023
18376
14486
18795
2036
3668
14222
5761
2770
15328
18928
9696
439
9245
13928
5830
15660
5591
1798
16125
13965
9743
8245
7597
15128
19568
107
5317
17985
13692
5991
5917
2155
12312
9240
18045
15962
11278
11898
19256
1814
19510
1032
13664
8833
1121
8936
1096
5025
203
1439
17224
13297
15753
18066
12764
7596
14719
9194
7344
10933
6669
12653
327
6976
11343
3659
14849
19292
2727
949
6736
14960
6287
3185
2468
13374
19236
1091
9176
9066
13019
11852
12416
16506
16534
2728
7495
2069
4825
11965
1143
4146
1930
10496
15562
5366
11234
2910
7744
8511
11737
9070
18363
16875
2510
11170
7719
13866
4207
12411
3533
11112
19041
11073
13128
147
7112
7747
31
353
5394
17827
6783
18802
3234
12360
5675
4389
9910
8013
17517
18237
12900
17339
19850
9983
17307
11529
18867
10417
1579
5459
12111
2157
16596
1564
18950
13514
2618
6781
603
10846
17551
13860
10533
12734
5324
1275
8843
18145
3258
15686
11650
5447
15168
511
17301
1525
16221
19410
6873
13034
11833
9964
14989
8296
19258
6429
11429
15483
871
9130
18217
261
5552
5589
1220
9236
4932
11482
17140
16987
19907
8404
9390
11151
3246
19024
8021
9418
13069
11241
5204
15271
8331
8940
5325
18954
14054
5049
15623
4852
1853
16278
43
7646
15287
18118
17657
5003
11309
788
19452
1637
8252
13608
13298
15852
13391
4845
16566
13249
3170
9774
5160
3196
1768
2432
19131
18558
13881
17443
14112
13997
7871
8535
12615
15201
16648
14156
3843
14392
16617
7274
12699
8339
11418
11836
7944
8991
3753
13271
3045
11157
15400
18586
4130
9028
8527
10993
4783
5780
11770
4566
12248
3671
6688
15647
7640
4654
14235
1719
3138
6482
10610
11260
3790
17830
13937
10073
8619
744
19036
17928
18765
9757
7932
18651
17120
2095
19536
9921
16874
12622
15402
13335
18851
4438
8823
12793
4196
18518
16757
14844
7685
19827
16643
18301
14610
11505
14376
9059
631
6202
15597
2954
4177
3277
15351
7859
4445
7967
2078
10729
8860
8643
16133
1499
16495
8694
10011
14162
2894
15014
16656
15535
8217
4001
18615
1988
4778
14187
4479
5941
12077
17062
15928
8942
18411
11990
4169
10841
7472
15238
11522
9304
19995
8763
17386
15177
6610
2969
19751
3354
3240
16637
15485
9029
10255
8441
16679
2589
13558
11501
7736
1515
2014
19927
11166
8172
11126
8197
2870
7938
17834
7089
11019
185
12720
15583
3465
5648
9281
569
14497
660
9562
19543
10568
7722
17346
6934
1494
19594
5639
9493
19663
277
5100
17971
9569
4917
5105
11058
2752
7314
4904
3523
3391
2576
8050
2263
8880
14863
5856
6291
16856
18843
13466
19218
15324
6074
18931
15476
4826
911
16200
10740
6495
10463
12598
4328
5092
13129
12499
2179
17999
684
3198
13197
17681
6292
14737
13010
17050
8451
15211
1115
9591
14206
14499
12296
4296
449
9641
7559
4725
12858
1062
9582
1185
18095
16593
10346
12614
12368
7421
17410
18021
11287
1845
8598
18875
4769
12883
9894
7883
14105
2117
18083
5681
3266
4920
4638
14329
7971
13914
7499
998
308
11488
6959
15320
7644
19443
2236
16729
900
8191
17353
10699
4208
16986
17070
18598
14823
16214
4710
2097
11732
19563
3368
5952
16638
8780
11586
966
14229
12496
14242
1721
3577
2805
9204
8626
13386
7235
8987
2335
1336
7443
13676
8697
6893
14137
17881
16373
9213
9464
6176
17352
10263
4243
16892
9150
16113
6970
13156
17154
8184
1294
119
17048
10403
14488
8620
11577
9957
9853
4770
11581
6832
7156
4781
2991
8593
1982
19489
19331
9603
6856
14726
8064
19807
4732
19393
17996
2596
14202
19647
10105
10904
10992
13708
212
545
12971
4453
17616
14690
18154
17278
12932
1152
7069
12130
11321
11639
7101
6121
17543
18529
16847
10754
8770
13320
14133
9395
4721
4132
12298
2203
12906
6052
9274
11616
9110
17272
6205
12880
7265
12125
3945
17108
14799
11783
9250
5789
15715
4275
2138
16212
3990
11167
9802
293
12541
11150
5067
9770
7843
8834
12619
3127
12407
7836
7799
14571
6493
7717
13709
19485
19528
18576
14136
8674
8274
12327
12269
4875
2210
16062
19453
18172
14501
8192
985
16384
1674
17638
17630
6817
919
3115
4097
13690
12466
13429
4346
18438
996
15598
7012
2183
8690
17358
6756
5897
16107
2227
14414
9478
3921
1973
2439
6706
9311
8406
11819
12683
2757
7242
18492
312
17295
6926
1298
8635
6882
15393
2740
7848
1977
3287
5983
1234
15020
12641
16144
10751
220
8061
3281
16985
226
12390
10222
6605
14320
4625
16818
15475
208
18848
19012
2733
5121
2941
16558
16199
16507
14048
11628
1031
12646
1116
19103
18706
8504
2383
16880
3401
5877
3706
12985
1844
7369
3568
10958
1802
11660
15985
5357
10266
19155
14331
12227
14217
16234
10598
2282
13218
5274
5024
10541
15077
2343
19073
4378
19661
8251
1106
12948
2953
18254
13352
12705
9432
14681
11316
4313
723
1789
14993
10806
12378
17240
12565
16502
18670
13135
8543
10594
10686
4668
2523
12150
18179
18960
17080
10234
5114
16584
18510
4613
17821
8076
18579
7445
9261
18000
19547
6790
7873
19398
6012
19698
4385
10053
16469
11358
15281
9057
2623
18946
9572
2054
9215
16298
18285
2176
18910
9763
14185
16734
9960
6313
4681
8794
7118
18805
2066
6239
8653
19957
14457
14930
13280
14436
14280
9012
9520
4366
12918
5801
13343
17420
2709
6375
14677
1030
6510
9430
10996
5494
7996
17497
13210
3489
13547
5817
14656
6992
5740
9988
7128
18487
1850
10662
17315
678
2351
15008
6907
5162
19263
9133
6665
9374
16016
10736
6100
19351
7998
6728
11190
13579
5687
11549
3081
1371
7654
12210
19944
1611
18783
12395
2246
6381
18227
5948
17372
14752
8261
7271
13594
3430
15010
17890
2656
13312
324
4280
2603
14815
9702
18342
6458
5110
14829
16924
10027
11330
3378
10425
13159
13032
15404
9331
4058
17499
3039
11553
1053
1851
8646
14209
11598
3443
16174
2767
16459
18063
16143
12851
5842
7107
2082
17867
5189
16810
3964
15025
5037
11509
9589
19726
13824
19669
10948
17653
2966
9217
11096
10375
4986
3711
7551
8544
9081
11935
14997
16947
1282
4997
9104
16159
3434
17607
16819
15664
1644
18979
3133
16306
13776
11808
17421
9105
5697
19015
6283
40
14616
102
12055
4814
8401
1803
6874
18630
10522
16749
5061
4188
12245
19278
11227
6093
2339
13631
11415
8857
12716
2718
13903
1514
13012
7120
11438
2841
7180
12258
3188
14384
17478
10281
7962
13315
16869
18485
8651
8870
11274
10457
19394
11896
194
8812
6752
19077
16786
12591
4131
3121
5585
9590
2791
1773
14250
16379
18243
9305
4037
4752
1818
17789
18259
5098
11640
8970
2524
6601
10396
3556
14163
15215
7935
18666
17817
11995
12753
11872
6353
3486
6249
2852
18750
13333
1289
17132
6281
1352
238
8566
4726
18577
9901
8585
3236
5549
2053
9260
2004
3191
12040
18496
3530
5517
13645
4238
17100
4087
1630
7411
953
16673
12609
16565
10361
8213
15538
15186
1250
13299
846
1077
15024
10232
13487
5383
11050
3393
551
16181
15053
2801
18038
17117
16599
17426
6255
3072
8142
14370
2672
2722
8827
16388
517
18151
17370
4103
14775
11100
17430
2684
18593
18817
16826
5509
19877
1948
5861
1176
5128
15071
651
3396
4929
15892
14474
1894
5900
7904
18351
1848
10146
5671
14710
7427
368
10851
4076
7520
11028
15385
9354
17859
19456
5805
14061
14564
15810
11983
2981
4788
15148
10592
4564
14807
1070
14138
2630
1819
11476
9573
14063
15809
11567
10170
784
15163
8389
5518
1372
5660
2450
8800
12625
1861
10779
6199
11402
15627
8429
3092
12730
11062
16178
9008
10005
18180
12468
11757
18704
9291
4720
2517
223
12412
15360
3738
14072
14526
12611
15263
16581
15559
9528
2406
4320
5293
476
5717
18614
13600
10019
6948
12239
11855
18548
111
9929
7776
18102
12956
1756
13065
9685
14651
6772
14852
10679
1937
6329
5411
17643
19519
15816
15577
12731
17565
14200
12238
16492
18839
1791
9712
5426
7992
11015
2193
7656
6103
11828
16179
9845
9805
7915
17417
16642
5788
4463
15487
12920
12717
6043
8154
6023
16841
18355
3849
19068
10467
5289
14396
10892
9256
4742
15120
16932
17110
17983
9917
1527
12355
7384
1448
1235
328
1738
13622
11102
15996
5890
14777
3066
7899
7634
541
14041
9548
4775
4206
14908
10811
5474
11817
8220
17377
13826
7702
17813
157
13425
13563
3922
4553
16602
5859
18886
14385
5638
9143
6048
6953
18569
3995
6061
85
7906
1596
12432
3398
15110
9097
1832
19300
18437
1280
12452
12041
645
580
17394
262
16069
11485
6886
10096
9293
16763
15831
2306
1536
4081
7810
883
7777
18200
5400
12278
5504
11093
14238
19100
6036
19677
10342
974
6487
9512
12028
9756
5769
19291
9172
9876
14208
6489
17068
9449
6748
1896
7355
11327
19629
10101
571
18153
18904
7881
13534
13401
14381
5566
18606
10293
15199
12573
12559
17049
18346
16045
2316
1710
4588
11920
1223
7479
17759
1890
8247
2815
9007
848
8735
17171
6501
316
1925
5207
11281
14504
3091
693
12953
16121
19862
3584
6471
12433
13007
15772
17206
12539
9692
4712
6744
11907
5624
15851
7001
13353
18131
4330
7095
10290
14231
16479
12026
12775
2469
14749
11239
4658
12250
17126
10735
18352
3841
14489
18111
16408
2348
4065
12547
16610
5813
2585
16161
11063
536
302
12876
17908
11038
19138
904
18778
3785
16119
215
9740
937
9813
7331
11560
2810
19709
522
16105
3747
10393
3751
18268
8396
4316
4664
430
7718
19684
5438
14251
7887
16653
8028
15994
15795
9828
18811
2042
14303
12338
18439
4309
4178
7641
4370
3761
9506
9766
5879
10476
15709
2768
1857
13112
617
13973
14907
4062
3135
15445
10510
9218
16304
18584
13705
18996
7505
6138
5419
10516
5940
2971
2267
19497
2608
18347
6779
10187
14985
921
1469
13740
18734
17849
18364
8502
11376
12097
3141
4373
13117
9794
10113
12366
18150
12427
10872
19007
12101
15862
13380
16348
16406
2803
6335
4688
15841
9074
14183
15717
11957
3413
9063
11337
2673
11396
14709
14409
16386
18475
8594
12735
19926
13814
7666
11145
5666
15209
1028
11690
17745
18462
13802
14343
5637
2457
19211
6596
2655
4940
14015
4901
3571
8447
11345
16820
1052
10411
7568
16765
304
12659
14558
15495
19868
9631
11498
18187
8739
18451
17787
9780
15814
16659
15284
10601
13983
19715
1429
16129
17729
7543
18299
11089
14413
4270
6198
13157
18951
16561
12434
10029
9182
13950
14873
16954
13064
398
3054
14981
11304
8980
14765
12503
9546
14177
14255
6447
18395
15205
15248
10133
14077
19721
17296
17772
10614
18640
1524
2588
14940
18273
5933
13142
10307
19615
15333
7968
13528
12094
15899
3272
7951
17705
7467
16128
12757
3943
11185
17683
7604
18161
9879
4466
15059
17487
16876
4218
6987
8298
1398
4766
5569
947
12176
13116
7665
9060
4263
17704
5633
2232
13233
13474
2542
16840
10615
17670
3337
7214
16145
16072
10479
7960
8268
15371
12174
16060
11916
11029
17414
16231
13537
5700
10370
3257
18065
6952
1329
13884
15745
3772
17169
16120
8275
15868
11453
6226
9027
13196
13784
2919
4958
18080
6767
9091
17019
1726
4699
17588
14230
11626
15578
19898
12951
643
2706
14853
11326
16431
11869
18262
10726
13607
7785
3000
14028
3796
15296
5167
5985
12975
534
189
8365
6759
16196
296
16448
9541
5572
4733
10269
12235
19945
12607
18414
10932
17228
8556
5672
15791
7880
18724
17026
12173
10762
3502
7664
5301
11984
16712
19839
414
18087
5163
15786
14798
6980
3854
12311
15104
17694
15231
10999
2833
211
2595
17784
11766
3622
1313
15187
4763
2777
14618
134
4869
8564
12424
3545
7678
12859
3805
1256
18112
9332
18938
14477
19229
10076
12058
1134
19861
17922
10052
13868
12213
13177
14074
7146
2487
16151
7261
19841
19939
19055
14791
12129
16629
14744
14122
10747
13595
12589
18148
4343
10756
14518
17376
728
131
11946
7192
11649
14019
17714
2895
10238
10530
16557
17474
9856
1575
13907
15551
8337
5875
17057
7084
15576
15903
19407
12216
15895
5914
19361
14763
16494
8774
16375
429
978
9682
10399
6802
4418
13644
3907
4286
1632
8945
9571
2387
8485
3847
4110
16825
1451
3471
1935
16597
3882
13189
8751
3966
1458
8756
602
8103
3207
15608
1723
3677
17434
8647
4724
17634
9216
3816
12420
14944
2714
2377
15628
11865
594
14295
14053
19550
1123
10233
15122
15031
18989
14538
14590
8398
17423
5873
18791
3658
4886
1355
8205
15636
1065
17823
7807
10911
8500
4225
14578
1587
2277
11734
7474
14513
3459
245
13783
11138
8575
10732
1528
4329
12738
3621
11354
7446
9026
7865
5957
14797
18578
1321
17181
12287
12315
8753
7297
15443
14286
981
19987
6570
2831
4240
5321
1296
17940
2134
7773
5689
6240
10716
2931
11080
1783
8216
6105
76
965
10625
8997
15613
8844
10208
7681
9489
2405
16091
2416
19776
11449
13486
3472
11685
7766
17618
10445
14121
19830
2918
722
12958
4703
12652
38
7882
6559
10155
9750
422
3017
13101
12524
2350
15855
5567
1919
11821
19618
9792
13962
2284
13009
6861
1903
3353
16363
9742
11589
3049
5031
11084
4448
4550
2778
3103
12297
6383
19268
19641
19052
4777
431
6974
17191
19289
11938
16902
12080
14568
7769
5834
3836
14248
908
18486
18195
11220
4686
410
16164
12847
7895
17173
13100
15967
17124
1452
6433
1735
2300
7204
18613
5300
18745
228
2274
8895
9123
5748
12134
16917
13240
19548
11508
15198
18097
7586
4088
4679
3801
14951
12875
2458
11882
13737
6071
13180
10304
4980
65
16912
10647
2666
4806
1337
7592
7414
2220
17422
14546
15875
14711
706
18128
12792
9711
2473
12752
18768
2837
16353
3063
12283
2184
16127
10801
9141
3837
9991
4693
18263
12879
17651
5253
13403
1826
5297
13124
16096
7217
2713
11563
7591
7828
18899
9526
15728
4935
9397
9925
6807
9502
19011
1199
6757
3128
782
3478
19713
8376
8049
9420
3627
671
3108
5498
2934
10490
17693
7302
19009
12856
19130
14876
9791
4250
17000
10184
3358
8057
4407
7501
4044
11101
3062
829
13107
3134
3374
5683
17340
5178
9139
13354
18448
7595
11921
207
113
13766
1379
8324
13548
6829
16425
81
12329
6280
5778
11884
1204
6578
11313
19852
16589
9892
3254
7621
445
5148
2390
5478
12508
19665
13482
15063
2704
6081
7394
1699
5970
14298
16088
9726
18553
6080
13498
10535
9545
5127
2071
8164
14369
5692
12223
10946
11475
12035
6629
1900
12816
2505
2139
3678
18562
1897
15126
4996
7980
8973
5218
18627
9138
1933
18527
3006
13471
4048
10793
5787
14046
17625
3168
16543
14812
8228
19325
11267
11136
11087
15100
7739
8212
18135
14514
4976
210
15006
8088
1035
16925
868
13072
17791
13269
5241
630
5867
15244
12069
3439
6038
16551
19992
7396
15540
6179
8885
9239
8759
793
13930
10865
13963
3296
16658
5973
67
9380
4535
14225
15465
8713
657
7789
6426
6544
10330
3303
6221
19908
10218
12843
7512
14785
15123
4047
17072
12186
13347
1669
12089
11152
12832
16314
5654
2187
520
6161
12777
17034
19432
14204
17016
13554
12712
16812
2773
16340
1231
6410
15256
14059
10252
5361
9347
15274
12215
6139
3878
2920
12230
4054
7203
11709
672
7025
16814
19712
10652
1574
10790
13469
1287
3432
8683
15307
14909
7072
5476
2283
17084
9208
4676
9646
1953
9693
3715
8687
12030
504
17211
12613
8137
13529
14622
14554
9071
5593
15689
17853
1999
13005
17104
17842
6294
9373
754
5010
2878
7316
9010
19392
11397
11969
2809
15407
968
12812
314
19101
2000
1423
10633
3904
3204
1219
15908
4486
5712
9889
8321
4457
18565
604
14091
4129
6247
16993
13972
9768
16034
18307
6243
14950
15411
3532
6567
16721
5331
17719
18812
11973
17490
3367
3476
6591
5435
405
10209
1634
15057
18556
3219
7570
1864
4556
14372
17123
562
879
16560
10704
15440
6928
19642
5220
11401
17054
17142
2286
7682
13941
14418
3395
11546
2200
16667
887
2112
15667
9054
17101
14234
19277
9327
12704
6026
10676
10683
16493
4125
6003
6387
1741
1727
3400
2559
13847
4072
1714
15161
10366
14345
15773
18972
14834
4120
3565
4241
15864
12284
8333
6580
6808
7850
714
11416
3118
6983
3727
11769
2482
8364
7272
12085
7234
19986
7250
17566
4704
19723
2013
15767
19948
5238
18692
11458
19093
6721
2994
918
12935
8638
15775
12103
18469
6409
8717
4160
13306
17770
16727
6067
5271
6773
16442
19154
5267
5993
12583
10446
16621
5206
10009
4571
5068
4530
18849
3654
2125
2558
1886
12021
15302
15032
10799
12990
13388
16374
3538
14956
14197
15707
438
5430
17808
19139
19332
3835
16240
2828
1259
16717
9814
5802
15105
3481
17504
9865
9350
16175
17839
12808
8436
7254
7669
18468
17593
1248
13966
4995
6220
19706
12586
11451
9025
19097
13956
5011
2825
9088
16595
11221
13500
3526
12698
15531
3301
969
18909
1996
15856
4236
14653
11271
3201
15871
2569
12645
5052
14891
14990
18459
15286
10176
18089
12249
18649
6143
12486
17378
8379
10660
5501
5980
17573
7466
7125
11758
331
10240
19584
11825
18333
3756
13587
13341
18497
7117
1365
7311
14658
17682
3731
12707
14076
16010
13781
15821
13431
10708
2787
409
15865
10919
12387
12091
109
10323
8589
17463
10219
15340
11731
99
10026
924
15305
10950
8479
13672
9893
3213
10527
11972
8872
15662
15507
1730
2965
2974
8988
14673
3493
19409
16140
11627
748
7099
4237
5466
17020
19311
5246
6978
11412
19900
5966
13443
9544
5606
16109
2952
7706
10432
10166
7092
1188
15185
17202
18281
5723
3157
2545
17001
11225
914
13372
9518
15294
1807
12083
3691
14312
16923
6326
14906
3490
17562
3082
9407
15968
11230
15459
8003
17493
9376
8994
8082
14638
2889
6870
17091
7558
15845
268
13666
5568
18754
9829
11572
14967
19964
15890
19299
5346
2938
10909
11210
10270
4648
2622
12326
3369
8897
12070
2591
5071
2916
12333
1147
591
18637
19322
1981
1754
12139
16821
3520
7613
19648
4452
12048
17732
4786
1941
19384
7715
6371
14552
2178
7787
12396
15092
7308
149
12409
10426
2120
13920
9650
16849
14655
708
9525
15604
2729
17447
3617
7800
3961
14429
7864
18319
16383
12147
18693
12029
7645
19837
2844
11578
15498
2141
17119
17900
18741
8943
16908
10544
15570
12114
4585
9416
7137
12267
7874
9096
17073
5490
8728
10818
9951
7698
13407
18134
10674
16671
7432
19892
2161
17331
7713
8565
10198
3927
10142
14016
11187
16711
11435
11978
19198
19607
4506
18191
16184
5868
8775
8612
14300
4610
4910
363
14302
14078
16962
1399
5519
5831
17648
6056
13703
5378
932
735
1565
3208
17155
18220
11436
11134
5656
7082
15749
2342
936
10639
19913
17519
10737
17288
12361
17344
11001
19205
14609
19152
6107
19395
5953
13731
6359
2988
10848
870
11026
15634
18241
10717
14500
14058
12497
9384
15280
8923
19668
19202
4531
7143
470
5674
13091
17243
2349
1481
5186
2216
1087
12108
4100
18327
18498
9005
1380
15338
16520
9638
11931
10860
19856
14453
4611
4968
13857
16094
16197
10472
691
11742
18991
1907
3468
5751
23
13296
746
9076
17042
19029
14264
7227
6388
2060
590
18375
10528
1833
11773
823
18390
6597
16636
17631
14466
5555
12558
8179
3200
16496
10223
18479
16611
14632
2337
12939
7239
6708
14247
5019
19816
9165
4750
8482
5181
492
12031
11673
690
6660
9353
15109
16260
19671
18838
9231
19643
18840
6091
1692
19216
4266
19742
7768
4067
13821
6039
3914
11877
14789
10459
10134
11111
17345
8416
13568
19493
10094
19249
97
1068
4171
1837
14888
7010
3366
19329
6703
5283
375
5333
12593
4579
350
6995
7266
18784
11886
10132
2872
3508
73
760
16600
7049
19466
5701
8584
4988
8174
5522
18458
16008
19118
14196
12947
7778
8790
19237
14073
8322
13114
14768
6958
17195
4093
11186
62
7458
17963
7831
8927
17198
509
8721
1913
11014
17609
781
930
6548
4390
14282
18043
18004
17336
17614
13637
964
11237
3783
11944
9799
7424
13609
3242
5064
818
480
14365
7780
14620
11196
17871
17241
16272
6440
9473
18866
3779
8914
8038
1003
13150
10748
3098
13385
10389
15375
3988
13539
13422
16301
16277
5898
8523
13171
9456
12431
437
12457
5032
16253
1954
12904
6019
8654
8896
18164
18294
3002
6319
7808
17873
14153
7755
13632
3699
4603
1025
3994
9840
1056
15228
1395
17373
6004
8300
2885
1923
14090
18762
6561
15409
10162
11806
18908
10580
3773
11982
11590
12352
12167
95
13611
1314
17292
10379
8127
9613
905
18833
9349
14406
17721
2160
18093
337
222
7580
12693
7346
16147
8180
11016
13334
4641
4483
2235
14108
17969
11669
10582
16955
5409
5055
8139
1720
18248
1095
7588
8157
832
17947
8053
19339
6223
11179
8708
5235
1614
11541
1326
8941
13752
8712
16334
8709
14213
3541
15955
2683
19181
17192
13253
12515
4400
9222
17411
9238
6890
6173
13901
15497
1744
1226
6693
17509
19387
17725
11070
17168
14149
19504
15826
8170
5752
19990
16794
5855
2009
3917
13492
13121
452
3853
15136
9275
4435
18052
17623
19530
16294
18855
1338
17250
8287
15754
1927
19096
16085
6789
3688
9214
204
6985
15653
13670
14132
950
5581
12862
8707
18234
16419
1239
18898
10941
19086
770
16401
4863
4281
7651
18168
11350
12798
4419
16216
11759
13570
15769
14033
2219
3797
8167
4121
2140
13459
19353
427
25
1385
9342
1748
18070
11031
12001
19340
19678
9253
13111
12263
2044
5440
18665
3307
12869
1522
4355
2074
14724
10380
8917
867
16302
5350
7535
3335
15301
7408
11913
14707
2642
4959
2237
3883
13513
8551
4590
13310
11323
1141
19204
4957
5798
3635
348
18410
19151
3916
10289
12759
18523
5727
9628
3421
13869
2296
13995
5260
8889
17861
15616
15646
7307
365
16790
5918
10224
9841
5245
18140
12549
13702
10051
18719
16866
19912
12506
18170
13593
16922
16964
2758
2079
10825
14470
8520
7149
18144
13982
15569
7818
7167
10373
2972
15433
4661
19581
3466
6925
7675
13344
7934
19478
3461
9648
7097
694
3096
15204
15521
94
19951
16357
16699
13186
3189
10008
16654
17654
15426
6632
12588
11803
10605
5558
6490
16437
4007
19702
11007
3194
8785
13524
2256
502
12770
922
1362
1175
6185
10973
16157
5776
358
4913
16961
14988
17200
7006
3998
8670
6898
7157
2834
6157
13191
10189
16451
11075
14201
4451
6938
16333
2806
15545
9451
12523
5757
1663
16241
8348
6806
11860
12999
3237
5976
10257
4650
10895
975
2985
178
13728
1825
15051
14014
19318
14679
17450
1113
7209
7803
19766
14866
9258
623
6452
17624
5694
15987
8963
3723
7889
18368
14237
13288
9746
2389
2693
5910
16395
14503
148
16280
15260
19825
19512
18775
2215
13792
5183
8985
9678
6973
13078
18828
11940
9608
16155
5958
6881
298
17098
9377
979
6723
13711
10661
16209
1743
13531
8255
17311
17223
18445
4232
4906
14680
8559
16548
3297
7109
12052
814
19897
12423
18502
18270
13437
6969
18100
13975
7238
8120
13170
7667
7228
7256
16824
5028
7515
11146
14946
12983
15438
10253
15074
6625
12915
17526
12732
7374
397
17303
8005
11123
8176
6273
5580
5454
9402
11384
1659
19117
13629
4952
16861
16185
10006
6795
15282
11585
16669
15138
2255
12500
7933
14998
8519
3984
12581
16262
16270
4495
4946
4739
6468
15225
10013
9482
1549
14100
5716
180
13441
1655
6680
762
4032
2136
19304
6547
11228
5826
13671
19719
9581
9285
14838
11263
13358
12276
255
3441
18001
10929
5314
939
13623
10419
1503
13617
14442
7185
1979
12463
1990
15633
6553
18340
11131
4128
16006
12950
10937
15747
1533
4867
16531
16838
2508
8890
13404
14026
18887
15520
6801
17539
15789
17286
19006
8924
1788
3746
2830
17025
14557
2771
1404
8032
13394
17906
16601
3027
4024
12626
15339
4505
7483
3778
8282
5641
749
11306
108
6331
6421
16303
730
6217
16735
18391
14446
13445
11927
12321
13276
5711
4075
527
5828
7296
7663
6682
6777
17826
13447
5733
19795
12540
11177
529
2789
19070
5792
9931
8384
8144
17587
19383
5982
13858
17575
14030
13284
17495
18192
9179
12527
11420
1667
11056
2959
5620
4485
18691
5647
1358
1436
162
14383
7267
13921
10443
16715
1867
4084
11459
19022
2645
10589
5597
14718
14195
6385
1367
18494
15080
18533
10722
12912
19195
10796
7253
11613
7761
18139
5630
13770
11847
2460
4609
6184
14205
251
7213
9891
5244
6163
9312
2891
7829
7386
7252
12671
18937
13417
10151
6593
11831
18373
5896
14325
2860
2861
5258
12965
1446
16682
7659
3051
10831
9878
10464
3739
4523
14830
4620
1373
6506
15582
8521
4753
6027
3789
4758
6862
15936
3718
7888
11702
17209
1474
18460
12666
2695
5909
12850
5174
11463
18626
8888
4500
9795
9561
5365
12791
8641
13917
12640
15043
13044
6986
13599
17455
12727
39
15923
6463
19802
10174
16746
19890
11021
8657
7576
1568
4669
9559
10953
10226
15132
18389
10427
5479
13667
15170
5919
16215
17945
18957
3342
3757
3652
16618
13516
1839
13794
3306
514
13381
1766
10244
5750
10670
3497
15013
3160
18514
4482
15658
1698
16968
16422
8493
3852
11188
9797
12006
12743
17406
2776
12142
3888
19092
12741
6376
1218
10093
11788
12563
3223
10923
17687
13247
15534
2252
3010
11159
7207
4251
2958
2641
12782
12962
19634
11631
17212
7255
11928
16969
1849
17965
8071
3215
3780
18685
7842
19342
6590
16604
12347
3004
3799
13811
14174
644
17014
8067
10148
1063
6295
5190
3487
9974
13721
13414
1700
16542
19317
5053
9223
4874
2572
12582
11692
13935
8529
6520
13899
5472
16057
4822
7181
18642
4300
14924
16282
8819
8313
10356
16041
8662
14065
13673
18700
19764
16194
10125
15606
5863
4589
17699
2212
2639
12610
1200
13252
10835
11534
6824
2539
1045
14180
10651
4499
9883
5570
7872
14467
4978
11654
14532
14565
9459
1187
17838
11908
14290
3793
7454
19853
16570
18378
19598
14882
8146
1400
15121
13365
17649
15207
3383
16948
3409
8128
3606
10144
5083
3424
7546
3059
4379
11933
15422
17561
14702
9530
1249
9500
3938
11467
19078
2998
8928
9082
10460
16933
3390
11761
503
2978
16592
5523
14223
8568
18687
4422
17582
9471
15125
865
2174
5892
3363
8250
1470
4643
11430
2484
17317
901
2876
18207
17907
15645
9554
2853
16382
4731
15098
16252
5380
13499
4152
17189
3145
6224
16407
3830
19067
10067
17231
5972
3137
633
4405
10083
7224
7268
9674
6263
165
17313
14437
1210
11856
11465
17299
5085
1538
1906
3558
16004
19464
7211
15671
12116
17145
1050
11240
18985
16025
13796
15312
18049
18433
4533
7653
16791
13267
5018
17912
16136
5698
13215
1493
16472
2464
14831
15213
7129
14605
6210
11362
2604
13331
10278
16620
14184
2866
2682
17150
4027
7868
3638
4520
3016
18860
2355
18767
4582
1985
10596
18444
4570
2925
16090
18581
3977
17032
17291
18850
19860
175
4914
16011
1154
6141
5836
13481
8859
18756
19803
1605
17076
9596
15981
11638
14143
14116
5020
13384
5595
106
11635
6739
11189
4149
18062
16960
7334
1955
2145
464
14986
8636
525
3777
5762
15529
15130
170
11620
9166
7819
400
4277
4827
10672
11280
18684
17892
9540
8187
15546
13390
3370
18344
5611
4252
1916
9673
17980
13989
6711
17128
8507
17156
7197
17749
8965
10969
19491
510
16988
17785
6845
18826
6222
6318
899
6164
15359
18772
2660
819
6914
3437
11478
18508
5431
6000
8468
15912
13949
19008
16705
9137
6855
5057
4107
2544
13166
9195
16315
10636
7093
4071
1520
10546
6011
4892
14259
9212
8776
18798
18096
19824
9896
6803
16150
4219
5056
11137
11507
18216
5132
3633
10273
5891
8578
2697
9513
1489
14047
12095
18106
1495
862
10049
4090
9348
15327
12672
1918
19938
17877
7602
6467
6823
8855
7383
17148
9783
16480
10099
11094
8821
539
13833
5988
13598
12766
5151
9046
18470
7692
3425
3674
14378
12806
8960
2204
16233
3029
9933
1642
9514
1456
7767
9567
8515
16804
9425
798
15434
18196
19324
2923
13291
1476
7566
14517
2644
8272
16827
13659
14311
16632
4190
5133
10649
14697
7428
14166
10192
17326
3972
17997
12177
16883
11156
15458
16350
12633
7552
652
16142
10775
15915
5739
9235
1317
5390
6885
5851
18296
7814
13748
1752
7990
18214
967
8912
16482
10805
10423
14966
6863
15212
4672
17508
2967
9364
14173
3952
15500
7538
3758
14068
19416
3749
15859
10173
16725
15672
167
3663
13451
19814
7349
16540
9656
5954
4315
15548
17147
18429
8122
19059
8439
8434
15195
13329
1961
176
19673
1740
5803
2862
8027
17056
4955
9462
16103
18292
4358
3632
12268
15197
3939
12346
19426
563
9722
12383
10394
4334
17782
15857
8074
4973
6
12301
13771
13418
11106
5960
18617
8538
16500
14750
4476
11917
12017
17309
3516
3821
16360
12162
4194
14692
16622
3438
9419
639
6618
19811
11045
2947
7005
13330
15793
14498
2324
1419
4998
15334
1742
7329
13829
16391
19961
5149
14339
12841
17590
15668
14523
19428
6709
19752
19266
10103
7153
16860
8171
1182
17559
10873
8320
8560
8673
6434
14245
1592
16668
19906
10494
19192
5223
10395
11867
8490
8815
7340
4682
9911
15624
16316
17778
17300
11223
12877
8303
7964
18466
17570
13618
5424
9467
6481
8422
3326
10907
11421
19583
10217
558
7765
8765
993
1997
16509
17226
19978
1283
1590
14210
11858
1831
3339
9885
19272
7212
9765
1360
13021
7040
386
6014
13427
8481
1578
5097
7133
18884
17777
13742
10491
14860
16436
17950
12708
17006
5058
12222
8892
12570
3557
14561
13727
13964
14333
8862
12755
9558
3109
13968
6380
8202
5112
8133
15752
14730
5250
24
18753
6827
667
18739
8316
7856
19069
18053
15983
17601
16409
52
1764
12090
18819
14218
13468
8130
4326
18042
6310
7183
19357
4440
237
20
2563
12911
9706
14487
1161
6068
4854
11887
5564
1739
16083
11365
16356
12342
8390
6877
1243
15295
12718
1731
10458
1133
12456
15245
2887
18012
18501
14884
9455
8182
11389
11570
14458
15687
2147
12729
4534
6746
7322
3981
13929
19347
15843
19558
7822
18820
8614
7806
11013
10884
9394
13439
8938
831
14762
18635
17756
14948
19733
18311
14740
17064
8099
11516
6460
15802
12462
15706
17458
8029
17166
7643
13436
11406
10889
18715
11224
17837
16590
4271
15997
3944
7989
9255
986
3316
12733
11265
12372
17689
14291
6792
8226
10440
18284
19110
3232
7430
18361
9778
10830
5603
18472
15999
7090
7770
14415
419
7824
6149
12774
6609
5232
8571
17766
15003
2902
16862
15355
10305
7956
487
10718
6989
1915
1647
18206
7600
13750
7756
14943
17637
14995
7164
16456
6714
7639
5835
8097
10045
187
11206
584
14461
2289
8435
9263
15973
6443
9015
11595
11352
15688
8702
15230
13423
18841
10236
4502
7931
14562
12820
15781
531
16914
19851
18993
8975
5758
12373
15779
4179
4284
6360
2258
16750
16485
10764
13242
3323
8856
649
14088
9965
9337
5588
2942
16049
18010
3698
19640
675
15641
14544
7751
499
13002
5640
1878
424
13630
15466
14301
18804
9968
11331
19411
7
7019
17170
1442
8102
19120
11694
957
16991
10033
16547
9359
12079
13054
6496
12737
11130
13698
16187
17757
4602
3300
18113
4444
5542
16680
16613
18918
12502
17280
15133
243
13104
2840
18550
14483
9361
10353
7730
9492
9547
9687
5709
15380
1229
6230
8685
5420
15396
618
16331
12907
19879
19498
8545
12899
448
6449
4119
2917
1350
14612
16977
1388
14663
15067
19696
14819
4746
205
6908
12328
2606
2979
14742
9939
17029
17546
4462
10665
10886
9269
5421
14947
16930
9257
6647
2573
18267
9788
7966
3755
19940
11924
7373
14448
10523
8400
12118
15984
16615
16981
345
13395
12924
2504
3387
18902
2302
7409
6334
14767
19621
8613
11854
15417
8757
9665
7679
433
18104
318
6696
15750
4126
5499
6761
13602
3823
10415
11122
17067
3044
15588
11340
2166
17319
3143
13290
8599
19931
15705
4627
2445
15446
18291
9643
4493
4424
6403
1361
12700
8391
11608
13045
16074
10640
15272
19128
6775
16330
9022
3734
8022
10778
2665
17066
2171
1909
4222
3693
19836
16028
1310
14971
3318
18612
19143
5560
17461
2993
10181
16690
13736
14769
11701
4154
9511
13328
15869
14910
5768
2110
4053
16980
14648
19033
6828
1049
12485
15181
15720
18773
2087
6174
8484
11527
3829
5767
12240
5000
16533
15270
11393
15800
8704
6218
876
1460
1089
9270
3807
18641
16313
1179
17479
14931
7527
2399
11351
11861
13704
2628
6762
5635
14771
2494
19842
5965
17294
15366
5415
16063
13571
466
19372
11535
5728
13804
4202
725
10046
5999
4026
9457
15555
14382
8023
18857
6793
16275
12413
9707
4395
13960
17141
13763
11099
4456
5553
6384
15425
3598
16644
1384
6455
11046
11864
8117
8876
3315
1316
2446
516
186
16265
9902
711
11929
19145
15942
14588
8134
676
5231
5414
1194
93
18831
3982
11530
5320
17298
8726
4368
18603
2340
13799
10324
16921
5054
16048
13387
6042
18966
13134
198
9437
3031
8796
11248
14491
5385
16997
14249
7079
6035
2030
12152
6136
2756
12848
8072
12306
13040
14400
8905
18829
18682
6558
8576
9388
8779
16966
7886
11568
5573
11273
3116
13813
15603
9075
6064
16628
399
15441
6566
2935
19358
875
12537
13723
2330
5118
9429
16759
5116
8514
16808
346
18799
380
4223
13789
9786
9439
17185
7150
6441
18181
8955
5854
9187
5978
8881
1103
570
10531
9725
3247
12696
2312
513
4684
12141
10803
7790
7401
2548
12271
14635
10231
8454
18563
9362
11967
10734
17872
3510
8367
8195
1130
8956
8760
14621
421
19979
9313
17672
14613
19552
6676
10869
2999
9169
4369
14902
1190
13277
17700
19619
10383
16312
17103
4018
19591
850
2774
12910
18365
7936
9438
2492
11477
8608
17341
10056
7497
7071
1983
3503
18329
17944
14189
4591
4489
19612
12934
10960
7368
2311
537
5401
7333
5228
14715
8476
5463
11090
6374
14759
2305
4409
17144
2775
9229
11054
2609
17514
18193
15227
3588
18456
9472
2711
8295
16264
15011
18155
806
12036
3268
5796
120
16149
6603
9741
13893
1304
2835
3302
15490
2451
1148
778
10879
16982
10239
112
707
16510
6576
8630
7188
3604
4605
19187
4136
9943
16751
15532
12668
18421
18602
17506
7260
10621
17201
6922
9729
14548
11229
16709
2854
10384
4173
10773
6098
8531
14017
18366
9442
3429
11473
2832
2223
14937
2422
8959
10283
16171
18014
1024
14792
6924
19623
7629
3018
11989
13229
4511
4294
3251
10573
11076
14327
1625
15390
16641
9219
7876
3973
11558
10842
18535
16098
1241
19388
7360
8464
6271
14824
7395
6857
14265
7141
3525
11006
18720
18689
7758
3419
1203
17677
8329
10282
9672
18969
14991
7929
14968
524
14537
1482
11133
17367
15504
10721
4233
6321
1432
16795
1771
3527
19423
5363
10620
15718
3804
6519
4555
11374
5686
9826
17175
10317
18834
15930
12917
10471
18813
1340
17082
8087
19616
4647
9649
4488
13993
1335
14211
7908
14676
15948
12554
1559
7116
3505
7021
7258
4183
7795
13450
13424
18265
4632
9154
3634
6188
16959
14262
10193
18890
16695
9017
4454
16156
19603
9073
8360
4490
3534
16053
6112
7616
3649
1366
18618
19365
2892
10250
9776
12577
3210
12159
16766
18473
16979
14425
14913
3971
14052
12034
10256
18656
12739
19089
15990
11175
8083
8861
15934
15150
4139
2028
11180
12662
18022
10410
18215
8746
12146
1109
8310
9598
2353
17127
13864
8705
10770
6531
15949
16239
14000
19076
4012
5876
5029
7448
83
2498
9450
8266
13757
4073
8114
3193
12484
11573
16539
12393
10003
8473
6804
12857
19251
2578
10082
14377
726
461
7901
6415
508
8248
11446
1472
3925
11366
5815
1195
90
10963
17356
6418
16634
16441
12201
8034
12274
5161
3872
2001
11213
6129
17438
1418
11082
8443
9928
7379
18842
7028
5379
9927
12193
15738
2372
2107
11786
3891
18232
16657
10602
17413
15019
143
15509
6672
4413
3332
11897
16411
13830
14672
906
6408
14957
14599
17389
15954
608
16225
5131
16202
5955
9759
12317
15377
11823
15585
738
5256
16607
15175
5529
2983
11486
16429
1506
10821
9609
19250
17149
8939
6505
15432
11870
15804
8952
13641
8904
3856
1677
7223
19095
5311
4324
8237
18580
19226
12749
18124
14747
6357
5180
8570
19276
11621
7024
11249
14589
7068
5551
14293
13377
5203
13687
3610
6732
17354
14890
3480
17584
7382
2080
18295
5074
19905
5959
18725
7371
10024
8240
2863
16490
5662
9124
6872
18859
15337
16246
11368
9446
17393
501
11144
7900
9985
15349
15214
7594
619
507
15267
18303
19722
11091
19374
6162
5871
15072
13846
1661
11346
12024
426
7571
12478
11781
4029
6657
15364
19429
11710
2792
1518
3418
1842
11693
16937
164
18733
14591
16176
3506
19638
2625
11510
12000
10901
9998
13741
4049
13239
4050
16830
4427
17762
11550
12467
5619
13922
18520
5947
2094
6931
4687
8666
15036
12837
18673
18889
9810
14140
1822
14404
1712
14246
773
7438
3869
15850
5766
12349
12979
17122
2691
16405
14645
741
9938
6707
4623
14490
6899
379
2370
6306
4063
17841
17325
5797
10765
15303
2043
7955
15989
13099
17933
6867
10783
6479
9652
11782
13642
14641
19578
16232
13883
11679
2855
5338
3166
6124
6108
9688
8840
8052
17348
9049
803
18017
18256
1202
1599
18830
16630
4312
9655
1459
5034
4670
1111
9
1101
1598
12300
3181
17594
12602
10086
9461
329
13942
19894
18872
17915
4843
17734
11158
36
13408
14172
6009
2913
7975
13967
15939
1794
5811
5486
9971
13444
18854
18353
13793
19798
11992
10204
11881
19465
1728
12579
18483
5021
17290
14755
8811
586
4956
18634
16521
3911
18384
3547
18298
6990
1059
3889
2281
17516
8561
10247
6356
16944
17527
19736
18133
15321
1271
15579
13224
4153
10870
5079
13432
485
14169
10576
11500
6171
8730
11980
15016
17962
17914
19996
15721
11955
11612
15408
5691
8140
17952
14570
14803
168
13067
17328
19654
9371
8407
17560
5688
2208
18007
1167
17053
9839
9232
11483
18718
15619
3346
1639
14864
16466
8353
10468
3292
16800
783
19597
18400
3225
6998
8842
15797
2541
14032
15528
10862
9854
19918
10309
1034
1873
2478
17047
1932
546
6972
5033
12102
1737
5119
8695
9333
6702
8307
5756
4713
8284
8592
5165
1509
17097
6852
11588
13318
12060
17257
4738
3839
6575
1274
2023
3721
19771
18923
6731
18359
16365
2130
4765
9886
2680
453
11147
11674
19970
12679
11392
11010
4262
11943
5485
14335
18965
925
13657
11360
9479
11288
3275
17578
2677
18575
9282
4108
8532
17803
17131
14593
4945
18228
16850
16498
13734
13661
3040
14542
17552
6153
1129
11059
6634
2535
13984
18997
12206
10700
9963
716
8418
173
12521
19762
9421
2765
7233
10655
14582
2747
526
18748
17738
18621
4900
13020
14725
6297
16309
18879
9962
14700
13375
10565
13003
8361
16198
13552
9836
12632
14097
13149
3559
10147
5251
17779
4891
12854
19231
1687
5102
11914
3986
2048
10559
18218
9106
3270
8372
7564
610
19379
11747
18354
18968
18740
10074
13738
18477
9309
4907
219
16378
4889
18683
5511
3399
3220
18924
1881
3802
10859
12399
11324
16508
7984
8035
5704
9843
14191
8489
16523
16938
17267
5497
19946
13714
3009
16515
6944
27
9406
3407
5089
15379
2229
7710
9400
8675
5720
15838
7815
7994
17814
9560
13586
666
10433
11826
7557
7987
3928
13411
4098
14595
10585
15226
15970
13382
4851
5308
19303
8791
7413
3428
13160
13041
13697
16445
14035
14695
10706
18382
6016
6345
10195
41
15101
4656
14773
3873
19252
6152
12805
10702
3317
10306
5004
12566
4352
14328
1422
7741
13785
19003
3765
19115
7920
7450
5543
12354
9167
191
15760
18988
18482
19575
18372
16141
86
4729
5764
2151
16878
7791
8288
19682
2577
19756
10039
17364
2241
14686
19529
19106
7102
12510
17897
11215
1408
6918
1585
15523
13855
11182
3500
6940
8669
10557
7259
19440
3488
5429
2975
16720
1871
6232
8958
11979
18616
8256
5510
10548
11838
8628
15714
9895
1424
16767
4667
6094
13361
16236
1079
1817
7480
19843
1263
11083
679
6073
13098
5336
10587
9731
10390
16898
273
9811
2076
10782
11385
8126
16148
6994
15416
9184
10890
4581
14330
9669
2414
7193
10213
15370
6262
14081
18339
6020
5344
13413
10955
7453
9584
15885
19817
10382
11791
15158
10043
9557
3470
14787
9623
19040
8676
8734
19203
18648
17008
15887
2963
3291
18932
14624
17600
7315
15424
601
89
17063
2027
5715
6643
3515
5316
7611
19450
2288
9846
19062
18982
11124
1680
17485
1531
16381
12179
19417
8058
8696
13744
13999
7541
10618
9401
17647
13287
12184
2513
10066
15600
17537
12016
5601
4264
8906
4709
18785
6786
17891
17858
16672
549
18583
19490
14660
18701
3680
1858
13719
19779
14854
13068
4432
10461
12382
17375
16934
1099
4204
9038
6887
17151
4962
16591
10826
2643
16587
7136
17776
18845
17932
10804
15655
7816
16124
14949
11128
6888
16287
9918
14128
18868
10054
10617
19176
13933
14391
2248
7463
7354
5629
16131
8207
12655
10456
6677
7400
9338
18236
11687
3087
821
14435
10367
11161
1457
11645
19439
8425
17646
6539
596
479
10757
8783
5169
6843
12208
16907
10161
10202
4401
807
1920
8486
11425
12444
12470
15005
14398
7460
3822
19796
10158
19430
15444
19660
16936
1673
662
14630
11404
11579
599
11790
942
2737
8693
18711
5296
8086
1959
13402
9343
12654
14731
17896
16662
7145
1512
4137
17884
3345
1242
6583
17400
1217
838
8546
7166
12172
9823
14412
1097
2536
15505
4895
9196
2266
3550
17232
18892
2739
4503
8547
8579
9659
16678
13977
9030
7433
3088
5122
17365
19214
498
641
15293
8722
15468
4882
6293
6654
14270
60
14083
3348
17167
18457
18379
4245
7451
13238
7399
17180
3197
6816
6059
8640
2982
12995
18786
14867
156
17255
490
10777
19870
13066
2650
889
12560
12447
14813
19909
17111
7550
14219
14158
1640
19081
13097
2404
9398
12697
16335
6472
3467
1940
10154
13266
8747
19943
2819
5906
17114
17002
10579
11730
7838
5427
5772
18542
794
19596
668
17395
6017
9174
11424
825
13544
2461
8586
4201
15316
10406
2435
5538
10438
5799
8701
5775
132
6365
3712
15902
6691
4908
1051
1443
16204
19051
5895
7917
15719
10405
12160
12747
13187
4345
8227
6587
122
5305
7740
3319
8816
5453
17990
12181
18252
14086
5925
9904
14233
12789
14268
18138
16465
9663
14244
8432
16519
7318
6645
16218
10435
2485
16792
1467
4961
9301
14009
14502
2543
2148
11055
16897
9790
269
15155
16367
10979
11682
12023
10985
5104
6268
288
5339
14274
8968
7750
11949
7620
13250
11269
16516
17720
4598
16481
10340
12836
2421
15027
17163
8452
305
13392
10623
16769
2089
1180
17085
14781
16435
3454
5745
14431
5631
6902
8231
16273
6348
14872
10048
1553
12518
206
12933
7262
5904
10453
18947
9625
17246
11661
4923
18980
16927
17629
14732
9178
10810
19636
9969
11777
5784
15739
8040
11800
12815
2754
3781
19716
881
7867
12435
9758
7300
6369
4844
9037
7513
3967
16416
19758
15357
19588
16971
2723
1840
17730
3175
6477
10109
11641
5530
13841
16666
1128
5821
8492
15565
16504
16116
15341
14858
10891
15388
4162
6758
9171
18025
19745
2587
1989
14455
10414
13314
13476
12232
3647
11707
8257
19881
4168
10031
7830
14522
472
9897
7033
11862
4846
10694
14422
4473
4794
2735
1244
19801
8424
8989
5791
9079
15017
13717
11153
6868
6083
6483
18226
17650
17242
4318
14150
4592
948
2708
7993
13896
10371
742
2668
573
2088
1875
14272
4697
7506
6833
15807
15395
9950
12706
14999
19761
7127
2987
11314
9735
11771
3846
17790
266
4261
6871
13828
14922
9873
7294
19690
7440
10839
2761
13175
16295
842
15147
14266
342
5039
7502
7783
16793
11866
3120
2123
8000
12931
12878
14080
15835
4200
16738
3030
5546
3695
17494
8900
5614
14810
11437
16210
6492
5841
12123
13871
11583
3037
2356
9954
10481
8096
12107
17178
992
3107
13696
13209
17535
13087
10986
12341
19227
928
10868
18250
17321
17695
1543
1364
19515
17794
11139
18122
6147
5612
4242
6446
3436
8557
16417
3294
8672
17093
18777
12044
9411
8961
12348
12136
6119
6526
6718
19406
14135
15240
9189
12469
13525
10207
17888
13526
16614
5992
17207
13479
15884
3596
6738
17923
8408
4990
10586
1761
704
7742
13580
4114
17563
18098
18407
6377
18713
983
9378
15675
7452
1477
17503
14520
5903
19475
7080
1064
19480
13202
7949
10493
19221
12057
5515
9980
10952
12076
5093
3637
8042
8558
8644
4331
2338
151
19158
17439
19111
13842
16737
10261
6916
19335
13300
9948
9326
8148
10543
12871
5617
4967
18287
15995
6788
9135
18723
1646
9635
8091
6543
303
833
6955
13208
8820
13030
6246
10978
12480
12689
4116
2649
17529
7176
18402
2973
17090
19160
19334
16900
16772
15435
1306
14096
19284
4229
16616
13852
13863
17765
3827
14468
17857
15740
4411
10910
11648
10627
2294
5008
15018
15117
10429
19098
18417
1963
11141
5205
886
1828
13509
4459
15329
5451
1301
6116
11964
11037
9207
483
14239
17949
12133
14051
5886
2802
12359
1155
4979
5987
55
10320
8858
8483
1664
14837
18664
2627
19700
15058
11264
3936
13916
6284
13311
16623
12350
9637
19685
15866
2964
624
10272
11557
5785
3101
15222
4659
3033
15344
11713
6834
3701
4180
16972
1281
2898
11738
8824
14186
4924
16893
12618
7725
715
4748
17792
12834
4649
18915
18655
7221
8160
16068
3070
11293
2561
851
6910
15894
16022
12650
387
13715
13557
5410
13130
3575
14424
9302
5525
1777
16633
201
18175
19631
10720
18463
13131
1765
8393
19858
18
19149
4635
5319
2686
13969
18213
7225
14761
7633
4717
7165
17606
19790
12726
1650
10474
7979
2865
14126
9491
14580
5971
16916
17825
15386
16186
2614
6776
12096
717
710
3013
13720
1984
9881
4965
4568
13060
8925
7321
13058
10611
9808
6673
10128
2195
11302
8542
18770
13739
12969
13688
16421
19134
8188
10369
14224
17574
8224
3252
17934
6512
2039
9357
14176
14800
7907
18121
1081
17254
11671
10487
15784
6209
1868
8839
1166
12997
15891
14004
682
15975
11565
13576
18650
354
2225
3264
11176
2194
8332
13254
5847
19271
11905
2268
7243
2632
5103
15415
6607
16039
4538
15879
10906
772
816
2090
12119
18304
2201
14060
1800
265
18914
8008
8724
14597
3314
16347
5915
12839
6469
897
12972
8974
11450
8913
14531
9404
5521
7370
890
19307
17382
9924
8782
14125
7385
15002
9745
11519
12203
13991
12417
5527
18822
4377
6722
2689
3798
258
16065
13988
12849
8151
13825
13227
15480
18455
6253
2654
10843
87
3812
16070
14862
3800
3308
14716
16899
614
15732
16208
14977
5794
16110
1300
4853
14820
3745
1100
2376
12422
11481
4749
10374
5471
19845
14675
19508
10436
8461
1478
6743
13640
16449
9368
2065
3245
6791
5536
16203
18467
16651
3574
12171
6454
8660
257
665
10135
903
620
11603
7298
18917
10002
12292
11492
9040
16559
6142
2516
372
14617
19049
15258
5616
6352
10143
8225
19246
12961
988
1488
13181
3875
18205
1453
5870
4622
14034
6379
19848
11197
14833
14334
18738
9916
5737
12282
15457
6564
14471
13289
6697
12242
18636
9383
14190
1619
18521
2398
12623
6565
17271
13014
4960
6943
11845
3382
16773
13684
4064
6549
17520
6229
14509
10954
2303
19708
13073
5081
17099
5275
14269
18907
8577
6406
35
16661
4700
18589
6364
5143
7709
12252
19932
8063
3105
8689
12135
18509
1654
17432
13324
14152
8616
14547
9694
9487
7278
12461
253
16387
7419
75
9273
3775
19162
8304
1504
10341
9831
15631
17086
12007
13029
11525
8809
182
11966
2396
7013
18077
117
10970
5211
19462
16583
976
5302
19191
13691
2116
2426
14462
674
12140
10215
2912
17602
7147
5907
5075
10534
12535
17844
10641
3359
6535
4606
2109
13235
16568
3453
15124
15893
686
6541
6314
5326
3161
18114
2580
6742
12996
14141
1207
15153
16741
6125
14615
9013
17610
3375
9051
159
19083
18450
3123
17261
7057
9136
17262
16525
7320
2429
9345
18239
2785
9747
407
8056
15496
2334
10296
2948
13756
15906
15651
15491
6372
4888
3704
5531
158
435
18320
19902
16696
8699
4220
2465
1159
10106
11644
10327
907
13455
5356
3388
861
4292
14540
15694
8267
14528
11832
3259
10294
12322
12636
14764
18526
3900
323
17392
16059
15116
10646
11311
9159
15114
15808
14939
5496
18572
19579
7716
4547
15945
18780
16706
10903
6363
19345
5045
2436
13168
7973
14674
263
6151
1466
7481
13362
381
7060
16213
2417
2616
19875
8054
19983
7539
6913
16951
12318
18694
15034
14304
16920
13137
13718
12768
7521
16400
14352
391
8915
12779
7612
9018
13465
6694
2207
3750
16844
10807
9807
8412
3286
2064
12388
3126
1895
6464
16854
14371
4911
12332
16888
6279
18736
3397
8269
4314
11252
12192
2590
18610
10663
10180
15566
11794
8664
4144
6500
15378
12863
15342
13764
1387
17275
6158
16323
6296
9662
13879
11774
1013
8222
6755
7363
12188
6670
9328
3806
18832
18729
9537
15958
16562
121
8238
1430
7114
9475
18197
752
14826
9198
15311
13089
19652
19786
14994
6523
6809
7813
17227
5556
13743
5975
11295
19463
19170
14417
1914
8073
14394
13448
8530
6396
12099
13564
18749
2658
1763
1633
13420
3910
15834
8110
3284
12331
6638
402
19531
15594
9409
19694
8062
10719
450
14955
12694
11294
17685
18386
8244
13363
11523
13523
8920
9923
2437
1686
13462
19645
16722
19935
17916
9772
6373
1939
8186
13648
4636
9566
17711
16345
4287
11328
12195
15593
16321
16926
11222
1668
19075
3243
9550
14646
4455
8805
9414
9761
7528
7547
16418
10980
7976
6600
16771
11630
18408
17283
9134
7657
17556
13639
19425
7851
3349
4736
10319
9093
6585
12304
15522
4624
3149
7103
14323
13449
7477
557
8428
12073
17031
5721
8311
3759
12514
17244
11255
1676
1331
11336
769
14684
12429
9627
12404
12037
758
12256
9606
2476
18245
11533
5009
2929
19243
4106
5304
7891
8505
17036
16691
6256
10416
11201
7108
14002
17314
3362
8738
4985
896
2096
6411
16300
7295
8445
6275
15680
16415
17135
10922
12534
6201
12797
16460
9987
7179
6340
17468
11837
19172
3177
2205
10944
10251
13668
1149
5773
2381
3244
17855
13028
3265
17052
15152
8343
7674
16911
14745
13870
10352
8326
15085
18119
17850
6671
19806
13052
17193
7691
7548
8293
420
1607
7029
10885
15913
5844
8700
1131
19301
1796
9610
12459
3768
13033
16076
5540
2817
16612
6378
1863
6057
9552
1967
5382
11575
6395
2012
13946
16660
8773
15666
16553
7923
6055
6040
10584
17819
1562
12074
6751
14354
8715
12740
3132
15574
5219
10667
14898
2016
12005
8865
9366
14007
13316
12552
12138
2008
1942
15055
4397
6774
15590
18442
9517
18032
7849
1775
9680
19653
10628
10876
7489
790
18906
3792
7507
14917
14029
12592
17804
19183
11652
5579
5395
5026
9616
6724
10927
3697
16007
7863
6301
4291
5095
1270
5571
952
6614
7892
4399
13103
12049
5141
17105
17234
14011
2
5214
14945
6428
8625
16670
4563
19063
2402
10482
13936
8196
11517
7522
6285
14012
4797
18645
7827
2703
9358
6692
9575
4141
894
6764
9126
16663
4350
16104
10191
11195
15813
15880
16726
12838
6123
1386
565
532
15099
2869
11801
9521
1146
19833
7282
17668
5282
17993
7577
19676
3866
5046
19720
2068
1631
259
3403
14559
11440
13880
11399
14179
12081
2822
10691
7958
17824
2522
9389
659
3172
4820
10987
15221
3190
1670
4519
14587
9085
17866
16146
7927
9728
2230
19580
10412
15261
2050
14932
14905
77
3962
8373
11824
12522
2651
7106
12367
15381
12533
6320
4816
6343
4637
7655
8297
3448
4198
13875
11689
14297
15539
18821
14701
14160
7965
15785
1347
17909
4256
5091
18427
13145
12358
8011
3920
17137
10336
5347
19458
9095
14403
19887
7575
11012
7618
12853
5981
455
1090
4467
12772
9857
5874
11511
8119
15610
5857
17416
13283
15944
6358
11915
11479
4478
4925
17628
2005
1215
9505
18760
2196
2636
5622
18481
1557
1475
19259
13958
17875
10774
14306
12822
3860
1407
9417
5984
16052
1809
11254
7412
2634
14714
13553
15179
19570
7236
10081
2725
3329
13006
4085
11555
11474
7782
14870
18137
19988
3276
7085
5913
1409
17753
12861
14550
2552
7078
7305
16747
7053
19534
12128
9844
6569
1257
1694
17742
10588
3669
7832
5754
2629
6841
12439
739
3021
16884
18136
10126
5795
4881
15237
9470
12436
14433
1797
11968
3540
14832
6018
14508
5294
1816
7201
9391
2315
14556
3402
7215
5577
1986
6435
7081
13886
16928
14353
15536
14164
10802
13674
18129
14825
15630
10119
3930
13190
4601
482
2790
4813
15061
13327
8769
8719
10743
5989
18853
1561
11818
1824
315
1264
4784
19819
19767
12754
14342
4922
17027
13426
481
5829
10178
17747
13453
8211
6131
1334
19066
3732
10360
5974
19775
154
11611
15348
19604
5685
16784
6905
19399
17733
19207
9994
6316
17536
15389
3600
5777
18169
9868
11784
19863
5506
17390
17225
4124
8414
9777
6915
16396
15926
11432
15525
11285
2448
8037
15743
18789
4779
13351
5072
4080
12814
9977
14449
19107
14465
6115
902
14450
9264
3068
8921
8094
9787
5625
28
4707
15191
18293
640
2905
14057
14533
5677
3831
9597
6113
19032
3862
1665
16704
19483
12865
16066
19487
13919
6065
14741
10502
11726
18360
10267
14903
3496
19235
11953
3412
7022
19538
9351
9800
4858
19046
11961
7941
4165
10397
18800
18885
16003
7435
1854
13755
19517
1401
5818
7162
7540
1701
3222
18413
12290
13406
15288
8795
11110
1420
8289
4365
6135
2911
14875
19829
5349
19121
4999
17174
9900
17012
7925
171
9989
1490
2797
589
9043
14899
12823
10745
4872
13961
5935
2669
860
7855
124
13904
14093
8495
11243
7083
11444
4734
14410
8232
390
241
13001
10771
6337
16207
8873
17879
795
4042
6414
14038
5990
8230
15701
15325
4812
11036
19624
5467
15815
566
1054
13990
19137
2847
17265
11543
4009
10480
18323
16325
10312
13396
10755
17445
16112
5747
2175
14070
248
16684
9381
9966
3065
14120
313
7139
4327
9247
1046
9804
4231
3113
2276
17184
962
4741
2766
19028
6522
2100
4926
13332
9476
4674
11065
6206
18116
4035
260
10022
14821
9448
15076
6470
33
3924
2554
7336
13851
15798
9372
1891
10936
19759
15972
3330
18090
697
17931
1486
10392
4645
3959
1076
18622
3645
10334
9298
8740
19167
6811
19608
17464
10750
830
5969
11829
13816
19569
8019
18490
3008
3833
9098
2084
7142
15711
8937
3893
4943
14804
3473
14228
37
700
5051
6933
11695
17898
6423
1613
10194
12884
4937
1602
15823
5516
10784
18415
11705
15657
16372
11816
4475
18967
18594
789
2431
15251
6195
15486
13601
3158
3501
9441
2637
13151
12280
626
3820
12930
18016
4552
7222
18722
19108
10828
13123
8801
4723
4711
12363
18443
9749
218
19446
3423
15373
14889
3312
2676
16762
4442
7526
199
2180
11889
9762
10678
2018
19954
11662
3662
18539
7035
4774
11600
5292
13724
17644
18033
18512
7391
18732
6478
1198
7130
19030
6270
10781
5793
2447
8899
11116
2638
3655
19785
18356
14782
17247
16283
10697
19854
16736
13144
11749
1075
14289
4526
1609
5814
1936
17361
19133
13360
14551
17538
13237
4792
13725
17627
895
18896
18324
11386
15243
3479
14841
10036
10853
3710
1657
14025
12505
1869
13536
6936
854
19532
1815
15596
7476
15450
15065
2486
10760
1540
11499
15601
4819
4665
17425
8162
10284
18189
15547
12314
5150
2271
1078
2816
6947
12788
767
4412
7434
14869
13751
13496
3112
15829
19469
5544
16397
5477
16787
13305
15119
15635
7714
7151
16625
10593
5261
9993
16517
5434
3549
951
13463
8962
14095
15234
1978
1994
15670
6032
12982
13845
13018
18953
5076
2326
4480
7661
103
16564
2299
3782
535
13812
6439
1086
18209
19400
10407
19871
12205
6699
16288
17024
3053
12324
5050
1751
4804
18272
6560
7063
8041
15431
12629
12829
18094
5823
496
11318
14880
6317
4833
12211
9226
18387
14171
17740
2821
19540
560
19717
18126
13859
3417
19521
18099
11334
11441
18920
17481
18322
13292
6598
12364
6965
6088
217
7281
8043
10347
1749
12817
11103
17865
10524
3229
6330
17061
18048
6715
18201
1438
4557
16037
12631
13125
7532
1252
7226
3457
10160
17401
1055
9524
15012
2555
4265
5718
17767
6784
16569
1305
19337
8562
7161
15090
417
16446
8617
9443
19968
6517
19434
2879
9128
6227
3531
16478
8907
9206
7837
2624
5109
18926
609
16647
11347
4981
796
12183
19778
3498
4790
347
1545
8351
7276
19551
16032
10079
16222
16834
7171
11899
7635
10183
11487
2247
19739
19883
2261
125
15637
18986
18534
5998
3989
351
12542
12828
18334
3012
7277
19614
19998
4487
221
17544
12928
13165
5130
14560
10855
17342
13584
18824
12132
18515
6975
4807
22
15350
997
5348
488
19285
15383
19917
12394
8903
1171
2804
17986
9583
17368
2297
9713
10221
12032
18003
12
11634
10673
2401
19234
15089
4268
12946
3817
18726
9565
7985
13656
13947
19657
18278
8981
13749
5833
11003
383
8525
4066
14056
10603
4897
11353
11722
16708
7524
4824
2537
4931
11842
2526
3377
8278
18852
14802
5820
5144
12860
7091
5152
6869
19774
1968
9822
4319
15041
15054
4224
9984
11618
16489
11480
3563
6311
7835
11020
18219
10550
2724
14576
8691
16251
13654
4573
14318
7199
685
3048
17273
12809
13800
17281
6332
19175
18157
15046
6323
2056
7627
3528
17203
12868
5153
7124
6557
1010
18061
7174
3642
13022
10616
15421
5800
1017
3766
16905
9160
14456
10316
15279
16453
6967
12762
6072
8749
10203
13435
16975
11792
15872
10612
18020
2653
11975
4253
8846
11798
15812
9485
16687
14738
2562
5239
17139
6636
1177
13533
14332
6879
8814
14703
18674
9203
9912
133
4364
16877
1949
16511
10635
9755
19419
18679
1383
1292
804
16693
19749
19522
9289
15224
14441
9708
5771
5452
15877
2083
12047
7728
12675
14685
14178
7155
17793
19364
11909
491
19182
8077
7390
8415
14493
12236
8378
14850
10899
16152
16326
17698
17957
14958
16254
11053
3960
3298
11936
2455
14935
8874
16950
6288
19484
11981
1623
8803
10059
973
11871
13572
2984
2344
275
18746
18891
5961
11370
4991
2886
7335
12728
12229
15581
6518
291
17978
960
18737
16956
16224
6413
10785
3629
9112
21
14757
13373
2272
19896
8309
16444
15777
19037
6615
4083
13924
2976
11768
14959
1237
5963
2329
4608
13695
9710
2222
6181
4879
8371
1071
17058
2113
13686
10714
15091
17571
74
8066
2472
11923
17530
5946
2491
15285
17968
17379
12664
4086
9444
15038
2320
13918
9272
8781
19524
19451
9428
8417
12062
495
1211
7342
1465
2868
2667
8826
10326
16434
19808
16305
19960
7826
8871
11518
3094
1437
4803
14521
69
4817
7705
5869
13844
10498
8602
17955
16389
2908
12942
7245
11688
6276
2041
17510
9837
17316
11686
3389
18204
18186
4492
8516
9858
10242
5359
2781
19323
19316
6277
4855
13710
3871
11484
1445
14642
18422
7190
6853
17531
1181
15456
6370
129
18174
4744
9032
7186
17081
9382
4621
16168
11544
15257
19396
18420
3980
6070
4322
11289
4811
13786
15162
12197
3075
18992
18823
6525
19857
8209
4847
8733
5707
5725
10512
3060
1276
4347
4633
19740
12124
3279
10168
6698
14027
11247
10642
12894
13753
13213
10532
4040
8116
910
5335
4651
4871
16605
15957
999
1375
17974
3599
2367
13902
306
17862
7759
10064
7978
692
15241
11394
18945
14811
4927
1297
17786
2395
15252
16099
19627
19950
13699
15911
17845
17183
3322
18537
12528
18404
18051
7530
5036
712
14668
5526
13613
11193
7775
4361
19048
14842
18370
9355
4434
3073
16895
13520
19844
6620
6137
11863
18948
7486
7292
8714
16420
4953
8319
587
1454
11283
5342
15650
2930
3616
18392
11930
8716
16828
3682
5481
19874
15586
16296
14018
5673
16002
12381
16863
16474
6368
19770
4205
16701
18266
5312
15931
8597
4234
7701
9975
13138
17094
12568
8639
16320
460
13313
990
19921
11468
13047
7847
3561
8845
4536
552
5106
3341
4272
877
13578
6390
4077
12357
16122
8145
15873
13615
19649
18882
8848
16242
6028
8264
12295
13905
2319
912
394
15661
16297
155
9675
4909
792
11414
10827
15406
17477
15648
13169
2720
2408
17465
15216
9972
11409
15974
10354
14277
16724
13217
12543
14987
598
8710
10638
10888
19454
17491
19526
1414
2888
12642
19800
16100
9621
6878
13317
2678
10908
8533
5404
5124
5298
2560
1022
4518
13118
7757
11203
12410
374
12164
11497
10021
72
5618
6623
2483
17852
19391
17237
18632
4782
12512
8992
2434
11408
18959
17696
11703
11035
5782
4297
16033
15790
1759
13530
14629
19144
11205
15513
987
2751
9267
4657
10797
12362
16108
7389
6300
10570
17780
11998
4095
16205
18430
15977
17233
8437
10167
8033
5330
2006
9392
2228
7796
11564
5412
1169
17059
5846
9268
18255
17320
10767
5465
9872
3594
14633
575
5094
13172
15980
2921
696
18435
8395
12783
14886
18074
8118
1036
11925
8898
15472
8046
5986
8554
1649
12353
11503
994
4576
11428
10815
11069
14916
8901
909
1938
13303
17028
8929
19099
17673
15518
4835
9639
17289
13565
13359
19602
15083
16024
2549
10387
1781
6666
19737
14954
4421
7056
12844
14976
15277
11811
3679
7357
11218
5858
6968
10359
7823
4655
9107
252
12004
9875
4587
765
14399
6299
12821
16645
7529
8633
7509
15298
13765
1975
5337
11342
2943
1713
7359
12968
14401
9321
12785
2369
1793
6167
4210
2059
3763
5822
11538
7961
9427
4701
6681
11447
6261
310
18039
14712
834
1183
17709
9415
8832
5724
10351
15363
18803
2619
17936
10951
2944
9147
14148
13504
3164
9319
1519
19114
10847
11117
5710
10977
17885
13910
2020
18503
8766
5505
3603
8201
2700
12973
13053
9568
18976
4964
14647
8663
17045
13540
4069
11895
16513
14397
249
18337
10331
10571
11593
9871
5735
12669
17015
11135
4561
451
11011
12758
12443
11521
7860
17092
10769
16486
1960
15354
16012
17805
16238
11947
8241
19727
15358
11643
18120
1421
2769
12112
11809
4244
1228
616
1222
10462
5599
19573
11605
16935
13790
3589
14317
19034
11945
8916
1618
10725
15291
17428
5158
19179
19283
7607
19683
14814
12489
18073
7031
6734
11129
7619
12285
13707
4099
18883
7041
1571
66
10315
2663
19832
15004
13680
10437
9021
13350
13976
8007
10994
9413
12266
5470
10644
1573
18611
4172
13141
669
14192
11398
16939
5636
15722
15352
15361
16799
4145
4745
13163
1888
5137
3274
6529
17994
15584
8203
19174
6582
6001
12163
17918
17713
19215
16423
18573
13819
17771
17115
361
9209
17449
19714
18678
6128
9863
17448
16139
9424
18289
14432
9087
11514
7771
11903
9183
17690
18183
9307
13952
19729
6527
3605
19835
9861
843
5943
16889
828
6741
11232
18559
14566
14146
17095
7608
8656
9549
5044
14484
11364
2899
16189
17975
14326
15858
5994
18050
3186
16910
12217
17259
10271
14671
17920
13326
12605
16154
15084
15761
11259
18332
1060
19541
19675
9624
10333
19449
12796
3074
1593
2003
1000
18500
17229
1627
13588
2336
14980
7910
1753
9295
13048
3035
8583
10145
16532
2040
6838
3288
7293
2309
15998
19085
12896
231
11142
11261
18436
13722
8736
7668
5370
15904
7839
17230
15115
8549
2904
3451
19
6993
4528
18574
3001
9862
434
6420
17603
9704
3546
19520
12045
12845
3926
9173
16322
18927
15991
9718
12002
4273
13243
12270
16805
17547
19208
8926
8711
17942
13155
12370
15050
6178
15088
4593
13980
14698
8772
14395
17899
11212
10452
5945
15141
2812
14904
6237
9796
13309
355
17238
18592
2114
15681
12325
8665
3165
17236
10509
11601
17005
2670
15112
4158
4507
19064
17848
11580
646
19242
17484
7073
1517
16770
12237
3850
12719
5736
19360
14380
9047
2290
18383
11200
19972
14535
11950
10845
6760
18755
3518
18185
10878
3269
4760
19247
12685
5351
1205
14267
18235
9175
4877
12202
7420
8931
1230
3912
13840
7622
12562
1586
13278
9148
11959
18911
9452
3948
11178
404
19901
12180
19757
12149
13339
13638
13948
8478
6716
5142
15861
1671
12067
15533
19916
5290
5230
4357
16080
17498
7058
9578
10259
7425
5313
2909
3794
5226
19136
15830
12667
19087
10809
16952
2104
18005
10363
17412
11025
9852
6533
17302
5295
11876
12715
11034
1537
663
7919
19254
12927
5276
6077
3046
11617
10675
12637
11405
18801
13581
11561
4583
9539
6624
11300
2032
12923
18942
16073
11813
13732
15592
16036
4209
2454
13621
7854
5327
1951
10766
2495
2419
8107
7047
10038
1328
2851
2657
1876
459
11410
15410
320
19472
16603
19793
18374
18516
15870
699
1402
5134
9686
15961
2347
2331
15794
11733
15317
15748
19772
3615
2519
3015
17473
18345
4344
16201
15595
17741
19314
7465
8397
2525
9386
5964
3447
12606
4267
17754
5458
7177
9534
14839
1114
11266
5658
3810
13679
13000
475
17811
7583
5668
14308
10308
3612
1184
4051
8346
17798
7684
11162
19338
2135
14042
11361
6932
3136
3442
2734
9048
18331
3144
7206
1745
14772
6453
6134
2612
18233
8467
1483
6897
15530
11403
16220
18432
17051
10441
18790
9230
5371
19630
8894
5423
8919
12684
1758
9516
15188
845
9287
1485
1136
13093
11199
18176
10014
9626
7896
5489
15387
2321
1309
18560
1339
18279
10150
5514
16017
3151
12678
8081
849
7853
4150
15106
7650
18101
18330
10190
5077
13612
5824
15347
10058
6713
11591
15047
12224
6234
6308
16857
15932
19352
10572
14350
9279
7002
13321
18776
15062
6085
18781
321
14067
7219
7066
7172
13340
6090
14729
19889
11547
1363
12713
9908
6451
8132
17065
3238
16580
18675
18827
11857
2883
7601
1899
6192
17701
11448
1971
13248
16846
18847
9990
11077
17911
7626
14124
6747
4008
11799
2392
2932
8356
13837
14727
317
6417
3881
13953
14682
8627
19091
7670
16206
1074
3560
6033
3250
19576
16689
3985
11219
1344
6859
578
15622
11454
11711
15758
1132
2257
2640
2209
7779
5279
10200
9899
15695
5448
3071
3641
16226
6325
13643
12616
6504
8262
4283
10153
10345
15927
12154
13153
8908
7470
9697
8433
13978
6895
17106
14662
5786
1583
9533
19058
19783
5693
3445
2086
19026
9440
12897
463
9620
16582
16740
13457
2617
7555
15554
15560
6825
7244
4619
4299
799
8427
18731
16835
14434
17041
8349
5746
14321
10299
8946
19239
8995
10350
1569
6528
11052
5439
10130
6450
2496
17781
4850
14877
18110
809
18076
15611
7248
18464
3422
17277
172
14897
19233
3381
3582
5962
3933
16455
8242
12603
3336
2063
13747
17216
10503
18995
7662
6664
14795
48
18190
17710
7461
12445
18643
13550
12158
6101
11286
4028
18156
7630
11356
4948
2818
14324
17724
10401
5284
6166
11843
13412
5565
16627
14215
14756
4239
18419
11383
13614
9190
14650
1118
14207
19518
11493
13892
9666
16716
14020
1016
4289
12377
6939
3484
11422
7658
18540
3905
2239
3639
12066
3231
4537
12840
15556
6114
18160
4718
17360
2838
11716
19617
486
11107
11754
6892
8442
19129
15482
8265
9716
756
6957
11244
18480
10555
9322
6333
12870
19313
3705
6552
15146
7584
8552
6392
17384
9177
705
229
6013
18449
352
10322
4716
15573
11320
13307
256
2152
15403
15674
15463
17708
14634
647
9942
1835
16552
15276
17469
16546
17635
16473
11301
16864
15649
12072
10116
4921
5318
11209
688
14583
2796
10867
9410
100
15822
11637
10577
2659
18913
16402
2292
1415
9199
8471
3187
14758
6282
15503
12936
2961
14603
19633
11622
19492
19330
11922
11569
19080
1266
6461
577
10728
10838
9633
13675
15190
1656
18893
6903
15733
10599
10243
16430
17665
5928
12556
11317
3776
6763
4402
19688
10355
3061
4771
8385
11658
19545
13410
19375
4404
11262
411
12233
9077
13013
9486
4902
1516
18426
12601
6444
7004
3056
11502
16261
19147
4569
1529
13113
17910
12153
8163
17796
17938
4870
18940
7469
13521
13038
16609
5513
6830
8344
6896
14992
10712
13095
6684
5584
12587
13527
10707
18835
6309
12018
1786
7974
10310
11439
5306
19173
5457
18793
2111
16499
16941
16079
15820
10731
10812
18264
9477
12082
1597
4394
19828
4969
18109
5911
5375
3325
6250
8411
17930
15015
13891
7793
18856
984
6228
11582
10741
19082
16370
14444
6054
1855
12476
14748
12630
10744
4398
18054
14276
3085
1879
14713
12302
3253
14805
19735
7319
7286
4056
11888
2600
19674
18571
19298
8498
19057
595
2990
8444
3492
2479
5328
17383
13348
19606
12491
15940
14316
4644
7088
2906
15799
548
2858
13261
14099
8879
8069
1696
538
6298
17109
15787
5195
4696
19373
10637
2664
13716
7110
1382
9684
12265
19047
6631
17188
6836
16263
3100
2897
3901
2989
9387
15564
2168
8024
7617
8095
58
6187
10657
15462
9125
8541
17686
16258
5669
7995
1038
17812
10078
8573
1689
5600
16117
447
17083
3897
10338
9867
1192
5705
16281
14982
2397
17337
12402
15182
18639
11787
14119
3271
5242
17981
10789
17136
9724
2400
7519
15914
5680
9344
13456
14430
2105
17220
14003
5229
17874
15702
9288
10313
15854
15860
10439
19408
1702
2784
3764
14478
18446
12761
2285
12901
11559
8462
9481
3932
7913
1567
8457
10484
9564
12873
12992
15960
7797
9834
7593
13805
8449
16761
2142
16093
12020
13927
8352
13782
18127
18699
4896
15042
8601
5266
10819
12122
7289
6168
6132
7683
9764
15669
15095
16046
9647
8503
3987
18600
10713
10590
5651
6810
7457
8340
18132
12190
10430
12400
1019
1124
19189
14878
18566
14037
8528
13366
11526
8357
4217
4257
8682
9812
10622
2688
5613
17350
5146
8001
5926
17925
115
7503
19787
2101
8618
61
1767
6745
10431
8010
13545
19780
5979
10276
11795
11912
11868
3408
14084
1550
10044
9715
7542
7909
1135
19985
10881
8009
19253
16452
17249
10866
7275
17
4117
13258
4147
6122
19310
19768
5661
6606
84
14704
13542
19370
4151
2995
16958
1325
16994
9947
19403
16000
18221
840
10087
10465
4185
4776
19888
18981
5696
9932
3249
2500
6022
16536
15759
18757
17013
16426
10578
19876
8737
12455
12799
8615
7065
14855
4060
12648
6082
4642
16366
8455
17632
3347
2243
15833
17674
1057
18633
17204
8185
5322
4133
15049
8953
3159
17043
12009
5827
10912
19973
8150
14069
5263
278
2373
11750
6815
16518
17396
16909
15374
1265
11279
18067
4838
3774
11997
19994
17511
13228
17818
1645
1530
4092
6177
4828
3896
17194
3522
18202
2453
15135
7376
14868
6084
4033
8986
15464
2121
9617
7579
19823
17736
5315
7943
1572
9913
1156
11268
10188
7381
14147
17253
4868
9914
8426
18644
10497
17018
6984
3913
16996
15924
2206
2318
2599
5480
2463
5362
3156
14527
7208
13663
13519
8358
4759
18662
15673
4415
9738
8051
15878
2298
12991
18660
19496
18963
9543
10861
11623
6613
5288
4388
10988
7572
6865
14241
1859
14963
19662
12336
12015
18393
7237
8350
1780
8026
3372
1072
2011
19094
15436
14911
923
19981
13890
16013
6473
19171
4307
10197
12656
13735
15783
12670
13140
14539
10833
11542
15677
16343
956
14608
10085
17835
4436
15206
9529
7485
1322
8440
17521
4360
2503
6545
16848
3673
800
6393
15299
17040
2291
5286
1792
8792
2368
5224
15642
3578
8930
11496
15731
533
3003
1790
8446
17751
9303
13912
8622
14743
2813
2010
10685
6730
8572
14299
19467
18507
18474
15009
16537
9055
18141
7184
19561
6355
6497
5927
8755
2874
5699
3267
6015
6513
2514
611
4618
6095
13592
19611
15174
19228
16976
8279
1683
18901
1615
1601
17190
11000
634
16626
18686
19562
2490
10887
9065
7647
17597
267
7205
4698
944
14006
4934
3110
14669
9818
4849
4494
14107
10519
2927
17387
14806
11098
13461
19436
7163
6876
9819
13216
4715
7587
12890
19279
3148
11540
12608
7562
17939
1746
1164
4848
5182
1769
12574
15907
7422
6537
13356
12944
10983
805
8155
15429
10800
3832
9634
4461
8934
1874
4798
16700
16624
13008
6382
19822
6508
4187
6579
13677
3648
3256
9940
2780
8273
2449
5001
3740
2501
2172
17021
15524
7599
4414
5199
14983
18163
17371
7310
4761
16563
15030
11359
15663
13603
15762
15665
8574
7924
3289
366
6661
6327
19784
10288
17703
8854
2826
6927
16505
19414
9855
2823
11160
14657
16463
10329
14901
6971
11292
4690
7884
5191
3379
10501
15756
1389
19572
16244
4014
15423
16266
12909
913
3918
2189
1551
7637
12144
17731
18871
9308
16271
10913
9850
378
8582
2279
3305
16918
14103
2144
16130
6336
2025
1893
10179
12984
8219
3752
9611
11597
18658
286
13895
12056
11276
13371
19872
10090
5850
5278
11539
2997
6503
5145
17807
10483
2933
12254
1433
2564
8536
9277
11850
6536
11204
13561
893
16470
4584
6212
10402
10377
6486
9605
7694
13818
10529
19834
18288
6117
17661
4181
18478
9225
14476
17143
13405
17987
3163
2354
14753
2170
4532
1556
16051
574
8002
16227
7846
18300
19368
12572
19582
8382
5460
2532
506
12182
14933
16354
10068
16392
14549
16768
18870
17282
17419
9067
12893
12546
9898
19415
19159
9262
808
13807
18246
3195
4091
9011
13788
12864
5634
11632
8031
9090
12308
12316
8604
234
19433
9078
11629
16843
10404
7148
13649
6367
3171
16191
15113
12376
1479
17541
9000
3877
1604
13856
12571
15863
19610
17956
17279
18208
285
1151
888
15430
10018
1921
2699
8312
8474
2365
11606
9120
6304
6252
17800
10925
11893
9146
5332
10566
12970
17470
1704
10164
8882
3273
9848
9201
8221
16760
227
9821
6499
6891
11666
3934
12811
6800
18876
1315
10705
152
169
18453
11464
8661
15846
388
2788
10525
14426
18224
3683
13025
4006
19461
16299
4755
15700
2945
333
9767
1288
9433
15557
2849
16311
12748
2800
9653
9636
18604
1015
9068
4510
17415
10185
19327
13433
11698
7105
12156
9691
12475
7500
737
4306
6397
8327
16211
14273
19743
4939
9020
10291
19180
2914
3643
14168
8967
13726
19244
14893
3742
720
6099
4134
19646
19404
10100
12639
12872
7356
625
9660
15621
13959
15439
8534
10928
16454
19755
11192
126
271
12644
11258
9310
1594
6640
19020
11729
432
10303
11851
15278
19701
3235
3069
2726
16942
18796
5456
9108
13293
146
11367
18412
15609
2996
14214
3084
10681
8933
7531
9612
5744
12305
19732
18277
2531
3903
13569
17727
10388
629
19589
9300
15452
4446
5252
12604
8469
5461
9483
13086
56
3102
6436
19919
3038
7365
10749
12776
18625
18075
4628
16461
16118
11387
6655
17285
935
18551
10696
5014
17716
14094
6127
6941
11919
19782
1247
11472
7464
8948
6241
19704
4728
5041
17548
2411
7893
3041
3093
1917
3979
14530
16190
17722
1911
7970
14263
10292
12964
1107
16896
12771
12460
593
18688
7178
15023
18752
3147
5508
16823
8234
7241
2346
11900
4977
18269
3483
335
7364
698
19309
3519
3591
16081
13517
2418
16361
14049
16092
12569
12340
15925
2890
12954
13027
17886
6556
1251
3894
18283
17894
16180
14485
14130
8684
454
4161
5059
12471
5951
10930
4787
19725
11976
11996
6096
10077
10698
9023
4795
14649
3228
3167
3880
13701
4052
4470
2072
2265
5073
5495
15028
3524
14283
12106
18335
13460
946
1577
926
3937
9188
18990
13806
8581
5264
4594
18318
11315
5432
12914
19656
6312
19553
4383
5845
8932
12451
7781
8249
7030
11355
5649
13518
3899
3859
10604
15033
17581
10124
12784
15306
5468
18418
7326
11670
10265
7152
14305
9926
11329
568
6437
8761
18638
17157
1841
19792
4551
8475
16503
7581
613
2093
9363
19105
6884
19812
8448
17645
19535
12151
6572
1009
6912
15626
7875
6002
19363
14113
11504
12335
11708
4810
341
9296
9365
9630
4016
2251
19287
2597
2249
5765
6502
6550
6822
10991
14310
2884
7983
16027
12042
12401
15544
12093
9498
8149
15313
1098
5929
10015
19124
8659
6328
3218
16527
17197
11721
9563
7841
16102
2328
10025
19054
10368
11460
2442
2325
10339
15946
15022
6960
2002
12196
10997
13079
34
802
18504
10088
1944
13878
13246
7306
10277
2317
3696
17961
15867
1622
17678
11696
128
15308
17256
14760
10020
416
17405
14625
9580
1014
14643
2077
5136
7036
4554
1377
15139
4282
11211
6307
1610
5192
9588
6568
13938
8078
6635
17680
17878
14607
19021
1122
13985
4933
13325
19245
17579
15262
2386
5309
5623
4938
32
17501
13574
3609
13838
7885
2158
16839
16443
8513
12994
8124
5135
18297
9793
8634
810
8271
3509
3733
13651
8648
9163
6111
11874
13872
16675
6231
15134
8173
13148
4017
11041
10738
5547
14822
14355
17407
9503
8893
8818
17260
18047
12064
7038
11471
11883
3099
2534
13452
14443
8727
3879
10332
4878
6651
7977
8742
14783
14212
995
7516
3909
3384
15587
71
6906
9760
8193
15167
1431
8243
9210
6051
15236
8540
9334
7270
6577
18424
18194
15734
5645
14984
16061
11104
10212
116
12688
4767
2662
11455
10495
12479
15963
6534
14082
19695
9719
9314
12086
6766
2058
12544
17702
1480
2441
6797
2091
16890
19293
18130
3111
2322
8208
10931
16195
2022
11105
15372
10055
15508
3464
1877
6909
10666
4800
4497
2856
10061
18034
7008
1974
5507
9297
3644
1105
334
6604
17797
301
9835
5179
8828
6821
6612
12414
17959
18609
9244
3767
13076
4259
4465
17492
1498
9739
9907
264
144
15376
689
4764
3670
5541
18158
1931
15697
1168
4406
17856
477
13232
884
5367
8070
11728
2915
4447
544
11027
6851
6494
17868
7455
8235
5484
6260
4010
1083
10328
3672
3178
16713
13264
1069
3885
18897
14754
18309
6197
12905
7459
16903
18676
7638
17039
8935
7523
3180
7327
1462
8605
18983
19826
8487
18977
15514
11647
4118
5398
8731
4918
4791
15951
600
16447
6988
16891
5860
19928
15682
10072
8580
13604
19655
824
4336
19412
14114
10561
7905
15933
6405
9737
1037
12207
17462
10998
16639
14402
11067
9527
16806
3352
3834
14694
11752
6521
7216
971
19201
16836
12289
14879
17502
5187
2153
7032
14139
9748
774
13606
16688
18371
15264
5726
15073
11390
17919
16259
16755
2842
2547
15254
12795
664
13713
5729
12492
17669
12109
10658
13823
6133
10832
19969
12050
5210
18939
10062
10177
18290
10364
7948
15157
8459
786
11672
14952
9259
5825
462
19959
7631
8470
583
2696
1908
4301
19697
2763
15037
19321
12769
4019
11810
6037
17964
14926
8778
19744
2262
19997
15273
3321
10227
8637
137
777
13184
15896
13590
16249
17264
4332
18877
6041
3203
11562
6476
13281
17134
19613
19585
12299
14515
13263
8732
4174
16404
4542
19056
15461
10813
4509
16188
12682
7693
3828
8254
5864
11348
982
8178
11906
13488
14505
5240
17995
8642
1966
18590
18585
12288
15959
16245
10746
1510
369
18499
4311
1722
12548
2467
14776
13251
294
17251
1929
18517
9024
19473
2420
3058
1405
2062
19899
13974
18072
10042
15541
3754
3076
7003
15947
9249
10560
5583
2240
2741
12612
4737
6798
9734
9246
19377
7285
3184
4916
13865
1774
16774
7283
2556
16522
12723
17408
14447
1904
11032
2515
1426
4818
5042
8093
4260
17684
15223
18769
13970
12011
19459
12330
15776
11257
209
18975
1119
15292
8098
1005
14271
3713
4055
8652
4692
16428
16332
9001
4905
5310
8496
9474
8366
14545
9705
5743
18115
15144
1823
18894
13733
17528
13428
16126
10080
11349
19494
11524
14386
3327
8610
10089
5967
70
1346
7689
8878
612
5403
10629
1126
18249
14388
15708
14275
1600
8317
4785
9779
11879
6233
3080
9360
15455
16815
5376
247
18695
19506
16730
10823
17456
7921
8458
4420
19731
18394
11494
6110
6900
6432
1691
2586
19923
7926
5731
6419
7493
15568
3182
13161
7648
3077
18916
17446
10733
10138
9278
19210
8851
19288
8413
1232
18814
17472
6668
4508
4333
9241
17717
1351
2633
4458
15001
9379
19422
9576
19156
7075
519
10016
1033
6894
8510
4305
389
18696
15818
8762
11807
6524
2661
13665
19079
5469
18858
15511
3007
14198
15335
6753
10656
11363
12351
3848
1324
16042
14421
1137
1258
1838
9069
9542
13109
19280
6588
13162
10959
15883
3224
8100
15803
17089
2507
8030
19813
9014
1318
3876
15492
5125
5273
2388
16134
9488
1502
4580
4954
11704
9903
15639
2592
18377
1048
497
13801
3495
4214
11958
11333
12065
9050
2764
18040
2358
18949
703
3717
3446
10102
13955
17979
8460
1279
19010
16106
5417
5852
7991
6769
15510
18317
10488
8055
8978
10808
4140
19119
18944
11291
8807
7473
17982
1080
4574
3090
7574
19622
15488
15612
10378
15542
10820
10824
15111
1755
2701
11120
1213
605
13152
6717
282
7210
5464
9510
3787
8472
14728
4893
5865
7444
17219
14784
6045
12803
8190
9315
15210
13681
2165
1497
2273
2310
10619
15454
10631
15418
8318
13158
5883
16677
7087
7348
16530
12255
17599
18357
19502
2122
5159
16549
12277
19479
12680
2119
709
16811
13376
13221
3153
5030
1320
853
13102
17381
866
8092
7325
19196
3970
1711
5364
10780
9701
11307
12846
153
9782
8342
10314
13596
3725
10632
11714
5492
9336
10595
11780
7218
3969
7703
17355
9447
16873
11371
16754
12511
10984
9129
7393
17459
5655
18844
13416
9958
8183
18919
3373
2159
16744
5944
7431
3808
6193
1085
15602
1417
3376
4890
7784
15166
14706
17102
4829
7939
17739
10442
1174
10822
17715
8868
13062
7508
8748
11515
19382
11745
11335
18079
14661
19666
8548
8291
521
17977
13628
11880
1620
9318
12259
339
15918
4441
3567
13502
2690
4653
14419
14361
1224
163
606
8877
9243
8979
10381
4757
19555
8849
12279
19050
467
1778
15693
11805
12892
14691
7754
17860
2489
18380
19061
19590
14375
7981
6794
4772
3452
2382
8354
1191
123
3283
14102
5168
10795
3477
1703
5303
18247
18026
17146
5670
16879
3404
9426
18271
142
5755
1196
5996
15384
5664
13495
14129
18653
14611
15268
6156
9999
2582
5706
15322
11270
1883
5096
15780
2626
6214
15081
6658
8253
2433
5115
4437
3026
14360
292
17882
12908
5
2424
12794
19734
16026
6159
7724
19595
8258
9676
14428
2128
17522
15467
6538
18107
14572
12551
15605
14856
11121
16646
13808
14973
8218
19651
7916
12824
11974
15589
3975
6130
4860
12165
13108
15368
17404
740
5853
19135
13081
1392
1225
9838
19577
12113
1653
8214
16606
12012
6005
5101
9955
18440
11043
17833
588
5663
18078
18761
18441
16031
7549
2438
9695
5291
78
2736
3226
3130
14079
14387
7317
7410
15699
6445
16005
4020
2391
2675
5741
1047
7051
14285
19571
10768
18257
18721
8797
13835
11663
13337
11251
10505
3999
5781
15427
5586
13583
19672
9242
13176
12418
768
19711
13655
7009
12226
14045
8771
18888
2188
18388
19791
5679
9884
9602
16483
10409
5368
17935
1688
15007
12702
13419
945
17752
15886
14670
7377
30
17297
16385
13503
9681
8817
17284
13143
19168
13653
10966
15801
9937
4883
2793
6269
6616
13279
3248
14779
4030
7324
11490
14472
2231
18873
16913
11609
15723
16097
14319
19468
19390
6349
15537
5576
10695
7074
2568
16807
3978
11970
15484
10372
18071
10664
7712
14598
8658
3394
15159
17333
785
13575
216
3953
3865
19989
15840
15398
2584
4254
7518
14683
7879
17488
4512
19270
11717
2980
1461
11417
17077
16344
15102
15356
10776
7313
18171
10297
13957
7338
9220
3607
4074
3585
13285
18862
16598
5695
3405
6118
17658
2118
19999
10547
68
1206
9463
3119
12054
5939
17576
5139
13887
3209
9601
14636
11495
6007
5047
11202
5488
11779
4112
10956
415
615
5227
8402
16135
5783
12408
8518
1269
4363
8204
9180
4057
15304
2034
820
4038
15269
10562
654
4115
2115
6725
13265
12046
6911
19072
12888
18082
5512
1651
4972
287
15336
759
19420
12131
401
7763
9874
10343
1254
892
1160
14362
11445
17088
16001
9551
9976
9111
19601
11277
45
16886
10172
736
15345
8280
5719
8233
18881
18779
11576
10508
15289
17323
8977
9193
17164
8595
10448
12428
3572
19516
19554
16664
2280
9727
1145
5352
6315
7484
9453
2102
15481
12071
13559
19132
5270
6860
7264
7727
17773
8181
11181
18663
2035
7821
18599
1716
1998
9752
13882
14459
18987
19389
1521
8347
19341
11793
19305
2186
6942
11431
17612
15888
14627
6412
5360
3838
17515
19574
15898
1732
12557
543
3690
1327
12660
16462
4527
13979
15401
4719
10434
16665
5931
1468
5108
5354
1555
7569
3786
18162
15460
18818
19165
17475
9156
4830
10836
5177
10175
2850
16289
244
14735
19523
12234
3583
6551
13083
6946
13397
512
246
1342
19476
19386
1208
8141
2073
5369
12068
10968
13507
18401
6846
15659
16342
3320
12375
10165
12567
813
16748
5017
2907
17287
1970
15040
4104
17403
15156
13220
5524
14796
3117
9595
12550
4002
15448
15145
2415
18587
10608
283
6812
1094
8477
18522
8918
14281
17429
19703
13589
6235
10677
10597
1413
13506
5665
1406
18582
8345
3205
19505
13646
2026
14766
2371
12087
14036
14961
6189
13464
4565
10413
10898
10971
6399
6997
1277
2307
17655
6641
11948
16237
2546
4102
1539
19113
4426
4025
11723
7688
839
135
17071
4003
6204
18764
8886
11108
11297
8590
17338
16223
4258
9119
10376
1965
10852
2269
12902
344
8951
6466
2717
13389
16881
6391
8015
17217
17513
468
11066
12178
14614
6921
18941
3703
8745
16393
18974
15692
18735
15543
13295
10286
1866
15713
15343
7894
3176
7820
12691
8450
5225
5574
7347
687
13090
17069
19265
4768
11132
2314
193
4317
16829
8409
10275
10205
8375
9698
5215
12474
8944
11379
7912
6079
1576
7950
3863
18019
12221
16776
13214
19141
11797
10131
19302
11325
1311
8671
1117
15643
9849
15615
1163
636
12687
8957
17809
5884
10972
8206
377
8020
4586
18349
18530
9803
17214
18561
19864
2864
14780
5932
11382
19016
13778
8334
1681
12594
16276
11039
10152
15770
8729
16067
14454
8109
12490
841
10552
19664
13820
166
14087
10241
10248
10065
3022
9952
9832
1976
4522
9290
7158
14529
12157
8692
3485
15575
5653
9033
192
9973
11357
13689
457
3818
9556
10507
6102
16369
1299
6456
1255
17322
19367
19765
9699
200
10499
10017
2593
6628
3868
530
9668
14013
10569
5763
4876
8106
14464
15331
9587
4433
4059
19193
14934
17329
6919
18657
16681
7525
17726
17060
15412
15950
13543
1496
11344
5749
19471
385
9860
19346
17269
10883
15369
8494
5425
757
1706
9324
11619
19482
6213
17524
15391
3324
17266
5413
17399
13023
12264
5012
18647
7534
6236
16732
2581
3174
5866
2475
12218
811
2744
3241
16872
18952
13562
11298
15118
7449
14226
18816
3
3435
680
11724
10545
16655
2575
11835
8588
14221
16380
6690
6705
2361
5742
19146
11986
19186
6361
19810
16476
17640
16809
4614
1084
2443
14439
12709
2574
18142
9864
18117
13768
2738
10794
7299
11746
11657
177
9151
4392
4362
18452
10422
150
8998
7686
1733
13074
13070
13909
15691
1717
10538
4212
4963
11820
1312
9769
14920
750
12025
1082
12509
10301
3536
9144
11839
761
12092
7061
6839
17642
4789
7362
11776
18381
9211
15656
17829
2133
14965
11844
10609
8044
13874
8976
10759
5806
4230
15056
16035
2743
14644
10107
11216
12855
2366
6126
8831
10688
14733
9816
1142
6813
15052
8223
54
10787
19511
11676
8299
10974
15849
5643
13493
11168
16308
10539
5837
4308
8465
12260
79
5247
3730
19699
822
12787
6225
300
5901
12989
10400
9117
17532
12750
18125
14393
15097
5598
4751
9200
4215
7170
14117
18369
1073
8301
15096
11372
17433
10473
14604
6457
4391
7144
13480
954
10451
4113
18230
6086
1332
12231
8084
3340
8723
3631
2019
18705
12261
3692
8431
2049
3581
13268
15217
10057
138
6350
16182
11665
17863
13549
13934
1580
10111
16346
9286
10229
14574
17976
14287
3551
10607
4094
1165
9283
2715
14256
10798
12293
4543
7301
9494
12530
18149
19797
2511
2529
18646
19650
14110
7240
4966
15737
8836
4842
4429
14659
869
16095
19088
13061
18714
4386
18792
18341
2412
19163
6977
9405
408
10141
18084
2103
11322
4143
11812
254
12553
16901
13056
3542
19557
12398
13706
6581
16745
3826
3660
8725
16535
2762
16284
13304
3514
5840
13769
2827
1450
343
7067
13400
17545
14123
8018
12638
13092
7231
1697
15599
8079
4529
14022
11633
2550
2051
18759
1042
8048
1262
3552
5099
3708
18624
484
19378
12344
3162
7729
3036
1112
17832
436
12191
15922
5138
5482
7802
16816
3309
16588
4993
11602
3874
10037
12170
13566
1209
3431
3941
6155
18861
13226
6814
3769
12676
4915
1584
8509
11952
7972
16785
2839
11238
1662
8703
10258
393
16328
17418
19045
19328
15086
3595
5407
12453
8810
7398
2259
17004
10982
9859
2427
17078
17591
5280
775
13597
13199
18955
9396
2759
10772
3440
14157
13106
12561
101
15330
13467
12019
13767
2605
6589
13301
6442
161
19444
3142
11183
13286
7232
7168
11556
10558
6619
6389
13939
4417
7877
6264
18491
11736
11942
8539
19371
12545
12449
8681
3667
16859
10829
3386
7957
12075
3083
16248
4714
16867
15618
2191
12483
17009
13573
10654
1245
18211
19435
18677
2710
14338
2848
7720
12651
628
16594
1449
15982
13560
8679
11057
8853
17159
15048
18671
3450
2070
279
5170
1508
8158
105
10262
15453
12813
15365
14734
13094
14055
4164
10863
3011
9340
5500
10071
12272
8438
1144
16153
17966
13367
412
14349
16082
145
10506
7403
6689
15792
8147
4634
4221
19264
7721
8603
11413
10287
12519
8135
18934
5882
7291
642
16742
18505
955
16230
12440
16995
12098
19542
7589
17735
10624
10214
8784
4944
16137
10763
5022
670
9775
4013
2742
1066
15716
10120
2250
1563
6662
12886
1682
14347
4545
16440
2254
8392
3555
18028
9299
18009
3212
13624
10575
15172
15129
9979
18538
6422
19609
17239
7121
13497
19039
11513
2867
15519
14066
12430
1715
6322
12425
5578
7561
2323
14848
10945
15726
1027
12448
5446
9986
10844
2149
6024
7845
10671
1992
14356
19044
14846
14193
1672
6621
4662
10075
2238
9127
1534
9978
15703
16414
18166
12209
1006
2099
12365
14127
19971
1170
16279
19855
1138
9161
5997
18305
4887
10924
19513
15976
12634
579
3469
5812
14106
17017
18306
2156
6431
1872
14294
9944
4754
10715
9827
9798
49
15171
4831
9689
9538
2685
12421
17162
2470
18223
6089
14288
3842
11904
15202
17712
2278
4135
880
2992
1905
7352
2428
17471
12949
11171
19437
19148
19818
13897
18608
15442
10311
9004
4646
7332
17869
17489
7804
6599
15847
6617
3685
2530
376
11571
5816
19635
6053
5483
19470
11023
10940
791
9496
18274
7111
8410
3106
4321
9140
6875
6148
15229
4021
2579
14296
6687
6683
15905
16837
9535
7794
13754
11962
7680
4310
11305
4472
19438
561
3562
9629
14975
12987
184
19442
15853
15768
817
10526
9866
2845
12262
12309
837
5399
1924
16865
3334
2951
364
15561
5062
8706
8743
18027
4970
1606
6949
5023
11699
6346
14188
4631
3651
10553
19109
5682
12027
16544
5340
4629
16571
18146
10104
9753
9118
9555
11775
15909
17810
11380
3824
13225
7304
2705
5713
15710
3543
18041
16710
3131
13270
12778
5254
9170
17831
2986
1464
14746
2598
14460
18547
2067
18367
14770
14723
18564
10302
19560
14881
776
19546
4163
11312
11369
4559
18059
3350
3544
7202
9499
2779
18681
11456
576
16394
3221
10228
17608
11668
14619
16585
18774
15837
15746
15192
14915
19381
13610
8813
2877
14665
18258
9522
1416
8798
1341
214
2173
12941
17199
16752
5590
17374
8799
1666
8838
17075
4823
15742
17895
9115
6700
5462
3299
14346
14199
5086
4111
11656
18552
2977
16974
9422
11718
4469
15839
8837
15751
15259
10028
14623
19319
9501
19976
4612
11143
18242
873
9003
10121
17409
13489
370
6010
16310
3851
16
3650
16650
14363
19667
15265
11646
972
3902
10520
18203
12039
19840
14857
15774
326
855
9113
17880
8270
15897
19724
8131
15828
16362
4992
17176
17943
14928
10877
19567
3512
7437
3728
8423
18350
6930
11452
17553
7471
7890
16545
8294
3929
2410
878
10551
13791
18631
764
11678
19895
16579
5265
3573
12143
17359
3993
5774
3590
15094
11878
8720
4213
11164
8215
1447
19257
4562
7930
1139
3940
9454
6211
12967
13834
17596
19559
5912
2631
8420
3887
9934
11242
16160
3619
17840
17205
16753
751
11706
11814
9820
7953
9801
19799
19212
14495
11078
3592
3239
14307
10687
12487
18011
15558
1570
14315
17611
3855
14894
13951
5732
1926
14896
6840
19140
6923
174
17557
19267
7462
10957
13627
5087
5760
6633
7339
4302
19401
1638
13434
14131
1153
9497
13115
10201
14941
7045
2038
12458
15704
7423
15755
9294
18302
4735
6740
844
17564
6805
12564
188
1290
5374
12105
12986
14594
10196
15249
16255
10949
8377
7652
1440
1267
7858
11071
7817
10264
6144
16123
2197
224
15916
15683
13803
8419
6341
12745
9431
4607
13231
17397
13774
3458
9458
9101
16526
7745
7673
9614
4695
11664
7554
18030
16554
12022
12473
11236
10492
17626
16267
2287
9367
16970
10875
250
15654
7533
12145
14040
17991
11060
15087
9922
17941
13932
10362
18528
6339
18488
16044
14480
1887
4184
7406
17435
12120
12895
7494
8623
13398
8806
12520
9280
202
3724
2471
8867
18326
17270
12867
19336
10091
11184
14341
5123
2098
2782
858
18680
10298
9053
8453
16572
5734
14667
8036
11926
7287
7016
1808
7536
10753
15567
6646
11163
14817
14563
14678
6848
18044
19031
17953
19296
13923
13832
9121
1595
18511
10939
13998
14031
17440
5002
10004
12746
16329
7263
11785
3700
702
5341
1484
11751
2137
13484
19537
14379
13193
14482
9325
18588
6145
16475
1319
6727
10365
8394
3890
9996
14996
9642
5043
7345
18544
16158
1221
11885
17424
5862
14519
592
8388
1708
1964
13473
17366
4430
14374
19659
19941
12384
18338
6172
15876
17567
18103
13370
3507
12722
5035
5575
5650
13077
13913
19730
4515
18702
13146
11587
5387
11042
10122
10563
9664
12169
18159
7614
13551
7861
11684
3614
4127
16870
13491
6302
1799
12590
15676
5582
19190
14786
19273
1950
5027
4339
2506
14475
14794
13383
18434
10567
5299
7545
15143
6366
17525
8121
362
13127
19966
181
16018
3628
357
14170
11822
13797
17022
11024
19178
17992
5938
12426
6169
11891
3813
18029
7811
6652
9640
18595
15449
6819
5040
6920
3311
14118
11802
1922
3950
9320
4498
1471
17746
1836
5888
4762
12281
179
10761
6842
7096
622
10703
11512
64
18165
6720
19929
9423
7007
1750
11748
8777
12529
12919
19441
11993
1435
15638
18809
14569
10916
18652
13762
1359
9480
5166
276
3684
16945
13015
2031
0
16101
14664
915
17652
961
4304
3991
14075
13458
2538
4341
9890
852
8758
2075
3089
10574
6951
8177
12310
10549
13986
14525
446
19509
3211
9284
19197
19019
5259
14021
1995
6712
6656
2687
7182
17972
11310
3864
4873
15901
2968
6831
17769
11127
6427
2226
14001
17046
5445
13059
5690
6008
16779
1295
11462
7825
10408
4722
11097
19984
927
13173
2440
18506
13241
2462
10321
13262
6602
7752
5323
19366
4155
18143
1393
8750
4548
8236
10335
14314
12780
10095
4773
6996
5422
7517
11918
13075
3034
18555
10489
6837
3095
3202
695
3895
6498
7309
1487
13035
7660
6257
3499
11607
9751
9072
2652
4335
7246
11614
15250
16398
19065
13926
17010
3657
12198
6170
13582
4525
10118
17763
3716
8869
3343
7404
9992
15178
2512
18178
12406
6626
8383
16929
9953
12903
12686
12415
17706
17441
8631
12703
15151
1455
14390
14970
4428
15827
16292
12536
1542
7672
7624
13230
2794
13954
18961
11044
555
396
8911
10600
12493
425
18623
5155
13454
11719
5703
18229
12635
2647
13758
4663
15127
11991
13016
4182
3122
8677
8165
17758
564
7623
12866
12538
9370
3579
13204
10874
12921
12189
5444
2721
6787
18903
9436
15232
4837
7748
7560
15315
330
19625
8112
13319
82
12978
8341
12168
18863
16555
3214
1018
10274
16550
13931
12313
19815
4439
19112
17476
13195
3689
19975
19297
18543
10816
16719
6266
15297
6029
5626
8125
242
17988
12882
11118
10469
10900
6251
7487
10752
8200
16957
14788
10279
307
3416
17621
12955
2946
6076
4898
9434
19878
17349
395
14292
2950
2046
18545
19038
15938
13522
12891
13511
12385
2873
1067
17534
4176
2493
3155
5562
11068
5605
19820
10935
3140
16403
10943
2275
2694
10710
9509
9789
5281
59
9961
16789
2795
9186
9830
13682
18519
4694
18905
9058
2798
14445
4578
5437
19359
5905
9352
8456
19282
8624
7762
12831
12624
9335
9714
8283
2811
13862
15154
6025
5065
12767
13200
10964
2528
11756
12597
2017
8387
9508
16674
17362
10047
16733
6649
13274
10942
11088
2253
19794
494
3052
10
5594
4298
15219
10938
4396
13338
15203
13257
1969
885
15964
2745
16433
13535
13867
3949
11079
9435
10040
10723
16269
2881
18328
12674
18596
11419
7187
14585
18037
12881
12938
13831
11932
6286
19281
4031
18495
6238
10454
15763
8752
13759
19474
5848
8688
13198
8741
17921
17913
1505
607
9817
7417
14085
19315
18707
6991
959
16723
4730
18261
12595
18620
14423
1390
10864
11977
10989
9234
12472
5126
2646
2719
18406
19356
10349
1023
19681
8123
8835
12481
2716
15979
5038
9248
721
17688
19686
16640
11720
19679
16990
16781
2357
4504
13987
10216
863
3735
4249
8767
17318
18312
14836
3414
8966
19910
11910
15764
3687
12810
6182
801
11599
500
16739
7027
16030
17889
16243
1323
7173
12010
11744
1026
1830
11022
19626
8065
15194
19013
12663
17806
9036
5329
3963
4541
19488
14389
50
4859
7122
19753
1428
10709
4951
5722
4293
458
19102
1125
3736
332
16635
15235
16707
6854
19116
3361
7963
16274
1736
3694
5248
3475
15889
18013
17165
10117
10032
19294
12078
15300
13505
14516
14689
10139
1286
4269
1273
14151
7711
6031
17335
13322
4323
5208
336
11765
19956
2843
16457
5111
12386
12889
6278
19238
11002
1348
14254
16694
11423
19213
17402
1
4022
3625
14927
11
2567
3719
7598
15066
2499
1902
9930
6573
19980
1757
11552
15811
9233
13658
19177
12507
12945
13132
14575
5921
17518
16054
1865
14929
6516
340
11700
13472
12585
518
10348
4043
18794
14918
418
4671
13669
8463
13178
17380
2164
3444
4109
8996
16177
10149
2333
16718
11061
11008
12454
13773
7447
13885
15625
1001
10280
309
9149
10840
3042
12960
3714
17676
11319
8405
5249
12555
6272
17743
14511
19934
7952
2260
1150
4468
934
10230
6611
12627
3290
7123
13849
8804
14227
17179
9228
14479
4274
5063
19933
8161
18212
3474
4567
15382
3539
6679
8281
18423
19376
19593
9721
19955
8369
1834
3570
3494
19348
5408
6248
7135
12291
13619
3385
12501
718
4950
4971
6719
9880
11149
14203
11299
4989
13050
7290
12212
13164
16529
15502
14524
14071
16050
213
13026
17801
18878
11231
9086
10880
14092
9825
13017
4138
4626
5234
13004
14688
3942
515
5156
5129
12765
2712
1901
18970
15941
17305
15189
7402
443
14699
3262
9700
16973
17679
7062
17133
11272
1544
16413
17843
14492
5048
10418
1368
19421
14506
8668
16575
2949
15679
18751
127
3892
1240
465
13746
19925
17186
4416
18225
19219
3915
7367
11778
2900
9967
14494
12465
7138
6866
11727
18922
3086
4706
13355
9265
9847
13992
5607
17622
12494
882
7042
4189
4303
7468
13323
14366
6729
3554
17788
10475
17586
7488
16780
6515
12148
11827
5221
1246
6120
15978
13567
14175
8359
6701
10967
3482
9671
9824
16514
8788
12391
1108
13357
963
17662
2497
14626
991
13234
2233
14845
19405
8
9484
19754
7878
1162
7986
15788
6180
9469
16702
10564
3179
14652
19539
17970
10581
5140
8016
2571
5080
16842
7982
3630
7764
14637
9515
14451
8014
1104
12781
19255
12531
6726
727
15965
7695
6354
6904
7504
10606
8830
4815
19122
10521
3173
582
233
6785
15283
14469
13057
3983
4928
3762
17764
2106
3344
6047
7704
1987
3293
18999
4708
5491
3553
4159
17820
13259
2047
4005
18425
4796
7023
16038
10098
15824
7490
5236
42
3646
11615
19362
19809
295
15696
15766
3997
19385
11804
9644
12038
14258
6778
8488
1189
6771
8368
15620
11155
18710
15140
15819
15993
9607
13712
9654
18708
6183
17533
16998
3456
5652
11764
19445
51
8866
4157
14801
16931
3392
3593
4894
11194
10110
12104
6532
16906
11442
2540
18810
5550
413
14440
17864
14925
16868
5436
763
2182
9369
8567
14420
12657
874
6650
15988
4170
2131
7988
3463
8362
7229
16166
19224
14717
2824
10477
9099
17158
18253
14104
14407
16778
13694
11491
719
16764
4484
6937
12940
183
7537
13399
8338
19000
5937
1626
5849
1880
1381
12807
10050
15552
1444
10962
11308
10583
9877
4342
8199
14921
9445
19185
8115
9936
1617
139
10684
3788
14720
18668
319
12225
4597
2332
16801
18973
2394
12818
17671
19693
13036
18260
6917
15741
16293
4443
14708
17252
338
7134
6474
5255
14358
3867
1029
9703
13182
19017
2244
16631
1685
16885
5887
8080
5334
19746
3884
7556
8276
6063
6540
1102
16023
15921
9329
16192
356
5843
1962
3666
3217
1624
16619
19930
7288
16817
5197
5676
3726
195
14919
19953
15035
4290
17113
5113
4105
13626
367
10648
10159
15952
9585
16250
7380
16341
15735
5493
5007
5708
13212
18998
12438
8430
6430
18398
16855
114
18276
18728
19274
3564
6796
6956
14257
5171
12294
5198
9956
16376
12504
18806
6966
13556
14507
9080
13167
1820
6062
6754
11217
3356
10012
17641
3870
2602
5078
7220
8555
15326
8499
3795
14194
16576
13633
19402
382
12760
3199
18198
10069
2327
13490
17870
3357
7119
14359
15437
15517
4809
13660
9771
16167
14039
2926
11937
19847
11048
15220
5922
17452
19549
10871
10358
1041
17937
9109
10626
17958
9570
13203
2126
7059
2245
10500
16410
10914
745
15183
8302
8263
14567
7052
18105
13188
19869
3857
2731
10682
1272
938
4821
10645
19747
9842
16464
13787
11466
9221
14240
13898
9935
19658
19637
3665
19599
4423
4599
2488
371
15108
4464
17989
15489
1236
17675
7407
12257
2940
1354
19001
12649
17555
13084
19349
7064
9709
2679
2615
9041
26
13636
8104
18895
8153
14654
7573
15825
18036
88
8789
290
13430
17208
17613
17589
13605
4325
15323
10837
5473
18787
1892
3811
17744
9102
1216
9632
7610
655
19333
1827
15986
6146
15362
8563
19565
2181
3664
284
14851
19220
2565
8949
10156
7735
270
15218
12929
856
7100
13256
19760
18015
5534
19126
15617
7792
5503
8497
14252
18782
19718
5563
17363
13555
3064
12013
12053
14696
8168
11911
13827
17846
16228
5995
15044
14496
10514
3946
2671
17125
12498
1589
7869
4096
5520
3233
11275
7046
10268
8315
19728
3569
10254
627
17583
12959
7870
14348
19884
17580
9833
16173
1007
1591
9574
1513
5644
16078
4841
57
12419
4660
8526
17960
11005
18471
16183
17550
4101
7760
17951
13201
6484
13616
2456
15045
12303
743
5060
1660
1308
17822
8621
6245
17948
7415
11064
1910
16162
1779
16291
19821
18921
1397
4683
6847
10542
11994
14774
11651
6820
9919
10690
5287
17577
1349
19503
14979
1635
7375
11253
15836
19448
7774
17620
7478
11284
16851
4802
18667
18321
15471
16775
10466
9375
15527
1345
17268
8381
10965
15744
5384
19262
1581
7603
4949
8506
10129
12773
9044
493
2085
1821
8875
847
1693
3114
4175
18238
17507
2960
11740
16165
2957
10858
8089
18788
9031
528
14
19477
4041
6404
3433
2928
14101
14340
1302
15447
3709
5596
11796
5345
13133
5397
11226
10097
3611
2362
19104
3260
6962
3043
1641
230
12488
16021
13438
14159
239
3364
17783
4228
14044
898
16089
9661
1463
16586
17196
5172
12187
11246
4885
474
16047
19225
9084
2814
5528
5730
2871
3020
6362
4227
12251
14628
1526
18929
18489
19687
12725
3449
585
4912
2423
12790
19481
9806
9720
299
1972
12127
16163
11697
6207
2021
4246
3420
7498
4142
18091
8884
17973
11653
10245
16355
7496
4
7578
14098
7098
8285
7696
12275
19127
17030
3566
1353
14895
4666
10127
19893
11256
4747
8330
11457
4678
14900
19275
19164
9809
1588
7833
10123
14555
12887
1343
13120
1238
9116
18397
16728
17087
3216
6150
16115
11873
18629
14313
17334
9995
16683
10070
787
19397
4211
10680
9717
4226
18943
7247
12059
9100
7070
2359
14236
15992
3791
16894
5678
18035
7055
10730
17664
11715
11971
16087
864
15180
12926
5393
8909
16371
943
9191
5272
6563
2730
18524
5808
3032
17033
13349
8210
4680
15757
6954
4082
9465
15176
11853
5196
8025
6686
18669
13512
7697
18348
274
11208
12380
11377
10653
11584
4276
7605
5307
13795
3819
19295
12464
3513
4630
14892
190
9536
4639
4595
17619
15900
12885
5657
13906
12721
5881
19230
12008
6097
6407
5386
11537
46
9577
7786
4560
18182
17893
12827
16524
11169
14050
15698
4677
4743
656
597
3410
16484
15796
7615
17245
15142
17486
17656
13894
17927
392
18316
16217
13861
2024
10905
10669
5233
19741
11095
2375
10137
9997
3681
7897
11659
4039
10084
4079
1804
16349
14220
17549
5405
5604
11624
8169
13798
10536
18698
14368
2108
10976
16058
12937
13260
7914
14835
9356
941
19527
18956
12214
2880
16138
17467
5615
940
5388
4880
2192
19849
10554
797
8786
16009
14705
6981
442
96
7510
7039
11009
18628
2425
2129
3025
4617
13510
14165
18978
6021
18935
10692
3602
10034
17177
19223
9412
2613
12751
4203
15580
13647
19053
478
14827
10000
13031
5392
16943
13205
1957
10424
8370
1157
1856
17312
18399
1303
12658
10511
18864
4000
13943
13944
12185
18313
10169
19691
4449
1333
19199
14284
18771
13777
16567
18405
3548
13179
15736
5184
14145
18251
8239
3310
9490
11047
4023
9403
6858
4046
7945
14883
6963
8596
16015
10300
2829
17431
14367
16286
11113
14581
12617
13207
8175
6826
15935
6999
11245
9920
12161
13994
16471
16247
10157
6574
18461
13042
7475
11332
12244
3748
18747
11875
2444
13245
19639
5269
1621
12051
10041
8290
7733
812
17293
2527
16268
15107
19200
6765
1285
6594
15678
12724
17330
17617
6215
19507
5016
18925
11848
1943
16692
17107
18493
1729
8829
4195
3809
16989
12121
5838
18108
7251
2750
7126
2393
19804
8847
18869
7840
6663
17595
1678
1020
10235
7194
3365
7160
17667
2380
16424
5807
13415
18900
6850
11154
1772
14089
10990
2379
5428
6303
18703
4516
6507
15428
19924
7999
8864
5069
6265
7628
929
2566
5418
14865
17112
11815
7731
16978
3845
11148
1548
6844
13908
1843
6964
1636
141
1801
19865
5268
10449
15549
10249
9158
9915
10630
14142
10634
8129
11434
10220
5194
10915
1956
17883
7405
8068
16796
4866
5277
14586
15165
16055
17324
19005
3079
19620
2903
15501
17707
14974
16731
14405
14778
6542
10917
13839
240
5070
12966
17037
4431
13346
12110
8059
2029
10724
17357
18308
4004
14942
7625
12516
4382
19455
4539
11892
3771
14416
18046
10428
18661
19418
15160
18744
6347
13080
1952
15246
9773
13730
12661
13119
16832
15319
1784
19018
2760
12963
17636
19781
18088
17172
16364
5968
3152
7140
9142
15332
8600
118
7113
13501
16359
17304
12137
11667
14351
6175
2820
2045
