U???Fn{nfsNo?_??A??S?H??G???Fw?Fw?B{??~? n=22 c=5 b=4 nu_cut=4 good=40 nongen=[] mism=0
U??F~z{~?GE???o??_A??????Lw?\o?No?Jw?Bm? n=22 c=4 b=5 nu_cut=4 good=39 nongen=[] mism=0
S??F~z{~?_??I?A?C??g??B{?No?^_?^_ n=20 c=4 b=4 nu_cut=4 good=33 nongen=[] mism=0
W???Fv{|b{VoC?H_G_C????????????Fs?A}??v_?E{??Vo n=24 c=5 b=5 nu_cut=4 good=45 nongen=[] mism=0
W????Azjtu]g\o^OO??G?`?@O?????C????~??No?@}??Fw n=24 c=6 b=4 nu_cut=4 good=41 nongen=[] mism=0
U??F~z{~@?W???C???@??D???No?^O?Vo?Ng?B]? n=22 c=4 b=5 nu_cut=4 good=35 nongen=[] mism=0
U???Fu}|e{VoO?B????c???AG???Fw?Fw?B{??~? n=22 c=5 b=4 nu_cut=4 good=35 nongen=[] mism=0
W??F~z{~A??_C?_?G?D?????????^O?Uw?Mk?@n??Mw?@j_ n=24 c=4 b=6 nu_cut=4 good=41 nongen=[] mism=0
Y????AnnfiNW^_~?W??A????G??g??C???????No?@v??Fk??Fw??Jw? n=26 c=6 b=5 nu_cut=4 good=49 nongen=[] mism=0
Y????@zuvM]o~?{o@??A?A??D?????_??C????Fw?@|??F[??Lw??Lw? n=26 c=6 b=5 nu_cut=4 good=50 nongen=[] mism=0
W???B}}^fw]oA?C??OCO??????@C???F[?B{??}_?F[??]o n=24 c=5 b=5 nu_cut=4 good=42 nongen=[] mism=0
S??F~z{~B?A?@?C?@??O??B{?No?^_?^_ n=20 c=4 b=4 nu_cut=4 good=34 nongen=[] mism=0
W??F~z{~??????o?C_A??@??G???\g?Mw?Mk?@}??Tw?@z? n=24 c=4 b=6 nu_cut=4 good=46 nongen=[] mism=0
U???B~mve{^OK???O??c???B????Fw?Fw?B{??~? n=22 c=5 b=4 nu_cut=4 good=34 nongen=[] mism=0
U??F~z{~?GO?P?????C??E???No?No?^O?Lw?Bm? n=22 c=4 b=5 nu_cut=4 good=39 nongen=[] mism=0
U??F~z{~A???P???A?C??c???No?]o?^_?Lw?@}? n=22 c=4 b=5 nu_cut=4 good=39 nongen=[] mism=0
Y????Bm}b]]g\oZo?gCC?C??@??O??????????Jw?@v??F[??Lw??Fw? n=26 c=6 b=5 nu_cut=4 good=38 nongen=[] mism=0
Y??????yt\I{^OtWQ{A}??_?G?C??@??@?_?C?????^_?@}??B{??B{? n=26 c=7 b=4 nu_cut=4 good=46 nongen=[] mism=0
U???Fv{^e{NoA????_?C?G_AC???Fw?Fw?B{??~? n=22 c=5 b=4 nu_cut=4 good=35 nongen=[] mism=0
U??F~z{~C?C?C???O?@??D???No?Zo?^O?No?B]? n=22 c=4 b=5 nu_cut=4 good=34 nongen=[] mism=0
Y???Fz{}f[^O??A??_A??@_?_?????C???Bf??yo?Du??[w??v_??uo? n=26 c=5 b=6 nu_cut=4 good=42 nongen=[] mism=0
U??F~z{~??C?@?@?A?E??A???Mw?Vo?^O?Mw?@}? n=22 c=4 b=5 nu_cut=4 good=36 nongen=[] mism=0
Y??F~z{~E_??C???C?@???????C????ZS?MM?@v??[w??]o?@^??@|?? n=26 c=4 b=7 nu_cut=4 good=44 nongen=[] mism=0
Y??????i~dTkNWtW[wEf?O??_????AG??W??C?????^_?@}??B{??B{? n=26 c=7 b=4 nu_cut=4 good=45 nongen=[] mism=0
W??F~z{~?GK?@???G????C??_???Jw?\g?NK?A}??Xw?@\_ n=24 c=4 b=6 nu_cut=4 good=47 nongen=[] mism=0
Y??????^U]NWkwnOZS@n?AGA_??D?A????????????^_?@}??B{??B{? n=26 c=7 b=4 nu_cut=4 good=53 nongen=[] mism=0
U???Fx}zfw^OP?B?O?????_?O???Fw?Fw?B{??~? n=22 c=5 b=4 nu_cut=4 good=36 nongen=[] mism=0
Y???Fnmvfs]oG?B????o?O?????O??????Bm??\o?Dy??\o??to??nO? n=26 c=5 b=6 nu_cut=4 good=52 nongen=[] mism=0
Y????BZVru^OvONoC??A???A??@C??G?@?????NW?@|??F[??Lw??NW? n=26 c=6 b=5 nu_cut=4 good=42 nongen=[] mism=0
W???E}}vfw]oG?G?A??O????C?AO???Fk?B{??}_?Fw??Zo n=24 c=5 b=5 nu_cut=4 good=48 nongen=[] mism=0
Y????A^nR{\o^Olo?G?A?O?@G???????@_????No??~??B{??NW??Mw? n=26 c=6 b=5 nu_cut=4 good=46 nongen=[] mism=0
Y??F~z{~@G??_?C??????I?????_???Ys?Nc??|_?Xs??v_?@N_?Bl?? n=26 c=4 b=7 nu_cut=4 good=46 nongen=[] mism=0
U???B~{}f[^_A?C?C?E???_?O???Fw?Fw?B{??~? n=22 c=5 b=4 nu_cut=4 good=35 nongen=[] mism=0
U???Fnu^fwZoC?O????W?__?A???Fw?Fw?B{??~? n=22 c=5 b=4 nu_cut=4 good=36 nongen=[] mism=0
U???Fzu~E{No??O_O_@???_A????Fw?Fw?B{??~? n=22 c=5 b=4 nu_cut=4 good=40 nongen=[] mism=0
W??F~z{~?_H???K?@????O??????Vg?Fw?Mw?@v??Lw?@r_ n=24 c=4 b=6 nu_cut=4 good=39 nongen=[] mism=0
Y??????~A}\gxgfgZKDl?GG?@????AA??A??G?????^_?@}??B{??B{? n=26 c=7 b=4 nu_cut=4 good=52 nongen=[] mism=0
Y?????~nc}^G{o{o?O?A????C?A??CO??_????Ng?@n??D{??Ng??No? n=26 c=6 b=5 nu_cut=4 good=42 nongen=[] mism=0
Y??F~z{~????A?g?A??G?@????C????W{?Na?A|??X[??}_?@\_?BF_? n=26 c=4 b=7 nu_cut=4 good=38 nongen=[] mism=0
W??F~z{~C?@???_?G??O?O??_???[w?No?I{?A|??Tw??|_ n=24 c=4 b=6 nu_cut=4 good=34 nongen=[] mism=0
Y???B~]^fkZo??G??O?O?A????C_?@?????~??xo?D{??Vg??ro??zO? n=26 c=5 b=6 nu_cut=4 good=38 nongen=[] mism=0
U???Fx}vd{]oO_G_?_???O?A????Fw?Fw?B{??~? n=22 c=5 b=4 nu_cut=4 good=41 nongen=[] mism=0
Y??F~z{~??@???O?B?C??O??O??????I{?Bm?@|??\S?@rO?Be_?A{_? n=26 c=4 b=7 nu_cut=4 good=45 nongen=[] mism=0
W????@|~FkYw}_NoO??Q?W?A???G???????~??No?@}??Fw n=24 c=6 b=4 nu_cut=4 good=40 nongen=[] mism=0
S??F~z{~??O?B?G?O?@_??B{?No?^_?^_ n=20 c=4 b=4 nu_cut=4 good=33 nongen=[] mism=0
W??F~z{~?_??I????_???A?AO???Zg?No?H{?Bf??\o?@^? n=24 c=4 b=6 nu_cut=4 good=46 nongen=[] mism=0
Y??F~z{~??C?????P??G?o?????O???Lw?JU?Au_?M[?@V_?Bx??B\?? n=26 c=4 b=7 nu_cut=4 good=46 nongen=[] mism=0
Y??????h}uJkJw\gVcFb???????C??E?@C??c?????^_?@}??B{??B{? n=26 c=7 b=4 nu_cut=4 good=52 nongen=[] mism=0
Y??????w~sNKbwyg\cB{?@??B?????B??O??C?????^_?@}??B{??B{? n=26 c=7 b=4 nu_cut=4 good=44 nongen=[] mism=0
Y??????vQ^UsugxoD{FM?K??__?a????A?????????^_?@}??B{??B{? n=26 c=7 b=4 nu_cut=4 good=52 nongen=[] mism=0
Y?????~^d]VWzO{oO??I?O??O?C?????@?????Jw?@v??Fw??Mw??Lw? n=26 c=6 b=5 nu_cut=4 good=48 nongen=[] mism=0
Y????A|vfq^_youo?G?_??_?E??G????@?????Mw?@^??D{??NW??Mw? n=26 c=6 b=5 nu_cut=4 good=50 nongen=[] mism=0
Y????@vnbyMwyo}_A_?O???A???C?C???@????Ng?@z??F[??Ng??Fw? n=26 c=6 b=5 nu_cut=4 good=50 nongen=[] mism=0
U??F~z{~A?C_??I?G????A???Jw?]o?\o?Ng?Bu? n=22 c=4 b=5 nu_cut=4 good=35 nongen=[] mism=0
Y??F~z{~B?G???????Cg??????C????Uw?J[?@v??X[??|O?Az??@x_? n=26 c=4 b=7 nu_cut=4 good=44 nongen=[] mism=0
W??F~z{~A?B_??_?A??G????????[w?Ng?Fw?A}??Vg?@\_ n=24 c=4 b=6 nu_cut=4 good=44 nongen=[] mism=0
U??F~z{~??@?_?@?A??_?W???Jw?^O?^_?Jw?Bm? n=22 c=4 b=5 nu_cut=4 good=35 nongen=[] mism=0
Y????Btjuy\W{omo?o???O??g????A???O????Ng?@^??Fw??Mw??Fw? n=26 c=6 b=5 nu_cut=4 good=48 nongen=[] mism=0
W???Fny}fwVoD?G??OC??@??C??????D{?@}??}_?D{??]o n=24 c=5 b=5 nu_cut=4 good=39 nongen=[] mism=0
Y??F~z{~?G????C?@????G??C??o???Fk?Fs?B{??[[??~??Bf??BJ_? n=26 c=4 b=7 nu_cut=4 good=53 nongen=[] mism=0
S??F~z{~?OO_H?A???C???B{?No?^_?^_ n=20 c=4 b=4 nu_cut=4 good=33 nongen=[] mism=0
W????AvZvq^O|Oxo??C_?A??E??G??C????~??No?@}??Fw n=24 c=6 b=4 nu_cut=4 good=39 nongen=[] mism=0
W????BV]veVgrov_??AC?_??S?@G???????~??No?@}??Fw n=24 c=6 b=4 nu_cut=4 good=40 nongen=[] mism=0
Y????@}zVY]gn_}_Y???????C??A??O??A????Fw?@|??B{??Jw??Ng? n=26 c=6 b=5 nu_cut=4 good=35 nongen=[] mism=0
W???B~mvf[^OA?_?C????G?@A??_???E{?B]??}_?Fs??]o n=24 c=5 b=5 nu_cut=4 good=38 nongen=[] mism=0
W???Fz]}fs\o???_??@O?H?@A??????Fs?Bu??|_?Fw??\o n=24 c=5 b=5 nu_cut=4 good=41 nongen=[] mism=0
W??F~z{~A?????G?A????C??k???^_?]o?I{?Bu??Fw?@r_ n=24 c=4 b=6 nu_cut=4 good=39 nongen=[] mism=0
Y????@n~C}Fw}Oz_?GC??c_?_??A??????????No?@n??Fk??Ng??Lw? n=26 c=6 b=5 nu_cut=4 good=53 nongen=[] mism=0
U???F^]|fk\o??C?@_?O?A??a???Fw?Fw?B{??~? n=22 c=5 b=4 nu_cut=4 good=34 nongen=[] mism=0
U??F~z{~?GA?_?O???A_?@???No?^_?^O?Mw?B]? n=22 c=4 b=5 nu_cut=4 good=36 nongen=[] mism=0
W???B~]~F[^O@?_?D?C??C??C??????Fk?B]??|_?B{??Vo n=24 c=5 b=5 nu_cut=4 good=41 nongen=[] mism=0
U???F^{|fk\oB?_?GO@??C??????Fw?Fw?B{??~? n=22 c=5 b=4 nu_cut=4 good=30 nongen=[] mism=0
Y??F~z{~A?@???a?C????O??_??????[s?B{?BX_?Ng?@Uo?Bf??Am_? n=26 c=4 b=7 nu_cut=4 good=52 nongen=[] mism=0
W??F~z{~COC???C????_?O?@????^O?Vo?E{?B{??Fw??|_ n=24 c=4 b=6 nu_cut=4 good=40 nongen=[] mism=0
Y??????i~YTs]o\gR[Fs??OA?_?G?????O??P?????^_?@}??B{??B{? n=26 c=7 b=4 nu_cut=4 good=53 nongen=[] mism=0
W????BrvdyZgmotoCO?O?G?@???C??G????~??No?@}??Fw n=24 c=6 b=4 nu_cut=4 good=48 nongen=[] mism=0
Y????BNyuyNgz_No?OA??_O??????C???o????No?@v??Fw??Lw??Fw? n=26 c=6 b=5 nu_cut=4 good=49 nongen=[] mism=0
U???Fzuvd{^OK?I????C?_??A???Fw?Fw?B{??~? n=22 c=5 b=4 nu_cut=4 good=40 nongen=[] mism=0
W??F~z{~?OC???`?O??O???@????VW?\o?E{?@v??\o?@^? n=24 c=4 b=6 nu_cut=4 good=40 nongen=[] mism=0
W???Fn{ve{^O_???@O??????S?@G???Fs?Bu??v_?E{??^_ n=24 c=5 b=5 nu_cut=4 good=42 nongen=[] mism=0
Y????Bxyvk]ovO^O???_?@??G?C???C??H????Lw?@|??F[??No??NW? n=26 c=6 b=5 nu_cut=4 good=49 nongen=[] mism=0
S??F~z{~????g?D?K?A???B{?No?^_?^_ n=20 c=4 b=4 nu_cut=4 good=33 nongen=[] mism=0
W??F~z{~????P???K??G?A??O???\W?]o?J[?BN??Zo?@{_ n=24 c=4 b=6 nu_cut=4 good=47 nongen=[] mism=0
Y??F~z{~@?I?G???@?????????CG???Fw?Li?BX_?U[?@Ro?BN??@^?? n=26 c=4 b=7 nu_cut=4 good=46 nongen=[] mism=0
Y???Fnu}d{^O@?A?@??_??_@G?????????Bm??ro?Eu??Mw??jo??mo? n=26 c=5 b=6 nu_cut=4 good=41 nongen=[] mism=0
Y??F~z{~A???@?A??_C??A????A????Xk?Km?Ax_?U[?@f_?@v??@}?? n=26 c=4 b=7 nu_cut=4 good=54 nongen=[] mism=0
Y???Fzuvfs^_??B??????g??_??C?A????Av??yo?D{??^_??zO??lo? n=26 c=5 b=6 nu_cut=4 good=49 nongen=[] mism=0
U??F~z{~B?C???C?O????S???Fw?]o?]o?No?B{? n=22 c=4 b=5 nu_cut=4 good=34 nongen=[] mism=0
S??F~z{~??E?G?B?G?C???B{?No?^_?^_ n=20 c=4 b=4 nu_cut=4 good=35 nongen=[] mism=0
Y??????xuNLkVgMw]SEf?`??G??Q????????g?????^_?@}??B{??B{? n=26 c=7 b=4 nu_cut=4 good=51 nongen=[] mism=0
Y??F~z{~C???_?@?B?????????AO???Uk?Li?@v??Tw?@VO?B{??@V_? n=26 c=4 b=7 nu_cut=4 good=52 nongen=[] mism=0
S??F~z{~??O?W?c?A?A???B{?No?^_?^_ n=20 c=4 b=4 nu_cut=4 good=33 nongen=[] mism=0
W????AztvsNgnO\o?????P??@?CG?CC????~??No?@}??Fw n=24 c=6 b=4 nu_cut=4 good=46 nongen=[] mism=0
Y???E~m^fk^_G?_?@o??????O??C??????B]??vO?Dm??NW??|O??vO? n=26 c=5 b=6 nu_cut=4 good=46 nongen=[] mism=0
W??F~z{~A???A?Q??_@?????C???Lw?Xw?Mk?B{??]o?@^? n=24 c=4 b=6 nu_cut=4 good=41 nongen=[] mism=0
W????BZzfMJwz_v_???A?c????@A?@A????~??No?@}??Fw n=24 c=6 b=4 nu_cut=3 good=39 nongen=[] mism=0
W????BmNr]\Wn_moG_A??o?????_?C?????~??No?@}??Fw n=24 c=6 b=4 nu_cut=4 good=37 nongen=[] mism=0
Y????Bj}fYFw|O|O@?A?????O?CO??C??C????NW?@|??E{??NW??Fw? n=26 c=6 b=5 nu_cut=4 good=49 nongen=[] mism=0
Y????Bjuvw^G\o~?O????C_?K?@??????@????Lw??~??D{??Ng??Mw? n=26 c=6 b=5 nu_cut=4 good=42 nongen=[] mism=0
Y??F~z{~?O??@?G?P?????????B????Zo?M[?@N_?S{?@ko?@v??Bu?? n=26 c=4 b=7 nu_cut=4 good=52 nongen=[] mism=0
Y??????hy^JwzOYwNWD{??G????_??_?AO??H?????^_?@}??B{??B{? n=26 c=7 b=4 nu_cut=4 good=37 nongen=[] mism=0
W??F~z{~C_A?@?A?@_??????????Lw?[w?Ls?Bf??Fw?@}? n=24 c=4 b=6 nu_cut=4 good=39 nongen=[] mism=0
S??F~z{~AGW???g???@???B{?No?^_?^_ n=20 c=4 b=4 nu_cut=4 good=32 nongen=[] mism=0
W??F~z{~??E?I?A?O??????A????Rw?Vo?Mw?BV??^O?@V_ n=24 c=4 b=6 nu_cut=4 good=40 nongen=[] mism=0
U???Fzyvb{\oA?c?I????g??????Fw?Fw?B{??~? n=22 c=5 b=4 nu_cut=4 good=40 nongen=[] mism=0
W???B|}|fsZo??A??????B??o?CG???Fk?@}??~??E{??^O n=24 c=5 b=5 nu_cut=4 good=41 nongen=[] mism=0
W??F~z{~@?C?E?C??_?O????????Yw?Xw?Jk?Bu??Fw?@j_ n=24 c=4 b=6 nu_cut=4 good=40 nongen=[] mism=0
W????A}vR]Yw}_z_C????_O?W??_?A?????~??No?@}??Fw n=24 c=6 b=4 nu_cut=4 good=41 nongen=[] mism=0
W??F~z{~???_??_????_?A?@K???\o?Jw?E{?B{??Vo?@\_ n=24 c=4 b=6 nu_cut=4 good=44 nongen=[] mism=0
S??F~z{~AOI?G?G?@?????B{?No?^_?^_ n=20 c=4 b=4 nu_cut=4 good=33 nongen=[] mism=0
U???B}}zb{]oa?O????o?C??A???Fw?Fw?B{??~? n=22 c=5 b=4 nu_cut=4 good=36 nongen=[] mism=0
Y??????[|{]SjWvGTkFU?@?????A??D??Q??C?????^_?@}??B{??B{? n=26 c=7 b=4 nu_cut=4 good=53 nongen=[] mism=0
W???Fny|e{^_B_????C_?Q?????????B{?Bu??}_?B{??\o n=24 c=5 b=5 nu_cut=3 good=44 nongen=[] mism=0
U???Fz]zb{^_??C_A??G?_??g???Fw?Fw?B{??~? n=22 c=5 b=4 nu_cut=4 good=35 nongen=[] mism=0
Y???Fx}nfsZo???_?OC??O??G??_?@????Bm??|O?E{??\W??fo??mo? n=26 c=5 b=6 nu_cut=4 good=56 nongen=[] mism=0
W????Anut{NW{ozO??@??@??Q?C???I????~??No?@}??Fw n=24 c=6 b=4 nu_cut=4 good=47 nongen=[] mism=0
U??F~z{~??@?A?X?E????????Jw?\o?]o?Fw?Bm? n=22 c=4 b=5 nu_cut=3 good=38 nongen=[] mism=0
S??F~z{~A???W???B?CO??B{?No?^_?^_ n=20 c=4 b=4 nu_cut=4 good=33 nongen=[] mism=0
U???B~]zf[No_?C?A??C?I??C???Fw?Fw?B{??~? n=22 c=5 b=4 nu_cut=4 good=35 nongen=[] mism=0
Y??F~z{~AGC?@?O?????????W??????B{?Fq?@\_?\o?@Yo??z_?Am_? n=26 c=4 b=7 nu_cut=4 good=44 nongen=[] mism=0
U??F~z{~A??_O???T??O?????No?]o?Vo?Ng?Bu? n=22 c=4 b=5 nu_cut=4 good=39 nongen=[] mism=0
Y??F~z{~??C???@?O??G?C?@??C????Vg?B]?@y_?\g?@xO?AN_?Bi_? n=26 c=4 b=7 nu_cut=4 good=54 nongen=[] mism=0
W????AvlviNouo~?@??I?_?@???C?A?????~??No?@}??Fw n=24 c=6 b=4 nu_cut=4 good=40 nongen=[] mism=0
U???Fnyzfw\o_?G?B??c???@????Fw?Fw?B{??~? n=22 c=5 b=4 nu_cut=4 good=42 nongen=[] mism=0
U???Fn]zd{^_B?g?G???????a???Fw?Fw?B{??~? n=22 c=5 b=4 nu_cut=4 good=41 nongen=[] mism=0
Y????Bjze]^_vOlo?_@??O??Q??A?????_????Mw?@v??E{??Lw??Jw? n=26 c=6 b=5 nu_cut=4 good=44 nongen=[] mism=0
Y????AzzRyZWuo^_O?@??H??P???????A?????Lw?@z??Fs??Jw??Mw? n=26 c=6 b=5 nu_cut=4 good=47 nongen=[] mism=0
U???Fz{^f[ZoC?O?AO?W????A???Fw?Fw?B{??~? n=22 c=5 b=4 nu_cut=4 good=40 nongen=[] mism=0
W????A^xviNoroZo?????_OAA?A???o????~??No?@}??Fw n=24 c=6 b=4 nu_cut=4 good=41 nongen=[] mism=0
Y??????\lNJwyWswT[Dj?A_?S????????_??`?????^_?@}??B{??B{? n=26 c=7 b=4 nu_cut=4 good=46 nongen=[] mism=0
S??F~z{~A???K?o???@G??B{?No?^_?^_ n=20 c=4 b=4 nu_cut=4 good=33 nongen=[] mism=0
W??F~z{~?W????_?G????D??_???No?ZW?M[?@|??Ng?@t_ n=24 c=4 b=6 nu_cut=4 good=48 nongen=[] mism=0
Y????B{{r{VWuozO?_E???_?O??C?????C????Jw??~??Fw??No??Mw? n=26 c=6 b=5 nu_cut=4 good=49 nongen=[] mism=0
S??F~z{~?g????S?C?CG??B{?No?^_?^_ n=20 c=4 b=4 nu_cut=4 good=34 nongen=[] mism=0
W???Fvu}e{]oA?@?@??????AA?B????Fs?Bu??^_?Fw??No n=24 c=5 b=5 nu_cut=4 good=38 nongen=[] mism=0
U???D~]zb{VoO?P?A??S????O???Fw?Fw?B{??~? n=22 c=5 b=4 nu_cut=4 good=39 nongen=[] mism=0
W???Fm}|fwZoB?A????o?G????@????B{?@}??|_?F[??^_ n=24 c=5 b=5 nu_cut=4 good=43 nongen=[] mism=0
W???Fvynf[\o??P?G_????_?O?C????Fs?B{??n_?E{??^_ n=24 c=5 b=5 nu_cut=4 good=38 nongen=[] mism=0
Y????B{zbuNolo\oOO????O????O??I?@?????No?@|??E{??Lw??Fw? n=26 c=6 b=5 nu_cut=4 good=44 nongen=[] mism=0
Y????BNvRm\WvO~?C??_?G??a?C???G???????Lw?@z??Fw??Mw??NW? n=26 c=6 b=5 nu_cut=4 good=41 nongen=[] mism=0
U???Fn]vd{]oc?G_??AO????G???Fw?Fw?B{??~? n=22 c=5 b=4 nu_cut=4 good=35 nongen=[] mism=0
S??F~z{~?O??G?a??_C_??B{?No?^_?^_ n=20 c=4 b=4 nu_cut=4 good=35 nongen=[] mism=0
W???Fzy~E{\oC??????K?C????CS???Fw?B]??n_?Fw??\o n=24 c=5 b=5 nu_cut=3 good=45 nongen=[] mism=0
W???Fx}ze{]o??A?O????__?K?@????Fs?Bu??}_?Fk??Zo n=24 c=5 b=5 nu_cut=4 good=47 nongen=[] mism=0
W????@n\s}Nouon_K???????_?CG??o????~??No?@}??Fw n=24 c=6 b=4 nu_cut=4 good=40 nongen=[] mism=0
U???E~yze{]oE???A_????_@_???Fw?Fw?B{??~? n=22 c=5 b=4 nu_cut=4 good=36 nongen=[] mism=0
Y??????szmU[jW^GM[Dx????C??C?AO?A???OO????^_?@}??B{??B{? n=26 c=7 b=4 nu_cut=4 good=46 nongen=[] mism=0
W???Fvuvb{\o@???C?@??_??A?CG???Fk?A}??|_?Fw??^O n=24 c=5 b=5 nu_cut=4 good=42 nongen=[] mism=0
U???Ft}zfwVoG?Q??OC??__?????Fw?Fw?B{??~? n=22 c=5 b=4 nu_cut=4 good=40 nongen=[] mism=0
S??F~z{~@GO?Q?C????O??B{?No?^_?^_ n=20 c=4 b=4 nu_cut=4 good=35 nongen=[] mism=0
W??F~z{~????P?A?C_???O??O???Vo?Xw?Mw?B\??]o?@Z_ n=24 c=4 b=6 nu_cut=4 good=40 nongen=[] mism=0
Y???E|}zfw]o????A?B??C_?G?C???????Bf??\o?By??]o??}O??ro? n=26 c=5 b=6 nu_cut=4 good=55 nongen=[] mism=0
S??F~z{~??@?C?E?G?@G??B{?No?^_?^_ n=20 c=4 b=4 nu_cut=4 good=34 nongen=[] mism=0
U??F~z{~??C?o???A?AO?G???NW?Zo?^_?Lw?By? n=22 c=4 b=5 nu_cut=4 good=40 nongen=[] mism=0
Y???E|}}fkZoG?O?P?C???_?_?????????A|??No?Eu??Lw??to??^_? n=26 c=5 b=6 nu_cut=4 good=49 nongen=[] mism=0
Y??????L~F]cUwmoL[@}?A????A???H?B???C?????^_?@}??B{??B{? n=26 c=7 b=4 nu_cut=4 good=38 nongen=[] mism=0
Y????BZ|buNg{oro@??o?G??C??A?????A????Jw?@}??D{??Lw??Ng? n=26 c=6 b=5 nu_cut=4 good=49 nongen=[] mism=0
Y??F~z{~??A???A???F??C?????G???Mw?A}?BX_?\S?@{_?AV_?Ar_? n=26 c=4 b=7 nu_cut=4 good=51 nongen=[] mism=0
Y??????^Mj[[\oVoT[Ey?????_?G??@??W??A_????^_?@}??B{??B{? n=26 c=7 b=4 nu_cut=4 good=52 nongen=[] mism=0
Y???E~ynb{]oG?@???C?????C?AO?@?????~??nO?E]??Zo??mo??}O? n=26 c=5 b=6 nu_cut=4 good=48 nongen=[] mism=0
W????Av}U{NgvOjo?O@???O@??AG??O????~??No?@}??Fw n=24 c=6 b=4 nu_cut=4 good=41 nongen=[] mism=0
U???F]}}f[^_G_C?Q??S????????Fw?Fw?B{??~? n=22 c=5 b=4 nu_cut=4 good=39 nongen=[] mism=0
U??F~z{~??O?_???B?@??P???Ng?^O?No?No?Bu? n=22 c=4 b=5 nu_cut=4 good=34 nongen=[] mism=0
Y??F~z{~?OO_????H???????O?@????Fk?Nc??~??Ms??Zo?Am_?BV?? n=26 c=4 b=7 nu_cut=4 good=46 nongen=[] mism=0
Y??F~z{~C?@???D?C_???G?????????K{?NE?AN_?]o?@so??|_?Bd_? n=26 c=4 b=7 nu_cut=4 good=46 nongen=[] mism=0
W????Blv`}VWyon_??A_???B??A??@_????~??No?@}??Fw n=24 c=6 b=4 nu_cut=4 good=44 nongen=[] mism=0
S??F~z{~@?G_????S?AG??B{?No?^_?^_ n=20 c=4 b=4 nu_cut=4 good=32 nongen=[] mism=0
U???E~]}f[\o??E?C_???@?AA???Fw?Fw?B{??~? n=22 c=5 b=4 nu_cut=4 good=29 nongen=[] mism=0
W????A^vdmJw}OxoC?C??AO????G?A_????~??No?@}??Fw n=24 c=6 b=4 nu_cut=4 good=41 nongen=[] mism=0
Y??????^TZ]cewZWL[D{?_O??_E??????A??@?????^_?@}??B{??B{? n=26 c=7 b=4 nu_cut=4 good=46 nongen=[] mism=0
Y????B]zUuLwro^_O??_?C??A?@G??A???????Fw?@z??E{??Ng??Fw? n=26 c=6 b=5 nu_cut=4 good=44 nongen=[] mism=0
W????@znVY[w]o}O???C?D?@O??O??G????~??No?@}??Fw n=24 c=6 b=4 nu_cut=4 good=40 nongen=[] mism=0
U??F~z{~?GG?C?_?O??_?O???NW?No?^_?Lw?@}? n=22 c=4 b=5 nu_cut=4 good=36 nongen=[] mism=0
W?????~rt{Ngn_}_?O???OO@???A?B?????~??No?@}??Fw n=24 c=6 b=4 nu_cut=4 good=43 nongen=[] mism=0
Y??F~z{~?gO?O????_?????A_??????Ms?Bu?@V_?No?@mO?AN_?BX_? n=26 c=4 b=7 nu_cut=4 good=44 nongen=[] mism=0
W????BlZvqNgjoloI??W?O_???????_????~??No?@}??Fw n=24 c=6 b=4 nu_cut=4 good=39 nongen=[] mism=0
U???E~u~B{\o??H?O?E?????Q???Fw?Fw?B{??~? n=22 c=5 b=4 nu_cut=4 good=40 nongen=[] mism=0
Y???B~{~D{No@??????_??_@??@??E????Bx??^_?FM??Yw??|O??v_? n=26 c=5 b=6 nu_cut=4 good=38 nongen=[] mism=0
U??F~z{~?_??W???@?@O?@???Ng?\o?Zo?No?B]? n=22 c=4 b=5 nu_cut=4 good=41 nongen=[] mism=0
U??F~z{~?GA?A?A?O?@??C???No?Zo?\o?Ng?By? n=22 c=4 b=5 nu_cut=4 good=36 nongen=[] mism=0
W???Fn{|f[\oB?A??O?O??????C_???E{?Bu??~??B{??^_ n=24 c=5 b=5 nu_cut=4 good=41 nongen=[] mism=0
W??F~z{~??G?H???O?AG???A????^O?Lw?H{?Bu??Rw?@x_ n=24 c=4 b=6 nu_cut=4 good=45 nongen=[] mism=0
S??F~z{~?g?_A?C?P?????B{?No?^_?^_ n=20 c=4 b=4 nu_cut=4 good=33 nongen=[] mism=0
Y??????NjfP{ww{gNKFY?@??C??A?C???A??S?????^_?@}??B{??B{? n=26 c=7 b=4 nu_cut=4 good=53 nongen=[] mism=0
U??F~z{~C?G?`?@?C?A??????Lw?]o?Zo?Mw?Bm? n=22 c=4 b=5 nu_cut=4 good=35 nongen=[] mism=0
Y??????NuxQ{|OYw]WEt?O??E?CO??O??@????????^_?@}??B{??B{? n=26 c=7 b=4 nu_cut=4 good=53 nongen=[] mism=0
Y???F^mnfs]o??E?G??????????W?B????A^??nO?Ey??\o??fo??~?? n=26 c=5 b=6 nu_cut=4 good=43 nongen=[] mism=0
U???Fnu~D{^OC??_@?C??O?@C???Fw?Fw?B{??~? n=22 c=5 b=4 nu_cut=4 good=36 nongen=[] mism=0
U???Fn]nd{Noo?E????C?O??C???Fw?Fw?B{??~? n=22 c=5 b=4 nu_cut=4 good=41 nongen=[] mism=0
Y??F~z{~????G????_???P??O??o???Zc?NS?Br??]K?@N_?@y_?AN_? n=26 c=4 b=7 nu_cut=4 good=52 nongen=[] mism=0
Y??????Ztx]cswUwUwEN???????E??W?B???C?????^_?@}??B{??B{? n=26 c=7 b=4 nu_cut=4 good=46 nongen=[] mism=0
Y??F~z{~?O??@?????@??C?@???g???Vo?H{?@z??]S?@uO?@{_?AN_? n=26 c=4 b=7 nu_cut=4 good=46 nongen=[] mism=0
U??F~z{~?O?_A?C?O?C??C???NW?^_?^_?Ng?Bu? n=22 c=4 b=5 nu_cut=4 good=30 nongen=[] mism=0
W???D~{ve{^O@?_?C??_?Q?????G???E{?@}??~??E{??]o n=24 c=5 b=5 nu_cut=4 good=36 nongen=[] mism=0
Y???B~u|d{^O_?@??????C??G?E???O???B{??fo?Fw??Vo??{o??Vo? n=26 c=5 b=6 nu_cut=4 good=49 nongen=[] mism=0
Y??F~z{~??@?A?O?O????G????D????ZK?Ls??^_?Q{??}_?Be_?Bl?? n=26 c=4 b=7 nu_cut=4 good=38 nongen=[] mism=0
W????BZ^fUVouon_G_??????S??A?CG????~??No?@}??Fw n=24 c=6 b=4 nu_cut=4 good=38 nongen=[] mism=0
U???F^m^e{Zo??_?@?AC?D??_???Fw?Fw?B{??~? n=22 c=5 b=4 nu_cut=4 good=30 nongen=[] mism=0
W??F~z{~A?????H?S??O?C??????Mw?Xw?NS?@n??Rw?@\_ n=24 c=4 b=6 nu_cut=4 good=48 nongen=[] mism=0
Y??F~z{~A?C_??A?O????I?????????Q{?Nc?Ar_?Fk??]o?Bb_?Bk_? n=26 c=4 b=7 nu_cut=4 good=53 nongen=[] mism=0
W??F~z{~A?O???c????_?G??G???]W?Ng?I{?By??Ng?@u_ n=24 c=4 b=6 nu_cut=4 good=41 nongen=[] mism=0
W??F~z{~AG????G?A?@????@G???]W?\g?Fw?@}??NW?@u_ n=24 c=4 b=6 nu_cut=4 good=46 nongen=[] mism=0
Y??????T~Y]W\WlgVcFp????G_C???G??B???_????^_?@}??B{??B{? n=26 c=7 b=4 nu_cut=4 good=46 nongen=[] mism=0
W??F~z{~@???G?Q?A????O??C???Rw?[w?Ms?A^??No?@|? n=24 c=4 b=6 nu_cut=4 good=47 nongen=[] mism=0
W????BuZtu^_z_Vo?_@O?CO?@?????A????~??No?@}??Fw n=24 c=6 b=4 nu_cut=4 good=45 nongen=[] mism=0
Y??F~z{~??P?@?O??????O?????W???Xw?Bm??n_?Zo?@Z_?Ax_?@t_? n=26 c=4 b=7 nu_cut=4 good=51 nongen=[] mism=0
S??F~z{~?WA?O?Q????_??B{?No?^_?^_ n=20 c=4 b=4 nu_cut=4 good=33 nongen=[] mism=0
W??F~z{~AOC?H???W???????????Mw?Jw?H{?BZ??]o??^_ n=24 c=4 b=6 nu_cut=4 good=45 nongen=[] mism=0
W??F~z{~D_C_??_??????A??????Vg?Tw?Fk??~??Ng?@{_ n=24 c=4 b=6 nu_cut=4 good=37 nongen=[] mism=0
Y??????NZrVohwtgH{Fp??o?O????????g??@O????^_?@}??B{??B{? n=26 c=7 b=4 nu_cut=4 good=53 nongen=[] mism=0
W??F~z{~A?S?B????????_??C???Uw?Ng?D{?Bm??Rw?@|? n=24 c=4 b=6 nu_cut=4 good=46 nongen=[] mism=0
Y????BV^RmZgroNoC?E???_?_??_?????_????Ng?@^??D{??No??Fw? n=26 c=6 b=5 nu_cut=4 good=47 nongen=[] mism=0
U???Fn{nf[^Oa???C??C?B?@????Fw?Fw?B{??~? n=22 c=5 b=4 nu_cut=4 good=42 nongen=[] mism=0
U??F~z{~@?A?@?A?O?C??G???Jw?No?^_?No?Bm? n=22 c=4 b=5 nu_cut=4 good=36 nongen=[] mism=0
Y????A|ze]NW}_No???A?c??O????@C?A?????Jw?@n??B{??Ng??NW? n=26 c=6 b=5 nu_cut=4 good=54 nongen=[] mism=0
W???F]}vfsZog?C??_?_????C?@????B{?B]??~??Fs??^O n=24 c=5 b=5 nu_cut=4 good=42 nongen=[] mism=0
U??F~z{~?O@???O?A?CG?O???Jw?^_?No?Ng?Bm? n=22 c=4 b=5 nu_cut=4 good=40 nongen=[] mism=0
Y??F~z{~?_G???@?I?@??G?????????Xk?JU?@r_?U[?@VO?A}??@m_? n=26 c=4 b=7 nu_cut=4 good=45 nongen=[] mism=0
U??F~z{~??O?@?K?@?C??C???Fw?]o?\o?No?B{? n=22 c=4 b=5 nu_cut=4 good=35 nongen=[] mism=0
W??F~z{~?_C???C??????G?BG???^_?^_?E{?An??Zo?@V_ n=24 c=4 b=6 nu_cut=3 good=40 nongen=[] mism=0
W??F~z{~?WG?I??????G?G??????Zg?Rw?Fk?@}??Tw?@}? n=24 c=4 b=6 nu_cut=4 good=46 nongen=[] mism=0
Y???Fv]zfs]oC?G???D_??_?C?????????@}??^_?FU??[w??jo??]o? n=26 c=5 b=6 nu_cut=4 good=41 nongen=[] mism=0
Y???B}}|b{Zog???OO@????????o??????B{??nO?F[??Jw??]o??Vo? n=26 c=5 b=6 nu_cut=4 good=53 nongen=[] mism=0
W????@nvdyZglon_??B??O?@??C??@_????~??No?@}??Fw n=24 c=6 b=4 nu_cut=4 good=45 nongen=[] mism=0
U??F~z{~?_A?_?G?C_???_???Fw?\o?Vo?NW?Bm? n=22 c=4 b=5 nu_cut=4 good=34 nongen=[] mism=0
Y????BjVt]Rwv_z_?????o??o?@???A??C????No?@^??E{??Ng??Mw? n=26 c=6 b=5 nu_cut=4 good=48 nongen=[] mism=0
U??F~z{~??G?C???O?B??c???NW?^_?^O?Ng?Bm? n=22 c=4 b=5 nu_cut=4 good=39 nongen=[] mism=0
W???D~yzd{NoO?_???@?????E?CO???Fk?By??^_?F[??^_ n=24 c=5 b=5 nu_cut=4 good=42 nongen=[] mism=0
W????@}rumMw|_]o@GD??C????@O???????~??No?@}??Fw n=24 c=6 b=4 nu_cut=4 good=40 nongen=[] mism=0
W??F~z{~AW@???G???C??G??????Mw?Fw?E{?Bx??Rw?@^? n=24 c=4 b=6 nu_cut=4 good=39 nongen=[] mism=0
W??F~z{~?GC?O?o????_?@??????\g?Rw?Ms?Az??Zg??n_ n=24 c=4 b=6 nu_cut=4 good=34 nongen=[] mism=0
S??F~z{~??O???o?E??g??B{?No?^_?^_ n=20 c=4 b=4 nu_cut=4 good=33 nongen=[] mism=0
Y??????nNbNg]oxoZoDl?A?A@??@??W??????_????^_?@}??B{??B{? n=26 c=7 b=4 nu_cut=4 good=45 nongen=[] mism=0
Y???D|}vf[NoS???A??C???A???G?@????Bj??yo?B{??Vg??n_??Vo? n=26 c=5 b=6 nu_cut=4 good=50 nongen=[] mism=0
Y????BN}Ve^Gz_vO?o?O?@??_????@???@????Jw?@^??Fk??Lw??Fw? n=26 c=6 b=5 nu_cut=4 good=44 nongen=[] mism=0
W?????~jve[wz_}_?G?g?_O??????AG????~??No?@}??Fw n=24 c=6 b=4 nu_cut=4 good=39 nongen=[] mism=0
Y???Fzy|b{Zo??????@o?A??a????A????@z??{o?F[??]g??z_??ro? n=26 c=5 b=6 nu_cut=4 good=51 nongen=[] mism=0
Y????B]zRmVojoxo@?A??O?AO????@???G????Fw??~??F[??Lw??Lw? n=26 c=6 b=5 nu_cut=4 good=39 nongen=[] mism=0
U??F~z{~A???E?I?C?A??????Mw?]o?^O?Fw?B]? n=22 c=4 b=5 nu_cut=4 good=39 nongen=[] mism=0
W??F~z{~????@?K?O????I??G???\g?Jw?NS?B]??[w??v_ n=24 c=4 b=6 nu_cut=4 good=47 nongen=[] mism=0
Y??F~z{~C?????B????O?G??c??????M[?E]?Am_?Ng?@{O?Bd_?@]_? n=26 c=4 b=7 nu_cut=4 good=44 nongen=[] mism=0
W??F~z{~??O?o??????O?B??_???Vg?^_?L[?BZ??\g?@N_ n=24 c=4 b=6 nu_cut=4 good=46 nongen=[] mism=0
U??F~z{~??Q???G??_?G?g???Jw?]o?No?No?Bu? n=22 c=4 b=5 nu_cut=4 good=35 nongen=[] mism=0
W???Fzu}e{^OO_?????G?A?AC??O???Fk?B]??|_?B{??^O n=24 c=5 b=5 nu_cut=4 good=42 nongen=[] mism=0
W???F^m^fsNo@?o?A?????_?_??O???Fw?Bu??z_?E{??Vo n=24 c=5 b=5 nu_cut=4 good=37 nongen=[] mism=0
Y???D~ynb{ZoG_????A??C?@??C???O???@}??^O?Fw??]W??Vo??yo? n=26 c=5 b=6 nu_cut=4 good=55 nongen=[] mism=0
Y??????L}\F[mo}OJsE]?O?A??????G?@?_?GO????^_?@}??B{??B{? n=26 c=7 b=4 nu_cut=4 good=53 nongen=[] mism=0
U???Fny~FkZo_???A?A??H??I???Fw?Fw?B{??~? n=22 c=5 b=4 nu_cut=4 good=36 nongen=[] mism=0
Y???Fz]zfs^_G??_??C??A??O??C?A????Bj??{o?@}??^O??~???nO? n=26 c=5 b=6 nu_cut=4 good=49 nongen=[] mism=0
S??F~z{~@GA?W???G??O??B{?No?^_?^_ n=20 c=4 b=4 nu_cut=4 good=35 nongen=[] mism=0
W???Fzmve{Vo?_?_?_?_?O??_??O???D{?A}??z_?Fk??]o n=24 c=5 b=5 nu_cut=4 good=33 nongen=[] mism=0
W??F~z{~?G?_G?C?C??O?C??????Jw?]g?NK?@}??Vo?@f_ n=24 c=4 b=6 nu_cut=4 good=48 nongen=[] mism=0
W??F~z{~A?C?G?A???CO?@??????Lw?]W?Fk?@|??VW?@f_ n=24 c=4 b=6 nu_cut=4 good=40 nongen=[] mism=0
W??F~z{~@?B???@??????`?A????Tw?]o?B{?BV??Zg?@]_ n=24 c=4 b=6 nu_cut=4 good=46 nongen=[] mism=0
Y???E|}vfsNo@?H??????S????C??@????Av??~??FY??No??^_??lo? n=26 c=5 b=6 nu_cut=4 good=43 nongen=[] mism=0
U???Fx}nb{^_W??_??C_?@??A???Fw?Fw?B{??~? n=22 c=5 b=4 nu_cut=4 good=35 nongen=[] mism=0
W??F~z{~C???_?Q?C????S??????Vo?Yw?Mk?Bl??]g??}_ n=24 c=4 b=6 nu_cut=4 good=46 nongen=[] mism=0
S??F~z{~?G@_a?G?C?????B{?No?^_?^_ n=20 c=4 b=4 nu_cut=4 good=33 nongen=[] mism=0
Y????B\fvq\W^_joG?AG????O?@??@_???????Ng?@|??D{??Mw??Fw? n=26 c=6 b=5 nu_cut=4 good=53 nongen=[] mism=0
W????B\tvi^_n_foCO@O???@???Q???????~??No?@}??Fw n=24 c=6 b=4 nu_cut=4 good=40 nongen=[] mism=0
W???Fvy~Fw\oC?O?C?CC?A??C??????Fk?Bm??|_?D{??Vo n=24 c=5 b=5 nu_cut=4 good=29 nongen=[] mism=0
W???F^y^e{ZoO?C?@??G??_?C?@????E{?A}??}_?E{??^O n=24 c=5 b=5 nu_cut=4 good=33 nongen=[] mism=0
W??F~z{~?o????o?@?C??C??????\W?Jw?NS?@v??^O?@V_ n=24 c=4 b=6 nu_cut=4 good=45 nongen=[] mism=0
Y????BZNvqFw}O|O?_????_???@O??K?@?????Ng?@z??Fs??Fw??No? n=26 c=6 b=5 nu_cut=4 good=54 nongen=[] mism=0
W????BNxvwTwnO]oI??_??O?C????CC????~??No?@}??Fw n=24 c=6 b=4 nu_cut=4 good=47 nongen=[] mism=0
Y????Bl^fqVW]oVo?_A??@O?_?C???_???????No?@v??E{??NW??Lw? n=26 c=6 b=5 nu_cut=4 good=49 nongen=[] mism=0
W???Fu}|f[]oG?C?G??O??_A???O???Fw?Bu??|_?E{??No n=24 c=5 b=5 nu_cut=4 good=43 nongen=[] mism=0
U??F~z{~?G@?@?c?A????_???Mw?Vo?^O?NW?Bu? n=22 c=4 b=5 nu_cut=4 good=35 nongen=[] mism=0
U???Fzuzfs^O????C_?S?E?A????Fw?Fw?B{??~? n=22 c=5 b=4 nu_cut=4 good=36 nongen=[] mism=0
Y???Fv{ne{^_???????C?a??_?@???K???Br??^_?Fw??[w??ro??\o? n=26 c=5 b=6 nu_cut=4 good=53 nongen=[] mism=0
Y??F~z{~@?S?????B_?????A???????Vo?B{?Au_?K{?@ZO?Bx??BU_? n=26 c=4 b=7 nu_cut=3 good=45 nongen=[] mism=0
U??F~z{~B???G???@?E??A???Mw?^O?^O?No?@}? n=22 c=4 b=5 nu_cut=4 good=39 nongen=[] mism=0
Y????A}{uyZW^Oyo?_???_?@A??C?@???@????Ng?@}??F[??No??Mw? n=26 c=6 b=5 nu_cut=4 good=44 nongen=[] mism=0
U??F~z{~??O?A?S??_???E???Mw?No?^O?Jw?B{? n=22 c=4 b=5 nu_cut=4 good=41 nongen=[] mism=0
Y??????]\V[[pwroUsDy?@??Q??_??O??_??@?????^_?@}??B{??B{? n=26 c=7 b=4 nu_cut=4 good=53 nongen=[] mism=0
Y????Bj^feVgZov_??@C????G????A_?AO????Ng?@^??B{??No??Mw? n=26 c=6 b=5 nu_cut=4 good=55 nongen=[] mism=0
U??F~z{~E?C???I?G????@???Lw?^O?]o?Mw?@}? n=22 c=4 b=5 nu_cut=4 good=40 nongen=[] mism=0
Y???E~m~E{No??_?O???????O?@???[???Az??v_?Fk??\o??}O??to? n=26 c=5 b=6 nu_cut=4 good=47 nongen=[] mism=0
W??F~z{~A???G???G??o?H??????Ng?]g?K{?@z??]g??|_ n=24 c=4 b=6 nu_cut=4 good=40 nongen=[] mism=0
U???B~mnb{^_D?_?W?@???_?????Fw?Fw?B{??~? n=22 c=5 b=4 nu_cut=4 good=41 nongen=[] mism=0
S??F~z{~E?@?@?C?O_????B{?No?^_?^_ n=20 c=4 b=4 nu_cut=4 good=35 nongen=[] mism=0
Y???Fn{}fsNoE????o?O??????CG??????Bl??Zo?B]??Zg??uo??^O? n=26 c=5 b=6 nu_cut=4 good=48 nongen=[] mism=0
U??F~z{~@?G?o???A_???C???No?^_?]o?Lw?B]? n=22 c=4 b=5 nu_cut=4 good=35 nongen=[] mism=0
S??F~z{~?OG__?@?H?????B{?No?^_?^_ n=20 c=4 b=4 nu_cut=4 good=34 nongen=[] mism=0
S??F~z{~D???Q?K????O??B{?No?^_?^_ n=20 c=4 b=4 nu_cut=4 good=33 nongen=[] mism=0
S??F~z{~???_??`?P?@_??B{?No?^_?^_ n=20 c=4 b=4 nu_cut=4 good=33 nongen=[] mism=0
U???B~{}e{\o??A_C_@G????O???Fw?Fw?B{??~? n=22 c=5 b=4 nu_cut=4 good=40 nongen=[] mism=0
Y????B\~DmXwnOlo@?A???o???@???_??_????Fw?@n??D{??Mw??Lw? n=26 c=6 b=5 nu_cut=4 good=42 nongen=[] mism=0
U??F~z{~A?C?@???O?@_?C???Fw?No?^O?Lw?Bu? n=22 c=4 b=5 nu_cut=4 good=36 nongen=[] mism=0
S??F~z{~CGC?_?S?A?????B{?No?^_?^_ n=20 c=4 b=4 nu_cut=4 good=34 nongen=[] mism=0
W??F~z{~??A?_?A???Cg?@??????NW?[w?Fs?By??^O?@N_ n=24 c=4 b=6 nu_cut=4 good=44 nongen=[] mism=0
Y??????izZZo|GrWVoDf????C?B???@??Q??A?????^_?@}??B{??B{? n=26 c=7 b=4 nu_cut=4 good=54 nongen=[] mism=0
Y????Bjuu{^_\oro???C??OA@??O?@???O????NW?@v??Fw??Jw??Lw? n=26 c=6 b=5 nu_cut=4 good=49 nongen=[] mism=0
Y???Fn{~Fk\o??G?G??_?D??G?????C???@v??jo?Bu??VW??to??z_? n=26 c=5 b=6 nu_cut=4 good=44 nongen=[] mism=0
S??F~z{~??C_C?g?A_????B{?No?^_?^_ n=20 c=4 b=4 nu_cut=4 good=32 nongen=[] mism=0
Y????ByZvwUwroyoGO?a?A?????A????A?????Mw?@^??E{??Fw??Fw? n=26 c=6 b=5 nu_cut=4 good=48 nongen=[] mism=0
U??F~z{~??A?@?`?A?@??G???No?\o?^_?Mw?@}? n=22 c=4 b=5 nu_cut=4 good=35 nongen=[] mism=0
S??F~z{~@G??_?D???D???B{?No?^_?^_ n=20 c=4 b=4 nu_cut=4 good=32 nongen=[] mism=0
U???Fnyzfs\o??Q?E????B??C???Fw?Fw?B{??~? n=22 c=5 b=4 nu_cut=4 good=35 nongen=[] mism=0
U??F~z{~@?Q?G?_?@????C???Fw?Vo?^_?Fw?Bm? n=22 c=4 b=5 nu_cut=4 good=36 nongen=[] mism=0
W????AvVveLwz_~?A??O??O?P??K???????~??No?@}??Fw n=24 c=6 b=4 nu_cut=4 good=46 nongen=[] mism=0
W????BxVvY^_fomo?_?c?O_?A??G???????~??No?@}??Fw n=24 c=6 b=4 nu_cut=4 good=42 nongen=[] mism=0
Y??????|S^Rk^_YwJ[@}????c??c??@?A_????????^_?@}??B{??B{? n=26 c=7 b=4 nu_cut=4 good=45 nongen=[] mism=0
U???D~uvb{VoO?Q?O??C?C?A????Fw?Fw?B{??~? n=22 c=5 b=4 nu_cut=4 good=41 nongen=[] mism=0
U???F^unfwZo??C?OO?G?K?@????Fw?Fw?B{??~? n=22 c=5 b=4 nu_cut=4 good=41 nongen=[] mism=0
U??F~z{~COC?@?C?@????@???Lw?^_?^O?Fw?B{? n=22 c=4 b=5 nu_cut=4 good=36 nongen=[] mism=0
S??F~z{~@_Q?G?????E???B{?No?^_?^_ n=20 c=4 b=4 nu_cut=4 good=32 nongen=[] mism=0
S??F~z{~??P?S???G_?G??B{?No?^_?^_ n=20 c=4 b=4 nu_cut=4 good=33 nongen=[] mism=0
U???Fvy~FkZo`???@????I??a???Fw?Fw?B{??~? n=22 c=5 b=4 nu_cut=4 good=35 nongen=[] mism=0
Y??????zbfVWVoroZSBx??W?S?????A?????H?????^_?@}??B{??B{? n=26 c=7 b=4 nu_cut=4 good=44 nongen=[] mism=0
Y????An}buNgxo^_H????C??Q?C???G???????Fw?@v??B{??Ng??Lw? n=26 c=6 b=5 nu_cut=4 good=48 nongen=[] mism=0
Y??F~z{~A_??_?A?G_??????G??????U[?Km?BV??Rs??^_?@l_?@u_? n=26 c=4 b=7 nu_cut=4 good=52 nongen=[] mism=0
Y???B~{vfsVoo????O???O??I??_??????B\??mo?Bu??^G??ro??\o? n=26 c=5 b=6 nu_cut=4 good=54 nongen=[] mism=0
U??F~z{~?O?_O?G?O?@??O???No?Vo?No?NW?B{? n=22 c=4 b=5 nu_cut=4 good=36 nongen=[] mism=0
Y??F~z{~?_O?A?G?C_?????????O???Jk?E]?Av??Us??v_?@Z_?Au_? n=26 c=4 b=7 nu_cut=4 good=45 nongen=[] mism=0
Y??F~z{~?O????@???AO????S??_???Vo?Hm?@y_?Nc?@tO?BF_?Az?? n=26 c=4 b=7 nu_cut=4 good=51 nongen=[] mism=0
S??F~z{~B???c?G?O??G??B{?No?^_?^_ n=20 c=4 b=4 nu_cut=4 good=34 nongen=[] mism=0
W??F~z{~COA?@?C????G????G???^O?Fw?E{?Az??Vo?@n? n=24 c=4 b=6 nu_cut=4 good=33 nongen=[] mism=0
Y??????zJZTw~?vGRwEf??O?a??_??@?@???C?????^_?@}??B{??B{? n=26 c=7 b=4 nu_cut=4 good=46 nongen=[] mism=0
W????B\vVUJw}OZoQ?@??C??_?CC???????~??No?@}??Fw n=24 c=6 b=4 nu_cut=4 good=40 nongen=[] mism=0
Y??F~z{~?_G?A???A????A?@???G???]g?Dy?@v??Us?@do?Bd_?A|?? n=26 c=4 b=7 nu_cut=4 good=46 nongen=[] mism=0
U??F~z{~C_@?C???G??G?O???No?No?Zo?Lw?Bm? n=22 c=4 b=5 nu_cut=4 good=35 nongen=[] mism=0
U???Fv{nf[Vo_?@?CO???@_@????Fw?Fw?B{??~? n=22 c=5 b=4 nu_cut=4 good=35 nongen=[] mism=0
S??F~z{~A_????O?S?@G??B{?No?^_?^_ n=20 c=4 b=4 nu_cut=4 good=33 nongen=[] mism=0
Y??????r^kUkiwz_H{@z???A@?@_??@?????A_????^_?@}??B{??B{? n=26 c=7 b=4 nu_cut=4 good=46 nongen=[] mism=0
Y????AnzR{RwvOz_G????C_?A?A?????A@????Lw?@z??E{??Ng??No? n=26 c=6 b=5 nu_cut=4 good=47 nongen=[] mism=0
U??F~z{~?G????G?M?AG?????NW?^O?Vo?NW?B{? n=22 c=4 b=5 nu_cut=4 good=38 nongen=[] mism=0
S??F~z{~?_O_??P?S?????B{?No?^_?^_ n=20 c=4 b=4 nu_cut=4 good=34 nongen=[] mism=0
W??F~z{~C???????O??_?I??c???Zo?Ng?F[?@|??Uw?@|? n=24 c=4 b=6 nu_cut=4 good=41 nongen=[] mism=0
Y???B}}~D{No?????O???O??A?D_??O???Br??}_?Ey??Ng??v_??~?? n=26 c=5 b=6 nu_cut=4 good=39 nongen=[] mism=0
S??F~z{~A?C???E?O_?G??B{?No?^_?^_ n=20 c=4 b=4 nu_cut=4 good=35 nongen=[] mism=0
U??F~z{~?_G???@?S??O?_???Fw?\o?Vo?NW?B]? n=22 c=4 b=5 nu_cut=4 good=42 nongen=[] mism=0
Y??F~z{~D???O???G?@G????G??????L[?Mi?@]_?]K??xo?B[_?Av?? n=26 c=4 b=7 nu_cut=4 good=52 nongen=[] mism=0
S??F~z{~@OA?G?A?O??_??B{?No?^_?^_ n=20 c=4 b=4 nu_cut=4 good=35 nongen=[] mism=0
W????@|ZvYTw|_}OOO?g?O?????_?C?????~??No?@}??Fw n=24 c=6 b=4 nu_cut=4 good=40 nongen=[] mism=0
Y??????frNZKYwlgXwFs?_??G?A???G??O??D?????^_?@}??B{??B{? n=26 c=7 b=4 nu_cut=4 good=54 nongen=[] mism=0
Y??????ullZWVg}G[[A^????_?CG?????`??I?????^_?@}??B{??B{? n=26 c=7 b=4 nu_cut=4 good=37 nongen=[] mism=0
S??F~z{~?_A?@?g???D???B{?No?^_?^_ n=20 c=4 b=4 nu_cut=4 good=34 nongen=[] mism=0
U??F~z{~?_C?A?_?G_???A???No?]o?No?NW?@}? n=22 c=4 b=5 nu_cut=4 good=35 nongen=[] mism=0
W???Fz]~FsZo@?C_C???????_?CC???Fw?By??~??D{??Vo n=24 c=5 b=5 nu_cut=4 good=47 nongen=[] mism=0
U??F~z{~?g??????@_C_?G???Lw?No?No?NW?By? n=22 c=4 b=5 nu_cut=4 good=40 nongen=[] mism=0
W??F~z{~C_W?G???@????C??????^G?Uw?Fk??~??Yw??z_ n=24 c=4 b=6 nu_cut=4 good=40 nongen=[] mism=0
Y??????w}xMsNojo^OFM?A??G?????@??P???W????^_?@}??B{??B{? n=26 c=7 b=4 nu_cut=4 good=51 nongen=[] mism=0
U??F~z{~??O?A?C??_A_?@???Lw?^_?Zo?Ng?By? n=22 c=4 b=5 nu_cut=4 good=35 nongen=[] mism=0
W????@zxtuTwto}_???W?P??@?C??@?????~??No?@}??Fw n=24 c=6 b=4 nu_cut=4 good=48 nongen=[] mism=0
Y????By^buYwtoz_C??Q?_??O??A????A?????Fw?@n??D{??Lw??Fw? n=26 c=6 b=5 nu_cut=4 good=44 nongen=[] mism=0
Y???Fn{vb{\oA?A?G??C?G??_??C??????@^??^O?Fq??Tw??|O??\o? n=26 c=5 b=6 nu_cut=4 good=42 nongen=[] mism=0
Y???Fn]|fs^_???????C?@?A_?@_??O???Bm??ro?Fk??Zo??}O??}O? n=26 c=5 b=6 nu_cut=4 good=43 nongen=[] mism=0
Y????AvmuyZWfozOC????O??_??C?AC??O????NW?@|??Fs??Fw??NW? n=26 c=6 b=5 nu_cut=4 good=49 nongen=[] mism=0
S??F~z{~?OO_g?@?@?????B{?No?^_?^_ n=20 c=4 b=4 nu_cut=4 good=33 nongen=[] mism=0
W????Bf{p}]Wz_}_@??g?A??@?????I????~??No?@}??Fw n=24 c=6 b=4 nu_cut=4 good=45 nongen=[] mism=0
Y??F~z{~C??_O???A?AG???????_???Jw?Jk?A]_?I{?@j_?Bx??Bh_? n=26 c=4 b=7 nu_cut=4 good=38 nongen=[] mism=0
S??F~z{~A???K?E???@O??B{?No?^_?^_ n=20 c=4 b=4 nu_cut=4 good=33 nongen=[] mism=0
W??F~z{~A?@?????O??g?A?A????Vg?^_?F[?Br??NW?@f_ n=24 c=4 b=6 nu_cut=4 good=46 nongen=[] mism=0
Y???Fzunfw]o??o?A_?C?A??G?????????@z??mo?Em??^G??jo??Vo? n=26 c=5 b=6 nu_cut=4 good=44 nongen=[] mism=0
Y????@}rruVW}_|O??Cg?@?A??????C??_????Jw?@v??Fw??Fw??Jw? n=26 c=6 b=5 nu_cut=4 good=52 nongen=[] mism=0
W??F~z{~??O?o?????@_?G??O???Xw?^_?Js?A^??^G?@\_ n=24 c=4 b=6 nu_cut=4 good=33 nongen=[] mism=0
Y??????qzVS{vGJw^OBl?o?A@??_?????o????????^_?@}??B{??B{? n=26 c=7 b=4 nu_cut=4 good=51 nongen=[] mism=0
W???E|}vfs^O??K?D????@??C?A????B{?B]??n_?Fs??Zo n=24 c=5 b=5 nu_cut=4 good=47 nongen=[] mism=0
Y???E~mvfkNo??g?G??_???AG?@???????BZ??~??C}??Tw??yo??uo? n=26 c=5 b=6 nu_cut=4 good=48 nongen=[] mism=0
Y????@}us}Twxon_C????`??O??A?A???O????Jw?@|??Fw??Lw??No? n=26 c=6 b=5 nu_cut=4 good=44 nongen=[] mism=0
W???Fz{^b{Zo@_??G?@??A?A???_???Fs?@}??~??B{??Zo n=24 c=5 b=5 nu_cut=4 good=37 nongen=[] mism=0
W????@}zUmFw}_xo???C?g??G?AG??O????~??No?@}??Fw n=24 c=6 b=4 nu_cut=4 good=46 nongen=[] mism=0
W??F~z{~????_?s??????W??G???\g?\o?Lk?An??ZW?@y_ n=24 c=4 b=6 nu_cut=4 good=43 nongen=[] mism=0
W??F~z{~??A?A?B?O??G?_??????\g?Uw?Ls?An??NW?@{_ n=24 c=4 b=6 nu_cut=4 good=41 nongen=[] mism=0
Y????Blmq}UwzOyoB??C????A?@?????@C????No??~??D{??NW??Ng? n=26 c=6 b=5 nu_cut=4 good=48 nongen=[] mism=0
Y??F~z{~C_G?C?@?C?C????????????Rs?Im?@V_?K{?@Mo??~??@Z_? n=26 c=4 b=7 nu_cut=4 good=38 nongen=[] mism=0
Y??F~z{~C?B???@??????W?A???????\S?Lq?An??D{?@qo?@t_??z_? n=26 c=4 b=7 nu_cut=4 good=44 nongen=[] mism=0
W??F~z{~?G??_???C_???c??G???]o?Yw?Ls?B{??Jw??}_ n=24 c=4 b=6 nu_cut=4 good=40 nongen=[] mism=0
U???Fvmnfk]oA?@???@??o??E???Fw?Fw?B{??~? n=22 c=5 b=4 nu_cut=4 good=35 nongen=[] mism=0
U???D|}^fk]og???O?CO????W???Fw?Fw?B{??~? n=22 c=5 b=4 nu_cut=4 good=38 nongen=[] mism=0
Y??????mtfLs{W~?\gAn?C_A??AC??????_??O????^_?@}??B{??B{? n=26 c=7 b=4 nu_cut=4 good=54 nongen=[] mism=0
W????B{xrm^Gn_]oGG?c?`??G??????????~??No?@}??Fw n=24 c=6 b=4 nu_cut=4 good=48 nongen=[] mism=0
Y??????tuZB{{oyoVSC^??G??_?_?B???C??A?????^_?@}??B{??B{? n=26 c=7 b=4 nu_cut=4 good=46 nongen=[] mism=0
U???D~]ne{^O??A??o???K?@_???Fw?Fw?B{??~? n=22 c=5 b=4 nu_cut=4 good=35 nongen=[] mism=0
U??F~z{~E?C?????G??O?D???Jw?^_?No?NW?B]? n=22 c=4 b=5 nu_cut=4 good=41 nongen=[] mism=0
U???Ft}|f[\oA?c???C??A?@_???Fw?Fw?B{??~? n=22 c=5 b=4 nu_cut=4 good=34 nongen=[] mism=0
U???B}}vfwZo_?G_C?@_????A???Fw?Fw?B{??~? n=22 c=5 b=4 nu_cut=4 good=37 nongen=[] mism=0
S??F~z{~C???A?B?C_A???B{?No?^_?^_ n=20 c=4 b=4 nu_cut=4 good=35 nongen=[] mism=0
W??F~z{~?OC?O?@??????@?B????\W?Zo?H{??~??Rw?@}? n=24 c=4 b=6 nu_cut=4 good=33 nongen=[] mism=0
W????Brft]Lw^ONo??C_?`??O?AC???????~??No?@}??Fw n=24 c=6 b=4 nu_cut=4 good=40 nongen=[] mism=0
U???E~y~B{^O??g?A?CC?@??_???Fw?Fw?B{??~? n=22 c=5 b=4 nu_cut=4 good=35 nongen=[] mism=0
Y??????VuxNg\g\gTwFb?G_???????D?AG??_?????^_?@}??B{??B{? n=26 c=7 b=4 nu_cut=4 good=51 nongen=[] mism=0
S??F~z{~?O?__?H?A??_??B{?No?^_?^_ n=20 c=4 b=4 nu_cut=4 good=35 nongen=[] mism=0
W??F~z{~AOG?@???C?C?????C???Rw?]W?No?@v??Lw?@v? n=24 c=4 b=6 nu_cut=4 good=47 nongen=[] mism=0
Y??????|ejUs]gyW^GDf?A??G?AC?????E??@?????^_?@}??B{??B{? n=26 c=7 b=4 nu_cut=4 good=51 nongen=[] mism=0
W????BNuvqNWzOxoA????A??_?CG?@_????~??No?@}??Fw n=24 c=6 b=4 nu_cut=4 good=41 nongen=[] mism=0
W??F~z{~??S?_???A??G????o???\W?]o?Lw?Av??Uw??^_ n=24 c=4 b=6 nu_cut=4 good=40 nongen=[] mism=0
Y????Bj^V[Ngv_]o?G???`_?@?@???_???????Lw?@z??Fk??Ng??Lw? n=26 c=6 b=5 nu_cut=4 good=44 nongen=[] mism=0
U??F~z{~C?A?G???G_@_?????Ng?Vo?\o?NW?Bu? n=22 c=4 b=5 nu_cut=4 good=40 nongen=[] mism=0
Y??F~z{~??O???C?O?@??@??c??????K{?Lq?Br??\K??Vo?@u_?Am_? n=26 c=4 b=7 nu_cut=4 good=45 nongen=[] mism=0
U??F~z{~AO@?O?@???CG?????NW?\o?^O?Fw?By? n=22 c=4 b=5 nu_cut=4 good=39 nongen=[] mism=0
Y????Bu^TyVW|OxoAG???A?????C??G?B?????Fw?@}??F[??NW??Jw? n=26 c=6 b=5 nu_cut=4 good=42 nongen=[] mism=0
W??F~z{~?_????C?K????`??_???]o?\g?E{?B{??[w?@m_ n=24 c=4 b=6 nu_cut=4 good=40 nongen=[] mism=0
Y??????zPvVSVgtWXwDV?G?A?_?C?????D??C?????^_?@}??B{??B{? n=26 c=7 b=4 nu_cut=4 good=54 nongen=[] mism=0
W???Fnuzb{No@?_?C??C?_?@???O???B{?Bm??^_?Fk??\o n=24 c=5 b=5 nu_cut=4 good=33 nongen=[] mism=0
Y???E|}zfk^_G?????@??A_?G?C??A????B\??^O?FM??[w??z_??}O? n=26 c=5 b=6 nu_cut=4 good=42 nongen=[] mism=0
Y????BxzQ}Rw|OmoCO???@?????O??C??E????NW??~??Fk??Lw??No? n=26 c=6 b=5 nu_cut=4 good=45 nongen=[] mism=0
W???Fv]^fk]oA?g?A????_?@???C???D{?B]??}_?Fk??Zo n=24 c=5 b=5 nu_cut=4 good=38 nongen=[] mism=0
W??F~z{~C?????@??_A??S??_???[w?NW?NW?@|??Mw?@}? n=24 c=4 b=6 nu_cut=4 good=34 nongen=[] mism=0
U??F~z{~@?O???c??_?_?G???Jw?^_?]o?Mw?A}? n=22 c=4 b=5 nu_cut=4 good=35 nongen=[] mism=0
W??F~z{~C?@?P?S?C???????????VW?[w?Lk?@n??Xw?@n? n=24 c=4 b=6 nu_cut=4 good=48 nongen=[] mism=0
W???E~yvd{NoG?C?@O???G?@??A????Fw?B]??|_?Fw??Zo n=24 c=5 b=5 nu_cut=4 good=42 nongen=[] mism=0
Y???B~{ze{Zo?_?_??C??G?????O?AG???BV??n_?D{??Ng??~???ro? n=26 c=5 b=6 nu_cut=4 good=49 nongen=[] mism=0
Y???Fvyne{NoH????????C_A??A???G???@v??Zo?Fs??]W??}O??to? n=26 c=5 b=6 nu_cut=4 good=48 nongen=[] mism=0
S??F~z{~?o?_c???G??G??B{?No?^_?^_ n=20 c=4 b=4 nu_cut=4 good=34 nongen=[] mism=0
U??F~z{~????O?@?H_?_?A???NW?^O?\o?Mw?Bu? n=22 c=4 b=5 nu_cut=4 good=33 nongen=[] mism=0
Y???Fzmzfk^OE?G????O?S????????C???By??to?Bm??Ng??No??jo? n=26 c=5 b=6 nu_cut=4 good=55 nongen=[] mism=0
Y??F~z{~?oA?O?@???C?????_??????\o?G}?@m_?^O??fo??~??Bp_? n=26 c=4 b=7 nu_cut=4 good=46 nongen=[] mism=0
U??F~z{~C_G?A?C?G????A???Mw?]o?\o?NW?@}? n=22 c=4 b=5 nu_cut=4 good=29 nongen=[] mism=0
W???Fy}^d{\oO??_C??_?A??C?A????Fs?Bu??}_?Fk??\o n=24 c=5 b=5 nu_cut=4 good=37 nongen=[] mism=0
W????Az]u{]o]ofo?_AA??????AG?CO????~??No?@}??Fw n=24 c=6 b=4 nu_cut=4 good=45 nongen=[] mism=0
W???E}}vf[No??G_I??O???B???????D{?By??n_?E{??Zo n=24 c=5 b=5 nu_cut=4 good=43 nongen=[] mism=0
U??F~z{~??@?W???@_A??C???Ng?^O?^_?Lw?Bu? n=22 c=4 b=5 nu_cut=4 good=35 nongen=[] mism=0
Y??????d}NVovOMw\oFJ?G??G_?_??A?@???C?????^_?@}??B{??B{? n=26 c=7 b=4 nu_cut=4 good=53 nongen=[] mism=0
Y??????jXn^ClgyoZKFY?@??E??C??_??@_???????^_?@}??B{??B{? n=26 c=7 b=4 nu_cut=4 good=52 nongen=[] mism=0
U??F~z{~??O_A???A?C??S???No?\o?No?NW?A}? n=22 c=4 b=5 nu_cut=4 good=40 nongen=[] mism=0
Y????ByZrmXwVoxoO??g???????Q??_??G????Jw?@|??Fk??Jw??Mw? n=26 c=6 b=5 nu_cut=4 good=47 nongen=[] mism=0
W???E~{nfw^O?_C??_???G?@C?C????D{?By??z_?B{??]o n=24 c=5 b=5 nu_cut=4 good=43 nongen=[] mism=0
S??F~z{~?_??G?P?O??o??B{?No?^_?^_ n=20 c=4 b=4 nu_cut=4 good=35 nongen=[] mism=0
U??F~z{~Co????@?C?@G?????Fw?No?^O?No?B]? n=22 c=4 b=5 nu_cut=3 good=40 nongen=[] mism=0
Y??F~z{~C?C???@?A?A????B???????F[?Nc?BU_?K{?@po??}_?A{_? n=26 c=4 b=7 nu_cut=4 good=54 nongen=[] mism=0
Y???Fzy|fsZoO??_?????_??K??o??????Bj??nO?@}??^_??zO??{o? n=26 c=5 b=6 nu_cut=4 good=50 nongen=[] mism=0
Y??F~z{~?O??C?_???C_?A????@????^G?Hy?By??[k??^_?Aj_?@]_? n=26 c=4 b=7 nu_cut=4 good=53 nongen=[] mism=0
W??F~z{~@???_???@????`??W???^_?Fw?Lk?Br??Fw?@}? n=24 c=4 b=6 nu_cut=4 good=46 nongen=[] mism=0
Y???B~y|fkZoH?@?@???????G??C??_???A|??~??B]??No??uo??}O? n=26 c=5 b=6 nu_cut=4 good=48 nongen=[] mism=0
S??F~z{~?OK?A?C?A_????B{?No?^_?^_ n=20 c=4 b=4 nu_cut=4 good=33 nongen=[] mism=0
U???Fnm|fw^__?Q??_@C????G???Fw?Fw?B{??~? n=22 c=5 b=4 nu_cut=4 good=36 nongen=[] mism=0
W????A^lq}^Oyo~?G??Q????@?CG??_????~??No?@}??Fw n=24 c=6 b=4 nu_cut=4 good=47 nongen=[] mism=0
W????B\utm]Wuo^O?_?K???AC?@??A?????~??No?@}??Fw n=24 c=6 b=4 nu_cut=4 good=38 nongen=[] mism=0
W??F~z{~????g?C??_?_?G??C???Zg?^_?Ls?BN??]W?@|? n=24 c=4 b=6 nu_cut=4 good=39 nongen=[] mism=0
W????Bm]ru^_lov_??A??B?A???A??E????~??No?@}??Fw n=24 c=6 b=4 nu_cut=4 good=47 nongen=[] mism=0
W??F~z{~?_?_I?????CG????_???Zg?ZW?H{?Br??No?@z? n=24 c=4 b=6 nu_cut=4 good=46 nongen=[] mism=0
W??F~z{~C?E?G?_??_?G????????Mw?NW?I{?@|??Yw?@Z_ n=24 c=4 b=6 nu_cut=4 good=34 nongen=[] mism=0
S??F~z{~A?@_c?@????O??B{?No?^_?^_ n=20 c=4 b=4 nu_cut=4 good=34 nongen=[] mism=0
Y??F~z{~@?A_a?O?????????G??????Fk?FM?Bf??P{??No?Bm??BM_? n=26 c=4 b=7 nu_cut=4 good=45 nongen=[] mism=0
U??F~z{~@?D?c???O?A??????Lw?^O?^O?NW?A}? n=22 c=4 b=5 nu_cut=4 good=34 nongen=[] mism=0
W???E~unfs^__?A_???_?@??C??O???E{?A}??~??B{??No n=24 c=5 b=5 nu_cut=4 good=42 nongen=[] mism=0
Y????@^|`}Zg|_nO?G@??G??G?C??A??A?????Ng?@^??Fs??NW??Fw? n=26 c=6 b=5 nu_cut=4 good=50 nongen=[] mism=0
S??F~z{~??W?K???A?AO??B{?No?^_?^_ n=20 c=4 b=4 nu_cut=4 good=33 nongen=[] mism=0
W???D}}vfw]oo?A_?????C??G??G???Fw?A}??|_?B{??^O n=24 c=5 b=5 nu_cut=4 good=43 nongen=[] mism=0
W??F~z{~A?D???a???C?????_???Tw?Mw?K{?Bj??Vo?@N_ n=24 c=4 b=6 nu_cut=4 good=46 nongen=[] mism=0
W??F~z{~?_??P?????B??K??????Xw?^_?Ls?@z??VW?@]_ n=24 c=4 b=6 nu_cut=4 good=44 nongen=[] mism=0
U???Fvunf[VoG?C?G?CO??_@????Fw?Fw?B{??~? n=22 c=5 b=4 nu_cut=4 good=41 nongen=[] mism=0
W???D|}vfwNoB??_A??C??????E????E{?By??~??D{??No n=24 c=5 b=5 nu_cut=4 good=42 nongen=[] mism=0
S??F~z{~AGG?C???O?@O??B{?No?^_?^_ n=20 c=4 b=4 nu_cut=4 good=35 nongen=[] mism=0
W??F~z{~C_D?g???@???????????Uw?^G?D{?@n??Uw?@f_ n=24 c=4 b=6 nu_cut=4 good=44 nongen=[] mism=0
W???F^u}b{^OA?C??O@??_??G??G???Fk?By??n_?D{??Zo n=24 c=5 b=5 nu_cut=4 good=38 nongen=[] mism=0
U???F^{~E{Vo?_H????o?c??????Fw?Fw?B{??~? n=22 c=5 b=4 nu_cut=4 good=35 nongen=[] mism=0
W??F~z{~??O?????@_?O?C?@O???VW?^_?Nc?Bu??Fw?@x_ n=24 c=4 b=6 nu_cut=4 good=40 nongen=[] mism=0
Y??F~z{~??O?O???O??O???@???g???Js?Im?BN??Us??~??A|??Br?? n=26 c=4 b=7 nu_cut=4 good=52 nongen=[] mism=0
Y????BVZuyNgz_^O?OC_??_???@??@??A?????NW?@|??D{??Jw??Fw? n=26 c=6 b=5 nu_cut=4 good=54 nongen=[] mism=0
Y???B|}vf[]og???C????O??W?????G???Bm??ro?B{??Uw??}_??]o? n=26 c=5 b=6 nu_cut=4 good=43 nongen=[] mism=0
W???Ft}nf[Zo??_?G??O?C_@_??????Fk?B]??n_?Fs??Vo n=24 c=5 b=5 nu_cut=4 good=42 nongen=[] mism=0
U???B~y~E{Vo??G?S????O_AC???Fw?Fw?B{??~? n=22 c=5 b=4 nu_cut=4 good=39 nongen=[] mism=0
Y???E~m~Fw]oC?@_??A?????G?CC???????~??}O?B{??Fw??mo??zO? n=26 c=5 b=6 nu_cut=4 good=49 nongen=[] mism=0
U???Fvu~D{VoQ?A???AG?c??????Fw?Fw?B{??~? n=22 c=5 b=4 nu_cut=4 good=39 nongen=[] mism=0
Y??????NuVLw}OroS{Bx?K??A_???A_?????@?????^_?@}??B{??B{? n=26 c=7 b=4 nu_cut=4 good=46 nongen=[] mism=0
U??F~z{~A??_??G?C??o?A???Lw?Vo?No?No?By? n=22 c=4 b=5 nu_cut=4 good=41 nongen=[] mism=0
W???Fzy|fsVo?_A???AC?H?A???????B{?Bu??z_?D{??\o n=24 c=5 b=5 nu_cut=4 good=43 nongen=[] mism=0
S??F~z{~B??_??a?O_????B{?No?^_?^_ n=20 c=4 b=4 nu_cut=4 good=33 nongen=[] mism=0
W????Avvdy^Glo~?@O????_@C??O?@?????~??No?@}??Fw n=24 c=6 b=4 nu_cut=4 good=41 nongen=[] mism=0
W??F~z{~?OA?????C??G????k???Uw?]W?Fw?By??Uw?@^? n=24 c=4 b=6 nu_cut=4 good=32 nongen=[] mism=0
W???Fvy|fw^_C???H_?C???????K???Fs?B{??v_?E{??^_ n=24 c=5 b=5 nu_cut=4 good=46 nongen=[] mism=0
W??F~z{~??A???o????_???Ag???^O?^O?Lk?Bf??Vo?@f_ n=24 c=4 b=6 nu_cut=3 good=39 nongen=[] mism=0
U??F~z{~??H_O?_????_?C???Jw?Vo?Zo?Fw?B]? n=22 c=4 b=5 nu_cut=4 good=34 nongen=[] mism=0
Y???Fz{|d{]o??A?A?@??A??G??G??C???Bu??yo?FU??Vo??}_??vO? n=26 c=5 b=6 nu_cut=4 good=37 nongen=[] mism=0
Y??F~z{~?OC_??C????G???@O??????F[?Iy?BR_?NS?@^??@j_?Bs_? n=26 c=4 b=7 nu_cut=4 good=45 nongen=[] mism=0
W??F~z{~????_???W??_?Q??C???Yw?^_?NK??~??^_??|_ n=24 c=4 b=6 nu_cut=4 good=47 nongen=[] mism=0
W??F~z{~??????O?A??O?o??c???^G?\o?Jw?@v??]g?@z? n=24 c=4 b=6 nu_cut=4 good=40 nongen=[] mism=0
Y??F~z{~??K???c?O????A??C??????Ts?LU??|_?VW?@^??Bf??@N_? n=26 c=4 b=7 nu_cut=4 good=53 nongen=[] mism=0
Y???D~{vfkVo??g?G????E?@???O??????BN??nO?Ey??]W??lo??fo? n=26 c=5 b=6 nu_cut=4 good=48 nongen=[] mism=0
W???FvynfkVoA??_W??_????c??????E{?Bm??~??F[??^O n=24 c=5 b=5 nu_cut=4 good=33 nongen=[] mism=0
W???D~yvd{No????K??_?@??M??????D{?By??v_?Fs??]o n=24 c=5 b=5 nu_cut=4 good=39 nongen=[] mism=0
Y??????{u\\c}GJw[kBu????C??K??O??A??CG????^_?@}??B{??B{? n=26 c=7 b=4 nu_cut=4 good=46 nongen=[] mism=0
W??F~z{~@??__?C?G??????A_???^_?NW?Mw?BV??]W?@Z_ n=24 c=4 b=6 nu_cut=4 good=41 nongen=[] mism=0
W????@zVs}Tw^OjoC_????_B?????D?????~??No?@}??Fw n=24 c=6 b=4 nu_cut=4 good=40 nongen=[] mism=0
Y??F~z{~????S?C?G?@??a?????????Js?Hm?@j_?\o?@io?@\_?Bp_? n=26 c=4 b=7 nu_cut=4 good=52 nongen=[] mism=0
S??F~z{~@?B?P??????W??B{?No?^_?^_ n=20 c=4 b=4 nu_cut=4 good=34 nongen=[] mism=0
W???Fx}vfwNoG?C_O????@??G?@????D{?Bu??~??Fw??Vo n=24 c=5 b=5 nu_cut=4 good=33 nongen=[] mism=0
U??F~z{~??C?O?@?O?CG?O???Jw?^O?Zo?Fw?B]? n=22 c=4 b=5 nu_cut=4 good=36 nongen=[] mism=0
U???Fzmnb{ZoO?_?OOAG????A???Fw?Fw?B{??~? n=22 c=5 b=4 nu_cut=4 good=39 nongen=[] mism=0
W???B}}~FwVo_?O_O???????S?A????D{?B]??z_?B{??^O n=24 c=5 b=5 nu_cut=4 good=41 nongen=[] mism=0
S??F~z{~?G?_G?W?O??O??B{?No?^_?^_ n=20 c=4 b=4 nu_cut=4 good=35 nongen=[] mism=0
Y???B~]zfw^O??G?O??C??_?G?C_??????B{??mo?Ey??]g??xo??mo? n=26 c=5 b=6 nu_cut=4 good=55 nongen=[] mism=0
U???E~{ne{\oO?G?@??g???@O???Fw?Fw?B{??~? n=22 c=5 b=4 nu_cut=4 good=35 nongen=[] mism=0
W??F~z{~E_?_????@??_????G???VW?Ng?NS?@}??Fw?@Z_ n=24 c=4 b=6 nu_cut=4 good=39 nongen=[] mism=0
Y??????{YvLsuorWRwD\?G??__A???C??O??_?????^_?@}??B{??B{? n=26 c=7 b=4 nu_cut=4 good=54 nongen=[] mism=0
U???F^{nfkZo??E?B??G???@A???Fw?Fw?B{??~? n=22 c=5 b=4 nu_cut=4 good=40 nongen=[] mism=0
Y??????|Tl\W{WZWXkB]?C?????S?????A_?B?????^_?@}??B{??B{? n=26 c=7 b=4 nu_cut=4 good=44 nongen=[] mism=0
Y????Az^VkMwNojoG?C??a??W????????@????Ng?@n??F[??Mw??NW? n=26 c=6 b=5 nu_cut=4 good=48 nongen=[] mism=0
Y??F~z{~A?Q???????@??@????E????Nc?Hy?Bd_?Vg?@^??Aj_?@z?? n=26 c=4 b=7 nu_cut=4 good=53 nongen=[] mism=0
Y??????tjNYwv_xWVWCv?G?????O??_??K??AO????^_?@}??B{??B{? n=26 c=7 b=4 nu_cut=4 good=43 nongen=[] mism=0
Y????BV|UuTwnOv_C??G??O?G??C??C??O????Jw?@}??Fs??Jw??No? n=26 c=6 b=5 nu_cut=4 good=39 nongen=[] mism=0
W???B~]nb{Vo?_??S?A??C??K??????Fs?B]??v_?B{??^_ n=24 c=5 b=5 nu_cut=4 good=37 nongen=[] mism=0
U???B|}~E{^_@???A??C?g?AG???Fw?Fw?B{??~? n=22 c=5 b=4 nu_cut=4 good=36 nongen=[] mism=0
U??F~z{~C?A_G?A????O?G???Ng?^O?Vo?No?B{? n=22 c=4 b=5 nu_cut=4 good=30 nongen=[] mism=0
Y????BfNt{\Wv_^_OG???H??G??A??A???????Jw?@}??B{??Lw??NW? n=26 c=6 b=5 nu_cut=4 good=53 nongen=[] mism=0
Y???Fzmzd{VoO?_?C???????O??C?AO???B]??vO?B{??VW??^O??^O? n=26 c=5 b=6 nu_cut=4 good=38 nongen=[] mism=0
W???E}}}e{^_G?O?O_A??C??A??????Fw?By??}_?E{??Zo n=24 c=5 b=5 nu_cut=4 good=37 nongen=[] mism=0
U??F~z{~C?C?O???H??G?G???NW?No?\o?NW?By? n=22 c=4 b=5 nu_cut=4 good=41 nongen=[] mism=0
U???Fv]|fwVoP??_A?E?????A???Fw?Fw?B{??~? n=22 c=5 b=4 nu_cut=4 good=40 nongen=[] mism=0
W???B}}^e{\og??_A??O?@?A???????F[?Bu??n_?D{??No n=24 c=5 b=5 nu_cut=4 good=43 nongen=[] mism=0
U??F~z{~?G??H?A?A?AO?????Ng?Vo?^_?Fw?B]? n=22 c=4 b=5 nu_cut=4 good=40 nongen=[] mism=0
Y???F^uzfwNo??C?COA????A??C???G???@|??}O?E]??Vo??ro??n_? n=26 c=5 b=6 nu_cut=4 good=49 nongen=[] mism=0
S??F~z{~?_G_G?_???AO??B{?No?^_?^_ n=20 c=4 b=4 nu_cut=4 good=36 nongen=[] mism=0
U??F~z{~?OO_??C????_?B???Mw?\o?^_?Jw?By? n=22 c=4 b=5 nu_cut=4 good=35 nongen=[] mism=0
W????@|~D{]ozO\o@????_??B?A???o????~??No?@}??Fw n=24 c=6 b=4 nu_cut=4 good=40 nongen=[] mism=0
S??F~z{~??O_A?E???C_??B{?No?^_?^_ n=20 c=4 b=4 nu_cut=4 good=32 nongen=[] mism=0
U??F~z{~?GD???O???E??C???Ng?Vo?^O?Fw?Bm? n=22 c=4 b=5 nu_cut=4 good=41 nongen=[] mism=0
W??F~z{~B??_??A?@??G?C??????^G?\g?Fw??~??]o??^_ n=24 c=4 b=6 nu_cut=4 good=46 nongen=[] mism=0
W????@}^fYZgv_zOCO????_A??C??@A????~??No?@}??Fw n=24 c=6 b=4 nu_cut=4 good=40 nongen=[] mism=0
W???Fvm|fkNoI???A_?C?@?????_???B{?A}??~??B{??Zo n=24 c=5 b=5 nu_cut=4 good=43 nongen=[] mism=0
W????Bl|VM[wn_}_@_?S?C??@?A????????~??No?@}??Fw n=24 c=6 b=4 nu_cut=4 good=41 nongen=[] mism=0
Y??????xjtJ[NW|OLkFk?@???_?O??A?AG??_?????^_?@}??B{??B{? n=26 c=7 b=4 nu_cut=4 good=54 nongen=[] mism=0
Y??F~z{~?GG?c?A?G??G???????????P{?Ku?@x_?S{?@x_?Am_??^_? n=26 c=4 b=7 nu_cut=4 good=37 nongen=[] mism=0
U??F~z{~AGO?O?A??_???_???No?]o?No?NW?A}? n=22 c=4 b=5 nu_cut=4 good=35 nongen=[] mism=0
S??F~z{~AGO?D?C?@?????B{?No?^_?^_ n=20 c=4 b=4 nu_cut=4 good=35 nongen=[] mism=0
W??F~z{~????L?G?O????C?@????Yw?Rw?Ls?Bf??Vo?@v? n=24 c=4 b=6 nu_cut=4 good=44 nongen=[] mism=0
U??F~z{~?OS?_?G??_A??????Mw?No?No?Jw?By? n=22 c=4 b=5 nu_cut=4 good=36 nongen=[] mism=0
W???E}}~FwZo?_G???A??_??G?A_???E{?Bu??~??D{??^_ n=24 c=5 b=5 nu_cut=4 good=37 nongen=[] mism=0
W??F~z{~??C__?O??????D?@????Fw?^_?Ms?BN??Rw?@^? n=24 c=4 b=6 nu_cut=4 good=46 nongen=[] mism=0
Y???F^m~FwVoG_C??_?_?C??G?????????Br??Zo?B{??Ng??to??n_? n=26 c=5 b=6 nu_cut=4 good=48 nongen=[] mism=0
Y????B{]tuZo{oxoC?C??CO@???K??????????No?@|??F[??NW??Lw? n=26 c=6 b=5 nu_cut=4 good=49 nongen=[] mism=0
W????@zVv[Twuouo??B???O?S?C???G????~??No?@}??Fw n=24 c=6 b=4 nu_cut=4 good=41 nongen=[] mism=0
U???Fnunf[^O??G_@?E????@O???Fw?Fw?B{??~? n=22 c=5 b=4 nu_cut=4 good=35 nongen=[] mism=0
Y??????~FUFwfgew]KF[?O?@?_?C??I??@????????^_?@}??B{??B{? n=26 c=7 b=4 nu_cut=4 good=45 nongen=[] mism=0
Y??F~z{~A???P?????@??A??O??_???J[?Fi?Be_?[w?@qo?B\??A\_? n=26 c=4 b=7 nu_cut=4 good=53 nongen=[] mism=0
Y??????yuNTsxoswMsDr?S??D?????o???_???????^_?@}??B{??B{? n=26 c=7 b=4 nu_cut=4 good=45 nongen=[] mism=0
W????B{fvMNouon_???E?E????@A?A?????~??No?@}??Fw n=24 c=6 b=4 nu_cut=4 good=47 nongen=[] mism=0
Y???B~{^e{VoC?_????O?G?@??D???????Az??vO?Fw??Fw??xo??v_? n=26 c=5 b=6 nu_cut=4 good=56 nongen=[] mism=0
W???B~y~FwZo@?H??O?C??????B????Fw?A}??~??D{??]o n=24 c=5 b=5 nu_cut=4 good=46 nongen=[] mism=0
U???F^{nf[^OO?A_?_?_?G??A???Fw?Fw?B{??~? n=22 c=5 b=4 nu_cut=4 good=36 nongen=[] mism=0
Y??F~z{~C_?????????O?p?@???????NS?Lq?@l_?D{?@so?@v??Bw_? n=26 c=4 b=7 nu_cut=4 good=49 nongen=[] mism=0
U???Fn{}f[Zo`???C_???C?@_???Fw?Fw?B{??~? n=22 c=5 b=4 nu_cut=4 good=40 nongen=[] mism=0
U???Fzm^fs\o??_?AO???H??W???Fw?Fw?B{??~? n=22 c=5 b=4 nu_cut=4 good=41 nongen=[] mism=0
Y???Fvm~E{VoO??_W?@??@??O?????????B]??to?FM??NW??n_??to? n=26 c=5 b=6 nu_cut=4 good=49 nongen=[] mism=0
W???Ft}|d{^O@?C???A??`_?G??????Fk?B]??|_?B{??No n=24 c=5 b=5 nu_cut=4 good=40 nongen=[] mism=0
Y??????vbmS{]oXwM[Ey?A???_?g?CO??_????????^_?@}??B{??B{? n=26 c=7 b=4 nu_cut=4 good=37 nongen=[] mism=0
U???F^]^fsZo@???@O?_?W??C???Fw?Fw?B{??~? n=22 c=5 b=4 nu_cut=4 good=35 nongen=[] mism=0
Y???F^{nb{^_??@?K?A??C??A??O??????@z??nO?Em??\o??v_??Vo? n=26 c=5 b=6 nu_cut=4 good=50 nongen=[] mism=0
Y??????^Rl\W[w{gRwD]?A??O_?A????@???B?????^_?@}??B{??B{? n=26 c=7 b=4 nu_cut=4 good=46 nongen=[] mism=0
Y??F~z{~A???E????_???g?????_???Q{?Bu?Bl??Yw?@lO?@N_?B{?? n=26 c=4 b=7 nu_cut=4 good=53 nongen=[] mism=0
Y??????d~FJwmWTw\cDl?G?????S?@O??O??A?????^_?@}??B{??B{? n=26 c=7 b=4 nu_cut=4 good=49 nongen=[] mism=0
Y??????]h^YkZorgXsDm?OO????a??`?A?????????^_?@}??B{??B{? n=26 c=7 b=4 nu_cut=4 good=52 nongen=[] mism=0
W????Bu}Uu\gjoxoAG?o?A????A???G????~??No?@}??Fw n=24 c=6 b=4 nu_cut=4 good=47 nongen=[] mism=0
U??F~z{~C??_G?A?A??_?G???Mw?No?\o?NW?B{? n=22 c=4 b=5 nu_cut=4 good=36 nongen=[] mism=0
S??F~z{~??O?O?I?G?C_??B{?No?^_?^_ n=20 c=4 b=4 nu_cut=4 good=33 nongen=[] mism=0
W???Fv{ve{^_G?_?A?@??G_@???????E{?A}??~??Fs??]o n=24 c=5 b=5 nu_cut=4 good=40 nongen=[] mism=0
W??F~z{~????H?Q???@_???@????Zo?NW?Mw?BZ??Xw??v_ n=24 c=4 b=6 nu_cut=4 good=45 nongen=[] mism=0
U???Fvu^b{^__?C?CO?G?_?A????Fw?Fw?B{??~? n=22 c=5 b=4 nu_cut=4 good=39 nongen=[] mism=0
U???F^{|d{^O_?B?@??G?C_?????Fw?Fw?B{??~? n=22 c=5 b=4 nu_cut=4 good=40 nongen=[] mism=0
Y????@vvVkVoyojoG??g????O?@??????H????No?@^??Fw??Fw??Fw? n=26 c=6 b=5 nu_cut=4 good=49 nongen=[] mism=0
Y??????vdjZg}GygF[C^?C??B????B????_?O?????^_?@}??B{??B{? n=26 c=7 b=4 nu_cut=4 good=53 nongen=[] mism=0
U??F~z{~?O??O?D?@??_?O???Mw?Vo?No?Lw?@}? n=22 c=4 b=5 nu_cut=4 good=35 nongen=[] mism=0
U??F~z{~?OI?G?????C??c???No?^O?]o?Ng?A}? n=22 c=4 b=5 nu_cut=4 good=36 nongen=[] mism=0
U???Fv]^fw]oP?????CO?@??o???Fw?Fw?B{??~? n=22 c=5 b=4 nu_cut=4 good=40 nongen=[] mism=0
U???D~mvfs]o_?@_A?@??G??G???Fw?Fw?B{??~? n=22 c=5 b=4 nu_cut=4 good=41 nongen=[] mism=0
Y??????ujmTkz_bwUwAn????G?D??@@??O??C?????^_?@}??B{??B{? n=26 c=7 b=4 nu_cut=4 good=52 nongen=[] mism=0
Y?????~NviNW|OuoS??G????C?????S?@?????Fw?@|??E{??NW??Ng? n=26 c=6 b=5 nu_cut=4 good=48 nongen=[] mism=0
W??F~z{~????g?_?B????A??O???Lw?[w?Lw?Br??Zg?@z? n=24 c=4 b=6 nu_cut=4 good=45 nongen=[] mism=0
Y????BjVu]]W}On_???o?g??@????A???C????Jw?@^??Fk??No??Lw? n=26 c=6 b=5 nu_cut=4 good=49 nongen=[] mism=0
W???F^]^fs^_O?B??_C???_???@????Fs?A}??v_?E{??^_ n=24 c=5 b=5 nu_cut=4 good=43 nongen=[] mism=0
Y??F~z{~?_????_?@????A??_?D????]o?FM?Bl??Vc??uo?Av??@]_? n=26 c=4 b=7 nu_cut=4 good=53 nongen=[] mism=0
Y??????F~[NWmWZgZSEm?W??__C@????????C?????^_?@}??B{??B{? n=26 c=7 b=4 nu_cut=4 good=52 nongen=[] mism=0
S??F~z{~@?A?g????_CO??B{?No?^_?^_ n=20 c=4 b=4 nu_cut=4 good=35 nongen=[] mism=0
W????Bl|dm[wz_foA????C_?g??O?A?????~??No?@}??Fw n=24 c=6 b=4 nu_cut=4 good=46 nongen=[] mism=0
Y???D~mvfw^__?A??OAK??_???????????Bl??ro?E]??]g??n_??\o? n=26 c=5 b=6 nu_cut=4 good=51 nongen=[] mism=0
W???E|}nb{]o??C????C?@?BG?C????Fw?@}??~??Fs??^O n=24 c=5 b=5 nu_cut=4 good=40 nongen=[] mism=0
Y??????[|lB{vGxWL[Fw?@????AO?@A?????C_????^_?@}??B{??B{? n=26 c=7 b=4 nu_cut=4 good=54 nongen=[] mism=0
Y??????}H|S{Jwew[[Bm??????CO??G?B???CO????^_?@}??B{??B{? n=26 c=7 b=4 nu_cut=4 good=45 nongen=[] mism=0
Y??F~z{~A_G?????@?@G????O??????NS?B{??~??ZK?@\O?@f_?Av?? n=26 c=4 b=7 nu_cut=4 good=45 nongen=[] mism=0
U???F^mve{]oW?C_C????@??O???Fw?Fw?B{??~? n=22 c=5 b=4 nu_cut=4 good=40 nongen=[] mism=0
Y????BV|T{Ng|OfoC??O??O?G????A???a????No?@|??Fk??No??Lw? n=26 c=6 b=5 nu_cut=4 good=49 nongen=[] mism=0
U???Fnmnb{No??A?A_CO?O??O???Fw?Fw?B{??~? n=22 c=5 b=4 nu_cut=4 good=35 nongen=[] mism=0
Y??????^bN^G\gNoT[Ej?o????CG??_?A???A?????^_?@}??B{??B{? n=26 c=7 b=4 nu_cut=4 good=50 nongen=[] mism=0
W???F^u~B{]oc?a?A?????_????C???Fk?A}??z_?B{??^O n=24 c=5 b=5 nu_cut=4 good=42 nongen=[] mism=0
U???F^]zd{Voo????o?_?S??????Fw?Fw?B{??~? n=22 c=5 b=4 nu_cut=4 good=39 nongen=[] mism=0
Y??F~z{~@???A?k??????a?????????\S?C}?BF_?Vc??Vo?A|??@{_? n=26 c=4 b=7 nu_cut=4 good=50 nongen=[] mism=0
W??F~z{~??C?c????_???C?@_???Zo?^_?M[?By??Vg?@N_ n=24 c=4 b=6 nu_cut=4 good=46 nongen=[] mism=0
Y????Bu^U]Zg}_mo@?@???_?O?E???A???????NW??~??Fw??Mw??Fw? n=26 c=6 b=5 nu_cut=4 good=50 nongen=[] mism=0
S??F~z{~??H???E?C?D???B{?No?^_?^_ n=20 c=4 b=4 nu_cut=4 good=33 nongen=[] mism=0
Y????A|tu{Fw|_vOC??A?O??G?A???S???????No?@n??Fk??Mw??Ng? n=26 c=6 b=5 nu_cut=4 good=48 nongen=[] mism=0
Y???Fy}~D{No?_@_?????A?@???_?C????@}??~??Fk??VW??nO??lo? n=26 c=5 b=6 nu_cut=4 good=44 nongen=[] mism=0
W????@}xp}Lw|O}_??A_?__????G??o????~??No?@}??Fw n=24 c=6 b=4 nu_cut=4 good=41 nongen=[] mism=0
W??F~z{~AOC???@?E??????A????Mw?]o?I{?A}??Mw??~? n=24 c=4 b=6 nu_cut=4 good=40 nongen=[] mism=0
Y???F^{vb{Vo@_O?G????A????CC??????@^??to?Dy??Mw??^O??to? n=26 c=5 b=6 nu_cut=4 good=42 nongen=[] mism=0
S??F~z{~?GQ?O???A?AG??B{?No?^_?^_ n=20 c=4 b=4 nu_cut=4 good=33 nongen=[] mism=0
S??F~z{~??D?_?B?O_????B{?No?^_?^_ n=20 c=4 b=4 nu_cut=4 good=32 nongen=[] mism=0
U??F~z{~??@?C?O?P??_?@???Fw?^O?]o?No?B{? n=22 c=4 b=5 nu_cut=4 good=35 nongen=[] mism=0
U??F~z{~@?G?@?I?G??O?????NW?\o?^_?Ng?By? n=22 c=4 b=5 nu_cut=4 good=35 nongen=[] mism=0
U???Fnm^f[VoS?A_@????C??C???Fw?Fw?B{??~? n=22 c=5 b=4 nu_cut=4 good=40 nongen=[] mism=0
Y??????U~eZWfWzO\cE\????__????H??A??H?????^_?@}??B{??B{? n=26 c=7 b=4 nu_cut=4 good=51 nongen=[] mism=0
U??F~z{~?O?_O?_?G?C??A???Ng?^_?]o?Fw?@}? n=22 c=4 b=5 nu_cut=4 good=36 nongen=[] mism=0
Y???B~m^fwZoA????_D??C?@??C???????A|??yo?Fk??Jw??|_??jo? n=26 c=5 b=6 nu_cut=4 good=56 nongen=[] mism=0
W??F~z{~??G?@???P??_????K???ZW?^_?NK?An??]o??^_ n=24 c=4 b=6 nu_cut=4 good=47 nongen=[] mism=0
W?????~\s}]o]o}_??C??I?????Q?AG????~??No?@}??Fw n=24 c=6 b=4 nu_cut=4 good=40 nongen=[] mism=0
Y??????U{vNShwqwFkBm?`?????O?C_?A???G?????^_?@}??B{??B{? n=26 c=7 b=4 nu_cut=4 good=43 nongen=[] mism=0
Y????BZ}R]Ngjomo???K????S?????G?A_????NW?@v??E{??Jw??No? n=26 c=6 b=5 nu_cut=4 good=53 nongen=[] mism=0
U???E}}zfk]oO?A?E??C?A??_???Fw?Fw?B{??~? n=22 c=5 b=4 nu_cut=4 good=41 nongen=[] mism=0
Y???B~ynfk^_A?G??????_?????o?CC???B{??jo?Fe??^O??^O??z_? n=26 c=5 b=6 nu_cut=4 good=54 nongen=[] mism=0
Y??????xZt^G^_joYw@v?_G?C_????C?????S?????^_?@}??B{??B{? n=26 c=7 b=4 nu_cut=4 good=53 nongen=[] mism=0
Y??F~z{~@?@???_?G?C??H?????????Zc?NQ??^_?Lk?@ho?A|??Bb_? n=26 c=4 b=7 nu_cut=4 good=53 nongen=[] mism=0
S??F~z{~??C???`?Q??g??B{?No?^_?^_ n=20 c=4 b=4 nu_cut=4 good=33 nongen=[] mism=0
U??F~z{~C?G???O????W?B???Mw?^_?Vo?Ng?Bm? n=22 c=4 b=5 nu_cut=4 good=36 nongen=[] mism=0
Y????B{VruXwlo~??G?C?K??I?@???????????Lw?@v??B{??Fw??No? n=26 c=6 b=5 nu_cut=4 good=48 nongen=[] mism=0
W??F~z{~A?O????????_?@?Ao???^_?\o?E{?BZ??Zo?@\_ n=24 c=4 b=6 nu_cut=4 good=44 nongen=[] mism=0
Y????@nzR{\WfoNo?G????_?O?C_?C??@?????Lw?@n??Fk??Ng??NW? n=26 c=6 b=5 nu_cut=4 good=50 nongen=[] mism=0
W???E~y}f[VoA???C_?_???Ao??????E{?B{??}_?D{??^O n=24 c=5 b=5 nu_cut=4 good=39 nongen=[] mism=0
Y???Fn]~B{^_C???O??O?`????A???C???@|??ro?Fk??\g??lo??to? n=26 c=5 b=6 nu_cut=4 good=50 nongen=[] mism=0
W????@njr{Yw{oro?_?_?c?????O??o????~??No?@}??Fw n=24 c=6 b=4 nu_cut=4 good=43 nongen=[] mism=0
U??F~z{~@?G???C?Q?@??A???Mw?]o?Vo?Lw?Bm? n=22 c=4 b=5 nu_cut=4 good=35 nongen=[] mism=0
W???Fzu|fwVoC?O??_?C?A?A??A????Fk?By??}_?Fw??]o n=24 c=5 b=5 nu_cut=4 good=28 nongen=[] mism=0
Y??????zetMkdw}O^_Bf?@G?A?CG?????G???O????^_?@}??B{??B{? n=26 c=7 b=4 nu_cut=4 good=54 nongen=[] mism=0
Y???Fn{ne{VoO?F??????G??G?????C???Az??n_?Fk??Uw??to??Vo? n=26 c=5 b=6 nu_cut=4 good=41 nongen=[] mism=0
Y????A|lvsZW}_v_Cg??????_?A???A??A????Fw??~??D{??NW??No? n=26 c=6 b=5 nu_cut=4 good=49 nongen=[] mism=0
U??F~z{~A?C?G?C?O??G?C???NW?No?Zo?NW?A}? n=22 c=4 b=5 nu_cut=4 good=36 nongen=[] mism=0
W??F~z{~E?O?W?G????_????????^O?^O?K{?@v??Mw?@N_ n=24 c=4 b=6 nu_cut=4 good=46 nongen=[] mism=0
W????BujvY\oNolo?G?O?S??I?????A????~??No?@}??Fw n=24 c=6 b=4 nu_cut=4 good=39 nongen=[] mism=0
W?????~}b{]oto]o?GCO?_O??????@G????~??No?@}??Fw n=24 c=6 b=4 nu_cut=4 good=45 nongen=[] mism=0
W???B~y}fkNoa???C_?_??_???A????Fk?Bu??^_?E{??Zo n=24 c=5 b=5 nu_cut=4 good=33 nongen=[] mism=0
Y??????ncvUwNgrWNSEt?_??`?A???A??????W????^_?@}??B{??B{? n=26 c=7 b=4 nu_cut=4 good=43 nongen=[] mism=0
U???F^{ne{VoQ?@?G????C?@_???Fw?Fw?B{??~? n=22 c=5 b=4 nu_cut=4 good=38 nongen=[] mism=0
Y??????}TfZS|G[wLwE\?@G?B????????@??c?????^_?@}??B{??B{? n=26 c=7 b=4 nu_cut=4 good=45 nongen=[] mism=0
W???F\}|e{Nog?A??O???J?????????Fw?A}??|_?Fk??No n=24 c=5 b=5 nu_cut=4 good=39 nongen=[] mism=0
W????BN{tm\gvOVoAOB???????C???c????~??No?@}??Fw n=24 c=6 b=4 nu_cut=4 good=41 nongen=[] mism=0
U??F~z{~A???C?A?@?@??o???Jw?^O?^_?No?Bm? n=22 c=4 b=5 nu_cut=4 good=41 nongen=[] mism=0
Y????@|ru][w^O|_??@O?_??A????@A??O????Ng?@|??D{??Lw??Jw? n=26 c=6 b=5 nu_cut=4 good=49 nongen=[] mism=0
Y??F~z{~@?G???A??????g??O??O???\o?@}?BT_?X[?@]O?Bm??@{_? n=26 c=4 b=7 nu_cut=4 good=45 nongen=[] mism=0
Y??????{[|YsrgxoNoFU????_??_??Q??P??@?????^_?@}??B{??B{? n=26 c=7 b=4 nu_cut=4 good=53 nongen=[] mism=0
Y????BN|a}VW|_}O?G?G??_?W?@?????A?????Jw?@v??Fw??NW??No? n=26 c=6 b=5 nu_cut=4 good=50 nongen=[] mism=0
W??F~z{~?O??C?@???@??H??O???Xw?ZW?No?Az??^O??}_ n=24 c=4 b=6 nu_cut=4 good=40 nongen=[] mism=0
W???B~{nfs\oG?C??O???o?A???O???D{?B{??v_?Fk??No n=24 c=5 b=5 nu_cut=4 good=49 nongen=[] mism=0
U???Fnune{^_????H??K?g?@????Fw?Fw?B{??~? n=22 c=5 b=4 nu_cut=4 good=34 nongen=[] mism=0
U??F~z{~@?@???@?B??g?????Ng?]o?^_?Lw?@}? n=22 c=4 b=5 nu_cut=4 good=40 nongen=[] mism=0
W??F~z{~??@?S?????EG????G???No?Rw?Nc?@|??ZW?@x_ n=24 c=4 b=6 nu_cut=3 good=44 nongen=[] mism=0
W???E~mvfs\oO?H?A????a?????G???D{?@}??|_?B{??^O n=24 c=5 b=5 nu_cut=4 good=32 nongen=[] mism=0
Y??????y]jMsZoYwRkE]?H????@O??`??????_????^_?@}??B{??B{? n=26 c=7 b=4 nu_cut=4 good=46 nongen=[] mism=0
S??F~z{~@_??G?D?@?C???B{?No?^_?^_ n=20 c=4 b=4 nu_cut=4 good=35 nongen=[] mism=0
Y???Fz{^fk]oC????????O??G?@O??K???By??yo?By??^O??|O??|O? n=26 c=5 b=6 nu_cut=4 good=44 nongen=[] mism=0
U???Fn{nd{NoO_O?@?@??o??????Fw?Fw?B{??~? n=22 c=5 b=4 nu_cut=4 good=38 nongen=[] mism=0
W???Fl}|b{^O_?_??O?G?A?A??@????F[?Bu??z_?Fs??^O n=24 c=5 b=5 nu_cut=4 good=33 nongen=[] mism=0
Y??????V]uNS}_iwUkDZ???A??A???C?@@??D?????^_?@}??B{??B{? n=26 c=7 b=4 nu_cut=4 good=46 nongen=[] mism=0
Y??????}MlLkNW}GE{Eu?o??C??A?????@??G_????^_?@}??B{??B{? n=26 c=7 b=4 nu_cut=4 good=45 nongen=[] mism=0
U??F~z{~??C_O?B???D??????NW?Vo?^O?Mw?B{? n=22 c=4 b=5 nu_cut=4 good=40 nongen=[] mism=0
W??F~z{~?O??O?O??_@_?A??????\W?\g?H{?@v??]o?@|? n=24 c=4 b=6 nu_cut=4 good=46 nongen=[] mism=0
W????@nnbm^G^O~??_?????@@?CC??a????~??No?@}??Fw n=24 c=6 b=4 nu_cut=4 good=40 nongen=[] mism=0
U???D}}|fk\oO?E?A????_??c???Fw?Fw?B{??~? n=22 c=5 b=4 nu_cut=4 good=29 nongen=[] mism=0
W????BV}Vk]onOzO?_???AO?I??O??A????~??No?@}??Fw n=24 c=6 b=4 nu_cut=4 good=38 nongen=[] mism=0
W??F~z{~??B?G???O?A_????G???Vg?NW?Ng?B\??Uw?@v? n=24 c=4 b=6 nu_cut=4 good=47 nongen=[] mism=0
U???B~yve{\o@?_?P??c?G??????Fw?Fw?B{??~? n=22 c=5 b=4 nu_cut=4 good=35 nongen=[] mism=0
U???Fn]^d{\oG???GO?o?_?A????Fw?Fw?B{??~? n=22 c=5 b=4 nu_cut=4 good=40 nongen=[] mism=0
U???B|}|d{VoW?__A_C?????????Fw?Fw?B{??~? n=22 c=5 b=4 nu_cut=4 good=35 nongen=[] mism=0
Y??????zcnS{yotgD{Cz?C?@???B??O??g????????^_?@}??B{??B{? n=26 c=7 b=4 nu_cut=4 good=37 nongen=[] mism=0
U???Fvm|fkNoC???A?@C?Q??G???Fw?Fw?B{??~? n=22 c=5 b=4 nu_cut=4 good=39 nongen=[] mism=0
S??F~z{~?_O?Q?S????O??B{?No?^_?^_ n=20 c=4 b=4 nu_cut=4 good=34 nongen=[] mism=0
U???F^u~F[NoC?g????S???AA???Fw?Fw?B{??~? n=22 c=5 b=4 nu_cut=4 good=34 nongen=[] mism=0
Y???F^y|e{^OC_??O?@??@?@??????G???Bm??z_?A}??NW??to??z_? n=26 c=5 b=6 nu_cut=4 good=42 nongen=[] mism=0
Y???Fz{vfk]o??W?@????G_?O??O??????A|??{o?Em??\W??vO??jo? n=26 c=5 b=6 nu_cut=4 good=49 nongen=[] mism=0
Y??F~z{~A?@???????C????B_??O???]S?By?Bx??Zg??~??Af_?@{_? n=26 c=4 b=7 nu_cut=4 good=51 nongen=[] mism=0
Y??????\r]XsTw}GF[Du?@G?C??a?C??????O?????^_?@}??B{??B{? n=26 c=7 b=4 nu_cut=4 good=45 nongen=[] mism=0
Y??????v`zMwyoNoVKE\?CG???CA??K??????G????^_?@}??B{??B{? n=26 c=7 b=4 nu_cut=4 good=52 nongen=[] mism=0
U??F~z{~A?G???A?C_???B???Lw?]o?^_?NW?B{? n=22 c=4 b=5 nu_cut=4 good=39 nongen=[] mism=0
Y????@^]uu[w~?mo?????_?@_?C???A??c????No?@z??B{??Mw??No? n=26 c=6 b=5 nu_cut=4 good=48 nongen=[] mism=0
U???B~]nfwNoK????_E??I??????Fw?Fw?B{??~? n=22 c=5 b=4 nu_cut=4 good=36 nongen=[] mism=0
Y??????j\f]c^OJwY[Dm?A???_?W??O?????o?????^_?@}??B{??B{? n=26 c=7 b=4 nu_cut=4 good=44 nongen=[] mism=0
U??F~z{~?GC???_?A?AO?_???Lw?^O?Vo?Jw?B{? n=22 c=4 b=5 nu_cut=4 good=35 nongen=[] mism=0
Y???Fvm}fk\o????A??C?D?A?????AG???A|??xo?Ey??Uw??v_??}_? n=26 c=5 b=6 nu_cut=4 good=55 nongen=[] mism=0
S??F~z{~AGO???g?G??G??B{?No?^_?^_ n=20 c=4 b=4 nu_cut=4 good=33 nongen=[] mism=0
S??F~z{~??@_O?c??_?_??B{?No?^_?^_ n=20 c=4 b=4 nu_cut=4 good=34 nongen=[] mism=0
S??F~z{~A?A_I?????AO??B{?No?^_?^_ n=20 c=4 b=4 nu_cut=4 good=33 nongen=[] mism=0
Y???F^y^b{^OG?_???C??A?A???C??G???@n??nO?E{??Yw??yo??\o? n=26 c=5 b=6 nu_cut=4 good=47 nongen=[] mism=0
S??F~z{~?O??H?S??_C???B{?No?^_?^_ n=20 c=4 b=4 nu_cut=4 good=35 nongen=[] mism=0
Y????@vveyNonO|_???Q????_??Q?A???_????Ng?@v??D{??Lw??NW? n=26 c=6 b=5 nu_cut=4 good=54 nongen=[] mism=0
Y??????lnXZWuo]o\g?~???????`??I?A?_?O?????^_?@}??B{??B{? n=26 c=7 b=4 nu_cut=4 good=53 nongen=[] mism=0
U??F~z{~?_??A?P?O?A??C???Mw?]o?^O?Jw?Bm? n=22 c=4 b=5 nu_cut=4 good=41 nongen=[] mism=0
U???Fnu}fw^OD?B?CO?O????????Fw?Fw?B{??~? n=22 c=5 b=4 nu_cut=4 good=39 nongen=[] mism=0
U??F~z{~@OS?A??????_?@???Fw?No?Vo?Jw?B]? n=22 c=4 b=5 nu_cut=4 good=41 nongen=[] mism=0
W??F~z{~C?D?@???O????O?@????VW?]o?E{?A^??Vg??v_ n=24 c=4 b=6 nu_cut=4 good=46 nongen=[] mism=0
Y??????lmf\g^_mgLkFq??O@???I??O?????D?????^_?@}??B{??B{? n=26 c=7 b=4 nu_cut=4 good=53 nongen=[] mism=0
W???B~y~E{\o@?A????_?O??_?CC???Fw?@}??z_?B{??\o n=24 c=5 b=5 nu_cut=4 good=37 nongen=[] mism=0
S??F~z{~?O?_`?O???C_??B{?No?^_?^_ n=20 c=4 b=4 nu_cut=4 good=35 nongen=[] mism=0
Y??F~z{~AG????C???CO???@??C????Y[?Ky?@m_?Ms?@yO?Az??@z?? n=26 c=4 b=7 nu_cut=4 good=45 nongen=[] mism=0
W????BNvR]Nolo}OGO???_??G?@_?@?????~??No?@}??Fw n=24 c=6 b=4 nu_cut=4 good=47 nongen=[] mism=0
Y????Bjyvw\ov_loA??C????H??G?????o????Mw?@v??D{??No??Lw? n=26 c=6 b=5 nu_cut=4 good=49 nongen=[] mism=0
Y??????M}\YwrgiwTkEy???@???@?@G??O??O_????^_?@}??B{??B{? n=26 c=7 b=4 nu_cut=4 good=38 nongen=[] mism=0
W??F~z{~?WC???O????_?C?A????[w?Vg?Fw?@|??\W??~? n=24 c=4 b=6 nu_cut=4 good=47 nongen=[] mism=0
Y???F^]|b{^O??C?O????Q??O????@O???Bf??}_?Fw??VW??xo??to? n=26 c=5 b=6 nu_cut=4 good=54 nongen=[] mism=0
Y??F~z{~A???B??????_?Q????@????Yk?Fs?Bx??Rs??|O?Al_?BN?? n=26 c=4 b=7 nu_cut=4 good=53 nongen=[] mism=0
Y???B}}~D{^_O??_A????A_A_?????????Br??\o?@}??]W??Vo??jo? n=26 c=5 b=6 nu_cut=4 good=42 nongen=[] mism=0
W??F~z{~?GP???@???@_????_???Uw?\o?B{?Bj??ZW?@f_ n=24 c=4 b=6 nu_cut=4 good=40 nongen=[] mism=0
W??F~z{~?GC?C?o?G???????C???Jw?Xw?Mk?Bm??Vo?@j_ n=24 c=4 b=6 nu_cut=4 good=40 nongen=[] mism=0
Y???B~]~D{NoO?O?C?@??C??G?C???????Bf??fo?B]??^G??]o??mo? n=26 c=5 b=6 nu_cut=4 good=44 nongen=[] mism=0
Y??????fnsYkVoyW]gD\??G@??????K??o???_????^_?@}??B{??B{? n=26 c=7 b=4 nu_cut=4 good=53 nongen=[] mism=0
Y????Bl\uu^Gv_^OC??O????O??A?@???E????Ng??~??Fs??No??Jw? n=26 c=6 b=5 nu_cut=4 good=44 nongen=[] mism=0
W????@vuu]^_moyoG????_??@?@C??g????~??No?@}??Fw n=24 c=6 b=4 nu_cut=4 good=41 nongen=[] mism=0
W????@||feZozO}_C?C??B??B??_???????~??No?@}??Fw n=24 c=6 b=4 nu_cut=4 good=41 nongen=[] mism=0
W???Fx}|d{\o????G_???O??a??c???Fw?B]??}_?Fs??]o n=24 c=5 b=5 nu_cut=4 good=46 nongen=[] mism=0
S??F~z{~??O?O?g?A?@_??B{?No?^_?^_ n=20 c=4 b=4 nu_cut=4 good=34 nongen=[] mism=0
W????A^yvw^Gjo~????A?H??E????AA????~??No?@}??Fw n=24 c=6 b=4 nu_cut=4 good=39 nongen=[] mism=0
Y??F~z{~@?????o?@_?O????C??????\S?I]?@f_?^G?@yO??z_?AZ_? n=26 c=4 b=7 nu_cut=4 good=45 nongen=[] mism=0
S??F~z{~@?G?G???B?AO??B{?No?^_?^_ n=20 c=4 b=4 nu_cut=4 good=33 nongen=[] mism=0
W????Bj{vwTwrov_?W@??I??O????A?????~??No?@}??Fw n=24 c=6 b=4 nu_cut=4 good=40 nongen=[] mism=0
U??F~z{~@?G?I?C?O?A??????Lw?Vo?^_?Ng?B]? n=22 c=4 b=5 nu_cut=4 good=41 nongen=[] mism=0
Y??F~z{~C??_C???G?CG????G??????Q{?Ji?@v??Yk??\o?Ar_?BM_? n=26 c=4 b=7 nu_cut=4 good=38 nongen=[] mism=0
W???Fn{|f[^OQ???A?C???_?A??G???F[?Bu??~??B{??]o n=24 c=5 b=5 nu_cut=4 good=38 nongen=[] mism=0
W???B|}vd{^OG__?A?A?????C??O???Fw?Bm??n_?B{??Vo n=24 c=5 b=5 nu_cut=4 good=37 nongen=[] mism=0
S??F~z{~@_??P????_D???B{?No?^_?^_ n=20 c=4 b=4 nu_cut=4 good=33 nongen=[] mism=0
W??F~z{~?_A_????K??O???@????Uw?Rw?Ng?A}??Mw?@r_ n=24 c=4 b=6 nu_cut=4 good=46 nongen=[] mism=0
W???Fz{}fkZo??G?A?D?????I?A????B{?By??z_?Fs??^_ n=24 c=5 b=5 nu_cut=4 good=43 nongen=[] mism=0
W??F~z{~A?G?A?H????G???A????]W?NW?B{?BN??[w?@n? n=24 c=4 b=6 nu_cut=4 good=47 nongen=[] mism=0
U???F^]vfk\o_??_A????H?@_???Fw?Fw?B{??~? n=22 c=5 b=4 nu_cut=4 good=36 nongen=[] mism=0
W??F~z{~A?D?@?A?A????_??????Vg?Mw?Jk?B]??[w??^_ n=24 c=4 b=6 nu_cut=4 good=48 nongen=[] mism=0
Y????Brru]VoNolo@?A?????O?AO??A?A?????No?@v??Fs??NW??Lw? n=26 c=6 b=5 nu_cut=4 good=56 nongen=[] mism=0
W??F~z{~??@?O?_???A??d??????NW?Zg?NS?@n??Zg?@N_ n=24 c=4 b=6 nu_cut=4 good=39 nongen=[] mism=0
W??F~z{~?_G?G???P??O?G??????]g?Uw?D{?Bu??ZW?@n? n=24 c=4 b=6 nu_cut=4 good=41 nongen=[] mism=0
Y????Bu]u]JwfonO?_???C?A???C??A??g????Fw?@v??Fw??Jw??Mw? n=26 c=6 b=5 nu_cut=4 good=44 nongen=[] mism=0
Y??F~z{~?OA?@??????_????G?AG???Fs?Li?Ar_?Lw?@bo?@|??Bu?? n=26 c=4 b=7 nu_cut=4 good=52 nongen=[] mism=0
U??F~z{~??O__?H?G????O???Mw?\o?^O?Lw?A}? n=22 c=4 b=5 nu_cut=4 good=39 nongen=[] mism=0
Y??????xu]JkZoswUsB\?GG?G????@@?AO????????^_?@}??B{??B{? n=26 c=7 b=4 nu_cut=4 good=46 nongen=[] mism=0
W??F~z{~?O????E?C??G?S??????\g?]W?Mk?@v??\W?@}? n=24 c=4 b=6 nu_cut=4 good=40 nongen=[] mism=0
Y??F~z{~E?????P?C????G?A???????[w?Bu?@z??\c??to?Bk_?BV?? n=26 c=4 b=7 nu_cut=4 good=51 nongen=[] mism=0
Y???F]}^b{\oC?_?GO?????@G????@?????~??n_?@}??Yw??uo??]o? n=26 c=5 b=6 nu_cut=4 good=32 nongen=[] mism=0
W???Fn{}d{No_????_?C????W?CG???B{?A}??~??Fs??^O n=24 c=5 b=5 nu_cut=4 good=47 nongen=[] mism=0
Y??F~z{~?G@??????_C??C????@_???Lw?Lk?Bt??U[?@u_?Au_?@]_? n=26 c=4 b=7 nu_cut=4 good=53 nongen=[] mism=0
U??F~z{~?OQ?K???C????A???Mw?Zo?Vo?Jw?Bu? n=22 c=4 b=5 nu_cut=4 good=39 nongen=[] mism=0
Y????A|vR]VW{ozOQ??C?A?????c??C???????Mw?@|??Fs??NW??Fw? n=26 c=6 b=5 nu_cut=4 good=50 nongen=[] mism=0
Y???Fu}^fwVoO?????@C?O?????S?C????@}??yo?D{??\g??|_??^O? n=26 c=5 b=6 nu_cut=4 good=47 nongen=[] mism=0
U??F~z{~?WC?G?_??????B???No?^_?No?Fw?By? n=22 c=4 b=5 nu_cut=4 good=40 nongen=[] mism=0
U???Fzmvb{\oC?@?E?@??_??G???Fw?Fw?B{??~? n=22 c=5 b=4 nu_cut=4 good=42 nongen=[] mism=0
W???D~{vfs^O_????O???I??o??G???Fk?@}??}_?B{??Vo n=24 c=5 b=5 nu_cut=4 good=38 nongen=[] mism=0
U???D|}zfw^OG???GO?_??_?W???Fw?Fw?B{??~? n=22 c=5 b=4 nu_cut=4 good=40 nongen=[] mism=0
Y??F~z{~????K???A?AG???@G??????Nc?G}?BV??S{?@lO?BZ??Ay_? n=26 c=4 b=7 nu_cut=4 good=51 nongen=[] mism=0
U??F~z{~A?A?G???G_?G?C???NW?^O?]o?Ng?Bm? n=22 c=4 b=5 nu_cut=4 good=35 nongen=[] mism=0
Y????An^dmTwz_{o@??G???@???a?A??A?????Jw?@z??Fs??No??Lw? n=26 c=6 b=5 nu_cut=4 good=49 nongen=[] mism=0
Y????Bl|b]ZW}Ouo?G@??@?A??@???_??A????NW?@^??F[??No??Jw? n=26 c=6 b=5 nu_cut=4 good=44 nongen=[] mism=0
W????@vza}[wuouo@G?G?C??G?D????????~??No?@}??Fw n=24 c=6 b=4 nu_cut=4 good=41 nongen=[] mism=0
Y??????b|]ZWyotgZcB{????@?A_??H??O??G?????^_?@}??B{??B{? n=26 c=7 b=4 nu_cut=4 good=38 nongen=[] mism=0
Y????BZnT]\gto|_A??????????C??i??I????Ng?@|??B{??Jw??No? n=26 c=6 b=5 nu_cut=4 good=52 nongen=[] mism=0
W????Anvd]Lwuo^OA??C?_?@??E???_????~??No?@}??Fw n=24 c=6 b=4 nu_cut=4 good=47 nongen=[] mism=0
Y??????vb]RkwwMw\WFq??_???E??????O_?H?????^_?@}??B{??B{? n=26 c=7 b=4 nu_cut=4 good=38 nongen=[] mism=0
W????@vtt{]W^_^O@OC??_????@??AO????~??No?@}??Fw n=24 c=6 b=4 nu_cut=4 good=46 nongen=[] mism=0
S??F~z{~B???a?@?@??_??B{?No?^_?^_ n=20 c=4 b=4 nu_cut=4 good=35 nongen=[] mism=0
Y????BmnRy\olo\oO?C???o?G?A?????@?????Lw??~??E{??Ng??Fw? n=26 c=6 b=5 nu_cut=4 good=49 nongen=[] mism=0
W????@zjr{[wn_^_O?A??_?AO??O??A????~??No?@}??Fw n=24 c=6 b=4 nu_cut=4 good=38 nongen=[] mism=0
U??F~z{~C?G?E?C???A??_???Ng?No?]o?Lw?By? n=22 c=4 b=5 nu_cut=4 good=35 nongen=[] mism=0
Y???Fn]}e{^_?_G??_???__?O?A???????BN??{o?Bm??\W??^O??fo? n=26 c=5 b=6 nu_cut=4 good=50 nongen=[] mism=0
Y????A^zdyRwz_]oG????G?B???G??_?@?????Ng?@z??Fk??Mw??Ng? n=26 c=6 b=5 nu_cut=4 good=40 nongen=[] mism=0
Y????Bj}emRwmo|OC??E????O??G?@??@?????NW?@^??Fk??Lw??Fw? n=26 c=6 b=5 nu_cut=4 good=42 nongen=[] mism=0
Y????@}vVw]o}Oro?GC?????I??G?????o????Lw?@^??F[??Ng??No? n=26 c=6 b=5 nu_cut=4 good=42 nongen=[] mism=0
Y??F~z{~A???_?A?C????_????@O???Mw?FY?Bf??B{??nO?Bh_?Bt?? n=26 c=4 b=7 nu_cut=4 good=37 nongen=[] mism=0
U??F~z{~C_O?O???G??G?A???No?No?^O?Mw?By? n=22 c=4 b=5 nu_cut=4 good=35 nongen=[] mism=0
W????BlnRm\onO{o??C_??_?G??G??E????~??No?@}??Fw n=24 c=6 b=4 nu_cut=4 good=47 nongen=[] mism=0
Y????Bl{r{NgvO}_C_?C??O?W????????@????Mw??~??E{??Ng??Lw? n=26 c=6 b=5 nu_cut=4 good=44 nongen=[] mism=0
W??F~z{~????G?O???D??A?B????^O?Rw?Nc?An??No??|_ n=24 c=4 b=6 nu_cut=4 good=46 nongen=[] mism=0
W????BZNvkVWlozOG?????OAO??G?@C????~??No?@}??Fw n=24 c=6 b=4 nu_cut=4 good=41 nongen=[] mism=0
Y??F~z{~?O????C?@_?G?C?A???????NS?Eu?Ar_?Js?@j_?Bt??BM_? n=26 c=4 b=7 nu_cut=4 good=53 nongen=[] mism=0
Y???D~{zfw]o??_?A?????_?_??K??O???BZ??n_?Fq??^_??lo??}_? n=26 c=5 b=6 nu_cut=4 good=42 nongen=[] mism=0
U??F~z{~@?A?E?O?O?@??????Fw?^O?Zo?Mw?@}? n=22 c=4 b=5 nu_cut=4 good=36 nongen=[] mism=0
S??F~z{~?_O?c???D??O??B{?No?^_?^_ n=20 c=4 b=4 nu_cut=4 good=33 nongen=[] mism=0
W????@vft]]g^_vOC?CO?g?@O??????????~??No?@}??Fw n=24 c=6 b=4 nu_cut=4 good=45 nongen=[] mism=0
Y???Fl}|b{^OG__??????@?@???_??O???A|??n_?Bm??^_??]o??n_? n=26 c=5 b=6 nu_cut=4 good=32 nongen=[] mism=0
U???E}}vb{^OC?_?C?E??O??_???Fw?Fw?B{??~? n=22 c=5 b=4 nu_cut=4 good=41 nongen=[] mism=0
W????BZzeuVW\onOW??G?A????AA??G????~??No?@}??Fw n=24 c=6 b=4 nu_cut=4 good=46 nongen=[] mism=0
Y??????y[^Mk]g}G[sB{?C?A??????Q??C??c?????^_?@}??B{??B{? n=26 c=7 b=4 nu_cut=4 good=46 nongen=[] mism=0
U???Fzu|e{^OA_@_?????B?@????Fw?Fw?B{??~? n=22 c=5 b=4 nu_cut=4 good=39 nongen=[] mism=0
Y???Fn]|f[\oC???P????P??G?????_????~??to?Fe??^G??to??v_? n=26 c=5 b=6 nu_cut=4 good=53 nongen=[] mism=0
Y??????Vtf^CxWnG[kFk?C??B?????W?@G????????^_?@}??B{??B{? n=26 c=7 b=4 nu_cut=4 good=46 nongen=[] mism=0
Y??F~z{~??D?????A_?G?A????@????Fw?MY?Bd_?ZS?@V_?A]_?Bp_? n=26 c=4 b=7 nu_cut=4 good=51 nongen=[] mism=0
W?????~}Uy\g|_{o?_@??c?????E??C????~??No?@}??Fw n=24 c=6 b=4 nu_cut=4 good=47 nongen=[] mism=0
Y????@}tt{VgZotoO?A????????E?@??AG????Fw?@n??F[??NW??No? n=26 c=6 b=5 nu_cut=4 good=55 nongen=[] mism=0
Y????Br|U{Rw{oz_G??G????_??A??W??G????Jw?@|??E{??Ng??Fw? n=26 c=6 b=5 nu_cut=4 good=56 nongen=[] mism=0
U??F~z{~?_S?@?O???A??C???No?Vo?\o?No?By? n=22 c=4 b=5 nu_cut=4 good=35 nongen=[] mism=0
W??F~z{~D??_A??????O?G?A????\o?NW?L[?Bx??Fw?@t_ n=24 c=4 b=6 nu_cut=4 good=41 nongen=[] mism=0
U???F^]nf[]o??Q?A?D?????K???Fw?Fw?B{??~? n=22 c=5 b=4 nu_cut=4 good=35 nongen=[] mism=0
Y????Brrvw^Gyo^_A?????O?a??K?????O????Mw?@z??D{??Fw??Fw? n=26 c=6 b=5 nu_cut=4 good=44 nongen=[] mism=0
Y??F~z{~CGP?C?G??_?????????????]S?H{?@t_?Xs?@Fo?@Z_??}_? n=26 c=4 b=7 nu_cut=4 good=45 nongen=[] mism=0
S??F~z{~????`?O?I?@_??B{?No?^_?^_ n=20 c=4 b=4 nu_cut=4 good=33 nongen=[] mism=0
Y???Fnm}e{^_G?O?P???????A?@C??????A^??mo?Ey??Xw??~???^O? n=26 c=5 b=6 nu_cut=4 good=54 nongen=[] mism=0
U???Fu}nb{]oO????O?O?`??c???Fw?Fw?B{??~? n=22 c=5 b=4 nu_cut=4 good=36 nongen=[] mism=0
U???Fzyzfk]o?___A?AO?G??????Fw?Fw?B{??~? n=22 c=5 b=4 nu_cut=4 good=36 nongen=[] mism=0
S??F~z{~C_A?o?P???????B{?No?^_?^_ n=20 c=4 b=4 nu_cut=4 good=32 nongen=[] mism=0
Y????BVnR{Tw{otoOO???O??g??Q??????????Mw?@z??D{??Fw??Ng? n=26 c=6 b=5 nu_cut=4 good=55 nongen=[] mism=0
Y???B~mnf[^_?_C?A_????????D???C????~??nO?Em??Ng??~???to? n=26 c=5 b=6 nu_cut=4 good=53 nongen=[] mism=0
U???Fm}^fk^OB?O?OO?G????O???Fw?Fw?B{??~? n=22 c=5 b=4 nu_cut=4 good=35 nongen=[] mism=0
W????B{fvk\oto\o???A?A?AA??O??a????~??No?@}??Fw n=24 c=6 b=4 nu_cut=4 good=45 nongen=[] mism=0
Y????BN~EyVo^O}_G?????_?E?@A??_???????Mw?@v??D{??NW??No? n=26 c=6 b=5 nu_cut=4 good=49 nongen=[] mism=0
Y???F^]nf[]o?_????A_?S?AC?????????B\??{o?Fk??\o??Zo??}O? n=26 c=5 b=6 nu_cut=4 good=54 nongen=[] mism=0
W??F~z{~?_D?@???A?C?????C???Zo?NW?J[?Av??ZW??v_ n=24 c=4 b=6 nu_cut=4 good=46 nongen=[] mism=0
S??F~z{~??@?Q???G_CG??B{?No?^_?^_ n=20 c=4 b=4 nu_cut=4 good=32 nongen=[] mism=0
S??F~z{~?_A_Q?G?C?????B{?No?^_?^_ n=20 c=4 b=4 nu_cut=4 good=33 nongen=[] mism=0
S??F~z{~CGG?C???C??W??B{?No?^_?^_ n=20 c=4 b=4 nu_cut=4 good=36 nongen=[] mism=0
W??F~z{~?g??W????????g??O???Rw?^O?Fk?B\??Jw?@]_ n=24 c=4 b=6 nu_cut=4 good=45 nongen=[] mism=0
W??F~z{~A?P?`?O??????G??????Zg?Tw?Ls?Bm??Tw??~? n=24 c=4 b=6 nu_cut=4 good=41 nongen=[] mism=0
Y??????ezj\Syo~?Ts@}????P??@??@?A@??@?????^_?@}??B{??B{? n=26 c=7 b=4 nu_cut=4 good=52 nongen=[] mism=0
U???F^u~E{Zo_?H?@OA_????????Fw?Fw?B{??~? n=22 c=5 b=4 nu_cut=4 good=36 nongen=[] mism=0
W????B]ur]]Wmo^_G?CA????D????CG????~??No?@}??Fw n=24 c=6 b=4 nu_cut=4 good=45 nongen=[] mism=0
S??F~z{~AO????C?D?@G??B{?No?^_?^_ n=20 c=4 b=4 nu_cut=4 good=34 nongen=[] mism=0
Y???E~]zfwVo??_??????A_?c??C?@????@v??}_?E{??\g??{o??n_? n=26 c=5 b=6 nu_cut=4 good=48 nongen=[] mism=0
S??F~z{~A?A__???S?A???B{?No?^_?^_ n=20 c=4 b=4 nu_cut=4 good=33 nongen=[] mism=0
Y??F~z{~C???@?G?G?C??C?????G???W{?Eu?Az??Us?@{_?AV_?@r_? n=26 c=4 b=7 nu_cut=4 good=46 nongen=[] mism=0
W???Fzynd{NoO?O?P??_?_????@????B{?B]??^_?D{??\o n=24 c=5 b=5 nu_cut=4 good=43 nongen=[] mism=0
W??F~z{~?GK??????_?_?G?A????^G?[w?Lk?@|??Vo?@^? n=24 c=4 b=6 nu_cut=4 good=47 nongen=[] mism=0
U???Fnm}fw^_C_A?W????A??_???Fw?Fw?B{??~? n=22 c=5 b=4 nu_cut=4 good=35 nongen=[] mism=0
W???D~unfw]o_?Q_C??_???????G???Fs?A}??v_?D{??]o n=24 c=5 b=5 nu_cut=4 good=42 nongen=[] mism=0
S??F~z{~A_C_K?????A???B{?No?^_?^_ n=20 c=4 b=4 nu_cut=4 good=32 nongen=[] mism=0
S??F~z{~??D?G?C?H?C???B{?No?^_?^_ n=20 c=4 b=4 nu_cut=4 good=35 nongen=[] mism=0
Y????Bjjq}]Wto{oC????A??C?CG????@O????Ng??~??Fk??NW??No? n=26 c=6 b=5 nu_cut=4 good=48 nongen=[] mism=0
U??F~z{~COC???g??_???O???NW?\o?\o?Ng?@}? n=22 c=4 b=5 nu_cut=4 good=41 nongen=[] mism=0
U???D|}ve{]o@?A_C?C_?O??????Fw?Fw?B{??~? n=22 c=5 b=4 nu_cut=4 good=36 nongen=[] mism=0
Y??????z`|YkMwVoYwDu???@?_?@??P?????P?????^_?@}??B{??B{? n=26 c=7 b=4 nu_cut=4 good=50 nongen=[] mism=0
Y??????jluX[\WpwXsEy?GG?@??_?A??????A_????^_?@}??B{??B{? n=26 c=7 b=4 nu_cut=4 good=38 nongen=[] mism=0
Y????Bf}Q}[wn_Vo?OC???????@???o??D????No?@v??E{??Fw??Ng? n=26 c=6 b=5 nu_cut=4 good=56 nongen=[] mism=0
U???B}}^fwVo??G?G?AO?@?AO???Fw?Fw?B{??~? n=22 c=5 b=4 nu_cut=4 good=36 nongen=[] mism=0
Y??????Vi|F[qwUwVWDj???A??A??AA?A_??@?????^_?@}??B{??B{? n=26 c=7 b=4 nu_cut=4 good=37 nongen=[] mism=0
S??F~z{~CGG?E?G?C?????B{?No?^_?^_ n=20 c=4 b=4 nu_cut=4 good=34 nongen=[] mism=0
W????BfnfYMwn_ZoI??C?Q????????a????~??No?@}??Fw n=24 c=6 b=4 nu_cut=4 good=46 nongen=[] mism=0
Y????@^fvqZoloz_???_?O?A_??O??I???????Lw?@|??F[??Ng??No? n=26 c=6 b=5 nu_cut=4 good=49 nongen=[] mism=0
S??F~z{~?OH?O?C?O??G??B{?No?^_?^_ n=20 c=4 b=4 nu_cut=4 good=36 nongen=[] mism=0
Y????@}yviRwtov_C??C?C?A???A?A???@????Mw?@v??B{??No??No? n=26 c=6 b=5 nu_cut=4 good=39 nongen=[] mism=0
Y????AvVr{Zoto|_???O???A`?C??AO???????No?@v??Fs??Mw??NW? n=26 c=6 b=5 nu_cut=4 good=47 nongen=[] mism=0
W????Azlq}Mw}_nOO??C??OB??@G???????~??No?@}??Fw n=24 c=6 b=4 nu_cut=4 good=40 nongen=[] mism=0
Y??????zUl]WXwYw\WCn?c?????O?????c??E?????^_?@}??B{??B{? n=26 c=7 b=4 nu_cut=4 good=51 nongen=[] mism=0
Y??F~z{~????@?O?O_???_??W??????Q{?G}?BT_?]c?@tO??|_?Bu?? n=26 c=4 b=7 nu_cut=4 good=52 nongen=[] mism=0
U??F~z{~AO??_?W?@????_???NW?\o?No?Lw?Bu? n=22 c=4 b=5 nu_cut=4 good=34 nongen=[] mism=0
W??F~z{~??I???_??_E??@??????Rw?Vg?Jk?By??^_?@r_ n=24 c=4 b=6 nu_cut=4 good=45 nongen=[] mism=0
Y???B~y^fs]o??@??????_??C?AO?C_???Bt??nO?F[??^O??nO??No? n=26 c=5 b=6 nu_cut=4 good=48 nongen=[] mism=0
U??F~z{~@?C_A?O?@?C??????Jw?No?No?Lw?B]? n=22 c=4 b=5 nu_cut=4 good=30 nongen=[] mism=0
Y????An\rm\WtoNo??CO?@?@??????_??o????Ng?@n??D{??No??Ng? n=26 c=6 b=5 nu_cut=4 good=43 nongen=[] mism=0
W???Fz{vb{VoI_?_C_C????????????Fk?@}??v_?D{??No n=24 c=5 b=5 nu_cut=4 good=44 nongen=[] mism=0
W??F~z{~??????W?@??O?o??_???Tw?Zg?No?Bj??Xw?@y_ n=24 c=4 b=6 nu_cut=4 good=45 nongen=[] mism=0
Y????A}Vvk]gNo^_CG???_??G????C??@A????Fw?@v??Fw??Mw??No? n=26 c=6 b=5 nu_cut=4 good=43 nongen=[] mism=0
W????Bl]u]]WvOto???g?G_?G??W???????~??No?@}??Fw n=24 c=6 b=4 nu_cut=4 good=40 nongen=[] mism=0
U??F~z{~?_G?@?_?@?AG?????Ng?Vo?\o?Ng?Bm? n=22 c=4 b=5 nu_cut=4 good=36 nongen=[] mism=0
Y????A|}fiZoz_lo???O?G??B????AO??C????Lw?@|??F[??Ng??No? n=26 c=6 b=5 nu_cut=4 good=49 nongen=[] mism=0
W??F~z{~????A?G????g?G??K???]W?^_?NK?A}??^O?@f_ n=24 c=4 b=6 nu_cut=4 good=45 nongen=[] mism=0
W??F~z{~A???O?J??????C??G???Zo?Xw?Ms?Az??Fw?@f_ n=24 c=4 b=6 nu_cut=4 good=39 nongen=[] mism=0
Y??????T~hNcmo|GK{E{??WA_??C?CO???????????^_?@}??B{??B{? n=26 c=7 b=4 nu_cut=4 good=38 nongen=[] mism=0
Y???Fvy~B{VoS????O???_??C?C???G???@|??xo?E{??Mw??yo??\o? n=26 c=5 b=6 nu_cut=4 good=48 nongen=[] mism=0
Y??F~z{~??A?O?C?C????_?B???????^C?Ey?Be_?Vg??No?Bs_??^_? n=26 c=4 b=7 nu_cut=4 good=53 nongen=[] mism=0
W????@|}T{[wv_NoC_?_???@A??A??C????~??No?@}??Fw n=24 c=6 b=4 nu_cut=4 good=47 nongen=[] mism=0
Y????BytvkXw}_lo@?B?????W????@???@????Ng?@^??Fk??Lw??Mw? n=26 c=6 b=5 nu_cut=4 good=47 nongen=[] mism=0
Y????@vxru\g|_n_A??A?C?????W?AC???????Ng?@^??Fk??Jw??Fw? n=26 c=6 b=5 nu_cut=4 good=43 nongen=[] mism=0
W????@zlu]Vg}O^_?gA??G?@???_??C????~??No?@}??Fw n=24 c=6 b=4 nu_cut=4 good=47 nongen=[] mism=0
S??F~z{~E?K?A???@?@???B{?No?^_?^_ n=20 c=4 b=4 nu_cut=4 good=33 nongen=[] mism=0
Y????BVfu{^OzO]oC_?_??O????A????AC????Jw??~??D{??No??No? n=26 c=6 b=5 nu_cut=4 good=43 nongen=[] mism=0
Y????@}}RuMwfoyoA????@O?A??G?CO???????Ng?@^??F[??Lw??NW? n=26 c=6 b=5 nu_cut=4 good=49 nongen=[] mism=0
U??F~z{~?OG?C?G??_?O?O???No?^_?]o?Mw?By? n=22 c=4 b=5 nu_cut=4 good=36 nongen=[] mism=0
Y??????U}mRknG|GTwFU??O?o?AO?????A??@?????^_?@}??B{??B{? n=26 c=7 b=4 nu_cut=4 good=54 nongen=[] mism=0
W???Fv{^fsZo????@????P?AO?CC???B{?Bu??n_?Fw??^O n=24 c=5 b=5 nu_cut=4 good=43 nongen=[] mism=0
Y????B{|d]NWuo^O???G?A_?_??G??c???????Lw?@|??Fk??No??Lw? n=26 c=6 b=5 nu_cut=4 good=54 nongen=[] mism=0
Y??????lmjZcmg\W[[Bu?GO@C????????G??`?????^_?@}??B{??B{? n=26 c=7 b=4 nu_cut=4 good=45 nongen=[] mism=0
Y????BmveyMw\onO?O???s??_?C??@????????Jw?@|??Fk??Lw??Lw? n=26 c=6 b=5 nu_cut=4 good=53 nongen=[] mism=0
W????BN^emZWzOxoS????I?????C??a????~??No?@}??Fw n=24 c=6 b=4 nu_cut=4 good=41 nongen=[] mism=0
W????ByjruNgv_foC????@??@?A_?CA????~??No?@}??Fw n=24 c=6 b=4 nu_cut=4 good=47 nongen=[] mism=0
W????BZzfqNWvOro?_D????????E?@C????~??No?@}??Fw n=24 c=6 b=4 nu_cut=4 good=39 nongen=[] mism=0
Y????@zVve^Ofoz_K???????D??G??_??@????Fw?@v??Fk??Lw??NW? n=26 c=6 b=5 nu_cut=4 good=49 nongen=[] mism=0
W??F~z{~?G@?@?G?G??o????????Jw?Yw?Fk?Az??Yw?@r_ n=24 c=4 b=6 nu_cut=4 good=34 nongen=[] mism=0
Y??F~z{~?o@?_???G?@??G?????????Mw?Ji?@\_?Yk?@To??|_??z_? n=26 c=4 b=7 nu_cut=4 good=45 nongen=[] mism=0
U??F~z{~?GW???G?C_?O?????NW?Zo?No?Fw?A}? n=22 c=4 b=5 nu_cut=4 good=35 nongen=[] mism=0
W??F~z{~??@?c????_AG?C??????]W?^G?Lk?A^??Vg?@f_ n=24 c=4 b=6 nu_cut=4 good=46 nongen=[] mism=0
W??F~z{~?GO?C?A?O????C??_???No?^_?K{?A}??\W?@r_ n=24 c=4 b=6 nu_cut=4 good=34 nongen=[] mism=0
S??F~z{~A_G_??A??_C???B{?No?^_?^_ n=20 c=4 b=4 nu_cut=4 good=35 nongen=[] mism=0
U???Fn{zd{VoO?H???E??O??O???Fw?Fw?B{??~? n=22 c=5 b=4 nu_cut=4 good=39 nongen=[] mism=0
Y??F~z{~????G?C?O?@??@??C?C????Rw?Mk?@]_?M[?@j_?Bs_?Bh_? n=26 c=4 b=7 nu_cut=4 good=54 nongen=[] mism=0
U???Fm}vfwZo`?A?C?????_@_???Fw?Fw?B{??~? n=22 c=5 b=4 nu_cut=4 good=41 nongen=[] mism=0
W????@vzU{Mw}O|O???S?H??A??E???????~??No?@}??Fw n=24 c=6 b=4 nu_cut=4 good=39 nongen=[] mism=0
Y??????V^d\o\o|_Zo@^?_G????a??O?A???G?????^_?@}??B{??B{? n=26 c=7 b=4 nu_cut=4 good=38 nongen=[] mism=0
Y??????]l]]oiwFwH{FJ?GG?C?C_??O??@????????^_?@}??B{??B{? n=26 c=7 b=4 nu_cut=4 good=46 nongen=[] mism=0
U??F~z{~?GO?C?a?@?@??????Mw?Zo?Vo?Lw?Bm? n=22 c=4 b=5 nu_cut=4 good=36 nongen=[] mism=0
S??F~z{~@_O???E???CO??B{?No?^_?^_ n=20 c=4 b=4 nu_cut=4 good=32 nongen=[] mism=0
U???D~{^fwNoa?@_???_??_A????Fw?Fw?B{??~? n=22 c=5 b=4 nu_cut=4 good=40 nongen=[] mism=0
Y????A}lvY]g^_to?W???C??G?C???C??_????Lw??~??B{??Mw??Lw? n=26 c=6 b=5 nu_cut=4 good=44 nongen=[] mism=0
S??F~z{~??W?S?C?C??G??B{?No?^_?^_ n=20 c=4 b=4 nu_cut=4 good=35 nongen=[] mism=0
W????AzzVq\o^_VoS?E?????O??C??A????~??No?@}??Fw n=24 c=6 b=4 nu_cut=4 good=48 nongen=[] mism=0
W???B~u^fsZo@?_???CO?K?@???????Fk?Bm??|_?E{??\o n=24 c=5 b=5 nu_cut=4 good=48 nongen=[] mism=0
W????BVfveNWfo^_??D?????K??A?CG????~??No?@}??Fw n=24 c=6 b=4 nu_cut=4 good=40 nongen=[] mism=0
W????@n^em^_zOnO???_??O?G??E?@_????~??No?@}??Fw n=24 c=6 b=4 nu_cut=4 good=40 nongen=[] mism=0
S??F~z{~@?A?E????_@O??B{?No?^_?^_ n=20 c=4 b=4 nu_cut=4 good=34 nongen=[] mism=0
S??F~z{~E???C?`?@?A???B{?No?^_?^_ n=20 c=4 b=4 nu_cut=4 good=35 nongen=[] mism=0
W??F~z{~??C?_?E???@O?O??????ZW?Xw?Lw??~??Vg?@t_ n=24 c=4 b=6 nu_cut=4 good=40 nongen=[] mism=0
U???D~{ve{\oc?????@C?O?@A???Fw?Fw?B{??~? n=22 c=5 b=4 nu_cut=4 good=34 nongen=[] mism=0
Y??????pzu[[^GVWNgDV?A??A?C_????AC??G?????^_?@}??B{??B{? n=26 c=7 b=4 nu_cut=4 good=54 nongen=[] mism=0
U??F~z{~C???C?G??_AG?G???Lw?\o?^O?Ng?Bm? n=22 c=4 b=5 nu_cut=4 good=36 nongen=[] mism=0
W??F~z{~?O??G?O???C??`??G???^_?Yw?Fk?@|??\o??v_ n=24 c=4 b=6 nu_cut=4 good=41 nongen=[] mism=0
W???B}}^e{^__?A?O?CG??_?O??????B{?Bm??n_?B{??^_ n=24 c=5 b=5 nu_cut=4 good=43 nongen=[] mism=0
W???D}}~E{ZoO???G??O?P??o??????B{?By??|_?B{??^_ n=24 c=5 b=5 nu_cut=4 good=38 nongen=[] mism=0
Y????A}]tuZoVovOG????P_?_??A??A???????Lw??~??Fs??No??Lw? n=26 c=6 b=5 nu_cut=4 good=46 nongen=[] mism=0
Y????@}|VsNo{oto?_?A??_A??????O??`????Jw?@}??Fw??Lw??NW? n=26 c=6 b=5 nu_cut=4 good=49 nongen=[] mism=0
Y????Az]umRw{onOK?AO??_???????G?A?????Jw?@|??B{??No??Jw? n=26 c=6 b=5 nu_cut=4 good=49 nongen=[] mism=0
W????AzrvM\gnOuoE?A??@??g??C???????~??No?@}??Fw n=24 c=6 b=4 nu_cut=4 good=41 nongen=[] mism=0
Y????BrVviTwjo^_G??_??O????_?AG??_????Lw?@v??Fs??NW??Fw? n=26 c=6 b=5 nu_cut=4 good=55 nongen=[] mism=0
Y??F~z{~??O?H?????B??S?????????Rw?Hm?@m_?ZW?@ko?Bd_?Bx?? n=26 c=4 b=7 nu_cut=4 good=52 nongen=[] mism=0
Y???B~m}b{^_?_??O????S_?G??G??????Br??]o?Fk??Yw??vO??}O? n=26 c=5 b=6 nu_cut=4 good=41 nongen=[] mism=0
Y????BuuvYMw}OroC?@?????B??O??C?A?????Ng?@n??F[??Mw??Jw? n=26 c=6 b=5 nu_cut=4 good=55 nongen=[] mism=0
Y????Bm^emZWVojoC??O?CO?_??G??_???????Fw?@z??E{??Fw??NW? n=26 c=6 b=5 nu_cut=4 good=44 nongen=[] mism=0
W??F~z{~@_O??????????S?@_???Vo?Ng?Ls??~??VW?@}? n=24 c=4 b=6 nu_cut=4 good=38 nongen=[] mism=0
Y??F~z{~??C?@?G?@_?_???????O???^O?Dm?Bh_?Q{?@r_?Av??@f_? n=26 c=4 b=7 nu_cut=4 good=53 nongen=[] mism=0
U??F~z{~A???C?P?O??O?@???Mw?No?\o?Ng?A}? n=22 c=4 b=5 nu_cut=4 good=42 nongen=[] mism=0
Y??????M~JJ[todwRkD{?@?A??AC?@???__???????^_?@}??B{??B{? n=26 c=7 b=4 nu_cut=4 good=46 nongen=[] mism=0
Y???Fu}nb{NoA?g?A?A??O????C???????An??}_?Eu??^_??lo??Vo? n=26 c=5 b=6 nu_cut=4 good=55 nongen=[] mism=0
Y???Fx}nf[Vo??C?C?A_???A???O??C????~??vO?F[??No??yo??|O? n=26 c=5 b=6 nu_cut=4 good=50 nongen=[] mism=0
W????B\Vtm\gn_moP??C????D?A_???????~??No?@}??Fw n=24 c=6 b=4 nu_cut=4 good=41 nongen=[] mism=0
W????AzVuuVov_~?C??A?W????D???A????~??No?@}??Fw n=24 c=6 b=4 nu_cut=4 good=42 nongen=[] mism=0
Y??????M~kU[|GugJkFU?B??@??P?A???@????????^_?@}??B{??B{? n=26 c=7 b=4 nu_cut=4 good=45 nongen=[] mism=0
S??F~z{~C?C_B???P?????B{?No?^_?^_ n=20 c=4 b=4 nu_cut=4 good=32 nongen=[] mism=0
W???Fn{|f[VoO?E?H?????????D????Fk?B{??n_?Fs??Zo n=24 c=5 b=5 nu_cut=4 good=46 nongen=[] mism=0
Y??????m\fRwxov_NSEt?AG???@G??A?@?_???????^_?@}??B{??B{? n=26 c=7 b=4 nu_cut=4 good=46 nongen=[] mism=0
U???Fl}zb{^_?_??Q??G?_?@O???Fw?Fw?B{??~? n=22 c=5 b=4 nu_cut=4 good=41 nongen=[] mism=0
U??F~z{~A_O???O??_???c???Lw?^_?No?Fw?Bu? n=22 c=4 b=5 nu_cut=4 good=40 nongen=[] mism=0
W??F~z{~@G??@?A?G?@?????G???VW?NW?NW?@z??Xw?@^? n=24 c=4 b=6 nu_cut=4 good=40 nongen=[] mism=0
Y??????Tzu[s{g{gJsDy?A??c??@??A??C???O????^_?@}??B{??B{? n=26 c=7 b=4 nu_cut=4 good=45 nongen=[] mism=0
W??F~z{~D???@???K??O???A????Yw?No?D{?B{??]W?@N_ n=24 c=4 b=6 nu_cut=4 good=40 nongen=[] mism=0
W????@vutuVW\ozOO_???O??A??G??W????~??No?@}??Fw n=24 c=6 b=4 nu_cut=4 good=44 nongen=[] mism=0
Y??F~z{~??????@?C_B??c?????????[k?NK?By??VK?@yO?BR_?@n?? n=26 c=4 b=7 nu_cut=4 good=51 nongen=[] mism=0
Y??????Z]f]cmoiwX[Fi?A??C??@?B???C???_????^_?@}??B{??B{? n=26 c=7 b=4 nu_cut=4 good=53 nongen=[] mism=0
Y????B{|fq^_yo\o?O?K??oA??????G???????NW?@n??B{??Jw??No? n=26 c=6 b=5 nu_cut=4 good=46 nongen=[] mism=0
Y????Btz`}]o^OzOQ??C????@??O?C???O????Fw?@z??Fw??No??Lw? n=26 c=6 b=5 nu_cut=4 good=44 nongen=[] mism=0
W????Az|fi]W^_~??G?C?O????CC??W????~??No?@}??Fw n=24 c=6 b=4 nu_cut=4 good=34 nongen=[] mism=0
U???B~y~B{VoO??_K?C_???A????Fw?Fw?B{??~? n=22 c=5 b=4 nu_cut=4 good=40 nongen=[] mism=0
U???D~]^e{]o??P?C?A_???A_???Fw?Fw?B{??~? n=22 c=5 b=4 nu_cut=4 good=39 nongen=[] mism=0
Y??F~z{~@???A?_?O????@??G?A????ZK?D]?A]_?]g??}_?@m_?Bk_? n=26 c=4 b=7 nu_cut=4 good=46 nongen=[] mism=0
W???E~mnfkZoG?@???@O?O??o??????F[?B{??}_?Fk??^O n=24 c=5 b=5 nu_cut=4 good=45 nongen=[] mism=0
S??F~z{~A?A?H?Q?A?????B{?No?^_?^_ n=20 c=4 b=4 nu_cut=4 good=33 nongen=[] mism=0
Y??????T~kTwyo\oVcFd?@??W??O?????@_?_?????^_?@}??B{??B{? n=26 c=7 b=4 nu_cut=4 good=46 nongen=[] mism=0
Y???Fl}^fk\o??A???C????AE??O?@????A}??}_?FU??[w??nO??{o? n=26 c=5 b=6 nu_cut=4 good=53 nongen=[] mism=0
S??F~z{~?_O?A?G?A_@???B{?No?^_?^_ n=20 c=4 b=4 nu_cut=4 good=35 nongen=[] mism=0
Y??????ZufUkvOzORkFd??G?_??c?????_??Q?????^_?@}??B{??B{? n=26 c=7 b=4 nu_cut=4 good=45 nongen=[] mism=0
W??F~z{~????I???G?C??B??O???^_?^G?Ls?BV??]o?@\_ n=24 c=4 b=6 nu_cut=4 good=48 nongen=[] mism=0
W????@|yvi]oVofo?W?O?A_????_?@?????~??No?@}??Fw n=24 c=6 b=4 nu_cut=4 good=47 nongen=[] mism=0
Y??F~z{~@???S???C?AO????O??????Q{?Ku?@y_?M[?@t_?B]??@]_? n=26 c=4 b=7 nu_cut=4 good=51 nongen=[] mism=0
Y????A|\vwXwz_^O?O?????@g??C??A??A????NW?@}??D{??Mw??Mw? n=26 c=6 b=5 nu_cut=3 good=53 nongen=[] mism=0
U???Fn{zb{^OA?A?AO???C?@A???Fw?Fw?B{??~? n=22 c=5 b=4 nu_cut=4 good=39 nongen=[] mism=0
S??F~z{~A?@?_?@?C_C???B{?No?^_?^_ n=20 c=4 b=4 nu_cut=4 good=35 nongen=[] mism=0
Y??????]mZUsvGro\WF[????`??a??a?????@?????^_?@}??B{??B{? n=26 c=7 b=4 nu_cut=4 good=49 nongen=[] mism=0
U??F~z{~?_C?O?A?@_???_???Ng?Zo?No?NW?@}? n=22 c=4 b=5 nu_cut=4 good=36 nongen=[] mism=0
U???B~m}f[Zo@?`??OA??C??O???Fw?Fw?B{??~? n=22 c=5 b=4 nu_cut=4 good=41 nongen=[] mism=0
S??F~z{~???_Q?_?S??G??B{?No?^_?^_ n=20 c=4 b=4 nu_cut=4 good=33 nongen=[] mism=0
W???Fnm~FsNo??_?A?@???_B???G???Fk?B{??}_?Fw??Zo n=24 c=5 b=5 nu_cut=4 good=43 nongen=[] mism=0
Y????A}rtu]WNo\o@??????@??AO?CA?A?????Ng?@^??Fk??Lw??Fw? n=26 c=6 b=5 nu_cut=4 good=53 nongen=[] mism=0
Y??????yivMk|_}_]gDN??GAG??A??C??C??C?????^_?@}??B{??B{? n=26 c=7 b=4 nu_cut=4 good=46 nongen=[] mism=0
U???Fv{|b{Zoa???@??G?__?O???Fw?Fw?B{??~? n=22 c=5 b=4 nu_cut=4 good=41 nongen=[] mism=0
U???Fn{~FsZo_?O_???O?I??_???Fw?Fw?B{??~? n=22 c=5 b=4 nu_cut=4 good=36 nongen=[] mism=0
Y??F~z{~??W???A?????????O?BG???Jw?B]?@{_?\W?@V_?Av??B[_? n=26 c=4 b=7 nu_cut=4 good=50 nongen=[] mism=0
W??F~z{~?W??d??????????AG???Zo?^_?Lk?@^??Mw?@}? n=24 c=4 b=6 nu_cut=3 good=43 nongen=[] mism=0
W????Bf^U]^Ojo|O???C???AO?AG?@C????~??No?@}??Fw n=24 c=6 b=4 nu_cut=4 good=40 nongen=[] mism=0
W????BVlvUZgv_]oA??A?G?????W??K????~??No?@}??Fw n=24 c=6 b=4 nu_cut=4 good=41 nongen=[] mism=0
S??F~z{~?_G?_?a???@G??B{?No?^_?^_ n=20 c=4 b=4 nu_cut=4 good=35 nongen=[] mism=0
Y???E~mnfw\o?_A??OA_????_??G??????Bj??yo?E]??Fw??|O??No? n=26 c=5 b=6 nu_cut=4 good=50 nongen=[] mism=0
W????@z|T{Lwtoyo?_?_???A??CC?A_????~??No?@}??Fw n=24 c=6 b=4 nu_cut=4 good=46 nongen=[] mism=0
Y????A|\rmNofoxo???O??OB??B???_???????Mw?@|??Fk??Mw??Fw? n=26 c=6 b=5 nu_cut=4 good=42 nongen=[] mism=0
Y????Azxum\gfo^_A?AA?O????C???G??O????No?@n??E{??No??Jw? n=26 c=6 b=5 nu_cut=4 good=44 nongen=[] mism=0
W???B~u~E{^_C?B????O?G??A?A????D{?B{??~??D{??No n=24 c=5 b=5 nu_cut=4 good=38 nongen=[] mism=0
Y??F~z{~A?@?????O?A??@?AO??????VK?B]?BM_?K{?@|??B[_?BU_? n=26 c=4 b=7 nu_cut=4 good=53 nongen=[] mism=0
Y???E~{nfwNo??C????C?G?@_?C???G???Bl??No?Eu??ZW??{o??^_? n=26 c=5 b=6 nu_cut=4 good=50 nongen=[] mism=0
U???Fx}~FkNo__I????W????O???Fw?Fw?B{??~? n=22 c=5 b=4 nu_cut=4 good=35 nongen=[] mism=0
U???Fz]vd{\o??G??o@C???@O???Fw?Fw?B{??~? n=22 c=5 b=4 nu_cut=4 good=39 nongen=[] mism=0
Y??????trZ]SNgqwM[Bl??O?P????C???_??B?????^_?@}??B{??B{? n=26 c=7 b=4 nu_cut=4 good=38 nongen=[] mism=0
U??F~z{~AGA?????A?CG?O???Mw?^O?]o?Fw?B]? n=22 c=4 b=5 nu_cut=4 good=39 nongen=[] mism=0
U??F~z{~@???@?O?S?C??@???NW?^O?\o?Ng?@}? n=22 c=4 b=5 nu_cut=4 good=35 nongen=[] mism=0
S??F~z{~?GW?g?????AO??B{?No?^_?^_ n=20 c=4 b=4 nu_cut=4 good=34 nongen=[] mism=0
W????Blftu]WvO]o?????O??S?AC?D?????~??No?@}??Fw n=24 c=6 b=4 nu_cut=4 good=40 nongen=[] mism=0
Y????@vjvsVglo~????_?_?@???Q??A??C????Lw?@^??Fk??Mw??Lw? n=26 c=6 b=5 nu_cut=4 good=44 nongen=[] mism=0
Y??F~z{~?_??A?g??_B????????????K{?Im?Bw_?S{??^_?BX_?BL_? n=26 c=4 b=7 nu_cut=4 good=54 nongen=[] mism=0
Y???F^uvfsZoG?C???B??_????????c???Bf??Zo?D{??No??fo??z_? n=26 c=5 b=6 nu_cut=4 good=54 nongen=[] mism=0
W???D|}~B{Vo??L?O????O?A???O???D{?B{??z_?D{??]o n=24 c=5 b=5 nu_cut=4 good=40 nongen=[] mism=0
U???Fvm|fk\o??o?@??C?A??S???Fw?Fw?B{??~? n=22 c=5 b=4 nu_cut=4 good=35 nongen=[] mism=0
Y??????|TlNKyWFw[sFh?A??@????CA??A??@_????^_?@}??B{??B{? n=26 c=7 b=4 nu_cut=4 good=44 nongen=[] mism=0
Y????A^frmVg}_z_???C???@O?@O?C???C????NW??~??Fs??Lw??Mw? n=26 c=6 b=5 nu_cut=4 good=49 nongen=[] mism=0
Y??????R{|\STwz_[kFe????`?CO??_?????@G????^_?@}??B{??B{? n=26 c=7 b=4 nu_cut=4 good=46 nongen=[] mism=0
W????@v|VqVWxov_@?@???_?H??o???????~??No?@}??Fw n=24 c=6 b=4 nu_cut=4 good=44 nongen=[] mism=0
W???Fz]~E{\oA?O_?O???G??_?C????Fs?Bu??}_?D{??Zo n=24 c=5 b=5 nu_cut=4 good=43 nongen=[] mism=0
Y??????b}ZFwnGYwU[B{???@O?????`??A??H?????^_?@}??B{??B{? n=26 c=7 b=4 nu_cut=4 good=45 nongen=[] mism=0
Y???B~m}fk\o????OO?_?I????C???_???B\??z_?Dm??]o??Zo??to? n=26 c=5 b=6 nu_cut=4 good=53 nongen=[] mism=0
Y????Av^R{YwtoroCO????O????O?AO??_????NW?@|??Fs??Fw??Mw? n=26 c=6 b=5 nu_cut=4 good=54 nongen=[] mism=0
U??F~z{~AOO?@?A?C????O???Jw?No?]o?Ng?B]? n=22 c=4 b=5 nu_cut=4 good=42 nongen=[] mism=0
W????ByfryNg~?]oG_C??_??@?@???C????~??No?@}??Fw n=24 c=6 b=4 nu_cut=4 good=40 nongen=[] mism=0
U???Fm}|fwVoE?o???@?????E???Fw?Fw?B{??~? n=22 c=5 b=4 nu_cut=4 good=30 nongen=[] mism=0
Y??F~z{~??????A?W_?o?@?????????\S?MU?@r_?\W??yo?BF_?A]_? n=26 c=4 b=7 nu_cut=4 good=43 nongen=[] mism=0
U???B~uzd{ZoC?C?G?@??__A????Fw?Fw?B{??~? n=22 c=5 b=4 nu_cut=4 good=41 nongen=[] mism=0
Y??????^NT\cv_[wFwAv????C????@@?AA??@O????^_?@}??B{??B{? n=26 c=7 b=4 nu_cut=4 good=37 nongen=[] mism=0
S??F~z{~??G?a?H?A?A???B{?No?^_?^_ n=20 c=4 b=4 nu_cut=4 good=34 nongen=[] mism=0
U??F~z{~??C?o?G?O??W?????Fw?Zo?^O?Mw?B{? n=22 c=4 b=5 nu_cut=4 good=39 nongen=[] mism=0
W???Fv]}f[\oC?A??O???C?@C??G???F[?By??n_?E{??Zo n=24 c=5 b=5 nu_cut=4 good=42 nongen=[] mism=0
W????A}mtuJwZovO??A??C?AC?E??A?????~??No?@}??Fw n=24 c=6 b=4 nu_cut=4 good=45 nongen=[] mism=0
Y??????U|mFsro~?]SD]?CG@?_@??A??A?????????^_?@}??B{??B{? n=26 c=7 b=4 nu_cut=4 good=53 nongen=[] mism=0
U??F~z{~A?@?_?A???@??H???Jw?^_?]o?Jw?By? n=22 c=4 b=5 nu_cut=4 good=36 nongen=[] mism=0
S??F~z{~?OC?@?B???A_??B{?No?^_?^_ n=20 c=4 b=4 nu_cut=4 good=34 nongen=[] mism=0
W???D~{^e{VoO_??D??g????A??????B{?Bm??}_?Fk??Zo n=24 c=5 b=5 nu_cut=4 good=41 nongen=[] mism=0
U???Fvyve{VoW?__A_???@??????Fw?Fw?B{??~? n=22 c=5 b=4 nu_cut=4 good=35 nongen=[] mism=0
W???Fz{vf[ZoG?G_?????O_?_??G???F[?Bu??n_?B{??Zo n=24 c=5 b=5 nu_cut=4 good=46 nongen=[] mism=0
U??F~z{~C?C?@?@?@?C??A???NW?Zo?No?Lw?By? n=22 c=4 b=5 nu_cut=4 good=36 nongen=[] mism=0
S??F~z{~?O????Q?A_AG??B{?No?^_?^_ n=20 c=4 b=4 nu_cut=4 good=32 nongen=[] mism=0
Y??????fu{[[Fw\oVcFi???@?_???@A??g??A?????^_?@}??B{??B{? n=26 c=7 b=4 nu_cut=4 good=45 nongen=[] mism=0
W????BZ}UmXwxo^_?_?Q???AC?@O???????~??No?@}??Fw n=24 c=6 b=4 nu_cut=4 good=39 nongen=[] mism=0
W????@v~Fw^_mouo???E?A_@_?????C????~??No?@}??Fw n=24 c=6 b=4 nu_cut=4 good=39 nongen=[] mism=0
Y??????{]xFsNgbwM[Fi?a??G??G????@_??O?????^_?@}??B{??B{? n=26 c=7 b=4 nu_cut=4 good=52 nongen=[] mism=0
Y???E|}^d{^O`?O?C????G_@??????????Av??}O?Bm??No??No??ro? n=26 c=5 b=6 nu_cut=4 good=49 nongen=[] mism=0
W???D}}|fsZo@?G?A??O?A????AC???Fw?A}??^_?B{??Vo n=24 c=5 b=5 nu_cut=4 good=33 nongen=[] mism=0
W??F~z{~???__?K?A????@?@????Rw?Yw?Mw?Bl??Jw?@u_ n=24 c=4 b=6 nu_cut=4 good=40 nongen=[] mism=0
W??F~z{~?G??P?C?C??O????_???[w?Mw?Lw?Bf??Xw?@|? n=24 c=4 b=6 nu_cut=4 good=34 nongen=[] mism=0
S??F~z{~C_@?C?_????W??B{?No?^_?^_ n=20 c=4 b=4 nu_cut=4 good=33 nongen=[] mism=0
U??F~z{~??G?S?G??_@??C???Lw?^O?\o?NW?@}? n=22 c=4 b=5 nu_cut=4 good=41 nongen=[] mism=0
Y??????F~LVclodwX[Fi?C_@_??O??O?@?????????^_?@}??B{??B{? n=26 c=7 b=4 nu_cut=4 good=51 nongen=[] mism=0
U??F~z{~??A???G?F?CG?????NW?^O?^_?Fw?Bu? n=22 c=4 b=5 nu_cut=4 good=36 nongen=[] mism=0
W???D~{}e{]o@??_C?A??E????C????Fk?A}??~??D{??No n=24 c=5 b=5 nu_cut=4 good=43 nongen=[] mism=0
U??F~z{~?_??G?C???CG?a???Lw?^_?^O?Ng?Bu? n=22 c=4 b=5 nu_cut=4 good=40 nongen=[] mism=0
Y???Fzy^fs^_@_@?C?C_?????????C????@|??\o?F[??]g??jo??Vo? n=26 c=5 b=6 nu_cut=4 good=49 nongen=[] mism=0
Y??????r]mNSuojgTsFF?@??C?????_?@?_?I?????^_?@}??B{??B{? n=26 c=7 b=4 nu_cut=4 good=44 nongen=[] mism=0
W????A^ur]\o|OxoG??_?H??@??O?C?????~??No?@}??Fw n=24 c=6 b=4 nu_cut=4 good=41 nongen=[] mism=0
S??F~z{~?gC?O?G???CG??B{?No?^_?^_ n=20 c=4 b=4 nu_cut=4 good=34 nongen=[] mism=0
W????A^\vwMw~?VoOO@?????@?E???O????~??No?@}??Fw n=24 c=6 b=4 nu_cut=4 good=48 nongen=[] mism=0
Y??F~z{~?GA???@?H???????G??_???Mw?L[??n_?]S?@Fo?BN??Bs_? n=26 c=4 b=7 nu_cut=4 good=52 nongen=[] mism=0
S??F~z{~A?C?E?c?C?????B{?No?^_?^_ n=20 c=4 b=4 nu_cut=4 good=34 nongen=[] mism=0
U??F~z{~????W?H??_A??A???NW?\o?]o?Lw?@}? n=22 c=4 b=5 nu_cut=4 good=35 nongen=[] mism=0
Y????BjttyNov_|_???A????C????CQ??I????Ng?@}??Fs??No??NW? n=26 c=6 b=5 nu_cut=4 good=51 nongen=[] mism=0
U???D~m|d{^O????E??S?S?A????Fw?Fw?B{??~? n=22 c=5 b=4 nu_cut=4 good=35 nongen=[] mism=0
Y???Fvu^b{Vo??P?S????A????A???_???A|??v_?D{??Mw??ro??z_? n=26 c=5 b=6 nu_cut=4 good=44 nongen=[] mism=0
U???D~m|fs]oQ???A_@??D??????Fw?Fw?B{??~? n=22 c=5 b=4 nu_cut=4 good=36 nongen=[] mism=0
Y??????Nk}\cbwlW\SFb?S??`?A??????G??C?????^_?@}??B{??B{? n=26 c=7 b=4 nu_cut=4 good=52 nongen=[] mism=0
U??F~z{~?_G?_???C?A_?G???Mw?No?^O?NW?A}? n=22 c=4 b=5 nu_cut=4 good=41 nongen=[] mism=0
Y????@vvbu[wn_VoO?C??O??g????@???G????Lw?@n??Fs??Mw??NW? n=26 c=6 b=5 nu_cut=4 good=49 nongen=[] mism=0
Y??????fvXNSvOiwM[C}?P?A??@??@??@????O????^_?@}??B{??B{? n=26 c=7 b=4 nu_cut=4 good=53 nongen=[] mism=0
Y??F~z{~??????P?B?E????????G???T[?H]?Bf??[s?@}??@z??Bb_? n=26 c=4 b=7 nu_cut=4 good=51 nongen=[] mism=0
Y??F~z{~?O??C?@???DO?@?????????\K?G}?@y_?B{?@\_?BJ_?Bd_? n=26 c=4 b=7 nu_cut=4 good=44 nongen=[] mism=0
W???F^{~E{\oA?@?G??C?C??_??_???D{?Bm??n_?Fk??^O n=24 c=5 b=5 nu_cut=4 good=38 nongen=[] mism=0
W??F~z{~?oK?O?@???@?????????Rw?Rw?Fw?Az??No?@f_ n=24 c=4 b=6 nu_cut=4 good=40 nongen=[] mism=0
W??F~z{~?OB???@?G?C??G??????VW?]W?Js?An??^O??}_ n=24 c=4 b=6 nu_cut=4 good=41 nongen=[] mism=0
Y????BN}fwVg\o\oO?@O?_?????O??_??C????Ng?@^??F[??Ng??NW? n=26 c=6 b=5 nu_cut=4 good=49 nongen=[] mism=0
Y??F~z{~??K???Q?A????C????@????P{?FU?@{_?Fw?@x_?Af_?Bi_? n=26 c=4 b=7 nu_cut=4 good=51 nongen=[] mism=0
Y??????p}uFsZomWVoE\??G??_AA?????O??c?????^_?@}??B{??B{? n=26 c=7 b=4 nu_cut=4 good=51 nongen=[] mism=0
U??F~z{~?o????`?C?A??C???Jw?\o?No?Ng?B{? n=22 c=4 b=5 nu_cut=4 good=41 nongen=[] mism=0
U??F~z{~???_G?O?C??O?Q???Jw?Zo?Zo?No?@}? n=22 c=4 b=5 nu_cut=4 good=36 nongen=[] mism=0
W???B~u}b{Zo??_???@G?O??O?D????B{?By??~??F[??^O n=24 c=5 b=5 nu_cut=4 good=42 nongen=[] mism=0
S??F~z{~??S?I?C?@??_??B{?No?^_?^_ n=20 c=4 b=4 nu_cut=4 good=33 nongen=[] mism=0
W???D~]nfk]o??P???@O?G??G??O???E{?Bm??~??D{??]o n=24 c=5 b=5 nu_cut=3 good=41 nongen=[] mism=0
Y???B|}zf[]o@???@?C??Q??Q?????????@|??\o?Fq??Xw??to??{o? n=26 c=5 b=6 nu_cut=4 good=44 nongen=[] mism=0
Y??????m\]U[zOuWNoBu?@?????D?C_??A_???????^_?@}??B{??B{? n=26 c=7 b=4 nu_cut=4 good=44 nongen=[] mism=0
U???Fn{zf[^_G_C????C?O_?C???Fw?Fw?B{??~? n=22 c=5 b=4 nu_cut=4 good=33 nongen=[] mism=0
Y??????tW~\SyoxW^OFq?CG????g??C??@???G????^_?@}??B{??B{? n=26 c=7 b=4 nu_cut=4 good=46 nongen=[] mism=0
Y??????L}uVoNonOXkA|??WA??A??B??@?????????^_?@}??B{??B{? n=26 c=7 b=4 nu_cut=4 good=44 nongen=[] mism=0
Y????Brxt{Rw]oz_?GA??A?@???G?C_???????Jw?@v??Fs??NW??Jw? n=26 c=6 b=5 nu_cut=4 good=50 nongen=[] mism=0
W???Fv{zd{^_@??_C?AO???AO??????D{?@}??}_?Fs??\o n=24 c=5 b=5 nu_cut=4 good=43 nongen=[] mism=0
Y??F~z{~??P_??G?@????@?@???????Ts?NS?A\_?Vo??ro?BJ_?A\_? n=26 c=4 b=7 nu_cut=4 good=50 nongen=[] mism=0
W????B{|UyNov_{o??CO??_?E?????E????~??No?@}??Fw n=24 c=6 b=4 nu_cut=4 good=39 nongen=[] mism=0
Y??F~z{~?_O???@??????B????E????Lw?Bm?@l_?Ng?@NO?Bs_?A|?? n=26 c=4 b=7 nu_cut=4 good=44 nongen=[] mism=0
W??F~z{~???_????I?A??d??????Ng?]g?H{?BN??^_?@x_ n=24 c=4 b=6 nu_cut=4 good=44 nongen=[] mism=0
U???D~]|fkZoW??_I????I??????Fw?Fw?B{??~? n=22 c=5 b=4 nu_cut=4 good=35 nongen=[] mism=0
W??F~z{~?_??[?O????G????G???Zo?Zg?I{?Bj??Yw??v_ n=24 c=4 b=6 nu_cut=4 good=38 nongen=[] mism=0
S??F~z{~?_??A?_?I?B???B{?No?^_?^_ n=20 c=4 b=4 nu_cut=4 good=35 nongen=[] mism=0
W???D~{|e{No_?G?O??C?S?????C???Fw?B{??z_?Fk??^O n=24 c=5 b=5 nu_cut=4 good=42 nongen=[] mism=0
U???Fvmvb{Zo_?I?AOC?????O???Fw?Fw?B{??~? n=22 c=5 b=4 nu_cut=4 good=35 nongen=[] mism=0
W??F~z{~??C_@?_?G????G??G???Zg?]o?Fs?@v??Tw?@N_ n=24 c=4 b=6 nu_cut=4 good=48 nongen=[] mism=0
Y????AvxuyNorovO@?A??C????C???E??_????Fw?@n??F[??Fw??Ng? n=26 c=6 b=5 nu_cut=4 good=44 nongen=[] mism=0
Y??F~z{~??A?`?C??????g??_??????]c?Js?A]_?Zc?@Fo?Ax_?@m_? n=26 c=4 b=7 nu_cut=4 good=38 nongen=[] mism=0
W???Fzuzfk^OC??_???O?o??a??????Fw?Bu??|_?Fs??Vo n=24 c=5 b=5 nu_cut=4 good=42 nongen=[] mism=0
Y???D~]~F[^O@?O????S?C??A????A????Bx??No?A}??[w??v_??Zo? n=26 c=5 b=6 nu_cut=4 good=48 nongen=[] mism=0
S??F~z{~C???E?G?P?@???B{?No?^_?^_ n=20 c=4 b=4 nu_cut=4 good=33 nongen=[] mism=0
W??F~z{~@?O???`?I????O??????Xw?Lw?Jk?Bl??Mw?@Z_ n=24 c=4 b=6 nu_cut=4 good=46 nongen=[] mism=0
U??F~z{~E???C???O_?_?@???No?No?\o?Ng?Bu? n=22 c=4 b=5 nu_cut=4 good=39 nongen=[] mism=0
W????BjmryLwv_uoGG???`??C??C??G????~??No?@}??Fw n=24 c=6 b=4 nu_cut=4 good=45 nongen=[] mism=0
S??F~z{~@?A?C?O?O?AO??B{?No?^_?^_ n=20 c=4 b=4 nu_cut=4 good=35 nongen=[] mism=0
W??F~z{~@G?_????G??_?_??_???[w?\o?Fs?@v??VW??}_ n=24 c=4 b=6 nu_cut=4 good=48 nongen=[] mism=0
Y????BmneyNg{onOGG?C?E????@??????A????Lw?@|??B{??NW??Mw? n=26 c=6 b=5 nu_cut=4 good=54 nongen=[] mism=0
W???D~{^b{^O??o?O_?O????A?@????F[?A}??n_?Fw??Zo n=24 c=5 b=5 nu_cut=4 good=49 nongen=[] mism=0
S??F~z{~C?A_P???C?A???B{?No?^_?^_ n=20 c=4 b=4 nu_cut=4 good=35 nongen=[] mism=0
Y???FzyvfwVo@?P??O?_?A????????C???BN??No?D]??]o??vO??nO? n=26 c=5 b=6 nu_cut=4 good=55 nongen=[] mism=0
U???F^{vd{^_K???@??C?`??O???Fw?Fw?B{??~? n=22 c=5 b=4 nu_cut=4 good=35 nongen=[] mism=0
U??F~z{~??O?C?E?O??O?@???NW?Vo?^_?Mw?B{? n=22 c=4 b=5 nu_cut=4 good=35 nongen=[] mism=0
U???D|}~FwZo????AO@G?A_A????Fw?Fw?B{??~? n=22 c=5 b=4 nu_cut=4 good=41 nongen=[] mism=0
Y??????nMZJs[wyoNoBN?__?_??_????AC??A?????^_?@}??B{??B{? n=26 c=7 b=4 nu_cut=4 good=54 nongen=[] mism=0
U???E~]nf[^OP???S?@_?O??????Fw?Fw?B{??~? n=22 c=5 b=4 nu_cut=4 good=39 nongen=[] mism=0
U??F~z{~A???C?o?E??O?????No?Zo?No?Mw?Bu? n=22 c=4 b=5 nu_cut=4 good=40 nongen=[] mism=0
U??F~z{~A?C?G?@?G??_?C???Jw?^_?Vo?Ng?By? n=22 c=4 b=5 nu_cut=4 good=30 nongen=[] mism=0
Y??????Zr\RwugzGVgFk?OO???C??@@??????W????^_?@}??B{??B{? n=26 c=7 b=4 nu_cut=4 good=52 nongen=[] mism=0
Y???Fnu}f[No??G???CG???????O?Ac???Az??~??F[??Lw??]o??n_? n=26 c=5 b=6 nu_cut=4 good=46 nongen=[] mism=0
U??F~z{~CO@???K?C????@???NW?]o?No?Jw?Bm? n=22 c=4 b=5 nu_cut=4 good=35 nongen=[] mism=0
W??F~z{~??G?O???E?C_????G???Rw?^O?Fk?Bt??^_?@x_ n=24 c=4 b=6 nu_cut=4 good=46 nongen=[] mism=0
U???Fvmnd{^OS????_@C?O??G???Fw?Fw?B{??~? n=22 c=5 b=4 nu_cut=4 good=35 nongen=[] mism=0
Y??????yjNXslWvGFkFe?A?@@????D???O??C?????^_?@}??B{??B{? n=26 c=7 b=4 nu_cut=4 good=52 nongen=[] mism=0
U???E}}|fsNo?_@?B????_?@C???Fw?Fw?B{??~? n=22 c=5 b=4 nu_cut=4 good=41 nongen=[] mism=0
W????B\xr]]gtozO@O?S???????c??_????~??No?@}??Fw n=24 c=6 b=4 nu_cut=3 good=41 nongen=[] mism=0
U???E~m}b{^_O?_???D??G_?C???Fw?Fw?B{??~? n=22 c=5 b=4 nu_cut=4 good=41 nongen=[] mism=0
W???F^ynd{ZoQ????O???g??O??G???F[?B]??n_?Fk??No n=24 c=5 b=5 nu_cut=4 good=43 nongen=[] mism=0
Y???Ft}vfs]o??_???AC?C??C??W??????Bt??Zo?Dy??]W??xo??zO? n=26 c=5 b=6 nu_cut=4 good=48 nongen=[] mism=0
Y???D~{^d{Zo????@?@C?w??O?????????Bf??yo?FU??Zo??to??{o? n=26 c=5 b=6 nu_cut=4 good=44 nongen=[] mism=0
W???Fz]|f[]o_??_C??O??_@???G???F[?@}??v_?E{??Vo n=24 c=5 b=5 nu_cut=4 good=38 nongen=[] mism=0
Y????A|~D{Uw]o]oW?????O????K?C???@????Lw?@v??D{??Fw??NW? n=26 c=6 b=5 nu_cut=4 good=47 nongen=[] mism=0
U??F~z{~??O?H?A??_?O?G???Ng?]o?\o?Lw?By? n=22 c=4 b=5 nu_cut=4 good=36 nongen=[] mism=0
S??F~z{~COG???B?O_????B{?No?^_?^_ n=20 c=4 b=4 nu_cut=4 good=33 nongen=[] mism=0
U???D~m~D{\oO_C?O??G?A??A???Fw?Fw?B{??~? n=22 c=5 b=4 nu_cut=4 good=30 nongen=[] mism=0
Y??F~z{~B?S?????Q??????@???????Ys?FM?Bw_?Mw?@Mo?At_??n_? n=26 c=4 b=7 nu_cut=4 good=50 nongen=[] mism=0
Y??F~z{~??G???A??_A??@?A??C????F[?K{?Bp_?]W?@tO?Au_??|_? n=26 c=4 b=7 nu_cut=4 good=46 nongen=[] mism=0
U??F~z{~?O??G?C?G_?G?A???NW?Vo?^_?Ng?Bu? n=22 c=4 b=5 nu_cut=4 good=41 nongen=[] mism=0
Y??F~z{~D_????A??????O?AG??????Us?Iy?@m_?No?@ko??^_?@l_? n=26 c=4 b=7 nu_cut=4 good=51 nongen=[] mism=0
S??F~z{~C?G?@?A?C?E???B{?No?^_?^_ n=20 c=4 b=4 nu_cut=4 good=36 nongen=[] mism=0
W????B{Vu]ZW^_No??@_?__???AG?@?????~??No?@}??Fw n=24 c=6 b=4 nu_cut=4 good=40 nongen=[] mism=0
W???F]}^fkNoG?@??????c??W??C???Fk?A}??}_?Fs??No n=24 c=5 b=5 nu_cut=4 good=43 nongen=[] mism=0
S??F~z{~@O??_?g?A??G??B{?No?^_?^_ n=20 c=4 b=4 nu_cut=4 good=35 nongen=[] mism=0
U??F~z{~C?????g?A?AG?G???Ng?Vo?Zo?Mw?B{? n=22 c=4 b=5 nu_cut=4 good=40 nongen=[] mism=0
Y???Fz{ve{Vo?__??O@??@?????C?A????@^??~??D]??Mw??{o??|O? n=26 c=5 b=6 nu_cut=4 good=41 nongen=[] mism=0
W??F~z{~@?@???????A??@?@c???^O?NW?B{?By??Ng?@}? n=24 c=4 b=6 nu_cut=4 good=32 nongen=[] mism=0
U???Fvyne{]oc?A???A??P??G???Fw?Fw?B{??~? n=22 c=5 b=4 nu_cut=4 good=34 nongen=[] mism=0
W????Av}feZozOv_B??A?@?@@????@?????~??No?@}??Fw n=24 c=6 b=4 nu_cut=4 good=47 nongen=[] mism=0
Y??????m[z[kyWxgJwBm????O??C?@G???_?c?????^_?@}??B{??B{? n=26 c=7 b=4 nu_cut=4 good=45 nongen=[] mism=0
U??F~z{~??O?G?A?O??_?D???Lw?\o?^O?No?By? n=22 c=4 b=5 nu_cut=4 good=35 nongen=[] mism=0
W????By^Ty]W^ONo??CG?A??E?A??C?????~??No?@}??Fw n=24 c=6 b=4 nu_cut=4 good=41 nongen=[] mism=0
W??F~z{~??C?_?A???CG?O??G???^_?ZW?Nc?A}??Jw?@r_ n=24 c=4 b=6 nu_cut=4 good=47 nongen=[] mism=0
Y??????nLN]cRwnOJsAv?a??Q?A??AC???????????^_?@}??B{??B{? n=26 c=7 b=4 nu_cut=4 good=51 nongen=[] mism=0
Y??F~z{~C?K???C?P??O???????????[s?B]?Af_?Rk??|O?Az??@j_? n=26 c=4 b=7 nu_cut=4 good=52 nongen=[] mism=0
Y????Bj{ruUwn_ZoI??O????O??G??A??C????Mw??~??F[??Jw??Fw? n=26 c=6 b=5 nu_cut=4 good=49 nongen=[] mism=0
W???Fn{^b{Vo_?????@K?_?@??A????F[?@}??^_?F[??^O n=24 c=5 b=5 nu_cut=3 good=42 nongen=[] mism=0
W??F~z{~C?G?@?@?@?AO????????ZW?Mw?I{?A^??No?@l_ n=24 c=4 b=6 nu_cut=4 good=41 nongen=[] mism=0
U???B~{}d{Vo??W????o?o?A????Fw?Fw?B{??~? n=22 c=5 b=4 nu_cut=4 good=39 nongen=[] mism=0
Y??F~z{~?_??G???G????G??C??W???Us?D{?AV_?K{?@{O?A|??BN?? n=26 c=4 b=7 nu_cut=4 good=53 nongen=[] mism=0
Y????Bluu]Rw}O^O?O@????@??@_?C???O????Ng?@z??Fs??Lw??Fw? n=26 c=6 b=5 nu_cut=4 good=44 nongen=[] mism=0
W??F~z{~?_O?G?@?@????_??G???^O?Mw?Lk?BN??Zg??^_ n=24 c=4 b=6 nu_cut=4 good=41 nongen=[] mism=0
S??F~z{~E??_????I?CG??B{?No?^_?^_ n=20 c=4 b=4 nu_cut=4 good=32 nongen=[] mism=0
W???B~m~F[Vo??C?O??C?C_?C??_???Fk?@}??~??Fk??Zo n=24 c=5 b=5 nu_cut=4 good=45 nongen=[] mism=0
U???Fz]~D{]oA_??G_???_?@O???Fw?Fw?B{??~? n=22 c=5 b=4 nu_cut=4 good=36 nongen=[] mism=0
Y??F~z{~??C?C?O???AW???????_???ZW?Ji?Av??K{?@eo?Bb_?Bh_? n=26 c=4 b=7 nu_cut=4 good=44 nongen=[] mism=0
W???Fnyvb{Vo??__???O?C?@C?@????F[?By??~??Fs??Vo n=24 c=5 b=5 nu_cut=4 good=49 nongen=[] mism=0
Y??F~z{~?_??G???A_D?????G??????]S?Im?A]_?Ls?@m_?@r_?Au_? n=26 c=4 b=7 nu_cut=4 good=44 nongen=[] mism=0
Y??F~z{~????A?p??_?????@??@????S{?Mq?@]_?\g?@z??AN_?AZ_? n=26 c=4 b=7 nu_cut=4 good=50 nongen=[] mism=0
S??F~z{~A?C?@?C?W?@???B{?No?^_?^_ n=20 c=4 b=4 nu_cut=4 good=35 nongen=[] mism=0
Y???FnuzfsVoe????????G??A??_??G???@}??fo?D{??Ng??\o??}_? n=26 c=5 b=6 nu_cut=4 good=44 nongen=[] mism=0
W??F~z{~?WO????????G?S?A????Fw?Vg?Fw?By??Jw?@u_ n=24 c=4 b=6 nu_cut=4 good=45 nongen=[] mism=0
S??F~z{~??S?D?c???A???B{?No?^_?^_ n=20 c=4 b=4 nu_cut=4 good=34 nongen=[] mism=0
Y??????j^iZKNgMwJ[Fp?o??A?????A??C??o?????^_?@}??B{??B{? n=26 c=7 b=4 nu_cut=4 good=38 nongen=[] mism=0
W??F~z{~C?@_`??????O?O??????Fw?NW?Fs?BV??]g?@N_ n=24 c=4 b=6 nu_cut=4 good=40 nongen=[] mism=0
Y??????nT\Q{VgwwNKDl?S?@A?CG????????A?????^_?@}??B{??B{? n=26 c=7 b=4 nu_cut=4 good=53 nongen=[] mism=0
U???Fzu^f[^OA?Q?A??_?@?A????Fw?Fw?B{??~? n=22 c=5 b=4 nu_cut=4 good=41 nongen=[] mism=0
W???Fnmze{]o??O?O??O?K_?G??????Fk?Bu??^_?E{??^_ n=24 c=5 b=5 nu_cut=4 good=43 nongen=[] mism=0
Y???Fu}zfs\oE??????C?@??_??_?C????Bj??\o?Dm??No??~???jo? n=26 c=5 b=6 nu_cut=4 good=50 nongen=[] mism=0
Y????Bjfs}]WjouoA?A?????_?@G?@_???????Fw?@z??Fs??No??Fw? n=26 c=6 b=5 nu_cut=4 good=36 nongen=[] mism=0
W????Bt|Ru]gNoz_A??C?O??K??C??O????~??No?@}??Fw n=24 c=6 b=4 nu_cut=4 good=47 nongen=[] mism=0
U???Fnu^d{^_?_??K??O?O??S???Fw?Fw?B{??~? n=22 c=5 b=4 nu_cut=4 good=35 nongen=[] mism=0
U???Fy}zfs\oD???C_?C???AA???Fw?Fw?B{??~? n=22 c=5 b=4 nu_cut=4 good=34 nongen=[] mism=0
W????B{uvwNWn_zO?_???GO?Q?C??A?????~??No?@}??Fw n=24 c=6 b=4 nu_cut=4 good=34 nongen=[] mism=0
U???D}}~F[\oC?G?O??S?O??C???Fw?Fw?B{??~? n=22 c=5 b=4 nu_cut=4 good=30 nongen=[] mism=0
W????BjfvMZWn_}O?g?????@G?A??@G????~??No?@}??Fw n=24 c=6 b=4 nu_cut=4 good=45 nongen=[] mism=0
Y??F~z{~AO??O?@?????????G?CG???Lw?JM?@N_?Fs?@n??BJ_?A|?? n=26 c=4 b=7 nu_cut=4 good=51 nongen=[] mism=0
W????Bjup}^O^O^OCO?G???@???A?CG????~??No?@}??Fw n=24 c=6 b=4 nu_cut=4 good=40 nongen=[] mism=0
Y??F~z{~????H?A????_?C?A??C????H{?Jw?Bf??^G?@t_?BL_?B[_? n=26 c=4 b=7 nu_cut=4 good=37 nongen=[] mism=0
W???Fx}nfs]o@?G?G?E??@??O??????Fw?Bu??}_?F[??Zo n=24 c=5 b=5 nu_cut=4 good=48 nongen=[] mism=0
Y??F~z{~??G?A???@??G?@?@??@????^C?Li??}_?X[?@^??Bt??AV_? n=26 c=4 b=7 nu_cut=4 good=46 nongen=[] mism=0
W??F~z{~??@???H?W??_?@??????Ng?Mw?Nc?Bt??Tw?@V_ n=24 c=4 b=6 nu_cut=4 good=41 nongen=[] mism=0
S??F~z{~?gG?A?A???@G??B{?No?^_?^_ n=20 c=4 b=4 nu_cut=4 good=34 nongen=[] mism=0
W??F~z{~?OA?_?@?C??_?A??????]g?Uw?Lk?@n??Fw?@Z_ n=24 c=4 b=6 nu_cut=4 good=34 nongen=[] mism=0
S??F~z{~?OO?C?C?@?CG??B{?No?^_?^_ n=20 c=4 b=4 nu_cut=4 good=34 nongen=[] mism=0
S??F~z{~AOO???H?G_????B{?No?^_?^_ n=20 c=4 b=4 nu_cut=4 good=34 nongen=[] mism=0
W??F~z{~?_@???`?A????W??????Lw?Vo?Js?Bm??]g?@u_ n=24 c=4 b=6 nu_cut=4 good=46 nongen=[] mism=0
S??F~z{~?_??E?O?D?@???B{?No?^_?^_ n=20 c=4 b=4 nu_cut=4 good=34 nongen=[] mism=0
Y??????\^wXk{glWTsEu?CO?I?????????_?H?????^_?@}??B{??B{? n=26 c=7 b=4 nu_cut=4 good=46 nongen=[] mism=0
U???Fnyze{^OA_??A?B??@??O???Fw?Fw?B{??~? n=22 c=5 b=4 nu_cut=4 good=34 nongen=[] mism=0
W??F~z{~???__?????AO?K?@????^_?ZW?NS?Bt??Tw?@l_ n=24 c=4 b=6 nu_cut=4 good=47 nongen=[] mism=0
W??F~z{~?GA_???????O?W??_???VW?^G?Js?BN??No?@N_ n=24 c=4 b=6 nu_cut=4 good=46 nongen=[] mism=0
U???Fn]zfs^O@_??C?@??C?B????Fw?Fw?B{??~? n=22 c=5 b=4 nu_cut=4 good=35 nongen=[] mism=0
W???Fv{zd{No??Q??_@?????C?C_???D{?Bu??~??Fw??Vo n=24 c=5 b=5 nu_cut=4 good=47 nongen=[] mism=0
Y??????|Um\gZgjgY[Fw??G?A??_??O??Q???O????^_?@}??B{??B{? n=26 c=7 b=4 nu_cut=4 good=46 nongen=[] mism=0
S??F~z{~??K?I?B???C???B{?No?^_?^_ n=20 c=4 b=4 nu_cut=4 good=34 nongen=[] mism=0
Y??????|S}\g{gLwFsFw?a?????D?A???A??A?????^_?@}??B{??B{? n=26 c=7 b=4 nu_cut=4 good=45 nongen=[] mism=0
U???F^]|d{ZoK???GO@??@?@????Fw?Fw?B{??~? n=22 c=5 b=4 nu_cut=4 good=40 nongen=[] mism=0
Y??????^Mr[wloxgFkFM??O@O?????O???_?c?????^_?@}??B{??B{? n=26 c=7 b=4 nu_cut=4 good=46 nongen=[] mism=0
Y????B]xryYwzOro?G???C??g?C??@???_????No?@^??F[??No??Fw? n=26 c=6 b=5 nu_cut=4 good=44 nongen=[] mism=0
S??F~z{~A?C_??A?H?C???B{?No?^_?^_ n=20 c=4 b=4 nu_cut=4 good=34 nongen=[] mism=0
U???E|}|fk^_O?A?O_?c?_??????Fw?Fw?B{??~? n=22 c=5 b=4 nu_cut=4 good=35 nongen=[] mism=0
S??F~z{~@?O?@?@?K?C???B{?No?^_?^_ n=20 c=4 b=4 nu_cut=4 good=34 nongen=[] mism=0
Y??F~z{~C???????C?A_?B?A???????[s?Ku?@z??U[??}O?Bb_?Bp_? n=26 c=4 b=7 nu_cut=4 good=44 nongen=[] mism=0
W??F~z{~@_G???O???C??C??C???Jw?Tw?NS?Bm??NW??v_ n=24 c=4 b=6 nu_cut=4 good=41 nongen=[] mism=0
U???F^]^e{^OI?G???A???_?o???Fw?Fw?B{??~? n=22 c=5 b=4 nu_cut=4 good=38 nongen=[] mism=0
Y??????vU\FkFwqwE{Du???A?_???@_?AA??O?????^_?@}??B{??B{? n=26 c=7 b=4 nu_cut=4 good=38 nongen=[] mism=0
Y???B~{nd{]o???_??D??_??K?A???????An??^O?Fi??\W??}_??lo? n=26 c=5 b=6 nu_cut=4 good=49 nongen=[] mism=0
W????A}^VqNWVozOO_?????@_??C??I????~??No?@}??Fw n=24 c=6 b=4 nu_cut=4 good=33 nongen=[] mism=0
Y??????[zVZcfg]gJwE\?_O?O?C???I?????G?????^_?@}??B{??B{? n=26 c=7 b=4 nu_cut=4 good=45 nongen=[] mism=0
U???E}}^f[ZoA???C??C?o?@_???Fw?Fw?B{??~? n=22 c=5 b=4 nu_cut=4 good=41 nongen=[] mism=0
W??F~z{~A??_????P?C??C?@????Vo?[w?F[?Av??\g?@|? n=24 c=4 b=6 nu_cut=4 good=47 nongen=[] mism=0
Y???Fzm|e{Zo??_?@?@??@????A???S???An??Vo?Fi??Vo??v_??fo? n=26 c=5 b=6 nu_cut=4 good=38 nongen=[] mism=0
Y???B~{}b{]o??@?G??????AW?@G??????Br??}O?E]??Xw??^O??mo? n=26 c=5 b=6 nu_cut=4 good=50 nongen=[] mism=0
S??F~z{~????A?g?A_@_??B{?No?^_?^_ n=20 c=4 b=4 nu_cut=4 good=34 nongen=[] mism=0
U???Fvm^b{Vo???_??C_?H?AG???Fw?Fw?B{??~? n=22 c=5 b=4 nu_cut=4 good=41 nongen=[] mism=0
U??F~z{~?_A?A???G?CO?O???Fw?^O?^O?NW?Bu? n=22 c=4 b=5 nu_cut=4 good=35 nongen=[] mism=0
W????Az~FsVWjoto?G?G?O_???@???a????~??No?@}??Fw n=24 c=6 b=4 nu_cut=4 good=34 nongen=[] mism=0
Y??F~z{~??G?????P?AG?A??O??????S{?NI?A^??NK?@{O??v_?Bq_? n=26 c=4 b=7 nu_cut=4 good=52 nongen=[] mism=0
S??F~z{~C_A?O???G_@???B{?No?^_?^_ n=20 c=4 b=4 nu_cut=4 good=34 nongen=[] mism=0
W??F~z{~A_??A?G???@??@??G???ZW?Zo?Ng?@z??Ng?@v? n=24 c=4 b=6 nu_cut=4 good=34 nongen=[] mism=0
W??F~z{~?O??A?C?G?@??@??O???]g?NW?Mk?B]??]g?@f_ n=24 c=4 b=6 nu_cut=4 good=48 nongen=[] mism=0
Y??F~z{~?GA?@?G???@????@??A????Ts?FM?B{??\W??nO??z_?@Z_? n=26 c=4 b=7 nu_cut=4 good=38 nongen=[] mism=0
U??F~z{~A?A?G?A???A??K???Fw?^_?Vo?Mw?@}? n=22 c=4 b=5 nu_cut=4 good=36 nongen=[] mism=0
Y???D~yzb{ZoO?G?@?A??G??O?????_???Br??vO?By??Lw??jo??}_? n=26 c=5 b=6 nu_cut=4 good=56 nongen=[] mism=0
W????BtvP}VgjoZoO?C??C_???A??@C????~??No?@}??Fw n=24 c=6 b=4 nu_cut=4 good=39 nongen=[] mism=0
Y??F~z{~@?????C??????@?AK?C????B{?E{?@}??]c?@tO?@t_?Bw_? n=26 c=4 b=7 nu_cut=4 good=43 nongen=[] mism=0
U??F~z{~?O?_A?C?O?@??@???Ng?Vo?]o?No?By? n=22 c=4 b=5 nu_cut=4 good=36 nongen=[] mism=0
W??F~z{~C?????A?A?@O?C?@????No?Vo?NK?@|??\o?@\_ n=24 c=4 b=6 nu_cut=4 good=40 nongen=[] mism=0
Y??????mq|\K}G^OFkAn?W??@?CC??C??????G????^_?@}??B{??B{? n=26 c=7 b=4 nu_cut=4 good=45 nongen=[] mism=0
Y????BVjumMwvO}OGO@??A??Q???????A?????Lw?@v??B{??Lw??NW? n=26 c=6 b=5 nu_cut=4 good=37 nongen=[] mism=0
Y??????Z\uJwswn_TkDr??G??????@@?@A??o?????^_?@}??B{??B{? n=26 c=7 b=4 nu_cut=4 good=51 nongen=[] mism=0
W?????~uvURwvO}_?????K??_??I?CC????~??No?@}??Fw n=24 c=6 b=4 nu_cut=4 good=40 nongen=[] mism=0
W????@v}T]^Ojo|_G_???c?????a??G????~??No?@}??Fw n=24 c=6 b=4 nu_cut=4 good=45 nongen=[] mism=0
S??F~z{~CGB?P?_???????B{?No?^_?^_ n=20 c=4 b=4 nu_cut=4 good=33 nongen=[] mism=0
Y??F~z{~?GG???W?B????C?????????[w?B]?@\_?E{?@rO?@x_?Bh_? n=26 c=4 b=7 nu_cut=4 good=44 nongen=[] mism=0
Y????A}^Q}^_}ONoG?C?????@??C?@G?@?????Jw?@^??Fk??Ng??Mw? n=26 c=6 b=5 nu_cut=4 good=36 nongen=[] mism=0
U???F^{nfwZoC_A_A?@????@????Fw?Fw?B{??~? n=22 c=5 b=4 nu_cut=4 good=41 nongen=[] mism=0
S??F~z{~A?O?_???I?@_??B{?No?^_?^_ n=20 c=4 b=4 nu_cut=4 good=33 nongen=[] mism=0
Y??????M~kB{fWRwVoFp?O?@?_?C??I?@?????????^_?@}??B{??B{? n=26 c=7 b=4 nu_cut=4 good=51 nongen=[] mism=0
W????B{fvU^OrotoE??g??_?c??????????~??No?@}??Fw n=24 c=6 b=4 nu_cut=4 good=45 nongen=[] mism=0
S??F~z{~E??_Q?G????O??B{?No?^_?^_ n=20 c=4 b=4 nu_cut=4 good=35 nongen=[] mism=0
Y???D|}~FsNoG?A???CG?C?A?????C????B]??lo?Bu??\o??Zo??Vo? n=26 c=5 b=6 nu_cut=4 good=45 nongen=[] mism=0
U??F~z{~??C???G?B??O?`???No?]o?^O?Mw?B{? n=22 c=4 b=5 nu_cut=4 good=39 nongen=[] mism=0
W????Bjury]gfo^O??A??_??c??g??C????~??No?@}??Fw n=24 c=6 b=4 nu_cut=4 good=41 nongen=[] mism=0
W??F~z{~??D?G???P?C_????????Jw?[w?NS?Br??Rw?@\_ n=24 c=4 b=6 nu_cut=4 good=44 nongen=[] mism=0
U???FnmvfwVo?_?_??A??c??o???Fw?Fw?B{??~? n=22 c=5 b=4 nu_cut=4 good=40 nongen=[] mism=0
W??F~z{~?OB???D??????O?@????Xw?^_?J[?Bu??Lw?@\_ n=24 c=4 b=6 nu_cut=4 good=45 nongen=[] mism=0
U??F~z{~@?S?C?O????_?_???Ng?Zo?\o?Ng?A}? n=22 c=4 b=5 nu_cut=4 good=36 nongen=[] mism=0
Y??F~z{~@?A?c?@??????G????A????Ts?Lk?@x_?Nc?@z??@N_?A\_? n=26 c=4 b=7 nu_cut=4 good=53 nongen=[] mism=0
W????BlvbmRwzOvO?O?_??_@??C??@C????~??No?@}??Fw n=24 c=6 b=4 nu_cut=4 good=38 nongen=[] mism=0
U???F^u~Fw]o_????O?S?D?@????Fw?Fw?B{??~? n=22 c=5 b=4 nu_cut=4 good=35 nongen=[] mism=0
W????A}zR]^_rouoGO????_AO?@G???????~??No?@}??Fw n=24 c=6 b=4 nu_cut=4 good=40 nongen=[] mism=0
U???B~mnfw^O????P?CC?W??C???Fw?Fw?B{??~? n=22 c=5 b=4 nu_cut=4 good=41 nongen=[] mism=0
Y???D|}nfw^_?_?_??A??G??G?C???C???By??n_?Fi??\o??Zo??ro? n=26 c=5 b=6 nu_cut=4 good=37 nongen=[] mism=0
Y????@|mq}Uwyo|_?O?I?A??G?A??A????????No?@z??F[??NW??Jw? n=26 c=6 b=5 nu_cut=4 good=49 nongen=[] mism=0
Y????By^VsRwyo~?A????_?????I??C?@_????No?@z??D{??NW??Mw? n=26 c=6 b=5 nu_cut=4 good=48 nongen=[] mism=0
S??F~z{~CGA?W?????AG??B{?No?^_?^_ n=20 c=4 b=4 nu_cut=4 good=34 nongen=[] mism=0
U???D~mne{\oO?P?@????c??A???Fw?Fw?B{??~? n=22 c=5 b=4 nu_cut=4 good=36 nongen=[] mism=0
Y???Fv]~B{No????AO@G?G?A?????A????Bt??yo?E{??Lw??uo??Zo? n=26 c=5 b=6 nu_cut=4 good=49 nongen=[] mism=0
U??F~z{~?OC?C?O?O??G?G???Mw?^_?No?Jw?A}? n=22 c=4 b=5 nu_cut=4 good=36 nongen=[] mism=0
W???Fvuvb{No??????B??__?c??_???Fs?Bu??z_?D{??\o n=24 c=5 b=5 nu_cut=4 good=43 nongen=[] mism=0
W??F~z{~C?G?O?@?A??_????G???NW?Zo?NS?Br??]W?@V_ n=24 c=4 b=6 nu_cut=4 good=40 nongen=[] mism=0
Y???D~m^fw\o?_????C_?O?@_????C?????~??^_?Fe??ZW??xo??ro? n=26 c=5 b=6 nu_cut=4 good=49 nongen=[] mism=0
Y??F~z{~F?A???Q????????A???????\o?D]??n_?Fs?@u_?@V_?Ax_? n=26 c=4 b=7 nu_cut=4 good=49 nongen=[] mism=0
Y????Av^fqLw|_\oP????C????C???W?@?????Fw??~??F[??Jw??Ng? n=26 c=6 b=5 nu_cut=4 good=55 nongen=[] mism=0
S??F~z{~AOC???@?I??O??B{?No?^_?^_ n=20 c=4 b=4 nu_cut=4 good=35 nongen=[] mism=0
S??F~z{~AG????g?A_@???B{?No?^_?^_ n=20 c=4 b=4 nu_cut=4 good=33 nongen=[] mism=0
Y??????r\\ZouWUwMsFX?G?????E??_??O??g?????^_?@}??B{??B{? n=26 c=7 b=4 nu_cut=4 good=45 nongen=[] mism=0
U???E|}^fsZog?_?@_???@??O???Fw?Fw?B{??~? n=22 c=5 b=4 nu_cut=4 good=35 nongen=[] mism=0
W???Fvu^e{Vo???_O?@O?Q????A????D{?Bm??|_?Fw??^_ n=24 c=5 b=5 nu_cut=4 good=43 nongen=[] mism=0
W??F~z{~?_?_??_?@_?_???A????Yw?^O?M[?A}??\W??~? n=24 c=4 b=6 nu_cut=4 good=40 nongen=[] mism=0
W??F~z{~??A_??C?@_?O?G??????\W?Tw?Lk?Bf??Uw?@}? n=24 c=4 b=6 nu_cut=4 good=40 nongen=[] mism=0
W???D|}vfs^_??????C_?A?AA?@C???Fs?Bm??n_?E{??^_ n=24 c=5 b=5 nu_cut=4 good=47 nongen=[] mism=0
S??F~z{~@?@?A?O?A?E???B{?No?^_?^_ n=20 c=4 b=4 nu_cut=4 good=35 nongen=[] mism=0
W??F~z{~?G??_?I???B??@??????Lw?]W?D{??~??^G?@v? n=24 c=4 b=6 nu_cut=4 good=41 nongen=[] mism=0
W??F~z{~????????G_?_?G?@S???^_?Yw?J[?B{??VW?@}? n=24 c=4 b=6 nu_cut=4 good=37 nongen=[] mism=0
W????AnnT{Jwyo|_AO???AOAC?A????????~??No?@}??Fw n=24 c=6 b=4 nu_cut=4 good=41 nongen=[] mism=0
Y???Fnmvf[No?????ODO????G?????g???Bm??zO?E{??ZW??vO??z_? n=26 c=5 b=6 nu_cut=4 good=41 nongen=[] mism=0
Y???Fn]zf[]oG??_A????A??C?A???O???By??nO?Eu??NW??z_??xo? n=26 c=5 b=6 nu_cut=4 good=44 nongen=[] mism=0
W??F~z{~?W??O?K?O?C?????????No?NW?Mk?Bf??Yw?@t_ n=24 c=4 b=6 nu_cut=4 good=41 nongen=[] mism=0
W???F\}vfsZoG?o?A??_????C??C???E{?Bu??n_?D{??Zo n=24 c=5 b=5 nu_cut=4 good=38 nongen=[] mism=0
Y???E}}zfk^_A?@???@???_AG?A???????@z??}O?By??Mw??vO??jo? n=26 c=5 b=6 nu_cut=4 good=42 nongen=[] mism=0
Y??????~E\T[tW{gLwFe??O?_?????c??G??AG????^_?@}??B{??B{? n=26 c=7 b=4 nu_cut=4 good=53 nongen=[] mism=0
U??F~z{~?o@?c???C????G???Ng?Zo?No?No?@}? n=22 c=4 b=5 nu_cut=4 good=39 nongen=[] mism=0
Y??????{Zx]KMwjWMwCv?@??G?????K??A??__????^_?@}??B{??B{? n=26 c=7 b=4 nu_cut=4 good=49 nongen=[] mism=0
S??F~z{~@_O_S?????A???B{?No?^_?^_ n=20 c=4 b=4 nu_cut=4 good=33 nongen=[] mism=0
Y????BmlvqVo\o}_O??_????C??A??K??G????Mw?@|??F[??Jw??No? n=26 c=6 b=5 nu_cut=4 good=44 nongen=[] mism=0
Y???D}}~E{^OP???G???????I????CC???Bt??mo?Fs??Mw??^O??v_? n=26 c=5 b=6 nu_cut=4 good=53 nongen=[] mism=0
W??F~z{~?GO???O???A????Ag???Tw?No?Fk?@z??]o?@}? n=24 c=4 b=6 nu_cut=4 good=39 nongen=[] mism=0
Y????@}Zvs\otoNo???Q?C?A?????C??@C????Ng?@z??Fw??Jw??Lw? n=26 c=6 b=5 nu_cut=4 good=48 nongen=[] mism=0
Y????ByyumMwz_joC??_?_??P??G??O???????Jw?@v??Fk??Jw??No? n=26 c=6 b=5 nu_cut=4 good=50 nongen=[] mism=0
W??F~z{~??G?C?C?G?C??g??????Vg?Uw?Mw?Bj??Zo?@]_ n=24 c=4 b=6 nu_cut=4 good=40 nongen=[] mism=0
W???D~]nb{Noo??_P?A??O?????????B{?Bu??|_?B{??Zo n=24 c=5 b=5 nu_cut=4 good=43 nongen=[] mism=0
W???B~uvb{Zoc??????C?@?AG?@????Fs?@}??z_?E{??]o n=24 c=5 b=5 nu_cut=4 good=43 nongen=[] mism=0
Y??F~z{~??G?D???@??_?I?????????NK?NS?A{_?Q{?@lO?@j_?B\?? n=26 c=4 b=7 nu_cut=4 good=52 nongen=[] mism=0
Y??????nTfJkmgZWMkBf?__????S??W?????_?????^_?@}??B{??B{? n=26 c=7 b=4 nu_cut=4 good=50 nongen=[] mism=0
S??F~z{~?GG_??A?W?C???B{?No?^_?^_ n=20 c=4 b=4 nu_cut=4 good=34 nongen=[] mism=0
Y????BfnUm\ojo|OA??_????_??C??S??@????Jw?@^??Fk??Lw??Ng? n=26 c=6 b=5 nu_cut=4 good=44 nongen=[] mism=0
Y??????jlZFw^O~?R[Em????O_???B???A??_G????^_?@}??B{??B{? n=26 c=7 b=4 nu_cut=4 good=46 nongen=[] mism=0
W??F~z{~????s??????o?O??C???^O?ZW?Ls?@|??Jw?@Z_ n=24 c=4 b=6 nu_cut=4 good=43 nongen=[] mism=0
Y????AzxtuVozO~?G??c??_?G?????A??@????Fw??~??Fs??Jw??Mw? n=26 c=6 b=5 nu_cut=4 good=42 nongen=[] mism=0
S??F~z{~?OW???`?K?????B{?No?^_?^_ n=20 c=4 b=4 nu_cut=4 good=34 nongen=[] mism=0
Y??F~z{~@_????@?A????I??C??????\c?Dy?@}??\c?@ho??|_?@r_? n=26 c=4 b=7 nu_cut=4 good=45 nongen=[] mism=0
Y???Fl}^f[^OA??_B????C????@??C????Bf??vO?Eu??Jw??lo??}_? n=26 c=5 b=6 nu_cut=4 good=50 nongen=[] mism=0
Y????B\vd]NglotoOOA???O???@_?A????????Ng?@z??D{??Jw??Fw? n=26 c=6 b=5 nu_cut=4 good=44 nongen=[] mism=0
Y??F~z{~@?B_??@???A??C?????????\K?D{?Af_?Tk?@\O??|_?BR_? n=26 c=4 b=7 nu_cut=4 good=50 nongen=[] mism=0
W??F~z{~??O?O?C?A????o??C???No?Lw?M[?B]??Vg?@]_ n=24 c=4 b=6 nu_cut=4 good=47 nongen=[] mism=0
Y???F]}zfkNo??A??????A??C?@_?E????@}??|O?Ey??VW??to??|_? n=26 c=5 b=6 nu_cut=4 good=44 nongen=[] mism=0
W????A^mry\on_}O?_AA??_?O?E????????~??No?@}??Fw n=24 c=6 b=4 nu_cut=4 good=48 nongen=[] mism=0
W??F~z{~?_????_?G??O?`??_???^_?Lw?NW?@v??Ng?@|? n=24 c=4 b=6 nu_cut=4 good=34 nongen=[] mism=0
W???E~{vfsNod??_??@??O??G??????F[?@}??~??B{??Zo n=24 c=5 b=5 nu_cut=4 good=39 nongen=[] mism=0
Y??????[{|\cZonGLwD\??_???A_??A?A???_G????^_?@}??B{??B{? n=26 c=7 b=4 nu_cut=4 good=38 nongen=[] mism=0
W????Br|`}Rwlov_??B??A?@@??Q???????~??No?@}??Fw n=24 c=6 b=4 nu_cut=4 good=44 nongen=[] mism=0
Y???F]}vb{\oG?C????O???@O????@C???Bf??v_?Bm??ZW??}_??n_? n=26 c=5 b=6 nu_cut=4 good=54 nongen=[] mism=0
Y???Fz]vfsVoA??_A?@G????A?@???????B]??No?By??Lw??yo??zO? n=26 c=5 b=6 nu_cut=4 good=48 nongen=[] mism=0
W???D~m^d{NoQ???O????P??O??C???B{?Bu??z_?B{??]o n=24 c=5 b=5 nu_cut=4 good=43 nongen=[] mism=0
W??F~z{~??G?G?G????g?_?A????ZW?^O?H{?Bm??^G?@}? n=24 c=4 b=6 nu_cut=4 good=40 nongen=[] mism=0
U??F~z{~@G??S???C??_?@???Ng?Zo?No?Mw?Bu? n=22 c=4 b=5 nu_cut=4 good=39 nongen=[] mism=0
U??F~z{~???__?Q?A??G?O???Fw?^_?Zo?Mw?B{? n=22 c=4 b=5 nu_cut=4 good=35 nongen=[] mism=0
S??F~z{~A_??@???O_A_??B{?No?^_?^_ n=20 c=4 b=4 nu_cut=4 good=32 nongen=[] mism=0
U???B}}~D{ZoG_O?C??K????G???Fw?Fw?B{??~? n=22 c=5 b=4 nu_cut=4 good=35 nongen=[] mism=0
W????A^fvk\Wjo{oAG?_?Q??_????@?????~??No?@}??Fw n=24 c=6 b=4 nu_cut=4 good=40 nongen=[] mism=0
W???Fnu~F[Zo??@?@??O????a?E????F[?Bu??z_?Fs??^_ n=24 c=5 b=5 nu_cut=4 good=43 nongen=[] mism=0
U??F~z{~?O??a?@?O_@??????Fw?Zo?No?Jw?Bu? n=22 c=4 b=5 nu_cut=4 good=35 nongen=[] mism=0
Y???D|}}fsZoO??????G?O?AQ?????G???BZ??}O?FU??]g??v_??^_? n=26 c=5 b=6 nu_cut=3 good=54 nongen=[] mism=0
W??F~z{~@OC?@?C??_???O??????Lw?Zo?Js?@z??Yw??v_ n=24 c=4 b=6 nu_cut=4 good=47 nongen=[] mism=0
U???B~{~B{\o??@_D????S?A????Fw?Fw?B{??~? n=22 c=5 b=4 nu_cut=4 good=30 nongen=[] mism=0
W???D~yzfk^O_?O?GO???K?????G???E{?B]??|_?D{??No n=24 c=5 b=5 nu_cut=4 good=42 nongen=[] mism=0
S??F~z{~?_H???H?G_????B{?No?^_?^_ n=20 c=4 b=4 nu_cut=4 good=34 nongen=[] mism=0
W???D~{vfs^OB?G?C??C??_????G???F[?By??n_?F[??No n=24 c=5 b=5 nu_cut=4 good=42 nongen=[] mism=0
U??F~z{~?GO_C?_?@?A??????Jw?Vo?]o?NW?Bm? n=22 c=4 b=5 nu_cut=4 good=36 nongen=[] mism=0
U???F^{nfsZoO?C?O?AC?C??A???Fw?Fw?B{??~? n=22 c=5 b=4 nu_cut=4 good=41 nongen=[] mism=0
Y??F~z{~?oC???K??????_?????G???Q{?Fq?@j_?VK?@u_??n_?Br?? n=26 c=4 b=7 nu_cut=4 good=53 nongen=[] mism=0
Y??????mjj]oVWiwZWDr?O_???@??AG??????W????^_?@}??B{??B{? n=26 c=7 b=4 nu_cut=4 good=45 nongen=[] mism=0
Y??????U~MVSmWkwW{By?O?AG??W?????C??C?????^_?@}??B{??B{? n=26 c=7 b=4 nu_cut=4 good=53 nongen=[] mism=0
Y????Bt|Uu^_n_to@???????C??E??O??I????No?@z??Fw??Ng??NW? n=26 c=6 b=5 nu_cut=4 good=53 nongen=[] mism=0
Y???Fv{zfwZoC??_O_@??G??O?????????@v??yo?D]??Yw??uo??yo? n=26 c=5 b=6 nu_cut=4 good=38 nongen=[] mism=0
W???F^]~Fs^OA?D??_???__????G???Fw?B]??n_?Fk??Vo n=24 c=5 b=5 nu_cut=4 good=46 nongen=[] mism=0
Y????B]Vt{^Oto{o?G?O?O??_??A??A??_????Lw?@|??D{??NW??Jw? n=26 c=6 b=5 nu_cut=4 good=46 nongen=[] mism=0
Y??????x\NZSUwv_XwBl?GG?P????@A?????@?????^_?@}??B{??B{? n=26 c=7 b=4 nu_cut=4 good=52 nongen=[] mism=0
W???Fz{|fsNoa_??@?A??@?????_???E{?Bu??^_?B{??Vo n=24 c=5 b=5 nu_cut=4 good=43 nongen=[] mism=0
Y????BZ|d]Rwn_|O?G?C?H?@??????O?@?????Lw?@z??B{??Ng??Fw? n=26 c=6 b=5 nu_cut=4 good=49 nongen=[] mism=0
U??F~z{~@GO???O?@??G?_???Jw?Vo?No?No?Bu? n=22 c=4 b=5 nu_cut=4 good=36 nongen=[] mism=0
U??F~z{~@OI?E????_???????Lw?No?Vo?Jw?Bm? n=22 c=4 b=5 nu_cut=4 good=40 nongen=[] mism=0
S??F~z{~????C?a?K??g??B{?No?^_?^_ n=20 c=4 b=4 nu_cut=4 good=34 nongen=[] mism=0
W??F~z{~?O??????O?CO?D??_???Ng?^O?Fk?Bf??]W??}_ n=24 c=4 b=6 nu_cut=4 good=40 nongen=[] mism=0
Y??F~z{~@???C?I????????@???o???Xw?F[??}_?Xs?@u_?Bi_??|_? n=26 c=4 b=7 nu_cut=4 good=52 nongen=[] mism=0
Y????@vZum]o^Oyo?G???_??Q??G??_??G????Mw?@|??Fk??Fw??Jw? n=26 c=6 b=5 nu_cut=4 good=42 nongen=[] mism=0
U??F~z{~@?A_??@?C??O?_???Ng?Vo?^O?Mw?Bu? n=22 c=4 b=5 nu_cut=4 good=35 nongen=[] mism=0
Y??????}NJJsygzOZSCn?H??S????????W???O????^_?@}??B{??B{? n=26 c=7 b=4 nu_cut=4 good=44 nongen=[] mism=0
U???Fn]zf[^OH?C?P????@?@????Fw?Fw?B{??~? n=22 c=5 b=4 nu_cut=4 good=35 nongen=[] mism=0
U???B~{~D{^O??__D?AC????C???Fw?Fw?B{??~? n=22 c=5 b=4 nu_cut=4 good=41 nongen=[] mism=0
W??F~z{~A?G?C?A?C??G?C??????Rw?Ng?NK?Bl??VW?@t_ n=24 c=4 b=6 nu_cut=4 good=41 nongen=[] mism=0
W????B]|Q}Yw\oNoP??A????g?C??C?????~??No?@}??Fw n=24 c=6 b=4 nu_cut=4 good=39 nongen=[] mism=0
Y??????uh^Vofg{W^GBx??_AA?A??????C??OO????^_?@}??B{??B{? n=26 c=7 b=4 nu_cut=4 good=45 nongen=[] mism=0
Y??F~z{~??A?C???P??O????c??????]S?Hy?@r_?]g?@Ro??|_?BY_? n=26 c=4 b=7 nu_cut=4 good=51 nongen=[] mism=0
W????B]fruNgmoVoW?@??G????@C?C?????~??No?@}??Fw n=24 c=6 b=4 nu_cut=4 good=44 nongen=[] mism=0
W??F~z{~??F?_????????G?AC???]o?Vo?Ls?A|??VW?@|? n=24 c=4 b=6 nu_cut=4 good=44 nongen=[] mism=0
Y??????{h|P{mWroY[Ey?@?????O??H??_??K?????^_?@}??B{??B{? n=26 c=7 b=4 nu_cut=4 good=52 nongen=[] mism=0
Y??F~z{~??A?H?G??????_????C_???Zo?Hu?Am_?Rk?@x_?@l_?B]?? n=26 c=4 b=7 nu_cut=4 good=51 nongen=[] mism=0
W???Fzuzd{No???_G????o??E?C????Fw?By??|_?Fw??\o n=24 c=5 b=5 nu_cut=4 good=41 nongen=[] mism=0
W???D~]^e{VoG????OC??@?B??A????Fs?Bm??~??Fs??Zo n=24 c=5 b=5 nu_cut=4 good=43 nongen=[] mism=0
W???Fv{~FkZoA??_?O???D?A???C???E{?B{??|_?Fk??\o n=24 c=5 b=5 nu_cut=4 good=46 nongen=[] mism=0
Y???F]}~E{Zo?_O??????g??C??O??_???A|??mo?F[??NW??to??xo? n=26 c=5 b=6 nu_cut=4 good=50 nongen=[] mism=0
U??F~z{~?W??C???Q?A??A???NW?]o?\o?Jw?@}? n=22 c=4 b=5 nu_cut=4 good=40 nongen=[] mism=0
W????Brlu{VWnO}O?G@O??_???A???K????~??No?@}??Fw n=24 c=6 b=4 nu_cut=4 good=33 nongen=[] mism=0
Y????Bmju{Xw^_nOC??_?O??_??A?A??A?????NW??~??E{??Fw??No? n=26 c=6 b=5 nu_cut=4 good=38 nongen=[] mism=0
S??F~z{~B???W????_?W??B{?No?^_?^_ n=20 c=4 b=4 nu_cut=4 good=32 nongen=[] mism=0
Y???Fn]~Fk\o?_G?O??O?E??A?????????@n??No?FU??Jw??lo??lo? n=26 c=5 b=6 nu_cut=4 good=42 nongen=[] mism=0
Y??F~z{~??A???O?@_?o???A???????ZK?Em?An??[s?@\O?Bt??Bs_? n=26 c=4 b=7 nu_cut=4 good=53 nongen=[] mism=0
W???Fn{|d{\o`?A??O?C?K?????????Fk?A}??v_?Fs??No n=24 c=5 b=5 nu_cut=4 good=41 nongen=[] mism=0
Y????Bt{tuTw~?}O?_?W?A??C??_??C???????NW?@^??Fs??Fw??Ng? n=26 c=6 b=5 nu_cut=4 good=40 nongen=[] mism=0
U??F~z{~E?A?a?G????O?????Mw?\o?No?Lw?@}? n=22 c=4 b=5 nu_cut=4 good=35 nongen=[] mism=0
S??F~z{~@O????H??_?o??B{?No?^_?^_ n=20 c=4 b=4 nu_cut=4 good=32 nongen=[] mism=0
U??F~z{~?O??????S_E??C???NW?\o?Vo?Ng?Bu? n=22 c=4 b=5 nu_cut=4 good=38 nongen=[] mism=0
W??F~z{~?o??O??????o?G??_???NW?^G?Fw?@^??]o?@^? n=24 c=4 b=6 nu_cut=4 good=41 nongen=[] mism=0
S??F~z{~COG???Q?O_????B{?No?^_?^_ n=20 c=4 b=4 nu_cut=4 good=32 nongen=[] mism=0
W????B]^RuNgmonO?WE??O??C?????G????~??No?@}??Fw n=24 c=6 b=4 nu_cut=4 good=34 nongen=[] mism=0
Y??F~z{~?G??A?A????_?G?@??@????VW?Lq?Bl??H{??{o?A}??Au_? n=26 c=4 b=7 nu_cut=4 good=54 nongen=[] mism=0
Y??????zelYkZgkwXsD]?I??O??A??A???_?A?????^_?@}??B{??B{? n=26 c=7 b=4 nu_cut=4 good=45 nongen=[] mism=0
U???Fn{^f[^Oo?c??_?C????_???Fw?Fw?B{??~? n=22 c=5 b=4 nu_cut=4 good=42 nongen=[] mism=0
Y??F~z{~???_G?_????G?E?????_???[[?B{?BX_?Xw?@{O?Bh_?Af_? n=26 c=4 b=7 nu_cut=4 good=38 nongen=[] mism=0
Y??????rllF[UwtoFkFp??_?`?C?????@@??O?????^_?@}??B{??B{? n=26 c=7 b=4 nu_cut=4 good=53 nongen=[] mism=0
W???Fv]^fs]o@_O???@??G??O??G???Fw?@}??v_?D{??^O n=24 c=5 b=5 nu_cut=4 good=48 nongen=[] mism=0
W????Avxvw[wfo^_AO????O?@??O??o????~??No?@}??Fw n=24 c=6 b=4 nu_cut=4 good=45 nongen=[] mism=0
W????BujviZo^OloC?????_@??CC??o????~??No?@}??Fw n=24 c=6 b=4 nu_cut=4 good=41 nongen=[] mism=0
S??F~z{~C?K?_?Q???@???B{?No?^_?^_ n=20 c=4 b=4 nu_cut=4 good=33 nongen=[] mism=0
Y????@|nVYTwuoyoGOA????????C??G??o????NW?@}??B{??NW??No? n=26 c=6 b=5 nu_cut=4 good=44 nongen=[] mism=0
Y??????b~YFwdw~?ZSF[??G@??A@?????_??CO????^_?@}??B{??B{? n=26 c=7 b=4 nu_cut=4 good=52 nongen=[] mism=0
U??F~z{~D??_`?????A??A???Fw?Vo?Zo?Lw?@}? n=22 c=4 b=5 nu_cut=4 good=41 nongen=[] mism=0
W???Fn]vfs^_??H?@??_?A????AC???D{?A}??~??F[??Zo n=24 c=5 b=5 nu_cut=4 good=42 nongen=[] mism=0
W????BjVt{]Wz_{o@??_?o?????I??A????~??No?@}??Fw n=24 c=6 b=4 nu_cut=4 good=40 nongen=[] mism=0
W???Fny^e{No??__C_?_?W?????????D{?Bm??v_?Fk??Vo n=24 c=5 b=5 nu_cut=4 good=43 nongen=[] mism=0
Y??????zerNcbwZo]gAz?C??_????CC??@_?G?????^_?@}??B{??B{? n=26 c=7 b=4 nu_cut=4 good=45 nongen=[] mism=0
Y??????ndfTsrW^_LwBx?C????C???E?A@???G????^_?@}??B{??B{? n=26 c=7 b=4 nu_cut=4 good=53 nongen=[] mism=0
W??F~z{~??@?P???C??_?@??O???Xw?^O?No?Br??Rw?@N_ n=24 c=4 b=6 nu_cut=4 good=47 nongen=[] mism=0
Y??????lmmTkrWUw^GFR?P???_?K????????G_????^_?@}??B{??B{? n=26 c=7 b=4 nu_cut=4 good=52 nongen=[] mism=0
W????ByvVsRwxoroG?@C?C??o??O???????~??No?@}??Fw n=24 c=6 b=4 nu_cut=4 good=47 nongen=[] mism=0
Y??????f^hB{|_^_TkFT?AO?A?@???C?????OO????^_?@}??B{??B{? n=26 c=7 b=4 nu_cut=4 good=52 nongen=[] mism=0
U???D~uzb{^__????OA_?@??o???Fw?Fw?B{??~? n=22 c=5 b=4 nu_cut=4 good=42 nongen=[] mism=0
Y???E|}~D{Vo??O?C?A??c?@??????G???Az??yo?F[??]W??xo??vO? n=26 c=5 b=6 nu_cut=4 good=48 nongen=[] mism=0
W????B\lvYVofo}_@G?G??O@O?A????????~??No?@}??Fw n=24 c=6 b=4 nu_cut=4 good=46 nongen=[] mism=0
U??F~z{~B_??????O?CO?O???Lw?Vo?^O?Fw?@}? n=22 c=4 b=5 nu_cut=4 good=38 nongen=[] mism=0
Y???F]}~B{^_G???O?A??A??O??_??C???BZ??{o?FM??Xw??vO??^_? n=26 c=5 b=6 nu_cut=4 good=44 nongen=[] mism=0
U??F~z{~C?G?W?@?A????C???NW?Zo?Zo?NW?B{? n=22 c=4 b=5 nu_cut=4 good=36 nongen=[] mism=0
U???D~]~E{]oO_P???@_??_?????Fw?Fw?B{??~? n=22 c=5 b=4 nu_cut=4 good=35 nongen=[] mism=0
W??F~z{~COK????????O?_??C???]g?Lw?Jw??~??Rw?@t_ n=24 c=4 b=6 nu_cut=4 good=46 nongen=[] mism=0
W????B\|fkFw^_fo??AA?_????D??AC????~??No?@}??Fw n=24 c=6 b=4 nu_cut=4 good=39 nongen=[] mism=0
S??F~z{~?_G???_?D?D???B{?No?^_?^_ n=20 c=4 b=4 nu_cut=4 good=35 nongen=[] mism=0
U???FnuvfsZoA?H?@??G?O?A????Fw?Fw?B{??~? n=22 c=5 b=4 nu_cut=4 good=36 nongen=[] mism=0
Y??F~z{~AO????A??_@G?O?????????Ng?J[?Aj_?Y[??uo?Bx??@{_? n=26 c=4 b=7 nu_cut=4 good=44 nongen=[] mism=0
U??F~z{~C?G???C?O_@??G???Fw?]o?\o?Fw?Bu? n=22 c=4 b=5 nu_cut=4 good=35 nongen=[] mism=0
Y???E~{~FsNoC?_???C???_?G?@??A????Br??}_?Bm??\W??nO??to? n=26 c=5 b=6 nu_cut=4 good=37 nongen=[] mism=0
U???FzuvfkVoA?I???C??A_?_???Fw?Fw?B{??~? n=22 c=5 b=4 nu_cut=4 good=37 nongen=[] mism=0
Y??F~z{~????@?O?W????@??G??_???Rk?M[?At_?Ng?@mO?Bi_?Ar_? n=26 c=4 b=7 nu_cut=4 good=46 nongen=[] mism=0
Y??F~z{~C?G?C?A?@??_???????G???]S?Fi?Bx??Ls?@j_?A\_?Al_? n=26 c=4 b=7 nu_cut=4 good=54 nongen=[] mism=0
Y??????fjtXkVoLwXwFh?O??O??O?D???????g????^_?@}??B{??B{? n=26 c=7 b=4 nu_cut=4 good=46 nongen=[] mism=0
W??F~z{~@_??o?O????O???A????ZW?Zo?E{?B]??^G??v_ n=24 c=4 b=6 nu_cut=4 good=46 nongen=[] mism=0
W??F~z{~C?Q?????B?A??G??????NW?Fw?J[?Bt??Uw??|_ n=24 c=4 b=6 nu_cut=4 good=41 nongen=[] mism=0
Y????BfrruZo\ozOC??_?C??a????C??A?????NW?@n??B{??Mw??Ng? n=26 c=6 b=5 nu_cut=4 good=54 nongen=[] mism=0
W??F~z{~@_??A?C??_C??G??????Tw?Ng?NW?BN??^G??n_ n=24 c=4 b=6 nu_cut=4 good=48 nongen=[] mism=0
Y??F~z{~??G_??B??????O?A???O???Js?LY?Aj_?\g?@VO?Bp_?Az?? n=26 c=4 b=7 nu_cut=4 good=52 nongen=[] mism=0
Y????BNmvYUwrofoG??O?G?????C??G??o????No?@^??F[??No??Ng? n=26 c=6 b=5 nu_cut=4 good=42 nongen=[] mism=0
Y??????fsv\KnG]gUkFe?G?@??A???I?????A_????^_?@}??B{??B{? n=26 c=7 b=4 nu_cut=4 good=45 nongen=[] mism=0
W??F~z{~??C?W???@??G?O??O???NW?Rw?Ls?Bu??^_?@}? n=24 c=4 b=6 nu_cut=4 good=34 nongen=[] mism=0
U??F~z{~@???G?_??_A??S???NW?^_?^O?Ng?Bu? n=22 c=4 b=5 nu_cut=4 good=29 nongen=[] mism=0
W??F~z{~????o?????E??@??c???^G?Zo?Ng?B\??]W?@m_ n=24 c=4 b=6 nu_cut=4 good=39 nongen=[] mism=0
Y??F~z{~@OG??????_???@?@???O???NK?Em?Bk_?Mw?@m_?Au_?At_? n=26 c=4 b=7 nu_cut=4 good=45 nongen=[] mism=0
U??F~z{~@??__?O?@?CG?????Jw?No?^O?Fw?A}? n=22 c=4 b=5 nu_cut=4 good=30 nongen=[] mism=0
Y???Fl}}fw^_c??????C?O??I??C??????Az??uo?Bu??Zg??\o??zO? n=26 c=5 b=6 nu_cut=4 good=53 nongen=[] mism=0
Y????@zjvk^G{ofoG????A????A???a??K????Ng?@n??D{??No??No? n=26 c=6 b=5 nu_cut=4 good=47 nongen=[] mism=0
W??F~z{~?O??K?H??????C?A????]g?[w?Mw?BZ??Jw?@l_ n=24 c=4 b=6 nu_cut=4 good=47 nongen=[] mism=0
Y??????vJjM[zGjg^ODV??O@@?CA??O??O????????^_?@}??B{??B{? n=26 c=7 b=4 nu_cut=4 good=50 nongen=[] mism=0
Y??????yvLFsuoMwZKC|?GG???C_??I?????@?????^_?@}??B{??B{? n=26 c=7 b=4 nu_cut=4 good=52 nongen=[] mism=0
W???Fnyvf[Vo??P?G?C??A??C?@????Fs?By??|_?E{??Vo n=24 c=5 b=5 nu_cut=4 good=43 nongen=[] mism=0
W????BmyuyNgxofo???W??OB?????@_????~??No?@}??Fw n=24 c=6 b=4 nu_cut=4 good=41 nongen=[] mism=0
Y??F~z{~@?@???_????O?G??S??????[[?NI?AV_?D{??~??Bw_?B{?? n=26 c=4 b=7 nu_cut=4 good=52 nongen=[] mism=0
U??F~z{~A?@?A?_?C?E??????Lw?^_?No?NW?By? n=22 c=4 b=5 nu_cut=4 good=41 nongen=[] mism=0
U??F~z{~C?@?A?G?C??G?@???NW?Zo?Zo?Fw?Bu? n=22 c=4 b=5 nu_cut=4 good=30 nongen=[] mism=0
W???D}}}b{\o_?O?O?AC?O?????_???Fw?Bm??n_?D{??No n=24 c=5 b=5 nu_cut=4 good=42 nongen=[] mism=0
Y????BrZum[wn_}_?_B??@??H?????_???????Jw?@v??E{??Fw??NW? n=26 c=6 b=5 nu_cut=4 good=48 nongen=[] mism=0
Y??F~z{~????C?W?C????E??G??????\K?Li?BT_?^_?@Xo?@l_?BN?? n=26 c=4 b=7 nu_cut=4 good=51 nongen=[] mism=0
Y??????lYvJwygew]KFi???@?_?G?@O?AC????????^_?@}??B{??B{? n=26 c=7 b=4 nu_cut=4 good=52 nongen=[] mism=0
W????@}ndm\WVo^O@??G?O_?O?CA???????~??No?@}??Fw n=24 c=6 b=4 nu_cut=4 good=41 nongen=[] mism=0
W??F~z{~????_?_???A??W??S???^O?Xw?Js?Bm??^G?@f_ n=24 c=4 b=6 nu_cut=4 good=40 nongen=[] mism=0
W??F~z{~???_O???@?D?????c???Jw?Jw?Jk?B]??Vo?@x_ n=24 c=4 b=6 nu_cut=4 good=40 nongen=[] mism=0
Y??????rlrLw\oxgNKEr??_A??@@????AA??C?????^_?@}??B{??B{? n=26 c=7 b=4 nu_cut=4 good=52 nongen=[] mism=0
Y??F~z{~??G??????_D??A?A??@????Yk?JU?Av??^C??}_?Bq_?Aj_? n=26 c=4 b=7 nu_cut=4 good=38 nongen=[] mism=0
W????BV{tyXwyoyoE??G?@??C??C?@?????~??No?@}??Fw n=24 c=6 b=4 nu_cut=4 good=39 nongen=[] mism=0
U???B~uvd{No?_??S??O?_?AG???Fw?Fw?B{??~? n=22 c=5 b=4 nu_cut=4 good=37 nongen=[] mism=0
Y????Btmr]]o}_v_?GA??_??C??G??_??_????Lw??~??F[??Jw??Fw? n=26 c=6 b=5 nu_cut=4 good=43 nongen=[] mism=0
S??F~z{~@O??A?P?K?????B{?No?^_?^_ n=20 c=4 b=4 nu_cut=4 good=32 nongen=[] mism=0
Y??????b~UVKfgLwJwBf?c?@??A@????????g?????^_?@}??B{??B{? n=26 c=7 b=4 nu_cut=4 good=51 nongen=[] mism=0
W??F~z{~@?B?A?G????????B????Uw?]g?Mk?A}??Vo??n_ n=24 c=4 b=6 nu_cut=4 good=45 nongen=[] mism=0
Y????A||RmZWfo|OH??O?P_??????????G????Jw??~??Fw??Lw??Lw? n=26 c=6 b=5 nu_cut=3 good=48 nongen=[] mism=0
Y???B~{^fw^OG?O?O??K???A??????_???BN??z_?FU??NW??n_??^_? n=26 c=5 b=6 nu_cut=4 good=44 nongen=[] mism=0
W????B\zb]^O\o{o???G?c?A???S??_????~??No?@}??Fw n=24 c=6 b=4 nu_cut=4 good=46 nongen=[] mism=0
W???Fn{^fs\oC?__?O@????@??C????E{?@}??|_?D{??Vo n=24 c=5 b=5 nu_cut=4 good=49 nongen=[] mism=0
Y?????~^VkMwtomo????????K?D???E?@?????Mw?@|??E{??Ng??NW? n=26 c=6 b=5 nu_cut=4 good=42 nongen=[] mism=0
Y????An]v[NguovOO?C??@??_?@_??C???????Lw?@|??Fk??NW??Fw? n=26 c=6 b=5 nu_cut=4 good=55 nongen=[] mism=0
W??F~z{~??C?A???O????B?AC???Uw?]W?Js?A}??ZW?@}? n=24 c=4 b=6 nu_cut=4 good=39 nongen=[] mism=0
Y??F~z{~AG????O??????E?AG??????[k?E{??v_?Nc??}O?Bs_?BY_? n=26 c=4 b=7 nu_cut=4 good=51 nongen=[] mism=0
S??F~z{~C???K?D??_A???B{?No?^_?^_ n=20 c=4 b=4 nu_cut=4 good=35 nongen=[] mism=0
Y??F~z{~?O?_O?S??_C????????????Lw?Iu?@t_?M[??nO?AN_?BJ_? n=26 c=4 b=7 nu_cut=4 good=45 nongen=[] mism=0
W??F~z{~?O@?O?K????_????C???Lw?NW?H{?A}??Fw?@t_ n=24 c=4 b=6 nu_cut=4 good=40 nongen=[] mism=0
W???F^yze{]oA?@_?_@????????o???Fk?Bm??n_?Fw??No n=24 c=5 b=5 nu_cut=4 good=42 nongen=[] mism=0
W???B~]nfs]o`??_O??O?A?@???????Fk?Bu??n_?B{??Vo n=24 c=5 b=5 nu_cut=4 good=37 nongen=[] mism=0
U??F~z{~C_O?G?A??_?_?????Ng?\o?No?Ng?Bm? n=22 c=4 b=5 nu_cut=4 good=30 nongen=[] mism=0
W??F~z{~??C_G?_???AO????G???]o?Yw?Lw?A}??VW?@t_ n=24 c=4 b=6 nu_cut=4 good=40 nongen=[] mism=0
U???B~{}fw\o`????O@O?C_?????Fw?Fw?B{??~? n=22 c=5 b=4 nu_cut=4 good=40 nongen=[] mism=0
Y??F~z{~??A?D?_???@??O?A???????VK?I{?AN_?ZS??yo?A\_?BY_? n=26 c=4 b=7 nu_cut=4 good=45 nongen=[] mism=0
W???Fx}~D{ZoC?A?C?E???_A???????F[?Bu??v_?F[??^_ n=24 c=5 b=5 nu_cut=4 good=43 nongen=[] mism=0
W????Anur]^Gto}OE????O??c??O??G????~??No?@}??Fw n=24 c=6 b=4 nu_cut=4 good=47 nongen=[] mism=0
Y??????X~eZSfo[wQ{@z?G?@?_?G????@C??A?????^_?@}??B{??B{? n=26 c=7 b=4 nu_cut=4 good=45 nongen=[] mism=0
W????A|jvs\ovO\oC??o??????CC??a????~??No?@}??Fw n=24 c=6 b=4 nu_cut=4 good=47 nongen=[] mism=0
U???B~yzf[^Oo?C?O??C????c???Fw?Fw?B{??~? n=22 c=5 b=4 nu_cut=4 good=30 nongen=[] mism=0
W???B~y}b{^_O??_O??O?G?????g???D{?A}??~??E{??^_ n=24 c=5 b=5 nu_cut=4 good=33 nongen=[] mism=0
W???E~m~B{\oA?D??OB??G?????????B{?Bm??n_?Fw??Vo n=24 c=5 b=5 nu_cut=4 good=43 nongen=[] mism=0
S??F~z{~C?G?o?C??_?G??B{?No?^_?^_ n=20 c=4 b=4 nu_cut=4 good=35 nongen=[] mism=0
Y??F~z{~?GS???_????_?@??O??????Rk?J[?Bw_?L[?@v???^_??|_? n=26 c=4 b=7 nu_cut=4 good=52 nongen=[] mism=0
S??F~z{~D?W?A?H???????B{?No?^_?^_ n=20 c=4 b=4 nu_cut=4 good=34 nongen=[] mism=0
W????B]yrmVWvOfo?O@??@??c?A???O????~??No?@}??Fw n=24 c=6 b=4 nu_cut=4 good=48 nongen=[] mism=0
Y??????h~wJ[Yw{WJ[F[?C_A???I?????_??@?????^_?@}??B{??B{? n=26 c=7 b=4 nu_cut=4 good=53 nongen=[] mism=0
W????@vuveZoNo|_CG@????@G??I???????~??No?@}??Fw n=24 c=6 b=4 nu_cut=4 good=40 nongen=[] mism=0
S??F~z{~A_??Q???E??G??B{?No?^_?^_ n=20 c=4 b=4 nu_cut=4 good=34 nongen=[] mism=0
Y??????rZ{W{mW^O[[@v????A_?G????B???@_????^_?@}??B{??B{? n=26 c=7 b=4 nu_cut=4 good=51 nongen=[] mism=0
Y??????ZryQ{rW{g\SDf??_?@??@?AO??W????????^_?@}??B{??B{? n=26 c=7 b=4 nu_cut=4 good=54 nongen=[] mism=0
Y???D}}}e{\oO??_G????@????A???g???Av??fo?By??Vo??~???Zo? n=26 c=5 b=6 nu_cut=4 good=46 nongen=[] mism=0
U???Fn]}fw^O?_@?E?CG????_???Fw?Fw?B{??~? n=22 c=5 b=4 nu_cut=4 good=40 nongen=[] mism=0
W??F~z{~??A????????O?h?@O???\W?^O?Js?B\??]o?@y_ n=24 c=4 b=6 nu_cut=4 good=45 nongen=[] mism=0
Y???F^mnb{VoO???@????_?A??@_??G???@^??}O?Fq??Zo??to??]o? n=26 c=5 b=6 nu_cut=4 good=34 nongen=[] mism=0
S??F~z{~B?S???B??_????B{?No?^_?^_ n=20 c=4 b=4 nu_cut=4 good=33 nongen=[] mism=0
W????A|{t]\oVovO@??a?D?@??@????????~??No?@}??Fw n=24 c=6 b=4 nu_cut=4 good=48 nongen=[] mism=0
U???E~m}fk^OH??_H?C??G??????Fw?Fw?B{??~? n=22 c=5 b=4 nu_cut=4 good=35 nongen=[] mism=0
Y????B]~E]\g]o}O?OCG????O??_?@C???????Jw?@n??Fw??NW??Ng? n=26 c=6 b=5 nu_cut=4 good=53 nongen=[] mism=0
U???FvyzfwVoG??_A??G??_@C???Fw?Fw?B{??~? n=22 c=5 b=4 nu_cut=4 good=41 nongen=[] mism=0
Y????BtvfUTwnOloI?@??A?????_?AG???????Mw?@^??Fs??Fw??Ng? n=26 c=6 b=5 nu_cut=4 good=55 nongen=[] mism=0
S??F~z{~@O@_??G?G??_??B{?No?^_?^_ n=20 c=4 b=4 nu_cut=4 good=35 nongen=[] mism=0
W??F~z{~?OG???G?A?C??O??G???Uw?\o?Fw?Bj??^O?@y_ n=24 c=4 b=6 nu_cut=4 good=41 nongen=[] mism=0
W???E~u|b{^_??C??O?O?H_@???????D{?Bu??~??D{??]o n=24 c=5 b=5 nu_cut=4 good=35 nongen=[] mism=0
U???E|}vfkNoO?A_S????D??????Fw?Fw?B{??~? n=22 c=5 b=4 nu_cut=4 good=35 nongen=[] mism=0
Y??F~z{~?_O?A?????A?????_?E????Ys?MY?BJ_?Yw??mo??~??Az?? n=26 c=4 b=7 nu_cut=4 good=46 nongen=[] mism=0
Y??????l[|Yk|O]WRwE\???@_?AC??C??@_???????^_?@}??B{??B{? n=26 c=7 b=4 nu_cut=4 good=44 nongen=[] mism=0
W??F~z{~?O??C?o?E?@?????????Rw?]W?Mk?Br??[w??}_ n=24 c=4 b=6 nu_cut=4 good=40 nongen=[] mism=0
Y???F^{vd{ZoG?A_G??_???????_??G???A|??No?Dy??Mw??v_??zO? n=26 c=5 b=6 nu_cut=4 good=44 nongen=[] mism=0
W????B\\umVg}OroI?CC????g??O???????~??No?@}??Fw n=24 c=6 b=4 nu_cut=4 good=33 nongen=[] mism=0
U??F~z{~?G??G?_???F??O???Ng?]o?^O?Mw?B{? n=22 c=4 b=5 nu_cut=4 good=38 nongen=[] mism=0
Y???F^uvb{VoG???Q????O??Q??O??????Br??Vo?Em??^G??~???~?? n=26 c=5 b=6 nu_cut=4 good=49 nongen=[] mism=0
S??F~z{~@?P?C?O?I?????B{?No?^_?^_ n=20 c=4 b=4 nu_cut=4 good=34 nongen=[] mism=0
Y???Fny^e{^_??_??_C??A??C????B????@n??zO?Em??Zo??}_??jo? n=26 c=5 b=6 nu_cut=4 good=48 nongen=[] mism=0
S??F~z{~?_K???D??_@???B{?No?^_?^_ n=20 c=4 b=4 nu_cut=4 good=33 nongen=[] mism=0
Y????@vVuu^Ofo\o@_CA?G???????C???G????No?@}??D{??Fw??Lw? n=26 c=6 b=5 nu_cut=4 good=43 nongen=[] mism=0
W??F~z{~C?@?C?E?G????_??????Tw?Lw?I{?@v??]g?@N_ n=24 c=4 b=6 nu_cut=4 good=40 nongen=[] mism=0
W??F~z{~?O?_???????G?K?@O???Ng?Vo?Ms?@n??Ng?@|? n=24 c=4 b=6 nu_cut=4 good=39 nongen=[] mism=0
U??F~z{~CGG???_???@??W???No?Vo?Vo?Fw?B]? n=22 c=4 b=5 nu_cut=4 good=34 nongen=[] mism=0
U???Fvuzd{]oa?O??o?????@_???Fw?Fw?B{??~? n=22 c=5 b=4 nu_cut=4 good=35 nongen=[] mism=0
Y????@n{v[[wlonO??C??Q??G?????c??@????Ng?@n??D{??Mw??Mw? n=26 c=6 b=5 nu_cut=4 good=44 nongen=[] mism=0
Y??F~z{~@???I?S???????????A_???Xw?Ls?@r_?Tw??vO?BX_?Bw_? n=26 c=4 b=7 nu_cut=4 good=50 nongen=[] mism=0
U??F~z{~@?E?C???G??G?A???No?Vo?]o?Lw?A}? n=22 c=4 b=5 nu_cut=4 good=42 nongen=[] mism=0
Y????Azmr{YwNov_?g@???????@??C??@C????Lw??~??B{??No??Jw? n=26 c=6 b=5 nu_cut=4 good=48 nongen=[] mism=0
W????BN}Q}\WnO^_O_A_?K????C????????~??No?@}??Fw n=24 c=6 b=4 nu_cut=4 good=45 nongen=[] mism=0
U???F^m^fsVo__??A????c??g???Fw?Fw?B{??~? n=22 c=5 b=4 nu_cut=4 good=39 nongen=[] mism=0
W???Fzu~B{No??__@_B??C?????????Fs?B]??~??D{??\o n=24 c=5 b=5 nu_cut=4 good=42 nongen=[] mism=0
W???Fnm|fwNoO?__C??O?C?????O???D{?Bu??~??E{??Zo n=24 c=5 b=5 nu_cut=4 good=42 nongen=[] mism=0
Y??F~z{~A?O?C???C_?_??????A????]W?Jq?@N_?NS?@xO??~??BR_? n=26 c=4 b=7 nu_cut=4 good=45 nongen=[] mism=0
Y??F~z{~@O????O?H????C??O??????Us?Mi?@v??]c??mo?@m_?BT_? n=26 c=4 b=7 nu_cut=4 good=45 nongen=[] mism=0
W??F~z{~E_@?O?A??????@??????Lw?Jw?Ng?An??Jw?@]_ n=24 c=4 b=6 nu_cut=4 good=45 nongen=[] mism=0
W????A|fp}\WZoZoG_?_???A??@C?C?????~??No?@}??Fw n=24 c=6 b=4 nu_cut=4 good=33 nongen=[] mism=0
U???Fm}^fs]oP???D?CC?@??????Fw?Fw?B{??~? n=22 c=5 b=4 nu_cut=4 good=35 nongen=[] mism=0
U???B~mvfs]og?C_A?AO????????Fw?Fw?B{??~? n=22 c=5 b=4 nu_cut=4 good=40 nongen=[] mism=0
W????BN^d]ZWvOnOA?CC?@?@??@??A?????~??No?@}??Fw n=24 c=6 b=4 nu_cut=4 good=40 nongen=[] mism=0
Y??????Y~q\c\oYwR[@}?@_???????H??C_?_?????^_?@}??B{??B{? n=26 c=7 b=4 nu_cut=4 good=42 nongen=[] mism=0
U??F~z{~D?G?@???O??O?C???No?Zo?No?Fw?B{? n=22 c=4 b=5 nu_cut=4 good=36 nongen=[] mism=0
U???D}}ze{ZoG?g??oA?????O???Fw?Fw?B{??~? n=22 c=5 b=4 nu_cut=4 good=35 nongen=[] mism=0
Y???Fm}}f[]o??__???G????G?@_??_???An??{o?F[??VW??|O??^O? n=26 c=5 b=6 nu_cut=4 good=49 nongen=[] mism=0
S??F~z{~AGA?_?O?O?@???B{?No?^_?^_ n=20 c=4 b=4 nu_cut=4 good=35 nongen=[] mism=0
S??F~z{~??E?E?_?G?C???B{?No?^_?^_ n=20 c=4 b=4 nu_cut=4 good=34 nongen=[] mism=0
U??F~z{~??E?A???C?A??E???NW?^_?No?Mw?A}? n=22 c=4 b=5 nu_cut=4 good=40 nongen=[] mism=0
Y???Fnu~F[^O_?G?@O?O?@????????G???Bt??|_?E]??Jw??to??nO? n=26 c=5 b=6 nu_cut=4 good=49 nongen=[] mism=0
Y??F~z{~??C?C?A?W????A?@???????Vc?Je?BF_?Uk??^_?BF_?Be_? n=26 c=4 b=7 nu_cut=4 good=45 nongen=[] mism=0
W???F^{zd{VoC?A?G?@??c????A????E{?A}??|_?F[??Zo n=24 c=5 b=5 nu_cut=4 good=43 nongen=[] mism=0
Y??????xt]]cn_mgXk@z?O???_AC??_?@????_????^_?@}??B{??B{? n=26 c=7 b=4 nu_cut=4 good=50 nongen=[] mism=0
Y??????TxzJw}OZoX[E\?_????C??CC??C_?G?????^_?@}??B{??B{? n=26 c=7 b=4 nu_cut=4 good=44 nongen=[] mism=0
Y???B~]|d{^O????A????o_@_????C????Bu??|_?Bu??Uw??Vo??mo? n=26 c=5 b=6 nu_cut=4 good=51 nongen=[] mism=0
U??F~z{~??D?@???S??_?_???Lw?Vo?^_?NW?By? n=22 c=4 b=5 nu_cut=4 good=41 nongen=[] mism=0
U???F^m~E{^O??P??_?O?K?A????Fw?Fw?B{??~? n=22 c=5 b=4 nu_cut=4 good=36 nongen=[] mism=0
W???Fm}|d{^_O?C?@?E??A?????G???B{?A}??}_?F[??No n=24 c=5 b=5 nu_cut=4 good=42 nongen=[] mism=0
S??F~z{~C?G_??W??_@???B{?No?^_?^_ n=20 c=4 b=4 nu_cut=4 good=34 nongen=[] mism=0
Y??F~z{~A???A???A?@??@?@C??????]c?D]?B]??No?@{O??n_?@z?? n=26 c=4 b=7 nu_cut=4 good=46 nongen=[] mism=0
W???B~{|f[]o??@_C????_??W??C???Fw?@}??n_?Fs??\o n=24 c=5 b=5 nu_cut=4 good=43 nongen=[] mism=0
Y????BrnTm]o^_~????I??OA???C??S???????Ng?@^??F[??NW??Fw? n=26 c=6 b=5 nu_cut=4 good=48 nongen=[] mism=0
S??F~z{~??O_C?Q???CO??B{?No?^_?^_ n=20 c=4 b=4 nu_cut=4 good=34 nongen=[] mism=0
W???E}}|f[^OC?O????O?D????AC???Fk?B{??^_?Fk??^_ n=24 c=5 b=5 nu_cut=4 good=47 nongen=[] mism=0
W??F~z{~??K?O????????A?Ac???^G?Tw?Jk?B]??^_??~? n=24 c=4 b=6 nu_cut=4 good=45 nongen=[] mism=0
Y??F~z{~??O?????O?AO?O??G??_???Vc?Bu?By??T[?@jO?Bx??Bb_? n=26 c=4 b=7 nu_cut=4 good=53 nongen=[] mism=0
W?????~{uy]Wuo~?D??A?@?????G?B?????~??No?@}??Fw n=24 c=6 b=4 nu_cut=4 good=46 nongen=[] mism=0
W??F~z{~C?W?A?????@G?C??????Ng?]W?Ls?Az??Rw??v_ n=24 c=4 b=6 nu_cut=4 good=47 nongen=[] mism=0
U??F~z{~A_O?C?@??_???O???Ng?Zo?Zo?Jw?@}? n=22 c=4 b=5 nu_cut=4 good=35 nongen=[] mism=0
S??F~z{~?WG???H?O??O??B{?No?^_?^_ n=20 c=4 b=4 nu_cut=4 good=35 nongen=[] mism=0
W???D~yne{^O@?a?C?A??G??A??????F[?Bu??n_?E{??]o n=24 c=5 b=5 nu_cut=4 good=33 nongen=[] mism=0
W??F~z{~D???C?g??_?G????????]o?[w?Fk?Bj??Zo??n_ n=24 c=4 b=6 nu_cut=4 good=46 nongen=[] mism=0
Y???Fzu|d{^_Q??_C????A??O?????O????~??yo?Fe??Lw??}_??to? n=26 c=5 b=6 nu_cut=4 good=41 nongen=[] mism=0
Y???F^ynd{]oO_??O??O?A??C????@????@n??xo?Bu??Xw??{o??v_? n=26 c=5 b=6 nu_cut=4 good=44 nongen=[] mism=0
W???Fv]^e{]oO??_??C_?_??c??????Fs?@}??z_?Fw??Vo n=24 c=5 b=5 nu_cut=4 good=43 nongen=[] mism=0
S??F~z{~???_C?Q?C?@_??B{?No?^_?^_ n=20 c=4 b=4 nu_cut=4 good=34 nongen=[] mism=0
S??F~z{~?_G???g?P??_??B{?No?^_?^_ n=20 c=4 b=4 nu_cut=4 good=34 nongen=[] mism=0
U???E|}nd{^___C_??@??A?@????Fw?Fw?B{??~? n=22 c=5 b=4 nu_cut=4 good=36 nongen=[] mism=0
Y??????{muVKjo|_E{EN??????A???Q??o??AG????^_?@}??B{??B{? n=26 c=7 b=4 nu_cut=4 good=53 nongen=[] mism=0
Y??F~z{~????O?A?B??G???B???????No?LY?Bp_?\S?@n??@n???v_? n=26 c=4 b=7 nu_cut=4 good=52 nongen=[] mism=0
Y??????h|xUkvONg]SFU????G?AO??H??Q????????^_?@}??B{??B{? n=26 c=7 b=4 nu_cut=4 good=44 nongen=[] mism=0
W???F^{^d{No@???G?CO?C??A??C???F[?By??|_?D{??]o n=24 c=5 b=5 nu_cut=4 good=38 nongen=[] mism=0
U???B~mve{]oO?G????O?E??o???Fw?Fw?B{??~? n=22 c=5 b=4 nu_cut=4 good=40 nongen=[] mism=0
U??F~z{~??E?A?_?O??O?G???Lw?^_?Vo?Mw?B{? n=22 c=4 b=5 nu_cut=4 good=34 nongen=[] mism=0
U???F\}zfk]oC?E?K????C??C???Fw?Fw?B{??~? n=22 c=5 b=4 nu_cut=4 good=34 nongen=[] mism=0
W??F~z{~CO????A?O?A??@??C???Lw?^G?NK?BZ??No?@j_ n=24 c=4 b=6 nu_cut=4 good=40 nongen=[] mism=0
W??F~z{~?OO???_???@G?@??G???Vg?^O?Ms?Bm??NW?@|? n=24 c=4 b=6 nu_cut=4 good=40 nongen=[] mism=0
S??F~z{~?G@_g?O?G?????B{?No?^_?^_ n=20 c=4 b=4 nu_cut=4 good=33 nongen=[] mism=0
W???B|}zfw]oA?C_?_C????A??A????E{?B]??^_?Fk??Vo n=24 c=5 b=5 nu_cut=4 good=42 nongen=[] mism=0
U??F~z{~@???E?C?C??O?O???Lw?\o?^O?NW?By? n=22 c=4 b=5 nu_cut=4 good=35 nongen=[] mism=0
U??F~z{~?OO???E?O_?_?????No?]o?No?Mw?Bm? n=22 c=4 b=5 nu_cut=4 good=39 nongen=[] mism=0
Y???Ft}}fwNo??A????G?D?A??A???G???Bu??yo?Dm??\g??|O??nO? n=26 c=5 b=6 nu_cut=4 good=41 nongen=[] mism=0
S??F~z{~CO?_??I?O?A???B{?No?^_?^_ n=20 c=4 b=4 nu_cut=4 good=35 nongen=[] mism=0
W???B~{vfkNo?__?C????@?@???o???Fw?Bu??n_?Fs??Zo n=24 c=5 b=5 nu_cut=4 good=43 nongen=[] mism=0
Y??F~z{~??@???O?A????K??G?@????VW?NI?A\_?No?@wo?Bd_?BN?? n=26 c=4 b=7 nu_cut=4 good=53 nongen=[] mism=0
Y???FzyzfsZoi????OA_????C?????????A|??}O?B]??Jw??jo??\o? n=26 c=5 b=6 nu_cut=4 good=46 nongen=[] mism=0
S??F~z{~????c?B??_D???B{?No?^_?^_ n=20 c=4 b=4 nu_cut=4 good=33 nongen=[] mism=0
W???D~y~D{^_E??_G??G?O??C??????F[?B{??^_?Fs??\o n=24 c=5 b=5 nu_cut=4 good=37 nongen=[] mism=0
Y??????vfw[kewxgNo@^??OAA????A@?????AO????^_?@}??B{??B{? n=26 c=7 b=4 nu_cut=4 good=52 nongen=[] mism=0
W????Av|Q}FwnOZoGO???S??a????C?????~??No?@}??Fw n=24 c=6 b=4 nu_cut=4 good=39 nongen=[] mism=0
Y???D~m^fk]oJ?_????????@G????C????@^??\o?Du??]W??z_??Vo? n=26 c=5 b=6 nu_cut=3 good=52 nongen=[] mism=0
Y????@^vb{^_Zo}O??D??CO?@??C?????@????No?@|??E{??NW??Jw? n=26 c=6 b=5 nu_cut=4 good=47 nongen=[] mism=0
W???Fu}^e{]o?_???_@??O??s??????Fs?B]??z_?D{??^O n=24 c=5 b=5 nu_cut=4 good=45 nongen=[] mism=0
W???Fvu^fk^OG__??_?G?A??O??????Fw?Bm??|_?B{??No n=24 c=5 b=5 nu_cut=4 good=42 nongen=[] mism=0
U??F~z{~?GA_??G?A?C??G???Mw?Zo?Vo?Jw?B{? n=22 c=4 b=5 nu_cut=4 good=41 nongen=[] mism=0
S??F~z{~??O_G?o?G??G??B{?No?^_?^_ n=20 c=4 b=4 nu_cut=4 good=34 nongen=[] mism=0
Y??????\nFVKzG\WRkFe???A@??g??C?@???A?????^_?@}??B{??B{? n=26 c=7 b=4 nu_cut=4 good=38 nongen=[] mism=0
U??F~z{~?_@???A??_A??K???Ng?^_?\o?Lw?By? n=22 c=4 b=5 nu_cut=4 good=35 nongen=[] mism=0
U??F~z{~C?G?@?O??_@??C???Fw?^_?No?Jw?B{? n=22 c=4 b=5 nu_cut=4 good=30 nongen=[] mism=0
W??F~z{~?O??_?E??????H??_???VW?Lw?Ls?Bt??\g??~? n=24 c=4 b=6 nu_cut=4 good=46 nongen=[] mism=0
Y????Br}P}NoVouoCO???@?B??C??C????????Fw?@z??B{??Mw??NW? n=26 c=6 b=5 nu_cut=4 good=44 nongen=[] mism=0
W???FnyzfsNo_?O?@?@O????C??C???Fs?B{??|_?F[??^O n=24 c=5 b=5 nu_cut=4 good=37 nongen=[] mism=0
Y???FzmvfsVo??G?O_?????@A?A???G???A^??uo?Fe??]o??}O??vO? n=26 c=5 b=6 nu_cut=4 good=54 nongen=[] mism=0
U???Fm}}e{Vo??@?G??G?c?@A???Fw?Fw?B{??~? n=22 c=5 b=4 nu_cut=4 good=39 nongen=[] mism=0
W??F~z{~?G??G?O?O?A??A?A????]W?Lw?Ls?Bu??]W??n_ n=24 c=4 b=6 nu_cut=4 good=41 nongen=[] mism=0
U???Fzunb{Vo?_g??????D?@A???Fw?Fw?B{??~? n=22 c=5 b=4 nu_cut=4 good=34 nongen=[] mism=0
W???F^u^fk\oO??????G?_??Q?@O???Fs?Bu??}_?Fw??^_ n=24 c=5 b=5 nu_cut=4 good=37 nongen=[] mism=0
Y??????^dmYwewsw[[Fq??G?G??G?@???G??Q?????^_?@}??B{??B{? n=26 c=7 b=4 nu_cut=4 good=36 nongen=[] mism=0
S??F~z{~??Q?_?G?I?@???B{?No?^_?^_ n=20 c=4 b=4 nu_cut=4 good=33 nongen=[] mism=0
Y??F~z{~??????E???@??Q?A???_???^C?NI?@m_?\K?@N_?Bj??Bk_? n=26 c=4 b=7 nu_cut=4 good=37 nongen=[] mism=0
S??F~z{~A?G?C?G?C??g??B{?No?^_?^_ n=20 c=4 b=4 nu_cut=4 good=34 nongen=[] mism=0
Y??F~z{~??????a???@G?_????@G???T[?Bu?B\??ZW?@m_?Bm??Bb_? n=26 c=4 b=7 nu_cut=4 good=50 nongen=[] mism=0
Y????AvzUmNguo~?GG???G??_??G??C??A????Mw?@|??B{??Lw??Ng? n=26 c=6 b=5 nu_cut=4 good=49 nongen=[] mism=0
Y??F~z{~@???g?A??????O??C?A????Lk?D{??}_?Zo??fo?B{??Br?? n=26 c=4 b=7 nu_cut=4 good=38 nongen=[] mism=0
Y??F~z{~?OC?O?A???@?????O?C????Fs?Fi?Bj??\g?@x_?AN_?@\_? n=26 c=4 b=7 nu_cut=4 good=54 nongen=[] mism=0
U??F~z{~@?K???@?H????C???Jw?No?^O?NW?Bu? n=22 c=4 b=5 nu_cut=4 good=41 nongen=[] mism=0
S??F~z{~?G@???E??_A_??B{?No?^_?^_ n=20 c=4 b=4 nu_cut=4 good=33 nongen=[] mism=0
Y???Fnu}fwVoQ?_?C??C???@???G??????BZ??zO?Eu??Vo??^O??]o? n=26 c=5 b=6 nu_cut=4 good=44 nongen=[] mism=0
U???D|}|d{Zo??O????W?Q?AO???Fw?Fw?B{??~? n=22 c=5 b=4 nu_cut=4 good=39 nongen=[] mism=0
Y??????l\uL[z_foZSBm?CG???A??????C_?GO????^_?@}??B{??B{? n=26 c=7 b=4 nu_cut=4 good=53 nongen=[] mism=0
S??F~z{~E?O???B?@?A???B{?No?^_?^_ n=20 c=4 b=4 nu_cut=4 good=33 nongen=[] mism=0
Y???B~uvb{Zo????C????H??A?B??C????B\??}_?Ey??Xw??lo??lo? n=26 c=5 b=6 nu_cut=4 good=44 nongen=[] mism=0
S??F~z{~?_D?O???@_@???B{?No?^_?^_ n=20 c=4 b=4 nu_cut=4 good=35 nongen=[] mism=0
W??F~z{~?_??b???C?@??O??????Jw?Mw?Lk?Bt??Ng?@j_ n=24 c=4 b=6 nu_cut=4 good=33 nongen=[] mism=0
Y????@^zey]gxo]oP?C??G????@???K???????Mw?@^??B{??No??Ng? n=26 c=6 b=5 nu_cut=4 good=53 nongen=[] mism=0
Y??F~z{~?_C?B???@??????AC??????Xk?C}?Bt??]W??vO?A]_?Au_? n=26 c=4 b=7 nu_cut=4 good=53 nongen=[] mism=0
W???Fv{zf[NoC??_?_A??_????@G???D{?B{??z_?E{??Vo n=24 c=5 b=5 nu_cut=4 good=38 nongen=[] mism=0
U??F~z{~?GC?A?@?S??_?????Jw?^_?]o?NW?B]? n=22 c=4 b=5 nu_cut=4 good=41 nongen=[] mism=0
Y???E~{ze{^_G???@??C?O??A?C???_???@z??\o?Fs??\g??to??Zo? n=26 c=5 b=6 nu_cut=4 good=43 nongen=[] mism=0
W????Azjr{Lw^_z_OG?????@@??G?C_????~??No?@}??Fw n=24 c=6 b=4 nu_cut=4 good=40 nongen=[] mism=0
Y???D}}|fk^_????A??O?A?????[?A????Av??~??A}??\o??zO??nO? n=26 c=5 b=6 nu_cut=4 good=46 nongen=[] mism=0
Y??????\vMNougz_NKCv?@G?_??A??g??????O????^_?@}??B{??B{? n=26 c=7 b=4 nu_cut=4 good=45 nongen=[] mism=0
U??F~z{~??O???_?K_@_?????NW?]o?Zo?Ng?By? n=22 c=4 b=5 nu_cut=3 good=38 nongen=[] mism=0
W????Bmnc}\Wjov_?G?_?W??C????AA????~??No?@}??Fw n=24 c=6 b=4 nu_cut=4 good=40 nongen=[] mism=0
W??F~z{~??@?@???A??_?g??_???No?]W?Lk?Bl??Vg?@y_ n=24 c=4 b=6 nu_cut=4 good=47 nongen=[] mism=0
U???B~u~D{^___A_G?A?????G???Fw?Fw?B{??~? n=22 c=5 b=4 nu_cut=4 good=39 nongen=[] mism=0
Y???B~]^fsVo????Q??O?_?A??@???C???BZ??{o?D{??Lw??uo??~?? n=26 c=5 b=6 nu_cut=4 good=49 nongen=[] mism=0
U??F~z{~A???O?C?@??G?E???Lw?^O?\o?No?Bu? n=22 c=4 b=5 nu_cut=4 good=41 nongen=[] mism=0
Y???B~y|fw\o??????@??D??Q?A??C????Bf??z_?Fe??Vg??n_??}_? n=26 c=5 b=6 nu_cut=4 good=49 nongen=[] mism=0
Y??F~z{~?GO?W???C???????C?C????W{?G}??}_?]S?@Z_?B\???v_? n=26 c=4 b=7 nu_cut=4 good=37 nongen=[] mism=0
Y???F^]vfw^_G????O??????C?B??CC???BZ??n_?Ey??Vo??uo??^O? n=26 c=5 b=6 nu_cut=4 good=48 nongen=[] mism=0
Y??F~z{~?GG???G???C??O??C?@????Nc?Iy?A^??T[?@jO?Az??@|?? n=26 c=4 b=7 nu_cut=4 good=46 nongen=[] mism=0
W??F~z{~CGT?????A????@??????Zg?Rw?F[?@n??Tw?@]_ n=24 c=4 b=6 nu_cut=4 good=45 nongen=[] mism=0
W??F~z{~A?A?@?A?C_???G??????Lw?Uw?L[?B\??Jw?@r_ n=24 c=4 b=6 nu_cut=4 good=41 nongen=[] mism=0
W??F~z{~?_G???E?C????g??????Rw?Tw?Js?B\??[w??|_ n=24 c=4 b=6 nu_cut=4 good=39 nongen=[] mism=0
S??F~z{~C?S?W?S???????B{?No?^_?^_ n=20 c=4 b=4 nu_cut=4 good=32 nongen=[] mism=0
S??F~z{~@O?_Q?W???????B{?No?^_?^_ n=20 c=4 b=4 nu_cut=4 good=33 nongen=[] mism=0
W???Fvm}d{^_??A?COA??D??O??????E{?Bu??n_?F[??\o n=24 c=5 b=5 nu_cut=4 good=37 nongen=[] mism=0
W??F~z{~A???Q?G????????Ag???\o?Zo?Mw?BZ??Lw?@m_ n=24 c=4 b=6 nu_cut=4 good=39 nongen=[] mism=0
U??F~z{~??C???I??_?G?E???No?Vo?]o?Jw?Bm? n=22 c=4 b=5 nu_cut=4 good=34 nongen=[] mism=0
S??F~z{~CG??W?S????_??B{?No?^_?^_ n=20 c=4 b=4 nu_cut=4 good=33 nongen=[] mism=0
Y????Btluy[w}_yo@O?G?O?????_??c???????Fw?@|??Fs??No??Jw? n=26 c=6 b=5 nu_cut=4 good=49 nongen=[] mism=0
Y??????^_~[[kw^OXwBu?_???_@??A@??K????????^_?@}??B{??B{? n=26 c=7 b=4 nu_cut=4 good=45 nongen=[] mism=0
Y??????[zNVKNgn_L[E{?@O?O??Q?C@???????????^_?@}??B{??B{? n=26 c=7 b=4 nu_cut=4 good=46 nongen=[] mism=0
S??F~z{~A?W?B?c???????B{?No?^_?^_ n=20 c=4 b=4 nu_cut=4 good=33 nongen=[] mism=0
S??F~z{~?_P???H????W??B{?No?^_?^_ n=20 c=4 b=4 nu_cut=4 good=34 nongen=[] mism=0
S??F~z{~C_E?_?@????G??B{?No?^_?^_ n=20 c=4 b=4 nu_cut=4 good=33 nongen=[] mism=0
W??F~z{~?O??G???C??o?_?@????]W?]o?NW?BZ??VW??}_ n=24 c=4 b=6 nu_cut=4 good=41 nongen=[] mism=0
U??F~z{~?O????[?C??g?????Ng?Zo?\o?Fw?Bm? n=22 c=4 b=5 nu_cut=4 good=37 nongen=[] mism=0
W????@vts}JwxomoG?AO?_??O?C??@?????~??No?@}??Fw n=24 c=6 b=4 nu_cut=4 good=34 nongen=[] mism=0
Y??F~z{~@?@????????G?B??_?C????Zc?Lk?@|??Ng?@]O?Ar_?@n?? n=26 c=4 b=7 nu_cut=4 good=45 nongen=[] mism=0
Y????Burq}NW}_]o?????C??@?@O?C???c????Lw?@v??B{??NW??No? n=26 c=6 b=5 nu_cut=4 good=42 nongen=[] mism=0
Y??F~z{~????@?O??_@??E????C????^O?Je?@\_?[w??mo?Af_?Bp_? n=26 c=4 b=7 nu_cut=4 good=53 nongen=[] mism=0
Y???F^m^fkVo@?O?G?????_?_??o??????@}??to?Du??^G??~???Zo? n=26 c=5 b=6 nu_cut=4 good=50 nongen=[] mism=0
U???E~mzfs]o__H?@??????@O???Fw?Fw?B{??~? n=22 c=5 b=4 nu_cut=4 good=36 nongen=[] mism=0
U???Fvu~D{VoO?@???A??O_?E???Fw?Fw?B{??~? n=22 c=5 b=4 nu_cut=3 good=38 nongen=[] mism=0
S??F~z{~?_G?S?_?C_????B{?No?^_?^_ n=20 c=4 b=4 nu_cut=4 good=34 nongen=[] mism=0
Y???Fny^b{^O_?_?C??????@???G?CC???B]??Zo?Fs??Xw??|O??lo? n=26 c=5 b=6 nu_cut=4 good=47 nongen=[] mism=0
W????Blmv[No{omo?_AG?@??@????A_????~??No?@}??Fw n=24 c=6 b=4 nu_cut=4 good=45 nongen=[] mism=0
Y???Fn{}fs]o??A????G??_?_??W?C????Bf??}_?C}??Vg??}O??nO? n=26 c=5 b=6 nu_cut=4 good=49 nongen=[] mism=0
S??F~z{~E?@_o?A???????B{?No?^_?^_ n=20 c=4 b=4 nu_cut=4 good=32 nongen=[] mism=0
S??F~z{~@_Q?O?O????O??B{?No?^_?^_ n=20 c=4 b=4 nu_cut=4 good=34 nongen=[] mism=0
W???E~{}f[\oK???@??C?_??A?@????F[?A}??}_?B{??\o n=24 c=5 b=5 nu_cut=4 good=38 nongen=[] mism=0
Y??F~z{~??A?O?C??_C????@??C????M[?Hy?Ay_?Us?@qo?Bf??BN?? n=26 c=4 b=7 nu_cut=4 good=46 nongen=[] mism=0
Y??F~z{~??E?G??????G???B???G???Zo?Hu??n_?Rw?@lO?Bu??By?? n=26 c=4 b=7 nu_cut=4 good=38 nongen=[] mism=0
W???Fl}|b{Zo_???C??o?G??E??????Fs?Bu??~??B{??\o n=24 c=5 b=5 nu_cut=4 good=36 nongen=[] mism=0
Y??F~z{~@_G???????CW???????O???VS?D{?Bb_?Ts??|_?@x_?Bf?? n=26 c=4 b=7 nu_cut=4 good=49 nongen=[] mism=0
S??F~z{~?OA?C?o?H?????B{?No?^_?^_ n=20 c=4 b=4 nu_cut=4 good=33 nongen=[] mism=0
U???Fl}}d{Zo_?_??O@_?O??_???Fw?Fw?B{??~? n=22 c=5 b=4 nu_cut=4 good=41 nongen=[] mism=0
W????@|lrmJw~?vOGO???G_A???A?@?????~??No?@}??Fw n=24 c=6 b=4 nu_cut=4 good=40 nongen=[] mism=0
W??F~z{~??A???a?O??G????g???Tw?Vg?NW?Az??\o??}_ n=24 c=4 b=6 nu_cut=4 good=40 nongen=[] mism=0
U??F~z{~??B?A?@??_@??G???Lw?\o?^_?Fw?A}? n=22 c=4 b=5 nu_cut=4 good=40 nongen=[] mism=0
U??F~z{~???_A?C?K??O?O???NW?No?^_?Lw?B]? n=22 c=4 b=5 nu_cut=4 good=36 nongen=[] mism=0
W????@|truFwuoxoP?C??o????????c????~??No?@}??Fw n=24 c=6 b=4 nu_cut=4 good=45 nongen=[] mism=0
Y????Bltvq]WZo}O?_?_?C??A?????C?AG????Mw?@}??B{??Fw??No? n=26 c=6 b=5 nu_cut=4 good=41 nongen=[] mism=0
Y????B{]vsRw|O^O?O?O???@@?@G?????@????Ng?@z??B{??Mw??Jw? n=26 c=6 b=5 nu_cut=4 good=48 nongen=[] mism=0
W????@znUuNWn_v_?o??????D?E???A????~??No?@}??Fw n=24 c=6 b=4 nu_cut=4 good=45 nongen=[] mism=0
Y????@|]tm]guoxo@?C???_???A??@o???????Jw?@|??F[??Fw??Ng? n=26 c=6 b=5 nu_cut=4 good=52 nongen=[] mism=0
Y??????]mNNo\WTwS{Dy?_??G??O??_?A_???O????^_?@}??B{??B{? n=26 c=7 b=4 nu_cut=4 good=53 nongen=[] mism=0
Y??????zVeVgiw]WRwDl?O??O_?C??G??K????????^_?@}??B{??B{? n=26 c=7 b=4 nu_cut=4 good=38 nongen=[] mism=0
S??F~z{~??A_C?H???D???B{?No?^_?^_ n=20 c=4 b=4 nu_cut=4 good=32 nongen=[] mism=0
U??F~z{~C?G???E??_???K???No?No?\o?Fw?B{? n=22 c=4 b=5 nu_cut=4 good=36 nongen=[] mism=0
U??F~z{~A_????@?W?@??A???Lw?^_?]o?Fw?A}? n=22 c=4 b=5 nu_cut=4 good=42 nongen=[] mism=0
Y????B]NruRw]o|_?G?G?O??K?C??A????????NW?@n??D{??Jw??Mw? n=26 c=6 b=5 nu_cut=4 good=43 nongen=[] mism=0
W???D~m|f[^O_?O?A??_????G??W???B{?B{??^_?Fs??^O n=24 c=5 b=5 nu_cut=4 good=36 nongen=[] mism=0
U???Fv]^fsNoB?G_?????_??S???Fw?Fw?B{??~? n=22 c=5 b=4 nu_cut=4 good=35 nongen=[] mism=0
W????BN|byVofovO???C?G?@???a??Q????~??No?@}??Fw n=24 c=6 b=4 nu_cut=4 good=41 nongen=[] mism=0
Y??????}Vk\KNWbwL[Ej?GG???CO??C?@???@?????^_?@}??B{??B{? n=26 c=7 b=4 nu_cut=4 good=46 nongen=[] mism=0
S??F~z{~?G@?A?`?G?@???B{?No?^_?^_ n=20 c=4 b=4 nu_cut=4 good=35 nongen=[] mism=0
Y?????~zUyVg\oyo@??C??_@C?????_??_????Ng?@v??Fs??Jw??Mw? n=26 c=6 b=5 nu_cut=4 good=49 nongen=[] mism=0
Y???Fn{}b{NoF?????E??G??A?????????@v??Zo?F[??Fw??yo??mo? n=26 c=5 b=6 nu_cut=4 good=46 nongen=[] mism=0
Y??F~z{~?G??Q???S????G????C????Xs?Ls?@u_?Fk?@j_?Bp_?Bb_? n=26 c=4 b=7 nu_cut=4 good=52 nongen=[] mism=0
W????BxrryFwrov_AO@??H????@???_????~??No?@}??Fw n=24 c=6 b=4 nu_cut=4 good=44 nongen=[] mism=0
Y??????nQvUk}GpwM[Fp?O??E??C?@??AA????????^_?@}??B{??B{? n=26 c=7 b=4 nu_cut=4 good=43 nongen=[] mism=0
S??F~z{~@_G???C?O_A???B{?No?^_?^_ n=20 c=4 b=4 nu_cut=4 good=33 nongen=[] mism=0
U???Fz]|d{NoG?E?O_A????A????Fw?Fw?B{??~? n=22 c=5 b=4 nu_cut=4 good=41 nongen=[] mism=0
W??F~z{~C_G?_??????G???@O???Ng?Jw?Lk?Bm??ZW?@^? n=24 c=4 b=6 nu_cut=4 good=40 nongen=[] mism=0
S??F~z{~AG????I?A?AO??B{?No?^_?^_ n=20 c=4 b=4 nu_cut=4 good=34 nongen=[] mism=0
Y??????rs|K{mWz_\oEu??W?@????AG??O_???????^_?@}??B{??B{? n=26 c=7 b=4 nu_cut=4 good=44 nongen=[] mism=0
S??F~z{~?OS?@?@?C?A???B{?No?^_?^_ n=20 c=4 b=4 nu_cut=4 good=35 nongen=[] mism=0
Y??F~z{~???_??D????O?o????C????VW?B{?BM_?R[?@qo?Bh_?B\?? n=26 c=4 b=7 nu_cut=4 good=52 nongen=[] mism=0
S??F~z{~?OQ?_?A?C??_??B{?No?^_?^_ n=20 c=4 b=4 nu_cut=4 good=35 nongen=[] mism=0
U???Fz]zd{^O?_A????G?O_B????Fw?Fw?B{??~? n=22 c=5 b=4 nu_cut=4 good=41 nongen=[] mism=0
Y????BZlru^GvO~????C???@???W??G?A_????Jw?@|??Fk??No??Ng? n=26 c=6 b=5 nu_cut=4 good=44 nongen=[] mism=0
W????@z|R]Ywn_uoAOCO?GO???????G????~??No?@}??Fw n=24 c=6 b=4 nu_cut=4 good=48 nongen=[] mism=0
Y???E~{|fwVoO??_?????B?????_?E????@z??|O?Fk??Lw??nO??|_? n=26 c=5 b=6 nu_cut=4 good=49 nongen=[] mism=0
U???E}}}fkNoQ???E?C??G??G???Fw?Fw?B{??~? n=22 c=5 b=4 nu_cut=4 good=40 nongen=[] mism=0
U??F~z{~?GG?C?_???A??K???Fw?]o?^O?No?By? n=22 c=4 b=5 nu_cut=4 good=36 nongen=[] mism=0
W??F~z{~?WO_????A?@?????O???Vo?NW?F[?A}??^G?@j_ n=24 c=4 b=6 nu_cut=4 good=46 nongen=[] mism=0
W????@|}UmMwn_n_O??C??O???CA??W????~??No?@}??Fw n=24 c=6 b=4 nu_cut=4 good=46 nongen=[] mism=0
U???F^uze{VoC?G?C????@_AG???Fw?Fw?B{??~? n=22 c=5 b=4 nu_cut=4 good=34 nongen=[] mism=0
Y??????^`^\gqw{W^CDr??g?O?????A?AC??C?????^_?@}??B{??B{? n=26 c=7 b=4 nu_cut=4 good=38 nongen=[] mism=0
S??F~z{~A?K?G?C??_C???B{?No?^_?^_ n=20 c=4 b=4 nu_cut=4 good=36 nongen=[] mism=0
U???Fl}^e{Vo???_W?A??_??c???Fw?Fw?B{??~? n=22 c=5 b=4 nu_cut=4 good=40 nongen=[] mism=0
S??F~z{~??@?Q???Q?C_??B{?No?^_?^_ n=20 c=4 b=4 nu_cut=4 good=32 nongen=[] mism=0
U???D|}}fs]oK?P?O????A??G???Fw?Fw?B{??~? n=22 c=5 b=4 nu_cut=4 good=35 nongen=[] mism=0
Y???B}}^e{\o`?W?????????_?CO??????B{??No?Du??No??lo??^O? n=26 c=5 b=6 nu_cut=4 good=53 nongen=[] mism=0
W??F~z{~????_?@?E?C?????S???[w?Zo?L[?By??\W?@v? n=24 c=4 b=6 nu_cut=4 good=39 nongen=[] mism=0
U??F~z{~A?O???A?@?C??K???No?^O?Vo?No?Bm? n=22 c=4 b=5 nu_cut=4 good=40 nongen=[] mism=0
Y??F~z{~?G??C?A?H?C?????_??????ZW?MY?AV_?H{?@jO??|_?Az?? n=26 c=4 b=7 nu_cut=4 good=46 nongen=[] mism=0
U???B|}}e{^OC???D????`??a???Fw?Fw?B{??~? n=22 c=5 b=4 nu_cut=4 good=35 nongen=[] mism=0
W????A}xt]^_zO{oG_?_??O?@??C??O????~??No?@}??Fw n=24 c=6 b=4 nu_cut=4 good=40 nongen=[] mism=0
Y???B}}^fk\o????K??O?_??O??C?C????@z??Zo?FM??Zo??vO??~?? n=26 c=5 b=6 nu_cut=4 good=55 nongen=[] mism=0
Y??F~z{~@?A?O?@?I?????????C????\S?Mw?BV??Fs??ro?@V_?At_? n=26 c=4 b=7 nu_cut=4 good=54 nongen=[] mism=0
S??F~z{~AG@???_?D??G??B{?No?^_?^_ n=20 c=4 b=4 nu_cut=4 good=34 nongen=[] mism=0
U??F~z{~?gA?_?_?C?A??????Fw?^_?\o?Lw?Bm? n=22 c=4 b=5 nu_cut=4 good=36 nongen=[] mism=0
W????Bxyr{^_]o|_?g?A?C??E??C???????~??No?@}??Fw n=24 c=6 b=4 nu_cut=4 good=46 nongen=[] mism=0
Y????AvnU]^Oyouo?????G??K?B??????B????NW?@|??Fw??Mw??NW? n=26 c=6 b=5 nu_cut=4 good=48 nongen=[] mism=0
U??F~z{~?_B?A?O?G????_???Fw?No?\o?Mw?A}? n=22 c=4 b=5 nu_cut=4 good=30 nongen=[] mism=0
U??F~z{~?GC?C?_?S??G?????NW?]o?\o?Ng?B{? n=22 c=4 b=5 nu_cut=4 good=41 nongen=[] mism=0
U???B|}}e{^_P???@_D?????O???Fw?Fw?B{??~? n=22 c=5 b=4 nu_cut=4 good=36 nongen=[] mism=0
U???Fzu^fwNoD?G???E??_??A???Fw?Fw?B{??~? n=22 c=5 b=4 nu_cut=4 good=35 nongen=[] mism=0
Y???Fvuvf[ZoG?O?S?????_?O?????_???A|??uo?Du??Yw??n_??]o? n=26 c=5 b=6 nu_cut=4 good=42 nongen=[] mism=0
S??F~z{~?_??a?D?C_????B{?No?^_?^_ n=20 c=4 b=4 nu_cut=4 good=33 nongen=[] mism=0
U???D~{|fkZo??a????C?K?@A???Fw?Fw?B{??~? n=22 c=5 b=4 nu_cut=4 good=35 nongen=[] mism=0
W???Fm}|e{VoC??_K????G??K??????Fs?By??|_?E{??Vo n=24 c=5 b=5 nu_cut=4 good=37 nongen=[] mism=0
W??F~z{~??C?A?P??????E??_???\o?Vg?L[?BZ??^G?@u_ n=24 c=4 b=6 nu_cut=4 good=45 nongen=[] mism=0
Y??????Vt\^Obw|O]KBu?@G?o????AC??C????????^_?@}??B{??B{? n=26 c=7 b=4 nu_cut=4 good=44 nongen=[] mism=0
Y????@}ms}ZojoyoI????W??O????B????????Jw??~??Fs??Lw??Mw? n=26 c=6 b=5 nu_cut=3 good=49 nongen=[] mism=0
Y???Fvuzb{]o??I?@?A??A??C??_??????Av??fo?Dm??^G??|O??yo? n=26 c=5 b=6 nu_cut=4 good=49 nongen=[] mism=0
U???E~mvd{]oA?a?G_????_?_???Fw?Fw?B{??~? n=22 c=5 b=4 nu_cut=4 good=35 nongen=[] mism=0
Y??????MzV[sv_ewZgFY?CO????G??G??o??O?????^_?@}??B{??B{? n=26 c=7 b=4 nu_cut=4 good=52 nongen=[] mism=0
W???B~yvfw^O?_????@O?__?c??????F[?B{??^_?Fk??^O n=24 c=5 b=5 nu_cut=4 good=41 nongen=[] mism=0
W??F~z{~EG??C?@?P???????????Zo?\W?F[?@}??Zg??z_ n=24 c=4 b=6 nu_cut=4 good=43 nongen=[] mism=0
W????@vzUu]Wxon_@?A_?A?????g?C?????~??No?@}??Fw n=24 c=6 b=4 nu_cut=4 good=46 nongen=[] mism=0
U???D~]^e{VoO?O??_?_?O??g???Fw?Fw?B{??~? n=22 c=5 b=4 nu_cut=4 good=34 nongen=[] mism=0
Y??????yns[kxWv_FkB\????D?????`??A??AO????^_?@}??B{??B{? n=26 c=7 b=4 nu_cut=4 good=46 nongen=[] mism=0
U??F~z{~C?K?c??????G?A???NW?^_?Vo?Lw?B]? n=22 c=4 b=5 nu_cut=4 good=41 nongen=[] mism=0
W???Fv{vfk\oG??_?????J?A??A????Fk?Bu??v_?F[??^_ n=24 c=5 b=5 nu_cut=4 good=45 nongen=[] mism=0
S??F~z{~??S?_?C?A?B???B{?No?^_?^_ n=20 c=4 b=4 nu_cut=4 good=33 nongen=[] mism=0
W????@|{uuZWn_^_H??G??O?_?@???C????~??No?@}??Fw n=24 c=6 b=4 nu_cut=4 good=40 nongen=[] mism=0
Y??????yvJZSugvOW{@z?CO?I??_?@???????_????^_?@}??B{??B{? n=26 c=7 b=4 nu_cut=4 good=44 nongen=[] mism=0
Y????B\vTm]gyomo?_?G?O?@G??O?????A????Jw?@v??F[??No??Jw? n=26 c=6 b=5 nu_cut=4 good=44 nongen=[] mism=0
Y????BZZq}NonO{oO?@??@?AA??_?C????????NW??~??F[??Fw??No? n=26 c=6 b=5 nu_cut=4 good=50 nongen=[] mism=0
Y???Fn]}d{]oG?A????_?H????A??C????BN??~??FY??Jw??lo??\o? n=26 c=5 b=6 nu_cut=4 good=50 nongen=[] mism=0
W??F~z{~??@???C???A_?O?A_???\W?\g?No?B]??VW?@\_ n=24 c=4 b=6 nu_cut=4 good=46 nongen=[] mism=0
W??F~z{~?OC?@?@?I????O??????Zo?Tw?Ls?@v??]o??v_ n=24 c=4 b=6 nu_cut=4 good=47 nongen=[] mism=0
Y?????~nVs[w~?]o?O????O?@??O?CG??C????Mw?@}??D{??Ng??NW? n=26 c=6 b=5 nu_cut=4 good=55 nongen=[] mism=0
W??F~z{~?G????B???E_????G???[w?]g?Ng?Bj??\W??~? n=24 c=4 b=6 nu_cut=3 good=46 nongen=[] mism=0
Y???B~y^fk^OB???A??????@??DC??????@|??]o?By??\g??xo??to? n=26 c=5 b=6 nu_cut=4 good=44 nongen=[] mism=0
Y???Fzu^e{]o??_????O?@?A??AO??C???A|??\o?F[??^G??jo??fo? n=26 c=5 b=6 nu_cut=4 good=49 nongen=[] mism=0
S??F~z{~C?A_a?A????G??B{?No?^_?^_ n=20 c=4 b=4 nu_cut=4 good=33 nongen=[] mism=0
U???D~]|fwZoS?????@C?G?@C???Fw?Fw?B{??~? n=22 c=5 b=4 nu_cut=4 good=39 nongen=[] mism=0
Y??F~z{~C???H?O?B?????????@????Jk?G}?@N_?Uw?@\_?@f_?Bu?? n=26 c=4 b=7 nu_cut=4 good=53 nongen=[] mism=0
W???Fv{}e{Zo?_?_S??????@G??G???E{?By??z_?D{??^_ n=24 c=5 b=5 nu_cut=4 good=36 nongen=[] mism=0
W????ByvR{Rwlo}OO??I???@??AA??C????~??No?@}??Fw n=24 c=6 b=4 nu_cut=4 good=47 nongen=[] mism=0
W??F~z{~??O?_???H_?_????_???Tw?Tw?J[?Bu??ZW?@x_ n=24 c=4 b=6 nu_cut=4 good=39 nongen=[] mism=0
Y??????j^k]oVg{WUwEu????A_A??????__?B?????^_?@}??B{??B{? n=26 c=7 b=4 nu_cut=4 good=46 nongen=[] mism=0
Y??F~z{~??O?A?A???C??G????A_???]c?Lw?A\_?NW?@VO?Bx??Bb_? n=26 c=4 b=7 nu_cut=4 good=52 nongen=[] mism=0
Y??????xZx\ougNWYkEV???A@??_??A??Q??@?????^_?@}??B{??B{? n=26 c=7 b=4 nu_cut=4 good=45 nongen=[] mism=0
W???Fnm|e{Zo??@?B??_?A????@O???E{?B{??|_?B{??^_ n=24 c=5 b=5 nu_cut=4 good=40 nongen=[] mism=0
Y????BNyve^OjonO?g@??O????A_??C???????Jw?@^??Fk??No??Fw? n=26 c=6 b=5 nu_cut=4 good=38 nongen=[] mism=0
W???Fvy~FkZo??A?@_?C?C??C??C???E{?Bm??v_?B{??]o n=24 c=5 b=5 nu_cut=4 good=48 nongen=[] mism=0
W????Bfndu\o}_nOA??A?O????AC??a????~??No?@}??Fw n=24 c=6 b=4 nu_cut=4 good=45 nongen=[] mism=0
W??F~z{~?_????@?G_???W??_???Yw?\g?Lw?@|??NW??z_ n=24 c=4 b=6 nu_cut=4 good=39 nongen=[] mism=0
Y??????NjxTktgwwVcEy?_??@??c?AO??????O????^_?@}??B{??B{? n=26 c=7 b=4 nu_cut=4 good=45 nongen=[] mism=0
U??F~z{~A?A?A?_?G??G?_???NW?No?]o?Lw?Bm? n=22 c=4 b=5 nu_cut=4 good=36 nongen=[] mism=0
U???Fvm|d{^O????H?@G?O??I???Fw?Fw?B{??~? n=22 c=5 b=4 nu_cut=4 good=35 nongen=[] mism=0
U??F~z{~@?C?E?@?A????@???NW?No?Zo?Fw?B{? n=22 c=4 b=5 nu_cut=4 good=35 nongen=[] mism=0
W???Ft}^d{^_A???O?@G?_?AC??????Fw?Bm??}_?B{??Vo n=24 c=5 b=5 nu_cut=4 good=46 nongen=[] mism=0
Y????BujvsUw}OmoGO?O????S?A??????G????Fw?@}??D{??Jw??Mw? n=26 c=6 b=5 nu_cut=4 good=44 nongen=[] mism=0
Y????A}yvMZg]o^OOO?Q?O???????@???C????Jw??~??F[??Ng??NW? n=26 c=6 b=5 nu_cut=4 good=56 nongen=[] mism=0
W??F~z{~??H?@?`?@????C??????Xw?Rw?Ms?A|??Yw?@]_ n=24 c=4 b=6 nu_cut=4 good=33 nongen=[] mism=0
Y????BtzRuUwuo^_?O?O?W_????O??_???????Fw?@v??Fk??Lw??Lw? n=26 c=6 b=5 nu_cut=4 good=53 nongen=[] mism=0
W???Fu}^fsNo??S??_?C?G??G?C????E{?B{??n_?E{??^_ n=24 c=5 b=5 nu_cut=4 good=27 nongen=[] mism=0
S??F~z{~@??_O?C?W??_??B{?No?^_?^_ n=20 c=4 b=4 nu_cut=4 good=35 nongen=[] mism=0
Y????BtnS}\WzOjo?OA??A_?_?????g???????Ng?@n??Fk??Jw??Ng? n=26 c=6 b=5 nu_cut=4 good=42 nongen=[] mism=0
U??F~z{~?W??A?O?C????P???Fw?^_?Zo?Lw?B{? n=22 c=4 b=5 nu_cut=4 good=35 nongen=[] mism=0
Y??F~z{~??????A??_C_?C??_??G???U[?J[?Bw_?Xs??uo?Bl??Bw_? n=26 c=4 b=7 nu_cut=4 good=45 nongen=[] mism=0
Y??????{vwLkYwdwUsBy?AGAO?AG??C???????????^_?@}??B{??B{? n=26 c=7 b=4 nu_cut=4 good=54 nongen=[] mism=0
S??F~z{~A???@?o?A_@???B{?No?^_?^_ n=20 c=4 b=4 nu_cut=4 good=34 nongen=[] mism=0
Y???Fl}ve{Vo_?????@??S?@???O??O???Br??No?B{??]g??\o??ro? n=26 c=5 b=6 nu_cut=4 good=43 nongen=[] mism=0
W??F~z{~??A?O?G?G_?_????_???Uw?[w?Jw?@}??Rw?@x_ n=24 c=4 b=6 nu_cut=4 good=40 nongen=[] mism=0
S??F~z{~D?@?P?B???????B{?No?^_?^_ n=20 c=4 b=4 nu_cut=4 good=33 nongen=[] mism=0
Y??????w|Z]olougLk@^??O??_???C_??G??@_????^_?@}??B{??B{? n=26 c=7 b=4 nu_cut=4 good=46 nongen=[] mism=0
W????@^jruXwyotoC?@??@??o??G??_????~??No?@}??Fw n=24 c=6 b=4 nu_cut=3 good=43 nongen=[] mism=0
W???D~ynf[^_G?D????G?C?@???C???F[?@}??v_?Fw??Vo n=24 c=5 b=5 nu_cut=4 good=43 nongen=[] mism=0
U??F~z{~?WG?H?S??????????Mw?Zo?No?Lw?@}? n=22 c=4 b=5 nu_cut=4 good=39 nongen=[] mism=0
Y??????\\rY[loZgXkDm?C_@???O??O?A???@?????^_?@}??B{??B{? n=26 c=7 b=4 nu_cut=4 good=53 nongen=[] mism=0
W???E~ynf[No????D????O?@O?@_???Fs?Bm??v_?Fw??^_ n=24 c=5 b=5 nu_cut=4 good=45 nongen=[] mism=0
U??F~z{~????I?M?O????@???Ng?\o?Vo?Mw?B]? n=22 c=4 b=5 nu_cut=4 good=38 nongen=[] mism=0
Y??????^dyTw^GTwP{EV???A?_?C?@A?????o?????^_?@}??B{??B{? n=26 c=7 b=4 nu_cut=4 good=53 nongen=[] mism=0
W??F~z{~???_G?S??????A??g???Tw?No?Ms?A^??Jw?@v? n=24 c=4 b=6 nu_cut=4 good=46 nongen=[] mism=0
Y??????|MmZSuoyoK{Dm?G??G??@?@???C??@G????^_?@}??B{??B{? n=26 c=7 b=4 nu_cut=4 good=45 nongen=[] mism=0
Y???Fnu^fw^OC??_P?A??_??C?????????BV??{o?D]??Lw??{o??ro? n=26 c=5 b=6 nu_cut=4 good=38 nongen=[] mism=0
W???D|}ve{]oO??_A?C??O??_??O???B{?@}??~??F[??\o n=24 c=5 b=5 nu_cut=4 good=33 nongen=[] mism=0
Y???B~m|fs]o@??????O?@?A_?C???C???Bf??|_?Bu??Yw??fo??}O? n=26 c=5 b=6 nu_cut=4 good=44 nongen=[] mism=0
S??F~z{~@OO_C?_??_????B{?No?^_?^_ n=20 c=4 b=4 nu_cut=4 good=34 nongen=[] mism=0
Y??F~z{~??????K?Q??G?O????@????T[?NW?@t_?R[?@Uo?Bp_?Bl?? n=26 c=4 b=7 nu_cut=4 good=45 nongen=[] mism=0
W???B|}nfk\o_?_???@??__@???G???Fk?By??z_?F[??]o n=24 c=5 b=5 nu_cut=4 good=39 nongen=[] mism=0
Y??F~z{~A?G?_?a????_???????O???Ng?@}?By??Vo?@do?Bb_?BM_? n=26 c=4 b=7 nu_cut=4 good=53 nongen=[] mism=0
W??F~z{~?G??E?G??????_?@_???Yw?Mw?Ls?@n??No?@n? n=24 c=4 b=6 nu_cut=4 good=40 nongen=[] mism=0
W????@^nbyRw^OtoS??A?G??A?@???C????~??No?@}??Fw n=24 c=6 b=4 nu_cut=4 good=38 nongen=[] mism=0
W??F~z{~?_?_G???G??O????W???Vo?NW?Js?@|??Uw?@n? n=24 c=4 b=6 nu_cut=4 good=41 nongen=[] mism=0
U??F~z{~????@?C?G?D??H???No?^O?Zo?Lw?A}? n=22 c=4 b=5 nu_cut=4 good=36 nongen=[] mism=0
W??F~z{~COC???C?H??G????????[w?Ng?E{?Av??VW??^_ n=24 c=4 b=6 nu_cut=4 good=41 nongen=[] mism=0
Y????Bf]tyZWroxoA?@??P????@??C???G????NW?@n??D{??Lw??NW? n=26 c=6 b=5 nu_cut=4 good=44 nongen=[] mism=0
U???Fnm}fkNoO?g?@????E??O???Fw?Fw?B{??~? n=22 c=5 b=4 nu_cut=4 good=40 nongen=[] mism=0
S??F~z{~?WC?`?G????O??B{?No?^_?^_ n=20 c=4 b=4 nu_cut=4 good=33 nongen=[] mism=0
Y??F~z{~@O????_???A??o??G??????M[?Mi?A^??Nc?@[o?A{_?@n?? n=26 c=4 b=7 nu_cut=4 good=51 nongen=[] mism=0
Y????Av~F[\g^_VoA??O????A?A???a??_????Fw?@|??F[??Ng??NW? n=26 c=6 b=5 nu_cut=4 good=49 nongen=[] mism=0
W??F~z{~??K?????A_@_????C???Uw?Rw?NK?Az??^O?@n? n=24 c=4 b=6 nu_cut=4 good=44 nongen=[] mism=0
U??F~z{~?o?_??Q??????S???Mw?Vo?Vo?Fw?B{? n=22 c=4 b=5 nu_cut=4 good=33 nongen=[] mism=0
Y???B~m|fs^_A?_?C_?S?_????????????A^??to?FU??Zg??Zo??n_? n=26 c=5 b=6 nu_cut=4 good=53 nongen=[] mism=0
W???Fu}~FkVo???_?O?_?`?@G??????Fk?A}??}_?B{??]o n=24 c=5 b=5 nu_cut=4 good=42 nongen=[] mism=0
Y???B~u^fk^O?????_@??A?AC?????S???B]??to?FU??^O??mo??v_? n=26 c=5 b=6 nu_cut=4 good=44 nongen=[] mism=0
Y???Fm}}b{Zo????@?C??[????A???C???@^??yo?Bm??]o??|O??zO? n=26 c=5 b=6 nu_cut=4 good=52 nongen=[] mism=0
W??F~z{~????G?@???Ag?O??G???]W?\o?Lk?Bm??\W?@y_ n=24 c=4 b=6 nu_cut=4 good=38 nongen=[] mism=0
S??F~z{~A_G?I?C?@?????B{?No?^_?^_ n=20 c=4 b=4 nu_cut=4 good=33 nongen=[] mism=0
Y????BNfvUUwnOyoG??_?O??_??O?A???A????Fw?@^??E{??Fw??Jw? n=26 c=6 b=5 nu_cut=4 good=38 nongen=[] mism=0
Y??????}JlZKv_joVcEr?@_????I?@@??A????????^_?@}??B{??B{? n=26 c=7 b=4 nu_cut=4 good=44 nongen=[] mism=0
Y??F~z{~CG?__?E??????A?????????Y[?By?BN??Mk??yo?Bj???n_? n=26 c=4 b=7 nu_cut=4 good=51 nongen=[] mism=0
Y????BVxtuNoz_|_??B????A???A??O??H????NW?@}??D{??Jw??Fw? n=26 c=6 b=5 nu_cut=4 good=54 nongen=[] mism=0
W??F~z{~CO??C?G??????E??_???Tw?Jw?I{?B{??]g??~? n=24 c=4 b=6 nu_cut=4 good=45 nongen=[] mism=0
Y???D~u}f[No??_??OA?????_??_??W???BN??~??D{??Zg??yo??n_? n=26 c=5 b=6 nu_cut=4 good=56 nongen=[] mism=0
U???D~u^f[\o??P?@O@?????W???Fw?Fw?B{??~? n=22 c=5 b=4 nu_cut=4 good=35 nongen=[] mism=0
W???FnyvfsZo?_g??????O??G?@G???B{?Bu??n_?F[??^_ n=24 c=5 b=5 nu_cut=4 good=43 nongen=[] mism=0
U??F~z{~?G@???A?W?A??_???NW?Vo?]o?Lw?By? n=22 c=4 b=5 nu_cut=4 good=41 nongen=[] mism=0
Y???E~u~FkVo??_?@?@C?A????@???G???B{??z_?FY??Fw??]o??to? n=26 c=5 b=6 nu_cut=4 good=55 nongen=[] mism=0
Y??????vJ]X[mW^_I{@^??_?O??@????B???`?????^_?@}??B{??B{? n=26 c=7 b=4 nu_cut=4 good=54 nongen=[] mism=0
W???D~yzb{^OC?A?G_@???_?C??????D{?By??^_?E{??^O n=24 c=5 b=5 nu_cut=4 good=43 nongen=[] mism=0
U??F~z{~??I?O?C??_C??_???Jw?]o?Vo?No?Bu? n=22 c=4 b=5 nu_cut=4 good=35 nongen=[] mism=0
Y????Br~FUYw|Ofo@_B??A??G?????G???????NW??~??D{??Mw??Fw? n=26 c=6 b=5 nu_cut=3 good=52 nongen=[] mism=0
W????@|VvqZW^Ov_OO@C?G????@A???????~??No?@}??Fw n=24 c=6 b=4 nu_cut=4 good=38 nongen=[] mism=0
S??F~z{~?OA_??G??_C_??B{?No?^_?^_ n=20 c=4 b=4 nu_cut=4 good=35 nongen=[] mism=0
Y??F~z{~??G_??_????G?I????C????Tk?Lw?Aj_?Jk?@}??Ax_?@v?? n=26 c=4 b=7 nu_cut=4 good=51 nongen=[] mism=0
Y???Fl}ze{VoI???A?@????????O??c???By??ro?F[??Fw??\o??~?? n=26 c=5 b=6 nu_cut=4 good=53 nongen=[] mism=0
Y???B~yvfw^_????C_???C??G?@C?C????Bt??v_?Fs??Zo??nO??uo? n=26 c=5 b=6 nu_cut=4 good=44 nongen=[] mism=0
Y??????rnYFw]WuoNgFJ???????@??D??c???g????^_?@}??B{??B{? n=26 c=7 b=4 nu_cut=3 good=50 nongen=[] mism=0
Y???Fv]zfs\o???_?_D??@?????_??O???Bj??z_?F[??Zg??|_??mo? n=26 c=5 b=6 nu_cut=4 good=43 nongen=[] mism=0
W???D|}~Fw\oA?O?A??c?@????@????B{?Bu??z_?Fs??\o n=24 c=5 b=5 nu_cut=4 good=43 nongen=[] mism=0
W????A^nem^_~?|O?G???G_@@??A??C????~??No?@}??Fw n=24 c=6 b=4 nu_cut=4 good=44 nongen=[] mism=0
S??F~z{~@_C?C?A???AO??B{?No?^_?^_ n=20 c=4 b=4 nu_cut=4 good=33 nongen=[] mism=0
U??F~z{~A?A_G???@??G?G???Fw?]o?^O?Jw?Bu? n=22 c=4 b=5 nu_cut=4 good=35 nongen=[] mism=0
Y???Fn]|fw^O@?A?C??o?A?@??????????BZ??v_?FM??Rw??^O??z_? n=26 c=5 b=6 nu_cut=4 good=45 nongen=[] mism=0
Y??????q~hUwzORwFwFX?CO???A???`?????c?????^_?@}??B{??B{? n=26 c=7 b=4 nu_cut=4 good=50 nongen=[] mism=0
U???Fvmzd{^OG?_?@O???C?@C???Fw?Fw?B{??~? n=22 c=5 b=4 nu_cut=4 good=30 nongen=[] mism=0
W???E~]nfs]oG?G_??C_?O??G??????D{?B]??z_?Fw??No n=24 c=5 b=5 nu_cut=4 good=48 nongen=[] mism=0
Y??F~z{~??@?_?????@??_??S??G???ZW?NQ?@|??VS??\o?B[_?Bh_? n=26 c=4 b=7 nu_cut=4 good=38 nongen=[] mism=0
Y??F~z{~A??_????G????_??O??g???Ng?JM?B[_?No?@u_?A^??BT_? n=26 c=4 b=7 nu_cut=4 good=45 nongen=[] mism=0
W????@}tvUXwfoz_@G@G?C??@????C?????~??No?@}??Fw n=24 c=6 b=4 nu_cut=4 good=34 nongen=[] mism=0
W???E~y^fs^_I?O??_???@????D????B{?A}??n_?B{??^_ n=24 c=5 b=5 nu_cut=4 good=41 nongen=[] mism=0
U??F~z{~A???G?g??_?G?_???Mw?^_?^_?Jw?By? n=22 c=4 b=5 nu_cut=4 good=35 nongen=[] mism=0
W????Bt}duFwvO^OG??C??_???@G??S????~??No?@}??Fw n=24 c=6 b=4 nu_cut=4 good=45 nongen=[] mism=0
U???E~{zf[^OI?@?E????o??????Fw?Fw?B{??~? n=22 c=5 b=4 nu_cut=4 good=35 nongen=[] mism=0
Y??????NvFNgVWewTkC|????_?E???C?AO???G????^_?@}??B{??B{? n=26 c=7 b=4 nu_cut=4 good=46 nongen=[] mism=0
U??F~z{~COC???Q?C?C??????Fw?Zo?Vo?Mw?A}? n=22 c=4 b=5 nu_cut=4 good=35 nongen=[] mism=0
W???Fz]zd{^O?_G????O?C?@C??G???B{?A}??}_?F[??]o n=24 c=5 b=5 nu_cut=4 good=49 nongen=[] mism=0
U??F~z{~@?A?E?????C??`???Fw?^_?Zo?Mw?@}? n=22 c=4 b=5 nu_cut=4 good=34 nongen=[] mism=0
W???Fu}^d{^OO?_??_CC?O??O??????F[?B{??^_?D{??^O n=24 c=5 b=5 nu_cut=4 good=42 nongen=[] mism=0
Y????BZ{ryJwxo]o???[?G?A??????W???????Jw?@n??Fw??Jw??Ng? n=26 c=6 b=5 nu_cut=4 good=45 nongen=[] mism=0
Y???Fnyze{]oC?G????C???A??AO?@????A|??zO?Fq??No??mo??^_? n=26 c=5 b=6 nu_cut=4 good=50 nongen=[] mism=0
Y??????N]]JwswZg\cDx??_?O????CA???_?W?????^_?@}??B{??B{? n=26 c=7 b=4 nu_cut=4 good=54 nongen=[] mism=0
S??F~z{~??O_@?G?O?A_??B{?No?^_?^_ n=20 c=4 b=4 nu_cut=4 good=34 nongen=[] mism=0
W??F~z{~??????E?G_C??K??????Jw?\o?Ms?Br??\g?@z? n=24 c=4 b=6 nu_cut=4 good=47 nongen=[] mism=0
W???Fv]vfsVoO?A?A??G?O?A??@????Fs?B]??n_?E{??\o n=24 c=5 b=5 nu_cut=4 good=33 nongen=[] mism=0
Y???F^{nfw\oO?G?A????A_????C?C????An??\o?FU??Zg??uo??|_? n=26 c=5 b=6 nu_cut=4 good=50 nongen=[] mism=0
U??F~z{~?GO?O?a????O?@???Lw?^O?\o?No?B]? n=22 c=4 b=5 nu_cut=4 good=35 nongen=[] mism=0
U???Fl}^fk^OG_@?@??g???A????Fw?Fw?B{??~? n=22 c=5 b=4 nu_cut=4 good=29 nongen=[] mism=0
Y??F~z{~C_??_?A?A??G?A?????????Jw?LU?@}??K{??yo?Az??Aj_? n=26 c=4 b=7 nu_cut=4 good=53 nongen=[] mism=0
W??F~z{~C?K?O??????G?B??????Jw?Vg?Ls?Az??Zo?@^? n=24 c=4 b=6 nu_cut=4 good=40 nongen=[] mism=0
W???E~]nd{]o??D?O????G??a?A????Fk?A}??}_?Fs??\o n=24 c=5 b=5 nu_cut=4 good=42 nongen=[] mism=0
W???Ft}|d{^_??B??O@??A??A??G???E{?A}??^_?Fk??]o n=24 c=5 b=5 nu_cut=4 good=42 nongen=[] mism=0
Y??????nRlF[xoroI{Fs?_??C????@@?A@???G????^_?@}??B{??B{? n=26 c=7 b=4 nu_cut=4 good=52 nongen=[] mism=0
U???FnmvfwVo?_?_G??O?E?@????Fw?Fw?B{??~? n=22 c=5 b=4 nu_cut=4 good=40 nongen=[] mism=0
Y???E~m~E{VoG????oB????A??????C???Bj??]o?E]??\W??~???vO? n=26 c=5 b=6 nu_cut=4 good=47 nongen=[] mism=0
W????ByvVM[w}OVo?_?o??OA?????@_????~??No?@}??Fw n=24 c=6 b=4 nu_cut=4 good=48 nongen=[] mism=0
U??F~z{~C?@???O?A??O?o???Jw?^O?]o?No?By? n=22 c=4 b=5 nu_cut=4 good=36 nongen=[] mism=0
W???Fv]nf[]oG??_??@_?A?AO??????Fw?Bm??}_?F[??Zo n=24 c=5 b=5 nu_cut=4 good=48 nongen=[] mism=0
U??F~z{~E??_????W????I???No?]o?Vo?Fw?B{? n=22 c=4 b=5 nu_cut=4 good=40 nongen=[] mism=0
S??F~z{~??G?A?G?I?@_??B{?No?^_?^_ n=20 c=4 b=4 nu_cut=4 good=34 nongen=[] mism=0
W??F~z{~@G????A?A_?o????????Yw?Xw?J[?Br??NW??|_ n=24 c=4 b=6 nu_cut=4 good=44 nongen=[] mism=0
U???Fny^fs^_??g?@?C??@?@C???Fw?Fw?B{??~? n=22 c=5 b=4 nu_cut=4 good=40 nongen=[] mism=0
U???D~y^fk\o??@?@OA_?o??????Fw?Fw?B{??~? n=22 c=5 b=4 nu_cut=4 good=41 nongen=[] mism=0
U???F^u~FsVoP???@?@O?O??C???Fw?Fw?B{??~? n=22 c=5 b=4 nu_cut=4 good=39 nongen=[] mism=0
W????@||T{[wn_uo???c???@??CC?AO????~??No?@}??Fw n=24 c=6 b=4 nu_cut=4 good=45 nongen=[] mism=0
S??F~z{~??@?I?@?E??_??B{?No?^_?^_ n=20 c=4 b=4 nu_cut=4 good=34 nongen=[] mism=0
U??F~z{~?G??A?c?G_@??????Lw?^O?]o?Jw?Bm? n=22 c=4 b=5 nu_cut=4 good=41 nongen=[] mism=0
U???Fzyvb{ZoH?a??OC?????A???Fw?Fw?B{??~? n=22 c=5 b=4 nu_cut=4 good=35 nongen=[] mism=0
W???F]}}fw^_?_G?G?C???_?G??C???F[?A}??|_?F[??Vo n=24 c=5 b=5 nu_cut=4 good=33 nongen=[] mism=0
Y???Fzu}fsNo??O_?_???G??C?????c???BN??fo?D{??ZW??~???lo? n=26 c=5 b=6 nu_cut=4 good=49 nongen=[] mism=0
U???D~{|b{NoB?S?O??C??_?????Fw?Fw?B{??~? n=22 c=5 b=4 nu_cut=4 good=34 nongen=[] mism=0
S??F~z{~??@?`???H?C_??B{?No?^_?^_ n=20 c=4 b=4 nu_cut=4 good=33 nongen=[] mism=0
Y??F~z{~CgK???@????????@???????S{?Ls?@x_?VS??No?@j_?@m_? n=26 c=4 b=7 nu_cut=4 good=50 nongen=[] mism=0
Y??????lutNcTw^GYkD\??O?H????@??A???OO????^_?@}??B{??B{? n=26 c=7 b=4 nu_cut=4 good=50 nongen=[] mism=0
Y???Fnm^d{ZoC?G?O??G???@??A??@????@z??^_?C}??Tw??^O??to? n=26 c=5 b=6 nu_cut=4 good=49 nongen=[] mism=0
U???E~u}fs^_H?H??_A_????????Fw?Fw?B{??~? n=22 c=5 b=4 nu_cut=3 good=38 nongen=[] mism=0
W????BtjvM^Gn_nOA?AO?O_?C??A???????~??No?@}??Fw n=24 c=6 b=4 nu_cut=4 good=41 nongen=[] mism=0
W??F~z{~?g@???@?A??O?O??????Lw?^G?NK??~??]g??|_ n=24 c=4 b=6 nu_cut=4 good=41 nongen=[] mism=0
Y???FnyzfwNoG?c???A_????G?????G???A}??No?Eu??[w??}_??jo? n=26 c=5 b=6 nu_cut=4 good=56 nongen=[] mism=0
Y???B~{zd{^_C?O??????_??Q?B????????~??\o?Fw??\g??uo??mo? n=26 c=5 b=6 nu_cut=4 good=49 nongen=[] mism=0
W????B\vdyRw~?Zo?G????_AA?A_?@?????~??No?@}??Fw n=24 c=6 b=4 nu_cut=4 good=40 nongen=[] mism=0
Y??????ytNQ{^_]WVcDl?_O@??A??A??????A_????^_?@}??B{??B{? n=26 c=7 b=4 nu_cut=3 good=52 nongen=[] mism=0
W??F~z{~??@?O???A??_?@??K???Uw?\o?Js?Bm??Vg?@l_ n=24 c=4 b=6 nu_cut=4 good=40 nongen=[] mism=0
W??F~z{~??G?S?G??_?W????????Jw?Uw?No?Br??ZW??v_ n=24 c=4 b=6 nu_cut=4 good=46 nongen=[] mism=0
U???FnmzfsZoD???C????g??S???Fw?Fw?B{??~? n=22 c=5 b=4 nu_cut=4 good=38 nongen=[] mism=0
U???Fnmvb{Zo??A?A?@??I??E???Fw?Fw?B{??~? n=22 c=5 b=4 nu_cut=4 good=40 nongen=[] mism=0
W???D~yvf[ZoO?o??O?_?G?????O???Fs?@}??^_?Fk??Vo n=24 c=5 b=5 nu_cut=4 good=38 nongen=[] mism=0
W????@|~DuZoNoxo?????c??C?@A?CC????~??No?@}??Fw n=24 c=6 b=4 nu_cut=4 good=47 nongen=[] mism=0
Y??F~z{~C_?_G??????O????C?A????Ms?Jk?@y_?Vg??fo?B]??A}?? n=26 c=4 b=7 nu_cut=4 good=38 nongen=[] mism=0
U??F~z{~?_??G?_??_?O?a???Lw?^_?Zo?Ng?Bm? n=22 c=4 b=5 nu_cut=4 good=36 nongen=[] mism=0
Y??F~z{~C_W?P???????????O??????Js?@}?@]_?Us?@Mo?@z??An?? n=26 c=4 b=7 nu_cut=4 good=50 nongen=[] mism=0
W????Br|UyRwNov_C?AC????@?E???G????~??No?@}??Fw n=24 c=6 b=4 nu_cut=4 good=41 nongen=[] mism=0
W???Fz{}d{^O?_G?O??_??_?A??G???B{?A}??^_?Fk??^O n=24 c=5 b=5 nu_cut=4 good=38 nongen=[] mism=0
Y??????fj]E{]gnGLkEZ?__???AA?AA??O????????^_?@}??B{??B{? n=26 c=7 b=4 nu_cut=4 good=46 nongen=[] mism=0
W????@v~E]FwnOVo??C??G_?H????A_????~??No?@}??Fw n=24 c=6 b=4 nu_cut=4 good=41 nongen=[] mism=0
W????@n|dy^On_{o@????OO?G??G?CA????~??No?@}??Fw n=24 c=6 b=4 nu_cut=4 good=46 nongen=[] mism=0
Y??????uniVcewpwJkBf?_?????S?????E??GO????^_?@}??B{??B{? n=26 c=7 b=4 nu_cut=4 good=46 nongen=[] mism=0
W??F~z{~E???O????_@??@??_???^_?NW?NW?B\??ZW??z_ n=24 c=4 b=6 nu_cut=4 good=46 nongen=[] mism=0
S??F~z{~??O?W?O?P??O??B{?No?^_?^_ n=20 c=4 b=4 nu_cut=4 good=33 nongen=[] mism=0
Y??F~z{~??A?I?Q?G????G?????????W{?Jk?Al_?Nc?@uO?BT_?@Z_? n=26 c=4 b=7 nu_cut=4 good=45 nongen=[] mism=0
W?????~~EmZgjoZoD?AC??????A??CA????~??No?@}??Fw n=24 c=6 b=4 nu_cut=4 good=46 nongen=[] mism=0
Y??F~z{~??O?????@??_?K??_??O???VS?MY?@{_?Jk?@ko??~??Br?? n=26 c=4 b=7 nu_cut=4 good=53 nongen=[] mism=0
S??F~z{~A_@???_?C?D???B{?No?^_?^_ n=20 c=4 b=4 nu_cut=4 good=34 nongen=[] mism=0
W????A^zR]^_xo}OAG?K??_AO??????????~??No?@}??Fw n=24 c=6 b=4 nu_cut=4 good=45 nongen=[] mism=0
W???Fny^b{\oG?_??_?G?O??G?C????E{?By??z_?Fs??^_ n=24 c=5 b=5 nu_cut=4 good=43 nongen=[] mism=0
Y??????wz{TkNo|ORwAv?O?@??@???C???_?E?????^_?@}??B{??B{? n=26 c=7 b=4 nu_cut=4 good=45 nongen=[] mism=0
Y??F~z{~?_O?Q???G????_??O??????\W?Je?At_?Yk??fo?@]_?BY_? n=26 c=4 b=7 nu_cut=4 good=52 nongen=[] mism=0
W?????~]t][wroloB????S?AO?????G????~??No?@}??Fw n=24 c=6 b=4 nu_cut=4 good=38 nongen=[] mism=0
S??F~z{~?GS?A???A?AO??B{?No?^_?^_ n=20 c=4 b=4 nu_cut=4 good=35 nongen=[] mism=0
Y??F~z{~??????W?C??????AG?E????]g?Mw?@|??Y[?@r_?BU_?Am_? n=26 c=4 b=7 nu_cut=4 good=44 nongen=[] mism=0
Y????B\mr]\guo^O??B??C??C??G??_??A????Fw?@}??Fw??Lw??Jw? n=26 c=6 b=5 nu_cut=4 good=41 nongen=[] mism=0
Y???Fzyzfs\o???????C?@?AC??o?@????An??}O?Fs??NW??lo??^O? n=26 c=5 b=6 nu_cut=4 good=50 nongen=[] mism=0
Y????Btut{Zo|OuoC_?E?A????????O?@?????Jw?@v??E{??Jw??Fw? n=26 c=6 b=5 nu_cut=4 good=48 nongen=[] mism=0
Y???Ft}^e{Zo??g????S?C??_????A????Bm??yo?Du??VW??No??\o? n=26 c=5 b=6 nu_cut=4 good=44 nongen=[] mism=0
U???B~]|b{]o??A?O??G?I?@A???Fw?Fw?B{??~? n=22 c=5 b=4 nu_cut=4 good=35 nongen=[] mism=0
S??F~z{~?_O?Q?D???@???B{?No?^_?^_ n=20 c=4 b=4 nu_cut=4 good=35 nongen=[] mism=0
W??F~z{~@?H?G?Q??????_??????\g?Rw?Mk?@n??^G?@]_ n=24 c=4 b=6 nu_cut=4 good=39 nongen=[] mism=0
Y??F~z{~A?@?????A_?G?E?????????Xk?NE?Bw_?U[??z_?Bq_??|_? n=26 c=4 b=7 nu_cut=4 good=45 nongen=[] mism=0
W???F]}}e{]o@???KO?O????O??O???F[?B]??n_?E{??^_ n=24 c=5 b=5 nu_cut=4 good=46 nongen=[] mism=0
W??F~z{~C???????O?A_?Q??O???^G?[w?No?@v??^G??z_ n=24 c=4 b=6 nu_cut=4 good=40 nongen=[] mism=0
Y????BrNu]Vo^Oxo@?C????A??AI?????A????No??~??Fk??NW??No? n=26 c=6 b=5 nu_cut=4 good=48 nongen=[] mism=0
S??F~z{~E?@?@???H?C???B{?No?^_?^_ n=20 c=4 b=4 nu_cut=4 good=34 nongen=[] mism=0
Y????BNnfqXwjoNoC??G???@O????A??@@????No?@|??E{??NW??Mw? n=26 c=6 b=5 nu_cut=4 good=46 nongen=[] mism=0
W????AvtuuZg}O^OG??G?G_A_?????O????~??No?@}??Fw n=24 c=6 b=4 nu_cut=4 good=41 nongen=[] mism=0
Y??????w|xS{swuoL[Fw?AO@_??O??C??C????????^_?@}??B{??B{? n=26 c=7 b=4 nu_cut=4 good=45 nongen=[] mism=0
Y??F~z{~@??_????C??_?@?@???_???]W?Fs?@]_?Fw?@]O?Bj??@r_? n=26 c=4 b=7 nu_cut=4 good=38 nongen=[] mism=0
S??F~z{~@_I?G?A?O?????B{?No?^_?^_ n=20 c=4 b=4 nu_cut=4 good=35 nongen=[] mism=0
W????BN^P}]o{on_???A?`?@??C_??O????~??No?@}??Fw n=24 c=6 b=4 nu_cut=4 good=48 nongen=[] mism=0
U???B|}nd{]oc?O?G?A?????E???Fw?Fw?B{??~? n=22 c=5 b=4 nu_cut=3 good=35 nongen=[] mism=0
Y????Bfms}Vg}O|_?oA??@?@@?????O???????Jw?@z??D{??Fw??Mw? n=26 c=6 b=5 nu_cut=4 good=49 nongen=[] mism=0
Y??????h|tMwTw^_J[Fq?AO???C??A???c??A?????^_?@}??B{??B{? n=26 c=7 b=4 nu_cut=4 good=45 nongen=[] mism=0
Y????@zlt{^OrojoG?A_?????????CA??g????Ng?@v??D{??Fw??No? n=26 c=6 b=5 nu_cut=4 good=54 nongen=[] mism=0
Y??F~z{~?O??c?G???@??_?@???????Zc?NS?BJ_?Lw?@ko?@l_?A]_? n=26 c=4 b=7 nu_cut=4 good=45 nongen=[] mism=0
Y????BxZu]Zo|_to@?C?????G??c?@???C????Jw?@^??Fk??NW??Lw? n=26 c=6 b=5 nu_cut=4 good=43 nongen=[] mism=0
S??F~z{~AOA???A?C?E???B{?No?^_?^_ n=20 c=4 b=4 nu_cut=4 good=35 nongen=[] mism=0
W???Fu}ne{^_?_??D??C????_?E????Fs?By??~??E{??]o n=24 c=5 b=5 nu_cut=4 good=37 nongen=[] mism=0
Y????Bl~EuYw\oVo?OC??_O?O?????G??_????Ng??~??Fs??Lw??Fw? n=26 c=6 b=5 nu_cut=4 good=39 nongen=[] mism=0
W???E~mnd{^OG?@??????P??g??C???Fw?By??~??B{??]o n=24 c=5 b=5 nu_cut=4 good=37 nongen=[] mism=0
Y??F~z{~??E?P?A??_?_???????????Mw?Bu?BF_?X[?@[o?BU_?Av?? n=26 c=4 b=7 nu_cut=4 good=45 nongen=[] mism=0
U???Ft}|fs]oG?C??_A???_?K???Fw?Fw?B{??~? n=22 c=5 b=4 nu_cut=4 good=36 nongen=[] mism=0
U???F^mvb{]oA?G_???_?D?@????Fw?Fw?B{??~? n=22 c=5 b=4 nu_cut=4 good=41 nongen=[] mism=0
U???E~uvfsNo_?E?O?A?????a???Fw?Fw?B{??~? n=22 c=5 b=4 nu_cut=4 good=35 nongen=[] mism=0
S??F~z{~@??_A?O?C??W??B{?No?^_?^_ n=20 c=4 b=4 nu_cut=4 good=35 nongen=[] mism=0
W????B\}UuMw\ouo???G?__?A?D??@?????~??No?@}??Fw n=24 c=6 b=4 nu_cut=4 good=39 nongen=[] mism=0
Y????B{xu{Fw\ofo???A?__?G?????_?AG????NW?@}??D{??Lw??Lw? n=26 c=6 b=5 nu_cut=4 good=55 nongen=[] mism=0
U??F~z{~D?@?????G?AG?A???Ng?No?]o?Lw?Bm? n=22 c=4 b=5 nu_cut=4 good=39 nongen=[] mism=0
U???E~y^fw^_???_C_E??I??????Fw?Fw?B{??~? n=22 c=5 b=4 nu_cut=4 good=35 nongen=[] mism=0
U??F~z{~E_G?@?_??????C???Fw?No?^_?Mw?By? n=22 c=4 b=5 nu_cut=4 good=38 nongen=[] mism=0
W??F~z{~??@?G?C?G??_?B??????Zg?Xw?I{?Bt??\W?@j_ n=24 c=4 b=6 nu_cut=4 good=34 nongen=[] mism=0
Y???F^uzfk^O??G?G??g?A????C???G???A|??xo?Em??Tw??|_??ro? n=26 c=5 b=6 nu_cut=4 good=38 nongen=[] mism=0
Y????BmfvU^_^OroK??G??OA???_??A???????Fw?@v??B{??Jw??Lw? n=26 c=6 b=5 nu_cut=4 good=48 nongen=[] mism=0
Y???E~ynb{^_?_??K??O?D????A???????BN??\o?Fq??Fw??|_??Vo? n=26 c=5 b=6 nu_cut=4 good=48 nongen=[] mism=0
U??F~z{~A??_P?_?@????G???Fw?Vo?^O?Lw?Bu? n=22 c=4 b=5 nu_cut=4 good=42 nongen=[] mism=0
S??F~z{~?_S?@???E??O??B{?No?^_?^_ n=20 c=4 b=4 nu_cut=4 good=35 nongen=[] mism=0
U???D~]nfs\oO???@?@??o??a???Fw?Fw?B{??~? n=22 c=5 b=4 nu_cut=4 good=40 nongen=[] mism=0
W??F~z{~??K?A???O?C??A??C???^G?Vo?H{?Av??Yw?@n? n=24 c=4 b=6 nu_cut=4 good=40 nongen=[] mism=0
Y??F~z{~E?????G??_???_????AO???Mw?FU?Bb_?[s??\o?A^??A|?? n=26 c=4 b=7 nu_cut=4 good=45 nongen=[] mism=0
U???E~{~F[\oH?A??OE?????O???Fw?Fw?B{??~? n=22 c=5 b=4 nu_cut=4 good=30 nongen=[] mism=0
Y???D~{^f[Vo_????O???O_?G?C??A????Br??^O?Fe??Xw??^_??^O? n=26 c=5 b=6 nu_cut=4 good=49 nongen=[] mism=0
W???E~]~B{Vo??_?O?@?????A?Ao???Fw?A}??~??F[??]o n=24 c=5 b=5 nu_cut=4 good=40 nongen=[] mism=0
Y??????[~kLwfWNoFsDt?a??C??@????B???O?????^_?@}??B{??B{? n=26 c=7 b=4 nu_cut=4 good=53 nongen=[] mism=0
W????@vjvYJwz_moA??_????@?CC??W????~??No?@}??Fw n=24 c=6 b=4 nu_cut=4 good=46 nongen=[] mism=0
U??F~z{~@?K?@?o??????@???Mw?^O?Vo?Fw?Bu? n=22 c=4 b=5 nu_cut=4 good=39 nongen=[] mism=0
W???Fm}~F[VoO???GO???I?A???G???Fk?By??}_?Fk??Zo n=24 c=5 b=5 nu_cut=4 good=42 nongen=[] mism=0
U???B}}~D{ZoO?W?O??W???A????Fw?Fw?B{??~? n=22 c=5 b=4 nu_cut=4 good=39 nongen=[] mism=0
U???Fzunfs^OD???OO?K?A??????Fw?Fw?B{??~? n=22 c=5 b=4 nu_cut=4 good=40 nongen=[] mism=0
U???Fx}vb{Zo__A??_@_????A???Fw?Fw?B{??~? n=22 c=5 b=4 nu_cut=4 good=30 nongen=[] mism=0
U???Fzu|f[No??A??O@C?A?AG???Fw?Fw?B{??~? n=22 c=5 b=4 nu_cut=4 good=38 nongen=[] mism=0
U???D}}^fk^_I?o?B?C?????????Fw?Fw?B{??~? n=22 c=5 b=4 nu_cut=4 good=34 nongen=[] mism=0
W???D~]zfk^_???_G??w????G??_???Fs?Bm??}_?E{??\o n=24 c=5 b=5 nu_cut=4 good=40 nongen=[] mism=0
W???Fl}ve{^_D?A?@??????AA?@????Fw?@}??^_?Fs??^_ n=24 c=5 b=5 nu_cut=4 good=35 nongen=[] mism=0
W??F~z{~?GO???A?@?A??O??_???Zo?Vg?NK?@z??\g?@]_ n=24 c=4 b=6 nu_cut=4 good=41 nongen=[] mism=0
Y???Fny^fw^_A??_O?C??A?????C??_???A^??~??A}??Mw??Zo??to? n=26 c=5 b=6 nu_cut=4 good=42 nongen=[] mism=0
W??F~z{~?O??_?C??????G?AW???Jw?Yw?NW?A}??^_?@t_ n=24 c=4 b=6 nu_cut=4 good=44 nongen=[] mism=0
Y???D~]^f[No??K????C?O?AG?????G???A|??yo?FU??Rw??{o??z_? n=26 c=5 b=6 nu_cut=4 good=44 nongen=[] mism=0
W???E~]}f[^_?_???o??????w?C????B{?Bm??v_?Fs??^O n=24 c=5 b=5 nu_cut=4 good=43 nongen=[] mism=0
W??F~z{~????D?O???A_???AC???\W?\o?Lk?@}??Zg?@m_ n=24 c=4 b=6 nu_cut=4 good=44 nongen=[] mism=0
Y??F~z{~????@?O?O???????c?@_???Xw?JY?Bm??Jw?@uO?Bf??Bq_? n=26 c=4 b=7 nu_cut=4 good=45 nongen=[] mism=0
U??F~z{~?g????B?C??_?G???NW?]o?^O?Fw?Bm? n=22 c=4 b=5 nu_cut=4 good=35 nongen=[] mism=0
W??F~z{~CWG?????C????c??????Vg?Ng?Jk?@z??Ng?@Z_ n=24 c=4 b=6 nu_cut=4 good=38 nongen=[] mism=0
S??F~z{~?g??o?_???@G??B{?No?^_?^_ n=20 c=4 b=4 nu_cut=4 good=33 nongen=[] mism=0
Y???Fzm}fs^_@?O?C??C?D???????C????B]??|O?D{??[w??^O??v_? n=26 c=5 b=6 nu_cut=4 good=44 nongen=[] mism=0
U???F]}|f[VoD???G?A??W??A???Fw?Fw?B{??~? n=22 c=5 b=4 nu_cut=4 good=34 nongen=[] mism=0
Y????B{Zp}Vg}Oto?_AC???????O?@C?@?????Ng??~??F[??Jw??Fw? n=26 c=6 b=5 nu_cut=4 good=49 nongen=[] mism=0
U??F~z{~?GA?o?G??_?_?????Mw?Zo?^_?Mw?Bu? n=22 c=4 b=5 nu_cut=4 good=34 nongen=[] mism=0
W??F~z{~?o??@???G??_????g???Mw?No?Ng?Br??ZW?@z? n=24 c=4 b=6 nu_cut=4 good=34 nongen=[] mism=0
Y????B{]tuVo]o^_G??A??OA??C???A??C????Fw?@v??B{??NW??No? n=26 c=6 b=5 nu_cut=4 good=41 nongen=[] mism=0
Y???E}}nfs]o_????????Q?@C??_??G???Bt??~??Fq??]o??]o??n_? n=26 c=5 b=6 nu_cut=4 good=42 nongen=[] mism=0
W??F~z{~@?@?I?S????????A????Zo?Tw?Jw?BV??Lw?@N_ n=24 c=4 b=6 nu_cut=4 good=40 nongen=[] mism=0
W???Fzy}d{ZoA?@?A??G?O?@_??????D{?@}??}_?D{??No n=24 c=5 b=5 nu_cut=4 good=37 nongen=[] mism=0
Y??F~z{~?W@?@??????????B??A????K{?H]?A}??Ms??}O?Bj??@N_? n=26 c=4 b=7 nu_cut=4 good=51 nongen=[] mism=0
Y??????\m\T[yW\oE{Fe????O????AO?AG??CG????^_?@}??B{??B{? n=26 c=7 b=4 nu_cut=4 good=51 nongen=[] mism=0
Y??????]Y}]crgVoFkFF?@??o??A??P?????_?????^_?@}??B{??B{? n=26 c=7 b=4 nu_cut=4 good=46 nongen=[] mism=0
U???B~unfk^OP?G_B???????C???Fw?Fw?B{??~? n=22 c=5 b=4 nu_cut=4 good=35 nongen=[] mism=0
# STATS tries=3166 {'built': 2000, 'sparse': 2000, 'nongeneric': 0, 'no_good_pair': 0, 'cover_mism': 0, 'min_good': 27}
