U??F~z{~DGE???A????O?????Ng?^_?Vo?Fw?@}? n=22 c=4 b=5 nu_cut=3 good=38 nongen=[] mism=0
Y??????jYvLs{guo\WE]?H??O??_?????O??_O????^_?@}??B{??B{? n=26 c=7 b=4 nu_cut=3 good=45 nongen=[] mism=0
W???Fy}zf[^O??C?A?@?????O?EG???Fw?Bu??}_?D{??^_ n=24 c=5 b=5 nu_cut=3 good=46 nongen=[] mism=0
U???Fny}f[Zo@????_?G?g??a???Fw?Fw?B{??~? n=22 c=5 b=4 nu_cut=3 good=40 nongen=[] mism=0
U??F~z{~@?C???b???AG?????Mw?No?^O?Jw?Bm? n=22 c=4 b=5 nu_cut=3 good=38 nongen=[] mism=0
W??F~z{~?_??c???O??????@K???Jw?]o?F[?B{??No?@N_ n=24 c=4 b=6 nu_cut=3 good=40 nongen=[] mism=0
W??F~z{~@_C?C?????CW????????Uw?ZW?Jk??~??NW??~? n=24 c=4 b=6 nu_cut=3 good=40 nongen=[] mism=0
U??F~z{~??[?@?@?I????????Lw?Vo?Zo?Jw?Bu? n=22 c=4 b=5 nu_cut=3 good=34 nongen=[] mism=0
W???B}}}f[\oC?C?A?EC?G?????????D{?Bm??z_?E{??^_ n=24 c=5 b=5 nu_cut=3 good=46 nongen=[] mism=0
W????@}}R{Fwmomo?????OO@??CG?AA????~??No?@}??Fw n=24 c=6 b=4 nu_cut=3 good=38 nongen=[] mism=0
U??F~z{~??G?O?i?A_???????Jw?]o?\o?NW?Bm? n=22 c=4 b=5 nu_cut=3 good=38 nongen=[] mism=0
W??F~z{~??C?b?c???@?????????Zo?^O?E{?BZ??Tw?@j_ n=24 c=4 b=6 nu_cut=3 good=44 nongen=[] mism=0
Y????Bl\rm^_n_|_???O?A??R????C??A?????No?@}??Fk??Mw??Mw? n=26 c=6 b=5 nu_cut=3 good=44 nongen=[] mism=0
W????A}jvsNWxoZoA?AA?_?AO??_???????~??No?@}??Fw n=24 c=6 b=4 nu_cut=3 good=44 nongen=[] mism=0
W???D~]^d{\oO???G?@??O?AO?@????E{?By??}_?D{??\o n=24 c=5 b=5 nu_cut=3 good=45 nongen=[] mism=0
W??F~z{~????G?@????G?G?BG???Jw?Rw?Fw?Bm??^G?@|? n=24 c=4 b=6 nu_cut=3 good=46 nongen=[] mism=0
Y?????~zViNWfon_??Ac????J???????@?????Lw?@^??F[??Jw??Mw? n=26 c=6 b=5 nu_cut=3 good=49 nongen=[] mism=0
W???Fzu|b{No_???A??[???A??C????B{?B]??z_?F[??]o n=24 c=5 b=5 nu_cut=3 good=42 nongen=[] mism=0
W????BlxruJw]o~???C??B?A??C??@C????~??No?@}??Fw n=24 c=6 b=4 nu_cut=3 good=46 nongen=[] mism=0
W???Fn]~FsZoG???C?@??b??G??????B{?B{??|_?Fk??\o n=24 c=5 b=5 nu_cut=3 good=46 nongen=[] mism=0
Y??F~z{~??@???p?A??O????O??????S{?Ey?Bs_?[k??uo?AZ_?Az?? n=26 c=4 b=7 nu_cut=3 good=52 nongen=[] mism=0
W???B}}vfk\o??_???C??B????Ao???Fw?A}??z_?Fk??^_ n=24 c=5 b=5 nu_cut=3 good=45 nongen=[] mism=0
Y????Av^dyVotoz_G??_?O?AB?A???????????Lw?@v??Fk??Ng??Mw? n=26 c=6 b=5 nu_cut=3 good=48 nongen=[] mism=0
U???Fv{~FsNo@?O_CO?G????C???Fw?Fw?B{??~? n=22 c=5 b=4 nu_cut=3 good=40 nongen=[] mism=0
Y????BrrtyNWVoyo?????g?BC??G??G???????Mw?@z??Fw??Mw??Lw? n=26 c=6 b=5 nu_cut=3 good=52 nongen=[] mism=0
Y???Fvuzd{^_A?????Cc?B??C?????????Bl??ro?FM??No??|_??}O? n=26 c=5 b=6 nu_cut=3 good=54 nongen=[] mism=0
Y????Brnem]o}_jo@??O???@_??I??O???????Ng?@z??Fw??Mw??Fw? n=26 c=6 b=5 nu_cut=3 good=48 nongen=[] mism=0
Y????@v]viNov_yo???Q?_?A??C???E???????Jw?@v??E{??Ng??Fw? n=26 c=6 b=5 nu_cut=3 good=54 nongen=[] mism=0
Y??????}MfJk{o|GRwBN?A??C_?O??O?????_O????^_?@}??B{??B{? n=26 c=7 b=4 nu_cut=3 good=52 nongen=[] mism=0
W???B}}^f[\oC?C?O?@_?_?A???????B{?By??n_?F[??No n=24 c=5 b=5 nu_cut=3 good=40 nongen=[] mism=0
Y??????vdx\g]WroYsEj??_?W??C?????`???_????^_?@}??B{??B{? n=26 c=7 b=4 nu_cut=3 good=45 nongen=[] mism=0
Y??F~z{~??????G?O?C?????_?AW???\o?E{?@|??R[?@x_?Bs_?Bh_? n=26 c=4 b=7 nu_cut=3 good=52 nongen=[] mism=0
W????AzvUyTw]oroC??G?G????A_?@G????~??No?@}??Fw n=24 c=6 b=4 nu_cut=3 good=44 nongen=[] mism=0
U???F\}zfkNo@_C?A????C?AG???Fw?Fw?B{??~? n=22 c=5 b=4 nu_cut=3 good=35 nongen=[] mism=0
U??F~z{~????@?i?P??G?????NW?Zo?^_?Mw?Bm? n=22 c=4 b=5 nu_cut=3 good=38 nongen=[] mism=0
Y??????Z\VFkfWxgVWFe?c?@???K?A??@?????????^_?@}??B{??B{? n=26 c=7 b=4 nu_cut=3 good=52 nongen=[] mism=0
U???D~]zfsZoG???C??K?Q??_???Fw?Fw?B{??~? n=22 c=5 b=4 nu_cut=3 good=40 nongen=[] mism=0
Y??????}VhQ{iwjo\KBr??g?C??G??_?????D?????^_?@}??B{??B{? n=26 c=7 b=4 nu_cut=3 good=44 nongen=[] mism=0
W??F~z{~????E?C??????w??G???Vo?^_?K{?Bl??Vg?@f_ n=24 c=4 b=6 nu_cut=3 good=40 nongen=[] mism=0
W???B~ynf[^_??W_O????E????C????D{?A}??^_?Fk??\o n=24 c=5 b=5 nu_cut=3 good=45 nongen=[] mism=0
Y????AvuvY^_lov_??????O@S??C??A??A????Jw?@v??Fw??Mw??Ng? n=26 c=6 b=5 nu_cut=3 good=54 nongen=[] mism=0
Y???Fnmnfs^_??C?P_A?????O????A????B]??v_?Ey??\W??No??n_? n=26 c=5 b=6 nu_cut=3 good=48 nongen=[] mism=0
U???B~m}f[]oD?@?A?CO????O???Fw?Fw?B{??~? n=22 c=5 b=4 nu_cut=3 good=38 nongen=[] mism=0
U???Fzy|b{No?___I?C????A????Fw?Fw?B{??~? n=22 c=5 b=4 nu_cut=3 good=38 nongen=[] mism=0
Y??????q|\\o|O]gW{Fi?C??g??_?????O??@_????^_?@}??B{??B{? n=26 c=7 b=4 nu_cut=3 good=52 nongen=[] mism=0
U???E~yzfsVo??@?D??G?g??C???Fw?Fw?B{??~? n=22 c=5 b=4 nu_cut=3 good=40 nongen=[] mism=0
Y??F~z{~CG??M?@???????????C????Xk?E]?AZ_?Mw?@Ro?BM_?@^?? n=26 c=4 b=7 nu_cut=3 good=45 nongen=[] mism=0
Y??????szZ[s|O]g[wDu?A??O??O??o?AC????????^_?@}??B{??B{? n=26 c=7 b=4 nu_cut=3 good=50 nongen=[] mism=0
W????AnnViTwvO^_GO???O?A@?AC???????~??No?@}??Fw n=24 c=6 b=4 nu_cut=3 good=44 nongen=[] mism=0
W??F~z{~@O??U?_?O???????????Zo?]g?Lw?A^??Ng??v_ n=24 c=4 b=6 nu_cut=3 good=44 nongen=[] mism=0
U???Fvm|fw^_W?c??O?C??_?????Fw?Fw?B{??~? n=22 c=5 b=4 nu_cut=3 good=40 nongen=[] mism=0
Y??????l^dVc]obwT[FF?@?@C????AG??????o????^_?@}??B{??B{? n=26 c=7 b=4 nu_cut=3 good=50 nongen=[] mism=0
Y???Fy}vd{^_O?O??????D_@?????@????Bu??nO?Bm??Rw??\o??uo? n=26 c=5 b=6 nu_cut=3 good=49 nongen=[] mism=0
W???E~{nfwZo?_???o??????A?DO???E{?B{??}_?Fk??^_ n=24 c=5 b=5 nu_cut=3 good=42 nongen=[] mism=0
W???Fvuzf[No???_?????F????@g???D{?Bu??|_?Fw??^_ n=24 c=5 b=5 nu_cut=3 good=41 nongen=[] mism=0
W???B~]vfs^_G???A?@??G?AE??????Fs?@}??z_?Fs??^_ n=24 c=5 b=5 nu_cut=3 good=46 nongen=[] mism=0
W???Fzy}e{VoO?e?G????H?????????B{?A}??}_?D{??]o n=24 c=5 b=5 nu_cut=3 good=40 nongen=[] mism=0
W????BtrumUwv_^OAGB?????G??O??O????~??No?@}??Fw n=24 c=6 b=4 nu_cut=3 good=40 nongen=[] mism=0
Y????@v}Uu^OZojo?_??????C?Co?A???C????Mw?@|??Fk??NW??Ng? n=26 c=6 b=5 nu_cut=3 good=48 nongen=[] mism=0
Y??????F~TR[ewlWJwBf???@??A??@???K??W?????^_?@}??B{??B{? n=26 c=7 b=4 nu_cut=3 good=44 nongen=[] mism=0
Y??????VluX[zG]WB{FF?@??C????B???C??K?????^_?@}??B{??B{? n=26 c=7 b=4 nu_cut=3 good=52 nongen=[] mism=0
Y???D}}vfw^_O?A???DC???@??A????????~??yo?Fq??\g??{o??jo? n=26 c=5 b=6 nu_cut=3 good=44 nongen=[] mism=0
Y????B\]vMLw|OzO??@_??_?O??C??C??O????Lw??~??Fs??Jw??Mw? n=26 c=6 b=5 nu_cut=3 good=49 nongen=[] mism=0
Y??????}LVQ{pw^_NSFh??OAC??Q?????@??A?????^_?@}??B{??B{? n=26 c=7 b=4 nu_cut=3 good=50 nongen=[] mism=0
Y??F~z{~F???A???@?CG???????????E{?Mi?Bw_?Lw??n_?Bb_?@]_? n=26 c=4 b=7 nu_cut=3 good=50 nongen=[] mism=0
Y??F~z{~AO??T????????_?A???????Fk?LY?@n??ZW?@io?@x_?B]?? n=26 c=4 b=7 nu_cut=3 good=50 nongen=[] mism=0
W??F~z{~????I???@????G?AS???Rw?Zg?J[?Bu??No?@v? n=24 c=4 b=6 nu_cut=3 good=46 nongen=[] mism=0
W??F~z{~CgG_G???C???????????Fw?Yw?Fw?Bm??Ng?@N_ n=24 c=4 b=6 nu_cut=3 good=44 nongen=[] mism=0
W???Fny|f[Vo@?A?@????A??C?A_???Fs?B]??v_?Fs??^_ n=24 c=5 b=5 nu_cut=3 good=37 nongen=[] mism=0
Y??F~z{~??????C?W????C????DO???X[?M[?@t_?Mw??uo?A}??An?? n=26 c=4 b=7 nu_cut=3 good=44 nongen=[] mism=0
Y???Fn{^b{\oA?_??????A?@_?C??C????A|??}O?B{??\W??|O??jo? n=26 c=5 b=6 nu_cut=3 good=48 nongen=[] mism=0
W????By{uuRwroxo??@??G??S?AA?@?????~??No?@}??Fw n=24 c=6 b=4 nu_cut=3 good=40 nongen=[] mism=0
Y???Fzy^b{\o?_???OEO?@?????G??????An??\o?D]??Jw??^O??ro? n=26 c=5 b=6 nu_cut=3 good=44 nongen=[] mism=0
Y????BuvbyLwroZo?GC??_??O??_????AO????Jw?@^??Fs??Mw??No? n=26 c=6 b=5 nu_cut=3 good=46 nongen=[] mism=0
Y??????Yz]YsyoVW[kDl?C?A?_?I??_?????C?????^_?@}??B{??B{? n=26 c=7 b=4 nu_cut=3 good=52 nongen=[] mism=0
W????BNvRu]g\oNoS????g?A??AG???????~??No?@}??Fw n=24 c=6 b=4 nu_cut=3 good=44 nongen=[] mism=0
Y??F~z{~??@?@?s?????????K??????U[?C}?BM_?Tk?@ZO?Am_?Bx?? n=26 c=4 b=7 nu_cut=3 good=45 nongen=[] mism=0
Y???D~m|f[Vo????G??_??_@O?A_??????A^??}O?Ey??ZW??{o??zO? n=26 c=5 b=6 nu_cut=3 good=45 nongen=[] mism=0
U??F~z{~?g??J???G?A??????No?No?Zo?NW?B]? n=22 c=4 b=5 nu_cut=3 good=38 nongen=[] mism=0
Y????BZlvwVoto~??GA???O?@???????@g????No?@}??E{??Ng??Mw? n=26 c=6 b=5 nu_cut=3 good=53 nongen=[] mism=0
Y????AvvbuFwxonO??A??W????A???M???????NW?@|??Fs??Lw??No? n=26 c=6 b=5 nu_cut=3 good=53 nongen=[] mism=0
W??F~z{~?O@?????O????L?A????Mw?^_?Jk?Bl??Mw?@}? n=24 c=4 b=6 nu_cut=3 good=46 nongen=[] mism=0
W????@zjuyVo|_foGG@_?O????AA???????~??No?@}??Fw n=24 c=6 b=4 nu_cut=3 good=44 nongen=[] mism=0
W????BfxuyNo|Oz_@??O?K?AO?????O????~??No?@}??Fw n=24 c=6 b=4 nu_cut=3 good=46 nongen=[] mism=0
W???Fz{zfs\oC_@?AO?C???????_???B{?B{??|_?E{??No n=24 c=5 b=5 nu_cut=3 good=41 nongen=[] mism=0
Y??????R|j]WuoNWE{FL?D?A_??O?????G??A?????^_?@}??B{??B{? n=26 c=7 b=4 nu_cut=3 good=52 nongen=[] mism=0
Y??F~z{~A?R?@?O????G???????????Uw?I{?Ax_?Ls??No?BX_?@N_? n=26 c=4 b=7 nu_cut=3 good=52 nongen=[] mism=0
Y???Fx}}fs]o@???B_?C???????G??C???Bx??fo?Du??Lw??v_??ro? n=26 c=5 b=6 nu_cut=3 good=52 nongen=[] mism=0
W???D~u}e{Vo????G?A??O??K?CO???Fw?B]??v_?Fs??Vo n=24 c=5 b=5 nu_cut=3 good=43 nongen=[] mism=0
W????Bj}a}^OvOVo??C_?G??_?@???I????~??No?@}??Fw n=24 c=6 b=4 nu_cut=3 good=40 nongen=[] mism=0
Y??????FzjZgkw\gLkEN?_?A??C???S?????I?????^_?@}??B{??B{? n=26 c=7 b=4 nu_cut=3 good=52 nongen=[] mism=0
W????@vnV[Tw^_jo@????S?@O?A_???????~??No?@}??Fw n=24 c=6 b=4 nu_cut=3 good=40 nongen=[] mism=0
U??F~z{~BO??_?C?O??_?????Jw?No?^O?Fw?B{? n=22 c=4 b=5 nu_cut=3 good=40 nongen=[] mism=0
W??F~z{~??????k?O_?O?A??????\W?]g?Mk?Bf??Vo?@x_ n=24 c=4 b=6 nu_cut=3 good=39 nongen=[] mism=0
U??F~z{~??B_??G?O????g???Jw?Vo?Zo?No?Bu? n=22 c=4 b=5 nu_cut=3 good=40 nongen=[] mism=0
Y??F~z{~C??????????g???A??AW???\g?NS?Bm??VK?@|???^_?@j_? n=26 c=4 b=7 nu_cut=3 good=50 nongen=[] mism=0
W???Fnu~E{Zo?_??H????G_?_?@????Fk?Bm??~??E{??^_ n=24 c=5 b=5 nu_cut=3 good=38 nongen=[] mism=0
W????BytruNW|_~??GCG?H??@?????A????~??No?@}??Fw n=24 c=6 b=4 nu_cut=3 good=46 nongen=[] mism=0
W????BNzdyZo^_{o???A?Q??@??A?CG????~??No?@}??Fw n=24 c=6 b=4 nu_cut=3 good=46 nongen=[] mism=0
Y???Fz]~FsNo@??????K??_AO?????C????~??~??FU??^O??xo??zO? n=26 c=5 b=6 nu_cut=3 good=52 nongen=[] mism=0
Y????@nVvqUwv_z_?????A?@P????@g???????Ng?@|??F[??Fw??Mw? n=26 c=6 b=5 nu_cut=3 good=48 nongen=[] mism=0
Y????BufviZo~?uoCo@???O???@??????@????Fw?@}??Fw??Fw??Lw? n=26 c=6 b=5 nu_cut=3 good=47 nongen=[] mism=0
U??F~z{~C?????B?O?B_?????Mw?^O?^O?Jw?B]? n=22 c=4 b=5 nu_cut=3 good=38 nongen=[] mism=0
U???D~{}d{ZoG?W???A??B?@????Fw?Fw?B{??~? n=22 c=5 b=4 nu_cut=3 good=38 nongen=[] mism=0
Y??????{YnLsew|OZoFi?A?????O??O??C_??o????^_?@}??B{??B{? n=26 c=7 b=4 nu_cut=3 good=52 nongen=[] mism=0
W??F~z{~?G??O????_D_?O??????^O?^O?Fs?BV??NW??z_ n=24 c=4 b=6 nu_cut=3 good=40 nongen=[] mism=0
U??F~z{~????C?q?A????I???Jw?\o?^O?No?Bm? n=22 c=4 b=5 nu_cut=3 good=38 nongen=[] mism=0
W??F~z{~?O????T?O????a??????\W?[w?No?Bu??Lw??}_ n=24 c=4 b=6 nu_cut=3 good=46 nongen=[] mism=0
Y??F~z{~??J?@?????D????????G???[w?Hm?@v??U[??^O?Aj_?BX_? n=26 c=4 b=7 nu_cut=3 good=50 nongen=[] mism=0
Y???Fx}vb{\o_?_?AO??????I?C???????B]??lo?Eu??Zo??^O??mo? n=26 c=5 b=6 nu_cut=3 good=54 nongen=[] mism=0
W??F~z{~?G??C?Y????_????C???Xw?\g?Ls?@z??Yw?@v? n=24 c=4 b=6 nu_cut=3 good=40 nongen=[] mism=0
Y??????|byVoUwtWTwDN?????_?@??E?B????G????^_?@}??B{??B{? n=26 c=7 b=4 nu_cut=3 good=52 nongen=[] mism=0
Y??????mjyI{fgmo\oD\?O????D???a?@???O?????^_?@}??B{??B{? n=26 c=7 b=4 nu_cut=3 good=45 nongen=[] mism=0
Y??F~z{~DO????C??_?G???????_???Tw?NK?@t_?NS??lo?@N_?Af_? n=26 c=4 b=7 nu_cut=3 good=52 nongen=[] mism=0
Y??????MzNW{~?jgQ{Cz?A_@???a?A??@?????????^_?@}??B{??B{? n=26 c=7 b=4 nu_cut=3 good=52 nongen=[] mism=0
U??F~z{~@G????L???C??_???Fw?\o?^_?Ng?Bm? n=22 c=4 b=5 nu_cut=3 good=38 nongen=[] mism=0
Y??F~z{~?_??O???P_???O??O??????[s?Ls?Ax_?[s??z_?BN??@V_? n=26 c=4 b=7 nu_cut=3 good=52 nongen=[] mism=0
Y???F^]vfs^O??@?C??G????a?@???G???Bf??n_?Fw??Zo??yo??{o? n=26 c=5 b=6 nu_cut=3 good=45 nongen=[] mism=0
W???B~{zb{^OA?????C??_?@E?C????F[?Bm??}_?B{??^O n=24 c=5 b=5 nu_cut=3 good=42 nongen=[] mism=0
W??F~z{~BO??????@??????B_???\o?Ng?No?@z??Fw?@z? n=24 c=4 b=6 nu_cut=3 good=41 nongen=[] mism=0
Y??F~z{~????i?C??????C??C??G???Ng?K{?BU_?]o?@Lo?Bx??AN_? n=26 c=4 b=7 nu_cut=3 good=45 nongen=[] mism=0
W???B~yvfkVo@?[????G??????CC???Fw?Bm??n_?Fk??Vo n=24 c=5 b=5 nu_cut=3 good=45 nongen=[] mism=0
U??F~z{~@?Y?????C??O?A???No?No?Vo?Jw?By? n=22 c=4 b=5 nu_cut=3 good=40 nongen=[] mism=0
U??F~z{~?O@???s????G?@???Mw?^_?^O?Mw?@}? n=22 c=4 b=5 nu_cut=3 good=40 nongen=[] mism=0
Y????AnnUm]gvO|_???S????A??O??O??B????Mw?@|??Fw??Jw??Fw? n=26 c=6 b=5 nu_cut=3 good=49 nongen=[] mism=0
W???Fvmvb{VoG?`_?????G?AC??????Fk?A}??v_?Fs??Vo n=24 c=5 b=5 nu_cut=3 good=45 nongen=[] mism=0
Y???B~m}b{^_??_?O??????Ac??_??_???BZ??jo?E]??^O??uo??nO? n=26 c=5 b=6 nu_cut=3 good=48 nongen=[] mism=0
Y??F~z{~??O???R???B??_?????????\c?Ky?Aj_?D{?@{O?@t_?Bx?? n=26 c=4 b=7 nu_cut=3 good=44 nongen=[] mism=0
W????@n}Uu^_]o~??o@C?@_???????G????~??No?@}??Fw n=24 c=6 b=4 nu_cut=3 good=41 nongen=[] mism=0
W??F~z{~?????????_BO?L??????]W?Vo?Lk?Bx??]g?@}? n=24 c=4 b=6 nu_cut=3 good=41 nongen=[] mism=0
Y????B]juu^GfoZoC?A???????CG?@??@_????NW?@v??Fs??Ng??No? n=26 c=6 b=5 nu_cut=3 good=49 nongen=[] mism=0
Y??F~z{~??????_?A??_?Y?A???????Jk?Li?Bt??T[?@yO?Bf??B[_? n=26 c=4 b=7 nu_cut=3 good=52 nongen=[] mism=0
Y????Antty^G}_|_@???????G?AK??c???????NW?@|??Fk??Ng??Jw? n=26 c=6 b=5 nu_cut=3 good=52 nongen=[] mism=0
Y???E~mnb{^O??_?E????_?@o?????????@z??No?Em??Xw??}_??}O? n=26 c=5 b=6 nu_cut=3 good=52 nongen=[] mism=0
W????B]}S}Rw|_{oC?AO?G??_?AO???????~??No?@}??Fw n=24 c=6 b=4 nu_cut=3 good=46 nongen=[] mism=0
Y??F~z{~????A????????Q?@??Cg???Jk?NI?B{??Rs?@}??BV??Bl?? n=26 c=4 b=7 nu_cut=3 good=45 nongen=[] mism=0
U???E~mze{]oG???A?@_?c??_???Fw?Fw?B{??~? n=22 c=5 b=4 nu_cut=3 good=35 nongen=[] mism=0
Y???FvmnfsZo_????????M???????@g???Bu??~??Bm??Yw??}_??}O? n=26 c=5 b=6 nu_cut=3 good=46 nongen=[] mism=0
Y??????mtyP{\gtoNKDy?????_?S?A??@?_?O?????^_?@}??B{??B{? n=26 c=7 b=4 nu_cut=3 good=50 nongen=[] mism=0
Y????B\zfqJw}_nO?O?C?`??A????AA???????Lw??~??Fk??Ng??Fw? n=26 c=6 b=5 nu_cut=3 good=50 nongen=[] mism=0
Y??F~z{~C???A?????Ag?A?A???????Mk?I]?B]??NS?@ko?@Z_?AZ_? n=26 c=4 b=7 nu_cut=3 good=45 nongen=[] mism=0
W??F~z{~??C???A?C??O???BO???VW?\o?Jk?A}??]W??~? n=24 c=4 b=6 nu_cut=3 good=34 nongen=[] mism=0
Y????BjVtuXwv_NoS??_??????EA??_???????Jw?@z??Fk??Ng??Fw? n=26 c=6 b=5 nu_cut=3 good=46 nongen=[] mism=0
Y??????jZxZW\g{gYkDj???@A??O?CA??G??A?????^_?@}??B{??B{? n=26 c=7 b=4 nu_cut=3 good=45 nongen=[] mism=0
W???Fm}}e{]oA?o_?_?O?A?????????F[?A}??n_?Fs??^_ n=24 c=5 b=5 nu_cut=3 good=46 nongen=[] mism=0
U???Fn]|e{\og?A????O?A?@C???Fw?Fw?B{??~? n=22 c=5 b=4 nu_cut=3 good=35 nongen=[] mism=0
Y???D|}zd{\o????A?AC?C?@_??_??????Bl??]o?Ey??]o??uo??xo? n=26 c=5 b=6 nu_cut=3 good=54 nongen=[] mism=0
Y??F~z{~??@???H???E_???????O???Ls?Du?Bh_?Rw?@Xo?By??Bb_? n=26 c=4 b=7 nu_cut=3 good=50 nongen=[] mism=0
Y???Fvmze{^O@?????CC????C??o??G???Bl??to?B]??NW??n_??}O? n=26 c=5 b=6 nu_cut=3 good=49 nongen=[] mism=0
Y????Bl~DmNg\ov_I??C??_????O?????I????No??~??Fw??Ng??Jw? n=26 c=6 b=5 nu_cut=3 good=52 nongen=[] mism=0
U??F~z{~A?C?O???C?Cg?????Mw?^O?Zo?Ng?B{? n=22 c=4 b=5 nu_cut=3 good=40 nongen=[] mism=0
W???B~mzfs^___p?A??????????_???D{?A}??v_?B{??^_ n=24 c=5 b=5 nu_cut=3 good=45 nongen=[] mism=0
Y??????sz]Mk}_]gUsE\???A@??A?????g??_O????^_?@}??B{??B{? n=26 c=7 b=4 nu_cut=3 good=50 nongen=[] mism=0
W????B]zf[Rwxo]oI??A?I??@?????A????~??No?@}??Fw n=24 c=6 b=4 nu_cut=3 good=40 nongen=[] mism=0
W????@|nVMMwyo|_???O??_@@??S??O????~??No?@}??Fw n=24 c=6 b=4 nu_cut=3 good=44 nongen=[] mism=0
Y???E~{^b{\o`_????@C?C????????_???Bt??No?B]??Lw??z_??to? n=26 c=5 b=6 nu_cut=3 good=49 nongen=[] mism=0
U???Fzunfk\o??A?@O???A_AC???Fw?Fw?B{??~? n=22 c=5 b=4 nu_cut=3 good=38 nongen=[] mism=0
U??F~z{~??@?????T?Cg?????NW?\o?^O?Ng?Bu? n=22 c=4 b=5 nu_cut=3 good=35 nongen=[] mism=0
Y??F~z{~E???O??????????A??@g???Uw?M[?Ax_?[w??fo?@}??@]_? n=26 c=4 b=7 nu_cut=3 good=52 nongen=[] mism=0
Y???Fvm}f[^_??F???A???????Cc??????@^??}O?FY??Vo??nO??fo? n=26 c=5 b=6 nu_cut=3 good=46 nongen=[] mism=0
Y????B{|fYRwzO}_?O????_?X?@???C???????Lw??~??F[??Lw??Mw? n=26 c=6 b=5 nu_cut=3 good=44 nongen=[] mism=0
Y??????M~[UsfoJwMkBm?S????A@?C??A???_?????^_?@}??B{??B{? n=26 c=7 b=4 nu_cut=3 good=52 nongen=[] mism=0
Y??F~z{~D_G_@?O????????????????\c?B{?@l_?T[?@ho??|_?@N_? n=26 c=4 b=7 nu_cut=3 good=45 nongen=[] mism=0
Y???Fn{^e{\o??_?O???????G?AK??O???A}??^O?Fs??Vo??|O??vO? n=26 c=5 b=6 nu_cut=3 good=48 nongen=[] mism=0
U??F~z{~A???_?_?B_???O???No?^O?]o?Jw?Bu? n=22 c=4 b=5 nu_cut=3 good=40 nongen=[] mism=0
Y??????VsvYwxW^GD{Ej?G????@C?@??@O???_????^_?@}??B{??B{? n=26 c=7 b=4 nu_cut=3 good=50 nongen=[] mism=0
U???D~{~Fs]oK??_?O?C?O?@????Fw?Fw?B{??~? n=22 c=5 b=4 nu_cut=3 good=38 nongen=[] mism=0
U???Fz{^b{]o???_?OD??E??A???Fw?Fw?B{??~? n=22 c=5 b=4 nu_cut=3 good=35 nongen=[] mism=0
U???D~{ve{^OO_G?C?AG?G??????Fw?Fw?B{??~? n=22 c=5 b=4 nu_cut=3 good=40 nongen=[] mism=0
Y??????jkzNK\oewX[Dr?@?@C????B???C??O?????^_?@}??B{??B{? n=26 c=7 b=4 nu_cut=3 good=47 nongen=[] mism=0
W??F~z{~???_O?????@o?@?@????Ng?VW?Lw?@z??Yw?@x_ n=24 c=4 b=6 nu_cut=3 good=46 nongen=[] mism=0
U??F~z{~?G??O?O????G?i???No?\o?^_?Ng?Bu? n=22 c=4 b=5 nu_cut=3 good=40 nongen=[] mism=0
Y??F~z{~??????A?@?F????@C??????]S?Le??~??M[??nO?Bf??Bi_? n=26 c=4 b=7 nu_cut=3 good=50 nongen=[] mism=0
W????AnnbmNo]o|_O????_?A???a??Q????~??No?@}??Fw n=24 c=6 b=4 nu_cut=3 good=46 nongen=[] mism=0
W??F~z{~??O?_?O??????O??[???Xw?\o?Ms??~??Vo?@^? n=24 c=4 b=6 nu_cut=3 good=34 nongen=[] mism=0
W??F~z{~??????`????_?b??O???NW?Lw?No?Bx??\g?@Z_ n=24 c=4 b=6 nu_cut=3 good=44 nongen=[] mism=0
W????@v^fYUwvO~?AG?C?A?????C??S????~??No?@}??Fw n=24 c=6 b=4 nu_cut=3 good=44 nongen=[] mism=0
W??F~z{~????A???O_@g?A??????Xw?Ng?M[?Bx??^G?@x_ n=24 c=4 b=6 nu_cut=3 good=39 nongen=[] mism=0
W??F~z{~????A?d?A_??????G???\g?]o?D{?Bf??Tw??^_ n=24 c=4 b=6 nu_cut=3 good=44 nongen=[] mism=0
Y??????ZnsRk\oXwW{FM????O??O??P??W??C?????^_?@}??B{??B{? n=26 c=7 b=4 nu_cut=3 good=47 nongen=[] mism=0
W??F~z{~BG??????@??w????????^_?\W?NK?@z??Lw??z_ n=24 c=4 b=6 nu_cut=3 good=41 nongen=[] mism=0
Y???Fl}}f[\o????Y??G?@??G??O??????@^??vO?E]??VW??jo??|O? n=26 c=5 b=6 nu_cut=3 good=50 nongen=[] mism=0
Y???Fzuze{\oC????????H?@G??_??_???@n??~??FM??^O??}O??to? n=26 c=5 b=6 nu_cut=3 good=54 nongen=[] mism=0
W???B~]|fkVoA???@????R????@C???F[?B]??|_?Fw??]o n=24 c=5 b=5 nu_cut=3 good=45 nongen=[] mism=0
U??F~z{~?O??g?p?@????????Lw?\o?\o?NW?B{? n=22 c=4 b=5 nu_cut=3 good=38 nongen=[] mism=0
U???D~unb{No??W?P????_?AG???Fw?Fw?B{??~? n=22 c=5 b=4 nu_cut=3 good=34 nongen=[] mism=0
U???Fv{|d{^_?_?_D??C???@O???Fw?Fw?B{??~? n=22 c=5 b=4 nu_cut=3 good=40 nongen=[] mism=0
Y???F^{|e{^O??G?Go??????_?????K???BN??\o?E{??Zo??mo??nO? n=26 c=5 b=6 nu_cut=3 good=52 nongen=[] mism=0
U??F~z{~A?I?h????????C???Fw?\o?Zo?Jw?B]? n=22 c=4 b=5 nu_cut=3 good=40 nongen=[] mism=0
Y??F~z{~???_?????_@??q????@????Vg?H{?Ar_?]c?@|??Al_?@t_? n=26 c=4 b=7 nu_cut=3 good=45 nongen=[] mism=0
W??F~z{~????Y??????o?@??C???VW?NW?Mw?BN??Rw?@m_ n=24 c=4 b=6 nu_cut=3 good=44 nongen=[] mism=0
Y????Bmnf[UwvOvO?G?A?I??@??_??_???????Lw?@z??B{??Ng??No? n=26 c=6 b=5 nu_cut=3 good=52 nongen=[] mism=0
W????BVxr{]gmouo@?C_?A?@_?????O????~??No?@}??Fw n=24 c=6 b=4 nu_cut=3 good=46 nongen=[] mism=0
Y????AvzVkZWZoz_CO???C??O????CG??O????Fw?@z??Fw??Lw??Ng? n=26 c=6 b=5 nu_cut=3 good=54 nongen=[] mism=0
Y???B~mnfkVo_???G????g_@?????A????A^??|_?C}??]W??\o??Vo? n=26 c=5 b=6 nu_cut=3 good=48 nongen=[] mism=0
Y???F^y|b{ZoU??????????AQ?????O???B\??mo?By??NW??]o??n_? n=26 c=5 b=6 nu_cut=3 good=49 nongen=[] mism=0
W????A^ru]Vo}OnOA?A??O??c????A_????~??No?@}??Fw n=24 c=6 b=4 nu_cut=3 good=39 nongen=[] mism=0
U???Fvy~B{\oE?o??_???@??C???Fw?Fw?B{??~? n=22 c=5 b=4 nu_cut=3 good=40 nongen=[] mism=0
U???Fn{zf[ZoC_?_A?AO?C??????Fw?Fw?B{??~? n=22 c=5 b=4 nu_cut=3 good=38 nongen=[] mism=0
W???Fn{nd{ZoO?@_G??????@???c???Fs?By??|_?D{??^_ n=24 c=5 b=5 nu_cut=3 good=43 nongen=[] mism=0
Y??????mpnK{\gswFsFp?`??G?????O?A@??A?????^_?@}??B{??B{? n=26 c=7 b=4 nu_cut=3 good=52 nongen=[] mism=0
W??F~z{~????O???G?D?????w???Mw?^O?NK?B]??Zo?@j_ n=24 c=4 b=6 nu_cut=3 good=38 nongen=[] mism=0
Y??????^JrK{xW|_YwDV?_G?A??O??O?????A_????^_?@}??B{??B{? n=26 c=7 b=4 nu_cut=3 good=50 nongen=[] mism=0
W????A^]t{Vo\o|OG??S?`?@??A????????~??No?@}??Fw n=24 c=6 b=4 nu_cut=3 good=46 nongen=[] mism=0
Y??F~z{~??????O??????O??o?DO???^_?MY??}_?^G??~??BV??Af_? n=26 c=4 b=7 nu_cut=3 good=50 nongen=[] mism=0
W???E~]zd{No?_G?C??????@S?@????Fw?Bm??v_?Fs??^O n=24 c=5 b=5 nu_cut=3 good=46 nongen=[] mism=0
W????@^ju]Mwn_^O??C??AOA??C??AC????~??No?@}??Fw n=24 c=6 b=4 nu_cut=3 good=46 nongen=[] mism=0
W??F~z{~??L???@????G?_?A????Zg?VW?Mw?Av??Xw?@\_ n=24 c=4 b=6 nu_cut=3 good=46 nongen=[] mism=0
U???Fvy^fk\oQ?@??_?G???A_???Fw?Fw?B{??~? n=22 c=5 b=4 nu_cut=3 good=40 nongen=[] mism=0
Y??F~z{~??C???F?H???????_??????K{?JM?Bk_?\g?@To?Bw_?AV_? n=26 c=4 b=7 nu_cut=3 good=50 nongen=[] mism=0
Y????@}^S}Uwyolo??A??E?@??@G?A????????Fw?@z??E{??Ng??Mw? n=26 c=6 b=5 nu_cut=3 good=54 nongen=[] mism=0
Y??????l^kXkfoTwNKA|?_??_??P?D???_????????^_?@}??B{??B{? n=26 c=7 b=4 nu_cut=3 good=50 nongen=[] mism=0
Y????B{tu]Mwuo|OC?@?????_????C???L????NW?@^??Fw??Ng??No? n=26 c=6 b=5 nu_cut=3 good=48 nongen=[] mism=0
W????@}neyRw|_toC????_O?B?@??@?????~??No?@}??Fw n=24 c=6 b=4 nu_cut=3 good=46 nongen=[] mism=0
Y???F^m^e{Vo@_??A??_?O?@??????_???Av??v_?B]??^G??Zo??xo? n=26 c=5 b=6 nu_cut=3 good=48 nongen=[] mism=0
Y??????mul]SNovGUwFF????K??O?@A?????B?????^_?@}??B{??B{? n=26 c=7 b=4 nu_cut=3 good=50 nongen=[] mism=0
W????@}nbyTwvOfo??CA?O?@??A???a????~??No?@}??Fw n=24 c=6 b=4 nu_cut=3 good=46 nongen=[] mism=0
U??F~z{~A?G?C?b??????C???Lw?\o?^O?Mw?Bu? n=22 c=4 b=5 nu_cut=3 good=40 nongen=[] mism=0
Y????@zvT{Zomoto?O@?????_????@??B@????No?@}??Fs??Jw??Jw? n=26 c=6 b=5 nu_cut=3 good=49 nongen=[] mism=0
U??F~z{~????b?W?G?@??????Mw?No?Zo?Jw?B]? n=22 c=4 b=5 nu_cut=3 good=40 nongen=[] mism=0
Y???B~u~D{\o??????B_?A?AG?C???????@v??jo?Eu??\o??|O??yo? n=26 c=5 b=6 nu_cut=3 good=54 nongen=[] mism=0
W???B}}zfkVoM???@?A????@??A????D{?Bm??^_?B{??^O n=24 c=5 b=5 nu_cut=3 good=46 nongen=[] mism=0
Y???F\}}d{Zo????A??G?C??C?AS??????@v??vO?B]??\W??}O??vO? n=26 c=5 b=6 nu_cut=3 good=54 nongen=[] mism=0
U??F~z{~??????O?E?Co?O???Ng?^_?Zo?NW?By? n=22 c=4 b=5 nu_cut=3 good=38 nongen=[] mism=0
Y????Bjjve\onOuo?oAO????O??_??_???????Jw?@v??B{??No??NW? n=26 c=6 b=5 nu_cut=3 good=48 nongen=[] mism=0
Y????AvzRyTwmoroC?Cc???@?????A??@?????Jw?@z??D{??Ng??Ng? n=26 c=6 b=5 nu_cut=3 good=44 nongen=[] mism=0
U??F~z{~C?G?L?_??????O???No?]o?Zo?Jw?B]? n=22 c=4 b=5 nu_cut=3 good=40 nongen=[] mism=0
U??F~z{~?_??Y?C???CG?????Mw?Zo?^O?No?B]? n=22 c=4 b=5 nu_cut=3 good=38 nongen=[] mism=0
U??F~z{~E???w?A????O?????Lw?^O?^O?Lw?@}? n=22 c=4 b=5 nu_cut=3 good=34 nongen=[] mism=0
W???Fny}b{]oD???@??O?o??G??????Fk?A}??^_?Fs??^_ n=24 c=5 b=5 nu_cut=3 good=42 nongen=[] mism=0
U??F~z{~@?????@?Y??G?G???NW?^O?Vo?Lw?Bu? n=22 c=4 b=5 nu_cut=3 good=40 nongen=[] mism=0
W????@|uu{Mwn_v_?G?A???@C??A?D?????~??No?@}??Fw n=24 c=6 b=4 nu_cut=3 good=40 nongen=[] mism=0
W?????~yvi]o|_joH?CA????G?A???O????~??No?@}??Fw n=24 c=6 b=4 nu_cut=3 good=44 nongen=[] mism=0
W???Fn]ze{^O??O_C?CG?G????@????B{?Bm??n_?D{??^_ n=24 c=5 b=5 nu_cut=3 good=47 nongen=[] mism=0
Y???D|}~B{VoO?o?O?A??C????C???????A|??Zo?Em??Zg??zO??jo? n=26 c=5 b=6 nu_cut=3 good=42 nongen=[] mism=0
Y???E|}zf[]oC?????EG?C?????O??_???BV??^_?Fe??Tw??zO??jo? n=26 c=5 b=6 nu_cut=3 good=53 nongen=[] mism=0
W????@z|f[[wz_{o@??I???AO??O??O????~??No?@}??Fw n=24 c=6 b=4 nu_cut=3 good=34 nongen=[] mism=0
W??F~z{~?O??A?@??_???w??????Tw?^G?No?@v??Jw?@u_ n=24 c=4 b=6 nu_cut=3 good=46 nongen=[] mism=0
W????@}]v[Ywv_xoB??A??O???@_??A????~??No?@}??Fw n=24 c=6 b=4 nu_cut=3 good=46 nongen=[] mism=0
U??F~z{~CoC???B?C????????Mw?Zo?No?Fw?A}? n=22 c=4 b=5 nu_cut=3 good=38 nongen=[] mism=0
U???Fzu~FkNo?_Q?@_?C??_?????Fw?Fw?B{??~? n=22 c=5 b=4 nu_cut=3 good=40 nongen=[] mism=0
Y????@nVt]Vg^_moA????P_A@??_??????????Fw?@v??Fs??Lw??Lw? n=26 c=6 b=5 nu_cut=3 good=42 nongen=[] mism=0
U???Fzm^fkNoD?I?O?C??_??????Fw?Fw?B{??~? n=22 c=5 b=4 nu_cut=3 good=40 nongen=[] mism=0
U???F^{^fk\oC???CO?_?@_?O???Fw?Fw?B{??~? n=22 c=5 b=4 nu_cut=3 good=40 nongen=[] mism=0
U??F~z{~?O@?????K_???D???Lw?]o?]o?No?A}? n=22 c=4 b=5 nu_cut=3 good=38 nongen=[] mism=0
W??F~z{~??U?@????_???c??????Vg?Rw?Nc?Bf??Uw?@n? n=24 c=4 b=6 nu_cut=3 good=44 nongen=[] mism=0
Y????AvNvUJwlo\oG??O?A?@??CO?A????????Jw?@z??D{??NW??Ng? n=26 c=6 b=5 nu_cut=3 good=42 nongen=[] mism=0
Y????B]ft{^Guomo?????X??A?AI??????????NW?@|??Fk??Lw??Lw? n=26 c=6 b=5 nu_cut=3 good=45 nongen=[] mism=0
W??F~z{~C?????@?L????`??????Mw?[w?D{?B\??Ng?@x_ n=24 c=4 b=6 nu_cut=3 good=40 nongen=[] mism=0
W??F~z{~????G???C??g?U??????\W?\W?No?Bt??]g?@N_ n=24 c=4 b=6 nu_cut=3 good=44 nongen=[] mism=0
W???B~uvfs]oA?S??????A??K??G???Fs?B]??n_?D{??^O n=24 c=5 b=5 nu_cut=3 good=45 nongen=[] mism=0
W????A}vR][w~?Zo???Q?GO?O??_??_????~??No?@}??Fw n=24 c=6 b=4 nu_cut=3 good=46 nongen=[] mism=0
U???E~yzfsZo??G?C?AG?G??Q???Fw?Fw?B{??~? n=22 c=5 b=4 nu_cut=3 good=35 nongen=[] mism=0
Y??????zfeXklgVo[[DZ?GG?O??_??B??O????????^_?@}??B{??B{? n=26 c=7 b=4 nu_cut=3 good=52 nongen=[] mism=0
W????Bfuu{Voxoxo@G???OO?O??_??_????~??No?@}??Fw n=24 c=6 b=4 nu_cut=3 good=40 nongen=[] mism=0
Y????BrZu]ZWmo~??_@G????_?????G??P????Ng?@^??F[??No??Fw? n=26 c=6 b=5 nu_cut=3 good=52 nongen=[] mism=0
Y??????dyvF[pwvGLsFw?G????E??@???_??C_????^_?@}??B{??B{? n=26 c=7 b=4 nu_cut=3 good=52 nongen=[] mism=0
W??F~z{~Ao??Q?@????G????????Mw?]W?D{?B{??Lw?@f_ n=24 c=4 b=6 nu_cut=3 good=44 nongen=[] mism=0
Y???B~y}d{\o@??_???G????C????EO???Bt??z_?B{??]o??No??]o? n=26 c=5 b=6 nu_cut=3 good=48 nongen=[] mism=0
Y????@^~B][wVov_C?CC????@?@??@???@????Jw?@n??Fk??Mw??Mw? n=26 c=6 b=5 nu_cut=3 good=42 nongen=[] mism=0
W???Fl}^d{^__???E?C????@G?C????E{?B]??~??Fk??^O n=24 c=5 b=5 nu_cut=3 good=47 nongen=[] mism=0
Y???D|}}fw^O??H?G????F????A???????Bt??lo?Dy??Mw??n_??ro? n=26 c=5 b=6 nu_cut=3 good=52 nongen=[] mism=0
Y????BjvUm]W}_vO?_@??G??C?????O??c????No?@^??E{??No??NW? n=26 c=6 b=5 nu_cut=3 good=48 nongen=[] mism=0
Y????@}zRu^GnO]oOW?G???A??????G??C????Fw?@|??Fw??NW??Fw? n=26 c=6 b=5 nu_cut=3 good=48 nongen=[] mism=0
Y??????j\V[svO|_E{Dl?A??G??O????@?_?OO????^_?@}??B{??B{? n=26 c=7 b=4 nu_cut=3 good=52 nongen=[] mism=0
Y??????Rz\T[\W{g\gBl?C?A???_????AO??@O????^_?@}??B{??B{? n=26 c=7 b=4 nu_cut=3 good=50 nongen=[] mism=0
Y??F~z{~??????????E??w??O??_???Nc?G}?At_?Vc?@{_?BZ??@Z_? n=26 c=4 b=7 nu_cut=3 good=50 nongen=[] mism=0
W????@nru]No~?toC?@??CO?B?@????????~??No?@}??Fw n=24 c=6 b=4 nu_cut=3 good=40 nongen=[] mism=0
Y????BmVve]Wv_vOC??O?@O?_????????g????Fw?@n??F[??Ng??No? n=26 c=6 b=5 nu_cut=3 good=52 nongen=[] mism=0
U??F~z{~??????M?O_C??@???Mw?^O?]o?Mw?Bu? n=22 c=4 b=5 nu_cut=3 good=40 nongen=[] mism=0
Y???Fm}^fw\oe??_G????O?????C??????Bj??Zo?Fw??Uw??\o??Vo? n=26 c=5 b=6 nu_cut=3 good=54 nongen=[] mism=0
W????AznVUNoto}O?_???@?AG??G?A_????~??No?@}??Fw n=24 c=6 b=4 nu_cut=3 good=46 nongen=[] mism=0
Y???F^]vfw^OH?G??_????????EC??????BV??\o?Dy??Fw??vO??nO? n=26 c=5 b=6 nu_cut=3 good=48 nongen=[] mism=0
W??F~z{~C???????H_@??G?A????^_?Mw?B{?Bt??]W??^_ n=24 c=4 b=6 nu_cut=3 good=40 nongen=[] mism=0
W????BtnfU\WyovOA??_?B??O????@A????~??No?@}??Fw n=24 c=6 b=4 nu_cut=3 good=40 nongen=[] mism=0
Y??????\XvR[uW|_W{Bm?G_?G?????O?@_??A?????^_?@}??B{??B{? n=26 c=7 b=4 nu_cut=3 good=52 nongen=[] mism=0
Y???F]}^fw\o??C_??A????@???w??????An??}O?FY??ZW??fo??zO? n=26 c=5 b=6 nu_cut=3 good=47 nongen=[] mism=0
Y??????jviK{swhwVWD{?B??G_A??A??@?????????^_?@}??B{??B{? n=26 c=7 b=4 nu_cut=3 good=45 nongen=[] mism=0
W??F~z{~EGC???S???@?????????Ng?No?K{?@|??\W?@V_ n=24 c=4 b=6 nu_cut=3 good=44 nongen=[] mism=0
W????BV^RyZomo^OOOC???_?A?C???O????~??No?@}??Fw n=24 c=6 b=4 nu_cut=3 good=40 nongen=[] mism=0
W???F^]vfkVoG?b?G????O??_??????E{?A}??|_?B{??Vo n=24 c=5 b=5 nu_cut=3 good=47 nongen=[] mism=0
Y????@znVsUw|_vO?????O?@???M??O??G????Ng?@z??Fk??Jw??No? n=26 c=6 b=5 nu_cut=3 good=54 nongen=[] mism=0
W???B~u~Fs^_?_A?@??C?K?????C???Fk?Bu??}_?E{??^_ n=24 c=5 b=5 nu_cut=3 good=45 nongen=[] mism=0
W??F~z{~?O@?@??????G?k??????Tw?Zg?No?Bx??Lw??~? n=24 c=4 b=6 nu_cut=3 good=46 nongen=[] mism=0
W???D~]^fwZoG?P_??@??A??_??????D{?A}??|_?B{??\o n=24 c=5 b=5 nu_cut=3 good=46 nongen=[] mism=0
U???E}}nf[^_O?O?A_AC??_?????Fw?Fw?B{??~? n=22 c=5 b=4 nu_cut=3 good=38 nongen=[] mism=0
Y???F^u^e{Zoc?G??????G??_?????K???B\??}O?Fk??Zo??No??\o? n=26 c=5 b=6 nu_cut=3 good=54 nongen=[] mism=0
Y??F~z{~@?O?F???C????_?????????F[?Fs?B[_?Yk??jo?@]_?An?? n=26 c=4 b=7 nu_cut=3 good=45 nongen=[] mism=0
Y???F^mnb{Zo????U????C??O?CC??????Bt??mo?A}??Zg??\o??uo? n=26 c=5 b=6 nu_cut=3 good=52 nongen=[] mism=0
Y????An}UyUwmo{o?_?O?O_?G?????G??C????No?@n??B{??Fw??Jw? n=26 c=6 b=5 nu_cut=3 good=44 nongen=[] mism=0
W????@z]tm[w\omo??AG?P?AG?????G????~??No?@}??Fw n=24 c=6 b=4 nu_cut=3 good=38 nongen=[] mism=0
W??F~z{~D?O?????J???????_???NW?Fw?F[?A}??Yw?@Z_ n=24 c=4 b=6 nu_cut=3 good=40 nongen=[] mism=0
W????Br\tuYwjoz_??D?????G?AO?AO????~??No?@}??Fw n=24 c=6 b=4 nu_cut=3 good=44 nongen=[] mism=0
W????@|yvMTw]o~????_?@O?O?CO??_????~??No?@}??Fw n=24 c=6 b=4 nu_cut=3 good=46 nongen=[] mism=0
Y??F~z{~?w????O?G?????????CO???]K?M[?Av??H{??^_?@l_?@{_? n=26 c=4 b=7 nu_cut=3 good=50 nongen=[] mism=0
W???F^{~E{Vo?????????K_?s??O???Fk?By??}_?F[??]o n=24 c=5 b=5 nu_cut=3 good=39 nongen=[] mism=0
W???Fnu^f[NoA?W?P????_?????O???D{?B]??^_?Fk??]o n=24 c=5 b=5 nu_cut=3 good=40 nongen=[] mism=0
Y????BNrryMwto}OO?@??G?A??@???W???????Lw?@|??Fk??Fw??Jw? n=26 c=6 b=5 nu_cut=3 good=52 nongen=[] mism=0
Y????@}vVeZgVoyoC????c_?@????@???_????Jw?@n??Fw??Lw??NW? n=26 c=6 b=5 nu_cut=3 good=53 nongen=[] mism=0
W??F~z{~B???????C?A????AK???^_?Mw?Lk?@}??Vo??n_ n=24 c=4 b=6 nu_cut=3 good=46 nongen=[] mism=0
Y??F~z{~@o?_@????????_?A???????S{?Fk?@{_?Jk?@mO??}_?Bf?? n=26 c=4 b=7 nu_cut=3 good=52 nongen=[] mism=0
W??F~z{~???_e?O???AG????????Fw?\W?I{?B\??Jw?@l_ n=24 c=4 b=6 nu_cut=3 good=46 nongen=[] mism=0
U??F~z{~????o?Y??_???@???Mw?\o?Vo?NW?B]? n=22 c=4 b=5 nu_cut=3 good=38 nongen=[] mism=0
Y??????]u\[[uWfgRsBr?G_????I??I?????@?????^_?@}??B{??B{? n=26 c=7 b=4 nu_cut=3 good=44 nongen=[] mism=0
W??F~z{~?_????q??????C?AC???\o?Vg?D{?An??^O?@t_ n=24 c=4 b=6 nu_cut=3 good=44 nongen=[] mism=0
W????Bu|RuVo^_|O@?CG????H??A??O????~??No?@}??Fw n=24 c=6 b=4 nu_cut=3 good=44 nongen=[] mism=0
U??F~z{~@???A?A?Y?@??????Mw?]o?^O?NW?@}? n=22 c=4 b=5 nu_cut=3 good=40 nongen=[] mism=0
Y????Bm\um^Ouo~??G?A??O?G?CG??O???????Mw?@}??Fk??Jw??Mw? n=26 c=6 b=5 nu_cut=3 good=47 nongen=[] mism=0
Y???E}}vf[No??G????G?G??_?E_??????@z??}O?By??[w??fo??zO? n=26 c=5 b=6 nu_cut=3 good=53 nongen=[] mism=0
U???Fu}ze{ZoE?G???@??__?_???Fw?Fw?B{??~? n=22 c=5 b=4 nu_cut=3 good=40 nongen=[] mism=0
Y????A|\s}Ywxo}O???O?A?A?????Ag??G????Fw?@|??Fs??Jw??NW? n=26 c=6 b=5 nu_cut=3 good=53 nongen=[] mism=0
W???Fvm~Fs\o@?????Ag??_?C??C???F[?Bu??^_?D{??\o n=24 c=5 b=5 nu_cut=3 good=41 nongen=[] mism=0
W???F\}zfwNo??C?A????a?AO?C????D{?B]??}_?Fk??^O n=24 c=5 b=5 nu_cut=3 good=42 nongen=[] mism=0
U???B~{~B{Zo?_?_H?????_AC???Fw?Fw?B{??~? n=22 c=5 b=4 nu_cut=3 good=35 nongen=[] mism=0
W????BxfveVgto^O?O?C?o??A????AG????~??No?@}??Fw n=24 c=6 b=4 nu_cut=3 good=46 nongen=[] mism=0
U??F~z{~????S???S_?O?A???NW?^O?]o?Jw?B]? n=22 c=4 b=5 nu_cut=3 good=38 nongen=[] mism=0
Y??????fjm]W\o}OX[Cz?__??_????@???_?I?????^_?@}??B{??B{? n=26 c=7 b=4 nu_cut=3 good=52 nongen=[] mism=0
Y????@nna}\oyo{oA??_????O????A???L????Mw?@}??Fw??NW??Jw? n=26 c=6 b=5 nu_cut=3 good=53 nongen=[] mism=0
Y????@|nVkVW^Oro?????C?????[?????b????Fw?@z??Fk??No??No? n=26 c=6 b=5 nu_cut=3 good=48 nongen=[] mism=0
W???Ft}~D{^OT?_?????????g?C????B{?B]??}_?B{??Vo n=24 c=5 b=5 nu_cut=3 good=42 nongen=[] mism=0
U??F~z{~????C?Q?X????C???Mw?]o?No?NW?By? n=22 c=4 b=5 nu_cut=3 good=38 nongen=[] mism=0
W????@|nbuVoyoz_?G?I?O_?@?????G????~??No?@}??Fw n=24 c=6 b=4 nu_cut=3 good=44 nongen=[] mism=0
Y??F~z{~??@?A?X?O?????????C????P{?Em?Bh_?Rs??z_?@V_?BN?? n=26 c=4 b=7 nu_cut=3 good=45 nongen=[] mism=0
U??F~z{~?_????p?A????Q???NW?]o?\o?No?Bm? n=22 c=4 b=5 nu_cut=3 good=34 nongen=[] mism=0
U??F~z{~??@?A?G???@??p???Jw?Zo?^O?No?B{? n=22 c=4 b=5 nu_cut=3 good=40 nongen=[] mism=0
U???E~{}e{\o?_??COCO?G??_???Fw?Fw?B{??~? n=22 c=5 b=4 nu_cut=3 good=38 nongen=[] mism=0
W???B}}}f[Voc???G????O?@???S???Fk?Bm??^_?Fk??^_ n=24 c=5 b=5 nu_cut=3 good=43 nongen=[] mism=0
Y??F~z{~????????Y?@??G??G??O???Mw?No?AV_?ZS?@Lo?Be_?Bp_? n=26 c=4 b=7 nu_cut=3 good=52 nongen=[] mism=0
Y???B~]~E{\oG?_???@??Q????@??C????Av??\o?Bm??^_??yo??Zo? n=26 c=5 b=6 nu_cut=3 good=48 nongen=[] mism=0
W??F~z{~????O???H?DG????G???Jw?[w?Ng?@z??]o?@{_ n=24 c=4 b=6 nu_cut=3 good=46 nongen=[] mism=0
Y??F~z{~A???d???G?@?????_??????Fw?Le?@u_?\W?@fO?AV_?@Z_? n=26 c=4 b=7 nu_cut=3 good=52 nongen=[] mism=0
Y??????^euXkjgZW]cFJ?_G?B?????_??O??C?????^_?@}??B{??B{? n=26 c=7 b=4 nu_cut=3 good=45 nongen=[] mism=0
Y????BZ^emJwxoloC?CA?G???????@??AG????Lw?@z??Fw??Mw??Jw? n=26 c=6 b=5 nu_cut=3 good=48 nongen=[] mism=0
W??F~z{~?o@?????A????w??????Tw?]g?D{?Bt??^_??z_ n=24 c=4 b=6 nu_cut=3 good=40 nongen=[] mism=0
Y?????~fr{ZWmo^OOg???O?@???G????@?????Lw?@|??F[??Fw??Fw? n=26 c=6 b=5 nu_cut=3 good=48 nongen=[] mism=0
U??F~z{~C?B?J?????C??????Lw?Zo?Vo?Ng?B{? n=22 c=4 b=5 nu_cut=3 good=38 nongen=[] mism=0
Y??F~z{~??S?L???G????O?????????S{?Hu?@Z_?Xs?@]O?@z??BR_? n=26 c=4 b=7 nu_cut=3 good=50 nongen=[] mism=0
U???E~u|b{No_???O?C??C_@G???Fw?Fw?B{??~? n=22 c=5 b=4 nu_cut=3 good=35 nongen=[] mism=0
U???Fy}zfw^OQ??_?O?C????c???Fw?Fw?B{??~? n=22 c=5 b=4 nu_cut=3 good=40 nongen=[] mism=0
W??F~z{~A_S_??C???A?????????^G?Tw?Fk??~??Rw?@v? n=24 c=4 b=6 nu_cut=3 good=46 nongen=[] mism=0
W????@^vRmNo~?~??O?C????g??C?CA????~??No?@}??Fw n=24 c=6 b=4 nu_cut=3 good=39 nongen=[] mism=0
U???Fvu~E{Zo?_G_??@??c??_???Fw?Fw?B{??~? n=22 c=5 b=4 nu_cut=3 good=38 nongen=[] mism=0
W???D~mnf[NoO?C????_?O??E?A????Fs?B{??n_?F[??Zo n=24 c=5 b=5 nu_cut=3 good=45 nongen=[] mism=0
U???D|}zfs^O`?@???C??@??g???Fw?Fw?B{??~? n=22 c=5 b=4 nu_cut=3 good=38 nongen=[] mism=0
Y???Fv]nfkVo????G?D_?O?@??@???????Bj??{o?D]??Rw??zO??}O? n=26 c=5 b=6 nu_cut=3 good=48 nongen=[] mism=0
Y??F~z{~@?B_??G??????_????C????Rk?Hu??|_?^O?@V_?Bu??@l_? n=26 c=4 b=7 nu_cut=3 good=45 nongen=[] mism=0
W????B]nVMZWtolo@?A??Q??`??O???????~??No?@}??Fw n=24 c=6 b=4 nu_cut=3 good=39 nongen=[] mism=0
W??F~z{~A???O?c??????e??????]g?]o?No?@n??Xw?@{_ n=24 c=4 b=6 nu_cut=3 good=44 nongen=[] mism=0
U???Fny^fwNoa?_???C??A?@_???Fw?Fw?B{??~? n=22 c=5 b=4 nu_cut=3 good=38 nongen=[] mism=0
U??F~z{~??P_O?O???@??G???Jw?^_?No?Jw?Bm? n=22 c=4 b=5 nu_cut=3 good=40 nongen=[] mism=0
U???D~y^e{VoO?O?AO@G???@????Fw?Fw?B{??~? n=22 c=5 b=4 nu_cut=3 good=40 nongen=[] mism=0
Y????BmzUy]g^_lo?O??????Q??_?F????????No?@|??Fs??NW??Mw? n=26 c=6 b=5 nu_cut=3 good=54 nongen=[] mism=0
Y???F^y~FkVo??????AO?@????@c??G???A|??to?By??\g??z_??z_? n=26 c=5 b=6 nu_cut=3 good=52 nongen=[] mism=0
U???Fnuve{No??A?S??O?A?@O???Fw?Fw?B{??~? n=22 c=5 b=4 nu_cut=3 good=35 nongen=[] mism=0
Y???E~uzd{^O????O_?????@Q?@??@????BZ??jo?Fk??^O??}O??ro? n=26 c=5 b=6 nu_cut=3 good=52 nongen=[] mism=0
U???E~y|b{]oA?_?P????D??G???Fw?Fw?B{??~? n=22 c=5 b=4 nu_cut=3 good=38 nongen=[] mism=0
W??F~z{~A?G?????@??O???Ao???Ng?Uw?Ng?B{??ZW?@v? n=24 c=4 b=6 nu_cut=3 good=46 nongen=[] mism=0
Y???Fv{zfw\oL????O????_A???C??????Bj??Vo?By??]g??n_??\o? n=26 c=5 b=6 nu_cut=3 good=49 nongen=[] mism=0
W???E~y^fwZoG?G???A?????_?Cc???Fw?@}??z_?F[??^_ n=24 c=5 b=5 nu_cut=3 good=41 nongen=[] mism=0
W????@zvfMNg]ofo???a?_?A??@G?C?????~??No?@}??Fw n=24 c=6 b=4 nu_cut=3 good=46 nongen=[] mism=0
Y???Fvu~Fk^_Q?????@K????G??O??????@z??yo?FM??Uw??zO??Vo? n=26 c=5 b=6 nu_cut=3 good=49 nongen=[] mism=0
Y???FnuzfsZoo_B???@???????@???????@n??]o?@}??\W??lo??nO? n=26 c=5 b=6 nu_cut=3 good=47 nongen=[] mism=0
Y????A|VuyXw}_^OC??E?G?AO?@???????????Lw?@^??Fw??Fw??Mw? n=26 c=6 b=5 nu_cut=3 good=48 nongen=[] mism=0
Y????BjfvwUwzOfo?O??????A??i?B????????NW?@v??B{??Ng??NW? n=26 c=6 b=5 nu_cut=3 good=46 nongen=[] mism=0
U??F~z{~?W?_??s????O?????Jw?No?]o?Mw?Bm? n=22 c=4 b=5 nu_cut=3 good=40 nongen=[] mism=0
Y??F~z{~@?????????@????B???w???[s?Je?A{_?Mw?@l_?@}??Bl?? n=26 c=4 b=7 nu_cut=3 good=50 nongen=[] mism=0
Y??F~z{~?O??A?????F????B???????J[?LU?@]_?]o?@tO?@r_?Az?? n=26 c=4 b=7 nu_cut=3 good=50 nongen=[] mism=0
Y??????ZvwU[yWrgFsDN?C??B??_??_??H????????^_?@}??B{??B{? n=26 c=7 b=4 nu_cut=3 good=52 nongen=[] mism=0
W???Fl}nfk^_A???@?@G?A?@O??????Fk?B{??}_?F[??No n=24 c=5 b=5 nu_cut=3 good=47 nongen=[] mism=0
Y??????yllNKfWuoS{C}?GG@??A??????g??O?????^_?@}??B{??B{? n=26 c=7 b=4 nu_cut=3 good=52 nongen=[] mism=0
Y???E~]nd{\o????Q?@????@??@??B????A|??fo?Fk??^O??z_??ro? n=26 c=5 b=6 nu_cut=3 good=52 nongen=[] mism=0
Y??????zUrYkMwlgJkDm??_?A????@G?A?_??_????^_?@}??B{??B{? n=26 c=7 b=4 nu_cut=3 good=52 nongen=[] mism=0
U??F~z{~????E?w??_?G?????Mw?\o?^O?Lw?@}? n=22 c=4 b=5 nu_cut=3 good=38 nongen=[] mism=0
U???Fvmnf[^_C?W?G_?_????O???Fw?Fw?B{??~? n=22 c=5 b=4 nu_cut=3 good=40 nongen=[] mism=0
Y???Fzuze{Zo??I_H????C????????_???Bm??fo?@}??VW??to??zO? n=26 c=5 b=6 nu_cut=3 good=49 nongen=[] mism=0
W??F~z{~?o????G???Cg?G??????[w?NW?Ls?By??ZW??}_ n=24 c=4 b=6 nu_cut=3 good=44 nongen=[] mism=0
W????@}nUyNojoVoO?C??O_???C??A_????~??No?@}??Fw n=24 c=6 b=4 nu_cut=3 good=46 nongen=[] mism=0
Y??F~z{~????_???G?@o???A??A????ZS?Le?BT_?Zg??Zo?Bj??Ay_? n=26 c=4 b=7 nu_cut=3 good=45 nongen=[] mism=0
Y??????fr]Mk}_kwP{FM??G?g?A@????@????G????^_?@}??B{??B{? n=26 c=7 b=4 nu_cut=3 good=50 nongen=[] mism=0
Y????Bu}TuRwz_roIG?a?G????@???????????Lw?@|??B{??Jw??Fw? n=26 c=6 b=5 nu_cut=3 good=52 nongen=[] mism=0
W??F~z{~?GY???A??????A??C???Lw?Tw?Fs?A|??Tw??~? n=24 c=4 b=6 nu_cut=3 good=34 nongen=[] mism=0
W???F^]|e{\oG???A?@??c??o??????Fk?Bm??}_?Fw??Vo n=24 c=5 b=5 nu_cut=3 good=42 nongen=[] mism=0
Y??F~z{~C?G???????C??O????@g???Rk?Dy?Av??\K?@m_?Br??@v?? n=26 c=4 b=7 nu_cut=3 good=52 nongen=[] mism=0
Y??F~z{~????q???K????C?????_???Us?LM?@^??K{?@m_?A]_?@{_? n=26 c=4 b=7 nu_cut=3 good=50 nongen=[] mism=0
W????@}vRyYwZov_E?CC???AA?C????????~??No?@}??Fw n=24 c=6 b=4 nu_cut=3 good=39 nongen=[] mism=0
W????@||U]ZgmoVo?O?C?E?A_?????C????~??No?@}??Fw n=24 c=6 b=4 nu_cut=3 good=40 nongen=[] mism=0
Y??F~z{~??S_????A??_?H?????????Q{?Bu?B[_?Tw?@yO?Bq_?Aj_? n=26 c=4 b=7 nu_cut=3 good=50 nongen=[] mism=0
U??F~z{~??G?????G?Cg?K???No?^O?^O?NW?B]? n=22 c=4 b=5 nu_cut=3 good=38 nongen=[] mism=0
Y????B{yuu\gNo~???EA????@??C??C??A????No?@}??D{??Ng??Jw? n=26 c=6 b=5 nu_cut=3 good=49 nongen=[] mism=0
W???Fnu}fsNo??@?@?C_?B?????G???E{?B]??|_?F[??^_ n=24 c=5 b=5 nu_cut=3 good=40 nongen=[] mism=0
Y???D~y}fwNo@?@???CO???????G?@_???@v??Vo?Fw??Uw??ro??z_? n=26 c=5 b=6 nu_cut=3 good=54 nongen=[] mism=0
Y???Fy}~E{VoO_O????G??_@???C??????Az??nO?@}??]g??Zo??}O? n=26 c=5 b=6 nu_cut=3 good=42 nongen=[] mism=0
Y????BV\uu\Wn_{o?_?G??O????G?@o???????Fw?@z??Fs??Fw??Ng? n=26 c=6 b=5 nu_cut=3 good=44 nongen=[] mism=0
U???Fvu^d{^OE?`??????@?AC???Fw?Fw?B{??~? n=22 c=5 b=4 nu_cut=3 good=38 nongen=[] mism=0
Y???F^mvfk]oC?C????_??????A??@S????~??^O?By??Zo??z_??~?? n=26 c=5 b=6 nu_cut=3 good=38 nongen=[] mism=0
W????Br^V[VW}_\oO_CG?Q??C??????????~??No?@}??Fw n=24 c=6 b=4 nu_cut=3 good=44 nongen=[] mism=0
W??F~z{~????A????_B_????K???^O?^G?K{?B]??]g?@|? n=24 c=4 b=6 nu_cut=3 good=46 nongen=[] mism=0
W???D~]}e{NoG???C????G?@S??C???E{?By??v_?Fs??Vo n=24 c=5 b=5 nu_cut=3 good=42 nongen=[] mism=0
Y???E~u^fsNo_?W?@?C??A???????C????A|??~??Bm??Zo??mo??ro? n=26 c=5 b=6 nu_cut=3 good=52 nongen=[] mism=0
U??F~z{~AGU?O??????G?????No?Vo?No?NW?A}? n=22 c=4 b=5 nu_cut=3 good=40 nongen=[] mism=0
U???B~m~FwVo?_O_G?????_?W???Fw?Fw?B{??~? n=22 c=5 b=4 nu_cut=3 good=38 nongen=[] mism=0
Y????B{utmXw{oto@????G??_??_?@O??G????No??~??Fs??Jw??No? n=26 c=6 b=5 nu_cut=3 good=46 nongen=[] mism=0
W????@}}VeZW\oto???G?B??C?D???O????~??No?@}??Fw n=24 c=6 b=4 nu_cut=3 good=44 nongen=[] mism=0
Y??F~z{~??????A????_?E????DG???Zg?Mi?Av??ZK??Zo?BN??Bx?? n=26 c=4 b=7 nu_cut=3 good=52 nongen=[] mism=0
W???B~m^fw^O_?_???C????@_??S???Fk?B{??}_?Fs??Zo n=24 c=5 b=5 nu_cut=3 good=47 nongen=[] mism=0
Y???D~y^fkVo_?O?B?E???????A???????B\??xo?Bu??VW??zO??ro? n=26 c=5 b=6 nu_cut=3 good=52 nongen=[] mism=0
U??F~z{~@?O?????C?C??R???NW?^_?]o?No?Bm? n=22 c=4 b=5 nu_cut=3 good=35 nongen=[] mism=0
W???E}}nfsZo??G?@?A??W?@??@????F[?Bu??|_?F[??^_ n=24 c=5 b=5 nu_cut=3 good=39 nongen=[] mism=0
U???F^uzb{^_??__S??_?C??O???Fw?Fw?B{??~? n=22 c=5 b=4 nu_cut=3 good=40 nongen=[] mism=0
Y????BuZveUwroZoBGC????@_????C????????Ng?@v??B{??Fw??No? n=26 c=6 b=5 nu_cut=3 good=47 nongen=[] mism=0
W??F~z{~??C_????S_?_????O???Uw?]W?Ng?Av??No??^_ n=24 c=4 b=6 nu_cut=3 good=44 nongen=[] mism=0
W????BNfvqYwmo]o??@??O_?K?@??@?????~??No?@}??Fw n=24 c=6 b=4 nu_cut=3 good=40 nongen=[] mism=0
Y???Fn]~F[No??s???@O?A????@???????A|??nO?FU??Vg??yo??xo? n=26 c=5 b=6 nu_cut=3 good=48 nongen=[] mism=0
W??F~z{~????A?W???D_?A??????Vo?^O?E{?B\??\W??|_ n=24 c=4 b=6 nu_cut=3 good=44 nongen=[] mism=0
W????Az|ViTw}_|O@O?S????G??I???????~??No?@}??Fw n=24 c=6 b=4 nu_cut=3 good=44 nongen=[] mism=0
Y????AvyruVo|Oto@?A??A????@_?AO???????Fw?@|??Fk??No??Jw? n=26 c=6 b=5 nu_cut=3 good=52 nongen=[] mism=0
W??F~z{~??G?O?@????G?M??????Vg?\W?Js?Bt??VW?@f_ n=24 c=4 b=6 nu_cut=3 good=40 nongen=[] mism=0
W??F~z{~??G???O???C??F?A????Mw?Fw?Nc?Bl??Vo?@m_ n=24 c=4 b=6 nu_cut=3 good=46 nongen=[] mism=0
U??F~z{~COC???G??????T???No?No?^O?No?A}? n=22 c=4 b=5 nu_cut=3 good=38 nongen=[] mism=0
Y???B}}vfkZo????G????G??M?A??@????Bj??^O?B{??Yw??}O??mo? n=26 c=5 b=6 nu_cut=3 good=54 nongen=[] mism=0
Y??????{h^XknO{gM[Fp?@?????G?AC??C??c?????^_?@}??B{??B{? n=26 c=7 b=4 nu_cut=3 good=52 nongen=[] mism=0
W??F~z{~?O????C?[??O????O???^G?Mw?NK?Bm??Yw??n_ n=24 c=4 b=6 nu_cut=3 good=46 nongen=[] mism=0
Y???B~{zb{]o??_??????R?A??C???O???Az??mo?Fe??Vo??xo??|O? n=26 c=5 b=6 nu_cut=3 good=47 nongen=[] mism=0
Y??F~z{~??????d?G????G????B????\W?F[?Al_?I{?@qo?Be_?By?? n=26 c=4 b=7 nu_cut=3 good=45 nongen=[] mism=0
U??F~z{~?G??W?q??_???????Lw?\o?Vo?Mw?Bu? n=22 c=4 b=5 nu_cut=3 good=38 nongen=[] mism=0
Y??F~z{~?_A_?????_?????@g??????Q{?E{?Bl??VS??zO?@]_?Am_? n=26 c=4 b=7 nu_cut=3 good=52 nongen=[] mism=0
Y????BtNvYMw\ojo@????c??G??C??O??A????Fw?@n??B{??Mw??Jw? n=26 c=6 b=5 nu_cut=3 good=44 nongen=[] mism=0
Y???B}}|fkVoO???G????c?@???S??????@v??fo?Ey??^G??]o??\o? n=26 c=5 b=6 nu_cut=3 good=44 nongen=[] mism=0
Y????BuVryNo}Olo?GAW?__?@?????????????Jw?@^??F[??Mw??Lw? n=26 c=6 b=5 nu_cut=3 good=42 nongen=[] mism=0
W???E~y|e{]o??G?C?@??R??A??????B{?Bu??v_?Fw??]o n=24 c=5 b=5 nu_cut=3 good=42 nongen=[] mism=0
W???Fz{^e{Zo__G??????F??_??????F[?Bu??}_?B{??]o n=24 c=5 b=5 nu_cut=3 good=40 nongen=[] mism=0
Y???B~m~Fw]o?_??B_??????A?C???C???@}??nO?E{??ZW??v_??\o? n=26 c=5 b=6 nu_cut=3 good=48 nongen=[] mism=0
W??F~z{~??A?J???O?C_????????ZW?ZW?Js?Bm??Zo?@x_ n=24 c=4 b=6 nu_cut=3 good=46 nongen=[] mism=0
Y????@}yty^ONoNoG??E?O???????A??A@????Lw?@n??D{??No??Mw? n=26 c=6 b=5 nu_cut=3 good=44 nongen=[] mism=0
Y??????b|xUs}_ZoXsE]?O????@A??_?@O??C?????^_?@}??B{??B{? n=26 c=7 b=4 nu_cut=3 good=44 nongen=[] mism=0
Y???B~u|fsZoC_?????G?@??G??O??O???BN??]o?Fw??Xw??\o??|O? n=26 c=5 b=6 nu_cut=3 good=52 nongen=[] mism=0
U???B~m~B{^O_?O_E?C??_??????Fw?Fw?B{??~? n=22 c=5 b=4 nu_cut=3 good=40 nongen=[] mism=0
U??F~z{~EOB_?????????C???Jw?Vo?No?Fw?Bu? n=22 c=4 b=5 nu_cut=3 good=35 nongen=[] mism=0
Y??F~z{~?OY?@?A????G???????????Fw?J[?Aj_?Js?@do?Bl???n_? n=26 c=4 b=7 nu_cut=3 good=45 nongen=[] mism=0
W??F~z{~??D???q??_???@??????\g?VW?E{?Bm??Mw?@Z_ n=24 c=4 b=6 nu_cut=3 good=44 nongen=[] mism=0
Y????@vyumLwro|_Q???????O??_?C???K????Fw?@}??Fw??Jw??Fw? n=26 c=6 b=5 nu_cut=3 good=47 nongen=[] mism=0
Y???Fn]}fs]o@_@??_???????????DO???Bl??v_?E]??No??v_??No? n=26 c=5 b=6 nu_cut=3 good=44 nongen=[] mism=0
U??F~z{~?G????W?Y??G?????Mw?]o?Vo?NW?B]? n=22 c=4 b=5 nu_cut=3 good=38 nongen=[] mism=0
W???Fzyne{No????KOC??B?A???????Fk?@}??v_?E{??^_ n=24 c=5 b=5 nu_cut=3 good=45 nongen=[] mism=0
Y??F~z{~????_?T???C??Q?????????]S?B]?BN??\K?@{_?BL_?Bf?? n=26 c=4 b=7 nu_cut=3 good=50 nongen=[] mism=0
W??F~z{~?O[?A????_??????C???No?Vg?D{?BZ??Vo?@Z_ n=24 c=4 b=6 nu_cut=3 good=46 nongen=[] mism=0
W???Fn{}fsZo@?@????O?o??G??G???B{?By??z_?F[??]o n=24 c=5 b=5 nu_cut=3 good=40 nongen=[] mism=0
Y??F~z{~???_????Y??G?g?????????Q{?I]?BY_?VK??yo?@t_?Az?? n=26 c=4 b=7 nu_cut=3 good=44 nongen=[] mism=0
W???F\}zfwNo??????@_??_?A?EG???Fw?B{??v_?F[??^O n=24 c=5 b=5 nu_cut=3 good=37 nongen=[] mism=0
W????@}^eyNg}_roCGC?????B?C??C?????~??No?@}??Fw n=24 c=6 b=4 nu_cut=3 good=46 nongen=[] mism=0
Y???D~y~FsNoA????????@?Aa??G??G???@z??|O?Fq??ZW??^_??Zo? n=26 c=5 b=6 nu_cut=3 good=47 nongen=[] mism=0
W???B}}|fw^O??e?G?CC??????A????D{?B{??^_?F[??Vo n=24 c=5 b=5 nu_cut=3 good=45 nongen=[] mism=0
Y????@nZvw^_vOfo?????_?@B????CC??A????Lw?@|??Fs??Mw??Mw? n=26 c=6 b=5 nu_cut=3 good=52 nongen=[] mism=0
Y???Fnm~B{VoF??_?????a??A?????????Bt??]o?D{??Mw??Zo??z_? n=26 c=5 b=6 nu_cut=3 good=52 nongen=[] mism=0
Y???D~u}d{^_O?D?G???????A?AC??????B\??No?C}??^O??vO??\o? n=26 c=5 b=6 nu_cut=3 good=48 nongen=[] mism=0
U??F~z{~?g??A?A??????s???Fw?^_?Vo?Mw?B{? n=22 c=4 b=5 nu_cut=3 good=38 nongen=[] mism=0
W??F~z{~??S???????Ag?g??????Ng?]g?Jk?Bx??NW?@V_ n=24 c=4 b=6 nu_cut=3 good=46 nongen=[] mism=0
W???Fn{}e{^O@?G_???G?@????C_???Fw?A}??z_?Fs??No n=24 c=5 b=5 nu_cut=3 good=47 nongen=[] mism=0
Y????An\q}Twuon_?????G??P?@?????@S????Mw?@}??Fw??Fw??Jw? n=26 c=6 b=5 nu_cut=3 good=48 nongen=[] mism=0
W??F~z{~??C?G?_?O?Ag????????Rw?\g?M[?Bx??^O?@|? n=24 c=4 b=6 nu_cut=3 good=46 nongen=[] mism=0
Y??????NX^Js}O[wP{EN?_?@_????C??@O??_?????^_?@}??B{??B{? n=26 c=7 b=4 nu_cut=3 good=52 nongen=[] mism=0
Y??F~z{~????A???H?A???????D_???ZW?Hu?@m_?]o?@x_?Bs_?Bl?? n=26 c=4 b=7 nu_cut=3 good=52 nongen=[] mism=0
Y???Fny~D{\o??P??O????_???BO??????BV??\o?Dy??Vg??zO??yo? n=26 c=5 b=6 nu_cut=3 good=52 nongen=[] mism=0
U???B~u|b{^OB?A??_?O???A_???Fw?Fw?B{??~? n=22 c=5 b=4 nu_cut=3 good=34 nongen=[] mism=0
W????A|fryXwnO\o?OAC?O_???@O???????~??No?@}??Fw n=24 c=6 b=4 nu_cut=3 good=44 nongen=[] mism=0
Y???Fnyzfk^OA????_???A?A_??G??O???BV??uo?Bm??Zg??|_??mo? n=26 c=5 b=6 nu_cut=3 good=42 nongen=[] mism=0
W???F^{^d{^O??H????_???AI??_???Fs?B{??|_?D{??^O n=24 c=5 b=5 nu_cut=3 good=45 nongen=[] mism=0
W???B~u^d{Vo_?A?GOC????A???O???D{?By??^_?E{??\o n=24 c=5 b=5 nu_cut=3 good=41 nongen=[] mism=0
W??F~z{~????????J?@??o??_???^G?^G?NW?Bf??Tw?@Z_ n=24 c=4 b=6 nu_cut=3 good=44 nongen=[] mism=0
W????A}}RyVgyo^_?OAG??_?S??C???????~??No?@}??Fw n=24 c=6 b=4 nu_cut=3 good=46 nongen=[] mism=0
U??F~z{~@G??C???A????p???No?]o?\o?Fw?B{? n=22 c=4 b=5 nu_cut=3 good=38 nongen=[] mism=0
W???E|}}fw^O??@?C??S?@??C?@????D{?B{??v_?F[??^_ n=24 c=5 b=5 nu_cut=3 good=40 nongen=[] mism=0
W???E|}zfs^O??D?A??G???AA??G???Fs?Bm??n_?B{??\o n=24 c=5 b=5 nu_cut=3 good=42 nongen=[] mism=0
Y??F~z{~DO?_C?C????G???????????ZS?Hy?BZ??Lk??ro?@z???^_? n=26 c=4 b=7 nu_cut=3 good=45 nongen=[] mism=0
Y??F~z{~????E?O????????@??D_???^O?Lq?@z??Xw??zO?AN_?BZ?? n=26 c=4 b=7 nu_cut=3 good=50 nongen=[] mism=0
Y????@|vfwVovOxo?GCC????@?@???A??_????Jw?@}??E{??No??Fw? n=26 c=6 b=5 nu_cut=3 good=42 nongen=[] mism=0
W??F~z{~C??_??U???CG????????\W?^G?E{?An??^_??^_ n=24 c=4 b=6 nu_cut=3 good=46 nongen=[] mism=0
W??F~z{~????b???F??_????????Yw?VW?F[?BN??[w?@n? n=24 c=4 b=6 nu_cut=3 good=41 nongen=[] mism=0
U???Fvu~B{^_?_?_@_?C?a??????Fw?Fw?B{??~? n=22 c=5 b=4 nu_cut=3 good=40 nongen=[] mism=0
Y??????MxvJsxg^G^OC^?GOA???g????A???_?????^_?@}??B{??B{? n=26 c=7 b=4 nu_cut=3 good=45 nongen=[] mism=0
W???B~yvfwZoG?Q?C??????AC?@????F[?A}??}_?D{??Zo n=24 c=5 b=5 nu_cut=3 good=47 nongen=[] mism=0
Y???Fv{~B{^O__?????C??_??????DG???B]??|_?D{??Ng??Vo??Zo? n=26 c=5 b=6 nu_cut=3 good=49 nongen=[] mism=0
U??F~z{~??A?h?E????O?????Fw?\o?Zo?No?B]? n=22 c=4 b=5 nu_cut=3 good=40 nongen=[] mism=0
Y??????vUfXsjg{oXkBl?@O??????@O??g??G?????^_?@}??B{??B{? n=26 c=7 b=4 nu_cut=3 good=50 nongen=[] mism=0
Y????@|]vwVoNoyoO????COA??????G?AC????Lw?@}??F[??NW??No? n=26 c=6 b=5 nu_cut=3 good=52 nongen=[] mism=0
Y??F~z{~?O????p????_???????o???Ng?Em?Az??\S?@Ro?BZ??Bl?? n=26 c=4 b=7 nu_cut=3 good=45 nongen=[] mism=0
Y???D~]^fkNo??_??????W?????k?C????@}??vO?Dm??\g??|O??Vo? n=26 c=5 b=6 nu_cut=3 good=52 nongen=[] mism=0
Y??F~z{~E???e?G???????????@????F[?H{?Bf??B{?@uO?@\_?BL_? n=26 c=4 b=7 nu_cut=3 good=50 nongen=[] mism=0
Y??F~z{~@???????A????p????@_???Ms?J[?@r_?Zg?@uO?Bx??At_? n=26 c=4 b=7 nu_cut=3 good=45 nongen=[] mism=0
U??F~z{~D_??B?@??????A???Fw?No?^_?Lw?By? n=22 c=4 b=5 nu_cut=3 good=40 nongen=[] mism=0
Y??F~z{~??????Q??????O??s??O???Xs?Ji?@n??\g?@VO?@]_?Bt?? n=26 c=4 b=7 nu_cut=3 good=52 nongen=[] mism=0
W??F~z{~@G??@?q??????G??????Yw?[w?Fs?Bm??Fw?@f_ n=24 c=4 b=6 nu_cut=3 good=46 nongen=[] mism=0
Y???Fv]nfsNo@?@?D?A_??????????G???Bj??fo?By??Yw??yo??v_? n=26 c=5 b=6 nu_cut=3 good=54 nongen=[] mism=0
W???E~mzfs^_C?C?A?A????AE??????D{?B]??}_?Fw??^O n=24 c=5 b=5 nu_cut=3 good=46 nongen=[] mism=0
Y??????ttuLkrguo]cD{??G??_B???????_??o????^_?@}??B{??B{? n=26 c=7 b=4 nu_cut=3 good=52 nongen=[] mism=0
W??F~z{~??@?C?A??????X??O???\W?Vg?Mw?B{??Zo??}_ n=24 c=4 b=6 nu_cut=3 good=40 nongen=[] mism=0
Y??F~z{~C???_?????@g????G??O???T[?Js?BY_?J[??zO?By??BL_? n=26 c=4 b=7 nu_cut=3 good=52 nongen=[] mism=0
Y??F~z{~C??????????o???@c?C????ZS?H{?@n??ZS?@tO?@}??Bt?? n=26 c=4 b=7 nu_cut=3 good=44 nongen=[] mism=0
Y???Fz]vb{^O@???C_@???????AO?@????@^??^_?Fi??ZW??|O??jo? n=26 c=5 b=6 nu_cut=3 good=52 nongen=[] mism=0
W???Fnm^e{]oG?A?????????Y?@O???Fw?B]??|_?Fs??^O n=24 c=5 b=5 nu_cut=3 good=45 nongen=[] mism=0
Y??F~z{~????B?G?C?Cg???????????J[?B]??|_?\S?@N_?Bb_?BR_? n=26 c=4 b=7 nu_cut=3 good=50 nongen=[] mism=0
Y????@}zS}VWnOyo??A??G_?C?A???G?@?????Mw??~??F[??Jw??Lw? n=26 c=6 b=5 nu_cut=3 good=47 nongen=[] mism=0
Y??F~z{~??@?????O?BG?_??G??????^C?MM?Ay_?^O?@mO?@t_?A\_? n=26 c=4 b=7 nu_cut=3 good=38 nongen=[] mism=0
W????@}ut{[wNo^OO?C??CO?a?C????????~??No?@}??Fw n=24 c=6 b=4 nu_cut=3 good=46 nongen=[] mism=0
U??F~z{~DOA?@?@????_?????Fw?Vo?No?Ng?By? n=22 c=4 b=5 nu_cut=3 good=35 nongen=[] mism=0
W???F^yzb{^_C?A????_?X??O??????Fk?@}??}_?E{??]o n=24 c=5 b=5 nu_cut=3 good=46 nongen=[] mism=0
Y????@n^ViZouo]o???g?_????C??????e????Fw?@}??D{??No??Mw? n=26 c=6 b=5 nu_cut=3 good=52 nongen=[] mism=0
Y???Fz{vf[]o?_?_A?@O????O?????C???B]??zO?E{??\W??}O??No? n=26 c=5 b=6 nu_cut=3 good=52 nongen=[] mism=0
Y?????~}Rm]o]oyoW_???CO????O?????G????No??~??E{??Fw??NW? n=26 c=6 b=5 nu_cut=3 good=47 nongen=[] mism=0
U???Fnu^f[ZoC?A?@??_?A??a???Fw?Fw?B{??~? n=22 c=5 b=4 nu_cut=3 good=38 nongen=[] mism=0
U??F~z{~C?O???????BO?D???Ng?Zo?^_?Jw?By? n=22 c=4 b=5 nu_cut=3 good=38 nongen=[] mism=0
Y??F~z{~@O????J?G?????????A????\g?MY?BF_?F[??mo?@f_?Bt?? n=26 c=4 b=7 nu_cut=3 good=44 nongen=[] mism=0
Y???Fvm^fwNo_????_?o?@?A??C???????A|??\o?E]??[w??n_??yo? n=26 c=5 b=6 nu_cut=3 good=52 nongen=[] mism=0
U??F~z{~D_????P??_???O???Fw?No?Vo?Mw?B{? n=22 c=4 b=5 nu_cut=3 good=40 nongen=[] mism=0
U???B}}}fsZo@?O????G?G_@C???Fw?Fw?B{??~? n=22 c=5 b=4 nu_cut=3 good=38 nongen=[] mism=0
W??F~z{~A?R???P????G????????Xw?Ng?H{?An??\g?@\_ n=24 c=4 b=6 nu_cut=3 good=46 nongen=[] mism=0
U???Fn]~F[ZoG?G?OO?K????_???Fw?Fw?B{??~? n=22 c=5 b=4 nu_cut=3 good=40 nongen=[] mism=0
Y????Bu^ey^GVon_?W???`?????A??A??A????Mw?@^??B{??Fw??Lw? n=26 c=6 b=5 nu_cut=3 good=52 nongen=[] mism=0
Y???Fm}nfw^_????SOA??O??C????A????BV??yo?E{??Lw??fo??lo? n=26 c=5 b=6 nu_cut=3 good=49 nongen=[] mism=0
U??F~z{~?_????J?A????o???Mw?Vo?\o?Ng?B{? n=22 c=4 b=5 nu_cut=3 good=38 nongen=[] mism=0
W???E}}^fs^_??_?C?@????@S?C????Fs?A}??^_?F[??^O n=24 c=5 b=5 nu_cut=3 good=47 nongen=[] mism=0
W??F~z{~??E???_?E_C?????????]W?Xw?I{??~??Yw?@z? n=24 c=4 b=6 nu_cut=3 good=44 nongen=[] mism=0
U???Fn{^f[]o??o?@??O??_?I???Fw?Fw?B{??~? n=22 c=5 b=4 nu_cut=3 good=38 nongen=[] mism=0
Y??F~z{~?_L???@????_?@?????????U[?NS?Am_?[k??\o?AN_?@Z_? n=26 c=4 b=7 nu_cut=3 good=52 nongen=[] mism=0
U???F^m|fk^_I???A??_?a??O???Fw?Fw?B{??~? n=22 c=5 b=4 nu_cut=3 good=40 nongen=[] mism=0
W?????~vRuTw~?moG?CG?D?@??A????????~??No?@}??Fw n=24 c=6 b=4 nu_cut=3 good=46 nongen=[] mism=0
Y???Fzu|f[^O??`_???_?M????????????A^??lo?Dm??Lw??xo??Zo? n=26 c=5 b=6 nu_cut=3 good=42 nongen=[] mism=0
Y???Fnmvb{No??C?A????`_???B???????@v??to?C}??^_??vO??\o? n=26 c=5 b=6 nu_cut=3 good=44 nongen=[] mism=0
Y??????NlrYkZgdwJsBy??_A??AO?C??AA????????^_?@}??B{??B{? n=26 c=7 b=4 nu_cut=3 good=50 nongen=[] mism=0
U??F~z{~??O_O?????Co?O???Ng?]o?Zo?Ng?A}? n=22 c=4 b=5 nu_cut=3 good=38 nongen=[] mism=0
U???E~{nfsZo??G?C??o?W?@????Fw?Fw?B{??~? n=22 c=5 b=4 nu_cut=3 good=38 nongen=[] mism=0
Y??????ezyW{lgug^OA^????_?@??@???W??P?????^_?@}??B{??B{? n=26 c=7 b=4 nu_cut=3 good=52 nongen=[] mism=0
Y???Ft}vfs^_???????G?H?B?????@G???Bt??v_?E]??Mw??mo??}_? n=26 c=5 b=6 nu_cut=3 good=52 nongen=[] mism=0
W????Brnd]JwVoto??@??G?@@?CG?@?????~??No?@}??Fw n=24 c=6 b=4 nu_cut=3 good=46 nongen=[] mism=0
Y???D|}vd{\o??@???@o?O?@?????A????Bf??z_?E]??^G??mo??to? n=26 c=5 b=6 nu_cut=3 good=53 nongen=[] mism=0
Y???F^ynf[NoC?c??????A_?O????C????Bl??lo?Fe??No??n_??}O? n=26 c=5 b=6 nu_cut=3 good=52 nongen=[] mism=0
W??F~z{~??A?b?O????_?O??????Fw?\g?I{?BZ??Jw?@N_ n=24 c=4 b=6 nu_cut=3 good=40 nongen=[] mism=0
W??F~z{~?O????G?@?@??d??????Vg?VW?F[?Bl??^O??}_ n=24 c=4 b=6 nu_cut=3 good=46 nongen=[] mism=0
Y???Fzm}b{Zo??G?T????p????????????Bf??No?Em??Rw??to??]o? n=26 c=5 b=6 nu_cut=3 good=49 nongen=[] mism=0
U???D~{|e{^_O_?_???g??_@????Fw?Fw?B{??~? n=22 c=5 b=4 nu_cut=3 good=38 nongen=[] mism=0
U???B~{zf[^_C?C?OO@G????O???Fw?Fw?B{??~? n=22 c=5 b=4 nu_cut=3 good=35 nongen=[] mism=0
U??F~z{~??A?c???O?BG?????No?^O?Zo?Fw?By? n=22 c=4 b=5 nu_cut=3 good=40 nongen=[] mism=0
W?????~Zrm^OfoloG?CA?O??K????A?????~??No?@}??Fw n=24 c=6 b=4 nu_cut=3 good=40 nongen=[] mism=0
W??F~z{~????J?c????_???A????]W?No?K{?An??Rw?@f_ n=24 c=4 b=6 nu_cut=3 good=46 nongen=[] mism=0
Y??????wxnVgmgtg[wC^????K?A?????@O??S?????^_?@}??B{??B{? n=26 c=7 b=4 nu_cut=3 good=44 nongen=[] mism=0
W????A|ndmMw]oto@??O?@_?G????AA????~??No?@}??Fw n=24 c=6 b=4 nu_cut=3 good=40 nongen=[] mism=0
W?????~~Fw]o}OloP?AC??O????A??A????~??No?@}??Fw n=24 c=6 b=4 nu_cut=3 good=40 nongen=[] mism=0
U??F~z{~@O????@?Y????@???Mw?]o?No?NW?B]? n=22 c=4 b=5 nu_cut=3 good=38 nongen=[] mism=0
U???F^{zd{ZoP?C?A??C????Q???Fw?Fw?B{??~? n=22 c=5 b=4 nu_cut=3 good=38 nongen=[] mism=0
U???Fn{^f[^_???_?OAG??_A_???Fw?Fw?B{??~? n=22 c=5 b=4 nu_cut=3 good=40 nongen=[] mism=0
W????Bytt]VWuoVo?_?G????C?@A?B?????~??No?@}??Fw n=24 c=6 b=4 nu_cut=3 good=46 nongen=[] mism=0
Y????@nZuuVg]oz_???_?_?A??@A??_?A?????NW?@v??F[??Jw??Fw? n=26 c=6 b=5 nu_cut=3 good=49 nongen=[] mism=0
W???F^m^fs^OC?_?C_?_?C?A???????E{?By??|_?D{??No n=24 c=5 b=5 nu_cut=3 good=41 nongen=[] mism=0
Y???Fny}fw^_@??_???C?@??A?????g???Bm??yo?B{??^G??xo??No? n=26 c=5 b=6 nu_cut=3 good=45 nongen=[] mism=0
W??F~z{~??????X?B??o????????Mw?Xw?Mk?Bu??Vg?@t_ n=24 c=4 b=6 nu_cut=3 good=46 nongen=[] mism=0
W????@z|f[ZWnO~???B???O?K??A??A????~??No?@}??Fw n=24 c=6 b=4 nu_cut=3 good=46 nongen=[] mism=0
W???D~mvb{Zo????AO@?????k?@????Fs?B]??^_?E{??^O n=24 c=5 b=5 nu_cut=3 good=45 nongen=[] mism=0
Y??????TyvFwfozO]SD{??G??_?Q?@???_???G????^_?@}??B{??B{? n=26 c=7 b=4 nu_cut=3 good=50 nongen=[] mism=0
W????@n}Ve^_VozO???K?a??A??K???????~??No?@}??Fw n=24 c=6 b=4 nu_cut=3 good=44 nongen=[] mism=0
Y??????nbuQ{ewNoXkBm?I?@??A?????@???@G????^_?@}??B{??B{? n=26 c=7 b=4 nu_cut=3 good=45 nongen=[] mism=0
U??F~z{~@?H_??????@_?C???Jw?^O?Vo?No?By? n=22 c=4 b=5 nu_cut=3 good=40 nongen=[] mism=0
Y??????fnb[wTwewT[A}????G?@O?C@??_??G?????^_?@}??B{??B{? n=26 c=7 b=4 nu_cut=3 good=50 nongen=[] mism=0
U???B}}^fk^__?A?O?CO????S???Fw?Fw?B{??~? n=22 c=5 b=4 nu_cut=3 good=38 nongen=[] mism=0
W????Btyq}ZgNoVo??@??G?AC?D??C?????~??No?@}??Fw n=24 c=6 b=4 nu_cut=3 good=41 nongen=[] mism=0
W????Bjmvw\W^O|OOO???@??O??g??G????~??No?@}??Fw n=24 c=6 b=4 nu_cut=3 good=39 nongen=[] mism=0
U??F~z{~?_A???A????O?X???NW?^_?Vo?No?Bm? n=22 c=4 b=5 nu_cut=3 good=40 nongen=[] mism=0
Y???D~]^fsNo????[????C?Ag?????????An??Vo?Du??Yw??yo??uo? n=26 c=5 b=6 nu_cut=3 good=48 nongen=[] mism=0
W???Fz{vb{^O??I_?O@_???????C???D{?Bm??^_?Fw??Vo n=24 c=5 b=5 nu_cut=3 good=45 nongen=[] mism=0
Y???Ft}}fk^_??@??_A?????Y??G??????Az??fo?Du??[w??|O??}O? n=26 c=5 b=6 nu_cut=3 good=48 nongen=[] mism=0
W??F~z{~??@?A???G????O?AS???Yw?]o?Nc?@z??Zo?@^? n=24 c=4 b=6 nu_cut=3 good=46 nongen=[] mism=0
U??F~z{~?GH???????E_?@???Ng?Vo?^O?NW?Bm? n=22 c=4 b=5 nu_cut=3 good=38 nongen=[] mism=0
U??F~z{~@???????C?CW?Q???Mw?^O?Vo?Ng?B{? n=22 c=4 b=5 nu_cut=3 good=38 nongen=[] mism=0
Y??F~z{~??????_?B_???G?A??@????Tw?NW?Bu??S{??{o?BU_?Bx?? n=26 c=4 b=7 nu_cut=3 good=45 nongen=[] mism=0
W????B]NtmXw}_NoB????O?@??A??@A????~??No?@}??Fw n=24 c=6 b=4 nu_cut=3 good=46 nongen=[] mism=0
W???Ft}|fkZo??A?@????s?AA??????Fs?A}??|_?Fk??Zo n=24 c=5 b=5 nu_cut=3 good=45 nongen=[] mism=0
Y??F~z{~????P?@?G????i?????????J[?Fs?A\_?[[?@uO?@V_?BT_? n=26 c=4 b=7 nu_cut=3 good=52 nongen=[] mism=0
U??F~z{~C???P?L?O????????Mw?]o?Zo?Jw?Bm? n=22 c=4 b=5 nu_cut=3 good=38 nongen=[] mism=0
Y????BN~A}ZWyoNo?o??????_????@??AS????Ng??~??Fw??No??Fw? n=26 c=6 b=5 nu_cut=3 good=52 nongen=[] mism=0
U???E|}vfwVoG_G?W????G_?????Fw?Fw?B{??~? n=22 c=5 b=4 nu_cut=3 good=38 nongen=[] mism=0
W????@zrru^O|_^OO?C?????D?C???S????~??No?@}??Fw n=24 c=6 b=4 nu_cut=3 good=40 nongen=[] mism=0
Y???D|}}fk]o_?A_???????A?????Ag???Az??nO?Fk??]o??Vo??^_? n=26 c=5 b=6 nu_cut=3 good=47 nongen=[] mism=0
Y??????yqvVKn_]oUwAn?O??c??@??@?@?_???????^_?@}??B{??B{? n=26 c=7 b=4 nu_cut=3 good=44 nongen=[] mism=0
Y????Bu^fUZgzO{o?o?O?A???????CK???????Fw?@|??B{??Jw??Ng? n=26 c=6 b=5 nu_cut=3 good=52 nongen=[] mism=0
U???F^{zb{No_?_?O????S??Q???Fw?Fw?B{??~? n=22 c=5 b=4 nu_cut=3 good=40 nongen=[] mism=0
W????BlNvwNgjouo?OCA??_?O??C??_????~??No?@}??Fw n=24 c=6 b=4 nu_cut=3 good=44 nongen=[] mism=0
U???E~m|b{No??_?Q?C_????a???Fw?Fw?B{??~? n=22 c=5 b=4 nu_cut=3 good=38 nongen=[] mism=0
U???D}}vf[No??S?OOA????@O???Fw?Fw?B{??~? n=22 c=5 b=4 nu_cut=3 good=38 nongen=[] mism=0
W???F^mvb{Vo????H??_????o?@_???Fs?@}??~??E{??\o n=24 c=5 b=5 nu_cut=3 good=45 nongen=[] mism=0
Y??????{j{XwkwzGVoEy??G???AO??B??@_???????^_?@}??B{??B{? n=26 c=7 b=4 nu_cut=3 good=50 nongen=[] mism=0
Y????BZ|feLw|OnO???O?@??G??G????@g????Lw?@n??Fw??No??NW? n=26 c=6 b=5 nu_cut=3 good=47 nongen=[] mism=0
W????@}mr{ZWjo\oO?AO???@_?C??C?????~??No?@}??Fw n=24 c=6 b=4 nu_cut=3 good=46 nongen=[] mism=0
W??F~z{~??O?G?_?B_??????_???Fw?^O?NS?BV??Tw?@y_ n=24 c=4 b=6 nu_cut=3 good=46 nongen=[] mism=0
W???Fl}|d{\oO???S????O??Y??????Fs?Bm??n_?Fs??Zo n=24 c=5 b=5 nu_cut=3 good=42 nongen=[] mism=0
W????Bt\vUZWmoxo@??G?@??K?C_???????~??No?@}??Fw n=24 c=6 b=4 nu_cut=3 good=44 nongen=[] mism=0
U??F~z{~@_????A???D_?A???No?No?]o?Ng?By? n=22 c=4 b=5 nu_cut=3 good=38 nongen=[] mism=0
U???Fzmve{^O??K?P?@??K??????Fw?Fw?B{??~? n=22 c=5 b=4 nu_cut=3 good=38 nongen=[] mism=0
Y??????jnpXkqwjoUs@v?C?@?????A_?@???H?????^_?@}??B{??B{? n=26 c=7 b=4 nu_cut=3 good=50 nongen=[] mism=0
Y??F~z{~@?A?C???C?????????EG???R[?B{?@z??Us?@eo?B{??Bt?? n=26 c=4 b=7 nu_cut=3 good=52 nongen=[] mism=0
U??F~z{~?_??_???L?C??C???Jw?]o?]o?Mw?B]? n=22 c=4 b=5 nu_cut=3 good=40 nongen=[] mism=0
W??F~z{~???_C?@?A??????Ag???\o?Fw?NW?B]??Vg?@u_ n=24 c=4 b=6 nu_cut=3 good=46 nongen=[] mism=0
Y???Fn{zf[^O@?W????_?@?????_??_???Az??jo?Ey??Mw??}_??v_? n=26 c=5 b=6 nu_cut=3 good=52 nongen=[] mism=0
U??F~z{~??M?@?A?@??G?????Jw?Zo?]o?Jw?Bu? n=22 c=4 b=5 nu_cut=3 good=35 nongen=[] mism=0
W??F~z{~??E_??O?E?A?????????]W?Rw?J[?@|??Lw?@^? n=24 c=4 b=6 nu_cut=3 good=44 nongen=[] mism=0
W????Bm|dmTw|OjoG??E?E?@?????A?????~??No?@}??Fw n=24 c=6 b=4 nu_cut=3 good=39 nongen=[] mism=0
W??F~z{~??????A???CG?[??G???\o?Lw?No?@|??^O?@{_ n=24 c=4 b=6 nu_cut=3 good=39 nongen=[] mism=0
Y??F~z{~??[??????_?G????G??O???Ts?Je?BF_?Yw??|O?A|???n_? n=26 c=4 b=7 nu_cut=3 good=52 nongen=[] mism=0
Y????Bm|RuNozOyoP??E???????_??_??O????Jw?@z??Fk??Lw??Fw? n=26 c=6 b=5 nu_cut=3 good=50 nongen=[] mism=0
U???F]}~B{No_???O?E??O??E???Fw?Fw?B{??~? n=22 c=5 b=4 nu_cut=3 good=38 nongen=[] mism=0
W????BfjtmZgnOxoCO?O?A?????O?A_????~??No?@}??Fw n=24 c=6 b=4 nu_cut=3 good=39 nongen=[] mism=0
Y???Fv]^fw^O@?Q?O????@??C?C???????@z??lo?Fq??Tw??uo??xo? n=26 c=5 b=6 nu_cut=3 good=48 nongen=[] mism=0
W??F~z{~????I?G?@?EG????????ZW?]o?Lw?Br??[w?@t_ n=24 c=4 b=6 nu_cut=3 good=40 nongen=[] mism=0
W??F~z{~D_@???A???A????@????^O?Zo?Fw?@n??Uw??n_ n=24 c=4 b=6 nu_cut=3 good=40 nongen=[] mism=0
U??F~z{~?_??@?C??_???w???Fw?\o?^_?NW?B{? n=22 c=4 b=5 nu_cut=3 good=40 nongen=[] mism=0
Y??F~z{~????????C?@G?s?????G???\K?Mw??~??^C?@wo?Bx??BV?? n=26 c=4 b=7 nu_cut=3 good=45 nongen=[] mism=0
Y????BtnTm^Gmouo?_A??@?@C?A???C???????NW?@z??Fw??Mw??Mw? n=26 c=6 b=5 nu_cut=3 good=41 nongen=[] mism=0
Y??????zfYMsewswMsEf?I?A@?@???O?????A?????^_?@}??B{??B{? n=26 c=7 b=4 nu_cut=3 good=50 nongen=[] mism=0
U??F~z{~????U?G???AG?G???Lw?\o?Zo?Ng?Bu? n=22 c=4 b=5 nu_cut=3 good=38 nongen=[] mism=0
Y??F~z{~??E?@??????G?q?????????Lw?Ji?Al_?Zc?@lO?At_?Al_? n=26 c=4 b=7 nu_cut=3 good=50 nongen=[] mism=0
Y????@|{p}^_}_to?_??????G??O?EA??C????Fw?@|??E{??Jw??Ng? n=26 c=6 b=5 nu_cut=3 good=54 nongen=[] mism=0
W??F~z{~??B_????G????K?@????Rw?Vo?NS?Bl??No??^_ n=24 c=4 b=6 nu_cut=3 good=44 nongen=[] mism=0
Y???E~m|fsVo??????CO?I_?O?????_???B]??lo?FU??[w??{o??fo? n=26 c=5 b=6 nu_cut=3 good=52 nongen=[] mism=0
U???E~y|fs\oE???I??G?@??C???Fw?Fw?B{??~? n=22 c=5 b=4 nu_cut=3 good=40 nongen=[] mism=0
Y??F~z{~????????H_C????A??@O???]g?J[?@{_?Y[??Vo??z_?Bu?? n=26 c=4 b=7 nu_cut=3 good=50 nongen=[] mism=0
Y??F~z{~A???W???C??????????w???Rs?MM?@z??Jw?@y_?@V_?@|?? n=26 c=4 b=7 nu_cut=3 good=45 nongen=[] mism=0
U??F~z{~C?????K?O????L???Jw?^_?\o?Lw?B{? n=22 c=4 b=5 nu_cut=3 good=38 nongen=[] mism=0
U??F~z{~A?D_??????A??B???Jw?\o?^_?NW?A}? n=22 c=4 b=5 nu_cut=3 good=38 nongen=[] mism=0
Y??????}I^[wug{g^CCz????C??G?@C??P??@?????^_?@}??B{??B{? n=26 c=7 b=4 nu_cut=3 good=45 nongen=[] mism=0
Y??????V]xNc|OZgZWD]??gA@??C??@??A????????^_?@}??B{??B{? n=26 c=7 b=4 nu_cut=3 good=50 nongen=[] mism=0
W??F~z{~AO??_?M??????_??????Vg?[w?D{?Bf??\g??}_ n=24 c=4 b=6 nu_cut=3 good=39 nongen=[] mism=0
W???Fzy}fwVo??@?QO???@??C??O???E{?@}??|_?Fs??Zo n=24 c=5 b=5 nu_cut=3 good=42 nongen=[] mism=0
Y??????xj][[No^OXkDf?C??O??o??O?????__????^_?@}??B{??B{? n=26 c=7 b=4 nu_cut=3 good=50 nongen=[] mism=0
Y????AvVuu^G|O]o?_C??@?AC????????I????Lw?@z??D{??No??Mw? n=26 c=6 b=5 nu_cut=3 good=52 nongen=[] mism=0
W???Fv{ne{ZoG??_??@?????a?CG???E{?A}??~??Fs??^O n=24 c=5 b=5 nu_cut=3 good=45 nongen=[] mism=0
Y??F~z{~??E_????W????_????A????^O?H{?A\_?]c?@Jo?Af_?@x_? n=26 c=4 b=7 nu_cut=3 good=52 nongen=[] mism=0
Y???E~{}f[No???_@_???L??A?????????B{??fo?Fk??Yw??mo??xo? n=26 c=5 b=6 nu_cut=3 good=52 nongen=[] mism=0
W??F~z{~??O???F?O?@??G??????VW?Fw?Ms?Bm??]g??v_ n=24 c=4 b=6 nu_cut=3 good=46 nongen=[] mism=0
Y???F]}zfk^_C_??AOB???????????_???BN??Vo?By??Lw??|_??to? n=26 c=5 b=6 nu_cut=3 good=52 nongen=[] mism=0
W???B~{|e{No??_???C??J?A??A????Fs?A}??|_?B{??]o n=24 c=5 b=5 nu_cut=3 good=46 nongen=[] mism=0
Y???Fu}vf[^O@?????B??D??S??????????~??vO?Fe??Yw??zO??yo? n=26 c=5 b=6 nu_cut=3 good=52 nongen=[] mism=0
U???Fm}nf[NoK?O?B????O?@????Fw?Fw?B{??~? n=22 c=5 b=4 nu_cut=3 good=40 nongen=[] mism=0
Y????A^zfw\WvO]oCGEC????O??_??????????Jw?@z??B{??Fw??Jw? n=26 c=6 b=5 nu_cut=3 good=52 nongen=[] mism=0
Y??F~z{~??R?O???B?????????A????Yw?B]?Ax_?S{??fo?Be_?A}?? n=26 c=4 b=7 nu_cut=3 good=50 nongen=[] mism=0
W???E|}}d{VoW?@??_???M?????????Fk?B]??^_?Fk??^_ n=24 c=5 b=5 nu_cut=3 good=40 nongen=[] mism=0
Y???Fnm}b{^O_?Q_???????AC??G??????B]??}O?Du??Rw??]o??nO? n=26 c=5 b=6 nu_cut=3 good=54 nongen=[] mism=0
Y??????ne\Fw}GZW]KFs?c??@??A????@A???O????^_?@}??B{??B{? n=26 c=7 b=4 nu_cut=3 good=52 nongen=[] mism=0
Y?????~fvM[wuon_A?A??O??O??Q?A????????NW?@n??Fs??Ng??Lw? n=26 c=6 b=5 nu_cut=3 good=48 nongen=[] mism=0
W??F~z{~????_?D?K_?????A????]o?Xw?Lw?@v??Vg?@r_ n=24 c=4 b=6 nu_cut=3 good=44 nongen=[] mism=0
W????B]Zr]ZWyo]oO??I?_??O??_?C?????~??No?@}??Fw n=24 c=6 b=4 nu_cut=3 good=39 nongen=[] mism=0
W????A^}fY\g~?foA_???O_?A????AC????~??No?@}??Fw n=24 c=6 b=4 nu_cut=3 good=44 nongen=[] mism=0
U??F~z{~??G_@?k??????O???Jw?\o?^O?Fw?Bm? n=22 c=4 b=5 nu_cut=3 good=40 nongen=[] mism=0
U??F~z{~???_??[??_E??????Lw?Vo?^O?Mw?Bm? n=22 c=4 b=5 nu_cut=3 good=38 nongen=[] mism=0
Y??F~z{~?GO__????????M?????????B{?Nc?An??Jk??Zo?BT_?B{?? n=26 c=4 b=7 nu_cut=3 good=52 nongen=[] mism=0
W??F~z{~????X?o?@????A??????Jw?Vg?L[?Bm??[w?@m_ n=24 c=4 b=6 nu_cut=3 good=44 nongen=[] mism=0
Y???F^u}d{]o@_A????O????W??_??????@v??|O?B]??\W??fo??}_? n=26 c=5 b=6 nu_cut=3 good=52 nongen=[] mism=0
Y??????yr{TsvO]gUsBN?CO????A?????P??AG????^_?@}??B{??B{? n=26 c=7 b=4 nu_cut=3 good=50 nongen=[] mism=0
W????A}^duZW}O^_???A?_OA@?@G???????~??No?@}??Fw n=24 c=6 b=4 nu_cut=3 good=39 nongen=[] mism=0
W??F~z{~?GA?C?@??????q??????Tw?Vg?Lk?Bl??Ng?@\_ n=24 c=4 b=6 nu_cut=3 good=40 nongen=[] mism=0
Y??F~z{~????L?????C??K????C????Zg?Hu?BY_?]K?@Fo?By??@z?? n=26 c=4 b=7 nu_cut=3 good=44 nongen=[] mism=0
Y??????neVYwvGkw]SBu?B????@@??O??C??@?????^_?@}??B{??B{? n=26 c=7 b=4 nu_cut=3 good=50 nongen=[] mism=0
U??F~z{~??O_e?????A??O???Lw?^_?No?Jw?B]? n=22 c=4 b=5 nu_cut=3 good=38 nongen=[] mism=0
Y???F^uzfwNoC???P_A??C?????_??????An??Vo?Eu??\g??fo??|_? n=26 c=5 b=6 nu_cut=3 good=53 nongen=[] mism=0
Y??????}e]RwhwZgX[Fb????O??g??B?????D?????^_?@}??B{??B{? n=26 c=7 b=4 nu_cut=3 good=50 nongen=[] mism=0
W???Fx}zfw]oQ?C??O????_????c???Fw?A}??^_?Fk??^O n=24 c=5 b=5 nu_cut=3 good=45 nongen=[] mism=0
Y???B~]^e{Vo_?@????????A??B_?C?????~??~??Ey??\W??lo??nO? n=26 c=5 b=6 nu_cut=3 good=43 nongen=[] mism=0
U???Fvmzb{ZoC?B????_?C??E???Fw?Fw?B{??~? n=22 c=5 b=4 nu_cut=3 good=40 nongen=[] mism=0
Y????B]{vq[w}O|O???I????M??O??O???????Mw?@v??E{??Fw??Jw? n=26 c=6 b=5 nu_cut=3 good=48 nongen=[] mism=0
W???Ft}|fsZo??S??_C??`??C??????Fk?B{??n_?Fk??Vo n=24 c=5 b=5 nu_cut=3 good=45 nongen=[] mism=0
U???Fn{^fs^O__@???@C?@??C???Fw?Fw?B{??~? n=22 c=5 b=4 nu_cut=3 good=40 nongen=[] mism=0
W???F]}}b{]oU?S??????@??C??????B{?B{??n_?E{??No n=24 c=5 b=5 nu_cut=3 good=45 nongen=[] mism=0
Y????BxuviMwvO}_?_CS??O???????G??C????Jw?@^??Fk??Lw??Lw? n=26 c=6 b=5 nu_cut=3 good=43 nongen=[] mism=0
Y???D~y}e{Nog?R????????A??@???????Av??nO?By??Vo??zO??]o? n=26 c=5 b=6 nu_cut=3 good=44 nongen=[] mism=0
W??F~z{~??O?R???B?C?????????Mw?Zg?H{?@|??Uw?@l_ n=24 c=4 b=6 nu_cut=3 good=44 nongen=[] mism=0
U??F~z{~??W?q???A????C???Lw?^_?Zo?Ng?A}? n=22 c=4 b=5 nu_cut=3 good=38 nongen=[] mism=0
Y???E~mvd{^O??G??????p??G?@??@????BN??|O?Fs??]o??lo??uo? n=26 c=5 b=6 nu_cut=3 good=53 nongen=[] mism=0
Y???Fv{}f[No?_?????w????A?D???????Bl??fo?B]??Vg??}_??xo? n=26 c=5 b=6 nu_cut=3 good=49 nongen=[] mism=0
W??F~z{~????_?O????w?O?A????Lw?Zo?Jk?Bx??\W?@u_ n=24 c=4 b=6 nu_cut=3 good=40 nongen=[] mism=0
Y???F^{^fs^_[????O?C????A?????O???BN??zO?A}??ZW??^_??Zo? n=26 c=5 b=6 nu_cut=3 good=47 nongen=[] mism=0
Y???Fnu}b{ZoA?`?S???????G??O??????@v??n_?Em??Vg??^_??uo? n=26 c=5 b=6 nu_cut=3 good=54 nongen=[] mism=0
W????ByNq}Uwn_xo???A?OOAC?A??A?????~??No?@}??Fw n=24 c=6 b=4 nu_cut=3 good=44 nongen=[] mism=0
W????AzZu{Noxo]oA_A_?_?A?????C?????~??No?@}??Fw n=24 c=6 b=4 nu_cut=3 good=46 nongen=[] mism=0
W????BtxvY\gn_to@??O?S????@C??O????~??No?@}??Fw n=24 c=6 b=4 nu_cut=3 good=34 nongen=[] mism=0
Y??F~z{~?GG?k?O?????????C??????Rk?Ku?Bi_?NW?@NO?BF_?@y_? n=26 c=4 b=7 nu_cut=3 good=52 nongen=[] mism=0
Y??????^_~ZcYwNg[kDx??OA???A?C???A??_O????^_?@}??B{??B{? n=26 c=7 b=4 nu_cut=3 good=46 nongen=[] mism=0
Y??F~z{~??C?????J??G?@????@????U[?Me?BV??Uk??mo?BR_?@}?? n=26 c=4 b=7 nu_cut=3 good=52 nongen=[] mism=0
U???B~mzfk^O_?C?G_?_???AO???Fw?Fw?B{??~? n=22 c=5 b=4 nu_cut=3 good=38 nongen=[] mism=0
W??F~z{~A?????A?@?@g???@????^G?^O?L[?B\??NW?@r_ n=24 c=4 b=6 nu_cut=3 good=46 nongen=[] mism=0
W????A^zS}]WzOn_G?A_??????A_??S????~??No?@}??Fw n=24 c=6 b=4 nu_cut=3 good=44 nongen=[] mism=0
Y??F~z{~??????h????O??????DO???ZS?Mk?@}??\o?@u_?Bd_??|_? n=26 c=4 b=7 nu_cut=3 good=47 nongen=[] mism=0
W???Fz{nb{VoA??_?O?C?T?????????Fk?Bu??~??D{??Zo n=24 c=5 b=5 nu_cut=3 good=42 nongen=[] mism=0
Y????BjZvkTw|_VoD????a?????_??_??O????Jw??~??Fk??Lw??No? n=26 c=6 b=5 nu_cut=3 good=54 nongen=[] mism=0
Y??????X~hRwUwww^GBr????C?CC??D??C??@?????^_?@}??B{??B{? n=26 c=7 b=4 nu_cut=3 good=52 nongen=[] mism=0
W??F~z{~@???U?????@????@C???^O?Jw?Mk?BN??Zo??z_ n=24 c=4 b=6 nu_cut=3 good=44 nongen=[] mism=0
U???Fzu~D{Zo??W??OB???_?A???Fw?Fw?B{??~? n=22 c=5 b=4 nu_cut=3 good=40 nongen=[] mism=0
Y???FvunfkNoQ_@?????????C?C??C????B{??Zo?Bu??NW??n_??yo? n=26 c=5 b=6 nu_cut=3 good=44 nongen=[] mism=0
W??F~z{~A_????T??????A??G???\o?Mw?Fk?B{??\g?@f_ n=24 c=4 b=6 nu_cut=3 good=44 nongen=[] mism=0
U???Fn]vfk^_A??_@?D?????I???Fw?Fw?B{??~? n=22 c=5 b=4 nu_cut=3 good=34 nongen=[] mism=0
W????B]zS}^OVojoC?AG????_?AC?@?????~??No?@}??Fw n=24 c=6 b=4 nu_cut=3 good=46 nongen=[] mism=0
W????BZz`}\gzO^OA????C_?A??C?@_????~??No?@}??Fw n=24 c=6 b=4 nu_cut=3 good=41 nongen=[] mism=0
Y??????vetVgjodwJsBN?G??@?@??@A?A?_???????^_?@}??B{??B{? n=26 c=7 b=4 nu_cut=3 good=50 nongen=[] mism=0
W??F~z{~????????A?EO?G??o???ZW?Vo?Mk?By??^_?@j_ n=24 c=4 b=6 nu_cut=3 good=46 nongen=[] mism=0
Y???B~u~E{^OY?_???????????Co??????@|??nO?Bu??Vo??Zo??}O? n=26 c=5 b=6 nu_cut=3 good=49 nongen=[] mism=0
Y????Bxjr]Mw~?ro?O?_??_????_??_??H????Ng?@v??B{??Jw??No? n=26 c=6 b=5 nu_cut=3 good=52 nongen=[] mism=0
W????AnZty^G\o^O???c?o?????c??C????~??No?@}??Fw n=24 c=6 b=4 nu_cut=3 good=39 nongen=[] mism=0
Y??????M~eLsZonOI{C^?AGB?????E??????_?????^_?@}??B{??B{? n=26 c=7 b=4 nu_cut=3 good=50 nongen=[] mism=0
Y??????N\r[[jWxgP{A}?D?@??D??A??@?????????^_?@}??B{??B{? n=26 c=7 b=4 nu_cut=3 good=45 nongen=[] mism=0
Y??????Lzl[kbwyoB{Cz?c??a?A??A??@?????????^_?@}??B{??B{? n=26 c=7 b=4 nu_cut=3 good=52 nongen=[] mism=0
Y????BV^fwVWVo|_?????QO?@?????W??@????Lw??~??E{??NW??Ng? n=26 c=6 b=5 nu_cut=3 good=52 nongen=[] mism=0
W???Fny|fwVoA????????A?@a?AO???Fs?B]??^_?Fs??^_ n=24 c=5 b=5 nu_cut=3 good=46 nongen=[] mism=0
W??F~z{~??S?????H_C??G??????ZW?Jw?J[?Br??]g??^_ n=24 c=4 b=6 nu_cut=3 good=46 nongen=[] mism=0
Y??????NttLwfW{gVgBr?O?A@?AG????@???@?????^_?@}??B{??B{? n=26 c=7 b=4 nu_cut=3 good=50 nongen=[] mism=0
W????Bu}buXwv_]o?G@O??O?@????CG????~??No?@}??Fw n=24 c=6 b=4 nu_cut=3 good=40 nongen=[] mism=0
Y??????T|]MktoYwXk@|?_?@_?C?????A???GG????^_?@}??B{??B{? n=26 c=7 b=4 nu_cut=3 good=52 nongen=[] mism=0
U???D~]vfs^O??S??_?G?@?A_???Fw?Fw?B{??~? n=22 c=5 b=4 nu_cut=3 good=35 nongen=[] mism=0
Y????BmmumVo|_moK??A???@C??A??A???????Fw?@}??F[??Mw??Lw? n=26 c=6 b=5 nu_cut=3 good=54 nongen=[] mism=0
Y????BlfryJw}On_?O???_O@c??C??????????Mw??~??E{??Fw??Mw? n=26 c=6 b=5 nu_cut=3 good=48 nongen=[] mism=0
W????B\vb]Ywz_zO???S?G??Q?@??@?????~??No?@}??Fw n=24 c=6 b=4 nu_cut=3 good=40 nongen=[] mism=0
W????Bt^d{NWloloOG?O?A?????O?E?????~??No?@}??Fw n=24 c=6 b=4 nu_cut=3 good=40 nongen=[] mism=0
Y??F~z{~?_????G?A?@????@K??????Mk?Em?Bw_?M[?@ZO?Bm??BU_? n=26 c=4 b=7 nu_cut=3 good=45 nongen=[] mism=0
Y??F~z{~B_??B?A??????@?????????B{?C}?Br??Nc?@do?@t_?BT_? n=26 c=4 b=7 nu_cut=3 good=52 nongen=[] mism=0
Y???Fu}^fsVoO???G?D_???@???G??????Bj??yo?D{??No??ro??^O? n=26 c=5 b=6 nu_cut=3 good=48 nongen=[] mism=0
Y??????Z^FTsswnO]KFh?B??Q??O??W???????????^_?@}??B{??B{? n=26 c=7 b=4 nu_cut=3 good=44 nongen=[] mism=0
Y????BVndy]o}_}O?G?A?W??A????????B????Jw?@|??Fw??Jw??Lw? n=26 c=6 b=5 nu_cut=3 good=49 nongen=[] mism=0
Y????B\jvkZWjo|_@?@?????_??O?AE???????Fw?@}??B{??Ng??Ng? n=26 c=6 b=5 nu_cut=3 good=49 nongen=[] mism=0
W???Fl}}fwNo?_??O??C???A??E_???E{?B{??~??E{??]o n=24 c=5 b=5 nu_cut=3 good=42 nongen=[] mism=0
Y????BVva}^_~?yo?G???K?????A??A??a????Ng?@z??Fs??No??Lw? n=26 c=6 b=5 nu_cut=3 good=50 nongen=[] mism=0
W????BrutyYwzO\oI????A??G??O?CG????~??No?@}??Fw n=24 c=6 b=4 nu_cut=3 good=46 nongen=[] mism=0
Y???F]}^b{]o???????O??????CS?EG???Bj??~??Em??NW??~???~?? n=26 c=5 b=6 nu_cut=3 good=49 nongen=[] mism=0
Y?????~|d{ZgNouoG?@E?_???????A??A?????Ng?@^??Fw??Ng??Jw? n=26 c=6 b=5 nu_cut=3 good=49 nongen=[] mism=0
U???Fn{~E{]oA?A?W??O?@_?????Fw?Fw?B{??~? n=22 c=5 b=4 nu_cut=3 good=35 nongen=[] mism=0
Y??????dztLwLw|OQ{E]?A?A???O?@@??G??_?????^_?@}??B{??B{? n=26 c=7 b=4 nu_cut=3 good=50 nongen=[] mism=0
Y???E~{^f[\o????OO???K??o??_??????BV??}O?FM??ZW??|_??n_? n=26 c=5 b=6 nu_cut=3 good=52 nongen=[] mism=0
W???F]}|b{Zo??C?G?A?????k??_???Fs?By??n_?Fk??\o n=24 c=5 b=5 nu_cut=3 good=47 nongen=[] mism=0
W???FzynfsVo??O?HO?G?O?????G???E{?B]??|_?Fs??]o n=24 c=5 b=5 nu_cut=3 good=42 nongen=[] mism=0
U???E~uzfs\o??__A?@_?K??????Fw?Fw?B{??~? n=22 c=5 b=4 nu_cut=3 good=38 nongen=[] mism=0
W???Fz]|fwZo_?G?C?AS?G?????????B{?By??n_?F[??\o n=24 c=5 b=5 nu_cut=3 good=42 nongen=[] mism=0
W????BZ|bmZW~?|_C_?O????B??O??O????~??No?@}??Fw n=24 c=6 b=4 nu_cut=3 good=40 nongen=[] mism=0
Y??????^LyD{{gFw]KAv????a?C??AA?A???_?????^_?@}??B{??B{? n=26 c=7 b=4 nu_cut=3 good=52 nongen=[] mism=0
W??F~z{~??K_A???O?C?????G???NW?Yw?J[?B\??Vo?@\_ n=24 c=4 b=6 nu_cut=3 good=46 nongen=[] mism=0
U???Fz]zb{NoI?_?O????_?@O???Fw?Fw?B{??~? n=22 c=5 b=4 nu_cut=3 good=40 nongen=[] mism=0
W????AvfvUNgz_xoD????C??O?CA??_????~??No?@}??Fw n=24 c=6 b=4 nu_cut=3 good=46 nongen=[] mism=0
W????@|VvqVgNon_??A??_O@??A???K????~??No?@}??Fw n=24 c=6 b=4 nu_cut=3 good=34 nongen=[] mism=0
W???Fnyvd{^_p?A??????W?????O???E{?@}??|_?F[??No n=24 c=5 b=5 nu_cut=3 good=45 nongen=[] mism=0
W????A|~DmMwn_xo@?AA????G?E???O????~??No?@}??Fw n=24 c=6 b=4 nu_cut=3 good=46 nongen=[] mism=0
W??F~z{~????`???@??O???AS???[w?Yw?L[?By??Vo?@^? n=24 c=4 b=6 nu_cut=3 good=39 nongen=[] mism=0
Y??????nUjM[lgfWFkEV?o??A??C?????A??H?????^_?@}??B{??B{? n=26 c=7 b=4 nu_cut=3 good=45 nongen=[] mism=0
U???Ft}nf[VoH?o?W????O??????Fw?Fw?B{??~? n=22 c=5 b=4 nu_cut=3 good=38 nongen=[] mism=0
W???Fv{nfkVo????G?A??o??w??????E{?Bu??}_?D{??^O n=24 c=5 b=5 nu_cut=3 good=46 nongen=[] mism=0
Y???D~]}fkVo????P_?S??????A??A????Bj??|O?FU??Zg??v_??to? n=26 c=5 b=6 nu_cut=3 good=52 nongen=[] mism=0
W?????~Zru]gron_O????Q?A??C??B?????~??No?@}??Fw n=24 c=6 b=4 nu_cut=3 good=46 nongen=[] mism=0
W??F~z{~?OG?O??????O???Ao???^O?Jw?F[?B\??Vo?@}? n=24 c=4 b=6 nu_cut=3 good=46 nongen=[] mism=0
Y???F^{nfk^_?_??@??O??_???D_??????Bt??Zo?B]??Zg??vO??to? n=26 c=5 b=6 nu_cut=3 good=48 nongen=[] mism=0
W???E|}~B{\oQ?C_O????_?A???????D{?Bm??n_?E{??No n=24 c=5 b=5 nu_cut=3 good=47 nongen=[] mism=0
Y???E~{|fwNo@??????C???Ao??C??C???Az??}_?Fw??NW??Vo??xo? n=26 c=5 b=6 nu_cut=3 good=53 nongen=[] mism=0
Y???Fn{}fwNo?_Q??_?G??_????C??????A^??zO?C}??Mw??|_??~?? n=26 c=5 b=6 nu_cut=3 good=52 nongen=[] mism=0
Y????BjneyLw|_mo?G?A?C??O?AW??????????Fw?@v??Fk??NW??Ng? n=26 c=6 b=5 nu_cut=3 good=54 nongen=[] mism=0
W???F^y~Fs^_h?????????_@A??C???B{?@}??z_?Fs??]o n=24 c=5 b=5 nu_cut=3 good=42 nongen=[] mism=0
Y?????~nfeNgv_No?????I?@??EC?A????????Mw?@n??E{??NW??NW? n=26 c=6 b=5 nu_cut=3 good=48 nongen=[] mism=0
W????@zftuUw|_{o???O?P?A@??O??O????~??No?@}??Fw n=24 c=6 b=4 nu_cut=3 good=39 nongen=[] mism=0
Y????Avlr{Jw~?uo@?CO?_????@I??????????NW??~??D{??Lw??NW? n=26 c=6 b=5 nu_cut=3 good=54 nongen=[] mism=0
Y???Fl}nf[ZoQ?????@????AK????@????Az??No?B{??Xw??{o??}_? n=26 c=5 b=6 nu_cut=3 good=52 nongen=[] mism=0
W????@^NtmUw}O\oC_???_?@G?C??C?????~??No?@}??Fw n=24 c=6 b=4 nu_cut=3 good=39 nongen=[] mism=0
Y????@zxq}^_xo}_?G??????[??A?@O???????Jw?@v??Fs??No??Mw? n=26 c=6 b=5 nu_cut=3 good=52 nongen=[] mism=0
Y????B{yrmTwz_uo??AG????O?Cc??_???????Ng?@z??Fk??Lw??Jw? n=26 c=6 b=5 nu_cut=3 good=52 nongen=[] mism=0
W???F^]~Fs]o????@_???a_?O??_???Fk?B]??z_?Fk??No n=24 c=5 b=5 nu_cut=3 good=45 nongen=[] mism=0
W????B\fvw\o^_\o??@A?GO@G??A???????~??No?@}??Fw n=24 c=6 b=4 nu_cut=3 good=44 nongen=[] mism=0
U??F~z{~?O??O?O?E_?O?????NW?No?^_?Lw?Bu? n=22 c=4 b=5 nu_cut=3 good=40 nongen=[] mism=0
Y??????tZuI{UwfWLwFs?G??_????CG??_??B?????^_?@}??B{??B{? n=26 c=7 b=4 nu_cut=3 good=45 nongen=[] mism=0
Y????BNxrmZo^OtoC?@Q????_??O??O???????NW?@^??E{??Jw??Mw? n=26 c=6 b=5 nu_cut=3 good=50 nongen=[] mism=0
Y??F~z{~???_O???G??G?i?????????]K?NE?A^??Rk?@Lo?@{_?@m_? n=26 c=4 b=7 nu_cut=3 good=52 nongen=[] mism=0
W???Fl}ne{^O??G?O????_??_??w???Fw?B{??n_?E{??No n=24 c=5 b=5 nu_cut=3 good=47 nongen=[] mism=0
Y??????s|\ZWFwnGF[Eu????C?C@??G??C??W?????^_?@}??B{??B{? n=26 c=7 b=4 nu_cut=3 good=44 nongen=[] mism=0
W??F~z{~??I_??_????W?_??????Uw?\g?Fk?An??]W?@N_ n=24 c=4 b=6 nu_cut=3 good=44 nongen=[] mism=0
W???Fy}^d{^_O?O_G?C???_?A??????D{?A}??|_?Fw??^O n=24 c=5 b=5 nu_cut=3 good=41 nongen=[] mism=0
W???D~m^fk^O??O???A??c??i??????B{?Bu??~??Fs??^O n=24 c=5 b=5 nu_cut=3 good=45 nongen=[] mism=0
W????BZ^c}Ng\ofoC?D??G_A?????C?????~??No?@}??Fw n=24 c=6 b=4 nu_cut=3 good=41 nongen=[] mism=0
U???Fnm|e{^_W?G_@??O?A??????Fw?Fw?B{??~? n=22 c=5 b=4 nu_cut=3 good=40 nongen=[] mism=0
W???D}}ze{^_G???K?A??O?AG??????Fk?A}??v_?Fs??^_ n=24 c=5 b=5 nu_cut=3 good=45 nongen=[] mism=0
Y????B\Nty^Gjoyo?OAg????a????????A????Fw?@v??D{??Jw??No? n=26 c=6 b=5 nu_cut=3 good=48 nongen=[] mism=0
U???B}}}fs]o@?__?_???g??C???Fw?Fw?B{??~? n=22 c=5 b=4 nu_cut=3 good=40 nongen=[] mism=0
Y????@zVv[]gvOro?????G??_?@O????AP????Mw?@}??Fw??NW??Lw? n=26 c=6 b=5 nu_cut=3 good=53 nongen=[] mism=0
W????B\zbmYw|_jo@??O?g????@_??O????~??No?@}??Fw n=24 c=6 b=4 nu_cut=3 good=46 nongen=[] mism=0
W???D~]|fs]o??_?@????A?@c??O???Fs?By??~??Fk??Zo n=24 c=5 b=5 nu_cut=3 good=46 nongen=[] mism=0
Y???Fvmzb{^OQ???AO?G?@????????G???By??|O?Bu??Zg??Vo??z_? n=26 c=5 b=6 nu_cut=3 good=49 nongen=[] mism=0
U??F~z{~?OK_??C????_?A???Jw?\o?Vo?Fw?@}? n=22 c=4 b=5 nu_cut=3 good=35 nongen=[] mism=0
Y????A|ru]Xw}O^_GO@??K????@???_???????NW?@n??E{??No??Fw? n=26 c=6 b=5 nu_cut=3 good=52 nongen=[] mism=0
W???F^y}d{]o??C??????o_?S??G???Fk?Bu??n_?Fs??No n=24 c=5 b=5 nu_cut=3 good=47 nongen=[] mism=0
W??F~z{~?GC???H?X???????????Uw?Tw?NS?Bm??Mw?@V_ n=24 c=4 b=6 nu_cut=3 good=40 nongen=[] mism=0
Y???Fn]~E{Vo??G???@??Q_?_??O??????Av??^O?C}??]W??jo??xo? n=26 c=5 b=6 nu_cut=3 good=48 nongen=[] mism=0
Y??F~z{~A?O?F??????????A??A????Zg?Jq?Av??E{??nO?BR_?AN_? n=26 c=4 b=7 nu_cut=3 good=45 nongen=[] mism=0
Y????BVfu{VWNo{oG??A???@??A?????Ag????NW?@^??Fw??No??NW? n=26 c=6 b=5 nu_cut=3 good=44 nongen=[] mism=0
Y??????F}u^_lWFw\gF[??g???@_??@???_??_????^_?@}??B{??B{? n=26 c=7 b=4 nu_cut=3 good=50 nongen=[] mism=0
Y???Fm}ne{Zo??@_??@?????_?B??A????By??fo?Dy??\o??vO??z_? n=26 c=5 b=6 nu_cut=3 good=46 nongen=[] mism=0
Y???E~yvf[\oG?G???@???????Cg??G???@|??\o?B]??Zg??n_??|O? n=26 c=5 b=6 nu_cut=3 good=44 nongen=[] mism=0
Y???Fz]|d{^_??O???A???????DC?@C???Bu??}_?Fi??Tw??}O??nO? n=26 c=5 b=6 nu_cut=3 good=52 nongen=[] mism=0
Y????Buvdu[w}Oxo@??????@S????@O??G????Ng?@v??D{??Mw??No? n=26 c=6 b=5 nu_cut=3 good=53 nongen=[] mism=0
U???Fv]|b{]o`???E??O?A??G???Fw?Fw?B{??~? n=22 c=5 b=4 nu_cut=3 good=40 nongen=[] mism=0
W??F~z{~?G????@?F?A??O??????]W?^O?NW?An??Ng?@x_ n=24 c=4 b=6 nu_cut=3 good=40 nongen=[] mism=0
W????AvVs}]g}O^OH???????a??C?@C????~??No?@}??Fw n=24 c=6 b=4 nu_cut=3 good=44 nongen=[] mism=0
U???F]}|f[^OC???C_?_?`??O???Fw?Fw?B{??~? n=22 c=5 b=4 nu_cut=3 good=40 nongen=[] mism=0
Y??????wx|P{Ng]oRsFw??O@_?C@??A??????O????^_?@}??B{??B{? n=26 c=7 b=4 nu_cut=3 good=45 nongen=[] mism=0
W???F\}^d{\o_???J?C??_??O??????Fs?B]??}_?E{??\o n=24 c=5 b=5 nu_cut=3 good=41 nongen=[] mism=0
Y??F~z{~?_T?@?C??_?????????????Zc?NS?Bj??D{??Zo?A]_??n_? n=26 c=4 b=7 nu_cut=3 good=52 nongen=[] mism=0
W????BrlvsTwto]oQ????A??G?AG??O????~??No?@}??Fw n=24 c=6 b=4 nu_cut=3 good=40 nongen=[] mism=0
U??F~z{~??D__???A?C??C???Ng?Zo?Vo?Jw?Bm? n=22 c=4 b=5 nu_cut=3 good=40 nongen=[] mism=0
W???D~]^b{\o@__?O??????AO??_???D{?Bm??v_?B{??^O n=24 c=5 b=5 nu_cut=3 good=45 nongen=[] mism=0
Y????BfvRyNgVoxoA?DC?C??A??C??????????Ng?@v??D{??Jw??Mw? n=26 c=6 b=5 nu_cut=3 good=44 nongen=[] mism=0
W????@}^VUUwn_n_H????OO?@?A???A????~??No?@}??Fw n=24 c=6 b=4 nu_cut=3 good=41 nongen=[] mism=0
Y????ByvV[ZW~?{o???U?@??A??G?????C????Ng?@^??E{??Jw??Lw? n=26 c=6 b=5 nu_cut=3 good=44 nongen=[] mism=0
Y????A^mryYwvO}OC?EG?A_???@???????????Jw?@n??Fs??Jw??NW? n=26 c=6 b=5 nu_cut=3 good=46 nongen=[] mism=0
W????@zmp}ZonO|OG????B?@??@A?A?????~??No?@}??Fw n=24 c=6 b=4 nu_cut=3 good=46 nongen=[] mism=0
Y??????]r\W{{glg\KFF????C?CO??G??W??@?????^_?@}??B{??B{? n=26 c=7 b=4 nu_cut=3 good=45 nongen=[] mism=0
U??F~z{~????C?h?S????C???Mw?]o?Vo?Fw?Bm? n=22 c=4 b=5 nu_cut=3 good=38 nongen=[] mism=0
U??F~z{~EG??????C????L???No?\o?No?No?@}? n=22 c=4 b=5 nu_cut=3 good=35 nongen=[] mism=0
U???E~]nb{^OW?a?C?A??G??????Fw?Fw?B{??~? n=22 c=5 b=4 nu_cut=3 good=38 nongen=[] mism=0
U??F~z{~??U?O??????G?P???Jw?Vo?^_?NW?B{? n=22 c=4 b=5 nu_cut=3 good=40 nongen=[] mism=0
W??F~z{~?G??a?U?????????C???[w?Xw?F[?B]??\o?@^? n=24 c=4 b=6 nu_cut=3 good=39 nongen=[] mism=0
U???Fz]~F[No?_???O?C?S?AC???Fw?Fw?B{??~? n=22 c=5 b=4 nu_cut=3 good=40 nongen=[] mism=0
Y????A}|Q}^_jonO???C???@W?CC??C???????NW?@v??F[??Ng??No? n=26 c=6 b=5 nu_cut=3 good=48 nongen=[] mism=0
Y???E~u^fkZoG?b?C???????_?????_???@n??v_?B]??Uw??mo??fo? n=26 c=5 b=6 nu_cut=3 good=49 nongen=[] mism=0
Y??F~z{~??A?G?????@??R?????_???B{?Ji?BL_?]g?@{O?Br??Bp_? n=26 c=4 b=7 nu_cut=3 good=45 nongen=[] mism=0
Y????B{yp}FwfovOC?EG?_O???@???????????Mw?@n??D{??Fw??Jw? n=26 c=6 b=5 nu_cut=3 good=48 nongen=[] mism=0
Y??F~z{~??????K?Y??O???????O???\W?D{?Br??W{?@mO?Ar_?Bf?? n=26 c=4 b=7 nu_cut=3 good=44 nongen=[] mism=0
U???F^y}b{NoA_???_E??@??C???Fw?Fw?B{??~? n=22 c=5 b=4 nu_cut=3 good=35 nongen=[] mism=0
U??F~z{~?OG?????@?A??h???Jw?^_?Zo?Ng?B{? n=22 c=4 b=5 nu_cut=3 good=40 nongen=[] mism=0
Y??F~z{~??A???c???AW???A???????[[?Fq?@f_?J[?@\O?Ar_?BN?? n=26 c=4 b=7 nu_cut=3 good=52 nongen=[] mism=0
Y???Fl}nf[^_??A???????_BO?????S???By??lo?Fk??Ng??}O??]o? n=26 c=5 b=6 nu_cut=3 good=54 nongen=[] mism=0
Y????@^xve]gmofo?????G??[????CC??_????Ng?@v??E{??Fw??Mw? n=26 c=6 b=5 nu_cut=3 good=48 nongen=[] mism=0
Y???FzyvfwVo???_GO?C?T????????????Av??lo?Eu??Lw??|_??vO? n=26 c=5 b=6 nu_cut=3 good=53 nongen=[] mism=0
W??F~z{~???_A?k????O?@??????Uw?^_?E{?BZ??\g?@f_ n=24 c=4 b=6 nu_cut=3 good=46 nongen=[] mism=0
Y????Bxvfe\omoVo?????@?@O??G?CA??C????Jw?@z??Fk??Ng??Mw? n=26 c=6 b=5 nu_cut=3 good=50 nongen=[] mism=0
W????BlutyZW]oNo?_C_?O_?C?????G????~??No?@}??Fw n=24 c=6 b=4 nu_cut=3 good=46 nongen=[] mism=0
W????B{uq}Zoxo|_?G?A?G??E?@??@?????~??No?@}??Fw n=24 c=6 b=4 nu_cut=3 good=44 nongen=[] mism=0
W???B~]~B{^O_?g?C??????@C?C????Fs?By??n_?E{??No n=24 c=5 b=5 nu_cut=3 good=45 nongen=[] mism=0
Y??????^JN\gVomoZgDf??_??_?D??@??g????????^_?@}??B{??B{? n=26 c=7 b=4 nu_cut=3 good=50 nongen=[] mism=0
U??F~z{~??Q_???????G?k???Mw?^_?Vo?No?A}? n=22 c=4 b=5 nu_cut=3 good=35 nongen=[] mism=0
Y????Azyq}LwvOfoI?@???????@??AC??_????Fw?@|??D{??Jw??Lw? n=26 c=6 b=5 nu_cut=3 good=50 nongen=[] mism=0
W????B]uvi]W}Ofo?W?W?G??_?@????????~??No?@}??Fw n=24 c=6 b=4 nu_cut=3 good=40 nongen=[] mism=0
Y??F~z{~???_i?K??_?????????????[s?D]?BZ??K{?@Fo?BL_??v_? n=26 c=4 b=7 nu_cut=3 good=44 nongen=[] mism=0
U??F~z{~??R?G????_?G?G???Jw?No?Vo?Ng?B{? n=22 c=4 b=5 nu_cut=3 good=40 nongen=[] mism=0
W???E~u}fs\oA?A?Co?g???????????E{?Bm??v_?D{??]o n=24 c=5 b=5 nu_cut=3 good=45 nongen=[] mism=0
Y????BNnVU]WnO]o?O?[??????F???????????NW?@^??E{??NW??Jw? n=26 c=6 b=5 nu_cut=3 good=46 nongen=[] mism=0
W??F~z{~??A?@?@????_???@g???^O?^O?H{?A}??\W?@y_ n=24 c=4 b=6 nu_cut=3 good=40 nongen=[] mism=0
W????BumtmNW]oz_I??G?@??C?CO???????~??No?@}??Fw n=24 c=6 b=4 nu_cut=3 good=46 nongen=[] mism=0
Y??F~z{~??U?????@????A?????g???VW?By?BT_?Nc?@]_?Bl??Af_? n=26 c=4 b=7 nu_cut=3 good=44 nongen=[] mism=0
Y???B~uvfk^OO_A?O????A?AG?????????An??}O?Fs??]W??Vo??Vo? n=26 c=5 b=6 nu_cut=3 good=52 nongen=[] mism=0
W???Fny^b{^O_????OCG?@?AC??????F[?By??^_?D{??\o n=24 c=5 b=5 nu_cut=3 good=41 nongen=[] mism=0
W????@vuuuTwlo}OG??G?@?A_?AG???????~??No?@}??Fw n=24 c=6 b=4 nu_cut=3 good=44 nongen=[] mism=0
Y????@vnVqZgro}_?OCG??_????I?????A????No?@z??Fw??Jw??Fw? n=26 c=6 b=5 nu_cut=3 good=50 nongen=[] mism=0
U???Fl}}f[NoG_??O??W?_?A????Fw?Fw?B{??~? n=22 c=5 b=4 nu_cut=3 good=40 nongen=[] mism=0
W??F~z{~??G?@?O????G???Ag???VW?Rw?Ms?@}??No?@z? n=24 c=4 b=6 nu_cut=3 good=46 nongen=[] mism=0
Y??F~z{~C????????????b????@o???\g?Iy?@u_?^G??}_?@|??@Z_? n=26 c=4 b=7 nu_cut=3 good=41 nongen=[] mism=0
U???Fvy^f[ZoG?@?C?E??@??C???Fw?Fw?B{??~? n=22 c=5 b=4 nu_cut=3 good=38 nongen=[] mism=0
Y??????|S^YwVgXwMsFp??O?G?@@?????G??AO????^_?@}??B{??B{? n=26 c=7 b=4 nu_cut=3 good=50 nongen=[] mism=0
U??F~z{~A?G?i?????@_?????Lw?^O?Vo?Lw?@}? n=22 c=4 b=5 nu_cut=3 good=38 nongen=[] mism=0
Y????BxuvsNo\o|_?_???A??B??G??G??G????NW?@}??F[??Lw??Lw? n=26 c=6 b=5 nu_cut=3 good=42 nongen=[] mism=0
Y??????}NFTsNg]oJkE\????@??A?C_??@??O_????^_?@}??B{??B{? n=26 c=7 b=4 nu_cut=3 good=52 nongen=[] mism=0
Y????@nxryZg|O\o?O@????????C??C?AW????No?@}??B{??Lw??Mw? n=26 c=6 b=5 nu_cut=3 good=47 nongen=[] mism=0
Y??????{r]\SiwnOF[Az?@?????G?C??AC??OG????^_?@}??B{??B{? n=26 c=7 b=4 nu_cut=3 good=50 nongen=[] mism=0
Y??????Xx|\KfguW[kFi??_?A??C?D??@G????????^_?@}??B{??B{? n=26 c=7 b=4 nu_cut=3 good=52 nongen=[] mism=0
Y???Fn{ze{^O????[?????_?K??C??????Az??vO?Du??ZW??zO??to? n=26 c=5 b=6 nu_cut=3 good=52 nongen=[] mism=0
Y???F^m~FkNoA?C?A??_?G_????O??????@^??fo?FY??Vo??to??lo? n=26 c=5 b=6 nu_cut=3 good=47 nongen=[] mism=0
Y????BfzbmZo}_mo?_??????C?CQ??o???????Ng?@^??Fk??NW??Lw? n=26 c=6 b=5 nu_cut=3 good=48 nongen=[] mism=0
Y???E~yvfs\o??????CW??_??????B_???Bu??n_?F[??\g??xo??|O? n=26 c=5 b=6 nu_cut=3 good=39 nongen=[] mism=0
Y???Fzu^fwNo???????C?A_????C?DO???B{??|_?Fw??Uw??yo??lo? n=26 c=5 b=6 nu_cut=3 good=49 nongen=[] mism=0
Y??????yhnFkFwv_JwDt?`?@??@@????@???O?????^_?@}??B{??B{? n=26 c=7 b=4 nu_cut=3 good=45 nongen=[] mism=0
Y??F~z{~????s?C?D_?????????????]c?Km?B]??Lk?@Z_?@V_?BU_? n=26 c=4 b=7 nu_cut=3 good=47 nongen=[] mism=0
Y??F~z{~C???@?`?L??????????????P{?K]?Br??I{??vO?@V_?@{_? n=26 c=4 b=7 nu_cut=3 good=38 nongen=[] mism=0
U??F~z{~CG??e???G?A??????Lw?Zo?^O?No?@}? n=22 c=4 b=5 nu_cut=3 good=38 nongen=[] mism=0
W???B~uzd{^O????G?A??`??i??????Fs?By??|_?F[??^_ n=24 c=5 b=5 nu_cut=3 good=45 nongen=[] mism=0
W??F~z{~????p?????Ao???A????Vo?\o?Ng?@^??ZW?@l_ n=24 c=4 b=6 nu_cut=3 good=36 nongen=[] mism=0
U??F~z{~?G??C?@?A?EO?????Ng?^_?No?Ng?A}? n=22 c=4 b=5 nu_cut=3 good=40 nongen=[] mism=0
W????@z^S}ZWjov_C?@??G?????a?CG????~??No?@}??Fw n=24 c=6 b=4 nu_cut=3 good=46 nongen=[] mism=0
Y???E~{|b{Zo??????CW?G??a????@????B{??yo?Eu??[w??Vo??Zo? n=26 c=5 b=6 nu_cut=3 good=53 nongen=[] mism=0
U???D~unfs]o??A?W??O?A?@C???Fw?Fw?B{??~? n=22 c=5 b=4 nu_cut=3 good=40 nongen=[] mism=0
U??F~z{~??B_??i??????@???Mw?\o?Vo?Lw?A}? n=22 c=4 b=5 nu_cut=3 good=35 nongen=[] mism=0
Y???E}}^f[No??_?O?C????@o?A???????Az??}_?@}??\g??uo??Zo? n=26 c=5 b=6 nu_cut=3 good=53 nongen=[] mism=0
U???B~]|fwNo??_?@_C??_??I???Fw?Fw?B{??~? n=22 c=5 b=4 nu_cut=3 good=40 nongen=[] mism=0
Y???E~y~Fw]o??@??O?C????g??C??G???Bl??^O?FU??Uw??uo??v_? n=26 c=5 b=6 nu_cut=3 good=52 nongen=[] mism=0
Y??F~z{~??C?G?R?O?????????C????[w?D{??n_?Xw?@u_?B[_?Ar_? n=26 c=4 b=7 nu_cut=3 good=45 nongen=[] mism=0
W???Fv]zd{Vo@?@?R?B????????????Fs?Bm??^_?E{??Zo n=24 c=5 b=5 nu_cut=3 good=40 nongen=[] mism=0
W???FzuzfsVo????QO???A??C??W???Fw?By??~??E{??Zo n=24 c=5 b=5 nu_cut=3 good=47 nongen=[] mism=0
W??F~z{~?_??R????????_?AO???Zg?Zo?Fk?Bt??Zo?@^? n=24 c=4 b=6 nu_cut=3 good=46 nongen=[] mism=0
W???Fz]nd{^O????G????`_?o?A????Fk?By??}_?Fk??^_ n=24 c=5 b=5 nu_cut=3 good=45 nongen=[] mism=0
W???Fzu^e{\o??h????C?C??A??_???F[?A}??|_?D{??^O n=24 c=5 b=5 nu_cut=3 good=47 nongen=[] mism=0
W???F\}zd{ZoC?C?GO???_?A???_???E{?Bm??^_?D{??Zo n=24 c=5 b=5 nu_cut=3 good=45 nongen=[] mism=0
Y??????}LZJ[{W^_L[?~?@?A@?????G??A??@_????^_?@}??B{??B{? n=26 c=7 b=4 nu_cut=3 good=44 nongen=[] mism=0
U??F~z{~??Q_??????BG?G???Ng?Vo?^O?Jw?@}? n=22 c=4 b=5 nu_cut=3 good=35 nongen=[] mism=0
W???Fzu}d{Zog_O???A??G_????????F[?Bu??}_?B{??No n=24 c=5 b=5 nu_cut=3 good=45 nongen=[] mism=0
Y????Bmtvk]g~?No?????_??@??A??A??Y????No??~??Fk??NW??No? n=26 c=6 b=5 nu_cut=3 good=44 nongen=[] mism=0
Y??F~z{~A???h?A?@??????@???????Tk?K]?@}??^O?@l_?@]_?BR_? n=26 c=4 b=7 nu_cut=3 good=52 nongen=[] mism=0
U??F~z{~?wO?????G?E??????Ng?No?No?Ng?Bm? n=22 c=4 b=5 nu_cut=3 good=40 nongen=[] mism=0
W????A}ze{TwzOnOG?@C?O?@???a???????~??No?@}??Fw n=24 c=6 b=4 nu_cut=3 good=39 nongen=[] mism=0
Y??F~z{~@G??@?????Ao?G?????????NW?Mi?A\_?R[?@V_?@x_?@v?? n=26 c=4 b=7 nu_cut=3 good=52 nongen=[] mism=0
Y??????m^J]cpw^_ZgBf??_?I??C?????__?A?????^_?@}??B{??B{? n=26 c=7 b=4 nu_cut=3 good=50 nongen=[] mism=0
Y??????V[|^OXwZoZSA|??O?`??A?D???_????????^_?@}??B{??B{? n=26 c=7 b=4 nu_cut=3 good=41 nongen=[] mism=0
U??F~z{~C?K?Y???O????????Lw?Zo?No?Jw?Bm? n=22 c=4 b=5 nu_cut=3 good=38 nongen=[] mism=0
U???Fn]vfw^OG?G?OO@??D??????Fw?Fw?B{??~? n=22 c=5 b=4 nu_cut=3 good=40 nongen=[] mism=0
Y???E~y~F[No??_???@c??????B_??????@v??zO?By??Tw??vO??ro? n=26 c=5 b=6 nu_cut=3 good=48 nongen=[] mism=0
Y????BumvkTwjoVoC?Co?O????A??A????????NW?@z??F[??Jw??Jw? n=26 c=6 b=5 nu_cut=3 good=49 nongen=[] mism=0
U??F~z{~C?D_??_??????Q???No?Vo?]o?Lw?A}? n=22 c=4 b=5 nu_cut=3 good=38 nongen=[] mism=0
W????B]{t{VWyojoB????@?@O??G??G????~??No?@}??Fw n=24 c=6 b=4 nu_cut=3 good=40 nongen=[] mism=0
Y????BVlviVoZoz_??EC??????A??@Q???????Ng?@|??D{??NW??Jw? n=26 c=6 b=5 nu_cut=3 good=45 nongen=[] mism=0
U???B~{vfw^O?_??S??C?Q??A???Fw?Fw?B{??~? n=22 c=5 b=4 nu_cut=3 good=40 nongen=[] mism=0
U???F^y^f[]oC?Q???C_?c??????Fw?Fw?B{??~? n=22 c=5 b=4 nu_cut=3 good=38 nongen=[] mism=0
U???D}}ze{^OO?O??_AG?I??????Fw?Fw?B{??~? n=22 c=5 b=4 nu_cut=3 good=38 nongen=[] mism=0
Y??????j]rH{}OfW]oE\??_????C??B??A??K?????^_?@}??B{??B{? n=26 c=7 b=4 nu_cut=3 good=45 nongen=[] mism=0
U??F~z{~@???A?A???Cg?G???NW?^_?^O?Jw?By? n=22 c=4 b=5 nu_cut=3 good=40 nongen=[] mism=0
Y???F^m|d{^O????@_??????O?Co??_???A|??Vo?FU??\g??v_??~?? n=26 c=5 b=6 nu_cut=3 good=52 nongen=[] mism=0
W??F~z{~CoQ??????_???@??????Mw?Uw?Fs?@z??VW?@z? n=24 c=4 b=6 nu_cut=3 good=39 nongen=[] mism=0
Y??F~z{~?O??????E_?????AO??O???[s?Mw?@v??P{?@z??Ar_?@|?? n=26 c=4 b=7 nu_cut=3 good=44 nongen=[] mism=0
U??F~z{~@?H_??_?O????G???Ng?Vo?Vo?Mw?B{? n=22 c=4 b=5 nu_cut=3 good=40 nongen=[] mism=0
W????Bj]uyZWn_z_???G?GO@@??G??G????~??No?@}??Fw n=24 c=6 b=4 nu_cut=3 good=46 nongen=[] mism=0
Y??F~z{~AG??????@???????G?@g???\o?J[?BV??Js?@wo??^_??~?? n=26 c=4 b=7 nu_cut=3 good=50 nongen=[] mism=0
Y??F~z{~??T??????????@??C??o???Uk?NW?@^??Fk?@NO?Aj_?Bt?? n=26 c=4 b=7 nu_cut=3 good=50 nongen=[] mism=0
U??F~z{~CgG?O?????@??G???Jw?No?No?No?Bm? n=22 c=4 b=5 nu_cut=3 good=40 nongen=[] mism=0
U??F~z{~??L???C?A????g???No?Vo?\o?Fw?A}? n=22 c=4 b=5 nu_cut=3 good=38 nongen=[] mism=0
U???D~{~F[VoC???H??C?C_?A???Fw?Fw?B{??~? n=22 c=5 b=4 nu_cut=3 good=34 nongen=[] mism=0
W???F^mnfs^_@?@????s?__????????F[?Bm??v_?Fk??^_ n=24 c=5 b=5 nu_cut=3 good=42 nongen=[] mism=0
U???Fz]zf[VoC_C_??@O?C??????Fw?Fw?B{??~? n=22 c=5 b=4 nu_cut=3 good=38 nongen=[] mism=0
Y??????\\rVW|G{gX[BN?@?????G??W??G??O_????^_?@}??B{??B{? n=26 c=7 b=4 nu_cut=3 good=50 nongen=[] mism=0
U???F^u^b{^O??O_O?C??K?A????Fw?Fw?B{??~? n=22 c=5 b=4 nu_cut=3 good=40 nongen=[] mism=0
U??F~z{~?G?_O?????A??i???No?^_?No?NW?A}? n=22 c=4 b=5 nu_cut=3 good=40 nongen=[] mism=0
Y????A|nem]W}_|O?GAK?A????????O??G????Ng?@^??D{??Ng??No? n=26 c=6 b=5 nu_cut=3 good=49 nongen=[] mism=0
Y????@nVu]Volov_G?DA?O??O??_??????????No?@^??F[??Mw??Jw? n=26 c=6 b=5 nu_cut=3 good=44 nongen=[] mism=0
Y??F~z{~??L?C?c???????????C????Tw?NK?Al_?Zc?@To?@N_??|_? n=26 c=4 b=7 nu_cut=3 good=52 nongen=[] mism=0
Y??????rjNP{zO{gYk@}?C??O?@???_??B??G?????^_?@}??B{??B{? n=26 c=7 b=4 nu_cut=3 good=50 nongen=[] mism=0
W????Bljru\omo^O??C_??oAO??_???????~??No?@}??Fw n=24 c=6 b=4 nu_cut=3 good=44 nongen=[] mism=0
Y????AzvU{]oZo{oSO@G???????A??A???????No?@n??D{??Fw??Fw? n=26 c=6 b=5 nu_cut=3 good=52 nongen=[] mism=0
Y??????T~TYswwjWZgBl?A??G????C_??g??G?????^_?@}??B{??B{? n=26 c=7 b=4 nu_cut=3 good=50 nongen=[] mism=0
U???Fzm}e{\o@?C?A????D?A_???Fw?Fw?B{??~? n=22 c=5 b=4 nu_cut=3 good=38 nongen=[] mism=0
U??F~z{~?_G???C???A??h???Jw?^_?^_?Ng?Bu? n=22 c=4 b=5 nu_cut=3 good=40 nongen=[] mism=0
W????A}^f[Fwxofo?G???o??g??A??A????~??No?@}??Fw n=24 c=6 b=4 nu_cut=3 good=40 nongen=[] mism=0
Y????BZfumNW}_NoC?@??G??K?C?????A?????Fw?@z??Fs??Mw??Fw? n=26 c=6 b=5 nu_cut=3 good=44 nongen=[] mism=0
W??F~z{~?O????k???CG????G???\W?Lw?K{?B{??^O?@N_ n=24 c=4 b=6 nu_cut=3 good=44 nongen=[] mism=0
Y??????^eZ]gUwfg\cEl??O?Q??A??A?A_????????^_?@}??B{??B{? n=26 c=7 b=4 nu_cut=3 good=45 nongen=[] mism=0
U???D~y}fw\o@?@??_???Q?@O???Fw?Fw?B{??~? n=22 c=5 b=4 nu_cut=3 good=40 nongen=[] mism=0
Y???D|}nf[Noo_?????????@??A??@O???@|??Vo?Fs??Jw??n_??z_? n=26 c=5 b=6 nu_cut=3 good=49 nongen=[] mism=0
Y????BxNt{NW^OnO?OCC?O??A????C??A?????NW?@|??D{??Jw??Mw? n=26 c=6 b=5 nu_cut=3 good=43 nongen=[] mism=0
U???E~m^fkZoG?a?G_???G??_???Fw?Fw?B{??~? n=22 c=5 b=4 nu_cut=3 good=40 nongen=[] mism=0
W???Fzuvfs^_[????O?C??_???C????D{?Bu??~??B{??No n=24 c=5 b=5 nu_cut=3 good=46 nongen=[] mism=0
W??F~z{~????C?q???@??C??_???\W?^O?E{?Bl??Uw??n_ n=24 c=4 b=6 nu_cut=3 good=46 nongen=[] mism=0
Y????@^}bmVWtojoWG???????????DG??C????Jw??~??B{??Ng??Ng? n=26 c=6 b=5 nu_cut=3 good=49 nongen=[] mism=0
Y???Fl}}fkNo??A??????`_?G??W??????A|??ro?Em??]W??{o??nO? n=26 c=5 b=6 nu_cut=3 good=49 nongen=[] mism=0
Y???Fz]ne{\oG?G?BO?G????_?????????BN??yo?A}??^O??vO??lo? n=26 c=5 b=6 nu_cut=3 good=53 nongen=[] mism=0
Y???F]}vfk^O?????????E?B_??o??????Bt??}_?Ey??]W??Vo??}O? n=26 c=5 b=6 nu_cut=3 good=54 nongen=[] mism=0
U??F~z{~??@???@?@_???[???Jw?^_?]o?No?Bu? n=22 c=4 b=5 nu_cut=3 good=40 nongen=[] mism=0
Y??????b}lRwZWlo\SAz?G?????P?@???_??o?????^_?@}??B{??B{? n=26 c=7 b=4 nu_cut=3 good=52 nongen=[] mism=0
Y????BVjr]Rw^_}_E_????O?@?AO??????????Fw?@z??F[??Ng??Fw? n=26 c=6 b=5 nu_cut=3 good=52 nongen=[] mism=0
Y????A|ju]YwZomoA?@?????O?@??AO??O????Ng?@v??D{??No??Mw? n=26 c=6 b=5 nu_cut=3 good=44 nongen=[] mism=0
Y???Fz{^b{]o?_q??O??????_?????C???@}??uo?D{??Tw??No??to? n=26 c=5 b=6 nu_cut=3 good=49 nongen=[] mism=0
Y????@zftm]WyotoG???????k????A???K????Mw?@n??Fk??No??Mw? n=26 c=6 b=5 nu_cut=3 good=52 nongen=[] mism=0
Y????BxlvsZg^OmoCG?G?A_???????G??C????Jw?@v??B{??Jw??Lw? n=26 c=6 b=5 nu_cut=3 good=44 nongen=[] mism=0
U???E~u}e{^O??@??_?G?__?o???Fw?Fw?B{??~? n=22 c=5 b=4 nu_cut=3 good=35 nongen=[] mism=0
Y???Fn{}d{^_????C?EC?P_???????????BV??Zo?B{??Yw??xo??ro? n=26 c=5 b=6 nu_cut=3 good=43 nongen=[] mism=0
Y????Br|b{Voto]o@????A??G??A?B???@????Lw?@}??Fs??No??Lw? n=26 c=6 b=5 nu_cut=3 good=44 nongen=[] mism=0
U???Fzynfk^_O?O_?O@O????A???Fw?Fw?B{??~? n=22 c=5 b=4 nu_cut=3 good=38 nongen=[] mism=0
U???E}}vf[VoO?G_??A??O??K???Fw?Fw?B{??~? n=22 c=5 b=4 nu_cut=3 good=35 nongen=[] mism=0
U??F~z{~??@???A?S????h???Mw?^_?]o?No?Bm? n=22 c=4 b=5 nu_cut=3 good=34 nongen=[] mism=0
Y??F~z{~A???????S_?????@??@O???Zg?E]?@f_?R[?@n??Bf??Bs_? n=26 c=4 b=7 nu_cut=3 good=50 nongen=[] mism=0
Y??????[}jP{rgzG\KFw??_?B??E?????o????????^_?@}??B{??B{? n=26 c=7 b=4 nu_cut=3 good=44 nongen=[] mism=0
Y???Fnm^d{]o@_Q????O????G????A????Bj??nO?D{??Ng??|_??^_? n=26 c=5 b=6 nu_cut=3 good=46 nongen=[] mism=0
W??F~z{~CgK?O????????G??????Rw?ZW?F[?By??Fw??}_ n=24 c=4 b=6 nu_cut=3 good=46 nongen=[] mism=0
Y??????r\yYsuW\gTkEu??_????C??C??S??GO????^_?@}??B{??B{? n=26 c=7 b=4 nu_cut=3 good=45 nongen=[] mism=0
Y????Brnfi\gz_No???w???????A??A?@G????NW?@^??E{??No??Jw? n=26 c=6 b=5 nu_cut=3 good=52 nongen=[] mism=0
U??F~z{~AG?_O???U????????NW?\o?]o?No?@}? n=22 c=4 b=5 nu_cut=3 good=40 nongen=[] mism=0
Y??????q}u[kVgn_RwBV?K?@@?@??@_???????????^_?@}??B{??B{? n=26 c=7 b=4 nu_cut=3 good=50 nongen=[] mism=0
W???Fzu}f[^_a_?_??????_?o??????B{?@}??|_?F[??^O n=24 c=5 b=5 nu_cut=3 good=45 nongen=[] mism=0
Y??F~z{~?GJ?????E_?????????????Uw?K{?@f_?VK??Zo?Au_?@l_? n=26 c=4 b=7 nu_cut=3 good=47 nongen=[] mism=0
U??F~z{~?_??C?R???@G?????Mw?Zo?]o?Mw?By? n=22 c=4 b=5 nu_cut=3 good=38 nongen=[] mism=0
W????@}Vuu]W]ov_??CA?@??C??G?@O????~??No?@}??Fw n=24 c=6 b=4 nu_cut=3 good=34 nongen=[] mism=0
Y????ByZvqNgz_]o?O??????C??G??C?AD????No?@z??Fk??No??Fw? n=26 c=6 b=5 nu_cut=3 good=44 nongen=[] mism=0
U???B~]~B{]oS?_?P??O?_??????Fw?Fw?B{??~? n=22 c=5 b=4 nu_cut=3 good=38 nongen=[] mism=0
Y????@zvU{LwnOroQG@??O????@??@????????No?@^??B{??NW??Fw? n=26 c=6 b=5 nu_cut=3 good=53 nongen=[] mism=0
U???Fx}}b{]o@?@?O?C??S?A????Fw?Fw?B{??~? n=22 c=5 b=4 nu_cut=3 good=38 nongen=[] mism=0
Y????A^{u{]W~?{o?g?G???????G??A?@G????NW??~??D{??No??Mw? n=26 c=6 b=5 nu_cut=3 good=47 nongen=[] mism=0
U???B}}vf[\o_?C?D????C?AO???Fw?Fw?B{??~? n=22 c=5 b=4 nu_cut=3 good=38 nongen=[] mism=0
U???Fv{|e{ZoO_G?C????__?_???Fw?Fw?B{??~? n=22 c=5 b=4 nu_cut=3 good=40 nongen=[] mism=0
Y???B~y|f[No??@????G?_?A??C??AO???BV??uo?FU??Vg??n_??~?? n=26 c=5 b=6 nu_cut=3 good=52 nongen=[] mism=0
W????@^lq}Vo{onOD?A??O????A??CO????~??No?@}??Fw n=24 c=6 b=4 nu_cut=3 good=46 nongen=[] mism=0
Y???Fz{zb{Zo?_g???@G??_???????C???Bf??jo?B{??]g??No??^_? n=26 c=5 b=6 nu_cut=3 good=49 nongen=[] mism=0
Y???Fzm|fs]oA?G_???????@E?????O???Az??uo?Eu??No??\o??No? n=26 c=5 b=6 nu_cut=3 good=47 nongen=[] mism=0
Y??F~z{~???????????_?D??C?BO???\c?Fi?@|??^G??n_?Bm??Ar_? n=26 c=4 b=7 nu_cut=3 good=52 nongen=[] mism=0
U???Fzm|fw\oQ???AO????_?Q???Fw?Fw?B{??~? n=22 c=5 b=4 nu_cut=3 good=38 nongen=[] mism=0
U??F~z{~??@?O???E_A??A???Fw?]o?]o?No?B{? n=22 c=4 b=5 nu_cut=3 good=35 nongen=[] mism=0
Y???B~u|fw\oA????O???K??A??O??O???Bu??fo?Dy??\o??xo??]o? n=26 c=5 b=6 nu_cut=3 good=52 nongen=[] mism=0
W????BxNt]\gZon_AOA??O?AC?A????????~??No?@}??Fw n=24 c=6 b=4 nu_cut=3 good=40 nongen=[] mism=0
Y??F~z{~?O??L?O???AO???????????Uw?Ng?BL_?F[?@ko?BN??@\_? n=26 c=4 b=7 nu_cut=3 good=52 nongen=[] mism=0
Y??F~z{~??H???????C??L?A???????ZW?Jq?B{??Fs??fo?A|??Bp_? n=26 c=4 b=7 nu_cut=3 good=50 nongen=[] mism=0
Y???Fzynf[Nos??_?????@?????K??????BN??No?Dy??\g??^_??\o? n=26 c=5 b=6 nu_cut=3 good=54 nongen=[] mism=0
Y??????M~k\cvGZWFwB{?__?@?????A??@??_G????^_?@}??B{??B{? n=26 c=7 b=4 nu_cut=3 good=52 nongen=[] mism=0
Y??????fvd\cyo\o\WBj?_O??_?@??@?????C_????^_?@}??B{??B{? n=26 c=7 b=4 nu_cut=3 good=52 nongen=[] mism=0
Y??F~z{~????@?@?O????_?@W??????\o?Ji?BL_?Yk?@rO?@{_?Bh_? n=26 c=4 b=7 nu_cut=3 good=38 nongen=[] mism=0
U???Fu}vd{NoG?W?G?CG?O??????Fw?Fw?B{??~? n=22 c=5 b=4 nu_cut=3 good=38 nongen=[] mism=0
Y????Az{r{Vgn_^_?GEC????@?AA??????????Lw?@|??D{??NW??Jw? n=26 c=6 b=5 nu_cut=3 good=53 nongen=[] mism=0
U??F~z{~@o??_???O??g?????Ng?No?^_?Fw?B]? n=22 c=4 b=5 nu_cut=3 good=38 nongen=[] mism=0
W????B]^Ty^Omon_???I?GO@??A??A?????~??No?@}??Fw n=24 c=6 b=4 nu_cut=3 good=46 nongen=[] mism=0
W???Fvmnf[^O??@??_D_????C??C???Fw?B{??z_?F[??Vo n=24 c=5 b=5 nu_cut=3 good=37 nongen=[] mism=0
Y????B]jvkVWxo^OT??????????G?????R????Fw?@}??Fw??NW??Fw? n=26 c=6 b=5 nu_cut=3 good=48 nongen=[] mism=0
Y????@}{ryZWxoro@?CE?A??c?????????????Lw?@^??D{??Ng??Mw? n=26 c=6 b=5 nu_cut=3 good=52 nongen=[] mism=0
W???Fy}~B{]oA?_?EOC????????O???Fs?A}??v_?Fw??Zo n=24 c=5 b=5 nu_cut=3 good=43 nongen=[] mism=0
Y????Bjnf[VWfo~????A????@??A?BC??C????Jw?@|??Fw??Ng??Lw? n=26 c=6 b=5 nu_cut=3 good=48 nongen=[] mism=0
Y????BZjve]WNoz_???G?@??O??g????AG????NW?@}??Fs??Lw??Jw? n=26 c=6 b=5 nu_cut=3 good=52 nongen=[] mism=0
W???B~u|d{^_??A??_?O?W_????O???B{?Bu??n_?Fk??^O n=24 c=5 b=5 nu_cut=3 good=46 nongen=[] mism=0
Y??????nRuLsVW|_F[Ey?_?A???@?@@???_?_?????^_?@}??B{??B{? n=26 c=7 b=4 nu_cut=3 good=47 nongen=[] mism=0
Y??F~z{~?_??????D_CG???????_???NK?No?@r_?Lw?@yO?BR_??v_? n=26 c=4 b=7 nu_cut=3 good=44 nongen=[] mism=0
Y????@n^S}\o}_|_P??A??O???????A?@A????Jw?@}??Fs??Fw??NW? n=26 c=6 b=5 nu_cut=3 good=54 nongen=[] mism=0
U???B~]vf[\oG?G????o?G?AC???Fw?Fw?B{??~? n=22 c=5 b=4 nu_cut=3 good=35 nongen=[] mism=0
W???D~m}fsVo????G?D??R?@???????D{?@}??z_?Fk??]o n=24 c=5 b=5 nu_cut=3 good=42 nongen=[] mism=0
U???Fz{zb{\o??I??OA_??_?A???Fw?Fw?B{??~? n=22 c=5 b=4 nu_cut=3 good=35 nongen=[] mism=0
W????A|nbu\gtojoG??K???@??A??@_????~??No?@}??Fw n=24 c=6 b=4 nu_cut=3 good=46 nongen=[] mism=0
Y???Fv]ze{^_G?G???@_?p????????????Bt??yo?By??[w??No??lo? n=26 c=5 b=6 nu_cut=3 good=53 nongen=[] mism=0
W???Fny|fwZo@????_???A_@Q??????Fs?By??~??Fk??No n=24 c=5 b=5 nu_cut=3 good=40 nongen=[] mism=0
Y???Fzy}f[]oR?C?C_??????O?????????BV??~??B{??NW??nO??Vo? n=26 c=5 b=6 nu_cut=3 good=52 nongen=[] mism=0
Y???E~]^b{^OG?D?W????G??_?????????Br??mo?Em??Fw??vO??^O? n=26 c=5 b=6 nu_cut=3 good=49 nongen=[] mism=0
U??F~z{~?G?_U?????C??_???NW?Zo?No?Ng?B]? n=22 c=4 b=5 nu_cut=3 good=40 nongen=[] mism=0
U???E~y|d{]oA?A?A_???o??G???Fw?Fw?B{??~? n=22 c=5 b=4 nu_cut=3 good=40 nongen=[] mism=0
U??F~z{~EGA?C??????W?????NW?No?Vo?Fw?By? n=22 c=4 b=5 nu_cut=3 good=38 nongen=[] mism=0
Y??F~z{~???_?????_@??G????Co???Jw?E{?Bt??VK??Vo?Ay_?Bf?? n=26 c=4 b=7 nu_cut=3 good=52 nongen=[] mism=0
Y??F~z{~?w@_??_???C????????????R[?Fi??|_?^_?@r_?@m_??v_? n=26 c=4 b=7 nu_cut=3 good=50 nongen=[] mism=0
Y??F~z{~????X?????@G?_????C????Rk?JM?BX_?^O??~??BL_?BT_? n=26 c=4 b=7 nu_cut=3 good=44 nongen=[] mism=0
Y??F~z{~??M???????C??@??C?C????VW?Js??~??Rs?@l_?Bs_?BL_? n=26 c=4 b=7 nu_cut=3 good=45 nongen=[] mism=0
W???B~{}b{Vo??O?G????C_???CW???Fw?Bu??z_?B{??^_ n=24 c=5 b=5 nu_cut=3 good=42 nongen=[] mism=0
Y???F^{~D{^O?_?_???C?`?????_??_???@}??jo?FY??[w??\o??]o? n=26 c=5 b=6 nu_cut=3 good=47 nongen=[] mism=0
Y????AvxvwTwvOzOA?AA?G_?O??_??????????Jw?@n??F[??Jw??NW? n=26 c=6 b=5 nu_cut=3 good=48 nongen=[] mism=0
U???Fzu^b{^_??A_@??C??_AO???Fw?Fw?B{??~? n=22 c=5 b=4 nu_cut=3 good=34 nongen=[] mism=0
Y????A|uvwTwz_ro?????C??@?B_?????P????NW?@}??Fk??Ng??Mw? n=26 c=6 b=5 nu_cut=3 good=52 nongen=[] mism=0
W??F~z{~BO????_????_?_??O???]W?Zo?D{?@|??\o??v_ n=24 c=4 b=6 nu_cut=3 good=46 nongen=[] mism=0
Y??F~z{~?O@???@??_????????E_???]W?K{?Ax_?E{??xo?An??Bu?? n=26 c=4 b=7 nu_cut=3 good=45 nongen=[] mism=0
Y??????xq^Mk]gtWUwDy?A??G?????O?A_??_G????^_?@}??B{??B{? n=26 c=7 b=4 nu_cut=3 good=52 nongen=[] mism=0
W???D|}|e{Zo`?O?C?@??O??_??????Fk?By??}_?B{??Vo n=24 c=5 b=5 nu_cut=3 good=42 nongen=[] mism=0
W???Fvyzb{\o?????_?G?A?@Q??G???Fw?@}??|_?Fs??^O n=24 c=5 b=5 nu_cut=3 good=42 nongen=[] mism=0
U???E~yvf[^O??@?A_@O?@??O???Fw?Fw?B{??~? n=22 c=5 b=4 nu_cut=3 good=34 nongen=[] mism=0
Y????Av]vqMwvOzO@?@c?`????????O???????Jw?@}??D{??Lw??Fw? n=26 c=6 b=5 nu_cut=3 good=48 nongen=[] mism=0
W????BNvT{Zo^OmoQ?@?????A?@C?@?????~??No?@}??Fw n=24 c=6 b=4 nu_cut=3 good=44 nongen=[] mism=0
W??F~z{~????Y?_??_C??@??????[w?Jw?H{?Bl??Jw?@{_ n=24 c=4 b=6 nu_cut=3 good=46 nongen=[] mism=0
Y????BxmveXw|O\oT??????????G??G??E????NW??~??B{??No??Mw? n=26 c=6 b=5 nu_cut=3 good=48 nongen=[] mism=0
Y??????zeVUs{gzGYkAz?@_?@?????A??W???O????^_?@}??B{??B{? n=26 c=7 b=4 nu_cut=3 good=52 nongen=[] mism=0
Y????A|nTuMw{o~??O???O??A?C??AC?@?????Ng?@z??F[??NW??No? n=26 c=6 b=5 nu_cut=3 good=42 nongen=[] mism=0
Y???Fzmvd{^_????S????O????A???k???B]??ro?Fi??^_??Zo??|_? n=26 c=5 b=6 nu_cut=3 good=49 nongen=[] mism=0
Y???B~mvf[ZoC?C??_??????O?@S??????Bx??~??Bu??]g??to??No? n=26 c=5 b=6 nu_cut=3 good=49 nongen=[] mism=0
Y??F~z{~AG??[?_??????_?????????Fw?LM?Am_?X[??yo?@N_?BX_? n=26 c=4 b=7 nu_cut=3 good=50 nongen=[] mism=0
W????@}VtmYwvOnO@G???G?@_?B????????~??No?@}??Fw n=24 c=6 b=4 nu_cut=3 good=44 nongen=[] mism=0
Y??F~z{~@G??????[????A?????O???Yk?J[?@t_?^C?@|??@}??@f_? n=26 c=4 b=7 nu_cut=3 good=50 nongen=[] mism=0
Y??F~z{~?G??@???S??????BG??????[k?Li?Bq_?]o??mo?A\_?@u_? n=26 c=4 b=7 nu_cut=3 good=50 nongen=[] mism=0
Y??F~z{~????@?M??????_?A???G???X[?Js??n_?\o?@f_?BY_?BT_? n=26 c=4 b=7 nu_cut=3 good=45 nongen=[] mism=0
U??F~z{~????A???I_???J???No?^_?]o?NW?By? n=22 c=4 b=5 nu_cut=3 good=35 nongen=[] mism=0
Y????@znVkMw{oNo?_EA?A?????G??O???????Fw?@^??F[??Jw??No? n=26 c=6 b=5 nu_cut=3 good=49 nongen=[] mism=0
W??F~z{~C?A???C???@W?_??????Fw?[w?E{?By??^G?@t_ n=24 c=4 b=6 nu_cut=3 good=40 nongen=[] mism=0
U??F~z{~????C?p????_?a???Jw?^_?]o?Mw?Bm? n=22 c=4 b=5 nu_cut=3 good=38 nongen=[] mism=0
Y????Bj^d]NgtoVoQ????c?A??AC??????????No??~??F[??Lw??NW? n=26 c=6 b=5 nu_cut=3 good=52 nongen=[] mism=0
Y????A^}d]Zo^_lo?G?A?p????@???A???????Lw?@n??D{??Jw??Mw? n=26 c=6 b=5 nu_cut=3 good=44 nongen=[] mism=0
Y??????|fq[s\ojgR[FY?CG?O_????S???_???????^_?@}??B{??B{? n=26 c=7 b=4 nu_cut=3 good=50 nongen=[] mism=0
Y???D~yzb{\o??U??_?G??????AC??????B{??mo?Dm??Tw??|O??vO? n=26 c=5 b=6 nu_cut=3 good=49 nongen=[] mism=0
W??F~z{~A???b???A??_?O??????^O?VW?Ls?A^??Lw?@j_ n=24 c=4 b=6 nu_cut=3 good=46 nongen=[] mism=0
W??F~z{~??Y?A?@?@??G????????Vo?^O?K{?Bj??Uw?@]_ n=24 c=4 b=6 nu_cut=3 good=46 nongen=[] mism=0
W???Fn{vfs\oA?B??????@????DC???B{?By??~??Fw??Vo n=24 c=5 b=5 nu_cut=3 good=47 nongen=[] mism=0
W????@zrum\WvO^_?oD??_??_????@?????~??No?@}??Fw n=24 c=6 b=4 nu_cut=3 good=44 nongen=[] mism=0
Y????@v^b]ZWz_|OO?C????A???q??C???????Jw?@z??E{??NW??Ng? n=26 c=6 b=5 nu_cut=3 good=53 nongen=[] mism=0
U??F~z{~Cg??I???@????G???Fw?Vo?No?Lw?B]? n=22 c=4 b=5 nu_cut=3 good=40 nongen=[] mism=0
Y????@}zV[\g|On_???C?C_?A?????a??O????Lw?@}??Fs??No??NW? n=26 c=6 b=5 nu_cut=3 good=42 nongen=[] mism=0
Y??F~z{~EG????o?A???????O??????L[?FY?Be_?Jk?@t_?Av???~?? n=26 c=4 b=7 nu_cut=3 good=50 nongen=[] mism=0
Y?????~yuyNW~?ro??C??HOA?????@C???????Ng?@n??Fk??Lw??No? n=26 c=6 b=5 nu_cut=3 good=52 nongen=[] mism=0
Y????B]fvwUwVoxoG?@S???????o?A????????Jw?@n??Fk??Ng??Jw? n=26 c=6 b=5 nu_cut=3 good=48 nongen=[] mism=0
U??F~z{~???_??`???@o?_???Mw?Zo?^O?Fw?By? n=22 c=4 b=5 nu_cut=3 good=40 nongen=[] mism=0
Y????Bl~@}\o]o}O?O?E??O??????CK???????Ng?@^??D{??NW??Ng? n=26 c=6 b=5 nu_cut=3 good=52 nongen=[] mism=0
Y??F~z{~??O?Q????????Y????C????Vc?Ls?Bx??Jk?@\_?BY_?Bf?? n=26 c=4 b=7 nu_cut=3 good=44 nongen=[] mism=0
W????Buxvk\omoVo???O??O?H??A?AO????~??No?@}??Fw n=24 c=6 b=4 nu_cut=3 good=41 nongen=[] mism=0
W??F~z{~????H?????BG?C??O???\g?]g?H{?Az??^O?@l_ n=24 c=4 b=6 nu_cut=3 good=44 nongen=[] mism=0
Y????Bllr]\g~?|_X????A???????????R????Ng?@}??B{??Fw??No? n=26 c=6 b=5 nu_cut=3 good=44 nongen=[] mism=0
Y??????w}mNSnGloJ[DN?P?????O??O??P??A?????^_?@}??B{??B{? n=26 c=7 b=4 nu_cut=3 good=52 nongen=[] mism=0
U??F~z{~??R?@?O???AG?????Jw?Zo?^O?NW?A}? n=22 c=4 b=5 nu_cut=3 good=40 nongen=[] mism=0
U???Fu}~D{ZoE?@?G?A??O??C???Fw?Fw?B{??~? n=22 c=5 b=4 nu_cut=3 good=38 nongen=[] mism=0
W???Fn{vd{^_A??_I??C??_????O???B{?B{??z_?Fs??Zo n=24 c=5 b=5 nu_cut=3 good=45 nongen=[] mism=0
U???Fz]vf[NoG?o?C????B??_???Fw?Fw?B{??~? n=22 c=5 b=4 nu_cut=3 good=40 nongen=[] mism=0
U???E~m}fs\o??C_P??G?@??C???Fw?Fw?B{??~? n=22 c=5 b=4 nu_cut=3 good=35 nongen=[] mism=0
W???F]}^fkVoJ????????s????C????Fs?@}??|_?B{??]o n=24 c=5 b=5 nu_cut=3 good=40 nongen=[] mism=0
Y????BZnTuMwroNoP_???C_???A??A????????Fw??~??Fk??Jw??Lw? n=26 c=6 b=5 nu_cut=3 good=52 nongen=[] mism=0
U???B~unfw]oA?o?Q??O?A??????Fw?Fw?B{??~? n=22 c=5 b=4 nu_cut=3 good=40 nongen=[] mism=0
Y??F~z{~?_??????I????i?@???????X[?FU?@|??Us?@ZO?Al_?Bl?? n=26 c=4 b=7 nu_cut=3 good=52 nongen=[] mism=0
Y???E}}^fkZoO???D????O????Cc??????@|??jo?Ey??Lw??to??|O? n=26 c=5 b=6 nu_cut=3 good=47 nongen=[] mism=0
W????A|{vq]Wrofo?_?G????C??c?AO????~??No?@}??Fw n=24 c=6 b=4 nu_cut=3 good=46 nongen=[] mism=0
U??F~z{~C?G?F???O?A??????NW?]o?Zo?Ng?B]? n=22 c=4 b=5 nu_cut=3 good=35 nongen=[] mism=0
W??F~z{~??K_??_?Q???????O???Mw?\g?B{?Av??Zo?@]_ n=24 c=4 b=6 nu_cut=3 good=46 nongen=[] mism=0
Y??????rviLslgTwFsEf?A?????O?CA??g??G?????^_?@}??B{??B{? n=26 c=7 b=4 nu_cut=3 good=50 nongen=[] mism=0
U???Fl}}fs^_@_@????K???A_???Fw?Fw?B{??~? n=22 c=5 b=4 nu_cut=3 good=38 nongen=[] mism=0
Y????An}f[ZgnO}O?O?_???@E??_?????A????Fw?@z??F[??Mw??Fw? n=26 c=6 b=5 nu_cut=3 good=49 nongen=[] mism=0
Y??F~z{~?_A??????????q?AC??????Rk?Ms?@r_?No??}_?A]_?Bk_? n=26 c=4 b=7 nu_cut=3 good=50 nongen=[] mism=0
U???Fv]~Fw\o??G_C??C??_AC???Fw?Fw?B{??~? n=22 c=5 b=4 nu_cut=3 good=38 nongen=[] mism=0
Y??F~z{~??H__?C?O??_???????????Rk?Ng?Bb_?P{?@]O?A{_?@f_? n=26 c=4 b=7 nu_cut=3 good=52 nongen=[] mism=0
U??F~z{~???_??H?R????G???Mw?\o?]o?Jw?Bu? n=22 c=4 b=5 nu_cut=3 good=40 nongen=[] mism=0
Y???Fn]^fw]o??A?@?AG?I??_?????????@}??yo?FM??Zo??lo??{o? n=26 c=5 b=6 nu_cut=3 good=52 nongen=[] mism=0
W??F~z{~????J???O_A????@????Zo?\W?Ls?Br??Xw??z_ n=24 c=4 b=6 nu_cut=3 good=44 nongen=[] mism=0
U??F~z{~?W[?????@????@???Jw?^_?]o?Jw?@}? n=22 c=4 b=5 nu_cut=3 good=40 nongen=[] mism=0
Y????AvzT]\gNo|O???s?U????C???????????Lw?@^??E{??Fw??Jw? n=26 c=6 b=5 nu_cut=3 good=42 nongen=[] mism=0
U???B}}}fsZo@?P?G_CO????????Fw?Fw?B{??~? n=22 c=5 b=4 nu_cut=3 good=38 nongen=[] mism=0
Y???Fm}vb{NoY?@??????q????????????@|??jo?Bm??NW??xo??{o? n=26 c=5 b=6 nu_cut=3 good=46 nongen=[] mism=0
W????Bj}dy^OZofoI??G?@?A@?????G????~??No?@}??Fw n=24 c=6 b=4 nu_cut=3 good=46 nongen=[] mism=0
W????@v}by[wrozO@G?_?C??O??C??C????~??No?@}??Fw n=24 c=6 b=4 nu_cut=3 good=44 nongen=[] mism=0
Y??F~z{~????d??????O?I??_??????ZS?Le?Bt??Yw??}O?Al_?AV_? n=26 c=4 b=7 nu_cut=3 good=52 nongen=[] mism=0
Y??F~z{~?GM???????A_????C??????VS?NE?@l_?B{?@To?Az??Bm?? n=26 c=4 b=7 nu_cut=3 good=50 nongen=[] mism=0
W???E~]~B{\og_C????_???@G??????E{?@}??}_?D{??No n=24 c=5 b=5 nu_cut=3 good=42 nongen=[] mism=0
Y???FzmzfkNoA?H?B????C??O?????????Bf??\o?C}??^_??}O??fo? n=26 c=5 b=6 nu_cut=3 good=52 nongen=[] mism=0
Y????BVnR{^G}_\o?w?O????????????BC????Fw?@}??Fw??Fw??Lw? n=26 c=6 b=5 nu_cut=3 good=48 nongen=[] mism=0
Y??F~z{~??H_????O?@??G????C????\K?D{?Ay_?Tw??\o?Bt??Af_? n=26 c=4 b=7 nu_cut=3 good=52 nongen=[] mism=0
Y????A}^Rm]Wyoz_P??M???A??????O???????No??~??D{??NW??Jw? n=26 c=6 b=5 nu_cut=3 good=54 nongen=[] mism=0
Y??????i}u]KTwRwE{Dl?c?????O?B???G??A?????^_?@}??B{??B{? n=26 c=7 b=4 nu_cut=3 good=52 nongen=[] mism=0
Y??????J|]F[~?uWM[Du?O_?C??G?????C??c?????^_?@}??B{??B{? n=26 c=7 b=4 nu_cut=3 good=45 nongen=[] mism=0
U??F~z{~????_?F?G_???_???Lw?No?\o?NW?Bm? n=22 c=4 b=5 nu_cut=3 good=38 nongen=[] mism=0
W??F~z{~??[?@???A_???C??????Tw?Zg?J[?Bl??]g??^_ n=24 c=4 b=6 nu_cut=3 good=40 nongen=[] mism=0
W????BtZt]Vg{o{o@?C_????I??S???????~??No?@}??Fw n=24 c=6 b=4 nu_cut=3 good=44 nongen=[] mism=0
W????A^rvsLw\ov_W??Q?G??_?@????????~??No?@}??Fw n=24 c=6 b=4 nu_cut=3 good=46 nongen=[] mism=0
Y????@^zRyZWnO^_??C????Ao?????E?A?????Mw??~??F[??Ng??Jw? n=26 c=6 b=5 nu_cut=3 good=46 nongen=[] mism=0
W????B]fu]Mw^_]oO_@??E??_?@????????~??No?@}??Fw n=24 c=6 b=4 nu_cut=3 good=40 nongen=[] mism=0
Y??????q~[Rsz_^_MkFi??G?`??S??????_??G????^_?@}??B{??B{? n=26 c=7 b=4 nu_cut=3 good=45 nongen=[] mism=0
W???Fm}vfkZoG?E???@??G?B???????E{?By??|_?D{??^O n=24 c=5 b=5 nu_cut=3 good=42 nongen=[] mism=0
U???B~y^fw^__?_?B?C?????E???Fw?Fw?B{??~? n=22 c=5 b=4 nu_cut=3 good=35 nongen=[] mism=0
Y????@|lvYNWrofoA????C?@a???????AC????Fw?@v??Fs??No??Mw? n=26 c=6 b=5 nu_cut=3 good=52 nongen=[] mism=0
W??F~z{~??P_C?O????_?O??????^_?Xw?Ng?An??Vg?@\_ n=24 c=4 b=6 nu_cut=3 good=46 nongen=[] mism=0
Y??F~z{~??????????A??o?A??@o???Rs?No?Bl??ZK??}_?BU_?By?? n=26 c=4 b=7 nu_cut=3 good=45 nongen=[] mism=0
W????Av^fiLwlojoO??O?S????CO??O????~??No?@}??Fw n=24 c=6 b=4 nu_cut=3 good=39 nongen=[] mism=0
Y??????fltNcew^_[[Cv??O?@??G??I?????o?????^_?@}??B{??B{? n=26 c=7 b=4 nu_cut=3 good=44 nongen=[] mism=0
Y???E~{^e{]o??A_??B_????G??C??????Bl??{o?F[??ZW??jo??nO? n=26 c=5 b=6 nu_cut=3 good=50 nongen=[] mism=0
Y???B~unfsNo_???L????_?????C?C????BZ??z_?Fk??ZW??Zo??vO? n=26 c=5 b=6 nu_cut=3 good=53 nongen=[] mism=0
Y??????rvqNcjWlgNSBl??OA???S?????@??_O????^_?@}??B{??B{? n=26 c=7 b=4 nu_cut=3 good=50 nongen=[] mism=0
U???Fn]ne{]oP?G_???O?A??G???Fw?Fw?B{??~? n=22 c=5 b=4 nu_cut=3 good=35 nongen=[] mism=0
Y???Fvy~E{Zo@?@?O???????q?????G???@|??}_?Du??Xw??v_??uo? n=26 c=5 b=6 nu_cut=3 good=43 nongen=[] mism=0
W???Fm}|f[^_[???@??O?_?????O???F[?@}??}_?B{??Zo n=24 c=5 b=5 nu_cut=3 good=46 nongen=[] mism=0
U??F~z{~@?C?_?_??????U???No?Zo?Zo?No?Bm? n=22 c=4 b=5 nu_cut=3 good=35 nongen=[] mism=0
W???Fnunfs^O@?E?D??G????C??????D{?B]??z_?Fw??^O n=24 c=5 b=5 nu_cut=3 good=47 nongen=[] mism=0
W??F~z{~?_A?J?????A????@????Zo?^O?Ls?A}??NW?@f_ n=24 c=4 b=6 nu_cut=3 good=40 nongen=[] mism=0
U???E~u~E{^_G?__???O?G??g???Fw?Fw?B{??~? n=22 c=5 b=4 nu_cut=3 good=34 nongen=[] mism=0
U???E~y^b{ZoW?_?O??g???A????Fw?Fw?B{??~? n=22 c=5 b=4 nu_cut=3 good=35 nongen=[] mism=0
W???Fy}vfs\o??H???????_?k??C???Fw?A}??}_?Fs??No n=24 c=5 b=5 nu_cut=3 good=45 nongen=[] mism=0
W???Fnu}e{^_A???@??S??_?o??????Fk?@}??}_?Fw??\o n=24 c=5 b=5 nu_cut=3 good=45 nongen=[] mism=0
W??F~z{~?OQ_A???????????c???Fw?Vo?NS?A^??No??}_ n=24 c=4 b=6 nu_cut=3 good=39 nongen=[] mism=0
W????A^za}^GzOzOE??a??_?A?????C????~??No?@}??Fw n=24 c=6 b=4 nu_cut=3 good=46 nongen=[] mism=0
Y??????miz]WhwfW]KEy????c??C??S?????A_????^_?@}??B{??B{? n=26 c=7 b=4 nu_cut=3 good=50 nongen=[] mism=0
U??F~z{~C?B_??_?G_???????Jw?Zo?No?NW?A}? n=22 c=4 b=5 nu_cut=3 good=38 nongen=[] mism=0
U???Fvu^fw]oK??_@??O?A_?????Fw?Fw?B{??~? n=22 c=5 b=4 nu_cut=3 good=38 nongen=[] mism=0
Y??F~z{~?G??_?_????G??????BO???W{?H{?B]??\K??}_?@z??Ar_? n=26 c=4 b=7 nu_cut=3 good=52 nongen=[] mism=0
Y??F~z{~????O?G???B???????Cg???^_?Mk?Aj_?ZW??uo?@n??BR_? n=26 c=4 b=7 nu_cut=3 good=45 nongen=[] mism=0
U???Fn]|e{Vo??A?D?@??H??G???Fw?Fw?B{??~? n=22 c=5 b=4 nu_cut=3 good=35 nongen=[] mism=0
W????BZZvU^Gfofo?_B?????S?????g????~??No?@}??Fw n=24 c=6 b=4 nu_cut=3 good=39 nongen=[] mism=0
W??F~z{~??U???A????O???@O???Zo?Uw?I{?BZ??^O??^_ n=24 c=4 b=6 nu_cut=3 good=44 nongen=[] mism=0
U???B}}~D{^Oa???A_A??O?@????Fw?Fw?B{??~? n=22 c=5 b=4 nu_cut=3 good=40 nongen=[] mism=0
W???Fnmve{]o??O?@??O????G?DC???Fw?Bm??^_?D{??^_ n=24 c=5 b=5 nu_cut=3 good=42 nongen=[] mism=0
Y??F~z{~B_@?????@????_?A???????K{?Dy?@t_?^O?@]O?@V_?Al_? n=26 c=4 b=7 nu_cut=3 good=52 nongen=[] mism=0
W????AzzQ}]Wyo^O??@O?@?AC??G?C?????~??No?@}??Fw n=24 c=6 b=4 nu_cut=3 good=44 nongen=[] mism=0
Y??F~z{~?O??L?a???C????????????U[?MY?@m_?ZW??lo?@\_?BF_? n=26 c=4 b=7 nu_cut=3 good=52 nongen=[] mism=0
W??F~z{~??C?????W?@????AK???Uw?\g?Lw?Bu??]W?@n? n=24 c=4 b=6 nu_cut=3 good=44 nongen=[] mism=0
U??F~z{~E?Y???A??????A???No?]o?No?Jw?A}? n=22 c=4 b=5 nu_cut=3 good=38 nongen=[] mism=0
Y??F~z{~??C???G???AW????O??_???E{?NI?@^??P{?@so?BY_?Br?? n=26 c=4 b=7 nu_cut=3 good=52 nongen=[] mism=0
U??F~z{~??P_S???C?@??????Jw?Vo?Zo?No?Bu? n=22 c=4 b=5 nu_cut=3 good=38 nongen=[] mism=0
Y???B~m~B{^O????S????_?@I????C????By??to?Eu??^O??zO??xo? n=26 c=5 b=6 nu_cut=3 good=53 nongen=[] mism=0
Y????Bl|TuVo|_lo???C?O?@??????q?@?????NW?@|??Fs??Lw??Lw? n=26 c=6 b=5 nu_cut=3 good=44 nongen=[] mism=0
W??F~z{~?G?_U?????C??_??????ZW?Zg?Jk?@|??VW?@n? n=24 c=4 b=6 nu_cut=3 good=40 nongen=[] mism=0
W???B~yvf[^_S_?????G?K?????G???F[?@}??}_?B{??]o n=24 c=5 b=5 nu_cut=3 good=45 nongen=[] mism=0
Y???Fl}|f[Zo??A???AG???AG????CO???Bu??jo?Fs??^O??zO??]o? n=26 c=5 b=6 nu_cut=3 good=52 nongen=[] mism=0
Y??????vdfZcXwZW]oFL??O?o??S??A??@????????^_?@}??B{??B{? n=26 c=7 b=4 nu_cut=3 good=45 nongen=[] mism=0
U???D~]vfk]oo?A???@??I??G???Fw?Fw?B{??~? n=22 c=5 b=4 nu_cut=3 good=38 nongen=[] mism=0
Y??F~z{~?_??????A_???@????DO???]g?NE?Bf??Fw?@]O?A|??@N_? n=26 c=4 b=7 nu_cut=3 good=45 nongen=[] mism=0
Y??F~z{~?_??Y?????D_???????????Zg?JU?BY_?^C?@Lo?@Z_?@m_? n=26 c=4 b=7 nu_cut=3 good=47 nongen=[] mism=0
Y??????m]r\KTw]gXs@}?`??C?CG????????OO????^_?@}??B{??B{? n=26 c=7 b=4 nu_cut=3 good=50 nongen=[] mism=0
U??F~z{~?GO?@???O?BO?????Ng?Zo?^_?Ng?Bm? n=22 c=4 b=5 nu_cut=3 good=40 nongen=[] mism=0
W????Bx~EuRw|Oz_?W@G??_?@?????C????~??No?@}??Fw n=24 c=6 b=4 nu_cut=3 good=44 nongen=[] mism=0
U??F~z{~?g??O???G?@g?????Mw?^O?^O?Lw?@}? n=22 c=4 b=5 nu_cut=3 good=38 nongen=[] mism=0
Y????BynfMFwv_^OSG?A??????AC?????@????Fw?@v??Fs??Fw??NW? n=26 c=6 b=5 nu_cut=3 good=52 nongen=[] mism=0
Y??F~z{~????U????????[????@????Yw?Hy?@\_?\g?@{_?B{??BF_? n=26 c=4 b=7 nu_cut=3 good=41 nongen=[] mism=0
W??F~z{~@?C?c?p?????????????Uw?\g?Lw?@n??Rw?@V_ n=24 c=4 b=6 nu_cut=3 good=39 nongen=[] mism=0
Y??????[~pJwVoxoU[Du?@GA_??G??@??????G????^_?@}??B{??B{? n=26 c=7 b=4 nu_cut=3 good=50 nongen=[] mism=0
W???F^]}fkNob????????P??O??_???Fk?Bm??^_?B{??Zo n=24 c=5 b=5 nu_cut=3 good=45 nongen=[] mism=0
Y???Fn{nfw\o??????@K?C????Ao??????Bm??nO?By??\g??\o??yo? n=26 c=5 b=6 nu_cut=3 good=46 nongen=[] mism=0
W????BlzR{Mw]oto?????__A??@_?CC????~??No?@}??Fw n=24 c=6 b=4 nu_cut=3 good=44 nongen=[] mism=0
W????A^vb{UwNoxoG?A??O??`????D?????~??No?@}??Fw n=24 c=6 b=4 nu_cut=3 good=46 nongen=[] mism=0
Y???Fvmne{^O@???D?@C????C??G??????Bm??}O?Ey??NW??uo??z_? n=26 c=5 b=6 nu_cut=3 good=49 nongen=[] mism=0
W??F~z{~A?????O???Co?B??????]W?Ng?Ms?By??NW?@^? n=24 c=4 b=6 nu_cut=3 good=44 nongen=[] mism=0
W???Fvyzf[ZoC???A?A??B_?O??????Fk?Bu??}_?Fs??Vo n=24 c=5 b=5 nu_cut=3 good=38 nongen=[] mism=0
W??F~z{~??B?????W_?_?A??????[w?NW?J[?Br??Vg?@u_ n=24 c=4 b=6 nu_cut=3 good=46 nongen=[] mism=0
W???Fm}|fwVoO_E?G?????????AC???E{?A}??|_?B{??^_ n=24 c=5 b=5 nu_cut=3 good=41 nongen=[] mism=0
W??F~z{~??O?@?????C??@??w???^O?^_?Js?@|??Zo?@x_ n=24 c=4 b=6 nu_cut=3 good=40 nongen=[] mism=0
Y???D|}ze{No??_???C??_????@_?@_???Bu??|O?Ey??[w??n_??yo? n=26 c=5 b=6 nu_cut=3 good=49 nongen=[] mism=0
U???Fvuzfs]o??@?H?@O?@??C???Fw?Fw?B{??~? n=22 c=5 b=4 nu_cut=3 good=40 nongen=[] mism=0
Y????ByruyVgNoloG????O??K?A??@_???????Ng?@^??F[??No??NW? n=26 c=6 b=5 nu_cut=3 good=54 nongen=[] mism=0
Y??F~z{~D???s?A????O???????????X[?K{?@v??I{??zO?Bw_?A^?? n=26 c=4 b=7 nu_cut=3 good=50 nongen=[] mism=0
Y??????^VkXwhw^ONcFF??GAG?CO??????_??G????^_?@}??B{??B{? n=26 c=7 b=4 nu_cut=3 good=52 nongen=[] mism=0
Y??F~z{~E_C????????O?A??_??????Zg?Im?@}??NS??}O??}_?At_? n=26 c=4 b=7 nu_cut=3 good=45 nongen=[] mism=0
W???F^{~Fs^OA_??OO?G?@?????G???B{?B{??n_?B{??Zo n=24 c=5 b=5 nu_cut=3 good=47 nongen=[] mism=0
W??F~z{~????T?_???C??A??G???Xw?Xw?No?Bx??]o?@m_ n=24 c=4 b=6 nu_cut=3 good=40 nongen=[] mism=0
W??F~z{~??A?R?????@??C??_???\g?^_?Ls?A}??ZW?@n? n=24 c=4 b=6 nu_cut=3 good=34 nongen=[] mism=0
W??F~z{~B_????A?G_???A??????]W?Mw?Fk?@|??Xw?@v? n=24 c=4 b=6 nu_cut=3 good=44 nongen=[] mism=0
U???E~{|e{^_G????O@??D??a???Fw?Fw?B{??~? n=22 c=5 b=4 nu_cut=3 good=38 nongen=[] mism=0
W??F~z{~A???G?G?G?Cg????????^G?^O?M[?@|??Yw??|_ n=24 c=4 b=6 nu_cut=3 good=46 nongen=[] mism=0
U??F~z{~A?@???k???A??A???Mw?]o?\o?Jw?@}? n=22 c=4 b=5 nu_cut=3 good=40 nongen=[] mism=0
U??F~z{~???_@???L??_?C???Jw?^O?]o?Fw?Bu? n=22 c=4 b=5 nu_cut=3 good=40 nongen=[] mism=0
U??F~z{~C???C?C???C??J???Lw?^O?Vo?No?B{? n=22 c=4 b=5 nu_cut=3 good=40 nongen=[] mism=0
U??F~z{~?_??C?G?C????b???Jw?^_?^O?Fw?B{? n=22 c=4 b=5 nu_cut=3 good=40 nongen=[] mism=0
Y????BZttyMw~?mo@??O?H??F?????????????Mw?@}??B{??Mw??Lw? n=26 c=6 b=5 nu_cut=3 good=52 nongen=[] mism=0
Y?????~fum]W|_v_D?@??_??G??O?????_????Fw?@v??Fk??Fw??NW? n=26 c=6 b=5 nu_cut=3 good=46 nongen=[] mism=0
U??F~z{~CgC?G????????P???Jw?\o?No?Fw?B{? n=22 c=4 b=5 nu_cut=3 good=38 nongen=[] mism=0
U???F^{vf[NoC?C?A??S????c???Fw?Fw?B{??~? n=22 c=5 b=4 nu_cut=3 good=40 nongen=[] mism=0
W????Bfnd]Jw^_zOQ??_??o?O????C?????~??No?@}??Fw n=24 c=6 b=4 nu_cut=3 good=44 nongen=[] mism=0
W???E}}vfsVoI_O?A?A??O?????????B{?By??^_?Fk??^_ n=24 c=5 b=5 nu_cut=3 good=42 nongen=[] mism=0
Y????Brlr{\o~?NoH????s??@????????@????NW?@n??D{??Fw??Lw? n=26 c=6 b=5 nu_cut=3 good=52 nongen=[] mism=0
W??F~z{~????R???C?C??_??_???]o?ZW?Ls?Bu??[w?@n? n=24 c=4 b=6 nu_cut=3 good=39 nongen=[] mism=0
Y???Fnm^b{Zo??`??????_?@I????C????By??zO?FU??]W??n_??lo? n=26 c=5 b=6 nu_cut=3 good=53 nongen=[] mism=0
Y???Fy}~F[]o?????O???G_????w??C???Bt??~??Em??ZW??to??^O? n=26 c=5 b=6 nu_cut=3 good=48 nongen=[] mism=0
Y??????f^MUsNWyWNgD{?O??A_A??CC?????O?????^_?@}??B{??B{? n=26 c=7 b=4 nu_cut=3 good=52 nongen=[] mism=0
W???B~u^e{\oG?_??????G?BA?C????Fs?By??n_?D{??^_ n=24 c=5 b=5 nu_cut=3 good=42 nongen=[] mism=0
U??F~z{~Ag@???A???B??????Fw?^O?No?Lw?Bm? n=22 c=4 b=5 nu_cut=3 good=38 nongen=[] mism=0
Y???B|}}e{\o??w?E_????????????O????~??fo?Ey??\g??Vo??n_? n=26 c=5 b=6 nu_cut=3 good=46 nongen=[] mism=0
Y????Azlu]^_nOroHO?_?GO??????????O????Lw??~??B{??Lw??Jw? n=26 c=6 b=5 nu_cut=3 good=48 nongen=[] mism=0
U???F^u~B{]o??E?@?AG????W???Fw?Fw?B{??~? n=22 c=5 b=4 nu_cut=3 good=38 nongen=[] mism=0
Y???Fl}}fs\oF??????????B_??C??????@z??yo?D{??NW??Zo??~?? n=26 c=5 b=6 nu_cut=3 good=46 nongen=[] mism=0
W??F~z{~????A???S_?O?c??????]g?NW?Ls?A}??Mw?@x_ n=24 c=4 b=6 nu_cut=3 good=44 nongen=[] mism=0
Y??????l\\I{\W{oZSC}?A?????O??O??@_?__????^_?@}??B{??B{? n=26 c=7 b=4 nu_cut=3 good=52 nongen=[] mism=0
U???B|}zfw^OA_c?O????c??????Fw?Fw?B{??~? n=22 c=5 b=4 nu_cut=3 good=38 nongen=[] mism=0
Y???B~m|b{\o??K?O?C??C?A???_??????Bt??Vo?Dm??Vg??Zo??mo? n=26 c=5 b=6 nu_cut=3 good=49 nongen=[] mism=0
U??F~z{~@?A?G?C?H_???????Mw?^_?^O?NW?Bu? n=22 c=4 b=5 nu_cut=3 good=40 nongen=[] mism=0
Y??????zazE{[wmWUkDm?@_?G??O??O?????OG????^_?@}??B{??B{? n=26 c=7 b=4 nu_cut=3 good=45 nongen=[] mism=0
W??F~z{~??C?_?g????w????????Xw?Jw?Jk?A}??\W?@|? n=24 c=4 b=6 nu_cut=3 good=46 nongen=[] mism=0
Y??F~z{~????G?U?A_@????????????\S?Em?A{_?Js?@r_?Af_?AV_? n=26 c=4 b=7 nu_cut=3 good=50 nongen=[] mism=0
W??F~z{~Cg@?????@?A????@????No?]W?NW??~??[w??~? n=24 c=4 b=6 nu_cut=3 good=34 nongen=[] mism=0
W????A}jvUXw^OvO???_?K??B?@???_????~??No?@}??Fw n=24 c=6 b=4 nu_cut=3 good=44 nongen=[] mism=0
W??F~z{~?G??e?@??????G??_???Zo?Tw?K{??~??Jw?@u_ n=24 c=4 b=6 nu_cut=3 good=40 nongen=[] mism=0
U???D|}zb{]o_?_?B?C??O_?????Fw?Fw?B{??~? n=22 c=5 b=4 nu_cut=3 good=40 nongen=[] mism=0
W??F~z{~???_@?Q??????i??????Vg?Vo?Ls?Bl??Xw??z_ n=24 c=4 b=6 nu_cut=3 good=44 nongen=[] mism=0
Y????@v\ru\ovOxo???O????G?@C?CO?A?????No?@|??Fk??No??Lw? n=26 c=6 b=5 nu_cut=3 good=47 nongen=[] mism=0
Y????Blmq}VW]o~?S??G?CO?C??G??????????Lw?@z??Fk??Ng??Fw? n=26 c=6 b=5 nu_cut=3 good=50 nongen=[] mism=0
Y??????yX|VKqw\oD{DZ?S????A???K??O??C?????^_?@}??B{??B{? n=26 c=7 b=4 nu_cut=3 good=50 nongen=[] mism=0
W???Fn{zfs]o??A???C_?A??i??????Fs?Bu??^_?F[??^O n=24 c=5 b=5 nu_cut=3 good=45 nongen=[] mism=0
Y???F]}}e{Zo??R?S????G????@???????Av??v_?Dm??]g??zO??fo? n=26 c=5 b=6 nu_cut=3 good=48 nongen=[] mism=0
W????AvnTu]gv_Vo??AC?AO@A????A?????~??No?@}??Fw n=24 c=6 b=4 nu_cut=3 good=44 nongen=[] mism=0
Y??F~z{~?_????A??????C??G?F????[s?Mw?Bk_?ZW??n_?BX_??~?? n=26 c=4 b=7 nu_cut=3 good=52 nongen=[] mism=0
W????A|fuuVo{oz_G??a?O?@???E???????~??No?@}??Fw n=24 c=6 b=4 nu_cut=3 good=46 nongen=[] mism=0
Y??????}VkLwv_Mw]KAz??G?D??@??@??I????????^_?@}??B{??B{? n=26 c=7 b=4 nu_cut=3 good=52 nongen=[] mism=0
Y??F~z{~????d???@????W?????O???Zo?LU?@|??Jw?@Lo?Bk_?@v?? n=26 c=4 b=7 nu_cut=3 good=44 nongen=[] mism=0
Y??F~z{~?O??@???U???????K??????]c?Jk?Bs_?\W??jo?BM_?@r_? n=26 c=4 b=7 nu_cut=3 good=52 nongen=[] mism=0
Y??F~z{~????@?[????????AG??G???Vc?Mi?BU_?X[??}_??n_?Bf?? n=26 c=4 b=7 nu_cut=3 good=50 nongen=[] mism=0
W???F]}nfs]o@???B?AG???@??A????D{?Bm??|_?E{??\o n=24 c=5 b=5 nu_cut=3 good=45 nongen=[] mism=0
W???Fm}^b{Zo??_?W?C??I?@???????F[?By??z_?E{??]o n=24 c=5 b=5 nu_cut=3 good=42 nongen=[] mism=0
Y????BZ^emVg\o\o?O?????A??C??C??@H????No?@n??F[??No??NW? n=26 c=6 b=5 nu_cut=3 good=48 nongen=[] mism=0
U???B}}~Fw^O?_B?OO?C???A????Fw?Fw?B{??~? n=22 c=5 b=4 nu_cut=3 good=38 nongen=[] mism=0
Y????Bfrv[Vg]o}O??D?????O????AK??O????No?@z??D{??Ng??Ng? n=26 c=6 b=5 nu_cut=3 good=52 nongen=[] mism=0
Y???Fnmvfk^_??C_@?@??A??G?@????????~??{o?E{??Vg??^O??z_? n=26 c=5 b=6 nu_cut=3 good=52 nongen=[] mism=0
U??F~z{~????e?G?C?CG?????Lw?Vo?^O?Fw?B]? n=22 c=4 b=5 nu_cut=3 good=38 nongen=[] mism=0
Y??????VvpTszG]WM[Dl??_?@?CG??E??@????????^_?@}??B{??B{? n=26 c=7 b=4 nu_cut=3 good=50 nongen=[] mism=0
Y???Fu}^f[^_O?_???C????@?????@g???Az??ro?Fs??No??}_??Zo? n=26 c=5 b=6 nu_cut=3 good=48 nongen=[] mism=0
U??F~z{~??I_D???O????_???Jw?^_?Zo?Jw?Bu? n=22 c=4 b=5 nu_cut=3 good=38 nongen=[] mism=0
W???Fvu^fw^_?_???OA??M??A??????B{?@}??}_?Fk??]o n=24 c=5 b=5 nu_cut=3 good=42 nongen=[] mism=0
W???Fu}zfk^OB??????G?A??o??G???E{?Bu??}_?B{??Vo n=24 c=5 b=5 nu_cut=3 good=45 nongen=[] mism=0
Y???E}}}e{Vo??B???@?????_?@??E????By??]o?@}??Tw??ro??~?? n=26 c=5 b=6 nu_cut=3 good=49 nongen=[] mism=0
Y???Fx}^d{\o??????Ac?b???????@????Bf??mo?FM??Lw??~???|O? n=26 c=5 b=6 nu_cut=3 good=46 nongen=[] mism=0
Y????Bt}fMTwfo^_@????A????DG??_??O????Ng?@^??Fk??No??NW? n=26 c=6 b=5 nu_cut=3 good=54 nongen=[] mism=0
U??F~z{~??G?C?O???DG?C???NW?Vo?^O?Fw?By? n=22 c=4 b=5 nu_cut=3 good=40 nongen=[] mism=0
Y??F~z{~?G??????A????C?B_??G???Vc?D{?@u_?Uw??vO?Bx??Bs_? n=26 c=4 b=7 nu_cut=3 good=52 nongen=[] mism=0
W??F~z{~@_O??????????Y?A????^_?Ng?L[?A}??Vo??}_ n=24 c=4 b=6 nu_cut=3 good=39 nongen=[] mism=0
W????AvZvM]gNoyoA????o??I??_??_????~??No?@}??Fw n=24 c=6 b=4 nu_cut=3 good=40 nongen=[] mism=0
Y?????~}U]Lwmo}O???_?C?AE????A??@?????Fw?@z??Fw??Mw??Mw? n=26 c=6 b=5 nu_cut=3 good=49 nongen=[] mism=0
U???F\}}e{ZoG?S????G?G??c???Fw?Fw?B{??~? n=22 c=5 b=4 nu_cut=3 good=38 nongen=[] mism=0
U??F~z{~B?P_??C??????C???Fw?^_?Vo?Jw?By? n=22 c=4 b=5 nu_cut=3 good=38 nongen=[] mism=0
W???E~]}fs]o??@??_???w??E??????E{?@}??}_?Fk??]o n=24 c=5 b=5 nu_cut=3 good=42 nongen=[] mism=0
W??F~z{~????Y?H??????_?A????Zo?Jw?H{?Bl??^_?@u_ n=24 c=4 b=6 nu_cut=3 good=39 nongen=[] mism=0
U??F~z{~??M?W?????C??_???Mw?Zo?Vo?Jw?B]? n=22 c=4 b=5 nu_cut=3 good=38 nongen=[] mism=0
U???F^m^d{Zoc?c?A?B?????????Fw?Fw?B{??~? n=22 c=5 b=4 nu_cut=3 good=38 nongen=[] mism=0
Y??????V^U[wZoUwS{Fk?AGAO??P??@???????????^_?@}??B{??B{? n=26 c=7 b=4 nu_cut=3 good=44 nongen=[] mism=0
Y??F~z{~E_C?A?????@O???????????P{?Fe??v_?VS??fo?BV??@j_? n=26 c=4 b=7 nu_cut=3 good=52 nongen=[] mism=0
Y????Anvbm\orolo@?BO?C?????_?????O????Jw?@|??Fk??Lw??Jw? n=26 c=6 b=5 nu_cut=3 good=53 nongen=[] mism=0
W???D}}|fsZoG???G?A??G?@??CO???B{?B]??v_?D{??^_ n=24 c=5 b=5 nu_cut=3 good=42 nongen=[] mism=0
U??F~z{~AO??C?h?A????????Mw?No?]o?Mw?Bu? n=22 c=4 b=5 nu_cut=3 good=34 nongen=[] mism=0
W???D~y~B{^_H?????????_?Y??C???Fw?@}??}_?Fs??No n=24 c=5 b=5 nu_cut=3 good=45 nongen=[] mism=0
W???F\}zfs^O_?C?A????D??C??G???F[?By??~??Fk??^O n=24 c=5 b=5 nu_cut=3 good=39 nongen=[] mism=0
U???D~{nfk^_O_?_W??C?O??????Fw?Fw?B{??~? n=22 c=5 b=4 nu_cut=3 good=35 nongen=[] mism=0
W????A}Vu]LwZofoE??_?c????@??@?????~??No?@}??Fw n=24 c=6 b=4 nu_cut=3 good=36 nongen=[] mism=0
Y??????^K}TsZo]gYwFe??G@O??@??@?????I?????^_?@}??B{??B{? n=26 c=7 b=4 nu_cut=3 good=52 nongen=[] mism=0
U???E~mzfk^_A?E????_?C?AA???Fw?Fw?B{??~? n=22 c=5 b=4 nu_cut=3 good=38 nongen=[] mism=0
Y??F~z{~?G??@????????[?@G??????Ms?Fe?BL_?Zc?@xO??^_?Bt?? n=26 c=4 b=7 nu_cut=3 good=50 nongen=[] mism=0
Y????BNzfkLw^O~?Q??C??_??????@a???????Lw?@^??Fs??Fw??Ng? n=26 c=6 b=5 nu_cut=3 good=48 nongen=[] mism=0
Y???Fx}vb{]oG?G???CK???????O??O???Bl??mo?B{??Xw??{o??Zo? n=26 c=5 b=6 nu_cut=3 good=50 nongen=[] mism=0
Y??????M{|]SlgZWLsC}?_??@??A?CA?????S?????^_?@}??B{??B{? n=26 c=7 b=4 nu_cut=3 good=44 nongen=[] mism=0
Y????A^zU]]gyo{oA????G??O??_?@??@G????No??~??B{??Ng??No? n=26 c=6 b=5 nu_cut=3 good=49 nongen=[] mism=0
U??F~z{~A???_?_?F?A??????Lw?No?^_?NW?Bu? n=22 c=4 b=5 nu_cut=3 good=40 nongen=[] mism=0
U???Fz{ze{No?_?_D?A_??_?????Fw?Fw?B{??~? n=22 c=5 b=4 nu_cut=3 good=40 nongen=[] mism=0
W????B{ZvkTwz_vOA?CA????Q??c???????~??No?@}??Fw n=24 c=6 b=4 nu_cut=3 good=39 nongen=[] mism=0
W????Bmtry]ofo{o@?@C?A?AC??O???????~??No?@}??Fw n=24 c=6 b=4 nu_cut=3 good=46 nongen=[] mism=0
Y??F~z{~????????@??O?_?@c?C????]c?Na?BZ??Xw?@{O?Av??@}?? n=26 c=4 b=7 nu_cut=3 good=45 nongen=[] mism=0
U???D~uve{^___A???@??I??_???Fw?Fw?B{??~? n=22 c=5 b=4 nu_cut=3 good=38 nongen=[] mism=0
W????Anvb]Uwn_toG????O?@??@O?C_????~??No?@}??Fw n=24 c=6 b=4 nu_cut=3 good=46 nongen=[] mism=0
U??F~z{~A?T???@????G?O???Jw?Vo?^_?Mw?B]? n=22 c=4 b=5 nu_cut=3 good=40 nongen=[] mism=0
U???E}}vd{\oG?o?@O???G??_???Fw?Fw?B{??~? n=22 c=5 b=4 nu_cut=3 good=35 nongen=[] mism=0
Y??????m^LX[qw^_\WA}????O_?_?@G???_?C?????^_?@}??B{??B{? n=26 c=7 b=4 nu_cut=3 good=44 nongen=[] mism=0
W????B{]vs^Orojo?G?A?c??c??A???????~??No?@}??Fw n=24 c=6 b=4 nu_cut=3 good=40 nongen=[] mism=0
U???B~mnf[]oC?P???@O?C??O???Fw?Fw?B{??~? n=22 c=5 b=4 nu_cut=3 good=40 nongen=[] mism=0
W??F~z{~????O?b?C_A?????????^G?Xw?M[?Br??Xw?@m_ n=24 c=4 b=6 nu_cut=3 good=39 nongen=[] mism=0
W????@v^Ru^Guo~????C??_?A?@O?CG????~??No?@}??Fw n=24 c=6 b=4 nu_cut=3 good=39 nongen=[] mism=0
W???Fn]}b{^O@?@???CC?@??_?@????Fw?Bm??}_?Fs??]o n=24 c=5 b=5 nu_cut=3 good=40 nongen=[] mism=0
Y??????rtm]cewpwLsCv?I??G????@???D??G?????^_?@}??B{??B{? n=26 c=7 b=4 nu_cut=3 good=50 nongen=[] mism=0
Y??F~z{~??L????????_?C?A??C????Uk?Im?AN_?No?@]O?Bx??Bw_? n=26 c=4 b=7 nu_cut=3 good=45 nongen=[] mism=0
U???D~ynfs\oO?@?G?@_?@?@????Fw?Fw?B{??~? n=22 c=5 b=4 nu_cut=3 good=38 nongen=[] mism=0
W??F~z{~??Q???O?G????b??????Vo?Lw?NS??~??^G?@m_ n=24 c=4 b=6 nu_cut=3 good=44 nongen=[] mism=0
Y??F~z{~??G?G?F???B????????????B{?Nc?@f_?Xs??\o?Bh_?BN?? n=26 c=4 b=7 nu_cut=3 good=52 nongen=[] mism=0
Y????Anvf[]o}ONo?G????O@?????@S??@????Ng?@}??D{??No??Ng? n=26 c=6 b=5 nu_cut=3 good=49 nongen=[] mism=0
W????By}P}Rwro}_Q??G?G??C????@G????~??No?@}??Fw n=24 c=6 b=4 nu_cut=3 good=44 nongen=[] mism=0
Y??F~z{~??A?X?????C????AO??????J[?Hy?Al_?^C?@z??@V_?BN?? n=26 c=4 b=7 nu_cut=3 good=52 nongen=[] mism=0
U???F^]~E{VoC_??C?@??G?@C???Fw?Fw?B{??~? n=22 c=5 b=4 nu_cut=3 good=40 nongen=[] mism=0
W???F\}zfsNob???A??_??_?O??????E{?Bm??^_?F[??No n=24 c=5 b=5 nu_cut=3 good=38 nongen=[] mism=0
Y??F~z{~?GA?????T???????O??G???L[?K]?Bq_?]W?@ZO?A\_?@|?? n=26 c=4 b=7 nu_cut=3 good=52 nongen=[] mism=0
Y??F~z{~??Y?????@???????C??W???Tw?LY?Al_?F[?@z??An??Bu?? n=26 c=4 b=7 nu_cut=3 good=52 nongen=[] mism=0
W???E~{}e{]oB?G???@?????I?@????D{?@}??}_?Fk??Zo n=24 c=5 b=5 nu_cut=3 good=47 nongen=[] mism=0
Y????A||fqXw|Oyo???G?A_@`?????G???????Lw?@v??B{??NW??Mw? n=26 c=6 b=5 nu_cut=3 good=46 nongen=[] mism=0
W????ByVruZomoNo?gC??O?A??E????????~??No?@}??Fw n=24 c=6 b=4 nu_cut=3 good=39 nongen=[] mism=0
W???Fm}~F[^_`?A??O?S???????C???D{?B{??^_?D{??\o n=24 c=5 b=5 nu_cut=3 good=40 nongen=[] mism=0
Y???D~yzb{No??O?KOC????A?????C????@^??xo?C}??\o??]o??uo? n=26 c=5 b=6 nu_cut=3 good=53 nongen=[] mism=0
Y???F^y^f[]oC???P_?G????O?????_???Bm??vO?E]??]g??ro??]o? n=26 c=5 b=6 nu_cut=3 good=47 nongen=[] mism=0
Y???F^uvd{\o??????Ac?A??_??O?@????Bj??nO?D]??^G??|O??z_? n=26 c=5 b=6 nu_cut=3 good=44 nongen=[] mism=0
W???D~]|fsZoo?@?EO?G???????????B{?B{??v_?E{??\o n=24 c=5 b=5 nu_cut=3 good=42 nongen=[] mism=0
U???F^u^d{VoO?g?G?A????AG???Fw?Fw?B{??~? n=22 c=5 b=4 nu_cut=3 good=40 nongen=[] mism=0
W??F~z{~A?E_B???G???????????Ng?Fw?I{?Az??Zg?@j_ n=24 c=4 b=6 nu_cut=3 good=44 nongen=[] mism=0
W???E~u~Fs^OB????_CC???????W???B{?Bm??|_?Fs??^_ n=24 c=5 b=5 nu_cut=3 good=45 nongen=[] mism=0
U???Fn]}e{]oE?@?C?@??G??C???Fw?Fw?B{??~? n=22 c=5 b=4 nu_cut=3 good=34 nongen=[] mism=0
Y??????mY^Tsdw]WVoBf??????@O?AG?@C??O?????^_?@}??B{??B{? n=26 c=7 b=4 nu_cut=3 good=50 nongen=[] mism=0
Y??????M~dZW^G{WVcB]?OO????G?CG??C??_?????^_?@}??B{??B{? n=26 c=7 b=4 nu_cut=3 good=50 nongen=[] mism=0
Y????BN}ViZW}_nO?OAI????A??C??_???????No?@|??D{??Jw??Fw? n=26 c=6 b=5 nu_cut=3 good=48 nongen=[] mism=0
W??F~z{~???_P?????D_???@????VW?Jw?L[?Br??Lw?@|? n=24 c=4 b=6 nu_cut=3 good=46 nongen=[] mism=0
Y??????d}VJsrWlWE{D]???@??CC?A??@???K?????^_?@}??B{??B{? n=26 c=7 b=4 nu_cut=3 good=45 nongen=[] mism=0
Y??F~z{~CO??_?A???B_???????????Ls?Km?Bk_?NW?@To?BV??@r_? n=26 c=4 b=7 nu_cut=3 good=45 nongen=[] mism=0
W????A|}RmMwyo~?@_?I??_?A??C???????~??No?@}??Fw n=24 c=6 b=4 nu_cut=3 good=46 nongen=[] mism=0
U???F\}}f[^_a?__???_?C??O???Fw?Fw?B{??~? n=22 c=5 b=4 nu_cut=3 good=40 nongen=[] mism=0
W????AvnQ}UwzO|O?O?O??_@A??O??O????~??No?@}??Fw n=24 c=6 b=4 nu_cut=3 good=36 nongen=[] mism=0
Y?????~fru\onO\oO?A??OOA??C?????@?????Ng??~??E{??Mw??Fw? n=26 c=6 b=5 nu_cut=3 good=46 nongen=[] mism=0
U???Fn{|d{\oA?A?O_@C?A??????Fw?Fw?B{??~? n=22 c=5 b=4 nu_cut=3 good=40 nongen=[] mism=0
Y??????lh|[[]Wmo\WA|???AG??I?????D??@?????^_?@}??B{??B{? n=26 c=7 b=4 nu_cut=3 good=50 nongen=[] mism=0
Y???D~]nfw\oO????????O?A??@o?A????@z??^O?Fk??^_??mo??zO? n=26 c=5 b=6 nu_cut=3 good=53 nongen=[] mism=0
Y????Bmxru]omoroKG?O????G?C_??????????NW??~??D{??Jw??Fw? n=26 c=6 b=5 nu_cut=3 good=42 nongen=[] mism=0
W????AznemVg}O|_G?A??O??`?????S????~??No?@}??Fw n=24 c=6 b=4 nu_cut=3 good=46 nongen=[] mism=0
U???Fl}|d{^_o?A_@??O????A???Fw?Fw?B{??~? n=22 c=5 b=4 nu_cut=3 good=38 nongen=[] mism=0
U??F~z{~DO????C???AO?C???Ng?^_?\o?Fw?@}? n=22 c=4 b=5 nu_cut=3 good=38 nongen=[] mism=0
Y??F~z{~??W???G??????q??_??????Xk?E]??z_?Vo?@]O?A\_?Bl?? n=26 c=4 b=7 nu_cut=3 good=50 nongen=[] mism=0
Y??F~z{~????a?[??????A?A???????P{?Ey?BX_?Ys?@Uo?@^??@n?? n=26 c=4 b=7 nu_cut=3 good=52 nongen=[] mism=0
U???Fx}nb{^_o?????C??o??E???Fw?Fw?B{??~? n=22 c=5 b=4 nu_cut=3 good=34 nongen=[] mism=0
Y??F~z{~?OW_??A?W??????????????P{?Mw??z_?Ys?@yO?Af_??|_? n=26 c=4 b=7 nu_cut=3 good=50 nongen=[] mism=0
W???B~{zd{Vo??O?HOC??O????C????E{?A}??z_?E{??^_ n=24 c=5 b=5 nu_cut=3 good=45 nongen=[] mism=0
Y??????qzyMwmWroVgFh??_?S?????C?@?_??_????^_?@}??B{??B{? n=26 c=7 b=4 nu_cut=3 good=45 nongen=[] mism=0
Y???Fz{}b{No?__?O??G??_??????CC???Bf??vO?Dy??Jw??v_??n_? n=26 c=5 b=6 nu_cut=3 good=45 nongen=[] mism=0
W???Fx}~B{^OI_C?O?C???????C????E{?By??^_?B{??^_ n=24 c=5 b=5 nu_cut=3 good=42 nongen=[] mism=0
W??F~z{~C?G?O???E_?????A????No?Jw?J[?Bu??Yw??^_ n=24 c=4 b=6 nu_cut=3 good=40 nongen=[] mism=0
Y??F~z{~??O_??A?[????A?????????Lk?MU?@r_?F[?@^??BR_?Af_? n=26 c=4 b=7 nu_cut=3 good=50 nongen=[] mism=0
W??F~z{~????_?B?O???????k???Rw?Uw?Lw?Br??\o?@v? n=24 c=4 b=6 nu_cut=3 good=44 nongen=[] mism=0
Y??F~z{~????@?????EO?g?????G???\o?Li?BJ_?^G?@[o?B\??@v?? n=26 c=4 b=7 nu_cut=3 good=44 nongen=[] mism=0
W????B\yvY^O|_xo???_?I??O??_??Q????~??No?@}??Fw n=24 c=6 b=4 nu_cut=3 good=46 nongen=[] mism=0
Y??F~z{~???_???????G?s????@_???^C?JU?B]??VS??n_?A\_?Bl?? n=26 c=4 b=7 nu_cut=3 good=50 nongen=[] mism=0
Y???Fl}nfwVoO???BOA????@C?????????@^??]o?Fe??Lw??uo??to? n=26 c=5 b=6 nu_cut=3 good=48 nongen=[] mism=0
Y??F~z{~????J???G????C?@???_???S{?Lq?@|??ZK??lo?Bs_?BV?? n=26 c=4 b=7 nu_cut=3 good=45 nongen=[] mism=0
Y????A|vVUUw|_}_??A??O????@a??G??C????Jw?@n??Fk??NW??No? n=26 c=6 b=5 nu_cut=3 good=54 nongen=[] mism=0
W????BuZr]]guo\o???O?_??G?CO?C_????~??No?@}??Fw n=24 c=6 b=4 nu_cut=3 good=41 nongen=[] mism=0
Y??????]viH{ww~?VKFF?@_AO????????E??@?????^_?@}??B{??B{? n=26 c=7 b=4 nu_cut=3 good=50 nongen=[] mism=0
W???FnyvfsZog?G??????F????@????B{?@}??|_?E{??]o n=24 c=5 b=5 nu_cut=3 good=42 nongen=[] mism=0
Y??F~z{~??D__???O????P?????????^_?K]?Ax_?Xw?@]O??z_?Au_? n=26 c=4 b=7 nu_cut=3 good=50 nongen=[] mism=0
U???B~u~Fs^O??`??_?S?@?A????Fw?Fw?B{??~? n=22 c=5 b=4 nu_cut=3 good=38 nongen=[] mism=0
Y????B\NvsVovO^_G?CI???@???C??C???????Fw?@^??D{??Mw??Mw? n=26 c=6 b=5 nu_cut=3 good=44 nongen=[] mism=0
U??F~z{~?OO???X?O????A???Lw?\o?Vo?Mw?Bu? n=22 c=4 b=5 nu_cut=3 good=40 nongen=[] mism=0
Y???Fzy^fwZo?_g??_???@_????C??????Bj??xo?@}??^_??lo??vO? n=26 c=5 b=6 nu_cut=3 good=52 nongen=[] mism=0
Y??F~z{~??P?G???H_????????@????Mw?JU?@z??\c?@Fo?At_?BV?? n=26 c=4 b=7 nu_cut=3 good=50 nongen=[] mism=0
Y??????Zrl[sloMwZgAz?_?A??C???O??G??S?????^_?@}??B{??B{? n=26 c=7 b=4 nu_cut=3 good=50 nongen=[] mism=0
W???D~]zb{Zo??G?X?@?????_??G???E{?@}??n_?E{??\o n=24 c=5 b=5 nu_cut=3 good=46 nongen=[] mism=0
Y???D~{|fsNo??w???CC????G?????O???Bm??fo?D]??No??}_??fo? n=26 c=5 b=6 nu_cut=3 good=47 nongen=[] mism=0
W????BjyveNgvOjo?_?G?a?????G?@_????~??No?@}??Fw n=24 c=6 b=4 nu_cut=3 good=40 nongen=[] mism=0
Y??F~z{~????????A?D????Ac??_???^O?LM?Bd_?Us?@{O?@}??@^?? n=26 c=4 b=7 nu_cut=3 good=50 nongen=[] mism=0
Y??????{muT[zOjWFwFU??G??_A_?AG???_???????^_?@}??B{??B{? n=26 c=7 b=4 nu_cut=3 good=38 nongen=[] mism=0
W??F~z{~??G???P????G????w???^O?Vo?NW?@n??Xw?@r_ n=24 c=4 b=6 nu_cut=3 good=46 nongen=[] mism=0
W???E~m|fw\oW?C????_???AC??_???B{?Bm??|_?Fs??^_ n=24 c=5 b=5 nu_cut=3 good=47 nongen=[] mism=0
W???B~u|fw^O?????_?G?i??A??C???Fk?Bm??}_?Fk??\o n=24 c=5 b=5 nu_cut=3 good=38 nongen=[] mism=0
U???Fl}vb{\o??_?S?AC???A_???Fw?Fw?B{??~? n=22 c=5 b=4 nu_cut=3 good=38 nongen=[] mism=0
W????@zyvY]ototo@?@O?G??G?C_???????~??No?@}??Fw n=24 c=6 b=4 nu_cut=3 good=44 nongen=[] mism=0
Y??????Vh|M[lW\o\gD]?E?A?????C??A???O_????^_?@}??B{??B{? n=26 c=7 b=4 nu_cut=3 good=52 nongen=[] mism=0
Y??F~z{~AWO?_?B????????????????Tk?Em?@]_?H{?@Jo?BY_??~?? n=26 c=4 b=7 nu_cut=3 good=44 nongen=[] mism=0
Y???D~y^d{No??O???CO?P??C????A????Bx??zO?FM??Vo??lo??v_? n=26 c=5 b=6 nu_cut=3 good=48 nongen=[] mism=0
W????An|feTw~?zOA??I????O??_??E????~??No?@}??Fw n=24 c=6 b=4 nu_cut=3 good=46 nongen=[] mism=0
Y??F~z{~C?????A?M???????G?C????Ys?FY?Bl??K{?@]_??}_?Bp_? n=26 c=4 b=7 nu_cut=3 good=52 nongen=[] mism=0
Y??????|Hz]SkwVWLsE{??O?@??A?AC?????`?????^_?@}??B{??B{? n=26 c=7 b=4 nu_cut=3 good=52 nongen=[] mism=0
Y??F~z{~??[??????_???@?@G??????R[?Ky??^_?U[?@t_?Bs_?A{_? n=26 c=4 b=7 nu_cut=3 good=50 nongen=[] mism=0
W???E|}|fwNoO__?O?C????????o???Fk?@}??z_?F[??^_ n=24 c=5 b=5 nu_cut=3 good=43 nongen=[] mism=0
Y????Brfty\ojo]o???C??????BO????BO????Lw?@z??Fk??No??No? n=26 c=6 b=5 nu_cut=3 good=48 nongen=[] mism=0
W???E~]|fw\oW_I?????????O??_???Fk?Bm??n_?B{??No n=24 c=5 b=5 nu_cut=3 good=45 nongen=[] mism=0
W???Fv{vfk]o`???F??C???????C???B{?Bu??v_?F[??Zo n=24 c=5 b=5 nu_cut=3 good=42 nongen=[] mism=0
U???Fl}zfk^OC?A?B?E?????G???Fw?Fw?B{??~? n=22 c=5 b=4 nu_cut=3 good=38 nongen=[] mism=0
Y???Fz{}d{Vo??I????C??_@??A???C???B]??{o?@}??Zg??z_??nO? n=26 c=5 b=6 nu_cut=3 good=52 nongen=[] mism=0
W???Fl}vfk^OG?G?@??O?A????C_???D{?By??~??F[??]o n=24 c=5 b=5 nu_cut=3 good=45 nongen=[] mism=0
W??F~z{~????G?G?X??W????????Zg?^_?Fk?Bf??]W?@r_ n=24 c=4 b=6 nu_cut=3 good=44 nongen=[] mism=0
U??F~z{~????L???D?A??O???Lw?]o?Vo?NW?B]? n=22 c=4 b=5 nu_cut=3 good=38 nongen=[] mism=0
Y??F~z{~C???a?[????????????O???[s?H{?@z??Xw??v_?BT_?Bb_? n=26 c=4 b=7 nu_cut=3 good=45 nongen=[] mism=0
U??F~z{~@_U?O???G????????Mw?Zo?No?Jw?A}? n=22 c=4 b=5 nu_cut=3 good=38 nongen=[] mism=0
Y??????ys|Zofg[wNSFR?@?A@??G?????@??@O????^_?@}??B{??B{? n=26 c=7 b=4 nu_cut=3 good=47 nongen=[] mism=0
W????Bx{s}^G|_Vo??CO?I??C??G??G????~??No?@}??Fw n=24 c=6 b=4 nu_cut=3 good=46 nongen=[] mism=0
Y??????My^^GtWlo]oEm?A??a??H?????G??A?????^_?@}??B{??B{? n=26 c=7 b=4 nu_cut=3 good=45 nongen=[] mism=0
Y????@^jry]gZouo?????_??[?B?????A?????NW?@|??F[??Mw??Jw? n=26 c=6 b=5 nu_cut=3 good=52 nongen=[] mism=0
W????BV^U]No|OzO?O@_??_????o??C????~??No?@}??Fw n=24 c=6 b=4 nu_cut=3 good=46 nongen=[] mism=0
Y??F~z{~??????g??????O?Ac?A????Xs?Mw?BR_?NS?@]_?Bs_?Bl?? n=26 c=4 b=7 nu_cut=3 good=50 nongen=[] mism=0
W???D|}}e{\og?S_??@????A???????Fk?By??n_?D{??No n=24 c=5 b=5 nu_cut=3 good=47 nongen=[] mism=0
W??F~z{~??G?L???O?C????@????Rw?Rw?Nc?@^??]W?@^? n=24 c=4 b=6 nu_cut=3 good=40 nongen=[] mism=0
U???F^]|f[]oC?Q?A?CG????O???Fw?Fw?B{??~? n=22 c=5 b=4 nu_cut=3 good=35 nongen=[] mism=0
Y???F^]ne{VoQ_C???@??G????@???????@|??|_?Bu??\g??mo??^_? n=26 c=5 b=6 nu_cut=3 good=49 nongen=[] mism=0
U??F~z{~A?O???O?O????F???No?Vo?Zo?No?By? n=22 c=4 b=5 nu_cut=3 good=40 nongen=[] mism=0
W????Bu}VkZW}On_?G?K?A_?@?????A????~??No?@}??Fw n=24 c=6 b=4 nu_cut=3 good=40 nongen=[] mism=0
Y??????Y{}Ncv_ZgUwDx?K?AA??A??A??????O????^_?@}??B{??B{? n=26 c=7 b=4 nu_cut=3 good=52 nongen=[] mism=0
Y?????~up}ZW{oz_???Y?G????E??@????????Jw?@z??D{??NW??Fw? n=26 c=6 b=5 nu_cut=3 good=48 nongen=[] mism=0
Y??????^blUkZWroVKFY?AG????C?C@??A???_????^_?@}??B{??B{? n=26 c=7 b=4 nu_cut=3 good=52 nongen=[] mism=0
W???D~]~Fs^_@?@??O????_AG??C???Fk?Bm??~??Fs??Zo n=24 c=5 b=5 nu_cut=3 good=45 nongen=[] mism=0
W???F^m}e{^O??C_??Ag????_?@????D{?Bm??v_?D{??\o n=24 c=5 b=5 nu_cut=3 good=42 nongen=[] mism=0
Y???Fzm~FsZo????E??[?????????@_???BN??^_?Fs??Fw??ro??zO? n=26 c=5 b=6 nu_cut=3 good=50 nongen=[] mism=0
Y??????u^[VWRwiw]SBZ??o?S??g????????C?????^_?@}??B{??B{? n=26 c=7 b=4 nu_cut=3 good=50 nongen=[] mism=0
W??F~z{~????C?C?@_???X??????[w?^_?Js?B]??Uw??}_ n=24 c=4 b=6 nu_cut=3 good=44 nongen=[] mism=0
Y????B{}d]Fw~?No??A??_o@?????A???C????Ng?@n??E{??Mw??NW? n=26 c=6 b=5 nu_cut=3 good=48 nongen=[] mism=0
U??F~z{~?OC???G?@?Cg?????NW?^O?Zo?Ng?Bm? n=22 c=4 b=5 nu_cut=3 good=40 nongen=[] mism=0
Y????BxxveVo|OroC??????@W?????e???????Ng?@z??Fs??Mw??Mw? n=26 c=6 b=5 nu_cut=3 good=45 nongen=[] mism=0
Y??F~z{~??D?w????????C?????_???Yw?Ls?BM_?Fk?@l_?Av???}_? n=26 c=4 b=7 nu_cut=3 good=44 nongen=[] mism=0
W??F~z{~E??_@??????????Ag???Zo?Fw?NS?By??]g??~? n=24 c=4 b=6 nu_cut=3 good=44 nongen=[] mism=0
U??F~z{~??C?_?R?O?@??????No?\o?\o?Lw?A}? n=22 c=4 b=5 nu_cut=3 good=40 nongen=[] mism=0
W????@vfu]]gfoz_@?@??I????@???E????~??No?@}??Fw n=24 c=6 b=4 nu_cut=3 good=44 nongen=[] mism=0
W????BZz`}\ototoAG???G??D?@??@?????~??No?@}??Fw n=24 c=6 b=4 nu_cut=3 good=46 nongen=[] mism=0
Y??F~z{~C??_U???O??G???????????\g?Li?At_?M[?@ho??^_?BT_? n=26 c=4 b=7 nu_cut=3 good=45 nongen=[] mism=0
U??F~z{~??K_C???A????H???NW?Vo?Vo?No?@}? n=22 c=4 b=5 nu_cut=3 good=38 nongen=[] mism=0
W???Fzund{ZoP?Q_C?????????@????D{?A}??^_?B{??\o n=24 c=5 b=5 nu_cut=3 good=45 nongen=[] mism=0
W????B{ftmMw|O}O???O?O?@G??K??O????~??No?@}??Fw n=24 c=6 b=4 nu_cut=3 good=39 nongen=[] mism=0
Y??????j]yTsXwMwNoDr???B??A??A???C_?_?????^_?@}??B{??B{? n=26 c=7 b=4 nu_cut=3 good=50 nongen=[] mism=0
W??F~z{~?G??a?e?????????C???Vo?Jw?Mk?BN??Uw??v_ n=24 c=4 b=6 nu_cut=3 good=44 nongen=[] mism=0
Y??F~z{~B_??B????_?O???????????J[?Le?@]_?[w?@r_??v_?@^?? n=26 c=4 b=7 nu_cut=3 good=52 nongen=[] mism=0
U??F~z{~CgC?G???G????O???NW?^O?No?Mw?@}? n=22 c=4 b=5 nu_cut=3 good=40 nongen=[] mism=0
U???E~]|f[NoG???C??_?K?B????Fw?Fw?B{??~? n=22 c=5 b=4 nu_cut=3 good=38 nongen=[] mism=0
U???F^u|d{No??A?K??O?A??E???Fw?Fw?B{??~? n=22 c=5 b=4 nu_cut=3 good=40 nongen=[] mism=0
Y???E~y}f[No@????_@??G??C????CO???An??jo?Bu??]W??v_??}_? n=26 c=5 b=6 nu_cut=3 good=48 nongen=[] mism=0
U???Fz]}f[^_?_I????C??_@_???Fw?Fw?B{??~? n=22 c=5 b=4 nu_cut=3 good=40 nongen=[] mism=0
Y??F~z{~@???G??????G???@W??G???VW?Fk?BX_?Zo?@ZO?@]_?Bm?? n=26 c=4 b=7 nu_cut=3 good=45 nongen=[] mism=0
Y????B\vb{Vgv_\o?O????O?A??A?B???@????Ng?@}??F[??Fw??Jw? n=26 c=6 b=5 nu_cut=3 good=47 nongen=[] mism=0
U???B~]|fs^O@????_A_?@??g???Fw?Fw?B{??~? n=22 c=5 b=4 nu_cut=3 good=40 nongen=[] mism=0
W???E~u}e{Noa???W?@??G??_??????D{?Bu??v_?F[??No n=24 c=5 b=5 nu_cut=3 good=47 nongen=[] mism=0
W???Ft}zb{VoW?_??????c????C_???Fw?@}??z_?B{??]o n=24 c=5 b=5 nu_cut=3 good=45 nongen=[] mism=0
W????@}|Q}]oto~?@O?O?_O???????S????~??No?@}??Fw n=24 c=6 b=4 nu_cut=3 good=39 nongen=[] mism=0
W???B}}nfs]oA?W_@??????AO??????D{?A}??z_?Fs??]o n=24 c=5 b=5 nu_cut=3 good=42 nongen=[] mism=0
Y????BynduXw}O|_???A??O?@?????C?@K????Jw?@n??D{??No??No? n=26 c=6 b=5 nu_cut=3 good=44 nongen=[] mism=0
W??F~z{~F?????@????G???@G???Jw?Fw?Fk?Bj??^_?@^? n=24 c=4 b=6 nu_cut=3 good=44 nongen=[] mism=0
W???D~]|e{NoG???O?@??B?A_??????Fk?A}??z_?Fs??Zo n=24 c=5 b=5 nu_cut=3 good=45 nongen=[] mism=0
Y????BfvfwRwxoyoC?@??O_???????i???????Lw?@|??D{??Ng??Lw? n=26 c=6 b=5 nu_cut=3 good=48 nongen=[] mism=0
Y??????U~UNc\onOP{BZ?OGA??C??@@?A?????????^_?@}??B{??B{? n=26 c=7 b=4 nu_cut=3 good=52 nongen=[] mism=0
W???Ft}vb{Vo_??????O?_?@a?C????B{?By??|_?Fs??\o n=24 c=5 b=5 nu_cut=3 good=46 nongen=[] mism=0
U???B~unfkNo_?_?O????H?@G???Fw?Fw?B{??~? n=22 c=5 b=4 nu_cut=3 good=35 nongen=[] mism=0
Y???F\}~FwNoQ_???????g_????G??????Bt??]o?Bm??ZW??No??xo? n=26 c=5 b=6 nu_cut=3 good=46 nongen=[] mism=0
Y????B]zT]Zg|_z_???_?G????@Q??_??O????Ng?@z??Fk??Jw??Ng? n=26 c=6 b=5 nu_cut=3 good=44 nongen=[] mism=0
Y??F~z{~???_??A??????s?????W???E{?Km?Bx??Fw?@]_?Bh_?B[_? n=26 c=4 b=7 nu_cut=3 good=52 nongen=[] mism=0
W????B{{ru]o}Oro?o?G????E??a???????~??No?@}??Fw n=24 c=6 b=4 nu_cut=3 good=44 nongen=[] mism=0
W???Fvyvb{]o????DO?G?P?????G???Fk?B]??z_?B{??Zo n=24 c=5 b=5 nu_cut=3 good=46 nongen=[] mism=0
W????@vZs}^Gn_foG?A??B?@?????CC????~??No?@}??Fw n=24 c=6 b=4 nu_cut=3 good=46 nongen=[] mism=0
Y??F~z{~??G?O?????C_???AS??????ZS?Jk?BM_?Rs??ro?A{_?Az?? n=26 c=4 b=7 nu_cut=3 good=44 nongen=[] mism=0
W???Fn{vb{^O???_?O???c?@g??????Fk?Bu??^_?Fs??^O n=24 c=5 b=5 nu_cut=3 good=45 nongen=[] mism=0
U???E~]^fk\oG???C??g?O_?_???Fw?Fw?B{??~? n=22 c=5 b=4 nu_cut=3 good=40 nongen=[] mism=0
W????Av|VwYwjoroAG?O?A?????O?B?????~??No?@}??Fw n=24 c=6 b=4 nu_cut=3 good=46 nongen=[] mism=0
W???FnunfsVo_?O?@??O?A?@??A????D{?By??~??D{??^O n=24 c=5 b=5 nu_cut=3 good=38 nongen=[] mism=0
U??F~z{~?GG?i????_???O???No?^O?Zo?No?B]? n=22 c=4 b=5 nu_cut=3 good=35 nongen=[] mism=0
W??F~z{~????????@?F??A?@_???^O?]W?Nc?Av??]o?@^? n=24 c=4 b=6 nu_cut=3 good=39 nongen=[] mism=0
W???Ft}}f[^_??@??_?O?@????E_???D{?B{??~??D{??Zo n=24 c=5 b=5 nu_cut=3 good=42 nongen=[] mism=0
W????BxnViXwmo{o??AC?B??C??O??G????~??No?@}??Fw n=24 c=6 b=4 nu_cut=3 good=39 nongen=[] mism=0
Y??F~z{~??C???O?C?A??F?????????Tk?L[?@|??ZS?@r_?A\_?Ax_? n=26 c=4 b=7 nu_cut=3 good=52 nongen=[] mism=0
W????B\rvk\o]ozOA??K?__????_??_????~??No?@}??Fw n=24 c=6 b=4 nu_cut=3 good=46 nongen=[] mism=0
W??F~z{~?O????G?D??????BO???NW?Vo?F[?Bf??No?@|? n=24 c=4 b=6 nu_cut=3 good=40 nongen=[] mism=0
Y????@vvVqVW}_No??BC??_?C??G?????C????Jw?@v??D{??No??Fw? n=26 c=6 b=5 nu_cut=3 good=53 nongen=[] mism=0
Y???B~y|e{\o??q???@O?C????????_???@n??mo?Bu??]o??jo??jo? n=26 c=5 b=6 nu_cut=3 good=52 nongen=[] mism=0
Y??F~z{~B???_?_???@o???????????ZW?Im??n_?ZK??yo?A|??@y_? n=26 c=4 b=7 nu_cut=3 good=50 nongen=[] mism=0
Y????B{utmFwforoG????G?@_?B???O???????NW?@v??E{??Jw??Fw? n=26 c=6 b=5 nu_cut=3 good=48 nongen=[] mism=0
U??F~z{~????G?Q?Q_@??????NW?No?\o?NW?B{? n=22 c=4 b=5 nu_cut=3 good=38 nongen=[] mism=0
Y????@|uv[]Wto^_C????Ao?C??G?????_????Lw?@^??E{??Mw??No? n=26 c=6 b=5 nu_cut=3 good=54 nongen=[] mism=0
W???E~u^d{^O??a?C???????_?CK???B{?A}??~??Fw??^O n=24 c=5 b=5 nu_cut=3 good=45 nongen=[] mism=0
Y??F~z{~??F??????????H?@??A????\g?By?@l_?B{?@Ro?By??A{_? n=26 c=4 b=7 nu_cut=3 good=50 nongen=[] mism=0
W????BrnV[Noz_zOAGAA?C??@?????_????~??No?@}??Fw n=24 c=6 b=4 nu_cut=3 good=41 nongen=[] mism=0
W????@||VUNo\ouoO?C??_??B??K???????~??No?@}??Fw n=24 c=6 b=4 nu_cut=3 good=46 nongen=[] mism=0
U???Fn]vfs]oA?A????O?G_?c???Fw?Fw?B{??~? n=22 c=5 b=4 nu_cut=3 good=40 nongen=[] mism=0
U??F~z{~C???_?Y???A_?????No?\o?^O?Mw?A}? n=22 c=4 b=5 nu_cut=3 good=38 nongen=[] mism=0
Y??F~z{~??C?_?????@????@W?C????^_?Hy?BJ_?VW?@xO?@}??Az?? n=26 c=4 b=7 nu_cut=3 good=38 nongen=[] mism=0
U???Fzyzfk^O@?o??_?C??_?C???Fw?Fw?B{??~? n=22 c=5 b=4 nu_cut=3 good=38 nongen=[] mism=0
W??F~z{~C???C?_???BO????O???NW?Ng?K{?B]??VW??|_ n=24 c=4 b=6 nu_cut=3 good=40 nongen=[] mism=0
U??F~z{~??U?O?O???@O?????Jw?\o?Vo?Ng?B]? n=22 c=4 b=5 nu_cut=3 good=38 nongen=[] mism=0
U???D~]}fw^_?_?_E?AC???@????Fw?Fw?B{??~? n=22 c=5 b=4 nu_cut=3 good=38 nongen=[] mism=0
W????Bjtq}Vofon_??A??GO@??@G?A?????~??No?@}??Fw n=24 c=6 b=4 nu_cut=3 good=46 nongen=[] mism=0
Y???B}}|e{VoW?O??????E?@?????@????Bm??{o?B]??Uw??^_??n_? n=26 c=5 b=6 nu_cut=3 good=46 nongen=[] mism=0
Y??????\l\X[vGqwTsA}??O?o??A??A?AO????????^_?@}??B{??B{? n=26 c=7 b=4 nu_cut=3 good=45 nongen=[] mism=0
Y??F~z{~????P???G????M?????G???]c?D{?BX_?Lk?@]O?@V_?Az?? n=26 c=4 b=7 nu_cut=3 good=52 nongen=[] mism=0
U???D~yzfwVoB?O??OAC???@????Fw?Fw?B{??~? n=22 c=5 b=4 nu_cut=3 good=38 nongen=[] mism=0
U???Fz{nfk^OA_H??O???A??A???Fw?Fw?B{??~? n=22 c=5 b=4 nu_cut=3 good=38 nongen=[] mism=0
W????BZlq}Lw{ofoC????G??_?CO?E?????~??No?@}??Fw n=24 c=6 b=4 nu_cut=3 good=46 nongen=[] mism=0
W???Fzy|e{\o?_???_?C?@?B_??????Fs?Bm??~??Fs??Zo n=24 c=5 b=5 nu_cut=3 good=47 nongen=[] mism=0
U??F~z{~????K?i?G?A??????No?\o?\o?NW?B]? n=22 c=4 b=5 nu_cut=3 good=38 nongen=[] mism=0
W???Fn{zb{\oH_C???A_????O??????B{?B{??z_?B{??^O n=24 c=5 b=5 nu_cut=3 good=46 nongen=[] mism=0
W????@|}VkJwNoloO????_??`?AG?C?????~??No?@}??Fw n=24 c=6 b=4 nu_cut=3 good=46 nongen=[] mism=0
Y?????~^Vk\W}_joA?C?????M?C??????O????Mw?@n??F[??Ng??Fw? n=26 c=6 b=5 nu_cut=3 good=54 nongen=[] mism=0
U???FzynfsZo@?P?Q??G?O??????Fw?Fw?B{??~? n=22 c=5 b=4 nu_cut=3 good=38 nongen=[] mism=0
Y????@nmvs\gVoroEO?G?CO????G??????????Jw??~??E{??NW??Fw? n=26 c=6 b=5 nu_cut=3 good=52 nongen=[] mism=0
Y??F~z{~?G??P??????????@??DO???Yw?F[?BZ??K{??nO?B\???}_? n=26 c=4 b=7 nu_cut=3 good=45 nongen=[] mism=0
W??F~z{~@????????_?G?s??_???Vg?[w?Fk?Bx??Zg?@z? n=24 c=4 b=6 nu_cut=3 good=46 nongen=[] mism=0
Y??F~z{~C?L?@???????????C?C????Rs?H{?@j_?]g?@Ro?@y_?At_? n=26 c=4 b=7 nu_cut=3 good=52 nongen=[] mism=0
U???Fm}|d{^_G_A???E??A??G???Fw?Fw?B{??~? n=22 c=5 b=4 nu_cut=3 good=35 nongen=[] mism=0
W???Fx}ve{Vo?_????D_??_???@G???Fw?Bm??z_?D{??]o n=24 c=5 b=5 nu_cut=3 good=45 nongen=[] mism=0
W????BNNv[^OjofoO_?_?C????B???_????~??No?@}??Fw n=24 c=6 b=4 nu_cut=3 good=40 nongen=[] mism=0
Y???Ft}^e{ZoG?G???C??_??o?C???????A|??mo?By??^G??Zo??lo? n=26 c=5 b=6 nu_cut=3 good=42 nongen=[] mism=0
W????@^}VYZoVoz_??CA?G??_?@???a????~??No?@}??Fw n=24 c=6 b=4 nu_cut=3 good=46 nongen=[] mism=0
Y??F~z{~????????C??g?q??_??????Lk?NS?BJ_?R[?@do?Bs_?A{_? n=26 c=4 b=7 nu_cut=3 good=50 nongen=[] mism=0
W????BVzTmZovOmoK????@_?_????B?????~??No?@}??Fw n=24 c=6 b=4 nu_cut=3 good=44 nongen=[] mism=0
U??F~z{~??S?O???G?CW?????Jw?Vo?^O?Ng?B]? n=22 c=4 b=5 nu_cut=3 good=38 nongen=[] mism=0
W???Fu}^f[^_C?O?S_???O?????_???Fw?B]??n_?B{??Zo n=24 c=5 b=5 nu_cut=3 good=47 nongen=[] mism=0
U??F~z{~?O@?k???G?A??????Jw?Zo?Zo?Jw?@}? n=22 c=4 b=5 nu_cut=3 good=35 nongen=[] mism=0
W???F^]ne{^_??a?G?@K???@???????B{?A}??v_?F[??\o n=24 c=5 b=5 nu_cut=3 good=42 nongen=[] mism=0
Y????@z]vw]ov_^O??CG?_??C?@A?C????????NW?@z??Fs??Jw??No? n=26 c=6 b=5 nu_cut=3 good=47 nongen=[] mism=0
U??F~z{~?O@?h????????S???Jw?^_?Zo?Lw?B{? n=22 c=4 b=5 nu_cut=3 good=38 nongen=[] mism=0
U???F^mvb{Zo??C?K??_?C?AC???Fw?Fw?B{??~? n=22 c=5 b=4 nu_cut=3 good=35 nongen=[] mism=0
U??F~z{~??U???@?G_A??????Lw?Vo?^_?Jw?Bu? n=22 c=4 b=5 nu_cut=3 good=40 nongen=[] mism=0
Y???Fnunf[VoA?a?@?BG??????????????@|??Zo?D]??Vo??\o??ro? n=26 c=5 b=6 nu_cut=3 good=44 nongen=[] mism=0
W???FzunfsZo???_?????R?AG??C???E{?Bu??|_?Fs??\o n=24 c=5 b=5 nu_cut=3 good=45 nongen=[] mism=0
Y???B~{|f[No????COC??D?A?????C????@z??ro?Dm??]W??|_??ro? n=26 c=5 b=6 nu_cut=3 good=54 nongen=[] mism=0
Y??F~z{~?GR?@?G??????G?????????Xk?FY??n_?Rw?@N_?Ax_?@|?? n=26 c=4 b=7 nu_cut=3 good=52 nongen=[] mism=0
Y???Fn]zfs]o??H?@????A??G?D???????A|??}O?F[??Zo??lo??Vo? n=26 c=5 b=6 nu_cut=3 good=54 nongen=[] mism=0
U??F~z{~????X???A????M???Lw?]o?^_?No?B]? n=22 c=4 b=5 nu_cut=3 good=35 nongen=[] mism=0
Y??????nO~RwvGmo[sEx??G?_?AC?????__?G?????^_?@}??B{??B{? n=26 c=7 b=4 nu_cut=3 good=44 nongen=[] mism=0
U???B~mnd{\o`?C????_?W??O???Fw?Fw?B{??~? n=22 c=5 b=4 nu_cut=3 good=35 nongen=[] mism=0
W???D~u}fs]oA?@????G?H??G??O???D{?A}??z_?Fs??]o n=24 c=5 b=5 nu_cut=3 good=40 nongen=[] mism=0
Y????Byjp}\W~?Vo?GAG????@???????@Q????No?@^??Fs??No??Mw? n=26 c=6 b=5 nu_cut=3 good=52 nongen=[] mism=0
W????@vvdmZWvO~?C?AO?G?????I?@?????~??No?@}??Fw n=24 c=6 b=4 nu_cut=3 good=46 nongen=[] mism=0
W????Buur{JwzO]o?_CG?_????C???a????~??No?@}??Fw n=24 c=6 b=4 nu_cut=3 good=44 nongen=[] mism=0
W???B~uvfsZop?G?C?@??C?????????Fs?@}??~??B{??\o n=24 c=5 b=5 nu_cut=3 good=46 nongen=[] mism=0
Y???F^]~Fs]o??W_??@O????O??_??????Br??z_?D{??Rw??^O??jo? n=26 c=5 b=6 nu_cut=3 good=52 nongen=[] mism=0
Y??F~z{~????????O????R?@C?C????K{?MU?B[_?Zg?@}??Az??B]?? n=26 c=4 b=7 nu_cut=3 good=44 nongen=[] mism=0
U??F~z{~AW??c???O??_?????Lw?No?^O?Fw?Bm? n=22 c=4 b=5 nu_cut=3 good=40 nongen=[] mism=0
U???E}}ze{VoD?G???@??G?@G???Fw?Fw?B{??~? n=22 c=5 b=4 nu_cut=3 good=35 nongen=[] mism=0
U???F^mvfs^O??__A_?G?C??C???Fw?Fw?B{??~? n=22 c=5 b=4 nu_cut=3 good=38 nongen=[] mism=0
W??F~z{~??A?????@????w??W???VW?\g?Mw?@}??]g?@{_ n=24 c=4 b=6 nu_cut=3 good=46 nongen=[] mism=0
Y??F~z{~??D_????Q?A??O?????????Uw?Me??}_?Rw?@wo?BR_?A|?? n=26 c=4 b=7 nu_cut=3 good=50 nongen=[] mism=0
Y????@^ndm^_{oyo?_Aa?__????G??????????Lw?@^??D{??No??Fw? n=26 c=6 b=5 nu_cut=3 good=52 nongen=[] mism=0
Y???Fz]vfsVo??G?C????@_?W????@????Br??n_?Eu??]o??^O??Vo? n=26 c=5 b=6 nu_cut=3 good=54 nongen=[] mism=0
Y????Bf\vwZoNoro@?@?????G?????e??_????Fw?@|??F[??Ng??Lw? n=26 c=6 b=5 nu_cut=3 good=54 nongen=[] mism=0
W??F~z{~??O?A???O????A?@o???Vo?^G?Lw?Bt??ZW?@v? n=24 c=4 b=6 nu_cut=3 good=46 nongen=[] mism=0
W????BumryJw}Ouo??@G?H????CA??G????~??No?@}??Fw n=24 c=6 b=4 nu_cut=3 good=44 nongen=[] mism=0
Y????A|}VkYw~?n_???A?@_?G??A??O??@????No?@|??Fk??Lw??Mw? n=26 c=6 b=5 nu_cut=3 good=47 nongen=[] mism=0
Y??????R|x\WrW}O[sEj?A_?O?@@?????O??C?????^_?@}??B{??B{? n=26 c=7 b=4 nu_cut=3 good=45 nongen=[] mism=0
U??F~z{~?OQ_G??????O?G???No?^O?Vo?Jw?Bm? n=22 c=4 b=5 nu_cut=3 good=40 nongen=[] mism=0
W????@vZuuNoz_zOA?C_????D?C_???????~??No?@}??Fw n=24 c=6 b=4 nu_cut=3 good=44 nongen=[] mism=0
U???E~uze{VoG???A_@??o??_???Fw?Fw?B{??~? n=22 c=5 b=4 nu_cut=3 good=40 nongen=[] mism=0
W???Fv{}fwZo?_?_@_@C?G?????????F[?B]??z_?Fw??^O n=24 c=5 b=5 nu_cut=3 good=41 nongen=[] mism=0
U???D}}~F[^_H?O?GO?C????A???Fw?Fw?B{??~? n=22 c=5 b=4 nu_cut=3 good=38 nongen=[] mism=0
Y??F~z{~??O???A?O????A?@c??????E{?No?BM_?Rs?@r_?B{??Bp_? n=26 c=4 b=7 nu_cut=3 good=52 nongen=[] mism=0
W???Fz]zf[VoQ_??M????G?????????E{?@}??v_?B{??]o n=24 c=5 b=5 nu_cut=3 good=40 nongen=[] mism=0
Y????Bl~FkTwfouo?????Y??O?@A??_???????Lw?@n??Fk??No??Fw? n=26 c=6 b=5 nu_cut=3 good=52 nongen=[] mism=0
Y????Byxp}NgvONo?o???_?A?????EA???????Ng?@v??D{??Ng??Fw? n=26 c=6 b=5 nu_cut=3 good=52 nongen=[] mism=0
Y??F~z{~??I_??G?O??????A??@????[s?Im??^_?Tk?@x_??}_?By?? n=26 c=4 b=7 nu_cut=3 good=52 nongen=[] mism=0
W???Fzu|e{VoA?A?C????G??G?C_???Fw?@}??|_?D{??Vo n=24 c=5 b=5 nu_cut=3 good=42 nongen=[] mism=0
U??F~z{~Cg????C???EG?????NW?^O?No?Ng?@}? n=22 c=4 b=5 nu_cut=3 good=35 nongen=[] mism=0
U??F~z{~????E?_???C??Y???Lw?Zo?^O?No?B{? n=22 c=4 b=5 nu_cut=3 good=38 nongen=[] mism=0
Y???E~{nfw]oW??????????@K??C??C???B{??}O?B{??]W??}O??\o? n=26 c=5 b=6 nu_cut=3 good=47 nongen=[] mism=0
W???D~u^fk^__???@????W??G?CO???F[?B{??v_?Fk??^O n=24 c=5 b=5 nu_cut=3 good=45 nongen=[] mism=0
U??F~z{~D?Q_????@????A???Mw?Vo?Vo?Ng?@}? n=22 c=4 b=5 nu_cut=3 good=38 nongen=[] mism=0
W??F~z{~??O?????O????U?@C???]g?NW?Mw?By??]g?@]_ n=24 c=4 b=6 nu_cut=3 good=44 nongen=[] mism=0
U??F~z{~??@?A?G???@??T???Mw?]o?^_?No?Bm? n=22 c=4 b=5 nu_cut=3 good=35 nongen=[] mism=0
W??F~z{~?_D_C????????_?A????Fw?No?Js?B\??VW??|_ n=24 c=4 b=6 nu_cut=3 good=40 nongen=[] mism=0
Y???D~]}fk^OX?A????????????c??O???@}??No?FM??Ng??nO??mo? n=26 c=5 b=6 nu_cut=3 good=44 nongen=[] mism=0
Y??F~z{~??O?A???@????_????@g???NS?B{?BV??Xw?@Yo?BM_?B{?? n=26 c=4 b=7 nu_cut=3 good=52 nongen=[] mism=0
Y??????lvR\WZg\oNSA^?_??C_C??C_??O????????^_?@}??B{??B{? n=26 c=7 b=4 nu_cut=3 good=50 nongen=[] mism=0
W??F~z{~??O???????@G?U?A????ZW?^_?Ng?B{??Tw?@u_ n=24 c=4 b=6 nu_cut=3 good=39 nongen=[] mism=0
W????A}zVULw]o^_AOC??_?@@????C?????~??No?@}??Fw n=24 c=6 b=4 nu_cut=3 good=40 nongen=[] mism=0
Y????A}tr]Tw}OzOG????O???????D???Y????Lw?@n??Fs??No??No? n=26 c=6 b=5 nu_cut=3 good=44 nongen=[] mism=0
U??F~z{~C??_??@?L?C??????NW?^_?No?Fw?Bu? n=22 c=4 b=5 nu_cut=3 good=35 nongen=[] mism=0
Y??F~z{~?O??E????????w?????_???Jw?Ku?@|??B{?@y_?BZ??@{_? n=26 c=4 b=7 nu_cut=3 good=38 nongen=[] mism=0
U??F~z{~D_@?????@?A??O???Fw?No?]o?Lw?B{? n=22 c=4 b=5 nu_cut=3 good=40 nongen=[] mism=0
Y????Bfuv[Jw^Ojo??????o???EG??_??O????Lw??~??Fk??Jw??NW? n=26 c=6 b=5 nu_cut=3 good=52 nongen=[] mism=0
W???Fnm|fwNoA?A?G_?O??????D????Fw?B]??}_?F[??No n=24 c=5 b=5 nu_cut=3 good=47 nongen=[] mism=0
Y??????ezxX[{oZWZKAn?c??C??G??G?????I?????^_?@}??B{??B{? n=26 c=7 b=4 nu_cut=3 good=45 nongen=[] mism=0
U???Fn{}f[]oE?o?@???????W???Fw?Fw?B{??~? n=22 c=5 b=4 nu_cut=3 good=38 nongen=[] mism=0
U???Fvmnd{]oO???G?CO?O??K???Fw?Fw?B{??~? n=22 c=5 b=4 nu_cut=3 good=40 nongen=[] mism=0
Y????A}}f[\g]ozOA??A???@???a?????P????Jw?@n??Fk??No??Mw? n=26 c=6 b=5 nu_cut=3 good=48 nongen=[] mism=0
W????BfNvqVo~?v_?G?A?__?@?AO???????~??No?@}??Fw n=24 c=6 b=4 nu_cut=3 good=46 nongen=[] mism=0
Y??F~z{~?_??????A?DG?A??G??????Zg?NI??n_?]K??{o?Bx??@u_? n=26 c=4 b=7 nu_cut=3 good=45 nongen=[] mism=0
Y??F~z{~??O???G????????@S?D????Ys?Ey?A^??P{?@{_?Bm??@}?? n=26 c=4 b=7 nu_cut=3 good=52 nongen=[] mism=0
Y??????yZmRw|_{WT[FR?@?@A??G??G??A_???????^_?@}??B{??B{? n=26 c=7 b=4 nu_cut=3 good=52 nongen=[] mism=0
W???D~{vb{\o??C???EC?C??_?@????F[?Bu??v_?B{??\o n=24 c=5 b=5 nu_cut=3 good=47 nongen=[] mism=0
Y??F~z{~????P?????A??@?Ag??????Js?G}?BT_?^C??~??Am_?Bx?? n=26 c=4 b=7 nu_cut=3 good=52 nongen=[] mism=0
U???B~unb{VoO?O????S?O?A_???Fw?Fw?B{??~? n=22 c=5 b=4 nu_cut=3 good=35 nongen=[] mism=0
W???D~{vb{NoG?_???BO???A??C????E{?B{??z_?F[??]o n=24 c=5 b=5 nu_cut=3 good=46 nongen=[] mism=0
U??F~z{~??G?k?O?Q????????Jw?]o?\o?Lw?B]? n=22 c=4 b=5 nu_cut=3 good=38 nongen=[] mism=0
U???F^]^b{]oK???O?C??D?A????Fw?Fw?B{??~? n=22 c=5 b=4 nu_cut=3 good=40 nongen=[] mism=0
U??F~z{~@?G_G????????d???NW?No?^_?Jw?B{? n=22 c=4 b=5 nu_cut=3 good=38 nongen=[] mism=0
W???B~{vfw^O??O??O?C??_???CW???E{?B{??z_?D{??^_ n=24 c=5 b=5 nu_cut=3 good=46 nongen=[] mism=0
Y?????~\vUVWtonOD?A????@???S????@?????Ng??~??Fk??Jw??Jw? n=26 c=6 b=5 nu_cut=3 good=50 nongen=[] mism=0
W????BNNq}^OlotoQ????G?@_?B????????~??No?@}??Fw n=24 c=6 b=4 nu_cut=3 good=44 nongen=[] mism=0
W???Fl}|b{^__?A????O?a??C?C????Fw?B]??z_?Fk??No n=24 c=5 b=5 nu_cut=3 good=41 nongen=[] mism=0
U???Fx}}fk]oA?A_S??C????G???Fw?Fw?B{??~? n=22 c=5 b=4 nu_cut=3 good=38 nongen=[] mism=0
W????A|VvwLwro]o?W@C???A??C??C?????~??No?@}??Fw n=24 c=6 b=4 nu_cut=3 good=46 nongen=[] mism=0
U??F~z{~??A?i??????_?I???Fw?Zo?^O?Lw?B{? n=22 c=4 b=5 nu_cut=3 good=38 nongen=[] mism=0
U???Fm}~Fs^Oc?@????G?I??C???Fw?Fw?B{??~? n=22 c=5 b=4 nu_cut=3 good=40 nongen=[] mism=0
W??F~z{~??G?????G??o???AS???Tw?^O?Fs?By??Mw?@^? n=24 c=4 b=6 nu_cut=3 good=44 nongen=[] mism=0
U???Fv{}b{Zo??__?_?G?Q??C???Fw?Fw?B{??~? n=22 c=5 b=4 nu_cut=3 good=40 nongen=[] mism=0
U??F~z{~CoC???G?G?A??????Ng?\o?No?Fw?Bm? n=22 c=4 b=5 nu_cut=3 good=35 nongen=[] mism=0
Y??F~z{~C?????a?@?@g???????????NW?Ng?Bs_?VS??ro?BL_?Bb_? n=26 c=4 b=7 nu_cut=3 good=52 nongen=[] mism=0
Y???E|}ne{\o????C?Co?G????@???G???Bj??zO?Fk??Zg??mo??zO? n=26 c=5 b=6 nu_cut=3 good=48 nongen=[] mism=0
U???Fvy~FkVoK?@?@_???A??C???Fw?Fw?B{??~? n=22 c=5 b=4 nu_cut=3 good=38 nongen=[] mism=0
Y????BN|UuUwmoZo???????@a??W??G??G????Jw?@n??F[??NW??Mw? n=26 c=6 b=5 nu_cut=3 good=54 nongen=[] mism=0
Y????BZ}T]\W\ov_??@A?@??O??_??G??C????Jw?@n??F[??Lw??Mw? n=26 c=6 b=5 nu_cut=3 good=44 nongen=[] mism=0
U??F~z{~@gD?O?O??????????Fw?]o?Vo?Fw?A}? n=22 c=4 b=5 nu_cut=3 good=38 nongen=[] mism=0
Y??F~z{~??J?????O????K?A???????Uk?Jq?Av??Y[?@N_?@m_?Bs_? n=26 c=4 b=7 nu_cut=3 good=44 nongen=[] mism=0
W???Fn{nfsNo??????Cg?A??a??O???F[?Bm??}_?Fs??^_ n=24 c=5 b=5 nu_cut=3 good=45 nongen=[] mism=0
Y??F~z{~????B?????B_?@??G??????Zc?MM?Br??R[?@]O?BT_?@x_? n=26 c=4 b=7 nu_cut=3 good=45 nongen=[] mism=0
U???B~{nb{\o??_?O?C??E?@A???Fw?Fw?B{??~? n=22 c=5 b=4 nu_cut=3 good=40 nongen=[] mism=0
W???E|}nfw\o???_C??C???AK?@????Fs?By??~??F[??Zo n=24 c=5 b=5 nu_cut=3 good=47 nongen=[] mism=0
W????BrZr{VW|Ouo?_?O?B??C?D????????~??No?@}??Fw n=24 c=6 b=4 nu_cut=3 good=44 nongen=[] mism=0
W???Fnm|fw\oB_?????????@W?@????F[?By??}_?B{??No n=24 c=5 b=5 nu_cut=3 good=39 nongen=[] mism=0
Y??????^M{Vo]g\WNKFR??O?@??A??H?AA????????^_?@}??B{??B{? n=26 c=7 b=4 nu_cut=3 good=44 nongen=[] mism=0
W???B}}|e{ZoA?R??????G??_?@????E{?A}??~??D{??^_ n=24 c=5 b=5 nu_cut=3 good=42 nongen=[] mism=0
U??F~z{~??Y?I??????O?G???Jw?\o?Zo?Jw?By? n=22 c=4 b=5 nu_cut=3 good=40 nongen=[] mism=0
W???Fv]vfs\o??C_??@??G??k??????Fs?A}??}_?E{??^_ n=24 c=5 b=5 nu_cut=3 good=42 nongen=[] mism=0
W???E~ynfw]o??a_Co???O?????????D{?Bu??v_?E{??Vo n=24 c=5 b=5 nu_cut=3 good=41 nongen=[] mism=0
U???Fzu}fwNoa???A_?C??_?A???Fw?Fw?B{??~? n=22 c=5 b=4 nu_cut=3 good=40 nongen=[] mism=0
W???E~m^f[]o?????_E_?c_????????F[?Bu??|_?F[??Vo n=24 c=5 b=5 nu_cut=3 good=41 nongen=[] mism=0
W???F^]}fs^_@?@????G???Ag?A????Fw?By??}_?E{??]o n=24 c=5 b=5 nu_cut=3 good=46 nongen=[] mism=0
W????Bl|fi]o}OZo@??C????I??S??G????~??No?@}??Fw n=24 c=6 b=4 nu_cut=3 good=40 nongen=[] mism=0
Y??F~z{~????P???C????G????EG???K{?Ms?BV??ZW?@eo?Au_?Az?? n=26 c=4 b=7 nu_cut=3 good=50 nongen=[] mism=0
Y??F~z{~A_??U?????C????A???????[[?Du?BU_?VS??}_?B[_?@V_? n=26 c=4 b=7 nu_cut=3 good=50 nongen=[] mism=0
W??F~z{~A?G?A?A??????h??????Vo?\g?E{?B\??Lw?@{_ n=24 c=4 b=6 nu_cut=3 good=40 nongen=[] mism=0
Y??????nQn[wwwNoRsAn?????_?P??O??G??c?????^_?@}??B{??B{? n=26 c=7 b=4 nu_cut=3 good=50 nongen=[] mism=0
Y??????vVXI{^_yoRsBm??G???@A?CA???_??G????^_?@}??B{??B{? n=26 c=7 b=4 nu_cut=3 good=52 nongen=[] mism=0
Y??????VvbZon_|GW{BN????G??D?C@??G??A?????^_?@}??B{??B{? n=26 c=7 b=4 nu_cut=3 good=52 nongen=[] mism=0
W??F~z{~????_?_???Ao???@G???No?\W?K{?BZ??Lw?@|? n=24 c=4 b=6 nu_cut=3 good=39 nongen=[] mism=0
U??F~z{~?_@?C?A??????X???No?Zo?^_?Fw?B]? n=22 c=4 b=5 nu_cut=3 good=35 nongen=[] mism=0
W??F~z{~???_??@?W??????AW???Tw?\o?NK?Bu??^O?@N_ n=24 c=4 b=6 nu_cut=3 good=44 nongen=[] mism=0
W????Brze{]gZoxoQ??o?E????????O????~??No?@}??Fw n=24 c=6 b=4 nu_cut=3 good=41 nongen=[] mism=0
W??F~z{~????C???A?A??O?Ac???Zg?]o?Lk?B]??^_?@Z_ n=24 c=4 b=6 nu_cut=3 good=40 nongen=[] mism=0
Y???B~m~E{\oC?????@??B????@_??_???Bt??n_?D{??\g??|O??^_? n=26 c=5 b=6 nu_cut=3 good=48 nongen=[] mism=0
Y??F~z{~AG????@??????e?@???????Rk?C}?@{_?Vg?@bo?@y_?Al_? n=26 c=4 b=7 nu_cut=3 good=52 nongen=[] mism=0
Y??F~z{~??A?@?@???F????????_???VW?No?@r_?H{?@do?Ax_?Au_? n=26 c=4 b=7 nu_cut=3 good=52 nongen=[] mism=0
W????@}tru[wlo}O@?CO?OOA???O???????~??No?@}??Fw n=24 c=6 b=4 nu_cut=3 good=44 nongen=[] mism=0
W???Fnm~FsZoP??_?OD_???????????E{?@}??z_?F[??^_ n=24 c=5 b=5 nu_cut=3 good=45 nongen=[] mism=0
W???Fl}vfkZoG?B????????BG?@????Fs?@}??n_?D{??^O n=24 c=5 b=5 nu_cut=3 good=45 nongen=[] mism=0
Y?????~]rmXwvO|O???S?_??_?C??C???_????NW?@^??Fk??Ng??Fw? n=26 c=6 b=5 nu_cut=3 good=49 nongen=[] mism=0
W???D~uvfs\o??O??_?G?a_???A????Fw?@}??|_?Fk??Zo n=24 c=5 b=5 nu_cut=3 good=47 nongen=[] mism=0
Y??F~z{~??W_E?C????O???????????[s?@}?Aj_?Rw?@eo?BY_??n_? n=26 c=4 b=7 nu_cut=3 good=45 nongen=[] mism=0
W??F~z{~BO????@??_???I??????Ng?^_?M[?@v??Mw?@n? n=24 c=4 b=6 nu_cut=3 good=39 nongen=[] mism=0
Y????BNVp}VW^_~?CWC??_??C?C???????????Jw??~??Fk??Fw??No? n=26 c=6 b=5 nu_cut=3 good=53 nongen=[] mism=0
W??F~z{~?_A???G?W_??????_???[w?Lw?J[?B{??Uw?@^? n=24 c=4 b=6 nu_cut=3 good=40 nongen=[] mism=0
Y????Bm]vq]olo~??G?A????@?CC??g???????Fw?@}??F[??NW??Ng? n=26 c=6 b=5 nu_cut=3 good=54 nongen=[] mism=0
Y???F^]|fk\o????C??_?a_?O?@???????B\??vO?Eu??]o??|_??xo? n=26 c=5 b=6 nu_cut=3 good=44 nongen=[] mism=0
W??F~z{~?G??@?w??????C??O???No?ZW?I{?Bf??^_?@t_ n=24 c=4 b=6 nu_cut=3 good=46 nongen=[] mism=0
Y????Brxp}]ojoVo?G?O???????O?Ag??G????NW?@^??Fw??Ng??Ng? n=26 c=6 b=5 nu_cut=3 good=53 nongen=[] mism=0
W???Fnm~E{^O@??_?????@?AW??C???B{?Bu??v_?Fs??^O n=24 c=5 b=5 nu_cut=3 good=47 nongen=[] mism=0
W???B~]|fw^__???S??k?G?????????E{?Bm??v_?Fw??\o n=24 c=5 b=5 nu_cut=3 good=43 nongen=[] mism=0
W??F~z{~???_??O??_A????AW???\o?^_?H{?B]??VW??z_ n=24 c=4 b=6 nu_cut=3 good=46 nongen=[] mism=0
Y???B~unfsNo_?A_??C??D????C???????Bf??nO?Fe??Ng??n_??uo? n=26 c=5 b=6 nu_cut=3 good=54 nongen=[] mism=0
W????BN|VeZozO|_C??O?@_?G?@???O????~??No?@}??Fw n=24 c=6 b=4 nu_cut=3 good=44 nongen=[] mism=0
W??F~z{~??O?????O?@??T??_???VW?ZW?NS?B\??Vo?@}? n=24 c=4 b=6 nu_cut=3 good=46 nongen=[] mism=0
W???Fx}^e{Vo_???OO???D_A???????Fk?Bm??v_?D{??]o n=24 c=5 b=5 nu_cut=3 good=46 nongen=[] mism=0
U??F~z{~@?Y???G???A_?????NW?^O?^O?Jw?A}? n=22 c=4 b=5 nu_cut=3 good=38 nongen=[] mism=0
W????BtvUmVgyoz_?O?C?P?????C?@A????~??No?@}??Fw n=24 c=6 b=4 nu_cut=3 good=46 nongen=[] mism=0
Y??F~z{~?G??e???G????@?@???????E{?Lw?B]??Jk??xo?B[_??n_? n=26 c=4 b=7 nu_cut=3 good=45 nongen=[] mism=0
W????B\uty\o~?v_?W???G??_??c?@?????~??No?@}??Fw n=24 c=6 b=4 nu_cut=3 good=40 nongen=[] mism=0
U???D|}}d{No_?_?C_???Q?A????Fw?Fw?B{??~? n=22 c=5 b=4 nu_cut=3 good=35 nongen=[] mism=0
Y????Bmts}[w\ozO@??o????O??O??a???????Jw?@|??Fw??Lw??Ng? n=26 c=6 b=5 nu_cut=3 good=49 nongen=[] mism=0
W????An]r]\gfo~?A??_?_?????I?C_????~??No?@}??Fw n=24 c=6 b=4 nu_cut=3 good=44 nongen=[] mism=0
U??F~z{~E_??A???I??O?????Lw?No?No?Mw?Bu? n=22 c=4 b=5 nu_cut=3 good=38 nongen=[] mism=0
Y??F~z{~??@?????K_???_??G?C????Nc?LM?BU_?Uw?@]O?Be_??~?? n=26 c=4 b=7 nu_cut=3 good=45 nongen=[] mism=0
W????A^xumXw^O~???E??G??_??E?@?????~??No?@}??Fw n=24 c=6 b=4 nu_cut=3 good=46 nongen=[] mism=0
Y????BZ\q}^GZomo??A??g_?C?????G??C????Lw?@|??E{??NW??Fw? n=26 c=6 b=5 nu_cut=3 good=48 nongen=[] mism=0
U???F^mnfs^_C?C????_?P??c???Fw?Fw?B{??~? n=22 c=5 b=4 nu_cut=3 good=40 nongen=[] mism=0
Y??????}fwVKVWXwFkAv?_??C?C??????B??`?????^_?@}??B{??B{? n=26 c=7 b=4 nu_cut=3 good=44 nongen=[] mism=0
Y????BmmruJwZo}_O??G?@??C????@A?A?????Lw?@z??Fs??Lw??Mw? n=26 c=6 b=5 nu_cut=3 good=49 nongen=[] mism=0
Y????@nzU]NW|O|O???C?G?????C?Cg??A????Ng?@|??Fw??Lw??NW? n=26 c=6 b=5 nu_cut=3 good=48 nongen=[] mism=0
W???FvmzfwZoC??_X????C?????_???F[?By??v_?Fk??Zo n=24 c=5 b=5 nu_cut=3 good=46 nongen=[] mism=0
Y????@}zT]NWjo~?A????D????CE?????O????Lw?@z??Fk??Fw??Ng? n=26 c=6 b=5 nu_cut=3 good=53 nongen=[] mism=0
Y??F~z{~A_@???????B_????G??????D{?Du?@j_?R[?@xO?Bq_?B{?? n=26 c=4 b=7 nu_cut=3 good=50 nongen=[] mism=0
Y???Fzy^e{]o??W_O????I????C???????Az??No?Dy??Yw??v_??{o? n=26 c=5 b=6 nu_cut=3 good=52 nongen=[] mism=0
W????@nNvq]o~?}OO?CC??_????a??C????~??No?@}??Fw n=24 c=6 b=4 nu_cut=3 good=44 nongen=[] mism=0
U??F~z{~CO??O?????@o?O???Ng?^O?Zo?Fw?B{? n=22 c=4 b=5 nu_cut=3 good=38 nongen=[] mism=0
U???Fn]^fkNoA?A?S????C_?G???Fw?Fw?B{??~? n=22 c=5 b=4 nu_cut=3 good=35 nongen=[] mism=0
Y???F\}^fkZo_????????_????@O?B_???A}??^O?Eu??]g??}_??n_? n=26 c=5 b=6 nu_cut=3 good=52 nongen=[] mism=0
Y??????Ni}T[xWyoZKFd?@??C?????G??Q??g?????^_?@}??B{??B{? n=26 c=7 b=4 nu_cut=3 good=52 nongen=[] mism=0
U???D|}ve{VoO?G?C?B?????S???Fw?Fw?B{??~? n=22 c=5 b=4 nu_cut=3 good=38 nongen=[] mism=0
W????@n}bmMw}O~?O??S?_?A???Q???????~??No?@}??Fw n=24 c=6 b=4 nu_cut=3 good=46 nongen=[] mism=0
Y??????q|rZo\gyW\SEj?@??C??G??E??o????????^_?@}??B{??B{? n=26 c=7 b=4 nu_cut=3 good=52 nongen=[] mism=0
Y??????^czLs{W]WVWBV?@?A?_?G????B???@?????^_?@}??B{??B{? n=26 c=7 b=4 nu_cut=3 good=52 nongen=[] mism=0
W??F~z{~??@?_?A?M?C?????????Uw?]g?Mk?Bf??ZW?@^? n=24 c=4 b=6 nu_cut=3 good=46 nongen=[] mism=0
W??F~z{~??A?P?C????????@c???Vo?Yw?I{?A|??Zo?@|? n=24 c=4 b=6 nu_cut=3 good=39 nongen=[] mism=0
Y???D~]nfsZoQ_??S?@??G????????????@|??fo?Ey??ZW??Zo??\o? n=26 c=5 b=6 nu_cut=3 good=49 nongen=[] mism=0
W??F~z{~Ao??????C_???G??C???Mw?Zo?Ms?@}??Mw?@j_ n=24 c=4 b=6 nu_cut=3 good=46 nongen=[] mism=0
U???E}}nf[^OO?O?B?@????@_???Fw?Fw?B{??~? n=22 c=5 b=4 nu_cut=3 good=38 nongen=[] mism=0
Y???E~m|d{VoI?C???AS??????????_???Br??z_?Em??Tw??Vo??Zo? n=26 c=5 b=6 nu_cut=3 good=49 nongen=[] mism=0
W???B~{~B{Vo_???O?C??@????@c???Fw?B{??|_?Fk??\o n=24 c=5 b=5 nu_cut=3 good=37 nongen=[] mism=0
Y????Bm|Rm\WyotoO_?O?A??G?????_??O????Mw?@^??Fw??Fw??Ng? n=26 c=6 b=5 nu_cut=3 good=52 nongen=[] mism=0
W???E~{|fwNo?_?_?OA_??????D????Fw?Bm??|_?E{??^_ n=24 c=5 b=5 nu_cut=3 good=47 nongen=[] mism=0
Y??????^InXw}GfWB{FF?G?AO?@?????@@??G?????^_?@}??B{??B{? n=26 c=7 b=4 nu_cut=3 good=52 nongen=[] mism=0
W???Fny|d{No??I?Oo?O???????O???D{?B]??^_?E{??\o n=24 c=5 b=5 nu_cut=3 good=46 nongen=[] mism=0
W??F~z{~??C?W?e?G???????????]W?\W?Lw?BV??Tw?@V_ n=24 c=4 b=6 nu_cut=3 good=46 nongen=[] mism=0
Y????A}rru]g^Oto?????G??Y?????S??_????Mw?@v??Fk??Ng??Ng? n=26 c=6 b=5 nu_cut=3 good=52 nongen=[] mism=0
W???Fm}|fsZo??D???A????AK?A????D{?Bm??}_?B{??^O n=24 c=5 b=5 nu_cut=3 good=42 nongen=[] mism=0
Y??F~z{~??@?A?C????_??????BG???B{?I{?B[_?\o?@Lo?B]??Br?? n=26 c=4 b=7 nu_cut=3 good=45 nongen=[] mism=0
W???D~{vf[Zo??O????C?J??A?A????B{?Bu??|_?F[??^_ n=24 c=5 b=5 nu_cut=3 good=43 nongen=[] mism=0
U???Fnm~E{]o`???B??O?C??G???Fw?Fw?B{??~? n=22 c=5 b=4 nu_cut=3 good=38 nongen=[] mism=0
W???Fl}}fsZoC????_?G????C?DC???E{?B{??}_?Fw??No n=24 c=5 b=5 nu_cut=3 good=46 nongen=[] mism=0
Y???Fl}zf[Zo??P?A????A??G??_??_???A}??]o?Ey??^_??n_??\o? n=26 c=5 b=6 nu_cut=3 good=48 nongen=[] mism=0
W????BrltyRw\o^OG_?O?Q????AO???????~??No?@}??Fw n=24 c=6 b=4 nu_cut=3 good=41 nongen=[] mism=0
W???Fzu}f[NoC?????AC?H_?O??????Fk?@}??|_?Fw??\o n=24 c=5 b=5 nu_cut=3 good=45 nongen=[] mism=0
Y???Fvmne{ZoG??????O?G??_?????k????~??z_?Fi??Zg??^_??}_? n=26 c=5 b=6 nu_cut=3 good=53 nongen=[] mism=0
W???F^u|fwVo????O????B_???BC???Fk?B{??v_?Fw??]o n=24 c=5 b=5 nu_cut=3 good=39 nongen=[] mism=0
Y??F~z{~??G???O??????L????CG???Tw?A}?Bx??Vc?@Jo?@\_?Bt?? n=26 c=4 b=7 nu_cut=3 good=44 nongen=[] mism=0
W????A}^du^Gz_fo??AA????@?AA?D?????~??No?@}??Fw n=24 c=6 b=4 nu_cut=3 good=44 nongen=[] mism=0
U??F~z{~??Y?G???D??O?????NW?Vo?Vo?Lw?@}? n=22 c=4 b=5 nu_cut=3 good=40 nongen=[] mism=0
W???Fnm~Fs\o?_?_A?Cg?C?????????Fs?Bm??z_?Fk??Zo n=24 c=5 b=5 nu_cut=3 good=45 nongen=[] mism=0
Y??F~z{~A?S_??????AO?A?????????\g?D]??^_?VK?@so?Ay_?A}?? n=26 c=4 b=7 nu_cut=3 good=52 nongen=[] mism=0
Y???Fy}zf[Vo????G????e??C?A??A????Bt??to?Du??\g??n_??\o? n=26 c=5 b=6 nu_cut=3 good=49 nongen=[] mism=0
W??F~z{~????g?G???C??F??????Ng?^G?Ls?BV??\o?@Z_ n=24 c=4 b=6 nu_cut=3 good=46 nongen=[] mism=0
W????Av~EuYwzO|OC?@O?A??G?????K????~??No?@}??Fw n=24 c=6 b=4 nu_cut=3 good=39 nongen=[] mism=0
W??F~z{~????G???C?E_???B????]W?ZW?Ng?@^??]o?@y_ n=24 c=4 b=6 nu_cut=3 good=39 nongen=[] mism=0
U???Fz]~Fs]oA_A_??@_????A???Fw?Fw?B{??~? n=22 c=5 b=4 nu_cut=3 good=38 nongen=[] mism=0
Y??F~z{~??D_??_???A??O?A???????[w?Mk?A\_?Fs?@uO?Af_?AZ_? n=26 c=4 b=7 nu_cut=3 good=45 nongen=[] mism=0
Y??????s|uP{~?VWVSAv?G?@?_@??@??????`?????^_?@}??B{??B{? n=26 c=7 b=4 nu_cut=3 good=45 nongen=[] mism=0
U??F~z{~????@?H?C?E_?????Jw?^O?^_?Ng?Bm? n=22 c=4 b=5 nu_cut=3 good=40 nongen=[] mism=0
Y??????^RNVW]WtWZoE]?`?????@?@C???_??G????^_?@}??B{??B{? n=26 c=7 b=4 nu_cut=3 good=52 nongen=[] mism=0
Y????BtlvqJwuo~?C?EO?G?????C??C???????Jw?@|??E{??Mw??Jw? n=26 c=6 b=5 nu_cut=3 good=54 nongen=[] mism=0
Y??????nfpRkyWNgYwBy?o?????E??C??????o????^_?@}??B{??B{? n=26 c=7 b=4 nu_cut=3 good=50 nongen=[] mism=0
Y??????NkzJ[|GNoZgB]?_?A??????E?@A??_?????^_?@}??B{??B{? n=26 c=7 b=4 nu_cut=3 good=52 nongen=[] mism=0
W????@}jtuZW]o\oO?@G?_????C??AA????~??No?@}??Fw n=24 c=6 b=4 nu_cut=3 good=40 nongen=[] mism=0
Y??F~z{~??C_R???O?C????????????Fw?LU?Az??W{?@bo?Bu??AZ_? n=26 c=4 b=7 nu_cut=3 good=44 nongen=[] mism=0
U??F~z{~??Y?A?A?A_???????No?No?Vo?NW?A}? n=22 c=4 b=5 nu_cut=3 good=38 nongen=[] mism=0
U??F~z{~??O?J?_???A??O???Jw?Zo?Zo?Mw?@}? n=22 c=4 b=5 nu_cut=3 good=40 nongen=[] mism=0
Y????B{\r][wnOjo???E?A??O??O??_??O????Lw?@z??D{??Lw??Ng? n=26 c=6 b=5 nu_cut=3 good=47 nongen=[] mism=0
W????@n}d{^Gv_|O???A??O@O??I??G????~??No?@}??Fw n=24 c=6 b=4 nu_cut=3 good=44 nongen=[] mism=0
W????BmyvqZo|OzO?W?C??_?@????@_????~??No?@}??Fw n=24 c=6 b=4 nu_cut=3 good=39 nongen=[] mism=0
W????@zvVkLwZo{oC_C??_?A???I???????~??No?@}??Fw n=24 c=6 b=4 nu_cut=3 good=46 nongen=[] mism=0
W????B\nfqLw]ouoC_?G?@????@??C_????~??No?@}??Fw n=24 c=6 b=4 nu_cut=3 good=44 nongen=[] mism=0
W???B~{^d{]o_?_??????_?@W?@????Fs?A}??~??Fs??^_ n=24 c=5 b=5 nu_cut=3 good=41 nongen=[] mism=0
Y??????VrZZobw[wVcEy?OOA?_???@???_??G?????^_?@}??B{??B{? n=26 c=7 b=4 nu_cut=3 good=52 nongen=[] mism=0
U??F~z{~AG????w?@??O?????Ng?No?\o?Lw?Bm? n=22 c=4 b=5 nu_cut=3 good=38 nongen=[] mism=0
Y????BfVvw]ojojoG????S?A_??_?????O????NW?@v??Fk??Lw??Fw? n=26 c=6 b=5 nu_cut=3 good=49 nongen=[] mism=0
Y????BmVu]Zo^_\oO??A?_??@?@???A?A?????Fw?@^??Fw??No??Ng? n=26 c=6 b=5 nu_cut=3 good=41 nongen=[] mism=0
Y????BxvfUFwjo{oG?CE?O?????W??????????Fw?@z??D{??Jw??Lw? n=26 c=6 b=5 nu_cut=3 good=46 nongen=[] mism=0
Y???D~yne{NoS_????C??@?A???G??????Bt??jo?Dy??NW??^O??Zo? n=26 c=5 b=6 nu_cut=3 good=44 nongen=[] mism=0
Y???F^]^e{VoG_J??????_?A??????????BZ??\o?D{??Rw??]o??n_? n=26 c=5 b=6 nu_cut=3 good=52 nongen=[] mism=0
U???E~{}d{^Oc????_???@_?E???Fw?Fw?B{??~? n=22 c=5 b=4 nu_cut=3 good=38 nongen=[] mism=0
U???E~{zfw^Og?E??O????_?A???Fw?Fw?B{??~? n=22 c=5 b=4 nu_cut=3 good=40 nongen=[] mism=0
Y???E~m~E{^_G?D?@O@?????_?????????A|??zO?B]??VW??fo??v_? n=26 c=5 b=6 nu_cut=3 good=49 nongen=[] mism=0
Y??????jrtRkug{WP{Dy?O?@???G?A???a??@?????^_?@}??B{??B{? n=26 c=7 b=4 nu_cut=3 good=50 nongen=[] mism=0
Y??????ZjtH{fWzG]gFX?GO?A??C??C?AO????????^_?@}??B{??B{? n=26 c=7 b=4 nu_cut=3 good=38 nongen=[] mism=0
Y???E~{~F[Vo????K_????_?A??C?@????@z??jo?A}??Zg??uo??|_? n=26 c=5 b=6 nu_cut=3 good=53 nongen=[] mism=0
U???E|}}d{No??_?O?@C?E?A????Fw?Fw?B{??~? n=22 c=5 b=4 nu_cut=3 good=40 nongen=[] mism=0
Y???Fv{vb{^O@????_?G?C?BA?????????BZ??mo?By??]W??zO??v_? n=26 c=5 b=6 nu_cut=3 good=53 nongen=[] mism=0
W??F~z{~???__???L????`??????Vo?]g?No?Br??Rw?@x_ n=24 c=4 b=6 nu_cut=3 good=46 nongen=[] mism=0
Y??F~z{~??D?G?????Ag???????O???W{?Jk?Ax_?Ms?@n??BX_?Ax_? n=26 c=4 b=7 nu_cut=3 good=52 nongen=[] mism=0
Y????B]}S}NWVoloC????g_?C????@???C????Lw?@n??F[??Fw??NW? n=26 c=6 b=5 nu_cut=3 good=52 nongen=[] mism=0
W??F~z{~?G????@???E_?K??????[w?^G?NK?B\??Fw?@\_ n=24 c=4 b=6 nu_cut=3 good=44 nongen=[] mism=0
Y??????M|fYk~?iwVcBt?O????CG?AC?????O_????^_?@}??B{??B{? n=26 c=7 b=4 nu_cut=3 good=44 nongen=[] mism=0
W??F~z{~??F?@?????CG???A????Rw?^O?I{?Av??NW?@}? n=24 c=4 b=6 nu_cut=3 good=46 nongen=[] mism=0
Y??????Np^T[z_\WXs@n???@?_CA??_??O??C?????^_?@}??B{??B{? n=26 c=7 b=4 nu_cut=3 good=38 nongen=[] mism=0
W???Ft}nd{Zo???????G?[??C??S???Fk?Bu??v_?Fw??\o n=24 c=5 b=5 nu_cut=3 good=42 nongen=[] mism=0
U???Fzu}fs\o@?@???CC?@??g???Fw?Fw?B{??~? n=22 c=5 b=4 nu_cut=3 good=40 nongen=[] mism=0
U??F~z{~??????Y?A?Ag?????No?^O?\o?Ng?Bm? n=22 c=4 b=5 nu_cut=3 good=35 nongen=[] mism=0
U???Fvm}d{]o@?K?P????@??C???Fw?Fw?B{??~? n=22 c=5 b=4 nu_cut=3 good=40 nongen=[] mism=0
Y????@zrq}Tw{onO??AG???????_??_??k????Mw?@}??D{??Fw??No? n=26 c=6 b=5 nu_cut=3 good=52 nongen=[] mism=0
U??F~z{~??@?@???M????B???NW?Zo?^_?NW?B{? n=22 c=4 b=5 nu_cut=3 good=40 nongen=[] mism=0
Y??????uvs]S^OjoL[El?@?????G??G??O_?_G????^_?@}??B{??B{? n=26 c=7 b=4 nu_cut=3 good=52 nongen=[] mism=0
Y???B~m|fk\o??E?B?@G???????_??????Bt??fo?E]??\o??}O??No? n=26 c=5 b=6 nu_cut=3 good=52 nongen=[] mism=0
U???Fx}|f[^_?_?_@O???K??G???Fw?Fw?B{??~? n=22 c=5 b=4 nu_cut=3 good=38 nongen=[] mism=0
U???E~mnfwZoS?G???@???_?a???Fw?Fw?B{??~? n=22 c=5 b=4 nu_cut=3 good=38 nongen=[] mism=0
W??F~z{~EOA?C?????@?????_???Tw?No?Fw?Bm??ZW??|_ n=24 c=4 b=6 nu_cut=3 good=40 nongen=[] mism=0
Y??????ZivUw^_kwZgD]?????_???A@??o??OG????^_?@}??B{??B{? n=26 c=7 b=4 nu_cut=3 good=50 nongen=[] mism=0
Y??F~z{~@?????T????O?G?????O???Vc?MU?BN??No??to?BY_?Bl?? n=26 c=4 b=7 nu_cut=3 good=52 nongen=[] mism=0
Y????BmrveLwvOVoO??a?G??_?@?????A?????Jw?@}??B{??Fw??No? n=26 c=6 b=5 nu_cut=3 good=41 nongen=[] mism=0
Y???Fny^d{\o??_?C_???_?????[??????Av??vO?F[??Yw??~???zO? n=26 c=5 b=6 nu_cut=3 good=52 nongen=[] mism=0
Y??????VhvUw\WmgTwE]?AO@?_A???????_?O?????^_?@}??B{??B{? n=26 c=7 b=4 nu_cut=3 good=50 nongen=[] mism=0
Y???E~{zfkZo??c?C????G?@G?@???????@z??~??Dm??Yw??^O??mo? n=26 c=5 b=6 nu_cut=3 good=54 nongen=[] mism=0
Y??F~z{~????A?[?????????c??O???K{?D]?B{??L[?@Fo?Am_?A}?? n=26 c=4 b=7 nu_cut=3 good=50 nongen=[] mism=0
Y??????\]ZRsrgloF[@|????o??E?A??@???O?????^_?@}??B{??B{? n=26 c=7 b=4 nu_cut=3 good=52 nongen=[] mism=0
U??F~z{~DOA?O?O?A????????Jw?No?Zo?Mw?@}? n=22 c=4 b=5 nu_cut=3 good=40 nongen=[] mism=0
W??F~z{~?_L?@??????g????????Yw?VW?Fk?Az??Fw??z_ n=24 c=4 b=6 nu_cut=3 good=40 nongen=[] mism=0
Y??F~z{~?w??????G?@_?O?????????\S?FU??^_?K{?@\O?Bt??@Z_? n=26 c=4 b=7 nu_cut=3 good=50 nongen=[] mism=0
W???F\}}fwNo_????OC??I_A???????Fs?Bu??|_?Fw??Vo n=24 c=5 b=5 nu_cut=3 good=46 nongen=[] mism=0
W??F~z{~A?G?@??????G?k??????Yw?Zg?Nc?An??Zg??v_ n=24 c=4 b=6 nu_cut=3 good=40 nongen=[] mism=0
U??F~z{~????F?_?W?A??????Lw?Vo?Zo?NW?@}? n=22 c=4 b=5 nu_cut=3 good=40 nongen=[] mism=0
Y???E~uzfkVo??O????O?A?A_?AO??????BN??}O?Fe??Fw??v_??zO? n=26 c=5 b=6 nu_cut=3 good=52 nongen=[] mism=0
W??F~z{~Ag??g??????O?A??????^G?Lw?D{?@|??^_?@f_ n=24 c=4 b=6 nu_cut=3 good=39 nongen=[] mism=0
U???F^u}b{^O`?_??_?G?A_?????Fw?Fw?B{??~? n=22 c=5 b=4 nu_cut=3 good=38 nongen=[] mism=0
U??F~z{~??L?e?_??????????Lw?Zo?Vo?Jw?Bu? n=22 c=4 b=5 nu_cut=3 good=35 nongen=[] mism=0
W???B~{~FsZo???_GO?C??????Cg???F[?B{??v_?Fw??\o n=24 c=5 b=5 nu_cut=3 good=42 nongen=[] mism=0
U???Fn]zfs^O@?S??_?O?B??????Fw?Fw?B{??~? n=22 c=5 b=4 nu_cut=3 good=38 nongen=[] mism=0
U??F~z{~A???A?A?U?A??????NW?^O?No?NW?B{? n=22 c=4 b=5 nu_cut=3 good=40 nongen=[] mism=0
W????Br~FkVWfo\o???O?@O?G??O?B?????~??No?@}??Fw n=24 c=6 b=4 nu_cut=3 good=46 nongen=[] mism=0
U???B}}nfkZo??O?G?@G?O??g???Fw?Fw?B{??~? n=22 c=5 b=4 nu_cut=3 good=40 nongen=[] mism=0
Y????Brmv[NWjonO?????C????EG??E??O????No?@z??Fk??Ng??Lw? n=26 c=6 b=5 nu_cut=3 good=47 nongen=[] mism=0
Y???Fv]nf[\o??O?A????C??O?A??D????Bu??}O?E{??VW??z_??No? n=26 c=5 b=6 nu_cut=3 good=52 nongen=[] mism=0
Y??????tvMD{Ngww^GDZ????O_?`??_?AG????????^_?@}??B{??B{? n=26 c=7 b=4 nu_cut=3 good=50 nongen=[] mism=0
Y???Fm}vfk\o??__A??_?A?????O??O????~??|_?Fe??\o??vO??jo? n=26 c=5 b=6 nu_cut=3 good=52 nongen=[] mism=0
Y???Fv]zfk^O??@??_@??H???????CO???BV??No?Fi??\o??vO??|_? n=26 c=5 b=6 nu_cut=3 good=52 nongen=[] mism=0
Y??????{vXJsVgmW\oEN?__?o??A??A??@????????^_?@}??B{??B{? n=26 c=7 b=4 nu_cut=3 good=52 nongen=[] mism=0
Y??F~z{~??F???H?O?????????C????Us?Jk?Bm??[k?@\O?BF_??^_? n=26 c=4 b=7 nu_cut=3 good=50 nongen=[] mism=0
W??F~z{~??C?R?????@??c??????VW?Rw?Lw?Bx??^_?@j_ n=24 c=4 b=6 nu_cut=3 good=44 nongen=[] mism=0
Y??F~z{~A?????O?@?D_????G??????^O?E{?@Z_?Rs?@Xo?Al_?@r_? n=26 c=4 b=7 nu_cut=3 good=52 nongen=[] mism=0
W????An}Ty[wVovOGO???I?@A??C???????~??No?@}??Fw n=24 c=6 b=4 nu_cut=3 good=44 nongen=[] mism=0
U???F^{}fsNo@?@??oD?????A???Fw?Fw?B{??~? n=22 c=5 b=4 nu_cut=3 good=38 nongen=[] mism=0
Y????BNzeuVoyo~?GG????O???????A??q????Fw?@}??Fw??Lw??NW? n=26 c=6 b=5 nu_cut=3 good=48 nongen=[] mism=0
Y??????xu{Nc~?MwVSFb??W????B????AC???O????^_?@}??B{??B{? n=26 c=7 b=4 nu_cut=3 good=50 nongen=[] mism=0
W????BNyruNo^_z_Q?@G??O?@?????A????~??No?@}??Fw n=24 c=6 b=4 nu_cut=3 good=39 nongen=[] mism=0
Y????B\ftyFwz_{o?????Co???A??AO?@?????Ng?@v??E{??Lw??Jw? n=26 c=6 b=5 nu_cut=3 good=53 nongen=[] mism=0
U??F~z{~E?D_????G?C??????Jw?^O?No?Jw?B]? n=22 c=4 b=5 nu_cut=3 good=40 nongen=[] mism=0
W??F~z{~C???_?I??????Y??????^_?Mw?Ms?Bx??Jw?@f_ n=24 c=4 b=6 nu_cut=3 good=44 nongen=[] mism=0
U??F~z{~???_??C??_BO?C???Fw?^O?]o?Ng?B]? n=22 c=4 b=5 nu_cut=3 good=40 nongen=[] mism=0
Y??????Vvb[kVglgXsEZ???????Q?@_??o??G?????^_?@}??B{??B{? n=26 c=7 b=4 nu_cut=3 good=50 nongen=[] mism=0
U???F^y|fsVo@?O??_?c?P??????Fw?Fw?B{??~? n=22 c=5 b=4 nu_cut=3 good=38 nongen=[] mism=0
W???D|}|b{]o??A?@??O?c?A??C????E{?By??|_?F[??Vo n=24 c=5 b=5 nu_cut=3 good=42 nongen=[] mism=0
U???Fnu^d{\o__`?@????A??G???Fw?Fw?B{??~? n=22 c=5 b=4 nu_cut=3 good=40 nongen=[] mism=0
U??F~z{~D_G?A?A??????O???Mw?No?^_?Fw?B{? n=22 c=4 b=5 nu_cut=3 good=35 nongen=[] mism=0
W??F~z{~????H?w????_????O???Yw?\g?K{?Bf??Ng?@|? n=24 c=4 b=6 nu_cut=3 good=44 nongen=[] mism=0
U??F~z{~A???_???G?C??M???No?^O?Zo?Jw?B{? n=22 c=4 b=5 nu_cut=3 good=40 nongen=[] mism=0
Y???F\}ze{No_?_?@OC??C??O?????????@v??{o?E{??Fw??uo??Zo? n=26 c=5 b=6 nu_cut=3 good=48 nongen=[] mism=0
Y???F^yvfwVoU?G???????????CC?@????@n??Vo?B{??^_??zO??fo? n=26 c=5 b=6 nu_cut=3 good=52 nongen=[] mism=0
W???Fz]^f[No??C?L????C????CG???D{?By??v_?Fw??Zo n=24 c=5 b=5 nu_cut=3 good=40 nongen=[] mism=0
U???E|}zd{\og?C?A????a??O???Fw?Fw?B{??~? n=22 c=5 b=4 nu_cut=3 good=40 nongen=[] mism=0
W??F~z{~??@?Q???G?DG????????No?]W?Lk?BZ??Vg?@]_ n=24 c=4 b=6 nu_cut=3 good=46 nongen=[] mism=0
W????@z~F[^_^O{o?O?C??_?P?CO???????~??No?@}??Fw n=24 c=6 b=4 nu_cut=3 good=40 nongen=[] mism=0
W????BV\uy]gyoVo@??O????G?@G?@_????~??No?@}??Fw n=24 c=6 b=4 nu_cut=3 good=46 nongen=[] mism=0
U??F~z{~??Q_B???C?@??????Lw?No?Vo?NW?A}? n=22 c=4 b=5 nu_cut=3 good=38 nongen=[] mism=0
Y???D~u~E{Zo??O???@??c????@??B????A|??|_?Fs??Tw??|O??}O? n=26 c=5 b=6 nu_cut=3 good=48 nongen=[] mism=0
W??F~z{~C?L?@?@????????A????Vg?Jw?B{?A}??\W?@m_ n=24 c=4 b=6 nu_cut=3 good=46 nongen=[] mism=0
Y??F~z{~??H_G???O????_??_??????Tk?Jq?BF_?Vc?@rO?Bx???^_? n=26 c=4 b=7 nu_cut=3 good=45 nongen=[] mism=0
Y???E~y}d{ZoG???@?@??`_???@???????@v??yo?Fq??Yw??No??lo? n=26 c=5 b=6 nu_cut=3 good=49 nongen=[] mism=0
Y????Bf^emUw^_fo@??O??????@A?????h????No?@n??Fw??Ng??NW? n=26 c=6 b=5 nu_cut=3 good=52 nongen=[] mism=0
U??F~z{~??G?e???S?A??????NW?^O?Zo?NW?B]? n=22 c=4 b=5 nu_cut=3 good=38 nongen=[] mism=0
U??F~z{~????M?????A??X???Lw?No?^_?Lw?B{? n=22 c=4 b=5 nu_cut=3 good=35 nongen=[] mism=0
Y????@vuruVoNo|_@????B??C???????A`????Lw?@}??D{??Lw??No? n=26 c=6 b=5 nu_cut=3 good=49 nongen=[] mism=0
Y????BN}U]Uw~?|O?O????_????C??g?@_????No?@v??Fk??Ng??No? n=26 c=6 b=5 nu_cut=3 good=54 nongen=[] mism=0
Y??F~z{~@???????C????e??C??G???\g?Fq?Bw_?]S??yo?Av??AN_? n=26 c=4 b=7 nu_cut=3 good=52 nongen=[] mism=0
Y????B]ttm^_\on_???A??O??????BA?@G????No?@^??Fs??Fw??Ng? n=26 c=6 b=5 nu_cut=3 good=46 nongen=[] mism=0
U???E~unfs^OH?H????S?@??????Fw?Fw?B{??~? n=22 c=5 b=4 nu_cut=3 good=38 nongen=[] mism=0
W???Fy}nb{^_o?????A??O??I?C????Fs?@}??~??B{??Vo n=24 c=5 b=5 nu_cut=3 good=41 nongen=[] mism=0
Y??F~z{~?O@?????O????T????C????Ng?Fs?Bb_?Fs?@eo?Al_?Au_? n=26 c=4 b=7 nu_cut=3 good=52 nongen=[] mism=0
Y????BlyvwVoroloIO??????_?Ao??????????Lw??~??Fk??NW??Fw? n=26 c=6 b=5 nu_cut=3 good=48 nongen=[] mism=0
U??F~z{~?G????`?L?C??????Mw?]o?]o?Lw?Bm? n=22 c=4 b=5 nu_cut=3 good=40 nongen=[] mism=0
Y??????pzmMkrWn_^GBy??_?O_?C??C?????GG????^_?@}??B{??B{? n=26 c=7 b=4 nu_cut=3 good=52 nongen=[] mism=0
W??F~z{~?G??_?U??_C?????????Zo?\g?Mk??~??NW?@r_ n=24 c=4 b=6 nu_cut=3 good=46 nongen=[] mism=0
Y???Fvuzf[^_c???A????J??O?????????Bt??}_?Eu??]o??\o??]o? n=26 c=5 b=6 nu_cut=3 good=48 nongen=[] mism=0
Y??F~z{~@?Q?G???Y??????????????E{?Fs??v_?ZS?@Yo?BN??BR_? n=26 c=4 b=7 nu_cut=3 good=50 nongen=[] mism=0
Y???Fvu^fsZo????R???????e?@???????Bt??Vo?Fs??]W??Vo??uo? n=26 c=5 b=6 nu_cut=3 good=47 nongen=[] mism=0
Y???F^y^fwNo?????????@??W?Cc??G???Bt??{o?Fq??Yw??Zo??~?? n=26 c=5 b=6 nu_cut=3 good=44 nongen=[] mism=0
W??F~z{~????_?[???@_?_??????^G?ZW?M[?Bl??]g?@V_ n=24 c=4 b=6 nu_cut=3 good=39 nongen=[] mism=0
W????Butu{Vg{omo@??O?W?????O?AG????~??No?@}??Fw n=24 c=6 b=4 nu_cut=3 good=46 nongen=[] mism=0
Y?????~nf[NWxovO??Cc?@???????EO???????Lw?@|??Fs??Jw??Jw? n=26 c=6 b=5 nu_cut=3 good=48 nongen=[] mism=0
W????@n}S}]W}OZoCO?G?C??C??_??G????~??No?@}??Fw n=24 c=6 b=4 nu_cut=3 good=44 nongen=[] mism=0
W????Az}f[No{o|O?W???B??C?????W????~??No?@}??Fw n=24 c=6 b=4 nu_cut=3 good=39 nongen=[] mism=0
W???D~{ve{\o???_H????G??a?@????D{?By??~??E{??\o n=24 c=5 b=5 nu_cut=3 good=45 nongen=[] mism=0
Y??F~z{~?_????????BG?`??O??????NK?Em?BU_?^C?@m_?Az??Au_? n=26 c=4 b=7 nu_cut=3 good=50 nongen=[] mism=0
U???Fm}ve{\oK?G??????K?@C???Fw?Fw?B{??~? n=22 c=5 b=4 nu_cut=3 good=38 nongen=[] mism=0
W????AzfruNoNov_G_@??G?A??C??C?????~??No?@}??Fw n=24 c=6 b=4 nu_cut=3 good=39 nongen=[] mism=0
W???Fv{^b{^O@?_???CG?@??W??????F[?@}??|_?Fs??Zo n=24 c=5 b=5 nu_cut=3 good=45 nongen=[] mism=0
Y????@v^R]]g}Olo?OCo????A??C?A????????Mw?@^??D{??NW??No? n=26 c=6 b=5 nu_cut=3 good=47 nongen=[] mism=0
Y???F^m}d{]o??C????_?W??O????E????By??z_?Ey??Uw??^O??|_? n=26 c=5 b=6 nu_cut=3 good=54 nongen=[] mism=0
U??F~z{~??F?@?@?O????_???Ng?^_?\o?Jw?A}? n=22 c=4 b=5 nu_cut=3 good=40 nongen=[] mism=0
Y???D~m~FsVoM?O?G??????@??????G???@|??}O?Bm??Rw??|_??Vo? n=26 c=5 b=6 nu_cut=3 good=53 nongen=[] mism=0
U???F\}nd{]oQ???G?A??H??G???Fw?Fw?B{??~? n=22 c=5 b=4 nu_cut=3 good=38 nongen=[] mism=0
U??F~z{~@?????R?C??W?????Mw?]o?\o?Ng?Bu? n=22 c=4 b=5 nu_cut=3 good=34 nongen=[] mism=0
U??F~z{~????G?_?C?Ag?_???NW?No?^O?Mw?By? n=22 c=4 b=5 nu_cut=3 good=40 nongen=[] mism=0
Y??????zLlY[ugMwVKEy?G??I??G?@G?????@?????^_?@}??B{??B{? n=26 c=7 b=4 nu_cut=3 good=50 nongen=[] mism=0
Y???FzynfsNoG?@????G????C????Ao???Az??~??B{??VW??mo??z_? n=26 c=5 b=6 nu_cut=3 good=47 nongen=[] mism=0
Y??F~z{~??????W????G?@?BO??????VW?Ey?Bk_?NS??}O?BF_?BT_? n=26 c=4 b=7 nu_cut=3 good=50 nongen=[] mism=0
Y??F~z{~??K_C????????`?????_???Jk?LM?A|??Vg??No?BY_?Aj_? n=26 c=4 b=7 nu_cut=3 good=44 nongen=[] mism=0
Y???E~m^b{^OB???O????_????C??A_???Bt??^_?FY??Ng??|_??ro? n=26 c=5 b=6 nu_cut=3 good=49 nongen=[] mism=0
Y???E~]nfs^O???????????B_??C??w???B{??}_?F[??ZW??Vo??]o? n=26 c=5 b=6 nu_cut=3 good=44 nongen=[] mism=0
Y???B~{vfsZoG?G???B????AI?????????A}??]o?E]??\W??{o??vO? n=26 c=5 b=6 nu_cut=3 good=53 nongen=[] mism=0
W????@^ZtmXw\ojoA?@O?o?????_??_????~??No?@}??Fw n=24 c=6 b=4 nu_cut=3 good=40 nongen=[] mism=0
Y???Fu}ze{Zo??`?G????G??_?A??@????Bt??mo?C}??Ng??\o??}_? n=26 c=5 b=6 nu_cut=3 good=52 nongen=[] mism=0
U??F~z{~DGO_C????????C???Fw?^_?^O?Fw?A}? n=22 c=4 b=5 nu_cut=3 good=38 nongen=[] mism=0
Y????Azvc}Jwlo\o@G@G?O?@??A???????????Ng?@^??D{??NW??Fw? n=26 c=6 b=5 nu_cut=3 good=48 nongen=[] mism=0
Y??F~z{~?gI_????C???????_??????Q{?Jq?Aj_?No?@wo?@x_??n_? n=26 c=4 b=7 nu_cut=3 good=50 nongen=[] mism=0
Y???Fv]}fw\o@_G???Cc????_?????????Az??jo?B]??Uw??zO??Vo? n=26 c=5 b=6 nu_cut=3 good=42 nongen=[] mism=0
W???F^]}b{\oC?o_???_?C????C????Fk?A}??~??D{??^_ n=24 c=5 b=5 nu_cut=3 good=41 nongen=[] mism=0
Y???B~unf[^OS?O?PO?????????_??????B\??jo?Bu??Rw??ro??]o? n=26 c=5 b=6 nu_cut=3 good=54 nongen=[] mism=0
Y??????yq}TsfolW]cDj???@???O?AO?@???CG????^_?@}??B{??B{? n=26 c=7 b=4 nu_cut=3 good=50 nongen=[] mism=0
W???E}}^fsZo??`?F??????@??A????E{?By??n_?Fk??Zo n=24 c=5 b=5 nu_cut=3 good=42 nongen=[] mism=0
U???D|}}f[VoO???G_???G_@C???Fw?Fw?B{??~? n=22 c=5 b=4 nu_cut=3 good=38 nongen=[] mism=0
W??F~z{~??C_C??????_?w??????]g?Vo?Ms?B{??Rw??|_ n=24 c=4 b=6 nu_cut=3 good=44 nongen=[] mism=0
Y??????zLtLw~?xoRwEx??O?B??E????????CG????^_?@}??B{??B{? n=26 c=7 b=4 nu_cut=3 good=44 nongen=[] mism=0
W??F~z{~Co??G?????@??S??????Jw?Zg?E{?Br??]g??~? n=24 c=4 b=6 nu_cut=3 good=44 nongen=[] mism=0
Y??F~z{~??C???O???@????@??CW???\c?Lw?Bt??Vo?@V_?BR_?@r_? n=26 c=4 b=7 nu_cut=3 good=52 nongen=[] mism=0
W???Ft}^d{]oO_????C??_??g?C????B{?By??z_?E{??]o n=24 c=5 b=5 nu_cut=3 good=47 nongen=[] mism=0
Y????@|zTmVo}_Zo???S?T?????A??A???????Lw??~??E{??Ng??Jw? n=26 c=6 b=5 nu_cut=3 good=52 nongen=[] mism=0
W???F^]nf[^OC?O?OO?_????O?A????Fs?Bm??v_?F[??Vo n=24 c=5 b=5 nu_cut=3 good=42 nongen=[] mism=0
W????BuVr]]g^_uoOGCA?D?A???????????~??No?@}??Fw n=24 c=6 b=4 nu_cut=3 good=44 nongen=[] mism=0
W??F~z{~????_???O?@W????c???Zo?]o?Fs?@z??VW?@t_ n=24 c=4 b=6 nu_cut=3 good=44 nongen=[] mism=0
Y??????f]]]WRwjWYsFe?G????AC?@???S??G?????^_?@}??B{??B{? n=26 c=7 b=4 nu_cut=3 good=52 nongen=[] mism=0
Y???B~m}d{Zo??Q_?_CG?????????C????A^??nO?E{??Lw??mo??z_? n=26 c=5 b=6 nu_cut=3 good=54 nongen=[] mism=0
U???E~{|b{NoQ???O?C??H?A????Fw?Fw?B{??~? n=22 c=5 b=4 nu_cut=3 good=40 nongen=[] mism=0
Y??F~z{~?O????O????O???@??@g???]W?FY?BN??B{?@]_?@{_?Bj?? n=26 c=4 b=7 nu_cut=3 good=52 nongen=[] mism=0
U??F~z{~?O????A?I????p???Fw?^_?]o?Jw?B{? n=22 c=4 b=5 nu_cut=3 good=38 nongen=[] mism=0
Y????@}\t]Zoxolo???A???@g?C???A?A?????Jw?@z??F[??Mw??Lw? n=26 c=6 b=5 nu_cut=3 good=49 nongen=[] mism=0
Y??????^dyLwygfWRwFJ??_??_?D??????_?CO????^_?@}??B{??B{? n=26 c=7 b=4 nu_cut=3 good=50 nongen=[] mism=0
Y???F^u^f[Voc?C???C??G_????_??????Bu??to?Fs??Fw??No??zO? n=26 c=5 b=6 nu_cut=3 good=52 nongen=[] mism=0
Y??????fhzYspwxoE{DV????G?B???O??G??W?????^_?@}??B{??B{? n=26 c=7 b=4 nu_cut=3 good=52 nongen=[] mism=0
Y??F~z{~?GT????????_????O??G???\W?Ji?An??]c??mo??~??Al_? n=26 c=4 b=7 nu_cut=3 good=52 nongen=[] mism=0
W???E|}}d{Voc?G?G?A??G?@???????Fw?B]??n_?B{??^O n=24 c=5 b=5 nu_cut=3 good=45 nongen=[] mism=0
Y??F~z{~????P?G??????s??_??????R[?Hu?@l_?Zc?@wo?BV??Bi_? n=26 c=4 b=7 nu_cut=3 good=50 nongen=[] mism=0
W???Fzy^f[^O@????_E??@?????o???F[?B]??^_?Fw??Vo n=24 c=5 b=5 nu_cut=3 good=47 nongen=[] mism=0
U???D~{zf[VoS?O?Q????S??????Fw?Fw?B{??~? n=22 c=5 b=4 nu_cut=3 good=35 nongen=[] mism=0
W????BZvdu^_Zo}O?o?K?_O????G???????~??No?@}??Fw n=24 c=6 b=4 nu_cut=3 good=44 nongen=[] mism=0
W??F~z{~??C?G?c??????d??????Vg?Rw?Ms?A^??Xw?@{_ n=24 c=4 b=6 nu_cut=3 good=38 nongen=[] mism=0
U???Ft}vfwZo??H?C????H?@A???Fw?Fw?B{??~? n=22 c=5 b=4 nu_cut=3 good=38 nongen=[] mism=0
U??F~z{~A?G???@????G?e???Lw?^_?^O?No?A}? n=22 c=4 b=5 nu_cut=3 good=40 nongen=[] mism=0
U???Fz]vf[\oO_C?C?@_????_???Fw?Fw?B{??~? n=22 c=5 b=4 nu_cut=3 good=38 nongen=[] mism=0
U???E|}vfs^OG?G???AC?G??K???Fw?Fw?B{??~? n=22 c=5 b=4 nu_cut=3 good=35 nongen=[] mism=0
U???Fzy~D{ZoB????O?C??_?S???Fw?Fw?B{??~? n=22 c=5 b=4 nu_cut=3 good=40 nongen=[] mism=0
Y????BjzTmZgjon_??A?????I??c?A??@?????Mw?@}??Fs??NW??Fw? n=26 c=6 b=5 nu_cut=3 good=48 nongen=[] mism=0
Y???Fy}}f[^_g??_A??C??_?O?????????Br??ro?Ey??Jw??mo??\o? n=26 c=5 b=6 nu_cut=3 good=46 nongen=[] mism=0
U???Fy}^b{^_??H??OCO??_?A???Fw?Fw?B{??~? n=22 c=5 b=4 nu_cut=3 good=35 nongen=[] mism=0
U??F~z{~????O?O?Q?@W?????NW?Zo?^O?No?By? n=22 c=4 b=5 nu_cut=3 good=38 nongen=[] mism=0
Y??F~z{~??????[?G?????????@o???Lw?Ms?Ay_?\W?@j_?Bd_?B[_? n=26 c=4 b=7 nu_cut=3 good=47 nongen=[] mism=0
Y??F~z{~????A?C????_?p??G??????Xk?Lw?Av??\K??}_?@y_??|_? n=26 c=4 b=7 nu_cut=3 good=52 nongen=[] mism=0
W???Fu}nfk]oA?O?H??_???@???O???E{?By??^_?Fs??Zo n=24 c=5 b=5 nu_cut=3 good=39 nongen=[] mism=0
Y????B]]t{]gnOroC???????K????@??AQ????NW?@v??Fw??Fw??No? n=26 c=6 b=5 nu_cut=3 good=52 nongen=[] mism=0
Y??????^RjFkhwmgZKFT?__????C????AA??@O????^_?@}??B{??B{? n=26 c=7 b=4 nu_cut=3 good=50 nongen=[] mism=0
W??F~z{~?O??p???Q????A??????NW?^G?J[?A^??Jw?@j_ n=24 c=4 b=6 nu_cut=3 good=44 nongen=[] mism=0
W????BrveyNo|_]o@G?A??O?G????CG????~??No?@}??Fw n=24 c=6 b=4 nu_cut=3 good=44 nongen=[] mism=0
Y???E~y^fk^_O?i?U?????????????????A^??jo?C}??Yw??^O??yo? n=26 c=5 b=6 nu_cut=3 good=48 nongen=[] mism=0
W????BfzU{^GvO}_???g??o?A??E???????~??No?@}??Fw n=24 c=6 b=4 nu_cut=3 good=44 nongen=[] mism=0
Y??????]X|Tkfg\oFsEm?a????A???B?@???O?????^_?@}??B{??B{? n=26 c=7 b=4 nu_cut=3 good=45 nongen=[] mism=0
Y??F~z{~?GO?@?M?O??????????????W{?MM?@\_?U[?@eo?@j_?A}?? n=26 c=4 b=7 nu_cut=3 good=52 nongen=[] mism=0
Y??F~z{~????????J?@????@o??????]W?Lk?BU_?[s??]o?BU_?A{_? n=26 c=4 b=7 nu_cut=3 good=47 nongen=[] mism=0
Y??????]ZjZKxon_X[BV?@??G_@_?????C??@?????^_?@}??B{??B{? n=26 c=7 b=4 nu_cut=3 good=52 nongen=[] mism=0
Y??F~z{~A?????F???A??_?A???????Mk?Mi?Bl??K{?@tO?A\_?@|?? n=26 c=4 b=7 nu_cut=3 good=45 nongen=[] mism=0
U??F~z{~?GU?@?o??????????Jw?^O?\o?Fw?A}? n=22 c=4 b=5 nu_cut=3 good=38 nongen=[] mism=0
Y??F~z{~???__?_??????Y?????G???^G?J[?A\_?Tw??fo?B{??A{_? n=26 c=4 b=7 nu_cut=3 good=44 nongen=[] mism=0
Y???D~y}b{]o@?@??_C??G_A??????????@z??]o?D]??ZW??|O??\o? n=26 c=5 b=6 nu_cut=3 good=42 nongen=[] mism=0
W???E~]^d{^O??@????????AW?@K???Fs?B{??~??D{??^O n=24 c=5 b=5 nu_cut=3 good=40 nongen=[] mism=0
W????B]|UyNWto^_C?@O?G?????O?CG????~??No?@}??Fw n=24 c=6 b=4 nu_cut=3 good=44 nongen=[] mism=0
Y??????X~wP{MwZo]oEV?C??g?????_?B???C?????^_?@}??B{??B{? n=26 c=7 b=4 nu_cut=3 good=52 nongen=[] mism=0
Y?????~^by\WvOxoD??C?_??A?C??C????????Lw?@z??D{??Fw??NW? n=26 c=6 b=5 nu_cut=3 good=49 nongen=[] mism=0
W???Fn]zf[^_????A?D??C??a??_???Fs?B{??z_?Fk??Zo n=24 c=5 b=5 nu_cut=3 good=47 nongen=[] mism=0
U??F~z{~@?????B?Y?@??????Jw?]o?\o?NW?@}? n=22 c=4 b=5 nu_cut=3 good=38 nongen=[] mism=0
Y???Fn{vfs]o??A??_???A?Aa?????O???A^??{o?Fe??No??~???}_? n=26 c=5 b=6 nu_cut=3 good=48 nongen=[] mism=0
Y???E~]|fs]oA??_E_???A??G?????????BN??fo?Du??Mw??]o??Vo? n=26 c=5 b=6 nu_cut=3 good=44 nongen=[] mism=0
U??F~z{~???_L???U????????Lw?]o?No?Lw?Bu? n=22 c=4 b=5 nu_cut=3 good=35 nongen=[] mism=0
W??F~z{~?????????_BO?@?B????Lw?]g?Lk?@}??VW?@|? n=24 c=4 b=6 nu_cut=3 good=44 nongen=[] mism=0
W???B~]}e{^OA?G?Ao@?????_??????D{?A}??v_?Fs??Zo n=24 c=5 b=5 nu_cut=3 good=38 nongen=[] mism=0
Y??F~z{~C???F?O?G??????A???????ZK?L[?Bi_?No??jo?Bu??AN_? n=26 c=4 b=7 nu_cut=3 good=52 nongen=[] mism=0
W??F~z{~?w??????U?A?????????Lw?Yw?NK?@v??No?@v? n=24 c=4 b=6 nu_cut=3 good=40 nongen=[] mism=0
W???E~m^b{]o????@??O?@_Ao??????Fs?Bm??|_?Fs??]o n=24 c=5 b=5 nu_cut=3 good=42 nongen=[] mism=0
Y????@}|byLwyozOA????_oAG??_??????????Jw?@n??F[??No??Lw? n=26 c=6 b=5 nu_cut=3 good=52 nongen=[] mism=0
W???Fl}ne{\o_???C?AK?G????C????Fs?Bu??z_?B{??\o n=24 c=5 b=5 nu_cut=3 good=47 nongen=[] mism=0
Y??????N^M\ovG}_ZWBl??O????A??g?A?_??O????^_?@}??B{??B{? n=26 c=7 b=4 nu_cut=3 good=45 nongen=[] mism=0
Y??????Lxv]SjWvG^GFX?S??A?????I??A???_????^_?@}??B{??B{? n=26 c=7 b=4 nu_cut=3 good=52 nongen=[] mism=0
Y??F~z{~F?M???????C????????????Ts?By?@z??B{?@m_??z_?Bu?? n=26 c=4 b=7 nu_cut=3 good=47 nongen=[] mism=0
Y??F~z{~AGG?i??????G???????????Y[?Ls??v_?ZS??fo?At_??n_? n=26 c=4 b=7 nu_cut=3 good=52 nongen=[] mism=0
W????Bt\r]^OzOnOI??C??_A?????CC????~??No?@}??Fw n=24 c=6 b=4 nu_cut=3 good=44 nongen=[] mism=0
U??F~z{~????P?L????O?A???Jw?Zo?^O?Mw?Bm? n=22 c=4 b=5 nu_cut=3 good=38 nongen=[] mism=0
U??F~z{~@???G?U?@_???????Ng?\o?]o?Jw?Bm? n=22 c=4 b=5 nu_cut=3 good=38 nongen=[] mism=0
Y??F~z{~??????_?Q????R??O??????]c?Ku?@x_?T[?@z??B\??BV?? n=26 c=4 b=7 nu_cut=3 good=52 nongen=[] mism=0
U??F~z{~Cg??a?????@??G???Fw?Zo?\o?Fw?A}? n=22 c=4 b=5 nu_cut=3 good=38 nongen=[] mism=0
Y??F~z{~??T?a?????A??O?????????Us?Ls?@z??Rk?@Fo?Bj??AV_? n=26 c=4 b=7 nu_cut=3 good=50 nongen=[] mism=0
W???Fnm~F[NoC?J?????????O?E????D{?Bm??^_?Fw??Vo n=24 c=5 b=5 nu_cut=3 good=45 nongen=[] mism=0
W????B\rryLw}Oro???K?g??O??_??_????~??No?@}??Fw n=24 c=6 b=4 nu_cut=3 good=34 nongen=[] mism=0
Y???D~]|f[NoI?_???C??????????@c???BZ??z_?@}??No??ro??}_? n=26 c=5 b=6 nu_cut=3 good=52 nongen=[] mism=0
Y????@|zVMNW{omoOO???`_????_?????O????Fw?@n??Fw??Lw??Jw? n=26 c=6 b=5 nu_cut=3 good=48 nongen=[] mism=0
W????AvyuyVg~?{o?O?K?E?????K???????~??No?@}??Fw n=24 c=6 b=4 nu_cut=3 good=44 nongen=[] mism=0
U???Fn]}f[Zo__??C?@_?C??_???Fw?Fw?B{??~? n=22 c=5 b=4 nu_cut=3 good=38 nongen=[] mism=0
W????BNzeuVgn_fo??A??W?@??@??@_????~??No?@}??Fw n=24 c=6 b=4 nu_cut=3 good=41 nongen=[] mism=0
U??F~z{~??W_A???C??O?G???Ng?Vo?]o?Jw?Bu? n=22 c=4 b=5 nu_cut=3 good=35 nongen=[] mism=0
Y????Az^Q}\Wv_^O??????_?o?EG??C???????Mw?@}??Fk??Jw??NW? n=26 c=6 b=5 nu_cut=3 good=48 nongen=[] mism=0
U??F~z{~????a???C?EG?G???NW?^O?Zo?NW?By? n=22 c=4 b=5 nu_cut=3 good=34 nongen=[] mism=0
U???Fv]~D{VoO?O?G??o????c???Fw?Fw?B{??~? n=22 c=5 b=4 nu_cut=3 good=40 nongen=[] mism=0
U??F~z{~?O????T?C?@O?????NW?\o?\o?Ng?By? n=22 c=4 b=5 nu_cut=3 good=40 nongen=[] mism=0
Y????Bt|VUZo^_vO?O???J????????C?AA????Mw?@n??Fw??No??Lw? n=26 c=6 b=5 nu_cut=3 good=53 nongen=[] mism=0
W???Fvund{^OO?O???CC????C?AG???Fw?@}??|_?Fw??\o n=24 c=5 b=5 nu_cut=3 good=45 nongen=[] mism=0
W???E|}vfw^O??g_C?@?????C??G???D{?Bm??|_?F[??Vo n=24 c=5 b=5 nu_cut=3 good=42 nongen=[] mism=0
W???F\}zfs^_C?C????_???@??@W???Fk?B]??^_?Fw??^_ n=24 c=5 b=5 nu_cut=3 good=46 nongen=[] mism=0
Y??????~@vT[jgtgVWEx?OO???A??A???@??GO????^_?@}??B{??B{? n=26 c=7 b=4 nu_cut=3 good=47 nongen=[] mism=0
Y??????N]u^Gjg{gYkFR?G_????S??G??C??@?????^_?@}??B{??B{? n=26 c=7 b=4 nu_cut=3 good=52 nongen=[] mism=0
W????Bjtu]Twto\oC?@??G????C_?AO????~??No?@}??Fw n=24 c=6 b=4 nu_cut=3 good=34 nongen=[] mism=0
Y????BVlq}NWZo|_??CQ?_??????????@g????Jw?@}??D{??Fw??No? n=26 c=6 b=5 nu_cut=3 good=49 nongen=[] mism=0
W??F~z{~??C?O???C?A????AK???Vg?Vg?Fw?@}??]W?@n? n=24 c=4 b=6 nu_cut=3 good=46 nongen=[] mism=0
W????B\}R][wlo\o@??O?O_????g??O????~??No?@}??Fw n=24 c=6 b=4 nu_cut=3 good=46 nongen=[] mism=0
Y????B{xv[\oVofoA?CC???????A??A??P????No?@^??E{??NW??NW? n=26 c=6 b=5 nu_cut=3 good=49 nongen=[] mism=0
W???E|}}fsZo??G_???G?@?B???G???Fk?By??v_?B{??Vo n=24 c=5 b=5 nu_cut=3 good=42 nongen=[] mism=0
W???E~{ze{Vo??O_??A??k?????C???Fk?Bm??z_?D{??]o n=24 c=5 b=5 nu_cut=3 good=38 nongen=[] mism=0
Y???E~m}fsZo?????_???K??C??G?B????@|??vO?Du??Yw??|_??|_? n=26 c=5 b=6 nu_cut=3 good=54 nongen=[] mism=0
U???B~]}d{^O__@?C??G????c???Fw?Fw?B{??~? n=22 c=5 b=4 nu_cut=3 good=38 nongen=[] mism=0
Y???D|}^fw^_?????????O?@a?Co??????Bx??]o?FU??]g??|O??^_? n=26 c=5 b=6 nu_cut=3 good=44 nongen=[] mism=0
W????A|luuZgz_NoGOA???_????W?A?????~??No?@}??Fw n=24 c=6 b=4 nu_cut=3 good=44 nongen=[] mism=0
W??F~z{~??????F?K?@??O??????[w?Tw?Mk?Bt??Zg?@l_ n=24 c=4 b=6 nu_cut=3 good=46 nongen=[] mism=0
Y????BZNvwMwz_mo??A?????@?AA?Co???????Ng?@z??Fw??Mw??Ng? n=26 c=6 b=5 nu_cut=3 good=54 nongen=[] mism=0
W??F~z{~????A?O?@????d?@????]g?Mw?H{?B{??^_?@V_ n=24 c=4 b=6 nu_cut=3 good=46 nongen=[] mism=0
W????Bj]u]Rw}_toC_AA?@?????G?@?????~??No?@}??Fw n=24 c=6 b=4 nu_cut=3 good=44 nongen=[] mism=0
W???D|}}d{\o??_?O??W?O?@??A????Fw?@}??z_?Fk??]o n=24 c=5 b=5 nu_cut=3 good=42 nongen=[] mism=0
W????B{{veRw]onO?_B??@??C?CA???????~??No?@}??Fw n=24 c=6 b=4 nu_cut=3 good=46 nongen=[] mism=0
W????A}ft]Ngto|O??A??O?A_?A???a????~??No?@}??Fw n=24 c=6 b=4 nu_cut=3 good=46 nongen=[] mism=0
W????@zNvYZWzOVo??C??_?@O?C???c????~??No?@}??Fw n=24 c=6 b=4 nu_cut=3 good=46 nongen=[] mism=0
Y??F~z{~??A?????O_???C?@K??????E{?NQ?BT_?]S??]o?@m_?By?? n=26 c=4 b=7 nu_cut=3 good=50 nongen=[] mism=0
U???E|}nfw^_O_???OA??I??A???Fw?Fw?B{??~? n=22 c=5 b=4 nu_cut=3 good=38 nongen=[] mism=0
Y????By{q}]gjomo???G?A_?C???????BO????Lw?@}??Fs??No??Jw? n=26 c=6 b=5 nu_cut=3 good=52 nongen=[] mism=0
Y??F~z{~????????C_C??U????C????Zc?Mw?Bw_?Uw??uo?BR_?At_? n=26 c=4 b=7 nu_cut=3 good=50 nongen=[] mism=0
Y???Ft}vfsVo???????g?G??_????CS???By??{o?F[??]W??lo??z_? n=26 c=5 b=6 nu_cut=3 good=41 nongen=[] mism=0
W??F~z{~??????_?A?C_???@c???\W?^G?No?@}??]W?@v? n=24 c=4 b=6 nu_cut=3 good=46 nongen=[] mism=0
Y????By\vwZgzOfoH??C?G??_?????C??A????Jw?@n??B{??Lw??Jw? n=26 c=6 b=5 nu_cut=3 good=44 nongen=[] mism=0
Y????Avtu]VgxofoA????C??i?AO??????????Jw?@v??Fk??Mw??Lw? n=26 c=6 b=5 nu_cut=3 good=42 nongen=[] mism=0
U???F\}ze{ZoG_??W??_?C??O???Fw?Fw?B{??~? n=22 c=5 b=4 nu_cut=3 good=35 nongen=[] mism=0
W??F~z{~??E_O?A?G????A??????Tw?Vg?K{?Bf??Uw??}_ n=24 c=4 b=6 nu_cut=3 good=40 nongen=[] mism=0
U???Fnu~FwZo@_A?S????A??G???Fw?Fw?B{??~? n=22 c=5 b=4 nu_cut=3 good=35 nongen=[] mism=0
# STATS tries=4114 {'built': 2000, 'sparse': 2000, 'nongeneric': 0, 'no_good_pair': 0, 'cover_mism': 0, 'min_good': 34}
