W???F^{vfsNo`_???O????????D_???Fw?@}??~??B{??^O n=24 c=5 b=5 nu_cut=3 good=42 nongen=[] mism=0
U??F~z{~??C?S?????@??T???Jw?^_?Zo?Jw?B{? n=22 c=4 b=5 nu_cut=3 good=34 nongen=[] mism=0
Y???E~{}e{Noh?p???????????????O???A|??^O?Eu??VW??^_??No? n=26 c=5 b=6 nu_cut=3 good=46 nongen=[] mism=0
W????@}nP}VW^OzOO?A??C_B??C????????~??No?@}??Fw n=24 c=6 b=4 nu_cut=3 good=39 nongen=[] mism=0
Y???F]}}b{No_?_??????_??C??G?B????A}??jo?B]??Vo??{o??vO? n=26 c=5 b=6 nu_cut=3 good=48 nongen=[] mism=0
Y????@n~@}Zo~?ro?G???G_???CC??A??@????Ng??~??Fw??Lw??NW? n=26 c=6 b=5 nu_cut=3 good=54 nongen=[] mism=0
U???D~{^d{Zo_?_?B?A??O?@????Fw?Fw?B{??~? n=22 c=5 b=4 nu_cut=3 good=38 nongen=[] mism=0
Y????BxfveJw^O}OGO?C??_?k?????????????Mw??~??F[??Fw??No? n=26 c=6 b=5 nu_cut=3 good=48 nongen=[] mism=0
U???Fzy^fwNo_???COC??@?AC???Fw?Fw?B{??~? n=22 c=5 b=4 nu_cut=3 good=34 nongen=[] mism=0
U???Fx}^f[\o??c?O??_?`??O???Fw?Fw?B{??~? n=22 c=5 b=4 nu_cut=3 good=35 nongen=[] mism=0
W???E~{zfwNoG?B_??@??_?A???????Fs?A}??z_?Fk??Vo n=24 c=5 b=5 nu_cut=3 good=43 nongen=[] mism=0
U???D|}|d{\o??O?H?AO?G_?????Fw?Fw?B{??~? n=22 c=5 b=4 nu_cut=3 good=38 nongen=[] mism=0
Y???Fx}|fsNo_???O??G?Q_A??????????Br??Zo?Fi??Rw??^O??|_? n=26 c=5 b=6 nu_cut=3 good=53 nongen=[] mism=0
Y????BrnfqNo|_Zo???I?D_A????????A?????Jw?@n??E{??Fw??No? n=26 c=6 b=5 nu_cut=3 good=46 nongen=[] mism=0
Y???Fnu}b{^O@?????AG??????DO??G???Bf??vO?FM??Jw??~???^O? n=26 c=5 b=6 nu_cut=3 good=49 nongen=[] mism=0
W??F~z{~C???O?????C??J?@????Zg?^G?Ng?@v??Zg?@l_ n=24 c=4 b=6 nu_cut=3 good=34 nongen=[] mism=0
W????Azluu[w}O~?CO?G????I??G??G????~??No?@}??Fw n=24 c=6 b=4 nu_cut=3 good=46 nongen=[] mism=0
Y??F~z{~??C_?????_???q????@????Uk?Jq?@|??Xw??{o?A^??BF_? n=26 c=4 b=7 nu_cut=3 good=52 nongen=[] mism=0
W????Bt|feRwjoroA_AO????G?A???O????~??No?@}??Fw n=24 c=6 b=4 nu_cut=3 good=44 nongen=[] mism=0
Y?????~xt]]oyoNoO??_?P????C_??_???????Jw?@v??Fk??Ng??Lw? n=26 c=6 b=5 nu_cut=3 good=47 nongen=[] mism=0
U???Fnu~Fw\o?_??@?AO??_?I???Fw?Fw?B{??~? n=22 c=5 b=4 nu_cut=3 good=35 nongen=[] mism=0
Y??F~z{~??????Q???DG???@???O???\c?Fi?@|??\W?@To??z_?BV?? n=26 c=4 b=7 nu_cut=3 good=52 nongen=[] mism=0
Y??F~z{~??????d?C???????_?A_???W{?Eu?Bf??ZS??|_?Bm???z_? n=26 c=4 b=7 nu_cut=3 good=50 nongen=[] mism=0
Y??????\uyFwZgnOU[Bf??G??_?@????AG??B?????^_?@}??B{??B{? n=26 c=7 b=4 nu_cut=3 good=45 nongen=[] mism=0
U???Fvm|e{ZoC???E?CC?G??_???Fw?Fw?B{??~? n=22 c=5 b=4 nu_cut=3 good=38 nongen=[] mism=0
Y????Bf^duNoZon_HGC????AC?C???????????Mw?@^??B{??No??Fw? n=26 c=6 b=5 nu_cut=3 good=48 nongen=[] mism=0
Y???D~{ve{^_?????O@???_?g????@C???By??xo?E{??]W??{o??jo? n=26 c=5 b=6 nu_cut=3 good=45 nongen=[] mism=0
U??F~z{~????`?s?C????G???Fw?^_?Zo?Mw?Bm? n=22 c=4 b=5 nu_cut=3 good=38 nongen=[] mism=0
U??F~z{~C?????????Cg?J???Lw?^O?^O?No?B{? n=22 c=4 b=5 nu_cut=3 good=35 nongen=[] mism=0
Y????B]n`}Zg|OvO?O???G??_????CS??A????Lw?@|??Fk??Ng??Lw? n=26 c=6 b=5 nu_cut=3 good=47 nongen=[] mism=0
U???Fm}zfw]oA?O_??CG?A??G???Fw?Fw?B{??~? n=22 c=5 b=4 nu_cut=3 good=40 nongen=[] mism=0
Y??????m^kMw~?lgXkBy??GA@?????S???_??G????^_?@}??B{??B{? n=26 c=7 b=4 nu_cut=3 good=45 nongen=[] mism=0
U???Fzund{^OO?c???@C?O?@????Fw?Fw?B{??~? n=22 c=5 b=4 nu_cut=3 good=40 nongen=[] mism=0
Y??????\tm[[~?NW]gC^?A?????O??D??G??CG????^_?@}??B{??B{? n=26 c=7 b=4 nu_cut=3 good=52 nongen=[] mism=0
U??F~z{~??G_??????Co?P???No?^O?Vo?Ng?@}? n=22 c=4 b=5 nu_cut=3 good=40 nongen=[] mism=0
Y??F~z{~??????C?O????c????BG???Jw?NS?BL_?M[?@uO?Bl???~?? n=26 c=4 b=7 nu_cut=3 good=52 nongen=[] mism=0
U???Ft}vfwZoH???C_@????@G???Fw?Fw?B{??~? n=22 c=5 b=4 nu_cut=3 good=38 nongen=[] mism=0
U???E}}~D{^_C_`???A??O?@????Fw?Fw?B{??~? n=22 c=5 b=4 nu_cut=3 good=35 nongen=[] mism=0
Y??F~z{~????????R????O??_?B????Lw?H]?B]??Mk?@x_?Bu??Al_? n=26 c=4 b=7 nu_cut=3 good=52 nongen=[] mism=0
W??F~z{~A?S?????U????O??????]o?]g?B{?An??\g?@j_ n=24 c=4 b=6 nu_cut=3 good=44 nongen=[] mism=0
W??F~z{~????C?A???DG?E??????No?Lw?Ls?BZ??\W?@{_ n=24 c=4 b=6 nu_cut=3 good=46 nongen=[] mism=0
Y???E~]~B{\oG???O?D?????K????@????@}??ro?Fs??\W??to??ro? n=26 c=5 b=6 nu_cut=3 good=46 nongen=[] mism=0
U??F~z{~C?????_???BG?E???Ng?\o?^_?Jw?By? n=22 c=4 b=5 nu_cut=3 good=38 nongen=[] mism=0
U??F~z{~D?@?X???@????????NW?No?Zo?Mw?B]? n=22 c=4 b=5 nu_cut=3 good=38 nongen=[] mism=0
Y???D|}}b{^_??@??O?K?????????EO???A^??z_?Em??Tw??}_??~?? n=26 c=5 b=6 nu_cut=3 good=50 nongen=[] mism=0
U??F~z{~??????C?A?@O?p???No?]o?^O?NW?B{? n=22 c=4 b=5 nu_cut=3 good=34 nongen=[] mism=0
Y????Bjva}MwnOVoE?@??_????@??C??A?????Lw?@v??Fw??Ng??Fw? n=26 c=6 b=5 nu_cut=3 good=49 nongen=[] mism=0
Y???F]}~F[^_??C??O?_?C_???AO??????Az??n_?FY??Zo??\o??|O? n=26 c=5 b=6 nu_cut=3 good=52 nongen=[] mism=0
W????Bt]veVo|Oz_???O?A??G?CC??a????~??No?@}??Fw n=24 c=6 b=4 nu_cut=3 good=46 nongen=[] mism=0
Y????B\vU{No~?xo?O?A????g??C??A??@????No?@z??Fs??Ng??Mw? n=26 c=6 b=5 nu_cut=3 good=44 nongen=[] mism=0
W???F]}ve{\oC?p????_?G?????_???F[?By??^_?D{??Vo n=24 c=5 b=5 nu_cut=3 good=41 nongen=[] mism=0
Y??????ZvTF[xgvOLkDy?C??A_????_??@_?C?????^_?@}??B{??B{? n=26 c=7 b=4 nu_cut=3 good=52 nongen=[] mism=0
W????@^Zvw]gmo~??G?C??_????E?C_????~??No?@}??Fw n=24 c=6 b=4 nu_cut=3 good=44 nongen=[] mism=0
W???Fn{ze{]oA?G?@??O?G????CC???Fw?@}??v_?E{??^O n=24 c=5 b=5 nu_cut=3 good=42 nongen=[] mism=0
Y????@n\v[UwZovOAOC??GO??????C??A?????Fw?@z??Fs??Lw??Ng? n=26 c=6 b=5 nu_cut=3 good=44 nongen=[] mism=0
Y??????{[^Us}_LwTsAn??O@??CO????@@??O?????^_?@}??B{??B{? n=26 c=7 b=4 nu_cut=3 good=44 nongen=[] mism=0
Y??????q~kS{fo\WT[Bm?A?B??????O??__?A?????^_?@}??B{??B{? n=26 c=7 b=4 nu_cut=3 good=52 nongen=[] mism=0
Y??F~z{~EG??????O_?O????G??????L[?JU?@r_?Js?@u_?Bf???}_? n=26 c=4 b=7 nu_cut=3 good=50 nongen=[] mism=0
U???E~m|d{Zo??G?K??c?G?@????Fw?Fw?B{??~? n=22 c=5 b=4 nu_cut=3 good=38 nongen=[] mism=0
W??F~z{~?_L???@????G?C??????Rw?\W?NW?A|??Vo??z_ n=24 c=4 b=6 nu_cut=3 good=46 nongen=[] mism=0
Y???F\}}d{]o????WO???C?@_?????_???BV??}_?Bm??Zo??xo??uo? n=26 c=5 b=6 nu_cut=3 good=47 nongen=[] mism=0
Y??????u]uZK|_ZoTsFw??G?a??@??@?????C_????^_?@}??B{??B{? n=26 c=7 b=4 nu_cut=3 good=52 nongen=[] mism=0
Y??????zIvMwn_zOLkFe?_O????@?????A_??g????^_?@}??B{??B{? n=26 c=7 b=4 nu_cut=3 good=50 nongen=[] mism=0
Y??????]trD{fg|G[sC}?AO@???g?A??????O?????^_?@}??B{??B{? n=26 c=7 b=4 nu_cut=3 good=52 nongen=[] mism=0
W???Fvu^f[\oC?C?A????@_????W???E{?By??|_?Fw??\o n=24 c=5 b=5 nu_cut=3 good=47 nongen=[] mism=0
U??F~z{~??A?J?O??????S???Lw?^_?^_?Lw?By? n=22 c=4 b=5 nu_cut=3 good=40 nongen=[] mism=0
U??F~z{~??U???P?G_???????Jw?]o?Zo?Jw?Bm? n=22 c=4 b=5 nu_cut=3 good=40 nongen=[] mism=0
Y???Fu}zb{^_O?I??????O????CK??????Bt??^O?By??Fw??jo??ro? n=26 c=5 b=6 nu_cut=3 good=47 nongen=[] mism=0
U??F~z{~??O?[???O??O?A???Lw?Vo?Vo?Ng?B]? n=22 c=4 b=5 nu_cut=3 good=35 nongen=[] mism=0
Y???Fvm}fw\o??O??_@o????C?????G????~??jo?FU??\W??Vo??~?? n=26 c=5 b=6 nu_cut=3 good=49 nongen=[] mism=0
W???Fnm~B{Vo_?_?Co???C??O??????E{?Bm??~??D{??Zo n=24 c=5 b=5 nu_cut=3 good=47 nongen=[] mism=0
Y??????L|\\ofWbwM[Fb?O?@?????A???S??CO????^_?@}??B{??B{? n=26 c=7 b=4 nu_cut=3 good=52 nongen=[] mism=0
Y???D~{^b{^_??W_O?CO???A??????????A^??jo?F[??]g??yo??n_? n=26 c=5 b=6 nu_cut=3 good=49 nongen=[] mism=0
Y??????^eZ\WtobwXsDt?D??_?@??@???P????????^_?@}??B{??B{? n=26 c=7 b=4 nu_cut=3 good=52 nongen=[] mism=0
Y??F~z{~??????C?P_A_??????A????\S?Mw?@r_?NK?@j_?Af_?Be_? n=26 c=4 b=7 nu_cut=3 good=45 nongen=[] mism=0
W??F~z{~??A?X?C?@??O????????[w?Tw?Mk?BV??Jw??n_ n=24 c=4 b=6 nu_cut=3 good=40 nongen=[] mism=0
Y???E~]^b{\o????E_C??o?A??????????Bj??~??Fe??Xw??ro??to? n=26 c=5 b=6 nu_cut=3 good=44 nongen=[] mism=0
W????A}{vYVWfo|OG????O??I??I?A?????~??No?@}??Fw n=24 c=6 b=4 nu_cut=3 good=46 nongen=[] mism=0
W??F~z{~A?????????@W?S??O???]o?No?Fk?Bu??^G?@{_ n=24 c=4 b=6 nu_cut=3 good=40 nongen=[] mism=0
W????BrZt{^On_ro???A????S?AA?AA????~??No?@}??Fw n=24 c=6 b=4 nu_cut=3 good=44 nongen=[] mism=0
Y??F~z{~????????G????c?@??@g???Fk?Mq?Bu??]o?@l_?Bl??BM_? n=26 c=4 b=7 nu_cut=3 good=44 nongen=[] mism=0
W????B\yve\gnOZoA?E????????c??c????~??No?@}??Fw n=24 c=6 b=4 nu_cut=3 good=44 nongen=[] mism=0
Y????By\vYTw}O~?@????s??A?????C??A????Lw?@^??Fs??Lw??NW? n=26 c=6 b=5 nu_cut=3 good=53 nongen=[] mism=0
W???Fy}}fwNo??P_COC??_?????????D{?B{??n_?E{??]o n=24 c=5 b=5 nu_cut=3 good=45 nongen=[] mism=0
Y????@|rtmJwNo{oO??O?_????C??????M????Fw?@}??Fw??Lw??Ng? n=26 c=6 b=5 nu_cut=3 good=53 nongen=[] mism=0
Y???B~m|fwVoc?A??????A????E_??????A|??ro?Fi??No??{o??^O? n=26 c=5 b=6 nu_cut=3 good=52 nongen=[] mism=0
U??F~z{~??@?`??????O?k???Fw?Zo?^_?No?By? n=22 c=4 b=5 nu_cut=3 good=38 nongen=[] mism=0
Y????BrnfkVgn_uo??AK?AO@??A???????????NW?@^??E{??Jw??No? n=26 c=6 b=5 nu_cut=3 good=46 nongen=[] mism=0
Y???Fn{ve{^_???_?O????_?_?Ao??????BN??nO?E{??Yw??}O??nO? n=26 c=5 b=6 nu_cut=3 good=43 nongen=[] mism=0
W??F~z{~??C???@??_???G?BG???^_?Zo?M[?@^??VW?@z? n=24 c=4 b=6 nu_cut=3 good=46 nongen=[] mism=0
W???F^u^fwZo_?Y?O??C??_????????D{?B{??^_?B{??Vo n=24 c=5 b=5 nu_cut=3 good=42 nongen=[] mism=0
W??F~z{~??????G?X??_?G??O???]g?]W?Ng?A|??Xw?@r_ n=24 c=4 b=6 nu_cut=3 good=46 nongen=[] mism=0
Y??????rvwS{nOewNSDV?O???_A?????@?_?D?????^_?@}??B{??B{? n=26 c=7 b=4 nu_cut=3 good=50 nongen=[] mism=0
Y??F~z{~???__?@??????U????C????VW?I{?BT_?Ys??}O?Al_?Bd_? n=26 c=4 b=7 nu_cut=3 good=52 nongen=[] mism=0
U???Fnm^fkVoA?A?@?B??C_?????Fw?Fw?B{??~? n=22 c=5 b=4 nu_cut=3 good=40 nongen=[] mism=0
Y???F^ynfkZoC???X???????O??G??G???Br??|O?Ey??Lw??v_??vO? n=26 c=5 b=6 nu_cut=3 good=48 nongen=[] mism=0
U???Fv]nfk^OA?@??_???K??K???Fw?Fw?B{??~? n=22 c=5 b=4 nu_cut=3 good=38 nongen=[] mism=0
Y????BZ\t]Mwv_v_C????G?AD??_?@????????Mw??~??Fs??Mw??No? n=26 c=6 b=5 nu_cut=3 good=53 nongen=[] mism=0
W??F~z{~??B_???????o?G??_???NW?VW?Mw??~??^_?@Z_ n=24 c=4 b=6 nu_cut=3 good=44 nongen=[] mism=0
Y???E~{}fs^_@??????G?w????????c???A|??to?B{??\o??lo??\o? n=26 c=5 b=6 nu_cut=3 good=47 nongen=[] mism=0
W???Fzu~F[^O??A?SO???O_?G??????E{?Bu??~??E{??Vo n=24 c=5 b=5 nu_cut=3 good=45 nongen=[] mism=0
Y??F~z{~??????T?C???????G?@O???[w?Lq?@m_?VW?@f_?BT_?@l_? n=26 c=4 b=7 nu_cut=3 good=52 nongen=[] mism=0
W??F~z{~@GO?_???J???????????Vo?Mw?NK?Az??Jw?@j_ n=24 c=4 b=6 nu_cut=3 good=44 nongen=[] mism=0
W??F~z{~????J???G????B?@????^G?\g?Lw?@v??ZW?@f_ n=24 c=4 b=6 nu_cut=3 good=44 nongen=[] mism=0
W????BV}UmVouon_?W???G??_?B??A?????~??No?@}??Fw n=24 c=6 b=4 nu_cut=3 good=44 nongen=[] mism=0
Y???B}}zd{^_?_????A?????A?A??@W???Br??}_?By??No??~???jo? n=26 c=5 b=6 nu_cut=3 good=54 nongen=[] mism=0
Y??????xmuFsfomgVgE\?O?@??A??????@_?CO????^_?@}??B{??B{? n=26 c=7 b=4 nu_cut=3 good=52 nongen=[] mism=0
U??F~z{~?oA???X????O?????Fw?\o?^O?NW?Bm? n=22 c=4 b=5 nu_cut=3 good=40 nongen=[] mism=0
Y???Fzuvf[^OA??????_?A?@c?????_???BV??^_?Bu??^G??yo??z_? n=26 c=5 b=6 nu_cut=3 good=54 nongen=[] mism=0
U??F~z{~?O??K???@????s???Lw?^O?Vo?No?B{? n=22 c=4 b=5 nu_cut=3 good=38 nongen=[] mism=0
W??F~z{~?o??????A????A?@c???]o?Fw?B{?B{??]o??n_ n=24 c=4 b=6 nu_cut=3 good=46 nongen=[] mism=0
U???E~uvfs]oo?G?C?@??A??G???Fw?Fw?B{??~? n=22 c=5 b=4 nu_cut=3 good=38 nongen=[] mism=0
U???F^uzfwVo??@_OO?_?C??O???Fw?Fw?B{??~? n=22 c=5 b=4 nu_cut=3 good=40 nongen=[] mism=0
U??F~z{~A?G???????@g?c???Lw?Vo?^O?No?By? n=22 c=4 b=5 nu_cut=3 good=38 nongen=[] mism=0
W???Fn{nb{^OT???@?C?????G?C????B{?By??n_?F[??No n=24 c=5 b=5 nu_cut=3 good=47 nongen=[] mism=0
U???Fnm}f[NoC?C?K????@_?O???Fw?Fw?B{??~? n=22 c=5 b=4 nu_cut=3 good=40 nongen=[] mism=0
U???B}}|fsNo_???D??W?_?A????Fw?Fw?B{??~? n=22 c=5 b=4 nu_cut=3 good=40 nongen=[] mism=0
U???D~]|f[VoO?a?G????O??c???Fw?Fw?B{??~? n=22 c=5 b=4 nu_cut=3 good=40 nongen=[] mism=0
W???B~mnfk^_g_??A??????@O?A????D{?By??^_?F[??No n=24 c=5 b=5 nu_cut=3 good=47 nongen=[] mism=0
W???Fzuzfw]o??E??O????_?c??C???Fs?B]??n_?Fw??No n=24 c=5 b=5 nu_cut=3 good=42 nongen=[] mism=0
U??F~z{~A?C?O?F???@??????Ng?No?\o?Mw?A}? n=22 c=4 b=5 nu_cut=3 good=40 nongen=[] mism=0
Y???F^]^e{^O????E?@??J?????_??????Bm??lo?Fi??ZW??^_??to? n=26 c=5 b=6 nu_cut=3 good=52 nongen=[] mism=0
Y??????rrrUkVW}_B{Bu?`?A?????CG?????O_????^_?@}??B{??B{? n=26 c=7 b=4 nu_cut=3 good=50 nongen=[] mism=0
Y??????u^XRkuoLwX[Dm?O??_??W?@??@_????????^_?@}??B{??B{? n=26 c=7 b=4 nu_cut=3 good=50 nongen=[] mism=0
W???Fu}^e{ZoG?@????G?E??_?@????D{?B]??}_?Fs??]o n=24 c=5 b=5 nu_cut=3 good=42 nongen=[] mism=0
W??F~z{~?G????Y??_???K??????\o?^G?M[?@n??]W??}_ n=24 c=4 b=6 nu_cut=3 good=44 nongen=[] mism=0
W??F~z{~????@?M??_???E??????Ng?\W?Ms?@v??]o?@f_ n=24 c=4 b=6 nu_cut=3 good=44 nongen=[] mism=0
Y???B~u}fk\oA???B?D??C????????O???BN??^_?FM??Rw??xo??|_? n=26 c=5 b=6 nu_cut=3 good=46 nongen=[] mism=0
U???Fu}zfsNo@?D?OO???@??O???Fw?Fw?B{??~? n=22 c=5 b=4 nu_cut=3 good=38 nongen=[] mism=0
W??F~z{~??C?G???J?C????A????Vo?]W?J[?BN??Mw?@]_ n=24 c=4 b=6 nu_cut=3 good=40 nongen=[] mism=0
U???Fl}^d{^O`?@?O?C?????Q???Fw?Fw?B{??~? n=22 c=5 b=4 nu_cut=3 good=38 nongen=[] mism=0
W???F\}ne{]oO???G????g_?c??????B{?Bu??|_?B{??^O n=24 c=5 b=5 nu_cut=3 good=41 nongen=[] mism=0
W??F~z{~??G?????K?Cg????_???Jw?]W?Js?Az??^_?@x_ n=24 c=4 b=6 nu_cut=3 good=46 nongen=[] mism=0
Y???Fx}zfkVo??Q_O?@G???A??????????Az??uo?Fk??Rw??xo??jo? n=26 c=5 b=6 nu_cut=3 good=52 nongen=[] mism=0
U???B|}|f[]o__A???AG?A??G???Fw?Fw?B{??~? n=22 c=5 b=4 nu_cut=3 good=35 nongen=[] mism=0
U???B~{~B{VoA_??O?C??O?B????Fw?Fw?B{??~? n=22 c=5 b=4 nu_cut=3 good=34 nongen=[] mism=0
U??F~z{~AO????_?O????U???Fw?Vo?^_?No?Bm? n=22 c=4 b=5 nu_cut=3 good=38 nongen=[] mism=0
W??F~z{~?O??????C?Ag?I??????^O?NW?NS?Bt??Rw??|_ n=24 c=4 b=6 nu_cut=3 good=46 nongen=[] mism=0
Y??F~z{~?_????A?A??O??????F????]c?Mk?@]_?Us?@t_?@z??@v?? n=26 c=4 b=7 nu_cut=3 good=52 nongen=[] mism=0
U??F~z{~E_??@???B????@???Fw?No?Zo?Lw?Bu? n=22 c=4 b=5 nu_cut=3 good=34 nongen=[] mism=0
U???Ft}zf[^_o?C?A??c????A???Fw?Fw?B{??~? n=22 c=5 b=4 nu_cut=3 good=38 nongen=[] mism=0
Y??F~z{~??@?????C?Cg????g??????[s?Mw?Bx??U[?@do?@z??A{_? n=26 c=4 b=7 nu_cut=3 good=52 nongen=[] mism=0
W??F~z{~????L???G????D?@????\g?^O?Lk?B\??Vo?@j_ n=24 c=4 b=6 nu_cut=3 good=44 nongen=[] mism=0
U???Fv]~B{^OG_@??_?G????g???Fw?Fw?B{??~? n=22 c=5 b=4 nu_cut=3 good=40 nongen=[] mism=0
Y????Bxzfe]WxoNo???O?A?A@?????O??E????No?@v??D{??Ng??Fw? n=26 c=6 b=5 nu_cut=3 good=48 nongen=[] mism=0
U??F~z{~A?@???d?@????O???No?\o?Zo?Mw?By? n=22 c=4 b=5 nu_cut=3 good=40 nongen=[] mism=0
Y????Bf}fY]W^OZoR?????_?C??C??G???????Fw?@n??B{??Lw??Jw? n=26 c=6 b=5 nu_cut=3 good=44 nongen=[] mism=0
W??F~z{~?_R???????DO????????Jw?VW?Mw?BZ??VW?@Z_ n=24 c=4 b=6 nu_cut=3 good=41 nongen=[] mism=0
W???Fzm^fw\o?_@??O?_?C?????c???B{?Bm??^_?Fw??^O n=24 c=5 b=5 nu_cut=3 good=39 nongen=[] mism=0
Y???Fny^d{\o????DOC???????C???g???BN??uo?FY??Zo??|_??\o? n=26 c=5 b=6 nu_cut=3 good=52 nongen=[] mism=0
U??F~z{~E?A?C???X????????NW?No?]o?No?Bm? n=22 c=4 b=5 nu_cut=3 good=38 nongen=[] mism=0
Y???Fnyzf[No_?c????_???@C??_??????Az??zO?Ey??Fw??mo??^_? n=26 c=5 b=6 nu_cut=3 good=52 nongen=[] mism=0
Y??F~z{~??????_???B????A??@W???Rs?E{?A{_?ZW?@t_?Bb_?A^?? n=26 c=4 b=7 nu_cut=3 good=50 nongen=[] mism=0
W???E~m~D{VoP_??AOA???????A????B{?B{??^_?E{??^O n=24 c=5 b=5 nu_cut=3 good=45 nongen=[] mism=0
W???F^m|fwNoC??_?O?_?P??O??????E{?@}??|_?B{??^_ n=24 c=5 b=5 nu_cut=3 good=42 nongen=[] mism=0
Y???E|}~B{\oa_???O?????@c?????????B]??z_?By??NW??]o??{o? n=26 c=5 b=6 nu_cut=3 good=47 nongen=[] mism=0
Y???Fu}^fk^O?_?????G????C??G?E_???@v??zO?E{??^O??yo??~?? n=26 c=5 b=6 nu_cut=3 good=53 nongen=[] mism=0
Y????A|zUmXw]ofo???_?W_???CO?????O????NW?@^??Fs??Lw??Lw? n=26 c=6 b=5 nu_cut=3 good=48 nongen=[] mism=0
W????A|^c}Lw^OloCOC??O_A?????C?????~??No?@}??Fw n=24 c=6 b=4 nu_cut=3 good=40 nongen=[] mism=0
U???B~]|b{]o_?_????W?_??g???Fw?Fw?B{??~? n=22 c=5 b=4 nu_cut=3 good=40 nongen=[] mism=0
W??F~z{~??G?O??????_?i??O???Zg?Vg?NK?Bu??No?@}? n=24 c=4 b=6 nu_cut=3 good=40 nongen=[] mism=0
Y????Anmq}NgVotoC?C?????_????@??BA????Ng?@}??Fw??NW??Lw? n=26 c=6 b=5 nu_cut=3 good=53 nongen=[] mism=0
Y????BtyuyXwz_lo???_?C?????_??G?@I????Jw?@^??Fw??Fw??No? n=26 c=6 b=5 nu_cut=3 good=49 nongen=[] mism=0
U???D~{}fkVo??E?G?A??A_@????Fw?Fw?B{??~? n=22 c=5 b=4 nu_cut=3 good=40 nongen=[] mism=0
Y???D~m}fwZo????DOCC?@??C?????????Br??vO?Dm??Xw??ro??^O? n=26 c=5 b=6 nu_cut=3 good=52 nongen=[] mism=0
Y????BmrvqUwyo]oA????C??A?????_?AD????No?@|??B{??Fw??No? n=26 c=6 b=5 nu_cut=3 good=44 nongen=[] mism=0
U??F~z{~??C_U??????G?G???No?Zo?Zo?Jw?B{? n=22 c=4 b=5 nu_cut=3 good=35 nongen=[] mism=0
Y???D~y^d{No??o???C??i?@??????????BV??Zo?D]??VW??lo??\o? n=26 c=5 b=6 nu_cut=3 good=52 nongen=[] mism=0
U???Fv]nfw^OP???AO?G?@?@????Fw?Fw?B{??~? n=22 c=5 b=4 nu_cut=3 good=38 nongen=[] mism=0
U???Fy}zd{NoS???I????O?AC???Fw?Fw?B{??~? n=22 c=5 b=4 nu_cut=3 good=38 nongen=[] mism=0
Y????B]lp}Jwz_lo?????QO???B??C??A?????Lw?@z??Fs??No??Lw? n=26 c=6 b=5 nu_cut=3 good=52 nongen=[] mism=0
W??F~z{~@???T?G?O????_??????Zg?Jw?I{?B]??]g?@u_ n=24 c=4 b=6 nu_cut=3 good=40 nongen=[] mism=0
W????B{rs}TwZo}OK????C??O??_??I????~??No?@}??Fw n=24 c=6 b=4 nu_cut=3 good=46 nongen=[] mism=0
Y????B{rveNg|Ofo?OA_?a?????C??C???????Fw??~??D{??Mw??Lw? n=26 c=6 b=5 nu_cut=3 good=50 nongen=[] mism=0
Y????A^jvw]o^ONoI??????@??DO?A????????Fw?@|??Fk??NW??Lw? n=26 c=6 b=5 nu_cut=3 good=53 nongen=[] mism=0
Y????B]}TyUwzO{o?????B_?@?@c??????????Lw?@z??Fk??Fw??Lw? n=26 c=6 b=5 nu_cut=3 good=48 nongen=[] mism=0
Y????AvzfwYwlovO???C?Y?@O?????C???????No?@n??B{??Mw??Lw? n=26 c=6 b=5 nu_cut=3 good=48 nongen=[] mism=0
W??F~z{~C?????_???Ag????o???Lw?ZW?Jw?@z??Zg?@|? n=24 c=4 b=6 nu_cut=3 good=44 nongen=[] mism=0
W????BmzVMRw}_moA??_????`??_??Q????~??No?@}??Fw n=24 c=6 b=4 nu_cut=3 good=46 nongen=[] mism=0
Y???Fzunf[Vo??????A??G_@??A???c???B\??v_?Fk??Lw??{o??jo? n=26 c=5 b=6 nu_cut=3 good=54 nongen=[] mism=0
U??F~z{~A_??_?_?K_???????Jw?^_?]o?NW?@}? n=22 c=4 b=5 nu_cut=3 good=38 nongen=[] mism=0
Y??????~BNRwhwZo[[Fe?A??G??_??H??W????????^_?@}??B{??B{? n=26 c=7 b=4 nu_cut=3 good=44 nongen=[] mism=0
Y??F~z{~@o????O???CO???@???????Rs?MM?Bj??B{??~??@x_?@m_? n=26 c=4 b=7 nu_cut=3 good=50 nongen=[] mism=0
U??F~z{~??@???A?O_???h???Lw?]o?^_?No?Bu? n=22 c=4 b=5 nu_cut=3 good=38 nongen=[] mism=0
Y????@^tvU^Gn_Vo??E?????_?@??@???B????Mw?@^??Fk??NW??No? n=26 c=6 b=5 nu_cut=3 good=50 nongen=[] mism=0
W??F~z{~DO????S?G????C??????NW?^G?E{?Bf??Lw?@Z_ n=24 c=4 b=6 nu_cut=3 good=46 nongen=[] mism=0
Y??????\Y^RsVotW]KBZ??_A_??o?????A???_????^_?@}??B{??B{? n=26 c=7 b=4 nu_cut=3 good=44 nongen=[] mism=0
Y???B~m}f[^Ob????????c_?_?????????@v??uo?Bm??NW??{o??v_? n=26 c=5 b=6 nu_cut=3 good=39 nongen=[] mism=0
U??F~z{~@W??_???O????Q???No?No?Zo?Fw?A}? n=22 c=4 b=5 nu_cut=3 good=38 nongen=[] mism=0
Y??F~z{~A?S???????@W??????A????Rw?Mi?BR_?VK??to?@]_??~?? n=26 c=4 b=7 nu_cut=3 good=50 nongen=[] mism=0
Y??????yo~NczGNWS{C|?C?@??A??A_??????o????^_?@}??B{??B{? n=26 c=7 b=4 nu_cut=3 good=50 nongen=[] mism=0
W???F]}nfw]oO?O???Co?O?????O???D{?Bm??z_?Fk??]o n=24 c=5 b=5 nu_cut=3 good=42 nongen=[] mism=0
Y??????~FwXs\gqwVKAv??O?@????D???@??H?????^_?@}??B{??B{? n=26 c=7 b=4 nu_cut=3 good=52 nongen=[] mism=0
W???Fv{zd{^O??O??_?G?P?AO??????Fs?A}??|_?D{??No n=24 c=5 b=5 nu_cut=3 good=40 nongen=[] mism=0
Y???Fv{vfwNo??P_??C??g??_?????????A^??ro?D{??Mw??{o??jo? n=26 c=5 b=6 nu_cut=3 good=50 nongen=[] mism=0
U??F~z{~C???K?????@o?_???Lw?^O?^O?Mw?A}? n=22 c=4 b=5 nu_cut=3 good=38 nongen=[] mism=0
W????BZ^U{Zoxo~??W?C?K??@??A???????~??No?@}??Fw n=24 c=6 b=4 nu_cut=3 good=39 nongen=[] mism=0
W???Fzmvd{^OS??????_???@???[???Fw?@}??z_?B{??^_ n=24 c=5 b=5 nu_cut=3 good=47 nongen=[] mism=0
Y??????jq|U[\W\oS{FU?S?B???O??O?????A?????^_?@}??B{??B{? n=26 c=7 b=4 nu_cut=3 good=52 nongen=[] mism=0
W????ByZvU^_foro???_?W??O?CC??_????~??No?@}??Fw n=24 c=6 b=4 nu_cut=3 good=46 nongen=[] mism=0
W????Bxvfi\WZozO?W???C??O??K??_????~??No?@}??Fw n=24 c=6 b=4 nu_cut=3 good=46 nongen=[] mism=0
Y??F~z{~?GY?G????_@????????????E{?Ng?Bb_?VW?@yO??^_?AV_? n=26 c=4 b=7 nu_cut=3 good=45 nongen=[] mism=0
Y???B~{vfwZoG??_?O@G?G????????C???Av??^_?FU??Yw??ro??v_? n=26 c=5 b=6 nu_cut=3 good=45 nongen=[] mism=0
Y??????|blZSiwNoMkE{?W??@??O??O??@???O????^_?@}??B{??B{? n=26 c=7 b=4 nu_cut=3 good=50 nongen=[] mism=0
Y??????]X}Fwz_swQ{D{??G??_?@?????K??o?????^_?@}??B{??B{? n=26 c=7 b=4 nu_cut=3 good=45 nongen=[] mism=0
W????BtZvsZgzOuo??@??`??A??C?@C????~??No?@}??Fw n=24 c=6 b=4 nu_cut=3 good=44 nongen=[] mism=0
W??F~z{~?wC?O???G???????_???\g?Jw?Jk?@}??Fw?@y_ n=24 c=4 b=6 nu_cut=3 good=46 nongen=[] mism=0
W????Bm|R{XwmozOW??_?C??H??_???????~??No?@}??Fw n=24 c=6 b=4 nu_cut=3 good=46 nongen=[] mism=0
U??F~z{~??C?d?G??????`???Lw?No?^_?Lw?A}? n=22 c=4 b=5 nu_cut=3 good=38 nongen=[] mism=0
Y??????L}t]Sro\WW{Fp?A??G??Q??c??@????????^_?@}??B{??B{? n=26 c=7 b=4 nu_cut=3 good=50 nongen=[] mism=0
Y????Blmu{Rw|OnO??@A????A?B???C??A????Mw?@^??E{??NW??Fw? n=26 c=6 b=5 nu_cut=3 good=48 nongen=[] mism=0
U??F~z{~C?O???O?G????F???Fw?^_?Zo?Mw?B{? n=22 c=4 b=5 nu_cut=3 good=40 nongen=[] mism=0
U??F~z{~EG??G?C?C????C???No?No?^_?Mw?@}? n=22 c=4 b=5 nu_cut=3 good=35 nongen=[] mism=0
Y??F~z{~????J?????@g?A?????????Zg?LM?BL_?Uk?@tO?BR_?@x_? n=26 c=4 b=7 nu_cut=3 good=41 nongen=[] mism=0
Y???E~]|f[]oA?????BC?A??G????C????@v??v_?FU??]g??Zo??ro? n=26 c=5 b=6 nu_cut=3 good=49 nongen=[] mism=0
U??F~z{~???_C?@?A????i???No?Zo?^_?Jw?B]? n=22 c=4 b=5 nu_cut=3 good=35 nongen=[] mism=0
U???F^{}e{^_???_AO?c?a??????Fw?Fw?B{??~? n=22 c=5 b=4 nu_cut=3 good=38 nongen=[] mism=0
U??F~z{~????C?G?C??_?q???No?^_?No?Jw?Bm? n=22 c=4 b=5 nu_cut=3 good=40 nongen=[] mism=0
Y???B~{ne{ZoG??????c?G???????BO???BV??fo?B]??\o??|_??}_? n=26 c=5 b=6 nu_cut=3 good=52 nongen=[] mism=0
W???F^]~D{^_?_????AK??_@O??????F[?B{??z_?Fs??No n=24 c=5 b=5 nu_cut=3 good=45 nongen=[] mism=0
Y???Fnuvb{Zo??G?C????_????D???o???Bx??v_?FM??VW??n_??vO? n=26 c=5 b=6 nu_cut=3 good=48 nongen=[] mism=0
U??F~z{~E_C?G???@????A???Ng?]o?\o?Fw?@}? n=22 c=4 b=5 nu_cut=3 good=40 nongen=[] mism=0
U???Fvu~FkNo??A?A_?K?A??G???Fw?Fw?B{??~? n=22 c=5 b=4 nu_cut=3 good=40 nongen=[] mism=0
Y??F~z{~??????R???C?????c?C????Nc?JU?BN??^O?@Fo?Bi_?Bj?? n=26 c=4 b=7 nu_cut=3 good=50 nongen=[] mism=0
Y???E~u^d{]oF?G?O????G????C???????@z??lo?Bu??Tw??ro??^O? n=26 c=5 b=6 nu_cut=3 good=50 nongen=[] mism=0
W???D~{nfk^Oc?O??_A?????C?A????Fw?By??^_?Fw??]o n=24 c=5 b=5 nu_cut=3 good=42 nongen=[] mism=0
W???E}}zfw^Oh?H???A????@???????B{?A}??^_?Fs??\o n=24 c=5 b=5 nu_cut=3 good=45 nongen=[] mism=0
Y??F~z{~??I_d???@??????????????Uk?LY?A]_?Xw??xo?AN_?Af_? n=26 c=4 b=7 nu_cut=3 good=40 nongen=[] mism=0
Y??????uvb\cLwVo[kFw????A??P??C??A??GG????^_?@}??B{??B{? n=26 c=7 b=4 nu_cut=3 good=52 nongen=[] mism=0
Y???D}}~FsNo@?o_????????o?????G???Az??~??D]??\W??No??uo? n=26 c=5 b=6 nu_cut=3 good=49 nongen=[] mism=0
Y???Fv]~Fk]oG?G?@????O_?G??O??????BZ??}_?Dy??Mw??|_??zO? n=26 c=5 b=6 nu_cut=3 good=52 nongen=[] mism=0
Y????BuluyXwz_NoA???????B?@Q?????O????NW?@^??F[??Lw??NW? n=26 c=6 b=5 nu_cut=3 good=52 nongen=[] mism=0
W????BZxp}^GvO{o@?D?????C??W??G????~??No?@}??Fw n=24 c=6 b=4 nu_cut=3 good=44 nongen=[] mism=0
U???F^{|e{ZoG_??CO@?????S???Fw?Fw?B{??~? n=22 c=5 b=4 nu_cut=3 good=38 nongen=[] mism=0
Y??????Z\NNSewbw]WBu?@??W??G??G?A_????????^_?@}??B{??B{? n=26 c=7 b=4 nu_cut=3 good=52 nongen=[] mism=0
U??F~z{~@??_????C?Ao?@???Lw?]o?^O?NW?By? n=22 c=4 b=5 nu_cut=3 good=35 nongen=[] mism=0
Y??F~z{~??K_C?_???C??C?????????Ts?D{?A{_?\K?@po?Am_??^_? n=26 c=4 b=7 nu_cut=3 good=45 nongen=[] mism=0
W???Fzm^d{^_????O??C?H?AA??C???Fk?By??z_?B{??^_ n=24 c=5 b=5 nu_cut=3 good=45 nongen=[] mism=0
Y????BVvQ}[wn_joC??O?A????@??EC???????NW?@^??Fs??Ng??Jw? n=26 c=6 b=5 nu_cut=3 good=49 nongen=[] mism=0
Y??????e{^NoNo]WYsDr?GG@??A??CA?@?????????^_?@}??B{??B{? n=26 c=7 b=4 nu_cut=3 good=52 nongen=[] mism=0
W????@||fkXw]o|_@??E?GO?G??O???????~??No?@}??Fw n=24 c=6 b=4 nu_cut=3 good=46 nongen=[] mism=0
U???Fvu^b{\o_?_????W?_??Q???Fw?Fw?B{??~? n=22 c=5 b=4 nu_cut=3 good=40 nongen=[] mism=0
W??F~z{~????J?C??????_?AO???VW?Zg?Ng?Bm??Rw?@m_ n=24 c=4 b=6 nu_cut=3 good=46 nongen=[] mism=0
W??F~z{~Co????B?G?A?????????Fw?\g?F[?Az??Zg??v_ n=24 c=4 b=6 nu_cut=3 good=44 nongen=[] mism=0
W??F~z{~C???T???@????A?A????Mw?Yw?Jw?B]??^_??n_ n=24 c=4 b=6 nu_cut=3 good=40 nongen=[] mism=0
U???B}}|fk^OA?A?@????g?AA???Fw?Fw?B{??~? n=22 c=5 b=4 nu_cut=3 good=40 nongen=[] mism=0
U???Fz]~D{Zo__G???@??G_?A???Fw?Fw?B{??~? n=22 c=5 b=4 nu_cut=3 good=35 nongen=[] mism=0
W??F~z{~@_????e??_???@??????Lw?NW?NS?Bm??Lw?@y_ n=24 c=4 b=6 nu_cut=3 good=44 nongen=[] mism=0
U??F~z{~F?@???A????_?C???Jw?^O?No?Fw?A}? n=22 c=4 b=5 nu_cut=3 good=35 nongen=[] mism=0
W????@nttuUw|_zO???O?GO?G??K??O????~??No?@}??Fw n=24 c=6 b=4 nu_cut=3 good=46 nongen=[] mism=0
U??F~z{~C???_????_@o?@???Fw?]o?Vo?Ng?By? n=22 c=4 b=5 nu_cut=3 good=40 nongen=[] mism=0
W??F~z{~???_o?????@o????C???VW?Zo?Fs?Bx??NW?@N_ n=24 c=4 b=6 nu_cut=3 good=44 nongen=[] mism=0
W????@}ftmUwvO{oG?@A?O?AG????A?????~??No?@}??Fw n=24 c=6 b=4 nu_cut=3 good=40 nongen=[] mism=0
W????@}^Um^G{o}O?_???@??K?CC??O????~??No?@}??Fw n=24 c=6 b=4 nu_cut=3 good=39 nongen=[] mism=0
Y??????liz\gzOlgR[D\?O??O?A??@A??O??O?????^_?@}??B{??B{? n=26 c=7 b=4 nu_cut=3 good=50 nongen=[] mism=0
Y???Fn{^fs\o??a??_?G????w?????????A^??]o?F[??^G??uo??n_? n=26 c=5 b=6 nu_cut=3 good=52 nongen=[] mism=0
U??F~z{~CoG?O?@????G?????Fw?No?\o?Ng?Bm? n=22 c=4 b=5 nu_cut=3 good=35 nongen=[] mism=0
U???E~mnf[NoC?K?W??_?G??????Fw?Fw?B{??~? n=22 c=5 b=4 nu_cut=3 good=38 nongen=[] mism=0
Y????BuZtuVW{on_O????PO????i??????????Lw?@z??Fk??Lw??Ng? n=26 c=6 b=5 nu_cut=3 good=45 nongen=[] mism=0
U???B~]^d{\oP?_?H?C????A????Fw?Fw?B{??~? n=22 c=5 b=4 nu_cut=3 good=40 nongen=[] mism=0
W????Btur{^_]oVoO??K???A??C???W????~??No?@}??Fw n=24 c=6 b=4 nu_cut=3 good=46 nongen=[] mism=0
Y??????V^TRw[wjWRwDu?O??S?A?????A_??O?????^_?@}??B{??B{? n=26 c=7 b=4 nu_cut=3 good=52 nongen=[] mism=0
Y??F~z{~C?@???X?@?????????C????L[?FU?@m_?Tw?@f_?A{_?Au_? n=26 c=4 b=7 nu_cut=3 good=52 nongen=[] mism=0
Y???Fvy~FwZo??@_?_?C????C?????c???Bm??mo?Eu??ZW??No??^_? n=26 c=5 b=6 nu_cut=3 good=45 nongen=[] mism=0
W????@|]r{]WloxoO?C??B??W?C????????~??No?@}??Fw n=24 c=6 b=4 nu_cut=3 good=46 nongen=[] mism=0
Y???B~yzfw^_?_?????C??_???D_??_???A|??z_?Fw??]g??Zo??Vo? n=26 c=5 b=6 nu_cut=3 good=53 nongen=[] mism=0
U???D~]}fkZoG?I?C????A?B????Fw?Fw?B{??~? n=22 c=5 b=4 nu_cut=3 good=38 nongen=[] mism=0
Y??F~z{~?O@??????????w??o??????Xw?Ji?@|??\c?@io??|_?BM_? n=26 c=4 b=7 nu_cut=3 good=50 nongen=[] mism=0
Y????BmnTuZWuojo??A??H_???A???_?@?????Fw?@}??F[??Lw??Lw? n=26 c=6 b=5 nu_cut=3 good=48 nongen=[] mism=0
Y????BNvc}Vg^_n_CGA???????A?????@P????No?@n??Fs??No??Fw? n=26 c=6 b=5 nu_cut=3 good=46 nongen=[] mism=0
U??F~z{~@??_q?@??????G???Ng?Zo?]o?Jw?B]? n=22 c=4 b=5 nu_cut=3 good=40 nongen=[] mism=0
Y??F~z{~CW??C?C???A????@???????NK?Lq?@z??Xs??mo?@u_?AN_? n=26 c=4 b=7 nu_cut=3 good=45 nongen=[] mism=0
W???Fn]~B{NoH?A????O??????E_???Fw?@}??~??E{??]o n=24 c=5 b=5 nu_cut=3 good=42 nongen=[] mism=0
Y??????X}xT[foNWMwBt?_????C???c?@?_?_?????^_?@}??B{??B{? n=26 c=7 b=4 nu_cut=3 good=52 nongen=[] mism=0
W??F~z{~?gH_??????@?????_???NW?VW?Jk??~??Zo?@}? n=24 c=4 b=6 nu_cut=3 good=39 nongen=[] mism=0
W??F~z{~C?G?O????????_??[???Yw?Vo?B{?B{??Yw?@^? n=24 c=4 b=6 nu_cut=3 good=40 nongen=[] mism=0
U???B}}^e{\o_?C?O????c??c???Fw?Fw?B{??~? n=22 c=5 b=4 nu_cut=3 good=38 nongen=[] mism=0
Y????A^|feRw{ovO@o?Q?????????@???_????Fw?@^??F[??Fw??No? n=26 c=6 b=5 nu_cut=3 good=52 nongen=[] mism=0
W??F~z{~??O?C?_????_?R??????Zg?^G?B{?Bf??Zg??v_ n=24 c=4 b=6 nu_cut=3 good=46 nongen=[] mism=0
U???Fvynfk]o@?@????o?G_?C???Fw?Fw?B{??~? n=22 c=5 b=4 nu_cut=3 good=35 nongen=[] mism=0
W???Fz]}e{^_@??_?_????_?A?D????B{?@}??~??Fs??Zo n=24 c=5 b=5 nu_cut=3 good=36 nongen=[] mism=0
U???B|}zd{Zo??_?@OC??D?A????Fw?Fw?B{??~? n=22 c=5 b=4 nu_cut=3 good=40 nongen=[] mism=0
Y??F~z{~??@?Q??????????Ac?A????Ts?Ky??}_?Ys??yo?BN??Br?? n=26 c=4 b=7 nu_cut=3 good=52 nongen=[] mism=0
Y????@|{u]Uwmomo@_???O??C?A???G?@?????Fw?@}??Fw??Lw??Ng? n=26 c=6 b=5 nu_cut=3 good=46 nongen=[] mism=0
W??F~z{~EOC?????I?@?????????NW?[w?Fs?A^??Uw??^_ n=24 c=4 b=6 nu_cut=3 good=39 nongen=[] mism=0
Y????BxzfkNgrouo?_???@??J?C_??????????Mw?@v??E{??Ng??NW? n=26 c=6 b=5 nu_cut=3 good=52 nongen=[] mism=0
W??F~z{~??T?A??????????AS???Vo?]o?I{?Bm??Zg?@Z_ n=24 c=4 b=6 nu_cut=3 good=41 nongen=[] mism=0
W????A^^U]\grolo??@??G??Q??o?@?????~??No?@}??Fw n=24 c=6 b=4 nu_cut=3 good=46 nongen=[] mism=0
Y???Fn]}fk\oA????_???o??G?????W???BZ??|_?Fe??No??No??n_? n=26 c=5 b=6 nu_cut=3 good=52 nongen=[] mism=0
W????B{}euFwfoNoG?A????@???I??K????~??No?@}??Fw n=24 c=6 b=4 nu_cut=3 good=46 nongen=[] mism=0
W??F~z{~??G?e???K????G??????Tw?Zo?L[?Bt??\o?@N_ n=24 c=4 b=6 nu_cut=3 good=46 nongen=[] mism=0
Y??????^TxD{lo{oZKFi???AA??C??@??A_??G????^_?@}??B{??B{? n=26 c=7 b=4 nu_cut=3 good=47 nongen=[] mism=0
U??F~z{~DG??A???A??_?A???Lw?^O?^O?Fw?@}? n=22 c=4 b=5 nu_cut=3 good=35 nongen=[] mism=0
Y????AzVuuLwto}_C????`??_?AO?@????????NW??~??E{??Lw??Mw? n=26 c=6 b=5 nu_cut=3 good=48 nongen=[] mism=0
W???D~uvb{ZoO?G?@O@??O??_??????D{?B{??v_?F[??Vo n=24 c=5 b=5 nu_cut=3 good=42 nongen=[] mism=0
U???Fn{}f[\oC?A_???_?@??S???Fw?Fw?B{??~? n=22 c=5 b=4 nu_cut=3 good=38 nongen=[] mism=0
U???F^]}fs\o@_C?W??_?C??????Fw?Fw?B{??~? n=22 c=5 b=4 nu_cut=3 good=35 nongen=[] mism=0
W????A^}RuUw}_lo???G?@??C?@A?E?????~??No?@}??Fw n=24 c=6 b=4 nu_cut=3 good=40 nongen=[] mism=0
Y??????y[zUsVgVo]oEZ???AA?@???`??_??G?????^_?@}??B{??B{? n=26 c=7 b=4 nu_cut=3 good=52 nongen=[] mism=0
Y???Fv]vfwNo????CO@???_???@??CG???Av??ro?Bm??Zo??~???zO? n=26 c=5 b=6 nu_cut=3 good=52 nongen=[] mism=0
Y??F~z{~C???U?@??????@?A???????H{?D{?BX_?]o?@]O?@f_?BU_? n=26 c=4 b=7 nu_cut=3 good=52 nongen=[] mism=0
W??F~z{~C?A?C?_???AW????????\g?ZW?NS?Bj??Rw??|_ n=24 c=4 b=6 nu_cut=3 good=46 nongen=[] mism=0
Y??F~z{~?G??e?O??_?????@???????R[?Ls??v_?NW?@po?BM_?A]_? n=26 c=4 b=7 nu_cut=3 good=52 nongen=[] mism=0
U??F~z{~?G????s??_A_?????Ng?\o?Vo?Mw?@}? n=22 c=4 b=5 nu_cut=3 good=38 nongen=[] mism=0
Y????@nvU]^O~?vO?G?K?G??_?????A??_????Fw?@^??F[??No??No? n=26 c=6 b=5 nu_cut=3 good=44 nongen=[] mism=0
Y???Fzmvfw^O??G?C??????BA?????g???Az??uo?Fs??]o??zO??nO? n=26 c=5 b=6 nu_cut=3 good=49 nongen=[] mism=0
Y??F~z{~A???i?????A??@??C??????Mk?Fw?B[_?\S?@Lo?BR_??^_? n=26 c=4 b=7 nu_cut=3 good=52 nongen=[] mism=0
W???B~{nb{]ow????O??????A?C_???B{?Bm??^_?D{??^_ n=24 c=5 b=5 nu_cut=3 good=45 nongen=[] mism=0
U???B~y|d{Vo??H?G?A??@_@????Fw?Fw?B{??~? n=22 c=5 b=4 nu_cut=3 good=40 nongen=[] mism=0
W???Fz]^f[\o_????O????_A??@g???Fw?@}??~??Fs??No n=24 c=5 b=5 nu_cut=3 good=38 nongen=[] mism=0
W????A|fveLw}_NoG????O??S?A??CO????~??No?@}??Fw n=24 c=6 b=4 nu_cut=3 good=46 nongen=[] mism=0
U??F~z{~????A?A???D??w???Mw?^O?Zo?No?B{? n=22 c=4 b=5 nu_cut=3 good=38 nongen=[] mism=0
Y???Fnm}f[Vo??C????G?D?Ao?????????Br??xo?Du??\W??\o??No? n=26 c=5 b=6 nu_cut=3 good=52 nongen=[] mism=0
U???F\}^fk]oc?A_O?C??C??????Fw?Fw?B{??~? n=22 c=5 b=4 nu_cut=3 good=34 nongen=[] mism=0
W??F~z{~??A???q?A?@?????_???Xw?^G?Lw?Av??\W?@t_ n=24 c=4 b=6 nu_cut=3 good=40 nongen=[] mism=0
U???E|}~D{VoO?O????W?O?AO???Fw?Fw?B{??~? n=22 c=5 b=4 nu_cut=3 good=40 nongen=[] mism=0
W??F~z{~?O????k????G?A??C???[w?Ng?Nc?@|??\o?@V_ n=24 c=4 b=6 nu_cut=3 good=40 nongen=[] mism=0
Y??F~z{~EO?_???????g???????_???F[?D{?@t_?]o?@Xo?@{_?Bh_? n=26 c=4 b=7 nu_cut=3 good=52 nongen=[] mism=0
W???Fx}^f[Zo_?C_O??????A??AG???E{?Bm??n_?E{??^_ n=24 c=5 b=5 nu_cut=3 good=43 nongen=[] mism=0
Y??????RxnJsVo|G[[Fd????G??O?@G??G??c?????^_?@}??B{??B{? n=26 c=7 b=4 nu_cut=3 good=45 nongen=[] mism=0
U??F~z{~@O??????T??G?@???Fw?\o?]o?NW?@}? n=22 c=4 b=5 nu_cut=3 good=38 nongen=[] mism=0
Y???B~y^fw\o_???W_C?????A?????C????~??^_?Em??Yw??fo??yo? n=26 c=5 b=6 nu_cut=3 good=52 nongen=[] mism=0
U??F~z{~?O??A???W_E??????Jw?]o?^O?Fw?Bu? n=22 c=4 b=5 nu_cut=3 good=38 nongen=[] mism=0
Y???Fzy|d{VoO?@_??A??A??G????A????Bt??fo?Fk??Zo??yo??No? n=26 c=5 b=6 nu_cut=3 good=52 nongen=[] mism=0
U???Fnmzfw^OO_`?A????C??O???Fw?Fw?B{??~? n=22 c=5 b=4 nu_cut=3 good=40 nongen=[] mism=0
U???F\}|fw^_?_??B??C?g??A???Fw?Fw?B{??~? n=22 c=5 b=4 nu_cut=3 good=40 nongen=[] mism=0
Y???Fvuvfs\o??R????_????q?????????An??}_?Du??^G??ro??lo? n=26 c=5 b=6 nu_cut=3 good=46 nongen=[] mism=0
W??F~z{~?G????q??_@??G??????No?\g?M[?@z??Ng?@r_ n=24 c=4 b=6 nu_cut=3 good=40 nongen=[] mism=0
W???F^{^d{ZoH_??A????C??g??????E{?@}??|_?Fs??No n=24 c=5 b=5 nu_cut=3 good=45 nongen=[] mism=0
Y???Fl}vfw^O@_??O??????A?????@S???BZ??^_?@}??Rw??v_??|_? n=26 c=5 b=6 nu_cut=3 good=47 nongen=[] mism=0
U??F~z{~E???????A??_?p???Fw?Vo?Zo?No?B{? n=22 c=4 b=5 nu_cut=3 good=38 nongen=[] mism=0
U???E}}vfw^OH???C????H?@G???Fw?Fw?B{??~? n=22 c=5 b=4 nu_cut=3 good=38 nongen=[] mism=0
Y??????VnwLw}_Rw[[Dm??G??????C@??D??_G????^_?@}??B{??B{? n=26 c=7 b=4 nu_cut=3 good=50 nongen=[] mism=0
W????@nnQ}XwZo}_CO???C?AC??_??_????~??No?@}??Fw n=24 c=6 b=4 nu_cut=3 good=40 nongen=[] mism=0
Y??????|TlRkxgmgFwFM?AG???A???a?@???O?????^_?@}??B{??B{? n=26 c=7 b=4 nu_cut=3 good=45 nongen=[] mism=0
U???D|}^fsVo??o?O?E??@_?????Fw?Fw?B{??~? n=22 c=5 b=4 nu_cut=3 good=38 nongen=[] mism=0
Y????A}|R]YwZoloO??_?_??O????BO???????Ng?@|??Fw??Jw??Mw? n=26 c=6 b=5 nu_cut=3 good=49 nongen=[] mism=0
W????A}zTu]o\oloG??Q?O?@??????c????~??No?@}??Fw n=24 c=6 b=4 nu_cut=3 good=40 nongen=[] mism=0
U??F~z{~C???S?????BG?_???Lw?^O?\o?Ng?Bu? n=22 c=4 b=5 nu_cut=3 good=38 nongen=[] mism=0
Y??????s|\Jsfo~?LkEx?S??@?@??@???`????????^_?@}??B{??B{? n=26 c=7 b=4 nu_cut=3 good=50 nongen=[] mism=0
Y??????NnYY[jWjoJwD{??GB???@??@?@_????????^_?@}??B{??B{? n=26 c=7 b=4 nu_cut=3 good=52 nongen=[] mism=0
Y??F~z{~????O?????EO???AS??????\W?Na?Bk_?Rw??|O?Bi_?@V_? n=26 c=4 b=7 nu_cut=3 good=47 nongen=[] mism=0
U???Fzyvfw]oA_???O???A_@_???Fw?Fw?B{??~? n=22 c=5 b=4 nu_cut=3 good=38 nongen=[] mism=0
U???B~mvf[^OC?C?G_D?????O???Fw?Fw?B{??~? n=22 c=5 b=4 nu_cut=3 good=40 nongen=[] mism=0
U???Fnynd{^_??A?G?AO?O??S???Fw?Fw?B{??~? n=22 c=5 b=4 nu_cut=3 good=38 nongen=[] mism=0
W??F~z{~????K???H_@??C??????Zg?Rw?Fk?Bf??Uw?@y_ n=24 c=4 b=6 nu_cut=3 good=46 nongen=[] mism=0
U???Fv]zfsZoP?K???@?????o???Fw?Fw?B{??~? n=22 c=5 b=4 nu_cut=3 good=34 nongen=[] mism=0
Y???Fzmzfw]o??C?A??_????M?A???????Bx??yo?Ey??\g??]o??jo? n=26 c=5 b=6 nu_cut=3 good=38 nongen=[] mism=0
U??F~z{~??O?A?T?O????A???Lw?\o?No?Jw?Bm? n=22 c=4 b=5 nu_cut=3 good=40 nongen=[] mism=0
U???Fn{}d{VoO?O?G?D??E??????Fw?Fw?B{??~? n=22 c=5 b=4 nu_cut=3 good=40 nongen=[] mism=0
Y???Fz]~D{Zo?_G?C??C???????S?@????BN??jo?D{??Jw??~???zO? n=26 c=5 b=6 nu_cut=3 good=46 nongen=[] mism=0
U??F~z{~?o[???E??????????Mw?Vo?No?Jw?By? n=22 c=4 b=5 nu_cut=3 good=40 nongen=[] mism=0
Y??F~z{~??????O???E??_??s??????]K?NW?BU_?H{?@|???|_?Bi_? n=26 c=4 b=7 nu_cut=3 good=52 nongen=[] mism=0
W???B|}}f[]oH???O????_?A??AO???E{?B{??^_?Fk??No n=24 c=5 b=5 nu_cut=3 good=47 nongen=[] mism=0
Y??????ymr[kqwNWFwCz??_?Q?D???_??????_????^_?@}??B{??B{? n=26 c=7 b=4 nu_cut=3 good=50 nongen=[] mism=0
W??F~z{~????J???P_C?????????]W?Zo?L[?@|??Zg?@r_ n=24 c=4 b=6 nu_cut=3 good=41 nongen=[] mism=0
W???Fy}^fsVoD?????CC?O?@??A????Fs?B{??z_?B{??^O n=24 c=5 b=5 nu_cut=3 good=43 nongen=[] mism=0
U??F~z{~?GR?O????_???O???No?Vo?^_?Ng?A}? n=22 c=4 b=5 nu_cut=3 good=35 nongen=[] mism=0
Y??????Zk|Fkz_^OF[Fe?_?A??C??AG?????OG????^_?@}??B{??B{? n=26 c=7 b=4 nu_cut=3 good=52 nongen=[] mism=0
Y???Fu}^b{^_??_?O????_??A??k??????@|??zO?Dm??]g??to??uo? n=26 c=5 b=6 nu_cut=3 good=48 nongen=[] mism=0
Y??F~z{~C?L???_??????K?????????Ys?By?Al_?Ng??\o?Al_?Bt?? n=26 c=4 b=7 nu_cut=3 good=50 nongen=[] mism=0
Y???F^]zb{Vo??O???A??C??O????@W???BV??z_?Dy??Yw??}_??^_? n=26 c=5 b=6 nu_cut=3 good=54 nongen=[] mism=0
W??F~z{~??O???_?G?@g???@????^G?]g?Mk?Bm??Uw?@\_ n=24 c=4 b=6 nu_cut=3 good=46 nongen=[] mism=0
W???D}}^fk^_P???BOA???????A????F[?@}??v_?Fk??Zo n=24 c=5 b=5 nu_cut=3 good=46 nongen=[] mism=0
U???B~unfsNo??K?O?CO?A?A????Fw?Fw?B{??~? n=22 c=5 b=4 nu_cut=3 good=38 nongen=[] mism=0
U??F~z{~CWK?O????????G???Jw?\o?No?Lw?@}? n=22 c=4 b=5 nu_cut=3 good=40 nongen=[] mism=0
W??F~z{~CG??M?????C?????C???Yw?Jw?Jw?@^??^G?@v? n=24 c=4 b=6 nu_cut=3 good=46 nongen=[] mism=0
Y????B]Vu{Vgyo}_?????G?A@?@??@???Q????Ng?@n??Fk??No??Mw? n=26 c=6 b=5 nu_cut=3 good=48 nongen=[] mism=0
Y??F~z{~C????????_B_?@????C????]K?Em?By??Ng?@n??Av??@Z_? n=26 c=4 b=7 nu_cut=3 good=45 nongen=[] mism=0
W???Fy}}b{^_??O_?O???I?@???C???Fw?B]??n_?Fk??\o n=24 c=5 b=5 nu_cut=3 good=45 nongen=[] mism=0
W??F~z{~@?C???@???EO????C???VW?\W?M[??~??]W?@^? n=24 c=4 b=6 nu_cut=3 good=40 nongen=[] mism=0
W????Brur]^OVoZoO????_??c?C???a????~??No?@}??Fw n=24 c=6 b=4 nu_cut=3 good=40 nongen=[] mism=0
W??F~z{~A_??@??????G???BG???Lw?^O?L[?@z??Vo?@}? n=24 c=4 b=6 nu_cut=3 good=44 nongen=[] mism=0
Y??F~z{~??@?@?B????????Ao??????\c?Dm?BM_?\S?@ZO?@z???v_? n=26 c=4 b=7 nu_cut=3 good=52 nongen=[] mism=0
Y??F~z{~?_??????K_C???????C_???Js?Je?BV??[w?@xO?@v??Ax_? n=26 c=4 b=7 nu_cut=3 good=52 nongen=[] mism=0
U???Fy}|fkVoO???AO?W?O?@????Fw?Fw?B{??~? n=22 c=5 b=4 nu_cut=3 good=35 nongen=[] mism=0
Y????@|VvUMwxov_O???????K?@O?C??A?????NW?@^??B{??Mw??No? n=26 c=6 b=5 nu_cut=3 good=54 nongen=[] mism=0
Y????Bmmt]VW}_VoG????O?@??C??????s????Jw?@}??B{??NW??No? n=26 c=6 b=5 nu_cut=3 good=48 nongen=[] mism=0
W??F~z{~??A???B????_?w??????[w?^G?D{?B{??Tw?@m_ n=24 c=4 b=6 nu_cut=3 good=44 nongen=[] mism=0
Y???B}}^fsZo@???X???????a?????G???B\??]o?Fw??NW??fo??v_? n=26 c=5 b=6 nu_cut=3 good=49 nongen=[] mism=0
U??F~z{~AWA???G???@??C???NW?No?^_?Fw?By? n=22 c=4 b=5 nu_cut=3 good=40 nongen=[] mism=0
Y??F~z{~??G?k?@?G??????????G???Rk?NW?BM_?Xk?@Xo??}_?B\?? n=26 c=4 b=7 nu_cut=3 good=52 nongen=[] mism=0
Y????A}{rm^_}_nO???G???@A??G????@B????Lw?@}??B{??Mw??No? n=26 c=6 b=5 nu_cut=3 good=48 nongen=[] mism=0
Y??F~z{~C?@?A???O??????@S??????Fw?JM?@u_?[s?@lO?@]_?Bp_? n=26 c=4 b=7 nu_cut=3 good=45 nongen=[] mism=0
Y???Fv]~Fs]o_?Q_?????@?????G??G???Bx??jo?Du??No??n_??|O? n=26 c=5 b=6 nu_cut=3 good=53 nongen=[] mism=0
W???E~u}d{^OO?G?G???????[?@????Fs?By??^_?E{??Vo n=24 c=5 b=5 nu_cut=3 good=43 nongen=[] mism=0
W????Bfuve]gzO~??g?S??_?A?????O????~??No?@}??Fw n=24 c=6 b=4 nu_cut=3 good=44 nongen=[] mism=0
W??F~z{~?O????L?@?A??O??????Yw?Xw?NW?Bl??\W??z_ n=24 c=4 b=6 nu_cut=3 good=40 nongen=[] mism=0
W????BVVt{^G}Ov_C??I?G????AC?@?????~??No?@}??Fw n=24 c=6 b=4 nu_cut=3 good=46 nongen=[] mism=0
U???F^{|d{Vo__O?G?A??H??????Fw?Fw?B{??~? n=22 c=5 b=4 nu_cut=3 good=40 nongen=[] mism=0
U??F~z{~?O??G?T?D????????Mw?]o?No?Lw?Bm? n=22 c=4 b=5 nu_cut=3 good=40 nongen=[] mism=0
Y????Bm{ru\o}_to?g?A?@???????CG??@????Mw?@z??D{??Fw??Ng? n=26 c=6 b=5 nu_cut=3 good=49 nongen=[] mism=0
U??F~z{~Co??????C??g?G???Fw?No?^O?Jw?Bm? n=22 c=4 b=5 nu_cut=3 good=38 nongen=[] mism=0
Y???Ft}^e{^O??O????G???AW??G??G???Az??{o?E]??]g??zO??}_? n=26 c=5 b=6 nu_cut=3 good=49 nongen=[] mism=0
Y???D~m~D{^_??O_?????O?A???C?AC???A}??|O?F[??Vo??yo??vO? n=26 c=5 b=6 nu_cut=3 good=48 nongen=[] mism=0
W???Fvm}fk^_G????_?G?s?????G???E{?Bu??^_?Fk??\o n=24 c=5 b=5 nu_cut=3 good=46 nongen=[] mism=0
U???F\}}d{No_?H?G_C??_??????Fw?Fw?B{??~? n=22 c=5 b=4 nu_cut=3 good=40 nongen=[] mism=0
Y??????\qzLwlWrgW{Bf?g??G?????O??__?A?????^_?@}??B{??B{? n=26 c=7 b=4 nu_cut=3 good=45 nongen=[] mism=0
Y???D~y}b{\o_?@??_???@?A??AC??????@z??\o?By??Zg??mo??mo? n=26 c=5 b=6 nu_cut=3 good=45 nongen=[] mism=0
Y??F~z{~??Q?[????_?????????G???]K?JM?BV??Uw??fo?BM_?AZ_? n=26 c=4 b=7 nu_cut=3 good=44 nongen=[] mism=0
W???Fnuzb{Vo??g?@??O?A??O??_???Fk?B{??^_?D{??^_ n=24 c=5 b=5 nu_cut=3 good=40 nongen=[] mism=0
W??F~z{~????C?C??????Y??K???Zg?^O?Lw?Bl??Mw??}_ n=24 c=4 b=6 nu_cut=3 good=44 nongen=[] mism=0
W??F~z{~??B_??a?C???????_???Vo?Rw?Mw?Br??Vg?@v? n=24 c=4 b=6 nu_cut=3 good=39 nongen=[] mism=0
U???F^]vd{^O??G???CG?K??o???Fw?Fw?B{??~? n=22 c=5 b=4 nu_cut=3 good=38 nongen=[] mism=0
U???F^m~E{ZoW?C?A??W????O???Fw?Fw?B{??~? n=22 c=5 b=4 nu_cut=3 good=35 nongen=[] mism=0
Y????Azzf[^Gto\o?????@????Ca??O??K????Jw?@}??Fs??NW??NW? n=26 c=6 b=5 nu_cut=3 good=54 nongen=[] mism=0
Y????Bx~FwNWrov_?O?A?`?????A??A??A????Mw?@}??B{??Lw??Jw? n=26 c=6 b=5 nu_cut=3 good=52 nongen=[] mism=0
Y??????uvdZcv_ZWQ{Fd??o?_?@???H?????G?????^_?@}??B{??B{? n=26 c=7 b=4 nu_cut=3 good=45 nongen=[] mism=0
W????By^c}NW}Oz_?_?E?@??C??a???????~??No?@}??Fw n=24 c=6 b=4 nu_cut=3 good=46 nongen=[] mism=0
Y??F~z{~C?G?M?O???????????C????Tk?H{?BL_?Js??jo?Bx??Af_? n=26 c=4 b=7 nu_cut=3 good=52 nongen=[] mism=0
W?????~NvU]W}_\o@_???_?A??C???Q????~??No?@}??Fw n=24 c=6 b=4 nu_cut=3 good=40 nongen=[] mism=0
Y??F~z{~??C???U????G????_??G???L[?Hu?Bb_?R[?@V_?Bm??BY_? n=26 c=4 b=7 nu_cut=3 good=45 nongen=[] mism=0
Y?????~\u]VWz_]oO??Q?_???????B??A?????Jw?@n??F[??Lw??Ng? n=26 c=6 b=5 nu_cut=3 good=50 nongen=[] mism=0
Y???F^y|f[Zo??A?A????C?????o?@G???A}??Zo?Fw??Yw??Zo??vO? n=26 c=5 b=6 nu_cut=3 good=52 nongen=[] mism=0
Y????BlzeuNWn_Zo?????_????@a?AG?A?????Lw?@z??D{??NW??Ng? n=26 c=6 b=5 nu_cut=3 good=48 nongen=[] mism=0
W??F~z{~@WG?O???A????C??????\o?Zg?NK?@n??Fw??|_ n=24 c=4 b=6 nu_cut=3 good=46 nongen=[] mism=0
W???Fny~FsZoH??_???????@o??C???B{?By??}_?D{??Zo n=24 c=5 b=5 nu_cut=3 good=40 nongen=[] mism=0
Y???Ft}|fwZoG?A??????G????EC??O???@|??to?Ey??]g??|_??n_? n=26 c=5 b=6 nu_cut=3 good=48 nongen=[] mism=0
W???B~{vd{Zoc_I?C????G?????????D{?@}??^_?Fk??^O n=24 c=5 b=5 nu_cut=3 good=46 nongen=[] mism=0
U???D~m}b{^O??D????g?@?@G???Fw?Fw?B{??~? n=22 c=5 b=4 nu_cut=3 good=38 nongen=[] mism=0
Y??????]XvVoyWMwNcCn???@A?AC????@???`?????^_?@}??B{??B{? n=26 c=7 b=4 nu_cut=3 good=43 nongen=[] mism=0
W??F~z{~?GC?????Y?@??@??????Mw?Ng?Ms?Bj??]g?@Z_ n=24 c=4 b=6 nu_cut=3 good=40 nongen=[] mism=0
W????BNnd][w\o\o@????A??o??_??o????~??No?@}??Fw n=24 c=6 b=4 nu_cut=3 good=41 nongen=[] mism=0
Y????BtNvk\W^_Zo@??O???A??C??C???Q????No?@|??Fk??Fw??Lw? n=26 c=6 b=5 nu_cut=3 good=52 nongen=[] mism=0
W????AnVru\orotoA?CO????`??_??_????~??No?@}??Fw n=24 c=6 b=4 nu_cut=3 good=40 nongen=[] mism=0
U???Fn{zb{\oC?I?@O?_????O???Fw?Fw?B{??~? n=22 c=5 b=4 nu_cut=3 good=40 nongen=[] mism=0
Y??F~z{~??O?????O?B????????w???R[?J[?@{_?[w?@\_?Ax_?BV?? n=26 c=4 b=7 nu_cut=3 good=44 nongen=[] mism=0
Y??F~z{~C???_?L?@???????G??????U[?NS?Bd_?\c??nO??n_?@N_? n=26 c=4 b=7 nu_cut=3 good=52 nongen=[] mism=0
W???Fm}nfsNoX?????EC????O??????Fw?@}??^_?F[??\o n=24 c=5 b=5 nu_cut=3 good=41 nongen=[] mism=0
Y???E~]nfk^_W?G?G?????????@g??????A|??mo?By??Ng??fo??yo? n=26 c=5 b=6 nu_cut=3 good=48 nongen=[] mism=0
U???F\}^f[^__?K?O?C?????W???Fw?Fw?B{??~? n=22 c=5 b=4 nu_cut=3 good=40 nongen=[] mism=0
Y??????T}VRwjgnORkFq?O?@??A??@C??????g????^_?@}??B{??B{? n=26 c=7 b=4 nu_cut=3 good=45 nongen=[] mism=0
W????A^]tmYw^_|_?g@O????g??O???????~??No?@}??Fw n=24 c=6 b=4 nu_cut=3 good=44 nongen=[] mism=0
Y??F~z{~A?G?????F????_?A???????D{?Ng?@t_?Uk??ro?BV??Bw_? n=26 c=4 b=7 nu_cut=3 good=52 nongen=[] mism=0
Y??F~z{~A?@?d??????????@G??????B{?J[?BT_?Ls?@lO?Aj_?BM_? n=26 c=4 b=7 nu_cut=3 good=52 nongen=[] mism=0
W????@v}R{YwnOxo?????A_?G?B???S????~??No?@}??Fw n=24 c=6 b=4 nu_cut=3 good=44 nongen=[] mism=0
Y???B~une{]o????K_???C???????AS???B]??|_?D{??\g??uo??fo? n=26 c=5 b=6 nu_cut=3 good=46 nongen=[] mism=0
Y??????nMx\gTwzOZWC^?OG?_??E?@??????G?????^_?@}??B{??B{? n=26 c=7 b=4 nu_cut=3 good=45 nongen=[] mism=0
Y????A^zR]\gnOVoA????G??O?@???_?@A????Mw?@n??Fs??No??Mw? n=26 c=6 b=5 nu_cut=3 good=44 nongen=[] mism=0
U???Fu}|e{]oA?@_K??O?A??????Fw?Fw?B{??~? n=22 c=5 b=4 nu_cut=3 good=40 nongen=[] mism=0
W????Bu^fM\Wn_Vo@_??????P??A??a????~??No?@}??Fw n=24 c=6 b=4 nu_cut=3 good=44 nongen=[] mism=0
U??F~z{~@?Q_O?O??????G???Ng?^_?Vo?No?A}? n=22 c=4 b=5 nu_cut=3 good=35 nongen=[] mism=0
U??F~z{~BO??@?@?K????????Mw?]o?No?Fw?By? n=22 c=4 b=5 nu_cut=3 good=38 nongen=[] mism=0
U??F~z{~???_[?????C_?@???Lw?No?Zo?Ng?A}? n=22 c=4 b=5 nu_cut=3 good=38 nongen=[] mism=0
Y????Bj]p}No{oz_??CO?C??C??_??G??C????Jw?@v??B{??Jw??Lw? n=26 c=6 b=5 nu_cut=3 good=47 nongen=[] mism=0
W??F~z{~??O?O?F?O????O??????\g?Uw?M[?A}??Jw?@v? n=24 c=4 b=6 nu_cut=3 good=46 nongen=[] mism=0
W??F~z{~????@???F????_?AC???Mw?Xw?Fk?Bu??]g?@n? n=24 c=4 b=6 nu_cut=3 good=46 nongen=[] mism=0
Y???F^uzd{VoC???@??_????G?B???_???BZ??]o?D{??\o??|O??|O? n=26 c=5 b=6 nu_cut=3 good=48 nongen=[] mism=0
W????By|fY]gjo|_AG?W????@??A??_????~??No?@}??Fw n=24 c=6 b=4 nu_cut=3 good=39 nongen=[] mism=0
Y??F~z{~??G?i?O??????@?????G???Zg?Jw?Aj_?J[?@eo?Ar_?A]_? n=26 c=4 b=7 nu_cut=3 good=45 nongen=[] mism=0
Y??????|dfZojW{oFsC|??O?@????AG?@_???O????^_?@}??B{??B{? n=26 c=7 b=4 nu_cut=3 good=52 nongen=[] mism=0
Y??????]Zu^Opw}GD{Fi??_A@??G??G??C???_????^_?@}??B{??B{? n=26 c=7 b=4 nu_cut=3 good=50 nongen=[] mism=0
Y????@^jvk]g]oNo???_?_?A??C??@E???????Ng?@}??E{??Ng??Lw? n=26 c=6 b=5 nu_cut=3 good=49 nongen=[] mism=0
W???Fz{vfs]o???_?O????_BC??_???F[?B]??}_?Fs??Vo n=24 c=5 b=5 nu_cut=3 good=46 nongen=[] mism=0
Y??????^K|^OhwjWS{B{???@???D??Q?@???O?????^_?@}??B{??B{? n=26 c=7 b=4 nu_cut=3 good=45 nongen=[] mism=0
Y??????Rx|]clW|ONKEV??_?A????A_??K???_????^_?@}??B{??B{? n=26 c=7 b=4 nu_cut=3 good=52 nongen=[] mism=0
Y????BV^c}Jw{ozOK??k??????C??C????????NW?@v??D{??Jw??Fw? n=26 c=6 b=5 nu_cut=3 good=46 nongen=[] mism=0
U???Fv]|f[ZoS?G?AO???G??_???Fw?Fw?B{??~? n=22 c=5 b=4 nu_cut=3 good=40 nongen=[] mism=0
Y???Fzm}fk^_?___?O???F????????????Av??uo?Fe??Zg??No??|_? n=26 c=5 b=6 nu_cut=3 good=53 nongen=[] mism=0
W???Fy}}f[Zog_??A?B??C?????????F[?By??^_?B{??^_ n=24 c=5 b=5 nu_cut=3 good=45 nongen=[] mism=0
Y???Fvm~D{\oO???A??????@???k??_???By??fo?Fi??Jw??^O??vO? n=26 c=5 b=6 nu_cut=3 good=48 nongen=[] mism=0
W???F^]zfkNoG_C????O????O??o???B{?B]??~??D{??\o n=24 c=5 b=5 nu_cut=3 good=45 nongen=[] mism=0
Y??F~z{~?_??G???A?EG??????@????\S?Du?@{_?ZW?@\_?Bb_?Be_? n=26 c=4 b=7 nu_cut=3 good=52 nongen=[] mism=0
Y??F~z{~???_??????DO?C?????g???P{?NE?A|??U[??~??Az??BX_? n=26 c=4 b=7 nu_cut=3 good=45 nongen=[] mism=0
W????@n^fw\WvOn_G_????O?@?CC??A????~??No?@}??Fw n=24 c=6 b=4 nu_cut=3 good=46 nongen=[] mism=0
U???D}}~Fk\o`?A?G?AO?O??????Fw?Fw?B{??~? n=22 c=5 b=4 nu_cut=3 good=38 nongen=[] mism=0
W???Fzyvfw]o??A???DO??_?A??C???Fw?Bm??v_?F[??^_ n=24 c=5 b=5 nu_cut=3 good=42 nongen=[] mism=0
Y??F~z{~??S_????@??O????o??????[s?J[?@u_?Tw?@Uo?By??AZ_? n=26 c=4 b=7 nu_cut=3 good=50 nongen=[] mism=0
W????Bm{ry^Oz_nOA?AC??O?@??A??_????~??No?@}??Fw n=24 c=6 b=4 nu_cut=3 good=44 nongen=[] mism=0
W???Fy}^f[^_?_???O???d??_??C???Fk?B{??n_?F[??]o n=24 c=5 b=5 nu_cut=3 good=46 nongen=[] mism=0
W???E~{nfwVoO?O??????B????@c???Fw?Bu??v_?Fw??^O n=24 c=5 b=5 nu_cut=3 good=42 nongen=[] mism=0
W????B]vTmNgNon_G?@A?O????A???S????~??No?@}??Fw n=24 c=6 b=4 nu_cut=3 good=46 nongen=[] mism=0
W??F~z{~??A?O???A?DO?O??????Yw?Tw?Ls?BZ??]W?@\_ n=24 c=4 b=6 nu_cut=3 good=40 nongen=[] mism=0
Y??F~z{~CgG???????A????????o???NW?D{?Bb_?Xw?@{O??^_??|_? n=26 c=4 b=7 nu_cut=3 good=50 nongen=[] mism=0
Y????@^uvsZWnOzO???C?HO???A_??C???????NW?@n??D{??Lw??Jw? n=26 c=6 b=5 nu_cut=3 good=43 nongen=[] mism=0
U??F~z{~??G?P???T??G?????NW?]o?^O?Ng?B]? n=22 c=4 b=5 nu_cut=3 good=35 nongen=[] mism=0
W??F~z{~??S?G????????_??[???]W?No?Js?An??Zo?@}? n=24 c=4 b=6 nu_cut=3 good=46 nongen=[] mism=0
Y??F~z{~A?????????DO?O??C??G???^O?Du?BL_?Us?@so?@r_?Bj?? n=26 c=4 b=7 nu_cut=3 good=52 nongen=[] mism=0
Y????@}tr{Zg}OzO?G?E????A??C?@O???????NW?@|??Fs??No??Jw? n=26 c=6 b=5 nu_cut=3 good=52 nongen=[] mism=0
U???E}}nfs]oO?P?Q??????@C???Fw?Fw?B{??~? n=22 c=5 b=4 nu_cut=3 good=38 nongen=[] mism=0
Y????BmvRy\gNoxo?O???E?A_??C?????A????Mw?@z??D{??Ng??Lw? n=26 c=6 b=5 nu_cut=3 good=48 nongen=[] mism=0
U??F~z{~C?F?O?????C??O???Jw?Vo?^_?NW?B{? n=22 c=4 b=5 nu_cut=3 good=35 nongen=[] mism=0
U??F~z{~??C?q?G??????B???No?No?Zo?Ng?B]? n=22 c=4 b=5 nu_cut=3 good=38 nongen=[] mism=0
Y??????xnbZSygVoZW@n?@?????`??G?A_??@?????^_?@}??B{??B{? n=26 c=7 b=4 nu_cut=3 good=52 nongen=[] mism=0
Y????BNlryVW\o^_???C?_????C???w?A?????Lw?@|??F[??Ng??NW? n=26 c=6 b=5 nu_cut=3 good=53 nongen=[] mism=0
W????Bmtry\g|On_@??C??_?G??C?D?????~??No?@}??Fw n=24 c=6 b=4 nu_cut=3 good=44 nongen=[] mism=0
W???Fm}nb{^O_???G?A??_?@???W???E{?@}??z_?Fw??Vo n=24 c=5 b=5 nu_cut=3 good=45 nongen=[] mism=0
Y??????x]lUsww^_R[@}?A????C@?AA??G??A?????^_?@}??B{??B{? n=26 c=7 b=4 nu_cut=3 good=52 nongen=[] mism=0
Y???Fvu~Fs\o???????C?d??C??G??C???Bu??|O?Ey??Zo??xo??}_? n=26 c=5 b=6 nu_cut=3 good=46 nongen=[] mism=0
W???E|}^fw]ok?????C??_?@G??????Fk?By??^_?Fw??No n=24 c=5 b=5 nu_cut=3 good=45 nongen=[] mism=0
W??F~z{~??@???g?@????s??????Xw?Tw?No?B\??]g?@^? n=24 c=4 b=6 nu_cut=3 good=44 nongen=[] mism=0
Y???D|}}e{No??G???EG??????@c??????Bl??nO?FY??Xw??uo??mo? n=26 c=5 b=6 nu_cut=3 good=46 nongen=[] mism=0
W???B~u~D{^_?_J??????A??A??C???Fk?A}??|_?D{??^_ n=24 c=5 b=5 nu_cut=3 good=41 nongen=[] mism=0
U???B|}ne{^_??H?O?CC?__?????Fw?Fw?B{??~? n=22 c=5 b=4 nu_cut=3 good=38 nongen=[] mism=0
W???Fl}vfs^_c_a??_?G???????????B{?By??^_?Fk??Vo n=24 c=5 b=5 nu_cut=3 good=45 nongen=[] mism=0
Y????A|zVMZov_^_??EC????@??A??O??@????Jw?@}??Fw??Lw??Jw? n=26 c=6 b=5 nu_cut=3 good=49 nongen=[] mism=0
W????@n~FY^GNoVo?OC_??_?A????CG????~??No?@}??Fw n=24 c=6 b=4 nu_cut=3 good=46 nongen=[] mism=0
Y???Fn]vd{VoI?a?G??????@??A???????A|??Zo?Du??Ng??uo??vO? n=26 c=5 b=6 nu_cut=3 good=44 nongen=[] mism=0
U???D~yne{NoD?O?G??S???@????Fw?Fw?B{??~? n=22 c=5 b=4 nu_cut=3 good=40 nongen=[] mism=0
Y????BZytyNotouo???K????_?@??????s????No?@^??Fw??Fw??Mw? n=26 c=6 b=5 nu_cut=3 good=52 nongen=[] mism=0
Y??F~z{~@???U?@???????????@G???W{?Ls?@Z_?D{??lo?Br??Bu?? n=26 c=4 b=7 nu_cut=3 good=52 nongen=[] mism=0
W???D~]zb{]oO???O????I_@??C????D{?Bu??^_?Fk??Zo n=24 c=5 b=5 nu_cut=3 good=47 nongen=[] mism=0
W????Bjne]Jw^_uoC?@??c??_????AG????~??No?@}??Fw n=24 c=6 b=4 nu_cut=3 good=46 nongen=[] mism=0
W????@vyvw^OnOvO?O???c??A??C?@G????~??No?@}??Fw n=24 c=6 b=4 nu_cut=3 good=46 nongen=[] mism=0
Y??????r]{Ts}G|GVWA}??O?@??A?????__?G_????^_?@}??B{??B{? n=26 c=7 b=4 nu_cut=3 good=52 nongen=[] mism=0
Y??????zfsVKVgpwM[Br????C?CG??S??C??_?????^_?@}??B{??B{? n=26 c=7 b=4 nu_cut=3 good=50 nongen=[] mism=0
U??F~z{~AW????G?C????`???Fw?No?^O?Jw?B{? n=22 c=4 b=5 nu_cut=3 good=38 nongen=[] mism=0
W???E~y}e{^_????E??G?@??C?E????Fw?By??v_?F[??\o n=24 c=5 b=5 nu_cut=3 good=38 nongen=[] mism=0
U???Fm}zfs]oG_A????O?c??G???Fw?Fw?B{??~? n=22 c=5 b=4 nu_cut=3 good=40 nongen=[] mism=0
Y???Ft}nfkVoO?c?L?A???????????????A^??^_?F[??Jw??fo??zO? n=26 c=5 b=6 nu_cut=3 good=52 nongen=[] mism=0
Y??????[~qP{VWuo]cFq??_????C?CG??A??I?????^_?@}??B{??B{? n=26 c=7 b=4 nu_cut=3 good=45 nongen=[] mism=0
U???Fn{vfk^OA???@??C?`??I???Fw?Fw?B{??~? n=22 c=5 b=4 nu_cut=3 good=38 nongen=[] mism=0
Y????BVrrmVo|_foC?@??O??_??o????@?????NW?@|??B{??Jw??Lw? n=26 c=6 b=5 nu_cut=3 good=47 nongen=[] mism=0
U??F~z{~@gG?_???G?C??????Fw?^_?^O?Lw?@}? n=22 c=4 b=5 nu_cut=3 good=40 nongen=[] mism=0
Y??F~z{~??O?????G??w?_?@???????Zc?FY?Ar_?[[?@V_?Ax_??z_? n=26 c=4 b=7 nu_cut=3 good=45 nongen=[] mism=0
W??F~z{~@?O_??R??????G??????Vg?Rw?F[?@n??\g?@r_ n=24 c=4 b=6 nu_cut=3 good=44 nongen=[] mism=0
W????@vvbyLwvOtoO??O?G_A?????CO????~??No?@}??Fw n=24 c=6 b=4 nu_cut=3 good=39 nongen=[] mism=0
U???F^mvfwNoC?K?A?AC????_???Fw?Fw?B{??~? n=22 c=5 b=4 nu_cut=3 good=38 nongen=[] mism=0
W???B~]|fkZoG?G???@O???AO??O???F[?@}??^_?Fw??^O n=24 c=5 b=5 nu_cut=3 good=42 nongen=[] mism=0
W??F~z{~C?G?O?????@g?_??????VW?]g?Lk?@}??Fw?@l_ n=24 c=4 b=6 nu_cut=3 good=46 nongen=[] mism=0
Y??????umyNgkwswY[@^?G??_????C@??_??P?????^_?@}??B{??B{? n=26 c=7 b=4 nu_cut=3 good=45 nongen=[] mism=0
U???Ft}vfsVo??@??_B??@??a???Fw?Fw?B{??~? n=22 c=5 b=4 nu_cut=3 good=40 nongen=[] mism=0
Y???D~y~B{^O??@???C??_??C?B???G???Bt??~??B{??VW??jo??lo? n=26 c=5 b=6 nu_cut=3 good=48 nongen=[] mism=0
W??F~z{~????????H??O?d?@????No?\g?Nc?@n??]g?@Z_ n=24 c=4 b=6 nu_cut=3 good=46 nongen=[] mism=0
W????AvxviRwZozO@?A_?A?AO??O???????~??No?@}??Fw n=24 c=6 b=4 nu_cut=3 good=46 nongen=[] mism=0
U??F~z{~C?????J???@O?_???Mw?^O?^O?Mw?B{? n=22 c=4 b=5 nu_cut=3 good=38 nongen=[] mism=0
W???Fzmnfs\oC??_A????C?@C??C???E{?Bm??}_?E{??]o n=24 c=5 b=5 nu_cut=3 good=42 nongen=[] mism=0
W???Fv{|b{\o?_?????o??_Ao??????B{?Bm??v_?Fs??^O n=24 c=5 b=5 nu_cut=3 good=45 nongen=[] mism=0
W????BNmtyVo~?toGG???O??g?A???A????~??No?@}??Fw n=24 c=6 b=4 nu_cut=3 good=44 nongen=[] mism=0
Y??????vdjFkRwVg[[@}?_??__???C??A???E?????^_?@}??B{??B{? n=26 c=7 b=4 nu_cut=3 good=52 nongen=[] mism=0
W??F~z{~????C?G?C??_???@K???]o?\o?Jw?@|??Zg?@x_ n=24 c=4 b=6 nu_cut=3 good=46 nongen=[] mism=0
W????BjnT]NgVozO?O???c??A?C_??C????~??No?@}??Fw n=24 c=6 b=4 nu_cut=3 good=46 nongen=[] mism=0
Y??????|Rj]WNWFw\oDu??G??_AO?????I???G????^_?@}??B{??B{? n=26 c=7 b=4 nu_cut=3 good=52 nongen=[] mism=0
Y??????r]xS{yWNo]SBV?@O?O??_??_?AG????????^_?@}??B{??B{? n=26 c=7 b=4 nu_cut=3 good=52 nongen=[] mism=0
Y????Av|fYJwzOroOW?c?A?????O??????????Fw?@^??B{??No??Ng? n=26 c=6 b=5 nu_cut=3 good=46 nongen=[] mism=0
Y?????~lv[]g{oyo???W???@W??O??G???????Mw?@v??Fk??Fw??Jw? n=26 c=6 b=5 nu_cut=3 good=52 nongen=[] mism=0
Y??????U}tZoz_mWMwDt?@??C??G?????@_??W????^_?@}??B{??B{? n=26 c=7 b=4 nu_cut=3 good=52 nongen=[] mism=0
W????BV]ty^_{oyo?_?C?CO?E??G???????~??No?@}??Fw n=24 c=6 b=4 nu_cut=3 good=44 nongen=[] mism=0
Y??F~z{~?OO?L????????A????C????Jk?H{?@v??Rs?@|??Bh_?@\_? n=26 c=4 b=7 nu_cut=3 good=52 nongen=[] mism=0
W????BxzfsNozO\o?_???c??@??I??A????~??No?@}??Fw n=24 c=6 b=4 nu_cut=3 good=44 nongen=[] mism=0
Y??F~z{~@WA?C???S??????????????Ys?Fs?Aj_?ZS??Zo?@]_?@t_? n=26 c=4 b=7 nu_cut=3 good=50 nongen=[] mism=0
W????@}\uuZWfoxo??AG?G??_?@??CO????~??No?@}??Fw n=24 c=6 b=4 nu_cut=3 good=46 nongen=[] mism=0
U???Fy}~Fk\o??S??O@G??_?A???Fw?Fw?B{??~? n=22 c=5 b=4 nu_cut=3 good=40 nongen=[] mism=0
U???E}}|d{\o??O?G?@C?K?@????Fw?Fw?B{??~? n=22 c=5 b=4 nu_cut=3 good=40 nongen=[] mism=0
Y???Fzmvf[VoC??????_??????AG??s???B\??yo?Fw??No??^_??{o? n=26 c=5 b=6 nu_cut=3 good=52 nongen=[] mism=0
Y????Bj^dyVW^_zO???C???@O??i??C???????Jw?@^??Fk??Mw??NW? n=26 c=6 b=5 nu_cut=3 good=48 nongen=[] mism=0
Y???Fl}zf[VoC???@O???O??O?A???_???A^??n_?Bu??Yw??zO??Zo? n=26 c=5 b=6 nu_cut=3 good=52 nongen=[] mism=0
U??F~z{~C???C?Y???C??C???Lw?^O?Vo?Mw?Bm? n=22 c=4 b=5 nu_cut=3 good=40 nongen=[] mism=0
U??F~z{~??G?g?L???A??????No?\o?\o?Lw?Bu? n=22 c=4 b=5 nu_cut=3 good=38 nongen=[] mism=0
Y??F~z{~@GK__?????C????????????E{?Iy?A]_?R[??}_?@r_?Bw_? n=26 c=4 b=7 nu_cut=3 good=50 nongen=[] mism=0
Y??????\vwZW}OvGFsFT??G??_?E??K???_???????^_?@}??B{??B{? n=26 c=7 b=4 nu_cut=3 good=45 nongen=[] mism=0
W???D~y~D{NoG???G?A??O????CS???Fs?B{??~??Fk??No n=24 c=5 b=5 nu_cut=3 good=46 nongen=[] mism=0
U???D~y~D{^O??o??_?o?@??C???Fw?Fw?B{??~? n=22 c=5 b=4 nu_cut=3 good=35 nongen=[] mism=0
Y???Fvu~F[No????@?DG?__????O??????Bl??yo?F[??Yw??lo??uo? n=26 c=5 b=6 nu_cut=3 good=52 nongen=[] mism=0
U??F~z{~C?????F?D?C??????NW?Vo?^O?Mw?Bm? n=22 c=4 b=5 nu_cut=3 good=38 nongen=[] mism=0
U??F~z{~????A?A?K_C??_???Jw?]o?]o?Lw?B{? n=22 c=4 b=5 nu_cut=3 good=40 nongen=[] mism=0
W??F~z{~?w??O???O?C??O??????No?Lw?Js?Bf??ZW??~? n=24 c=4 b=6 nu_cut=3 good=46 nongen=[] mism=0
W??F~z{~?WG??????????b?@????No?Zg?Nc?Bm??Zg??^_ n=24 c=4 b=6 nu_cut=3 good=44 nongen=[] mism=0
W????AnxumRw]oyoA????`??o?@???_????~??No?@}??Fw n=24 c=6 b=4 nu_cut=3 good=44 nongen=[] mism=0
Y??????vJyMwVoiwXkDj??_?a?CO?????_???_????^_?@}??B{??B{? n=26 c=7 b=4 nu_cut=3 good=50 nongen=[] mism=0
Y????BVxs}VgNoyo??AO???AS??O?A????????Fw?@v??F[??Jw??No? n=26 c=6 b=5 nu_cut=3 good=54 nongen=[] mism=0
U??F~z{~??C?d?G?G?A??????Lw?]o?Zo?Ng?By? n=22 c=4 b=5 nu_cut=3 good=35 nongen=[] mism=0
W??F~z{~DG@?O?A????????@????Fw?NW?H{?An??No?@m_ n=24 c=4 b=6 nu_cut=3 good=40 nongen=[] mism=0
Y??F~z{~??G?a??????????@??DO???Ys?K{?@{_?Tw?@n??BY_?Az?? n=26 c=4 b=7 nu_cut=3 good=44 nongen=[] mism=0
W??F~z{~?O??T?H?@???????????]o?\g?D{?BV??\o??n_ n=24 c=4 b=6 nu_cut=3 good=44 nongen=[] mism=0
U???Fv{nf[^OS?@??_???@??W???Fw?Fw?B{??~? n=22 c=5 b=4 nu_cut=3 good=40 nongen=[] mism=0
U???Fz{^fsNoG_`?O????@?A????Fw?Fw?B{??~? n=22 c=5 b=4 nu_cut=3 good=34 nongen=[] mism=0
Y??????j^JRsuoNWVoEr?O??O_?E????@???O?????^_?@}??B{??B{? n=26 c=7 b=4 nu_cut=3 good=45 nongen=[] mism=0
Y??????Z^JRwnGfWP{BV?C_???C_?A??@???O?????^_?@}??B{??B{? n=26 c=7 b=4 nu_cut=3 good=45 nongen=[] mism=0
Y??F~z{~????D?????C????@o?C????Ts?B{?B[_?J[?@j_?Bq_?Bm?? n=26 c=4 b=7 nu_cut=3 good=50 nongen=[] mism=0
Y??????VlxI{{oxoYwB]????G_?@?@O??G_???????^_?@}??B{??B{? n=26 c=7 b=4 nu_cut=3 good=47 nongen=[] mism=0
U???E~mzfw^OC???S??g?C??C???Fw?Fw?B{??~? n=22 c=5 b=4 nu_cut=3 good=38 nongen=[] mism=0
U???Fy}nfkZoc?O?G?@G???@????Fw?Fw?B{??~? n=22 c=5 b=4 nu_cut=3 good=40 nongen=[] mism=0
U??F~z{~D?????w?@??O?????Fw?\o?\o?Ng?Bu? n=22 c=4 b=5 nu_cut=3 good=38 nongen=[] mism=0
Y????BN\u{[w}Ouo@??O??????CA?????q????Jw?@z??Fw??Jw??No? n=26 c=6 b=5 nu_cut=3 good=44 nongen=[] mism=0
W????Av}dmVg}O|_@??O?A?@C?????E????~??No?@}??Fw n=24 c=6 b=4 nu_cut=3 good=40 nongen=[] mism=0
W??F~z{~??W??????_D_????C???Xw?]W?Jk?@n??Fw?@|? n=24 c=4 b=6 nu_cut=3 good=44 nongen=[] mism=0
Y???Fm}~F[^O??????Ac???????O?@o???@z??ro?D{??^_??zO??z_? n=26 c=5 b=6 nu_cut=3 good=49 nongen=[] mism=0
U??F~z{~?G[???@?@????A???Lw?Vo?]o?Mw?A}? n=22 c=4 b=5 nu_cut=3 good=40 nongen=[] mism=0
Y???D|}~F[]o??C?KO??????W??O??????Bl??ro?Du??^_??fo??uo? n=26 c=5 b=6 nu_cut=3 good=54 nongen=[] mism=0
W??F~z{~????s?A?@???????S???No?]o?D{?BN??]g?@f_ n=24 c=4 b=6 nu_cut=3 good=44 nongen=[] mism=0
W???F^m^e{^_????WOC_?C?????_???E{?B{??v_?F[??Vo n=24 c=5 b=5 nu_cut=3 good=46 nongen=[] mism=0
U???F]}nfsZoE?O?G????C_@????Fw?Fw?B{??~? n=22 c=5 b=4 nu_cut=3 good=40 nongen=[] mism=0
W???Fzm|f[]op??????C????W??C???B{?Bu??}_?F[??No n=24 c=5 b=5 nu_cut=3 good=39 nongen=[] mism=0
Y??????\vi\crgyoFwFb??G????E??@???_?`?????^_?@}??B{??B{? n=26 c=7 b=4 nu_cut=3 good=52 nongen=[] mism=0
Y??????jmlK{pw[wVoFq?W?????o??O??G??C?????^_?@}??B{??B{? n=26 c=7 b=4 nu_cut=3 good=50 nongen=[] mism=0
Y??F~z{~????A???Q_???R?????????Mw?Le?BF_?^C??xo?Bd_?A|?? n=26 c=4 b=7 nu_cut=3 good=47 nongen=[] mism=0
W??F~z{~??G?C?h?A??????@????^O?Tw?Mw?Bj??Jw?@Z_ n=24 c=4 b=6 nu_cut=3 good=46 nongen=[] mism=0
Y??????^VXZSjgJwX[Dj????O?CG?AC??O??C?????^_?@}??B{??B{? n=26 c=7 b=4 nu_cut=3 good=52 nongen=[] mism=0
Y???Fz{nb{Voo???H??C??_????C??????Bj??^_?B{??Zg??to??xo? n=26 c=5 b=6 nu_cut=3 good=54 nongen=[] mism=0
W???Fl}zfs]o??A?@??O?__???E????E{?B]??~??F[??]o n=24 c=5 b=5 nu_cut=3 good=43 nongen=[] mism=0
W???E~m^e{Vo??G???D??_?????s???Fw?By??v_?Fw??\o n=24 c=5 b=5 nu_cut=3 good=47 nongen=[] mism=0
W????Bmyt]Vofo{oG_@_????C?A??A?????~??No?@}??Fw n=24 c=6 b=4 nu_cut=3 good=39 nongen=[] mism=0
Y???Fzuzb{^O??C????C????Q?DO??????Bx??mo?E{??Vg??~???ro? n=26 c=5 b=6 nu_cut=3 good=54 nongen=[] mism=0
U???F^ynfsNoa?O??_?G?O??C???Fw?Fw?B{??~? n=22 c=5 b=4 nu_cut=3 good=38 nongen=[] mism=0
U??F~z{~?_T?????A????`???No?Zo?]o?Jw?A}? n=22 c=4 b=5 nu_cut=3 good=38 nongen=[] mism=0
Y????A}tru]oZo^_?GE??A?????A?????H????Fw?@^??Fs??NW??No? n=26 c=6 b=5 nu_cut=3 good=47 nongen=[] mism=0
W??F~z{~?O????p?A_?O????????NW?Yw?I{?Bj??[w?@m_ n=24 c=4 b=6 nu_cut=3 good=44 nongen=[] mism=0
U??F~z{~?G@?w???@????@???Mw?Vo?Zo?Fw?B]? n=22 c=4 b=5 nu_cut=3 good=40 nongen=[] mism=0
Y????Bj\ty]ov_mo??CQ????C?AC??G???????Jw?@^??B{??Mw??NW? n=26 c=6 b=5 nu_cut=3 good=52 nongen=[] mism=0
U??F~z{~?W??G???C????p???Fw?\o?^_?No?A}? n=22 c=4 b=5 nu_cut=3 good=38 nongen=[] mism=0
W????@^xvs\gz_nOOOAC?C?????_??_????~??No?@}??Fw n=24 c=6 b=4 nu_cut=3 good=46 nongen=[] mism=0
Y????BuVty^GlomoC?AQ?b????????????????Jw?@n??Fk??Jw??Lw? n=26 c=6 b=5 nu_cut=3 good=45 nongen=[] mism=0
Y???E~]^b{Voc_G???@O??????@???????@z??^O?B{??VW??ro??zO? n=26 c=5 b=6 nu_cut=3 good=49 nongen=[] mism=0
Y??F~z{~??M??????????C????DG???Tw?Fk?BU_?Vg?@NO?Bt??A{_? n=26 c=4 b=7 nu_cut=3 good=47 nongen=[] mism=0
W???E~u}fs]o??O??_???A??K??W???Fk?By??~??E{??Zo n=24 c=5 b=5 nu_cut=3 good=39 nongen=[] mism=0
Y???Fn{}d{^O??B_????????_?AK??????@v??}O?Fi??VW??nO??fo? n=26 c=5 b=6 nu_cut=3 good=48 nongen=[] mism=0
Y??????nJlQ{yoFwI{Bt???A??B??C??A???AO????^_?@}??B{??B{? n=26 c=7 b=4 nu_cut=3 good=52 nongen=[] mism=0
W???Fn]zd{ZoS?G?C?@???????CG???E{?Bm??^_?Fw??\o n=24 c=5 b=5 nu_cut=3 good=43 nongen=[] mism=0
U???F^{ve{^_G?P?C????A_?_???Fw?Fw?B{??~? n=22 c=5 b=4 nu_cut=3 good=35 nongen=[] mism=0
U???Fz{ze{Zo?_G??O@C???A_???Fw?Fw?B{??~? n=22 c=5 b=4 nu_cut=3 good=35 nongen=[] mism=0
Y???E}}}e{]oW???C???????_?Ac???????~??ro?B]??Vg??vO??}O? n=26 c=5 b=6 nu_cut=3 good=53 nongen=[] mism=0
Y????ByzfwLwxofoA??_????@??A??o??@????Ng??~??F[??Fw??No? n=26 c=6 b=5 nu_cut=3 good=47 nongen=[] mism=0
Y??F~z{~??@?_?[??????A????C????Lw?Mk?Am_?]c?@j_?A\_?@f_? n=26 c=4 b=7 nu_cut=3 good=52 nongen=[] mism=0
W????A^nRm]WfoVoG??O?A?@??A??@C????~??No?@}??Fw n=24 c=6 b=4 nu_cut=3 good=39 nongen=[] mism=0
Y???Fv{nb{VoO?@?G?A??M????????????@n??|_?@}??Ng??to??|O? n=26 c=5 b=6 nu_cut=3 good=48 nongen=[] mism=0
Y??F~z{~A????????_???@?Ag?A????Xk?FY?B{??Ls?@po?A}??Av?? n=26 c=4 b=7 nu_cut=3 good=52 nongen=[] mism=0
W????ByvdyNgv_|O?O????_?A?CA??W????~??No?@}??Fw n=24 c=6 b=4 nu_cut=3 good=40 nongen=[] mism=0
Y??????zIvUszGZoNgFb???????c??c??H???_????^_?@}??B{??B{? n=26 c=7 b=4 nu_cut=3 good=50 nongen=[] mism=0
W????A|nUyMw}_Zo?O?I??_?A?D????????~??No?@}??Fw n=24 c=6 b=4 nu_cut=3 good=46 nongen=[] mism=0
Y????B\rt{TwzOfoC?@?????_????A??@Q????No?@}??F[??Mw??Lw? n=26 c=6 b=5 nu_cut=3 good=44 nongen=[] mism=0
Y???F]}ze{]oC?Q_A????C???????A????A^??}O?@}??No??n_??{o? n=26 c=5 b=6 nu_cut=3 good=53 nongen=[] mism=0
Y???Fn]^b{^OY????????_????C_?C????@v??No?Dy??^_??\o??|_? n=26 c=5 b=6 nu_cut=3 good=48 nongen=[] mism=0
W????Bmvb{VWrolo?G@??S??`??A???????~??No?@}??Fw n=24 c=6 b=4 nu_cut=3 good=44 nongen=[] mism=0
W??F~z{~??C???????D_???@S???\o?\W?Jw?Bt??^O?@{_ n=24 c=4 b=6 nu_cut=3 good=41 nongen=[] mism=0
Y????Bu^f[FwvONoOG???_O??????@_??@????Lw?@n??F[??Ng??Fw? n=26 c=6 b=5 nu_cut=3 good=52 nongen=[] mism=0
W?????~za}Noxo|OP????_?AG??E???????~??No?@}??Fw n=24 c=6 b=4 nu_cut=3 good=44 nongen=[] mism=0
W????AzvfkNWyotoK??G????C??G??a????~??No?@}??Fw n=24 c=6 b=4 nu_cut=3 good=46 nongen=[] mism=0
U??F~z{~??Y?G?A?@?@??????NW?^O?]o?Jw?A}? n=22 c=4 b=5 nu_cut=3 good=35 nongen=[] mism=0
Y??F~z{~?_??????W??_???@g??????Js?Ng?Ax_?]W?@rO?B{??@r_? n=26 c=4 b=7 nu_cut=3 good=44 nongen=[] mism=0
W???D~]nfk^OA?O???A??O??G??g???B{?B]??~??F[??Vo n=24 c=5 b=5 nu_cut=3 good=45 nongen=[] mism=0
Y????A^vfqVWVo}_??CA??????@??@??@E????Lw?@}??D{??No??Ng? n=26 c=6 b=5 nu_cut=3 good=48 nongen=[] mism=0
U??F~z{~AoO???_???@??G???Fw?Zo?Vo?Fw?Bu? n=22 c=4 b=5 nu_cut=3 good=40 nongen=[] mism=0
U??F~z{~?_A?b?G???@??????Lw?Vo?^_?NW?B]? n=22 c=4 b=5 nu_cut=3 good=40 nongen=[] mism=0
W????B]rr{Mwn_nO???A?o??@??A?C_????~??No?@}??Fw n=24 c=6 b=4 nu_cut=3 good=46 nongen=[] mism=0
Y???E}}~D{ZoO???G??_??????@S?A????Bu??|O?A}??^_??yo??~?? n=26 c=5 b=6 nu_cut=3 good=44 nongen=[] mism=0
W???B~y^fk]o_?_?@??g????G?C????D{?@}??|_?F[??^O n=24 c=5 b=5 nu_cut=3 good=45 nongen=[] mism=0
W??F~z{~??A?R?K???@?????????Jw?[w?H{?Br??\o?@f_ n=24 c=4 b=6 nu_cut=3 good=46 nongen=[] mism=0
Y???D~{nb{]o??O?G?A????????g?CC???A}??^O?Fe??^_??jo??uo? n=26 c=5 b=6 nu_cut=3 good=54 nongen=[] mism=0
Y??F~z{~?OG?h???@??????@???????Us?Lw?BU_?Jk?@Lo?@v??@f_? n=26 c=4 b=7 nu_cut=3 good=45 nongen=[] mism=0
W???B}}~B{^O??_?O??C?_??[??????Fs?@}??|_?Fk??^O n=24 c=5 b=5 nu_cut=3 good=42 nongen=[] mism=0
Y???E~]|d{^O????Oo@??O????@??@????An??Vo?E{??Zg??Zo??|_? n=26 c=5 b=6 nu_cut=3 good=53 nongen=[] mism=0
Y???E~ynb{VoW_????CO?@?????G??????Bu??zO?By??NW??^O??xo? n=26 c=5 b=6 nu_cut=3 good=44 nongen=[] mism=0
Y??F~z{~C??_@???J?C????????????[s?NK?A|??B{?@mO?@r_?@f_? n=26 c=4 b=7 nu_cut=3 good=52 nongen=[] mism=0
U???F^{|fs\oC??_???_?C_?K???Fw?Fw?B{??~? n=22 c=5 b=4 nu_cut=3 good=38 nongen=[] mism=0
W???B~yzd{\o??X??????C??W??_???D{?A}??}_?E{??^O n=24 c=5 b=5 nu_cut=3 good=46 nongen=[] mism=0
Y???Fy}zd{No??F?G?????_???A???C???A|??fo?Bm??No??z_??lo? n=26 c=5 b=6 nu_cut=3 good=54 nongen=[] mism=0
W???B~u|b{Zog?M???C????A???????D{?A}??z_?Fs??No n=24 c=5 b=5 nu_cut=3 good=42 nongen=[] mism=0
Y??????k|uI{ZoNoTkB\?`?@??A_????@O????????^_?@}??B{??B{? n=26 c=7 b=4 nu_cut=3 good=44 nongen=[] mism=0
W??F~z{~?W??s?A??_??????????Rw?Jw?Ms?Bf??Xw??~? n=24 c=4 b=6 nu_cut=3 good=40 nongen=[] mism=0
W????Av^VU]groroA??_?C??_?CC?@?????~??No?@}??Fw n=24 c=6 b=4 nu_cut=3 good=44 nongen=[] mism=0
W????@ntrmZWxozOP??g?A??G????C?????~??No?@}??Fw n=24 c=6 b=4 nu_cut=3 good=39 nongen=[] mism=0
U???Fn{|d{^OO?A?G??O?A??Q???Fw?Fw?B{??~? n=22 c=5 b=4 nu_cut=3 good=38 nongen=[] mism=0
U??F~z{~?O?_A???M????@???Fw?]o?No?Ng?Bu? n=22 c=4 b=5 nu_cut=3 good=35 nongen=[] mism=0
W???Ft}vf[]oI_???????`??O??_???B{?@}??|_?Fs??]o n=24 c=5 b=5 nu_cut=3 good=45 nongen=[] mism=0
W???E~]nfw^_G?G?C????D??I??????D{?B]??}_?Fk??\o n=24 c=5 b=5 nu_cut=3 good=42 nongen=[] mism=0
W???Fnm}e{Zo?????_?G?A??G?BC???D{?B{??~??Fs??]o n=24 c=5 b=5 nu_cut=3 good=43 nongen=[] mism=0
U???D~{^f[^_P??_???C?_?AA???Fw?Fw?B{??~? n=22 c=5 b=4 nu_cut=3 good=38 nongen=[] mism=0
W????B\zfq^ONo{oGG?G?@??C?????E????~??No?@}??Fw n=24 c=6 b=4 nu_cut=3 good=46 nongen=[] mism=0
W??F~z{~????A????_?W???B_???Yw?No?NS?By??^O??v_ n=24 c=4 b=6 nu_cut=3 good=46 nongen=[] mism=0
W???FvmvfwZo??G_CO@???????C_???Fk?B{??v_?D{??No n=24 c=5 b=5 nu_cut=3 good=45 nongen=[] mism=0
U??F~z{~CgG?????G?C_?????Fw?No?^O?Lw?B{? n=22 c=4 b=5 nu_cut=3 good=38 nongen=[] mism=0
W???B|}vfk^_?_?_L??????AG??????E{?@}??v_?Fs??No n=24 c=5 b=5 nu_cut=3 good=36 nongen=[] mism=0
W??F~z{~??J?@???C_???G??????Uw?Rw?K{?An??]g?@j_ n=24 c=4 b=6 nu_cut=3 good=40 nongen=[] mism=0
Y??F~z{~?o[?????@??????????_???[w?Fq?A^??T[?@\O?@f_??v_? n=26 c=4 b=7 nu_cut=3 good=52 nongen=[] mism=0
Y??????]inTkTw}_H{Em?g????C??CO??_??G?????^_?@}??B{??B{? n=26 c=7 b=4 nu_cut=3 good=47 nongen=[] mism=0
W???D~{vd{No????C?CC?p??_??????Fw?B]??|_?Fk??\o n=24 c=5 b=5 nu_cut=3 good=42 nongen=[] mism=0
W???B|}|d{^_b?G?Y??????????????E{?@}??~??E{??No n=24 c=5 b=5 nu_cut=3 good=41 nongen=[] mism=0
U??F~z{~?G??e????_@??G???Lw?^O?\o?Ng?B]? n=22 c=4 b=5 nu_cut=3 good=35 nongen=[] mism=0
W???F^{nf[No????A?@C?C?AS??????Fs?Bm??}_?Fw??No n=24 c=5 b=5 nu_cut=3 good=45 nongen=[] mism=0
U??F~z{~??A???C?C?EG?G???No?]o?^O?Ng?Bu? n=22 c=4 b=5 nu_cut=3 good=35 nongen=[] mism=0
Y??????uj{JsqwloZcFF?G??`????????H??GO????^_?@}??B{??B{? n=26 c=7 b=4 nu_cut=3 good=47 nongen=[] mism=0
Y??F~z{~??B_??k??????@?????????Tk?Mk?A^??Ng?@yO?Aj_?Am_? n=26 c=4 b=7 nu_cut=3 good=47 nongen=[] mism=0
W??F~z{~?OW_????A_?O????????]W?Xw?J[??~??Ng??^_ n=24 c=4 b=6 nu_cut=3 good=39 nongen=[] mism=0
W????Bmyr]^G^O^O?O?I??_???C_??C????~??No?@}??Fw n=24 c=6 b=4 nu_cut=3 good=39 nongen=[] mism=0
Y????AvyvkVo~?|O???A??O?E??S?????@????Fw?@|??F[??NW??NW? n=26 c=6 b=5 nu_cut=3 good=48 nongen=[] mism=0
Y???Fu}|fsNo????@?D?????G?Cg??????BN??}O?Ey??^_??yo??xo? n=26 c=5 b=6 nu_cut=3 good=49 nongen=[] mism=0
Y??????}bZ^ChwVoJkEZ?G??A??C??g??a????????^_?@}??B{??B{? n=26 c=7 b=4 nu_cut=3 good=50 nongen=[] mism=0
W???Fy}|fwNo?_?_B_@?????A??????E{?Bm??z_?E{??Vo n=24 c=5 b=5 nu_cut=3 good=41 nongen=[] mism=0
Y???E}}vfwVoG???C??K??????AC?@????BN??|O?Bu??No??xo??vO? n=26 c=5 b=6 nu_cut=3 good=49 nongen=[] mism=0
W??F~z{~??O???A?K_CO????????]W?Fw?Ng?BV??VW?@r_ n=24 c=4 b=6 nu_cut=3 good=46 nongen=[] mism=0
U???Fzm^f[VoC?I?A????C?AA???Fw?Fw?B{??~? n=22 c=5 b=4 nu_cut=3 good=40 nongen=[] mism=0
U??F~z{~????_?L?B?C??????No?]o?\o?Lw?Bm? n=22 c=4 b=5 nu_cut=3 good=38 nongen=[] mism=0
W??F~z{~Cg??????[??G????????Mw?NW?F[?Bu??^O?@\_ n=24 c=4 b=6 nu_cut=3 good=36 nongen=[] mism=0
W???E}}~Fw]oO_?_??????_???B_???Fs?Bu??~??Fw??No n=24 c=5 b=5 nu_cut=3 good=46 nongen=[] mism=0
Y??F~z{~BG?????????O???A??CO???Vo?Em?Av??NK??n_?@x_?B]?? n=26 c=4 b=7 nu_cut=3 good=52 nongen=[] mism=0
W????By{vqZovOz_?G?A??O?C??G??K????~??No?@}??Fw n=24 c=6 b=4 nu_cut=3 good=41 nongen=[] mism=0
W??F~z{~?G????????D_?@?@O???^_?NW?Fs?Bx??No?@l_ n=24 c=4 b=6 nu_cut=3 good=38 nongen=[] mism=0
Y??F~z{~?GL?????A_??????O??????NS?JY?AV_?I{?@V_?BF_??|_? n=26 c=4 b=7 nu_cut=3 good=52 nongen=[] mism=0
W????A^^b{ZWVo}O??C??_?A??@G??K????~??No?@}??Fw n=24 c=6 b=4 nu_cut=3 good=40 nongen=[] mism=0
U???E}}^fs^OH?@??????__?c???Fw?Fw?B{??~? n=22 c=5 b=4 nu_cut=3 good=38 nongen=[] mism=0
W???B~{^fs^O_?_?@????X?A???????F[?Bu??v_?B{??]o n=24 c=5 b=5 nu_cut=3 good=42 nongen=[] mism=0
U??F~z{~?g??C???X??G?????Fw?]o?\o?NW?A}? n=22 c=4 b=5 nu_cut=3 good=40 nongen=[] mism=0
Y??????miz]WuowwLsA^?_G?C??_??_??C??@?????^_?@}??B{??B{? n=26 c=7 b=4 nu_cut=3 good=50 nongen=[] mism=0
U???E~unfwZoQ?o?C????G??_???Fw?Fw?B{??~? n=22 c=5 b=4 nu_cut=3 good=40 nongen=[] mism=0
U??F~z{~??O???U??_???`???Mw?\o?^_?Ng?Bu? n=22 c=4 b=5 nu_cut=3 good=40 nongen=[] mism=0
W????BxZveFw|_{o@??O?@OAA??O???????~??No?@}??Fw n=24 c=6 b=4 nu_cut=3 good=40 nongen=[] mism=0
U???Fv{|b{^OG_??W??G?@??C???Fw?Fw?B{??~? n=22 c=5 b=4 nu_cut=3 good=40 nongen=[] mism=0
Y???Fv]vf[]o????C??_?K?Aa?????????Bl??{o?A}??]W??yo??|O? n=26 c=5 b=6 nu_cut=3 good=52 nongen=[] mism=0
Y???Fz]}f[NoW_`?A?????????????_???@z??Vo?F[??Vg??nO??\o? n=26 c=5 b=6 nu_cut=3 good=52 nongen=[] mism=0
W???Fm}~Fs^OK_???_?O?@??C??????Fk?@}??v_?B{??Zo n=24 c=5 b=5 nu_cut=3 good=42 nongen=[] mism=0
Y??F~z{~???_??C???EO?C??C??????^O?G}?Bw_?M[?@yO?A}??@j_? n=26 c=4 b=7 nu_cut=3 good=45 nongen=[] mism=0
U???E~m|e{VoK?C?C?@????AA???Fw?Fw?B{??~? n=22 c=5 b=4 nu_cut=3 good=38 nongen=[] mism=0
U??F~z{~@???C?G?P_???C???Ng?]o?Vo?Fw?Bu? n=22 c=4 b=5 nu_cut=3 good=40 nongen=[] mism=0
Y???F^y}e{ZoD_??C????G???????CO????~??]o?Fs??Xw??|_??Zo? n=26 c=5 b=6 nu_cut=3 good=49 nongen=[] mism=0
U??F~z{~??P?C???A????X???No?^_?Zo?Mw?A}? n=22 c=4 b=5 nu_cut=3 good=38 nongen=[] mism=0
W???D~mvfkNo??C??????G_?O?EG???Fs?B{??|_?F[??^_ n=24 c=5 b=5 nu_cut=3 good=45 nongen=[] mism=0
W??F~z{~????`???F????@?A????^G?Rw?NW?Bu??Mw?@N_ n=24 c=4 b=6 nu_cut=3 good=46 nongen=[] mism=0
Y???Fnmnb{^Oc????????A??G?????k???Bu??mo?B]??Mw??n_??z_? n=26 c=5 b=6 nu_cut=3 good=52 nongen=[] mism=0
W????Bruv[\W|OroC_?O?C??O?????o????~??No?@}??Fw n=24 c=6 b=4 nu_cut=3 good=39 nongen=[] mism=0
Y????Brndy\gyo^_Q_?C??o????A??????????Fw?@n??D{??Fw??Jw? n=26 c=6 b=5 nu_cut=3 good=49 nongen=[] mism=0
Y??????|JyRwyW}GW{El??_?O_?W??C??A????????^_?@}??B{??B{? n=26 c=7 b=4 nu_cut=3 good=52 nongen=[] mism=0
Y??????fnUNWzGzGU[Fh??O????a????@G??CO????^_?@}??B{??B{? n=26 c=7 b=4 nu_cut=3 good=50 nongen=[] mism=0
W????@^ur{[wtomoC?D?????_?C???o????~??No?@}??Fw n=24 c=6 b=4 nu_cut=3 good=44 nongen=[] mism=0
U??F~z{~?_O???C?L?C??????NW?^_?]o?Ng?@}? n=22 c=4 b=5 nu_cut=3 good=40 nongen=[] mism=0
Y??????ZtmZKkw^OYsFd?AG?G?D???@??G????????^_?@}??B{??B{? n=26 c=7 b=4 nu_cut=3 good=50 nongen=[] mism=0
U???B~mnf[No??C?O_@O?C??O???Fw?Fw?B{??~? n=22 c=5 b=4 nu_cut=3 good=35 nongen=[] mism=0
W???Fvy~E{Zo@?@?E?CO????C??????F[?B]??~??Fs??\o n=24 c=5 b=5 nu_cut=3 good=42 nongen=[] mism=0
Y???E|}|b{ZoG???C??????B??@??CC???Bx??}_?B{??Zo??Vo??jo? n=26 c=5 b=6 nu_cut=3 good=54 nongen=[] mism=0
Y???E|}vfwVoH???C????Q_?_?????????@v??Zo?FU??ZW??to??to? n=26 c=5 b=6 nu_cut=3 good=48 nongen=[] mism=0
Y??F~z{~??D_O???A?A????????_???Fk?JU?Ar_?Zo?@l_?BF_?AV_? n=26 c=4 b=7 nu_cut=3 good=38 nongen=[] mism=0
Y????ByNru^_zOto??????_????C?CG?@W????Ng?@}??Fw??NW??Lw? n=26 c=6 b=5 nu_cut=3 good=52 nongen=[] mism=0
Y??F~z{~????C?O???DG???@O??????Us?G}?Bh_?NW??|O?@j_?BU_? n=26 c=4 b=7 nu_cut=3 good=52 nongen=[] mism=0
Y??????d|yFkugtgLkC^?OO@O????@???_??G?????^_?@}??B{??B{? n=26 c=7 b=4 nu_cut=3 good=52 nongen=[] mism=0
U???Fvu}fkVoB???I??G?B??????Fw?Fw?B{??~? n=22 c=5 b=4 nu_cut=3 good=38 nongen=[] mism=0
U??F~z{~@WG???O?O?C??????NW?^O?No?Fw?B]? n=22 c=4 b=5 nu_cut=3 good=40 nongen=[] mism=0
Y???Ft}~E{^O??G?C???????C?EG??G???Bu??uo?Ey??Vg??^O??\o? n=26 c=5 b=6 nu_cut=3 good=52 nongen=[] mism=0
Y???Fv]vd{\oG?@???@??@?????c?@????B]??n_?@}??\g??xo??^O? n=26 c=5 b=6 nu_cut=3 good=52 nongen=[] mism=0
W??F~z{~??G_k???@????A??????Rw?^G?Fs?@^??Uw?@f_ n=24 c=4 b=6 nu_cut=3 good=44 nongen=[] mism=0
Y??????e~b\cmonO^OBm??G????I????@?_?OG????^_?@}??B{??B{? n=26 c=7 b=4 nu_cut=3 good=44 nongen=[] mism=0
W???Fn]~Fk^_?_?_?O???C?Ag??????B{?B]??}_?Fs??Zo n=24 c=5 b=5 nu_cut=3 good=38 nongen=[] mism=0
Y??????M~d]oxWewTsBr?OO???A_??G??C??@?????^_?@}??B{??B{? n=26 c=7 b=4 nu_cut=3 good=52 nongen=[] mism=0
W??F~z{~@o??@?@?G?A?????????^O?Ng?K{?@v??]g??|_ n=24 c=4 b=6 nu_cut=3 good=46 nongen=[] mism=0
U???Fl}vd{Vo??O?P?CG?O?@????Fw?Fw?B{??~? n=22 c=5 b=4 nu_cut=3 good=40 nongen=[] mism=0
W???Fl}}fsNo@?_?L??G?_?????????E{?B]??n_?Fk??^_ n=24 c=5 b=5 nu_cut=3 good=47 nongen=[] mism=0
W????BlvUm^O}_uoAG@?????_?@???K????~??No?@}??Fw n=24 c=6 b=4 nu_cut=3 good=40 nongen=[] mism=0
W????BN\t]Ywlouo??@??G??_??W?E?????~??No?@}??Fw n=24 c=6 b=4 nu_cut=3 good=40 nongen=[] mism=0
Y??F~z{~?G??????Y??O?A??C??????ZS?Fk?@t_?Q{?@Jo?@m_?@t_? n=26 c=4 b=7 nu_cut=3 good=45 nongen=[] mism=0
Y??????^VhL[mozOYkFs??G?A_?D?????????o????^_?@}??B{??B{? n=26 c=7 b=4 nu_cut=3 good=47 nongen=[] mism=0
W????@zfs}NWto{oW????g??C??G??G????~??No?@}??Fw n=24 c=6 b=4 nu_cut=3 good=40 nongen=[] mism=0
W??F~z{~????U?????CW?O??????VW?ZW?Fs?Bt??Zo?@l_ n=24 c=4 b=6 nu_cut=3 good=41 nongen=[] mism=0
W???E~]^fsNo_?C?S????G????D????E{?By??~??D{??Zo n=24 c=5 b=5 nu_cut=3 good=41 nongen=[] mism=0
W???E~u~B{^_G?d??O??????_??C???Fk?Bm??n_?E{??Vo n=24 c=5 b=5 nu_cut=3 good=47 nongen=[] mism=0
U??F~z{~C???Y?_?A??_?????Ng?Zo?]o?Mw?B]? n=22 c=4 b=5 nu_cut=3 good=40 nongen=[] mism=0
U???Fzyne{Zo????CO@C?E??_???Fw?Fw?B{??~? n=22 c=5 b=4 nu_cut=3 good=38 nongen=[] mism=0
Y????@vlt]JwVovOO?D??G??_?C???_???????Fw?@v??D{??Fw??Mw? n=26 c=6 b=5 nu_cut=3 good=44 nongen=[] mism=0
W??F~z{~????_?g???@??F??????\g?^_?Ls?BN??[w?@x_ n=24 c=4 b=6 nu_cut=3 good=46 nongen=[] mism=0
Y????Bt}RuUwjoyo??Cg?O?@???O??O???????Ng?@|??B{??Jw??Jw? n=26 c=6 b=5 nu_cut=3 good=44 nongen=[] mism=0
Y???Fu}nb{\og?????A????@??A??C_???A|??No?Fs??\W??ro??^_? n=26 c=5 b=6 nu_cut=3 good=54 nongen=[] mism=0
Y??????f\ZK{Lw]oNgDx?O_A??C??C??????C_????^_?@}??B{??B{? n=26 c=7 b=4 nu_cut=3 good=45 nongen=[] mism=0
U??F~z{~????O?Q?@????d???No?\o?No?Lw?B{? n=22 c=4 b=5 nu_cut=3 good=40 nongen=[] mism=0
W???Fnm^fsVo????@??G?B????B_???Fw?Bu??~??F[??]o n=24 c=5 b=5 nu_cut=3 good=47 nongen=[] mism=0
Y???B~{nf[]oO???G???????E?DO??????@z??nO?Dm??Ng??yo??vO? n=26 c=5 b=6 nu_cut=3 good=52 nongen=[] mism=0
Y????@vru{Uwz_v_D??O???@@????@???_????Fw?@z??B{??Mw??Jw? n=26 c=6 b=5 nu_cut=3 good=47 nongen=[] mism=0
Y???D~{^fk]o??????AO???@G??O??c???Bx??z_?Dy??\W??z_??mo? n=26 c=5 b=6 nu_cut=3 good=52 nongen=[] mism=0
Y??????]\{Lk{WfoMsFb??_?A?E???C?????B?????^_?@}??B{??B{? n=26 c=7 b=4 nu_cut=3 good=52 nongen=[] mism=0
Y??F~z{~????O?O?R?@?????_??????[s?MM?BV??]S??to?@m_?A\_? n=26 c=4 b=7 nu_cut=3 good=45 nongen=[] mism=0
Y???Fz{ne{\o???_G??C?E?????C?A????B]??{o?Ey??[w??nO??to? n=26 c=5 b=6 nu_cut=3 good=46 nongen=[] mism=0
U???D}}vb{]oO?a?G????D?@????Fw?Fw?B{??~? n=22 c=5 b=4 nu_cut=3 good=40 nongen=[] mism=0
Y???F^m}e{No??O?A??_??????CW??_???A}??ro?FY??Zg??yo??vO? n=26 c=5 b=6 nu_cut=3 good=47 nongen=[] mism=0
Y????BtzUuNgz_No?OC_???????C?Ca???????No??~??D{??Ng??Ng? n=26 c=6 b=5 nu_cut=3 good=52 nongen=[] mism=0
Y????Bu}Vk^GZo}_?_?O????C??G??q???????Ng?@v??Fw??Ng??Mw? n=26 c=6 b=5 nu_cut=3 good=44 nongen=[] mism=0
W??F~z{~Ao????_??????I?A????]g?Zo?Fk?@n??]g??}_ n=24 c=4 b=6 nu_cut=3 good=44 nongen=[] mism=0
Y???F^y^fw\oC??????G?C??C?@O??_???Bl??|O?FU??No??\o??^O? n=26 c=5 b=6 nu_cut=3 good=48 nongen=[] mism=0
Y???F\}zd{Vo??C????W?C?@??A??A????Bl??mo?Fi??Tw??^_??No? n=26 c=5 b=6 nu_cut=3 good=46 nongen=[] mism=0
Y??F~z{~C?C?R?????@????A???????Zg?MM?@]_?Fs??n_?Br??AZ_? n=26 c=4 b=7 nu_cut=3 good=52 nongen=[] mism=0
Y??????tj][kjovGNWC}????_??@??E???_?GG????^_?@}??B{??B{? n=26 c=7 b=4 nu_cut=3 good=50 nongen=[] mism=0
W??F~z{~CO??G?F?C???????????[w?\W?Fk?@n??]o?@N_ n=24 c=4 b=6 nu_cut=3 good=44 nongen=[] mism=0
Y???Fvm}fwVoC?@????G?@?B??????_???Bx??~??Du??Xw??to??]o? n=26 c=5 b=6 nu_cut=3 good=52 nongen=[] mism=0
Y??????tpz[k}OuWVoDl??_?A????@O??K???_????^_?@}??B{??B{? n=26 c=7 b=4 nu_cut=3 good=52 nongen=[] mism=0
U??F~z{~?OC?????@?@??s???Jw?]o?No?No?B{? n=22 c=4 b=5 nu_cut=3 good=40 nongen=[] mism=0
Y??????ljt^_lgrWT[Em??O@G??A?????A_??O????^_?@}??B{??B{? n=26 c=7 b=4 nu_cut=3 good=52 nongen=[] mism=0
W????A}ytm]grotoAG?O?@_????O??O????~??No?@}??Fw n=24 c=6 b=4 nu_cut=3 good=46 nongen=[] mism=0
Y????BmvR]Mw|_\oBO???c??@?????A???????No??~??Fk??Fw??Lw? n=26 c=6 b=5 nu_cut=3 good=42 nongen=[] mism=0
U??F~z{~??A???`????_?i???No?Zo?\o?No?A}? n=22 c=4 b=5 nu_cut=3 good=38 nongen=[] mism=0
Y???E|}zfs\oC?C?OO???C?A_?????????@|??]o?Dm??NW??v_??v_? n=26 c=5 b=6 nu_cut=3 good=49 nongen=[] mism=0
W???F^]nf[]od?G???????????BO???F[?B{??^_?B{??^_ n=24 c=5 b=5 nu_cut=3 good=39 nongen=[] mism=0
W????BfjtyYwNo]oW?A??E???????E?????~??No?@}??Fw n=24 c=6 b=4 nu_cut=3 good=44 nongen=[] mism=0
W???Ft}nfs\oI?@????g?C??C??????Fw?Bm??v_?Fs??No n=24 c=5 b=5 nu_cut=3 good=45 nongen=[] mism=0
W????@}}Ry\Wv_z_?G????OAA?D???A????~??No?@}??Fw n=24 c=6 b=4 nu_cut=3 good=46 nongen=[] mism=0
U??F~z{~A???C?O?A?DO?????No?^O?\o?Fw?By? n=22 c=4 b=5 nu_cut=3 good=40 nongen=[] mism=0
Y????@n^c}YwlomoG?C??D?@?????E????????Lw?@^??E{??NW??Ng? n=26 c=6 b=5 nu_cut=3 good=52 nongen=[] mism=0
W????AnrvUJw\o}OH????g??O??_??_????~??No?@}??Fw n=24 c=6 b=4 nu_cut=3 good=46 nongen=[] mism=0
W????Az^emZoNotoG_@??G??_??A??A????~??No?@}??Fw n=24 c=6 b=4 nu_cut=3 good=44 nongen=[] mism=0
W??F~z{~??????@??_@o?O?@????^O?[w?Nc?Br??Lw?@y_ n=24 c=4 b=6 nu_cut=3 good=40 nongen=[] mism=0
W???D~u|fw^O@???L????@?B???????D{?B]??v_?Fs??\o n=24 c=5 b=5 nu_cut=3 good=42 nongen=[] mism=0
U???Fl}^e{^_G__???CO?_??G???Fw?Fw?B{??~? n=22 c=5 b=4 nu_cut=3 good=38 nongen=[] mism=0
W???F^{|b{]o??C???CG?A??G??o???B{?B{??z_?Fw??Zo n=24 c=5 b=5 nu_cut=3 good=45 nongen=[] mism=0
W??F~z{~?G?_W????????k??????Jw?Uw?Jk?A|??Zg?@y_ n=24 c=4 b=6 nu_cut=3 good=39 nongen=[] mism=0
W???Fn]}b{VoJ??????o???A??C????B{?By??}_?F[??No n=24 c=5 b=5 nu_cut=3 good=41 nongen=[] mism=0
W????A}\p}\W{o}_GG?G?@?B???G???????~??No?@}??Fw n=24 c=6 b=4 nu_cut=3 good=46 nongen=[] mism=0
U??F~z{~A?T?C?O?A????????Mw?^_?No?Jw?A}? n=22 c=4 b=5 nu_cut=3 good=40 nongen=[] mism=0
Y??????mv[[smW}_B{DN????P?A??A??@???AO????^_?@}??B{??B{? n=26 c=7 b=4 nu_cut=3 good=52 nongen=[] mism=0
W???F^y~Fs\oC??????C?C_?O??W???Fw?Bm??|_?F[??Zo n=24 c=5 b=5 nu_cut=3 good=36 nongen=[] mism=0
W??F~z{~A?????_?G?C?????s???^_?Mw?Mw?Av??Zo?@x_ n=24 c=4 b=6 nu_cut=3 good=40 nongen=[] mism=0
Y???Fz{vf[^O@?????@O?g_????G??????Bm??to?Dm??\g??^_??|O? n=26 c=5 b=6 nu_cut=3 good=49 nongen=[] mism=0
U???FvunfsVoB?D???A??O?@????Fw?Fw?B{??~? n=22 c=5 b=4 nu_cut=3 good=40 nongen=[] mism=0
W??F~z{~????_???@_???F?A????^_?Jw?Lw?Bt??]o??}_ n=24 c=4 b=6 nu_cut=3 good=39 nongen=[] mism=0
W???Fzy~B{\o??X??O?_????A??C???D{?A}??~??B{??Zo n=24 c=5 b=5 nu_cut=3 good=46 nongen=[] mism=0
Y??F~z{~??P???G?C?????????Cg???Uw?Mk?Au_?^C??ro?A^??A^?? n=26 c=4 b=7 nu_cut=3 good=50 nongen=[] mism=0
Y????B{mvsUw{o^O???G?@?@??A?????AB????No?@^??D{??Lw??No? n=26 c=6 b=5 nu_cut=3 good=49 nongen=[] mism=0
W???E|}|fw^_?_?_???S????G?@G???Fk?Bm??n_?Fw??Zo n=24 c=5 b=5 nu_cut=3 good=45 nongen=[] mism=0
Y???F^]~E{Vo?????????G_?a?AG?@????A|??lo?Eu??]g??uo??}_? n=26 c=5 b=6 nu_cut=3 good=52 nongen=[] mism=0
U??F~z{~?_O???C?O????Y???No?\o?No?No?Bm? n=22 c=4 b=5 nu_cut=3 good=35 nongen=[] mism=0
W??F~z{~??G?J???O????_?@????]g?Vg?Lw?BN??Xw??}_ n=24 c=4 b=6 nu_cut=3 good=40 nongen=[] mism=0
W???Fv]|fwVoA?A?[??????????g???D{?B]??n_?Fw??Zo n=24 c=5 b=5 nu_cut=3 good=41 nongen=[] mism=0
W??F~z{~?G??@?C?T???????O???Xw?[w?Ng?@v??Zo?@r_ n=24 c=4 b=6 nu_cut=3 good=40 nongen=[] mism=0
Y??????vLmK{iw{W\K@z??_?A????AO??S???_????^_?@}??B{??B{? n=26 c=7 b=4 nu_cut=3 good=52 nongen=[] mism=0
Y???B~{nfk]oA?__?????W?????O??O???Bm??lo?Fe??Ng??fo??vO? n=26 c=5 b=6 nu_cut=3 good=54 nongen=[] mism=0
Y??F~z{~??????????A_?O?Ac??_???\K?Le?@}??^C?@xO?Av??@]_? n=26 c=4 b=7 nu_cut=3 good=52 nongen=[] mism=0
W????A^ZvU^Gmo|O?_???@_?o??K???????~??No?@}??Fw n=24 c=6 b=4 nu_cut=3 good=44 nongen=[] mism=0
Y????Anutu^GZoto?_@_????C?????G?@G????Fw?@|??Fw??Mw??Jw? n=26 c=6 b=5 nu_cut=3 good=54 nongen=[] mism=0
U???Fvu~FkVoB?A???C_????K???Fw?Fw?B{??~? n=22 c=5 b=4 nu_cut=3 good=38 nongen=[] mism=0
W????B]^Q}ZWyo\oO?C????A??@C?@A????~??No?@}??Fw n=24 c=6 b=4 nu_cut=3 good=46 nongen=[] mism=0
W??F~z{~C?E_??????BO????????VW?\g?J[?A^??^G??|_ n=24 c=4 b=6 nu_cut=3 good=40 nongen=[] mism=0
Y???Fzu}d{No??@?@?BC????C??O??????@^??xo?Dy??[w??mo??zO? n=26 c=5 b=6 nu_cut=3 good=54 nongen=[] mism=0
U??F~z{~?G??M?O????G?O???Mw?Zo?Zo?Jw?By? n=22 c=4 b=5 nu_cut=3 good=40 nongen=[] mism=0
Y????@^{t]Vgv_roG????O????@_????AB????NW?@|??Fw??No??NW? n=26 c=6 b=5 nu_cut=3 good=46 nongen=[] mism=0
U???F^{vd{^_?_O_O_?C???@????Fw?Fw?B{??~? n=22 c=5 b=4 nu_cut=3 good=38 nongen=[] mism=0
W????An|em\o}_lo???W??O?P??A??_????~??No?@}??Fw n=24 c=6 b=4 nu_cut=3 good=39 nongen=[] mism=0
Y???F^y~E{Vo??R?A???????O??C??C???A|??fo?Fk??Ng??n_??{o? n=26 c=5 b=6 nu_cut=3 good=54 nongen=[] mism=0
W??F~z{~?GO?????O??G?U??????Vo?\g?NS?@v??^G?@Z_ n=24 c=4 b=6 nu_cut=3 good=40 nongen=[] mism=0
Y??????]viW{zOvG[kDV?A_?O??_??_?????@_????^_?@}??B{??B{? n=26 c=7 b=4 nu_cut=3 good=52 nongen=[] mism=0
Y?????~^U]No}_nOO??A?_????C??@G??@????NW?@}??Fw??NW??Ng? n=26 c=6 b=5 nu_cut=3 good=44 nongen=[] mism=0
W????@^}VsZgtoloC????P??g?@???O????~??No?@}??Fw n=24 c=6 b=4 nu_cut=3 good=44 nongen=[] mism=0
W????Anrt]^GuoVoK????C??O?B???_????~??No?@}??Fw n=24 c=6 b=4 nu_cut=3 good=46 nongen=[] mism=0
Y??F~z{~????O?P????G?i?????????Rk?Eu?@j_?Xw?@VO?At_?BX_? n=26 c=4 b=7 nu_cut=3 good=52 nongen=[] mism=0
W??F~z{~????@?????B??e??C???\o?^_?Nc?Bx??Yw?@j_ n=24 c=4 b=6 nu_cut=3 good=44 nongen=[] mism=0
W????AvNru]onOz_G?AO?A?A@????A?????~??No?@}??Fw n=24 c=6 b=4 nu_cut=3 good=44 nongen=[] mism=0
W???Ft}~Fw^Od??_???C??_???@????F[?By??^_?E{??No n=24 c=5 b=5 nu_cut=3 good=42 nongen=[] mism=0
Y???D~]nb{]o??I?Go?????A??C???????@|??fo?Du??Yw??uo??jo? n=26 c=5 b=6 nu_cut=3 good=49 nongen=[] mism=0
U??F~z{~?_S_??A??????E???Mw?Vo?Vo?No?B]? n=22 c=4 b=5 nu_cut=3 good=40 nongen=[] mism=0
W??F~z{~B_????@????O????K???VW?No?M[?@z??No?@|? n=24 c=4 b=6 nu_cut=3 good=40 nongen=[] mism=0
W?????~ZveVgxoz_??C_?C?A??AO??_????~??No?@}??Fw n=24 c=6 b=4 nu_cut=3 good=44 nongen=[] mism=0
W???D}}^fsNo_???G?A??_??G?E????Fw?@}??z_?E{??^_ n=24 c=5 b=5 nu_cut=3 good=41 nongen=[] mism=0
U???E~ynb{VoI?o?G????_?@????Fw?Fw?B{??~? n=22 c=5 b=4 nu_cut=3 good=38 nongen=[] mism=0
Y??????}UyQ{No}GMkC^??_?_?A@??C??a????????^_?@}??B{??B{? n=26 c=7 b=4 nu_cut=3 good=50 nongen=[] mism=0
W????A}|V[^Omolo?G?A?C_???AA?A?????~??No?@}??Fw n=24 c=6 b=4 nu_cut=3 good=44 nongen=[] mism=0
W???F^]|fwVo??C?P_?_????a??????Fk?By??v_?E{??^O n=24 c=5 b=5 nu_cut=3 good=45 nongen=[] mism=0
W????BN^b{NoxotoS?D??COA???????????~??No?@}??Fw n=24 c=6 b=4 nu_cut=3 good=39 nongen=[] mism=0
W????A|rp}^Gfo{o@OA??D????A??A?????~??No?@}??Fw n=24 c=6 b=4 nu_cut=3 good=46 nongen=[] mism=0
Y??F~z{~??B_????G?E????A???????]K?JM?@r_?Vo?@^??A]_?Bi_? n=26 c=4 b=7 nu_cut=3 good=45 nongen=[] mism=0
Y??F~z{~C?@?A?T???????????C????Mw?K{?BN??Zc?@\_?@f_??n_? n=26 c=4 b=7 nu_cut=3 good=45 nongen=[] mism=0
Y????Brttu^G\oz_??BG?A??G?C???O???????Mw?@v??D{??No??Jw? n=26 c=6 b=5 nu_cut=3 good=44 nongen=[] mism=0
W??F~z{~??D?A?d??????G??????\g?Xw?H{?@n??Vo?@}? n=24 c=4 b=6 nu_cut=3 good=46 nongen=[] mism=0
Y???B~unfw^O??A???A_?A????DG??????Bf??]o?Du??Ng??nO??zO? n=26 c=5 b=6 nu_cut=3 good=52 nongen=[] mism=0
W????Av\q}]oroz_S??O?A?????O?E?????~??No?@}??Fw n=24 c=6 b=4 nu_cut=3 good=46 nongen=[] mism=0
Y????A^vVsNgNoyoGW???_????B?????A?????Jw??~??B{??NW??NW? n=26 c=6 b=5 nu_cut=3 good=52 nongen=[] mism=0
U??F~z{~?GY?Q????_???????NW?^O?Zo?Jw?A}? n=22 c=4 b=5 nu_cut=3 good=38 nongen=[] mism=0
W??F~z{~??@?_?[????????AG???\o?Vg?E{?@^??Vg?@v? n=24 c=4 b=6 nu_cut=3 good=46 nongen=[] mism=0
U??F~z{~??O?J??????W?_???Lw?^O?\o?Lw?@}? n=22 c=4 b=5 nu_cut=3 good=38 nongen=[] mism=0
W???Fm}^fk^_A???IO?S???????O???Fk?A}??v_?F[??Zo n=24 c=5 b=5 nu_cut=3 good=46 nongen=[] mism=0
W????By\tmUw]o]o??C??P?A???Q?C?????~??No?@}??Fw n=24 c=6 b=4 nu_cut=3 good=34 nongen=[] mism=0
W????@}Nt{Zo\o|O?GC???O?@?C???S????~??No?@}??Fw n=24 c=6 b=4 nu_cut=3 good=44 nongen=[] mism=0
Y????Bj~Fk]ouoto@?@?????@??O??Q??@????No?@z??Fs??Mw??NW? n=26 c=6 b=5 nu_cut=3 good=46 nongen=[] mism=0
W????@zrveTwjo~??_?g????O??_?@C????~??No?@}??Fw n=24 c=6 b=4 nu_cut=3 good=44 nongen=[] mism=0
Y????BNjvUNg{olo?_A??M?@??????G???????Ng?@n??E{??Ng??No? n=26 c=6 b=5 nu_cut=3 good=44 nongen=[] mism=0
U??F~z{~@WA?????G??_?O???Jw?No?Vo?Fw?Bm? n=22 c=4 b=5 nu_cut=3 good=35 nongen=[] mism=0
Y??????x[}R[jW}GF[BV?O?@??A???K?????D?????^_?@}??B{??B{? n=26 c=7 b=4 nu_cut=3 good=52 nongen=[] mism=0
W??F~z{~E_G?h???????????????No?Xw?F[??~??Xw?@j_ n=24 c=4 b=6 nu_cut=3 good=41 nongen=[] mism=0
W??F~z{~?G??i?O??_???O??????Mw?Rw?Lw?Bl??]W?@m_ n=24 c=4 b=6 nu_cut=3 good=46 nongen=[] mism=0
Y????AnNum[wyo|_???????AG??O??O?@P????Mw?@z??Fw??Fw??No? n=26 c=6 b=5 nu_cut=3 good=48 nongen=[] mism=0
Y????Avze]\WnOvO??A??C??O??_????@g????No?@z??E{??No??Ng? n=26 c=6 b=5 nu_cut=3 good=53 nongen=[] mism=0
U???F^u}fw]oG_??@??O?o??G???Fw?Fw?B{??~? n=22 c=5 b=4 nu_cut=3 good=40 nongen=[] mism=0
Y????AnNvMUw}O\oP_AO????O????????O????Fw?@^??F[??Fw??Lw? n=26 c=6 b=5 nu_cut=3 good=46 nongen=[] mism=0
Y???Fzmzfw]o?_C_???C?C??O??O??????Br??uo?B]??Fw??xo??nO? n=26 c=5 b=6 nu_cut=3 good=48 nongen=[] mism=0
U??F~z{~@?Q_O?O?C????????Jw?Vo?]o?Fw?Bu? n=22 c=4 b=5 nu_cut=3 good=35 nongen=[] mism=0
Y????BZ|fiNg^_jo?O???W?AS????????A????Lw?@v??F[??No??Ng? n=26 c=6 b=5 nu_cut=3 good=52 nongen=[] mism=0
U??F~z{~??L?C?C???AO?????Ng?No?Vo?Jw?B{? n=22 c=4 b=5 nu_cut=3 good=38 nongen=[] mism=0
Y???E~uvd{\o??O?A?DG?C????A???????B\??yo?C}??Tw??jo??{o? n=26 c=5 b=6 nu_cut=3 good=44 nongen=[] mism=0
U??F~z{~CO?_e????????@???Lw?^_?Zo?Fw?@}? n=22 c=4 b=5 nu_cut=3 good=38 nongen=[] mism=0
Y????BNmvk\g}Olo??A??C?@O??M??????????Ng?@}??Fk??NW??Mw? n=26 c=6 b=5 nu_cut=3 good=54 nongen=[] mism=0
W????BxjvwMwlo{o@?????_?G??S?E?????~??No?@}??Fw n=24 c=6 b=4 nu_cut=3 good=44 nongen=[] mism=0
Y??????N\tZcLw}OI{@^?O?@??@O?A??????`?????^_?@}??B{??B{? n=26 c=7 b=4 nu_cut=3 good=45 nongen=[] mism=0
W???E}}zfw]oG?A?Oo@????????O???Fk?Bm??v_?E{??Vo n=24 c=5 b=5 nu_cut=3 good=47 nongen=[] mism=0
Y??????ky^VozG|G[wDx???????A??Q??H??CG????^_?@}??B{??B{? n=26 c=7 b=4 nu_cut=3 good=50 nongen=[] mism=0
W??F~z{~?G?_C?q????_????????Yw?\o?K{?@}??Uw?@t_ n=24 c=4 b=6 nu_cut=3 good=46 nongen=[] mism=0
U???Fnyvfs\oQ?@??_@_????C???Fw?Fw?B{??~? n=22 c=5 b=4 nu_cut=3 good=40 nongen=[] mism=0
Y??F~z{~AO??@????_?????AW??????Jk?Lq?Bm??U[??zO??~??BU_? n=26 c=4 b=7 nu_cut=3 good=50 nongen=[] mism=0
Y??F~z{~A?I?C????????i?????????M[?Js?@N_?Zg?@]O??}_?Ax_? n=26 c=4 b=7 nu_cut=3 good=52 nongen=[] mism=0
Y??????^VLFktoTwFwFR?_?@?_C?????A???A_????^_?@}??B{??B{? n=26 c=7 b=4 nu_cut=3 good=52 nongen=[] mism=0
Y????@|zfe^OzOroA??_????_??_?CW???????Ng??~??B{??Ng??NW? n=26 c=6 b=5 nu_cut=3 good=49 nongen=[] mism=0
Y???Fzyvfk\o@??_U???????C?????C???B\??Zo?FU??]o??v_??fo? n=26 c=5 b=6 nu_cut=3 good=54 nongen=[] mism=0
Y????BZmve]onOzO@??????@A????@K??G????Fw?@|??F[??Ng??No? n=26 c=6 b=5 nu_cut=3 good=48 nongen=[] mism=0
Y????Bl~Du]W^Oz_???G?oO?C??S??????????Jw?@}??Fk??Lw??Lw? n=26 c=6 b=5 nu_cut=3 good=46 nongen=[] mism=0
Y???Fz{ze{^O?_??O??C???@g?????C???A}??yo?Fk??\W??mo??Vo? n=26 c=5 b=6 nu_cut=3 good=53 nongen=[] mism=0
Y???E~yzfkNo??L?R?????????????C???A}??vO?Dm??Rw??ro??}O? n=26 c=5 b=6 nu_cut=3 good=48 nongen=[] mism=0
U???F^]|d{]o??A?GOB??A??G???Fw?Fw?B{??~? n=22 c=5 b=4 nu_cut=3 good=40 nongen=[] mism=0
W??F~z{~A???????G_???M??C???]g?Tw?Mw?@|??]g?@l_ n=24 c=4 b=6 nu_cut=3 good=46 nongen=[] mism=0
U??F~z{~@?@???A?I_???G???Fw?]o?]o?Mw?B]? n=22 c=4 b=5 nu_cut=3 good=40 nongen=[] mism=0
W??F~z{~??O???W???C????@W???[w?Vo?K{?BZ??Vo?@z? n=24 c=4 b=6 nu_cut=3 good=44 nongen=[] mism=0
Y???Fz{}d{No?????O???@_B???K??????Bf??jo?Fe??Vg??to??}O? n=26 c=5 b=6 nu_cut=3 good=52 nongen=[] mism=0
Y??F~z{~??B_??????E????A??A????T[?B]?@}??Ts?@eo?Ar_?@z?? n=26 c=4 b=7 nu_cut=3 good=52 nongen=[] mism=0
U???F]}^f[]oG_??Q?C_????O???Fw?Fw?B{??~? n=22 c=5 b=4 nu_cut=3 good=38 nongen=[] mism=0
U??F~z{~????J???O?C_?C???Ng?No?Zo?Lw?Bu? n=22 c=4 b=5 nu_cut=3 good=40 nongen=[] mism=0
Y??????h}uLshwmW^C@n?`????AO?AO?@?????????^_?@}??B{??B{? n=26 c=7 b=4 nu_cut=3 good=50 nongen=[] mism=0
Y??F~z{~@?B_??_????????A??@????Uw?Fk?BM_?VS??]o?Bm???}_? n=26 c=4 b=7 nu_cut=3 good=45 nongen=[] mism=0
W???Fn{zb{^O?????_C??_??C?BO???Fk?B]??~??E{??^_ n=24 c=5 b=5 nu_cut=3 good=42 nongen=[] mism=0
Y??F~z{~?O??A?k????G????C??????Ms?K]?BN??^C?@[o?Bf??@m_? n=26 c=4 b=7 nu_cut=3 good=52 nongen=[] mism=0
Y???F^{|fw^Og_?_?????C?????_??C???@|??\o?D{??Fw??~???n_? n=26 c=5 b=6 nu_cut=3 good=47 nongen=[] mism=0
W????A^|fYNov_zOAO?A?c?????A??A????~??No?@}??Fw n=24 c=6 b=4 nu_cut=3 good=46 nongen=[] mism=0
U??F~z{~Co??@?@?K????????NW?\o?Vo?Fw?@}? n=22 c=4 b=5 nu_cut=3 good=38 nongen=[] mism=0
Y????Bl|fUNgfoto??@??C?????_??M??_????Fw?@n??E{??Ng??Ng? n=26 c=6 b=5 nu_cut=3 good=49 nongen=[] mism=0
U???D~]~D{^_O?W???A??C_?_???Fw?Fw?B{??~? n=22 c=5 b=4 nu_cut=3 good=34 nongen=[] mism=0
U??F~z{~??@?A?@??_D_?????Ng?^O?^_?Mw?Bm? n=22 c=4 b=5 nu_cut=3 good=35 nongen=[] mism=0
Y????BrnRuVg|_to??A??A????EC??O??G????Fw?@z??F[??NW??No? n=26 c=6 b=5 nu_cut=3 good=53 nongen=[] mism=0
Y??F~z{~????H??????G????_?EO???Zo?LY?Bu??NK??|_?An??@Z_? n=26 c=4 b=7 nu_cut=3 good=52 nongen=[] mism=0
U??F~z{~????W?A?@????p???No?^O?Zo?No?@}? n=22 c=4 b=5 nu_cut=3 good=38 nongen=[] mism=0
Y???Fnu~E{VoF?????F?????_?????????Bm??to?Eu??Lw??No??Zo? n=26 c=5 b=6 nu_cut=3 good=46 nongen=[] mism=0
Y????A}}U]NoZo|_O??I?Ao??????C????????Jw?@|??E{??Ng??Lw? n=26 c=6 b=5 nu_cut=3 good=48 nongen=[] mism=0
W????BNjvUNW|O\oGO?_?C????@G??_????~??No?@}??Fw n=24 c=6 b=4 nu_cut=3 good=46 nongen=[] mism=0
U??F~z{~??I_I?A?C????????Ng?Vo?Vo?Lw?Bm? n=22 c=4 b=5 nu_cut=3 good=40 nongen=[] mism=0
W????@^^fsYw^OuoCO?W?_????C??C?????~??No?@}??Fw n=24 c=6 b=4 nu_cut=3 good=40 nongen=[] mism=0
Y????A||a}]onOfoG?A?????I?????Q?@?????Jw?@|??E{??Mw??No? n=26 c=6 b=5 nu_cut=3 good=54 nongen=[] mism=0
Y???D~mvfsNoo_???????i?@??????????Bj??nO?Bm??Mw??Zo??lo? n=26 c=5 b=6 nu_cut=3 good=49 nongen=[] mism=0
W???Fnuzb{VoE?C?O_???A?????O???Fw?Bu??z_?E{??No n=24 c=5 b=5 nu_cut=3 good=45 nongen=[] mism=0
Y???Fz{ze{]o?_d??O??????a?????????An??{o?@}??ZW??ro??n_? n=26 c=5 b=6 nu_cut=3 good=53 nongen=[] mism=0
W????BZnfw]Wz_ZoG_?A?A_?@??A???????~??No?@}??Fw n=24 c=6 b=4 nu_cut=3 good=46 nongen=[] mism=0
W????A}]tyZguo{o?W@??G??C??G??G????~??No?@}??Fw n=24 c=6 b=4 nu_cut=3 good=44 nongen=[] mism=0
Y??????]vJR[roroVgB\??G???????`?AO??CG????^_?@}??B{??B{? n=26 c=7 b=4 nu_cut=3 good=47 nongen=[] mism=0
Y???E|}nf[Vo??O???A???_?s?A????????~??nO?FU??\W??mo??xo? n=26 c=5 b=6 nu_cut=3 good=47 nongen=[] mism=0
W???Fv{~FkVoC??_?????p??A??C???Fk?B{??n_?Fk??^O n=24 c=5 b=5 nu_cut=3 good=46 nongen=[] mism=0
W??F~z{~??@?_?A?K_?????A????Yw?\g?J[?By??Uw?@n? n=24 c=4 b=6 nu_cut=3 good=46 nongen=[] mism=0
W??F~z{~?O@?_????????_?@S???Xw?^_?NW?Av??Lw??~? n=24 c=4 b=6 nu_cut=3 good=46 nongen=[] mism=0
W???B~uzb{]o??A?O?C??_??G?@O???Fk?B{??z_?Fk??\o n=24 c=5 b=5 nu_cut=3 good=38 nongen=[] mism=0
U???Fzund{ZoH?c?G?A??O??????Fw?Fw?B{??~? n=22 c=5 b=4 nu_cut=3 good=40 nongen=[] mism=0
U??F~z{~C?????K???C??F???No?^_?No?Jw?Bm? n=22 c=4 b=5 nu_cut=3 good=38 nongen=[] mism=0
Y??????F}V]o}G^O^GDr?@?????G?@@??A_?@?????^_?@}??B{??B{? n=26 c=7 b=4 nu_cut=3 good=45 nongen=[] mism=0
U??F~z{~C???B???H_???_???NW?^_?]o?No?B]? n=22 c=4 b=5 nu_cut=3 good=34 nongen=[] mism=0
Y???Fl}nfk^_??O???AO??????Co??O???An??v_?Dy??Vg??yo??}O? n=26 c=5 b=6 nu_cut=3 good=46 nongen=[] mism=0
Y??F~z{~CGS_????????????G??O???E{?Ls?@x_?Us?@Uo?@m_?Az?? n=26 c=4 b=7 nu_cut=3 good=50 nongen=[] mism=0
Y????@nVtmRw]on_L??_?_?A?????C????????Jw??~??F[??Fw??No? n=26 c=6 b=5 nu_cut=3 good=48 nongen=[] mism=0
U???B~m}b{\o_?_???B??D?A????Fw?Fw?B{??~? n=22 c=5 b=4 nu_cut=3 good=35 nongen=[] mism=0
U???Fzm~E{NoG_?_Q?@C????????Fw?Fw?B{??~? n=22 c=5 b=4 nu_cut=3 good=38 nongen=[] mism=0
Y??F~z{~B?M?????@??????????O???B{?NI?Au_?[[??}_?Av???~?? n=26 c=4 b=7 nu_cut=3 good=44 nongen=[] mism=0
W??F~z{~CWL??????_??????????Vg?Mw?H{?@^??Uw??}_ n=24 c=4 b=6 nu_cut=3 good=41 nongen=[] mism=0
Y??????u\NXwjgVoNcAn???AO?@??@???_??S?????^_?@}??B{??B{? n=26 c=7 b=4 nu_cut=3 good=52 nongen=[] mism=0
W?????~|a}ZW}OfoC?AO?G?@C????@?????~??No?@}??Fw n=24 c=6 b=4 nu_cut=3 good=46 nongen=[] mism=0
W??F~z{~??X?C???A??G????C???Vo?Fw?Fk?A^??]g?@y_ n=24 c=4 b=6 nu_cut=3 good=46 nongen=[] mism=0
Y??????li^Zo~?MwR[Dm?O?@??????P??D??O?????^_?@}??B{??B{? n=26 c=7 b=4 nu_cut=3 good=52 nongen=[] mism=0
W???B|}}fwVo_???W????_?@W??????Fs?B]??}_?F[??^_ n=24 c=5 b=5 nu_cut=3 good=46 nongen=[] mism=0
U???B~yzb{VoW?C_O?C????A????Fw?Fw?B{??~? n=22 c=5 b=4 nu_cut=3 good=40 nongen=[] mism=0
W????BfvRyXwzO^_AO??????Q??C?@O????~??No?@}??Fw n=24 c=6 b=4 nu_cut=3 good=44 nongen=[] mism=0
W???F^]~FkZo??G?C??w????_?C????E{?Bm??z_?D{??^O n=24 c=5 b=5 nu_cut=3 good=46 nongen=[] mism=0
Y????A}~BuZWZouo???g???BC?????A??@????Mw?@^??B{??Mw??NW? n=26 c=6 b=5 nu_cut=3 good=52 nongen=[] mism=0
W???B~mzfs^_?_??OOC???????Ao???E{?B{??|_?Fs??^_ n=24 c=5 b=5 nu_cut=3 good=43 nongen=[] mism=0
U??F~z{~??A?C???@?BG?A???No?^O?^O?No?@}? n=22 c=4 b=5 nu_cut=3 good=35 nongen=[] mism=0
Y???E|}nfs^_????HOC??_?????G??G???By??zO?C}??Vo??to??Vo? n=26 c=5 b=6 nu_cut=3 good=54 nongen=[] mism=0
W??F~z{~??G?C?O??????b??O???Xw?]o?NS?Bl??Vo?@m_ n=24 c=4 b=6 nu_cut=3 good=46 nongen=[] mism=0
W???E~u}fw\o??????A??J????D_???Fk?A}??~??Fk??^_ n=24 c=5 b=5 nu_cut=3 good=41 nongen=[] mism=0
U???Fz{nb{]o?_?_Q????O_@????Fw?Fw?B{??~? n=22 c=5 b=4 nu_cut=3 good=38 nongen=[] mism=0
U???Fzy^fwVoO?O_@_????_?A???Fw?Fw?B{??~? n=22 c=5 b=4 nu_cut=3 good=38 nongen=[] mism=0
Y????@nvS}VWyoxoAO???C??O???????AK????Mw?@}??B{??NW??No? n=26 c=6 b=5 nu_cut=3 good=53 nongen=[] mism=0
U???Fzy~F[Zo?_?_?O???P??W???Fw?Fw?B{??~? n=22 c=5 b=4 nu_cut=3 good=40 nongen=[] mism=0
W????@zzf[Vgyon_???A?@O?@??G?A_????~??No?@}??Fw n=24 c=6 b=4 nu_cut=3 good=39 nongen=[] mism=0
W???D|}~E{\o??J?GO?_?C?????????B{?Bm??n_?D{??Zo n=24 c=5 b=5 nu_cut=3 good=45 nongen=[] mism=0
W??F~z{~A?????F??????_?B????Xw?]W?Fw?BN??Tw?@}? n=24 c=4 b=6 nu_cut=3 good=46 nongen=[] mism=0
Y????BtvT]\oyon_?G?_?C??O????@O??@????Lw?@z??B{??Jw??Ng? n=26 c=6 b=5 nu_cut=3 good=52 nongen=[] mism=0
Y????@}jr{Vguo~???@_?@_?@??A??A???????Jw?@n??B{??No??Mw? n=26 c=6 b=5 nu_cut=3 good=54 nongen=[] mism=0
Y????Bx~@}XwfozOC?@??o?????C??C??A????NW?@n??Fs??Jw??Jw? n=26 c=6 b=5 nu_cut=3 good=47 nongen=[] mism=0
W???B~y~FwVo????G?DC?`????A????F[?Bu??v_?E{??\o n=24 c=5 b=5 nu_cut=3 good=38 nongen=[] mism=0
W??F~z{~??G?J??????????AW???Vo?Zo?Jk?B{??Zg??n_ n=24 c=4 b=6 nu_cut=3 good=40 nongen=[] mism=0
U???Fzy^b{VoP?_???C??A_A????Fw?Fw?B{??~? n=22 c=5 b=4 nu_cut=3 good=40 nongen=[] mism=0
Y??????ZmlFwVgmoZgEr????_??I?A@??_??G?????^_?@}??B{??B{? n=26 c=7 b=4 nu_cut=3 good=52 nongen=[] mism=0
Y???D~{~E{VoO?G_G???????[?????????Bj??fo?A}??Fw??uo??]o? n=26 c=5 b=6 nu_cut=3 good=41 nongen=[] mism=0
U???E~y^b{]o????I?D??_?A_???Fw?Fw?B{??~? n=22 c=5 b=4 nu_cut=3 good=38 nongen=[] mism=0
Y???Fz{vd{]o??M???????_?A??C?C????A|??}O?F[??VW??n_??{o? n=26 c=5 b=6 nu_cut=3 good=48 nongen=[] mism=0
W????BxnfkVWyofoG??a?H?@??A????????~??No?@}??Fw n=24 c=6 b=4 nu_cut=3 good=40 nongen=[] mism=0
W??F~z{~D_@???A??_??????C???Mw?ZW?B{?A|??Ng?@v? n=24 c=4 b=6 nu_cut=3 good=46 nongen=[] mism=0
Y??F~z{~?_O?_?C???BG???????????S{?K]?BY_?L[?@wo?AZ_?@|?? n=26 c=4 b=7 nu_cut=3 good=52 nongen=[] mism=0
Y????@vZt{ZWz_~?O?????O?@??A?C???g????No?@v??B{??Fw??No? n=26 c=6 b=5 nu_cut=3 good=47 nongen=[] mism=0
Y????@nvUm[wro\oC?@??G??W?CC??????????Lw??~??F[??NW??Jw? n=26 c=6 b=5 nu_cut=3 good=47 nongen=[] mism=0
U??F~z{~?GE???@??????e???No?Vo?Vo?No?By? n=22 c=4 b=5 nu_cut=3 good=38 nongen=[] mism=0
W???Fl}^d{^O@??????G?o?AI??????F[?Bu??}_?F[??^O n=24 c=5 b=5 nu_cut=3 good=41 nongen=[] mism=0
W??F~z{~D_??????G????O?AG???^O?Lw?F[?Bu??Rw??}_ n=24 c=4 b=6 nu_cut=3 good=44 nongen=[] mism=0
W??F~z{~A?@?A???G?Cg????????ZW?Mw?H{?Az??^G?@m_ n=24 c=4 b=6 nu_cut=3 good=40 nongen=[] mism=0
Y??????Nvi^Odw\gJwDV??G@_??@??????_?o?????^_?@}??B{??B{? n=26 c=7 b=4 nu_cut=3 good=52 nongen=[] mism=0
Y??????rt]Lsjg\WNS@v?_?A??A??A???P??_?????^_?@}??B{??B{? n=26 c=7 b=4 nu_cut=3 good=44 nongen=[] mism=0
Y???F]}|f[Zo??G?C?CO???@Q?????????A^??yo?Bu??Tw??|O??yo? n=26 c=5 b=6 nu_cut=3 good=49 nongen=[] mism=0
W??F~z{~????O???G?C??_??w???]o?Ng?J[?B]??^O??}_ n=24 c=4 b=6 nu_cut=3 good=46 nongen=[] mism=0
Y???D}}|fkZo??W???A??J???????A????BV??z_?Fk??Uw??nO??n_? n=26 c=5 b=6 nu_cut=3 good=44 nongen=[] mism=0
Y????Bm^fq]olo{o@??A????@??O??O??E????Jw?@z??D{??No??Lw? n=26 c=6 b=5 nu_cut=3 good=47 nongen=[] mism=0
Y????Bxlve^_~?fo?O?I????A?A???C?@?????Jw?@}??F[??Fw??Ng? n=26 c=6 b=5 nu_cut=3 good=52 nongen=[] mism=0
W??F~z{~??@_A?k??_??????????Fw?]W?Lk?Bf??Tw??v_ n=24 c=4 b=6 nu_cut=3 good=46 nongen=[] mism=0
W???Fy}nb{^OO?O?G?@_???????K???Fk?B]??z_?D{??^_ n=24 c=5 b=5 nu_cut=3 good=47 nongen=[] mism=0
Y??????p}lVcMwz_RwFT??O?S?????A?@G???O????^_?@}??B{??B{? n=26 c=7 b=4 nu_cut=3 good=52 nongen=[] mism=0
U??F~z{~??C?G?A???EG?A???Ng?No?]o?Ng?Bm? n=22 c=4 b=5 nu_cut=3 good=40 nongen=[] mism=0
W???F^{|e{\oA?C?A????A?AC??_???D{?A}??}_?E{??\o n=24 c=5 b=5 nu_cut=3 good=42 nongen=[] mism=0
Y???E~{nd{]oY?????C??????????Ag???BV??Zo?Fw??Fw??^_??~?? n=26 c=5 b=6 nu_cut=3 good=48 nongen=[] mism=0
U???D}}}fw\o__@?G????O?@C???Fw?Fw?B{??~? n=22 c=5 b=4 nu_cut=3 good=38 nongen=[] mism=0
W??F~z{~@_??_???J?C?????????]g?Mw?E{?B\??]o?@|? n=24 c=4 b=6 nu_cut=3 good=44 nongen=[] mism=0
Y??????b|xMsjWmoNKFb?_O@?????A???I??O?????^_?@}??B{??B{? n=26 c=7 b=4 nu_cut=3 good=45 nongen=[] mism=0
U??F~z{~?gO???_?D_???????NW?]o?Zo?Fw?B{? n=22 c=4 b=5 nu_cut=3 good=38 nongen=[] mism=0
Y???D~]|e{]oG???@??O?G??G?@??A????B\??zO?Bu??Mw??~???yo? n=26 c=5 b=6 nu_cut=3 good=45 nongen=[] mism=0
W????Btlq}VWzO^OS?????_?S??C??C????~??No?@}??Fw n=24 c=6 b=4 nu_cut=3 good=46 nongen=[] mism=0
U???F^{}f[ZoC?A_?????K??o???Fw?Fw?B{??~? n=22 c=5 b=4 nu_cut=3 good=38 nongen=[] mism=0
Y????BlNu{Rwv_moAO@??G???????@??B?????Lw?@n??B{??Mw??No? n=26 c=6 b=5 nu_cut=3 good=44 nongen=[] mism=0
Y??????tniMkyo{gZgDZ??_?A??W?@_??A????????^_?@}??B{??B{? n=26 c=7 b=4 nu_cut=3 good=45 nongen=[] mism=0
Y????AnVvMZW\o}OE????p???????@_???????Lw?@n??B{??Fw??Ng? n=26 c=6 b=5 nu_cut=3 good=54 nongen=[] mism=0
Y??F~z{~@???@?U???@?????C??????\o?C}?Bh_?ZS?@Z_?Bd_?@^?? n=26 c=4 b=7 nu_cut=3 good=52 nongen=[] mism=0
Y??????{rmZg{onG]SC^?A??G??B??W?????@?????^_?@}??B{??B{? n=26 c=7 b=4 nu_cut=3 good=44 nongen=[] mism=0
U???Fvuzd{VoO?`?G?@O?O??????Fw?Fw?B{??~? n=22 c=5 b=4 nu_cut=3 good=40 nongen=[] mism=0
Y???Fv{vd{]oW???POA??G????????????BV??No?Em??Zo??nO??Zo? n=26 c=5 b=6 nu_cut=3 good=54 nongen=[] mism=0
Y???Fzu}fk\oO???PO@K??????????????BN??Zo?C}??^G??v_??jo? n=26 c=5 b=6 nu_cut=3 good=46 nongen=[] mism=0
W????@zmuyVWz_ro?_?G?@??P?D????????~??No?@}??Fw n=24 c=6 b=4 nu_cut=3 good=46 nongen=[] mism=0
Y???F\}vd{Vo??G?C?A??O?@??CO???????~??nO?Em??NW??vO??ro? n=26 c=5 b=6 nu_cut=3 good=46 nongen=[] mism=0
Y????BfnTyYw]ofo??A???_?K?A???C?@?????No?@^??E{??Jw??Mw? n=26 c=6 b=5 nu_cut=3 good=49 nongen=[] mism=0
Y???E}}zfkZoG?G???A??G?@??????g???Bt??jo?Eu??^O??v_??]o? n=26 c=5 b=6 nu_cut=3 good=46 nongen=[] mism=0
Y????@nvVeNWuolo???c?@??_??G??G??_????Mw?@|??D{??Lw??Ng? n=26 c=6 b=5 nu_cut=3 good=49 nongen=[] mism=0
Y??????\szX[{WTwK{Fp?A????@C??O?AC??A?????^_?@}??B{??B{? n=26 c=7 b=4 nu_cut=3 good=52 nongen=[] mism=0
Y??F~z{~@???????R??G????_??G???^O?NI?@V_?Uk??ro??z_?@z?? n=26 c=4 b=7 nu_cut=3 good=38 nongen=[] mism=0
W???D|}zfw^_???_?O?o?P??A??????B{?Bm??v_?Fk??^_ n=24 c=5 b=5 nu_cut=3 good=47 nongen=[] mism=0
Y??????[}{NWrWiwYsEr?__?c??G????????H?????^_?@}??B{??B{? n=26 c=7 b=4 nu_cut=3 good=50 nongen=[] mism=0
Y??????e~e\gswRwJwFX?E??c?@??@G???????????^_?@}??B{??B{? n=26 c=7 b=4 nu_cut=3 good=50 nongen=[] mism=0
Y????Bt]vsYw}O^_?????HO????G??G?AG????Lw?@n??Fs??No??Jw? n=26 c=6 b=5 nu_cut=3 good=52 nongen=[] mism=0
Y???D~{}fw^O?_?_?O???O??S????A????Br??yo?Dm??Lw??Vo??^_? n=26 c=5 b=6 nu_cut=3 good=44 nongen=[] mism=0
Y????BN}RyYwjojoC????O?@??@?????AS????Mw?@}??D{??Lw??No? n=26 c=6 b=5 nu_cut=3 good=49 nongen=[] mism=0
U??F~z{~EO?_C??????G?C???Mw?^_?No?Fw?Bu? n=22 c=4 b=5 nu_cut=3 good=40 nongen=[] mism=0
W??F~z{~????B?G?W_???G??????]g?\g?Fw?Bu??Xw?@j_ n=24 c=4 b=6 nu_cut=3 good=44 nongen=[] mism=0
W????BxfvU\gtofoE????G?@A??_?@?????~??No?@}??Fw n=24 c=6 b=4 nu_cut=3 good=44 nongen=[] mism=0
W???F]}^f[ZoB?_?A?C?????O??_???F[?B{??^_?B{??^_ n=24 c=5 b=5 nu_cut=3 good=42 nongen=[] mism=0
U???D~yzfw\oC???A?@O?`??O???Fw?Fw?B{??~? n=22 c=5 b=4 nu_cut=3 good=40 nongen=[] mism=0
Y??F~z{~@?O?F???S??????????????R[?JY?@f_?Yk??mo?A}??B[_? n=26 c=4 b=7 nu_cut=3 good=52 nongen=[] mism=0
W???D~yze{]o`_S????_?O?????????Fs?@}??n_?B{??Vo n=24 c=5 b=5 nu_cut=3 good=47 nongen=[] mism=0
U???Fv]nd{^_O?O?G?CC?G_?????Fw?Fw?B{??~? n=22 c=5 b=4 nu_cut=3 good=40 nongen=[] mism=0
W????Bx}S}^_jo^_?OAC????`?AC???????~??No?@}??Fw n=24 c=6 b=4 nu_cut=3 good=44 nongen=[] mism=0
W???B~{vfk^_q????O???A??A??C???Fw?@}??}_?B{??]o n=24 c=5 b=5 nu_cut=3 good=46 nongen=[] mism=0
Y???B|}ve{VoO???G?D_????K?????????BZ??}_?Bm??Tw??ro??ro? n=26 c=5 b=6 nu_cut=3 good=43 nongen=[] mism=0
Y??F~z{~@OW_G???@??????????????Yw?Jw?@}??D{?@so?AN_??v_? n=26 c=4 b=7 nu_cut=3 good=52 nongen=[] mism=0
Y???B~u}e{]oC???@??O?A?@a?????????BN??}_?Bu??Zg??^O??{o? n=26 c=5 b=6 nu_cut=3 good=53 nongen=[] mism=0
U??F~z{~?GM?_?@???C??????NW?Vo?Vo?Ng?B]? n=22 c=4 b=5 nu_cut=3 good=40 nongen=[] mism=0
Y???F]}~FwVoC?w?A???????E??????????~??fo?FU??VW??to??^_? n=26 c=5 b=6 nu_cut=3 good=44 nongen=[] mism=0
U??F~z{~AG??h??????_?C???Lw?No?Zo?Ng?A}? n=22 c=4 b=5 nu_cut=3 good=38 nongen=[] mism=0
U??F~z{~??E?????F?C??_???NW?^O?]o?Mw?A}? n=22 c=4 b=5 nu_cut=3 good=38 nongen=[] mism=0
W???E~yvfs]oG?G?A_?????@A?@????B{?Bu??}_?E{??^_ n=24 c=5 b=5 nu_cut=3 good=42 nongen=[] mism=0
Y????An]ty\gmouoAoA??O?@?????????_????Jw?@|??B{??Fw??Jw? n=26 c=6 b=5 nu_cut=3 good=44 nongen=[] mism=0
Y??F~z{~??E_O??????O?O??G??????S{?Im?Bk_?Jk?@]O?A|??@Z_? n=26 c=4 b=7 nu_cut=3 good=45 nongen=[] mism=0
W???Fv{~B{No___?O????W_????????Fk?By??^_?E{??]o n=24 c=5 b=5 nu_cut=3 good=46 nongen=[] mism=0
U??F~z{~?G????@?P????Y???NW?No?^_?Jw?B{? n=22 c=4 b=5 nu_cut=3 good=38 nongen=[] mism=0
Y??F~z{~???_q?G???@??@?????????Ng?FY??^_?Xw?@ko?Af_?BY_? n=26 c=4 b=7 nu_cut=3 good=52 nongen=[] mism=0
U??F~z{~EGA?????C?@??C???Fw?^O?\o?Lw?@}? n=22 c=4 b=5 nu_cut=3 good=40 nongen=[] mism=0
U???E~u~D{ZoG?G?C??o?P??????Fw?Fw?B{??~? n=22 c=5 b=4 nu_cut=3 good=40 nongen=[] mism=0
W??F~z{~?oG?i??????????@????Mw?\g?Lw?@^??Vg?@j_ n=24 c=4 b=6 nu_cut=3 good=44 nongen=[] mism=0
Y??F~z{~D_C?????J??????????????B{?F[?AZ_?ZK?@rO??v_?@v?? n=26 c=4 b=7 nu_cut=3 good=47 nongen=[] mism=0
Y????@|rrm]o^O{o???O?_O?G?????O??Q????Lw?@|??F[??No??Jw? n=26 c=6 b=5 nu_cut=3 good=48 nongen=[] mism=0
Y???Fv{^fkNo_?a??????L??G?????????A^??|O?@}??Mw??]o??|_? n=26 c=5 b=6 nu_cut=3 good=48 nongen=[] mism=0
Y??F~z{~??????C?K?AW?C?????????Vc?K{?Bj??Y[?@po?@x_?@t_? n=26 c=4 b=7 nu_cut=3 good=50 nongen=[] mism=0
Y??F~z{~????_?????C??L??W??????J[?Le?A|??\S?@uO?At_?Ay_? n=26 c=4 b=7 nu_cut=3 good=44 nongen=[] mism=0
W??F~z{~A?O?????G?@o?_??????\W?Ng?I{?@v??^O??|_ n=24 c=4 b=6 nu_cut=3 good=40 nongen=[] mism=0
Y??F~z{~????a?a?K_?????????????K{?Ms?Bu??ZW?@bo?Al_?BT_? n=26 c=4 b=7 nu_cut=3 good=52 nongen=[] mism=0
W??F~z{~A???i?@??_???O??????Jw?Zo?L[?@v??Tw??}_ n=24 c=4 b=6 nu_cut=3 good=40 nongen=[] mism=0
Y???Fzm|f[Zo??S????????AS??C??C???A}??mo?Dy??^G??}_??~?? n=26 c=5 b=6 nu_cut=3 good=46 nongen=[] mism=0
U??F~z{~??C?G?P?I_???????Lw?\o?Vo?NW?Bu? n=22 c=4 b=5 nu_cut=3 good=38 nongen=[] mism=0
W???Fv{~Fk\o??A????C?A_?A?CG???Fw?By??v_?Fw??]o n=24 c=5 b=5 nu_cut=3 good=45 nongen=[] mism=0
Y???E~unfk^_?????????O?Ag?@G?A????Av??yo?Fq??\g??to??}_? n=26 c=5 b=6 nu_cut=3 good=49 nongen=[] mism=0
W????Bjup}]oxoto@?C_?A??G?????g????~??No?@}??Fw n=24 c=6 b=4 nu_cut=3 good=46 nongen=[] mism=0
W??F~z{~C?G?????W?@W????????]W?Tw?NK?BZ??Xw??z_ n=24 c=4 b=6 nu_cut=3 good=46 nongen=[] mism=0
Y??????zUt\ofoJwNoDN???@?_?@????@?_?CO????^_?@}??B{??B{? n=26 c=7 b=4 nu_cut=3 good=44 nongen=[] mism=0
U???Fvyvf[Vo@?@????G?Q?AA???Fw?Fw?B{??~? n=22 c=5 b=4 nu_cut=3 good=40 nongen=[] mism=0
U???D~y~D{^_O?G_G??W?O??????Fw?Fw?B{??~? n=22 c=5 b=4 nu_cut=3 good=35 nongen=[] mism=0
Y????B]|R{^GnOz_???C??O@O??E?????@????Lw?@n??F[??Ng??NW? n=26 c=6 b=5 nu_cut=3 good=49 nongen=[] mism=0
W??F~z{~?GC_q?G?????????????Fw?Zg?K{??~??Fw?@f_ n=24 c=4 b=6 nu_cut=3 good=40 nongen=[] mism=0
W????BlnS}]on_|O??A??O??g??c?A?????~??No?@}??Fw n=24 c=6 b=4 nu_cut=3 good=40 nongen=[] mism=0
U???Fzy^fwNo__???O?W???AA???Fw?Fw?B{??~? n=22 c=5 b=4 nu_cut=3 good=38 nongen=[] mism=0
Y????@}mq}Xw{ov_?????G??g?CI?????_????NW?@^??Fk??Mw??No? n=26 c=6 b=5 nu_cut=3 good=53 nongen=[] mism=0
Y????AvnfY\gv_]o?????O?@???_?CQ??O????No?@}??Fk??Ng??Ng? n=26 c=6 b=5 nu_cut=3 good=49 nongen=[] mism=0
U???Fu}ze{\oC?H?A??K????O???Fw?Fw?B{??~? n=22 c=5 b=4 nu_cut=3 good=40 nongen=[] mism=0
U???B~{|f[\oC???B?E??C??G???Fw?Fw?B{??~? n=22 c=5 b=4 nu_cut=3 good=38 nongen=[] mism=0
W???Fnmnd{^OO?A?@?A????@??@C???E{?B{??|_?F[??No n=24 c=5 b=5 nu_cut=3 good=45 nongen=[] mism=0
Y??????t\lU[}GxoZWBZ?@??C??O??B??G??A?????^_?@}??B{??B{? n=26 c=7 b=4 nu_cut=3 good=50 nongen=[] mism=0
Y????A|mr]\gv_z_??A?????E?A_??_??O????NW?@v??Fs??Jw??NW? n=26 c=6 b=5 nu_cut=3 good=52 nongen=[] mism=0
U??F~z{~????C?O?A?@W?O???Mw?^O?Vo?Ng?B{? n=22 c=4 b=5 nu_cut=3 good=40 nongen=[] mism=0
Y??????ys|Mkqw|GYsD{??O?a?@G?????@???O????^_?@}??B{??B{? n=26 c=7 b=4 nu_cut=3 good=52 nongen=[] mism=0
W??F~z{~??W?????L????@??C???Vg?Mw?B{?Br??]o?@\_ n=24 c=4 b=6 nu_cut=3 good=44 nongen=[] mism=0
W????Bymu{^_NovO?G@G??O???AG??A????~??No?@}??Fw n=24 c=6 b=4 nu_cut=3 good=46 nongen=[] mism=0
U??F~z{~A_??G???J????G???NW?^O?]o?Fw?B]? n=22 c=4 b=5 nu_cut=3 good=38 nongen=[] mism=0
U??F~z{~???_??@?P?@o?????Ng?]o?^O?No?Bm? n=22 c=4 b=5 nu_cut=3 good=38 nongen=[] mism=0
W??F~z{~?_????A?A????X??G???^_?]g?Mw?An??\g??^_ n=24 c=4 b=6 nu_cut=3 good=40 nongen=[] mism=0
Y??????tjZTkygzOVWFk?C_?K?????C??O??C?????^_?@}??B{??B{? n=26 c=7 b=4 nu_cut=3 good=50 nongen=[] mism=0
Y???D~{|fsVo??@?@O?G?O?@??A???????By??vO?Em??Uw??}O??jo? n=26 c=5 b=6 nu_cut=3 good=52 nongen=[] mism=0
Y??F~z{~DG??A?C????_?A?????????NW?Dm?@V_?Tw??vO?At_?A{_? n=26 c=4 b=7 nu_cut=3 good=52 nongen=[] mism=0
Y????AztuuNg|_]o?_?G?@??G?CQ??????????NW?@^??E{??No??NW? n=26 c=6 b=5 nu_cut=3 good=53 nongen=[] mism=0
W??F~z{~????A?A????G?k??C???^G?]g?Jw?BZ??\W?@y_ n=24 c=4 b=6 nu_cut=3 good=40 nongen=[] mism=0
U???Fv{^fs]o@?K???E??@??C???Fw?Fw?B{??~? n=22 c=5 b=4 nu_cut=3 good=40 nongen=[] mism=0
Y????Anuuy\ovOz_A??A?C??a??A??_???????Lw?@z??F[??Ng??NW? n=26 c=6 b=5 nu_cut=3 good=42 nongen=[] mism=0
Y??F~z{~A???????O_A??L?????????U[?Mi?Bd_?Zc?@u_??~??@t_? n=26 c=4 b=7 nu_cut=3 good=50 nongen=[] mism=0
W????@^nVMUw}On_G?A??Q?????O?D?????~??No?@}??Fw n=24 c=6 b=4 nu_cut=3 good=44 nongen=[] mism=0
W????B]\tmUwmo^OCOA??O?@G?????O????~??No?@}??Fw n=24 c=6 b=4 nu_cut=3 good=44 nongen=[] mism=0
U??F~z{~A???I?M?G????????Mw?No?No?Lw?Bm? n=22 c=4 b=5 nu_cut=3 good=34 nongen=[] mism=0
W???FvuvfwVo??A?EO???A????E????Fw?B]??z_?D{??Zo n=24 c=5 b=5 nu_cut=3 good=45 nongen=[] mism=0
Y???E~{}f[VoP???Y???????A??C??????B]??mo?Ey??NW??ro??^_? n=26 c=5 b=6 nu_cut=3 good=52 nongen=[] mism=0
Y????BNtu]]g~?|_??@_?K?????Q?@????????Lw??~??D{??No??NW? n=26 c=6 b=5 nu_cut=3 good=47 nongen=[] mism=0
Y????BVzVs]gjojo@??_?P?????O??_??O????Ng?@|??D{??Lw??Jw? n=26 c=6 b=5 nu_cut=3 good=48 nongen=[] mism=0
W???E~m^fs^O@?a?A??_?@?????G???D{?@}??}_?E{??Vo n=24 c=5 b=5 nu_cut=3 good=45 nongen=[] mism=0
Y??????Xzr]KvOnOVoDN?OG????O??C??A??A_????^_?@}??B{??B{? n=26 c=7 b=4 nu_cut=3 good=50 nongen=[] mism=0
W???E~y^fwVo????S?A??D_???A????Fk?Bu??v_?Fw??^_ n=24 c=5 b=5 nu_cut=3 good=41 nongen=[] mism=0
Y??F~z{~A?????a??????F?@???????Vc?Mw??|_?Ts??to?B\??Bt?? n=26 c=4 b=7 nu_cut=3 good=50 nongen=[] mism=0
Y????A}tveJwyo\o@?@??A??g?????a???????Jw?@v??F[??Ng??Lw? n=26 c=6 b=5 nu_cut=3 good=52 nongen=[] mism=0
W??F~z{~?O????@?Y??O?@??????Ng?[w?I{?Br??]g??v_ n=24 c=4 b=6 nu_cut=3 good=40 nongen=[] mism=0
Y????@^|R{LwuonOKG???A?A??C?????A?????Fw?@^??F[??Fw??NW? n=26 c=6 b=5 nu_cut=3 good=53 nongen=[] mism=0
Y???Fx}ve{]o_???K?C????????k??????Bt??zO?E{??Fw??zO??uo? n=26 c=5 b=6 nu_cut=3 good=47 nongen=[] mism=0
Y???F^m|b{^_C?@?A????C???????BO???An??v_?Fe??Zo??Vo??}_? n=26 c=5 b=6 nu_cut=3 good=48 nongen=[] mism=0
Y??F~z{~?_??C???S????X?????????Jk?NE?BL_?Yw?@r_?Bw_??n_? n=26 c=4 b=7 nu_cut=3 good=50 nongen=[] mism=0
W????BVfvUVgmovOG????I?@???g?A?????~??No?@}??Fw n=24 c=6 b=4 nu_cut=3 good=40 nongen=[] mism=0
W???Ft}}d{ZoH?W_O?????????C????B{?B]??n_?E{??Vo n=24 c=5 b=5 nu_cut=3 good=36 nongen=[] mism=0
W????@z~B][wuoz_A??G?C??a??g???????~??No?@}??Fw n=24 c=6 b=4 nu_cut=3 good=44 nongen=[] mism=0
U???Fnmne{\oC?C?A????P?AG???Fw?Fw?B{??~? n=22 c=5 b=4 nu_cut=3 good=40 nongen=[] mism=0
W??F~z{~?_??_?????C??C??k???\g?Jw?Ng?B]??Rw?@}? n=24 c=4 b=6 nu_cut=3 good=40 nongen=[] mism=0
W??F~z{~??@?p?A????????A_???NW?Xw?Jw?Br??Zo??n_ n=24 c=4 b=6 nu_cut=3 good=44 nongen=[] mism=0
Y??????Y{}ZomWXwF[DZ?GGB??E?????????O?????^_?@}??B{??B{? n=26 c=7 b=4 nu_cut=3 good=50 nongen=[] mism=0
Y??????lnbTsnOdwNWBZ?a?????I?A??@???O?????^_?@}??B{??B{? n=26 c=7 b=4 nu_cut=3 good=52 nongen=[] mism=0
Y??F~z{~C_??_????????J?????_???\c?Du?@Z_?[[??}_??v_?Bt?? n=26 c=4 b=7 nu_cut=3 good=52 nongen=[] mism=0
U???B~m}e{No_?_?O??g?W??????Fw?Fw?B{??~? n=22 c=5 b=4 nu_cut=3 good=40 nongen=[] mism=0
W????@v\vY]omoVoO??c?AOA?????C?????~??No?@}??Fw n=24 c=6 b=4 nu_cut=3 good=40 nongen=[] mism=0
Y??F~z{~BG????Q???C????A???????Ms?@}?Bb_?VS??}_?Bd_??n_? n=26 c=4 b=7 nu_cut=3 good=50 nongen=[] mism=0
Y???Fn]~Fw^O??e???@????@A?@???????An??]o?Fk??VW??fo??zO? n=26 c=5 b=6 nu_cut=3 good=47 nongen=[] mism=0
W????BV~B]ZWmo]oH?CC?@??C?????G????~??No?@}??Fw n=24 c=6 b=4 nu_cut=3 good=46 nongen=[] mism=0
U???F]}nfwNo??O?E?A??`?@????Fw?Fw?B{??~? n=22 c=5 b=4 nu_cut=3 good=40 nongen=[] mism=0
W???Fl}vf[^_Q??????s?_?A???????E{?B{??z_?B{??\o n=24 c=5 b=5 nu_cut=3 good=45 nongen=[] mism=0
U??F~z{~??A_??@????_?Y???Mw?^_?\o?No?A}? n=22 c=4 b=5 nu_cut=3 good=35 nongen=[] mism=0
W???B~ynfsVo@?O_???G???AS??????Fs?Bu??~??D{??^O n=24 c=5 b=5 nu_cut=3 good=40 nongen=[] mism=0
U??F~z{~?_??????A?@W?`???No?^O?Zo?Ng?Bu? n=22 c=4 b=5 nu_cut=3 good=38 nongen=[] mism=0
W???D|}~FwVo?????O?C?R??_??C???F[?Bu??~??Fk??\o n=24 c=5 b=5 nu_cut=3 good=38 nongen=[] mism=0
Y??????jW~]olojWYwBV?O????A??C@??I??O?????^_?@}??B{??B{? n=26 c=7 b=4 nu_cut=3 good=52 nongen=[] mism=0
Y??????{]xFw|_xWH{EZ??_?a??C?@???O_???????^_?@}??B{??B{? n=26 c=7 b=4 nu_cut=3 good=50 nongen=[] mism=0
Y??????{urFwjgZgY[Fd?@??C?@@??G?@G????????^_?@}??B{??B{? n=26 c=7 b=4 nu_cut=3 good=52 nongen=[] mism=0
W??F~z{~@?????A?C?E_????G???^O?VW?Mk?@v??Uw??~? n=24 c=4 b=6 nu_cut=3 good=46 nongen=[] mism=0
W????A}zUyVov_]o?G????o?B?C_???????~??No?@}??Fw n=24 c=6 b=4 nu_cut=3 good=44 nongen=[] mism=0
Y???B}}vfk^_??_???@K???@A????C????A|??|_?FU??^O??Zo??zO? n=26 c=5 b=6 nu_cut=3 good=52 nongen=[] mism=0
U??F~z{~????S?A????O?[???No?\o?^_?Ng?B]? n=22 c=4 b=5 nu_cut=3 good=38 nongen=[] mism=0
W???Fz{^b{\o`????O?C????A?@_???Fs?Bu??^_?E{??^_ n=24 c=5 b=5 nu_cut=3 good=42 nongen=[] mism=0
Y????@}vfYNg~?No??????O???E??CE??@????NW??~??Fs??Ng??NW? n=26 c=6 b=5 nu_cut=3 good=48 nongen=[] mism=0
Y????By\r{RwVouo???????A_????BG?A_????Lw?@|??Fs??Mw??No? n=26 c=6 b=5 nu_cut=3 good=52 nongen=[] mism=0
W??F~z{~????G?????C_?b??_???Vg?Zg?E{?Bx??]W?@z? n=24 c=4 b=6 nu_cut=3 good=44 nongen=[] mism=0
W??F~z{~??@?c?T??????A??????VW?Xw?Mw?B\??Mw?@u_ n=24 c=4 b=6 nu_cut=3 good=44 nongen=[] mism=0
W????A^mvsUwtoxo@?A??O?@???O??o????~??No?@}??Fw n=24 c=6 b=4 nu_cut=3 good=41 nongen=[] mism=0
U???Fvyvb{No`???@OC??@??C???Fw?Fw?B{??~? n=22 c=5 b=4 nu_cut=3 good=38 nongen=[] mism=0
Y??F~z{~??????O???CG?M?@???????Jk?Li??z_?\c?@u_?Bq_?Ax_? n=26 c=4 b=7 nu_cut=3 good=50 nongen=[] mism=0
Y????BVvb{[w|_yo??@A?A??G??_??O??O????Mw?@n??E{??Jw??Mw? n=26 c=6 b=5 nu_cut=3 good=43 nongen=[] mism=0
Y??????q}rUwZgrgB{D{????_?@A?A_??`????????^_?@}??B{??B{? n=26 c=7 b=4 nu_cut=3 good=50 nongen=[] mism=0
Y??????^JtRkrWlo]SFp??O?@?????K?@G???O????^_?@}??B{??B{? n=26 c=7 b=4 nu_cut=3 good=45 nongen=[] mism=0
Y????Byfty\gzOjoG?A??C_???A??@A???????Jw?@n??B{??Ng??No? n=26 c=6 b=5 nu_cut=3 good=47 nongen=[] mism=0
W??F~z{~????G?????CG?T??_???No?]W?Lk?B{??Vg?@y_ n=24 c=4 b=6 nu_cut=3 good=44 nongen=[] mism=0
U???D}}|fk^OA?A?OO?O?P??????Fw?Fw?B{??~? n=22 c=5 b=4 nu_cut=3 good=35 nongen=[] mism=0
Y????A^^U]UwvO~?C?@??Q_???@???A???????NW?@|??E{??Jw??Lw? n=26 c=6 b=5 nu_cut=3 good=48 nongen=[] mism=0
W????A^\t{ZgvOn_OOB??G??_????A?????~??No?@}??Fw n=24 c=6 b=4 nu_cut=3 good=44 nongen=[] mism=0
Y??????ml]I{foygZc@z?GO???C_?A??@???O?????^_?@}??B{??B{? n=26 c=7 b=4 nu_cut=3 good=52 nongen=[] mism=0
W???F^{vfk^_G?G?G_??????Y??????Fs?Bu??}_?E{??Vo n=24 c=5 b=5 nu_cut=3 good=42 nongen=[] mism=0
W????@|mvY]W}_roCG???@??C?C_??G????~??No?@}??Fw n=24 c=6 b=4 nu_cut=3 good=46 nongen=[] mism=0
Y????@vnUu\g|_xo???O?KO?G?????O?A?????Ng?@^??E{??Ng??Lw? n=26 c=6 b=5 nu_cut=3 good=49 nongen=[] mism=0
Y????By|P}VWvOVo??CA?@??C????????i????No?@}??E{??Ng??Jw? n=26 c=6 b=5 nu_cut=3 good=52 nongen=[] mism=0
W????@^Vv[Zo]on_GGC?????c?C??C?????~??No?@}??Fw n=24 c=6 b=4 nu_cut=3 good=34 nongen=[] mism=0
W????BrfvsFwZo^_??E??_?????o?E?????~??No?@}??Fw n=24 c=6 b=4 nu_cut=3 good=44 nongen=[] mism=0
W??F~z{~????A?A????_?C?Ac???^_?Rw?Jw?Bm??^G?@m_ n=24 c=4 b=6 nu_cut=3 good=40 nongen=[] mism=0
W??F~z{~????@???D_?????B_???Zo?[w?L[?B\??]o?@v? n=24 c=4 b=6 nu_cut=3 good=36 nongen=[] mism=0
Y???Fv]ze{No????A?????????@o?@K???@}??No?Ey??^_??}O??v_? n=26 c=5 b=6 nu_cut=3 good=49 nongen=[] mism=0
U???D~u|f[^_??A?@??c?H??G???Fw?Fw?B{??~? n=22 c=5 b=4 nu_cut=3 good=40 nongen=[] mism=0
Y???B|}vfk\o_??????k?_????C??A????@z??zO?A}??Yw??z_??yo? n=26 c=5 b=6 nu_cut=3 good=53 nongen=[] mism=0
Y???D~unfw\o????I_???A??G?B???????By??to?A}??[w??^O??vO? n=26 c=5 b=6 nu_cut=3 good=52 nongen=[] mism=0
Y??????tuxB{jonG^OCz?W?@??@@????@_????????^_?@}??B{??B{? n=26 c=7 b=4 nu_cut=3 good=47 nongen=[] mism=0
W???Fn{vb{\o???_??@??R??_??C???Fw?Bu??~??Fk??Vo n=24 c=5 b=5 nu_cut=3 good=42 nongen=[] mism=0
Y??F~z{~??W???????EG?A??G??????Vg?H]?@{_?^O?@do?AZ_?Bq_? n=26 c=4 b=7 nu_cut=3 good=50 nongen=[] mism=0
Y???E}}zf[]oC?A????O?__?O?????_???@z??No?Dm??]o??z_??]o? n=26 c=5 b=6 nu_cut=3 good=48 nongen=[] mism=0
Y??F~z{~????C???[?D_???????????Ls?LM?BU_?\g?@Xo?@r_?@x_? n=26 c=4 b=7 nu_cut=3 good=47 nongen=[] mism=0
U??F~z{~????G?@??_@??q???No?\o?Zo?NW?B{? n=22 c=4 b=5 nu_cut=3 good=40 nongen=[] mism=0
W??F~z{~?_@?????W_???A??O???Mw?^G?M[?Bu??Vg?@}? n=24 c=4 b=6 nu_cut=3 good=40 nongen=[] mism=0
U??F~z{~????A???@?@_?p???Jw?^_?^O?Lw?B{? n=22 c=4 b=5 nu_cut=3 good=38 nongen=[] mism=0
W??F~z{~@??_@?????Co?G??????Mw?]g?H{?Bx??^O?@{_ n=24 c=4 b=6 nu_cut=3 good=40 nongen=[] mism=0
W????Btnf[[wuotoB??o???????I??O????~??No?@}??Fw n=24 c=6 b=4 nu_cut=3 good=44 nongen=[] mism=0
W???D~{^f[^O????Q????_?@a??_???Fs?Bm??|_?E{??^O n=24 c=5 b=5 nu_cut=3 good=47 nongen=[] mism=0
U???Fx}}fwNo?_?_C_CO??_?????Fw?Fw?B{??~? n=22 c=5 b=4 nu_cut=3 good=35 nongen=[] mism=0
W??F~z{~??E__???W??????@????Vo?Rw?NK?BV??[w?@N_ n=24 c=4 b=6 nu_cut=3 good=40 nongen=[] mism=0
U??F~z{~??C???G???Ag?B???No?^O?Vo?Ng?Bm? n=22 c=4 b=5 nu_cut=3 good=38 nongen=[] mism=0
U??F~z{~CO??O?????A??i???Mw?No?^_?No?B]? n=22 c=4 b=5 nu_cut=3 good=38 nongen=[] mism=0
W????Bu^fwUwVo{oGG?O???AC??O??O????~??No?@}??Fw n=24 c=6 b=4 nu_cut=3 good=40 nongen=[] mism=0
Y??F~z{~????O???G????e??C??G???\o?LU?Bu??\K??{o?Al_?BU_? n=26 c=4 b=7 nu_cut=3 good=52 nongen=[] mism=0
Y??????]l{[kswugNoDr?I??C?????G??C???o????^_?@}??B{??B{? n=26 c=7 b=4 nu_cut=3 good=45 nongen=[] mism=0
Y????Bjfrm\WzOuo???_????A?EG??_??O????No?@}??Fk??Mw??NW? n=26 c=6 b=5 nu_cut=3 good=44 nongen=[] mism=0
U??F~z{~?_W_G???C????C???Jw?Vo?^_?Ng?B{? n=22 c=4 b=5 nu_cut=3 good=35 nongen=[] mism=0
Y???FzmzfsVoh?C????_????O?????G????~??~??By??VW??mo??Zo? n=26 c=5 b=6 nu_cut=3 good=48 nongen=[] mism=0
W???F]}^f[]o??A???A??O?AS??O???Fk?Bu??v_?Fs??^O n=24 c=5 b=5 nu_cut=3 good=38 nongen=[] mism=0
Y???E~yvfs\oK_??G_?G??????????G???Bl??z_?B]??No??Vo??vO? n=26 c=5 b=6 nu_cut=3 good=44 nongen=[] mism=0
Y????BuZtmZg{ofoG????A?@??CG??O??G????NW?@|??Fs??Jw??Lw? n=26 c=6 b=5 nu_cut=3 good=49 nongen=[] mism=0
U??F~z{~E_??A?A???E??????NW?No?Zo?Fw?By? n=22 c=4 b=5 nu_cut=3 good=38 nongen=[] mism=0
Y???F\}~F[]o??C?C??_????O????EO???@z??z_?Fk??Zg??}_??mo? n=26 c=5 b=6 nu_cut=3 good=48 nongen=[] mism=0
Y????Bu^VY]oro^O???C??_?A????D??AG????Ng?@}??F[??Lw??Lw? n=26 c=6 b=5 nu_cut=3 good=50 nongen=[] mism=0
Y????@}|R]NWloz_P_?_?????????????Y????Jw?@}??B{??Fw??No? n=26 c=6 b=5 nu_cut=3 good=45 nongen=[] mism=0
Y??F~z{~@g?????????G?q?????????Y[?Iu?@|??Js??z_?@x_?B[_? n=26 c=4 b=7 nu_cut=3 good=47 nongen=[] mism=0
U???Fvy^fkVo@?@???AG?G_@????Fw?Fw?B{??~? n=22 c=5 b=4 nu_cut=3 good=38 nongen=[] mism=0
W??F~z{~?GJ???@?????????o???Vg?Tw?Lw?B{??NW?@N_ n=24 c=4 b=6 nu_cut=3 good=44 nongen=[] mism=0
Y???D}}vf[]oq???????????I?@??@????@|??\o?Bu??^O??z_??uo? n=26 c=5 b=6 nu_cut=3 good=49 nongen=[] mism=0
U??F~z{~?OK_??A?O????_???Jw?]o?^_?Jw?Bm? n=22 c=4 b=5 nu_cut=3 good=40 nongen=[] mism=0
W???D~y^fwNo_??_O?C???_???@O???Fw?Bm??n_?Fs??Vo n=24 c=5 b=5 nu_cut=3 good=40 nongen=[] mism=0
Y??????kz]\cZougK{Eu?D?AG??_?????O??@?????^_?@}??B{??B{? n=26 c=7 b=4 nu_cut=3 good=50 nongen=[] mism=0
W???B~unfsVoE?P?G????@?@???????Fs?@}??n_?F[??^_ n=24 c=5 b=5 nu_cut=3 good=45 nongen=[] mism=0
Y????BlzTu]oVo}O?O?C????A?@I?????G????NW?@n??Fw??Fw??NW? n=26 c=6 b=5 nu_cut=3 good=53 nongen=[] mism=0
W????@|VvUVoyozO???_?c????C_?@A????~??No?@}??Fw n=24 c=6 b=4 nu_cut=3 good=44 nongen=[] mism=0
W????BNrtm]gv_^_C????G?@@?CA?@?????~??No?@}??Fw n=24 c=6 b=4 nu_cut=3 good=46 nongen=[] mism=0
U??F~z{~????C?i?A?A??O???Lw?\o?^O?Mw?By? n=22 c=4 b=5 nu_cut=3 good=35 nongen=[] mism=0
U???F^mvd{NoK?C???AG????o???Fw?Fw?B{??~? n=22 c=5 b=4 nu_cut=3 good=38 nongen=[] mism=0
U??F~z{~????P???@??O?[???Lw?^_?Vo?No?@}? n=22 c=4 b=5 nu_cut=3 good=38 nongen=[] mism=0
Y??F~z{~A???_?_?G???????[??????\S?Dy?@l_?]o?@wo?Ax_?BM_? n=26 c=4 b=7 nu_cut=3 good=52 nongen=[] mism=0
W???F^]}fsNo????C?CW?c????@????Fw?Bu??n_?F[??\o n=24 c=5 b=5 nu_cut=3 good=42 nongen=[] mism=0
W????Anxr{Yw|O~??O?O????I?@A??O????~??No?@}??Fw n=24 c=6 b=4 nu_cut=3 good=44 nongen=[] mism=0
W????B{yr]Vov_to?G@??E??@?@???A????~??No?@}??Fw n=24 c=6 b=4 nu_cut=3 good=44 nongen=[] mism=0
Y??F~z{~?_??????O??_?_??k??????Us?FU?A]_?NW?@{O?Bb_?@y_? n=26 c=4 b=7 nu_cut=3 good=45 nongen=[] mism=0
Y???E~{^b{^_A?_?O?????????C???k???B]??jo?A}??^_??z_??Vo? n=26 c=5 b=6 nu_cut=3 good=44 nongen=[] mism=0
Y??F~z{~????g???O??????@S?@????X[?Bu?BY_?]o?@ZO?A^??BY_? n=26 c=4 b=7 nu_cut=3 good=52 nongen=[] mism=0
Y????B\nUy]Wn_jo?OA??O_???A??????`????Mw?@|??E{??No??Lw? n=26 c=6 b=5 nu_cut=3 good=52 nongen=[] mism=0
Y???Fm}ze{^OG?F???????????Cc??????A|??nO?Du??Mw??^O??xo? n=26 c=5 b=6 nu_cut=3 good=48 nongen=[] mism=0
Y??F~z{~????B???C?@??F?????????Zc?Iu?BX_?]S??mo?BR_?By?? n=26 c=4 b=7 nu_cut=3 good=44 nongen=[] mism=0
Y??????vVeL[ug{gVgC}?GG???@@??@?????P?????^_?@}??B{??B{? n=26 c=7 b=4 nu_cut=3 good=44 nongen=[] mism=0
Y???B~uvfw^_i????O?C??_?_?????????@|??^O?Em??NW??ro??jo? n=26 c=5 b=6 nu_cut=3 good=53 nongen=[] mism=0
Y??????lr{J[zOLw[s@|???AG??a?CO?A?????????^_?@}??B{??B{? n=26 c=7 b=4 nu_cut=3 good=50 nongen=[] mism=0
Y??F~z{~?O??C?X?A??????????O???\c?Im?@l_?Js?@j_?B{??Bf?? n=26 c=4 b=7 nu_cut=3 good=52 nongen=[] mism=0
W????BynTyZo|_moG?AA?P??@?????A????~??No?@}??Fw n=24 c=6 b=4 nu_cut=3 good=41 nongen=[] mism=0
W??F~z{~@?P_??D?C???????????Vg?NW?Jk??~??Lw?@r_ n=24 c=4 b=6 nu_cut=3 good=39 nongen=[] mism=0
Y??F~z{~C?W?O???????????w??????\o?Jk?B]??D{?@Ro?B[_?@]_? n=26 c=4 b=7 nu_cut=3 good=52 nongen=[] mism=0
Y???Fnmnb{^_?_??A????C?@c?????C???Br??]o?Eu??Lw??^_??jo? n=26 c=5 b=6 nu_cut=3 good=48 nongen=[] mism=0
U???D|}|b{Zog?g?O?AO????????Fw?Fw?B{??~? n=22 c=5 b=4 nu_cut=3 good=38 nongen=[] mism=0
Y??????j^sQ{Fw~?Ys@v?O?@??????E??C_?O?????^_?@}??B{??B{? n=26 c=7 b=4 nu_cut=3 good=52 nongen=[] mism=0
W???B~m}f[Vo??@??????@?@Q?D????Fw?Bm??}_?B{??^O n=24 c=5 b=5 nu_cut=3 good=42 nongen=[] mism=0
Y??F~z{~????????O?BO???A??AO???No?Im?Bf??NK?@x_?AN_?Bq_? n=26 c=4 b=7 nu_cut=3 good=50 nongen=[] mism=0
Y??F~z{~A?F?O????????_????C????^G?A}??|_?Ys?@f_?Aj_??v_? n=26 c=4 b=7 nu_cut=3 good=52 nongen=[] mism=0
W??F~z{~??A???S?D_???O??????\W?Yw?J[?An??^G?@Z_ n=24 c=4 b=6 nu_cut=3 good=40 nongen=[] mism=0
W????Bx^R{Zo{ouo?_???_O?g??G??G????~??No?@}??Fw n=24 c=6 b=4 nu_cut=3 good=46 nongen=[] mism=0
Y??????jljX[jomo[sA|?O?@???g?A???G_???????^_?@}??B{??B{? n=26 c=7 b=4 nu_cut=3 good=45 nongen=[] mism=0
W??F~z{~C???A???K_???A?A????NW?]W?NS?BV??Zo??^_ n=24 c=4 b=6 nu_cut=3 good=46 nongen=[] mism=0
W???D~unb{^_Q?O?@????@_@???????B{?By??n_?Fk??\o n=24 c=5 b=5 nu_cut=3 good=45 nongen=[] mism=0
U??F~z{~???_M?O?G??G?????No?Zo?Zo?Jw?A}? n=22 c=4 b=5 nu_cut=3 good=35 nongen=[] mism=0
Y????By|UuMwz_}O?_?G?_O?G????????K????Lw?@|??E{??No??Jw? n=26 c=6 b=5 nu_cut=3 good=52 nongen=[] mism=0
U??F~z{~@?G_??F???@??????Mw?^_?Vo?Mw?B]? n=22 c=4 b=5 nu_cut=3 good=38 nongen=[] mism=0
W??F~z{~@???O?d???@????@????Zg?[w?Lw?@v??\o?@t_ n=24 c=4 b=6 nu_cut=3 good=46 nongen=[] mism=0
Y????Bfnc}UwzO^_???A?__?@????BO???????Lw?@}??F[??Ng??Ng? n=26 c=6 b=5 nu_cut=3 good=48 nongen=[] mism=0
Y??????tnXNcjoyWVgB]????O_?C??C?@@???_????^_?@}??B{??B{? n=26 c=7 b=4 nu_cut=3 good=45 nongen=[] mism=0
Y??F~z{~?G??O?i???AG???????????[s?Lq?@j_?\S?@[o?@\_?Bj?? n=26 c=4 b=7 nu_cut=3 good=52 nongen=[] mism=0
Y????B\juyUw|OmoG?A??G_????W?A????????Ng?@n??Fs??NW??Mw? n=26 c=6 b=5 nu_cut=3 good=44 nongen=[] mism=0
W????An{vqTwzO~??OA???_?S?AC???????~??No?@}??Fw n=24 c=6 b=4 nu_cut=3 good=39 nongen=[] mism=0
Y??F~z{~Co??????G?A??@?????G???[[?Eu??|_?^_??Zo?AN_?@z?? n=26 c=4 b=7 nu_cut=3 good=52 nongen=[] mism=0
Y??F~z{~?_G?????D_A_???????????\K?LM?A|??Us??zO?BX_?@r_? n=26 c=4 b=7 nu_cut=3 good=52 nongen=[] mism=0
Y??????{s}^OnGnOP{Az?GG@??A?????@????o????^_?@}??B{??B{? n=26 c=7 b=4 nu_cut=3 good=45 nongen=[] mism=0
U??F~z{~C?A?J???O??_?????Lw?Zo?^_?Fw?Bu? n=22 c=4 b=5 nu_cut=3 good=40 nongen=[] mism=0
Y??F~z{~????O?_???E?????[??????J[?MY?Bw_?^O?@io?Aj_?Bs_? n=26 c=4 b=7 nu_cut=3 good=52 nongen=[] mism=0
U??F~z{~??Q_??P?C????G???Jw?Vo?^O?Mw?B{? n=22 c=4 b=5 nu_cut=3 good=38 nongen=[] mism=0
Y???E~{^fsZo????F??????A??C??@C???B\??Vo?E{??Lw??}O??}_? n=26 c=5 b=6 nu_cut=3 good=52 nongen=[] mism=0
Y???B|}vd{^_p?E??????G??_?????????Br??]o?B]??Rw??{o??No? n=26 c=5 b=6 nu_cut=3 good=44 nongen=[] mism=0
Y??F~z{~??????H???C????A??BG???Rk?NW?BZ??\o?@To?BM_?@z?? n=26 c=4 b=7 nu_cut=3 good=50 nongen=[] mism=0
Y??F~z{~????_??????G?_??w??G???^G?Iu?@y_?ZW?@lO?Be_?A]_? n=26 c=4 b=7 nu_cut=3 good=45 nongen=[] mism=0
W???Fm}|e{^O??A????O??_?G?E_???D{?B{??~??Fs??Zo n=24 c=5 b=5 nu_cut=3 good=46 nongen=[] mism=0
U???Fzynfs\o@?E??_D??@??????Fw?Fw?B{??~? n=22 c=5 b=4 nu_cut=3 good=40 nongen=[] mism=0
U??F~z{~DGG???C??????S???Fw?\o?^_?Fw?By? n=22 c=4 b=5 nu_cut=3 good=40 nongen=[] mism=0
W????Butv[^_{ouoA_???AO?@??A??O????~??No?@}??Fw n=24 c=6 b=4 nu_cut=3 good=44 nongen=[] mism=0
W?????~uruZWn_joQ??G?O??C????AG????~??No?@}??Fw n=24 c=6 b=4 nu_cut=3 good=44 nongen=[] mism=0
Y????B]tq}]Wxo}O@?@??I????@???a???????Ng?@v??E{??Lw??NW? n=26 c=6 b=5 nu_cut=3 good=52 nongen=[] mism=0
W????Av\vi\on_yo@??I?c??G?????O????~??No?@}??Fw n=24 c=6 b=4 nu_cut=3 good=46 nongen=[] mism=0
W????Av~FqVg{ojo@_A??O??I?A????????~??No?@}??Fw n=24 c=6 b=4 nu_cut=3 good=40 nongen=[] mism=0
Y??????tj\VgjoxWVW@}??G??_A_?A??@????G????^_?@}??B{??B{? n=26 c=7 b=4 nu_cut=3 good=47 nongen=[] mism=0
W??F~z{~C?O?@?[?????????C???Lw?\g?M[?@^??^_?@\_ n=24 c=4 b=6 nu_cut=3 good=46 nongen=[] mism=0
W??F~z{~AWC???S???@?????????Lw?Fw?Lw?Bj??Vo??n_ n=24 c=4 b=6 nu_cut=3 good=44 nongen=[] mism=0
Y????BjfveLwzO}_???_?QO?O??G??_???????No?@n??E{??Fw??NW? n=26 c=6 b=5 nu_cut=3 good=47 nongen=[] mism=0
U??F~z{~A_S_??O?A????????Jw?Vo?^_?Fw?Bu? n=22 c=4 b=5 nu_cut=3 good=40 nongen=[] mism=0
U??F~z{~AWC?G?Q??????????Fw?]o?\o?Ng?@}? n=22 c=4 b=5 nu_cut=3 good=38 nongen=[] mism=0
W???F^ynfs^_@?I_O??G???????G???F[?A}??v_?F[??Vo n=24 c=5 b=5 nu_cut=3 good=42 nongen=[] mism=0
Y???E~y^fwZoX???B?C???????C???????An??vO?Fe??No??Vo??^O? n=26 c=5 b=6 nu_cut=3 good=49 nongen=[] mism=0
W???E}}ne{No_?P?C????G??_?C????Fk?B]??z_?Fk??Vo n=24 c=5 b=5 nu_cut=3 good=38 nongen=[] mism=0
Y????@|vTuUwn_z_??DG?O??G?A?????@?????NW?@^??D{??Lw??No? n=26 c=6 b=5 nu_cut=3 good=53 nongen=[] mism=0
Y????@|yvsVWroxoA??_?C??C??C??G??C????Lw?@n??Fs??Jw??No? n=26 c=6 b=5 nu_cut=3 good=46 nongen=[] mism=0
W???F^{zfwZoG??_A_@C???????C???F[?B]??z_?Fk??^_ n=24 c=5 b=5 nu_cut=3 good=41 nongen=[] mism=0
W????BV|VU]groNo?o???G??G??O?@O????~??No?@}??Fw n=24 c=6 b=4 nu_cut=3 good=44 nongen=[] mism=0
W???F^{nfsVo????EO???O?@??AO???E{?By??v_?Fw??No n=24 c=5 b=5 nu_cut=3 good=46 nongen=[] mism=0
W???B~mvb{\o_?_?@?C??L?????????B{?Bm??|_?D{??]o n=24 c=5 b=5 nu_cut=3 good=42 nongen=[] mism=0
U???F]}^fkNo??_?O?C??G_?S???Fw?Fw?B{??~? n=22 c=5 b=4 nu_cut=3 good=40 nongen=[] mism=0
Y????A|vUm[wNo]oO????a??G?????k???????Jw??~??E{??Ng??Ng? n=26 c=6 b=5 nu_cut=3 good=54 nongen=[] mism=0
W??F~z{~?O??????S_???c??G???]o?\g?J[?Br??Ng?@|? n=24 c=4 b=6 nu_cut=3 good=44 nongen=[] mism=0
W????A^fvkNoloyo@GA??O?AC?A????????~??No?@}??Fw n=24 c=6 b=4 nu_cut=3 good=46 nongen=[] mism=0
U???Fn]}fk\o????@_?O?W??K???Fw?Fw?B{??~? n=22 c=5 b=4 nu_cut=3 good=38 nongen=[] mism=0
W????By|RyLw~?]oO?C??_?????c??Q????~??No?@}??Fw n=24 c=6 b=4 nu_cut=3 good=40 nongen=[] mism=0
Y???Fzyzfk^_??J?A??????????c??C???B{??fo?Dy??Tw??^_??]o? n=26 c=5 b=6 nu_cut=3 good=54 nongen=[] mism=0
Y????Br{vqXw~?ro?O@g???????o??C???????Lw?@^??Fk??Jw??Mw? n=26 c=6 b=5 nu_cut=3 good=48 nongen=[] mism=0
Y??F~z{~Ag????E?O?C????????????M[?NK??n_?Xk??fo??~??Ay_? n=26 c=4 b=7 nu_cut=3 good=50 nongen=[] mism=0
U??F~z{~C_A?????O????Y???Ng?No?^_?No?@}? n=22 c=4 b=5 nu_cut=3 good=40 nongen=[] mism=0
W???F^u~D{ZoA?A?Q_A??O?????????Fk?@}??v_?Fk??Zo n=24 c=5 b=5 nu_cut=3 good=42 nongen=[] mism=0
W????Bu|by^G\ov_???S??O?@??O??Q????~??No?@}??Fw n=24 c=6 b=4 nu_cut=3 good=41 nongen=[] mism=0
Y????A}nVMNW^O|_O????B_?@????C???@????Lw?@n??D{??Ng??Mw? n=26 c=6 b=5 nu_cut=3 good=54 nongen=[] mism=0
Y???Fy}|f[^O@?A???DC?B????????????@|??ro?E]??Mw??|_??jo? n=26 c=5 b=6 nu_cut=3 good=54 nongen=[] mism=0
Y????Bjyt{Fw^OyoA??_?@_?O????AA???????Jw?@v??E{??Mw??Ng? n=26 c=6 b=5 nu_cut=3 good=44 nongen=[] mism=0
Y??????p}rB{lgz_ZoFb?E??_?@??????_??OO????^_?@}??B{??B{? n=26 c=7 b=4 nu_cut=3 good=52 nongen=[] mism=0
Y????@znR]\oyo|OGo??????O?????_?AG????NW??~??B{??No??Lw? n=26 c=6 b=5 nu_cut=3 good=52 nongen=[] mism=0
W???D}}}f[\oQ?C????_?@_?O??????Fs?B{??n_?B{??]o n=24 c=5 b=5 nu_cut=3 good=42 nongen=[] mism=0
W???E~{ze{^OG???A?@_?O_?_??????Fs?Bm??n_?Fk??No n=24 c=5 b=5 nu_cut=3 good=45 nongen=[] mism=0
Y??F~z{~@W??I???O????_?????????Xw?FM?B[_?Js?@Z_?@v??@\_? n=26 c=4 b=7 nu_cut=3 good=50 nongen=[] mism=0
W???Fl}nb{^_????O?@C???A??CS???Fw?B{??z_?E{??Zo n=24 c=5 b=5 nu_cut=3 good=41 nongen=[] mism=0
W???Fzm^e{Vo??B?G?A???????DC???F[?Bm??~??D{??^_ n=24 c=5 b=5 nu_cut=3 good=41 nongen=[] mism=0
W??F~z{~?g????w?A???????C???Lw?\g?D{?Av??Zo?@r_ n=24 c=4 b=6 nu_cut=3 good=46 nongen=[] mism=0
W??F~z{~??G?k?A?@?A?????????]W?Vg?K{?A^??]g?@n? n=24 c=4 b=6 nu_cut=3 good=46 nongen=[] mism=0
Y???D~uvd{\oA?S_C_??????G?????????Br??Vo?C}??Vo??zO??fo? n=26 c=5 b=6 nu_cut=3 good=49 nongen=[] mism=0
W??F~z{~A???S?????@W?C??????Jw?VW?Lk?By??\g?@u_ n=24 c=4 b=6 nu_cut=3 good=46 nongen=[] mism=0
W????A^|Vq\ouozOCO@C????H?????C????~??No?@}??Fw n=24 c=6 b=4 nu_cut=3 good=44 nongen=[] mism=0
W???F^u^e{\oE?A????_???AC??_???Fs?B{??^_?F[??No n=24 c=5 b=5 nu_cut=3 good=45 nongen=[] mism=0
Y???Fvmvfk^_????@?AK?G????@???O???@n??z_?Fw??^G??xo??uo? n=26 c=5 b=6 nu_cut=3 good=54 nongen=[] mism=0
W???Fn]~Fk^_A??_B?????_?G??C???Fw?By??^_?E{??No n=24 c=5 b=5 nu_cut=3 good=40 nongen=[] mism=0
W????BZ|e]NWz_jo?g?_?C?@_?????_????~??No?@}??Fw n=24 c=6 b=4 nu_cut=3 good=46 nongen=[] mism=0
U???Fu}^d{]oP?__G?AG????????Fw?Fw?B{??~? n=22 c=5 b=4 nu_cut=3 good=38 nongen=[] mism=0
W????BVnfU[wNon_G?A??@O?g?A????????~??No?@}??Fw n=24 c=6 b=4 nu_cut=3 good=46 nongen=[] mism=0
W???Fvu|b{^OG_@??_?O?@?????O???Fs?B]??^_?B{??\o n=24 c=5 b=5 nu_cut=3 good=45 nongen=[] mism=0
Y????By|em\Wro~????G??O?@??G?@E???????Ng?@v??Fw??Ng??Lw? n=26 c=6 b=5 nu_cut=3 good=52 nongen=[] mism=0
Y???Ft}vfkVoh????????A????@G??O???Bm??^O?A}??Jw??xo??nO? n=26 c=5 b=6 nu_cut=3 good=52 nongen=[] mism=0
W????@zrvq]g}_zO???G?C_?B??G??G????~??No?@}??Fw n=24 c=6 b=4 nu_cut=3 good=46 nongen=[] mism=0
Y??F~z{~E?????_?E_A????????????^G?Mq?@t_?[[?@Z_?@V_?@N_? n=26 c=4 b=7 nu_cut=3 good=52 nongen=[] mism=0
Y??F~z{~?G????s?@_?????????O???U[?M[?Bw_?U[?@f_?@m_?@n?? n=26 c=4 b=7 nu_cut=3 good=52 nongen=[] mism=0
Y??F~z{~A???b???????????g?A????R[?Dy??z_?Xk?@n??@m_?Bf?? n=26 c=4 b=7 nu_cut=3 good=50 nongen=[] mism=0
Y????Azjt][wto|OA??_???@_??_?????K????No?@v??E{??NW??Ng? n=26 c=6 b=5 nu_cut=3 good=42 nongen=[] mism=0
W??F~z{~????A?A?A?BG?C??????\o?Zo?Mk?Bl??NW?@x_ n=24 c=4 b=6 nu_cut=3 good=40 nongen=[] mism=0
Y???B~{vb{Zo_?G???@?????A?C??D????Bu??\o?A}??^O??No??zO? n=26 c=5 b=6 nu_cut=3 good=45 nongen=[] mism=0
W????BZyr]Zg^OnOW??c????A??_??C????~??No?@}??Fw n=24 c=6 b=4 nu_cut=3 good=44 nongen=[] mism=0
Y??????jZtRw[w|_FkC}?o?@??@C????????o?????^_?@}??B{??B{? n=26 c=7 b=4 nu_cut=3 good=50 nongen=[] mism=0
Y??????vVRMsyoewM[Az?H??C????@G?????E?????^_?@}??B{??B{? n=26 c=7 b=4 nu_cut=3 good=50 nongen=[] mism=0
Y??????Z\{F[zGfWL[Fi??_????C??C??O_?_O????^_?@}??B{??B{? n=26 c=7 b=4 nu_cut=3 good=52 nongen=[] mism=0
U??F~z{~????W?F???A??G???Mw?\o?Zo?Lw?B{? n=22 c=4 b=5 nu_cut=3 good=40 nongen=[] mism=0
Y???E~m|e{\oc?????@O?G??G????@????B]??Zo?FM??\o??]o??}O? n=26 c=5 b=6 nu_cut=3 good=48 nongen=[] mism=0
W???F\}^fs^_??I?Q????_?A???_???E{?Bu??v_?D{??Vo n=24 c=5 b=5 nu_cut=3 good=45 nongen=[] mism=0
W???E~{}fw]o?_??J?C???_?A??????E{?Bu??v_?Fw??\o n=24 c=5 b=5 nu_cut=3 good=46 nongen=[] mism=0
U??F~z{~?wC?E?G??????????Lw?]o?^_?Fw?@}? n=22 c=4 b=5 nu_cut=3 good=38 nongen=[] mism=0
Y??F~z{~????I??????O?G?BO??????VK?Ku?Bj??Ys?@NO?@u_??}_? n=26 c=4 b=7 nu_cut=3 good=52 nongen=[] mism=0
Y??F~z{~??G?k?P????G???????????Rk?NQ?BY_?P{?@eo?Bj??@j_? n=26 c=4 b=7 nu_cut=3 good=52 nongen=[] mism=0
W???Fy}}d{]o??w?G????O??A??C???D{?A}??~??E{??^_ n=24 c=5 b=5 nu_cut=3 good=40 nongen=[] mism=0
W??F~z{~????`?O???Cg???@????Vg?Yw?Ng?BN??ZW?@\_ n=24 c=4 b=6 nu_cut=3 good=44 nongen=[] mism=0
W??F~z{~?G?_O???U??????@????Yw?VW?B{?@v??]W??~? n=24 c=4 b=6 nu_cut=3 good=40 nongen=[] mism=0
Y????@}}Ty]gtoVo?O@Q????C??C??C???????NW?@^??Fk??Jw??Ng? n=26 c=6 b=5 nu_cut=3 good=49 nongen=[] mism=0
W????BZ]u{]gZoVoOG?K?G????@??@?????~??No?@}??Fw n=24 c=6 b=4 nu_cut=3 good=40 nongen=[] mism=0
W?????~^VqNgloyoO?C??C_A??AO???????~??No?@}??Fw n=24 c=6 b=4 nu_cut=3 good=40 nongen=[] mism=0
W????BfZrmVov_z_A??Q?_??O?C???_????~??No?@}??Fw n=24 c=6 b=4 nu_cut=3 good=39 nongen=[] mism=0
Y??F~z{~?O??A?G?W_???G?????????Mw?L[?BJ_?Lk?@xO?Bt??Ax_? n=26 c=4 b=7 nu_cut=3 good=52 nongen=[] mism=0
W????@znR{VWNo{o?_CO?O?@C?????G????~??No?@}??Fw n=24 c=6 b=4 nu_cut=3 good=39 nongen=[] mism=0
W???Fz]}fw^O?_?_???C?I????AG???B{?A}??}_?Fw??]o n=24 c=5 b=5 nu_cut=3 good=42 nongen=[] mism=0
Y??F~z{~??A???J??????S????A????Mk?G}?Bl??\c?@j_?Aj_??|_? n=26 c=4 b=7 nu_cut=3 good=52 nongen=[] mism=0
Y???D~mze{VoQ?O???A???????D_??????Bl??\o?FU??Fw??vO??|O? n=26 c=5 b=6 nu_cut=3 good=49 nongen=[] mism=0
W???Fz]zfkZo?_G?C?????_AC?@????E{?@}??}_?F[??Vo n=24 c=5 b=5 nu_cut=3 good=45 nongen=[] mism=0
W????By|VU[wNo}O???o?@??C??G?CC????~??No?@}??Fw n=24 c=6 b=4 nu_cut=3 good=46 nongen=[] mism=0
Y??????rh^]WzGswTkBf?@??O??g??_??H????????^_?@}??B{??B{? n=26 c=7 b=4 nu_cut=3 good=50 nongen=[] mism=0
Y????A^{r{Jwmo{oG??G?@?@??D??????C????Fw?@^??D{??Ng??NW? n=26 c=6 b=5 nu_cut=3 good=49 nongen=[] mism=0
W???Fu}~F[]o??g_???O?D?????O???F[?Bu??n_?D{??^O n=24 c=5 b=5 nu_cut=3 good=45 nongen=[] mism=0
U??F~z{~??Q_G?A?@?@??????Jw?Zo?^O?Jw?Bu? n=22 c=4 b=5 nu_cut=3 good=40 nongen=[] mism=0
Y????@zVs}YwzO{o??C_?G??_????@???I????Jw?@}??B{??No??NW? n=26 c=6 b=5 nu_cut=3 good=54 nongen=[] mism=0
U???Fn{|e{NoA?__??A_?A??G???Fw?Fw?B{??~? n=22 c=5 b=4 nu_cut=3 good=40 nongen=[] mism=0
W??F~z{~??W??????????M?B????^O?^_?I{?Bj??Vg?@]_ n=24 c=4 b=6 nu_cut=3 good=46 nongen=[] mism=0
W??F~z{~?OO???A???C????@c???Vo?\W?Fk?By??Mw??~? n=24 c=4 b=6 nu_cut=3 good=34 nongen=[] mism=0
U???FzunfwVo?_???OB??A??I???Fw?Fw?B{??~? n=22 c=5 b=4 nu_cut=3 good=34 nongen=[] mism=0
Y?????~rveNW{otoI??O??????DG??O???????Mw?@z??E{??NW??Fw? n=26 c=6 b=5 nu_cut=3 good=48 nongen=[] mism=0
Y??????t]mZcLwjo\KFp?CO?A??C?AG??A????????^_?@}??B{??B{? n=26 c=7 b=4 nu_cut=3 good=52 nongen=[] mism=0
Y??????]in]W|OZoT[Em?A??G?????`??G??g?????^_?@}??B{??B{? n=26 c=7 b=4 nu_cut=3 good=45 nongen=[] mism=0
Y????BjNs}^G}_zO???C?@?????K??G?A_????No?@^??Fk??Jw??Fw? n=26 c=6 b=5 nu_cut=3 good=47 nongen=[] mism=0
Y??????zb{RkugroJ[Dj?G??@_CA?????_??G?????^_?@}??B{??B{? n=26 c=7 b=4 nu_cut=3 good=52 nongen=[] mism=0
W??F~z{~?O??????Q_AO?O??????]g?VW?E{?Az??Mw?@x_ n=24 c=4 b=6 nu_cut=3 good=46 nongen=[] mism=0
Y??????nG~Y[ZoVg[sDl?Q??@??A?AO??????O????^_?@}??B{??B{? n=26 c=7 b=4 nu_cut=3 good=52 nongen=[] mism=0
U??F~z{~?O@???C???F??C???Jw?\o?^O?NW?By? n=22 c=4 b=5 nu_cut=3 good=40 nongen=[] mism=0
Y????@vyq}]WVojo?_???s?A_?????G???????Mw?@|??E{??Mw??Lw? n=26 c=6 b=5 nu_cut=3 good=52 nongen=[] mism=0
Y??????jnsK{Fw\gI{FX?_?A???O?CO??`????????^_?@}??B{??B{? n=26 c=7 b=4 nu_cut=3 good=44 nongen=[] mism=0
Y??F~z{~@?????@????G?G????E_???S{?Fi?@}??\g?@m_?@z??Bs_? n=26 c=4 b=7 nu_cut=3 good=52 nongen=[] mism=0
Y??F~z{~C?J??????????@??C?C????Nc?JU?@]_?Tw?@ZO?By??Av?? n=26 c=4 b=7 nu_cut=3 good=45 nongen=[] mism=0
U??F~z{~DOB???O?G????????NW?]o?No?Fw?A}? n=22 c=4 b=5 nu_cut=3 good=34 nongen=[] mism=0
Y??F~z{~Co??@?@?G??????@???????D{?MU?@^??J[??to?Bu??Bw_? n=26 c=4 b=7 nu_cut=3 good=52 nongen=[] mism=0
W????AzxviVW^_xo@??G?A??K????AA????~??No?@}??Fw n=24 c=6 b=4 nu_cut=3 good=44 nongen=[] mism=0
W???Fvuvb{Vo??@???@C???Ag??G???E{?Bm??}_?F[??^O n=24 c=5 b=5 nu_cut=3 good=45 nongen=[] mism=0
Y??F~z{~?_??C?J?O????_?????????Tw?Js?@f_?\S?@NO?BT_?@l_? n=26 c=4 b=7 nu_cut=3 good=52 nongen=[] mism=0
W??F~z{~??????D?E_???_?A????[w?^_?I{?@v??]o??}_ n=24 c=4 b=6 nu_cut=3 good=44 nongen=[] mism=0
W???Fn{~B{^O?????_?C??_B_??C???B{?Bm??}_?D{??^O n=24 c=5 b=5 nu_cut=3 good=46 nongen=[] mism=0
Y????B{rvi^OzOv_???e??????????O??b????Jw?@}??Fs??Jw??No? n=26 c=6 b=5 nu_cut=3 good=48 nongen=[] mism=0
Y????BVnb]^G^_xo????????G????AI?AB????No?@|??Fw??Ng??Fw? n=26 c=6 b=5 nu_cut=3 good=48 nongen=[] mism=0
Y???B~m}fw]o??E_?????D????C??C????A}??~??FY??]W??lo??No? n=26 c=5 b=6 nu_cut=3 good=52 nongen=[] mism=0
W??F~z{~??D???@??_???w??????Zo?Zg?J[?Bf??]g?@]_ n=24 c=4 b=6 nu_cut=3 good=39 nongen=[] mism=0
U???Fm}vfsVoG_??G?AG?O??C???Fw?Fw?B{??~? n=22 c=5 b=4 nu_cut=3 good=38 nongen=[] mism=0
U??F~z{~????A?@?M??G?A???NW?No?^O?Ng?Bu? n=22 c=4 b=5 nu_cut=3 good=35 nongen=[] mism=0
Y??????m]xZghw^OX[Fd??_????G?B???A??@_????^_?@}??B{??B{? n=26 c=7 b=4 nu_cut=3 good=50 nongen=[] mism=0
W??F~z{~?O??A?????EG?W??????Fw?ZW?Jk?Bx??Lw?@u_ n=24 c=4 b=6 nu_cut=3 good=44 nongen=[] mism=0
U???Fv]|d{]o@?B?@????A?@O???Fw?Fw?B{??~? n=22 c=5 b=4 nu_cut=3 good=38 nongen=[] mism=0
Y????@ntvwUwn_vO?????c_?@?B???A???????NW?@n??B{??Lw??Jw? n=26 c=6 b=5 nu_cut=3 good=52 nongen=[] mism=0
Y??????V\{MkYwjgMwFb?C_?@_C?????A???_?????^_?@}??B{??B{? n=26 c=7 b=4 nu_cut=3 good=52 nongen=[] mism=0
W??F~z{~A???J?C?A??????@????Xw?Jw?NS?B{??Yw??|_ n=24 c=4 b=6 nu_cut=3 good=46 nongen=[] mism=0
W??F~z{~??A???J?O????c??????[w?Ng?I{??~??\g?@Z_ n=24 c=4 b=6 nu_cut=3 good=40 nongen=[] mism=0
Y????@vurm]o}OVo??C??A?AG??O??G?A?????NW?@n??Fk??Mw??Mw? n=26 c=6 b=5 nu_cut=3 good=46 nongen=[] mism=0
Y???Fl}^fk^O_?_?H????a??G?????????Av??uo?By??Rw??{o??z_? n=26 c=5 b=6 nu_cut=3 good=49 nongen=[] mism=0
Y????Bj{ty[wzOnO???O???@E????A_??G????Mw?@^??F[??Jw??Ng? n=26 c=6 b=5 nu_cut=3 good=38 nongen=[] mism=0
Y????BfnU]^_z_uoA?????O?P?????_?@A????Ng?@v??Fw??Fw??Ng? n=26 c=6 b=5 nu_cut=3 good=49 nongen=[] mism=0
Y??F~z{~?_??G??????_????_?EG???ZW?Hy?A}??VK?@rO?@z??@|?? n=26 c=4 b=7 nu_cut=3 good=52 nongen=[] mism=0
Y??F~z{~??O?B???O??????@g??????Zo?FU??|_?Xs?@VO?@V_?Bi_? n=26 c=4 b=7 nu_cut=3 good=50 nongen=[] mism=0
W??F~z{~????p????????b??G???^_?]g?K{?B{??Jw?@n? n=24 c=4 b=6 nu_cut=3 good=36 nongen=[] mism=0
U???B}}|f[]oA?Q?@?CC?O??????Fw?Fw?B{??~? n=22 c=5 b=4 nu_cut=3 good=38 nongen=[] mism=0
W???E~{~FsNo?_?_DO????????E????Fw?Bm??v_?D{??Zo n=24 c=5 b=5 nu_cut=3 good=45 nongen=[] mism=0
W????@vltu\W|_n_???O?AO?@??O?AG????~??No?@}??Fw n=24 c=6 b=4 nu_cut=3 good=39 nongen=[] mism=0
W???Fl}~B{^O_?`?O????@????@O???Fw?By??z_?B{??Vo n=24 c=5 b=5 nu_cut=3 good=45 nongen=[] mism=0
Y???Fu}^b{Zo??????D??K_A?????C????BV??xo?F[??Vo??lo??}_? n=26 c=5 b=6 nu_cut=3 good=48 nongen=[] mism=0
W??F~z{~??[?A?????@G?A??????\W?Vg?Js?B]??VW??v_ n=24 c=4 b=6 nu_cut=3 good=44 nongen=[] mism=0
W??F~z{~??@?????U??O?g??????]W?]W?B{?Bl??Yw?@]_ n=24 c=4 b=6 nu_cut=3 good=44 nongen=[] mism=0
W???B~y}fk^_a_@??????@??C?@????Fk?Bm??^_?D{??No n=24 c=5 b=5 nu_cut=3 good=46 nongen=[] mism=0
Y??????U~sS{jg^GJsBf?`?????Q????A???`?????^_?@}??B{??B{? n=26 c=7 b=4 nu_cut=3 good=44 nongen=[] mism=0
W???B~y^d{^O@??_O_CG???A???????Fs?B]??z_?E{??]o n=24 c=5 b=5 nu_cut=3 good=41 nongen=[] mism=0
Y??????ury\WzGxW\oC|??G?A??@??g???_??_????^_?@}??B{??B{? n=26 c=7 b=4 nu_cut=3 good=44 nongen=[] mism=0
U???D}}vfsNoO?g?G?A????AG???Fw?Fw?B{??~? n=22 c=5 b=4 nu_cut=3 good=40 nongen=[] mism=0
U??F~z{~??A???J???D??C???Mw?No?]o?Ng?Bm? n=22 c=4 b=5 nu_cut=3 good=38 nongen=[] mism=0
U???D}}}e{^_O?g?G?@G???@????Fw?Fw?B{??~? n=22 c=5 b=4 nu_cut=3 good=40 nongen=[] mism=0
Y??????xltLwxW|GVgEl?A?@@?????Q?????AO????^_?@}??B{??B{? n=26 c=7 b=4 nu_cut=3 good=47 nongen=[] mism=0
Y???B~uvb{Zo????G?C??_????@W?C????B]??|O?By??]g??^_??ro? n=26 c=5 b=6 nu_cut=3 good=49 nongen=[] mism=0
U???Fv{|d{^O@?@?P????@??g???Fw?Fw?B{??~? n=22 c=5 b=4 nu_cut=3 good=40 nongen=[] mism=0
Y??????m]]Yk[w\gF[Dt?@?A_?????G?@@??@?????^_?@}??B{??B{? n=26 c=7 b=4 nu_cut=3 good=52 nongen=[] mism=0
U??F~z{~C?????_????o?R???No?^_?^O?Mw?@}? n=22 c=4 b=5 nu_cut=3 good=38 nongen=[] mism=0
W??F~z{~C?A?_?????AW????O???Uw?Xw?Fw?Bj??ZW?@x_ n=24 c=4 b=6 nu_cut=3 good=46 nongen=[] mism=0
W???D}}zfs^O??O?G????O?AC?@O???Fs?Bm??|_?D{??^_ n=24 c=5 b=5 nu_cut=3 good=42 nongen=[] mism=0
Y??F~z{~??A?C???G????O????@W???Lk?Lk?Ar_?Rk?@}??Br??@n?? n=26 c=4 b=7 nu_cut=3 good=52 nongen=[] mism=0
W????Brndu^OtonO?_?G?O??g?A??A?????~??No?@}??Fw n=24 c=6 b=4 nu_cut=3 good=44 nongen=[] mism=0
W???D|}|e{^_??Q?W_?C???????C???D{?By??~??E{??Zo n=24 c=5 b=5 nu_cut=3 good=45 nongen=[] mism=0
W??F~z{~C???O???G????_??k???^_?Ng?Jk?BV??No?@}? n=24 c=4 b=6 nu_cut=3 good=40 nongen=[] mism=0
W???B~{}fwVoO?@_Q_???O?????????E{?A}??|_?E{??^_ n=24 c=5 b=5 nu_cut=3 good=40 nongen=[] mism=0
W??F~z{~??O?P?[?O???????????Tw?^O?K{?BV??\W??^_ n=24 c=4 b=6 nu_cut=3 good=44 nongen=[] mism=0
U??F~z{~@?C?_?????Ag?_???Ng?^O?^_?Jw?B]? n=22 c=4 b=5 nu_cut=3 good=40 nongen=[] mism=0
W????@vxt{Vgjo|O???S?O?@??CO?A?????~??No?@}??Fw n=24 c=6 b=4 nu_cut=3 good=46 nongen=[] mism=0
Y????B{NvYRw^On_G??C?C??A?A???C?@?????Jw?@v??Fw??Ng??No? n=26 c=6 b=5 nu_cut=3 good=46 nongen=[] mism=0
W???Fnm}e{Vo??A?E_???k?????????Fk?B]??v_?Fk??\o n=24 c=5 b=5 nu_cut=3 good=41 nongen=[] mism=0
Y???Fx}^e{Zo?_G??????G??a?CO???????~??yo?@}??Ng??|O??uo? n=26 c=5 b=6 nu_cut=3 good=42 nongen=[] mism=0
Y??F~z{~CG????G???@????AK??????K{?Lq?@u_?^O?@uO?Br???|_? n=26 c=4 b=7 nu_cut=3 good=50 nongen=[] mism=0
U??F~z{~@gP_????O????????Jw?No?^O?Jw?@}? n=22 c=4 b=5 nu_cut=3 good=35 nongen=[] mism=0
W???Fnmne{Noc???Ao@?????_??????E{?@}??v_?Fs??Vo n=24 c=5 b=5 nu_cut=3 good=45 nongen=[] mism=0
Y??????M~JTs}GpwVcC}???@???_?A_?@???I?????^_?@}??B{??B{? n=26 c=7 b=4 nu_cut=3 good=50 nongen=[] mism=0
W??F~z{~A?G???K?P_??????????Uw?No?D{?Bt??[w??v_ n=24 c=4 b=6 nu_cut=3 good=39 nongen=[] mism=0
Y????BlnVYNo|_lo??EC??O?@?????C??A????NW?@|??Fs??Jw??Jw? n=26 c=6 b=5 nu_cut=3 good=49 nongen=[] mism=0
U??F~z{~@g??i?A??????????NW?No?Zo?Fw?B]? n=22 c=4 b=5 nu_cut=3 good=35 nongen=[] mism=0
Y????Azjt{Lw}_^_O????_??O?AI?????O????Lw?@z??E{??Ng??NW? n=26 c=6 b=5 nu_cut=3 good=43 nongen=[] mism=0
U??F~z{~A???b???C????W???Lw?Zo?\o?Fw?B{? n=22 c=4 b=5 nu_cut=3 good=40 nongen=[] mism=0
U???Fnm~F[VoC??_???_?C_AG???Fw?Fw?B{??~? n=22 c=5 b=4 nu_cut=3 good=38 nongen=[] mism=0
Y??F~z{~@?C?a???R??????????????Vo?Jw?BJ_?W{?@Jo??v_?@t_? n=26 c=4 b=7 nu_cut=3 good=44 nongen=[] mism=0
Y??F~z{~????????W?A????A???w???M[?No?BZ??VS?@r_?@r_?@n?? n=26 c=4 b=7 nu_cut=3 good=45 nongen=[] mism=0
Y??F~z{~??B?E?????EG???????????R[?H]?@Z_?Uk?@wo?Aj_?B]?? n=26 c=4 b=7 nu_cut=3 good=52 nongen=[] mism=0
Y??F~z{~A?C?d???K??????????????Yk?FM?@Z_?]W?@NO??n_?@N_? n=26 c=4 b=7 nu_cut=3 good=45 nongen=[] mism=0
U??F~z{~AgC?G??????O?A???Fw?^_?No?Ng?Bu? n=22 c=4 b=5 nu_cut=3 good=40 nongen=[] mism=0
W??F~z{~??E?p?C?C???????????Yw?Jw?H{?@}??Tw?@r_ n=24 c=4 b=6 nu_cut=3 good=46 nongen=[] mism=0
W????Bj|S}VW]oz_?_?o??o????G??G????~??No?@}??Fw n=24 c=6 b=4 nu_cut=3 good=46 nongen=[] mism=0
U??F~z{~??G???h?@?A??A???No?\o?Vo?Mw?Bu? n=22 c=4 b=5 nu_cut=3 good=40 nongen=[] mism=0
Y????ByZrm]gyo\o@??O??o????O????AC????Mw?@z??Fw??Lw??Jw? n=26 c=6 b=5 nu_cut=3 good=48 nongen=[] mism=0
W???Fl}zfsZoA?A???@C??????BG???B{?B]??~??Fw??\o n=24 c=5 b=5 nu_cut=3 good=45 nongen=[] mism=0
Y???Fm}nb{Zo??_?L???????Q????C????An??z_?Bm??Rw??uo??uo? n=26 c=5 b=6 nu_cut=3 good=49 nongen=[] mism=0
Y??F~z{~????O?O????w??????CG???F[?K{?@j_?^O?@so?B\??AV_? n=26 c=4 b=7 nu_cut=3 good=50 nongen=[] mism=0
Y??????NZt[sUwxWUkFk??_?G??O?AG??A??A?????^_?@}??B{??B{? n=26 c=7 b=4 nu_cut=3 good=50 nongen=[] mism=0
W??F~z{~A?G?i?@????G????????^O?Tw?J[?B]??Zg??n_ n=24 c=4 b=6 nu_cut=3 good=46 nongen=[] mism=0
U??F~z{~?oG?O?????@g?????Jw?^O?No?Ng?Bm? n=22 c=4 b=5 nu_cut=3 good=38 nongen=[] mism=0
Y???B~uzb{^O_?C?O??_?_???????AO???Bm??fo?FM??Rw??^_??ro? n=26 c=5 b=6 nu_cut=3 good=42 nongen=[] mism=0
Y????@}mvi\Wz_to???g?Y??C????????O????Lw?@^??D{??Ng??Lw? n=26 c=6 b=5 nu_cut=3 good=54 nongen=[] mism=0
W???Fm}ve{^O????Go?W????_?@????E{?@}??v_?F[??Vo n=24 c=5 b=5 nu_cut=3 good=45 nongen=[] mism=0
U???F^m^e{]oC???A?AC?c?A????Fw?Fw?B{??~? n=22 c=5 b=4 nu_cut=3 good=38 nongen=[] mism=0
Y??????ZvYNKlgrWI{DN?C?@?_?c??_??????_????^_?@}??B{??B{? n=26 c=7 b=4 nu_cut=3 good=50 nongen=[] mism=0
Y????@nvd]Zo|_toC?@??C?A@??_?@????????Fw??~??F[??Ng??Ng? n=26 c=6 b=5 nu_cut=3 good=43 nongen=[] mism=0
U??F~z{~??????A?@?CG?T???No?\o?Zo?Ng?B{? n=22 c=4 b=5 nu_cut=3 good=38 nongen=[] mism=0
U??F~z{~?wO?O?O?O????????Mw?No?No?Ng?Bm? n=22 c=4 b=5 nu_cut=3 good=35 nongen=[] mism=0
Y??????h~sJkqwXwRkBV?C?A???_??_?A???P?????^_?@}??B{??B{? n=26 c=7 b=4 nu_cut=3 good=50 nongen=[] mism=0
Y??F~z{~????P????????G?BG?@????Js?JU?BY_?Zc??nO?Bl??Bj?? n=26 c=4 b=7 nu_cut=3 good=50 nongen=[] mism=0
Y???D~{ne{^_O_???????C?@A????AC????~??{o?F[??VW??]o??z_? n=26 c=5 b=6 nu_cut=3 good=48 nongen=[] mism=0
U???D~u}d{]oW?A?@??O????Q???Fw?Fw?B{??~? n=22 c=5 b=4 nu_cut=3 good=35 nongen=[] mism=0
W???Fv{zd{\oO?C?A????O?AC??_???E{?Bu??^_?Fs??^O n=24 c=5 b=5 nu_cut=3 good=45 nongen=[] mism=0
W??F~z{~?O??P????????X??G???Zg?Vo?Js?@^??Ng?@x_ n=24 c=4 b=6 nu_cut=3 good=44 nongen=[] mism=0
U???B~u|b{^_B?O_??C??_?A????Fw?Fw?B{??~? n=22 c=5 b=4 nu_cut=3 good=35 nongen=[] mism=0
Y??F~z{~A_W_?????????A??G??????U[?Iu??n_?Jw?@do?Bw_??}_? n=26 c=4 b=7 nu_cut=3 good=50 nongen=[] mism=0
U???D~y|fw^_??E??O?C?B??A???Fw?Fw?B{??~? n=22 c=5 b=4 nu_cut=3 good=40 nongen=[] mism=0
W???E}}~Fs\o??o_???_?C??a??????D{?B]??|_?D{??^O n=24 c=5 b=5 nu_cut=3 good=45 nongen=[] mism=0
Y????B{~B][wlovO???C????A?@???C?@P????Mw?@}??Fw??Lw??Ng? n=26 c=6 b=5 nu_cut=3 good=53 nongen=[] mism=0
Y??F~z{~A?G?b??????????????g???Yw?A}?@^??Zo?@ZO?BL_?Br?? n=26 c=4 b=7 nu_cut=3 good=50 nongen=[] mism=0
Y???Fv{zfwVo????C??C????A??C?E_???@v??v_?D{??VW??z_??zO? n=26 c=5 b=6 nu_cut=3 good=53 nongen=[] mism=0
W???F\}nf[^OC???E????C????CK???D{?B{??v_?Fw??\o n=24 c=5 b=5 nu_cut=3 good=46 nongen=[] mism=0
Y??????|exFs[wzGB{C^??OA???A??o?????_O????^_?@}??B{??B{? n=26 c=7 b=4 nu_cut=3 good=50 nongen=[] mism=0
Y????Bt^f[Twv_loG?CC??O?@??A????@?????No?@z??D{??Ng??Lw? n=26 c=6 b=5 nu_cut=3 good=52 nongen=[] mism=0
W???Fnm~F[^_C???A?@_??????CK???F[?By??~??D{??^_ n=24 c=5 b=5 nu_cut=3 good=42 nongen=[] mism=0
W???D~m|d{ZoO?D?G?C_???@???????Fk?Bm??^_?E{??Vo n=24 c=5 b=5 nu_cut=3 good=47 nongen=[] mism=0
Y??????}anL[RwFw]WFb?_?A??@_????A???@G????^_?@}??B{??B{? n=26 c=7 b=4 nu_cut=3 good=45 nongen=[] mism=0
W??F~z{~B??_?????_???U??????[w?Zg?E{?@|??^_?@^? n=24 c=4 b=6 nu_cut=3 good=44 nongen=[] mism=0
U??F~z{~?OM?K??????O?????No?Zo?Vo?NW?A}? n=22 c=4 b=5 nu_cut=3 good=38 nongen=[] mism=0
Y????Bu~A}NgjoZo??AC?_?A??????a?A?????Ng?@z??F[??Jw??Lw? n=26 c=6 b=5 nu_cut=3 good=54 nongen=[] mism=0
U??F~z{~?OU?A?@??????@???Lw?\o?Vo?Jw?B{? n=22 c=4 b=5 nu_cut=3 good=40 nongen=[] mism=0
W??F~z{~?OM?A?P?????????????[w?Zo?I{?Az??Fw??}_ n=24 c=4 b=6 nu_cut=3 good=44 nongen=[] mism=0
Y????@|ZvsNWz_lo?oC?????S????C??A?????Fw?@}??Fk??Ng??Mw? n=26 c=6 b=5 nu_cut=3 good=54 nongen=[] mism=0
Y??F~z{~????C?w?@??????????o???^_?MU?@N_?]K??n_?An??BF_? n=26 c=4 b=7 nu_cut=3 good=52 nongen=[] mism=0
Y????@^Vvs\Wn_v_???A?POAo?????????????Mw?@}??E{??Mw??Lw? n=26 c=6 b=5 nu_cut=3 good=45 nongen=[] mism=0
W??F~z{~?O@?????[?@G????????Uw?]o?Js?@z??Uw??|_ n=24 c=4 b=6 nu_cut=3 good=39 nongen=[] mism=0
Y??F~z{~A???_?O??????_??s??????Ls?NQ?BJ_?[w?@NO?@y_?@|?? n=26 c=4 b=7 nu_cut=3 good=52 nongen=[] mism=0
Y????B\}bmFwyoro?????C????@I??_?AC????Ng?@}??F[??NW??NW? n=26 c=6 b=5 nu_cut=3 good=52 nongen=[] mism=0
W??F~z{~CWG???C??????O??O???No?[w?Fs?An??^_??~? n=24 c=4 b=6 nu_cut=3 good=40 nongen=[] mism=0
Y????@|Nu{Non_yo?G????O?a?CG??A???????Fw?@n??Fk??Lw??Mw? n=26 c=6 b=5 nu_cut=3 good=44 nongen=[] mism=0
Y???Fn]~Fw]o????DO?G?g_???????????BV??^O?E{??Tw??|O??to? n=26 c=5 b=6 nu_cut=3 good=46 nongen=[] mism=0
Y???F^u|e{NoA?I???CC?A???????@????@^??\o?F[??Vo??ro??No? n=26 c=5 b=6 nu_cut=3 good=48 nongen=[] mism=0
W??F~z{~?_A???A??????h??G???^O?Uw?F[?Bl??Vg?@u_ n=24 c=4 b=6 nu_cut=3 good=46 nongen=[] mism=0
Y??????xizYk]olgMwA^?A?A???O????A?_?a?????^_?@}??B{??B{? n=26 c=7 b=4 nu_cut=3 good=47 nongen=[] mism=0
Y???E~{vfs\o????D????G????Ag?@????B{??~??Fs??Rw??|O??to? n=26 c=5 b=6 nu_cut=3 good=48 nongen=[] mism=0
W????@}Vu{\gro^OS?D??G????C???A????~??No?@}??Fw n=24 c=6 b=4 nu_cut=3 good=40 nongen=[] mism=0
Y??????ytNRkmoUwLwFX?OG?O??_??_?????_G????^_?@}??B{??B{? n=26 c=7 b=4 nu_cut=3 good=52 nongen=[] mism=0
U???Fn{zfkVoA?G_???c?A??G???Fw?Fw?B{??~? n=22 c=5 b=4 nu_cut=3 good=40 nongen=[] mism=0
W????Bulu][w^ONoW??O?A??G??E???????~??No?@}??Fw n=24 c=6 b=4 nu_cut=3 good=46 nongen=[] mism=0
Y????A|^UmNgn_VoC?CO????a??C??C???????Jw?@|??B{??Mw??No? n=26 c=6 b=5 nu_cut=3 good=47 nongen=[] mism=0
W????@^vVwTw^O]o?W???G?A_?C??C?????~??No?@}??Fw n=24 c=6 b=4 nu_cut=3 good=39 nongen=[] mism=0
W???F\}^d{^_??_?O??C???@S??C???D{?Bu??}_?B{??^O n=24 c=5 b=5 nu_cut=3 good=47 nongen=[] mism=0
W??F~z{~?_??Q?????BG????O???^G?\W?Lw?BZ??Lw??^_ n=24 c=4 b=6 nu_cut=3 good=44 nongen=[] mism=0
W??F~z{~?O??A?w??????c??????Ng?Xw?M[?B\??Ng?@v? n=24 c=4 b=6 nu_cut=3 good=44 nongen=[] mism=0
Y???Ft}^fsVo??O????G???Ao??G??G???Bl??yo?Bu??]o??lo??}_? n=26 c=5 b=6 nu_cut=3 good=49 nongen=[] mism=0
Y???B~{^fs\o??_?O????__@E?????????@v??]o?Dm??Vo??}_??uo? n=26 c=5 b=6 nu_cut=3 good=53 nongen=[] mism=0
Y??????vHvUkZozO]o@z?a?????a??C??A???_????^_?@}??B{??B{? n=26 c=7 b=4 nu_cut=3 good=52 nongen=[] mism=0
W???D~u}fk\oA?O?K_??????G??O???E{?By??n_?Fw??Zo n=24 c=5 b=5 nu_cut=3 good=46 nongen=[] mism=0
W????BrzRyXw^Ov_?O?C???AO??C??I????~??No?@}??Fw n=24 c=6 b=4 nu_cut=3 good=46 nongen=[] mism=0
W??F~z{~A???O?C???DG?C??????VW?Ng?K{?Br??\W?@u_ n=24 c=4 b=6 nu_cut=3 good=40 nongen=[] mism=0
U??F~z{~C???R?G?O?@??????Lw?Vo?Zo?Fw?Bm? n=22 c=4 b=5 nu_cut=3 good=40 nongen=[] mism=0
U??F~z{~C?A???Y?O??_?????Mw?^_?No?Mw?B]? n=22 c=4 b=5 nu_cut=3 good=40 nongen=[] mism=0
U???FnmnfkVoW?A???CC?A??G???Fw?Fw?B{??~? n=22 c=5 b=4 nu_cut=3 good=35 nongen=[] mism=0
U??F~z{~A_A?J????????O???Lw?No?\o?Ng?B]? n=22 c=4 b=5 nu_cut=3 good=40 nongen=[] mism=0
Y??F~z{~????O?O?P_?_????O??????K{?K]?@^??I{?@ZO?Bw_?Aj_? n=26 c=4 b=7 nu_cut=3 good=52 nongen=[] mism=0
W??F~z{~??G???Q?@???????s???\o?Uw?H{?Bu??Jw?@v? n=24 c=4 b=6 nu_cut=3 good=46 nongen=[] mism=0
Y????Buxr{^Ofo]o??C??@?@P?C??????C????Jw?@|??F[??Jw??Mw? n=26 c=6 b=5 nu_cut=3 good=44 nongen=[] mism=0
Y??????jXnI{Zgfg\SB{?_??o??A?C???@???O????^_?@}??B{??B{? n=26 c=7 b=4 nu_cut=3 good=50 nongen=[] mism=0
W???B~m|fwZo??_???C????@c?@C???E{?By??^_?Fw??^O n=24 c=5 b=5 nu_cut=3 good=45 nongen=[] mism=0
Y??????j]VK{kwhwVSFe?O??W????A??@???D?????^_?@}??B{??B{? n=26 c=7 b=4 nu_cut=3 good=38 nongen=[] mism=0
Y????B]\tyZWNoloG?A??O?Ac????@????????No?@v??F[??NW??Lw? n=26 c=6 b=5 nu_cut=3 good=53 nongen=[] mism=0
Y???Fny}e{VoC_@???@G?G?????G??????Br??jo?Eu??Ng??Zo??vO? n=26 c=5 b=6 nu_cut=3 good=52 nongen=[] mism=0
W??F~z{~??@_????D_A??O??????Zg?]W?F[?A^??\W?@Z_ n=24 c=4 b=6 nu_cut=3 good=44 nongen=[] mism=0
W???B~yvfw^O??b?????????s?A????Fs?By??n_?D{??Zo n=24 c=5 b=5 nu_cut=3 good=41 nongen=[] mism=0
W????A|}Vk^_}_ro?_?C??_?`?????K????~??No?@}??Fw n=24 c=6 b=4 nu_cut=3 good=39 nongen=[] mism=0
U??F~z{~CG????G?C????p???Fw?^O?\o?No?B{? n=22 c=4 b=5 nu_cut=3 good=38 nongen=[] mism=0
Y???E~{}fwZoM?????C???_????C??C???@^??yo?B{??No??{o??~?? n=26 c=5 b=6 nu_cut=3 good=44 nongen=[] mism=0
Y???E~m~B{ZoL?????@??G????????o???@n??{o?FU??No??xo??^_? n=26 c=5 b=6 nu_cut=3 good=47 nongen=[] mism=0
W????A}}eu\gVo}_?GAG??OA_??A???????~??No?@}??Fw n=24 c=6 b=4 nu_cut=3 good=40 nongen=[] mism=0
Y???B~mnd{ZoO?????A??c??I?A???????@n??}O?Fi??\W??zO??|_? n=26 c=5 b=6 nu_cut=3 good=48 nongen=[] mism=0
Y??F~z{~C?W???O???@g???????????Ls?Na?Af_?F[??Vo?BZ??Ay_? n=26 c=4 b=7 nu_cut=3 good=52 nongen=[] mism=0
Y????BV]ruJw|_xoB_C??_???????CA???????Lw??~??Fk??Fw??Ng? n=26 c=6 b=5 nu_cut=3 good=48 nongen=[] mism=0
Y??????[~YJk[wfo^_BN?_?A??C??????G_?CG????^_?@}??B{??B{? n=26 c=7 b=4 nu_cut=3 good=52 nongen=[] mism=0
W??F~z{~????X?i???C?????????Xw?Mw?I{?B]??ZW??v_ n=24 c=4 b=6 nu_cut=3 good=41 nongen=[] mism=0
W????A|mr]\o\o^OG_C??_??O????C_????~??No?@}??Fw n=24 c=6 b=4 nu_cut=3 good=44 nongen=[] mism=0
W????B]vd{Ng\o}O?GE??`??@?????A????~??No?@}??Fw n=24 c=6 b=4 nu_cut=3 good=46 nongen=[] mism=0
Y????B]ut]Uw~?z_???a??O?@????????Y????Jw?@z??Fw??No??Ng? n=26 c=6 b=5 nu_cut=3 good=53 nongen=[] mism=0
W???B|}}d{Zo??D???C??O_A??C????D{?By??v_?Fs??]o n=24 c=5 b=5 nu_cut=3 good=43 nongen=[] mism=0
U??F~z{~AWA?_?_????_?????Fw?Zo?No?Jw?A}? n=22 c=4 b=5 nu_cut=3 good=35 nongen=[] mism=0
U???B~]}d{ZoP?S?C?@?????_???Fw?Fw?B{??~? n=22 c=5 b=4 nu_cut=3 good=40 nongen=[] mism=0
Y???D}}~B{]oA?D???A????@??A???O???Bx??yo?B{??Ng??mo??jo? n=26 c=5 b=6 nu_cut=3 good=48 nongen=[] mism=0
W??F~z{~@_???????_B_????C???Vg?Jw?Fk?Bu??^G?@\_ n=24 c=4 b=6 nu_cut=3 good=44 nongen=[] mism=0
W??F~z{~@??_G?q??_??????????]W?Uw?M[?An??Fw?@f_ n=24 c=4 b=6 nu_cut=3 good=39 nongen=[] mism=0
Y??????minXwrWvO]oFM????_?@???a??G_?G?????^_?@}??B{??B{? n=26 c=7 b=4 nu_cut=3 good=45 nongen=[] mism=0
Y????@v}e{Zgz_No?G@???O@C?@A??????????No?@|??D{??Mw??NW? n=26 c=6 b=5 nu_cut=3 good=52 nongen=[] mism=0
W????A^]vsVWZoNoG????O?A@?A??@G????~??No?@}??Fw n=24 c=6 b=4 nu_cut=3 good=34 nongen=[] mism=0
Y????Bf|Q}NWn_zO??BG???A??????C?AA????Mw?@^??D{??Mw??No? n=26 c=6 b=5 nu_cut=3 good=49 nongen=[] mism=0
Y???B~{}b{ZoG?_?O???????q????C????@z??fo?Fk??]W??^_??yo? n=26 c=5 b=6 nu_cut=3 good=53 nongen=[] mism=0
W????BxVvUMwZo|OO?@O???A??C???W????~??No?@}??Fw n=24 c=6 b=4 nu_cut=3 good=46 nongen=[] mism=0
Y??F~z{~?O??????D?E_??????@????NS?Fk?Bb_?ZK?@rO?Av??Al_? n=26 c=4 b=7 nu_cut=3 good=52 nongen=[] mism=0
Y??F~z{~??[?C?C????????@C??????^C?H]?Af_?Ls?@N_?Bl???}_? n=26 c=4 b=7 nu_cut=3 good=50 nongen=[] mism=0
U??F~z{~??G???W???@??b???No?\o?Zo?Ng?B{? n=22 c=4 b=5 nu_cut=3 good=40 nongen=[] mism=0
W???B|}nf[ZoA?_?O??????@a?C????Fs?A}??|_?Fw??^O n=24 c=5 b=5 nu_cut=3 good=46 nongen=[] mism=0
Y??F~z{~@?C???p??????A?????O???Ls?NW?Bb_?Yk?@N_??n_?BL_? n=26 c=4 b=7 nu_cut=3 good=52 nongen=[] mism=0
W????@|lvYTwlotoH????O?@G?????o????~??No?@}??Fw n=24 c=6 b=4 nu_cut=3 good=41 nongen=[] mism=0
Y??????t[|YwiwxWE{FR?A?????_??O??W??O_????^_?@}??B{??B{? n=26 c=7 b=4 nu_cut=3 good=50 nongen=[] mism=0
W??F~z{~?GD?????X??G????????]o?]o?B{?A^??[w?@\_ n=24 c=4 b=6 nu_cut=3 good=44 nongen=[] mism=0
W????B]|U]\oroNoE?@??C??O????CA????~??No?@}??Fw n=24 c=6 b=4 nu_cut=3 good=44 nongen=[] mism=0
U??F~z{~?O??K?A???Cg?????Lw?^O?^_?Ng?Bu? n=22 c=4 b=5 nu_cut=3 good=38 nongen=[] mism=0
W???E}}|fk\o??A?A??_?A????CK???Fw?Bu??|_?Fw??^O n=24 c=5 b=5 nu_cut=3 good=42 nongen=[] mism=0
Y??????}TVRs|_fWQ{B]?@_?`?A??A??????O?????^_?@}??B{??B{? n=26 c=7 b=4 nu_cut=3 good=52 nongen=[] mism=0
W???Fnyvd{VoO?G_??A??O?AO??????F[?By??n_?Fw??No n=24 c=5 b=5 nu_cut=3 good=47 nongen=[] mism=0
W??F~z{~??????O?Q_@G???@????Vo?Yw?NK?An??]g?@t_ n=24 c=4 b=6 nu_cut=3 good=44 nongen=[] mism=0
Y??F~z{~?G??P???G?????????DO???Ys?A}?BZ??^_?@x_?B[_?@^?? n=26 c=4 b=7 nu_cut=3 good=52 nongen=[] mism=0
Y??????xj\X[VWkwRwCn?G??_????CO??_??P?????^_?@}??B{??B{? n=26 c=7 b=4 nu_cut=3 good=52 nongen=[] mism=0
U??F~z{~????A?D????O?X???Jw?^_?\o?No?@}? n=22 c=4 b=5 nu_cut=3 good=38 nongen=[] mism=0
Y???Fv]^f[]o_?E_?_????????CG??????A|??|O?B]??Lw??nO??fo? n=26 c=5 b=6 nu_cut=3 good=54 nongen=[] mism=0
Y??F~z{~??C???G???C????@K?C????\W?Ji?@N_?^C?@io?Bm??A]_? n=26 c=4 b=7 nu_cut=3 good=52 nongen=[] mism=0
Y????@n|Q}^G{ozO???o?C?????O????Aa????No?@}??D{??Lw??Ng? n=26 c=6 b=5 nu_cut=3 good=49 nongen=[] mism=0
Y??????mpzLsVWlg^GBm?_??E?????P?A???_?????^_?@}??B{??B{? n=26 c=7 b=4 nu_cut=3 good=52 nongen=[] mism=0
Y????BNzVkTw}_n_A??Q????O??_?????E????Ng?@^??F[??No??Mw? n=26 c=6 b=5 nu_cut=3 good=44 nongen=[] mism=0
U??F~z{~??????@?K?Ao?@???Ng?Vo?^O?Mw?Bu? n=22 c=4 b=5 nu_cut=3 good=38 nongen=[] mism=0
Y??????Vhv\Shw|OTsEZ?o??O??_?@A??O????????^_?@}??B{??B{? n=26 c=7 b=4 nu_cut=3 good=52 nongen=[] mism=0
W??F~z{~????C???A?CW????c???Vg?\o?Ls?Br??^O?@|? n=24 c=4 b=6 nu_cut=3 good=44 nongen=[] mism=0
Y??F~z{~?O????p?@??g???????????\W?Mq??n_?Ms??|O?@Z_?Bd_? n=26 c=4 b=7 nu_cut=3 good=44 nongen=[] mism=0
W????BmxruNWloroA??_????D?AG??_????~??No?@}??Fw n=24 c=6 b=4 nu_cut=3 good=46 nongen=[] mism=0
W????Av]tuXwfo~?G?@G?O?@?????@O????~??No?@}??Fw n=24 c=6 b=4 nu_cut=3 good=46 nongen=[] mism=0
Y??????Lx}Yk}OmoUsB]?O?@??A???D?A?_???????^_?@}??B{??B{? n=26 c=7 b=4 nu_cut=3 good=52 nongen=[] mism=0
W????BmvVUFwyo\oG_?_????O??I??_????~??No?@}??Fw n=24 c=6 b=4 nu_cut=3 good=46 nongen=[] mism=0
W???Fzyze{ZoC?G?H_@??C?????????E{?B]??}_?F[??]o n=24 c=5 b=5 nu_cut=3 good=47 nongen=[] mism=0
W??F~z{~Ag??Q?_???C?????????Tw?NW?Fs?BV??Yw??^_ n=24 c=4 b=6 nu_cut=3 good=44 nongen=[] mism=0
W??F~z{~Ag????G?O????G?A????Jw?Vo?J[?@|??\g??v_ n=24 c=4 b=6 nu_cut=3 good=46 nongen=[] mism=0
Y???E~mze{NoC_C??????J????????_???Av??^_?B{??Mw??n_??{o? n=26 c=5 b=6 nu_cut=3 good=44 nongen=[] mism=0
W??F~z{~??G???@?G??G???Ag???Vg?\o?No?@z??]o??|_ n=24 c=4 b=6 nu_cut=3 good=46 nongen=[] mism=0
W???Fzmnf[NoW????O?_?C??A??_???E{?@}??v_?Fs??^O n=24 c=5 b=5 nu_cut=3 good=39 nongen=[] mism=0
W????@n]vUMwuonOO?@G?_??W?C????????~??No?@}??Fw n=24 c=6 b=4 nu_cut=3 good=40 nongen=[] mism=0
W??F~z{~??C???U???C????A_???\o?\W?H{?A^??NW?@v? n=24 c=4 b=6 nu_cut=3 good=46 nongen=[] mism=0
W???F^mnfs^O@_????A_?O??O??_???B{?B]??}_?Fs??\o n=24 c=5 b=5 nu_cut=3 good=38 nongen=[] mism=0
W??F~z{~??O?_?E???B_????????\g?VW?Ls?@}??\W?@x_ n=24 c=4 b=6 nu_cut=3 good=44 nongen=[] mism=0
W????A}~D]Ywjo^_?G?A?o?????A?AO????~??No?@}??Fw n=24 c=6 b=4 nu_cut=3 good=46 nongen=[] mism=0
Y???Fnm^d{Vo??O?G????C?AI??_??????Av??ro?Bu??Fw??yo??}O? n=26 c=5 b=6 nu_cut=3 good=54 nongen=[] mism=0
U???B|}~Fk^_?_?_O??W??_A????Fw?Fw?B{??~? n=22 c=5 b=4 nu_cut=3 good=38 nongen=[] mism=0
U???B~mze{^_?_??W??_?C??Q???Fw?Fw?B{??~? n=22 c=5 b=4 nu_cut=3 good=38 nongen=[] mism=0
Y??????yvRVc}_nGNKCn?C_???A???G?@C??@?????^_?@}??B{??B{? n=26 c=7 b=4 nu_cut=3 good=44 nongen=[] mism=0
Y??F~z{~??W_??I?C??O???????????Ls?Ku??n_?F[?@Z_?Az??Bd_? n=26 c=4 b=7 nu_cut=3 good=52 nongen=[] mism=0
Y???E~]^d{VoG?G?X???????A?@???????B{??}_?C}??Jw??lo??to? n=26 c=5 b=6 nu_cut=3 good=49 nongen=[] mism=0
U??F~z{~C?O?C?C??????R???No?^O?]o?Fw?B{? n=22 c=4 b=5 nu_cut=3 good=40 nongen=[] mism=0
Y????Bf{ruJwxouo???g???AK?@??@????????Jw?@|??Fk??Mw??Mw? n=26 c=6 b=5 nu_cut=3 good=48 nongen=[] mism=0
Y??F~z{~??????W??????k??G??O???]c?Me?Bd_?\S?@y_??~??A]_? n=26 c=4 b=7 nu_cut=3 good=50 nongen=[] mism=0
U???D~y}e{\oo?D??_?g????????Fw?Fw?B{??~? n=22 c=5 b=4 nu_cut=3 good=38 nongen=[] mism=0
W????AznTm\o~?v_A_???O?@??A??@A????~??No?@}??Fw n=24 c=6 b=4 nu_cut=3 good=40 nongen=[] mism=0
Y???E~u}fkNoA?P??????I???????@O???@v??n_?Bu??Tw??to??}_? n=26 c=5 b=6 nu_cut=3 good=52 nongen=[] mism=0
Y????@vnemVg]oz_[?C_??O??????????@????Ng??~??B{??Jw??No? n=26 c=6 b=5 nu_cut=3 good=52 nongen=[] mism=0
Y??F~z{~?OD?T?????????????@????F[?C}?BV??Ys?@Mo?Ar_??~?? n=26 c=4 b=7 nu_cut=3 good=52 nongen=[] mism=0
Y??F~z{~??C?????W_?O?G?????O???]K?H]?Ay_?Lk?@f_?Av??BT_? n=26 c=4 b=7 nu_cut=3 good=52 nongen=[] mism=0
W??F~z{~????G???O????g?@K???]o?Ng?Nc?@|??^O?@n? n=24 c=4 b=6 nu_cut=3 good=46 nongen=[] mism=0
U??F~z{~CO??A?_???Ag?????No?\o?^O?Fw?By? n=22 c=4 b=5 nu_cut=3 good=40 nongen=[] mism=0
Y???Fv{|fw]o?_???O?w??????B???????An??|O?A}??Lw??ro??nO? n=26 c=5 b=6 nu_cut=3 good=49 nongen=[] mism=0
U???F\}vfk\oC???A?@O?C?@A???Fw?Fw?B{??~? n=22 c=5 b=4 nu_cut=3 good=40 nongen=[] mism=0
Y????BZfvYRw{o{o???O?@??K??G?????o????No?@z??F[??Jw??Jw? n=26 c=6 b=5 nu_cut=3 good=42 nongen=[] mism=0
Y????BZfveVWZozO???_???????_?CK?@G????Ng?@|??Fw??NW??Jw? n=26 c=6 b=5 nu_cut=3 good=48 nongen=[] mism=0
W????A|Nvi^_z_NoG?A???o@??????c????~??No?@}??Fw n=24 c=6 b=4 nu_cut=3 good=46 nongen=[] mism=0
Y???E~m|fw]oA????????C_???BC??O???Bu??zO?Fw??Lw??uo??|O? n=26 c=5 b=6 nu_cut=3 good=52 nongen=[] mism=0
W????BlZveTwmotoO_?_?I?????_??_????~??No?@}??Fw n=24 c=6 b=4 nu_cut=3 good=46 nongen=[] mism=0
W??F~z{~??D_??@??????e??????Tw?]g?Ms?A}??Tw?@{_ n=24 c=4 b=6 nu_cut=3 good=36 nongen=[] mism=0
Y???Fm}nf[^O@???@O???@????F???????B\??]o?Fk??]W??vO??|O? n=26 c=5 b=6 nu_cut=3 good=44 nongen=[] mism=0
W????A|rr]]g{o|O???S?A??E??O??C????~??No?@}??Fw n=24 c=6 b=4 nu_cut=3 good=41 nongen=[] mism=0
W????Brvfe^GnOvO?O?K?@?????W??C????~??No?@}??Fw n=24 c=6 b=4 nu_cut=3 good=41 nongen=[] mism=0
Y????Btfry^OZo\oO??A???A??C??Ag???????Ng?@v??Fk??NW??Ng? n=26 c=6 b=5 nu_cut=3 good=49 nongen=[] mism=0
W????A|ZuyNgxoxo?O???W??A??o??C????~??No?@}??Fw n=24 c=6 b=4 nu_cut=3 good=40 nongen=[] mism=0
W????A}vfs[wjo^OG??A?a????AA??A????~??No?@}??Fw n=24 c=6 b=4 nu_cut=3 good=44 nongen=[] mism=0
W???Fl}|f[No???????G???B_?CS???Fs?Bm??}_?Fw??^_ n=24 c=5 b=5 nu_cut=3 good=39 nongen=[] mism=0
Y????An]veLwv_joA??G????O??G??_?B?????No?@}??Fk??Ng??Ng? n=26 c=6 b=5 nu_cut=3 good=49 nongen=[] mism=0
Y??F~z{~????q?@????G?c?????????Mw?Ku?AV_?W{?@{O?@x_?@\_? n=26 c=4 b=7 nu_cut=3 good=50 nongen=[] mism=0
Y????@|vVM]gv_uo???C?G_????G?@???a????No?@^??D{??Mw??Lw? n=26 c=6 b=5 nu_cut=3 good=46 nongen=[] mism=0
Y???B~y}d{NoP_????C??_?B??????????Av??^O?Eu??\W??]o??\o? n=26 c=5 b=6 nu_cut=3 good=49 nongen=[] mism=0
Y???B~{~FkZo?_G???????_?_?CO??C???@^??}O?@}??Jw??|O??n_? n=26 c=5 b=6 nu_cut=3 good=48 nongen=[] mism=0
Y????A^|fsMw]o~?PG?G???AA?????G???????Lw??~??B{??Mw??Ng? n=26 c=6 b=5 nu_cut=3 good=48 nongen=[] mism=0
W??F~z{~C?@?X???O??O????????[w?ZW?Ls?Bj??Mw?@N_ n=24 c=4 b=6 nu_cut=3 good=46 nongen=[] mism=0
Y??????U|uYk^_fW\oEj???AC?@??@@??__???????^_?@}??B{??B{? n=26 c=7 b=4 nu_cut=3 good=50 nongen=[] mism=0
W??F~z{~??G?E?????A?????k???VW?ZW?Ng?@}??Zg?@z? n=24 c=4 b=6 nu_cut=3 good=39 nongen=[] mism=0
U???FvmzfwVoC?C????_?o?@G???Fw?Fw?B{??~? n=22 c=5 b=4 nu_cut=3 good=40 nongen=[] mism=0
W???D~yzfk]o??C?G??_???AI?A????Fw?B{??v_?Fs??^O n=24 c=5 b=5 nu_cut=3 good=38 nongen=[] mism=0
W??F~z{~????w?c??_???@??????ZW?Xw?NS?Bj??Jw?@r_ n=24 c=4 b=6 nu_cut=3 good=44 nongen=[] mism=0
Y???F^]zb{Noc????_C??C?AO?????????Bj??xo?Fq??NW??Vo??Zo? n=26 c=5 b=6 nu_cut=3 good=45 nongen=[] mism=0
U???D~m~E{VoO?O_?????a?@A???Fw?Fw?B{??~? n=22 c=5 b=4 nu_cut=3 good=38 nongen=[] mism=0
U??F~z{~?_A?`?h??????????Mw?Vo?No?Mw?B]? n=22 c=4 b=5 nu_cut=3 good=38 nongen=[] mism=0
W????A}zVqNoVo|_?O?E??O???A_??A????~??No?@}??Fw n=24 c=6 b=4 nu_cut=3 good=44 nongen=[] mism=0
Y????@}nd{]Wyo}O?_??????W?CI?????C????Jw?@v??Fk??NW??Mw? n=26 c=6 b=5 nu_cut=3 good=48 nongen=[] mism=0
Y???Fl}~F[]o_???@?C????????O?AS???Bu??to?B{??VW??~???zO? n=26 c=5 b=6 nu_cut=3 good=52 nongen=[] mism=0
Y??F~z{~??????[??????A?A_??O???W{?Lk?BM_?Us??uo?@m_?B{?? n=26 c=4 b=7 nu_cut=3 good=50 nongen=[] mism=0
W???Fn{}d{^_??@_???C???Aa??G???E{?By??n_?Fs??No n=24 c=5 b=5 nu_cut=3 good=45 nongen=[] mism=0
Y???B~uzfw]o_????????A??G?CO?B????Az??Zo?E{??Ng??|O??}_? n=26 c=5 b=6 nu_cut=3 good=52 nongen=[] mism=0
Y???Fz]}d{^_?????OAG????a????@C???Bm??fo?Fq??Lw??n_??]o? n=26 c=5 b=6 nu_cut=3 good=52 nongen=[] mism=0
Y??????}emLwnOlWI{A|?????_AC??Q???_??G????^_?@}??B{??B{? n=26 c=7 b=4 nu_cut=3 good=52 nongen=[] mism=0
Y??????|Lj^GfgFwM[FL?@O?`??O??O?????A?????^_?@}??B{??B{? n=26 c=7 b=4 nu_cut=3 good=52 nongen=[] mism=0
W???F^y}fkZo@?@?C??G???Ag??????B{?B{??z_?Fs??^O n=24 c=5 b=5 nu_cut=3 good=46 nongen=[] mism=0
W???Fvuzb{^O?????_?G?P_?O??_???F[?B]??~??Fk??]o n=24 c=5 b=5 nu_cut=3 good=45 nongen=[] mism=0
Y??F~z{~A???@?i?G_?????????????Yk?C}?Be_?]K?@wo?@n??An?? n=26 c=4 b=7 nu_cut=3 good=52 nongen=[] mism=0
W??F~z{~EO??????A?D?????O???Mw?Jw?Nc?Bx??Zo??z_ n=24 c=4 b=6 nu_cut=3 good=44 nongen=[] mism=0
W???F^mne{NoC???W??_???@G??_???F[?By??^_?E{??Vo n=24 c=5 b=5 nu_cut=3 good=47 nongen=[] mism=0
W?????~Nu{ZW]ojoO?C??_??c????AA????~??No?@}??Fw n=24 c=6 b=4 nu_cut=3 good=40 nongen=[] mism=0
W????B{lvqMw|On_???O?@_?G?AC??O????~??No?@}??Fw n=24 c=6 b=4 nu_cut=3 good=46 nongen=[] mism=0
Y???D~yve{NoW?????@????@_??K??????@z??yo?Fw??No??vO??ro? n=26 c=5 b=6 nu_cut=3 good=52 nongen=[] mism=0
Y???E}}ze{\o??C?O?@W????O?????_???Bj??xo?E]??Jw??|_??n_? n=26 c=5 b=6 nu_cut=3 good=49 nongen=[] mism=0
Y???D}}zfk\o??A?IO??????G????@G???BV??mo?E{??Zo??Zo??zO? n=26 c=5 b=6 nu_cut=3 good=48 nongen=[] mism=0
W??F~z{~BO?_C?@????_????????NW?Lw?Mw?Bx??Xw??^_ n=24 c=4 b=6 nu_cut=3 good=40 nongen=[] mism=0
W??F~z{~AW??A?p?????????????Lw?Lw?Ls?BZ??Ng?@f_ n=24 c=4 b=6 nu_cut=3 good=36 nongen=[] mism=0
W???D~{^e{VoO?R?C?@??O?????????B{?A}??n_?F[??\o n=24 c=5 b=5 nu_cut=3 good=40 nongen=[] mism=0
W?????~vRuNgrozOW?CC???A???C??C????~??No?@}??Fw n=24 c=6 b=4 nu_cut=3 good=41 nongen=[] mism=0
U???E~{vfs^_?_H????C?a??A???Fw?Fw?B{??~? n=22 c=5 b=4 nu_cut=3 good=35 nongen=[] mism=0
W??F~z{~?_G???C?G??????Ac???Tw?\o?F[?Br??\o?@n? n=24 c=4 b=6 nu_cut=3 good=40 nongen=[] mism=0
W??F~z{~?_??C?G???@??b??????\g?Vg?Fs?Bm??NW?@f_ n=24 c=4 b=6 nu_cut=3 good=40 nongen=[] mism=0
W????@nftuZWyon_A_AG???@?????AG????~??No?@}??Fw n=24 c=6 b=4 nu_cut=3 good=41 nongen=[] mism=0
Y????Brxu]FwVoZoA??_????_?E??@???O????Lw?@v??Fk??No??Jw? n=26 c=6 b=5 nu_cut=3 good=47 nongen=[] mism=0
U???Fv]}d{\oP?@?COA?????C???Fw?Fw?B{??~? n=22 c=5 b=4 nu_cut=3 good=38 nongen=[] mism=0
W???F^une{^_L??_G???????A?A????Fs?B{??^_?D{??No n=24 c=5 b=5 nu_cut=3 good=47 nongen=[] mism=0
U??F~z{~C?????_?G??w?O???Ng?\o?^_?Ng?B{? n=22 c=4 b=5 nu_cut=3 good=35 nongen=[] mism=0
Y????Bj^U{NonOyo?????_?AA??i?????A????Fw?@z??Fk??Jw??Mw? n=26 c=6 b=5 nu_cut=3 good=54 nongen=[] mism=0
Y????Byyt]]WNoxo?_?????@W??G??G??@????Mw?@z??Fs??Mw??NW? n=26 c=6 b=5 nu_cut=3 good=44 nongen=[] mism=0
W????BrvfUYwfo^O?_@G????_??Q?@?????~??No?@}??Fw n=24 c=6 b=4 nu_cut=3 good=44 nongen=[] mism=0
U??F~z{~@???s?A???@O?????Fw?Vo?^O?Lw?B]? n=22 c=4 b=5 nu_cut=3 good=40 nongen=[] mism=0
W????BfvfqZg^O^_??????_AA?CC?@A????~??No?@}??Fw n=24 c=6 b=4 nu_cut=3 good=44 nongen=[] mism=0
W???Fny}fwNo@?S?OO?G???????G???D{?B]??v_?B{??^_ n=24 c=5 b=5 nu_cut=3 good=47 nongen=[] mism=0
U???F^uvd{VoO?g?G?A??I??????Fw?Fw?B{??~? n=22 c=5 b=4 nu_cut=3 good=40 nongen=[] mism=0
W???E~{ze{^_?_??Q?????_@_??C???Fw?@}??v_?Fs??Zo n=24 c=5 b=5 nu_cut=3 good=42 nongen=[] mism=0
Y????AvVv[^_rojoC??_?C????AA??_??_????NW?@^??E{??Mw??Ng? n=26 c=6 b=5 nu_cut=3 good=52 nongen=[] mism=0
Y????@}jr]Rwjo|_??@??C??O?A??A_?@?????NW?@|??B{??Mw??No? n=26 c=6 b=5 nu_cut=3 good=48 nongen=[] mism=0
W????AztveXw]o|_D?CG????G??O?@?????~??No?@}??Fw n=24 c=6 b=4 nu_cut=3 good=39 nongen=[] mism=0
W??F~z{~??O?????R??????@W???Uw?]W?Mw?A^??^O?@z? n=24 c=4 b=6 nu_cut=3 good=41 nongen=[] mism=0
Y????Bltt{Zo|OVoC??S??O???@??@???@????Mw?@^??Fk??Lw??Ng? n=26 c=6 b=5 nu_cut=3 good=52 nongen=[] mism=0
W???D~{}b{Zo??G?@o@??`?????????B{?By??v_?Fk??Zo n=24 c=5 b=5 nu_cut=3 good=45 nongen=[] mism=0
Y???E}}nfs^OG?G??????Q???????EG???An??~??Em??]o??to??^_? n=26 c=5 b=6 nu_cut=3 good=49 nongen=[] mism=0
Y??F~z{~Co??O????????T?????????]g?Du?@Z_?Vg?@uO?@u_?@]_? n=26 c=4 b=7 nu_cut=3 good=47 nongen=[] mism=0
Y??????f]x]WwwroI{Bf?G_????O??O?AC??A?????^_?@}??B{??B{? n=26 c=7 b=4 nu_cut=3 good=45 nongen=[] mism=0
Y????Bj~By\gfoZo?OCa????A??C??G???????No?@n??F[??Jw??Jw? n=26 c=6 b=5 nu_cut=3 good=48 nongen=[] mism=0
U???D~yzfsZo@????_CC?@?@_???Fw?Fw?B{??~? n=22 c=5 b=4 nu_cut=3 good=40 nongen=[] mism=0
W??F~z{~?GC?e?@??????G??????]W?Jw?K{?Av??ZW?@}? n=24 c=4 b=6 nu_cut=3 good=46 nongen=[] mism=0
W??F~z{~AW??????C????G?AO???NW?Mw?Fk?Bt??^_?@}? n=24 c=4 b=6 nu_cut=3 good=39 nongen=[] mism=0
Y??????nNe]o\oTwLwFp???A?_?O??A??H??A?????^_?@}??B{??B{? n=26 c=7 b=4 nu_cut=3 good=44 nongen=[] mism=0
Y????Anxq}]ovO}OC????P_??????C_??_????No?@n??D{??Ng??Lw? n=26 c=6 b=5 nu_cut=3 good=52 nongen=[] mism=0
W??F~z{~????A?w??_?O????C???\o?Tw?F[?Br??Xw?@\_ n=24 c=4 b=6 nu_cut=3 good=46 nongen=[] mism=0
U??F~z{~??W_C???D????C???Lw?Vo?^O?NW?A}? n=22 c=4 b=5 nu_cut=3 good=38 nongen=[] mism=0
Y???F^]}fkZo??c_???G?W????????G???Bf??mo?FY??Uw??lo??}_? n=26 c=5 b=6 nu_cut=3 good=47 nongen=[] mism=0
W??F~z{~?WU???B?????????????Uw?Vg?E{?Bj??Fw?@{_ n=24 c=4 b=6 nu_cut=3 good=46 nongen=[] mism=0
Y??F~z{~??????T?@????P?????O???]g?Ey?Bx??\c?@Fo?Af_?BV?? n=26 c=4 b=7 nu_cut=3 good=50 nongen=[] mism=0
W???Fz]zd{ZoG??_??@??D????@C???E{?Bm??^_?Fk??^_ n=24 c=5 b=5 nu_cut=3 good=45 nongen=[] mism=0
W????@zvey^OvO|_@_?A??O?@?@C???????~??No?@}??Fw n=24 c=6 b=4 nu_cut=3 good=40 nongen=[] mism=0
W??F~z{~??T???C?P????C??????Vg?Tw?J[?B]??]o?@u_ n=24 c=4 b=6 nu_cut=3 good=44 nongen=[] mism=0
Y??????zLrJw|OTw[[Er??_???@G?C@??A???_????^_?@}??B{??B{? n=26 c=7 b=4 nu_cut=3 good=52 nongen=[] mism=0
Y??????VZN\WhwlgUkBt?a?AG??K??O???????????^_?@}??B{??B{? n=26 c=7 b=4 nu_cut=3 good=50 nongen=[] mism=0
U??F~z{~?G??G?q?C????@???Fw?Vo?\o?Lw?Bm? n=22 c=4 b=5 nu_cut=3 good=40 nongen=[] mism=0
U??F~z{~??@?o???I_???A???NW?]o?Vo?Lw?B{? n=22 c=4 b=5 nu_cut=3 good=38 nongen=[] mism=0
W???B|}}f[]o??K?GOC??_?A???????D{?B{??}_?E{??\o n=24 c=5 b=5 nu_cut=3 good=47 nongen=[] mism=0
Y????A}NvsUwv_zO???g???@?????@E?@?????NW?@|??Fs??Jw??Mw? n=26 c=6 b=5 nu_cut=3 good=48 nongen=[] mism=0
Y??F~z{~??T???O???????????AW???Zc?Hu?Az??Tk?@N_?Bf??@z?? n=26 c=4 b=7 nu_cut=3 good=47 nongen=[] mism=0
W????B\mt{Zo^_]o?G@G?_OA@??????????~??No?@}??Fw n=24 c=6 b=4 nu_cut=3 good=44 nongen=[] mism=0
W??F~z{~A???k?I?G???????????Lw?ZW?Js?BN??Mw??n_ n=24 c=4 b=6 nu_cut=3 good=39 nongen=[] mism=0
W????A|xvU[wv_}_@G?g?C?????g???????~??No?@}??Fw n=24 c=6 b=4 nu_cut=3 good=44 nongen=[] mism=0
W??F~z{~????T?_??????H?A????\o?Jw?Lw?BN??\g?@]_ n=24 c=4 b=6 nu_cut=3 good=39 nongen=[] mism=0
U??F~z{~AoC?a????????G???Ng?No?No?Jw?B]? n=22 c=4 b=5 nu_cut=3 good=38 nongen=[] mism=0
Y???Fz]^b{Zo_?@??????g?A??@??@????By??No?Fi??^G??|_??Zo? n=26 c=5 b=6 nu_cut=3 good=48 nongen=[] mism=0
U???E|}~B{Zo_?g?C?C????@_???Fw?Fw?B{??~? n=22 c=5 b=4 nu_cut=3 good=35 nongen=[] mism=0
Y??F~z{~????@???@?E_?@?????O???]S?Ji?@f_?ZW?@]_?Bw_?AN_? n=26 c=4 b=7 nu_cut=3 good=52 nongen=[] mism=0
U???E~uvb{^O??G?C?@??A_?W???Fw?Fw?B{??~? n=22 c=5 b=4 nu_cut=3 good=40 nongen=[] mism=0
W????BNZt{^O}_ZoA_CG??O????A??A????~??No?@}??Fw n=24 c=6 b=4 nu_cut=3 good=40 nongen=[] mism=0
W????B]ze]VoloZo???A?S??@??A?AO????~??No?@}??Fw n=24 c=6 b=4 nu_cut=3 good=40 nongen=[] mism=0
Y????BrzP}Vguo}_???G??_?C????Ag??A????NW?@|??F[??Ng??Fw? n=26 c=6 b=5 nu_cut=3 good=52 nongen=[] mism=0
Y??????nLx^Chwz_R[Bf?AO@???g?A??????O?????^_?@}??B{??B{? n=26 c=7 b=4 nu_cut=3 good=45 nongen=[] mism=0
Y???Ft}~E{^OP_???_?G?????????@O???@}??jo?C}??]o??Zo??^O? n=26 c=5 b=6 nu_cut=3 good=52 nongen=[] mism=0
U???D~]~FkVoB???K?B??O??????Fw?Fw?B{??~? n=22 c=5 b=4 nu_cut=3 good=38 nongen=[] mism=0
W???Fnu^fw^_??g_???O?Q??G??????Fk?B{??v_?D{??Vo n=24 c=5 b=5 nu_cut=3 good=42 nongen=[] mism=0
W????Btus}^GNo|OCO@C???????C?AG????~??No?@}??Fw n=24 c=6 b=4 nu_cut=3 good=44 nongen=[] mism=0
U???Fzmnfs^_??@??O?o??_?E???Fw?Fw?B{??~? n=22 c=5 b=4 nu_cut=3 good=38 nongen=[] mism=0
Y??F~z{~??????O?@????d??G?A????L[?No?Be_?^G?@Jo?Bd_?BL_? n=26 c=4 b=7 nu_cut=3 good=45 nongen=[] mism=0
Y????@|{veZo^_xo??C??M??C?????G?A?????Jw?@n??E{??Ng??Fw? n=26 c=6 b=5 nu_cut=3 good=49 nongen=[] mism=0
Y????@|^Ty]o]ouoO?CC??_?@????C???A????No??~??E{??Fw??Jw? n=26 c=6 b=5 nu_cut=3 good=46 nongen=[] mism=0
U??F~z{~?G??@?[????O?A???Mw?\o?Vo?Fw?B{? n=22 c=4 b=5 nu_cut=3 good=40 nongen=[] mism=0
U???Fn{~E{\o??D??O@_??_?A???Fw?Fw?B{??~? n=22 c=5 b=4 nu_cut=3 good=40 nongen=[] mism=0
U??F~z{~?O??C?E??????w???No?^O?\o?NW?B{? n=22 c=4 b=5 nu_cut=3 good=40 nongen=[] mism=0
Y????BZ~By]g{oz_???O??????@K??K??G????Fw?@z??F[??NW??Ng? n=26 c=6 b=5 nu_cut=3 good=52 nongen=[] mism=0
W??F~z{~??Y???@?C???????c???]o?^O?H{?Bf??Rw??^_ n=24 c=4 b=6 nu_cut=3 good=46 nongen=[] mism=0
Y???Fy}}b{^O@?S???C??@????CG??????Az??lo?B]??\g??lo??}O? n=26 c=5 b=6 nu_cut=3 good=52 nongen=[] mism=0
W???F^{|fkVoC_??B_???A??G??????E{?B{??^_?Fk??Zo n=24 c=5 b=5 nu_cut=3 good=45 nongen=[] mism=0
Y??F~z{~?G??G???X??G????_??????]S?@}?Br??W{?@jO?@|??Bl?? n=26 c=4 b=7 nu_cut=3 good=52 nongen=[] mism=0
W????B\ZrmZojoNoO??E????W?C??C?????~??No?@}??Fw n=24 c=6 b=4 nu_cut=3 good=46 nongen=[] mism=0
U??F~z{~?O????A?E?@g?????Ng?\o?^O?NW?B{? n=22 c=4 b=5 nu_cut=3 good=38 nongen=[] mism=0
U??F~z{~B???d???C????O???NW?No?Zo?Lw?@}? n=22 c=4 b=5 nu_cut=3 good=40 nongen=[] mism=0
Y??F~z{~????R???K?C????A???????Rw?Me?Bq_?Y[?@mO?Br??@\_? n=26 c=4 b=7 nu_cut=3 good=44 nongen=[] mism=0
W????Bmtq}Tw|Oz_A??_????O?@C?@A????~??No?@}??Fw n=24 c=6 b=4 nu_cut=3 good=46 nongen=[] mism=0
W????Bfyr{ZW\o{o?_?W????G?C_??G????~??No?@}??Fw n=24 c=6 b=4 nu_cut=3 good=44 nongen=[] mism=0
Y????B\xtmVoyoroCG?O?C?????_??_??G????Fw?@}??Fw??Jw??Lw? n=26 c=6 b=5 nu_cut=3 good=47 nongen=[] mism=0
U???D~{|fw]oA?c?@??O?O_?????Fw?Fw?B{??~? n=22 c=5 b=4 nu_cut=3 good=35 nongen=[] mism=0
Y??????ZnF[snGfgZWFe?AO????A??Q??o????????^_?@}??B{??B{? n=26 c=7 b=4 nu_cut=3 good=50 nongen=[] mism=0
Y??????xjZMk{obwVgAn?A??G??`????@O??A?????^_?@}??B{??B{? n=26 c=7 b=4 nu_cut=3 good=52 nongen=[] mism=0
W??F~z{~??K__?????C?????W???Zg?Tw?No?An??Uw?@|? n=24 c=4 b=6 nu_cut=3 good=44 nongen=[] mism=0
W???E~m|d{Zo????@O@??K??O?@????F[?B{??|_?E{??^_ n=24 c=5 b=5 nu_cut=3 good=42 nongen=[] mism=0
U???E~mvf[^O__G?C????D??_???Fw?Fw?B{??~? n=22 c=5 b=4 nu_cut=3 good=35 nongen=[] mism=0
Y???B~u}f[\oC?C?@o???G?????_??????B]??^O?By??Yw??}O??fo? n=26 c=5 b=6 nu_cut=3 good=48 nongen=[] mism=0
W????@v]v[^Ototo@G???A??@??O??g????~??No?@}??Fw n=24 c=6 b=4 nu_cut=3 good=44 nongen=[] mism=0
Y???Fnyvb{]o??P?@???????G??K??O???Bl??mo?By??Yw??n_??}_? n=26 c=5 b=6 nu_cut=3 good=54 nongen=[] mism=0
Y????@|zby^OjoNo?????o?????g?C??B?????NW?@n??Fw??Fw??Lw? n=26 c=6 b=5 nu_cut=3 good=52 nongen=[] mism=0
Y??F~z{~?G??????E??G??????E_???Mw?Nc?@}??]K?@Xo?@y_?BN?? n=26 c=4 b=7 nu_cut=3 good=44 nongen=[] mism=0
Y??F~z{~????P???O?C????@c??????Vo?Mk?BU_?H{?@lO?@z??Bs_? n=26 c=4 b=7 nu_cut=3 good=50 nongen=[] mism=0
U??F~z{~?G??E??????G?e???No?Zo?^_?Ng?@}? n=22 c=4 b=5 nu_cut=3 good=38 nongen=[] mism=0
Y??????rryT[Vo{oL[A|?CGAC??G?C??????_?????^_?@}??B{??B{? n=26 c=7 b=4 nu_cut=3 good=44 nongen=[] mism=0
Y??????nTuXwRwNo]KEl?W??Q??@??@???_???????^_?@}??B{??B{? n=26 c=7 b=4 nu_cut=3 good=52 nongen=[] mism=0
Y?????~^U]Zg}_~?Gg?C?C??A??C??????????No??~??F[??Fw??Mw? n=26 c=6 b=5 nu_cut=3 good=49 nongen=[] mism=0
W???E~m~FkZo`?G?@?@O??????@????B{?Bu??n_?F[??Vo n=24 c=5 b=5 nu_cut=3 good=42 nongen=[] mism=0
W???D|}nfw\o???????w?O_@??A????Fw?B]??z_?F[??]o n=24 c=5 b=5 nu_cut=3 good=46 nongen=[] mism=0
W??F~z{~???_[?????CG?_??????VW?Vg?NK?B\??Zg?@N_ n=24 c=4 b=6 nu_cut=3 good=34 nongen=[] mism=0
Y????@z|UmNgyoZoA_?????AG?C???O?A?????Ng?@v??Fw??No??Fw? n=26 c=6 b=5 nu_cut=3 good=49 nongen=[] mism=0
Y????AzyviYwnO|O@????A??A?@???C??I????Mw?@z??Fk??Ng??No? n=26 c=6 b=5 nu_cut=3 good=42 nongen=[] mism=0
Y????BVmu]\o|_]o???G?@?????O??O?B_????No?@n??B{??Lw??No? n=26 c=6 b=5 nu_cut=3 good=49 nongen=[] mism=0
Y???E~u}fk^_H???Ao?O???????O??????@v??zO?Em??Zo??z_??Vo? n=26 c=5 b=6 nu_cut=3 good=52 nongen=[] mism=0
Y????@|Nv[MwjoroA?C_???A??AO?C????????Lw??~??D{??Mw??NW? n=26 c=6 b=5 nu_cut=3 good=52 nongen=[] mism=0
U??F~z{~????@?@?J?@_?????Ng?]o?^_?NW?A}? n=22 c=4 b=5 nu_cut=3 good=38 nongen=[] mism=0
Y???D~mvfs^O??@?W??G????C?AO??????BZ??^O?Fe??Tw??z_??vO? n=26 c=5 b=6 nu_cut=3 good=54 nongen=[] mism=0
Y???F^yzfk]oA?C?@??o????O??G??????B]??ro?Eu??Fw??~???Zo? n=26 c=5 b=6 nu_cut=3 good=45 nongen=[] mism=0
U???B~y|fwNo??a???CO?D?A????Fw?Fw?B{??~? n=22 c=5 b=4 nu_cut=3 good=38 nongen=[] mism=0
W????Bx|R{Voxoz_???A?AOB???O??A????~??No?@}??Fw n=24 c=6 b=4 nu_cut=3 good=44 nongen=[] mism=0
U??F~z{~@?R???????CO?G???Lw?Vo?^O?Jw?B{? n=22 c=4 b=5 nu_cut=3 good=38 nongen=[] mism=0
W????Brfvq^OVo|O?_???@?A_??G?B?????~??No?@}??Fw n=24 c=6 b=4 nu_cut=3 good=46 nongen=[] mism=0
Y???D~]vd{^_??????Cg?O??_?A??A????@^??Zo?FM??]g??|_??yo? n=26 c=5 b=6 nu_cut=3 good=43 nongen=[] mism=0
Y????BZmrmNo~?}O??C??_??d??Q??????????Jw?@}??F[??Mw??NW? n=26 c=6 b=5 nu_cut=3 good=48 nongen=[] mism=0
Y??F~z{~??????_?F?@G?_?????????[s?Em?At_?[[?@m_??z_?Af_? n=26 c=4 b=7 nu_cut=3 good=44 nongen=[] mism=0
Y????@^yvwVW|_xo?????G????Cc?AQ???????No?@z??Fk??Ng??Ng? n=26 c=6 b=5 nu_cut=3 good=48 nongen=[] mism=0
Y??????Vmf]WVojWRsBN?AG?W?@??????_??G?????^_?@}??B{??B{? n=26 c=7 b=4 nu_cut=3 good=52 nongen=[] mism=0
Y???B}}}fs]o??@??_???@?@?????Ao???Bm??^_?Dm??NW??to??~?? n=26 c=5 b=6 nu_cut=3 good=53 nongen=[] mism=0
Y????A|]ryUwNov_G??????@?????CQ?@_????No?@z??Fs??Ng??Jw? n=26 c=6 b=5 nu_cut=3 good=48 nongen=[] mism=0
Y???E~]}d{^O??G?C??G????C?@G??_???Bu??zO?FY??Tw??|O??uo? n=26 c=5 b=6 nu_cut=3 good=45 nongen=[] mism=0
W????BZ|VUJwz_foC??Q?G??S?@????????~??No?@}??Fw n=24 c=6 b=4 nu_cut=3 good=46 nongen=[] mism=0
U???Fy}vb{No_?_?O??K?I??????Fw?Fw?B{??~? n=22 c=5 b=4 nu_cut=3 good=40 nongen=[] mism=0
U???Fvynfk]oA?`?@?AO???@????Fw?Fw?B{??~? n=22 c=5 b=4 nu_cut=3 good=34 nongen=[] mism=0
W??F~z{~?_C_??C????????Ag???Rw?No?No?An??Vo?@j_ n=24 c=4 b=6 nu_cut=3 good=44 nongen=[] mism=0
W??F~z{~??K_??S?O????_??????Tw?]o?NK?@|??Tw??^_ n=24 c=4 b=6 nu_cut=3 good=44 nongen=[] mism=0
U??F~z{~C?D_??????D_?????Jw?No?^O?Ng?A}? n=22 c=4 b=5 nu_cut=3 good=35 nongen=[] mism=0
Y??F~z{~?G??_?????CG?M?????????\K?Dm?@{_?Ng?@j_?A^??BX_? n=26 c=4 b=7 nu_cut=3 good=45 nongen=[] mism=0
Y??F~z{~????F?H????????@??A????K{?Ls?@V_?Jw?@VO?Bb_?BM_? n=26 c=4 b=7 nu_cut=3 good=50 nongen=[] mism=0
Y???E~]nd{^_Y???C?????????B??A????B{??^O?Dy??No??n_??Vo? n=26 c=5 b=6 nu_cut=3 good=46 nongen=[] mism=0
W??F~z{~??A???G?E?EO????????]W?Yw?E{?Bj??^O?@^? n=24 c=4 b=6 nu_cut=3 good=46 nongen=[] mism=0
U???B~{|b{]o_???@OC??Q?A????Fw?Fw?B{??~? n=22 c=5 b=4 nu_cut=3 good=40 nongen=[] mism=0
U??F~z{~??B?_?_???AW?????Ng?Zo?Vo?Ng?B{? n=22 c=4 b=5 nu_cut=3 good=38 nongen=[] mism=0
W??F~z{~@???R?_?C?C?????????Jw?Mw?Ls?Bj??ZW??z_ n=24 c=4 b=6 nu_cut=3 good=40 nongen=[] mism=0
U??F~z{~???_k?B????O?????Lw?Zo?\o?Fw?A}? n=22 c=4 b=5 nu_cut=3 good=40 nongen=[] mism=0
W?????~uuy]gto{o@?AC?G_?G??O???????~??No?@}??Fw n=24 c=6 b=4 nu_cut=3 good=40 nongen=[] mism=0
Y????Bj]q}^_|O|_OGCI????G????????G????Jw??~??D{??Ng??Mw? n=26 c=6 b=5 nu_cut=3 good=52 nongen=[] mism=0
W??F~z{~??H__???A????C?A????Rw?Jw?J[?B\??Fw?@}? n=24 c=4 b=6 nu_cut=3 good=40 nongen=[] mism=0
Y????AvyvwFw}Omo???G?@?AA????AG?@?????Ng?@|??E{??Mw??No? n=26 c=6 b=5 nu_cut=3 good=52 nongen=[] mism=0
W???D~{ve{^Og_O??_???@?@???????D{?B{??z_?B{??No n=24 c=5 b=5 nu_cut=3 good=43 nongen=[] mism=0
Y??????VrjH{lWdwR[Bt?G?AC?E??????_??G?????^_?@}??B{??B{? n=26 c=7 b=4 nu_cut=3 good=52 nongen=[] mism=0
Y??F~z{~??S?R??????_???????_???Jk?L[?Bi_?Q{?@lO?An??Av?? n=26 c=4 b=7 nu_cut=3 good=50 nongen=[] mism=0
W??F~z{~@?????????D_?d??????Jw?^G?Ng?@|??Yw?@{_ n=24 c=4 b=6 nu_cut=3 good=41 nongen=[] mism=0
W???Fnuzfw^O@_A???A_?A??G??????D{?Bu??z_?E{??No n=24 c=5 b=5 nu_cut=3 good=47 nongen=[] mism=0
Y???B~y}d{\o??D???C??J?A??????????Bf??Zo?Dm??\g??mo??\o? n=26 c=5 b=6 nu_cut=3 good=47 nongen=[] mism=0
W??F~z{~F???C????_?G?C??????\W?Yw?Fs?A}??No??n_ n=24 c=4 b=6 nu_cut=3 good=46 nongen=[] mism=0
Y??????mvLZKpw\oK{C|????g??O??O??_??OO????^_?@}??B{??B{? n=26 c=7 b=4 nu_cut=3 good=50 nongen=[] mism=0
W??F~z{~????C?w????_???B????Tw?\o?Ng?@z??^O?@f_ n=24 c=4 b=6 nu_cut=3 good=39 nongen=[] mism=0
W??F~z{~??O???H???C??[??????]g?Xw?Mk?B{??ZW?@]_ n=24 c=4 b=6 nu_cut=3 good=44 nongen=[] mism=0
U??F~z{~?_??C???W_AG?????NW?]o?\o?Ng?A}? n=22 c=4 b=5 nu_cut=3 good=38 nongen=[] mism=0
W????AvjvkVoZo~?G??????@@?CA?AA????~??No?@}??Fw n=24 c=6 b=4 nu_cut=3 good=41 nongen=[] mism=0
W??F~z{~????????C??W?e??_???^G?^G?NW?@^??\g?@f_ n=24 c=4 b=6 nu_cut=3 good=44 nongen=[] mism=0
U???E~yvfw\o??G?W?@_?K??????Fw?Fw?B{??~? n=22 c=5 b=4 nu_cut=3 good=38 nongen=[] mism=0
U??F~z{~?OO?_?X??????A???Mw?Vo?^O?Mw?Bu? n=22 c=4 b=5 nu_cut=3 good=40 nongen=[] mism=0
W???Fnuvfw\oA?A?SO???A????A????Fk?B]??v_?F[??]o n=24 c=5 b=5 nu_cut=3 good=42 nongen=[] mism=0
W????B\rp}^_}Oyo?o@_????E?????C????~??No?@}??Fw n=24 c=6 b=4 nu_cut=3 good=44 nongen=[] mism=0
Y????@^yu{Rwjo^OK?CC????_?@??A????????No?@n??D{??Fw??NW? n=26 c=6 b=5 nu_cut=3 good=52 nongen=[] mism=0
W??F~z{~EGO_????A??_????????No?VW?Mw?BV??Jw??^_ n=24 c=4 b=6 nu_cut=3 good=44 nongen=[] mism=0
Y??????mr{TkNgloZKEy?__???B???@???_??G????^_?@}??B{??B{? n=26 c=7 b=4 nu_cut=3 good=45 nongen=[] mism=0
W???F]}zfsVoO?K?G?A??@?????G???Fs?A}??z_?E{??^_ n=24 c=5 b=5 nu_cut=3 good=41 nongen=[] mism=0
Y????B]zey^OuoZo???_????O????@E??`????NW?@|??Fw??Ng??Lw? n=26 c=6 b=5 nu_cut=3 good=52 nongen=[] mism=0
U???Fvyzf[]o@?a?A????D??C???Fw?Fw?B{??~? n=22 c=5 b=4 nu_cut=3 good=38 nongen=[] mism=0
U???Fn{vd{VoD?Q???A??Q??????Fw?Fw?B{??~? n=22 c=5 b=4 nu_cut=3 good=38 nongen=[] mism=0
Y??????vRjX[No^_^GFp????C_CC?????C_??G????^_?@}??B{??B{? n=26 c=7 b=4 nu_cut=3 good=44 nongen=[] mism=0
Y????Bx{tm\Wn_Vo??AO???Ac?A??????G????NW?@^??F[??Lw??Mw? n=26 c=6 b=5 nu_cut=3 good=49 nongen=[] mism=0
Y??F~z{~??O?[?W???C????????????Yk?Em?Af_?Xw?@lO??z_?B[_? n=26 c=4 b=7 nu_cut=3 good=50 nongen=[] mism=0
W????@|lr]Vguon_G????O??E?@_?A?????~??No?@}??Fw n=24 c=6 b=4 nu_cut=3 good=46 nongen=[] mism=0
Y??????\q|Rw|_yWTw@^?????_?@??Q?@_???G????^_?@}??B{??B{? n=26 c=7 b=4 nu_cut=3 good=52 nongen=[] mism=0
U??F~z{~C?O?P????????R???Mw?^_?No?No?B]? n=22 c=4 b=5 nu_cut=3 good=38 nongen=[] mism=0
W??F~z{~??@?G?G?Y??O????????\g?]W?NW?BV??Zg?@\_ n=24 c=4 b=6 nu_cut=3 good=46 nongen=[] mism=0
U??F~z{~?_@???p????_?A???Mw?^_?Vo?Mw?B{? n=22 c=4 b=5 nu_cut=3 good=35 nongen=[] mism=0
Y??????U~LYs~?mo]KCn????K?@C?????K??A?????^_?@}??B{??B{? n=26 c=7 b=4 nu_cut=3 good=50 nongen=[] mism=0
Y???F^{|fs]o???????G?E?AW??G??????Bt??mo?FU??\g??xo??mo? n=26 c=5 b=6 nu_cut=3 good=47 nongen=[] mism=0
U??F~z{~@?W???e??????G???Mw?\o?Vo?No?@}? n=22 c=4 b=5 nu_cut=3 good=38 nongen=[] mism=0
Y??F~z{~EGD???????@??A?????????B{?Em?Am_?VK??n_?BL_??v_? n=26 c=4 b=7 nu_cut=3 good=52 nongen=[] mism=0
W???B~yzfk^_?_??Y??C???A_??????E{?By??v_?F[??^_ n=24 c=5 b=5 nu_cut=3 good=45 nongen=[] mism=0
W????B]\ryVguozO?O???K??A?@G??C????~??No?@}??Fw n=24 c=6 b=4 nu_cut=3 good=46 nongen=[] mism=0
Y??F~z{~????X?B?O?????????C????Yk?A}?@n??Xw?@Ro?B[_?BZ?? n=26 c=4 b=7 nu_cut=3 good=50 nongen=[] mism=0
U???B~m~Fk]o??`?@??O?E??O???Fw?Fw?B{??~? n=22 c=5 b=4 nu_cut=3 good=38 nongen=[] mism=0
Y??????L|jH{dwmo^GFX????C_D??A??@???O?????^_?@}??B{??B{? n=26 c=7 b=4 nu_cut=3 good=52 nongen=[] mism=0
Y???E~yzf[^_???_??BC?C??O?????_???Bj??xo?@}??[w??n_??|_? n=26 c=5 b=6 nu_cut=3 good=48 nongen=[] mism=0
W??F~z{~??G?O?D??????i??????^G?Vg?H{?Bl??Tw?@l_ n=24 c=4 b=6 nu_cut=3 good=39 nongen=[] mism=0
W???Fvy^b{^_??_?O?AW?C????C????E{?Bm??v_?B{??\o n=24 c=5 b=5 nu_cut=3 good=38 nongen=[] mism=0
U??F~z{~?GY???@?H????????Jw?Vo?]o?Ng?@}? n=22 c=4 b=5 nu_cut=3 good=38 nongen=[] mism=0
W???Fnm^fwZo???_?O?W???Ao??????F[?B{??}_?Fs??]o n=24 c=5 b=5 nu_cut=3 good=45 nongen=[] mism=0
U??F~z{~??G?A?A?G????h???No?Vo?^_?Jw?@}? n=22 c=4 b=5 nu_cut=3 good=35 nongen=[] mism=0
Y???Fnynd{^_O?O?E??C??_???A???????@|??yo?D]??Rw??to??mo? n=26 c=5 b=6 nu_cut=3 good=48 nongen=[] mism=0
Y???FzunfkNo`???I??O?A??G??????????~??^O?Ey??[w??yo??to? n=26 c=5 b=6 nu_cut=3 good=54 nongen=[] mism=0
W????@^|RyVouofo??CA?W?@??@??@?????~??No?@}??Fw n=24 c=6 b=4 nu_cut=3 good=44 nongen=[] mism=0
Y????By~DuZW\o|O?_????O?J?????G??C????Mw?@v??D{??Ng??No? n=26 c=6 b=5 nu_cut=3 good=53 nongen=[] mism=0
Y????BV^Ve^GuoZoC?????????Co??W??_????Lw?@|??Fk??No??NW? n=26 c=6 b=5 nu_cut=3 good=46 nongen=[] mism=0
W????BjzeuXw{o|_E??G????C??G??a????~??No?@}??Fw n=24 c=6 b=4 nu_cut=3 good=46 nongen=[] mism=0
U???E~y}b{Vo????C_?G?H?B????Fw?Fw?B{??~? n=22 c=5 b=4 nu_cut=3 good=38 nongen=[] mism=0
Y??F~z{~??Q?@????????k?????G???Fk?Fk?A|??Xw??vO?Bd_?A\_? n=26 c=4 b=7 nu_cut=3 good=50 nongen=[] mism=0
U??F~z{~??A?i?C??_?G?????Mw?Zo?\o?Jw?B]? n=22 c=4 b=5 nu_cut=3 good=35 nongen=[] mism=0
W???Fnyvb{]oA?A?EO?O???@???????Fw?B]??n_?E{??]o n=24 c=5 b=5 nu_cut=3 good=46 nongen=[] mism=0
W????@|xvM]WNoVo@?AC????G??O?C_????~??No?@}??Fw n=24 c=6 b=4 nu_cut=3 good=40 nongen=[] mism=0
Y????Bjxry]olofoA??O?O_?O??O??O???????Jw?@z??Fs??Mw??Lw? n=26 c=6 b=5 nu_cut=3 good=52 nongen=[] mism=0
W????B\^em^OxovOO_@??I??_??O???????~??No?@}??Fw n=24 c=6 b=4 nu_cut=3 good=44 nongen=[] mism=0
Y??F~z{~???_q?g????G???????????Xw?M[?A\_?Us?@Xo?@Z_?BN?? n=26 c=4 b=7 nu_cut=3 good=50 nongen=[] mism=0
W???Fm}}e{^OB?@????O?@????D????Fw?Bu??^_?Fw??No n=24 c=5 b=5 nu_cut=3 good=45 nongen=[] mism=0
W??F~z{~??Y?@?A????G?A??????^G?ZW?J[?A^??Uw?@u_ n=24 c=4 b=6 nu_cut=3 good=46 nongen=[] mism=0
Y????BlzfY]g}_n_??AI????O??C??_??O????Jw?@n??B{??NW??Jw? n=26 c=6 b=5 nu_cut=3 good=42 nongen=[] mism=0
W????@^jp}]o]o}OO?C???o???CG??G????~??No?@}??Fw n=24 c=6 b=4 nu_cut=3 good=44 nongen=[] mism=0
Y???D~{zf[^OC???G?A??C??O??W??????BN??{o?Ey??\g??No??yo? n=26 c=5 b=6 nu_cut=3 good=46 nongen=[] mism=0
W???B~yvb{]o_?????@S?_?A??@????Fs?Bm??n_?F[??]o n=24 c=5 b=5 nu_cut=3 good=46 nongen=[] mism=0
Y???D~u^f[^O??__A????C?BC?????????@^??{o?Du??^O??n_??Vo? n=26 c=5 b=6 nu_cut=3 good=52 nongen=[] mism=0
W???D~]|fs\oX???@?AS???????????F[?@}??z_?B{??^_ n=24 c=5 b=5 nu_cut=3 good=42 nongen=[] mism=0
W??F~z{~AO?????????_?C?BC???]g?Zg?Ng??~??No?@|? n=24 c=4 b=6 nu_cut=3 good=44 nongen=[] mism=0
Y????@^}ViVo|_~??G?C????A??E??A?A?????Mw??~??Fw??NW??NW? n=26 c=6 b=5 nu_cut=3 good=48 nongen=[] mism=0
W??F~z{~AoO?_?G???@?????????\W?Yw?B{?BV??No??v_ n=24 c=4 b=6 nu_cut=3 good=46 nongen=[] mism=0
W????BrlviVomo^_@??O?A?@A?CA???????~??No?@}??Fw n=24 c=6 b=4 nu_cut=3 good=40 nongen=[] mism=0
Y????@^mp}]o}OVoO?C????@B??O?C????????Ng?@^??F[??Jw??Mw? n=26 c=6 b=5 nu_cut=3 good=49 nongen=[] mism=0
W????Bt]p}]WjoxoP?C?????G??O??K????~??No?@}??Fw n=24 c=6 b=4 nu_cut=3 good=44 nongen=[] mism=0
Y??????\rx^CtozORkFL?_O?A??O??S??A????????^_?@}??B{??B{? n=26 c=7 b=4 nu_cut=3 good=50 nongen=[] mism=0
W???E~mzd{^_g????o?_?C??O??????F[?B]??~??D{??No n=24 c=5 b=5 nu_cut=3 good=47 nongen=[] mism=0
Y???F]}^fw^O???_?O????????D??Co???A}??vO?Ey??No??nO??}_? n=26 c=5 b=6 nu_cut=3 good=52 nongen=[] mism=0
Y????Av{vs^GZov_?_?G???A??????G??w????Ng?@}??Fk??No??Lw? n=26 c=6 b=5 nu_cut=3 good=53 nongen=[] mism=0
U??F~z{~??A?D?@?T????????Mw?^_?]o?Lw?Bu? n=22 c=4 b=5 nu_cut=3 good=40 nongen=[] mism=0
W??F~z{~??????H?K_?O????G???[w?\W?NS?A|??[w?@n? n=24 c=4 b=6 nu_cut=3 good=44 nongen=[] mism=0
U???F^]vf[]o??C?C_AC?C??O???Fw?Fw?B{??~? n=22 c=5 b=4 nu_cut=3 good=35 nongen=[] mism=0
Y???D~]nfsZoG?W?C??????@???O?A????Av??n_?A}??Jw??}O??lo? n=26 c=5 b=6 nu_cut=3 good=48 nongen=[] mism=0
W???Fnm|e{^OA?A?A????A?@o??????Fw?B]??}_?Fs??\o n=24 c=5 b=5 nu_cut=3 good=46 nongen=[] mism=0
U??F~z{~??@?A?????D_?W???Ng?^_?^O?Fw?B]? n=22 c=4 b=5 nu_cut=3 good=38 nongen=[] mism=0
Y????@^^UuVo|O\oO?C??G?A?????@???I????NW?@|??E{??No??Fw? n=26 c=6 b=5 nu_cut=3 good=52 nongen=[] mism=0
Y????Bm}byVWlonO?O?????@A?A??A??A@????Mw??~??Fw??Fw??Mw? n=26 c=6 b=5 nu_cut=3 good=47 nongen=[] mism=0
Y??F~z{~A?G?????Q_???A?????O???No?LU?Bf??T[?@Ro?@x_?Ar_? n=26 c=4 b=7 nu_cut=3 good=52 nongen=[] mism=0
Y??????|SvUs}O\g^OB]??o??_????@?@@???G????^_?@}??B{??B{? n=26 c=7 b=4 nu_cut=3 good=52 nongen=[] mism=0
Y???Fn]vf[\oK???@??_?G??_?????_???Bl??Zo?Fe??Vo??^_??to? n=26 c=5 b=6 nu_cut=3 good=48 nongen=[] mism=0
Y????Bftr{]o^ONo?OC??_???????AQ?A?????Ng?@|??E{??Lw??No? n=26 c=6 b=5 nu_cut=3 good=44 nongen=[] mism=0
U??F~z{~????W???A?BG?C???No?]o?^O?Ng?B]? n=22 c=4 b=5 nu_cut=3 good=38 nongen=[] mism=0
Y???Fzu~D{Vo?_????Ag??_????C??O???B\??z_?FM??Lw??No??|O? n=26 c=5 b=6 nu_cut=3 good=49 nongen=[] mism=0
Y???F^m|fsZoG_C?W???????O??_??????@|??yo?Dy??\W??to??Vo? n=26 c=5 b=6 nu_cut=3 good=54 nongen=[] mism=0
W??F~z{~A?F?O?@????G????????NW?Xw?J[?Bj??Uw?@V_ n=24 c=4 b=6 nu_cut=3 good=40 nongen=[] mism=0
W???Fvm~B{^O??@??_???A_?S??_???F[?Bu??}_?B{??Zo n=24 c=5 b=5 nu_cut=3 good=45 nongen=[] mism=0
W????AvlvY[wZo~??W?_????O??_?AO????~??No?@}??Fw n=24 c=6 b=4 nu_cut=3 good=40 nongen=[] mism=0
U??F~z{~????_?_???@o?W???Lw?^O?Vo?No?By? n=22 c=4 b=5 nu_cut=3 good=38 nongen=[] mism=0
W??F~z{~@?O?????I_???G?A????Vo?]g?Fk?Av??No?@y_ n=24 c=4 b=6 nu_cut=3 good=46 nongen=[] mism=0
W????@nvRy]oz_z_??C_?AOAO?????_????~??No?@}??Fw n=24 c=6 b=4 nu_cut=3 good=39 nongen=[] mism=0
U??F~z{~????b?G?B????G???NW?Zo?Zo?Jw?@}? n=22 c=4 b=5 nu_cut=3 good=38 nongen=[] mism=0
W??F~z{~??A?X???Q??????A????Lw?Yw?Lk?BV??^_?@]_ n=24 c=4 b=6 nu_cut=3 good=46 nongen=[] mism=0
W???E|}~B{ZoG????o@??a_????????Fk?Bu??~??E{??\o n=24 c=5 b=5 nu_cut=3 good=42 nongen=[] mism=0
Y??F~z{~??????k??_?G?A?????O???[s?LU?Bh_?\g??z_?At_?Bj?? n=26 c=4 b=7 nu_cut=3 good=38 nongen=[] mism=0
W???E~]nf[^_c?O?F????O?????????B{?B]??~??E{??]o n=24 c=5 b=5 nu_cut=3 good=42 nongen=[] mism=0
W????AvzUy^G^_uoAG????_?A?@O??C????~??No?@}??Fw n=24 c=6 b=4 nu_cut=3 good=46 nongen=[] mism=0
Y??????Y|ZVckwzGZcD{??o???A???E?@???O?????^_?@}??B{??B{? n=26 c=7 b=4 nu_cut=3 good=52 nongen=[] mism=0
U??F~z{~????_?@?J????`???Ng?]o?^_?No?Bu? n=22 c=4 b=5 nu_cut=3 good=40 nongen=[] mism=0
W???Fzu^fkVoG???@??O?S_????O???Fw?@}??|_?Fs??]o n=24 c=5 b=5 nu_cut=3 good=46 nongen=[] mism=0
Y??????w}lFsJw|O]cE\????G?????o??`??E?????^_?@}??B{??B{? n=26 c=7 b=4 nu_cut=3 good=44 nongen=[] mism=0
Y??????rW~Jw^GzG]KBV???AO??C??C??A??`?????^_?@}??B{??B{? n=26 c=7 b=4 nu_cut=3 good=52 nongen=[] mism=0
U??F~z{~????C???S?BG?C???NW?^O?^_?Ng?A}? n=22 c=4 b=5 nu_cut=3 good=38 nongen=[] mism=0
Y????BNnfwZW}_]oO??I?@??@??G?????@????Jw?@n??Fk??Lw??NW? n=26 c=6 b=5 nu_cut=3 good=45 nongen=[] mism=0
W??F~z{~??Q_G?G???A????@????Vo?^O?Mw?BV??Rw?@N_ n=24 c=4 b=6 nu_cut=3 good=34 nongen=[] mism=0
U??F~z{~@???C?p??????K???No?\o?^_?Mw?Bu? n=22 c=4 b=5 nu_cut=3 good=40 nongen=[] mism=0
Y???F^]}d{Zo??B_????????O?@_?@?????~??}_?C}??^_??vO??nO? n=26 c=5 b=6 nu_cut=3 good=54 nongen=[] mism=0
W????BNvfY]Wuo^_C?CA????W?@??@?????~??No?@}??Fw n=24 c=6 b=4 nu_cut=3 good=46 nongen=[] mism=0
Y??????T{vVclgroLwEy?o??_??B?????_??G?????^_?@}??B{??B{? n=26 c=7 b=4 nu_cut=3 good=52 nongen=[] mism=0
Y??F~z{~Ao???????????K??C??G???^C?FU?B]??Lw?@N_?@|??@]_? n=26 c=4 b=7 nu_cut=3 good=44 nongen=[] mism=0
W??F~z{~??@?k????????Q?@????^_?Rw?L[?BV??Vg?@]_ n=24 c=4 b=6 nu_cut=3 good=40 nongen=[] mism=0
W??F~z{~E_C???G?@????A??????Ng?NW?NK?@n??^_?@^? n=24 c=4 b=6 nu_cut=3 good=46 nongen=[] mism=0
Y???E~y~Fs\o@?@?H??????????g??_???B\??vO?E{??Fw??zO??yo? n=26 c=5 b=6 nu_cut=3 good=52 nongen=[] mism=0
U??F~z{~CgC?????@?@??A???NW?No?^O?Fw?B]? n=22 c=4 b=5 nu_cut=3 good=40 nongen=[] mism=0
U???B}}|d{^OO?B?Q?A??O??????Fw?Fw?B{??~? n=22 c=5 b=4 nu_cut=3 good=40 nongen=[] mism=0
Y??????w|{XwjW^OUkA^??gA?_?_?????O??C?????^_?@}??B{??B{? n=26 c=7 b=4 nu_cut=3 good=52 nongen=[] mism=0
U??F~z{~@???_???C?C??F???No?Zo?Vo?Mw?B{? n=22 c=4 b=5 nu_cut=3 good=40 nongen=[] mism=0
Y??F~z{~?OQ???d?@??????????????ZW?MY?@}??Rk??Vo??n_?Bd_? n=26 c=4 b=7 nu_cut=3 good=50 nongen=[] mism=0
U??F~z{~D?I__????????G???Fw?^O?Vo?Jw?Bm? n=22 c=4 b=5 nu_cut=3 good=40 nongen=[] mism=0
Y??F~z{~????b?O??????O??W??????Js?D]?BL_?Yk??|O?Al_?Bu?? n=26 c=4 b=7 nu_cut=3 good=50 nongen=[] mism=0
Y??F~z{~?OO?a??????????@c??????Js?Jq?BX_?K{??No?BY_?A}?? n=26 c=4 b=7 nu_cut=3 good=52 nongen=[] mism=0
Y??????Ly}E{dw{W\WB\?K??G??O????A?_?A?????^_?@}??B{??B{? n=26 c=7 b=4 nu_cut=3 good=45 nongen=[] mism=0
Y??F~z{~?GO???_??_Ao???????????S{?NE?Ar_?J[??v_??z_?A]_? n=26 c=4 b=7 nu_cut=3 good=45 nongen=[] mism=0
Y???Fn]zfw^O`?C??????X????????_???Bu??{o?A}??]g??Vo??mo? n=26 c=5 b=6 nu_cut=3 good=52 nongen=[] mism=0
W??F~z{~????i?h??_??????????ZW?Xw?E{?Av??Jw?@r_ n=24 c=4 b=6 nu_cut=3 good=41 nongen=[] mism=0
U???Fy}zfk^_?_?_B?D???_?????Fw?Fw?B{??~? n=22 c=5 b=4 nu_cut=3 good=40 nongen=[] mism=0
U??F~z{~@?????E?H_???G???Jw?]o?]o?Mw?B{? n=22 c=4 b=5 nu_cut=3 good=38 nongen=[] mism=0
Y??F~z{~?g??_?X???????????C????L[?No??v_?J[?@do?BN??BM_? n=26 c=4 b=7 nu_cut=3 good=44 nongen=[] mism=0
Y??F~z{~?_??_?Y????????AO??????P{?Mw?@m_?Yk?@{_?@m_?A|?? n=26 c=4 b=7 nu_cut=3 good=52 nongen=[] mism=0
Y????B]xvkMwzO^_@????AO????A?@A??G????No?@}??E{??NW??Ng? n=26 c=6 b=5 nu_cut=3 good=46 nongen=[] mism=0
Y????AvvP}Uw{oZoH??O?O????A???o???????No?@|??B{??Ng??Jw? n=26 c=6 b=5 nu_cut=3 good=49 nongen=[] mism=0
U??F~z{~?OG?L?????A??A???Lw?]o?^_?Ng?B]? n=22 c=4 b=5 nu_cut=3 good=40 nongen=[] mism=0
W??F~z{~??A_?????_?_?Y??????]W?Vg?Js?B]??NW?@y_ n=24 c=4 b=6 nu_cut=3 good=46 nongen=[] mism=0
W??F~z{~????M???G?A??@??C???^_?Zg?Jk?BV??Uw??n_ n=24 c=4 b=6 nu_cut=3 good=46 nongen=[] mism=0
W????B\~E{Yw}_zO?W?C????B????@A????~??No?@}??Fw n=24 c=6 b=4 nu_cut=3 good=36 nongen=[] mism=0
Y????Bufv[Lwmomo??A??O??[???????@C????Lw?@}??Fw??Mw??Mw? n=26 c=6 b=5 nu_cut=3 good=53 nongen=[] mism=0
Y??F~z{~?G??????L??G?c?????????Tw?NS?Bp_?Js?@wo??n_?Av?? n=26 c=4 b=7 nu_cut=3 good=50 nongen=[] mism=0
Y???Fl}vfsVoB?????F?????C??O??????Bl??v_?D]??NW??\o??z_? n=26 c=5 b=6 nu_cut=3 good=54 nongen=[] mism=0
U??F~z{~?OK???k?@????????Mw?\o?Vo?Fw?By? n=22 c=4 b=5 nu_cut=3 good=38 nongen=[] mism=0
Y??????^KvMwZgpwXw@}?_??O_C??@A?A?????????^_?@}??B{??B{? n=26 c=7 b=4 nu_cut=3 good=52 nongen=[] mism=0
W??F~z{~?gG???????A?????s???\o?Fw?Ng?Bu??NW?@]_ n=24 c=4 b=6 nu_cut=3 good=44 nongen=[] mism=0
W????@^nbmTwZojoOG@_?O?@?????A?????~??No?@}??Fw n=24 c=6 b=4 nu_cut=3 good=34 nongen=[] mism=0
Y????AvuveNgfozO?_?S????C????DO???????Ng?@|??D{??Lw??Fw? n=26 c=6 b=5 nu_cut=3 good=52 nongen=[] mism=0
Y???B}}~FsNoo?_?D????_???????A????A}??to?E]??NW??}_??\o? n=26 c=5 b=6 nu_cut=3 good=52 nongen=[] mism=0
Y??F~z{~C???I?????C????@K??????Yk?Li?Bx??Us??zO??}_?@N_? n=26 c=4 b=7 nu_cut=3 good=50 nongen=[] mism=0
U??F~z{~?G??a?@?J????????NW?^O?]o?Fw?B]? n=22 c=4 b=5 nu_cut=3 good=38 nongen=[] mism=0
W????B\lvkZWxomo@??O?@O?o?????O????~??No?@}??Fw n=24 c=6 b=4 nu_cut=3 good=46 nongen=[] mism=0
Y??????FyzU[dwz_L[EN?G?????W?@??@_??O?????^_?@}??B{??B{? n=26 c=7 b=4 nu_cut=3 good=50 nongen=[] mism=0
W????Bj~EmZWvOnOCO@C?G??H??????????~??No?@}??Fw n=24 c=6 b=4 nu_cut=3 good=44 nongen=[] mism=0
Y???Fzm|d{VoG_C????????@??A_?A????@|??^_?Du??^_??No??nO? n=26 c=5 b=6 nu_cut=3 good=46 nongen=[] mism=0
Y???B}}ve{^_??G??O????_?_?@???o???Az??v_?D]??Zo??|O??z_? n=26 c=5 b=6 nu_cut=3 good=52 nongen=[] mism=0
Y????A|^f[^Gz_lo?G?A??O????s????@?????Lw?@n??B{??NW??NW? n=26 c=6 b=5 nu_cut=3 good=49 nongen=[] mism=0
W???D~u|fwNoC_??@??K?A?????O???E{?@}??z_?E{??Vo n=24 c=5 b=5 nu_cut=3 good=43 nongen=[] mism=0
W????B\VvUMw{oto@??O????a??O??g????~??No?@}??Fw n=24 c=6 b=4 nu_cut=3 good=40 nongen=[] mism=0
Y??F~z{~@G??O?????A??L?????????Uk?Js?@x_?Xs?@ko??v_?@Z_? n=26 c=4 b=7 nu_cut=3 good=50 nongen=[] mism=0
U???E~{^b{^_??_?G_C??G_A????Fw?Fw?B{??~? n=22 c=5 b=4 nu_cut=3 good=35 nongen=[] mism=0
Y????BrVviTwmoZoG?D_?O????????S???????Jw??~??Fs??Jw??Fw? n=26 c=6 b=5 nu_cut=3 good=48 nongen=[] mism=0
Y????BNlvwFwz_vO???C?s????@??@???A????No?@n??Fs??No??Lw? n=26 c=6 b=5 nu_cut=3 good=49 nongen=[] mism=0
Y???B~yvfwNoo??_??Cg??_???????????Av??Zo?Bu??\W??Vo??xo? n=26 c=5 b=6 nu_cut=3 good=52 nongen=[] mism=0
Y??????nNeZgXwfg[wAn???????O?@O??g???W????^_?@}??B{??B{? n=26 c=7 b=4 nu_cut=3 good=50 nongen=[] mism=0
U??F~z{~?G?_??[?E????????Lw?\o?]o?Fw?Bm? n=22 c=4 b=5 nu_cut=3 good=38 nongen=[] mism=0
Y??F~z{~????G?_???C??G?@W??????Rs?Jk??^_?\c?@eo?By??BU_? n=26 c=4 b=7 nu_cut=3 good=45 nongen=[] mism=0
W??F~z{~????q???A????a??O???Zo?Xw?Fs?BV??^_?@]_ n=24 c=4 b=6 nu_cut=3 good=44 nongen=[] mism=0
Y??????jux[syWpwNKFb??_????a??C??C??@_????^_?@}??B{??B{? n=26 c=7 b=4 nu_cut=3 good=44 nongen=[] mism=0
Y???Fy}^fw\oC__???@o??????C???????Bm??^O?F[??Mw??fo??ro? n=26 c=5 b=6 nu_cut=3 good=47 nongen=[] mism=0
W??F~z{~??????_?@_???R?A????^G?]o?Fs?BN??^_??z_ n=24 c=4 b=6 nu_cut=3 good=44 nongen=[] mism=0
Y???E|}|f[^O??T???????????@o??C???A|??\o?Fw??Uw??n_??^O? n=26 c=5 b=6 nu_cut=3 good=48 nongen=[] mism=0
W???Fn{^d{No_??_?O@O?_????C????Fk?@}??^_?Fw??\o n=24 c=5 b=5 nu_cut=3 good=42 nongen=[] mism=0
W????BrjuyYw^O{o?_?c?A??G??W???????~??No?@}??Fw n=24 c=6 b=4 nu_cut=3 good=44 nongen=[] mism=0
W???Fv{zfwZo?_??CoC_????A??????F[?B]??}_?Fk??Zo n=24 c=5 b=5 nu_cut=3 good=45 nongen=[] mism=0
Y??F~z{~E_?_??A??_?????????O???S{?Fs?@]_?X[??|_?A|??@u_? n=26 c=4 b=7 nu_cut=3 good=52 nongen=[] mism=0
U??F~z{~AWD?_?????C??????Ng?Vo?No?No?@}? n=22 c=4 b=5 nu_cut=3 good=38 nongen=[] mism=0
Y????Bj{vM^_moNo?????@?????U??G?B?????NW?@z??D{??No??Lw? n=26 c=6 b=5 nu_cut=3 good=52 nongen=[] mism=0
W???F^uzfsNoC???K??_????E??_???Fk?B]??^_?Fs??^_ n=24 c=5 b=5 nu_cut=3 good=47 nongen=[] mism=0
Y???B}}~D{ZoO?O?G?CO???????g??????Av??Zo?Ey??\W??^O??uo? n=26 c=5 b=6 nu_cut=3 good=54 nongen=[] mism=0
Y??F~z{~??????@?Y??O?@??G??????U[?Jq?Bm??Mk??vO?BT_?BR_? n=26 c=4 b=7 nu_cut=3 good=52 nongen=[] mism=0
Y??????ZmtNgzOlWMsAv?__???C?????AA??AG????^_?@}??B{??B{? n=26 c=7 b=4 nu_cut=3 good=50 nongen=[] mism=0
U???Fzmvb{\oC?C?C?@_?P??????Fw?Fw?B{??~? n=22 c=5 b=4 nu_cut=3 good=38 nongen=[] mism=0
U???B~y|f[^Og?@?I????@??C???Fw?Fw?B{??~? n=22 c=5 b=4 nu_cut=3 good=40 nongen=[] mism=0
U???F^]zb{ZoC?I?C_?_????O???Fw?Fw?B{??~? n=22 c=5 b=4 nu_cut=3 good=40 nongen=[] mism=0
W??F~z{~???_@?????C_?i??????Xw?^_?Ng?Bx??Zg??^_ n=24 c=4 b=6 nu_cut=3 good=44 nongen=[] mism=0
W????B\|by]W\oro@????I??_??O??a????~??No?@}??Fw n=24 c=6 b=4 nu_cut=3 good=44 nongen=[] mism=0
U??F~z{~????W?i????G?@???Ng?\o?^_?Lw?Bm? n=22 c=4 b=5 nu_cut=3 good=38 nongen=[] mism=0
U???B~]zb{^_B???Q????_?AO???Fw?Fw?B{??~? n=22 c=5 b=4 nu_cut=3 good=38 nongen=[] mism=0
Y????An|TmZon_^_???A?o?????A?@_??@????No?@|??Fw??NW??Lw? n=26 c=6 b=5 nu_cut=3 good=44 nongen=[] mism=0
W???Fzunf[]oO?C??????C?@??DO???Fw?A}??^_?B{??^_ n=24 c=5 b=5 nu_cut=3 good=38 nongen=[] mism=0
U??F~z{~?GS???q??????@???Ng?\o?\o?Jw?Bu? n=22 c=4 b=5 nu_cut=3 good=38 nongen=[] mism=0
Y???E~und{\o??K_?_A???????A??A????@z??jo?Fe??No??nO??fo? n=26 c=5 b=6 nu_cut=3 good=53 nongen=[] mism=0
Y????@zzVeTwjo}O?_Ao?@??C?????_???????Lw?@^??B{??Jw??Fw? n=26 c=6 b=5 nu_cut=3 good=49 nongen=[] mism=0
W????An}VsLw}OnO?OAG??_@O??C???????~??No?@}??Fw n=24 c=6 b=4 nu_cut=3 good=40 nongen=[] mism=0
Y??F~z{~??G???O?O????L????C????Uk?JY?Bx??\g??v_?Bq_?BT_? n=26 c=4 b=7 nu_cut=3 good=45 nongen=[] mism=0
W??F~z{~??C???`???@??p??????VW?]g?K{?B\??]W?@u_ n=24 c=4 b=6 nu_cut=3 good=44 nongen=[] mism=0
Y??F~z{~??????C?K_???B?????_???Fk?NS?BY_?W{??z_?Bl??BU_? n=26 c=4 b=7 nu_cut=3 good=50 nongen=[] mism=0
Y??F~z{~????????G?A??e????@_???Lk?Km?Bs_?Mw?@]_?BX_?Az?? n=26 c=4 b=7 nu_cut=3 good=50 nongen=[] mism=0
W???Fnyvf[^_?????OD_?K?????C???F[?Bu??v_?Fs??\o n=24 c=5 b=5 nu_cut=3 good=45 nongen=[] mism=0
Y????B\|VeLw^_~??W?C??O?A??W??????????Fw?@z??E{??Lw??Mw? n=26 c=6 b=5 nu_cut=3 good=47 nongen=[] mism=0
Y???Fzm^fsVo??C?A??????BA??G??G???BZ??}O?Eu??Vo??vO??No? n=26 c=5 b=6 nu_cut=3 good=48 nongen=[] mism=0
Y??????rnFNKxg\oVWFJ?A??D?????`??G??A?????^_?@}??B{??B{? n=26 c=7 b=4 nu_cut=3 good=45 nongen=[] mism=0
# STATS tries=3935 {'built': 2000, 'sparse': 2000, 'nongeneric': 0, 'no_good_pair': 0, 'cover_mism': 0, 'min_good': 34}
