Y????A}zVi^Gjolo?G??????O??_?AG?@A????Ng?@v??B{??No??NW? n=26 c=6 b=5 nu_cut=4 good=48 nongen=[] mism=0
W??F~z{~?gG__???A??O????????Fw?Ng?Jk?Bf??Uw?@n? n=24 c=4 b=6 nu_cut=4 good=47 nongen=[] mism=0
W???B~{}fwNoA?C?CO?G???A??C????Fk?A}??z_?Fs??Zo n=24 c=5 b=5 nu_cut=4 good=43 nongen=[] mism=0
Y???E~m|e{^O_??????S????C?B???_???B{??vO?A}??]g??Zo??yo? n=26 c=5 b=6 nu_cut=4 good=50 nongen=[] mism=0
Y??F~z{~??D?o?@????????A_??????J[?JY?Af_?Ts?@uO?BX_?B]?? n=26 c=4 b=7 nu_cut=4 good=52 nongen=[] mism=0
U???Fzyvb{^O@_O_??@?????g???Fw?Fw?B{??~? n=22 c=5 b=4 nu_cut=4 good=34 nongen=[] mism=0
S??F~z{~?_@_H???C??O??B{?No?^_?^_ n=20 c=4 b=4 nu_cut=4 good=34 nongen=[] mism=0
U??F~z{~?OO?_?G?G??O?G???No?No?^_?Lw?B]? n=22 c=4 b=5 nu_cut=4 good=30 nongen=[] mism=0
W??F~z{~?O??p?C?A?@?????????]W?Yw?K{?@^??Mw??~? n=24 c=4 b=6 nu_cut=4 good=33 nongen=[] mism=0
W??F~z{~??G_??@???C_?C??G???Tw?^_?No?Bx??No?@\_ n=24 c=4 b=6 nu_cut=4 good=33 nongen=[] mism=0
Y??????vHv^_{oVgNoFF????D??C?C???G??GO????^_?@}??B{??B{? n=26 c=7 b=4 nu_cut=4 good=54 nongen=[] mism=0
Y????BtZum\g~?mo@?C?????A?@G?????P????NW?@v??F[??Ng??No? n=26 c=6 b=5 nu_cut=4 good=43 nongen=[] mism=0
Y???D~{}f[Vo????G?AC?G??C?A???_???Bj??{o?Fk??No??zO??fo? n=26 c=5 b=6 nu_cut=4 good=52 nongen=[] mism=0
Y???Fl}|fs\oO?G?AO?W???????_??????@v??}O?Ey??Vo??ro??zO? n=26 c=5 b=6 nu_cut=4 good=44 nongen=[] mism=0
W???E~{|e{^_G?@?C????A??A??c???Fs?Bm??~??E{??]o n=24 c=5 b=5 nu_cut=4 good=48 nongen=[] mism=0
Y??F~z{~?G??C????????O?AO?D????Zg?Ls?B[_?Fk??~??@r_?Bm?? n=26 c=4 b=7 nu_cut=4 good=45 nongen=[] mism=0
Y??????ZkvVWlWn_]WBl?OO?K????C@??????O????^_?@}??B{??B{? n=26 c=7 b=4 nu_cut=4 good=44 nongen=[] mism=0
W??F~z{~?O??G?o????G?@?@????Mw?\W?Lw?A}??Vo?@u_ n=24 c=4 b=6 nu_cut=4 good=40 nongen=[] mism=0
Y??F~z{~??????C?@?D?????O??W???VS?E]?BN??Mk?@l_?BZ??Be_? n=26 c=4 b=7 nu_cut=4 good=51 nongen=[] mism=0
W???B~]zfkVo?_W?@????O??K??????Fs?By??|_?Fk??Vo n=24 c=5 b=5 nu_cut=4 good=42 nongen=[] mism=0
Y??F~z{~A?C?P?C????G?_?????????U[?B{??n_?X[??mo?BT_?@u_? n=26 c=4 b=7 nu_cut=4 good=46 nongen=[] mism=0
W??F~z{~??O?_?O???@_?@?@????^O?]g?NW??~??VW?@f_ n=24 c=4 b=6 nu_cut=4 good=46 nongen=[] mism=0
S??F~z{~?_????H?B?CG??B{?No?^_?^_ n=20 c=4 b=4 nu_cut=4 good=33 nongen=[] mism=0
U??F~z{~?_K?A?G??_???O???Fw?]o?Zo?Fw?A}? n=22 c=4 b=5 nu_cut=4 good=36 nongen=[] mism=0
S??F~z{~?G??G?c?@?AG??B{?No?^_?^_ n=20 c=4 b=4 nu_cut=4 good=35 nongen=[] mism=0
Y????AvjumVg]ov_C?C??O??@??G??C?@?????Fw?@v??Fs??Ng??Mw? n=26 c=6 b=5 nu_cut=4 good=44 nongen=[] mism=0
Y????Bu^e]Zgfo}_O??A?A??Q????@???C????Fw?@v??F[??NW??No? n=26 c=6 b=5 nu_cut=4 good=42 nongen=[] mism=0
W????An|`}FwuotoW?AG?O??O????C?????~??No?@}??Fw n=24 c=6 b=4 nu_cut=4 good=43 nongen=[] mism=0
W???Fx}^d{]oA?_?G????O_?C??_???Fk?B]??|_?Fw??^_ n=24 c=5 b=5 nu_cut=4 good=38 nongen=[] mism=0
W????@nNu]VW\oyo@????S??S?D????????~??No?@}??Fw n=24 c=6 b=4 nu_cut=4 good=41 nongen=[] mism=0
U???E|}nfwVo????I??C?P?@A???Fw?Fw?B{??~? n=22 c=5 b=4 nu_cut=4 good=36 nongen=[] mism=0
S??F~z{~??S?O?W???CO??B{?No?^_?^_ n=20 c=4 b=4 nu_cut=4 good=32 nongen=[] mism=0
W???B~]zfwVoG?E?G?@????A???C???E{?@}??^_?Fk??Vo n=24 c=5 b=5 nu_cut=4 good=43 nongen=[] mism=0
W???E~{nb{]o?__?@?C??G??Q??????D{?Bu??}_?Fk??^O n=24 c=5 b=5 nu_cut=4 good=42 nongen=[] mism=0
U???Fz]nfk^_?_a???A_???@_???Fw?Fw?B{??~? n=22 c=5 b=4 nu_cut=4 good=35 nongen=[] mism=0
W??F~z{~@_??_???G?A??G??O???No?Zg?Fs?Br??Rw??}_ n=24 c=4 b=6 nu_cut=4 good=40 nongen=[] mism=0
W???Fu}zb{\oC?S?@?C??G????C????D{?B]??z_?F[??Vo n=24 c=5 b=5 nu_cut=4 good=43 nongen=[] mism=0
Y??F~z{~?_@???_?A????_??G?@????Rs?NW?@r_?\g??yo?Bf??Ay_? n=26 c=4 b=7 nu_cut=4 good=46 nongen=[] mism=0
Y????Bf~FkYw^O}OC?C???_?G??_??Q???????Lw?@|??Fw??Ng??Fw? n=26 c=6 b=5 nu_cut=4 good=49 nongen=[] mism=0
W??F~z{~@?G???_????G?C?@O???\o?Vg?Jk?Bu??]W??~? n=24 c=4 b=6 nu_cut=4 good=48 nongen=[] mism=0
Y????A}xtmNg]oyoO??A????A?AG?A???C????Lw?@v??Fk??Ng??No? n=26 c=6 b=5 nu_cut=4 good=56 nongen=[] mism=0
S??F~z{~A?A?A?a?S?????B{?No?^_?^_ n=20 c=4 b=4 nu_cut=4 good=35 nongen=[] mism=0
W??F~z{~?_A?`?A??????_??C???Tw?Vo?Lw?@n??\g?@n? n=24 c=4 b=6 nu_cut=4 good=33 nongen=[] mism=0
U??F~z{~?OG???P???@??c???Fw?Zo?\o?No?B{? n=22 c=4 b=5 nu_cut=4 good=41 nongen=[] mism=0
U???E~m}fw]oA???E?C??S??A???Fw?Fw?B{??~? n=22 c=5 b=4 nu_cut=4 good=42 nongen=[] mism=0
W??F~z{~??G???G????W?K??C???\g?^_?Lk?Bm??Tw??|_ n=24 c=4 b=6 nu_cut=4 good=40 nongen=[] mism=0
Y???Fzmnfs]oO?@?G????`?????O??C???Bl??Vo?Fs??Yw??\o??No? n=26 c=5 b=6 nu_cut=4 good=49 nongen=[] mism=0
W???B~uzfs^_??_?Q?B???_?A??????Fw?Bu??v_?D{??\o n=24 c=5 b=5 nu_cut=4 good=46 nongen=[] mism=0
U???F^m~Fs^_O?C?@O?G?_??O???Fw?Fw?B{??~? n=22 c=5 b=4 nu_cut=4 good=36 nongen=[] mism=0
S??F~z{~?_S?C?a????G??B{?No?^_?^_ n=20 c=4 b=4 nu_cut=4 good=34 nongen=[] mism=0
Y??F~z{~??@_????O????O?A???W???Js?JU?Bt??Uw??ro?Bj??A]_? n=26 c=4 b=7 nu_cut=4 good=46 nongen=[] mism=0
Y??F~z{~?OA???G???C??C?A???O???NW?Du?Am_?]S?@}???~???n_? n=26 c=4 b=7 nu_cut=4 good=46 nongen=[] mism=0
Y???F]}nfw^OG_A?A?C????@??????G???B]??]o?B{??\o??Zo??jo? n=26 c=5 b=6 nu_cut=4 good=38 nongen=[] mism=0
Y???E~]nfk^_O???A?C?????e?????C????~??{o?Fs??\g??Vo??uo? n=26 c=5 b=6 nu_cut=4 good=50 nongen=[] mism=0
S??F~z{~CGA???_??_?o??B{?No?^_?^_ n=20 c=4 b=4 nu_cut=4 good=33 nongen=[] mism=0
U???E~]^f[^_??D?S??C?C?A????Fw?Fw?B{??~? n=22 c=5 b=4 nu_cut=4 good=35 nongen=[] mism=0
W????AznfYNo|_NoOO?O??O@O??A???????~??No?@}??Fw n=24 c=6 b=4 nu_cut=4 good=40 nongen=[] mism=0
Y????BfZryMw|_vOF???????A??_?C???G????NW??~??Fw??Fw??No? n=26 c=6 b=5 nu_cut=4 good=41 nongen=[] mism=0
Y????Anru{^_Zo^O??@A?g_?O????????A????Ng?@n??E{??Jw??NW? n=26 c=6 b=5 nu_cut=4 good=44 nongen=[] mism=0
Y???E~m^fw^_A?C????C?G????B???G???Bf??z_?Dy??^_??\o??|_? n=26 c=5 b=6 nu_cut=4 good=38 nongen=[] mism=0
W????@v}R{Rwro|OC??g???????S?@A????~??No?@}??Fw n=24 c=6 b=4 nu_cut=4 good=46 nongen=[] mism=0
Y????A|{vM\o\oVoAG@????@??????S??C????Mw?@^??Fs??Fw??Ng? n=26 c=6 b=5 nu_cut=4 good=49 nongen=[] mism=0
S??F~z{~A???B?H?E?????B{?No?^_?^_ n=20 c=4 b=4 nu_cut=4 good=34 nongen=[] mism=0
Y???F]}~FwVo@???IO?????@???O??C???B]??mo?E{??Fw??to??zO? n=26 c=5 b=6 nu_cut=4 good=52 nongen=[] mism=0
W????Bfnfk\WZo~????E?_?????W??o????~??No?@}??Fw n=24 c=6 b=4 nu_cut=4 good=34 nongen=[] mism=0
Y??????xk}\c{WMwD{DZ??_?A?AA??_?????E?????^_?@}??B{??B{? n=26 c=7 b=4 nu_cut=4 good=45 nongen=[] mism=0
W??F~z{~@?A?W?@?O??????@????Rw?]o?Mk?BN??NW?@V_ n=24 c=4 b=6 nu_cut=4 good=41 nongen=[] mism=0
S??F~z{~@O?_A?@???E???B{?No?^_?^_ n=20 c=4 b=4 nu_cut=4 good=33 nongen=[] mism=0
Y???D|}~B{]o??@???E??O????C_?@????Bl??mo?Fi??\o??{o??|O? n=26 c=5 b=6 nu_cut=4 good=49 nongen=[] mism=0
Y????B{\r]JwvO|O?OCO????O????@A??G????Jw??~??Fs??Lw??Ng? n=26 c=6 b=5 nu_cut=4 good=41 nongen=[] mism=0
S??F~z{~CG??G???E?E???B{?No?^_?^_ n=20 c=4 b=4 nu_cut=4 good=33 nongen=[] mism=0
Y??F~z{~??@?@?????D??G?@??A????^C?Fe?At_?Rs?@N_??z_?Bl?? n=26 c=4 b=7 nu_cut=4 good=37 nongen=[] mism=0
W??F~z{~????_?a?A_@?????O???]g?\W?Lk?Bm??Tw?@y_ n=24 c=4 b=6 nu_cut=4 good=46 nongen=[] mism=0
Y????@|}Q}Jwz_n_O?C??G????A_??A??@????Fw??~??D{??No??NW? n=26 c=6 b=5 nu_cut=4 good=49 nongen=[] mism=0
Y???F^y|fwZo?_A????_?O?????g?C????@v??zO?FY??^G??z_??lo? n=26 c=5 b=6 nu_cut=4 good=49 nongen=[] mism=0
S??F~z{~AOA?c???S?????B{?No?^_?^_ n=20 c=4 b=4 nu_cut=4 good=33 nongen=[] mism=0
W???E~{|b{Zo_?C????G?G??g?A????Fw?B{??^_?Fs??^O n=24 c=5 b=5 nu_cut=4 good=43 nongen=[] mism=0
U???B~unf[VoS?C?C??C?P??????Fw?Fw?B{??~? n=22 c=5 b=4 nu_cut=4 good=41 nongen=[] mism=0
U???Fnm}fk\o??B?G_@????AO???Fw?Fw?B{??~? n=22 c=5 b=4 nu_cut=4 good=30 nongen=[] mism=0
S??F~z{~???_I???H?E???B{?No?^_?^_ n=20 c=4 b=4 nu_cut=4 good=34 nongen=[] mism=0
Y???D~{|fkVoQ?O?A??S????C?????????Bj??Vo?Bm??Tw??]o??mo? n=26 c=5 b=6 nu_cut=4 good=48 nongen=[] mism=0
Y???D~yvfkVoO?????B??B????A???G???B]??|O?B]??\o??lo??v_? n=26 c=5 b=6 nu_cut=4 good=46 nongen=[] mism=0
W??F~z{~?OG?G?O???@??C?A????Rw?Rw?Fw?BZ??Vg?@v? n=24 c=4 b=6 nu_cut=4 good=34 nongen=[] mism=0
Y??F~z{~?GA?K?O????O?G?????????Xk?By??~??[[??|O?BT_??^_? n=26 c=4 b=7 nu_cut=4 good=46 nongen=[] mism=0
W???Fn{vfsNoA?_??O?G?A??A?A????Fs?B{??|_?Fs??Zo n=24 c=5 b=5 nu_cut=4 good=43 nongen=[] mism=0
Y??????qxzLwvG|GT[Fw?K?????K??@?AO????????^_?@}??B{??B{? n=26 c=7 b=4 nu_cut=4 good=46 nongen=[] mism=0
Y??F~z{~?_C?O?????C_?I?????????Fk?Im?@]_?Mw??]o?Ax_?BR_? n=26 c=4 b=7 nu_cut=4 good=38 nongen=[] mism=0
U???Ft}|e{^OD?O_@_??????C???Fw?Fw?B{??~? n=22 c=5 b=4 nu_cut=4 good=39 nongen=[] mism=0
U???Fv]zb{\o??_??O?g?A?@C???Fw?Fw?B{??~? n=22 c=5 b=4 nu_cut=4 good=36 nongen=[] mism=0
W??F~z{~?oC_?????????G??K???^O?Tw?B{?Br??]g??~? n=24 c=4 b=6 nu_cut=4 good=44 nongen=[] mism=0
W??F~z{~?G??O?A?P_@?????????Yw?Yw?Lk?Bf??No?@v? n=24 c=4 b=6 nu_cut=4 good=38 nongen=[] mism=0
Y??F~z{~A?A_??????A?????K??_???M[?G}?Ax_?\o??~??Ar_?Ay_? n=26 c=4 b=7 nu_cut=4 good=45 nongen=[] mism=0
Y??F~z{~A?E?A?C??_???O?????????Uk?H]?@f_?Fk?@fO?@n??BJ_? n=26 c=4 b=7 nu_cut=4 good=45 nongen=[] mism=0
U??F~z{~??O?O?_?C??_?D???No?^_?Zo?NW?Bu? n=22 c=4 b=5 nu_cut=4 good=35 nongen=[] mism=0
Y??????\nMY[Zobw[wDy?G??O_C???@?????Q?????^_?@}??B{??B{? n=26 c=7 b=4 nu_cut=4 good=38 nongen=[] mism=0
Y???Fx}vd{\o??C????O?o??o?????C???Av??mo?Fk??Zo??fo??yo? n=26 c=5 b=6 nu_cut=4 good=49 nongen=[] mism=0
Y???Ft}}e{^__?O????O?G?A??@???G???@n??Zo?Fe??Ng??nO??~?? n=26 c=5 b=6 nu_cut=4 good=38 nongen=[] mism=0
W??F~z{~??C_W???@?C??@??????Jw?VW?Lw?@}??Uw?@{_ n=24 c=4 b=6 nu_cut=4 good=47 nongen=[] mism=0
U???Fx}zd{NoC?__O_C?????_???Fw?Fw?B{??~? n=22 c=5 b=4 nu_cut=4 good=38 nongen=[] mism=0
U??F~z{~F?O_??O??_???????No?Vo?]o?Fw?@}? n=22 c=4 b=5 nu_cut=4 good=38 nongen=[] mism=0
Y????BZVvsNojoNo????????_??A?E??Ao????No?@}??D{??Ng??NW? n=26 c=6 b=5 nu_cut=4 good=51 nongen=[] mism=0
Y??????MxvJ[ZghwYwDx????C?C??@??@@??B?????^_?@}??B{??B{? n=26 c=7 b=4 nu_cut=4 good=38 nongen=[] mism=0
U???Fz{zb{Nog????O?O?_?AA???Fw?Fw?B{??~? n=22 c=5 b=4 nu_cut=4 good=37 nongen=[] mism=0
Y??F~z{~D???`????????O?????W???VW?LY?Br??Ng??~??A\_?@N_? n=26 c=4 b=7 nu_cut=4 good=52 nongen=[] mism=0
Y??????}`zR[joNgNcEN??G?O?????E?@???GO????^_?@}??B{??B{? n=26 c=7 b=4 nu_cut=4 good=46 nongen=[] mism=0
W??F~z{~@_??@???@??G?C??_???Lw?Tw?NW?Br??Ng??n_ n=24 c=4 b=6 nu_cut=4 good=47 nongen=[] mism=0
Y????@nzR{Mw|O~??G????o?A?????C?AO????Lw??~??E{??No??NW? n=26 c=6 b=5 nu_cut=3 good=47 nongen=[] mism=0
W??F~z{~?OG???D?@??_???@????Uw?Vg?Ls?Bj??No?@f_ n=24 c=4 b=6 nu_cut=4 good=46 nongen=[] mism=0
U???B~yzfk^_C_Q??????I??O???Fw?Fw?B{??~? n=22 c=5 b=4 nu_cut=4 good=39 nongen=[] mism=0
Y????A||buJwnO^_O????G????CG??A?@@????NW?@v??Fw??Fw??Fw? n=26 c=6 b=5 nu_cut=4 good=49 nongen=[] mism=0
Y??F~z{~??@__????_?_???A??A????VS?J[?Bj??]o?@r_?BT_??^_? n=26 c=4 b=7 nu_cut=4 good=37 nongen=[] mism=0
W??F~z{~?OC???o?G????_??_???Lw?\g?Ms?Av??]g?@z? n=24 c=4 b=6 nu_cut=4 good=33 nongen=[] mism=0
Y????BfVt]Ywlov_???_?G??G?@??D???@????Mw?@|??Fs??Fw??Jw? n=26 c=6 b=5 nu_cut=4 good=46 nongen=[] mism=0
U???F^uzfk^OC?C??OE?????W???Fw?Fw?B{??~? n=22 c=5 b=4 nu_cut=4 good=34 nongen=[] mism=0
Y??????Vi^\S|OnOTwBZ?W?A?????????@_?C_????^_?@}??B{??B{? n=26 c=7 b=4 nu_cut=4 good=46 nongen=[] mism=0
U???Fvunb{^_@?@_??A_?G??G???Fw?Fw?B{??~? n=22 c=5 b=4 nu_cut=4 good=41 nongen=[] mism=0
U??F~z{~??@?W?C??_C??@???Fw?]o?^O?Mw?B]? n=22 c=4 b=5 nu_cut=4 good=41 nongen=[] mism=0
U???E|}}f[]oG?D????g?O_?????Fw?Fw?B{??~? n=22 c=5 b=4 nu_cut=4 good=40 nongen=[] mism=0
Y???Fvu^fkNo??C?P?@??A????A???C???Bt??fo?C}??]o??ro??nO? n=26 c=5 b=6 nu_cut=4 good=44 nongen=[] mism=0
W??F~z{~????_?A?G_?_?S??????]g?Tw?L[?B{??^O?@l_ n=24 c=4 b=6 nu_cut=4 good=47 nongen=[] mism=0
W????B]rum^GnOz_?O?O????Q?B???_????~??No?@}??Fw n=24 c=6 b=4 nu_cut=4 good=41 nongen=[] mism=0
Y???E~y|f[Vo????I?CC????_??O?@????Bx??ro?Dy??Tw??v_??vO? n=26 c=5 b=6 nu_cut=4 good=47 nongen=[] mism=0
Y??F~z{~?G??@???C????_?B???_???^_?JM?B[_?]W??mo?Bb_??}_? n=26 c=4 b=7 nu_cut=4 good=53 nongen=[] mism=0
Y??F~z{~??@?g???A??G???A???_???ZK?K]?Bu??Y[?@\O??z_?@n?? n=26 c=4 b=7 nu_cut=4 good=45 nongen=[] mism=0
W??F~z{~??C__????_C??G??G???\g?Fw?No?@z??Zg?@Z_ n=24 c=4 b=6 nu_cut=4 good=40 nongen=[] mism=0
U??F~z{~?_P?????G_@??@???No?Vo?Zo?NW?A}? n=22 c=4 b=5 nu_cut=4 good=41 nongen=[] mism=0
Y???D~m~FwNoA?o????C???B??@???????BZ??yo?@}??Rw??Zo??~?? n=26 c=5 b=6 nu_cut=4 good=50 nongen=[] mism=0
Y??????VkvXwhwbw[[Fw?D??O?@???Q?????G?????^_?@}??B{??B{? n=26 c=7 b=4 nu_cut=4 good=51 nongen=[] mism=0
U???D~]nfk^_O_????CC?A?@O???Fw?Fw?B{??~? n=22 c=5 b=4 nu_cut=4 good=40 nongen=[] mism=0
W???D~{~F[^OK?A??_?C?o?????????D{?@}??~??Fk??Vo n=24 c=5 b=5 nu_cut=4 good=38 nongen=[] mism=0
Y???B~u~FwZoA???A?CC?_??G??C??????Bf??^O?D]??Rw??]o??Vo? n=26 c=5 b=6 nu_cut=4 good=49 nongen=[] mism=0
Y???B~]~F[^O_?I?C_????_???A???????A^??\o?Fq??Uw??to??Vo? n=26 c=5 b=6 nu_cut=4 good=49 nongen=[] mism=0
W????Btvdu^Ofo}_GO@O????D??G???????~??No?@}??Fw n=24 c=6 b=4 nu_cut=4 good=39 nongen=[] mism=0
Y???FzmzfsNo?_A?A?????_?O?@???G???BV??uo?D]??\g??\o??v_? n=26 c=5 b=6 nu_cut=4 good=49 nongen=[] mism=0
S??F~z{~@GO?A?D????_??B{?No?^_?^_ n=20 c=4 b=4 nu_cut=4 good=35 nongen=[] mism=0
U??F~z{~@OA?A???M????????Jw?]o?]o?Fw?B{? n=22 c=4 b=5 nu_cut=4 good=38 nongen=[] mism=0
Y????Bm}fM\g\o{o@???????I??_??Q??C????Jw?@|??F[??Mw??NW? n=26 c=6 b=5 nu_cut=4 good=46 nongen=[] mism=0
Y??F~z{~B???C?@?@?@??C?????????Ls?Na?@t_?J[?@V_?BN??Bb_? n=26 c=4 b=7 nu_cut=4 good=45 nongen=[] mism=0
Y??F~z{~???_??C??_@??c????A????D{?Nc?BU_?]K?@Uo?Bx??Bj?? n=26 c=4 b=7 nu_cut=4 good=45 nongen=[] mism=0
U??F~z{~A???A?P?Q?C??????Ng?^O?\o?NW?Bm? n=22 c=4 b=5 nu_cut=4 good=35 nongen=[] mism=0
W???E}}|b{ZoA???A??C?a?A??@????Fk?By??v_?D{??Zo n=24 c=5 b=5 nu_cut=4 good=38 nongen=[] mism=0
S??F~z{~?g@???C?O_A???B{?No?^_?^_ n=20 c=4 b=4 nu_cut=4 good=35 nongen=[] mism=0
W????@}|a}Mw}_|OOO?A?G??G????CG????~??No?@}??Fw n=24 c=6 b=4 nu_cut=4 good=34 nongen=[] mism=0
Y??????lju]gloqwLkEu?@?@?_?o??C?????G?????^_?@}??B{??B{? n=26 c=7 b=4 nu_cut=4 good=46 nongen=[] mism=0
Y????BlvU{^O^Oz_?o@???O?_??A??_???????Fw?@v??Fw??Jw??Ng? n=26 c=6 b=5 nu_cut=4 good=49 nongen=[] mism=0
Y???F^{^fs]o??G????O?_??S??_??C???Az??{o?F[??Zo??n_??|O? n=26 c=5 b=6 nu_cut=4 good=49 nongen=[] mism=0
Y??????{[zK{yW|_L[FU?D??C??S?????C???G????^_?@}??B{??B{? n=26 c=7 b=4 nu_cut=4 good=44 nongen=[] mism=0
S??F~z{~D?O???@?D??_??B{?No?^_?^_ n=20 c=4 b=4 nu_cut=4 good=35 nongen=[] mism=0
U??F~z{~@??_@?A?G?C??_???Mw?Zo?Vo?Lw?Bm? n=22 c=4 b=5 nu_cut=4 good=30 nongen=[] mism=0
Y??????s~[Fk~?VgVoE]?O?????`?C???`??G?????^_?@}??B{??B{? n=26 c=7 b=4 nu_cut=4 good=38 nongen=[] mism=0
S??F~z{~A?C?A?H?A??G??B{?No?^_?^_ n=20 c=4 b=4 nu_cut=4 good=36 nongen=[] mism=0
W????AnVvq^Gfoz_???E?D??_?C???G????~??No?@}??Fw n=24 c=6 b=4 nu_cut=4 good=47 nongen=[] mism=0
Y??????VhzU[jW|_ZoD]??G@O??D????A???A?????^_?@}??B{??B{? n=26 c=7 b=4 nu_cut=4 good=46 nongen=[] mism=0
Y???F]}|e{ZoG???A??_??????@O?AC???An??^_?E{??NW??nO??~?? n=26 c=5 b=6 nu_cut=4 good=53 nongen=[] mism=0
S??F~z{~?O??C?c?O_A???B{?No?^_?^_ n=20 c=4 b=4 nu_cut=4 good=35 nongen=[] mism=0
W???E~y~B{VoG?C??O???O??E??O???B{?By??n_?F[??]o n=24 c=5 b=5 nu_cut=4 good=49 nongen=[] mism=0
U???F\}ze{No?_E?O??g????O???Fw?Fw?B{??~? n=22 c=5 b=4 nu_cut=4 good=33 nongen=[] mism=0
Y??F~z{~?_G?P?G??????G??C??????Vc?Ky?Az??Zc?@fO?@|??@v?? n=26 c=4 b=7 nu_cut=4 good=45 nongen=[] mism=0
U??F~z{~?OA???A?A??G?g???Ng?\o?^_?Ng?B{? n=22 c=4 b=5 nu_cut=4 good=34 nongen=[] mism=0
Y??F~z{~??@???A??_@G?O????C????Fs?Nc?@v??]c?@so?AN_?@y_? n=26 c=4 b=7 nu_cut=4 good=53 nongen=[] mism=0
U??F~z{~@?O?_?G??_?W?????Lw?Vo?Vo?Mw?By? n=22 c=4 b=5 nu_cut=4 good=35 nongen=[] mism=0
W??F~z{~??D???A????_?s??????Ng?Lw?I{?A|??\W?@}? n=24 c=4 b=6 nu_cut=4 good=38 nongen=[] mism=0
Y??????^JlRsmWVoK{Du?@????@C??@?AG??O?????^_?@}??B{??B{? n=26 c=7 b=4 nu_cut=4 good=46 nongen=[] mism=0
Y???E}}|fw]o@?I??????A_????O?C????Bm??^_?@}??Ng??lo??lo? n=26 c=5 b=6 nu_cut=4 good=45 nongen=[] mism=0
W???E~mvf[VoC??_?_???G??_??o???Fs?A}??n_?Fw??^O n=24 c=5 b=5 nu_cut=4 good=37 nongen=[] mism=0
W??F~z{~COO?G????????O??o???Ng?No?Jw?B\??Zg?@f_ n=24 c=4 b=6 nu_cut=4 good=33 nongen=[] mism=0
U??F~z{~AGO???G?A?B??????Ng?^O?\o?Mw?@}? n=22 c=4 b=5 nu_cut=4 good=36 nongen=[] mism=0
S??F~z{~??I?a?H?G?????B{?No?^_?^_ n=20 c=4 b=4 nu_cut=4 good=34 nongen=[] mism=0
Y????BZ{vqNg^_|_?O?G?G??G??A??A?A?????Lw?@|??Fw??Jw??No? n=26 c=6 b=5 nu_cut=4 good=44 nongen=[] mism=0
W????Brfr][wv_|OO_A?????Q?????Q????~??No?@}??Fw n=24 c=6 b=4 nu_cut=4 good=41 nongen=[] mism=0
W????BVzUm^_^O]oAOD??__????O???????~??No?@}??Fw n=24 c=6 b=4 nu_cut=4 good=46 nongen=[] mism=0
W????AzNv[RwVo|_??AA?C??_?@G??O????~??No?@}??Fw n=24 c=6 b=4 nu_cut=4 good=41 nongen=[] mism=0
U???FzmzfkVoE?H?P???????O???Fw?Fw?B{??~? n=22 c=5 b=4 nu_cut=4 good=39 nongen=[] mism=0
Y??????s}yFwxg}OMwBx?@????CA??O???_?a?????^_?@}??B{??B{? n=26 c=7 b=4 nu_cut=4 good=45 nongen=[] mism=0
Y???Fnuvd{^O??G?A?CG???@G????@????Bf??jo?Du??Vo??{o??ro? n=26 c=5 b=6 nu_cut=4 good=44 nongen=[] mism=0
W????@n}eyFwv_fo??C???O?a?AG?@?????~??No?@}??Fw n=24 c=6 b=4 nu_cut=4 good=47 nongen=[] mism=0
W???E~u}d{Zo_?A?CO???A??C??_???Fw?A}??v_?Fw??\o n=24 c=5 b=5 nu_cut=4 good=38 nongen=[] mism=0
Y??F~z{~C??_I?????C?????_??G???^O?FM?AV_?Xw?@NO?Bm??@|?? n=26 c=4 b=7 nu_cut=4 good=45 nongen=[] mism=0
W??F~z{~A???A?D??????E?A????\g?\g?Fs?Bf??Rw?@z? n=24 c=4 b=6 nu_cut=4 good=47 nongen=[] mism=0
U??F~z{~?_??O?O?O??W?_???Jw?No?^_?Ng?@}? n=22 c=4 b=5 nu_cut=4 good=34 nongen=[] mism=0
Y???Fvy~Fk\o??`??O?O?B?????C??????Bu??Vo?D]??Uw??nO??^_? n=26 c=5 b=6 nu_cut=4 good=53 nongen=[] mism=0
Y??????{t]NobwxgP{@z???@@??_?CO??O???G????^_?@}??B{??B{? n=26 c=7 b=4 nu_cut=4 good=45 nongen=[] mism=0
Y??F~z{~?O@?C?@??????_??S??????^C?Dm?Au_?P{?@z??Bi_?@t_? n=26 c=4 b=7 nu_cut=4 good=53 nongen=[] mism=0
U??F~z{~?_@?P?K?G????????Fw?Zo?]o?Mw?Bm? n=22 c=4 b=5 nu_cut=4 good=40 nongen=[] mism=0
U???B|}|fw^_?_O?A?@C??_A????Fw?Fw?B{??~? n=22 c=5 b=4 nu_cut=4 good=33 nongen=[] mism=0
S??F~z{~?oO?????G_?g??B{?No?^_?^_ n=20 c=4 b=4 nu_cut=4 good=34 nongen=[] mism=0
W???F\}|fsNoS????????d??_??C???Fk?@}??z_?Fs??]o n=24 c=5 b=5 nu_cut=4 good=43 nongen=[] mism=0
W??F~z{~@???_?I?H??_????????\o?^G?M[?BZ??Uw??z_ n=24 c=4 b=6 nu_cut=4 good=47 nongen=[] mism=0
W????BZfvqVW^_n_GGAA?@?AA??????????~??No?@}??Fw n=24 c=6 b=4 nu_cut=4 good=39 nongen=[] mism=0
W??F~z{~A??_??B???B??A??????Vg?Yw?Ms?@^??\W?@|? n=24 c=4 b=6 nu_cut=4 good=45 nongen=[] mism=0
Y???Fvmvfw^_??C??O?G?O????C_??G???B\??nO?F[??]W??Vo??mo? n=26 c=5 b=6 nu_cut=4 good=49 nongen=[] mism=0
W??F~z{~C_G?????C?@????@O???]W?Ng?Mw?By??NW??^_ n=24 c=4 b=6 nu_cut=4 good=40 nongen=[] mism=0
Y??????fvpY[\oZW^_EN?G??A_???D???O_???????^_?@}??B{??B{? n=26 c=7 b=4 nu_cut=4 good=51 nongen=[] mism=0
U???F]}|e{NoC?A??O?W???B????Fw?Fw?B{??~? n=22 c=5 b=4 nu_cut=4 good=41 nongen=[] mism=0
W????Bf^d]Zgmolo???o???@_?C???Q????~??No?@}??Fw n=24 c=6 b=4 nu_cut=4 good=41 nongen=[] mism=0
U???D~yzfk]o??I????_?P??W???Fw?Fw?B{??~? n=22 c=5 b=4 nu_cut=4 good=39 nongen=[] mism=0
Y????@zzVU\o}On_???_?@?@O?CG??_???????NW?@n??D{??Mw??NW? n=26 c=6 b=5 nu_cut=4 good=52 nongen=[] mism=0
U???Fzyvd{Voc?O????O?O_@????Fw?Fw?B{??~? n=22 c=5 b=4 nu_cut=4 good=39 nongen=[] mism=0
U??F~z{~C?@?I?O???A??G???Lw?^O?]o?Fw?By? n=22 c=4 b=5 nu_cut=4 good=36 nongen=[] mism=0
Y??F~z{~???_O?a??_???A?A???????]g?Iy?Ax_?X[?@j_?@f_?Bq_? n=26 c=4 b=7 nu_cut=4 good=46 nongen=[] mism=0
U???D~{vfkNog?G???C??E?@????Fw?Fw?B{??~? n=22 c=5 b=4 nu_cut=4 good=40 nongen=[] mism=0
Y???B~m}fk\o??E?S?????_?O?C???????A}??mo?Fw??ZW??to??}O? n=26 c=5 b=6 nu_cut=4 good=48 nongen=[] mism=0
W????Avus}VW\ovO??AO?B?@???G?@?????~??No?@}??Fw n=24 c=6 b=4 nu_cut=4 good=39 nongen=[] mism=0
Y??F~z{~A_????????C_?O??G?C????NW?JM?@}??Xw??xo?Bs_?Bw_? n=26 c=4 b=7 nu_cut=4 good=52 nongen=[] mism=0
U???Fzm}d{^O__???O@??B?@????Fw?Fw?B{??~? n=22 c=5 b=4 nu_cut=4 good=36 nongen=[] mism=0
U???D~]^fk\oO?@_S????A??_???Fw?Fw?B{??~? n=22 c=5 b=4 nu_cut=4 good=41 nongen=[] mism=0
Y??????Vr\]c}_NW\oEy????P?CC??@?????_O????^_?@}??B{??B{? n=26 c=7 b=4 nu_cut=4 good=44 nongen=[] mism=0
S??F~z{~A_??G???P?CO??B{?No?^_?^_ n=20 c=4 b=4 nu_cut=4 good=34 nongen=[] mism=0
Y???Fzy|d{VoO?A?@??_?O?????G?A????Bm??{o?Fw??Fw??]o??fo? n=26 c=5 b=6 nu_cut=4 good=52 nongen=[] mism=0
S??F~z{~?GP???C?A?AO??B{?No?^_?^_ n=20 c=4 b=4 nu_cut=4 good=34 nongen=[] mism=0
U???E~m~Fk]o_???COA??@??W???Fw?Fw?B{??~? n=22 c=5 b=4 nu_cut=4 good=36 nongen=[] mism=0
Y???Fy}zfkVo??C_???O?G?@K?????????Az??|_?Du??]W??jo??~?? n=26 c=5 b=6 nu_cut=4 good=49 nongen=[] mism=0
W??F~z{~??W_a?O?????????_???Fw?Xw?Lk?An??No?@]_ n=24 c=4 b=6 nu_cut=4 good=43 nongen=[] mism=0
U???F^{nfs]o?_??W?AC????o???Fw?Fw?B{??~? n=22 c=5 b=4 nu_cut=4 good=39 nongen=[] mism=0
Y????Blrr]^OnO{o??C??K_?G?A???G???????Lw??~??D{??No??Lw? n=26 c=6 b=5 nu_cut=4 good=49 nongen=[] mism=0
W???Fn]^fw]oA????OAG?C??_?C????E{?@}??z_?Fk??^O n=24 c=5 b=5 nu_cut=4 good=43 nongen=[] mism=0
U??F~z{~@?O?????D??_?a???NW?\o?^_?No?@}? n=22 c=4 b=5 nu_cut=4 good=40 nongen=[] mism=0
W???Fv]}f[Vog?@?G????O????@_???F[?B{??^_?D{??Zo n=24 c=5 b=5 nu_cut=4 good=41 nongen=[] mism=0
Y??????|TxH{VobwVcEV????a??c????B????O????^_?@}??B{??B{? n=26 c=7 b=4 nu_cut=4 good=45 nongen=[] mism=0
U??F~z{~?OG?O?_?@_???_???Mw?\o?^O?NW?@}? n=22 c=4 b=5 nu_cut=4 good=35 nongen=[] mism=0
W???Fv]^f[]oC?A???AC?@?A??@????Fs?A}??n_?Fs??\o n=24 c=5 b=5 nu_cut=4 good=37 nongen=[] mism=0
W??F~z{~@?C???E??_?????AC???\g?]o?M[?A}??Lw??}_ n=24 c=4 b=6 nu_cut=4 good=45 nongen=[] mism=0
W???F^y|fk^_??_??_A??A??Q??C???D{?B]??|_?Fs??Vo n=24 c=5 b=5 nu_cut=4 good=38 nongen=[] mism=0
Y????BV~E{Vo{o\oG??A???A???O??S??C????Ng?@v??F[??Fw??Fw? n=26 c=6 b=5 nu_cut=4 good=39 nongen=[] mism=0
W???Fx}vfk\o_???@?A??_??C?@O???Fw?@}??v_?F[??\o n=24 c=5 b=5 nu_cut=4 good=42 nongen=[] mism=0
U??F~z{~?G??E?H?C????A???Lw?^_?\o?Ng?@}? n=22 c=4 b=5 nu_cut=4 good=39 nongen=[] mism=0
S??F~z{~@?@?O???A_?o??B{?No?^_?^_ n=20 c=4 b=4 nu_cut=4 good=35 nongen=[] mism=0
W??F~z{~??E?G?_?O????A??O???ZW?Vo?NS?B{??Xw?@^? n=24 c=4 b=6 nu_cut=4 good=40 nongen=[] mism=0
W???E~y|fsNo??@?C??C?C?@_??G???D{?B{??z_?Fw??^O n=24 c=5 b=5 nu_cut=4 good=43 nongen=[] mism=0
U??F~z{~??@???P?A?A??c???Fw?\o?Vo?No?Bu? n=22 c=4 b=5 nu_cut=4 good=40 nongen=[] mism=0
W??F~z{~?_A???@??????R??G???VW?Vo?Js?@n??^_?@}? n=24 c=4 b=6 nu_cut=4 good=33 nongen=[] mism=0
Y?????~nVqMw\ozO???G?a?B??????C??G????Fw?@v??E{??NW??No? n=26 c=6 b=5 nu_cut=4 good=48 nongen=[] mism=0
W???Fm}ze{Noo??_B?C??G?????????D{?@}??z_?Fk??Zo n=24 c=5 b=5 nu_cut=4 good=48 nongen=[] mism=0
S??F~z{~@?C_@???G?C_??B{?No?^_?^_ n=20 c=4 b=4 nu_cut=4 good=34 nongen=[] mism=0
Y??????U}NP{Zo{WVSFw?@_??_???D???@??A?????^_?@}??B{??B{? n=26 c=7 b=4 nu_cut=4 good=54 nongen=[] mism=0
W??F~z{~????G?A?E????D??C???Rw?Tw?M[?Bt??\o?@m_ n=24 c=4 b=6 nu_cut=4 good=39 nongen=[] mism=0
W????AvzUu]gv_|OG_?O????a??C??A????~??No?@}??Fw n=24 c=6 b=4 nu_cut=4 good=40 nongen=[] mism=0
Y???B~]zb{]o???_@??O???AS?C???????Bl??}_?Fq??\W??fo??z_? n=26 c=5 b=6 nu_cut=4 good=47 nongen=[] mism=0
W???Fzynfk^_O???O??C?O??O?@O???D{?By??}_?Fk??^_ n=24 c=5 b=5 nu_cut=4 good=37 nongen=[] mism=0
Y??F~z{~C??_??O????O?O??G?C????\S?Ku?@^??^C??z_?A}??Aj_? n=26 c=4 b=7 nu_cut=4 good=54 nongen=[] mism=0
W??F~z{~AOO???@?A_?????A????Uw?Xw?J[?@^??^O??z_ n=24 c=4 b=6 nu_cut=4 good=45 nongen=[] mism=0
Y????BN]umXwn_nOG??G?O????D???_??G????Mw?@^??Fw??Jw??NW? n=26 c=6 b=5 nu_cut=4 good=44 nongen=[] mism=0
U???D~]~F[]o??_??_AO??_?o???Fw?Fw?B{??~? n=22 c=5 b=4 nu_cut=4 good=42 nongen=[] mism=0
W???B~{^d{^O@?G?GO?G?C????C????Fs?A}??v_?B{??Zo n=24 c=5 b=5 nu_cut=4 good=42 nongen=[] mism=0
Y???E|}zf[^_@?A????c?C_??????A????Az??to?FM??Uw??]o??z_? n=26 c=5 b=6 nu_cut=4 good=56 nongen=[] mism=0
Y??F~z{~A???C?@?@??O???@??C????E{?G}?B]??^C?@qo?@z??A}?? n=26 c=4 b=7 nu_cut=4 good=54 nongen=[] mism=0
W???F]}^e{^OC?C????G?A_@???G???F[?By??v_?B{??]o n=24 c=5 b=5 nu_cut=4 good=47 nongen=[] mism=0
U??F~z{~A?C?O?A???D??_???Ng?]o?Zo?Mw?B{? n=22 c=4 b=5 nu_cut=4 good=41 nongen=[] mism=0
Y???F^]|fs]oK???A?@??_?????O??G???Az??^_?Bm??Zo??}_??zO? n=26 c=5 b=6 nu_cut=4 good=44 nongen=[] mism=0
W??F~z{~??@_c?a????G????????ZW?Zg?I{?A}??]W?@v? n=24 c=4 b=6 nu_cut=4 good=44 nongen=[] mism=0
W??F~z{~??O?S?C???AG????G???^G?]W?Jw?BN??]o?@f_ n=24 c=4 b=6 nu_cut=4 good=47 nongen=[] mism=0
Y??F~z{~??C_??????C??A?@g??????Ts?Ku?Au_?^_?@NO?BJ_?@z?? n=26 c=4 b=7 nu_cut=4 good=49 nongen=[] mism=0
Y??????ZvpFs{o{g]cEV?AGA@??C?????O??@?????^_?@}??B{??B{? n=26 c=7 b=4 nu_cut=4 good=38 nongen=[] mism=0
W????B{lum]ojon_A??A??O?_??C?AO????~??No?@}??Fw n=24 c=6 b=4 nu_cut=4 good=40 nongen=[] mism=0
Y??????{llR[RwroK{Fb?AO?_?A???W?????G?????^_?@}??B{??B{? n=26 c=7 b=4 nu_cut=4 good=52 nongen=[] mism=0
S??F~z{~@O????Q?K?C???B{?No?^_?^_ n=20 c=4 b=4 nu_cut=4 good=33 nongen=[] mism=0
Y??????|czXw}GVoU[B\?A????????I??a??c?????^_?@}??B{??B{? n=26 c=7 b=4 nu_cut=4 good=54 nongen=[] mism=0
Y??????M~iUwewpwJsA|?A??@????@O??_??H?????^_?@}??B{??B{? n=26 c=7 b=4 nu_cut=4 good=49 nongen=[] mism=0
U??F~z{~??E???O?H????a???NW?]o?Vo?No?By? n=22 c=4 b=5 nu_cut=4 good=39 nongen=[] mism=0
Y???Fv]~Fk^O@??_A????@_?K?????????BN??uo?B]??Yw??{o??lo? n=26 c=5 b=6 nu_cut=4 good=44 nongen=[] mism=0
W????Bj{p}VWnO|_W??_????C??G??I????~??No?@}??Fw n=24 c=6 b=4 nu_cut=4 good=39 nongen=[] mism=0
W????@zVvULwrouo?_@_???AC?CG???????~??No?@}??Fw n=24 c=6 b=4 nu_cut=3 good=38 nongen=[] mism=0
W??F~z{~??B_C?????D?????_???Fw?ZW?H{?@}??VW?@n? n=24 c=4 b=6 nu_cut=4 good=39 nongen=[] mism=0
W????Bl\vq\ozO|_A_?_?a?????_??C????~??No?@}??Fw n=24 c=6 b=4 nu_cut=4 good=39 nongen=[] mism=0
W??F~z{~???_A?Q?C?B?????????Lw?^_?Fk?Az??Yw?@r_ n=24 c=4 b=6 nu_cut=4 good=46 nongen=[] mism=0
S??F~z{~A_O?O?G?O_????B{?No?^_?^_ n=20 c=4 b=4 nu_cut=4 good=34 nongen=[] mism=0
U??F~z{~?_C?C?????B??o???Ng?^_?Zo?No?Bm? n=22 c=4 b=5 nu_cut=4 good=39 nongen=[] mism=0
Y???F^y~D{]o?????o?_?G??E?C???????Bt??ro?Fq??Zo??yo??xo? n=26 c=5 b=6 nu_cut=4 good=49 nongen=[] mism=0
W??F~z{~?_?_??g????G?g??????Xw?^G?Js?@z??Lw?@t_ n=24 c=4 b=6 nu_cut=4 good=41 nongen=[] mism=0
Y????AzzViVgrov_H?@??@??A?????_??O????Lw??~??D{??Jw??Fw? n=26 c=6 b=5 nu_cut=4 good=43 nongen=[] mism=0
U???Fvmzb{No@?A?O?@_?C??A???Fw?Fw?B{??~? n=22 c=5 b=4 nu_cut=4 good=36 nongen=[] mism=0
Y??F~z{~??B?A?C????G????_?C????[s?Ji?BM_?Ng?@Jo?A|??Ay_? n=26 c=4 b=7 nu_cut=4 good=46 nongen=[] mism=0
Y????A|{t{\gn_yo@??A??_@A????AA???????Mw??~??Fs??Mw??No? n=26 c=6 b=5 nu_cut=4 good=54 nongen=[] mism=0
U???B}}zd{^_c?S????C??_A????Fw?Fw?B{??~? n=22 c=5 b=4 nu_cut=4 good=35 nongen=[] mism=0
S??F~z{~@_??a?G?B?????B{?No?^_?^_ n=20 c=4 b=4 nu_cut=4 good=32 nongen=[] mism=0
Y??F~z{~?GP???a??_???O?????????Fk?NS?Aj_?No?@bo?Af_?Bm?? n=26 c=4 b=7 nu_cut=4 good=52 nongen=[] mism=0
Y??F~z{~?_W?@?o??????G?????????X[?D{??|_?Q{?@\O?Bh_?Am_? n=26 c=4 b=7 nu_cut=4 good=54 nongen=[] mism=0
U???B~u~D{ZoO?W?A??K?A??????Fw?Fw?B{??~? n=22 c=5 b=4 nu_cut=4 good=41 nongen=[] mism=0
U???Fu}^d{]o??@??O?o?_?@G???Fw?Fw?B{??~? n=22 c=5 b=4 nu_cut=4 good=36 nongen=[] mism=0
Y??F~z{~E???????A??_???B_??????Jk?Li?BJ_?Tw?@z??@u_?@y_? n=26 c=4 b=7 nu_cut=3 good=50 nongen=[] mism=0
W???Fnmve{]oG_O??????C??G?@_???Fw?B{??|_?E{??No n=24 c=5 b=5 nu_cut=4 good=42 nongen=[] mism=0
Y??F~z{~?GG?a?C??????@????C????P{?Fs??|_?X[??nO?B\???v_? n=26 c=4 b=7 nu_cut=4 good=46 nongen=[] mism=0
Y????@^ytuFwto\o??CG?a?A?????????o????Mw??~??D{??Lw??No? n=26 c=6 b=5 nu_cut=4 good=53 nongen=[] mism=0
Y??F~z{~?G????_?G???????W?D????Rw?Lk?Bq_?L[?@z??@^??Bk_? n=26 c=4 b=7 nu_cut=4 good=53 nongen=[] mism=0
S??F~z{~??O?@?C?I?E???B{?No?^_?^_ n=20 c=4 b=4 nu_cut=4 good=34 nongen=[] mism=0
Y???Fvm|e{ZoP?A???@O????O????C????An??jo?B{??NW??^_??n_? n=26 c=5 b=6 nu_cut=4 good=38 nongen=[] mism=0
Y????ByzVYNW\oxo?_CA?A??O??G?????G????NW?@|??Fk??Jw??Lw? n=26 c=6 b=5 nu_cut=4 good=43 nongen=[] mism=0
Y??F~z{~?_????G?G_???S??_??????\S?Lq?@r_?]g??yo?Bi_??}_? n=26 c=4 b=7 nu_cut=4 good=45 nongen=[] mism=0
Y???Fvmvfs^_??P_??????????@_?C_???Bt??nO?Du??]o??~???n_? n=26 c=5 b=6 nu_cut=3 good=50 nongen=[] mism=0
U???E~]nb{^O??G?AO@??P??C???Fw?Fw?B{??~? n=22 c=5 b=4 nu_cut=4 good=39 nongen=[] mism=0
W???E}}zfs]oD???C?????_?S?@????B{?B]??}_?Fw??\o n=24 c=5 b=5 nu_cut=4 good=47 nongen=[] mism=0
Y??????q}N\on_dwRwBx????`?????o??`???G????^_?@}??B{??B{? n=26 c=7 b=4 nu_cut=4 good=52 nongen=[] mism=0
Y??????uvpLwNWloZKA|??GA??@G?@???@??O?????^_?@}??B{??B{? n=26 c=7 b=4 nu_cut=4 good=54 nongen=[] mism=0
W????@|^R{[wuoz_???A?__????K?CA????~??No?@}??Fw n=24 c=6 b=4 nu_cut=4 good=44 nongen=[] mism=0
Y????@}NumVW^Oyo@?????OB?????C???o????Ng?@v??F[??No??Jw? n=26 c=6 b=5 nu_cut=4 good=55 nongen=[] mism=0
Y??F~z{~??C???O????O?K??O?A????\g?LY?Al_?^G?@v??@f_?Az?? n=26 c=4 b=7 nu_cut=4 good=45 nongen=[] mism=0
W????@|vTuLw~?xoAO???G??G?C??A_????~??No?@}??Fw n=24 c=6 b=4 nu_cut=4 good=41 nongen=[] mism=0
U??F~z{~D?A???@?A?C??G???Fw?^O?Vo?Fw?By? n=22 c=4 b=5 nu_cut=4 good=35 nongen=[] mism=0
Y????BZyuyZo\o|OD?@??AO??????C???_????Fw?@^??Fk??Lw??Lw? n=26 c=6 b=5 nu_cut=4 good=53 nongen=[] mism=0
Y??F~z{~?_O_?????????_?@K??????Mw?Iy?BX_?Fs?@Uo?@{_?@{_? n=26 c=4 b=7 nu_cut=4 good=37 nongen=[] mism=0
W????BVjty]oVoNo???o??_?`?E????????~??No?@}??Fw n=24 c=6 b=4 nu_cut=4 good=41 nongen=[] mism=0
Y????@z|fYZo}O{oO????@_?C????????q????Mw?@^??Fw??No??Lw? n=26 c=6 b=5 nu_cut=4 good=53 nongen=[] mism=0
Y????Av|e{LwNoNo?????OOA??CA??O??_????NW?@}??F[??Mw??Lw? n=26 c=6 b=5 nu_cut=4 good=44 nongen=[] mism=0
W???Fm}^fw]oA?O??OAC?K?????????E{?Bm??|_?B{??^O n=24 c=5 b=5 nu_cut=4 good=41 nongen=[] mism=0
W???E}}zfw\oo?G?G??O?C??C??????B{?B]??~??Fk??^O n=24 c=5 b=5 nu_cut=4 good=43 nongen=[] mism=0
U???Fnu~E{^_??K?G??G?A?AA???Fw?Fw?B{??~? n=22 c=5 b=4 nu_cut=4 good=30 nongen=[] mism=0
U??F~z{~??H?c?A???A??C???Lw?^O?]o?Fw?A}? n=22 c=4 b=5 nu_cut=4 good=39 nongen=[] mism=0
W??F~z{~C?C?A???G??_????o???]W?Tw?No?B{??[w??n_ n=24 c=4 b=6 nu_cut=4 good=48 nongen=[] mism=0
Y????@zvemNgyo^OAG@C???????G??C?A?????Fw?@^??Fw??No??Mw? n=26 c=6 b=5 nu_cut=4 good=42 nongen=[] mism=0
Y??????t^LB{wwjoVSFU?S???????@_???_?S?????^_?@}??B{??B{? n=26 c=7 b=4 nu_cut=4 good=49 nongen=[] mism=0
W???B~]~FkNo??C??O?S?a????C????Fk?A}??z_?F[??]o n=24 c=5 b=5 nu_cut=4 good=47 nongen=[] mism=0
U??F~z{~?O@?G?C??_?G?G???Fw?]o?]o?No?By? n=22 c=4 b=5 nu_cut=4 good=36 nongen=[] mism=0
U??F~z{~??????D?O?@G?g???Jw?^O?^_?Mw?B]? n=22 c=4 b=5 nu_cut=4 good=38 nongen=[] mism=0
U??F~z{~CGG?O?K?C????????Lw?No?Zo?Mw?B{? n=22 c=4 b=5 nu_cut=4 good=35 nongen=[] mism=0
W???F^m^d{^O??@?A_@??_??A?A????Fs?By??v_?E{??No n=24 c=5 b=5 nu_cut=4 good=38 nongen=[] mism=0
Y??F~z{~??C?A?G??_???A?A??C????[w?Li?A\_?B{?@N_?Af_?Bk_? n=26 c=4 b=7 nu_cut=4 good=38 nongen=[] mism=0
U???Fn]vf[^OI??_???G?K?A????Fw?Fw?B{??~? n=22 c=5 b=4 nu_cut=4 good=42 nongen=[] mism=0
Y??????u\rVcygYwMsD{?_O?B????????E??O?????^_?@}??B{??B{? n=26 c=7 b=4 nu_cut=4 good=45 nongen=[] mism=0
S??F~z{~?GO???G?O_B???B{?No?^_?^_ n=20 c=4 b=4 nu_cut=4 good=33 nongen=[] mism=0
U??F~z{~?oC?A?S?O????????No?\o?\o?Fw?B]? n=22 c=4 b=5 nu_cut=4 good=41 nongen=[] mism=0
U??F~z{~?_C?D?_???A??G???Lw?^O?Zo?No?A}? n=22 c=4 b=5 nu_cut=4 good=41 nongen=[] mism=0
W???D~u^b{]oA?G?@??_?@?A???C???Fw?B]??v_?Fw??^O n=24 c=5 b=5 nu_cut=4 good=33 nongen=[] mism=0
Y????Brtt{]o]o^_@??A?A?????I?A???_????Mw?@n??D{??Fw??NW? n=26 c=6 b=5 nu_cut=4 good=55 nongen=[] mism=0
Y???B~y^fk^_?_G?I?CO???????G??????@z??uo?By??Lw??ro??fo? n=26 c=5 b=6 nu_cut=4 good=44 nongen=[] mism=0
W??F~z{~E???P?@?C????A??????ZW?\g?NS?@v??Zo??z_ n=24 c=4 b=6 nu_cut=4 good=40 nongen=[] mism=0
Y???E}}^f[]o_??_W??_???????O??G???BV??~??@}??Yw??yo??}_? n=26 c=5 b=6 nu_cut=4 good=56 nongen=[] mism=0
U???Fz]}f[NoG?A_??A_?_??A???Fw?Fw?B{??~? n=22 c=5 b=4 nu_cut=4 good=41 nongen=[] mism=0
S??F~z{~E???E?a????_??B{?No?^_?^_ n=20 c=4 b=4 nu_cut=4 good=32 nongen=[] mism=0
Y????BrnS}VWyovOG??W??_?_???????@A????No?@v??F[??Jw??NW? n=26 c=6 b=5 nu_cut=4 good=44 nongen=[] mism=0
Y???Fnu}d{^_G?_?@?A???_@??????G???By??jo?Fk??Fw??{o??uo? n=26 c=5 b=6 nu_cut=4 good=44 nongen=[] mism=0
W????BZ}VMRwv_jo???G????H?@_?@_????~??No?@}??Fw n=24 c=6 b=4 nu_cut=4 good=46 nongen=[] mism=0
Y??F~z{~A???D???C?C??G????C????U[?L[?@|??Mk?@io?BJ_?BY_? n=26 c=4 b=7 nu_cut=4 good=45 nongen=[] mism=0
Y????A|xuyVo^_moOG@??Q?@?????????O????NW??~??Fw??Ng??Lw? n=26 c=6 b=5 nu_cut=4 good=55 nongen=[] mism=0
Y???Fv{nb{Zo@?_???@c?_???????A????BV??ro?D]??]o??No??Zo? n=26 c=5 b=6 nu_cut=4 good=53 nongen=[] mism=0
Y??????xq}ZWZWnG\K@n?OG?C??_??S??O????????^_?@}??B{??B{? n=26 c=7 b=4 nu_cut=4 good=52 nongen=[] mism=0
Y??F~z{~?GC?G?A?O???????O??G???U[?LY??v_?NW?@v???n_?BX_? n=26 c=4 b=7 nu_cut=4 good=54 nongen=[] mism=0
U???Fl}nd{^OQ???G?AG?C??_???Fw?Fw?B{??~? n=22 c=5 b=4 nu_cut=4 good=38 nongen=[] mism=0
W??F~z{~???_??S?M???????C???Uw?Uw?Mw?Bf??\o?@^? n=24 c=4 b=6 nu_cut=3 good=38 nongen=[] mism=0
U??F~z{~?OO?@?_?A?A??@???Mw?Vo?Zo?Ng?By? n=22 c=4 b=5 nu_cut=4 good=36 nongen=[] mism=0
S??F~z{~?gA???_?S?@???B{?No?^_?^_ n=20 c=4 b=4 nu_cut=4 good=33 nongen=[] mism=0
W???E~y^f[^_?_H??_???C??O?C????Fk?Bm??~??Fk??Vo n=24 c=5 b=5 nu_cut=4 good=43 nongen=[] mism=0
Y??F~z{~?G??A?????C??G??o?A????Mk?Im?BJ_?Nc?@z??A\_?@}?? n=26 c=4 b=7 nu_cut=4 good=54 nongen=[] mism=0
Y????BNlr{^_vO|_O????C????B???E??A????Lw?@^??Fk??Ng??Ng? n=26 c=6 b=5 nu_cut=4 good=48 nongen=[] mism=0
Y??????ne]Rskw^O]WD\?A?@??A???`?@C????????^_?@}??B{??B{? n=26 c=7 b=4 nu_cut=4 good=44 nongen=[] mism=0
W??F~z{~C_@?????G?@????@O???No?VW?B{?Br??Uw??~? n=24 c=4 b=6 nu_cut=4 good=40 nongen=[] mism=0
Y??F~z{~Cg??A?G?@????@?????????Jk?Lw?@t_?M[?@\O?@l_?Bk_? n=26 c=4 b=7 nu_cut=4 good=44 nongen=[] mism=0
W???Fu}}e{^_??S?@????__?C?A????D{?B]??}_?Fk??Vo n=24 c=5 b=5 nu_cut=4 good=42 nongen=[] mism=0
W???E~{nfw]oC??_?_C???_?G?@????Fk?B]??~??Fk??\o n=24 c=5 b=5 nu_cut=4 good=43 nongen=[] mism=0
S??F~z{~@O??E?S???A???B{?No?^_?^_ n=20 c=4 b=4 nu_cut=4 good=32 nongen=[] mism=0
Y??????j\mX[fg}_T[A}?H??O?AA?A???O????????^_?@}??B{??B{? n=26 c=7 b=4 nu_cut=4 good=51 nongen=[] mism=0
U???Fu}zf[^OC?S?O??G???@_???Fw?Fw?B{??~? n=22 c=5 b=4 nu_cut=4 good=35 nongen=[] mism=0
Y???Fy}ze{ZoO_????A??G_A???_??????@}??to?Fe??Lw??uo??nO? n=26 c=5 b=6 nu_cut=4 good=50 nongen=[] mism=0
Y??F~z{~C?A?_???G?A??@??C??????M[?Bm?Bs_?Q{??to?BL_?B]?? n=26 c=4 b=7 nu_cut=4 good=54 nongen=[] mism=0
Y???Fy}^d{^O@?_??OA????A?????@O???Bj??^_?Fk??Fw??}O??vO? n=26 c=5 b=6 nu_cut=4 good=49 nongen=[] mism=0
W???D}}}e{^_O?E????G????c?A????Fs?B{??n_?B{??^_ n=24 c=5 b=5 nu_cut=4 good=42 nongen=[] mism=0
W???D|}^e{Vo_?_?O?A??O?????g???Fw?By??n_?D{??]o n=24 c=5 b=5 nu_cut=3 good=42 nongen=[] mism=0
Y??F~z{~????G?_??_???K??W??????Xk?Km?A{_?S{??xo?B{??BM_? n=26 c=4 b=7 nu_cut=4 good=45 nongen=[] mism=0
Y??????}`^B{UwyWQ{A}?_??O??@??G??C??W?????^_?@}??B{??B{? n=26 c=7 b=4 nu_cut=4 good=38 nongen=[] mism=0
Y????A|yu{^Gv_\o@O?C???????I?B????????Fw?@|??Fs??NW??Jw? n=26 c=6 b=5 nu_cut=4 good=54 nongen=[] mism=0
Y???F]}vfsVoO?C????g?g?????G??????@v??Zo?Fi??Fw??xo??ro? n=26 c=5 b=6 nu_cut=4 good=41 nongen=[] mism=0
Y????BZxruVoz_\oA?@_?O?A???A??A???????No?@n??E{??Jw??Ng? n=26 c=6 b=5 nu_cut=4 good=49 nongen=[] mism=0
W??F~z{~A?H?G????_???C??O???Xw?Jw?Jw?Bl??Jw?@Z_ n=24 c=4 b=6 nu_cut=4 good=40 nongen=[] mism=0
Y????AvfruZW^O{oGO?O?@??G?A???G???????Fw??~??Fk??Mw??NW? n=26 c=6 b=5 nu_cut=4 good=48 nongen=[] mism=0
S??F~z{~?OO?g?H?@?????B{?No?^_?^_ n=20 c=4 b=4 nu_cut=4 good=33 nongen=[] mism=0
S??F~z{~@OB?_?O???@???B{?No?^_?^_ n=20 c=4 b=4 nu_cut=4 good=35 nongen=[] mism=0
W????@nxviZoz_mo@??_?AO@C?@????????~??No?@}??Fw n=24 c=6 b=4 nu_cut=4 good=40 nongen=[] mism=0
U??F~z{~B?@???G?O?C??@???Fw?^O?]o?Lw?B{? n=22 c=4 b=5 nu_cut=4 good=41 nongen=[] mism=0
U??F~z{~@??_D?_?C????C???Lw?No?Zo?Fw?By? n=22 c=4 b=5 nu_cut=4 good=36 nongen=[] mism=0
U???D~{nfkZoO_A????O?c??A???Fw?Fw?B{??~? n=22 c=5 b=4 nu_cut=4 good=34 nongen=[] mism=0
S??F~z{~C???g?O?@??W??B{?No?^_?^_ n=20 c=4 b=4 nu_cut=4 good=34 nongen=[] mism=0
S??F~z{~CO@?K?????@_??B{?No?^_?^_ n=20 c=4 b=4 nu_cut=4 good=32 nongen=[] mism=0
U??F~z{~C_O?O?@?G????G???Fw?\o?\o?Jw?By? n=22 c=4 b=5 nu_cut=4 good=35 nongen=[] mism=0
Y??F~z{~??Q???@????_?O?@??@????[s?Nc?Bh_?VS?@]_?@\_?Ar_? n=26 c=4 b=7 nu_cut=4 good=38 nongen=[] mism=0
W??F~z{~?G????O????O?G?@S???^_?Vo?B{?@v??\W?@z? n=24 c=4 b=6 nu_cut=4 good=44 nongen=[] mism=0
Y????A^\u]RwyozO?????c??A??O?B???C????Fw?@^??E{??Lw??Ng? n=26 c=6 b=5 nu_cut=4 good=42 nongen=[] mism=0
Y????B]nb{\WNomoO??G?OO@??@??????@????Lw?@|??Fk??Jw??Jw? n=26 c=6 b=5 nu_cut=4 good=50 nongen=[] mism=0
U???F^yze{VoC???C??C?Q?AO???Fw?Fw?B{??~? n=22 c=5 b=4 nu_cut=4 good=41 nongen=[] mism=0
S??F~z{~@_??@?c???B???B{?No?^_?^_ n=20 c=4 b=4 nu_cut=4 good=34 nongen=[] mism=0
S??F~z{~@_O?g?@?G?????B{?No?^_?^_ n=20 c=4 b=4 nu_cut=4 good=35 nongen=[] mism=0
U??F~z{~???_K?_?C?A??@???Lw?No?^O?Lw?Bm? n=22 c=4 b=5 nu_cut=4 good=41 nongen=[] mism=0
Y??F~z{~?g@?O?O???C??A?????????K{?NE?Az??B{??|O?B[_?Bd_? n=26 c=4 b=7 nu_cut=4 good=52 nongen=[] mism=0
W????B{yt]Twuo|_?????CO?S??O?AC????~??No?@}??Fw n=24 c=6 b=4 nu_cut=4 good=47 nongen=[] mism=0
U???Fu}~E{^O??K?H??G??_?C???Fw?Fw?B{??~? n=22 c=5 b=4 nu_cut=4 good=40 nongen=[] mism=0
W????@nft{ZW]o}_??@G??O?@?A??B?????~??No?@}??Fw n=24 c=6 b=4 nu_cut=4 good=40 nongen=[] mism=0
Y??F~z{~A?C???a??????O??_??O???Mw?C}?BY_?Ts?@]O?A{_?BN?? n=26 c=4 b=7 nu_cut=4 good=45 nongen=[] mism=0
Y??F~z{~C???G?O???BO????G??????Lk?A}?Am_?]W?@lO?AZ_?Bi_? n=26 c=4 b=7 nu_cut=4 good=43 nongen=[] mism=0
W??F~z{~?GO_????D?@????A????NW?Mw?Ng?Bu??Fw?@^? n=24 c=4 b=6 nu_cut=4 good=33 nongen=[] mism=0
S??F~z{~B??_G?A????o??B{?No?^_?^_ n=20 c=4 b=4 nu_cut=4 good=34 nongen=[] mism=0
Y???E}}zd{NoC??_?_@??O??O?C???????Bl??lo?Ey??Uw??Vo??mo? n=26 c=5 b=6 nu_cut=4 good=44 nongen=[] mism=0
Y????Bmru{Tw]ovO???_?p?????C?????`????No?@n??E{??Jw??Mw? n=26 c=6 b=5 nu_cut=4 good=38 nongen=[] mism=0
W??F~z{~?_C???A?O??g???@????]o?[w?Mk?Az??ZW??z_ n=24 c=4 b=6 nu_cut=4 good=41 nongen=[] mism=0
S??F~z{~@?P?E?_??_????B{?No?^_?^_ n=20 c=4 b=4 nu_cut=4 good=35 nongen=[] mism=0
U??F~z{~??D?@?c????_?@???Jw?Vo?^_?No?Bm? n=22 c=4 b=5 nu_cut=4 good=35 nongen=[] mism=0
S??F~z{~?gO?A?E??_????B{?No?^_?^_ n=20 c=4 b=4 nu_cut=4 good=34 nongen=[] mism=0
Y??????rujNS\W^GQ{@|?O??G?C?????A@??AO????^_?@}??B{??B{? n=26 c=7 b=4 nu_cut=4 good=52 nongen=[] mism=0
W???Fz]|fsNoQ?@??_???G?A???O???Fk?Bu??n_?B{??^_ n=24 c=5 b=5 nu_cut=4 good=42 nongen=[] mism=0
Y????B\mq}\gZoxoE??_????_?A???G??A????Mw?@n??B{??Ng??Jw? n=26 c=6 b=5 nu_cut=4 good=56 nongen=[] mism=0
Y????@vlvU\g^Ov_DGA??C????C???G???????NW??~??B{??Jw??Jw? n=26 c=6 b=5 nu_cut=4 good=47 nongen=[] mism=0
Y???Fu}|f[^_c?@?????????c?????S???@n??n_?A}??VW??jo??}_? n=26 c=5 b=6 nu_cut=4 good=49 nongen=[] mism=0
W????BN}e]NWnOVoC??_?S?????A?CC????~??No?@}??Fw n=24 c=6 b=4 nu_cut=4 good=40 nongen=[] mism=0
W???F^]zfs^OO?@??_???C_A???O???Fk?B]??^_?F[??^O n=24 c=5 b=5 nu_cut=4 good=43 nongen=[] mism=0
Y??????}UjFwZW]WZoB\?_?A???_??D?????`?????^_?@}??B{??B{? n=26 c=7 b=4 nu_cut=4 good=44 nongen=[] mism=0
W???Fn{nfk^OG??_I????_??A??O???Fw?B]??^_?B{??Zo n=24 c=5 b=5 nu_cut=4 good=37 nongen=[] mism=0
Y??????x^RRs\gv_XwFe?E??A_????B??_????????^_?@}??B{??B{? n=26 c=7 b=4 nu_cut=4 good=53 nongen=[] mism=0
W????BunQ}\gz_|OAOB????A??????E????~??No?@}??Fw n=24 c=6 b=4 nu_cut=4 good=47 nongen=[] mism=0
Y??F~z{~DO??????O?A??O?????O???^_?Bm?@V_?^_?@po?@l_??}_? n=26 c=4 b=7 nu_cut=4 good=51 nongen=[] mism=0
Y????@zvV[Mwv_loO?A???_???C??@???c????Jw?@z??Fw??Jw??Mw? n=26 c=6 b=5 nu_cut=4 good=49 nongen=[] mism=0
Y????@nmp}]ouoyoC??_?A??O??A??G?@?????Lw?@^??F[??Lw??Mw? n=26 c=6 b=5 nu_cut=4 good=39 nongen=[] mism=0
Y????BmvVqVovOxo?G?O?O??c?@??????A????NW?@v??Fs??No??Fw? n=26 c=6 b=5 nu_cut=4 good=49 nongen=[] mism=0
U??F~z{~@?O?@?_?C??O?O???NW?]o?^O?No?By? n=22 c=4 b=5 nu_cut=4 good=30 nongen=[] mism=0
W??F~z{~C_????w????G?C??????\o?^O?Js?@|??Tw??v_ n=24 c=4 b=6 nu_cut=4 good=45 nongen=[] mism=0
W???F^]vfs^O??Q??O???@??_?CG???D{?B{??v_?Fk??^O n=24 c=5 b=5 nu_cut=4 good=42 nongen=[] mism=0
Y????Az~DmZguoto?OAG?G??G?????G??_????Jw?@z??F[??Mw??Ng? n=26 c=6 b=5 nu_cut=4 good=49 nongen=[] mism=0
U???B}}|f[]o__g?G????B??????Fw?Fw?B{??~? n=22 c=5 b=4 nu_cut=4 good=36 nongen=[] mism=0
Y??F~z{~????R????????_??S??O???Xk?MY?B[_?Yw?@do?@{_?A|?? n=26 c=4 b=7 nu_cut=4 good=42 nongen=[] mism=0
U???Fv]~Fk^_A_?????K?A??c???Fw?Fw?B{??~? n=22 c=5 b=4 nu_cut=4 good=38 nongen=[] mism=0
Y??????~Av\S{Wv_RsEu?GG??_@??@A??C????????^_?@}??B{??B{? n=26 c=7 b=4 nu_cut=4 good=36 nongen=[] mism=0
U??F~z{~C???_?I?@?A_?????Mw?Zo?No?Ng?B]? n=22 c=4 b=5 nu_cut=4 good=35 nongen=[] mism=0
W??F~z{~A?A?@???G??O???AO???Vo?^O?Jw?BZ??Vg??z_ n=24 c=4 b=6 nu_cut=4 good=40 nongen=[] mism=0
S??F~z{~A?G?E???A_?G??B{?No?^_?^_ n=20 c=4 b=4 nu_cut=4 good=33 nongen=[] mism=0
Y??F~z{~@?G?C??????G?C????CG???X[?Bu?@v??M[?@v??A|??@V_? n=26 c=4 b=7 nu_cut=4 good=45 nongen=[] mism=0
Y??F~z{~??O?O?C???A_???A???O???Zo?Hu?@j_?Yw?@To?Au_?BR_? n=26 c=4 b=7 nu_cut=4 good=45 nongen=[] mism=0
S??F~z{~?OQ?_???G?AO??B{?No?^_?^_ n=20 c=4 b=4 nu_cut=4 good=33 nongen=[] mism=0
Y??????ZrlFsmojW^OEf?OG?C_????W??O????????^_?@}??B{??B{? n=26 c=7 b=4 nu_cut=4 good=52 nongen=[] mism=0
U??F~z{~AOO???O?C?CO?????NW?Vo?Vo?Ng?@}? n=22 c=4 b=5 nu_cut=4 good=35 nongen=[] mism=0
Y????BZ}Ru^_toto??C??H??_?@???A??A????Jw?@z??B{??Lw??Ng? n=26 c=6 b=5 nu_cut=4 good=46 nongen=[] mism=0
Y????B{}fs\WjonO?O?G?@O@???G?????@????Lw?@z??Fk??No??Lw? n=26 c=6 b=5 nu_cut=4 good=50 nongen=[] mism=0
W????@nnU]Tw^O^OOO?c?W????A????????~??No?@}??Fw n=24 c=6 b=4 nu_cut=4 good=33 nongen=[] mism=0
Y??????Y}jK{ZgLwR[D{?A?A???Q??G?????K?????^_?@}??B{??B{? n=26 c=7 b=4 nu_cut=4 good=45 nongen=[] mism=0
Y??????U|]P{}_|G]oDt?E????@A??A?@????G????^_?@}??B{??B{? n=26 c=7 b=4 nu_cut=4 good=53 nongen=[] mism=0
S??F~z{~?OE?????S?CO??B{?No?^_?^_ n=20 c=4 b=4 nu_cut=4 good=32 nongen=[] mism=0
Y???Fz]|fk^O_?@????C?G?????o?@????BV??|_?Ey??Vo??Zo??~?? n=26 c=5 b=6 nu_cut=4 good=44 nongen=[] mism=0
Y???Fn]vfwVo?_P???@o?O????????????Bu??xo?B]??\g??lo??mo? n=26 c=5 b=6 nu_cut=4 good=44 nongen=[] mism=0
Y??????\jZ[[{WdwFwDu?C??G?A???S??G_???????^_?@}??B{??B{? n=26 c=7 b=4 nu_cut=4 good=50 nongen=[] mism=0
S??F~z{~?GA_??C?H?A???B{?No?^_?^_ n=20 c=4 b=4 nu_cut=4 good=33 nongen=[] mism=0
U???Fm}~F[ZoK??_W??G????A???Fw?Fw?B{??~? n=22 c=5 b=4 nu_cut=4 good=40 nongen=[] mism=0
S??F~z{~?_K?C???O_A???B{?No?^_?^_ n=20 c=4 b=4 nu_cut=4 good=33 nongen=[] mism=0
U??F~z{~E???_?G?@?@??A???Fw?No?Zo?No?A}? n=22 c=4 b=5 nu_cut=4 good=40 nongen=[] mism=0
U??F~z{~??P?O?O?@??G?@???Mw?]o?Vo?Jw?@}? n=22 c=4 b=5 nu_cut=4 good=40 nongen=[] mism=0
S??F~z{~@G??`?O?B?????B{?No?^_?^_ n=20 c=4 b=4 nu_cut=4 good=35 nongen=[] mism=0
U??F~z{~C?D_C?B??????????Jw?Vo?^O?Mw?B]? n=22 c=4 b=5 nu_cut=4 good=38 nongen=[] mism=0
S??F~z{~??O_C?@?I??O??B{?No?^_?^_ n=20 c=4 b=4 nu_cut=4 good=34 nongen=[] mism=0
Y??F~z{~@?O?@???C????a??G??????NW?FU?A]_?Fk?@jO?BL_?Bx?? n=26 c=4 b=7 nu_cut=4 good=53 nongen=[] mism=0
S??F~z{~?G??W?C?B??O??B{?No?^_?^_ n=20 c=4 b=4 nu_cut=4 good=34 nongen=[] mism=0
Y??????T}u[wzG]oE{Fe?B??C????@??A???AG????^_?@}??B{??B{? n=26 c=7 b=4 nu_cut=4 good=46 nongen=[] mism=0
Y??F~z{~?_?_O?_?S???????C??????Ts?E]??^_?Fk?@jO?Bj??Bb_? n=26 c=4 b=7 nu_cut=4 good=45 nongen=[] mism=0
Y????Bu|Q}FwxozO@??_?O_????A??O??A????Mw?@n??Fs??No??No? n=26 c=6 b=5 nu_cut=4 good=49 nongen=[] mism=0
W???F^]~FwZo????D??G?c??A?A????Fk?@}??|_?F[??Zo n=24 c=5 b=5 nu_cut=4 good=37 nongen=[] mism=0
W??F~z{~?OA???@?G?C??A??C???NW?]o?NS?Br??Fw?@V_ n=24 c=4 b=6 nu_cut=4 good=41 nongen=[] mism=0
S??F~z{~@OQ?a?O???????B{?No?^_?^_ n=20 c=4 b=4 nu_cut=4 good=34 nongen=[] mism=0
Y??F~z{~C???_?I?G??O?C?????????ZS?M[?Al_?Tk??\o?@\_?@t_? n=26 c=4 b=7 nu_cut=4 good=45 nongen=[] mism=0
Y???Ft}}d{^_??`?O????C????A??@O???Bt??jo?Dm??\o??Vo??|_? n=26 c=5 b=6 nu_cut=4 good=43 nongen=[] mism=0
W??F~z{~??????_?O?@??I??S???^G?\g?NW?Bu??VW?@r_ n=24 c=4 b=6 nu_cut=4 good=40 nongen=[] mism=0
Y??F~z{~?O?_??O?D??G??????C????Ms?MM?Az??NW?@Fo?BF_?B\?? n=26 c=4 b=7 nu_cut=4 good=53 nongen=[] mism=0
W???Fvm|f[]o?_Q????_?@??C??_???D{?A}??v_?F[??^_ n=24 c=5 b=5 nu_cut=4 good=43 nongen=[] mism=0
S??F~z{~A?C?o???P?@???B{?No?^_?^_ n=20 c=4 b=4 nu_cut=4 good=33 nongen=[] mism=0
S??F~z{~@?C_a??????o??B{?No?^_?^_ n=20 c=4 b=4 nu_cut=4 good=33 nongen=[] mism=0
W????BxVt{NWlojoW??g?O????????W????~??No?@}??Fw n=24 c=6 b=4 nu_cut=4 good=45 nongen=[] mism=0
W???F^{zd{Zo?_H???@O?C??A??????Fs?By??n_?F[??Zo n=24 c=5 b=5 nu_cut=4 good=38 nongen=[] mism=0
W???Fn]~B{^OA_?_???_???@???W???D{?@}??~??Fs??Vo n=24 c=5 b=5 nu_cut=4 good=43 nongen=[] mism=0
Y??????^LrJkxouo[sDZ?@???_A??CC??@??A?????^_?@}??B{??B{? n=26 c=7 b=4 nu_cut=4 good=46 nongen=[] mism=0
W????Anzby]oNonOGO???C??B??Q???????~??No?@}??Fw n=24 c=6 b=4 nu_cut=4 good=40 nongen=[] mism=0
W???B~]~Fs\o??_?A????S?A_??G???Fk?Bu??}_?E{??Vo n=24 c=5 b=5 nu_cut=4 good=47 nongen=[] mism=0
Y????BrZuuUw|O~?C??o?B???????A???C????NW?@v??D{??Jw??Lw? n=26 c=6 b=5 nu_cut=4 good=55 nongen=[] mism=0
Y??????N^k\KqwtgH{FF?A????@G??c??@??@?????^_?@}??B{??B{? n=26 c=7 b=4 nu_cut=4 good=46 nongen=[] mism=0
W????AnvP}ZgnOroW??????@A??C?@_????~??No?@}??Fw n=24 c=6 b=4 nu_cut=4 good=40 nongen=[] mism=0
U??F~z{~C?O?C???@?@G?G???Jw?^O?\o?Lw?@}? n=22 c=4 b=5 nu_cut=4 good=41 nongen=[] mism=0
W??F~z{~@?????C?S?A??C?@????\o?No?NK?B{??]g?@u_ n=24 c=4 b=6 nu_cut=4 good=34 nongen=[] mism=0
W???Fz{nb{]oG?O?A??C??_?A??G???F[?@}??^_?Fw??^_ n=24 c=5 b=5 nu_cut=4 good=33 nongen=[] mism=0
S??F~z{~C?D?@?O???@O??B{?No?^_?^_ n=20 c=4 b=4 nu_cut=4 good=36 nongen=[] mism=0
Y??????]\mLsfWZg^OEZ?G_AC??_?C??????O?????^_?@}??B{??B{? n=26 c=7 b=4 nu_cut=4 good=53 nongen=[] mism=0
Y???Fz]nd{\o??C???C??G?@??@o??????BV??}O?FY??Rw??nO??yo? n=26 c=5 b=6 nu_cut=4 good=46 nongen=[] mism=0
Y??F~z{~A_?_I?@????O???????????P{?Bm?BJ_?Zc??uo?@t_??~?? n=26 c=4 b=7 nu_cut=4 good=51 nongen=[] mism=0
W??F~z{~?G????I?O??G?_??_???\W?]o?E{?@^??^_?@f_ n=24 c=4 b=6 nu_cut=4 good=46 nongen=[] mism=0
Y??F~z{~???__?E?????????_?A_???W{?F[?Az??\c?@eo?AV_?A}?? n=26 c=4 b=7 nu_cut=4 good=54 nongen=[] mism=0
W???Fn]^fsZoO???O??W?G_???@????Fk?B]??z_?D{??Zo n=24 c=5 b=5 nu_cut=4 good=42 nongen=[] mism=0
S??F~z{~@?A?`?O?Q?????B{?No?^_?^_ n=20 c=4 b=4 nu_cut=4 good=35 nongen=[] mism=0
Y?????~tv[]g|Ofo@O???_??H?@C??????????Mw?@z??Fs??Fw??Mw? n=26 c=6 b=5 nu_cut=4 good=54 nongen=[] mism=0
Y?????~rvqYw^_Zo?G?_???A??@G??O??O????NW??~??Fk??No??Ng? n=26 c=6 b=5 nu_cut=4 good=48 nongen=[] mism=0
W??F~z{~??A?_?p?I???????????\g?^_?M[?Bf??Rw?@l_ n=24 c=4 b=6 nu_cut=4 good=44 nongen=[] mism=0
S??F~z{~C?D?E???A?A???B{?No?^_?^_ n=20 c=4 b=4 nu_cut=4 good=35 nongen=[] mism=0
W???Fm}^d{\oO??_???_?@??G?B????Fs?By??|_?Fw??Zo n=24 c=5 b=5 nu_cut=4 good=43 nongen=[] mism=0
W??F~z{~????_?O?K??G????W???]g?Zg?Ng?Bm??Uw?@z? n=24 c=4 b=6 nu_cut=4 good=47 nongen=[] mism=0
U??F~z{~C??_c?O?A?@??????Mw?^O?Zo?Jw?@}? n=22 c=4 b=5 nu_cut=4 good=42 nongen=[] mism=0
S??F~z{~?OC?_?g??_?_??B{?No?^_?^_ n=20 c=4 b=4 nu_cut=4 good=36 nongen=[] mism=0
W?????~yvMZW^_{o?gC_???????_?@G????~??No?@}??Fw n=24 c=6 b=4 nu_cut=4 good=45 nongen=[] mism=0
U??F~z{~?GC?O???@?AO?_???Ng?]o?\o?Lw?B]? n=22 c=4 b=5 nu_cut=4 good=36 nongen=[] mism=0
U??F~z{~A??_A?G???A??I???Fw?Vo?^_?Lw?@}? n=22 c=4 b=5 nu_cut=4 good=36 nongen=[] mism=0
W???Fz{zfs\oO?G??O?O?_??O??G???Fk?@}??~??Fs??^_ n=24 c=5 b=5 nu_cut=4 good=33 nongen=[] mism=0
W????Bm}fqXwzO\o?G@_?@?????_??I????~??No?@}??Fw n=24 c=6 b=4 nu_cut=4 good=45 nongen=[] mism=0
S??F~z{~?GO?A?K?A??O??B{?No?^_?^_ n=20 c=4 b=4 nu_cut=4 good=35 nongen=[] mism=0
U??F~z{~?GG???O?@?CO?C???Lw?No?^_?No?By? n=22 c=4 b=5 nu_cut=4 good=35 nongen=[] mism=0
W??F~z{~????_?G?S??_?A??G???]o?Mw?Mk?A^??Tw?@m_ n=24 c=4 b=6 nu_cut=4 good=47 nongen=[] mism=0
W????Bj|VU]ouoto???I?@_?C??_??O????~??No?@}??Fw n=24 c=6 b=4 nu_cut=4 good=38 nongen=[] mism=0
S??F~z{~@OO???@?A?CO??B{?No?^_?^_ n=20 c=4 b=4 nu_cut=4 good=35 nongen=[] mism=0
Y??????NlxF[^_v_TkEN?K??A?????B?@@????????^_?@}??B{??B{? n=26 c=7 b=4 nu_cut=4 good=45 nongen=[] mism=0
Y??????ur]Ts{o[wFwEj?c?@?_?@?@??????A?????^_?@}??B{??B{? n=26 c=7 b=4 nu_cut=4 good=53 nongen=[] mism=0
Y????B{za}Rw~?xoD?C?????_?A???A??O????Jw??~??Fw??Ng??Ng? n=26 c=6 b=5 nu_cut=4 good=43 nongen=[] mism=0
S??F~z{~C_??O?G?A?B???B{?No?^_?^_ n=20 c=4 b=4 nu_cut=4 good=33 nongen=[] mism=0
Y??????uu]F[vOmgU[A}?@G????@?A??@???H?????^_?@}??B{??B{? n=26 c=7 b=4 nu_cut=4 good=45 nongen=[] mism=0
Y????@^]u]]o|O|O@_@?????G??_?@A???????NW??~??Fs??Mw??Mw? n=26 c=6 b=5 nu_cut=4 good=49 nongen=[] mism=0
U??F~z{~?_??a?G???D??C???Lw?\o?^O?Jw?B]? n=22 c=4 b=5 nu_cut=4 good=39 nongen=[] mism=0
Y???B~{}b{]o_?G_???K?O??C?????????An??xo?Eu??Tw??\o??fo? n=26 c=5 b=6 nu_cut=4 good=49 nongen=[] mism=0
S??F~z{~@?P?A?D??_????B{?No?^_?^_ n=20 c=4 b=4 nu_cut=4 good=34 nongen=[] mism=0
U??F~z{~@??_C?C?@??O?_???Jw?No?Vo?Mw?Bu? n=22 c=4 b=5 nu_cut=4 good=36 nongen=[] mism=0
U???D~y~FsNoG_o????G?C_?????Fw?Fw?B{??~? n=22 c=5 b=4 nu_cut=4 good=35 nongen=[] mism=0
Y??F~z{~???_G?????@??C?B???_???VS?No?A|??Nc?@l_?AV_?BM_? n=26 c=4 b=7 nu_cut=4 good=52 nongen=[] mism=0
W????BZZvs\WtoVo?????`??O?@_?@A????~??No?@}??Fw n=24 c=6 b=4 nu_cut=4 good=40 nongen=[] mism=0
Y????ByVvM^_{o{o?O?a?@????C???O??@????Lw??~??D{??Lw??Ng? n=26 c=6 b=5 nu_cut=4 good=37 nongen=[] mism=0
W??F~z{~???_A?C?A?E?????_???No?Jw?Lk?Bf??Uw?@l_ n=24 c=4 b=6 nu_cut=4 good=40 nongen=[] mism=0
S??F~z{~?WE?C?G????G??B{?No?^_?^_ n=20 c=4 b=4 nu_cut=4 good=33 nongen=[] mism=0
Y????@vmt]\oyotoX????@?@??????_??G????Fw?@z??B{??Mw??Lw? n=26 c=6 b=5 nu_cut=4 good=45 nongen=[] mism=0
Y???Fu}nfs\o??@??_???S??A?A???_???@v??vO?Bu??]o??|O??fo? n=26 c=5 b=6 nu_cut=4 good=55 nongen=[] mism=0
Y??F~z{~??G?@?Q?D????@?????????S{?LM?Bk_?Nc?@Uo?BZ??Av?? n=26 c=4 b=7 nu_cut=4 good=51 nongen=[] mism=0
Y????Bt~B{NWxo{o??C??D_?A??O?????@????Fw?@n??E{??Jw??Jw? n=26 c=6 b=5 nu_cut=4 good=41 nongen=[] mism=0
Y????B{^fU^Gtouo?O?A??_?C????@G??@????No?@v??Fk??Jw??Ng? n=26 c=6 b=5 nu_cut=4 good=54 nongen=[] mism=0
Y??F~z{~??@?O???Q?CO??????A????Y[?@}?Bx??Vo??jo?Bb_?@Z_? n=26 c=4 b=7 nu_cut=4 good=45 nongen=[] mism=0
U??F~z{~??O?C?_?A??O?H???No?Zo?Zo?Fw?Bu? n=22 c=4 b=5 nu_cut=4 good=35 nongen=[] mism=0
W??F~z{~??B?c??????G?O?A????Yw?^O?Ms?A|??Rw?@}? n=24 c=4 b=6 nu_cut=4 good=40 nongen=[] mism=0
U???F^yze{VoC?G?K????@?AA???Fw?Fw?B{??~? n=22 c=5 b=4 nu_cut=4 good=35 nongen=[] mism=0
S??F~z{~@?P?G???A?CO??B{?No?^_?^_ n=20 c=4 b=4 nu_cut=4 good=34 nongen=[] mism=0
Y???Fnyvd{^__?F?@?A???????A???????B\??xo?E]??Fw??jo??fo? n=26 c=5 b=6 nu_cut=4 good=41 nongen=[] mism=0
Y???B}}|fwNo_?A???C???_@???W??????Bl??}O?Fi??Mw??mo??yo? n=26 c=5 b=6 nu_cut=4 good=48 nongen=[] mism=0
Y??????lY|LsmWxo[kB\?_O?O?A???Q?????A?????^_?@}??B{??B{? n=26 c=7 b=4 nu_cut=4 good=45 nongen=[] mism=0
W??F~z{~?O??????O_@O?G??C???]W?Vg?Ng?BV??Mw?@n? n=24 c=4 b=6 nu_cut=4 good=45 nongen=[] mism=0
Y??????]jfM[n_bwNKCz?_????@A??G??C??Q?????^_?@}??B{??B{? n=26 c=7 b=4 nu_cut=4 good=44 nongen=[] mism=0
W???Fzy^f[Vo??`??O???E??A?A????Fs?B{??z_?D{??]o n=24 c=5 b=5 nu_cut=4 good=47 nongen=[] mism=0
Y????B]xry]Wmo}O??CA?@????AG??O??C????Ng?@z??B{??Jw??NW? n=26 c=6 b=5 nu_cut=4 good=53 nongen=[] mism=0
W????Bj^emNg]oz_A??C???AC??o??G????~??No?@}??Fw n=24 c=6 b=4 nu_cut=4 good=40 nongen=[] mism=0
Y??????f]lJ[jguWNWFT?C?AC?A???A??_???O????^_?@}??B{??B{? n=26 c=7 b=4 nu_cut=4 good=38 nongen=[] mism=0
S??F~z{~@?I?G?_?G??G??B{?No?^_?^_ n=20 c=4 b=4 nu_cut=4 good=35 nongen=[] mism=0
W??F~z{~A???I?A?O????_??_???]g?\o?Ng?@n??Rw??n_ n=24 c=4 b=6 nu_cut=4 good=47 nongen=[] mism=0
S??F~z{~?_C?_?@?O_@???B{?No?^_?^_ n=20 c=4 b=4 nu_cut=4 good=35 nongen=[] mism=0
S??F~z{~E?G???D?Q?????B{?No?^_?^_ n=20 c=4 b=4 nu_cut=4 good=32 nongen=[] mism=0
S??F~z{~COW?????B?A???B{?No?^_?^_ n=20 c=4 b=4 nu_cut=4 good=32 nongen=[] mism=0
Y???Fu}}b{Vo_?T???@?????C????A????BN??jo?@}??^_??uo??nO? n=26 c=5 b=6 nu_cut=4 good=52 nongen=[] mism=0
U???F\}}e{Zoa??????c?g??C???Fw?Fw?B{??~? n=22 c=5 b=4 nu_cut=4 good=35 nongen=[] mism=0
Y??????za}]gbwyW^CBl?a??O?@???g??@????????^_?@}??B{??B{? n=26 c=7 b=4 nu_cut=4 good=53 nongen=[] mism=0
Y????@^\vs^Glo^O?OCA????C??O?C???C????Lw?@}??Fw??Mw??Jw? n=26 c=6 b=5 nu_cut=4 good=50 nongen=[] mism=0
W??F~z{~?_A???A???EG????G???\W?Tw?Nc?By??Fw??z_ n=24 c=4 b=6 nu_cut=3 good=46 nongen=[] mism=0
Y??????xmmTwUwlgJ[Bj?A?@_?????B??S????????^_?@}??B{??B{? n=26 c=7 b=4 nu_cut=4 good=46 nongen=[] mism=0
U??F~z{~@??_O?O???CG?C???Mw?^_?^_?Ng?B]? n=22 c=4 b=5 nu_cut=4 good=35 nongen=[] mism=0
W??F~z{~A???G?C?P??_?@??????Mw?Fw?NW?Bf??ZW?@}? n=24 c=4 b=6 nu_cut=4 good=47 nongen=[] mism=0
W????@^ZvU]o\olo@?AA?g??O?????G????~??No?@}??Fw n=24 c=6 b=4 nu_cut=4 good=34 nongen=[] mism=0
Y??F~z{~??O?P?G???C??C????@????X[?Ms?A|??Zo?@t_?AV_??z_? n=26 c=4 b=7 nu_cut=4 good=45 nongen=[] mism=0
U???F\}|fk^_?_??O??G?I?B????Fw?Fw?B{??~? n=22 c=5 b=4 nu_cut=4 good=36 nongen=[] mism=0
Y??????V\lVSLwfW\WBZ????C?A??E???O??Q?????^_?@}??B{??B{? n=26 c=7 b=4 nu_cut=4 good=50 nongen=[] mism=0
W??F~z{~????A?Q?G????K??_???Vo?]g?Fs?Az??Xw?@v? n=24 c=4 b=6 nu_cut=4 good=45 nongen=[] mism=0
Y??F~z{~?G??C???K????A????@G???Mk?NS?@]_?Yw?@|??BM_??~?? n=26 c=4 b=7 nu_cut=4 good=53 nongen=[] mism=0
S??F~z{~@?G_G?O?B?????B{?No?^_?^_ n=20 c=4 b=4 nu_cut=4 good=33 nongen=[] mism=0
Y??F~z{~@??_????O??o???????W???Uk?Jk??|_?Mw?@lO?BZ??Bd_? n=26 c=4 b=7 nu_cut=4 good=53 nongen=[] mism=0
Y??F~z{~B?@?C??????o???@???????M[?Na?@N_?NS?@ZO?B\??A}?? n=26 c=4 b=7 nu_cut=4 good=44 nongen=[] mism=0
Y??F~z{~@O??D???A?A???????@????Yw?J[??z_?Rw??|_?@\_?BM_? n=26 c=4 b=7 nu_cut=4 good=45 nongen=[] mism=0
Y??F~z{~??@???_?H????_??c??????Xk?Li??v_?U[?@{O?BU_?Bf?? n=26 c=4 b=7 nu_cut=4 good=51 nongen=[] mism=0
S??F~z{~C?G?C?K?O??O??B{?No?^_?^_ n=20 c=4 b=4 nu_cut=4 good=35 nongen=[] mism=0
U??F~z{~?OA?C???K_???@???Lw?^_?]o?NW?@}? n=22 c=4 b=5 nu_cut=4 good=39 nongen=[] mism=0
U??F~z{~?OO?A?O?A????c???No?No?Vo?No?A}? n=22 c=4 b=5 nu_cut=4 good=35 nongen=[] mism=0
U??F~z{~?_??a???S?A??@???NW?Zo?\o?Jw?@}? n=22 c=4 b=5 nu_cut=4 good=42 nongen=[] mism=0
W????An]tmZg}_ro?_?A?B?A_?A????????~??No?@}??Fw n=24 c=6 b=4 nu_cut=4 good=47 nongen=[] mism=0
S??F~z{~@O@_g?????C???B{?No?^_?^_ n=20 c=4 b=4 nu_cut=4 good=32 nongen=[] mism=0
U??F~z{~?_????g?@?AG?@???NW?]o?^O?Mw?B]? n=22 c=4 b=5 nu_cut=4 good=35 nongen=[] mism=0
U???E~{^fk]oA?o?B??C?_??????Fw?Fw?B{??~? n=22 c=5 b=4 nu_cut=4 good=40 nongen=[] mism=0
Y???Ft}|f[No@?a?B???????O??C???????~??fo?Bm??Uw??zO??uo? n=26 c=5 b=6 nu_cut=4 good=50 nongen=[] mism=0
U??F~z{~????K?@?K?C??A???Ng?]o?]o?Lw?Bm? n=22 c=4 b=5 nu_cut=4 good=42 nongen=[] mism=0
S??F~z{~A?@_??C??_?o??B{?No?^_?^_ n=20 c=4 b=4 nu_cut=4 good=34 nongen=[] mism=0
Y????BxjruUwroVoA?C??P??G?C??A????????Ng?@z??F[??Lw??Jw? n=26 c=6 b=5 nu_cut=4 good=55 nongen=[] mism=0
S??F~z{~@G??Q???D??_??B{?No?^_?^_ n=20 c=4 b=4 nu_cut=4 good=34 nongen=[] mism=0
W??F~z{~??C?_?C?@?A??G?@????[w?^G?D{?B{??NW?@^? n=24 c=4 b=6 nu_cut=4 good=48 nongen=[] mism=0
U??F~z{~C??_??_?G?@??Q???No?No?No?Mw?Bm? n=22 c=4 b=5 nu_cut=4 good=35 nongen=[] mism=0
U???E~ynfs]oD?G_???G???AG???Fw?Fw?B{??~? n=22 c=5 b=4 nu_cut=4 good=40 nongen=[] mism=0
W??F~z{~??????I?T?A??_??????\o?[w?Fs?Bf??]W??^_ n=24 c=4 b=6 nu_cut=4 good=43 nongen=[] mism=0
W??F~z{~??X?G?@???C??@??????Rw?Vg?Jw?B{??^G??v_ n=24 c=4 b=6 nu_cut=4 good=39 nongen=[] mism=0
U??F~z{~??E?`?Q????_?????Fw?Zo?\o?Jw?Bm? n=22 c=4 b=5 nu_cut=4 good=40 nongen=[] mism=0
W???F^u}e{Zo?????OA??@??_?D_???D{?@}??~??F[??^_ n=24 c=5 b=5 nu_cut=4 good=45 nongen=[] mism=0
W???Fn{^fw\o?_??K??G?_??A??C???Fw?A}??z_?B{??Zo n=24 c=5 b=5 nu_cut=4 good=46 nongen=[] mism=0
Y??????nVLB{mWrWRwBu??G@_?C???C?@???@?????^_?@}??B{??B{? n=26 c=7 b=4 nu_cut=4 good=54 nongen=[] mism=0
Y??F~z{~??????@?O????U??G??G???]c?Bm?@{_?Xw?@j_?BL_?Bd_? n=26 c=4 b=7 nu_cut=4 good=51 nongen=[] mism=0
Y???D|}|fsNo?_A???B??_?????_??O????~??|O?B]??NW??z_??xo? n=26 c=5 b=6 nu_cut=4 good=43 nongen=[] mism=0
Y???F^]|e{^_?_A?A?A??@????@???O???Bm??nO?E{??Vg??lo??^_? n=26 c=5 b=6 nu_cut=4 good=43 nongen=[] mism=0
Y????@vZs}ZgjouoC_?c?A??_??_??????????Fw?@^??F[??Lw??Mw? n=26 c=6 b=5 nu_cut=4 good=49 nongen=[] mism=0
W????Bf\vwRw\on_@GA_?_???????D?????~??No?@}??Fw n=24 c=6 b=4 nu_cut=4 good=40 nongen=[] mism=0
Y??????{rZ\cuWNWNWFF?@_?O_?O????A???_?????^_?@}??B{??B{? n=26 c=7 b=4 nu_cut=4 good=44 nongen=[] mism=0
U??F~z{~??K_g????_???C???Fw?Vo?Vo?Lw?Bm? n=22 c=4 b=5 nu_cut=4 good=37 nongen=[] mism=0
S??F~z{~@OG?????I?D???B{?No?^_?^_ n=20 c=4 b=4 nu_cut=4 good=33 nongen=[] mism=0
S??F~z{~@_????C?G_B???B{?No?^_?^_ n=20 c=4 b=4 nu_cut=4 good=32 nongen=[] mism=0
Y???Fn{|d{^_?_???_?O?G_?A????C????Bf??jo?Bu??Yw??v_??fo? n=26 c=5 b=6 nu_cut=4 good=41 nongen=[] mism=0
Y??????nRfYwrgv_\cFU?CG?@?????C??C??I?????^_?@}??B{??B{? n=26 c=7 b=4 nu_cut=4 good=46 nongen=[] mism=0
Y??F~z{~?G??C?A???E??A????@????Mw?C}?@z??ZW?@Mo?Bw_?@l_? n=26 c=4 b=7 nu_cut=4 good=45 nongen=[] mism=0
W??F~z{~A???_?_?@_???H??????NW?]g?D{?A|??[w?@]_ n=24 c=4 b=6 nu_cut=4 good=46 nongen=[] mism=0
Y??F~z{~??A?O?@?A????P??G??????Tk?Eu?@v??No?@eo?Ay_?BT_? n=26 c=4 b=7 nu_cut=4 good=53 nongen=[] mism=0
Y????@zzS}Jw^OzOA????_??_??K??_?A?????NW?@}??Fs??Ng??No? n=26 c=6 b=5 nu_cut=4 good=39 nongen=[] mism=0
S??F~z{~??K?B???B?@???B{?No?^_?^_ n=20 c=4 b=4 nu_cut=4 good=33 nongen=[] mism=0
Y??????^exW{lo{oZgBN?C??a?????@??G_?_?????^_?@}??B{??B{? n=26 c=7 b=4 nu_cut=4 good=45 nongen=[] mism=0
Y????An}T]\W|Ov_C?AG??_????C??A??O????Fw??~??E{??Mw??Jw? n=26 c=6 b=5 nu_cut=4 good=43 nongen=[] mism=0
W??F~z{~??@?p???O??G????_???^G?Fw?Fk?B]??ZW?@j_ n=24 c=4 b=6 nu_cut=4 good=38 nongen=[] mism=0
W???Fvm^e{ZoG?G???@G?C??G??C???B{?Bm??|_?B{??^_ n=24 c=5 b=5 nu_cut=4 good=43 nongen=[] mism=0
W??F~z{~@???@???S????R??????Yw?Lw?No?B\??Mw?@m_ n=24 c=4 b=6 nu_cut=4 good=39 nongen=[] mism=0
W????Az~Dy\gron_CG???O_?P??G???????~??No?@}??Fw n=24 c=6 b=4 nu_cut=4 good=40 nongen=[] mism=0
W???Fz{vb{]o_?G??O@????AG??_???Fk?B]??}_?E{??^_ n=24 c=5 b=5 nu_cut=4 good=36 nongen=[] mism=0
Y???Fn{|fwZoA???Ao?O???A_?????????B{??}_?Fq??Xw??Vo??ro? n=26 c=5 b=6 nu_cut=3 good=49 nongen=[] mism=0
W??F~z{~?GG???D???@??O??G???Fw?]o?E{?Bf??^G??~? n=24 c=4 b=6 nu_cut=4 good=40 nongen=[] mism=0
W???Fv]^f[Vo_?A?G?AC????O?C????Fs?Bu??}_?B{??\o n=24 c=5 b=5 nu_cut=4 good=42 nongen=[] mism=0
W??F~z{~C???A?D???AG????O???NW?Ng?Mw?Bj??ZW?@u_ n=24 c=4 b=6 nu_cut=4 good=47 nongen=[] mism=0
Y???F^]^fk]o?_@?G????G??O?C???O???@z??vO?B{??^O??xo??mo? n=26 c=5 b=6 nu_cut=4 good=44 nongen=[] mism=0
W??F~z{~@?@?I???A?C??_??????Jw?]o?Ms?Bm??NW?@N_ n=24 c=4 b=6 nu_cut=4 good=47 nongen=[] mism=0
Y??????zdfQ{loyWNSFX?O??@?????H?@G??@?????^_?@}??B{??B{? n=26 c=7 b=4 nu_cut=4 good=52 nongen=[] mism=0
U??F~z{~?_@?g?G?G????O???Lw?]o?No?Lw?By? n=22 c=4 b=5 nu_cut=4 good=41 nongen=[] mism=0
S??F~z{~??A?_?c?@_@???B{?No?^_?^_ n=20 c=4 b=4 nu_cut=4 good=34 nongen=[] mism=0
Y????Bu~FkRwzONo?G?C??O?O?@?????A@????Mw?@^??D{??No??Ng? n=26 c=6 b=5 nu_cut=4 good=46 nongen=[] mism=0
U???D~u~E{Vo_?A???AO?C??c???Fw?Fw?B{??~? n=22 c=5 b=4 nu_cut=4 good=35 nongen=[] mism=0
U???Fzu^e{^OG?_?A_???_??c???Fw?Fw?B{??~? n=22 c=5 b=4 nu_cut=4 good=39 nongen=[] mism=0
W???D}}~B{]o??_?@?E??G????AG???E{?B]??z_?Fs??^_ n=24 c=5 b=5 nu_cut=4 good=42 nongen=[] mism=0
Y????Bt~C}FwNo{oG?@??A??E?????A?@?????Lw?@z??F[??Ng??Ng? n=26 c=6 b=5 nu_cut=4 good=49 nongen=[] mism=0
U???B}}}e{Vo@_H?B????O??????Fw?Fw?B{??~? n=22 c=5 b=4 nu_cut=4 good=35 nongen=[] mism=0
W????BVnTuNg]o}O?OD??P????CO???????~??No?@}??Fw n=24 c=6 b=4 nu_cut=4 good=34 nongen=[] mism=0
U???Fu}~Fs\oS????O???H?@G???Fw?Fw?B{??~? n=22 c=5 b=4 nu_cut=4 good=36 nongen=[] mism=0
U???F^]nf[VoC???C?@??__@G???Fw?Fw?B{??~? n=22 c=5 b=4 nu_cut=4 good=29 nongen=[] mism=0
U???Fnmnd{\oO_C???@O?a??????Fw?Fw?B{??~? n=22 c=5 b=4 nu_cut=4 good=30 nongen=[] mism=0
S??F~z{~??A?S?g?K?????B{?No?^_?^_ n=20 c=4 b=4 nu_cut=4 good=32 nongen=[] mism=0
W???Fv]zfs\oG?A??O?_?_??C??G???E{?Bu??~??F[??^_ n=24 c=5 b=5 nu_cut=4 good=38 nongen=[] mism=0
W???Fzunf[\oK?E????W??????C????E{?A}??|_?B{??\o n=24 c=5 b=5 nu_cut=4 good=47 nongen=[] mism=0
Y???D~m~D{\o????AO???_??I?@??A????@z??Vo?Fs??Vg??to??mo? n=26 c=5 b=6 nu_cut=4 good=44 nongen=[] mism=0
W???E~{}b{Vo??O????K?Q?A???_???E{?A}??|_?F[??]o n=24 c=5 b=5 nu_cut=4 good=48 nongen=[] mism=0
U???D~y~F[]oA_??H?D?????A???Fw?Fw?B{??~? n=22 c=5 b=4 nu_cut=4 good=39 nongen=[] mism=0
W????An]uy]g|_ZoO?CC?@O?A??O???????~??No?@}??Fw n=24 c=6 b=4 nu_cut=4 good=46 nongen=[] mism=0
Y????An^fM]gzO|O?O?_??_?A??O?A_???????Mw?@|??Fk??NW??No? n=26 c=6 b=5 nu_cut=4 good=41 nongen=[] mism=0
Y??????y]tZgnGxgNSDy?G??C??D????@O???O????^_?@}??B{??B{? n=26 c=7 b=4 nu_cut=4 good=38 nongen=[] mism=0
Y??F~z{~A???C?_???@O?_?@???????[[?Je?BT_?Jw?@{O?@m_?BT_? n=26 c=4 b=7 nu_cut=4 good=45 nongen=[] mism=0
W????Br{vkFwVoyoP??I????_?C???_????~??No?@}??Fw n=24 c=6 b=4 nu_cut=4 good=34 nongen=[] mism=0
Y??F~z{~??K?_?O?C?C??A?????????Zo?J[?BJ_?ZK?@Yo?@f_?AV_? n=26 c=4 b=7 nu_cut=4 good=38 nongen=[] mism=0
W???E~yzf[No?__?A????`?@C??????Fk?Bu??}_?E{??\o n=24 c=5 b=5 nu_cut=4 good=42 nongen=[] mism=0
W??F~z{~?WO?C?W?O???????????Mw?Fw?Ms?Bj??Jw?@V_ n=24 c=4 b=6 nu_cut=4 good=46 nongen=[] mism=0
Y??????tvMT[]WvGXsBy??g?A??A??W?????_?????^_?@}??B{??B{? n=26 c=7 b=4 nu_cut=4 good=53 nongen=[] mism=0
W????@z|fqMwvO^_?GC??@??G??E?@?????~??No?@}??Fw n=24 c=6 b=4 nu_cut=4 good=41 nongen=[] mism=0
U???F\}}b{^_____?????A?@_???Fw?Fw?B{??~? n=22 c=5 b=4 nu_cut=4 good=40 nongen=[] mism=0
S??F~z{~????G?W?Q??W??B{?No?^_?^_ n=20 c=4 b=4 nu_cut=4 good=34 nongen=[] mism=0
U??F~z{~?OJ?C????_???O???NW?Vo?]o?Jw?Bm? n=22 c=4 b=5 nu_cut=4 good=33 nongen=[] mism=0
U??F~z{~?W?_????C?@O?O???Fw?\o?Vo?Ng?By? n=22 c=4 b=5 nu_cut=4 good=40 nongen=[] mism=0
Y??F~z{~C???A???I????@??O??G???I{?NS?BL_?Y[?@n??Be_??n_? n=26 c=4 b=7 nu_cut=4 good=45 nongen=[] mism=0
Y??????nKvMwNWZgZoFX???AO?A@?AA?????_?????^_?@}??B{??B{? n=26 c=7 b=4 nu_cut=4 good=44 nongen=[] mism=0
Y????Anrv[]o\oVoG?@??A??@????@a???????Ng?@z??D{??Ng??Jw? n=26 c=6 b=5 nu_cut=4 good=44 nongen=[] mism=0
U???D~mzfkVo@?K?H??O????A???Fw?Fw?B{??~? n=22 c=5 b=4 nu_cut=4 good=30 nongen=[] mism=0
W??F~z{~?_H???A????G?W??????NW?\g?H{?@|??Rw??v_ n=24 c=4 b=6 nu_cut=4 good=40 nongen=[] mism=0
U???E~m^d{Zo??A??OE??W??C???Fw?Fw?B{??~? n=22 c=5 b=4 nu_cut=4 good=36 nongen=[] mism=0
Y???Fv]zfkVoO?C??????A??_??_??S???@n??Vo?D{??]o??^_??}O? n=26 c=5 b=6 nu_cut=4 good=48 nongen=[] mism=0
Y????BrNtyZWro]oB??C???A???G?@???C????Lw?@}??D{??No??Fw? n=26 c=6 b=5 nu_cut=4 good=50 nongen=[] mism=0
Y??????jtyVoUw{gZoEx?O??_?????C??D???W????^_?@}??B{??B{? n=26 c=7 b=4 nu_cut=4 good=46 nongen=[] mism=0
U???E~]|fw^O?_??P??g?A??_???Fw?Fw?B{??~? n=22 c=5 b=4 nu_cut=4 good=35 nongen=[] mism=0
U??F~z{~??A?O?H?@????K???Mw?Zo?Zo?Mw?B{? n=22 c=4 b=5 nu_cut=4 good=35 nongen=[] mism=0
Y????Bj{u]NWjo^OA??C?c??G?A???G???????Jw?@}??E{??Mw??Jw? n=26 c=6 b=5 nu_cut=4 good=44 nongen=[] mism=0
Y??????NvL^CugjoNKDN?@_??_?g??_??G????????^_?@}??B{??B{? n=26 c=7 b=4 nu_cut=4 good=53 nongen=[] mism=0
W???Fx}vb{\o??G?Q??G?O_?_??????E{?Bu??n_?D{??]o n=24 c=5 b=5 nu_cut=4 good=38 nongen=[] mism=0
U??F~z{~??@?O?@?A??o?_???Jw?No?\o?Jw?By? n=22 c=4 b=5 nu_cut=4 good=36 nongen=[] mism=0
Y???F]}ne{^_o?G???@??C?@??A???????A|??zO?Bm??]o??}O??\o? n=26 c=5 b=6 nu_cut=4 good=41 nongen=[] mism=0
U???Fnm|fw^O??A_???_?g?@G???Fw?Fw?B{??~? n=22 c=5 b=4 nu_cut=4 good=41 nongen=[] mism=0
W??F~z{~????@?G?A?CO?A?@????]o?\W?NS?@|??]W?@m_ n=24 c=4 b=6 nu_cut=4 good=34 nongen=[] mism=0
Y???D}}ze{No_?@?SOA??O????????????@v??to?FM??Vg??fo??uo? n=26 c=5 b=6 nu_cut=4 good=47 nongen=[] mism=0
W???Fn]^b{^O??C????O?@?AC?E????Fw?@}??v_?Fs??^O n=24 c=5 b=5 nu_cut=4 good=48 nongen=[] mism=0
W???Fvu|e{^_?_B????C?O??G??G???Fk?Bm??z_?D{??^O n=24 c=5 b=5 nu_cut=4 good=43 nongen=[] mism=0
W??F~z{~@???`???@????c??G???^G?^_?L[??~??Xw?@y_ n=24 c=4 b=6 nu_cut=4 good=46 nongen=[] mism=0
Y???Fx}}e{No??C?C?C??O?????C?CC???Av??|_?F[??Uw??v_??nO? n=26 c=5 b=6 nu_cut=4 good=42 nongen=[] mism=0
Y??????VvhTsxg}_\gFi??o????E?????O_??G????^_?@}??B{??B{? n=26 c=7 b=4 nu_cut=4 good=50 nongen=[] mism=0
Y??????yru]g}OVgLs@n?_??O??@??@??C??@O????^_?@}??B{??B{? n=26 c=7 b=4 nu_cut=4 good=45 nongen=[] mism=0
Y??F~z{~@_????o?Q???????G??????K{?Mq??n_?Q{??zO?A}??Bi_? n=26 c=4 b=7 nu_cut=4 good=44 nongen=[] mism=0
W??F~z{~@?A???D???CO????C???Uw?No?Jk?By??Tw?@t_ n=24 c=4 b=6 nu_cut=4 good=40 nongen=[] mism=0
Y????BryuyNg\on_?O@??S?????G????AA????Lw?@|??Fw??Fw??Mw? n=26 c=6 b=5 nu_cut=4 good=55 nongen=[] mism=0
Y??????]Z{H{NWdwTkEl?_????AO?CA??_???_????^_?@}??B{??B{? n=26 c=7 b=4 nu_cut=4 good=53 nongen=[] mism=0
U??F~z{~?O?_B???A?@??C???Fw?\o?Zo?Jw?B]? n=22 c=4 b=5 nu_cut=4 good=41 nongen=[] mism=0
U???F^m~FwVo??Q??OC??C?@C???Fw?Fw?B{??~? n=22 c=5 b=4 nu_cut=4 good=30 nongen=[] mism=0
U???Fl}vb{ZoA?G??OCG?C?@????Fw?Fw?B{??~? n=22 c=5 b=4 nu_cut=4 good=30 nongen=[] mism=0
Y???Fvyzfw]o??a????G???????g?B????B{??ro?Fq??Vo??lo??Vo? n=26 c=5 b=6 nu_cut=4 good=54 nongen=[] mism=0
Y??????|HnTkfoMwJsEt?O??C?????Q??A??GO????^_?@}??B{??B{? n=26 c=7 b=4 nu_cut=4 good=46 nongen=[] mism=0
W??F~z{~@?A_@???C??_?O??????Yw?VW?E{??~??]g?@f_ n=24 c=4 b=6 nu_cut=4 good=47 nongen=[] mism=0
S??F~z{~@?S?O?@??_?O??B{?No?^_?^_ n=20 c=4 b=4 nu_cut=4 good=35 nongen=[] mism=0
U???Fv]}fkZoK????_?C?G??c???Fw?Fw?B{??~? n=22 c=5 b=4 nu_cut=4 good=37 nongen=[] mism=0
Y???Fz{vd{VoG?_????G?A?@???C?@????A|??]o?FU??Fw??|_??]o? n=26 c=5 b=6 nu_cut=4 good=33 nongen=[] mism=0
W????@}Vvi\gfo^OC?????OAO?C???S????~??No?@}??Fw n=24 c=6 b=4 nu_cut=4 good=41 nongen=[] mism=0
Y??????vfYP{lomgNgEr????c??A?????A_?GG????^_?@}??B{??B{? n=26 c=7 b=4 nu_cut=4 good=52 nongen=[] mism=0
U???E}}zfw]oW??_??B??C??A???Fw?Fw?B{??~? n=22 c=5 b=4 nu_cut=4 good=40 nongen=[] mism=0
U???E~mzfwVoC????OC_?H??A???Fw?Fw?B{??~? n=22 c=5 b=4 nu_cut=4 good=39 nongen=[] mism=0
Y???E~m~Fs^O@?O??OD???????@???O???@}??vO?Em??Lw??^O??jo? n=26 c=5 b=6 nu_cut=4 good=43 nongen=[] mism=0
Y??F~z{~????O???O?D_????_??_???Zg?Nc?BR_?NS??^O?@r_?Bl?? n=26 c=4 b=7 nu_cut=4 good=50 nongen=[] mism=0
Y???E~{}fw^OA?_?A?A??@_????C??????An??\o?Bm??No??nO??fo? n=26 c=5 b=6 nu_cut=4 good=38 nongen=[] mism=0
Y??F~z{~C?P?@?@????_?A?????????Ys?Bm?BU_?Lw?@Mo?Aj_?BT_? n=26 c=4 b=7 nu_cut=4 good=46 nongen=[] mism=0
Y????Bxzdy\W^_]oA?A???O????A??_?AC????Lw?@n??Fk??No??NW? n=26 c=6 b=5 nu_cut=4 good=43 nongen=[] mism=0
Y??F~z{~@?G???c??_C_???????????ZK?Im?Bf??D{?@xO?@z??Bm?? n=26 c=4 b=7 nu_cut=4 good=54 nongen=[] mism=0
Y???Fzunfk^OO???O??O??????@??AS???Bm??v_?C}??Fw??vO??}_? n=26 c=5 b=6 nu_cut=4 good=46 nongen=[] mism=0
Y???B~m~FkZoK_g??????@????A???????@^??vO?@}??\W??jo??\o? n=26 c=5 b=6 nu_cut=4 good=52 nongen=[] mism=0
W????@nnVY\o~?}_?WA?????O??G?CC????~??No?@}??Fw n=24 c=6 b=4 nu_cut=4 good=34 nongen=[] mism=0
Y??F~z{~?O????P???C??g?????G???\K?Dm?Al_?Fw?@jO?BL_?By?? n=26 c=4 b=7 nu_cut=4 good=52 nongen=[] mism=0
U??F~z{~AGI?@?C???C??????Fw?Vo?^O?Mw?A}? n=22 c=4 b=5 nu_cut=4 good=40 nongen=[] mism=0
Y???B~uzfw^___O???C??A???????@_????~??|_?D]??NW??uo??n_? n=26 c=5 b=6 nu_cut=4 good=43 nongen=[] mism=0
U??F~z{~A_??_?G?C?A??C???Ng?Zo?Zo?Fw?By? n=22 c=4 b=5 nu_cut=4 good=29 nongen=[] mism=0
Y???Ft}ze{^OG?????CG?`??W?????????Bj??\o?F[??]W??}O??\o? n=26 c=5 b=6 nu_cut=4 good=54 nongen=[] mism=0
W????Bx|RyLwroxo?O?c?@????C_??O????~??No?@}??Fw n=24 c=6 b=4 nu_cut=4 good=47 nongen=[] mism=0
U??F~z{~CG??G???H??_?A???Lw?Vo?No?Fw?Bu? n=22 c=4 b=5 nu_cut=4 good=41 nongen=[] mism=0
W????AnnVM]gz_\o@?A??A??B?A_???????~??No?@}??Fw n=24 c=6 b=4 nu_cut=4 good=39 nongen=[] mism=0
Y????@}~BmZgVoyoC?@??A??Q?C??C????????Lw??~??B{??Mw??No? n=26 c=6 b=5 nu_cut=4 good=49 nongen=[] mism=0
W????BZ|R{Xwz_toC??C?C?A??@A??G????~??No?@}??Fw n=24 c=6 b=4 nu_cut=4 good=48 nongen=[] mism=0
U??F~z{~@???A?A?O_AG?????NW?]o?\o?Ng?B{? n=22 c=4 b=5 nu_cut=4 good=40 nongen=[] mism=0
U??F~z{~C?@?A?????@G?o???Mw?No?^_?Ng?B{? n=22 c=4 b=5 nu_cut=4 good=39 nongen=[] mism=0
Y??????NjuR[ygnGLwBl?_G?@????A_?AC????????^_?@}??B{??B{? n=26 c=7 b=4 nu_cut=4 good=45 nongen=[] mism=0
Y???F^y}e{No??o??_?_??_?C?C???????Az??uo?Du??[w??^_??vO? n=26 c=5 b=6 nu_cut=4 good=49 nongen=[] mism=0
U??F~z{~A?O?G???A?C??K???Lw?\o?^_?No?@}? n=22 c=4 b=5 nu_cut=4 good=41 nongen=[] mism=0
U???Fzmzb{^_C_o?A??O????A???Fw?Fw?B{??~? n=22 c=5 b=4 nu_cut=4 good=40 nongen=[] mism=0
Y????@|nT]VoZo^_???A?__@??AC??A???????No?@z??B{??Lw??Ng? n=26 c=6 b=5 nu_cut=4 good=48 nongen=[] mism=0
W???Fz]~E{Vo??G_??A???_A??@O???F[?B{??z_?B{??Vo n=24 c=5 b=5 nu_cut=4 good=42 nongen=[] mism=0
Y????A}}T{Zgn_vOG??C???@??@??????d????NW?@|??Fk??No??No? n=26 c=6 b=5 nu_cut=4 good=38 nongen=[] mism=0
Y???E}}^e{^OG?O????_?A_A?????C????An??{o?FY??VW??^_??to? n=26 c=5 b=6 nu_cut=4 good=49 nongen=[] mism=0
W???F^{^d{^_P?I??OC?????O??????Fk?@}??z_?Fs??Vo n=24 c=5 b=5 nu_cut=4 good=43 nongen=[] mism=0
W????Bt}Vs]W~?to?????@O?E??G??Q????~??No?@}??Fw n=24 c=6 b=4 nu_cut=4 good=33 nongen=[] mism=0
Y???Fvm}fk^_??E?GO??????C??C?C????A^??zO?C}??^O??ro??mo? n=26 c=5 b=6 nu_cut=4 good=49 nongen=[] mism=0
Y????B\}a}NWz_~??_?A?G?A???_?C???@????No?@|??F[??Ng??Mw? n=26 c=6 b=5 nu_cut=4 good=49 nongen=[] mism=0
W???Fzm|d{ZoD??_??@??O??A??_???B{?@}??n_?D{??^_ n=24 c=5 b=5 nu_cut=4 good=43 nongen=[] mism=0
W??F~z{~C?G_????S??_?C??????VW?]g?NK?Bl??Ng?@V_ n=24 c=4 b=6 nu_cut=4 good=40 nongen=[] mism=0
Y???F^unb{^_????GO@_??_@??????_???BZ??z_?E]??^_??to??n_? n=26 c=5 b=6 nu_cut=4 good=47 nongen=[] mism=0
Y??F~z{~COA?O?G?@???????_??????Rs?A}?@m_?]g?@Jo?BJ_??v_? n=26 c=4 b=7 nu_cut=4 good=45 nongen=[] mism=0
Y??????R~T]gygLwM[D\?CO???CG?CA??G????????^_?@}??B{??B{? n=26 c=7 b=4 nu_cut=4 good=45 nongen=[] mism=0
Y??????zMVXktglWNWB]?I?????_??K?A_????????^_?@}??B{??B{? n=26 c=7 b=4 nu_cut=4 good=45 nongen=[] mism=0
U???F\}ze{^_G?@_A????E??_???Fw?Fw?B{??~? n=22 c=5 b=4 nu_cut=4 good=39 nongen=[] mism=0
W??F~z{~?_C?@?@?C??_?A??????NW?ZW?NS?Az??Ng?@u_ n=24 c=4 b=6 nu_cut=4 good=34 nongen=[] mism=0
Y????A|nU]VWto}OGO?_?A??_??C?????A????No?@|??B{??Lw??Lw? n=26 c=6 b=5 nu_cut=4 good=41 nongen=[] mism=0
W??F~z{~C??_??o????_?A??O???^G?Ng?Ms?BV??Tw?@z? n=24 c=4 b=6 nu_cut=4 good=40 nongen=[] mism=0
Y???Fu}|e{\oP??_@?????????D???G???Br??fo?Fw??Fw??nO??^_? n=26 c=5 b=6 nu_cut=4 good=48 nongen=[] mism=0
U??F~z{~@OW?@???O?A??????Jw?^O?No?Mw?B]? n=22 c=4 b=5 nu_cut=4 good=40 nongen=[] mism=0
S??F~z{~AO@???K?C?A???B{?No?^_?^_ n=20 c=4 b=4 nu_cut=4 good=33 nongen=[] mism=0
W??F~z{~A?@?@?A??????H??_???Vg?NW?B{?BN??]g?@|? n=24 c=4 b=6 nu_cut=4 good=47 nongen=[] mism=0
U??F~z{~?O??I?@?G??_?O???Ng?^_?No?Mw?B]? n=22 c=4 b=5 nu_cut=4 good=41 nongen=[] mism=0
Y??????\ttXkMw|GT[BZ?OO@?????????Q??A_????^_?@}??B{??B{? n=26 c=7 b=4 nu_cut=4 good=51 nongen=[] mism=0
Y????Bltuy\o}_No?_A???O?G?C???A??A????Jw?@}??B{??NW??Fw? n=26 c=6 b=5 nu_cut=4 good=50 nongen=[] mism=0
U??F~z{~?G??A?A?O?@G?O???NW?^O?Zo?Fw?B{? n=22 c=4 b=5 nu_cut=4 good=41 nongen=[] mism=0
W???Fm}zb{^_?_`?@????I?????C???Fk?A}??n_?Fs??\o n=24 c=5 b=5 nu_cut=4 good=46 nongen=[] mism=0
S??F~z{~?O????o?C_CO??B{?No?^_?^_ n=20 c=4 b=4 nu_cut=4 good=33 nongen=[] mism=0
W????B\}fe^_\on_?oAO????c?????A????~??No?@}??Fw n=24 c=6 b=4 nu_cut=4 good=40 nongen=[] mism=0
U??F~z{~C_G???C?O??O?G???NW?]o?No?No?B]? n=22 c=4 b=5 nu_cut=4 good=36 nongen=[] mism=0
Y??F~z{~B???C????????B?B???????Jk?NS?Bb_?Fs?@Yo?B]??@{_? n=26 c=4 b=7 nu_cut=4 good=53 nongen=[] mism=0
W???B~]}b{^O@?????@_?_??c?C????B{?B]??z_?Fs??No n=24 c=5 b=5 nu_cut=4 good=41 nongen=[] mism=0
Y??????|UuZcyWwwNoC}?B???_?c??@??????G????^_?@}??B{??B{? n=26 c=7 b=4 nu_cut=3 good=52 nongen=[] mism=0
W??F~z{~??????O?O??g?s??????Ng?]o?Nc?@}??\W?@y_ n=24 c=4 b=6 nu_cut=4 good=42 nongen=[] mism=0
Y??????^T]D{ro{gK{Cn?a?A?_?_????????AG????^_?@}??B{??B{? n=26 c=7 b=4 nu_cut=4 good=43 nongen=[] mism=0
U???Fv{^e{\o??K?G??O?C??c???Fw?Fw?B{??~? n=22 c=5 b=4 nu_cut=4 good=41 nongen=[] mism=0
S??F~z{~??@?E?O?G??g??B{?No?^_?^_ n=20 c=4 b=4 nu_cut=4 good=33 nongen=[] mism=0
Y?????~yr{Jwz_zO???_?GOAA????A???C????Jw?@z??F[??Lw??Jw? n=26 c=6 b=5 nu_cut=4 good=37 nongen=[] mism=0
Y????BlnU{VW^_Zo?O@??_?????a?A???A????NW?@^??B{??NW??No? n=26 c=6 b=5 nu_cut=4 good=55 nongen=[] mism=0
Y??F~z{~?OG?`?O?A??????A???????Y[?D{?AN_?Mk?@rO??}_?BU_? n=26 c=4 b=7 nu_cut=4 good=45 nongen=[] mism=0
W??F~z{~?G??A?`?C??_???A????ZW?Xw?NK?By??Mw?@f_ n=24 c=4 b=6 nu_cut=4 good=34 nongen=[] mism=0
U??F~z{~A??_K?A?O_???????NW?\o?^_?Lw?B]? n=22 c=4 b=5 nu_cut=4 good=41 nongen=[] mism=0
W??F~z{~?G??D?_?@??O?C??????Zg?\o?M[?Bx??Jw?@}? n=24 c=4 b=6 nu_cut=4 good=40 nongen=[] mism=0
W???F\}nb{^__??_??A??A??C?AC???Fw?By??}_?Fw??Vo n=24 c=5 b=5 nu_cut=4 good=38 nongen=[] mism=0
W????Avne]\W]ovOB????G??c??K???????~??No?@}??Fw n=24 c=6 b=4 nu_cut=4 good=45 nongen=[] mism=0
W????Brvd]\Wv_~????S??O?_?@A??_????~??No?@}??Fw n=24 c=6 b=4 nu_cut=4 good=46 nongen=[] mism=0
U??F~z{~A?O???o????O?K???Mw?Vo?Vo?NW?B{? n=22 c=4 b=5 nu_cut=4 good=35 nongen=[] mism=0
U??F~z{~?OC???A?O?B??_???Ng?^_?Zo?Mw?By? n=22 c=4 b=5 nu_cut=4 good=40 nongen=[] mism=0
Y????BlneuYw|_zO@_?A?G??Q????A????????Mw?@|??F[??NW??Fw? n=26 c=6 b=5 nu_cut=4 good=56 nongen=[] mism=0
Y??F~z{~?GO???O?@?A??a?????????^G?Iu?BV??Mw??uo?Bp_?Au_? n=26 c=4 b=7 nu_cut=4 good=45 nongen=[] mism=0
Y??F~z{~??F?_?????C_???????O???\o?H]??z_?\S??^O?Aj_?B\?? n=26 c=4 b=7 nu_cut=4 good=50 nongen=[] mism=0
Y??F~z{~C?O_P???????????_?A????Fw?Nc?Bd_?Rs??No?Be_?@\_? n=26 c=4 b=7 nu_cut=4 good=52 nongen=[] mism=0
W???B~]}d{^O_?C_C??G?O??C??????D{?B{??n_?E{??Zo n=24 c=5 b=5 nu_cut=4 good=42 nongen=[] mism=0
W??F~z{~????G???H??G?@??o???[w?Zo?Ms?Av??^O??}_ n=24 c=4 b=6 nu_cut=4 good=45 nongen=[] mism=0
W????BNfq}Vg|_^_G?@???_???B??CA????~??No?@}??Fw n=24 c=6 b=4 nu_cut=4 good=46 nongen=[] mism=0
W????BZnfiNgyoro@?C??C??O?B???C????~??No?@}??Fw n=24 c=6 b=4 nu_cut=4 good=47 nongen=[] mism=0
S??F~z{~A?I?G?D??_????B{?No?^_?^_ n=20 c=4 b=4 nu_cut=4 good=34 nongen=[] mism=0
Y????Blruy]WZo^OO?@??C??Y????@????????Mw?@n??B{??Mw??Lw? n=26 c=6 b=5 nu_cut=4 good=44 nongen=[] mism=0
Y????Bmfvk^_{ovO@?@???O???AC?????D????No?@v??Fk??No??NW? n=26 c=6 b=5 nu_cut=4 good=55 nongen=[] mism=0
W???E|}zf[^O????G?@G?C?A???K???E{?Bu??n_?Fw??\o n=24 c=5 b=5 nu_cut=4 good=43 nongen=[] mism=0
Y???E~{vf[\o??B?G????c??O????@????Av??\o?C}??^O??lo??yo? n=26 c=5 b=6 nu_cut=4 good=49 nongen=[] mism=0
Y????BuvVMZoNolo@??a??_???@???A?@?????NW?@|??F[??Fw??Jw? n=26 c=6 b=5 nu_cut=4 good=49 nongen=[] mism=0
Y??F~z{~C???@?_?C??_???@??@????Rs?MU?Bq_?E{??Zo?Bx??BN?? n=26 c=4 b=7 nu_cut=4 good=46 nongen=[] mism=0
U??F~z{~?_C?O?A?I?@??????Jw?No?\o?NW?A}? n=22 c=4 b=5 nu_cut=4 good=36 nongen=[] mism=0
W???Fny}d{Zo@?A_A?@??_????@????D{?A}??}_?B{??No n=24 c=5 b=5 nu_cut=4 good=36 nongen=[] mism=0
U??F~z{~C???H???D??G?O???NW?Zo?]o?Jw?@}? n=22 c=4 b=5 nu_cut=4 good=41 nongen=[] mism=0
W????BxzVsVolouo?G???A_@A?????g????~??No?@}??Fw n=24 c=6 b=4 nu_cut=4 good=41 nongen=[] mism=0
Y??????]pn\SjovGY[FJ?W????C_??G?????CO????^_?@}??B{??B{? n=26 c=7 b=4 nu_cut=4 good=53 nongen=[] mism=0
W????BNfvs]g]ofoE?CC?A???????@A????~??No?@}??Fw n=24 c=6 b=4 nu_cut=4 good=47 nongen=[] mism=0
Y??F~z{~C???C?G?A?@??A??G??????]W?FU?BT_?Ls?@[o?Bd_?BY_? n=26 c=4 b=7 nu_cut=4 good=38 nongen=[] mism=0
Y??F~z{~@_??Q??????_???@??@????Lk?Lw?@f_?ZW?@xO?A^??@j_? n=26 c=4 b=7 nu_cut=4 good=51 nongen=[] mism=0
U???F^{^b{^O_?C_?OC??@?@????Fw?Fw?B{??~? n=22 c=5 b=4 nu_cut=4 good=41 nongen=[] mism=0
Y???Fv{zb{]o??@?C??c?A?@???G??????BN??vO?Fk??Vg??yo??ro? n=26 c=5 b=6 nu_cut=4 good=48 nongen=[] mism=0
Y??F~z{~??????_?C?@O?_??G?A????]c?Mk?@}??U[?@eo?Bj??@z?? n=26 c=4 b=7 nu_cut=4 good=45 nongen=[] mism=0
Y??F~z{~??A?S?G?O????B?????????Zo?Ku?BF_?]K?@Lo?Am_?@x_? n=26 c=4 b=7 nu_cut=4 good=53 nongen=[] mism=0
Y??????ljf^OmWv_MwBV?_?????A??G?A?_?@O????^_?@}??B{??B{? n=26 c=7 b=4 nu_cut=4 good=51 nongen=[] mism=0
U??F~z{~??E???B?W?C??????NW?\o?No?Lw?A}? n=22 c=4 b=5 nu_cut=4 good=40 nongen=[] mism=0
U??F~z{~??G?C?G?I??O?G???Mw?^O?]o?Ng?@}? n=22 c=4 b=5 nu_cut=4 good=35 nongen=[] mism=0
Y????@^^VY]Wxo{o???O?C?A???C??G??Q????Jw?@|??Fw??Ng??Fw? n=26 c=6 b=5 nu_cut=4 good=44 nongen=[] mism=0
W??F~z{~@G??G?C?I???????C???Jw?]g?F[?Bl??Lw?@z? n=24 c=4 b=6 nu_cut=4 good=45 nongen=[] mism=0
U??F~z{~?_?_G?C????G?a???Fw?^O?No?No?Bu? n=22 c=4 b=5 nu_cut=4 good=35 nongen=[] mism=0
U???Fvmvf[ZoC_??C??G?C?@G???Fw?Fw?B{??~? n=22 c=5 b=4 nu_cut=4 good=35 nongen=[] mism=0
W??F~z{~CO??A?C?C?A?????O???Lw?Lw?Fk?BN??^O?@j_ n=24 c=4 b=6 nu_cut=4 good=41 nongen=[] mism=0
Y??F~z{~??G?O?C??????a??C?C????Fw?NQ?BX_?Rk?@ZO?@n??AN_? n=26 c=4 b=7 nu_cut=4 good=46 nongen=[] mism=0
Y???Fzu|f[^O_?C???@???_?G??O?A????Bx??n_?FY??Yw??{o??No? n=26 c=5 b=6 nu_cut=4 good=56 nongen=[] mism=0
W????@njveJwvOuo?o@??_??o????C?????~??No?@}??Fw n=24 c=6 b=4 nu_cut=4 good=45 nongen=[] mism=0
U??F~z{~C?A?A?C?G?C??O???Lw?No?]o?Ng?A}? n=22 c=4 b=5 nu_cut=4 good=42 nongen=[] mism=0
U???E~yzfkNo@?c?A?CO????_???Fw?Fw?B{??~? n=22 c=5 b=4 nu_cut=4 good=41 nongen=[] mism=0
W????B{]veVgtoz_?G?o?A_????A?C?????~??No?@}??Fw n=24 c=6 b=4 nu_cut=4 good=46 nongen=[] mism=0
Y????BlvemNgVo{o??@??G?A???E??C??_????Fw?@|??E{??NW??Lw? n=26 c=6 b=5 nu_cut=4 good=50 nongen=[] mism=0
Y??????m]VVc]gtgZcBm?O_AA????@O??@????????^_?@}??B{??B{? n=26 c=7 b=4 nu_cut=4 good=45 nongen=[] mism=0
Y????Bm|byLwnOlo?G???a??G????A??@O????No?@n??Fk??Jw??Lw? n=26 c=6 b=5 nu_cut=4 good=54 nongen=[] mism=0
U???E~u~E{VoA?Q???E??G_?????Fw?Fw?B{??~? n=22 c=5 b=4 nu_cut=4 good=35 nongen=[] mism=0
U???Fv{zd{VoO?P?G?@??_??G???Fw?Fw?B{??~? n=22 c=5 b=4 nu_cut=4 good=38 nongen=[] mism=0
W????BZluyNgmo|O???G?o??A?@??B?????~??No?@}??Fw n=24 c=6 b=4 nu_cut=4 good=40 nongen=[] mism=0
Y??????]]jT[jg\gS{Fe????K?????Q??C??__????^_?@}??B{??B{? n=26 c=7 b=4 nu_cut=4 good=51 nongen=[] mism=0
U???F^ynf[Zo`??_A_???G??_???Fw?Fw?B{??~? n=22 c=5 b=4 nu_cut=4 good=35 nongen=[] mism=0
Y???F^u^f[^OA?@?G????K_????O??????@|??lo?Fk??]g??uo??nO? n=26 c=5 b=6 nu_cut=4 good=44 nongen=[] mism=0
W????ByvfYLw^_vOS?CG??o?O??????????~??No?@}??Fw n=24 c=6 b=4 nu_cut=4 good=41 nongen=[] mism=0
Y???B}}vfsNo?_??C??_?A??C??G?C????B{??|_?Ey??Yw??Zo??{o? n=26 c=5 b=6 nu_cut=4 good=44 nongen=[] mism=0
W????BVjt{]g^_}OA??C?A_@??@??C?????~??No?@}??Fw n=24 c=6 b=4 nu_cut=4 good=48 nongen=[] mism=0
Y??????vTrP{VW^O[[C|?O??E??_?@???a????????^_?@}??B{??B{? n=26 c=7 b=4 nu_cut=4 good=53 nongen=[] mism=0
W??F~z{~C???O?P?O??G?A??????[w?]g?J[?@z??Xw?@V_ n=24 c=4 b=6 nu_cut=4 good=41 nongen=[] mism=0
W????B\nfU[wtoz_??@??I????A_??g????~??No?@}??Fw n=24 c=6 b=4 nu_cut=4 good=45 nongen=[] mism=0
Y????BNza}No{oNo??@G?C??G????@??AO????Ng?@v??F[??No??Jw? n=26 c=6 b=5 nu_cut=4 good=43 nongen=[] mism=0
Y????Bu^dm\g}O|O?O?_??_????O?A???E????NW??~??Fw??Fw??Mw? n=26 c=6 b=5 nu_cut=4 good=44 nongen=[] mism=0
U??F~z{~?_G?O?G?O?CO?????No?Vo?^O?Ng?@}? n=22 c=4 b=5 nu_cut=4 good=41 nongen=[] mism=0
W??F~z{~?_??`?????C_?B??????Yw?[w?Nc?Bx??ZW??}_ n=24 c=4 b=6 nu_cut=4 good=44 nongen=[] mism=0
W???Fm}vfs^OA???@????H??A?A_???B{?B{??}_?Fk??Vo n=24 c=5 b=5 nu_cut=4 good=42 nongen=[] mism=0
Y??F~z{~C???_???C????G?@C?A????Vc?Du?AV_?\o?@ho?@v??BM_? n=26 c=4 b=7 nu_cut=4 good=45 nongen=[] mism=0
S??F~z{~C???S?C?G?D???B{?No?^_?^_ n=20 c=4 b=4 nu_cut=4 good=33 nongen=[] mism=0
S??F~z{~@?O_??Q?O?@???B{?No?^_?^_ n=20 c=4 b=4 nu_cut=4 good=33 nongen=[] mism=0
Y???E}}vb{]o?__?S??????@??@???O???By??mo?Fi??Vg??uo??Vo? n=26 c=5 b=6 nu_cut=4 good=49 nongen=[] mism=0
S??F~z{~A?O?g?A???B???B{?No?^_?^_ n=20 c=4 b=4 nu_cut=4 good=34 nongen=[] mism=0
U???Fn]zd{ZoO?G_O????G??W???Fw?Fw?B{??~? n=22 c=5 b=4 nu_cut=4 good=41 nongen=[] mism=0
Y??F~z{~??@???????CG????S?C_???Vo?FM??z_?F[?@v??B]??Bx?? n=26 c=4 b=7 nu_cut=4 good=51 nongen=[] mism=0
Y????Az|TuNg^_vOP??A?O????@???G??A????Mw?@n??B{??Fw??Lw? n=26 c=6 b=5 nu_cut=4 good=44 nongen=[] mism=0
U??F~z{~@?C?c?A?A??O?????Fw?No?Zo?Ng?By? n=22 c=4 b=5 nu_cut=4 good=30 nongen=[] mism=0
Y???Fy}zfsZo??P????C?C??C??_?C????Bj??}O?FM??\o??lo??mo? n=26 c=5 b=6 nu_cut=4 good=41 nongen=[] mism=0
U???B~{zfk^_G_C???CG?C??G???Fw?Fw?B{??~? n=22 c=5 b=4 nu_cut=4 good=35 nongen=[] mism=0
U??F~z{~?GD?C?@?C????A???Lw?Vo?No?Lw?Bu? n=22 c=4 b=5 nu_cut=4 good=35 nongen=[] mism=0
W???Fv]vfkVo??a?E????A_?_??????Fk?A}??v_?B{??]o n=24 c=5 b=5 nu_cut=4 good=46 nongen=[] mism=0
W??F~z{~?GG__?A?C?A?????????VW?Ng?J[?@n??Vo?@f_ n=24 c=4 b=6 nu_cut=4 good=48 nongen=[] mism=0
W??F~z{~?O?_C?O??_?_???A????\o?Tw?Mk?Av??NW?@l_ n=24 c=4 b=6 nu_cut=4 good=34 nongen=[] mism=0
Y??F~z{~A?O???E?@???????O?@????Fk?Ku?BL_?Vo??nO?@r_?Bf?? n=26 c=4 b=7 nu_cut=4 good=54 nongen=[] mism=0
U???Fx}zf[Vo???_H?@??c??A???Fw?Fw?B{??~? n=22 c=5 b=4 nu_cut=4 good=35 nongen=[] mism=0
W????AvZtmXw}_v_G??O?_????A_??I????~??No?@}??Fw n=24 c=6 b=4 nu_cut=4 good=47 nongen=[] mism=0
U??F~z{~C_????a???@??Q???Fw?^_?\o?Fw?A}? n=22 c=4 b=5 nu_cut=4 good=40 nongen=[] mism=0
W???Fzy}b{VoG???G?C??C?@??CG???D{?B{??~??F[??No n=24 c=5 b=5 nu_cut=4 good=43 nongen=[] mism=0
U??F~z{~???__?O?C?DO?????NW?Zo?^O?Fw?By? n=22 c=4 b=5 nu_cut=4 good=38 nongen=[] mism=0
Y???Fzm~FkZoG?????C??D??G??_??C???@|??vO?Dm??Lw??|O??}_? n=26 c=5 b=6 nu_cut=4 good=44 nongen=[] mism=0
W????@nfvq]WZo]oC_?C?a??O????A?????~??No?@}??Fw n=24 c=6 b=4 nu_cut=4 good=34 nongen=[] mism=0
S??F~z{~?G@_a?O???@???B{?No?^_?^_ n=20 c=4 b=4 nu_cut=4 good=35 nongen=[] mism=0
W????B]jveZgnO~???AA?O_?O??E???????~??No?@}??Fw n=24 c=6 b=4 nu_cut=4 good=45 nongen=[] mism=0
W??F~z{~??O?C???G?@g?O??????^_?NW?NS?Br??Rw?@\_ n=24 c=4 b=6 nu_cut=4 good=45 nongen=[] mism=0
Y???Fy}|b{^_H???@??O?C????CC??????Bj??^O?Dy??Jw??\o??mo? n=26 c=5 b=6 nu_cut=4 good=49 nongen=[] mism=0
W??F~z{~?G?_??G?H??????A_???]o?Yw?I{?@}??Uw??v_ n=24 c=4 b=6 nu_cut=4 good=45 nongen=[] mism=0
U??F~z{~CGC?A?_?@_???????NW?Zo?No?Jw?A}? n=22 c=4 b=5 nu_cut=4 good=34 nongen=[] mism=0
W??F~z{~?G@???????D??_??W???Vo?Vo?Ng?Bx??VW??}_ n=24 c=4 b=6 nu_cut=4 good=40 nongen=[] mism=0
Y????Bxxvk\W^OroO??_?@??O??O?@A???????Ng??~??D{??Lw??Fw? n=26 c=6 b=5 nu_cut=4 good=49 nongen=[] mism=0
Y??F~z{~????K?O???@O?_?@???????^G?LM?Be_?Jk?@yO?Aj_?@Z_? n=26 c=4 b=7 nu_cut=4 good=52 nongen=[] mism=0
S??F~z{~@?@?c?A?E?????B{?No?^_?^_ n=20 c=4 b=4 nu_cut=4 good=33 nongen=[] mism=0
S??F~z{~D?@?A???A_A???B{?No?^_?^_ n=20 c=4 b=4 nu_cut=4 good=34 nongen=[] mism=0
U???Fn]}fs^_`??????S?H?@????Fw?Fw?B{??~? n=22 c=5 b=4 nu_cut=4 good=41 nongen=[] mism=0
W???Fm}zb{\oo??_A_???C????@????Fk?@}??^_?E{??^O n=24 c=5 b=5 nu_cut=4 good=48 nongen=[] mism=0
W???Fx}|d{VoG_???_A??_?@??C????B{?Bm??}_?F[??^_ n=24 c=5 b=5 nu_cut=4 good=42 nongen=[] mism=0
Y???D~]zfwZo@???GO?_?o????@???????Av??to?Fi??Xw??ro??No? n=26 c=5 b=6 nu_cut=4 good=50 nongen=[] mism=0
Y???Fn{zfw]oG?_?@?????_?O?????c???@v??}_?D]??Rw??}_??lo? n=26 c=5 b=6 nu_cut=4 good=44 nongen=[] mism=0
Y??????zT\L[ZWVg]K@|?_O???C???c??A??O?????^_?@}??B{??B{? n=26 c=7 b=4 nu_cut=4 good=45 nongen=[] mism=0
Y????@^vVM\g{ozO???c?G?A???G??O??O????Ng?@|??B{??Jw??Jw? n=26 c=6 b=5 nu_cut=4 good=44 nongen=[] mism=0
Y??F~z{~????C???C??O?D????D????Vc?I{?@r_?]K?@io?An??BV?? n=26 c=4 b=7 nu_cut=4 good=45 nongen=[] mism=0
U??F~z{~@?????G?G??g?E???Jw?]o?Zo?Ng?B{? n=22 c=4 b=5 nu_cut=4 good=40 nongen=[] mism=0
Y????BjVtu^_n_zOGOC??O??A??A?????@????No??~??D{??Ng??Mw? n=26 c=6 b=5 nu_cut=4 good=55 nongen=[] mism=0
Y???Fl}^d{VoG?O????W??????E??A????BN??jo?C}??\g??^_??}O? n=26 c=5 b=6 nu_cut=4 good=48 nongen=[] mism=0
U??F~z{~?O@?_???A?AG?C???Ng?^_?Zo?No?By? n=22 c=4 b=5 nu_cut=4 good=35 nongen=[] mism=0
Y??F~z{~?O??O?G?C??o?C?????????\c?E]?@Z_?Yk?@]O?Br??BR_? n=26 c=4 b=7 nu_cut=4 good=46 nongen=[] mism=0
Y??F~z{~?GC???g?P??_???????????]K?Em?Bq_?Xs??^_??n_??v_? n=26 c=4 b=7 nu_cut=4 good=45 nongen=[] mism=0
Y??F~z{~????I?H???A???????AO???NS?K]?AN_?Tk?@\_?@^??@}?? n=26 c=4 b=7 nu_cut=4 good=50 nongen=[] mism=0
Y????B{]vY]WVouo?G?_?B?A??@??????_????Mw?@z??E{??Mw??Lw? n=26 c=6 b=5 nu_cut=4 good=44 nongen=[] mism=0
Y???Fz]}fwNoO???PO?G??_??????C????Bl??xo?Bm??Rw??ro??v_? n=26 c=5 b=6 nu_cut=4 good=46 nongen=[] mism=0
W????BZ{tmUwVo^_G?D??A?????W?@?????~??No?@}??Fw n=24 c=6 b=4 nu_cut=4 good=46 nongen=[] mism=0
U???F^yzfkNoI???@??G?C?AA???Fw?Fw?B{??~? n=22 c=5 b=4 nu_cut=4 good=35 nongen=[] mism=0
U??F~z{~C?B???A?C?C??G???Mw?^_?Vo?Fw?B{? n=22 c=4 b=5 nu_cut=4 good=35 nongen=[] mism=0
Y??????l^pTw^_Tw]oFh????@??E??A?@G???G????^_?@}??B{??B{? n=26 c=7 b=4 nu_cut=4 good=44 nongen=[] mism=0
U???B~mvf[No_?O_O??G????W???Fw?Fw?B{??~? n=22 c=5 b=4 nu_cut=4 good=35 nongen=[] mism=0
W????Bltp}Rwfoz_??@O??O?_?CC?A?????~??No?@}??Fw n=24 c=6 b=4 nu_cut=4 good=40 nongen=[] mism=0
S??F~z{~?_??H?D?K?????B{?No?^_?^_ n=20 c=4 b=4 nu_cut=4 good=32 nongen=[] mism=0
Y????@^rtuFw|_mo??C??O?A??@??@O??O????No?@|??E{??NW??Jw? n=26 c=6 b=5 nu_cut=4 good=48 nongen=[] mism=0
Y????@v~FYFwyoyoA?C???_?G????CC??@????No??~??Fs??Jw??Mw? n=26 c=6 b=5 nu_cut=4 good=49 nongen=[] mism=0
W??F~z{~?WA?`?A?????????O???Lw?^O?Lw??~??Xw??~? n=24 c=4 b=6 nu_cut=4 good=40 nongen=[] mism=0
Y??F~z{~??O?Q?_?C??_????G??????U[?JY?B{??I{??fo?BN??BR_? n=26 c=4 b=7 nu_cut=4 good=45 nongen=[] mism=0
S??F~z{~??E?C?A?@_C???B{?No?^_?^_ n=20 c=4 b=4 nu_cut=4 good=34 nongen=[] mism=0
U??F~z{~A?K???????CG?c???Jw?^O?]o?Lw?B{? n=22 c=4 b=5 nu_cut=4 good=39 nongen=[] mism=0
U??F~z{~??C?O?C?C?CG?O???Ng?Vo?]o?Jw?@}? n=22 c=4 b=5 nu_cut=4 good=35 nongen=[] mism=0
U??F~z{~@??_O?_?G????H???Mw?Zo?^_?Lw?Bm? n=22 c=4 b=5 nu_cut=4 good=30 nongen=[] mism=0
Y??F~z{~??L?O?C????G??????@????[s?Km??~??Lw?@]_?AN_??z_? n=26 c=4 b=7 nu_cut=4 good=43 nongen=[] mism=0
Y????@^}R]]Wto}O?O?C?A?AC??O??G???????Fw?@z??F[??Mw??Ng? n=26 c=6 b=5 nu_cut=4 good=54 nongen=[] mism=0
S??F~z{~A?C?K?A?I?????B{?No?^_?^_ n=20 c=4 b=4 nu_cut=4 good=34 nongen=[] mism=0
S??F~z{~@OG?`?????C_??B{?No?^_?^_ n=20 c=4 b=4 nu_cut=4 good=35 nongen=[] mism=0
Y????A^^VwVWfo}O???C?@?@??CA?@???C????NW?@^??D{??Ng??Ng? n=26 c=6 b=5 nu_cut=4 good=32 nongen=[] mism=0
S??F~z{~???_O?A?G_?o??B{?No?^_?^_ n=20 c=4 b=4 nu_cut=4 good=33 nongen=[] mism=0
Y???F^]nd{^_K?O?E?????????????W???@^??|_?D{??Ng??fo??^_? n=26 c=5 b=6 nu_cut=4 good=48 nongen=[] mism=0
W???D~{zb{NoO?A????_????_?Cg???Fk?B{??~??Fs??\o n=24 c=5 b=5 nu_cut=4 good=43 nongen=[] mism=0
W????@v~DuZgxouo?????I?@@??_??K????~??No?@}??Fw n=24 c=6 b=4 nu_cut=4 good=48 nongen=[] mism=0
U??F~z{~D_????O???CO?@???Fw?Vo?No?Lw?By? n=22 c=4 b=5 nu_cut=4 good=38 nongen=[] mism=0
W??F~z{~??A???????E??@??w???Ng?ZW?Lw?Bx??^O?@^? n=24 c=4 b=6 nu_cut=4 good=43 nongen=[] mism=0
Y???B~{}fwVo@?A??OC??C??_??G??????BZ??mo?E{??Tw??^O??|_? n=26 c=5 b=6 nu_cut=4 good=50 nongen=[] mism=0
W????B{]tuJwfoZoOO@????@@?C???G????~??No?@}??Fw n=24 c=6 b=4 nu_cut=4 good=47 nongen=[] mism=0
S??F~z{~?OA?H?O?O?@???B{?No?^_?^_ n=20 c=4 b=4 nu_cut=4 good=36 nongen=[] mism=0
U??F~z{~A??_????C??G?s???No?No?^_?Mw?By? n=22 c=4 b=5 nu_cut=4 good=39 nongen=[] mism=0
S??F~z{~?GC?A?G??_?o??B{?No?^_?^_ n=20 c=4 b=4 nu_cut=4 good=34 nongen=[] mism=0
U??F~z{~?OA???B?C??G?G???Ng?\o?Vo?NW?A}? n=22 c=4 b=5 nu_cut=4 good=35 nongen=[] mism=0
Y???Fny^e{]o@?A?C??G??_?O?@???????Bl??nO?B]??Yw??mo??fo? n=26 c=5 b=6 nu_cut=4 good=43 nongen=[] mism=0
Y????AvvR]UwZoxoOO@_???@?????AO???????Ng?@z??B{??No??Jw? n=26 c=6 b=5 nu_cut=4 good=41 nongen=[] mism=0
W??F~z{~??E?O???@?E????A????Fw?^G?Fw?A}??]W?@m_ n=24 c=4 b=6 nu_cut=4 good=46 nongen=[] mism=0
Y??????umuLwJw|GZgDl????G_?G??A?A???OG????^_?@}??B{??B{? n=26 c=7 b=4 nu_cut=4 good=54 nongen=[] mism=0
Y??????\Y^R[jWv_VoCn??O?g????A????_?c?????^_?@}??B{??B{? n=26 c=7 b=4 nu_cut=4 good=38 nongen=[] mism=0
Y??????\tyD{xW]oP{F[?O??G_????`?@?_???????^_?@}??B{??B{? n=26 c=7 b=4 nu_cut=4 good=42 nongen=[] mism=0
U??F~z{~AOA?O?@????O?G???Ng?No?Zo?Fw?Bu? n=22 c=4 b=5 nu_cut=4 good=42 nongen=[] mism=0
U??F~z{~??G?I???G?@G?A???Lw?Zo?\o?Ng?By? n=22 c=4 b=5 nu_cut=4 good=39 nongen=[] mism=0
W??F~z{~??@_??O?B????C?@????\g?[w?Ls?Bu??Vo?@N_ n=24 c=4 b=6 nu_cut=4 good=45 nongen=[] mism=0
U???Fz{zf[^OC_??C?A_?@??G???Fw?Fw?B{??~? n=22 c=5 b=4 nu_cut=4 good=36 nongen=[] mism=0
S??F~z{~@OB?O???I?????B{?No?^_?^_ n=20 c=4 b=4 nu_cut=4 good=32 nongen=[] mism=0
U???Fnu^fs^_A???O_AG?C??G???Fw?Fw?B{??~? n=22 c=5 b=4 nu_cut=4 good=40 nongen=[] mism=0
W????B\mt{ZWroz_GG???K??S??G???????~??No?@}??Fw n=24 c=6 b=4 nu_cut=4 good=39 nongen=[] mism=0
W???F\}~F[^O_????O?_?_??A?@G???Fs?A}??~??Fk??^O n=24 c=5 b=5 nu_cut=4 good=37 nongen=[] mism=0
U??F~z{~@?A?_?O?B????@???NW?Vo?Vo?Lw?Bu? n=22 c=4 b=5 nu_cut=4 good=36 nongen=[] mism=0
Y????B\Zp}]oto\oC?????_?O????CO?@@????Lw?@}??Fs??No??Jw? n=26 c=6 b=5 nu_cut=4 good=48 nongen=[] mism=0
Y???D~uzfs^_O?@?G_@????A???_??????@^??nO?FU??Ng??}_??uo? n=26 c=5 b=6 nu_cut=4 good=49 nongen=[] mism=0
W???FvmnfwZoG??????C?C?@A?A_???E{?B{??z_?Fs??^O n=24 c=5 b=5 nu_cut=4 good=47 nongen=[] mism=0
Y????BfNvUFw{omo?????@?A???g??O?B?????No?@z??Fk??Jw??Fw? n=26 c=6 b=5 nu_cut=4 good=48 nongen=[] mism=0
W??F~z{~??@?@?O????g?C?@????Vg?Ng?Lk?@|??\W?@|? n=24 c=4 b=6 nu_cut=4 good=40 nongen=[] mism=0
Y???Fy}vd{^OP?????@o???A??A???????B{??Zo?FY??Lw??}_??vO? n=26 c=5 b=6 nu_cut=4 good=47 nongen=[] mism=0
Y??????vT{NKroVoNcDf??GA_??@?A???A???_????^_?@}??B{??B{? n=26 c=7 b=4 nu_cut=4 good=52 nongen=[] mism=0
Y???Fvu^fwZo????@?C??W??O?C???G???Bt??to?D]??VW??to??z_? n=26 c=5 b=6 nu_cut=4 good=55 nongen=[] mism=0
U???B~y~E{\oC?O?C?CO????o???Fw?Fw?B{??~? n=22 c=5 b=4 nu_cut=4 good=40 nongen=[] mism=0
Y????BtZru\g|_Zo?W???B??G?C???_???????Mw?@^??F[??Fw??Lw? n=26 c=6 b=5 nu_cut=4 good=38 nongen=[] mism=0
Y???E~uvfs^OH?O????C?G?A??????G???@v??}_?@}??[w??mo??{o? n=26 c=5 b=6 nu_cut=4 good=42 nongen=[] mism=0
W??F~z{~?_@???O??_A??A?A????^_?Tw?D{?BN??\W?@x_ n=24 c=4 b=6 nu_cut=4 good=41 nongen=[] mism=0
W??F~z{~??B?_?G?C????E??????Fw?\g?J[?BZ??Vg??v_ n=24 c=4 b=6 nu_cut=4 good=46 nongen=[] mism=0
S??F~z{~@?G???a?C_A???B{?No?^_?^_ n=20 c=4 b=4 nu_cut=4 good=33 nongen=[] mism=0
W??F~z{~D?C_@?A?O???????????Fw?^G?NS?@^??Xw??^_ n=24 c=4 b=6 nu_cut=4 good=46 nongen=[] mism=0
Y???F]}zfwZoE?????A??C?@A??G??????Bt??^_?Du??Jw??}O??jo? n=26 c=5 b=6 nu_cut=4 good=54 nongen=[] mism=0
U??F~z{~C?A?G?A?I????A???Mw?Vo?Vo?NW?Bu? n=22 c=4 b=5 nu_cut=4 good=35 nongen=[] mism=0
W???B~m^f[^_a?C????G??_???B????E{?B{??n_?B{??\o n=24 c=5 b=5 nu_cut=4 good=37 nongen=[] mism=0
S??F~z{~?GG?Q???O?CG??B{?No?^_?^_ n=20 c=4 b=4 nu_cut=4 good=33 nongen=[] mism=0
Y??????mrlS{vOVgK{Et??O??????@G?A@??GG????^_?@}??B{??B{? n=26 c=7 b=4 nu_cut=4 good=51 nongen=[] mism=0
W??F~z{~??C???G??_AG???@G???Uw?\o?Mw?Bu??]W?@t_ n=24 c=4 b=6 nu_cut=4 good=34 nongen=[] mism=0
U??F~z{~??@_??@???E_?_???Jw?Vo?^O?Ng?B{? n=22 c=4 b=5 nu_cut=4 good=38 nongen=[] mism=0
U??F~z{~C??_C?_?A_A??????NW?^O?Zo?NW?By? n=22 c=4 b=5 nu_cut=4 good=35 nongen=[] mism=0
W????B\{ry\gVojo?o???W?A???o???????~??No?@}??Fw n=24 c=6 b=4 nu_cut=4 good=41 nongen=[] mism=0
U???Fnu}fw\o??Q?A??_?_??g???Fw?Fw?B{??~? n=22 c=5 b=4 nu_cut=4 good=40 nongen=[] mism=0
W????Bmrt]Ywn_{oG??_?H??P?????_????~??No?@}??Fw n=24 c=6 b=4 nu_cut=4 good=45 nongen=[] mism=0
W????Bmlt{JwzOxoCO??????P??a??O????~??No?@}??Fw n=24 c=6 b=4 nu_cut=4 good=46 nongen=[] mism=0
Y????Bxytm]W~?~?A????A??A??G??W?@?????Ng?@n??Fk??Ng??Mw? n=26 c=6 b=5 nu_cut=4 good=49 nongen=[] mism=0
W???E~{^fsVo@?_?OO???C??G??G???E{?B{??}_?F[??No n=24 c=5 b=5 nu_cut=4 good=48 nongen=[] mism=0
W????BVlu]JwnOn_??B??O?@_?@_???????~??No?@}??Fw n=24 c=6 b=4 nu_cut=3 good=41 nongen=[] mism=0
U???B~{}fkZog????_?o?W??????Fw?Fw?B{??~? n=22 c=5 b=4 nu_cut=4 good=41 nongen=[] mism=0
W????BN{v[Ng^O\oCGC?????G??G??S????~??No?@}??Fw n=24 c=6 b=4 nu_cut=4 good=40 nongen=[] mism=0
Y????Bxnfw\g\o{o??C??O??Q??C??A??A????Lw?@z??B{??Lw??Mw? n=26 c=6 b=5 nu_cut=4 good=46 nongen=[] mism=0
W???D~u^e{VoA?O?A?CO????A?C????B{?Bm??|_?D{??No n=24 c=5 b=5 nu_cut=4 good=38 nongen=[] mism=0
Y??F~z{~?_A_A?????C??G????A????H{?Bu?An??ZK?@z???|_?@y_? n=26 c=4 b=7 nu_cut=4 good=46 nongen=[] mism=0
W??F~z{~????_?O??_@_?_??C???Mw?Fw?Nc?By??Xw?@u_ n=24 c=4 b=6 nu_cut=4 good=46 nongen=[] mism=0
Y??????F|mJs~?yo[kFU?`?????O?????O_?K?????^_?@}??B{??B{? n=26 c=7 b=4 nu_cut=4 good=45 nongen=[] mism=0
W???D~]^b{]oG?O?S????D?????O???F[?A}??}_?Fk??Zo n=24 c=5 b=5 nu_cut=4 good=42 nongen=[] mism=0
W???D~]ne{^OO?o?CO???@??G??????F[?B]??n_?E{??^O n=24 c=5 b=5 nu_cut=4 good=43 nongen=[] mism=0
W????BmnVUXw|_}_B??G???????I?AC????~??No?@}??Fw n=24 c=6 b=4 nu_cut=4 good=33 nongen=[] mism=0
S??F~z{~?OE?_?I????_??B{?No?^_?^_ n=20 c=4 b=4 nu_cut=4 good=34 nongen=[] mism=0
W????Bruu{Lw{oloO??A????O?@O?AG????~??No?@}??Fw n=24 c=6 b=4 nu_cut=4 good=34 nongen=[] mism=0
U???F\}|b{^O??O?O_C??g??A???Fw?Fw?B{??~? n=22 c=5 b=4 nu_cut=4 good=38 nongen=[] mism=0
S??F~z{~?_@_??a?O_????B{?No?^_?^_ n=20 c=4 b=4 nu_cut=4 good=33 nongen=[] mism=0
S??F~z{~??K???P?@??W??B{?No?^_?^_ n=20 c=4 b=4 nu_cut=4 good=32 nongen=[] mism=0
Y??F~z{~?_@_g?????CG???????????Y[?E{?AZ_?Js?@Mo?@m_?Ar_? n=26 c=4 b=7 nu_cut=4 good=52 nongen=[] mism=0
W????A}}VwZgn_toG????O??A?@C??Q????~??No?@}??Fw n=24 c=6 b=4 nu_cut=4 good=40 nongen=[] mism=0
W????BjnV[]o}_nOGG?I?C?????o???????~??No?@}??Fw n=24 c=6 b=4 nu_cut=4 good=45 nongen=[] mism=0
S??F~z{~C?B???C?C_?G??B{?No?^_?^_ n=20 c=4 b=4 nu_cut=4 good=34 nongen=[] mism=0
Y????@|zTu\ovO{o??CC??O?C??C?A???G????Fw?@|??Fk??Jw??Lw? n=26 c=6 b=5 nu_cut=4 good=56 nongen=[] mism=0
S??F~z{~?_S???O?G?@_??B{?No?^_?^_ n=20 c=4 b=4 nu_cut=4 good=33 nongen=[] mism=0
Y??F~z{~??W_W???C??????????G???Jw?H]?BU_?Tw?@Z_?Bi_?A{_? n=26 c=4 b=7 nu_cut=4 good=50 nongen=[] mism=0
Y???F^mne{^_??C???D??B???????@_???Bt??xo?E{??Zo??jo??|_? n=26 c=5 b=6 nu_cut=4 good=53 nongen=[] mism=0
W????Btzb{VgnO^_??AC?_O???AO?C?????~??No?@}??Fw n=24 c=6 b=4 nu_cut=4 good=33 nongen=[] mism=0
U??F~z{~???_A????_C??[???Lw?^_?^_?NW?Bu? n=22 c=4 b=5 nu_cut=4 good=34 nongen=[] mism=0
W???D~y~F[]o_?O?CO?C????C?A????Fw?By??z_?E{??^O n=24 c=5 b=5 nu_cut=4 good=42 nongen=[] mism=0
W??F~z{~?O??I?_??_?????AC???^O?Zo?M[?@^??Tw??|_ n=24 c=4 b=6 nu_cut=4 good=45 nongen=[] mism=0
S??F~z{~?OA?o???A?D???B{?No?^_?^_ n=20 c=4 b=4 nu_cut=4 good=34 nongen=[] mism=0
Y??????mmZVgLwZoFsBV?O_@?_?A????AO????????^_?@}??B{??B{? n=26 c=7 b=4 nu_cut=4 good=46 nongen=[] mism=0
W???F^{|b{VoH????????Q?@O??O???Fk?Bu??}_?Fs??No n=24 c=5 b=5 nu_cut=4 good=46 nongen=[] mism=0
U???Fz]|fsNo??c?@?AC?G??G???Fw?Fw?B{??~? n=22 c=5 b=4 nu_cut=4 good=40 nongen=[] mism=0
W??F~z{~D???@?O?A??O????O???No?Vg?Mk?Bj??Mw?@m_ n=24 c=4 b=6 nu_cut=4 good=47 nongen=[] mism=0
S??F~z{~??P?P?W????_??B{?No?^_?^_ n=20 c=4 b=4 nu_cut=4 good=35 nongen=[] mism=0
W???E|}vf[Vog?????C??A?@O??C???Fs?B]??|_?B{??]o n=24 c=5 b=5 nu_cut=4 good=37 nongen=[] mism=0
W??F~z{~?OO?G?????C??F??????\W?^G?D{?An??^G??}_ n=24 c=4 b=6 nu_cut=4 good=39 nongen=[] mism=0
W???Fz]nfs^O_?????@??J??A??_???Fs?Bu??|_?F[??^O n=24 c=5 b=5 nu_cut=4 good=38 nongen=[] mism=0
Y???Fy}ze{Vo???_H????C?A??A??@????B\??|O?@}??^G??\o??v_? n=26 c=5 b=6 nu_cut=4 good=49 nongen=[] mism=0
Y???D~]~B{^_???_GOC??O????CG??????BV??ro?Fw??\g??^_??nO? n=26 c=5 b=6 nu_cut=4 good=53 nongen=[] mism=0
Y??F~z{~A???B????????C?A???W???\g?Fq?BR_?No?@m_?A]_?BM_? n=26 c=4 b=7 nu_cut=4 good=46 nongen=[] mism=0
Y??F~z{~?GG?g???H????_?????????NK?@}?AV_?^C?@v??Bb_?BV?? n=26 c=4 b=7 nu_cut=4 good=52 nongen=[] mism=0
W??F~z{~????@?G?C?E_?@??????]W?Zo?M[?@n??^G?@x_ n=24 c=4 b=6 nu_cut=3 good=40 nongen=[] mism=0
Y??F~z{~??@_C????????L??_??????ZS?Lq?Bh_?Fk?@ZO?Az???|_? n=26 c=4 b=7 nu_cut=4 good=48 nongen=[] mism=0
Y??????VX|VcxoXw\cEf?E?????a????AG??G?????^_?@}??B{??B{? n=26 c=7 b=4 nu_cut=4 good=52 nongen=[] mism=0
Y????Bm~BuVWv_NoK??_??O?A?C??C????????NW??~??Fk??Lw??No? n=26 c=6 b=5 nu_cut=4 good=44 nongen=[] mism=0
U??F~z{~??O?Q???C??_?K???Jw?\o?^_?Lw?B{? n=22 c=4 b=5 nu_cut=4 good=40 nongen=[] mism=0
Y????@z}Vk\g~?z_AO?A?A?????c?????@????Mw?@^??B{??NW??Ng? n=26 c=6 b=5 nu_cut=4 good=54 nongen=[] mism=0
W????A^za}\ojonOA??c?W??P??????????~??No?@}??Fw n=24 c=6 b=4 nu_cut=4 good=39 nongen=[] mism=0
Y???Fz]^f[Noo?C???DC?_????????????By??xo?Bm??Uw??yo??Zo? n=26 c=5 b=6 nu_cut=4 good=47 nongen=[] mism=0
W???E~y^fwVo????A_A??A_?_??G???B{?B]??|_?Fk??\o n=24 c=5 b=5 nu_cut=4 good=48 nongen=[] mism=0
Y????BxzUm^_Zouo?O@??@???????@I?A?????Lw?@^??Fs??Ng??Mw? n=26 c=6 b=5 nu_cut=4 good=45 nongen=[] mism=0
S??F~z{~?O?_E?O??_@???B{?No?^_?^_ n=20 c=4 b=4 nu_cut=4 good=35 nongen=[] mism=0
W????BZVr]Volo]o??C??g?AG?????a????~??No?@}??Fw n=24 c=6 b=4 nu_cut=4 good=45 nongen=[] mism=0
W???B~{vf[\o??__?O?o?C?????G???Fw?B]??}_?D{??\o n=24 c=5 b=5 nu_cut=4 good=47 nongen=[] mism=0
Y??F~z{~B??_???????W?O??G??????\S?Jk?A{_?Fk?@xO?@V_?@l_? n=26 c=4 b=7 nu_cut=4 good=51 nongen=[] mism=0
U??F~z{~?_O?O?C?@????`???No?\o?^O?No?Bm? n=22 c=4 b=5 nu_cut=4 good=36 nongen=[] mism=0
W??F~z{~A?O?I?O?@?C?????????Mw?ZW?NK??~??\W??n_ n=24 c=4 b=6 nu_cut=4 good=34 nongen=[] mism=0
W??F~z{~????O???@??O?W?AC???Rw?]g?Ng?Bt??]o??}_ n=24 c=4 b=6 nu_cut=4 good=40 nongen=[] mism=0
Y????@^\t]\gVojoS?C??A?A???_?@????????Ng?@^??D{??Fw??No? n=26 c=6 b=5 nu_cut=4 good=44 nongen=[] mism=0
Y??????\u{Ncn_Tw\SFJ????@_?A?????o??a?????^_?@}??B{??B{? n=26 c=7 b=4 nu_cut=4 good=52 nongen=[] mism=0
W???F^{vd{]oA?_?K?@?????G?A????Fk?@}??v_?Fw??No n=24 c=5 b=5 nu_cut=4 good=43 nongen=[] mism=0
Y???F\}vd{ZoW???O??????@??@???W???@^??}O?@}??Vg??z_??^_? n=26 c=5 b=6 nu_cut=4 good=54 nongen=[] mism=0
Y????@nNv[Rw~?]o?G???_?A??C_??G??A????Lw?@n??Fk??No??No? n=26 c=6 b=5 nu_cut=4 good=44 nongen=[] mism=0
W??F~z{~A?C?_?@???C??W??????Vg?ZW?E{?B\??ZW?@t_ n=24 c=4 b=6 nu_cut=4 good=40 nongen=[] mism=0
W????A^vem^_nOxo?O@??Q??G?????E????~??No?@}??Fw n=24 c=6 b=4 nu_cut=4 good=39 nongen=[] mism=0
U??F~z{~??@?S?K?G?C??????Lw?\o?]o?Lw?Bm? n=22 c=4 b=5 nu_cut=4 good=41 nongen=[] mism=0
Y???Fn]~Fs]o?_P??_@??_????????O???Bt??fo?Bu??Fw??zO??^_? n=26 c=5 b=6 nu_cut=4 good=44 nongen=[] mism=0
U??F~z{~@?O_K????_?_?????Jw?Vo?\o?Lw?B]? n=22 c=4 b=5 nu_cut=4 good=39 nongen=[] mism=0
U???Fy}ve{\oO???A?@??B??Q???Fw?Fw?B{??~? n=22 c=5 b=4 nu_cut=4 good=35 nongen=[] mism=0
W???Fl}~D{Zo_?@?C??_?_??_?A????Fk?Bm??n_?Fk??Vo n=24 c=5 b=5 nu_cut=4 good=37 nongen=[] mism=0
U??F~z{~?G@?G?G????g?_???Fw?No?\o?Ng?B]? n=22 c=4 b=5 nu_cut=4 good=35 nongen=[] mism=0
U???F^{^d{Vo?_H???AO?__?????Fw?Fw?B{??~? n=22 c=5 b=4 nu_cut=4 good=35 nongen=[] mism=0
Y????@zmt]Ngv_joA?A?????O?E??????a????No?@|??Fk??Mw??Mw? n=26 c=6 b=5 nu_cut=4 good=49 nongen=[] mism=0
W???Fnuvd{ZoG?G?@??_?G????E????D{?B{??}_?Fw??\o n=24 c=5 b=5 nu_cut=4 good=41 nongen=[] mism=0
S??F~z{~?OO???@?A_AO??B{?No?^_?^_ n=20 c=4 b=4 nu_cut=4 good=34 nongen=[] mism=0
S??F~z{~E?C?G?P?@?????B{?No?^_?^_ n=20 c=4 b=4 nu_cut=4 good=34 nongen=[] mism=0
Y??????Uz{Nc}Gto[[@v?AO?C??@??A?????g?????^_?@}??B{??B{? n=26 c=7 b=4 nu_cut=4 good=38 nongen=[] mism=0
W??F~z{~?o????g?G??G????O???[w?Uw?NW?@n??VW??v_ n=24 c=4 b=6 nu_cut=4 good=40 nongen=[] mism=0
S??F~z{~?_S???D???D???B{?No?^_?^_ n=20 c=4 b=4 nu_cut=4 good=32 nongen=[] mism=0
Y????BZ|fk^_uovO?W?O????_??C?@???G????Ng?@^??D{??Fw??No? n=26 c=6 b=5 nu_cut=4 good=44 nongen=[] mism=0
W???E~mnfs]oC_G?A??G?@??G??????B{?By??~??F[??\o n=24 c=5 b=5 nu_cut=4 good=43 nongen=[] mism=0
U???Fzm}fwVo_?G?G??K?C?@????Fw?Fw?B{??~? n=22 c=5 b=4 nu_cut=4 good=36 nongen=[] mism=0
U???E~{~FsZo?_@?E??C?_??_???Fw?Fw?B{??~? n=22 c=5 b=4 nu_cut=4 good=41 nongen=[] mism=0
U??F~z{~@?G?_?@?P??G?????Mw?^O?No?Mw?Bu? n=22 c=4 b=5 nu_cut=4 good=36 nongen=[] mism=0
W??F~z{~????B?Q?G????H??????^_?Mw?Lk?Bl??Xw?@}? n=24 c=4 b=6 nu_cut=4 good=44 nongen=[] mism=0
W???E~m~Fs^_??C_D?C???_?_??????E{?B]??n_?D{??]o n=24 c=5 b=5 nu_cut=4 good=47 nongen=[] mism=0
W??F~z{~C?O???O?A?@O????G???^O?ZW?E{?@^??Vo?@y_ n=24 c=4 b=6 nu_cut=4 good=47 nongen=[] mism=0
Y???F^{nfw]oG??????C??_?O??C??g???Bf??fo?Fw??Zo??]o??mo? n=26 c=5 b=6 nu_cut=4 good=53 nongen=[] mism=0
W???B~m~F[]o??a??O?_???B_??????Fs?By??^_?Fk??Vo n=24 c=5 b=5 nu_cut=4 good=39 nongen=[] mism=0
S??F~z{~?g??K???O?D???B{?No?^_?^_ n=20 c=4 b=4 nu_cut=4 good=32 nongen=[] mism=0
S??F~z{~??S?O?K?A??G??B{?No?^_?^_ n=20 c=4 b=4 nu_cut=4 good=35 nongen=[] mism=0
Y????Blvfs^_\o\oO?C???O?A????@???E????NW??~??B{??Jw??No? n=26 c=6 b=5 nu_cut=4 good=44 nongen=[] mism=0
W????@}xrmNomonOO?A??_??E?A???A????~??No?@}??Fw n=24 c=6 b=4 nu_cut=4 good=46 nongen=[] mism=0
W????Bu~E{JwvOmo?_?A??O?A?@??@A????~??No?@}??Fw n=24 c=6 b=4 nu_cut=4 good=44 nongen=[] mism=0
Y????BjNu]MwyouoC_?_??????A??C_?A?????Mw?@|??Fs??Fw??Lw? n=26 c=6 b=5 nu_cut=4 good=49 nongen=[] mism=0
U???D~m^e{^O?_C?O_?G???B????Fw?Fw?B{??~? n=22 c=5 b=4 nu_cut=4 good=41 nongen=[] mism=0
Y??F~z{~??C?O?@??????C?A???g???^_?I{?A\_?ZS??jo?@]_?@n?? n=26 c=4 b=7 nu_cut=4 good=46 nongen=[] mism=0
U???Fnund{No??S??_C??O?AG???Fw?Fw?B{??~? n=22 c=5 b=4 nu_cut=4 good=35 nongen=[] mism=0
Y???B}}zfw]oA?O??o????????A_??C???@|??nO?C}??\o??to??lo? n=26 c=5 b=6 nu_cut=4 good=48 nongen=[] mism=0
Y??????^VMJsmg^_ZWFX?@O????`??????_??o????^_?@}??B{??B{? n=26 c=7 b=4 nu_cut=4 good=51 nongen=[] mism=0
W????BNys}VW}_ro??A??GO@O??G??_????~??No?@}??Fw n=24 c=6 b=4 nu_cut=4 good=34 nongen=[] mism=0
Y???Fvu~D{Zo????@????c?????C?AS???Bx??|_?E{??Yw??vO??}_? n=26 c=5 b=6 nu_cut=4 good=45 nongen=[] mism=0
W???Ft}zfk]oC???G?C??A??C?@O???Fk?B{??^_?Fk??^_ n=24 c=5 b=5 nu_cut=4 good=43 nongen=[] mism=0
U??F~z{~@???c?_??_???D???No?\o?\o?Lw?B{? n=22 c=4 b=5 nu_cut=4 good=35 nongen=[] mism=0
W???B~mnb{Vo??__G??_?_??C??_???D{?B]??|_?D{??]o n=24 c=5 b=5 nu_cut=4 good=37 nongen=[] mism=0
Y????BmZu{LwfoVoO?C?????O?C???A??`????Ng??~??Fs??Fw??No? n=26 c=6 b=5 nu_cut=4 good=34 nongen=[] mism=0
W????BVnfY\Wyo~??g??????S??A??o????~??No?@}??Fw n=24 c=6 b=4 nu_cut=4 good=44 nongen=[] mism=0
Y????AzrvqNW\o\o??CG??_@G?@???_???????Lw?@v??D{??Jw??Ng? n=26 c=6 b=5 nu_cut=4 good=48 nongen=[] mism=0
W????@zrvkZomoyoD???????_??I?A_????~??No?@}??Fw n=24 c=6 b=4 nu_cut=4 good=40 nongen=[] mism=0
Y??F~z{~@O????G?I?A????A???????NW?FM?A^??\o?@Jo?BU_?@l_? n=26 c=4 b=7 nu_cut=4 good=52 nongen=[] mism=0
W????Brrv[]oZo^OP??A???A???c??G????~??No?@}??Fw n=24 c=6 b=4 nu_cut=4 good=41 nongen=[] mism=0
W???Fvu}f[^_@?????????_@K?C_???F[?B{??}_?Fs??Vo n=24 c=5 b=5 nu_cut=4 good=44 nongen=[] mism=0
Y??F~z{~A???_?@?C????@?@??@????\W?B]?B\??]o?@io?@y_?An?? n=26 c=4 b=7 nu_cut=4 good=46 nongen=[] mism=0
S??F~z{~B?G_??K????G??B{?No?^_?^_ n=20 c=4 b=4 nu_cut=4 good=32 nongen=[] mism=0
S??F~z{~????Q?G?E?E???B{?No?^_?^_ n=20 c=4 b=4 nu_cut=4 good=33 nongen=[] mism=0
Y????BmnbyLwtoxo?GCC?cO??????????_????Jw?@n??Fs??NW??Lw? n=26 c=6 b=5 nu_cut=4 good=48 nongen=[] mism=0
U??F~z{~A?G???@?D??O?G???Fw?\o?]o?Fw?Bm? n=22 c=4 b=5 nu_cut=4 good=30 nongen=[] mism=0
W???B|}~F[]o@?A?@O@??c?????????E{?By??v_?Fw??]o n=24 c=5 b=5 nu_cut=4 good=43 nongen=[] mism=0
Y????Blv`}Rwyo}OE?C??@????@???C?@?????No?@^??Fw??Fw??Mw? n=26 c=6 b=5 nu_cut=4 good=50 nongen=[] mism=0
U???F^{nfwNoO?O?A_@_??_?????Fw?Fw?B{??~? n=22 c=5 b=4 nu_cut=4 good=34 nongen=[] mism=0
U??F~z{~C?C?@?_?G_?O?????No?\o?]o?Lw?By? n=22 c=4 b=5 nu_cut=4 good=41 nongen=[] mism=0
Y??????urxXk{obw]WA^????_?C@?@???_??A_????^_?@}??B{??B{? n=26 c=7 b=4 nu_cut=3 good=52 nongen=[] mism=0
W????A|^VqXw]otoD?C???_AO??G???????~??No?@}??Fw n=24 c=6 b=4 nu_cut=4 good=40 nongen=[] mism=0
W????BNnRyUwxonOD??C?o?????O?A?????~??No?@}??Fw n=24 c=6 b=4 nu_cut=4 good=39 nongen=[] mism=0
W??F~z{~????H?c??????D??_???Xw?\o?No?A^??^_?@m_ n=24 c=4 b=6 nu_cut=4 good=39 nongen=[] mism=0
Y????BuzUmFwjo|OG?AC?A?A???C??A???????Ng?@v??D{??No??Mw? n=26 c=6 b=5 nu_cut=4 good=44 nongen=[] mism=0
W??F~z{~CGC???g????_???@????^O?Lw?B{?Bm??Vo?@N_ n=24 c=4 b=6 nu_cut=4 good=34 nongen=[] mism=0
U???B|}|e{VoP?__C?@?????G???Fw?Fw?B{??~? n=22 c=5 b=4 nu_cut=4 good=35 nongen=[] mism=0
U???B}}nb{^Oc?`???A??A?A????Fw?Fw?B{??~? n=22 c=5 b=4 nu_cut=4 good=33 nongen=[] mism=0
W???F^yzfw]oA?@?A??_??_?O?A????Fs?Bu??|_?D{??\o n=24 c=5 b=5 nu_cut=4 good=39 nongen=[] mism=0
S??F~z{~B???`?O???CO??B{?No?^_?^_ n=20 c=4 b=4 nu_cut=4 good=33 nongen=[] mism=0
W???Fnmzb{^OB??????C?C?@C??_???E{?B{??^_?F[??^O n=24 c=5 b=5 nu_cut=4 good=47 nongen=[] mism=0
Y??????ezuQ{fgNgW{FY?GG@???O??G?@???O?????^_?@}??B{??B{? n=26 c=7 b=4 nu_cut=4 good=44 nongen=[] mism=0
S??F~z{~C?C_??A?O_@???B{?No?^_?^_ n=20 c=4 b=4 nu_cut=4 good=34 nongen=[] mism=0
Y??????lvb[s[wbwFsDr?A?@C????AO??A??_?????^_?@}??B{??B{? n=26 c=7 b=4 nu_cut=4 good=53 nongen=[] mism=0
W????Bm^Vw^Guoz_CGCC??O????K???????~??No?@}??Fw n=24 c=6 b=4 nu_cut=4 good=45 nongen=[] mism=0
Y??F~z{~?g?_?????????a?@???O???Rk?FY?Bk_?Zg??]o?BY_?@}?? n=26 c=4 b=7 nu_cut=4 good=44 nongen=[] mism=0
U???D~u}b{\oG_A????O?@?@O???Fw?Fw?B{??~? n=22 c=5 b=4 nu_cut=4 good=40 nongen=[] mism=0
U??F~z{~C???G?d?G????G???Fw?\o?No?Mw?A}? n=22 c=4 b=5 nu_cut=4 good=34 nongen=[] mism=0
S??F~z{~?_A_??I???B???B{?No?^_?^_ n=20 c=4 b=4 nu_cut=4 good=33 nongen=[] mism=0
S??F~z{~@_C_@?????AO??B{?No?^_?^_ n=20 c=4 b=4 nu_cut=4 good=33 nongen=[] mism=0
S??F~z{~@G?_A?C?A??O??B{?No?^_?^_ n=20 c=4 b=4 nu_cut=4 good=34 nongen=[] mism=0
Y????@zvT]LwfotoG??G???A???S?D????????NW?@^??Fs??Fw??No? n=26 c=6 b=5 nu_cut=4 good=48 nongen=[] mism=0
W??F~z{~??A_P?O?A???????G???Fw?Tw?H{?@n??]o?@n? n=24 c=4 b=6 nu_cut=4 good=46 nongen=[] mism=0
Y???B~unfw]o??P?W??????A?????@O???A|??v_?Bu??Rw??Zo??~?? n=26 c=5 b=6 nu_cut=4 good=49 nongen=[] mism=0
Y???B|}}fk^O@_C?G????@??C?C???????BV??~??By??^G??uo??No? n=26 c=5 b=6 nu_cut=4 good=40 nongen=[] mism=0
Y??????h|]K{]WqwZcDl?__?K?A??????P????????^_?@}??B{??B{? n=26 c=7 b=4 nu_cut=4 good=46 nongen=[] mism=0
S??F~z{~?GG?A?@?Q??O??B{?No?^_?^_ n=20 c=4 b=4 nu_cut=4 good=34 nongen=[] mism=0
W???B~{^fsZo_?A?O?B?????_?C????D{?Bm??z_?Fk??Vo n=24 c=5 b=5 nu_cut=4 good=40 nongen=[] mism=0
Y????@|zTuFwNoz_?O????_?O??_????BC????Ng?@n??Fw??No??Mw? n=26 c=6 b=5 nu_cut=3 good=48 nongen=[] mism=0
U??F~z{~?GC?@???O??o?_???Lw?^_?Zo?Ng?@}? n=22 c=4 b=5 nu_cut=4 good=35 nongen=[] mism=0
Y???Fzu}fw^O@???O?AG?C??_?????C???Br??}O?F[??NW??jo??Vo? n=26 c=5 b=6 nu_cut=4 good=44 nongen=[] mism=0
U??F~z{~C???B?C?@??g?????Fw?^O?]o?Lw?B{? n=22 c=4 b=5 nu_cut=4 good=40 nongen=[] mism=0
Y??????uZ]XsZW{WVcA}?@_A???_?C@??O????????^_?@}??B{??B{? n=26 c=7 b=4 nu_cut=4 good=45 nongen=[] mism=0
U??F~z{~??O?@?_?G??_?B???No?No?Zo?Mw?Bm? n=22 c=4 b=5 nu_cut=4 good=36 nongen=[] mism=0
Y??????jrZT[swLwXsE{????O?B???A?B????G????^_?@}??B{??B{? n=26 c=7 b=4 nu_cut=4 good=46 nongen=[] mism=0
Y??F~z{~??@?`?G?G??G????O??????]S?Ey??z_?VS?@m_?BU_?BJ_? n=26 c=4 b=7 nu_cut=4 good=38 nongen=[] mism=0
Y????Bj}fUJw\ov_A?C??_??G??I?????@????No?@z??D{??No??Jw? n=26 c=6 b=5 nu_cut=4 good=39 nongen=[] mism=0
Y??????d}\NK]gVo]WA^?I?A?????CG??_???O????^_?@}??B{??B{? n=26 c=7 b=4 nu_cut=4 good=52 nongen=[] mism=0
U???E~{}fwNog?Q??O???__?????Fw?Fw?B{??~? n=22 c=5 b=4 nu_cut=4 good=39 nongen=[] mism=0
U???D~m~E{NoG?C?@??G?G_?O???Fw?Fw?B{??~? n=22 c=5 b=4 nu_cut=4 good=41 nongen=[] mism=0
Y??F~z{~?G??C?O???C_?W?????????Fw?Mi?Bx??^C?@io?@Z_?Am_? n=26 c=4 b=7 nu_cut=4 good=52 nongen=[] mism=0
U??F~z{~????H?S?@?@??O???No?\o?Zo?Mw?B]? n=22 c=4 b=5 nu_cut=4 good=40 nongen=[] mism=0
U???D~]^d{No??G?A?CG?O?@G???Fw?Fw?B{??~? n=22 c=5 b=4 nu_cut=4 good=36 nongen=[] mism=0
W??F~z{~@??__???A??O?_??G???ZW?\g?E{?A}??]W?@m_ n=24 c=4 b=6 nu_cut=4 good=48 nongen=[] mism=0
Y????A}^fMVgjo^_?GC??A?@???E?A????????Lw?@z??E{??Fw??No? n=26 c=6 b=5 nu_cut=4 good=49 nongen=[] mism=0
W????BjVvwLwNoloO??Q?C?@??A???C????~??No?@}??Fw n=24 c=6 b=4 nu_cut=4 good=40 nongen=[] mism=0
W????Bf^Q}^Gz_toAO?O???A_?????E????~??No?@}??Fw n=24 c=6 b=4 nu_cut=4 good=47 nongen=[] mism=0
W??F~z{~A?A???B??????P??G???No?Vg?Ms?@^??Jw?@u_ n=24 c=4 b=6 nu_cut=4 good=40 nongen=[] mism=0
W??F~z{~?_??A?`?A????@?@????Mw?\o?Lw?@|??\o??|_ n=24 c=4 b=6 nu_cut=4 good=34 nongen=[] mism=0
Y???B~u|b{Vo??@?O????[?A???O??????Av??v_?Em??Zg??mo??{o? n=26 c=5 b=6 nu_cut=4 good=42 nongen=[] mism=0
Y????Bl|c}Ngv_lo?????gO?O??C????@A????Lw?@v??Fw??Jw??Lw? n=26 c=6 b=5 nu_cut=4 good=53 nongen=[] mism=0
S??F~z{~@??_@?Q?A?C???B{?No?^_?^_ n=20 c=4 b=4 nu_cut=4 good=35 nongen=[] mism=0
W??F~z{~E?O???@?C?@????@????No?Uw?Jw?@^??NW?@u_ n=24 c=4 b=6 nu_cut=4 good=47 nongen=[] mism=0
Y????Azmp}^_totoC??C?_??C?AO?????@????Jw?@z??Fs??NW??Lw? n=26 c=6 b=5 nu_cut=4 good=49 nongen=[] mism=0
U??F~z{~@?A?o?@?O?@??????Ng?]o?Vo?Lw?By? n=22 c=4 b=5 nu_cut=4 good=36 nongen=[] mism=0
U??F~z{~?gC?A?G?G?A??????Fw?^O?\o?No?A}? n=22 c=4 b=5 nu_cut=4 good=40 nongen=[] mism=0
W???Fvu|fs^_@?@?C????O_?G??C???Fk?B]??~??Fk??Zo n=24 c=5 b=5 nu_cut=4 good=37 nongen=[] mism=0
S??F~z{~CGQ???K?C?????B{?No?^_?^_ n=20 c=4 b=4 nu_cut=4 good=32 nongen=[] mism=0
Y???FvmvfsZoG?H???@??Q?A??????????An??xo?Fs??Mw??jo??No? n=26 c=5 b=6 nu_cut=4 good=44 nongen=[] mism=0
Y??????MxvH{|OVo[[FX?GG?O?C?????@A??C?????^_?@}??B{??B{? n=26 c=7 b=4 nu_cut=4 good=44 nongen=[] mism=0
U???Fn{vfsZoP?I??????A??c???Fw?Fw?B{??~? n=22 c=5 b=4 nu_cut=4 good=38 nongen=[] mism=0
W????Av~Fk[wz_vO@??A??o@A??O???????~??No?@}??Fw n=24 c=6 b=4 nu_cut=4 good=45 nongen=[] mism=0
Y??????T|]VSZWYwMkEl?C?A@?@??A???G??A?????^_?@}??B{??B{? n=26 c=7 b=4 nu_cut=4 good=46 nongen=[] mism=0
W??F~z{~@?G_??????E?????o???\o?]W?Jw??~??Xw?@\_ n=24 c=4 b=6 nu_cut=4 good=45 nongen=[] mism=0
Y??????rjVYsfozOZg@}?G_?O?C??@???O???G????^_?@}??B{??B{? n=26 c=7 b=4 nu_cut=4 good=45 nongen=[] mism=0
W????By\um]oNofo??CA?B?B???A???????~??No?@}??Fw n=24 c=6 b=4 nu_cut=4 good=40 nongen=[] mism=0
Y???FvmvfwVo???_??@G?X??G?????????Bj??to?E]??]g??|O??mo? n=26 c=5 b=6 nu_cut=4 good=52 nongen=[] mism=0
W???Fx}nd{^O??g?A??G?o?????G???E{?Bu??v_?Fs??Vo n=24 c=5 b=5 nu_cut=4 good=37 nongen=[] mism=0
Y??F~z{~????G?G?@????_??O?CO???W{?Fw??n_?]o?@lO?@{_?Bl?? n=26 c=4 b=7 nu_cut=4 good=45 nongen=[] mism=0
U???Fm}|fs^_O?C?C?AG?A??C???Fw?Fw?B{??~? n=22 c=5 b=4 nu_cut=4 good=36 nongen=[] mism=0
W???Fv]|d{\o@?S?O??G????_??_???F[?A}??}_?B{??^O n=24 c=5 b=5 nu_cut=4 good=42 nongen=[] mism=0
Y??????s}t[s\gjoXkDV??O?O??I??G??o????????^_?@}??B{??B{? n=26 c=7 b=4 nu_cut=4 good=51 nongen=[] mism=0
W??F~z{~A?C?C?@?@??????AO???Zo?Jw?Jw?Bt??Vg?@f_ n=24 c=4 b=6 nu_cut=4 good=41 nongen=[] mism=0
Y??????juxZSloqwM[@}??W??????A???W??g?????^_?@}??B{??B{? n=26 c=7 b=4 nu_cut=4 good=54 nongen=[] mism=0
Y??????vJfJ[zOewUkBu?O?A???G??S???_?G?????^_?@}??B{??B{? n=26 c=7 b=4 nu_cut=4 good=46 nongen=[] mism=0
Y????A}]uyLwn_]o?_E????A???A??_??A????Mw?@}??D{??NW??NW? n=26 c=6 b=5 nu_cut=4 good=50 nongen=[] mism=0
U???Fl}vf[Vo??A?H????D??Q???Fw?Fw?B{??~? n=22 c=5 b=4 nu_cut=4 good=39 nongen=[] mism=0
Y????B]~E]^OZojoO????G??B??_?A???_????Lw?@n??Fs??Mw??Ng? n=26 c=6 b=5 nu_cut=4 good=34 nongen=[] mism=0
W????Azlv[]W^_^_@_??????K??A?E?????~??No?@}??Fw n=24 c=6 b=4 nu_cut=4 good=39 nongen=[] mism=0
Y???E~u|fs^_Q?C???CW??_???????????@n??lo?Bu??^G??z_??xo? n=26 c=5 b=6 nu_cut=4 good=52 nongen=[] mism=0
Y??????qzN]SvONoNKB]?G_A??CO?C???C????????^_?@}??B{??B{? n=26 c=7 b=4 nu_cut=4 good=51 nongen=[] mism=0
Y??F~z{~?OA?C????????A??_?CG???]S?Hu?@}??Tw?@]_?@m_?B\?? n=26 c=4 b=7 nu_cut=4 good=52 nongen=[] mism=0
Y??????lmNVW^_ygZKD{?P????A???P??@???G????^_?@}??B{??B{? n=26 c=7 b=4 nu_cut=4 good=44 nongen=[] mism=0
S??F~z{~CG????A?G_E???B{?No?^_?^_ n=20 c=4 b=4 nu_cut=4 good=33 nongen=[] mism=0
W???Fnm}fk^OG?O??_???E_???C????Fk?By??^_?B{??]o n=24 c=5 b=5 nu_cut=4 good=33 nongen=[] mism=0
W???E~]|b{^OG?g_A??G??????A????D{?Bu??n_?B{??^_ n=24 c=5 b=5 nu_cut=4 good=45 nongen=[] mism=0
U???Fm}^d{]o@???H?CO?I??????Fw?Fw?B{??~? n=22 c=5 b=4 nu_cut=4 good=33 nongen=[] mism=0
W??F~z{~@?S???A???C_?@??????\W?Fw?Jw?Av??Ng?@x_ n=24 c=4 b=6 nu_cut=4 good=47 nongen=[] mism=0
S??F~z{~??O?_?K?G_@???B{?No?^_?^_ n=20 c=4 b=4 nu_cut=4 good=33 nongen=[] mism=0
S??F~z{~?G??Q?Q?A_????B{?No?^_?^_ n=20 c=4 b=4 nu_cut=4 good=32 nongen=[] mism=0
Y????BZZve]ozOv_C??S?@??@?C??????_????Jw??~??B{??No??No? n=26 c=6 b=5 nu_cut=4 good=49 nongen=[] mism=0
Y????BZ]tu[wxo~????G?O_?_??A?C???O????Jw?@n??Fk??Jw??Fw? n=26 c=6 b=5 nu_cut=4 good=43 nongen=[] mism=0
Y??F~z{~@???W?a??????@??C??????H{?Na??|_?W{?@uO?BF_?Bu?? n=26 c=4 b=7 nu_cut=4 good=51 nongen=[] mism=0
Y????@nnfUJwv_fo???_?P??@?@???A?@?????Lw?@}??D{??Lw??No? n=26 c=6 b=5 nu_cut=4 good=43 nongen=[] mism=0
W??F~z{~DOO????????G?@??G???VW?Mw?Jk?@}??Lw?@}? n=24 c=4 b=6 nu_cut=4 good=45 nongen=[] mism=0
W????Br|VYVW}_^O?G?O?`????AC??_????~??No?@}??Fw n=24 c=6 b=4 nu_cut=4 good=34 nongen=[] mism=0
U??F~z{~?GC?C?C?@?A??A???Lw?^O?\o?Lw?@}? n=22 c=4 b=5 nu_cut=4 good=36 nongen=[] mism=0
Y????BxNtyZgmo^_G?A??_O?A??G??G???????Lw?@v??E{??NW??NW? n=26 c=6 b=5 nu_cut=4 good=43 nongen=[] mism=0
Y??F~z{~?_????O?C???????K??o???\g?FY?@m_?Jw?@ko?AV_?A}?? n=26 c=4 b=7 nu_cut=4 good=53 nongen=[] mism=0
W???E}}vf[NoG?C_C_?????A???O???D{?Bm??}_?E{??Zo n=24 c=5 b=5 nu_cut=4 good=48 nongen=[] mism=0
S??F~z{~?OG_??K?@_????B{?No?^_?^_ n=20 c=4 b=4 nu_cut=4 good=33 nongen=[] mism=0
S??F~z{~?_O?P?@???E???B{?No?^_?^_ n=20 c=4 b=4 nu_cut=4 good=34 nongen=[] mism=0
W????Brna}^OfofoG_???AOA??@???G????~??No?@}??Fw n=24 c=6 b=4 nu_cut=4 good=33 nongen=[] mism=0
W???D~{}d{No?_?_@?@??O??C??G???D{?A}??v_?F[??]o n=24 c=5 b=5 nu_cut=4 good=38 nongen=[] mism=0
W??F~z{~A_??O?_??????c??_???Jw?\g?J[?Bu??Ng?@^? n=24 c=4 b=6 nu_cut=4 good=46 nongen=[] mism=0
Y????BuytyLwzOVo???_????D?@C??_??A????NW?@n??B{??Mw??No? n=26 c=6 b=5 nu_cut=4 good=53 nongen=[] mism=0
W???D~uvfw]oC???O?@K????G?@????Fw?Bu??~??F[??\o n=24 c=5 b=5 nu_cut=4 good=35 nongen=[] mism=0
Y??F~z{~?O????G?C?C??e?????????J[?NQ?BX_?Lw?@rO?Bk_?A|?? n=26 c=4 b=7 nu_cut=4 good=51 nongen=[] mism=0
W???Fl}zfkZoA?H?A????O??O??O???D{?By??^_?E{??No n=24 c=5 b=5 nu_cut=4 good=42 nongen=[] mism=0
W???Fzm}fk]oA?O?@???????_??[???D{?Bm??~??D{??^_ n=24 c=5 b=5 nu_cut=4 good=39 nongen=[] mism=0
W???Fv]zfk^_C?@???@G?C??_?A????Fs?@}??}_?F[??]o n=24 c=5 b=5 nu_cut=4 good=42 nongen=[] mism=0
W???E~]~D{^OA???E?A??@?@C??????F[?Bm??v_?Fw??^O n=24 c=5 b=5 nu_cut=4 good=38 nongen=[] mism=0
U??F~z{~A??_C?C?H????A???Ng?^_?^_?Fw?Bu? n=22 c=4 b=5 nu_cut=4 good=35 nongen=[] mism=0
U??F~z{~@?K?A?@??_A??????Lw?Vo?No?No?@}? n=22 c=4 b=5 nu_cut=4 good=35 nongen=[] mism=0
Y??????}UtTsvOzG[sB]?????_?I??a??A???_????^_?@}??B{??B{? n=26 c=7 b=4 nu_cut=4 good=45 nongen=[] mism=0
Y???E|}^fsZo??G?O??C?C??C??G?C????Bu??fo?@}??Ng??zO??}O? n=26 c=5 b=6 nu_cut=4 good=44 nongen=[] mism=0
Y??F~z{~?G??A?P?O???????O?@????]K?Em?Bm??I{?@n??Am_?Bm?? n=26 c=4 b=7 nu_cut=4 good=46 nongen=[] mism=0
W??F~z{~?O@_O?G???A??G??????No?^G?H{??~??Tw??z_ n=24 c=4 b=6 nu_cut=4 good=39 nongen=[] mism=0
U???Fz]nfwVo??@_A??O?G?@A???Fw?Fw?B{??~? n=22 c=5 b=4 nu_cut=4 good=36 nongen=[] mism=0
Y???B~y|fkVo????P_AC?A???????A????B]??ro?Fe??Jw??xo??\o? n=26 c=5 b=6 nu_cut=4 good=47 nongen=[] mism=0
W???Fzm|d{]o?????O?O?a??O?@_???F[?B{??|_?F[??Vo n=24 c=5 b=5 nu_cut=4 good=42 nongen=[] mism=0
Y??F~z{~??C_@?A???C_?C?????????Ls?Hm?@l_?NW?@ko?AN_?At_? n=26 c=4 b=7 nu_cut=4 good=52 nongen=[] mism=0
Y????Bu^euNWroz_O??O?G?????I?@??A?????NW?@}??F[??Ng??Fw? n=26 c=6 b=5 nu_cut=4 good=49 nongen=[] mism=0
W????Av^UuZW^_xo?_@????@O??Q??C????~??No?@}??Fw n=24 c=6 b=4 nu_cut=4 good=48 nongen=[] mism=0
Y??F~z{~????C???O?@_???@??AG???]S?NS?Bq_?Ls?@Lo?BV??A^?? n=26 c=4 b=7 nu_cut=4 good=44 nongen=[] mism=0
U???Fz]|d{\o????E?D??C_?A???Fw?Fw?B{??~? n=22 c=5 b=4 nu_cut=4 good=38 nongen=[] mism=0
S??F~z{~?_C?O?_?B?C???B{?No?^_?^_ n=20 c=4 b=4 nu_cut=4 good=35 nongen=[] mism=0
Y??????Z^h^OwwZoE{Ef?E?????o????AA???O????^_?@}??B{??B{? n=26 c=7 b=4 nu_cut=4 good=52 nongen=[] mism=0
U??F~z{~@OG?O???B?C??????Fw?]o?]o?Ng?Bm? n=22 c=4 b=5 nu_cut=4 good=40 nongen=[] mism=0
Y???F^yvd{]oO?C??_???O??A?@??C????BV??n_?Bu??NW??uo??vO? n=26 c=5 b=6 nu_cut=4 good=42 nongen=[] mism=0
U??F~z{~?GK?G?_???C??@???Lw?Vo?]o?Lw?Bm? n=22 c=4 b=5 nu_cut=4 good=34 nongen=[] mism=0
S??F~z{~AO??K?_?A??O??B{?No?^_?^_ n=20 c=4 b=4 nu_cut=4 good=34 nongen=[] mism=0
U???D~m^fk^Og?_??_?_?P??????Fw?Fw?B{??~? n=22 c=5 b=4 nu_cut=4 good=40 nongen=[] mism=0
W???B|}zd{^__?W?AO????????CG???D{?Bm??~??Fw??Zo n=24 c=5 b=5 nu_cut=4 good=47 nongen=[] mism=0
Y????A}]p}\gVouo?_C??g???????AG??A????Lw?@|??Fw??Mw??Jw? n=26 c=6 b=5 nu_cut=4 good=54 nongen=[] mism=0
U???Fzu|f[ZoW?C?@????_??c???Fw?Fw?B{??~? n=22 c=5 b=4 nu_cut=4 good=36 nongen=[] mism=0
Y??F~z{~????B????_???c??G??_???Zc?Nc?@l_?Yw?@]O?Bq_?BU_? n=26 c=4 b=7 nu_cut=4 good=44 nongen=[] mism=0
U??F~z{~?_O?@???C?A_?_???Ng?^O?Zo?Jw?@}? n=22 c=4 b=5 nu_cut=4 good=41 nongen=[] mism=0
Y????B{yvwYw\omo?O???H?A??Ao??????????Ng?@z??Fw??NW??Lw? n=26 c=6 b=5 nu_cut=4 good=52 nongen=[] mism=0
W???Fny}fwVoO_@??O?_???B???????D{?Bm??^_?Fk??^O n=24 c=5 b=5 nu_cut=4 good=42 nongen=[] mism=0
S??F~z{~??Q?D???@_A???B{?No?^_?^_ n=20 c=4 b=4 nu_cut=4 good=34 nongen=[] mism=0
Y????BxVvsLwv_fo?W????O???B???_?A?????Ng?@|??Fk??Lw??Fw? n=26 c=6 b=5 nu_cut=4 good=44 nongen=[] mism=0
Y???F^u|b{Zo???_A??O?_??O????AO???B]??ro?FY??Vo??uo??\o? n=26 c=5 b=6 nu_cut=4 good=49 nongen=[] mism=0
Y???Fx}nb{Vo??????????_@??@O?Cc???A}??|O?Bu??No??nO??|_? n=26 c=5 b=6 nu_cut=4 good=43 nongen=[] mism=0
U???Fz]nf[\o??_?A?AG?Q??O???Fw?Fw?B{??~? n=22 c=5 b=4 nu_cut=4 good=40 nongen=[] mism=0
Y????BxnS}Zo}_|O?O?????@???C?BA??@????Ng?@v??Fk??NW??Ng? n=26 c=6 b=5 nu_cut=4 good=48 nongen=[] mism=0
Y??F~z{~??G?_???O_?_????C?A????Ts?NW??|_?T[?@j_?BX_?@u_? n=26 c=4 b=7 nu_cut=4 good=53 nongen=[] mism=0
Y???E|}|fk^O@?C??????Q??E?????O???Bx??lo?Fe??Fw??No??^_? n=26 c=5 b=6 nu_cut=4 good=41 nongen=[] mism=0
Y??F~z{~?G@?G?G????g?C?????????Xk?Dm?BL_?R[?@{_?Bq_??n_? n=26 c=4 b=7 nu_cut=4 good=46 nongen=[] mism=0
W??F~z{~?OA?_???C????_??o???Vg?Vg?B{?BN??No?@z? n=24 c=4 b=6 nu_cut=4 good=40 nongen=[] mism=0
S??F~z{~??@?_?D?E?@???B{?No?^_?^_ n=20 c=4 b=4 nu_cut=4 good=35 nongen=[] mism=0
Y??F~z{~@??_g?A???????????E????Js?K{?@N_?Q{?@|??@v??At_? n=26 c=4 b=7 nu_cut=4 good=53 nongen=[] mism=0
Y??F~z{~??I?G?O??????@??_??_???Uw?M[??^_?\K?@fO?BL_?A]_? n=26 c=4 b=7 nu_cut=4 good=38 nongen=[] mism=0
W???E~mvb{^_?__??????W?A???g???Fk?@}??z_?Fw??^O n=24 c=5 b=5 nu_cut=4 good=42 nongen=[] mism=0
S??F~z{~?G??D?A?H?A???B{?No?^_?^_ n=20 c=4 b=4 nu_cut=4 good=33 nongen=[] mism=0
U??F~z{~COA???C??_?G?_???Mw?^O?\o?Fw?Bu? n=22 c=4 b=5 nu_cut=4 good=35 nongen=[] mism=0
W???E|}vf[Vo??_?A_A??C?A_??????D{?By??^_?E{??Zo n=24 c=5 b=5 nu_cut=4 good=42 nongen=[] mism=0
S??F~z{~B?G__?I???????B{?No?^_?^_ n=20 c=4 b=4 nu_cut=4 good=34 nongen=[] mism=0
W????Bx|U]Jwjo~??_?C?A??`?E????????~??No?@}??Fw n=24 c=6 b=4 nu_cut=4 good=41 nongen=[] mism=0
W???Ft}^fk^O??A???@_?_??A?AG???F[?B{??^_?F[??^_ n=24 c=5 b=5 nu_cut=4 good=37 nongen=[] mism=0
U??F~z{~AG@?O???S????@???Mw?]o?No?Fw?Bu? n=22 c=4 b=5 nu_cut=4 good=40 nongen=[] mism=0
W??F~z{~E???????O??G?A??W???Mw?^_?I{?@}??\W?@{_ n=24 c=4 b=6 nu_cut=4 good=46 nongen=[] mism=0
U??F~z{~@?O?@?O?C?A??_???No?^_?Vo?NW?Bu? n=22 c=4 b=5 nu_cut=4 good=30 nongen=[] mism=0
Y??????wzuJsNolgVgBr?OOA???G??G?@A????????^_?@}??B{??B{? n=26 c=7 b=4 nu_cut=4 good=44 nongen=[] mism=0
W??F~z{~?g??A?G?O??G???A????^G?Lw?D{?@|??Vo?@Z_ n=24 c=4 b=6 nu_cut=4 good=47 nongen=[] mism=0
W????A|]u{FwVonO??D???_@@?A??A?????~??No?@}??Fw n=24 c=6 b=4 nu_cut=4 good=39 nongen=[] mism=0
W????A|}P}^On_roO??G?O??E?@???_????~??No?@}??Fw n=24 c=6 b=4 nu_cut=4 good=41 nongen=[] mism=0
Y??F~z{~?GC?A???G?@??B?????????^_?Em?@\_?L[?@ho?Au_?Ax_? n=26 c=4 b=7 nu_cut=4 good=46 nongen=[] mism=0
W????BV{v[Non_]oS????B??C?A???A????~??No?@}??Fw n=24 c=6 b=4 nu_cut=4 good=40 nongen=[] mism=0
Y???Fvu}b{Zo??`??_???A??A?@??@????A^??^_?Eu??Vg??|O??\o? n=26 c=5 b=6 nu_cut=4 good=55 nongen=[] mism=0
U???F^u^d{^OD?????A_?I??G???Fw?Fw?B{??~? n=22 c=5 b=4 nu_cut=4 good=39 nongen=[] mism=0
S??F~z{~?_G?@?A?E?A???B{?No?^_?^_ n=20 c=4 b=4 nu_cut=4 good=35 nongen=[] mism=0
W????BxxryTwfov_?????P??g??a?@?????~??No?@}??Fw n=24 c=6 b=4 nu_cut=4 good=46 nongen=[] mism=0
Y??????h~iNKVoVo]cBu?????_@C?C@?????@G????^_?@}??B{??B{? n=26 c=7 b=4 nu_cut=4 good=44 nongen=[] mism=0
W????Butt{Lwn_toD?C??AO?G??_???????~??No?@}??Fw n=24 c=6 b=4 nu_cut=4 good=38 nongen=[] mism=0
Y?????~}fY\g}_VoQ???????P??G??C??_????No?@^??F[??Fw??No? n=26 c=6 b=5 nu_cut=4 good=50 nongen=[] mism=0
U??F~z{~@?@?????L????S???NW?^_?\o?NW?B]? n=22 c=4 b=5 nu_cut=4 good=36 nongen=[] mism=0
Y??????ZizVWwwyoVKD{?OO???????@?AC???g????^_?@}??B{??B{? n=26 c=7 b=4 nu_cut=4 good=45 nongen=[] mism=0
S??F~z{~??C_S?g?A?????B{?No?^_?^_ n=20 c=4 b=4 nu_cut=4 good=33 nongen=[] mism=0
U???D~u|f[Vog?D?@?AC????????Fw?Fw?B{??~? n=22 c=5 b=4 nu_cut=4 good=30 nongen=[] mism=0
W???E}}}b{^_C?_??_AC???A??A????F[?Bu??n_?D{??\o n=24 c=5 b=5 nu_cut=4 good=43 nongen=[] mism=0
S??F~z{~@O?_G?@?I?????B{?No?^_?^_ n=20 c=4 b=4 nu_cut=4 good=33 nongen=[] mism=0
Y??F~z{~??C?A?@?O?E?????C??????T[?E{?Ar_?P{?@{O??^_?Be_? n=26 c=4 b=7 nu_cut=4 good=38 nongen=[] mism=0
S??F~z{~?_S???O?O?@_??B{?No?^_?^_ n=20 c=4 b=4 nu_cut=4 good=34 nongen=[] mism=0
U??F~z{~?_A?A?G?@?C??G???NW?^O?^O?Fw?Bm? n=22 c=4 b=5 nu_cut=4 good=36 nongen=[] mism=0
S??F~z{~?_O?I?a?C?????B{?No?^_?^_ n=20 c=4 b=4 nu_cut=4 good=34 nongen=[] mism=0
U??F~z{~@GO?A??????G?Q???Fw?]o?\o?Fw?B{? n=22 c=4 b=5 nu_cut=4 good=40 nongen=[] mism=0
Y???Fz{nfk^OA???@_?G?????????Cc???B]??vO?D{??Lw??z_??\o? n=26 c=5 b=6 nu_cut=3 good=50 nongen=[] mism=0
W????A|}fYTwromo?_???S??C?@??AC????~??No?@}??Fw n=24 c=6 b=4 nu_cut=4 good=40 nongen=[] mism=0
S??F~z{~C?@_??O?E??O??B{?No?^_?^_ n=20 c=4 b=4 nu_cut=4 good=35 nongen=[] mism=0
Y????@n}dm]g|_jo??CC?O??H?????a???????Mw?@v??Fk??Jw??Ng? n=26 c=6 b=5 nu_cut=4 good=48 nongen=[] mism=0
U??F~z{~?OG?A???S?E??????NW?^O?\o?Jw?Bu? n=22 c=4 b=5 nu_cut=4 good=39 nongen=[] mism=0
U???D~mze{Zo??G?G_@_????W???Fw?Fw?B{??~? n=22 c=5 b=4 nu_cut=4 good=39 nongen=[] mism=0
U???F^u~E{^_??A?@O@??_??E???Fw?Fw?B{??~? n=22 c=5 b=4 nu_cut=4 good=41 nongen=[] mism=0
U???F^{^fsNo??o??_?g?A??_???Fw?Fw?B{??~? n=22 c=5 b=4 nu_cut=4 good=36 nongen=[] mism=0
S??F~z{~??Q???Q?G_C???B{?No?^_?^_ n=20 c=4 b=4 nu_cut=4 good=33 nongen=[] mism=0
U??F~z{~??R?A?????@G?_???Fw?^O?Vo?Jw?Bm? n=22 c=4 b=5 nu_cut=4 good=36 nongen=[] mism=0
U??F~z{~C?E???@?A?@??@???Mw?^_?Vo?Fw?Bu? n=22 c=4 b=5 nu_cut=4 good=41 nongen=[] mism=0
W????A}}dm]Wto]oG??O????@?AG?D?????~??No?@}??Fw n=24 c=6 b=4 nu_cut=4 good=33 nongen=[] mism=0
Y???Fzu^fs\oB??????G?A?@A?@???????@}??|_?FU??Ng??lo??mo? n=26 c=5 b=6 nu_cut=4 good=54 nongen=[] mism=0
U???E~y|e{^OO?@_C??G?D??????Fw?Fw?B{??~? n=22 c=5 b=4 nu_cut=4 good=33 nongen=[] mism=0
W????BVnbyMw]o|OC???????K?CC??S????~??No?@}??Fw n=24 c=6 b=4 nu_cut=4 good=40 nongen=[] mism=0
Y?????~mty\W~?zO??AC?C?@??AA??_???????No??~??Fk??Jw??Mw? n=26 c=6 b=5 nu_cut=4 good=45 nongen=[] mism=0
Y??????|H|ZojgyWYkBm?_?@?_????C??@??A_????^_?@}??B{??B{? n=26 c=7 b=4 nu_cut=4 good=45 nongen=[] mism=0
W????Avvf[\W\ovO?O???GO@@??G??O????~??No?@}??Fw n=24 c=6 b=4 nu_cut=4 good=48 nongen=[] mism=0
U???Fx}nd{^_G_????E??B??A???Fw?Fw?B{??~? n=22 c=5 b=4 nu_cut=4 good=35 nongen=[] mism=0
Y????A}jr{[wvO}OC?A??@?@???O??_?A?????Mw?@v??Fk??Ng??Lw? n=26 c=6 b=5 nu_cut=4 good=50 nongen=[] mism=0
Y????@^^VUVg}_NoA?A??`?A??????A??_????Lw?@^??B{??Jw??Fw? n=26 c=6 b=5 nu_cut=4 good=44 nongen=[] mism=0
Y??F~z{~E?????@?C????I????A????Jk?D{?B{??VW??yo?Bb_?BL_? n=26 c=4 b=7 nu_cut=4 good=52 nongen=[] mism=0
U??F~z{~?G@?G?G?@?C??C???Lw?Zo?^_?Fw?Bu? n=22 c=4 b=5 nu_cut=4 good=36 nongen=[] mism=0
Y??????ZnM\oMwuWNgBN????E?C@?C_?????A?????^_?@}??B{??B{? n=26 c=7 b=4 nu_cut=4 good=45 nongen=[] mism=0
W????B{rr]]o^Omo?O???A?@???c??a????~??No?@}??Fw n=24 c=6 b=4 nu_cut=4 good=47 nongen=[] mism=0
U??F~z{~?GG?c?A?G??G?????NW?Zo?Zo?Fw?A}? n=22 c=4 b=5 nu_cut=4 good=40 nongen=[] mism=0
Y??F~z{~@?O?C?????CO???@_??????Us?NI?@y_?X[??^_?BZ??@|?? n=26 c=4 b=7 nu_cut=4 good=52 nongen=[] mism=0
S??F~z{~?_O?A?G?C?AO??B{?No?^_?^_ n=20 c=4 b=4 nu_cut=4 good=35 nongen=[] mism=0
U???D~u}b{]oB??_???G?E?@????Fw?Fw?B{??~? n=22 c=5 b=4 nu_cut=4 good=41 nongen=[] mism=0
S??F~z{~@?H???`?C_????B{?No?^_?^_ n=20 c=4 b=4 nu_cut=4 good=33 nongen=[] mism=0
S??F~z{~@G?_c???P?????B{?No?^_?^_ n=20 c=4 b=4 nu_cut=4 good=33 nongen=[] mism=0
U???D~{ne{^OB?g??_@????@????Fw?Fw?B{??~? n=22 c=5 b=4 nu_cut=4 good=34 nongen=[] mism=0
Y???D~m}e{\oG?S??O???B?@??????????Br??mo?Em??Uw??Zo??yo? n=26 c=5 b=6 nu_cut=4 good=44 nongen=[] mism=0
Y???E|}zfk^_??E?@????O??C?C_??????@v??fo?B]??\g??~???mo? n=26 c=5 b=6 nu_cut=4 good=55 nongen=[] mism=0
U???Fy}~FkNoA_C_?O@?????C???Fw?Fw?B{??~? n=22 c=5 b=4 nu_cut=4 good=38 nongen=[] mism=0
Y???Fnu^fs^O?_H?G?C_?A????????????Bj??\o?D{??\o??vO??fo? n=26 c=5 b=6 nu_cut=4 good=44 nongen=[] mism=0
Y??F~z{~??C?????A?CO?A??O??G???Fk?Na?Br??ZW?@u_?Bq_??}_? n=26 c=4 b=7 nu_cut=4 good=53 nongen=[] mism=0
U???Fnm~Fw^O?_C?Q??C??_?G???Fw?Fw?B{??~? n=22 c=5 b=4 nu_cut=4 good=39 nongen=[] mism=0
U??F~z{~?GG?A?C?G??_?A???NW?No?\o?No?By? n=22 c=4 b=5 nu_cut=4 good=42 nongen=[] mism=0
S??F~z{~E?A_??S??_????B{?No?^_?^_ n=20 c=4 b=4 nu_cut=4 good=32 nongen=[] mism=0
W???Fn]|d{Vo??a?A?A??A??_??O???F[?@}??n_?Fk??^O n=24 c=5 b=5 nu_cut=4 good=40 nongen=[] mism=0
U???E}}^fk]oG?g????c?B??????Fw?Fw?B{??~? n=22 c=5 b=4 nu_cut=4 good=35 nongen=[] mism=0
W???Fvy^fk\oA?@?E????B?A???????Fk?B{??v_?E{??Vo n=24 c=5 b=5 nu_cut=4 good=47 nongen=[] mism=0
U???F]}vfkVo?_Q????W???AO???Fw?Fw?B{??~? n=22 c=5 b=4 nu_cut=4 good=35 nongen=[] mism=0
Y???Fm}vb{^OG?@_G_???C????A???????A^??mo?Fi??]W??No??to? n=26 c=5 b=6 nu_cut=4 good=48 nongen=[] mism=0
S??F~z{~AGA?O???B??G??B{?No?^_?^_ n=20 c=4 b=4 nu_cut=4 good=33 nongen=[] mism=0
Y???D~u|e{Nog?O????K????G?C???????@|??ro?Fq??\W??No??uo? n=26 c=5 b=6 nu_cut=4 good=42 nongen=[] mism=0
W???B~u}b{]oE???C??C?_??C?A????Fs?@}??^_?D{??^O n=24 c=5 b=5 nu_cut=4 good=33 nongen=[] mism=0
S??F~z{~A?G?K?K????O??B{?No?^_?^_ n=20 c=4 b=4 nu_cut=4 good=34 nongen=[] mism=0
Y????@z}fkTwvO^_A??A?@_A?????@???C????NW?@|??E{??Ng??No? n=26 c=6 b=5 nu_cut=4 good=44 nongen=[] mism=0
Y???E~y^e{No??C?@?D??P??A?????????B{??|_?Fi??Yw??jo??yo? n=26 c=5 b=6 nu_cut=4 good=49 nongen=[] mism=0
U???D~]~FkNoK???W????`?@????Fw?Fw?B{??~? n=22 c=5 b=4 nu_cut=4 good=39 nongen=[] mism=0
S??F~z{~??K???E?H?C???B{?No?^_?^_ n=20 c=4 b=4 nu_cut=4 good=34 nongen=[] mism=0
W??F~z{~E?C???@?C??_?O??????Ng?VW?Fk?Bf??\g?@\_ n=24 c=4 b=6 nu_cut=4 good=40 nongen=[] mism=0
Y????BmzRuRw^ONo???C?_O?C?B??C????????Lw?@}??Fk??Lw??NW? n=26 c=6 b=5 nu_cut=4 good=55 nongen=[] mism=0
Y??F~z{~A?????A?E?A_???????O???W{?Mk?@u_?[[?@N_?@j_?Bp_? n=26 c=4 b=7 nu_cut=4 good=45 nongen=[] mism=0
S??F~z{~AGC???g?O??G??B{?No?^_?^_ n=20 c=4 b=4 nu_cut=4 good=33 nongen=[] mism=0
W??F~z{~?WW?O??????O?G??????Tw?Vg?D{?BV??Jw?@t_ n=24 c=4 b=6 nu_cut=4 good=40 nongen=[] mism=0
Y??????yZN^Csw\WTwCn?Q??O?????S?AO????????^_?@}??B{??B{? n=26 c=7 b=4 nu_cut=4 good=51 nongen=[] mism=0
U??F~z{~C??_??O?G_?O?_???NW?No?^O?Jw?By? n=22 c=4 b=5 nu_cut=4 good=35 nongen=[] mism=0
Y??????^R\F[ygyWX[@n??OA???g????AA??C?????^_?@}??B{??B{? n=26 c=7 b=4 nu_cut=4 good=45 nongen=[] mism=0
S??F~z{~?_D?a???A??G??B{?No?^_?^_ n=20 c=4 b=4 nu_cut=4 good=34 nongen=[] mism=0
W????B\^ViVoNouo@?@C?o??A????@?????~??No?@}??Fw n=24 c=6 b=4 nu_cut=4 good=46 nongen=[] mism=0
U??F~z{~@?@?_?@?A?C??@???Mw?Vo?]o?Mw?@}? n=22 c=4 b=5 nu_cut=4 good=36 nongen=[] mism=0
Y??F~z{~?_??_?A??_??????O?D????Lk?H]?BU_?\o??vO?B]??@z?? n=26 c=4 b=7 nu_cut=4 good=46 nongen=[] mism=0
U??F~z{~????_?A?@?AG?g???No?]o?No?Ng?Bu? n=22 c=4 b=5 nu_cut=4 good=35 nongen=[] mism=0
Y??F~z{~A?????C??_CO?_?????O???VS?Bm?BX_?]g??ro?Bf??Af_? n=26 c=4 b=7 nu_cut=4 good=46 nongen=[] mism=0
W???D~]~FsNo??I?G?A??_??A?C????F[?A}??~??F[??No n=24 c=5 b=5 nu_cut=4 good=42 nongen=[] mism=0
Y??F~z{~C?????`?K?@????????G???Q{?Ng?Bp_?X[??nO?Bf??@j_? n=26 c=4 b=7 nu_cut=4 good=44 nongen=[] mism=0
W???Fvm^fkVoA?A?G??G??_?O??_???B{?@}??z_?Fs??Vo n=24 c=5 b=5 nu_cut=4 good=43 nongen=[] mism=0
W????@n^euUw^_vO?_?c?A?@??D????????~??No?@}??Fw n=24 c=6 b=4 nu_cut=4 good=41 nongen=[] mism=0
Y??F~z{~??O_G?????A??a?????O???NK?Lk?Bh_?S{?@m_?A{_?Aj_? n=26 c=4 b=7 nu_cut=4 good=45 nongen=[] mism=0
W????A^rtuNo~?roG?C??D????@C?A?????~??No?@}??Fw n=24 c=6 b=4 nu_cut=4 good=40 nongen=[] mism=0
U??F~z{~????C?A?G_CG?C???Lw?^O?^O?NW?Bu? n=22 c=4 b=5 nu_cut=4 good=40 nongen=[] mism=0
S??F~z{~?gG_??O???D???B{?No?^_?^_ n=20 c=4 b=4 nu_cut=4 good=33 nongen=[] mism=0
W??F~z{~A?A???T?O???????G???Zo?VW?M[?@^??Tw??v_ n=24 c=4 b=6 nu_cut=4 good=44 nongen=[] mism=0
U???Fl}nd{NoO__???AG?g??????Fw?Fw?B{??~? n=22 c=5 b=4 nu_cut=4 good=39 nongen=[] mism=0
S??F~z{~?OC?K???A_A???B{?No?^_?^_ n=20 c=4 b=4 nu_cut=4 good=35 nongen=[] mism=0
W???Fvyvd{No_?????Ag???AC?A????F[?By??v_?F[??^_ n=24 c=5 b=5 nu_cut=4 good=45 nongen=[] mism=0
W????Av|U]Ngv_]oA_?Q?O?????S???????~??No?@}??Fw n=24 c=6 b=4 nu_cut=4 good=47 nongen=[] mism=0
Y??F~z{~?O??C???A?@??_??C?A????]S?Dm?BY_?Fw??~??Bp_?@l_? n=26 c=4 b=7 nu_cut=4 good=38 nongen=[] mism=0
Y????Bm{s}XwZo|OO_@A?G?????C??_???????Mw??~??D{??NW??Jw? n=26 c=6 b=5 nu_cut=4 good=48 nongen=[] mism=0
U??F~z{~?_@?@?C?C?@??O???Lw?^_?Zo?NW?Bu? n=22 c=4 b=5 nu_cut=4 good=30 nongen=[] mism=0
U??F~z{~A???_?I??_@??C???Mw?^_?^_?NW?Bu? n=22 c=4 b=5 nu_cut=4 good=30 nongen=[] mism=0
Y??????ZZm^OuW~?RwEj??G?A?@??CG??g????????^_?@}??B{??B{? n=26 c=7 b=4 nu_cut=4 good=37 nongen=[] mism=0
Y??????d}Z^CJwTwB{Bu????O????@C?@C??o?????^_?@}??B{??B{? n=26 c=7 b=4 nu_cut=4 good=38 nongen=[] mism=0
Y??????p~UNcnG|_MkFb?`??P??C?????G???_????^_?@}??B{??B{? n=26 c=7 b=4 nu_cut=4 good=44 nongen=[] mism=0
U???E~]|b{NoG?@?G?C??_??Q???Fw?Fw?B{??~? n=22 c=5 b=4 nu_cut=4 good=35 nongen=[] mism=0
W??F~z{~?OO?O???C??W????C???]W?Vo?Jw?@^??VW?@|? n=24 c=4 b=6 nu_cut=4 good=34 nongen=[] mism=0
Y??F~z{~??????`?P_???G?????O???]S?FU?Bd_?S{?@n??Bx??Al_? n=26 c=4 b=7 nu_cut=4 good=42 nongen=[] mism=0
Y???Fz{}fkZo??G_??@_???AA?????G???Bj??n_?Eu??Uw??\o??jo? n=26 c=5 b=6 nu_cut=4 good=54 nongen=[] mism=0
Y????BumvU^_\o^O???G????H??I??_?@?????Mw?@|??Fk??Jw??NW? n=26 c=6 b=5 nu_cut=4 good=55 nongen=[] mism=0
U??F~z{~A?A???K?O?C??O???Lw?Vo?\o?No?By? n=22 c=4 b=5 nu_cut=4 good=40 nongen=[] mism=0
Y??F~z{~?O??@?A???Ag?_?????????Xw?Mq?Bb_?ZK?@To?@\_?@Z_? n=26 c=4 b=7 nu_cut=4 good=37 nongen=[] mism=0
S??F~z{~?_G?_?a??_?G??B{?No?^_?^_ n=20 c=4 b=4 nu_cut=4 good=35 nongen=[] mism=0
W???E~unb{]o@??_C????E?A???O???Fs?B{??|_?F[??No n=24 c=5 b=5 nu_cut=4 good=49 nongen=[] mism=0
Y????ByVruYwjozO?G???`??A????Ag???????Jw?@|??Fs??Lw??Lw? n=26 c=6 b=5 nu_cut=4 good=52 nongen=[] mism=0
U??F~z{~?oB?_?O???C??????Jw?Vo?No?No?@}? n=22 c=4 b=5 nu_cut=4 good=40 nongen=[] mism=0
Y???Fm}~B{^OG???OO?S?A???????C????B\??\o?FU??\o??fo??nO? n=26 c=5 b=6 nu_cut=4 good=54 nongen=[] mism=0
U??F~z{~???_C?G?@??_?g???Jw?^_?^_?Mw?B]? n=22 c=4 b=5 nu_cut=4 good=41 nongen=[] mism=0
Y??????s~X^GZgNoU[Ef?G?@??????Q??C??CG????^_?@}??B{??B{? n=26 c=7 b=4 nu_cut=4 good=46 nongen=[] mism=0
Y????Anuq}VovOmoC??G?W??A?????G??O????Mw?@v??E{??Ng??Lw? n=26 c=6 b=5 nu_cut=4 good=44 nongen=[] mism=0
Y????BmmvU]gnOZo???_?@_?O???????@W????Mw?@n??D{??No??No? n=26 c=6 b=5 nu_cut=3 good=52 nongen=[] mism=0
Y???B~{|fwVoG?????A???_?G??W??C???Bl??n_?D{??Ng??|_??{o? n=26 c=5 b=6 nu_cut=4 good=49 nongen=[] mism=0
Y??????uqnVg]gYw]WA}?a??_?????G??C_?_?????^_?@}??B{??B{? n=26 c=7 b=4 nu_cut=4 good=45 nongen=[] mism=0
W????Az{q}^OnOVo?_??????a?D??CO????~??No?@}??Fw n=24 c=6 b=4 nu_cut=4 good=39 nongen=[] mism=0
W??F~z{~??C_A????_A??S??????VW?]o?Fs?A|??Lw?@n? n=24 c=4 b=6 nu_cut=4 good=46 nongen=[] mism=0
W????@^VvsRw}O\o?O???@?A_?E??@?????~??No?@}??Fw n=24 c=6 b=4 nu_cut=4 good=47 nongen=[] mism=0
Y??????izt]gJwmgFsEu?@?A??C???G?@@???O????^_?@}??B{??B{? n=26 c=7 b=4 nu_cut=4 good=46 nongen=[] mism=0
W????Bxxuy\on_lo@??Q?@_????c???????~??No?@}??Fw n=24 c=6 b=4 nu_cut=4 good=45 nongen=[] mism=0
Y????@nuumUw|ONoCO???Q?@G?????_???????Mw??~??E{??Fw??Lw? n=26 c=6 b=5 nu_cut=4 good=54 nongen=[] mism=0
U??F~z{~??C?????H?AO?`???Ng?^O?No?No?Bu? n=22 c=4 b=5 nu_cut=4 good=40 nongen=[] mism=0
Y??F~z{~C?G?A?A??????S??_??????F[?Iu?Bm??H{?@y_?@n??B[_? n=26 c=4 b=7 nu_cut=4 good=46 nongen=[] mism=0
W???B~unfkVoC?a???@???_A??A????Fk?By??^_?D{??No n=24 c=5 b=5 nu_cut=4 good=33 nongen=[] mism=0
U??F~z{~??K?A?K??_???O???Mw?Vo?Vo?Ng?Bm? n=22 c=4 b=5 nu_cut=4 good=41 nongen=[] mism=0
Y????@^zVM^GzOv_???G???AI?@??@???O????Mw?@z??Fw??No??Mw? n=26 c=6 b=5 nu_cut=4 good=37 nongen=[] mism=0
U??F~z{~COG?G?A????G?G???Lw?Vo?Vo?Fw?Bu? n=22 c=4 b=5 nu_cut=4 good=35 nongen=[] mism=0
U???Fnyvf[ZoO?G??_CG?A??O???Fw?Fw?B{??~? n=22 c=5 b=4 nu_cut=4 good=36 nongen=[] mism=0
U??F~z{~??G?_?G?O??_?K???NW?^_?\o?Lw?Bu? n=22 c=4 b=5 nu_cut=4 good=36 nongen=[] mism=0
U??F~z{~?GG?W?_?O????G???Lw?^O?Zo?Jw?Bm? n=22 c=4 b=5 nu_cut=4 good=41 nongen=[] mism=0
Y????@}~B]VWzOlo??A???????C_??C??U????No?@}??D{??Jw??NW? n=26 c=6 b=5 nu_cut=4 good=46 nongen=[] mism=0
W???F\}nd{^Oa?S????????A_??C???D{?By??z_?Fk??No n=24 c=5 b=5 nu_cut=4 good=43 nongen=[] mism=0
W????An|T]Xw{o{oA?@O?C?????g??C????~??No?@}??Fw n=24 c=6 b=4 nu_cut=4 good=39 nongen=[] mism=0
Y???Fn]vfw^O????Q??G?G??G?A???G???B{??ro?Fk??\o??ro??{o? n=26 c=5 b=6 nu_cut=4 good=43 nongen=[] mism=0
Y????BrnVM\gNofo??D?????O??g??C?@?????NW?@z??Fs??Jw??Jw? n=26 c=6 b=5 nu_cut=4 good=48 nongen=[] mism=0
W????BNVvqVonOyoO_?_?CO??????AC????~??No?@}??Fw n=24 c=6 b=4 nu_cut=4 good=46 nongen=[] mism=0
Y??????w|]^O|GmgYwBt??W?D??O?A???O????????^_?@}??B{??B{? n=26 c=7 b=4 nu_cut=4 good=46 nongen=[] mism=0
Y???Fvy^fk]o`?C?O?????????AO??O???@}??vO?Fw??Ng??uo??No? n=26 c=5 b=6 nu_cut=4 good=49 nongen=[] mism=0
Y??F~z{~?_A???@????G?_?A???O???Ys?Iu?BM_?Fk??n_?Ay_?By?? n=26 c=4 b=7 nu_cut=4 good=46 nongen=[] mism=0
S??F~z{~?OO_A?C?O_????B{?No?^_?^_ n=20 c=4 b=4 nu_cut=4 good=34 nongen=[] mism=0
W???E~y|fk^_??A?A??C?G?A??@G???Fk?Bu??~??E{??No n=24 c=5 b=5 nu_cut=4 good=38 nongen=[] mism=0
W????A^|VUZgzO\o@?AC?G?AA??_???????~??No?@}??Fw n=24 c=6 b=4 nu_cut=4 good=48 nongen=[] mism=0
U???Fz]nf[VoG???E?C??E?@????Fw?Fw?B{??~? n=22 c=5 b=4 nu_cut=4 good=35 nongen=[] mism=0
W????Az~FeLwzOyoO??I????W??C?A?????~??No?@}??Fw n=24 c=6 b=4 nu_cut=4 good=34 nongen=[] mism=0
W??F~z{~@?G_O?G????G????O???Zg?Zg?I{?By??Fw?@Z_ n=24 c=4 b=6 nu_cut=4 good=47 nongen=[] mism=0
W????BN]ru]WtonO??C_???@??CG??K????~??No?@}??Fw n=24 c=6 b=4 nu_cut=4 good=46 nongen=[] mism=0
S??F~z{~@O??S???I??O??B{?No?^_?^_ n=20 c=4 b=4 nu_cut=4 good=32 nongen=[] mism=0
W????Azlq}^_^O^_O_????OB??@O???????~??No?@}??Fw n=24 c=6 b=4 nu_cut=4 good=47 nongen=[] mism=0
S??F~z{~????W?O?P?@O??B{?No?^_?^_ n=20 c=4 b=4 nu_cut=4 good=32 nongen=[] mism=0
W???D~y|fw\oA????_?_????k??_???Fk?A}??}_?B{??^O n=24 c=5 b=5 nu_cut=4 good=46 nongen=[] mism=0
W??F~z{~?_@?_?G?A??W????????NW?Jw?M[?@n??Tw?@x_ n=24 c=4 b=6 nu_cut=4 good=34 nongen=[] mism=0
S??F~z{~?OK?_?B?C?????B{?No?^_?^_ n=20 c=4 b=4 nu_cut=4 good=34 nongen=[] mism=0
S??F~z{~?GD???@?P?A???B{?No?^_?^_ n=20 c=4 b=4 nu_cut=4 good=34 nongen=[] mism=0
Y????B]tvYNW{otoB????G?A???C??A??G????Fw?@|??B{??Lw??Lw? n=26 c=6 b=5 nu_cut=4 good=43 nongen=[] mism=0
U???F^]|f[VoB???H??C?_??O???Fw?Fw?B{??~? n=22 c=5 b=4 nu_cut=4 good=36 nongen=[] mism=0
U??F~z{~???_c???S?@??O???Ng?]o?^_?Lw?B]? n=22 c=4 b=5 nu_cut=4 good=41 nongen=[] mism=0
Y??F~z{~AG@?????C??O???@???G???]g?LY?@y_?VW?@Yo?@n???~?? n=26 c=4 b=7 nu_cut=4 good=45 nongen=[] mism=0
Y??????ZqvZgMwXwZKD{?__AC????A_??_????????^_?@}??B{??B{? n=26 c=7 b=4 nu_cut=4 good=53 nongen=[] mism=0
Y???D~m~B{^O??o?A??G???A???O??G???Bt??mo?E{??Rw??jo??vO? n=26 c=5 b=6 nu_cut=4 good=48 nongen=[] mism=0
W???D|}|e{\oG????OA????Ag??G???Fs?Bm??}_?D{??No n=24 c=5 b=5 nu_cut=4 good=45 nongen=[] mism=0
W???Fzu|b{NoA?@?O?C??G??W??????Fs?Bm??n_?B{??Vo n=24 c=5 b=5 nu_cut=4 good=42 nongen=[] mism=0
Y??????umuZKyWLwZc@n?G?@G?????G??C???o????^_?@}??B{??B{? n=26 c=7 b=4 nu_cut=4 good=44 nongen=[] mism=0
W????Bx}T]\g\o^_Q?AA?C_???????G????~??No?@}??Fw n=24 c=6 b=4 nu_cut=4 good=40 nongen=[] mism=0
Y???Fm}^f[NoO?C?C_???_??A?A???????@v??|O?D{??Jw??uo??Zo? n=26 c=5 b=6 nu_cut=4 good=44 nongen=[] mism=0
W???D|}|fk^_C?_?@????A?@G?A????B{?Bm??}_?D{??^_ n=24 c=5 b=5 nu_cut=4 good=45 nongen=[] mism=0
S??F~z{~B?@?A?@???E???B{?No?^_?^_ n=20 c=4 b=4 nu_cut=4 good=34 nongen=[] mism=0
Y??????|br]gnOug\WFF?@G?C??C?????O??AG????^_?@}??B{??B{? n=26 c=7 b=4 nu_cut=4 good=53 nongen=[] mism=0
W??F~z{~D??_??A?O??G????G???NW?Tw?D{?BN??\o?@z? n=24 c=4 b=6 nu_cut=4 good=40 nongen=[] mism=0
U??F~z{~?O????G???@W?`???No?^O?Zo?Ng?Bu? n=22 c=4 b=5 nu_cut=4 good=36 nongen=[] mism=0
U??F~z{~?O??W?_?Q????@???Ng?Zo?Zo?Mw?Bu? n=22 c=4 b=5 nu_cut=4 good=41 nongen=[] mism=0
Y??F~z{~C_@?I?C??????_?????????[k?Jq?@N_?ZK??Vo?@}??AN_? n=26 c=4 b=7 nu_cut=4 good=44 nongen=[] mism=0
W??F~z{~@?A???O??_?O?G?A????^G?]o?B{?An??\W?@|? n=24 c=4 b=6 nu_cut=4 good=41 nongen=[] mism=0
S??F~z{~?_P???@?C?AG??B{?No?^_?^_ n=20 c=4 b=4 nu_cut=4 good=35 nongen=[] mism=0
U??F~z{~@_O_??_?C??G?????Jw?No?^_?Fw?A}? n=22 c=4 b=5 nu_cut=4 good=39 nongen=[] mism=0
U???B|}nfk^_@_A??O???E?A????Fw?Fw?B{??~? n=22 c=5 b=4 nu_cut=4 good=34 nongen=[] mism=0
Y??F~z{~??A_C?A?G?C????@???????F[?I{??^_?W{?@|??A{_?Be_? n=26 c=4 b=7 nu_cut=4 good=53 nongen=[] mism=0
W???Fzmnf[^_A?_??_?C??_???@_???F[?B]??z_?Fw??No n=24 c=5 b=5 nu_cut=4 good=38 nongen=[] mism=0
Y??F~z{~???_??????@O?H??G?A????]K?@}?A|??]K?@V_?@y_?Bi_? n=26 c=4 b=7 nu_cut=4 good=52 nongen=[] mism=0
Y????A}vfMUwfoZoO??O??O@_?@???A???????Jw?@z??D{??Mw??NW? n=26 c=6 b=5 nu_cut=4 good=39 nongen=[] mism=0
Y??F~z{~??G???_????O?a?@O??????NS?Je?Bi_?\g?@y_?BU_??n_? n=26 c=4 b=7 nu_cut=4 good=51 nongen=[] mism=0
S??F~z{~??O_C?_?G?AO??B{?No?^_?^_ n=20 c=4 b=4 nu_cut=4 good=34 nongen=[] mism=0
U??F~z{~E?A_??A?A????A???Fw?]o?Vo?Fw?Bu? n=22 c=4 b=5 nu_cut=4 good=34 nongen=[] mism=0
U??F~z{~?G????_?E?B??O???Ng?]o?^_?Lw?Bu? n=22 c=4 b=5 nu_cut=4 good=41 nongen=[] mism=0
W???Fnu}e{ZoA?g?A????A?@G??????B{?@}??n_?Fs??\o n=24 c=5 b=5 nu_cut=4 good=38 nongen=[] mism=0
Y???E~m^b{]oi???A????C?@???C??????@^??mo?Em??NW??^O??uo? n=26 c=5 b=6 nu_cut=4 good=38 nongen=[] mism=0
Y???Ft}vfw\o??`???@C???@?????@G???@n??No?FU??Zo??n_??vO? n=26 c=5 b=6 nu_cut=4 good=54 nongen=[] mism=0
W????BxlvqFwvOuo?_?G??_@G?AG???????~??No?@}??Fw n=24 c=6 b=4 nu_cut=4 good=39 nongen=[] mism=0
W???E~yvfw]og??????O?C??_?AO???Fs?@}??n_?Fw??Zo n=24 c=5 b=5 nu_cut=4 good=47 nongen=[] mism=0
U??F~z{~A??_C?_?C?C??@???Ng?\o?^_?NW?B{? n=22 c=4 b=5 nu_cut=4 good=36 nongen=[] mism=0
W???F^]^fkVoG?G??????A?AK??C???Fs?A}??|_?D{??^O n=24 c=5 b=5 nu_cut=4 good=41 nongen=[] mism=0
Y????Bjxu]Rw{o]oC?B??C??G??_?????C????Jw?@|??E{??No??No? n=26 c=6 b=5 nu_cut=4 good=42 nongen=[] mism=0
W????@}{vs^OjofoG?CO?S?????I???????~??No?@}??Fw n=24 c=6 b=4 nu_cut=4 good=39 nongen=[] mism=0
U??F~z{~@?A?G?B????_?@???Mw?^O?\o?NW?B{? n=22 c=4 b=5 nu_cut=4 good=40 nongen=[] mism=0
W???Fv]nd{^_O????o@??O????E????E{?@}??}_?Fw??]o n=24 c=5 b=5 nu_cut=4 good=46 nongen=[] mism=0
U??F~z{~?G?_C?A?@??_?O???Fw?\o?Zo?Jw?@}? n=22 c=4 b=5 nu_cut=4 good=36 nongen=[] mism=0
W????A}|U]VWzOto@?B??H?????Q???????~??No?@}??Fw n=24 c=6 b=4 nu_cut=4 good=45 nongen=[] mism=0
S??F~z{~AG??a?D?G?????B{?No?^_?^_ n=20 c=4 b=4 nu_cut=4 good=33 nongen=[] mism=0
Y????BN{p}ZW|_uo??BA?A??C??G??G???????Lw?@^??E{??Ng??Jw? n=26 c=6 b=5 nu_cut=3 good=43 nongen=[] mism=0
Y??F~z{~???_A?C?@?C????A_??????Zo?Js?BY_?\K?@jO?@m_?Av?? n=26 c=4 b=7 nu_cut=4 good=53 nongen=[] mism=0
Y???Fz]}d{ZoO?????????_?O?D??AC???B\??]o?Fk??^_??to??{o? n=26 c=5 b=6 nu_cut=4 good=44 nongen=[] mism=0
U???F^{nf[]oA?G?G??W???@O???Fw?Fw?B{??~? n=22 c=5 b=4 nu_cut=4 good=35 nongen=[] mism=0
W??F~z{~??G????????g?A?@g???]g?]W?No?B{??VW?@n? n=24 c=4 b=6 nu_cut=4 good=37 nongen=[] mism=0
U??F~z{~C?@???C???@O?H???Fw?^_?Zo?Fw?By? n=22 c=4 b=5 nu_cut=4 good=35 nongen=[] mism=0
S??F~z{~@???_?c?@?@O??B{?No?^_?^_ n=20 c=4 b=4 nu_cut=4 good=33 nongen=[] mism=0
S??F~z{~CGI???E???C???B{?No?^_?^_ n=20 c=4 b=4 nu_cut=4 good=33 nongen=[] mism=0
U??F~z{~C_C???@?C?E??????Fw?^O?No?No?Bm? n=22 c=4 b=5 nu_cut=4 good=40 nongen=[] mism=0
W????BZnbyMw}OnO?????@_?B?AG?A?????~??No?@}??Fw n=24 c=6 b=4 nu_cut=4 good=44 nongen=[] mism=0
W??F~z{~?G??A?@???AO?G?@????^G?^O?Lk?@n??\g?@m_ n=24 c=4 b=6 nu_cut=4 good=40 nongen=[] mism=0
Y????B{vRu[w~?lo?OAG????@??A????A_????No?@v??Fs??Jw??Lw? n=26 c=6 b=5 nu_cut=4 good=47 nongen=[] mism=0
Y???Fn{}d{ZoC?A?O?@C??????@C??????BN??zO?B{??]g??ro??n_? n=26 c=5 b=6 nu_cut=4 good=56 nongen=[] mism=0
S??F~z{~@O??W?B?O?????B{?No?^_?^_ n=20 c=4 b=4 nu_cut=4 good=34 nongen=[] mism=0
W????BNtq}Lw^_z_@??_?_?A_?@??@?????~??No?@}??Fw n=24 c=6 b=4 nu_cut=4 good=38 nongen=[] mism=0
U??F~z{~@???A?E??_A??O???Ng?\o?Vo?NW?Bu? n=22 c=4 b=5 nu_cut=4 good=35 nongen=[] mism=0
W????BuZvU^O{ojoH??G???????a??I????~??No?@}??Fw n=24 c=6 b=4 nu_cut=4 good=39 nongen=[] mism=0
U??F~z{~@???E?G???C??E???Ng?Vo?^_?NW?B]? n=22 c=4 b=5 nu_cut=4 good=40 nongen=[] mism=0
U??F~z{~C?O?G?O?A?@??@???Lw?Vo?Zo?Jw?Bu? n=22 c=4 b=5 nu_cut=4 good=30 nongen=[] mism=0
Y????Az|fq^Gv_jo?_?????@C??C??K??_????Ng??~??B{??Mw??Mw? n=26 c=6 b=5 nu_cut=4 good=49 nongen=[] mism=0
U??F~z{~C??_O?a???A??A???Lw?\o?]o?Ng?Bm? n=22 c=4 b=5 nu_cut=4 good=41 nongen=[] mism=0
W???Ft}}fkZoO?_????G?_??_?@_???E{?Bu??^_?F[??^_ n=24 c=5 b=5 nu_cut=4 good=42 nongen=[] mism=0
U??F~z{~@?A?G?A??_C??_???Jw?^O?^_?Lw?Bm? n=22 c=4 b=5 nu_cut=4 good=42 nongen=[] mism=0
S??F~z{~A???I?`?G_????B{?No?^_?^_ n=20 c=4 b=4 nu_cut=4 good=33 nongen=[] mism=0
W????Byveu^_foloCG@O????@?@C???????~??No?@}??Fw n=24 c=6 b=4 nu_cut=4 good=42 nongen=[] mism=0
Y????@|jvs^G|_Vo?WA??G?A???O??C???????No??~??F[??Jw??Ng? n=26 c=6 b=5 nu_cut=4 good=56 nongen=[] mism=0
U???D}}ve{^OO?I???CG?G??O???Fw?Fw?B{??~? n=22 c=5 b=4 nu_cut=4 good=35 nongen=[] mism=0
Y??????dzf\c{WNg]WBt?@?@???O??K?????B?????^_?@}??B{??B{? n=26 c=7 b=4 nu_cut=4 good=49 nongen=[] mism=0
Y??F~z{~B???C???G????C?AC??????Yw?FU?A{_?Vo??n_?@Z_?Bk_? n=26 c=4 b=7 nu_cut=4 good=51 nongen=[] mism=0
Y??????vJxNSdwrWQ{Fe?B??B?D???A???????????^_?@}??B{??B{? n=26 c=7 b=4 nu_cut=4 good=45 nongen=[] mism=0
U???Fv]~F[^O@?C??_???Q?AA???Fw?Fw?B{??~? n=22 c=5 b=4 nu_cut=4 good=40 nongen=[] mism=0
Y????B{~B]TwVovOC???????Q?D??C??@?????Mw?@^??Fw??Lw??NW? n=26 c=6 b=5 nu_cut=4 good=49 nongen=[] mism=0
U??F~z{~A?A?@?O?@?@??A???NW?No?^O?Lw?@}? n=22 c=4 b=5 nu_cut=4 good=36 nongen=[] mism=0
Y??????h}fJ[moxgVgEl?E??C??A??O??_???G????^_?@}??B{??B{? n=26 c=7 b=4 nu_cut=4 good=54 nongen=[] mism=0
W??F~z{~?_A?@?_??????q??????VW?Vg?Nc??~??\g?@n? n=24 c=4 b=6 nu_cut=4 good=39 nongen=[] mism=0
Y????A|ZtmYwVo~????_????_?AO?E??A?????No?@|??Fk??Mw??Mw? n=26 c=6 b=5 nu_cut=4 good=49 nongen=[] mism=0
Y??????k}]VStgZo[k?~?C?@O?A???B?????G?????^_?@}??B{??B{? n=26 c=7 b=4 nu_cut=4 good=52 nongen=[] mism=0
Y??F~z{~A???????G?@g????S??????NS?JY?Bs_?J[??xo?@r_?An?? n=26 c=4 b=7 nu_cut=3 good=43 nongen=[] mism=0
W???Fnu^fw^OC__??_???I????A????Fw?Bu??}_?B{??Vo n=24 c=5 b=5 nu_cut=4 good=43 nongen=[] mism=0
Y??F~z{~??A?_?C???A??B?????G???\K?Ey?BL_?Uw?@\_?A{_?AN_? n=26 c=4 b=7 nu_cut=4 good=45 nongen=[] mism=0
Y???F^unf[^OQ?G?@O?????????_?A????B]??fo?B]??Fw??\o??nO? n=26 c=5 b=6 nu_cut=4 good=43 nongen=[] mism=0
U??F~z{~??@_A???C_A??_???NW?Vo?]o?No?Bm? n=22 c=4 b=5 nu_cut=4 good=41 nongen=[] mism=0
S??F~z{~?O?_D???G?CO??B{?No?^_?^_ n=20 c=4 b=4 nu_cut=4 good=34 nongen=[] mism=0
U??F~z{~?OO_??S?G????@???Mw?No?Vo?Mw?A}? n=22 c=4 b=5 nu_cut=4 good=40 nongen=[] mism=0
S??F~z{~@_??C?o?H?????B{?No?^_?^_ n=20 c=4 b=4 nu_cut=4 good=33 nongen=[] mism=0
W???Fu}vfkVoA?@?K????G??C??_???Fk?@}??v_?B{??^_ n=24 c=5 b=5 nu_cut=4 good=38 nongen=[] mism=0
W??F~z{~?GG?C?A???C??A?@????Lw?Tw?Ls?B{??NW??v_ n=24 c=4 b=6 nu_cut=4 good=34 nongen=[] mism=0
S??F~z{~CGO?K?W???????B{?No?^_?^_ n=20 c=4 b=4 nu_cut=4 good=33 nongen=[] mism=0
U??F~z{~?_@?@?C?@?@??O???Jw?Zo?Zo?Fw?A}? n=22 c=4 b=5 nu_cut=4 good=30 nongen=[] mism=0
W??F~z{~??A?O???O??O?C?AG???Tw?\o?Jk?B{??Mw?@N_ n=24 c=4 b=6 nu_cut=4 good=41 nongen=[] mism=0
W????BVmuuVWtoZo?_A??O????D???g????~??No?@}??Fw n=24 c=6 b=4 nu_cut=4 good=40 nongen=[] mism=0
S??F~z{~??S?o?O?B?????B{?No?^_?^_ n=20 c=4 b=4 nu_cut=4 good=33 nongen=[] mism=0
Y????@vzfsTwlo~????o????B??A?A??@?????Jw?@v??Fk??Jw??Fw? n=26 c=6 b=5 nu_cut=4 good=53 nongen=[] mism=0
Y????@ntvU\W~?}O?_@A?C??G????C_???????Jw?@}??E{??Ng??NW? n=26 c=6 b=5 nu_cut=4 good=48 nongen=[] mism=0
W??F~z{~@??_O?@???@??c??????Vg?\W?L[?Av??Fw?@m_ n=24 c=4 b=6 nu_cut=4 good=40 nongen=[] mism=0
Y???E~]^fsVo??G?@????g????D???G???Av??fo?FM??^_??fo??zO? n=26 c=5 b=6 nu_cut=4 good=49 nongen=[] mism=0
U??F~z{~?_?_A?C?G????o???Jw?No?]o?No?B{? n=22 c=4 b=5 nu_cut=4 good=41 nongen=[] mism=0
Y??F~z{~?_????G????W?_??C??O???Tk?Fw?@n??\c?@ho?Az??Bw_? n=26 c=4 b=7 nu_cut=4 good=54 nongen=[] mism=0
U??F~z{~?GG?B???Q????_???No?]o?Zo?Jw?B{? n=22 c=4 b=5 nu_cut=4 good=35 nongen=[] mism=0
Y??????M~[M[JwVo^CFJ????O_?C??G?@O??_?????^_?@}??B{??B{? n=26 c=7 b=4 nu_cut=4 good=46 nongen=[] mism=0
W???F]}^d{]o????H??_?O?@??D????Fw?By??^_?E{??Zo n=24 c=5 b=5 nu_cut=4 good=46 nongen=[] mism=0
U??F~z{~@?@?o?A?A????C???Jw?Zo?Zo?Fw?Bu? n=22 c=4 b=5 nu_cut=4 good=40 nongen=[] mism=0
Y??F~z{~@?????_?G????K????E????^G?NQ?A}??K{?@qo?@]_?Br?? n=26 c=4 b=7 nu_cut=4 good=44 nongen=[] mism=0
S??F~z{~CGB?????@?B???B{?No?^_?^_ n=20 c=4 b=4 nu_cut=4 good=34 nongen=[] mism=0
Y??F~z{~??C?O?@?A??????AC??_???Xs?Hy?BJ_?Uw?@r_??~??A{_? n=26 c=4 b=7 nu_cut=4 good=45 nongen=[] mism=0
W???D~m~FsNo?_?_A??_?_?A??A????Fs?@}??|_?Fw??Vo n=24 c=5 b=5 nu_cut=4 good=49 nongen=[] mism=0
Y??????zfe]WXwygYkD{?AO??_?A?????G_??G????^_?@}??B{??B{? n=26 c=7 b=4 nu_cut=3 good=50 nongen=[] mism=0
Y???Fz]zf[]o?__??????C??S??_??C???Br??nO?Eu??]g??^_??v_? n=26 c=5 b=6 nu_cut=4 good=51 nongen=[] mism=0
Y???Fnm|d{^_?_C?P??o?????????A????A}??fo?A}??Tw??}_??yo? n=26 c=5 b=6 nu_cut=4 good=49 nongen=[] mism=0
Y??F~z{~??A???O?C??O?A??C??_???Nc?Me?A]_?Zo?@rO?Ax_?Bt?? n=26 c=4 b=7 nu_cut=4 good=38 nongen=[] mism=0
U???E|}vd{Vo?_H?G?A??G??O???Fw?Fw?B{??~? n=22 c=5 b=4 nu_cut=4 good=41 nongen=[] mism=0
S??F~z{~A?????a?D??g??B{?No?^_?^_ n=20 c=4 b=4 nu_cut=4 good=35 nongen=[] mism=0
Y????Bm~FU]W^_{oA?C?????@??W??C??C????Ng?@v??E{??NW??Jw? n=26 c=6 b=5 nu_cut=4 good=49 nongen=[] mism=0
Y??????|f[YwVofWTsEV??O??_?@?@???G??S?????^_?@}??B{??B{? n=26 c=7 b=4 nu_cut=4 good=45 nongen=[] mism=0
W??F~z{~??O?A?_?D??G???@????Zo?Uw?K{?Br??ZW?@v? n=24 c=4 b=6 nu_cut=4 good=40 nongen=[] mism=0
W??F~z{~????P?O?E?C??C??????^_?[w?L[?@^??\W??n_ n=24 c=4 b=6 nu_cut=4 good=46 nongen=[] mism=0
Y????An\vYRwlouo???_?g?@O?@??????C????Mw?@n??Fw??Ng??Lw? n=26 c=6 b=5 nu_cut=4 good=48 nongen=[] mism=0
W???F\}vf[]o??C?AO???O??g??_???Fs?By??v_?F[??Zo n=24 c=5 b=5 nu_cut=4 good=46 nongen=[] mism=0
Y???F^{}fwVo???_??C???_?G????B_???Br??]o?Fk??^O??|_??jo? n=26 c=5 b=6 nu_cut=4 good=41 nongen=[] mism=0
W???E~y^f[VoO?_?P????C??O?A????D{?Bu??~??E{??Vo n=24 c=5 b=5 nu_cut=4 good=41 nongen=[] mism=0
Y????A|^fq]gv_fo??@???OA??A???S??@????Ng?@|??Fk??Lw??Lw? n=26 c=6 b=5 nu_cut=4 good=44 nongen=[] mism=0
Y????Azv`}Jwfo{oC??O?O?@??@??????`????Mw?@|??B{??No??No? n=26 c=6 b=5 nu_cut=4 good=51 nongen=[] mism=0
S??F~z{~?_????P?P?B???B{?No?^_?^_ n=20 c=4 b=4 nu_cut=4 good=35 nongen=[] mism=0
W??F~z{~?_C???P???@G???@????Tw?^O?K{?Bl??Zg??|_ n=24 c=4 b=6 nu_cut=4 good=46 nongen=[] mism=0
U??F~z{~?O@?O?P??_?_?????Mw?Vo?No?No?@}? n=22 c=4 b=5 nu_cut=4 good=36 nongen=[] mism=0
U???Fm}}f[^_?_C?A_???A?A_???Fw?Fw?B{??~? n=22 c=5 b=4 nu_cut=4 good=41 nongen=[] mism=0
W????A^NvUVW\ozO??C??D????CG?A_????~??No?@}??Fw n=24 c=6 b=4 nu_cut=4 good=39 nongen=[] mism=0
S??F~z{~?O????`?I??o??B{?No?^_?^_ n=20 c=4 b=4 nu_cut=4 good=33 nongen=[] mism=0
Y???F^y~B{^O??O?O?@G?@?????G??_???An??mo?By??\o??to??No? n=26 c=5 b=6 nu_cut=4 good=45 nongen=[] mism=0
U???Fm}~B{^O?_B?O??O???@A???Fw?Fw?B{??~? n=22 c=5 b=4 nu_cut=4 good=40 nongen=[] mism=0
Y???Ft}|fsZoC???G_@O?_????@???????Bf??v_?Ey??]o??Vo??jo? n=26 c=5 b=6 nu_cut=4 good=50 nongen=[] mism=0
W???Fnm}d{VoW?@??O???A?????o???B{?@}??~??Fw??\o n=24 c=5 b=5 nu_cut=4 good=43 nongen=[] mism=0
U??F~z{~?_??D?_??_@??O???Ng?Zo?No?No?B{? n=22 c=4 b=5 nu_cut=4 good=36 nongen=[] mism=0
W????Bt\umNWfouo@?C?????K?B???O????~??No?@}??Fw n=24 c=6 b=4 nu_cut=4 good=39 nongen=[] mism=0
U??F~z{~@G?_??M???A??????Mw?No?Vo?Mw?@}? n=22 c=4 b=5 nu_cut=4 good=39 nongen=[] mism=0
Y??????fZuMkmo{oTkFT????C??D?C???G_??_????^_?@}??B{??B{? n=26 c=7 b=4 nu_cut=4 good=45 nongen=[] mism=0
Y???Fny|d{^_a??_A??W???????G??????@}??jo?FM??]W??vO??No? n=26 c=5 b=6 nu_cut=4 good=55 nongen=[] mism=0
Y????@|zfsVgyon_??A?????F??G?C??@?????Mw?@n??Fw??Mw??Fw? n=26 c=6 b=5 nu_cut=4 good=49 nongen=[] mism=0
Y??F~z{~?GO__?K?A??????????????D{?Lq?Bd_?Q{?@wo?Af_?@z?? n=26 c=4 b=7 nu_cut=4 good=44 nongen=[] mism=0
U??F~z{~?O??o?A?G??_?G???Lw?\o?^O?NW?Bu? n=22 c=4 b=5 nu_cut=4 good=35 nongen=[] mism=0
W???F^]|e{^_?_O????O?C??C?D????Fs?B{??z_?Fw??Zo n=24 c=5 b=5 nu_cut=4 good=43 nongen=[] mism=0
W??F~z{~?O?_????X????O?A????]g?Vo?F[?Bm??]g?@}? n=24 c=4 b=6 nu_cut=4 good=32 nongen=[] mism=0
Y???E~ynfsNo@???C?D???_?C????C????An??}_?Em??Mw??jo??{o? n=26 c=5 b=6 nu_cut=4 good=48 nongen=[] mism=0
Y???F^m^fkNoK??_O_???O?????_??????Bt??\o?@}??Vg??vO??fo? n=26 c=5 b=6 nu_cut=4 good=38 nongen=[] mism=0
Y??F~z{~@?G???_????G?C?@???O???\K?K{?Ar_?Fs??z_?Bs_?Az?? n=26 c=4 b=7 nu_cut=4 good=54 nongen=[] mism=0
Y??????mlZ^CfgtoH{FR??_?_??G??G?@O??C?????^_?@}??B{??B{? n=26 c=7 b=4 nu_cut=4 good=53 nongen=[] mism=0
W??F~z{~@?A???O?D????@??G???Rw?]g?Ms?Bu??]W??~? n=24 c=4 b=6 nu_cut=4 good=48 nongen=[] mism=0
Y?????~ftm^O~?xo?g?A?G??A?????_?@?????Fw?@n??Fs??Fw??Jw? n=26 c=6 b=5 nu_cut=4 good=49 nongen=[] mism=0
Y??F~z{~??A__?O????O?G?????_???Y[?MU?BN??Vg??ro?Ay_?A|?? n=26 c=4 b=7 nu_cut=4 good=54 nongen=[] mism=0
Y????BZVr{Lw|OtoOO?O????@??G?@???_????Jw??~??D{??Ng??Ng? n=26 c=6 b=5 nu_cut=4 good=39 nongen=[] mism=0
W???B~{zb{^_??H?@??C???@A?C????D{?Bu??}_?B{??Vo n=24 c=5 b=5 nu_cut=4 good=42 nongen=[] mism=0
W????Bm\u{ZWn_{o??B??A?AC????@A????~??No?@}??Fw n=24 c=6 b=4 nu_cut=4 good=40 nongen=[] mism=0
U???Ft}|fsVo`?O?C_CC????????Fw?Fw?B{??~? n=22 c=5 b=4 nu_cut=4 good=40 nongen=[] mism=0
W???Fx}|d{]o@?A??O?O?C??A?@????Fk?Bm??n_?F[??]o n=24 c=5 b=5 nu_cut=4 good=37 nongen=[] mism=0
Y??????NnkUkfWYwVSFq?OO?@???????@C??o?????^_?@}??B{??B{? n=26 c=7 b=4 nu_cut=4 good=48 nongen=[] mism=0
Y????@v^T]VWjo^_O?A????@??AO????A@????Mw?@z??Fw??No??Lw? n=26 c=6 b=5 nu_cut=4 good=52 nongen=[] mism=0
Y??F~z{~A?B?c?_???????????A????Rs?H]??n_?]S??v_?A^??Bd_? n=26 c=4 b=7 nu_cut=4 good=51 nongen=[] mism=0
Y??F~z{~?_A???G???D????A??A????\W?Nc?@^??Ng?@do?Au_?A{_? n=26 c=4 b=7 nu_cut=4 good=45 nongen=[] mism=0
U??F~z{~??G_O?_?E????_???Lw?Vo?Zo?NW?A}? n=22 c=4 b=5 nu_cut=4 good=34 nongen=[] mism=0
W??F~z{~?OA?G???A????I?@????Yw?Ng?Lk?By??Zg?@]_ n=24 c=4 b=6 nu_cut=4 good=40 nongen=[] mism=0
S??F~z{~??H?@?B?O?@???B{?No?^_?^_ n=20 c=4 b=4 nu_cut=4 good=35 nongen=[] mism=0
S??F~z{~?GC_O?g?@?????B{?No?^_?^_ n=20 c=4 b=4 nu_cut=4 good=35 nongen=[] mism=0
W???Fnu}fsNo??@???@??c?A??AO???E{?Bu??}_?Fs??^_ n=24 c=5 b=5 nu_cut=4 good=33 nongen=[] mism=0
Y??F~z{~????C?@???@??P??G??_???Jk?Jw?Bm??ZK?@Fo?A\_?Br?? n=26 c=4 b=7 nu_cut=4 good=46 nongen=[] mism=0
Y????@nNvi^O^_|OO??????AA??E??A??O????Mw??~??F[??Jw??NW? n=26 c=6 b=5 nu_cut=4 good=54 nongen=[] mism=0
Y????BjVu{NgxoZoS????C??g?????_??C????Fw?@}??F[??Ng??No? n=26 c=6 b=5 nu_cut=4 good=43 nongen=[] mism=0
Y??F~z{~????o?O?C_???C????@????Jw?MU?BU_?\o?@bo?AV_?Bw_? n=26 c=4 b=7 nu_cut=4 good=52 nongen=[] mism=0
W???Fn{nfw]oA?W_?????O_?O??????D{?Bu??|_?D{??\o n=24 c=5 b=5 nu_cut=4 good=39 nongen=[] mism=0
W????Av{v[Vo]o~?G??A?O??P??S???????~??No?@}??Fw n=24 c=6 b=4 nu_cut=4 good=45 nongen=[] mism=0
Y??F~z{~?G??G?_?K??????A???O???]S?B{?Bi_?Mw?@Yo?@Z_?BL_? n=26 c=4 b=7 nu_cut=4 good=53 nongen=[] mism=0
W????BjzbmUw|O^_A??O?C??C??O?AC????~??No?@}??Fw n=24 c=6 b=4 nu_cut=4 good=46 nongen=[] mism=0
W??F~z{~??????B?O??G?c??_???]o?Vg?Js?Bl??]W??v_ n=24 c=4 b=6 nu_cut=4 good=46 nongen=[] mism=0
U??F~z{~?GA???@?K?C??G???Ng?Zo?]o?Mw?By? n=22 c=4 b=5 nu_cut=4 good=35 nongen=[] mism=0
S??F~z{~?WK?C?_????G??B{?No?^_?^_ n=20 c=4 b=4 nu_cut=4 good=35 nongen=[] mism=0
S??F~z{~CO?_C???Q?A???B{?No?^_?^_ n=20 c=4 b=4 nu_cut=4 good=35 nongen=[] mism=0
W???E~uvb{\oc?G????G?I????A????F[?@}??|_?Fk??\o n=24 c=5 b=5 nu_cut=4 good=42 nongen=[] mism=0
W????BffvsMw}Ov_O?AG?H????@???O????~??No?@}??Fw n=24 c=6 b=4 nu_cut=4 good=47 nongen=[] mism=0
Y??????ftlF[|OZWNoEV?O?????A??H??Q??G?????^_?@}??B{??B{? n=26 c=7 b=4 nu_cut=4 good=54 nongen=[] mism=0
S??F~z{~??W?@?_?A?A_??B{?No?^_?^_ n=20 c=4 b=4 nu_cut=4 good=34 nongen=[] mism=0
W???Fzm}fkVo??`?B??G??_?O??????Fk?B]??~??D{??]o n=24 c=5 b=5 nu_cut=4 good=41 nongen=[] mism=0
U??F~z{~AW@???@?O?@??????Fw?^O?Zo?No?@}? n=22 c=4 b=5 nu_cut=4 good=38 nongen=[] mism=0
U???B~uzfk\o??G?O?A_??_AG???Fw?Fw?B{??~? n=22 c=5 b=4 nu_cut=4 good=30 nongen=[] mism=0
Y??F~z{~??@?A?S?A?@???????@????\W?Km?BJ_?Nc?@Xo?@t_?Av?? n=26 c=4 b=7 nu_cut=4 good=45 nongen=[] mism=0
W???D~m~E{VoA??_A?A_?G?@???????D{?Bu??z_?Fs??^_ n=24 c=5 b=5 nu_cut=4 good=49 nongen=[] mism=0
W????BNmr{NgNonOG?A_?o???????@A????~??No?@}??Fw n=24 c=6 b=4 nu_cut=4 good=39 nongen=[] mism=0
Y??????zfiK{ew}OFwBN???AC?A@??c??O????????^_?@}??B{??B{? n=26 c=7 b=4 nu_cut=4 good=45 nongen=[] mism=0
S??F~z{~A?I?C?G???@O??B{?No?^_?^_ n=20 c=4 b=4 nu_cut=4 good=33 nongen=[] mism=0
S??F~z{~COC?`?C??_????B{?No?^_?^_ n=20 c=4 b=4 nu_cut=4 good=35 nongen=[] mism=0
Y???D~{|d{^_G__?G??K???????O??????Bt??No?A}??No??xo??ro? n=26 c=5 b=6 nu_cut=4 good=50 nongen=[] mism=0
W??F~z{~DO?_??G?O????A??????Uw?No?Js?Bf??Mw??~? n=24 c=4 b=6 nu_cut=4 good=38 nongen=[] mism=0
U???Fn]}fkZoA???CO???P?AO???Fw?Fw?B{??~? n=22 c=5 b=4 nu_cut=4 good=30 nongen=[] mism=0
U???B~{vb{^_Q?G?E?C???_?????Fw?Fw?B{??~? n=22 c=5 b=4 nu_cut=4 good=29 nongen=[] mism=0
Y????A|zVUJwvOVo?????g?@Q?????_??C????Mw?@n??E{??Mw??Jw? n=26 c=6 b=5 nu_cut=4 good=42 nongen=[] mism=0
W????A}jveVovO}OH??K??_?S??????????~??No?@}??Fw n=24 c=6 b=4 nu_cut=4 good=40 nongen=[] mism=0
W????BjjtyNWuov_??@??o??_?AG??C????~??No?@}??Fw n=24 c=6 b=4 nu_cut=4 good=40 nongen=[] mism=0
U???F^]^fk]o????W?@??C_?W???Fw?Fw?B{??~? n=22 c=5 b=4 nu_cut=4 good=35 nongen=[] mism=0
W???Fz{vfs^O??H?O???????A?Ag???F[?B{??}_?Fw??Vo n=24 c=5 b=5 nu_cut=4 good=39 nongen=[] mism=0
W??F~z{~C?@?????@??G????s???Vg?[w?Fw?@n??^O?@}? n=24 c=4 b=6 nu_cut=4 good=45 nongen=[] mism=0
U??F~z{~????S?B?A??O?O???Lw?Vo?\o?Lw?@}? n=22 c=4 b=5 nu_cut=4 good=39 nongen=[] mism=0
Y???E~u|fwVow????O???O??A??O??????@z??^O?Fk??Yw??\o??jo? n=26 c=5 b=6 nu_cut=4 good=42 nongen=[] mism=0
U???E~uvfw]oI?G?C?????_?S???Fw?Fw?B{??~? n=22 c=5 b=4 nu_cut=4 good=34 nongen=[] mism=0
W??F~z{~C???C?I?O??????@C???Zo?\o?F[?Bm??]g?@Z_ n=24 c=4 b=6 nu_cut=4 good=41 nongen=[] mism=0
Y??????nbl\S|OrWZWFJ?C_????K??A??W????????^_?@}??B{??B{? n=26 c=7 b=4 nu_cut=4 good=52 nongen=[] mism=0
Y??????^Uf\obwuWZSD\?G?????_??C?@_??K?????^_?@}??B{??B{? n=26 c=7 b=4 nu_cut=4 good=49 nongen=[] mism=0
Y???D}}~FkNo??O?O????A_?C?C??A????Bt??n_?Fk??Zg??zO??uo? n=26 c=5 b=6 nu_cut=4 good=48 nongen=[] mism=0
W??F~z{~?G??D?A???C??O??O???Xw?Zg?No?BZ??\g??|_ n=24 c=4 b=6 nu_cut=4 good=41 nongen=[] mism=0
U???B~u}f[^OQ?G????C?@??S???Fw?Fw?B{??~? n=22 c=5 b=4 nu_cut=4 good=41 nongen=[] mism=0
W???E}}|b{Zo????@?@??K?AA??O???Fw?B{??}_?Fk??Vo n=24 c=5 b=5 nu_cut=4 good=42 nongen=[] mism=0
W??F~z{~??G???P?O?@??D??????Tw?Lw?F[?Bt??Vg?@x_ n=24 c=4 b=6 nu_cut=4 good=40 nongen=[] mism=0
S??F~z{~?oA?@?W????O??B{?No?^_?^_ n=20 c=4 b=4 nu_cut=4 good=34 nongen=[] mism=0
W???Fn]~D{Zow?C??O@???????A????D{?Bu??}_?B{??No n=24 c=5 b=5 nu_cut=4 good=45 nongen=[] mism=0
Y??F~z{~??A?Q?I??????O????@????Lw?M[?B\??Yk?@[o?AN_?Bs_? n=26 c=4 b=7 nu_cut=4 good=45 nongen=[] mism=0
W????B]rs}]g^_^_A?D??_O@G??????????~??No?@}??Fw n=24 c=6 b=4 nu_cut=4 good=33 nongen=[] mism=0
U??F~z{~?G@?O?@?G??_?C???NW?^O?^O?Lw?A}? n=22 c=4 b=5 nu_cut=4 good=36 nongen=[] mism=0
U??F~z{~?GC?A?_?G?C??G???No?^_?No?Fw?B]? n=22 c=4 b=5 nu_cut=4 good=30 nongen=[] mism=0
Y???B~unb{^O?_??C????C?AG????AG???@v??v_?F[??^O??Zo??]o? n=26 c=5 b=6 nu_cut=4 good=44 nongen=[] mism=0
Y???Fvm|fsVo@?O??????O??Q??G??_???Bj??^O?Fw??NW??n_??|_? n=26 c=5 b=6 nu_cut=4 good=47 nongen=[] mism=0
W???D~m^fs\o??s?O??O?G?????C???E{?@}??|_?D{??Vo n=24 c=5 b=5 nu_cut=4 good=43 nongen=[] mism=0
S??F~z{~?OQ?O?A?O?A???B{?No?^_?^_ n=20 c=4 b=4 nu_cut=4 good=34 nongen=[] mism=0
Y??F~z{~????G?@?X???????C??_???Zg?MM?An??Ms?@}??BF_?Bf?? n=26 c=4 b=7 nu_cut=4 good=37 nongen=[] mism=0
Y???E~]|fwNo`?O?C???????A??O?@????B\??}_?D]??NW??]o??n_? n=26 c=5 b=6 nu_cut=4 good=48 nongen=[] mism=0
W????@^xp}Vg^_{o??B??@??P?CO???????~??No?@}??Fw n=24 c=6 b=4 nu_cut=4 good=41 nongen=[] mism=0
Y??F~z{~????E?Q????_?@?????G???Y[?Ms?BR_?Us?@l_?@l_?BJ_? n=26 c=4 b=7 nu_cut=4 good=44 nongen=[] mism=0
U???FzmnfkZo??G??_@_?__?O???Fw?Fw?B{??~? n=22 c=5 b=4 nu_cut=4 good=40 nongen=[] mism=0
Y??F~z{~?G??o???@?A?????O??G???Zc?Me?Bh_?Jw??No?Bu??Bf?? n=26 c=4 b=7 nu_cut=4 good=53 nongen=[] mism=0
Y??????\^[RkxgxgYsDV?A??@?????a??g???_????^_?@}??B{??B{? n=26 c=7 b=4 nu_cut=4 good=45 nongen=[] mism=0
S??F~z{~COE?a???A?????B{?No?^_?^_ n=20 c=4 b=4 nu_cut=4 good=32 nongen=[] mism=0
U???Fzy|fk\o??C_AO?O?O??G???Fw?Fw?B{??~? n=22 c=5 b=4 nu_cut=4 good=40 nongen=[] mism=0
U???Fzy|fkNo???_@_???c?AG???Fw?Fw?B{??~? n=22 c=5 b=4 nu_cut=4 good=40 nongen=[] mism=0
W????A}luyYwronOCOA???_?`?????_????~??No?@}??Fw n=24 c=6 b=4 nu_cut=4 good=40 nongen=[] mism=0
U???D~]~Fs\oo??_I??S????????Fw?Fw?B{??~? n=22 c=5 b=4 nu_cut=4 good=39 nongen=[] mism=0
U???F^unfw^_o??_A??G?C?@????Fw?Fw?B{??~? n=22 c=5 b=4 nu_cut=4 good=35 nongen=[] mism=0
Y????@|nRm\oto\o@?@???_?O????A??AA????No?@n??F[??Jw??NW? n=26 c=6 b=5 nu_cut=4 good=42 nongen=[] mism=0
Y??????jrZRwtgzGZSDV??_?C_?A?A_??@????????^_?@}??B{??B{? n=26 c=7 b=4 nu_cut=4 good=45 nongen=[] mism=0
W???FvmvfsNo_?O_Q???????C??_???Fw?B]??n_?Fw??]o n=24 c=5 b=5 nu_cut=4 good=37 nongen=[] mism=0
Y????Bufp}Zo\o^_??C??OO???@O??A??G????Jw?@^??Fk??Lw??Ng? n=26 c=6 b=5 nu_cut=4 good=41 nongen=[] mism=0
S??F~z{~C?G_??C?I??O??B{?No?^_?^_ n=20 c=4 b=4 nu_cut=4 good=35 nongen=[] mism=0
W????@^{vqTw^_v_S??W???A?????AC????~??No?@}??Fw n=24 c=6 b=4 nu_cut=4 good=46 nongen=[] mism=0
U???Fv]}b{\oD?P????C?I??????Fw?Fw?B{??~? n=22 c=5 b=4 nu_cut=4 good=41 nongen=[] mism=0
Y???F^m|fwZoI???A?A??@??O?????O???Br??ro?B{??NW??\o??}O? n=26 c=5 b=6 nu_cut=4 good=49 nongen=[] mism=0
W??F~z{~B?@?@???@????`??????Ng?^G?J[?@^??Uw??|_ n=24 c=4 b=6 nu_cut=4 good=45 nongen=[] mism=0
Y??F~z{~??????c?C_???B?????O???Ms?NS?BL_?\K?@z???n_?@n?? n=26 c=4 b=7 nu_cut=4 good=51 nongen=[] mism=0
U??F~z{~A?C?L???O?C??????NW?Zo?^O?Lw?Bm? n=22 c=4 b=5 nu_cut=4 good=39 nongen=[] mism=0
U???B}}ze{Vo@?o?K??C????_???Fw?Fw?B{??~? n=22 c=5 b=4 nu_cut=4 good=41 nongen=[] mism=0
W????B{nU][w{ofo???I????g??O?AC????~??No?@}??Fw n=24 c=6 b=4 nu_cut=4 good=46 nongen=[] mism=0
W????Bu|e]ZgZoyo?_D???O?P??_???????~??No?@}??Fw n=24 c=6 b=4 nu_cut=4 good=46 nongen=[] mism=0
Y???Fn]vb{\oH?O????S?A?????_??????@^??Zo?FM??[w??vO??No? n=26 c=5 b=6 nu_cut=4 good=50 nongen=[] mism=0
Y??????NqvNWtoloUsDZ?O???_?O?@??@G???G????^_?@}??B{??B{? n=26 c=7 b=4 nu_cut=4 good=53 nongen=[] mism=0
S??F~z{~??G_C???H?@O??B{?No?^_?^_ n=20 c=4 b=4 nu_cut=4 good=34 nongen=[] mism=0
Y??F~z{~??D?@????_?_?G?????_???VK?MU?BY_?R[??^_?Br??B\?? n=26 c=4 b=7 nu_cut=4 good=45 nongen=[] mism=0
S??F~z{~@OB?O?????@_??B{?No?^_?^_ n=20 c=4 b=4 nu_cut=4 good=33 nongen=[] mism=0
S??F~z{~??@?@?`?E??O??B{?No?^_?^_ n=20 c=4 b=4 nu_cut=4 good=33 nongen=[] mism=0
Y???Fu}|e{No@????OA??O??G?@??@????A|??Vo?Em??[w??uo??}_? n=26 c=5 b=6 nu_cut=4 good=49 nongen=[] mism=0
W???Fzu~FsZo?_M????????@???W???F[?A}??n_?E{??^_ n=24 c=5 b=5 nu_cut=4 good=39 nongen=[] mism=0
Y??????f^eRs|_{oJkFL?G_???AA??O?????B?????^_?@}??B{??B{? n=26 c=7 b=4 nu_cut=4 good=52 nongen=[] mism=0
Y??F~z{~?gC???G????o??????C????Y[?Em?Bf??D{??to??~??Bs_? n=26 c=4 b=7 nu_cut=4 good=46 nongen=[] mism=0
Y???B~y}b{]o@??_?????E??_?E???????Bt??}O?D{??\o??vO??\o? n=26 c=5 b=6 nu_cut=4 good=44 nongen=[] mism=0
Y????Bf^e{^_tomo@?@g?G????????A?A?????Jw??~??D{??Mw??Fw? n=26 c=6 b=5 nu_cut=4 good=41 nongen=[] mism=0
Y??F~z{~?O?_??C???D????A??@????Vg?Mk?@t_?Vo??}O?BJ_?BJ_? n=26 c=4 b=7 nu_cut=4 good=54 nongen=[] mism=0
U???Fm}zfkNoS??????G?A_@G???Fw?Fw?B{??~? n=22 c=5 b=4 nu_cut=4 good=40 nongen=[] mism=0
S??F~z{~A??_o???@?@O??B{?No?^_?^_ n=20 c=4 b=4 nu_cut=4 good=34 nongen=[] mism=0
W??F~z{~?gO???_??????K?@????Jw?Lw?Ms?A}??Zg?@z? n=24 c=4 b=6 nu_cut=4 good=46 nongen=[] mism=0
Y??????{jmR[ZWUw\K@n?C?@??CO?@C?????@?????^_?@}??B{??B{? n=26 c=7 b=4 nu_cut=4 good=38 nongen=[] mism=0
W??F~z{~??K?g??????_???B????Rw?^O?Lk?Bj??Vo?@N_ n=24 c=4 b=6 nu_cut=4 good=38 nongen=[] mism=0
Y??????rpn\W{g}_NoBj?????_C??C???H??AO????^_?@}??B{??B{? n=26 c=7 b=4 nu_cut=4 good=44 nongen=[] mism=0
W??F~z{~?GA?G?O?A_?????@????No?Ng?NW?BV??Uw??v_ n=24 c=4 b=6 nu_cut=4 good=40 nongen=[] mism=0
Y??F~z{~B???C???C??_?_?@???????Lk?Mq?BU_?S{??|O?@Z_?By?? n=26 c=4 b=7 nu_cut=4 good=45 nongen=[] mism=0
Y????BNvVi\o}_roA?@???_?I??G?@????????Fw?@v??D{??Fw??Mw? n=26 c=6 b=5 nu_cut=4 good=42 nongen=[] mism=0
U???Fzu|fw^O??O??_?o?_??a???Fw?Fw?B{??~? n=22 c=5 b=4 nu_cut=4 good=30 nongen=[] mism=0
Y??????]nsUsNWZo[[Ex?P?A??????E??S????????^_?@}??B{??B{? n=26 c=7 b=4 nu_cut=4 good=46 nongen=[] mism=0
S??F~z{~A?E???`????g??B{?No?^_?^_ n=20 c=4 b=4 nu_cut=4 good=34 nongen=[] mism=0
Y????BtuvsVWjo^_I?C???O?C?????A??A????No??~??E{??Fw??Lw? n=26 c=6 b=5 nu_cut=4 good=44 nongen=[] mism=0
W??F~z{~E???A?G?O????@??O???\o?Uw?NW?@v??Jw?@]_ n=24 c=4 b=6 nu_cut=4 good=41 nongen=[] mism=0
W??F~z{~??P?@?C?C??_?O??????VW?Zg?Fs??~??Uw?@u_ n=24 c=4 b=6 nu_cut=4 good=40 nongen=[] mism=0
U???Fn{~D{Noo?_?A????A_?C???Fw?Fw?B{??~? n=22 c=5 b=4 nu_cut=4 good=36 nongen=[] mism=0
W??F~z{~?OG_@?Q??????_??????VW?Xw?Mk?@^??Xw?@]_ n=24 c=4 b=6 nu_cut=4 good=40 nongen=[] mism=0
S??F~z{~C?G_Q???E?????B{?No?^_?^_ n=20 c=4 b=4 nu_cut=4 good=35 nongen=[] mism=0
Y??????p}xUw^OtgZWD]?GG???AO?????`??A?????^_?@}??B{??B{? n=26 c=7 b=4 nu_cut=4 good=44 nongen=[] mism=0
W??F~z{~??H?_???Q????@?@????^O?VW?NS?B]??Fw?@Z_ n=24 c=4 b=6 nu_cut=4 good=46 nongen=[] mism=0
W??F~z{~@O?_??A???@??_??C???Vg?]W?I{?B{??Fw??}_ n=24 c=4 b=6 nu_cut=4 good=34 nongen=[] mism=0
U???D~u^e{ZoO_G?A?E?????_???Fw?Fw?B{??~? n=22 c=5 b=4 nu_cut=4 good=40 nongen=[] mism=0
Y???B~mvd{^_O?K??O???_????@???_???B\??~??C}??]g??\o??n_? n=26 c=5 b=6 nu_cut=4 good=49 nongen=[] mism=0
Y??F~z{~??B?????C?C??@??G?@????^C?Lw?Bt??R[?@[o??z_?BF_? n=26 c=4 b=7 nu_cut=4 good=45 nongen=[] mism=0
W???Fvy^fkNo_????O@O????O?AG???E{?A}??^_?F[??^_ n=24 c=5 b=5 nu_cut=4 good=37 nongen=[] mism=0
U??F~z{~?GC?O?_?G??G?G???Lw?]o?^_?Fw?@}? n=22 c=4 b=5 nu_cut=4 good=36 nongen=[] mism=0
Y???B~m|e{Zo_?O??_?O?G?????C??O???@|??yo?C}??No??|O??^_? n=26 c=5 b=6 nu_cut=4 good=44 nongen=[] mism=0
Y??????uvXF[UwLw\gDt?O_??????AG?A?_??O????^_?@}??B{??B{? n=26 c=7 b=4 nu_cut=4 good=45 nongen=[] mism=0
Y???D~uvb{VoA?Q?O?@?????C?????_???@z??mo?F[??Rw??ro??zO? n=26 c=5 b=6 nu_cut=4 good=44 nongen=[] mism=0
Y??????zRtF[Rwfg]g@^?O?????H?A_?????_O????^_?@}??B{??B{? n=26 c=7 b=4 nu_cut=4 good=45 nongen=[] mism=0
Y??????mmm[[\grgLs@z?a??@????A???W??@?????^_?@}??B{??B{? n=26 c=7 b=4 nu_cut=4 good=46 nongen=[] mism=0
Y?????~ut]VozOxoB?A?????A??A?C???_????No?@|??Fw??Fw??Jw? n=26 c=6 b=5 nu_cut=4 good=38 nongen=[] mism=0
Y???Fm}zfwVoC?O?@??_?H_???????????Az??nO?C}??]g??xo??\o? n=26 c=5 b=6 nu_cut=4 good=41 nongen=[] mism=0
U???D~m}fkNo`?G?H??O?_??????Fw?Fw?B{??~? n=22 c=5 b=4 nu_cut=4 good=40 nongen=[] mism=0
U???F^u|d{NoA?O?A?A_?@??G???Fw?Fw?B{??~? n=22 c=5 b=4 nu_cut=4 good=41 nongen=[] mism=0
Y??????fvsZKxWTwUsDZ??g???@_??W?????O?????^_?@}??B{??B{? n=26 c=7 b=4 nu_cut=4 good=54 nongen=[] mism=0
S??F~z{~?OE?O?G?B?????B{?No?^_?^_ n=20 c=4 b=4 nu_cut=4 good=34 nongen=[] mism=0
Y???Fm}ne{No???????C?E?A??EO??????Bx??\o?By??\g??lo??jo? n=26 c=5 b=6 nu_cut=4 good=49 nongen=[] mism=0
W????@^\ry]g{ofo@_@??a?A??A????????~??No?@}??Fw n=24 c=6 b=4 nu_cut=4 good=47 nongen=[] mism=0
Y????A}uvkXwz_jo??A??G?@??@_??A??G????Ng?@z??Fw??Mw??Fw? n=26 c=6 b=5 nu_cut=4 good=42 nongen=[] mism=0
Y????A}zVkZgto|_A?@???o?G????@???@????Ng?@n??F[??Ng??NW? n=26 c=6 b=5 nu_cut=4 good=44 nongen=[] mism=0
W????B]xvM^Gjov_?W???C??G??_?@_????~??No?@}??Fw n=24 c=6 b=4 nu_cut=4 good=45 nongen=[] mism=0
U??F~z{~B?O?B?????@??O???Lw?No?\o?Lw?Bu? n=22 c=4 b=5 nu_cut=4 good=40 nongen=[] mism=0
Y???B|}vfs^__?@???C??C??E?A???????BN??}O?Dm??]g??]o??xo? n=26 c=5 b=6 nu_cut=4 good=48 nongen=[] mism=0
W????Bluq}Yw|OnO??@C???@???S??c????~??No?@}??Fw n=24 c=6 b=4 nu_cut=4 good=38 nongen=[] mism=0
U???Fm}ze{^O??I?@?B????@A???Fw?Fw?B{??~? n=22 c=5 b=4 nu_cut=4 good=38 nongen=[] mism=0
Y??F~z{~?_@?_?A?M??????????????[s?B]?Bl??I{?@fO?Aj_?@V_? n=26 c=4 b=7 nu_cut=4 good=44 nongen=[] mism=0
W????@zruuTw|OjoS??G?C??c????A?????~??No?@}??Fw n=24 c=6 b=4 nu_cut=4 good=40 nongen=[] mism=0
Y???Fvmvfs]oR?@????C????O??O??????Bx??^_?@}??Lw??yo??}O? n=26 c=5 b=6 nu_cut=4 good=46 nongen=[] mism=0
W????@}Zt{^GmovOG_????O?_??_?AC????~??No?@}??Fw n=24 c=6 b=4 nu_cut=4 good=48 nongen=[] mism=0
Y??F~z{~?G??_?C????_?_??C?@????H{?Mw?Bw_?Jw?@eo??z_?@V_? n=26 c=4 b=7 nu_cut=4 good=38 nongen=[] mism=0
Y??F~z{~?_@?W???C?A??C?????????Rk?Fi?@v??Yk?@Uo?Aj_?BT_? n=26 c=4 b=7 nu_cut=4 good=46 nongen=[] mism=0
W??F~z{~??A?????C_Co?A??????ZW?Zg?Fk?Bt??NW?@Z_ n=24 c=4 b=6 nu_cut=4 good=42 nongen=[] mism=0
W??F~z{~A???K?@??????@?A_???No?Xw?Fw?B\??Xw?@\_ n=24 c=4 b=6 nu_cut=4 good=46 nongen=[] mism=0
Y??F~z{~??G?C?????CO?A????AG???^C?Du?@n??]o?@Lo?Az??Bh_? n=26 c=4 b=7 nu_cut=4 good=52 nongen=[] mism=0
W???F^{~E{]o?_@????c?a??A??????F[?Bu??z_?D{??]o n=24 c=5 b=5 nu_cut=4 good=46 nongen=[] mism=0
U???D|}zd{^_??__@_A????AA???Fw?Fw?B{??~? n=22 c=5 b=4 nu_cut=4 good=34 nongen=[] mism=0
Y??????\vJMwuWlWVSB]?O?AG??@?C_??????_????^_?@}??B{??B{? n=26 c=7 b=4 nu_cut=4 good=46 nongen=[] mism=0
Y??F~z{~????I?A?O??_?O?@???????^G?LU?@\_?T[??nO?BM_?Bs_? n=26 c=4 b=7 nu_cut=4 good=46 nongen=[] mism=0
W???Ft}~FsZo?_??P?B??@?????_???D{?@}??v_?F[??\o n=24 c=5 b=5 nu_cut=4 good=43 nongen=[] mism=0
Y??????rW~ZSVojoVoFM?_O?_?@??@???O_???????^_?@}??B{??B{? n=26 c=7 b=4 nu_cut=3 good=45 nongen=[] mism=0
Y????Bffv[Ng}Oz_O??C?O?????_?@???E????Fw?@v??Fs??No??No? n=26 c=6 b=5 nu_cut=4 good=49 nongen=[] mism=0
S??F~z{~B?H?_?I???????B{?No?^_?^_ n=20 c=4 b=4 nu_cut=4 good=33 nongen=[] mism=0
Y??F~z{~A?G_a???@?????????C????Uw?Hy?@N_?Fk??n_?@V_?Ax_? n=26 c=4 b=7 nu_cut=4 good=44 nongen=[] mism=0
Y??????F}ZD{YwTw]oEy???@?_???C_??O??I?????^_?@}??B{??B{? n=26 c=7 b=4 nu_cut=4 good=37 nongen=[] mism=0
Y???Fzmzfs^O?_A????_?P???????CC???Bm??Vo?Dm??Fw??|_??to? n=26 c=5 b=6 nu_cut=4 good=44 nongen=[] mism=0
W????A|~FUZo|_Zo??A???o?B??G??_????~??No?@}??Fw n=24 c=6 b=4 nu_cut=4 good=48 nongen=[] mism=0
W????B\Zq}Jw|_}OD?@C?_?????K???????~??No?@}??Fw n=24 c=6 b=4 nu_cut=4 good=39 nongen=[] mism=0
S??F~z{~E?Q?C?????@G??B{?No?^_?^_ n=20 c=4 b=4 nu_cut=4 good=33 nongen=[] mism=0
W???B}}vfk^OD?G?G?@???_????O???B{?A}??v_?E{??Vo n=24 c=5 b=5 nu_cut=4 good=37 nongen=[] mism=0
U??F~z{~?O??o?A?S????@???NW?^O?No?Lw?B]? n=22 c=4 b=5 nu_cut=4 good=40 nongen=[] mism=0
Y????@|zbyVozOuoC????@_@?????C??AO????No?@n??D{??Ng??Ng? n=26 c=6 b=5 nu_cut=4 good=44 nongen=[] mism=0
Y??????{]mK{nOug[kCv?A??A_????G?@_??C?????^_?@}??B{??B{? n=26 c=7 b=4 nu_cut=4 good=46 nongen=[] mism=0
W???Fy}^b{^_O?A??_?C?W?A???????F[?A}??|_?E{??\o n=24 c=5 b=5 nu_cut=4 good=32 nongen=[] mism=0
W???F]}zfsNoO?C?@??_??_???C_???D{?B]??}_?D{??^_ n=24 c=5 b=5 nu_cut=4 good=43 nongen=[] mism=0
S??F~z{~?OD?@?@?Q?????B{?No?^_?^_ n=20 c=4 b=4 nu_cut=4 good=33 nongen=[] mism=0
U???B~]nf[]o??H?O?CC?O??O???Fw?Fw?B{??~? n=22 c=5 b=4 nu_cut=4 good=41 nongen=[] mism=0
Y??F~z{~??A???c????G?G????@O???ZK?E]?An??]W?@yO?Bl??Ax_? n=26 c=4 b=7 nu_cut=4 good=45 nongen=[] mism=0
Y??F~z{~A???A?C???A_????_??G???Yw?Dy?By??J[??vO?Ax_?BM_? n=26 c=4 b=7 nu_cut=4 good=38 nongen=[] mism=0
Y???Fv{zd{^_????CO?G?@?AA??O??????@}??vO?E]??Xw??{o??yo? n=26 c=5 b=6 nu_cut=4 good=49 nongen=[] mism=0
U??F~z{~@???O???C?AG?a???Ng?^_?^O?Fw?@}? n=22 c=4 b=5 nu_cut=4 good=35 nongen=[] mism=0
U???Fnunf[^OO?a???A??E??_???Fw?Fw?B{??~? n=22 c=5 b=4 nu_cut=4 good=40 nongen=[] mism=0
Y??????nJmUkFwz_\WEf????G_@_????@G??O?????^_?@}??B{??B{? n=26 c=7 b=4 nu_cut=4 good=51 nongen=[] mism=0
W????Bx]vkZg^_No??AG??_?@?@A?C?????~??No?@}??Fw n=24 c=6 b=4 nu_cut=4 good=40 nongen=[] mism=0
Y????BjnT{]g}Ov_???A?G_???Ac??O???????NW?@v??Fk??Lw??Fw? n=26 c=6 b=5 nu_cut=4 good=52 nongen=[] mism=0
S??F~z{~?WA???C?C?CG??B{?No?^_?^_ n=20 c=4 b=4 nu_cut=4 good=34 nongen=[] mism=0
W??F~z{~??E?O?????@_???B????Vo?Fw?Ng?Bj??Xw??|_ n=24 c=4 b=6 nu_cut=4 good=44 nongen=[] mism=0
Y??????fjfNgRwJwZoCn?_??G?@_????A?_??O????^_?@}??B{??B{? n=26 c=7 b=4 nu_cut=4 good=46 nongen=[] mism=0
U???F^]~D{^OG???GO?C?A?B????Fw?Fw?B{??~? n=22 c=5 b=4 nu_cut=4 good=41 nongen=[] mism=0
Y??????zMV]gRwFwFkDN?_?AA?@???S??O????????^_?@}??B{??B{? n=26 c=7 b=4 nu_cut=4 good=45 nongen=[] mism=0
S??F~z{~??P?C?G?G?AO??B{?No?^_?^_ n=20 c=4 b=4 nu_cut=4 good=35 nongen=[] mism=0
Y??????VuN[suo\WRsDf??W???@???W?????c?????^_?@}??B{??B{? n=26 c=7 b=4 nu_cut=4 good=38 nongen=[] mism=0
Y????B]^TyYw|_fo?O@??A??@?@??C???A????NW??~??E{??Fw??Lw? n=26 c=6 b=5 nu_cut=4 good=44 nongen=[] mism=0
W??F~z{~??????`?G?E??B??????Fw?\g?J[?By??\g?@{_ n=24 c=4 b=6 nu_cut=4 good=44 nongen=[] mism=0
W??F~z{~??A?a???G??_???A_???Jw?]g?Js?@v??^O?@n? n=24 c=4 b=6 nu_cut=4 good=46 nongen=[] mism=0
Y???F^u~B{^_?_G?PO?_???????O??????@n??fo?E{??]g??fo??~?? n=26 c=5 b=6 nu_cut=4 good=52 nongen=[] mism=0
W??F~z{~????A?O?C_???A?AC???]W?Yw?Mw?@|??\o?@t_ n=24 c=4 b=6 nu_cut=4 good=39 nongen=[] mism=0
Y????BN~Em[w\o^OSO???A?A??????O??@????Ng??~??Fk??Mw??Fw? n=26 c=6 b=5 nu_cut=4 good=53 nongen=[] mism=0
W????Br}R{\oz_{o?_?A?AO?C??A??C????~??No?@}??Fw n=24 c=6 b=4 nu_cut=4 good=43 nongen=[] mism=0
U??F~z{~??@?????K?CG?Q???Mw?^O?]o?Lw?B{? n=22 c=4 b=5 nu_cut=4 good=39 nongen=[] mism=0
Y??????mXv]o|G\W\cC^?D??@?????O??B???_????^_?@}??B{??B{? n=26 c=7 b=4 nu_cut=4 good=52 nongen=[] mism=0
Y????Av^Vk^Gn_}O???C?_??C??O??W??@????Ng?@|??Fk??No??NW? n=26 c=6 b=5 nu_cut=4 good=44 nongen=[] mism=0
Y????Bmzd{Jw\oyo?G???_??O??g?@???@????NW?@|??Fw??Lw??Fw? n=26 c=6 b=5 nu_cut=4 good=55 nongen=[] mism=0
U??F~z{~AOP?????S????O???Lw?]o?No?Ng?A}? n=22 c=4 b=5 nu_cut=4 good=38 nongen=[] mism=0
Y???Fz]}f[]oG_G?O??o????G?????????@^??yo?B]??\o??mo??^_? n=26 c=5 b=6 nu_cut=4 good=54 nongen=[] mism=0
Y????@v}fwRw}OnOCG?C?O??G??A?A????????Mw?@n??Fs??Fw??Jw? n=26 c=6 b=5 nu_cut=4 good=48 nongen=[] mism=0
W???F^]zd{^OG?_?A??s???????_???F[?B{??|_?Fw??\o n=24 c=5 b=5 nu_cut=4 good=41 nongen=[] mism=0
Y???B~u~Fk^O??G???CW??????A??C_???Bf??~??Fk??\g??z_??nO? n=26 c=5 b=6 nu_cut=4 good=44 nongen=[] mism=0
U??F~z{~CG??C?A???@??W???Fw?Zo?Zo?Ng?B{? n=22 c=4 b=5 nu_cut=4 good=35 nongen=[] mism=0
W??F~z{~?GC_??C?C????S??????Fw?\g?E{?Bj??]g?@\_ n=24 c=4 b=6 nu_cut=4 good=39 nongen=[] mism=0
U??F~z{~A?A???A?B??G?O???Ng?Zo?]o?Ng?Bu? n=22 c=4 b=5 nu_cut=4 good=35 nongen=[] mism=0
Y????Bujrm\o~?ZoI??A????Q??_??A???????Jw?@v??E{??Fw??Ng? n=26 c=6 b=5 nu_cut=4 good=50 nongen=[] mism=0
Y??????tnwYkFwnGRsDV?G????A??@A?@???G_????^_?@}??B{??B{? n=26 c=7 b=4 nu_cut=4 good=42 nongen=[] mism=0
Y???F^uzfs^_A????????I??C?C_??G???Bx??^_?C}??]g??n_??\o? n=26 c=5 b=6 nu_cut=4 good=49 nongen=[] mism=0
Y????A|]uyXwn_jo??C_?G?@???_?@A???????Ng??~??D{??NW??Lw? n=26 c=6 b=5 nu_cut=4 good=47 nongen=[] mism=0
S??F~z{~?o@?O?K?C?????B{?No?^_?^_ n=20 c=4 b=4 nu_cut=4 good=34 nongen=[] mism=0
U??F~z{~??G_C?A?@????D???Mw?^_?^O?Jw?@}? n=22 c=4 b=5 nu_cut=4 good=39 nongen=[] mism=0
Y??F~z{~C?????g?@??G?@????A????]c?Dm?Bl??W{?@wo?An??@Z_? n=26 c=4 b=7 nu_cut=4 good=53 nongen=[] mism=0
S??F~z{~AGK???D????O??B{?No?^_?^_ n=20 c=4 b=4 nu_cut=4 good=34 nongen=[] mism=0
W???Fnmnb{Vo_?Y??_C?????G??????Fk?A}??n_?Fw??\o n=24 c=5 b=5 nu_cut=4 good=43 nongen=[] mism=0
W??F~z{~?G@???`??????G?@O???Vo?Lw?Js?@n??No?@f_ n=24 c=4 b=6 nu_cut=4 good=41 nongen=[] mism=0
W???Fy}vb{NoD??_?OC?????_??O???E{?@}??}_?B{??]o n=24 c=5 b=5 nu_cut=4 good=42 nongen=[] mism=0
U???B~mvb{VoG__????G?O?@G???Fw?Fw?B{??~? n=22 c=5 b=4 nu_cut=4 good=35 nongen=[] mism=0
W???D~y|e{\oE?O?C?@???_????O???Fw?@}??}_?E{??^_ n=24 c=5 b=5 nu_cut=4 good=42 nongen=[] mism=0
Y????@|]s}UwuoloO?AG???@_?@???O???????Mw?@^??Fs??Jw??Ng? n=26 c=6 b=5 nu_cut=4 good=49 nongen=[] mism=0
Y????@zlu]^O}ONo?OA???OA???G?@??@?????Ng?@n??B{??Fw??Lw? n=26 c=6 b=5 nu_cut=4 good=39 nongen=[] mism=0
U??F~z{~@???c?_???AG?@???Lw?^O?Zo?Ng?Bm? n=22 c=4 b=5 nu_cut=4 good=40 nongen=[] mism=0
W??F~z{~?_C?A?A???B??O??????Rw?^G?Fk?By??Xw?@f_ n=24 c=4 b=6 nu_cut=4 good=41 nongen=[] mism=0
U??F~z{~?_@?g?G?B????????Fw?No?]o?Lw?Bu? n=22 c=4 b=5 nu_cut=4 good=34 nongen=[] mism=0
U???F]}|e{^_?_o??_?_?W??????Fw?Fw?B{??~? n=22 c=5 b=4 nu_cut=4 good=42 nongen=[] mism=0
U??F~z{~C???@?_?A_?O?C???Fw?^_?]o?Fw?Bu? n=22 c=4 b=5 nu_cut=4 good=36 nongen=[] mism=0
U??F~z{~?OA?@?@?O?C??G???Mw?\o?No?Jw?A}? n=22 c=4 b=5 nu_cut=4 good=30 nongen=[] mism=0
Y???E~]~B{]o??A??O?_?X??_?????????A^??yo?Dm??Vg??{o??|O? n=26 c=5 b=6 nu_cut=4 good=46 nongen=[] mism=0
Y??????{s|\WfoFwVoFJ?S????A@??I??????G????^_?@}??B{??B{? n=26 c=7 b=4 nu_cut=4 good=51 nongen=[] mism=0
Y??????~FRVSNgUwTsCn???A??A???G??B??K?????^_?@}??B{??B{? n=26 c=7 b=4 nu_cut=4 good=38 nongen=[] mism=0
W??F~z{~A???G?_?P????C??G???\g?[w?NS?B]??Jw?@m_ n=24 c=4 b=6 nu_cut=4 good=34 nongen=[] mism=0
Y????Burs}Mwuo]o??C??O?A_??_??G??_????NW?@}??F[??Fw??Jw? n=26 c=6 b=5 nu_cut=4 good=56 nongen=[] mism=0
Y???Fl}~B{^O_?_?O?@C????C?????_???An??lo?Fk??\W??uo??No? n=26 c=5 b=6 nu_cut=4 good=49 nongen=[] mism=0
S??F~z{~?OO?O???A_A_??B{?No?^_?^_ n=20 c=4 b=4 nu_cut=4 good=35 nongen=[] mism=0
U???E}}~Fw^O?_C?S????G??I???Fw?Fw?B{??~? n=22 c=5 b=4 nu_cut=4 good=40 nongen=[] mism=0
W????B\{vM^Gloz_H????@??W??a???????~??No?@}??Fw n=24 c=6 b=4 nu_cut=4 good=46 nongen=[] mism=0
U??F~z{~A?O?G???B?@??C???Fw?No?Vo?NW?A}? n=22 c=4 b=5 nu_cut=4 good=29 nongen=[] mism=0
Y????@}xumVW{o^O?g???O??G????@_??C????Ng?@v??B{??Fw??No? n=26 c=6 b=5 nu_cut=4 good=48 nongen=[] mism=0
Y????B{mveLw~?|_OG?A????O??G??C??G????Fw?@^??D{??NW??Lw? n=26 c=6 b=5 nu_cut=4 good=50 nongen=[] mism=0
S??F~z{~A_?_G?B?O?????B{?No?^_?^_ n=20 c=4 b=4 nu_cut=4 good=35 nongen=[] mism=0
U??F~z{~@?A_??A?O_???_???Jw?No?No?No?Bu? n=22 c=4 b=5 nu_cut=4 good=35 nongen=[] mism=0
W???Fl}ze{\o????P??_?W??A??G???Fk?By??v_?D{??^O n=24 c=5 b=5 nu_cut=4 good=38 nongen=[] mism=0
W???B}}zd{^OS???O????O?A_?A????F[?B{??n_?B{??^O n=24 c=5 b=5 nu_cut=4 good=45 nongen=[] mism=0
Y??????rut]K^_toYk@|??W?g??I?????A????????^_?@}??B{??B{? n=26 c=7 b=4 nu_cut=4 good=46 nongen=[] mism=0
W????B\~FU]g{o|_?G?C?A_?C??I???????~??No?@}??Fw n=24 c=6 b=4 nu_cut=4 good=40 nongen=[] mism=0
Y??????R{z\W}_LwNSDx?W?AC????A???C???G????^_?@}??B{??B{? n=26 c=7 b=4 nu_cut=4 good=52 nongen=[] mism=0
Y??????Lzy[[ug^OP{FX?g??@????A???S???_????^_?@}??B{??B{? n=26 c=7 b=4 nu_cut=4 good=54 nongen=[] mism=0
W???Fv{vf[^_@?O?D?CC????A??????D{?B]??z_?B{??Vo n=24 c=5 b=5 nu_cut=4 good=42 nongen=[] mism=0
U??F~z{~??G?@?c????W?O???Mw?No?^_?NW?By? n=22 c=4 b=5 nu_cut=4 good=39 nongen=[] mism=0
Y??F~z{~??A?P????_A_???????O???[[?MM?Av??Xs??n_?Av??BX_? n=26 c=4 b=7 nu_cut=4 good=45 nongen=[] mism=0
U???Fz{^e{]oG_S?C?????_?C???Fw?Fw?B{??~? n=22 c=5 b=4 nu_cut=4 good=40 nongen=[] mism=0
Y??F~z{~@?@_????A??????B??A????Rw?NW??|_?]c?@po??~??@u_? n=26 c=4 b=7 nu_cut=4 good=45 nongen=[] mism=0
S??F~z{~??A?C?@?H?B???B{?No?^_?^_ n=20 c=4 b=4 nu_cut=4 good=34 nongen=[] mism=0
W???B~m|fw\oP?I?A????_????C????Fk?B]??n_?Fk??No n=24 c=5 b=5 nu_cut=4 good=38 nongen=[] mism=0
U??F~z{~A???@?_?A??_?Q???Ng?^_?Zo?Lw?@}? n=22 c=4 b=5 nu_cut=4 good=35 nongen=[] mism=0
Y????BVnVU]W{oroC_?G?C??I?????O???????No?@v??B{??Jw??Jw? n=26 c=6 b=5 nu_cut=4 good=49 nongen=[] mism=0
Y??F~z{~?W????C?D??_??????@????J[?Em?@u_?Rk?@V_?BU_?Bu?? n=26 c=4 b=7 nu_cut=4 good=51 nongen=[] mism=0
Y???E~mnfs^OG?G?A????A??C??c???????~??]o?Fi??Zg??\o??n_? n=26 c=5 b=6 nu_cut=4 good=44 nongen=[] mism=0
Y????BfmryZW^_VoG????A??O??E?C???C????Ng?@|??Fk??Fw??No? n=26 c=6 b=5 nu_cut=4 good=43 nongen=[] mism=0
U???E~]~B{]o?_A?@?AC???A_???Fw?Fw?B{??~? n=22 c=5 b=4 nu_cut=4 good=35 nongen=[] mism=0
S??F~z{~???_A?I?O?CG??B{?No?^_?^_ n=20 c=4 b=4 nu_cut=4 good=33 nongen=[] mism=0
Y??F~z{~@?C?C?O?H???????O??????Q{?By?@f_?Yw?@]_?Bf??BY_? n=26 c=4 b=7 nu_cut=4 good=52 nongen=[] mism=0
S??F~z{~AO?_??_?C?AO??B{?No?^_?^_ n=20 c=4 b=4 nu_cut=4 good=36 nongen=[] mism=0
W??F~z{~?o??@?W??_?_????????Mw?Zo?B{?Bm??Mw?@t_ n=24 c=4 b=6 nu_cut=4 good=45 nongen=[] mism=0
U???Ft}nfk\o??B?G?AC?G?A????Fw?Fw?B{??~? n=22 c=5 b=4 nu_cut=4 good=41 nongen=[] mism=0
W??F~z{~??O?K?_??????O??o???\o?]g?M[?B]??Jw??^_ n=24 c=4 b=6 nu_cut=4 good=46 nongen=[] mism=0
S??F~z{~?GG?E?A??_A???B{?No?^_?^_ n=20 c=4 b=4 nu_cut=4 good=34 nongen=[] mism=0
W??F~z{~??A?G?_?@??O???@O???\o?Vg?F[?BN??ZW?@n? n=24 c=4 b=6 nu_cut=4 good=40 nongen=[] mism=0
Y???D~u}d{\oO?_?@?A??@??A????A????Br??fo?By??]o??nO??yo? n=26 c=5 b=6 nu_cut=4 good=52 nongen=[] mism=0
W??F~z{~???_G?O?O?@??A??O???]o?Zg?Nc?@n??Lw?@^? n=24 c=4 b=6 nu_cut=4 good=48 nongen=[] mism=0
W???Fv]nd{]oG?@?A????`?@???O???D{?Bu??^_?Fs??^O n=24 c=5 b=5 nu_cut=4 good=37 nongen=[] mism=0
W??F~z{~??H???S?O_@?????????]W?[w?Mk?Bj??Vg?@]_ n=24 c=4 b=6 nu_cut=4 good=40 nongen=[] mism=0
W????@vnR{VoZoyoG????O_?O?C??CO????~??No?@}??Fw n=24 c=6 b=4 nu_cut=4 good=46 nongen=[] mism=0
W???Fnm|b{\oG?@???AO??_?O??O???F[?Bu??|_?B{??Zo n=24 c=5 b=5 nu_cut=4 good=38 nongen=[] mism=0
S??F~z{~C???I?O??_?o??B{?No?^_?^_ n=20 c=4 b=4 nu_cut=4 good=36 nongen=[] mism=0
U??F~z{~?O@?C???C?@??D???NW?Zo?^_?No?Bu? n=22 c=4 b=5 nu_cut=4 good=35 nongen=[] mism=0
U??F~z{~?_?__?C??_@??G???Ng?^O?Zo?Fw?B{? n=22 c=4 b=5 nu_cut=4 good=36 nongen=[] mism=0
W???E~]nb{^O@?_?A?@????@G?C????F[?Bu??~??Fs??^_ n=24 c=5 b=5 nu_cut=4 good=38 nongen=[] mism=0
Y??F~z{~???_O?C???@??D????C????J[?Iu?Bs_?Ys??{o?Bl??Av?? n=26 c=4 b=7 nu_cut=4 good=54 nongen=[] mism=0
Y??F~z{~??K?A?_?O????O??_??????Y[?Iu?Bs_?Xw?@Xo?Ar_?@m_? n=26 c=4 b=7 nu_cut=4 good=46 nongen=[] mism=0
Y????Bl{vqFw{ofoO?A??H?????G??C??O????NW?@z??B{??Mw??Lw? n=26 c=6 b=5 nu_cut=4 good=50 nongen=[] mism=0
Y??????u\yFs{ovG\gCn??_?`??G??@??A_???????^_?@}??B{??B{? n=26 c=7 b=4 nu_cut=4 good=52 nongen=[] mism=0
S??F~z{~??H?H?G?O_????B{?No?^_?^_ n=20 c=4 b=4 nu_cut=4 good=33 nongen=[] mism=0
W??F~z{~@??_C?A?@_???C??????Tw?Zo?E{?Bf??^O?@y_ n=24 c=4 b=6 nu_cut=4 good=40 nongen=[] mism=0
U??F~z{~?_G?_?_?G??o?????Ng?Vo?]o?NW?A}? n=22 c=4 b=5 nu_cut=4 good=34 nongen=[] mism=0
Y??????k~wZWqw{WMwBy??G???CO??K?????GG????^_?@}??B{??B{? n=26 c=7 b=4 nu_cut=4 good=45 nongen=[] mism=0
U???E|}nfs\oA?@_E?C?????_???Fw?Fw?B{??~? n=22 c=5 b=4 nu_cut=4 good=41 nongen=[] mism=0
W????@n|TyXwVoz_??CC?Q??B?????_????~??No?@}??Fw n=24 c=6 b=4 nu_cut=4 good=40 nongen=[] mism=0
W???F\}zfw]o?_A?@??G??_A???_???Fs?A}??^_?Fs??No n=24 c=5 b=5 nu_cut=4 good=33 nongen=[] mism=0
W??F~z{~??O?H?C?G???????o???No?Xw?Fw?Av??Rw?@}? n=24 c=4 b=6 nu_cut=4 good=47 nongen=[] mism=0
W??F~z{~@??_g?????C_????C???^O?Jw?Ng?Bt??Xw?@Z_ n=24 c=4 b=6 nu_cut=4 good=45 nongen=[] mism=0
Y???FzyvfkZoC?_??_??????_??O?AO???@z??lo?Fs??Rw??}_??|O? n=26 c=5 b=6 nu_cut=4 good=43 nongen=[] mism=0
Y??????}H}LsxWxWXwBl?A?AO????C???@_??O????^_?@}??B{??B{? n=26 c=7 b=4 nu_cut=4 good=45 nongen=[] mism=0
Y????Az|RyZgtoz_C?@????@O??A?????E????Mw?@}??Fk??Fw??Lw? n=26 c=6 b=5 nu_cut=4 good=48 nongen=[] mism=0
S??F~z{~COG?E?G???C???B{?No?^_?^_ n=20 c=4 b=4 nu_cut=4 good=35 nongen=[] mism=0
W???F\}vfkZoG????_?_?K????B????F[?B{??z_?Fk??]o n=24 c=5 b=5 nu_cut=4 good=39 nongen=[] mism=0
W????An|d{^_rojoD??A??????AA??c????~??No?@}??Fw n=24 c=6 b=4 nu_cut=4 good=33 nongen=[] mism=0
W????Br\umVgfofo@??O?O??_?@G?@?????~??No?@}??Fw n=24 c=6 b=4 nu_cut=4 good=37 nongen=[] mism=0
Y??????N\]NSyg[wW{Fk?C?????G?A_??G??`?????^_?@}??B{??B{? n=26 c=7 b=4 nu_cut=4 good=52 nongen=[] mism=0
W???Fv{nb{]oC???D??W?O?@???????Fw?Bm??^_?E{??Vo n=24 c=5 b=5 nu_cut=4 good=47 nongen=[] mism=0
U??F~z{~A???G?@?J??G?????Fw?]o?]o?Ng?B{? n=22 c=4 b=5 nu_cut=4 good=39 nongen=[] mism=0
W???E~u^f[^Oa?@????O?G?A_??????Fk?B{??^_?Fk??^O n=24 c=5 b=5 nu_cut=4 good=42 nongen=[] mism=0
W????A^|R{Tw}_No?G?_???A??AO??K????~??No?@}??Fw n=24 c=6 b=4 nu_cut=4 good=41 nongen=[] mism=0
W??F~z{~CW????@????O?G?A????Jw?Mw?Mw?@z??Tw?@u_ n=24 c=4 b=6 nu_cut=4 good=38 nongen=[] mism=0
W????Az^fMNW\on_???O???A@??a?CO????~??No?@}??Fw n=24 c=6 b=4 nu_cut=4 good=44 nongen=[] mism=0
U??F~z{~?_G_G?A?O????A???No?^O?^_?Jw?A}? n=22 c=4 b=5 nu_cut=4 good=36 nongen=[] mism=0
Y???B~y~F[Zoa?????A??@??O?@??@????BV??jo?Fe??Ng??z_??\o? n=26 c=5 b=6 nu_cut=4 good=48 nongen=[] mism=0
W???D~]|d{\oH?A??OA??_??_??????B{?B]??v_?B{??]o n=24 c=5 b=5 nu_cut=4 good=38 nongen=[] mism=0
U??F~z{~A??_O?G?O_???_???No?]o?No?Fw?By? n=22 c=4 b=5 nu_cut=4 good=36 nongen=[] mism=0
Y???Fx}ne{\o@?G???@??U?A??????????Bt??zO?Du??NW??lo??lo? n=26 c=5 b=6 nu_cut=4 good=47 nongen=[] mism=0
S??F~z{~??C?Q?O?@?C_??B{?No?^_?^_ n=20 c=4 b=4 nu_cut=4 good=34 nongen=[] mism=0
W???Fzu}d{\oO?C?O???????a?AG???Fk?By??~??Fs??^_ n=24 c=5 b=5 nu_cut=4 good=48 nongen=[] mism=0
W????BtVp}Fwuomo@_A??W????C??@?????~??No?@}??Fw n=24 c=6 b=4 nu_cut=4 good=39 nongen=[] mism=0
Y??????s~hX[fg^_NWB]?C?AG????@G?????@G????^_?@}??B{??B{? n=26 c=7 b=4 nu_cut=4 good=53 nongen=[] mism=0
U???Fvynf[No??C?C_?c?_??C???Fw?Fw?B{??~? n=22 c=5 b=4 nu_cut=4 good=40 nongen=[] mism=0
Y????A^rvY^O^O}_?G@???o?O??_?????_????Jw?@n??F[??No??Jw? n=26 c=6 b=5 nu_cut=4 good=49 nongen=[] mism=0
S??F~z{~@?C_B?Q???????B{?No?^_?^_ n=20 c=4 b=4 nu_cut=4 good=32 nongen=[] mism=0
Y????@z|euLwloVoC????AOA???_?@??@?????Lw?@^??Fw??No??Mw? n=26 c=6 b=5 nu_cut=4 good=43 nongen=[] mism=0
Y????Bx{s}\gmon_?G?G????_??S?AG???????Ng?@|??Fk??Fw??Mw? n=26 c=6 b=5 nu_cut=4 good=48 nongen=[] mism=0
W??F~z{~?_G_g?O??????G??????Ng?Zg?J[?A^??Jw?@V_ n=24 c=4 b=6 nu_cut=4 good=46 nongen=[] mism=0
Y??????Nlf]gtoFwJkDV????__@C??G?@G????????^_?@}??B{??B{? n=26 c=7 b=4 nu_cut=4 good=46 nongen=[] mism=0
Y??F~z{~???_?????????[??W??O???Xw?Jw?Bq_?Rk?@]_?B[_?@l_? n=26 c=4 b=7 nu_cut=4 good=51 nongen=[] mism=0
Y??????]^MJwlozGVcC|????A?@@??A??@??AG????^_?@}??B{??B{? n=26 c=7 b=4 nu_cut=4 good=52 nongen=[] mism=0
Y????Az}T]NWnO|_G??O??O?C?CG??G???????Fw?@|??Fs??No??NW? n=26 c=6 b=5 nu_cut=4 good=44 nongen=[] mism=0
W???D~yvfw]oC?_?@?A??G??C?A????E{?Bm??}_?Fs??^_ n=24 c=5 b=5 nu_cut=4 good=43 nongen=[] mism=0
Y???Fv]^b{^_D?????C??W??C?????O???Bu??}O?By??Mw??z_??\o? n=26 c=5 b=6 nu_cut=4 good=49 nongen=[] mism=0
W??F~z{~@?@?G?_?G?A?????O???NW?No?B{?BN??Vg?@j_ n=24 c=4 b=6 nu_cut=4 good=41 nongen=[] mism=0
U??F~z{~A???G?G?Q????D???Lw?Vo?]o?No?B{? n=22 c=4 b=5 nu_cut=4 good=40 nongen=[] mism=0
U???D~m~D{ZoO?@??OB??_??G???Fw?Fw?B{??~? n=22 c=5 b=4 nu_cut=4 good=42 nongen=[] mism=0
Y??F~z{~??Q?_?G?A????O?????O???\g?LU?Az??Vc?@Jo?@n??B{?? n=26 c=4 b=7 nu_cut=4 good=38 nongen=[] mism=0
Y??????Zl]ZK]gyoRs@n???AO?@G??A??P????????^_?@}??B{??B{? n=26 c=7 b=4 nu_cut=4 good=51 nongen=[] mism=0
S??F~z{~A?G???g?O?@_??B{?No?^_?^_ n=20 c=4 b=4 nu_cut=4 good=33 nongen=[] mism=0
Y??????lpnZSygjW\SDj?Q??O?????O?@A??O?????^_?@}??B{??B{? n=26 c=7 b=4 nu_cut=4 good=49 nongen=[] mism=0
Y??????wzl]SvGjoTsDf?OO?G??_??a?????@?????^_?@}??B{??B{? n=26 c=7 b=4 nu_cut=4 good=45 nongen=[] mism=0
W??F~z{~?O????A?A?A??P?A????\g?\o?F[?@}??No?@{_ n=24 c=4 b=6 nu_cut=4 good=34 nongen=[] mism=0
W??F~z{~?GH?g?_??????G??????Tw?\o?E{?A^??ZW?@}? n=24 c=4 b=6 nu_cut=4 good=40 nongen=[] mism=0
Y????@nut{Ywyo^_O?A??A??O????CG??O????No?@v??D{??Ng??Fw? n=26 c=6 b=5 nu_cut=4 good=55 nongen=[] mism=0
W???E}}^f[No??G_???_?o??G??G???D{?Bu??|_?Fs??^O n=24 c=5 b=5 nu_cut=4 good=38 nongen=[] mism=0
W??F~z{~??B???????@??L??C???VW?Zg?No?An??^_?@v? n=24 c=4 b=6 nu_cut=4 good=37 nongen=[] mism=0
Y????@n}Uy\gv_Zo??C??G??_??_?C???Q????Jw?@v??Fs??No??Mw? n=26 c=6 b=5 nu_cut=4 good=44 nongen=[] mism=0
Y????BNxs}^OzONo@G?G?_??_?????C??O????Lw??~??B{??Ng??NW? n=26 c=6 b=5 nu_cut=4 good=49 nongen=[] mism=0
W????@|xvqZWto}_@_???_??_??C??a????~??No?@}??Fw n=24 c=6 b=4 nu_cut=4 good=41 nongen=[] mism=0
W???Fv]^fsVo?_G?G?AG?C?????G???D{?By??n_?B{??\o n=24 c=5 b=5 nu_cut=4 good=43 nongen=[] mism=0
Y???Fvu|d{Zo??g???@???_@G??_??????By??n_?Du??\g??{o??No? n=26 c=5 b=6 nu_cut=4 good=50 nongen=[] mism=0
S??F~z{~@?D?A?_?O_????B{?No?^_?^_ n=20 c=4 b=4 nu_cut=4 good=33 nongen=[] mism=0
U???E|}}f[Vo?_A?G?E??@??O???Fw?Fw?B{??~? n=22 c=5 b=4 nu_cut=4 good=42 nongen=[] mism=0
U??F~z{~A?G?I?C????O?G???Mw?^_?^_?Lw?B]? n=22 c=4 b=5 nu_cut=4 good=35 nongen=[] mism=0
Y??????VruZcwwqwVoB]?_??_??@??B??_???G????^_?@}??B{??B{? n=26 c=7 b=4 nu_cut=4 good=49 nongen=[] mism=0
Y????@zyuyZgZovO???_??_???@_?@G??A????Ng?@v??B{??NW??NW? n=26 c=6 b=5 nu_cut=4 good=53 nongen=[] mism=0
W??F~z{~?G??A?o?H??G????????No?[w?I{?Br??Jw?@z? n=24 c=4 b=6 nu_cut=4 good=45 nongen=[] mism=0
Y??F~z{~C?H?K???C????@?????????R[?Lq?BU_?E{??uo?AZ_?Az?? n=26 c=4 b=7 nu_cut=4 good=53 nongen=[] mism=0
Y???Fzuzfw\o?????O?_????G?@C?E????A}??uo?FY??Zo??vO??jo? n=26 c=5 b=6 nu_cut=4 good=44 nongen=[] mism=0
W??F~z{~??B?????E?A??O?A????Uw?Fw?NK?Bu??^_?@N_ n=24 c=4 b=6 nu_cut=4 good=46 nongen=[] mism=0
W???Fu}vfkZoo?O?D????G??O??????Fw?@}??v_?Fk??\o n=24 c=5 b=5 nu_cut=4 good=47 nongen=[] mism=0
W????BmZp}MwnOnOOO?A?O_???A???O????~??No?@}??Fw n=24 c=6 b=4 nu_cut=4 good=41 nongen=[] mism=0
Y???B~u}e{]oA?C???D??G??C??G??????Bj??mo?Fi??Fw??mo??Zo? n=26 c=5 b=6 nu_cut=4 good=38 nongen=[] mism=0
U???D|}^e{VoO?O_K?C_????????Fw?Fw?B{??~? n=22 c=5 b=4 nu_cut=4 good=34 nongen=[] mism=0
Y??F~z{~??C???O?A??W?C?????O???NW?I{?A]_?Lk??xo?At_?Ar_? n=26 c=4 b=7 nu_cut=4 good=45 nongen=[] mism=0
Y????BfuvM]Wfoz_B??_????_?A???G??_????Ng?@v??D{??NW??Fw? n=26 c=6 b=5 nu_cut=4 good=49 nongen=[] mism=0
U???E~]nb{No??o???@??G_?g???Fw?Fw?B{??~? n=22 c=5 b=4 nu_cut=4 good=34 nongen=[] mism=0
Y???Fvm^e{\ok?C??????_?????G?A????@|??\o?Fw??Mw??jo??xo? n=26 c=5 b=6 nu_cut=4 good=46 nongen=[] mism=0
U???Fy}~E{Vo??C?OO?C?P?@????Fw?Fw?B{??~? n=22 c=5 b=4 nu_cut=4 good=40 nongen=[] mism=0
W????@nnfMJw^_n_???_?GO?P?C??A?????~??No?@}??Fw n=24 c=6 b=4 nu_cut=4 good=40 nongen=[] mism=0
U???F^]|d{ZoG?@?@O?_?S??????Fw?Fw?B{??~? n=22 c=5 b=4 nu_cut=4 good=35 nongen=[] mism=0
S??F~z{~@_O__?C????G??B{?No?^_?^_ n=20 c=4 b=4 nu_cut=4 good=33 nongen=[] mism=0
Y???B|}~Fs^_?_????E??g????????K???Bf??|_?A}??Jw??|_??Zo? n=26 c=5 b=6 nu_cut=4 good=48 nongen=[] mism=0
W????Bt|buZo}_\oP??G?@O???CC???????~??No?@}??Fw n=24 c=6 b=4 nu_cut=4 good=33 nongen=[] mism=0
Y????BVtvs[w~?vO@G@???_????G??_??@????Lw?@n??B{??Ng??Jw? n=26 c=6 b=5 nu_cut=4 good=38 nongen=[] mism=0
Y????Br]vYRwz_VoA?C??@?B???_??C???????NW?@n??F[??Fw??No? n=26 c=6 b=5 nu_cut=4 good=55 nongen=[] mism=0
Y??????F|{M[iwpw\WFi?O??C??_??_??g??A?????^_?@}??B{??B{? n=26 c=7 b=4 nu_cut=4 good=53 nongen=[] mism=0
U???D~{nf[]oG?A?G????__@O???Fw?Fw?B{??~? n=22 c=5 b=4 nu_cut=4 good=41 nongen=[] mism=0
S??F~z{~@GG???c??_?_??B{?No?^_?^_ n=20 c=4 b=4 nu_cut=4 good=34 nongen=[] mism=0
Y??F~z{~?GO?g?S?????????_??????Rw?MM?Ax_?H{??to?BU_?A]_? n=26 c=4 b=7 nu_cut=4 good=52 nongen=[] mism=0
W????BxZvkVoxo|O?O?a?AO????W???????~??No?@}??Fw n=24 c=6 b=4 nu_cut=4 good=46 nongen=[] mism=0
S??F~z{~??P?K?@?@??G??B{?No?^_?^_ n=20 c=4 b=4 nu_cut=4 good=33 nongen=[] mism=0
Y??????lh^Y[|_lo\W@z????P??@??O?@???B?????^_?@}??B{??B{? n=26 c=7 b=4 nu_cut=4 good=45 nongen=[] mism=0
W????Bx^fk\Wuoto???W?G_????A?CO????~??No?@}??Fw n=24 c=6 b=4 nu_cut=4 good=40 nongen=[] mism=0
W????BZtryTwmoZo@????C?A_?@???K????~??No?@}??Fw n=24 c=6 b=4 nu_cut=4 good=47 nongen=[] mism=0
Y???E|}nfsVo_?@???@_???@??E???????Az??}O?Dy??Vg??yo??Zo? n=26 c=5 b=6 nu_cut=4 good=41 nongen=[] mism=0
Y???F]}~E{^_??C????O???@C?AC?@????Bx??xo?Du??VW??^O??n_? n=26 c=5 b=6 nu_cut=4 good=44 nongen=[] mism=0
S??F~z{~C??_S????_B???B{?No?^_?^_ n=20 c=4 b=4 nu_cut=4 good=34 nongen=[] mism=0
Y????By\u{JwZoroO??g??????@???O??o????No??~??D{??Mw??No? n=26 c=6 b=5 nu_cut=4 good=48 nongen=[] mism=0
U??F~z{~C?B?G?G????G?@???Fw?Vo?\o?Lw?A}? n=22 c=4 b=5 nu_cut=4 good=40 nongen=[] mism=0
Y??????Y~XVWhwTwJ[Av????g??G??G??O??o?????^_?@}??B{??B{? n=26 c=7 b=4 nu_cut=4 good=45 nongen=[] mism=0
W???Fny}fw]oA?_??O?_???@_??G???F[?By??~??B{??^_ n=24 c=5 b=5 nu_cut=4 good=32 nongen=[] mism=0
U???E|}}f[NoD?g?H????@??????Fw?Fw?B{??~? n=22 c=5 b=4 nu_cut=4 good=35 nongen=[] mism=0
W??F~z{~????`?O?C_?????@G???Yw?ZW?NW?Br??No?@v? n=24 c=4 b=6 nu_cut=4 good=45 nongen=[] mism=0
S??F~z{~@OI?E????_????B{?No?^_?^_ n=20 c=4 b=4 nu_cut=4 good=34 nongen=[] mism=0
S??F~z{~?OG?E?H???A???B{?No?^_?^_ n=20 c=4 b=4 nu_cut=4 good=33 nongen=[] mism=0
W???Fzmnd{]oO?A?AO????_?_?C????D{?@}??v_?Fs??^O n=24 c=5 b=5 nu_cut=4 good=38 nongen=[] mism=0
Y????B{lr]Twmo|OW?A??@??A?????_?@?????Jw??~??F[??Mw??Ng? n=26 c=6 b=5 nu_cut=4 good=46 nongen=[] mism=0
W???F\}ne{^O?__??_@?????K?A????D{?By??^_?B{??Vo n=24 c=5 b=5 nu_cut=4 good=37 nongen=[] mism=0
Y????B\xruZgloZo?O?O?O????C???C?AC????No?@z??Fk??No??Mw? n=26 c=6 b=5 nu_cut=4 good=49 nongen=[] mism=0
Y??F~z{~?GG?C???C????G?@???G???K{?D{?A{_?VK?@yO?AV_?A}?? n=26 c=4 b=7 nu_cut=4 good=46 nongen=[] mism=0
W??F~z{~?O??S?C?C??G????G???^O?[w?K{?@^??NW??n_ n=24 c=4 b=6 nu_cut=4 good=41 nongen=[] mism=0
U???Fzy~B{VoE?@_O??G?O??????Fw?Fw?B{??~? n=22 c=5 b=4 nu_cut=4 good=35 nongen=[] mism=0
S??F~z{~A??_A?`?P?????B{?No?^_?^_ n=20 c=4 b=4 nu_cut=4 good=34 nongen=[] mism=0
Y????@vfvs^Glo^OGO???@?@???O??W???????Fw?@}??E{??Ng??Mw? n=26 c=6 b=5 nu_cut=4 good=53 nongen=[] mism=0
W???F]}}b{]oA?O?A?C?????C?@_???E{?Bu??~??Fw??\o n=24 c=5 b=5 nu_cut=4 good=49 nongen=[] mism=0
W????BV|f[Mw^_}O@_?A???A??@???o????~??No?@}??Fw n=24 c=6 b=4 nu_cut=4 good=41 nongen=[] mism=0
W???FnmzfkVoG?A_O??_?S?????????F[?Bu??n_?F[??^_ n=24 c=5 b=5 nu_cut=4 good=38 nongen=[] mism=0
Y??????rYv]KtojoX[Dx?C????AC?@@??O??@?????^_?@}??B{??B{? n=26 c=7 b=4 nu_cut=4 good=45 nongen=[] mism=0
U??F~z{~?GG?C???O??O?B???Jw?]o?Vo?NW?B{? n=22 c=4 b=5 nu_cut=4 good=30 nongen=[] mism=0
Y??????min^ORwnO]SEj?G_?G????A@??@??A?????^_?@}??B{??B{? n=26 c=7 b=4 nu_cut=4 good=52 nongen=[] mism=0
Y???Fm}|b{Zo__??@??O?@?A?????@????B]??to?By??Lw??ro??yo? n=26 c=5 b=6 nu_cut=4 good=48 nongen=[] mism=0
W???E~mvfw\o@???O?B??A??o??????Fk?By??}_?F[??Vo n=24 c=5 b=5 nu_cut=4 good=43 nongen=[] mism=0
W???B~{vfw\oa?O?C?C?????_??C???D{?By??n_?Fk??No n=24 c=5 b=5 nu_cut=4 good=37 nongen=[] mism=0
U??F~z{~A???G?B????_?B???Lw?^_?\o?Lw?Bu? n=22 c=4 b=5 nu_cut=4 good=36 nongen=[] mism=0
U??F~z{~@???@?C?G?@??a???Fw?No?Zo?No?Bu? n=22 c=4 b=5 nu_cut=4 good=36 nongen=[] mism=0
Y???Fy}|fw\o?_o???B??D????????????Bl??lo?B]??Rw??^O??\o? n=26 c=5 b=6 nu_cut=4 good=42 nongen=[] mism=0
Y??F~z{~??G_??E?@??G??????C????[w?Ji?Bf??VK??mo??z_?Bh_? n=26 c=4 b=7 nu_cut=4 good=45 nongen=[] mism=0
Y??????VjfUsiw}OVKEZ?G??P??G??C??A??A?????^_?@}??B{??B{? n=26 c=7 b=4 nu_cut=4 good=45 nongen=[] mism=0
Y??????t^FE{rg}_\WEu????g?@@?????C??CG????^_?@}??B{??B{? n=26 c=7 b=4 nu_cut=4 good=44 nongen=[] mism=0
S??F~z{~?g@???G??_E???B{?No?^_?^_ n=20 c=4 b=4 nu_cut=4 good=35 nongen=[] mism=0
W???Fz]~FsZoG?K?O??C???@C??????B{?By??n_?F[??^_ n=24 c=5 b=5 nu_cut=4 good=42 nongen=[] mism=0
Y??F~z{~A?@?`???O???????_??_???Ts?LM?@]_?Q{?@^??At_?@v?? n=26 c=4 b=7 nu_cut=4 good=38 nongen=[] mism=0
U??F~z{~?GC?C???S????o???NW?^_?Vo?Jw?B{? n=22 c=4 b=5 nu_cut=4 good=36 nongen=[] mism=0
W????@}n`}]gvOnO??A??W?AA????CO????~??No?@}??Fw n=24 c=6 b=4 nu_cut=4 good=39 nongen=[] mism=0
Y??????y\uF[rWkwZoBZ?__?c??D????@?????????^_?@}??B{??B{? n=26 c=7 b=4 nu_cut=4 good=46 nongen=[] mism=0
Y??F~z{~??O?A???@?@??W??O??????Vc?Dm?Be_?Yk?@uO?Ax_?A}?? n=26 c=4 b=7 nu_cut=4 good=45 nongen=[] mism=0
S??F~z{~???_D?_?A?@O??B{?No?^_?^_ n=20 c=4 b=4 nu_cut=4 good=34 nongen=[] mism=0
Y??????mmj^_kwygTkAn?O??A??_??G?@@???O????^_?@}??B{??B{? n=26 c=7 b=4 nu_cut=4 good=54 nongen=[] mism=0
U???B~{zfw\o??G?O??O?@_AO???Fw?Fw?B{??~? n=22 c=5 b=4 nu_cut=4 good=30 nongen=[] mism=0
Y??????JynVgZouWVWFL?????_C???O??O_?S?????^_?@}??B{??B{? n=26 c=7 b=4 nu_cut=4 good=53 nongen=[] mism=0
Y??F~z{~??E???C?O???????K??G???ZS?I{?Af_?Jk?@tO?BV???}_? n=26 c=4 b=7 nu_cut=4 good=52 nongen=[] mism=0
S??F~z{~C???H?D?W?????B{?No?^_?^_ n=20 c=4 b=4 nu_cut=4 good=33 nongen=[] mism=0
Y???Fu}^fwVoS?Q????C???????G?@????@n??]o?FY??No??fo??jo? n=26 c=5 b=6 nu_cut=4 good=49 nongen=[] mism=0
U??F~z{~?GA?U????_???A???NW?Zo?^O?No?B]? n=22 c=4 b=5 nu_cut=4 good=39 nongen=[] mism=0
W???E~m^fkNoA?_???CO???@O?@????F[?By??|_?F[??Vo n=24 c=5 b=5 nu_cut=4 good=47 nongen=[] mism=0
W???Fz]^fk^O_?A????G??_?E?@????Fk?B{??}_?Fw??\o n=24 c=5 b=5 nu_cut=4 good=43 nongen=[] mism=0
W??F~z{~?OC???@?G??O???@O???Lw?]o?NW?By??Uw?@V_ n=24 c=4 b=6 nu_cut=4 good=40 nongen=[] mism=0
Y??????^Rm[kmg{o\KEj????G??H?CC?????C_????^_?@}??B{??B{? n=26 c=7 b=4 nu_cut=4 good=45 nongen=[] mism=0
W????@}{vY]o^Oro???Q?@??@?C???o????~??No?@}??Fw n=24 c=6 b=4 nu_cut=4 good=47 nongen=[] mism=0
Y???D~]zfsNoO???A??C?I??O?@???????@v??{o?E{??Vg??yo??Vo? n=26 c=5 b=6 nu_cut=4 good=55 nongen=[] mism=0
U???Fx}zfw^OA?O_A????_?AO???Fw?Fw?B{??~? n=22 c=5 b=4 nu_cut=4 good=36 nongen=[] mism=0
U??F~z{~C?G_A?I???@??????Jw?]o?Vo?Mw?Bm? n=22 c=4 b=5 nu_cut=4 good=40 nongen=[] mism=0
U??F~z{~?GC_c???O????C???Lw?^O?No?Jw?A}? n=22 c=4 b=5 nu_cut=4 good=39 nongen=[] mism=0
U??F~z{~?GC???a?@?C??C???Mw?Vo?Zo?Mw?A}? n=22 c=4 b=5 nu_cut=4 good=36 nongen=[] mism=0
U???D|}^fkZo_???S?@O?D??????Fw?Fw?B{??~? n=22 c=5 b=4 nu_cut=4 good=39 nongen=[] mism=0
U???B~mvfsZo??C?K????K?AG???Fw?Fw?B{??~? n=22 c=5 b=4 nu_cut=4 good=39 nongen=[] mism=0
# STATS tries=3254 {'built': 2000, 'sparse': 2000, 'nongeneric': 0, 'no_good_pair': 0, 'cover_mism': 0, 'min_good': 29}
