1	8	0,6,1,7,2,8,3,9	0,7,3,6,2,9,1,8
2	7	0,6,1,7,9,2,8	0,7,2,6,8,1,9
3	8	0,6,1,7,2,8,3,9	0,7,3,6,2,9,1,8
4	5	0,4,6,8,9	0,6,9,4,8
5	5	0,4,6,8,9	0,6,9,4,8
6	5	0,4,6,8,9	0,6,9,4,8
7	6	0,4,1,6,9,8	0,6,4,8,1,9
8	5	0,4,6,8,9	0,6,9,4,8
9	6	0,4,1,8,6,9	0,6,1,9,4,8
10	5	0,4,6,8,9	0,6,9,4,8
11	5	2,5,7,8,9	2,7,9,5,8
12	5	0,4,6,8,9	0,6,9,4,8
13	5	1,4,6,8,9	1,6,9,4,8
14	6	0,4,1,8,6,9	0,6,1,9,4,8
15	5	0,4,6,8,9	0,6,9,4,8
16	5	2,5,7,8,9	2,7,9,5,8
17	6	0,4,1,8,6,9	0,6,1,9,4,8
18	5	0,4,6,8,9	0,6,9,4,8
19	6	0,4,1,6,9,8	0,6,4,8,1,9
20	6	0,4,1,8,6,9	0,6,1,9,4,8
21	6	0,4,1,6,9,7	0,6,4,7,1,9
22	6	0,4,1,6,9,7	0,6,4,7,1,9
23	5	0,4,6,8,9	0,6,9,4,8
24	6	0,4,1,6,9,7	0,6,4,7,1,9
25	6	0,4,1,6,9,7	0,6,4,7,1,9
26	5	0,4,6,8,9	0,6,9,4,8
27	6	0,4,1,6,9,7	0,6,4,7,1,9
28	6	0,4,1,6,9,7	0,6,4,7,1,9
29	6	0,4,1,6,9,8	0,6,4,8,1,9
30	6	0,4,1,6,9,7	0,6,4,7,1,9
31	6	0,4,1,6,8,7	0,6,4,7,1,8
32	6	0,4,1,6,8,7	0,6,4,7,1,8
33	6	0,4,1,6,9,7	0,6,4,7,1,9
34	5	0,4,6,8,9	0,6,9,4,8
35	5	0,4,7,8,9	0,7,9,4,8
36	6	0,4,1,6,9,7	0,6,4,7,1,9
37	6	2,5,3,8,7,9	2,7,3,9,5,8
38	6	0,4,1,6,9,8	0,6,4,8,1,9
39	5	0,4,6,8,9	0,6,9,4,8
40	5	0,4,6,8,9	0,6,9,4,8
41	5	2,5,7,8,9	2,7,9,5,8
42	6	0,4,1,8,6,9	0,6,1,9,4,8
43	5	0,4,6,8,9	0,6,9,4,8
44	6	0,4,1,8,7,9	0,7,1,9,4,8
45	6	0,4,1,6,9,8	0,6,4,8,1,9
46	6	0,4,1,6,9,8	0,6,4,8,1,9
47	5	2,5,7,8,9	2,7,9,5,8
48	6	0,4,1,8,6,9	0,6,1,9,4,8
49	5	0,4,6,8,9	0,6,9,4,8
50	6	2,5,3,8,7,9	2,7,3,9,5,8
51	5	0,4,6,8,9	0,6,9,4,8
52	5	2,5,7,8,9	2,7,9,5,8
53	5	0,4,6,8,9	0,6,9,4,8
54	5	2,5,7,8,9	2,7,9,5,8
55	6	0,4,1,6,9,8	0,6,4,8,1,9
56	5	0,4,6,8,9	0,6,9,4,8
57	6	0,4,1,6,8,9	0,6,4,9,1,8
58	5	1,4,6,8,9	1,6,9,4,8
59	5	0,4,7,8,9	0,7,9,4,8
60	5	2,5,7,8,9	2,7,9,5,8
61	5	2,5,7,8,9	2,7,9,5,8
62	6	0,4,1,6,8,9	0,6,4,9,1,8
63	5	2,5,7,8,9	2,7,9,5,8
64	6	0,4,1,8,6,9	0,6,1,9,4,8
65	5	0,4,6,8,9	0,6,9,4,8
66	6	0,4,1,6,9,8	0,6,4,8,1,9
67	6	2,5,3,8,7,9	2,7,3,9,5,8
68	6	0,4,1,6,9,8	0,6,4,8,1,9
69	5	0,4,7,8,9	0,7,9,4,8
70	5	2,5,7,8,9	2,7,9,5,8
71	5	2,5,7,8,9	2,7,9,5,8
72	6	0,4,1,8,6,9	0,6,1,9,4,8
73	5	0,4,6,8,9	0,6,9,4,8
74	6	0,4,1,6,9,8	0,6,4,8,1,9
75	6	2,5,3,8,7,9	2,7,3,9,5,8
76	5	2,5,7,8,9	2,7,9,5,8
77	6	2,5,3,8,7,9	2,7,3,9,5,8
78	5	1,4,6,8,9	1,6,9,4,8
79	5	1,4,6,8,9	1,6,9,4,8
80	5	2,5,7,8,9	2,7,9,5,8
81	5	0,4,6,7,9	0,6,9,4,7
82	5	0,4,6,7,9	0,6,9,4,7
83	5	0,4,6,7,9	0,6,9,4,7
84	5	0,4,6,7,9	0,6,9,4,7
85	5	0,4,6,7,9	0,6,9,4,7
86	5	0,4,6,8,9	0,6,9,4,8
87	5	1,4,6,8,9	1,6,9,4,8
88	5	0,4,6,7,9	0,6,9,4,7
89	6	0,4,1,6,9,8	0,6,4,8,1,9
90	5	0,4,7,8,9	0,7,9,4,8
91	6	0,4,1,6,9,8	0,6,4,8,1,9
92	6	2,5,3,8,7,9	2,7,3,9,5,8
93	5	0,4,6,7,9	0,6,9,4,7
94	6	0,4,1,6,9,8	0,6,4,8,1,9
95	5	0,4,6,8,9	0,6,9,4,8
96	6	0,4,1,6,9,8	0,6,4,8,1,9
97	5	2,5,7,8,9	2,7,9,5,8
98	6	0,4,1,8,6,9	0,6,1,9,4,8
99	5	0,4,6,8,9	0,6,9,4,8
100	5	0,4,6,8,9	0,6,9,4,8
101	6	2,5,3,8,7,9	2,7,3,9,5,8
102	6	0,4,1,6,9,8	0,6,4,8,1,9
103	5	2,5,7,8,9	2,7,9,5,8
104	6	0,4,1,6,9,8	0,6,4,8,1,9
105	5	2,5,7,8,9	2,7,9,5,8
106	6	0,4,1,8,6,9	0,6,1,9,4,8
107	6	0,4,1,6,9,7	0,6,4,7,1,9
108	6	0,4,1,6,9,7	0,6,4,7,1,9
109	6	0,4,1,6,9,7	0,6,4,7,1,9
110	6	2,5,3,7,9,8	2,7,5,8,3,9
111	6	0,4,1,6,9,7	0,6,4,7,1,9
112	6	0,4,1,6,8,9	0,6,4,9,1,8
113	6	0,4,1,6,9,7	0,6,4,7,1,9
114	6	2,5,3,7,9,8	2,7,5,8,3,9
115	6	0,4,1,8,6,9	0,6,1,9,4,8
116	7	0,4,7,2,8,5,9	0,7,5,2,9,4,8
117	6	0,4,1,6,9,7	0,6,4,7,1,9
118	5	0,4,6,7,9	0,6,9,4,7
119	6	0,4,1,7,6,9	0,6,1,9,4,7
120	6	0,4,1,6,7,9	0,6,4,9,1,7
121	6	0,4,1,6,9,7	0,6,4,7,1,9
122	5	0,4,6,7,9	0,6,9,4,7
123	6	0,4,1,7,6,8	0,6,1,8,4,7
124	6	0,4,1,7,6,8	0,6,1,8,4,7
125	5	0,4,6,7,9	0,6,9,4,7
126	6	0,4,1,6,9,8	0,6,4,8,1,9
127	6	2,5,3,7,9,8	2,7,5,8,3,9
128	5	0,4,6,7,9	0,6,9,4,7
129	6	0,4,1,6,9,8	0,6,4,8,1,9
130	6	2,5,3,7,9,8	2,7,5,8,3,9
131	5	0,4,6,7,9	0,6,9,4,7
132	5	0,4,6,8,9	0,6,9,4,8
133	6	0,4,1,6,8,9	0,6,4,9,1,8
134	5	1,4,6,8,9	1,6,9,4,8
135	5	0,4,6,7,9	0,6,9,4,7
136	6	2,5,3,7,9,8	2,7,5,8,3,9
137	5	0,4,6,7,9	0,6,9,4,7
138	6	0,4,1,8,6,9	0,6,1,9,4,8
139	7	0,4,7,2,8,5,9	0,7,5,2,9,4,8
140	5	0,4,6,7,9	0,6,9,4,7
141	7	2,5,7,4,8,6,9	2,7,6,4,9,5,8
142	5	0,4,5,6,9	0,5,9,4,6
143	7	0,5,4,6,1,7,9	0,6,5,9,1,4,7
144	6	0,4,1,6,9,7	0,6,4,7,1,9
145	6	0,4,1,6,9,7	0,6,4,7,1,9
146	5	0,4,5,6,9	0,5,9,4,6
147	7	0,4,1,6,5,9,7	0,5,4,7,1,9,6
148	7	0,4,1,6,5,8,9	0,6,4,5,9,1,8
149	7	0,4,1,6,5,8,9	0,5,4,6,9,1,8
150	7	0,4,1,6,5,8,9	0,5,4,6,9,1,8
151	5	0,4,5,6,9	0,5,9,4,6
152	7	0,4,1,6,5,9,8	0,5,8,1,9,4,6
153	7	0,5,4,6,1,9,8	0,6,5,8,1,4,9
154	7	0,5,4,6,1,7,9	0,6,5,9,1,4,7
155	7	0,4,5,2,7,9,8	0,5,8,2,9,4,7
156	7	0,4,1,6,5,9,8	0,5,8,1,9,4,6
157	6	0,4,1,6,9,7	0,6,4,7,1,9
158	7	0,4,5,2,7,9,8	0,5,8,2,9,4,7
159	7	0,4,1,6,9,8,5	0,6,5,4,9,1,8
160	8	0,4,1,6,3,7,9,8	0,6,4,7,1,8,3,9
161	7	0,4,1,6,5,9,7	0,5,4,7,1,9,6
162	7	0,4,5,2,7,9,8	0,5,8,2,9,4,7
163	7	0,3,6,1,7,4,8	0,6,4,1,8,3,7
164	5	0,3,5,6,9	0,5,9,3,6
165	5	0,3,5,7,9	0,5,9,3,7
166	6	0,5,3,6,9,7	0,6,5,7,3,9
167	6	0,3,5,6,9,7	0,6,3,7,5,9
168	5	0,3,5,6,9	0,5,9,3,6
169	7	0,3,5,7,1,9,8	0,7,3,8,1,5,9
170	7	0,5,1,7,3,8,9	0,7,5,3,9,1,8
171	7	0,3,5,7,1,9,8	0,7,3,8,1,5,9
172	5	0,3,5,6,9	0,5,9,3,6
173	7	0,3,5,1,7,9,8	0,5,7,3,8,1,9
174	7	0,3,5,1,7,9,8	0,5,7,3,8,1,9
175	5	0,3,5,7,9	0,5,9,3,7
176	7	0,3,5,1,7,9,8	0,5,7,3,8,1,9
177	6	0,5,3,6,9,7	0,6,5,7,3,9
178	6	0,3,5,6,9,7	0,6,3,7,5,9
179	7	0,3,5,1,7,9,8	0,5,9,1,8,3,7
180	5	0,3,5,6,9	0,5,9,3,6
181	6	0,5,3,6,9,7	0,6,5,7,3,9
182	5	0,3,5,6,9	0,5,9,3,6
183	6	0,3,5,6,9,7	0,6,3,7,5,9
184	8	0,3,5,1,8,9,4,6	0,5,6,3,8,4,1,9
185	8	0,3,5,1,8,4,9,6	0,5,6,4,1,9,3,8
186	5	0,3,5,6,9	0,5,9,3,6
187	8	0,3,5,1,8,4,9,6	0,5,9,1,4,6,3,8
188	6	0,5,3,6,9,7	0,6,5,7,3,9
189	7	0,3,6,2,7,9,8	0,6,9,2,8,3,7
190	6	0,3,5,6,9,7	0,6,3,7,5,9
191	7	0,3,6,2,7,9,8	0,6,9,2,8,3,7
192	7	0,3,6,4,8,1,9	0,4,1,6,9,3,8
193	7	0,3,6,4,8,1,9	0,4,1,6,9,3,8
194	7	0,3,6,4,8,1,9	0,4,1,6,9,3,8
195	7	1,4,6,2,7,9,8	1,6,9,2,8,4,7
196	7	0,3,6,4,8,1,9	0,4,1,6,9,3,8
197	7	1,4,6,2,7,9,8	1,6,9,2,8,4,7
198	7	1,4,6,2,7,9,8	1,6,9,2,8,4,7
199	6	0,4,1,8,5,9	0,5,1,9,4,8
200	6	0,4,1,8,5,9	0,5,1,9,4,8
201	7	1,4,6,2,7,9,8	1,6,9,2,8,4,7
202	7	1,4,6,2,7,9,8	1,6,9,2,8,4,7
203	6	0,4,1,8,5,9	0,5,1,9,4,8
204	7	1,4,6,2,9,5,8	1,5,2,8,4,9,6
205	7	1,4,6,2,9,5,8	1,5,2,8,4,9,6
206	7	0,3,6,4,9,1,8	0,4,1,6,8,3,9
207	7	0,3,6,4,9,1,8	0,4,1,6,8,3,9
208	7	0,3,6,4,9,1,8	0,4,1,6,8,3,9
209	7	1,6,2,7,9,3,8	1,7,3,6,8,2,9
210	7	1,4,6,2,7,9,8	1,6,8,2,9,4,7
211	7	0,3,6,4,9,1,8	0,4,1,6,8,3,9
212	7	1,4,6,2,7,9,8	1,6,8,2,9,4,7
213	7	1,6,2,7,9,3,8	1,7,3,6,8,2,9
214	7	1,4,6,8,2,9,7	1,8,4,7,2,6,9
215	5	1,4,6,8,9	1,6,9,4,8
216	7	1,4,6,2,7,9,8	1,6,8,2,9,4,7
217	5	1,4,6,8,9	1,6,9,4,8
218	7	1,6,2,7,9,3,8	1,7,3,6,8,2,9
219	5	1,4,6,8,9	1,6,9,4,8
220	7	1,6,2,7,9,3,8	1,7,3,6,8,2,9
221	5	1,4,6,8,9	1,6,9,4,8
222	7	0,3,6,4,9,1,8	0,4,1,6,8,3,9
223	7	0,3,6,4,9,1,8	0,4,1,6,8,3,9
224	7	0,3,6,4,9,1,8	0,4,1,6,8,3,9
225	7	0,3,6,4,9,1,8	0,4,1,6,8,3,9
226	8	0,3,6,1,4,7,9,8	0,4,6,8,1,7,3,9
227	7	0,4,1,5,8,6,9	0,5,9,4,6,1,8
228	7	0,4,1,5,8,6,9	0,5,9,4,6,1,8
229	7	1,4,6,3,7,9,8	1,6,8,3,9,4,7
230	8	0,4,1,6,8,5,2,9	0,5,1,9,4,6,2,8
231	8	0,4,1,6,8,5,2,9	0,5,1,9,4,6,2,8
232	8	0,4,1,6,8,5,2,9	0,5,1,9,4,6,2,8
233	8	0,4,1,6,8,5,2,9	0,5,1,9,4,6,2,8
234	8	0,3,6,1,4,7,9,8	0,4,6,8,3,7,1,9
235	8	0,4,1,6,8,5,2,9	0,5,1,9,4,6,2,8
236	6	0,4,1,8,5,9	0,5,1,9,4,8
237	5	1,4,6,8,9	1,6,9,4,8
238	6	0,4,1,8,5,9	0,5,1,9,4,8
239	5	1,4,6,8,9	1,6,9,4,8
240	7	0,4,1,5,8,6,9	0,5,9,1,6,4,8
241	6	0,4,1,8,5,9	0,5,1,9,4,8
242	7	0,3,6,4,8,1,9	0,4,1,6,9,3,8
243	7	0,3,6,4,8,1,9	0,4,1,6,9,3,8
244	6	0,4,1,8,5,9	0,5,1,9,4,8
245	6	0,4,1,8,5,9	0,5,1,9,4,8
246	7	0,3,6,4,8,1,9	0,4,1,6,9,3,8
247	6	0,4,1,8,5,9	0,5,1,9,4,8
248	7	0,3,6,4,8,1,9	0,4,1,6,9,3,8
249	7	1,4,6,2,7,9,8	1,6,9,2,8,4,7
250	7	0,3,6,4,8,1,9	0,4,1,6,9,3,8
251	7	1,4,6,2,7,9,8	1,6,9,2,8,4,7
252	7	1,4,6,2,7,9,8	1,6,9,2,8,4,7
253	7	1,4,6,2,7,9,8	1,6,9,2,8,4,7
254	7	0,3,6,4,8,1,9	0,4,1,6,9,3,8
255	6	0,4,1,8,5,9	0,5,1,9,4,8
256	6	0,3,6,8,4,9	0,4,6,9,3,8
257	7	0,3,6,4,9,1,8	0,4,1,6,8,3,9
258	7	0,3,6,4,8,1,9	0,4,1,6,9,3,8
259	7	1,4,6,8,2,9,7	1,8,4,7,2,6,9
260	6	0,3,6,8,4,9	0,4,6,9,3,8
261	6	0,3,6,8,4,9	0,4,6,9,3,8
262	7	1,6,2,7,9,3,8	1,7,3,6,8,2,9
263	5	1,4,6,8,9	1,6,9,4,8
264	7	1,6,2,7,9,3,8	1,7,3,6,8,2,9
265	5	1,4,6,8,9	1,6,9,4,8
266	5	1,4,6,8,9	1,6,9,4,8
267	5	1,4,6,8,9	1,6,9,4,8
268	6	1,5,2,8,6,9	1,6,2,9,5,8
269	7	0,3,6,4,9,1,8	0,4,1,6,8,3,9
270	7	0,3,6,4,9,1,8	0,4,1,6,8,3,9
271	6	1,5,2,8,6,9	1,6,2,9,5,8
272	6	1,5,2,8,6,9	1,6,2,9,5,8
273	7	0,3,6,4,9,1,8	0,4,1,6,8,3,9
274	7	0,4,1,5,8,6,9	0,5,9,4,6,1,8
275	6	1,5,2,8,6,9	1,6,2,9,5,8
276	7	0,3,6,4,9,1,8	0,4,1,6,8,3,9
277	7	0,3,6,4,9,1,8	0,4,1,6,8,3,9
278	6	1,5,2,8,6,9	1,6,2,9,5,8
279	6	1,5,2,8,6,9	1,6,2,9,5,8
280	7	0,3,6,4,9,1,8	0,4,1,6,8,3,9
281	7	0,4,1,5,8,6,9	0,5,9,4,6,1,8
282	6	1,5,2,8,6,9	1,6,2,9,5,8
283	7	0,3,6,4,9,1,8	0,4,1,6,8,3,9
284	7	1,6,2,7,9,3,8	1,7,3,6,8,2,9
285	7	1,4,6,2,7,9,8	1,6,8,2,9,4,7
286	7	0,3,6,4,9,1,8	0,4,1,6,8,3,9
287	7	1,4,6,2,7,9,8	1,6,8,2,9,4,7
288	7	1,6,2,7,9,3,8	1,7,3,6,8,2,9
289	7	1,6,2,7,9,3,8	1,7,3,6,8,2,9
290	7	1,4,6,2,7,9,8	1,6,8,2,9,4,7
291	7	0,3,6,4,9,1,8	0,4,1,6,8,3,9
292	7	1,4,6,2,7,9,8	1,6,8,2,9,4,7
293	7	1,6,2,7,9,3,8	1,7,3,6,8,2,9
294	6	1,5,2,8,6,9	1,6,2,9,5,8
295	8	0,3,6,1,4,7,9,8	0,4,6,8,1,7,3,9
296	6	1,5,2,8,6,9	1,6,2,9,5,8
297	7	0,4,1,5,8,6,9	0,5,9,4,6,1,8
298	7	0,4,1,5,8,6,9	0,5,9,4,6,1,8
299	6	1,5,2,8,6,9	1,6,2,9,5,8
300	7	0,4,1,5,8,6,9	0,5,9,4,6,1,8
301	7	1,4,6,3,7,9,8	1,6,8,3,9,4,7
302	7	1,4,6,2,7,9,8	1,6,8,2,9,4,7
303	6	0,4,1,8,5,9	0,5,1,9,4,8
304	6	0,4,1,8,5,9	0,5,1,9,4,8
305	7	1,4,6,8,2,9,7	1,8,4,7,2,6,9
306	6	1,5,2,8,6,9	1,6,2,9,5,8
307	6	0,4,1,8,5,9	0,5,1,9,4,8
308	7	0,4,1,5,8,6,9	0,5,9,4,6,1,8
309	6	1,5,2,8,6,9	1,6,2,9,5,8
310	5	1,4,6,8,9	1,6,9,4,8
311	5	1,4,6,8,9	1,6,9,4,8
312	5	1,4,6,8,9	1,6,9,4,8
313	7	1,4,6,2,7,9,8	1,6,8,2,9,4,7
314	6	0,4,1,8,5,9	0,5,1,9,4,8
315	7	1,4,6,2,8,5,9	1,5,2,9,4,8,6
316	7	1,4,6,2,7,9,8	1,6,9,2,8,4,7
317	5	1,4,6,8,9	1,6,9,4,8
318	7	1,4,6,2,7,9,8	1,6,8,2,9,4,7
319	5	1,4,6,8,9	1,6,9,4,8
320	6	1,5,2,8,6,9	1,6,2,9,5,8
321	5	1,4,6,8,9	1,6,9,4,8
322	7	1,4,6,2,9,5,8	1,5,2,8,4,9,6
323	7	0,3,6,4,9,1,8	0,4,1,6,8,3,9
324	6	1,6,2,8,7,9	1,7,2,9,6,8
325	6	1,6,2,8,7,9	1,7,2,9,6,8
326	6	1,6,3,8,7,9	1,7,3,9,6,8
327	6	2,6,3,8,7,9	2,7,3,9,6,8
328	6	1,6,2,8,7,9	1,7,2,9,6,8
329	7	1,6,2,7,8,3,9	1,7,3,6,9,2,8
330	6	1,6,2,8,7,9	1,7,2,9,6,8
331	6	1,4,6,8,9,7	1,6,9,4,7,8
332	6	1,6,2,8,7,9	1,7,2,9,6,8
333	6	1,6,3,8,7,9	1,7,3,9,6,8
334	6	2,6,3,8,7,9	2,7,3,9,6,8
335	7	1,4,6,8,7,2,9	1,7,4,9,6,2,8
336	6	1,6,2,8,7,9	1,7,2,9,6,8
337	6	1,6,4,8,7,9	1,7,4,9,6,8
338	6	2,6,4,8,7,9	2,7,4,9,6,8
339	6	1,6,2,8,7,9	1,7,2,9,6,8
340	5	1,4,6,8,9	1,6,9,4,8
341	6	0,3,6,8,4,9	0,4,6,9,3,8
342	6	1,6,3,8,7,9	1,7,3,9,6,8
343	6	1,6,4,8,7,9	1,7,4,9,6,8
344	6	0,3,6,8,4,9	0,4,6,9,3,8
345	6	1,6,3,8,7,9	1,7,3,9,6,8
346	5	1,4,6,8,9	1,6,9,4,8
347	6	0,3,6,8,4,9	0,4,6,9,3,8
348	6	2,6,3,8,7,9	2,7,3,9,6,8
349	6	2,6,4,8,7,9	2,7,4,9,6,8
350	6	0,3,6,8,4,9	0,4,6,9,3,8
351	6	0,3,6,8,4,9	0,4,6,9,3,8
352	6	2,6,3,8,7,9	2,7,3,9,6,8
353	7	1,4,6,2,7,8,9	1,6,8,2,9,4,7
354	6	2,6,3,8,7,9	2,7,3,9,6,8
355	6	1,4,6,8,7,9	1,6,9,8,4,7
356	6	1,4,6,8,7,9	1,6,9,8,4,7
357	6	1,4,6,8,7,9	1,6,9,8,4,7
358	7	1,6,2,7,8,3,9	1,7,3,6,9,2,8
359	6	1,6,2,8,7,9	1,7,2,9,6,8
360	6	1,6,2,8,7,9	1,7,2,9,6,8
361	6	1,5,2,8,6,9	1,6,2,9,5,8
362	6	1,6,2,8,7,9	1,7,2,9,6,8
363	6	1,5,2,8,6,9	1,6,2,9,5,8
364	7	0,4,1,5,8,6,9	0,5,9,4,6,1,8
365	7	0,4,1,5,8,6,9	0,5,9,4,6,1,8
366	6	1,5,2,8,6,9	1,6,2,9,5,8
367	7	1,4,6,2,7,8,9	1,6,8,2,9,4,7
368	7	0,4,1,5,8,6,9	0,5,9,4,6,1,8
369	6	1,5,2,8,6,9	1,6,2,9,5,8
370	6	1,6,2,8,7,9	1,7,2,9,6,8
371	6	1,4,6,8,9,7	1,6,9,4,7,8
372	6	1,4,6,8,9,7	1,6,9,4,7,8
373	6	1,6,2,8,7,9	1,7,2,9,6,8
374	7	1,5,2,6,8,7,9	1,6,9,5,8,2,7
375	6	1,5,2,8,6,9	1,6,2,9,5,8
376	6	1,4,6,8,9,7	1,6,9,4,7,8
377	6	1,4,6,8,9,7	1,6,9,4,7,8
378	6	1,4,6,8,9,7	1,6,9,4,7,8
379	7	0,3,6,4,9,1,8	0,4,1,6,8,3,9
380	6	1,6,3,8,7,9	1,7,3,9,6,8
381	6	1,6,3,8,7,9	1,7,3,9,6,8
382	7	0,4,1,5,8,6,9	0,5,9,4,6,1,8
383	7	0,4,1,5,8,6,9	0,5,9,4,6,1,8
384	6	1,6,3,8,7,9	1,7,3,9,6,8
385	7	0,3,6,4,9,1,8	0,4,1,6,8,3,9
386	7	0,4,1,5,8,6,9	0,5,9,4,6,1,8
387	7	1,4,6,3,7,8,9	1,6,8,3,9,4,7
388	6	1,6,3,8,7,9	1,7,3,9,6,8
389	6	1,4,6,8,9,7	1,6,9,4,7,8
390	6	1,4,6,8,9,7	1,6,9,4,7,8
391	6	1,6,3,8,7,9	1,7,3,9,6,8
392	6	1,6,3,8,7,9	1,7,3,9,6,8
393	6	1,4,6,8,9,7	1,6,9,4,7,8
394	6	1,4,6,8,9,7	1,6,9,4,7,8
395	6	1,4,6,8,9,7	1,6,9,4,7,8
396	8	0,4,1,6,8,5,2,9	0,5,1,9,4,6,2,8
397	6	2,6,3,8,7,9	2,7,3,9,6,8
398	6	2,6,3,8,7,9	2,7,3,9,6,8
399	7	0,3,6,4,9,7,8	0,4,7,3,8,6,9
400	7	1,4,6,2,7,8,9	1,6,8,2,9,4,7
401	7	1,4,6,2,7,8,9	1,6,8,2,9,4,7
402	8	0,3,6,1,4,7,8,9	0,4,6,9,1,7,3,8
403	7	1,4,6,2,7,8,9	1,6,8,2,9,4,7
404	6	2,6,3,8,7,9	2,7,3,9,6,8
405	7	1,4,6,2,7,8,9	1,6,8,2,9,4,7
406	7	0,3,6,4,9,7,8	0,4,7,3,8,6,9
407	6	2,6,3,8,7,9	2,7,3,9,6,8
408	6	2,6,3,8,7,9	2,7,3,9,6,8
409	7	1,5,2,6,8,7,9	1,6,9,5,8,2,7
410	7	1,5,2,6,8,7,9	1,6,9,5,8,2,7
411	6	2,6,3,8,7,9	2,7,3,9,6,8
412	7	0,3,6,4,9,7,8	0,4,7,3,8,6,9
413	6	0,4,1,8,5,9	0,5,1,9,4,8
414	6	1,6,4,8,7,9	1,7,4,9,6,8
415	7	0,4,1,5,8,6,9	0,5,9,1,6,4,8
416	5	1,4,6,8,9	1,6,9,4,8
417	7	0,3,6,4,7,1,9	0,4,1,6,9,3,7
418	7	1,4,7,2,9,5,8	1,5,2,8,4,9,7
419	7	0,3,6,4,7,1,9	0,4,1,6,9,3,7
420	7	0,3,6,4,7,1,9	0,4,1,6,9,3,7
421	7	1,4,6,2,9,5,8	1,5,2,8,4,9,6
422	7	0,3,6,4,7,1,9	0,4,1,6,9,3,7
423	7	1,4,6,2,9,5,8	1,5,2,8,4,9,6
424	7	1,4,6,2,9,5,8	1,5,2,8,4,9,6
425	7	0,3,7,1,9,8,4	0,7,4,1,8,3,9
426	7	0,3,7,1,9,8,4	0,7,4,1,8,3,9
427	7	0,4,1,7,9,8,5	0,7,4,8,1,5,9
428	7	0,3,6,4,7,1,9	0,4,1,6,9,3,7
429	7	1,4,6,2,7,9,8	1,6,9,2,8,4,7
430	7	0,3,6,4,7,1,9	0,4,1,6,9,3,7
431	7	1,4,6,2,7,9,8	1,6,9,2,8,4,7
432	7	1,4,6,2,7,9,8	1,6,9,2,8,4,7
433	7	0,4,1,7,9,8,5	0,7,4,8,1,5,9
434	7	0,3,6,4,7,1,9	0,4,1,6,9,3,7
435	7	0,4,1,7,9,8,5	0,7,4,8,1,5,9
436	7	0,4,1,7,9,8,5	0,7,4,8,1,5,9
437	7	0,3,6,4,7,1,8	0,4,1,6,8,3,7
438	7	0,3,6,4,7,1,8	0,4,1,6,8,3,7
439	7	0,3,6,4,7,1,8	0,4,1,6,8,3,7
440	7	0,3,6,4,7,1,8	0,4,1,6,8,3,7
441	7	0,3,6,4,7,1,8	0,4,1,6,8,3,7
442	7	0,3,6,4,7,1,8	0,4,1,6,8,3,7
443	7	0,3,6,4,7,1,8	0,4,1,6,8,3,7
444	7	0,3,6,4,7,1,8	0,4,1,6,8,3,7
445	6	1,5,2,8,6,9	1,6,2,9,5,8
446	7	0,3,6,4,7,1,8	0,4,1,6,8,3,7
447	7	0,3,6,4,7,1,8	0,4,1,6,8,3,7
448	7	0,3,6,4,7,1,8	0,4,1,6,8,3,7
449	7	0,3,6,4,7,1,8	0,4,1,6,8,3,7
450	7	0,3,6,4,7,1,8	0,4,1,6,8,3,7
451	7	0,3,6,4,7,1,9	0,4,1,6,9,3,7
452	7	0,3,6,4,7,1,9	0,4,1,6,9,3,7
453	7	0,4,6,8,2,9,7	0,8,4,7,2,6,9
454	7	0,3,6,4,7,1,8	0,4,1,6,8,3,7
455	7	0,3,6,4,7,1,8	0,4,1,6,8,3,7
456	7	0,3,6,4,7,1,8	0,4,1,6,8,3,7
457	7	0,4,1,5,8,6,9	0,5,9,1,6,4,8
458	7	0,3,7,2,8,5,9	0,7,5,2,9,3,8
459	7	0,3,7,2,8,5,9	0,7,5,2,9,3,8
460	7	0,3,7,5,8,2,9	0,5,2,7,9,3,8
461	7	0,3,7,2,8,5,9	0,7,5,2,9,3,8
462	8	0,4,1,5,7,2,6,9	0,5,2,9,4,6,1,7
463	8	0,3,6,1,4,9,5,7	0,4,6,9,3,7,1,5
464	7	0,3,7,2,8,5,9	0,7,5,2,9,3,8
465	7	0,3,7,2,9,5,8	0,5,2,8,3,9,7
466	6	0,5,2,7,9,8	0,7,5,8,2,9
467	6	0,5,2,7,9,8	0,7,5,8,2,9
468	6	0,5,2,7,9,8	0,7,5,8,2,9
469	6	0,5,2,7,9,8	0,7,5,8,2,9
470	6	0,5,2,7,9,8	0,7,5,8,2,9
471	7	0,4,1,5,7,9,8	0,5,8,4,9,1,7
472	6	0,5,2,7,9,8	0,7,5,8,2,9
473	7	0,4,1,5,7,9,8	0,5,8,4,9,1,7
474	6	0,5,2,7,9,8	0,7,5,8,2,9
475	6	0,3,7,5,9,8	0,5,8,3,9,7
476	6	0,5,2,7,9,8	0,7,5,8,2,9
477	7	0,4,1,5,7,9,8	0,5,8,4,9,1,7
478	7	1,4,6,2,9,5,8	1,5,2,8,4,9,6
479	8	0,3,7,1,8,5,2,9	0,5,1,9,3,8,2,7
480	8	0,4,1,5,7,2,6,9	0,5,2,9,4,6,1,7
481	8	0,3,6,1,4,8,5,9	0,4,6,9,3,8,1,5
482	7	1,4,6,2,9,5,8	1,5,2,8,4,9,6
483	8	0,3,6,1,4,9,5,7	0,4,6,9,3,7,1,5
484	7	1,4,6,2,9,5,8	1,5,2,8,4,9,6
485	7	1,4,6,2,9,5,8	1,5,2,8,4,9,6
486	7	0,3,7,1,9,8,5	0,7,5,1,8,3,9
487	7	0,3,7,1,9,8,5	0,7,5,1,8,3,9
488	7	0,3,7,1,9,8,5	0,7,5,1,8,3,9
489	7	1,4,6,2,9,5,8	1,5,2,8,4,9,6
490	7	0,3,7,1,9,8,5	0,7,5,1,8,3,9
491	7	1,4,6,2,9,5,8	1,5,2,8,4,9,6
492	7	1,4,6,2,9,5,8	1,5,2,8,4,9,6
493	6	1,5,2,7,9,8	1,7,5,8,2,9
494	6	1,5,2,7,9,8	1,7,5,8,2,9
495	6	1,5,2,7,9,8	1,7,5,8,2,9
496	7	0,3,7,1,9,8,5	0,7,5,1,8,3,9
497	7	0,3,7,2,9,8,5	0,7,5,2,8,3,9
498	6	1,5,2,7,9,8	1,7,5,8,2,9
499	6	1,5,2,7,9,8	1,7,5,8,2,9
500	6	1,5,2,7,9,8	1,7,5,8,2,9
501	7	0,3,7,1,9,8,5	0,7,5,1,8,3,9
502	7	0,3,7,2,9,8,5	0,7,5,2,8,3,9
503	6	1,5,2,7,9,8	1,7,5,8,2,9
504	6	1,5,2,7,9,8	1,7,5,8,2,9
505	7	0,3,7,1,9,8,5	0,7,5,1,8,3,9
506	7	0,3,7,2,9,8,5	0,7,5,2,8,3,9
507	6	1,5,2,7,9,8	1,7,5,8,2,9
508	7	0,4,1,5,8,9,7	0,5,7,1,8,4,9
509	7	1,4,6,2,9,5,8	1,5,2,8,4,9,6
510	6	1,5,2,7,9,8	1,7,5,8,2,9
511	7	0,4,1,5,8,9,7	0,5,7,1,8,4,9
512	8	0,3,6,1,4,9,5,7	0,4,6,9,3,7,1,5
513	7	1,4,6,2,9,5,8	1,5,2,8,4,9,6
514	7	0,3,6,4,9,1,8	0,4,1,6,8,3,9
515	8	0,4,1,5,7,2,6,8	0,5,2,8,4,6,1,7
516	7	0,3,6,4,9,1,8	0,4,1,6,8,3,9
517	6	0,3,6,8,4,9	0,4,6,9,3,8
518	7	0,3,6,8,1,9,7	0,8,3,7,1,6,9
519	7	0,3,6,8,2,9,7	0,8,3,7,2,6,9
520	7	0,3,6,8,2,9,7	0,8,3,7,2,6,9
521	6	0,3,6,8,4,9	0,4,6,9,3,8
522	7	0,4,1,5,8,6,9	0,5,9,4,6,1,8
523	7	0,5,1,7,9,2,8	0,7,2,5,8,1,9
524	7	0,3,7,5,8,2,9	0,5,2,7,9,3,8
525	7	0,3,7,2,9,5,8	0,5,2,8,3,9,7
526	6	1,5,2,8,6,9	1,6,2,9,5,8
527	6	0,4,1,8,5,9	0,5,1,9,4,8
528	7	0,4,1,5,8,6,9	0,5,9,4,6,1,8
529	7	0,5,1,7,9,2,8	0,7,2,5,8,1,9
530	8	0,4,1,5,7,2,6,8	0,5,2,8,4,6,1,7
531	7	1,4,6,2,9,5,8	1,5,2,8,4,9,6
532	7	0,3,6,4,8,1,9	0,4,1,6,9,3,8
533	6	0,3,6,8,4,9	0,4,6,9,3,8
534	7	0,3,6,4,8,1,9	0,4,1,6,9,3,8
535	7	0,3,6,8,1,9,7	0,8,3,7,1,6,9
536	6	0,3,6,8,4,9	0,4,6,9,3,8
537	7	1,5,7,3,9,6,8	1,6,3,8,5,9,7
538	6	0,3,6,8,4,9	0,4,6,9,3,8
539	7	0,3,7,5,8,2,9	0,5,2,7,9,3,8
540	7	0,3,6,8,2,9,7	0,8,3,7,2,6,9
541	6	0,3,6,8,4,9	0,4,6,9,3,8
542	6	0,3,6,8,4,9	0,4,6,9,3,8
543	8	0,4,1,5,7,2,6,8	0,5,2,8,4,6,1,7
544	7	0,3,7,2,9,5,8	0,5,2,8,3,9,7
545	7	0,4,1,5,8,6,9	0,5,9,1,6,4,8
546	7	1,4,6,2,8,5,9	1,5,2,9,4,8,6
547	7	2,5,7,3,9,6,8	2,6,3,8,5,9,7
548	7	0,3,7,2,9,5,8	0,5,2,8,3,9,7
549	7	1,5,7,3,9,6,8	1,6,3,8,5,9,7
550	6	0,4,1,7,5,8	0,5,1,8,4,7
551	6	0,4,1,7,5,8	0,5,1,8,4,7
552	6	0,4,1,7,5,8	0,5,1,8,4,7
553	6	0,4,1,7,5,8	0,5,1,8,4,7
554	6	0,4,1,7,5,8	0,5,1,8,4,7
555	6	0,4,1,7,5,8	0,5,1,8,4,7
556	6	0,4,1,7,5,8	0,5,1,8,4,7
557	6	0,4,1,7,5,8	0,5,1,8,4,7
558	6	0,4,1,7,5,8	0,5,1,8,4,7
559	6	0,4,1,7,5,8	0,5,1,8,4,7
560	6	0,4,1,7,5,8	0,5,1,8,4,7
561	6	0,4,1,7,5,8	0,5,1,8,4,7
562	6	0,4,1,7,5,8	0,5,1,8,4,7
563	7	0,3,6,4,8,1,9	0,4,1,6,9,3,8
564	6	1,5,2,8,6,9	1,6,2,9,5,8
565	6	0,4,1,7,5,9	0,5,1,9,4,7
566	7	0,5,1,7,9,2,8	0,7,2,5,8,1,9
567	8	0,4,1,5,7,2,6,8	0,5,2,8,1,6,4,7
568	7	0,4,1,5,8,6,9	0,5,9,4,6,1,8
569	6	0,4,1,7,5,8	0,5,1,8,4,7
570	6	0,4,1,7,5,8	0,5,1,8,4,7
571	6	0,4,1,7,5,9	0,5,1,9,4,7
572	6	0,3,6,8,4,9	0,4,6,9,3,8
573	7	1,4,6,2,8,5,7	1,5,2,7,4,8,6
574	7	1,4,6,2,8,5,7	1,5,2,7,4,8,6
575	7	1,4,6,2,8,5,7	1,5,2,7,4,8,6
576	7	1,4,6,2,8,5,7	1,5,2,7,4,8,6
577	7	1,4,6,2,8,5,7	1,5,2,7,4,8,6
578	7	1,4,6,2,8,5,7	1,5,2,7,4,8,6
579	7	1,4,6,2,8,5,7	1,5,2,7,4,8,6
580	8	0,4,1,5,8,2,6,7	0,5,2,7,4,6,1,8
581	7	0,5,1,7,9,2,8	0,7,2,5,8,1,9
582	5	1,4,6,7,9	1,6,9,4,7
583	7	0,5,1,7,9,2,8	0,7,2,5,8,1,9
584	5	1,4,6,7,9	1,6,9,4,7
585	8	0,4,1,5,8,2,6,7	0,5,2,7,4,6,1,8
586	5	1,4,6,7,9	1,6,9,4,7
587	8	0,4,1,5,8,2,6,7	0,5,2,7,4,6,1,8
588	8	0,4,1,5,8,2,6,7	0,5,2,7,4,6,1,8
589	8	0,4,1,5,8,2,6,7	0,5,2,7,4,6,1,8
590	8	0,4,1,5,8,2,6,7	0,5,2,7,4,6,1,8
591	8	0,4,1,5,8,2,6,7	0,5,2,7,4,6,1,8
592	8	0,4,1,5,8,2,6,7	0,5,2,7,4,6,1,8
593	7	0,5,1,7,9,2,8	0,7,2,5,8,1,9
594	7	0,5,1,7,9,2,8	0,7,2,5,8,1,9
595	7	0,4,1,5,8,9,7	0,5,9,4,7,1,8
596	7	0,4,1,5,8,9,7	0,5,9,4,7,1,8
597	7	0,4,1,5,8,9,7	0,5,9,4,7,1,8
598	7	0,5,1,7,9,2,8	0,7,2,5,8,1,9
599	5	1,4,6,7,9	1,6,9,4,7
600	8	0,4,1,5,8,2,6,7	0,5,2,7,4,6,1,8
601	5	1,4,6,7,9	1,6,9,4,7
602	7	1,5,2,6,7,9,8	1,6,9,5,8,2,7
603	7	1,5,2,6,7,9,8	1,6,9,5,8,2,7
604	7	1,5,2,6,7,9,8	1,6,9,5,8,2,7
605	7	0,4,1,5,8,9,7	0,5,9,4,7,1,8
606	5	1,4,6,7,9	1,6,9,4,7
607	7	0,4,1,5,8,9,7	0,5,9,4,7,1,8
608	7	1,4,6,2,9,5,8	1,5,2,8,4,9,6
609	7	1,4,7,2,9,5,8	1,5,2,8,4,9,7
610	5	1,4,6,7,9	1,6,9,4,7
611	8	0,4,1,5,9,2,6,7	0,5,2,7,4,6,1,9
612	5	1,4,6,7,9	1,6,9,4,7
613	7	1,4,6,2,9,5,8	1,5,2,8,4,9,6
614	5	1,4,6,7,9	1,6,9,4,7
615	7	1,6,2,7,4,8,9	1,7,6,4,9,2,8
616	7	1,4,6,7,2,9,8	1,7,4,8,2,6,9
617	7	1,4,6,7,2,9,8	1,7,4,8,2,6,9
618	8	0,3,6,1,4,8,5,9	0,4,6,9,3,8,1,5
619	7	1,4,6,2,9,5,8	1,5,2,8,4,9,6
620	7	1,4,6,2,9,5,8	1,5,2,8,4,9,6
621	7	1,4,6,2,7,9,8	1,6,7,4,8,2,9
622	7	0,4,1,7,9,8,5	0,7,4,8,1,5,9
623	7	0,4,1,7,9,8,5	0,7,4,8,1,5,9
624	7	0,4,1,7,9,8,5	0,7,4,8,1,5,9
625	7	1,4,7,2,9,5,8	1,5,2,8,4,9,7
626	7	1,4,6,2,7,9,8	1,6,7,4,8,2,9
627	5	1,4,6,7,9	1,6,9,4,7
628	7	1,4,6,2,7,9,8	1,6,9,2,8,4,7
629	5	1,4,6,7,9	1,6,9,4,7
630	7	0,4,1,7,9,8,5	0,7,4,8,1,5,9
631	7	0,4,1,7,9,8,5	0,7,4,8,1,5,9
632	7	1,4,6,2,7,9,8	1,6,7,4,8,2,9
633	7	0,4,1,7,9,8,5	0,7,4,8,1,5,9
634	5	1,4,6,7,9	1,6,9,4,7
635	7	1,4,6,2,9,5,8	1,5,2,8,4,9,6
636	6	0,3,6,7,4,9	0,4,6,9,3,7
637	7	0,3,6,4,8,1,7	0,4,1,6,7,3,8
638	7	0,3,6,4,8,1,7	0,4,1,6,7,3,8
639	5	1,4,6,7,9	1,6,9,4,7
640	6	0,3,6,7,4,9	0,4,6,9,3,7
641	5	1,4,6,7,9	1,6,9,4,7
642	7	0,3,6,4,8,1,7	0,4,1,6,7,3,8
643	7	0,3,6,4,8,1,7	0,4,1,6,7,3,8
644	7	0,3,6,4,8,1,7	0,4,1,6,7,3,8
645	6	0,3,6,7,4,9	0,4,6,9,3,7
646	7	0,3,6,4,8,1,7	0,4,1,6,7,3,8
647	6	0,4,1,7,9,8	0,7,4,8,1,9
648	6	0,4,1,7,9,8	0,7,4,8,1,9
649	6	0,3,7,4,9,8	0,4,8,3,9,7
650	6	0,3,7,4,9,8	0,4,8,3,9,7
651	6	0,4,1,7,9,8	0,7,4,8,1,9
652	7	0,3,6,4,8,1,7	0,4,1,6,7,3,8
653	7	0,3,6,4,8,1,7	0,4,1,6,7,3,8
654	7	0,3,6,4,8,1,7	0,4,1,6,7,3,8
655	5	1,4,6,7,9	1,6,9,4,7
656	6	0,3,7,4,9,8	0,4,8,3,9,7
657	6	0,3,6,7,4,9	0,4,6,9,3,7
658	7	0,3,6,4,9,1,7	0,4,1,6,7,3,9
659	5	1,4,6,7,9	1,6,9,4,7
660	7	0,3,6,4,7,1,9	0,4,1,6,9,3,7
661	5	1,4,6,7,9	1,6,9,4,7
662	6	0,3,6,7,4,9	0,4,6,9,3,7
663	5	1,4,6,7,9	1,6,9,4,7
664	7	0,3,6,4,9,1,7	0,4,1,6,7,3,9
665	6	0,3,6,7,4,9	0,4,6,9,3,7
666	7	0,3,6,4,7,1,9	0,4,1,6,9,3,7
667	7	0,3,6,7,1,9,8	0,7,3,8,1,6,9
668	6	0,3,6,7,4,9	0,4,6,9,3,7
669	7	0,3,7,1,8,9,4	0,7,4,1,9,3,8
670	7	0,3,6,4,9,1,7	0,4,1,6,7,3,9
671	7	0,3,7,1,9,5,8	0,5,1,8,3,9,7
672	7	0,4,1,5,8,9,7	0,5,9,4,7,1,8
673	7	0,4,1,5,8,9,7	0,5,9,4,7,1,8
674	7	0,3,7,1,8,9,4	0,7,4,1,9,3,8
675	7	0,3,6,4,7,1,9	0,4,1,6,9,3,7
676	5	1,4,6,7,9	1,6,9,4,7
677	6	0,3,6,7,4,9	0,4,6,9,3,7
678	5	1,4,6,7,9	1,6,9,4,7
679	7	0,3,6,7,1,9,8	0,7,3,8,1,6,9
680	8	0,3,6,1,4,7,9,8	0,4,6,7,1,8,3,9
681	7	0,3,7,1,9,5,8	0,5,1,8,3,9,7
682	7	0,4,1,5,8,9,7	0,5,9,4,7,1,8
683	5	1,4,6,7,9	1,6,9,4,7
684	7	0,4,1,5,8,9,7	0,5,9,4,7,1,8
685	6	0,3,6,7,4,9	0,4,6,9,3,7
686	6	0,4,1,8,5,9	0,5,1,9,4,8
687	5	1,4,6,7,9	1,6,9,4,7
688	7	0,3,6,4,7,1,9	0,4,1,6,9,3,7
689	6	0,3,6,7,4,9	0,4,6,9,3,7
690	5	1,4,6,7,9	1,6,9,4,7
691	6	0,4,1,8,5,9	0,5,1,9,4,8
692	6	0,3,6,7,4,9	0,4,6,9,3,7
693	7	0,3,6,4,7,1,9	0,4,1,6,9,3,7
694	6	0,3,6,7,4,9	0,4,6,9,3,7
695	7	1,4,6,2,9,5,8	1,5,2,8,4,9,6
696	6	0,4,1,7,9,8	0,7,4,8,1,9
697	6	0,4,1,7,9,8	0,7,4,8,1,9
698	7	0,4,1,5,8,9,7	0,5,9,4,7,1,8
699	7	0,4,1,5,8,9,7	0,5,9,1,7,4,8
700	6	0,4,1,7,9,8	0,7,4,8,1,9
701	6	0,3,6,7,4,9	0,4,6,9,3,7
702	5	1,4,6,7,9	1,6,9,4,7
703	7	0,4,1,7,9,8,5	0,7,4,8,1,5,9
704	7	0,4,1,5,8,9,7	0,5,9,1,7,4,8
705	7	1,4,6,2,9,5,8	1,5,2,8,4,9,6
706	6	0,3,6,7,4,9	0,4,6,9,3,7
707	7	0,3,6,4,9,1,7	0,4,1,6,7,3,9
708	5	1,4,6,7,9	1,6,9,4,7
709	7	0,3,6,4,7,1,9	0,4,1,6,9,3,7
710	5	1,4,6,7,9	1,6,9,4,7
711	6	0,3,6,7,4,9	0,4,6,9,3,7
712	5	1,4,6,7,9	1,6,9,4,7
713	7	0,3,6,4,9,1,7	0,4,1,6,7,3,9
714	6	0,3,6,7,4,9	0,4,6,9,3,7
715	7	0,3,6,4,7,1,9	0,4,1,6,9,3,7
716	7	1,4,6,2,9,5,8	1,5,2,8,4,9,6
717	6	0,3,6,7,4,9	0,4,6,9,3,7
718	7	1,4,6,2,9,5,8	1,5,2,8,4,9,6
719	7	0,3,6,4,9,1,7	0,4,1,6,7,3,9
720	7	0,3,7,1,9,8,4	0,7,4,1,8,3,9
721	7	0,4,1,7,9,8,5	0,7,4,8,1,5,9
722	7	0,4,1,7,9,8,5	0,7,4,8,1,5,9
723	7	1,4,6,3,7,9,8	1,6,7,4,8,3,9
724	7	0,3,6,4,7,1,9	0,4,1,6,9,3,7
725	5	1,4,6,7,9	1,6,9,4,7
726	6	0,3,6,7,4,9	0,4,6,9,3,7
727	5	1,4,6,7,9	1,6,9,4,7
728	7	0,4,1,7,9,8,5	0,7,4,8,1,5,9
729	7	0,4,1,7,9,8,5	0,7,4,8,1,5,9
730	7	1,4,6,3,7,9,8	1,6,7,4,8,3,9
731	7	1,4,6,2,9,5,8	1,5,2,8,4,9,6
732	5	1,4,6,7,9	1,6,9,4,7
733	7	1,4,6,2,9,5,8	1,5,2,8,4,9,6
734	7	0,3,6,4,8,1,7	0,4,1,6,7,3,8
735	7	0,3,6,4,8,1,7	0,4,1,6,7,3,8
736	7	0,3,6,4,8,1,7	0,4,1,6,7,3,8
737	7	0,3,6,4,8,1,9	0,4,1,6,9,3,8
738	7	0,3,6,4,8,1,9	0,4,1,6,9,3,8
739	5	1,4,6,7,9	1,6,9,4,7
740	5	1,4,6,7,9	1,6,9,4,7
741	8	0,4,1,6,9,5,2,8	0,5,1,8,4,6,2,9
742	5	1,4,6,7,9	1,6,9,4,7
743	7	1,6,2,7,3,8,9	1,7,6,3,9,2,8
744	7	0,3,6,4,8,1,9	0,4,1,6,9,3,8
745	7	1,4,6,7,2,9,8	1,7,4,8,2,6,9
746	7	0,3,6,4,8,1,9	0,4,1,6,9,3,8
747	7	1,4,7,2,8,9,6	1,7,6,2,9,4,8
748	7	1,6,2,7,3,8,9	1,7,6,3,9,2,8
749	7	1,4,6,2,7,9,8	1,6,7,4,8,2,9
750	7	0,3,6,4,8,1,9	0,4,1,6,9,3,8
751	7	1,4,6,2,7,9,8	1,6,9,2,8,4,7
752	7	1,6,2,7,3,8,9	1,7,6,3,9,2,8
753	5	1,4,6,7,9	1,6,9,4,7
754	7	1,4,6,2,7,9,8	1,6,9,2,8,4,7
755	5	1,4,6,7,9	1,6,9,4,7
756	7	0,3,6,4,7,9,8	0,4,8,3,7,6,9
757	5	1,4,6,7,9	1,6,9,4,7
758	7	1,4,6,2,7,9,8	1,6,9,2,8,4,7
759	8	0,4,1,5,8,2,6,9	0,5,2,9,4,6,1,8
760	5	1,4,6,7,9	1,6,9,4,7
761	8	0,3,6,1,7,9,5,8	0,5,1,8,3,7,6,9
762	5	1,4,6,7,9	1,6,9,4,7
763	5	1,4,6,7,9	1,6,9,4,7
764	8	0,4,1,5,8,2,6,9	0,5,2,9,4,6,1,8
765	5	1,4,6,7,9	1,6,9,4,7
766	7	1,6,2,7,3,8,9	1,7,6,3,9,2,8
767	7	1,6,2,7,3,8,9	1,7,6,3,9,2,8
768	7	1,6,2,7,3,8,9	1,7,6,3,9,2,8
769	8	0,4,1,5,8,2,6,9	0,5,2,9,4,6,1,8
770	8	0,3,6,1,4,9,5,8	0,4,6,9,3,8,1,5
771	8	0,4,1,5,8,2,6,9	0,5,2,9,4,6,1,8
772	7	1,6,2,7,3,8,9	1,7,6,3,9,2,8
773	7	1,6,2,7,3,8,9	1,7,6,3,9,2,8
774	5	1,4,6,7,9	1,6,9,4,7
775	5	1,4,6,7,9	1,6,9,4,7
776	8	0,4,1,5,8,2,6,9	0,5,2,9,4,6,1,8
777	5	1,4,6,7,9	1,6,9,4,7
778	7	1,5,2,6,7,9,8	1,6,9,5,8,2,7
779	7	1,5,2,6,7,9,8	1,6,9,5,8,2,7
780	7	1,5,2,6,7,9,8	1,6,9,5,8,2,7
781	7	1,6,2,7,3,8,9	1,7,6,3,9,2,8
782	5	1,4,6,7,9	1,6,9,4,7
783	7	1,5,2,6,7,9,8	1,6,9,5,8,2,7
784	5	1,4,6,7,9	1,6,9,4,7
785	7	1,5,2,6,7,9,8	1,6,9,5,8,2,7
786	5	1,4,6,7,9	1,6,9,4,7
787	7	1,5,2,6,7,9,8	1,6,9,5,8,2,7
788	6	0,4,1,8,5,9	0,5,1,9,4,8
789	5	1,4,6,7,9	1,6,9,4,7
790	8	0,4,1,5,8,2,6,9	0,5,2,9,1,6,4,8
791	5	1,4,6,7,9	1,6,9,4,7
792	7	1,4,6,2,9,5,8	1,5,2,8,4,9,6
793	5	1,4,6,7,9	1,6,9,4,7
794	6	0,4,1,8,5,9	0,5,1,9,4,8
795	7	1,4,6,7,2,9,8	1,7,4,8,2,6,9
796	7	1,4,6,7,2,9,8	1,7,4,8,2,6,9
797	6	0,4,1,8,5,9	0,5,1,9,4,8
798	7	1,4,6,2,9,5,8	1,5,2,8,4,9,6
799	7	1,4,6,2,9,5,8	1,5,2,8,4,9,6
800	7	1,4,6,2,7,9,8	1,6,7,4,8,2,9
801	5	1,4,6,7,9	1,6,9,4,7
802	7	1,4,6,2,7,9,8	1,6,9,2,8,4,7
803	5	1,4,6,7,9	1,6,9,4,7
804	7	1,5,2,6,7,9,8	1,6,9,5,8,2,7
805	7	1,4,6,2,7,9,8	1,6,9,2,8,4,7
806	7	1,4,6,2,7,9,8	1,6,7,4,8,2,9
807	7	1,5,2,6,7,9,8	1,6,9,5,8,2,7
808	5	1,4,6,7,9	1,6,9,4,7
809	7	1,4,6,2,9,5,8	1,5,2,8,4,9,6
810	6	0,4,1,7,5,8	0,5,1,8,4,7
811	6	0,4,1,7,5,8	0,5,1,8,4,7
812	5	1,4,5,8,9	1,5,9,4,8
813	5	0,3,6,8,9	0,6,9,3,8
814	5	1,4,5,8,9	1,5,9,4,8
815	5	1,4,5,8,9	1,5,9,4,8
816	6	1,4,2,8,7,9	1,7,2,9,4,8
817	7	1,4,2,7,9,5,8	1,5,4,9,2,8,7
818	5	1,4,5,8,9	1,5,9,4,8
819	7	1,4,2,7,8,5,9	1,5,4,8,2,9,7
820	5	1,4,5,8,9	1,5,9,4,8
821	6	1,4,2,8,7,9	1,7,2,9,4,8
822	10	0,3,6,2,4,5,8,1,7,9	0,5,1,4,8,2,7,3,9,6
823	5	1,4,5,8,9	1,5,9,4,8
824	5	1,4,5,8,9	1,5,9,4,8
825	5	1,4,5,8,9	1,5,9,4,8
826	6	1,4,2,8,7,9	1,7,2,9,4,8
827	7	1,4,2,7,8,5,9	1,5,4,8,2,9,7
828	5	1,4,5,8,9	1,5,9,4,8
829	7	1,4,2,7,9,5,8	1,5,4,9,2,8,7
830	6	1,4,2,8,7,9	1,7,2,9,4,8
831	5	0,3,6,8,9	0,6,9,3,8
832	6	1,4,2,8,7,9	1,7,2,9,4,8
833	5	0,3,6,8,9	0,6,9,3,8
834	6	1,4,2,8,7,9	1,7,2,9,4,8
835	7	0,3,6,2,7,9,8	0,6,9,2,8,3,7
836	7	0,3,7,1,9,5,8	0,5,1,8,3,9,7
837	5	1,4,5,8,9	1,5,9,4,8
838	5	1,4,5,8,9	1,5,9,4,8
839	7	0,3,6,2,7,9,8	0,6,9,2,8,3,7
840	5	1,4,5,8,9	1,5,9,4,8
841	5	0,3,6,8,9	0,6,9,3,8
842	7	0,3,6,2,7,9,8	0,6,8,2,9,3,7
843	5	0,3,6,8,9	0,6,9,3,8
844	5	0,3,6,8,9	0,6,9,3,8
845	7	0,3,6,2,8,9,7	0,6,8,3,7,2,9
846	7	0,3,6,2,7,9,8	0,6,8,2,9,3,7
847	5	0,3,6,8,9	0,6,9,3,8
848	7	0,3,6,2,8,9,7	0,6,8,3,7,2,9
849	5	1,4,5,8,9	1,5,9,4,8
850	7	0,3,6,2,7,9,8	0,6,8,2,9,3,7
851	5	1,4,5,8,9	1,5,9,4,8
852	5	1,4,5,8,9	1,5,9,4,8
853	7	0,3,6,2,8,9,7	0,6,8,3,7,2,9
854	5	0,3,7,8,9	0,7,9,3,8
855	6	0,5,1,8,7,9	0,7,1,9,5,8
856	5	0,3,7,8,9	0,7,9,3,8
857	5	0,3,7,8,9	0,7,9,3,8
858	7	0,3,7,1,8,5,9	0,5,1,9,3,8,7
859	5	1,4,5,8,9	1,5,9,4,8
860	5	1,4,5,8,9	1,5,9,4,8
861	7	1,4,2,7,8,5,9	1,5,4,8,2,9,7
862	6	0,6,2,8,7,9	0,7,2,9,6,8
863	6	1,4,2,8,7,9	1,7,2,9,4,8
864	6	0,3,6,8,7,9	0,6,9,8,3,7
865	6	0,3,6,8,7,9	0,6,9,8,3,7
866	6	0,5,1,8,7,9	0,7,1,9,5,8
867	6	0,6,2,8,7,9	0,7,2,9,6,8
868	7	1,4,2,7,9,5,8	1,5,4,9,2,8,7
869	6	0,3,6,8,7,9	0,6,9,8,3,7
870	6	0,3,6,8,7,9	0,6,9,8,3,7
871	5	1,4,5,8,9	1,5,9,4,8
872	7	1,4,2,7,8,5,9	1,5,4,8,2,9,7
873	6	0,3,6,8,7,9	0,6,9,8,3,7
874	7	0,3,7,1,9,5,8	0,5,1,8,3,9,7
875	5	1,4,5,8,9	1,5,9,4,8
876	7	0,3,6,2,7,9,8	0,6,9,2,8,3,7
877	7	0,3,7,1,9,5,8	0,5,1,8,3,9,7
878	5	1,4,5,8,9	1,5,9,4,8
879	5	1,4,5,8,9	1,5,9,4,8
880	7	0,3,6,2,7,9,8	0,6,9,2,8,3,7
881	5	1,4,5,8,9	1,5,9,4,8
882	7	0,3,6,8,2,9,7	0,8,3,7,2,6,9
883	5	0,3,6,8,9	0,6,9,3,8
884	7	0,3,6,2,7,9,8	0,6,8,2,9,3,7
885	5	0,3,6,8,9	0,6,9,3,8
886	7	0,3,6,2,7,9,8	0,6,9,2,8,3,7
887	5	0,3,6,8,9	0,6,9,3,8
888	5	0,3,6,8,9	0,6,9,3,8
889	7	0,3,6,2,7,9,8	0,6,8,2,9,3,7
890	7	0,3,7,1,9,5,8	0,5,1,8,3,9,7
891	5	0,3,6,8,9	0,6,9,3,8
892	7	0,3,7,1,9,5,8	0,5,1,8,3,9,7
893	5	0,3,6,8,9	0,6,9,3,8
894	7	0,3,6,2,7,9,8	0,6,9,2,8,3,7
895	5	0,3,6,8,9	0,6,9,3,8
896	5	0,3,6,8,9	0,6,9,3,8
897	7	0,3,7,1,9,5,8	0,5,1,8,3,9,7
898	8	0,5,1,4,8,2,7,9	0,7,1,9,2,4,5,8
899	5	1,4,5,8,9	1,5,9,4,8
900	5	1,4,5,8,9	1,5,9,4,8
901	7	0,3,6,2,7,9,8	0,6,8,2,9,3,7
902	7	0,3,6,2,7,9,8	0,6,8,2,9,3,7
903	5	1,4,5,8,9	1,5,9,4,8
904	7	0,3,6,2,7,9,8	0,6,8,2,9,3,7
905	5	1,4,5,8,9	1,5,9,4,8
906	7	0,3,7,1,9,5,8	0,5,1,8,3,9,7
907	5	1,4,5,8,9	1,5,9,4,8
908	5	1,4,5,8,9	1,5,9,4,8
909	5	0,3,6,8,9	0,6,9,3,8
910	5	0,3,6,8,9	0,6,9,3,8
911	5	1,4,5,8,9	1,5,9,4,8
912	5	0,3,6,8,9	0,6,9,3,8
913	5	1,4,5,8,9	1,5,9,4,8
914	7	0,3,6,8,2,9,7	0,8,3,7,2,6,9
915	5	0,3,6,8,9	0,6,9,3,8
916	7	0,3,6,2,7,9,8	0,6,8,2,9,3,7
917	5	0,3,6,8,9	0,6,9,3,8
918	5	0,3,6,8,9	0,6,9,3,8
919	7	0,3,6,2,7,9,8	0,6,9,2,8,3,7
920	5	0,3,6,8,9	0,6,9,3,8
921	7	0,3,6,2,7,9,8	0,6,8,2,9,3,7
922	8	0,3,7,1,5,8,4,9	0,5,4,1,8,3,9,7
923	5	1,4,5,8,9	1,5,9,4,8
924	5	1,4,5,8,9	1,5,9,4,8
925	7	0,3,6,2,8,9,7	0,6,8,3,7,2,9
926	7	0,3,6,2,8,9,7	0,6,8,3,7,2,9
927	5	1,4,5,8,9	1,5,9,4,8
928	5	1,4,5,8,9	1,5,9,4,8
929	7	0,3,6,2,8,9,7	0,6,8,3,7,2,9
930	5	1,4,5,8,9	1,5,9,4,8
931	6	1,4,2,8,7,9	1,7,2,9,4,8
932	7	0,3,6,2,7,8,9	0,6,9,2,8,3,7
933	5	0,3,7,8,9	0,7,9,3,8
934	6	1,4,2,8,7,9	1,7,2,9,4,8
935	5	0,3,7,8,9	0,7,9,3,8
936	5	0,3,7,8,9	0,7,9,3,8
937	6	1,4,2,8,7,9	1,7,2,9,4,8
938	6	0,5,1,8,7,9	0,7,1,9,5,8
939	7	0,3,7,1,8,5,9	0,5,1,9,3,8,7
940	5	0,3,7,8,9	0,7,9,3,8
941	6	0,5,1,8,7,9	0,7,1,9,5,8
942	5	0,3,7,8,9	0,7,9,3,8
943	5	0,3,7,8,9	0,7,9,3,8
944	7	0,3,7,1,9,5,8	0,5,1,8,3,9,7
945	6	1,4,2,8,7,9	1,7,2,9,4,8
946	5	1,4,5,8,9	1,5,9,4,8
947	6	1,4,2,8,7,9	1,7,2,9,4,8
948	6	0,5,1,8,7,9	0,7,1,9,5,8
949	5	1,4,5,8,9	1,5,9,4,8
950	7	0,5,1,4,9,7,8	0,7,1,8,4,5,9
951	5	1,4,5,8,9	1,5,9,4,8
952	6	0,5,1,8,7,9	0,7,1,9,5,8
953	5	1,4,5,8,9	1,5,9,4,8
954	5	0,3,7,8,9	0,7,9,3,8
955	5	0,3,7,8,9	0,7,9,3,8
956	5	1,4,5,8,9	1,5,9,4,8
957	5	0,3,7,8,9	0,7,9,3,8
958	5	1,4,5,8,9	1,5,9,4,8
959	7	0,5,1,4,8,7,9	0,7,1,9,4,5,8
960	7	0,3,6,2,7,8,9	0,6,9,2,8,3,7
961	5	0,3,7,8,9	0,7,9,3,8
962	5	0,3,7,8,9	0,7,9,3,8
963	7	0,5,1,4,8,7,9	0,7,1,9,4,5,8
964	5	0,3,7,8,9	0,7,9,3,8
965	7	1,4,2,7,8,5,9	1,5,4,8,2,9,7
966	6	1,4,2,8,7,9	1,7,2,9,4,8
967	5	1,4,5,8,9	1,5,9,4,8
968	6	1,4,2,8,7,9	1,7,2,9,4,8
969	7	0,3,7,1,8,5,9	0,5,1,9,3,8,7
970	5	1,4,5,8,9	1,5,9,4,8
971	5	1,4,5,8,9	1,5,9,4,8
972	7	1,4,2,7,9,5,8	1,5,4,9,2,8,7
973	5	1,4,5,8,9	1,5,9,4,8
974	6	0,6,2,8,7,9	0,7,2,9,6,8
975	5	0,3,6,8,9	0,6,9,3,8
976	5	0,3,7,8,9	0,7,9,3,8
977	6	0,6,2,8,7,9	0,7,2,9,6,8
978	5	0,3,6,8,9	0,6,9,3,8
979	5	0,3,6,8,9	0,6,9,3,8
980	6	0,3,6,8,9,7	0,6,9,3,7,8
981	6	1,4,2,8,7,9	1,7,2,9,4,8
982	7	0,3,6,2,7,8,9	0,6,8,2,9,3,7
983	6	1,4,2,8,7,9	1,7,2,9,4,8
984	6	0,6,2,8,7,9	0,7,2,9,6,8
985	6	0,3,6,8,9,7	0,6,9,3,7,8
986	6	0,6,2,8,7,9	0,7,2,9,6,8
987	6	1,4,2,8,7,9	1,7,2,9,4,8
988	6	0,6,3,8,7,9	0,7,3,9,6,8
989	5	0,3,6,8,9	0,6,9,3,8
990	5	0,3,7,8,9	0,7,9,3,8
991	5	0,3,6,8,9	0,6,9,3,8
992	6	0,3,6,8,7,9	0,6,9,8,3,7
993	5	0,3,6,8,9	0,6,9,3,8
994	6	0,3,6,8,9,7	0,6,9,3,7,8
995	6	0,6,2,8,7,9	0,7,2,9,6,8
996	5	0,3,6,8,9	0,6,9,3,8
997	5	0,3,7,8,9	0,7,9,3,8
998	5	0,3,6,8,9	0,6,9,3,8
999	6	0,6,2,8,7,9	0,7,2,9,6,8
1000	5	0,3,6,8,9	0,6,9,3,8
1001	6	0,3,6,8,9,7	0,6,9,3,7,8
1002	6	1,4,2,8,7,9	1,7,2,9,4,8
1003	7	0,3,6,2,7,8,9	0,6,8,2,9,3,7
1004	6	1,4,2,8,7,9	1,7,2,9,4,8
1005	6	0,3,6,8,7,9	0,6,9,8,3,7
1006	6	1,4,2,8,7,9	1,7,2,9,4,8
1007	6	0,3,6,8,7,9	0,6,9,8,3,7
1008	6	0,3,6,8,7,9	0,6,9,8,3,7
1009	6	1,4,2,8,7,9	1,7,2,9,4,8
1010	6	0,5,1,8,7,9	0,7,1,9,5,8
1011	7	0,3,6,2,7,8,9	0,6,8,2,9,3,7
1012	6	0,5,1,8,7,9	0,7,1,9,5,8
1013	6	0,6,2,8,7,9	0,7,2,9,6,8
1014	6	0,5,1,8,7,9	0,7,1,9,5,8
1015	6	0,6,2,8,7,9	0,7,2,9,6,8
1016	6	0,3,6,8,9,7	0,6,9,3,7,8
1017	6	0,5,1,8,7,9	0,7,1,9,5,8
1018	5	0,3,6,8,9	0,6,9,3,8
1019	5	0,3,7,8,9	0,7,9,3,8
1020	5	0,3,6,8,9	0,6,9,3,8
1021	6	0,5,1,8,7,9	0,7,1,9,5,8
1022	5	0,3,6,8,9	0,6,9,3,8
1023	6	0,3,6,8,9,7	0,6,9,3,7,8
1024	6	0,6,2,8,7,9	0,7,2,9,6,8
1025	5	0,3,6,8,9	0,6,9,3,8
1026	5	0,3,7,8,9	0,7,9,3,8
1027	5	0,3,6,8,9	0,6,9,3,8
1028	6	0,6,2,8,7,9	0,7,2,9,6,8
1029	5	0,3,6,8,9	0,6,9,3,8
1030	6	0,3,6,8,9,7	0,6,9,3,7,8
1031	6	2,6,3,8,7,9	2,7,3,9,6,8
1032	7	0,3,7,1,8,5,9	0,5,1,9,3,8,7
1033	7	0,3,7,1,8,5,9	0,5,1,9,3,8,7
1034	6	0,3,6,8,7,9	0,6,9,8,3,7
1035	6	0,3,6,8,7,9	0,6,9,8,3,7
1036	6	0,3,6,8,7,9	0,6,9,8,3,7
1037	6	0,3,6,8,7,9	0,6,9,8,3,7
1038	6	2,6,3,8,7,9	2,7,3,9,6,8
1039	6	0,5,1,8,7,9	0,7,1,9,5,8
1040	5	1,4,5,8,9	1,5,9,4,8
1041	5	1,4,5,8,9	1,5,9,4,8
1042	6	0,3,6,8,9,7	0,6,9,3,7,8
1043	6	0,5,1,8,7,9	0,7,1,9,5,8
1044	6	0,3,6,8,9,7	0,6,9,3,7,8
1045	5	1,4,5,8,9	1,5,9,4,8
1046	6	0,6,2,8,7,9	0,7,2,9,6,8
1047	7	0,3,6,2,7,8,9	0,6,8,2,9,3,7
1048	7	0,5,1,4,8,7,9	0,7,1,9,4,5,8
1049	6	0,6,2,8,7,9	0,7,2,9,6,8
1050	6	0,6,2,8,7,9	0,7,2,9,6,8
1051	6	0,3,6,8,9,7	0,6,9,3,7,8
1052	6	0,3,6,8,9,7	0,6,9,3,7,8
1053	6	1,4,2,8,7,9	1,7,2,9,4,8
1054	5	1,4,5,8,9	1,5,9,4,8
1055	5	1,4,5,8,9	1,5,9,4,8
1056	6	1,4,2,8,7,9	1,7,2,9,4,8
1057	7	1,4,2,7,8,5,9	1,5,4,8,2,9,7
1058	5	1,4,5,8,9	1,5,9,4,8
1059	7	1,4,2,7,9,5,8	1,5,4,9,2,8,7
1060	5	1,4,5,8,9	1,5,9,4,8
1061	6	0,6,3,8,7,9	0,7,3,9,6,8
1062	5	0,3,6,8,9	0,6,9,3,8
1063	5	0,3,7,8,9	0,7,9,3,8
1064	5	0,3,6,8,9	0,6,9,3,8
1065	5	0,3,6,8,9	0,6,9,3,8
1066	6	0,3,6,8,7,9	0,6,9,8,3,7
1067	6	0,3,6,8,9,7	0,6,9,3,7,8
1068	7	0,3,7,1,8,5,9	0,5,1,9,3,8,7
1069	5	1,4,5,8,9	1,5,9,4,8
1070	5	1,4,5,8,9	1,5,9,4,8
1071	6	0,3,6,8,7,9	0,6,9,8,3,7
1072	6	0,3,6,8,7,9	0,6,9,8,3,7
1073	5	1,4,5,8,9	1,5,9,4,8
1074	6	0,3,6,8,7,9	0,6,9,8,3,7
1075	5	1,4,5,8,9	1,5,9,4,8
1076	6	2,6,3,8,7,9	2,7,3,9,6,8
1077	7	0,3,6,2,7,8,9	0,6,8,2,9,3,7
1078	7	1,4,2,7,8,5,9	1,5,4,8,2,9,7
1079	6	0,3,6,8,7,9	0,6,9,8,3,7
1080	6	0,3,6,8,7,9	0,6,9,8,3,7
1081	6	0,3,6,8,7,9	0,6,9,8,3,7
1082	6	0,3,6,8,7,9	0,6,9,8,3,7
1083	6	2,6,3,8,7,9	2,7,3,9,6,8
1084	9	0,3,7,1,4,5,8,2,9	0,5,1,8,3,9,4,2,7
1085	7	0,3,7,1,9,5,8	0,5,1,8,3,9,7
1086	7	0,3,6,8,2,9,7	0,8,3,7,2,6,9
1087	7	0,3,7,1,9,5,8	0,5,1,8,3,9,7
1088	7	0,3,6,8,2,9,7	0,8,3,7,2,6,9
1089	7	0,3,7,1,9,5,8	0,5,1,8,3,9,7
1090	7	0,3,6,8,2,9,7	0,8,3,7,2,6,9
1091	6	0,5,1,8,7,9	0,7,1,9,5,8
1092	6	1,4,2,8,7,9	1,7,2,9,4,8
1093	6	1,4,2,8,7,9	1,7,2,9,4,8
1094	6	0,6,2,8,7,9	0,7,2,9,6,8
1095	6	1,4,2,8,7,9	1,7,2,9,4,8
1096	6	0,6,3,8,7,9	0,7,3,9,6,8
1097	6	0,5,1,8,7,9	0,7,1,9,5,8
1098	6	0,5,1,8,7,9	0,7,1,9,5,8
1099	6	0,5,1,8,7,9	0,7,1,9,5,8
1100	6	0,5,1,8,7,9	0,7,1,9,5,8
1101	7	0,5,1,4,8,7,9	0,7,1,9,4,5,8
1102	6	0,6,2,8,7,9	0,7,2,9,6,8
1103	6	0,6,2,8,7,9	0,7,2,9,6,8
1104	6	0,6,2,8,7,9	0,7,2,9,6,8
1105	6	0,6,3,8,7,9	0,7,3,9,6,8
1106	7	0,3,7,1,8,5,9	0,5,1,9,3,8,7
1107	6	1,4,2,8,7,9	1,7,2,9,4,8
1108	6	1,4,2,8,7,9	1,7,2,9,4,8
1109	6	2,6,3,8,7,9	2,7,3,9,6,8
1110	6	1,4,2,8,7,9	1,7,2,9,4,8
1111	7	0,3,7,1,8,5,9	0,5,1,9,3,8,7
1112	6	2,6,3,8,7,9	2,7,3,9,6,8
1113	6	1,4,2,8,7,9	1,7,2,9,4,8
1114	5	1,4,5,7,9	1,5,9,4,7
1115	5	1,4,5,7,9	1,5,9,4,7
1116	5	1,4,5,7,9	1,5,9,4,7
1117	5	1,4,5,7,9	1,5,9,4,7
1118	5	1,4,5,7,9	1,5,9,4,7
1119	5	1,4,5,8,9	1,5,9,4,8
1120	6	1,5,4,7,9,8	1,7,5,8,4,9
1121	6	1,4,5,7,9,8	1,7,4,8,5,9
1122	5	1,4,5,7,9	1,5,9,4,7
1123	6	1,4,7,5,9,8	1,5,8,4,9,7
1124	5	1,4,5,7,9	1,5,9,4,7
1125	5	1,4,5,7,9	1,5,9,4,7
1126	5	0,3,6,8,9	0,6,9,3,8
1127	5	1,4,5,7,9	1,5,9,4,7
1128	5	0,3,6,8,9	0,6,9,3,8
1129	5	1,4,5,7,9	1,5,9,4,7
1130	5	0,3,6,8,9	0,6,9,3,8
1131	5	1,4,5,7,9	1,5,9,4,7
1132	5	0,3,6,8,9	0,6,9,3,8
1133	5	1,4,5,7,9	1,5,9,4,7
1134	5	0,3,6,8,9	0,6,9,3,8
1135	5	0,3,6,8,9	0,6,9,3,8
1136	5	1,4,5,7,9	1,5,9,4,7
1137	5	0,3,6,8,9	0,6,9,3,8
1138	5	1,4,5,7,9	1,5,9,4,7
1139	5	1,4,5,7,9	1,5,9,4,7
1140	5	1,4,5,8,9	1,5,9,4,8
1141	5	1,4,5,7,9	1,5,9,4,7
1142	6	1,5,4,7,9,8	1,7,5,8,4,9
1143	6	1,4,5,7,9,8	1,7,4,8,5,9
1144	6	1,4,7,5,9,8	1,5,8,4,9,7
1145	5	1,4,5,7,9	1,5,9,4,7
1146	5	1,4,5,7,9	1,5,9,4,7
1147	5	0,3,6,8,9	0,6,9,3,8
1148	5	1,4,5,7,9	1,5,9,4,7
1149	5	0,3,6,8,9	0,6,9,3,8
1150	5	0,3,6,8,9	0,6,9,3,8
1151	5	1,4,5,7,9	1,5,9,4,7
1152	5	1,4,5,7,9	1,5,9,4,7
1153	5	1,4,5,7,9	1,5,9,4,7
1154	5	1,4,5,8,9	1,5,9,4,8
1155	5	1,4,5,7,9	1,5,9,4,7
1156	6	1,5,4,7,9,8	1,7,5,8,4,9
1157	6	1,4,5,7,9,8	1,7,4,8,5,9
1158	5	1,4,5,7,9	1,5,9,4,7
1159	6	1,4,7,5,9,8	1,5,8,4,9,7
1160	5	1,4,5,7,9	1,5,9,4,7
1161	6	1,4,5,7,8,9	1,7,4,9,5,8
1162	5	1,5,7,8,9	1,7,9,5,8
1163	5	1,4,5,7,9	1,5,9,4,7
1164	6	0,3,7,8,5,9	0,5,7,9,3,8
1165	5	1,4,5,7,8	1,5,8,4,7
1166	5	1,4,5,7,8	1,5,8,4,7
1167	5	1,4,5,7,8	1,5,8,4,7
1168	5	1,4,5,7,8	1,5,8,4,7
1169	5	1,4,5,7,8	1,5,8,4,7
1170	5	1,4,5,7,8	1,5,8,4,7
1171	5	1,4,5,7,9	1,5,9,4,7
1172	6	1,4,7,5,8,9	1,5,9,4,8,7
1173	6	0,3,7,8,5,9	0,5,7,9,3,8
1174	5	1,4,5,7,9	1,5,9,4,7
1175	5	1,4,5,7,9	1,5,9,4,7
1176	6	1,4,5,7,8,9	1,7,4,9,5,8
1177	5	1,4,5,7,9	1,5,9,4,7
1178	6	1,4,5,7,9,8	1,5,8,7,4,9
1179	5	1,5,7,8,9	1,7,9,5,8
1180	6	1,4,5,8,9,7	1,5,9,4,7,8
1181	5	1,4,5,7,9	1,5,9,4,7
1182	5	1,4,5,7,9	1,5,9,4,7
1183	5	0,3,6,8,9	0,6,9,3,8
1184	5	1,4,5,7,9	1,5,9,4,7
1185	5	0,3,6,8,9	0,6,9,3,8
1186	5	1,4,5,7,9	1,5,9,4,7
1187	5	1,4,5,7,9	1,5,9,4,7
1188	6	1,4,7,5,8,9	1,5,9,4,8,7
1189	5	1,4,5,7,9	1,5,9,4,7
1190	6	1,4,5,7,8,9	1,5,8,4,9,7
1191	6	1,4,5,8,7,9	1,5,9,8,4,7
1192	5	1,4,5,7,9	1,5,9,4,7
1193	5	1,4,5,7,8	1,5,8,4,7
1194	5	1,4,5,7,8	1,5,8,4,7
1195	5	1,4,5,7,8	1,5,8,4,7
1196	5	1,4,5,7,8	1,5,8,4,7
1197	5	1,4,5,7,8	1,5,8,4,7
1198	8	0,3,7,1,5,8,4,9	0,5,7,4,1,9,3,8
1199	7	0,3,7,5,8,1,9	0,5,1,7,9,3,8
1200	7	0,3,7,5,8,1,9	0,5,1,7,9,3,8
1201	5	1,4,5,7,8	1,5,8,4,7
1202	5	1,4,5,7,8	1,5,8,4,7
1203	5	1,4,5,7,8	1,5,8,4,7
1204	6	0,3,7,8,5,9	0,5,7,9,3,8
1205	5	1,4,5,7,8	1,5,8,4,7
1206	5	1,4,5,7,8	1,5,8,4,7
1207	5	1,4,5,7,8	1,5,8,4,7
1208	5	1,4,5,7,8	1,5,8,4,7
1209	5	1,4,5,7,8	1,5,8,4,7
1210	5	1,4,5,7,8	1,5,8,4,7
1211	7	0,3,7,5,9,4,8	0,5,4,7,8,3,9
1212	6	0,3,7,8,5,9	0,5,7,9,3,8
1213	7	0,3,7,1,9,5,8	0,5,1,8,3,9,7
1214	8	0,5,1,4,7,2,8,9	0,7,1,9,2,4,5,8
1215	7	0,5,1,4,7,9,8	0,7,1,8,5,4,9
1216	7	0,3,7,1,9,5,8	0,5,1,8,3,9,7
1217	7	0,5,1,4,7,9,8	0,7,1,8,5,4,9
1218	7	0,3,7,1,9,5,8	0,5,1,8,3,9,7
1219	7	0,5,1,4,7,9,8	0,7,1,8,5,4,9
1220	7	0,3,7,1,9,5,8	0,5,1,8,3,9,7
1221	7	1,5,4,7,9,2,8	1,7,2,4,8,5,9
1222	5	1,4,5,8,9	1,5,9,4,8
1223	6	1,4,2,7,9,8	1,7,4,8,2,9
1224	6	1,4,2,7,9,8	1,7,4,8,2,9
1225	5	1,4,5,8,9	1,5,9,4,8
1226	5	1,4,5,8,9	1,5,9,4,8
1227	7	1,4,2,7,9,8,5	1,7,4,5,9,2,8
1228	5	1,4,5,8,9	1,5,9,4,8
1229	7	0,3,6,8,2,9,7	0,8,3,7,2,6,9
1230	5	0,3,6,8,9	0,6,9,3,8
1231	7	0,3,6,2,7,9,8	0,6,8,2,9,3,7
1232	5	0,3,6,8,9	0,6,9,3,8
1233	7	0,3,6,2,7,9,8	0,6,9,2,8,3,7
1234	5	0,3,6,8,9	0,6,9,3,8
1235	5	0,3,6,8,9	0,6,9,3,8
1236	7	0,3,6,2,7,9,8	0,6,8,2,9,3,7
1237	8	0,5,1,4,7,9,2,8	0,7,2,4,5,8,1,9
1238	8	0,5,1,4,7,2,8,9	0,7,1,9,2,4,5,8
1239	7	0,5,1,4,7,9,8	0,7,1,8,5,4,9
1240	7	0,5,1,4,7,9,8	0,7,1,8,5,4,9
1241	7	1,4,2,7,9,8,5	1,7,4,5,9,2,8
1242	7	0,5,1,4,7,9,8	0,7,1,8,5,4,9
1243	7	0,5,1,4,7,9,8	0,7,1,8,5,4,9
1244	7	1,4,2,7,9,8,5	1,7,4,5,9,2,8
1245	7	0,3,7,1,9,5,8	0,5,1,8,3,9,7
1246	5	0,3,6,8,9	0,6,9,3,8
1247	7	0,3,7,1,9,5,8	0,5,1,8,3,9,7
1248	5	0,3,6,8,9	0,6,9,3,8
1249	5	0,3,6,8,9	0,6,9,3,8
1250	7	0,5,1,4,7,9,8	0,7,1,8,5,4,9
1251	5	0,3,6,8,9	0,6,9,3,8
1252	7	0,3,7,1,9,5,8	0,5,1,8,3,9,7
1253	7	0,3,6,8,2,9,7	0,8,3,7,2,6,9
1254	5	0,3,6,8,9	0,6,9,3,8
1255	7	0,3,6,2,7,9,8	0,6,8,2,9,3,7
1256	5	0,3,6,8,9	0,6,9,3,8
1257	5	0,3,6,8,9	0,6,9,3,8
1258	7	0,3,6,2,7,9,8	0,6,9,2,8,3,7
1259	5	0,3,6,8,9	0,6,9,3,8
1260	7	0,3,6,2,7,9,8	0,6,8,2,9,3,7
1261	8	1,4,2,7,3,8,6,9	1,7,4,9,3,6,2,8
1262	7	1,4,2,7,9,8,5	1,7,4,5,9,2,8
1263	7	0,3,6,2,8,9,7	0,6,8,3,7,2,9
1264	7	1,4,2,7,9,8,5	1,7,4,5,9,2,8
1265	8	0,3,7,1,4,5,8,9	0,5,1,8,3,9,4,7
1266	7	1,5,4,7,9,2,8	1,7,2,4,8,5,9
1267	5	1,4,5,8,9	1,5,9,4,8
1268	5	1,4,5,8,9	1,5,9,4,8
1269	6	1,4,2,7,9,8	1,7,4,8,2,9
1270	6	1,4,2,7,9,8	1,7,4,8,2,9
1271	5	1,4,5,8,9	1,5,9,4,8
1272	7	1,4,2,7,9,8,5	1,7,4,5,9,2,8
1273	5	1,4,5,8,9	1,5,9,4,8
1274	8	0,3,7,1,4,8,5,9	0,5,1,8,3,9,4,7
1275	5	1,4,5,8,9	1,5,9,4,8
1276	5	1,4,5,8,9	1,5,9,4,8
1277	8	0,3,7,1,4,5,8,9	0,5,1,8,3,9,4,7
1278	8	0,3,7,1,4,5,8,9	0,5,1,9,3,8,4,7
1279	5	1,4,5,8,9	1,5,9,4,8
1280	8	0,3,7,1,4,5,8,9	0,5,1,8,3,9,4,7
1281	5	1,4,5,8,9	1,5,9,4,8
1282	7	2,4,7,3,9,6,8	2,6,3,8,4,9,7
1283	8	0,3,7,1,4,5,8,9	0,5,1,9,3,8,4,7
1284	7	0,3,6,2,8,9,7	0,6,8,3,7,2,9
1285	7	0,3,6,2,8,9,7	0,6,8,3,7,2,9
1286	7	0,3,6,2,8,9,7	0,6,8,3,7,2,9
1287	7	0,3,6,2,8,9,7	0,6,8,3,7,2,9
1288	7	2,4,7,3,9,6,8	2,6,3,8,4,9,7
1289	7	2,4,7,3,9,6,8	2,6,3,8,4,9,7
1290	7	0,3,7,1,8,4,9	0,7,4,1,9,3,8
1291	7	0,3,7,1,8,4,9	0,7,4,1,9,3,8
1292	7	0,3,7,1,9,5,8	0,5,1,8,3,9,7
1293	7	0,5,1,7,9,4,8	0,7,4,1,8,5,9
1294	7	0,3,7,1,8,4,9	0,7,4,1,9,3,8
1295	7	0,3,7,2,8,4,9	0,7,4,2,9,3,8
1296	7	0,3,7,1,9,5,8	0,5,1,8,3,9,7
1297	7	0,3,7,1,8,4,9	0,7,4,1,9,3,8
1298	7	0,3,7,2,8,4,9	0,7,4,2,9,3,8
1299	6	1,4,2,7,9,8	1,7,4,8,2,9
1300	7	0,3,7,1,8,4,9	0,7,4,1,9,3,8
1301	7	0,3,7,2,8,4,9	0,7,4,2,9,3,8
1302	7	0,3,7,1,8,4,9	0,7,4,1,9,3,8
1303	7	0,3,7,1,8,4,9	0,7,4,1,9,3,8
1304	7	0,3,6,8,2,9,7	0,8,3,7,2,6,9
1305	7	0,3,6,8,2,9,7	0,8,3,7,2,6,9
1306	7	0,3,7,1,8,4,9	0,7,4,1,9,3,8
1307	7	0,3,7,2,8,4,9	0,7,4,2,9,3,8
1308	7	0,3,7,2,9,6,8	0,6,2,8,3,9,7
1309	8	0,5,1,7,4,9,2,8	0,7,2,4,1,8,5,9
1310	7	0,3,7,1,9,5,8	0,5,1,8,3,9,7
1311	7	0,3,6,8,2,9,7	0,8,3,7,2,6,9
1312	7	0,3,7,1,9,5,8	0,5,1,8,3,9,7
1313	7	0,3,6,8,2,9,7	0,8,3,7,2,6,9
1314	7	0,3,7,1,9,5,8	0,5,1,8,3,9,7
1315	7	0,3,6,8,2,9,7	0,8,3,7,2,6,9
1316	7	0,3,7,1,9,5,8	0,5,1,8,3,9,7
1317	8	0,5,1,4,7,2,8,9	0,7,1,9,2,4,5,8
1318	5	0,3,6,8,9	0,6,9,3,8
1319	5	0,3,6,8,9	0,6,9,3,8
1320	8	0,5,1,4,7,2,8,9	0,7,1,9,2,4,5,8
1321	5	0,3,6,8,9	0,6,9,3,8
1322	5	0,3,6,8,9	0,6,9,3,8
1323	8	0,3,7,1,4,5,9,8	0,5,1,8,3,9,4,7
1324	7	0,5,1,4,7,9,8	0,7,1,8,5,4,9
1325	7	0,5,1,4,7,9,8	0,7,1,8,5,4,9
1326	7	0,3,7,1,9,5,8	0,5,1,8,3,9,7
1327	7	0,5,1,4,7,9,8	0,7,1,8,5,4,9
1328	5	0,3,6,8,9	0,6,9,3,8
1329	7	0,5,1,4,7,9,8	0,7,1,8,5,4,9
1330	5	0,3,6,8,9	0,6,9,3,8
1331	5	0,3,6,8,9	0,6,9,3,8
1332	7	0,3,6,2,7,9,8	0,6,8,2,9,3,7
1333	7	0,5,1,4,7,9,8	0,7,1,8,5,4,9
1334	7	0,5,1,4,7,9,8	0,7,1,8,5,4,9
1335	5	0,3,6,8,9	0,6,9,3,8
1336	7	1,4,2,7,9,8,5	1,7,4,5,9,2,8
1337	8	0,5,1,7,4,8,2,9	0,7,2,4,1,9,5,8
1338	7	0,5,1,7,9,4,8	0,7,4,1,8,5,9
1339	7	0,5,1,7,9,4,8	0,7,4,5,8,1,9
1340	7	0,5,4,7,9,1,8	0,7,1,4,8,5,9
1341	7	0,5,1,7,9,4,8	0,7,4,1,8,5,9
1342	7	0,5,1,7,9,4,8	0,7,4,1,8,5,9
1343	7	1,5,4,7,9,2,8	1,7,2,4,8,5,9
1344	5	1,4,5,8,9	1,5,9,4,8
1345	8	0,5,1,4,7,2,8,9	0,7,1,9,2,4,5,8
1346	5	1,4,5,8,9	1,5,9,4,8
1347	8	0,5,1,4,7,2,9,8	0,7,1,8,2,4,5,9
1348	6	1,4,2,7,9,8	1,7,4,8,2,9
1349	7	0,5,1,4,7,9,8	0,7,1,8,4,5,9
1350	7	0,5,1,4,7,9,8	0,7,1,8,5,4,9
1351	7	0,5,1,4,7,9,8	0,7,1,8,5,4,9
1352	7	0,5,1,4,7,9,8	0,7,1,8,4,5,9
1353	7	0,3,7,1,8,4,9	0,7,4,1,9,3,8
1354	7	0,3,7,1,8,4,9	0,7,4,1,9,3,8
1355	7	0,3,7,1,8,4,9	0,7,4,1,9,3,8
1356	7	0,3,7,1,9,5,8	0,5,1,8,3,9,7
1357	7	0,5,1,7,9,4,8	0,7,4,1,8,5,9
1358	7	0,5,1,7,9,4,8	0,7,4,1,8,5,9
1359	7	0,3,7,1,9,5,8	0,5,1,8,3,9,7
1360	5	1,4,5,8,9	1,5,9,4,8
1361	5	0,3,6,8,9	0,6,9,3,8
1362	5	0,3,6,8,9	0,6,9,3,8
1363	7	0,3,7,1,8,4,9	0,7,4,1,9,3,8
1364	7	0,5,1,4,7,9,8	0,7,1,8,4,5,9
1365	7	0,5,1,4,7,9,8	0,7,1,8,5,4,9
1366	5	0,3,6,8,9	0,6,9,3,8
1367	7	0,3,7,2,8,4,9	0,7,4,2,9,3,8
1368	7	0,3,7,2,8,4,9	0,7,4,2,9,3,8
1369	7	0,3,7,2,8,4,9	0,7,4,2,9,3,8
1370	7	0,5,4,7,9,2,8	0,7,2,4,8,5,9
1371	7	0,5,4,7,9,2,8	0,7,2,4,8,5,9
1372	7	0,3,7,4,9,5,8	0,5,4,8,3,9,7
1373	7	0,3,7,4,9,5,8	0,5,4,8,3,9,7
1374	5	0,3,6,8,9	0,6,9,3,8
1375	7	0,3,7,2,8,4,9	0,7,4,2,9,3,8
1376	7	0,5,1,4,8,9,7	0,8,5,4,7,1,9
1377	5	0,3,6,8,9	0,6,9,3,8
1378	8	0,3,7,1,4,8,5,9	0,5,1,8,3,9,4,7
1379	7	1,5,4,7,9,2,8	1,7,2,4,8,5,9
1380	7	2,4,7,3,9,6,8	2,6,3,8,4,9,7
1381	7	1,5,4,7,9,2,8	1,7,2,4,8,5,9
1382	7	1,5,4,7,9,2,8	1,7,2,4,8,5,9
1383	7	2,4,7,3,9,6,8	2,6,3,8,4,9,7
1384	7	2,4,7,3,9,6,8	2,6,3,8,4,9,7
1385	7	1,5,4,7,9,2,8	1,7,2,4,8,5,9
1386	5	1,4,5,8,9	1,5,9,4,8
1387	8	0,3,7,1,4,5,8,9	0,5,1,8,3,9,4,7
1388	5	1,4,5,8,9	1,5,9,4,8
1389	5	1,4,5,8,9	1,5,9,4,8
1390	8	0,3,7,1,4,5,8,9	0,5,1,8,3,9,4,7
1391	5	1,4,5,8,9	1,5,9,4,8
1392	6	1,4,2,7,9,8	1,7,4,8,2,9
1393	5	1,4,5,8,9	1,5,9,4,8
1394	5	1,4,5,8,9	1,5,9,4,8
1395	7	1,4,2,7,9,8,5	1,7,4,5,9,2,8
1396	6	1,4,2,7,9,8	1,7,4,8,2,9
1397	6	1,4,2,7,9,8	1,7,4,8,2,9
1398	7	2,4,7,3,9,6,8	2,6,3,8,4,9,7
1399	7	0,3,6,2,8,9,7	0,6,8,3,7,2,9
1400	6	1,4,2,7,9,8	1,7,4,8,2,9
1401	5	1,4,5,8,9	1,5,9,4,8
1402	7	1,4,2,7,9,8,5	1,7,4,5,9,2,8
1403	7	2,4,7,3,9,6,8	2,6,3,8,4,9,7
1404	7	0,3,7,1,8,4,9	0,7,4,1,9,3,8
1405	6	1,4,2,7,9,8	1,7,4,8,2,9
1406	5	0,3,7,8,9	0,7,9,3,8
1407	5	0,3,7,8,9	0,7,9,3,8
1408	6	1,4,2,7,9,8	1,7,4,8,2,9
1409	5	1,4,7,8,9	1,7,9,4,8
1410	5	2,4,7,8,9	2,7,9,4,8
1411	5	1,4,7,8,9	1,7,9,4,8
1412	5	0,3,7,8,9	0,7,9,3,8
1413	5	1,4,7,8,9	1,7,9,4,8
1414	5	2,4,7,8,9	2,7,9,4,8
1415	7	0,3,7,1,8,5,9	0,5,1,9,3,8,7
1416	7	0,5,1,4,9,7,8	0,7,4,5,8,1,9
1417	6	0,5,1,8,7,9	0,7,1,9,5,8
1418	6	0,5,1,8,7,9	0,7,1,9,5,8
1419	6	0,5,1,8,7,9	0,7,1,9,5,8
1420	7	0,5,4,7,8,2,9	0,7,2,4,9,5,8
1421	7	0,3,7,1,9,5,8	0,5,1,8,3,9,7
1422	6	1,4,2,7,8,9	1,7,4,9,2,8
1423	7	0,3,7,1,8,5,9	0,5,1,9,3,8,7
1424	6	1,4,2,7,8,9	1,7,4,9,2,8
1425	7	0,3,7,1,8,5,9	0,5,1,9,3,8,7
1426	7	0,5,1,4,9,8,7	0,8,1,7,4,5,9
1427	6	1,4,2,7,8,9	1,7,4,9,2,8
1428	6	1,4,2,7,8,9	1,7,4,9,2,8
1429	5	0,3,7,8,9	0,7,9,3,8
1430	5	0,3,7,8,9	0,7,9,3,8
1431	6	0,5,1,8,7,9	0,7,1,9,5,8
1432	5	0,3,7,8,9	0,7,9,3,8
1433	5	0,3,7,8,9	0,7,9,3,8
1434	6	0,5,1,8,7,9	0,7,1,9,5,8
1435	6	1,4,5,8,9,7	1,5,9,4,7,8
1436	6	1,4,2,7,8,9	1,7,4,9,2,8
1437	5	0,3,7,8,9	0,7,9,3,8
1438	6	1,4,5,8,9,7	1,5,9,4,7,8
1439	6	1,4,5,8,9,7	1,5,9,4,7,8
1440	7	0,5,1,7,8,4,9	0,7,4,1,9,5,8
1441	6	1,4,2,8,7,9	1,7,2,9,4,8
1442	6	0,5,1,8,7,9	0,7,1,9,5,8
1443	6	0,5,4,8,7,9	0,7,4,9,5,8
1444	6	1,4,2,8,7,9	1,7,2,9,4,8
1445	6	1,4,2,7,8,9	1,7,4,9,2,8
1446	5	1,4,5,8,9	1,5,9,4,8
1447	7	0,5,1,4,9,8,7	0,8,1,7,4,5,9
1448	6	0,5,1,8,7,9	0,7,1,9,5,8
1449	6	0,5,4,8,7,9	0,7,4,9,5,8
1450	7	0,3,7,1,8,4,9	0,7,4,1,9,3,8
1451	7	0,3,7,1,8,4,9	0,7,4,1,9,3,8
1452	6	0,5,1,8,7,9	0,7,1,9,5,8
1453	6	0,5,1,8,7,9	0,7,1,9,5,8
1454	6	0,5,4,8,7,9	0,7,4,9,5,8
1455	6	1,5,4,8,7,9	1,7,4,9,5,8
1456	7	0,3,7,1,8,4,9	0,7,4,1,9,3,8
1457	5	1,4,5,8,9	1,5,9,4,8
1458	7	0,5,1,4,9,8,7	0,8,1,7,4,5,9
1459	6	0,5,4,8,7,9	0,7,4,9,5,8
1460	7	0,3,7,2,8,4,9	0,7,4,2,9,3,8
1461	7	0,3,7,2,8,4,9	0,7,4,2,9,3,8
1462	7	0,5,4,7,9,2,8	0,7,2,4,8,5,9
1463	7	1,4,2,7,8,5,9	1,5,4,8,2,9,7
1464	7	0,3,7,2,8,4,9	0,7,4,2,9,3,8
1465	5	0,3,7,8,9	0,7,9,3,8
1466	6	0,5,4,8,7,9	0,7,4,9,5,8
1467	7	0,3,7,1,8,5,9	0,5,1,9,3,8,7
1468	6	1,4,2,8,7,9	1,7,2,9,4,8
1469	6	1,5,4,8,7,9	1,7,4,9,5,8
1470	7	1,4,2,7,9,5,8	1,5,4,9,2,8,7
1471	6	1,4,2,8,7,9	1,7,2,9,4,8
1472	6	1,4,2,7,8,9	1,7,4,9,2,8
1473	7	0,3,7,1,8,5,9	0,5,1,9,3,8,7
1474	5	1,4,5,8,9	1,5,9,4,8
1475	5	1,4,5,8,9	1,5,9,4,8
1476	7	0,3,7,4,8,5,9	0,5,4,9,3,8,7
1477	5	1,4,5,8,9	1,5,9,4,8
1478	6	1,4,2,7,9,8	1,7,4,8,2,9
1479	5	1,4,7,8,9	1,7,9,4,8
1480	5	1,4,7,8,9	1,7,9,4,8
1481	5	2,4,7,8,9	2,7,9,4,8
1482	6	1,4,2,7,9,8	1,7,4,8,2,9
1483	6	1,4,5,8,7,9	1,5,9,8,4,7
1484	7	1,4,2,7,9,8,5	1,7,4,5,9,2,8
1485	6	1,4,2,7,9,8	1,7,4,8,2,9
1486	5	1,4,5,8,9	1,5,9,4,8
1487	5	2,4,7,8,9	2,7,9,4,8
1488	5	1,4,5,8,9	1,5,9,4,8
1489	6	1,4,5,8,9,7	1,5,9,4,7,8
1490	5	1,4,5,8,9	1,5,9,4,8
1491	5	2,4,7,8,9	2,7,9,4,8
1492	7	0,3,6,8,7,2,9	0,7,3,9,6,2,8
1493	7	0,3,6,2,8,7,9	0,6,8,3,9,2,7
1494	6	0,6,2,8,7,9	0,7,2,9,6,8
1495	6	0,6,2,8,7,9	0,7,2,9,6,8
1496	6	0,6,3,8,7,9	0,7,3,9,6,8
1497	6	0,6,2,8,7,9	0,7,2,9,6,8
1498	6	2,6,3,8,7,9	2,7,3,9,6,8
1499	6	1,4,2,7,8,9	1,7,4,9,2,8
1500	6	1,4,2,7,8,9	1,7,4,9,2,8
1501	5	0,3,6,8,9	0,6,9,3,8
1502	5	0,3,6,8,9	0,6,9,3,8
1503	5	0,3,7,8,9	0,7,9,3,8
1504	6	1,4,2,7,8,9	1,7,4,9,2,8
1505	5	0,3,7,8,9	0,7,9,3,8
1506	5	0,3,7,8,9	0,7,9,3,8
1507	6	0,6,2,8,7,9	0,7,2,9,6,8
1508	5	0,3,6,8,9	0,6,9,3,8
1509	5	0,3,6,8,9	0,6,9,3,8
1510	6	0,3,6,8,7,9	0,6,9,8,3,7
1511	6	0,6,2,8,7,9	0,7,2,9,6,8
1512	6	1,4,2,7,8,9	1,7,4,9,2,8
1513	5	0,3,6,8,9	0,6,9,3,8
1514	6	0,3,6,8,9,7	0,6,9,3,7,8
1515	6	0,3,6,8,9,7	0,6,9,3,7,8
1516	7	0,5,1,7,8,4,9	0,7,4,5,9,1,8
1517	6	1,4,2,8,7,9	1,7,2,9,4,8
1518	6	0,6,2,8,7,9	0,7,2,9,6,8
1519	7	0,5,1,4,8,7,9	0,7,4,5,9,1,8
1520	6	1,4,2,8,7,9	1,7,2,9,4,8
1521	5	1,4,7,8,9	1,7,9,4,8
1522	5	2,4,7,8,9	2,7,9,4,8
1523	6	0,3,6,8,9,7	0,6,9,3,7,8
1524	6	0,6,2,8,7,9	0,7,2,9,6,8
1525	6	0,3,6,8,9,7	0,6,9,3,7,8
1526	5	1,4,7,8,9	1,7,9,4,8
1527	5	2,4,7,8,9	2,7,9,4,8
1528	7	0,3,7,1,8,4,9	0,7,4,1,9,3,8
1529	7	0,3,7,1,8,4,9	0,7,4,1,9,3,8
1530	6	0,6,3,8,7,9	0,7,3,9,6,8
1531	7	0,5,1,4,8,7,9	0,7,4,5,9,1,8
1532	7	2,4,7,3,8,6,9	2,6,3,9,4,8,7
1533	5	1,4,7,8,9	1,7,9,4,8
1534	5	0,3,7,8,9	0,7,9,3,8
1535	6	0,3,6,8,7,9	0,6,9,8,3,7
1536	5	0,3,6,8,9	0,6,9,3,8
1537	6	0,3,6,8,7,9	0,6,9,8,3,7
1538	7	0,3,7,2,8,4,9	0,7,4,2,9,3,8
1539	7	0,3,7,2,8,4,9	0,7,4,2,9,3,8
1540	6	0,6,2,8,7,9	0,7,2,9,6,8
1541	6	0,6,2,8,7,9	0,7,2,9,6,8
1542	6	0,6,3,8,7,9	0,7,3,9,6,8
1543	6	2,6,3,8,7,9	2,7,3,9,6,8
1544	5	2,4,7,8,9	2,7,9,4,8
1545	5	0,3,7,8,9	0,7,9,3,8
1546	6	0,6,2,8,7,9	0,7,2,9,6,8
1547	5	0,3,6,8,9	0,6,9,3,8
1548	6	0,3,6,8,7,9	0,6,9,8,3,7
1549	6	0,3,6,8,9,7	0,6,9,3,7,8
1550	7	0,5,4,7,8,1,9	0,7,1,4,9,5,8
1551	7	1,4,2,7,8,5,9	1,5,4,7,9,2,8
1552	6	1,4,2,7,8,9	1,7,4,9,2,8
1553	6	1,4,2,7,8,9	1,7,4,9,2,8
1554	7	1,4,2,7,8,9,5	1,7,4,5,8,2,9
1555	7	0,5,1,4,7,8,9	0,7,1,9,4,5,8
1556	7	0,5,1,4,9,8,7	0,8,1,7,4,5,9
1557	6	1,4,2,7,8,9	1,7,4,9,2,8
1558	6	0,5,1,8,7,9	0,7,1,9,5,8
1559	6	1,4,5,8,9,7	1,5,9,4,7,8
1560	6	0,5,1,8,7,9	0,7,1,9,5,8
1561	6	0,6,2,8,7,9	0,7,2,9,6,8
1562	6	1,4,5,8,9,7	1,5,9,4,7,8
1563	7	0,3,7,1,8,5,9	0,5,1,9,3,8,7
1564	6	0,6,3,8,7,9	0,7,3,9,6,8
1565	7	0,3,7,1,8,5,9	0,5,1,9,3,8,7
1566	5	0,3,6,8,9	0,6,9,3,8
1567	5	0,3,6,8,9	0,6,9,3,8
1568	7	0,5,1,4,7,8,9	0,7,1,9,4,5,8
1569	5	0,3,6,8,9	0,6,9,3,8
1570	8	0,3,7,1,4,5,9,8	0,5,1,8,3,9,4,7
1571	6	1,4,5,8,9,7	1,5,9,4,7,8
1572	7	0,5,4,7,8,2,9	0,7,2,4,9,5,8
1573	6	2,6,3,8,7,9	2,7,3,9,6,8
1574	7	0,5,1,4,7,8,9	0,7,1,9,4,5,8
1575	5	0,3,6,8,9	0,6,9,3,8
1576	5	0,3,6,8,9	0,6,9,3,8
1577	7	0,5,1,4,7,8,9	0,7,1,9,4,5,8
1578	5	0,3,6,8,9	0,6,9,3,8
1579	7	1,4,2,7,8,9,5	1,7,4,5,8,2,9
1580	7	0,5,1,4,7,8,9	0,7,1,9,4,5,8
1581	5	0,3,7,8,9	0,7,9,3,8
1582	5	0,3,6,8,9	0,6,9,3,8
1583	6	0,3,6,8,7,9	0,6,9,8,3,7
1584	7	0,3,7,1,8,5,9	0,5,1,9,3,8,7
1585	7	0,3,7,1,8,5,9	0,5,1,9,3,8,7
1586	6	2,6,3,8,7,9	2,7,3,9,6,8
1587	6	2,6,3,8,7,9	2,7,3,9,6,8
1588	7	1,4,2,7,8,5,9	1,5,4,7,9,2,8
1589	7	0,3,7,1,8,5,9	0,5,1,9,3,8,7
1590	6	2,6,3,8,7,9	2,7,3,9,6,8
1591	6	2,6,3,8,7,9	2,7,3,9,6,8
1592	7	0,3,7,1,8,5,9	0,5,1,9,3,8,7
1593	6	1,4,2,7,8,9	1,7,4,9,2,8
1594	6	1,4,5,8,9,7	1,5,9,4,7,8
1595	6	1,4,5,8,9,7	1,5,9,4,7,8
1596	6	1,4,2,7,8,9	1,7,4,9,2,8
1597	6	0,3,6,8,7,9	0,6,9,8,3,7
1598	6	0,3,6,8,7,9	0,6,9,8,3,7
1599	6	1,4,5,8,9,7	1,5,9,4,7,8
1600	6	1,4,5,8,9,7	1,5,9,4,7,8
1601	7	0,5,1,7,8,4,9	0,7,4,1,9,5,8
1602	6	0,5,1,8,7,9	0,7,1,9,5,8
1603	6	0,5,4,8,7,9	0,7,4,9,5,8
1604	6	1,5,4,8,7,9	1,7,4,9,5,8
1605	5	1,4,5,8,9	1,5,9,4,8
1606	7	0,5,1,4,7,8,9	0,7,1,9,4,5,8
1607	7	0,5,1,4,9,8,7	0,8,1,7,4,5,9
1608	7	0,5,1,7,8,4,9	0,7,4,1,9,5,8
1609	6	0,5,4,8,7,9	0,7,4,9,5,8
1610	6	0,6,2,8,7,9	0,7,2,9,6,8
1611	6	0,6,2,8,7,9	0,7,2,9,6,8
1612	6	0,5,4,8,7,9	0,7,4,9,5,8
1613	7	1,4,2,7,8,5,9	1,5,4,8,2,9,7
1614	7	0,5,1,4,7,8,9	0,7,1,9,4,5,8
1615	7	0,5,1,4,7,8,9	0,7,1,9,4,5,8
1616	7	0,5,1,4,7,8,9	0,7,1,9,4,5,8
1617	7	1,5,4,7,8,2,9	1,7,2,4,9,5,8
1618	6	1,4,2,8,7,9	1,7,2,9,4,8
1619	6	1,4,2,8,7,9	1,7,2,9,4,8
1620	7	1,4,2,7,8,5,9	1,5,4,7,9,2,8
1621	5	1,4,5,8,9	1,5,9,4,8
1622	6	1,4,2,7,8,9	1,7,4,9,2,8
1623	7	1,4,2,7,8,9,5	1,7,4,5,8,2,9
1624	5	1,4,5,8,9	1,5,9,4,8
1625	7	0,3,6,2,7,8,9	0,6,8,2,9,3,7
1626	5	1,4,5,8,9	1,5,9,4,8
1627	5	1,4,5,8,9	1,5,9,4,8
1628	5	2,4,7,8,9	2,7,9,4,8
1629	5	1,4,7,8,9	1,7,9,4,8
1630	5	2,4,7,8,9	2,7,9,4,8
1631	6	1,4,5,8,7,9	1,5,9,8,4,7
1632	7	1,4,2,7,9,8,5	1,7,4,5,9,2,8
1633	6	1,4,5,8,9,7	1,5,9,4,7,8
1634	5	1,4,5,8,9	1,5,9,4,8
1635	5	2,4,7,8,9	2,7,9,4,8
1636	7	0,5,1,7,8,4,9	0,7,4,1,9,5,8
1637	6	0,6,3,8,7,9	0,7,3,9,6,8
1638	6	0,6,3,8,7,9	0,7,3,9,6,8
1639	6	0,5,4,8,7,9	0,7,4,9,5,8
1640	7	0,3,7,4,9,5,8	0,5,4,8,3,9,7
1641	7	0,5,1,4,7,8,9	0,7,1,9,4,5,8
1642	5	0,3,6,8,9	0,6,9,3,8
1643	7	0,3,7,1,8,5,9	0,5,1,9,3,8,7
1644	7	0,3,7,1,8,5,9	0,5,1,9,3,8,7
1645	5	1,4,5,8,9	1,5,9,4,8
1646	7	2,4,7,3,8,6,9	2,6,3,9,4,8,7
1647	7	0,3,7,1,8,5,9	0,5,1,9,3,8,7
1648	5	1,4,5,8,9	1,5,9,4,8
1649	7	0,3,7,4,8,5,9	0,5,4,9,3,8,7
1650	5	1,4,5,8,9	1,5,9,4,8
1651	5	1,4,5,8,9	1,5,9,4,8
1652	6	1,4,5,8,9,7	1,5,9,4,7,8
1653	6	1,4,5,8,7,9	1,5,9,8,4,7
1654	6	0,3,6,8,7,9	0,6,9,8,3,7
1655	6	1,4,5,8,9,7	1,5,9,4,7,8
1656	7	0,3,7,4,8,5,9	0,5,4,9,3,8,7
1657	6	2,6,3,8,7,9	2,7,3,9,6,8
1658	7	1,4,2,7,8,9,5	1,7,4,5,8,2,9
1659	7	0,3,6,2,7,8,9	0,6,8,2,9,3,7
1660	7	1,4,2,7,8,9,5	1,7,4,5,8,2,9
1661	7	0,3,7,4,8,5,9	0,5,4,9,3,8,7
1662	7	1,4,2,7,8,9,5	1,7,4,5,8,2,9
1663	5	2,4,7,8,9	2,7,9,4,8
1664	6	1,4,5,8,7,9	1,5,9,8,4,7
1665	6	0,3,6,8,7,9	0,6,9,8,3,7
1666	6	1,4,5,8,7,9	1,5,9,8,4,7
1667	6	1,4,5,8,7,9	1,5,9,8,4,7
1668	6	1,4,5,8,7,9	1,5,9,8,4,7
1669	6	1,4,5,8,7,9	1,5,9,8,4,7
1670	7	0,3,7,1,8,5,9	0,7,5,1,9,3,8
1671	6	0,5,1,7,9,8	0,7,5,8,1,9
1672	6	0,5,1,7,9,8	0,7,5,8,1,9
1673	6	0,5,1,7,9,8	0,7,5,8,1,9
1674	7	0,5,4,8,1,9,7	0,8,5,7,1,4,9
1675	5	1,4,5,8,9	1,5,9,4,8
1676	6	0,5,1,7,9,8	0,7,5,8,1,9
1677	6	0,5,1,7,9,8	0,7,5,8,1,9
1678	5	1,4,5,8,9	1,5,9,4,8
1679	7	0,5,1,4,8,9,7	0,8,1,7,5,4,9
1680	5	1,4,5,8,9	1,5,9,4,8
1681	7	0,3,7,1,8,5,9	0,7,5,1,9,3,8
1682	5	1,4,5,8,9	1,5,9,4,8
1683	6	0,5,1,7,9,8	0,7,5,8,1,9
1684	6	0,5,1,7,9,8	0,7,5,8,1,9
1685	5	1,4,5,8,9	1,5,9,4,8
1686	6	0,3,7,5,9,8	0,5,8,3,9,7
1687	5	1,4,5,8,9	1,5,9,4,8
1688	7	0,5,4,8,2,9,7	0,8,5,7,2,4,9
1689	8	0,5,1,4,8,9,2,7	0,8,2,4,5,7,1,9
1690	7	0,5,4,8,2,9,7	0,8,5,7,2,4,9
1691	6	0,3,7,5,9,8	0,5,8,3,9,7
1692	7	0,5,4,8,2,9,7	0,8,5,7,2,4,9
1693	6	0,3,7,5,9,8	0,5,8,3,9,7
1694	6	0,3,7,5,9,8	0,5,8,3,9,7
1695	7	0,5,4,8,1,9,7	0,8,5,7,1,4,9
1696	5	1,4,5,8,9	1,5,9,4,8
1697	5	1,4,5,8,9	1,5,9,4,8
1698	6	0,5,1,7,9,8	0,7,5,8,1,9
1699	6	0,5,1,7,9,8	0,7,5,8,1,9
1700	7	0,5,1,4,8,9,7	0,8,1,7,5,4,9
1701	5	1,4,5,8,9	1,5,9,4,8
1702	7	0,5,4,8,2,9,7	0,8,5,7,2,4,9
1703	8	0,5,1,4,8,9,2,7	0,8,2,4,5,7,1,9
1704	7	0,5,4,8,2,9,7	0,8,5,7,2,4,9
1705	7	0,5,4,8,2,9,7	0,8,5,7,2,4,9
1706	8	0,5,4,2,7,9,6,8	0,6,2,8,4,9,5,7
1707	7	0,3,7,1,8,5,9	0,7,5,1,9,3,8
1708	7	0,3,7,5,8,1,9	0,5,1,7,9,3,8
1709	7	0,3,7,1,8,5,9	0,7,5,1,9,3,8
1710	7	0,5,4,8,1,9,7	0,8,5,7,1,4,9
1711	7	0,3,7,1,8,5,9	0,7,5,1,9,3,8
1712	7	0,5,4,8,2,9,7	0,8,5,7,2,4,9
1713	7	0,3,7,1,9,5,8	0,5,1,8,3,9,7
1714	7	0,3,7,1,8,5,9	0,7,5,1,9,3,8
1715	5	1,4,5,8,9	1,5,9,4,8
1716	5	1,4,5,8,9	1,5,9,4,8
1717	8	0,5,1,4,9,8,2,7	0,8,1,7,5,4,2,9
1718	8	0,5,1,7,2,8,4,9	0,7,5,4,2,9,1,8
1719	7	0,6,2,7,9,3,8	0,7,3,6,8,2,9
1720	7	0,3,6,8,2,9,7	0,8,3,7,2,6,9
1721	7	0,3,6,8,2,9,7	0,8,3,7,2,6,9
1722	7	0,3,6,8,2,9,7	0,8,3,7,2,6,9
1723	8	0,3,7,1,5,9,4,8	0,5,4,1,8,3,9,7
1724	7	0,3,6,8,2,9,7	0,8,3,7,2,6,9
1725	7	0,3,7,2,9,6,8	0,6,2,8,3,9,7
1726	7	0,3,7,1,8,9,5	0,7,5,1,9,3,8
1727	5	0,3,6,8,9	0,6,9,3,8
1728	5	0,3,6,8,9	0,6,9,3,8
1729	8	0,5,1,4,8,9,2,7	0,8,2,4,5,7,1,9
1730	5	0,3,6,8,9	0,6,9,3,8
1731	5	0,3,6,8,9	0,6,9,3,8
1732	7	0,3,7,1,8,9,5	0,7,5,1,9,3,8
1733	7	0,3,7,1,8,9,5	0,7,5,1,9,3,8
1734	7	0,5,1,4,8,9,7	0,8,1,7,5,4,9
1735	7	0,3,7,1,8,9,5	0,7,5,1,9,3,8
1736	7	0,5,1,4,8,9,7	0,8,1,7,5,4,9
1737	7	1,4,2,7,5,9,8	1,5,4,8,2,9,7
1738	5	0,3,6,8,9	0,6,9,3,8
1739	5	0,3,6,8,9	0,6,9,3,8
1740	7	0,5,1,4,8,9,7	0,8,1,7,5,4,9
1741	7	0,5,1,4,8,9,7	0,8,1,7,5,4,9
1742	5	0,3,6,8,9	0,6,9,3,8
1743	8	0,5,1,7,2,8,4,9	0,7,5,4,2,9,1,8
1744	7	0,5,4,8,1,9,7	0,8,5,7,1,4,9
1745	7	0,5,4,8,1,9,7	0,8,5,7,1,4,9
1746	7	1,4,2,7,9,5,8	1,7,5,4,8,2,9
1747	7	0,5,4,8,1,9,7	0,8,5,7,1,4,9
1748	7	0,5,4,8,2,9,7	0,8,5,7,2,4,9
1749	7	1,4,2,7,9,5,8	1,7,5,4,8,2,9
1750	5	1,4,5,8,9	1,5,9,4,8
1751	8	0,5,1,4,9,8,2,7	0,8,1,7,5,4,2,9
1752	7	0,3,7,1,8,5,9	0,7,5,1,9,3,8
1753	7	0,3,7,1,8,5,9	0,7,5,1,9,3,8
1754	7	0,3,7,5,8,1,9	0,5,1,7,9,3,8
1755	7	0,5,4,8,1,9,7	0,8,5,7,1,4,9
1756	7	0,3,7,1,8,5,9	0,5,1,9,3,8,7
1757	6	0,5,1,8,7,9	0,7,1,9,5,8
1758	6	0,5,1,8,7,9	0,7,1,9,5,8
1759	6	0,5,1,7,9,8	0,7,5,8,1,9
1760	5	0,3,7,8,9	0,7,9,3,8
1761	5	0,3,7,8,9	0,7,9,3,8
1762	5	0,5,7,8,9	0,7,9,5,8
1763	5	0,5,7,8,9	0,7,9,5,8
1764	7	0,5,4,8,7,1,9	0,7,5,9,4,1,8
1765	6	1,4,2,8,7,9	1,7,2,9,4,8
1766	6	0,5,1,8,7,9	0,7,1,9,5,8
1767	6	0,5,1,8,7,9	0,7,1,9,5,8
1768	6	2,4,5,8,7,9	2,7,5,9,4,8
1769	6	1,4,2,8,7,9	1,7,2,9,4,8
1770	6	0,5,1,7,8,9	0,7,5,9,1,8
1771	5	1,4,5,8,9	1,5,9,4,8
1772	7	0,5,4,8,7,2,9	0,7,5,9,4,2,8
1773	5	0,5,7,8,9	0,7,9,5,8
1774	5	0,5,7,8,9	0,7,9,5,8
1775	5	0,5,7,8,9	0,7,9,5,8
1776	7	0,3,7,1,8,5,9	0,5,1,9,3,8,7
1777	7	0,3,7,5,8,1,9	0,5,1,7,9,3,8
1778	6	0,5,1,8,7,9	0,7,1,9,5,8
1779	6	0,5,1,8,7,9	0,7,1,9,5,8
1780	6	0,3,7,8,5,9	0,5,7,9,3,8
1781	6	1,4,5,8,7,9	1,7,5,9,4,8
1782	6	0,5,1,7,8,9	0,7,5,9,1,8
1783	5	1,4,5,8,9	1,5,9,4,8
1784	6	0,3,7,5,8,9	0,5,9,3,8,7
1785	5	0,5,7,8,9	0,7,9,5,8
1786	7	0,5,4,8,7,2,9	0,7,5,9,4,2,8
1787	7	0,5,1,4,8,7,9	0,7,1,9,4,5,8
1788	6	0,3,7,8,5,9	0,5,7,9,3,8
1789	6	2,4,5,8,7,9	2,7,5,9,4,8
1790	6	0,3,7,5,8,9	0,5,9,3,8,7
1791	7	0,5,1,4,9,8,7	0,8,4,5,7,1,9
1792	6	0,3,7,5,8,9	0,5,9,3,8,7
1793	5	0,5,7,8,9	0,7,9,5,8
1794	5	0,3,7,8,9	0,7,9,3,8
1795	5	0,5,7,8,9	0,7,9,5,8
1796	7	0,5,4,8,7,1,9	0,7,5,9,4,1,8
1797	6	0,5,1,7,8,9	0,7,5,9,1,8
1798	7	0,5,1,4,9,8,7	0,8,4,5,7,1,9
1799	6	0,5,1,7,8,9	0,7,5,9,1,8
1800	6	0,5,1,7,8,9	0,7,5,9,1,8
1801	7	0,5,4,8,7,2,9	0,7,5,9,4,2,8
1802	7	1,4,2,7,5,9,8	1,5,4,9,2,8,7
1803	6	0,5,1,7,8,9	0,7,5,9,1,8
1804	6	1,4,5,7,9,8	1,5,9,4,8,7
1805	6	0,3,6,8,9,7	0,6,9,3,7,8
1806	6	0,6,2,8,7,9	0,7,2,9,6,8
1807	6	0,5,1,7,8,9	0,7,5,9,1,8
1808	6	0,6,2,8,7,9	0,7,2,9,6,8
1809	6	1,4,5,7,9,8	1,5,9,4,8,7
1810	6	1,4,5,7,9,8	1,5,9,4,8,7
1811	6	1,4,5,7,9,8	1,5,9,4,8,7
1812	7	0,3,7,5,9,1,8	0,5,1,7,8,3,9
1813	6	0,5,1,7,8,9	0,7,5,9,1,8
1814	5	0,3,6,8,9	0,6,9,3,8
1815	5	0,3,6,8,9	0,6,9,3,8
1816	6	0,5,1,7,8,9	0,7,5,9,1,8
1817	5	0,3,6,8,9	0,6,9,3,8
1818	7	0,3,7,1,8,9,5	0,7,5,1,9,3,8
1819	6	0,5,1,7,8,9	0,7,5,9,1,8
1820	5	0,3,7,8,9	0,7,9,3,8
1821	6	0,5,1,7,8,9	0,7,5,9,1,8
1822	5	0,3,6,8,9	0,6,9,3,8
1823	6	1,4,5,7,9,8	1,5,9,4,8,7
1824	7	0,5,4,8,7,2,9	0,7,5,9,4,2,8
1825	7	0,5,4,8,7,2,9	0,7,5,9,4,2,8
1826	6	0,6,2,8,7,9	0,7,2,9,6,8
1827	6	2,6,3,8,7,9	2,7,3,9,6,8
1828	7	0,5,1,4,9,8,7	0,8,4,5,7,1,9
1829	5	0,3,6,8,9	0,6,9,3,8
1830	5	0,3,6,8,9	0,6,9,3,8
1831	7	0,5,1,4,9,8,7	0,8,4,5,7,1,9
1832	5	0,3,6,8,9	0,6,9,3,8
1833	7	1,4,2,7,8,9,5	1,7,5,4,8,2,9
1834	7	0,5,1,4,9,8,7	0,8,4,5,7,1,9
1835	5	0,3,7,8,9	0,7,9,3,8
1836	5	0,3,6,8,9	0,6,9,3,8
1837	6	0,6,2,8,7,9	0,7,2,9,6,8
1838	5	0,3,6,8,9	0,6,9,3,8
1839	6	0,3,6,8,7,9	0,6,9,8,3,7
1840	7	1,4,2,7,8,9,5	1,7,5,4,8,2,9
1841	6	0,3,6,8,9,7	0,6,9,3,7,8
1842	7	0,5,4,8,7,1,9	0,7,5,9,4,1,8
1843	6	0,5,1,8,7,9	0,7,1,9,5,8
1844	7	0,5,1,4,8,7,9	0,7,1,9,4,5,8
1845	7	0,5,1,4,9,7,8	0,7,1,8,4,5,9
1846	6	1,4,5,8,7,9	1,7,5,9,4,8
1847	5	1,4,5,8,9	1,5,9,4,8
1848	6	0,5,1,7,8,9	0,7,5,9,1,8
1849	7	0,3,6,8,9,5,7	0,5,8,7,3,9,6
1850	7	0,5,4,8,7,2,9	0,7,5,9,4,2,8
1851	6	2,4,5,8,7,9	2,7,5,9,4,8
1852	6	0,6,2,8,7,9	0,7,2,9,6,8
1853	7	0,5,1,4,8,7,9	0,7,1,9,4,5,8
1854	7	0,5,1,4,9,8,7	0,8,4,5,7,1,9
1855	7	0,5,1,4,9,8,7	0,8,4,5,7,1,9
1856	5	1,4,5,7,9	1,5,9,4,7
1857	7	0,5,1,7,4,9,8	0,7,5,8,4,1,9
1858	6	0,5,4,7,9,8	0,7,5,8,4,9
1859	6	2,4,5,7,9,8	2,7,4,8,5,9
1860	5	1,4,5,7,9	1,5,9,4,7
1861	5	1,4,5,7,9	1,5,9,4,7
1862	5	1,4,5,7,9	1,5,9,4,7
1863	5	0,3,6,8,9	0,6,9,3,8
1864	5	1,4,5,7,9	1,5,9,4,7
1865	5	0,3,6,8,9	0,6,9,3,8
1866	5	0,3,6,8,9	0,6,9,3,8
1867	5	1,4,5,7,9	1,5,9,4,7
1868	5	0,3,6,8,9	0,6,9,3,8
1869	5	1,4,5,7,9	1,5,9,4,7
1870	5	1,4,5,7,9	1,5,9,4,7
1871	5	1,4,5,7,9	1,5,9,4,7
1872	5	0,3,6,8,9	0,6,9,3,8
1873	5	1,4,5,7,9	1,5,9,4,7
1874	5	1,4,5,7,9	1,5,9,4,7
1875	5	1,4,5,8,9	1,5,9,4,8
1876	5	1,4,5,7,9	1,5,9,4,7
1877	6	1,5,4,7,9,8	1,7,5,8,4,9
1878	6	1,4,5,7,9,8	1,7,4,8,5,9
1879	6	1,4,7,5,9,8	1,5,8,4,9,7
1880	5	1,4,5,7,9	1,5,9,4,7
1881	7	0,5,7,1,8,4,9	0,7,4,1,9,5,8
1882	7	0,5,1,7,9,4,8	0,7,4,5,8,1,9
1883	7	0,5,4,7,9,1,8	0,7,1,4,8,5,9
1884	5	1,4,5,7,9	1,5,9,4,7
1885	7	0,5,1,7,9,4,8	0,7,4,1,8,5,9
1886	5	1,4,5,7,9	1,5,9,4,7
1887	7	0,5,1,7,4,8,9	0,7,5,4,9,1,8
1888	7	0,5,4,7,1,8,9	0,7,5,9,1,4,8
1889	5	1,4,5,8,9	1,5,9,4,8
1890	7	0,5,1,7,4,8,9	0,7,5,9,4,1,8
1891	5	1,4,5,8,9	1,5,9,4,8
1892	6	1,4,2,7,9,8	1,7,4,8,2,9
1893	6	0,5,1,7,9,8	0,7,5,8,1,9
1894	6	0,5,4,7,9,8	0,7,5,8,4,9
1895	6	1,4,2,7,9,8	1,7,4,8,2,9
1896	6	0,5,1,7,9,8	0,7,5,8,1,9
1897	6	2,4,5,7,9,8	2,7,4,8,5,9
1898	6	1,4,2,7,9,8	1,7,4,8,2,9
1899	5	1,4,5,7,9	1,5,9,4,7
1900	6	1,4,7,5,9,8	1,5,8,4,9,7
1901	8	0,5,1,7,2,8,4,9	0,7,5,4,2,9,1,8
1902	5	1,4,5,7,9	1,5,9,4,7
1903	7	0,6,2,7,9,4,8	0,7,4,2,8,6,9
1904	8	0,5,1,4,8,2,7,9	0,7,5,4,2,9,1,8
1905	5	1,4,5,7,9	1,5,9,4,7
1906	7	0,6,2,7,9,4,8	0,7,4,2,8,6,9
1907	5	1,4,5,7,9	1,5,9,4,7
1908	5	0,3,6,8,9	0,6,9,3,8
1909	5	0,3,6,8,9	0,6,9,3,8
1910	6	1,4,2,7,9,8	1,7,4,8,2,9
1911	8	0,5,1,7,4,9,2,8	0,7,2,4,1,8,5,9
1912	5	1,4,5,7,9	1,5,9,4,7
1913	8	0,5,1,4,7,9,2,8	0,7,2,4,5,8,1,9
1914	7	0,5,7,2,9,6,8	0,6,2,8,5,9,7
1915	5	1,4,5,7,9	1,5,9,4,7
1916	7	0,5,7,2,9,6,8	0,6,2,8,5,9,7
1917	5	1,4,5,7,9	1,5,9,4,7
1918	5	0,3,6,8,9	0,6,9,3,8
1919	5	0,3,6,8,9	0,6,9,3,8
1920	7	1,4,2,7,5,8,9	1,7,4,5,9,2,8
1921	5	0,3,6,8,9	0,6,9,3,8
1922	7	1,4,2,7,5,8,9	1,5,4,7,9,2,8
1923	7	1,4,2,7,5,8,9	1,5,4,7,9,2,8
1924	7	0,5,7,1,8,4,9	0,7,4,1,9,5,8
1925	5	1,4,5,7,9	1,5,9,4,7
1926	7	0,5,1,7,9,4,8	0,7,4,5,8,1,9
1927	7	0,5,4,7,9,1,8	0,7,1,4,8,5,9
1928	7	0,5,1,7,9,4,8	0,7,4,1,8,5,9
1929	5	1,4,5,7,9	1,5,9,4,7
1930	5	0,3,6,8,9	0,6,9,3,8
1931	5	0,3,6,8,9	0,6,9,3,8
1932	5	0,3,6,8,9	0,6,9,3,8
1933	5	1,4,5,8,9	1,5,9,4,8
1934	6	0,5,1,7,9,8	0,7,5,8,1,9
1935	5	1,4,5,7,9	1,5,9,4,7
1936	5	0,3,6,8,9	0,6,9,3,8
1937	5	0,3,6,8,9	0,6,9,3,8
1938	6	1,5,4,7,9,8	1,7,5,8,4,9
1939	5	0,3,6,8,9	0,6,9,3,8
1940	6	1,4,5,7,9,8	1,7,4,8,5,9
1941	6	1,4,7,5,9,8	1,5,8,4,9,7
1942	7	0,5,7,2,8,4,9	0,7,4,2,9,5,8
1943	5	1,4,5,7,9	1,5,9,4,7
1944	7	0,5,4,8,2,9,7	0,8,5,7,2,4,9
1945	7	0,5,4,7,9,2,8	0,7,2,4,8,5,9
1946	5	1,4,5,7,9	1,5,9,4,7
1947	5	1,4,5,7,9	1,5,9,4,7
1948	5	0,3,6,8,9	0,6,9,3,8
1949	5	0,3,6,8,9	0,6,9,3,8
1950	7	1,4,2,7,5,8,9	1,5,9,2,8,4,7
1951	5	0,3,6,8,9	0,6,9,3,8
1952	7	1,4,2,7,5,8,9	1,5,4,8,2,9,7
1953	6	2,4,5,7,9,8	2,7,4,8,5,9
1954	7	1,5,7,2,8,4,9	1,7,4,2,9,5,8
1955	5	1,4,5,7,9	1,5,9,4,7
1956	7	1,5,4,8,2,9,7	1,8,5,7,2,4,9
1957	7	1,4,2,7,9,5,8	1,5,7,4,8,2,9
1958	5	1,4,5,7,9	1,5,9,4,7
1959	7	1,4,2,8,5,9,7	1,5,7,2,9,4,8
1960	5	1,4,5,7,9	1,5,9,4,7
1961	7	1,5,4,7,2,9,8	1,7,5,8,2,4,9
1962	5	1,4,5,8,9	1,5,9,4,8
1963	6	1,4,2,7,9,8	1,7,4,8,2,9
1964	6	1,4,2,7,9,8	1,7,4,8,2,9
1965	6	1,4,2,7,9,8	1,7,4,8,2,9
1966	5	1,4,5,7,8	1,5,8,4,7
1967	5	1,4,5,7,8	1,5,8,4,7
1968	5	1,4,5,7,8	1,5,8,4,7
1969	5	1,4,5,7,8	1,5,8,4,7
1970	5	1,4,5,7,8	1,5,8,4,7
1971	5	1,4,5,7,8	1,5,8,4,7
1972	5	1,4,5,7,8	1,5,8,4,7
1973	5	1,4,5,7,8	1,5,8,4,7
1974	5	1,4,5,7,8	1,5,8,4,7
1975	7	0,5,4,7,8,1,9	0,7,1,4,9,5,8
1976	5	1,4,5,7,9	1,5,9,4,7
1977	7	0,5,1,4,9,7,8	0,7,4,5,8,1,9
1978	5	1,4,5,7,9	1,5,9,4,7
1979	5	0,3,6,8,9	0,6,9,3,8
1980	5	0,3,6,8,9	0,6,9,3,8
1981	5	0,3,6,8,9	0,6,9,3,8
1982	6	1,4,5,7,8,9	1,7,4,9,5,8
1983	7	0,5,4,7,8,2,9	0,7,2,4,9,5,8
1984	5	1,4,5,7,9	1,5,9,4,7
1985	6	0,6,2,8,7,9	0,7,2,9,6,8
1986	5	1,4,5,7,9	1,5,9,4,7
1987	5	1,4,5,7,9	1,5,9,4,7
1988	7	0,5,1,7,8,4,9	0,7,4,1,9,5,8
1989	6	0,5,4,7,8,9	0,7,5,9,4,8
1990	5	0,3,6,8,9	0,6,9,3,8
1991	5	0,3,6,8,9	0,6,9,3,8
1992	6	1,4,7,5,8,9	1,5,9,4,8,7
1993	5	1,4,5,7,9	1,5,9,4,7
1994	7	0,5,1,7,4,9,8	0,7,5,8,4,1,9
1995	6	0,5,4,7,9,8	0,7,5,8,4,9
1996	6	0,3,7,5,9,8	0,5,8,3,9,7
1997	5	1,4,5,7,9	1,5,9,4,7
1998	5	1,4,5,7,9	1,5,9,4,7
1999	5	1,4,5,7,9	1,5,9,4,7
2000	5	0,3,6,8,9	0,6,9,3,8
2001	5	1,4,5,7,9	1,5,9,4,7
2002	5	0,3,6,8,9	0,6,9,3,8
2003	5	0,3,6,8,9	0,6,9,3,8
2004	5	1,4,5,7,9	1,5,9,4,7
2005	5	0,3,6,8,9	0,6,9,3,8
2006	5	1,4,5,7,9	1,5,9,4,7
2007	5	1,4,5,7,9	1,5,9,4,7
2008	7	0,5,4,7,1,9,8	0,7,5,8,1,4,9
2009	5	1,4,5,7,9	1,5,9,4,7
2010	6	0,5,1,7,9,8	0,7,5,8,1,9
2011	6	0,5,1,7,9,8	0,7,5,8,1,9
2012	7	0,5,1,4,7,9,8	0,7,1,8,5,4,9
2013	5	1,4,5,7,9	1,5,9,4,7
2014	5	1,4,5,7,9	1,5,9,4,7
2015	5	0,3,6,8,9	0,6,9,3,8
2016	5	1,4,5,7,9	1,5,9,4,7
2017	5	0,3,6,8,9	0,6,9,3,8
2018	5	0,3,6,8,9	0,6,9,3,8
2019	5	1,4,5,7,9	1,5,9,4,7
2020	5	1,4,5,7,9	1,5,9,4,7
2021	7	0,3,7,1,8,4,9	0,7,4,1,9,3,8
2022	7	0,3,7,1,8,4,9	0,7,4,1,9,3,8
2023	7	0,3,7,1,8,5,9	0,7,5,1,9,3,8
2024	5	1,4,5,7,9	1,5,9,4,7
2025	7	0,5,1,7,9,4,8	0,7,4,1,8,5,9
2026	5	1,4,5,7,9	1,5,9,4,7
2027	7	0,3,7,1,8,4,9	0,7,4,1,9,3,8
2028	7	0,3,7,1,8,5,9	0,7,5,1,9,3,8
2029	7	0,5,1,7,4,8,9	0,7,5,9,4,1,8
2030	5	1,4,5,8,9	1,5,9,4,8
2031	6	0,5,1,7,9,8	0,7,5,8,1,9
2032	6	0,5,4,7,9,8	0,7,5,8,4,9
2033	6	1,5,4,7,9,8	1,7,5,8,4,9
2034	6	0,3,7,5,9,8	0,5,8,3,9,7
2035	6	0,3,7,5,9,8	0,5,8,3,9,7
2036	5	1,4,5,7,9	1,5,9,4,7
2037	6	0,3,7,5,9,8	0,5,8,3,9,7
2038	7	0,3,7,1,8,4,9	0,7,4,1,9,3,8
2039	5	1,4,5,7,9	1,5,9,4,7
2040	7	0,3,7,1,8,4,9	0,7,4,1,9,3,8
2041	8	0,3,7,1,8,4,5,9	0,5,1,4,7,9,3,8
2042	5	1,4,5,7,9	1,5,9,4,7
2043	8	0,3,7,1,5,9,4,8	0,5,4,1,8,3,9,7
2044	5	1,4,5,7,9	1,5,9,4,7
2045	5	0,3,6,8,9	0,6,9,3,8
2046	5	0,3,6,8,9	0,6,9,3,8
2047	7	0,3,7,1,8,9,5	0,7,5,1,9,3,8
2048	8	0,3,7,1,9,8,4,5	0,7,5,1,4,9,3,8
2049	7	0,3,7,1,8,9,5	0,7,5,1,9,3,8
2050	7	0,3,7,1,8,5,9	0,7,5,1,9,3,8
2051	5	1,4,5,7,9	1,5,9,4,7
2052	7	0,3,7,5,8,1,9	0,5,1,7,9,3,8
2053	7	0,3,7,1,8,5,9	0,7,5,1,9,3,8
2054	5	1,4,5,7,9	1,5,9,4,7
2055	7	0,5,7,3,9,6,8	0,6,3,8,5,9,7
2056	5	1,4,5,7,9	1,5,9,4,7
2057	5	0,3,6,8,9	0,6,9,3,8
2058	7	0,3,7,1,8,9,5	0,7,5,1,9,3,8
2059	8	0,3,7,1,4,9,8,5	0,7,4,5,1,9,3,8
2060	6	0,3,7,5,9,8	0,5,8,3,9,7
2061	7	0,5,7,1,8,4,9	0,7,4,1,9,5,8
2062	5	1,4,5,7,9	1,5,9,4,7
2063	7	0,5,1,7,9,4,8	0,7,4,5,8,1,9
2064	7	0,5,4,7,9,1,8	0,7,1,4,8,5,9
2065	7	0,5,1,7,9,4,8	0,7,4,1,8,5,9
2066	5	1,4,5,7,9	1,5,9,4,7
2067	5	1,4,5,8,9	1,5,9,4,8
2068	7	0,5,1,7,4,8,9	0,7,5,4,9,1,8
2069	7	0,5,4,7,1,8,9	0,7,5,9,1,4,8
2070	7	0,5,1,7,4,8,9	0,7,5,9,4,1,8
2071	5	1,4,5,8,9	1,5,9,4,8
2072	5	1,4,5,7,9	1,5,9,4,7
2073	6	0,5,1,7,9,8	0,7,5,8,1,9
2074	6	0,5,4,7,9,8	0,7,5,8,4,9
2075	6	1,5,4,7,9,8	1,7,5,8,4,9
2076	7	0,5,1,4,7,9,8	0,7,1,8,4,5,9
2077	6	1,4,5,7,9,8	1,7,4,8,5,9
2078	6	1,4,7,5,9,8	1,5,8,4,9,7
2079	7	0,3,7,4,8,5,9	0,7,5,4,9,3,8
2080	5	1,4,5,7,9	1,5,9,4,7
2081	7	0,3,7,5,8,4,9	0,5,4,7,9,3,8
2082	7	0,5,7,3,9,6,8	0,6,3,8,5,9,7
2083	5	1,4,5,7,9	1,5,9,4,7
2084	5	1,4,5,7,9	1,5,9,4,7
2085	5	0,3,6,8,9	0,6,9,3,8
2086	5	0,3,6,8,9	0,6,9,3,8
2087	7	0,3,7,4,8,9,5	0,7,5,4,9,3,8
2088	5	0,3,6,8,9	0,6,9,3,8
2089	8	0,3,7,1,4,9,8,5	0,7,4,5,1,9,3,8
2090	6	0,3,7,5,9,8	0,5,8,3,9,7
2091	8	0,3,7,1,4,8,5,9	0,5,1,8,3,9,4,7
2092	5	1,4,5,7,9	1,5,9,4,7
2093	8	0,3,7,1,5,8,4,9	0,5,4,1,8,3,9,7
2094	8	0,3,7,1,8,4,5,9	0,5,8,3,9,1,4,7
2095	5	1,4,5,7,9	1,5,9,4,7
2096	8	0,3,7,1,4,8,5,9	0,5,1,8,3,9,4,7
2097	5	1,4,5,7,9	1,5,9,4,7
2098	5	1,4,5,8,9	1,5,9,4,8
2099	7	0,5,1,7,8,4,9	0,7,4,1,9,5,8
2100	6	0,5,4,7,8,9	0,7,5,9,4,8
2101	7	0,5,1,4,7,8,9	0,7,1,9,4,5,8
2102	7	0,5,1,4,7,8,9	0,7,1,9,5,4,8
2103	6	1,4,7,5,8,9	1,5,9,4,8,7
2104	7	0,3,6,8,2,9,7	0,8,3,7,2,6,9
2105	5	0,3,6,8,9	0,6,9,3,8
2106	7	0,3,6,2,7,9,8	0,6,8,2,9,3,7
2107	5	0,3,6,8,9	0,6,9,3,8
2108	5	0,3,6,8,9	0,6,9,3,8
2109	7	0,3,6,2,7,9,8	0,6,9,2,8,3,7
2110	5	0,3,6,8,9	0,6,9,3,8
2111	7	0,3,6,2,7,9,8	0,6,8,2,9,3,7
2112	7	0,5,7,2,9,6,8	0,6,2,8,5,9,7
2113	7	0,5,4,7,2,9,8	0,7,5,8,2,4,9
2114	7	0,5,4,7,2,9,8	0,7,5,8,2,4,9
2115	8	0,5,4,2,7,9,6,8	0,6,2,8,5,7,4,9
2116	8	0,3,7,4,5,8,1,9	0,5,1,4,8,3,9,7
2117	5	1,4,5,8,9	1,5,9,4,8
2118	5	1,4,5,8,9	1,5,9,4,8
2119	7	0,3,7,4,9,8,5	0,7,5,4,8,3,9
2120	7	0,3,6,8,5,9,7	0,5,7,3,8,9,6
2121	5	1,4,5,8,9	1,5,9,4,8
2122	5	1,4,5,8,9	1,5,9,4,8
2123	7	0,3,7,2,8,4,9	0,7,4,2,9,3,8
2124	7	0,3,7,2,8,4,9	0,7,4,2,9,3,8
2125	7	0,5,4,7,9,2,8	0,7,2,4,8,5,9
2126	7	0,5,1,8,4,9,7	0,8,5,7,4,1,9
2127	7	0,5,1,8,4,9,7	0,8,5,7,4,1,9
2128	7	1,4,2,7,9,5,8	1,5,7,4,8,2,9
2129	7	0,3,7,2,8,4,9	0,7,4,2,9,3,8
2130	7	0,5,4,7,2,8,9	0,7,5,9,2,4,8
2131	5	1,4,5,8,9	1,5,9,4,8
2132	7	0,5,1,4,7,9,8	0,7,5,4,8,1,9
2133	7	1,4,2,7,5,8,9	1,5,4,7,9,2,8
2134	6	0,3,7,5,9,8	0,5,8,3,9,7
2135	7	0,3,7,2,8,4,9	0,7,4,2,9,3,8
2136	7	0,3,7,2,8,4,9	0,7,4,2,9,3,8
2137	7	0,3,7,2,8,4,9	0,7,4,2,9,3,8
2138	7	0,3,6,8,2,9,7	0,8,3,7,2,6,9
2139	7	0,3,6,8,2,9,7	0,8,3,7,2,6,9
2140	7	0,6,2,7,9,4,8	0,7,4,2,8,6,9
2141	7	0,3,7,2,9,6,8	0,6,2,8,3,9,7
2142	5	0,3,6,8,9	0,6,9,3,8
2143	5	0,3,6,8,9	0,6,9,3,8
2144	7	0,3,6,2,7,9,8	0,6,8,2,9,3,7
2145	8	0,5,1,8,2,9,4,7	0,8,5,7,2,4,1,9
2146	7	0,6,2,7,9,3,8	0,7,3,6,8,2,9
2147	7	0,3,6,8,2,9,7	0,8,3,7,2,6,9
2148	7	0,3,6,8,2,9,7	0,8,3,7,2,6,9
2149	7	0,3,6,8,2,9,7	0,8,3,7,2,6,9
2150	7	0,5,7,3,9,6,8	0,6,3,8,5,9,7
2151	7	0,3,7,2,9,6,8	0,6,2,8,3,9,7
2152	5	0,3,6,8,9	0,6,9,3,8
2153	5	0,3,6,8,9	0,6,9,3,8
2154	5	0,3,6,8,9	0,6,9,3,8
2155	7	1,4,2,7,5,8,9	1,5,4,7,9,2,8
2156	6	0,3,7,5,9,8	0,5,8,3,9,7
2157	7	0,5,7,2,8,4,9	0,7,4,2,9,5,8
2158	7	0,5,1,8,4,9,7	0,8,5,7,4,1,9
2159	7	0,5,1,8,4,9,7	0,8,5,7,4,1,9
2160	7	0,5,4,7,9,2,8	0,7,2,4,8,5,9
2161	7	0,5,1,8,4,9,7	0,8,5,7,4,1,9
2162	7	1,4,2,7,9,5,8	1,5,7,4,8,2,9
2163	5	1,4,5,8,9	1,5,9,4,8
2164	7	0,5,4,7,2,9,8	0,7,5,8,2,4,9
2165	7	0,5,4,7,2,8,9	0,7,5,9,2,4,8
2166	5	1,4,5,8,9	1,5,9,4,8
2167	6	0,5,4,7,9,8	0,7,5,8,4,9
2168	6	2,4,5,7,9,8	2,7,4,8,5,9
2169	5	1,4,5,8,9	1,5,9,4,8
2170	7	0,5,1,4,7,9,8	0,7,5,4,8,1,9
2171	6	0,5,4,7,9,8	0,7,5,8,4,9
2172	7	1,4,2,7,5,8,9	1,5,4,7,9,2,8
2173	7	0,5,1,4,7,9,8	0,7,5,4,8,1,9
2174	6	2,4,5,7,9,8	2,7,4,8,5,9
2175	7	0,3,7,4,8,5,9	0,7,5,4,9,3,8
2176	7	0,5,1,8,4,9,7	0,8,5,7,4,1,9
2177	7	0,5,1,8,4,9,7	0,8,5,7,4,1,9
2178	7	0,5,7,3,9,6,8	0,6,3,8,5,9,7
2179	7	0,5,1,8,4,9,7	0,8,5,7,4,1,9
2180	7	0,3,7,4,9,5,8	0,5,4,8,3,9,7
2181	5	1,4,5,8,9	1,5,9,4,8
2182	5	0,3,6,8,9	0,6,9,3,8
2183	5	0,3,6,8,9	0,6,9,3,8
2184	5	1,4,5,8,9	1,5,9,4,8
2185	5	1,4,5,8,9	1,5,9,4,8
2186	6	0,5,4,7,9,8	0,7,5,8,4,9
2187	6	0,3,7,5,9,8	0,5,8,3,9,7
2188	5	1,4,5,8,9	1,5,9,4,8
2189	5	0,3,6,8,9	0,6,9,3,8
2190	6	0,5,4,7,9,8	0,7,5,8,4,9
2191	8	0,3,7,4,9,1,5,8	0,5,4,1,8,3,9,7
2192	7	0,5,1,4,7,9,8	0,7,5,4,8,1,9
2193	6	0,3,7,5,9,8	0,5,8,3,9,7
2194	5	1,4,5,8,9	1,5,9,4,8
2195	8	0,3,7,4,9,1,8,5	0,7,5,1,4,8,3,9
2196	7	1,4,2,7,9,5,8	1,5,7,4,8,2,9
2197	7	2,4,7,3,9,6,8	2,6,3,8,4,9,7
2198	7	1,4,2,7,9,5,8	1,5,7,4,8,2,9
2199	7	1,4,2,7,9,5,8	1,5,7,4,8,2,9
2200	7	2,4,7,3,9,6,8	2,6,3,8,4,9,7
2201	7	1,4,2,7,9,5,8	1,5,7,4,8,2,9
2202	7	0,3,7,4,9,8,5	0,7,5,4,8,3,9
2203	8	0,3,7,4,8,9,1,5	0,7,5,4,1,8,3,9
2204	5	1,4,5,8,9	1,5,9,4,8
2205	7	1,4,2,7,5,8,9	1,5,4,7,9,2,8
2206	7	1,4,2,7,5,8,9	1,5,4,7,9,2,8
2207	6	2,4,5,7,9,8	2,7,4,8,5,9
2208	7	0,5,1,8,7,4,9	0,7,5,9,1,4,8
2209	7	0,5,1,4,8,7,9	0,7,5,4,9,1,8
2210	7	0,5,1,4,8,7,9	0,7,4,5,9,1,8
2211	6	0,5,4,8,7,9	0,7,4,9,5,8
2212	6	1,4,7,8,5,9	1,5,7,9,4,8
2213	7	0,5,1,4,7,8,9	0,7,5,4,9,1,8
2214	7	0,5,4,7,2,8,9	0,7,5,9,2,4,8
2215	5	1,4,5,8,9	1,5,9,4,8
2216	5	1,4,5,8,9	1,5,9,4,8
2217	5	0,5,7,8,9	0,7,9,5,8
2218	7	0,5,1,8,7,4,9	0,7,5,9,1,4,8
2219	7	0,5,1,4,8,7,9	0,7,5,4,9,1,8
2220	6	0,3,7,8,5,9	0,5,7,9,3,8
2221	6	0,5,4,8,7,9	0,7,4,9,5,8
2222	6	1,4,7,8,5,9	1,5,7,9,4,8
2223	7	0,5,1,4,7,8,9	0,7,5,4,9,1,8
2224	6	0,3,7,5,8,9	0,5,9,3,8,7
2225	5	1,4,5,8,9	1,5,9,4,8
2226	5	1,4,5,8,9	1,5,9,4,8
2227	7	0,5,4,7,8,2,9	0,7,2,4,9,5,8
2228	7	0,5,1,4,9,7,8	0,7,4,5,8,1,9
2229	6	0,6,2,8,7,9	0,7,2,9,6,8
2230	6	0,6,2,8,7,9	0,7,2,9,6,8
2231	7	1,4,2,7,8,5,9	1,5,4,7,9,2,8
2232	5	0,5,7,8,9	0,7,9,5,8
2233	7	0,5,7,3,8,6,9	0,6,3,9,5,8,7
2234	6	0,3,7,8,5,9	0,5,7,9,3,8
2235	6	0,6,3,8,7,9	0,7,3,9,6,8
2236	6	0,3,7,8,5,9	0,5,7,9,3,8
2237	7	0,5,1,4,9,7,8	0,7,4,5,8,1,9
2238	7	0,3,6,8,5,9,7	0,5,7,8,3,9,6
2239	6	0,3,7,5,8,9	0,5,9,3,8,7
2240	5	0,3,6,8,9	0,6,9,3,8
2241	5	0,3,6,8,9	0,6,9,3,8
2242	7	0,3,6,8,9,5,7	0,5,8,7,3,9,6
2243	7	0,5,1,8,7,4,9	0,7,5,9,1,4,8
2244	5	1,4,5,8,9	1,5,9,4,8
2245	7	0,5,1,4,7,8,9	0,7,5,4,9,1,8
2246	7	0,3,6,8,9,5,7	0,5,8,7,3,9,6
2247	5	1,4,5,8,9	1,5,9,4,8
2248	5	1,4,5,7,9	1,5,9,4,7
2249	7	1,4,2,7,5,8,9	1,7,4,5,9,2,8
2250	7	0,3,7,5,8,1,9	0,5,1,7,9,3,8
2251	7	0,3,7,5,8,1,9	0,5,1,7,9,3,8
2252	5	1,4,5,7,9	1,5,9,4,7
2253	5	1,4,5,7,9	1,5,9,4,7
2254	7	1,4,2,7,5,9,8	1,5,8,2,9,4,7
2255	5	1,4,5,7,9	1,5,9,4,7
2256	5	1,4,5,7,9	1,5,9,4,7
2257	5	1,4,5,8,9	1,5,9,4,8
2258	6	1,4,2,7,9,8	1,7,4,8,2,9
2259	6	1,4,2,7,9,8	1,7,4,8,2,9
2260	5	1,4,5,7,9	1,5,9,4,7
2261	6	1,4,7,5,9,8	1,5,8,4,9,7
2262	5	1,4,5,7,9	1,5,9,4,7
2263	5	1,4,5,7,9	1,5,9,4,7
2264	5	1,4,5,8,9	1,5,9,4,8
2265	6	1,5,4,7,9,8	1,7,5,8,4,9
2266	6	1,4,5,7,9,8	1,7,4,8,5,9
2267	5	1,4,5,7,9	1,5,9,4,7
2268	6	1,4,7,5,9,8	1,5,8,4,9,7
2269	5	1,4,5,7,9	1,5,9,4,7
2270	5	1,4,5,7,9	1,5,9,4,7
2271	7	1,4,2,7,5,8,9	1,5,9,2,8,4,7
2272	7	1,4,2,7,5,8,9	1,5,4,8,2,9,7
2273	6	2,4,5,7,9,8	2,7,4,8,5,9
2274	5	1,4,5,7,9	1,5,9,4,7
2275	5	1,4,5,7,9	1,5,9,4,7
2276	5	1,4,5,7,9	1,5,9,4,7
2277	5	1,4,5,7,9	1,5,9,4,7
2278	6	1,4,2,7,9,8	1,7,4,8,2,9
2279	6	1,4,2,7,9,8	1,7,4,8,2,9
2280	5	1,4,5,7,9	1,5,9,4,7
2281	5	1,4,5,7,9	1,5,9,4,7
2282	6	1,4,7,5,9,8	1,5,8,4,9,7
2283	5	1,4,5,7,9	1,5,9,4,7
2284	5	1,4,5,7,9	1,5,9,4,7
2285	5	0,3,6,8,9	0,6,9,3,8
2286	5	1,4,5,7,9	1,5,9,4,7
2287	5	1,4,5,7,9	1,5,9,4,7
2288	5	1,4,5,7,9	1,5,9,4,7
2289	5	1,4,5,8,9	1,5,9,4,8
2290	5	1,4,5,7,9	1,5,9,4,7
2291	6	1,5,4,7,9,8	1,7,5,8,4,9
2292	6	1,4,5,7,9,8	1,7,4,8,5,9
2293	6	1,4,7,5,9,8	1,5,8,4,9,7
2294	5	1,4,5,7,9	1,5,9,4,7
2295	5	1,4,5,7,9	1,5,9,4,7
2296	5	0,3,6,8,9	0,6,9,3,8
2297	5	1,4,5,7,9	1,5,9,4,7
2298	5	0,3,6,8,9	0,6,9,3,8
2299	5	0,3,6,8,9	0,6,9,3,8
2300	5	1,4,5,7,9	1,5,9,4,7
2301	5	1,4,5,7,9	1,5,9,4,7
2302	5	1,4,5,7,9	1,5,9,4,7
2303	5	1,4,5,8,9	1,5,9,4,8
2304	5	1,4,5,7,9	1,5,9,4,7
2305	6	1,5,4,7,9,8	1,7,5,8,4,9
2306	6	1,4,5,7,9,8	1,7,4,8,5,9
2307	5	1,4,5,7,9	1,5,9,4,7
2308	6	1,4,7,5,9,8	1,5,8,4,9,7
2309	7	1,5,7,2,8,4,9	1,7,4,2,9,5,8
2310	7	0,3,7,5,8,1,9	0,5,1,7,9,3,8
2311	7	0,3,7,5,8,1,9	0,5,1,7,9,3,8
2312	5	1,4,5,7,9	1,5,9,4,7
2313	5	1,4,5,7,9	1,5,9,4,7
2314	7	1,4,2,8,5,9,7	1,5,7,2,9,4,8
2315	5	1,4,5,7,9	1,5,9,4,7
2316	8	0,3,7,1,5,9,4,8	0,5,7,4,1,8,3,9
2317	5	1,4,5,7,9	1,5,9,4,7
2318	7	2,4,7,3,9,6,8	2,6,3,8,4,9,7
2319	8	0,3,7,1,8,4,5,9	0,5,1,4,7,9,3,8
2320	5	1,4,5,7,9	1,5,9,4,7
2321	5	1,4,5,7,9	1,5,9,4,7
2322	7	2,4,7,3,9,6,8	2,6,3,8,4,9,7
2323	5	1,4,5,7,9	1,5,9,4,7
2324	7	1,5,4,7,2,8,9	1,7,5,9,2,4,8
2325	5	0,3,6,8,9	0,6,9,3,8
2326	5	0,3,6,8,9	0,6,9,3,8
2327	7	1,5,4,7,2,8,9	1,7,5,9,2,4,8
2328	5	0,3,6,8,9	0,6,9,3,8
2329	5	0,3,6,8,9	0,6,9,3,8
2330	7	1,5,4,7,2,8,9	1,7,5,9,2,4,8
2331	6	1,4,2,7,9,8	1,7,4,8,2,9
2332	6	1,4,2,7,9,8	1,7,4,8,2,9
2333	5	1,4,5,7,9	1,5,9,4,7
2334	5	1,4,5,7,9	1,5,9,4,7
2335	7	1,4,2,7,5,9,8	1,5,4,8,2,9,7
2336	5	1,4,5,7,9	1,5,9,4,7
2337	5	0,3,6,8,9	0,6,9,3,8
2338	5	0,3,6,8,9	0,6,9,3,8
2339	5	1,4,5,7,9	1,5,9,4,7
2340	7	1,4,2,7,5,9,8	1,5,4,8,2,9,7
2341	5	1,4,5,7,9	1,5,9,4,7
2342	5	0,3,6,8,9	0,6,9,3,8
2343	5	1,4,5,7,9	1,5,9,4,7
2344	7	1,4,2,7,5,9,8	1,5,4,8,2,9,7
2345	8	0,3,7,1,8,5,4,9	0,5,7,4,1,9,3,8
2346	5	1,4,5,7,9	1,5,9,4,7
2347	7	0,3,7,5,8,1,9	0,5,1,7,9,3,8
2348	7	0,3,7,5,8,1,9	0,5,1,7,9,3,8
2349	5	1,4,5,7,9	1,5,9,4,7
2350	5	1,4,5,7,9	1,5,9,4,7
2351	8	0,3,7,1,8,5,4,9	0,5,1,4,7,9,3,8
2352	5	1,4,5,7,9	1,5,9,4,7
2353	7	1,4,2,7,5,8,9	1,7,4,5,9,2,8
2354	5	0,3,6,8,9	0,6,9,3,8
2355	7	1,4,2,7,5,8,9	1,7,4,5,9,2,8
2356	5	0,3,6,8,9	0,6,9,3,8
2357	5	0,3,6,8,9	0,6,9,3,8
2358	7	1,4,2,7,5,8,9	1,7,4,5,9,2,8
2359	7	0,3,7,5,8,1,9	0,5,1,7,9,3,8
2360	7	0,3,7,5,8,1,9	0,5,1,7,9,3,8
2361	5	1,4,5,7,9	1,5,9,4,7
2362	5	1,4,5,7,9	1,5,9,4,7
2363	7	1,4,2,7,5,9,8	1,5,8,2,9,4,7
2364	5	1,4,5,7,9	1,5,9,4,7
2365	5	0,3,6,8,9	0,6,9,3,8
2366	5	0,3,6,8,9	0,6,9,3,8
2367	5	1,4,5,7,9	1,5,9,4,7
2368	7	1,4,2,7,5,9,8	1,5,8,2,9,4,7
2369	5	1,4,5,7,9	1,5,9,4,7
2370	5	0,3,6,8,9	0,6,9,3,8
2371	5	1,4,5,7,9	1,5,9,4,7
2372	7	1,4,2,7,5,9,8	1,5,8,2,9,4,7
2373	7	1,5,7,2,8,4,9	1,7,4,2,9,5,8
2374	5	1,4,5,7,9	1,5,9,4,7
2375	7	1,5,4,8,2,9,7	1,8,5,7,2,4,9
2376	7	1,4,2,7,9,5,8	1,5,7,4,8,2,9
2377	5	1,4,5,7,9	1,5,9,4,7
2378	7	1,4,2,8,5,9,7	1,5,7,2,9,4,8
2379	5	1,4,5,7,9	1,5,9,4,7
2380	5	1,4,5,8,9	1,5,9,4,8
2381	7	1,4,2,7,5,9,8	1,5,8,2,9,4,7
2382	6	1,4,7,5,9,8	1,5,8,4,9,7
2383	8	0,3,7,1,5,8,4,9	0,5,7,4,1,9,3,8
2384	5	1,4,5,7,9	1,5,9,4,7
2385	7	0,3,7,5,8,1,9	0,5,1,7,9,3,8
2386	7	0,3,7,5,8,1,9	0,5,1,7,9,3,8
2387	5	1,4,5,7,9	1,5,9,4,7
2388	7	0,3,7,5,8,4,9	0,5,4,7,9,3,8
2389	5	1,4,5,7,9	1,5,9,4,7
2390	5	1,4,5,8,9	1,5,9,4,8
2391	5	1,4,5,8,9	1,5,9,4,8
2392	5	0,3,6,8,9	0,6,9,3,8
2393	5	1,4,5,8,9	1,5,9,4,8
2394	5	1,4,5,7,9	1,5,9,4,7
2395	6	1,4,7,5,9,8	1,5,8,4,9,7
2396	5	1,4,5,7,9	1,5,9,4,7
2397	6	1,4,7,5,9,8	1,5,8,4,9,7
2398	6	1,4,7,5,9,8	1,5,8,4,9,7
2399	8	0,3,7,1,5,8,4,9	0,5,7,4,1,9,3,8
2400	5	1,4,5,7,9	1,5,9,4,7
2401	7	0,3,7,5,8,4,9	0,5,4,7,9,3,8
2402	8	0,3,7,4,8,5,1,9	0,5,4,1,7,9,3,8
2403	5	1,4,5,7,9	1,5,9,4,7
2404	5	1,4,5,7,9	1,5,9,4,7
2405	5	1,4,5,7,9	1,5,9,4,7
2406	7	1,4,2,7,5,8,9	1,5,9,2,8,4,7
2407	5	1,4,5,7,9	1,5,9,4,7
2408	7	1,5,7,2,8,4,9	1,7,4,2,9,5,8
2409	5	1,4,5,7,9	1,5,9,4,7
2410	7	1,5,4,8,2,9,7	1,8,5,7,2,4,9
2411	7	1,4,2,7,9,5,8	1,5,7,4,8,2,9
2412	5	1,4,5,7,9	1,5,9,4,7
2413	5	1,4,5,7,9	1,5,9,4,7
2414	7	1,4,2,8,5,9,7	1,5,7,2,9,4,8
2415	5	1,4,5,8,9	1,5,9,4,8
2416	5	1,4,5,8,9	1,5,9,4,8
2417	7	1,4,2,7,5,9,8	1,5,8,2,9,4,7
2418	5	1,4,5,7,9	1,5,9,4,7
2419	5	1,4,5,7,9	1,5,9,4,7
2420	6	1,4,7,5,9,8	1,5,8,4,9,7
2421	6	1,4,7,5,9,8	1,5,8,4,9,7
2422	6	1,4,7,5,9,8	1,5,8,4,9,7
2423	7	0,3,7,5,9,1,8	0,5,1,7,8,3,9
2424	7	0,3,7,5,8,1,9	0,5,1,7,9,3,8
2425	6	0,3,7,8,5,9	0,5,7,9,3,8
2426	5	1,4,5,7,9	1,5,9,4,7
2427	5	1,4,5,7,9	1,5,9,4,7
2428	6	0,3,7,8,5,9	0,5,7,9,3,8
2429	5	1,4,5,7,9	1,5,9,4,7
2430	6	1,4,2,7,8,9	1,7,4,9,2,8
2431	6	1,4,5,7,8,9	1,7,4,9,5,8
2432	6	2,4,5,7,8,9	2,7,4,9,5,8
2433	6	1,4,2,7,8,9	1,7,4,9,2,8
2434	6	1,4,2,7,8,9	1,7,4,9,2,8
2435	6	1,4,5,7,9,8	1,5,8,7,4,9
2436	7	1,4,2,7,9,8,5	1,7,5,4,9,2,8
2437	5	1,5,7,8,9	1,7,9,5,8
2438	5	1,5,7,8,9	1,7,9,5,8
2439	6	0,3,7,8,5,9	0,5,7,9,3,8
2440	5	1,4,5,7,9	1,5,9,4,7
2441	6	1,4,5,8,9,7	1,5,9,4,7,8
2442	5	1,4,5,7,9	1,5,9,4,7
2443	6	0,3,7,8,5,9	0,5,7,9,3,8
2444	5	1,4,5,7,9	1,5,9,4,7
2445	6	1,4,5,8,9,7	1,5,9,4,7,8
2446	5	1,4,5,7,8	1,5,8,4,7
2447	5	1,4,5,7,8	1,5,8,4,7
2448	5	1,4,5,7,8	1,5,8,4,7
2449	5	1,4,5,7,8	1,5,8,4,7
2450	5	1,4,5,7,8	1,5,8,4,7
2451	5	1,4,5,7,8	1,5,8,4,7
2452	5	1,4,5,7,8	1,5,8,4,7
2453	5	1,4,5,7,8	1,5,8,4,7
2454	5	1,4,5,7,8	1,5,8,4,7
2455	5	1,4,5,7,8	1,5,8,4,7
2456	5	1,4,5,7,8	1,5,8,4,7
2457	5	1,4,5,7,8	1,5,8,4,7
2458	5	1,4,5,7,8	1,5,8,4,7
2459	5	1,4,5,7,8	1,5,8,4,7
2460	5	1,4,5,7,8	1,5,8,4,7
2461	7	1,4,2,8,7,5,9	1,5,8,4,9,2,7
2462	7	0,3,7,5,8,4,9	0,5,4,7,9,3,8
2463	6	0,3,7,8,5,9	0,5,7,9,3,8
2464	5	1,4,5,7,9	1,5,9,4,7
2465	6	0,3,7,8,5,9	0,5,7,9,3,8
2466	5	1,4,5,7,9	1,5,9,4,7
2467	5	1,4,5,7,8	1,5,8,4,7
2468	5	1,4,5,7,8	1,5,8,4,7
2469	5	1,4,5,7,8	1,5,8,4,7
2470	5	1,4,5,7,8	1,5,8,4,7
2471	5	1,4,5,7,8	1,5,8,4,7
2472	5	1,4,5,7,8	1,5,8,4,7
2473	5	1,4,5,7,8	1,5,8,4,7
2474	5	1,4,5,7,8	1,5,8,4,7
2475	5	1,4,5,7,8	1,5,8,4,7
2476	5	1,4,5,7,8	1,5,8,4,7
2477	5	1,4,5,7,8	1,5,8,4,7
2478	5	1,4,5,7,8	1,5,8,4,7
2479	5	1,4,5,7,8	1,5,8,4,7
2480	7	0,3,7,5,9,1,8	0,5,1,7,8,3,9
2481	5	1,4,5,7,9	1,5,9,4,7
2482	6	2,6,3,8,7,9	2,7,3,9,6,8
2483	6	2,6,3,8,7,9	2,7,3,9,6,8
2484	5	1,4,5,7,9	1,5,9,4,7
2485	5	1,4,5,7,9	1,5,9,4,7
2486	6	2,6,3,8,7,9	2,7,3,9,6,8
2487	5	1,4,5,7,9	1,5,9,4,7
2488	7	0,3,7,5,9,1,8	0,5,1,7,8,3,9
2489	5	1,4,5,7,9	1,5,9,4,7
2490	5	1,4,5,7,9	1,5,9,4,7
2491	7	1,4,2,7,5,9,8	1,5,4,9,2,8,7
2492	6	1,4,2,7,8,9	1,7,4,9,2,8
2493	5	0,3,6,8,9	0,6,9,3,8
2494	5	0,3,6,8,9	0,6,9,3,8
2495	5	1,4,5,7,9	1,5,9,4,7
2496	7	1,4,2,7,5,9,8	1,5,4,9,2,8,7
2497	7	1,5,4,8,7,2,9	1,7,5,9,4,2,8
2498	6	1,4,2,7,8,9	1,7,4,9,2,8
2499	6	1,4,2,7,8,9	1,7,4,9,2,8
2500	7	1,4,2,7,5,9,8	1,5,4,7,8,2,9
2501	6	1,5,4,7,8,9	1,7,5,9,4,8
2502	7	1,4,2,7,5,9,8	1,5,4,9,2,8,7
2503	6	1,4,2,7,8,9	1,7,4,9,2,8
2504	5	1,4,5,7,9	1,5,9,4,7
2505	5	2,4,7,8,9	2,7,9,4,8
2506	5	1,4,7,8,9	1,7,9,4,8
2507	5	2,4,7,8,9	2,7,9,4,8
2508	6	1,4,5,7,8,9	1,5,9,7,4,8
2509	7	1,4,2,7,5,9,8	1,5,4,8,2,9,7
2510	6	1,4,5,7,9,8	1,5,9,4,8,7
2511	5	1,4,5,7,9	1,5,9,4,7
2512	5	2,4,7,8,9	2,7,9,4,8
2513	7	0,3,7,5,9,1,8	0,5,1,7,8,3,9
2514	6	1,5,4,7,8,9	1,7,5,9,4,8
2515	5	0,3,6,8,9	0,6,9,3,8
2516	5	0,3,6,8,9	0,6,9,3,8
2517	6	1,5,4,7,8,9	1,7,5,9,4,8
2518	5	0,3,6,8,9	0,6,9,3,8
2519	6	1,5,4,7,8,9	1,7,5,9,4,8
2520	5	1,4,5,7,9	1,5,9,4,7
2521	6	1,4,5,7,9,8	1,5,9,4,8,7
2522	6	1,4,5,7,8,9	1,5,9,7,4,8
2523	5	0,3,6,8,9	0,6,9,3,8
2524	6	1,4,5,7,9,8	1,5,9,4,8,7
2525	7	0,3,7,5,9,4,8	0,5,4,7,8,3,9
2526	5	1,4,5,7,9	1,5,9,4,7
2527	6	2,6,3,8,7,9	2,7,3,9,6,8
2528	5	1,4,5,7,9	1,5,9,4,7
2529	7	1,4,2,7,8,9,5	1,7,5,4,8,2,9
2530	7	1,4,2,7,8,9,5	1,7,5,4,8,2,9
2531	5	0,3,6,8,9	0,6,9,3,8
2532	7	1,4,2,7,8,9,5	1,7,5,4,8,2,9
2533	5	1,4,5,7,9	1,5,9,4,7
2534	5	1,4,5,7,9	1,5,9,4,7
2535	5	0,3,6,8,9	0,6,9,3,8
2536	7	1,4,2,7,8,9,5	1,7,5,4,8,2,9
2537	5	0,3,6,8,9	0,6,9,3,8
2538	5	1,4,5,7,9	1,5,9,4,7
2539	5	1,4,5,7,9	1,5,9,4,7
2540	7	1,4,2,7,8,5,9	1,5,7,4,9,2,8
2541	6	1,4,2,7,8,9	1,7,4,9,2,8
2542	6	1,4,2,7,8,9	1,7,4,9,2,8
2543	7	1,4,2,7,5,8,9	1,7,4,5,9,2,8
2544	6	1,4,5,7,8,9	1,7,4,9,5,8
2545	6	2,4,5,7,8,9	2,7,4,9,5,8
2546	6	1,4,2,7,8,9	1,7,4,9,2,8
2547	5	1,4,5,7,9	1,5,9,4,7
2548	6	1,4,5,8,9,7	1,5,9,4,7,8
2549	5	1,5,7,8,9	1,7,9,5,8
2550	7	1,4,2,7,9,8,5	1,7,4,5,9,2,8
2551	6	1,4,5,8,9,7	1,5,9,4,7,8
2552	7	0,3,7,5,9,1,8	0,5,1,7,8,3,9
2553	5	1,4,5,7,9	1,5,9,4,7
2554	7	0,3,7,5,8,1,9	0,5,1,7,9,3,8
2555	5	1,4,5,7,9	1,5,9,4,7
2556	6	1,4,5,7,8,9	1,7,4,9,5,8
2557	5	0,3,6,8,9	0,6,9,3,8
2558	5	0,3,6,8,9	0,6,9,3,8
2559	6	1,4,5,7,8,9	1,7,4,9,5,8
2560	5	0,3,6,8,9	0,6,9,3,8
2561	6	1,4,5,7,8,9	1,7,4,9,5,8
2562	6	1,4,5,8,9,7	1,5,9,4,7,8
2563	8	0,3,7,1,9,4,5,8	0,5,1,4,7,8,3,9
2564	6	2,4,5,7,8,9	2,7,4,9,5,8
2565	6	2,4,5,7,8,9	2,7,4,9,5,8
2566	5	0,3,6,8,9	0,6,9,3,8
2567	6	2,4,5,7,8,9	2,7,4,9,5,8
2568	5	1,4,5,7,9	1,5,9,4,7
2569	5	1,4,5,7,9	1,5,9,4,7
2570	5	0,3,6,8,9	0,6,9,3,8
2571	5	1,4,5,7,9	1,5,9,4,7
2572	5	1,4,5,7,8	1,5,8,4,7
2573	5	1,4,5,7,8	1,5,8,4,7
2574	5	1,4,5,7,8	1,5,8,4,7
2575	5	1,4,5,7,8	1,5,8,4,7
2576	5	1,4,5,7,8	1,5,8,4,7
2577	7	1,4,2,8,7,5,9	1,5,8,4,9,2,7
2578	5	1,4,5,7,9	1,5,9,4,7
2579	7	0,3,6,2,9,7,8	0,6,8,2,7,3,9
2580	7	1,4,2,7,8,5,9	1,5,4,8,2,9,7
2581	5	1,4,5,7,9	1,5,9,4,7
2582	5	1,4,5,7,9	1,5,9,4,7
2583	6	1,4,7,5,8,9	1,5,9,4,8,7
2584	5	1,4,5,7,8	1,5,8,4,7
2585	5	1,4,5,7,8	1,5,8,4,7
2586	5	1,4,5,7,8	1,5,8,4,7
2587	5	1,4,5,7,8	1,5,8,4,7
2588	5	1,4,5,7,8	1,5,8,4,7
2589	5	1,4,5,7,8	1,5,8,4,7
2590	5	1,4,5,7,8	1,5,8,4,7
2591	5	1,4,5,7,8	1,5,8,4,7
2592	5	1,4,5,7,8	1,5,8,4,7
2593	5	1,4,5,7,8	1,5,8,4,7
2594	5	1,4,5,7,8	1,5,8,4,7
2595	5	1,4,5,7,8	1,5,8,4,7
2596	5	1,4,5,7,8	1,5,8,4,7
2597	5	1,4,5,7,8	1,5,8,4,7
2598	5	1,4,5,7,8	1,5,8,4,7
2599	5	1,4,5,7,8	1,5,8,4,7
2600	7	0,3,7,5,9,4,8	0,5,4,7,8,3,9
2601	5	1,4,5,7,9	1,5,9,4,7
2602	7	0,3,7,5,8,4,9	0,5,4,7,9,3,8
2603	6	0,3,7,8,5,9	0,5,7,9,3,8
2604	5	1,4,5,7,9	1,5,9,4,7
2605	5	1,4,5,7,9	1,5,9,4,7
2606	6	1,4,7,5,8,9	1,5,9,4,8,7
2607	6	1,4,7,5,8,9	1,5,9,4,8,7
2608	5	1,4,5,7,8	1,5,8,4,7
2609	5	1,4,5,7,8	1,5,8,4,7
2610	5	1,4,5,7,8	1,5,8,4,7
2611	5	1,4,5,7,8	1,5,8,4,7
2612	5	1,4,5,7,8	1,5,8,4,7
2613	5	1,4,5,7,8	1,5,8,4,7
2614	5	1,4,5,7,8	1,5,8,4,7
2615	5	1,4,5,7,8	1,5,8,4,7
2616	5	1,4,5,7,8	1,5,8,4,7
2617	5	1,4,5,7,8	1,5,8,4,7
2618	5	1,4,5,7,8	1,5,8,4,7
2619	5	1,4,5,7,8	1,5,8,4,7
2620	5	1,4,5,7,8	1,5,8,4,7
2621	5	1,4,5,7,8	1,5,8,4,7
2622	7	1,4,2,8,7,5,9	1,5,8,4,9,2,7
2623	5	1,4,5,7,9	1,5,9,4,7
2624	6	2,6,3,8,7,9	2,7,3,9,6,8
2625	6	2,6,3,8,7,9	2,7,3,9,6,8
2626	5	1,4,5,7,9	1,5,9,4,7
2627	5	1,4,5,7,9	1,5,9,4,7
2628	6	1,4,7,5,8,9	1,5,9,4,8,7
2629	6	1,4,7,5,8,9	1,5,9,4,8,7
2630	5	1,4,5,7,9	1,5,9,4,7
2631	5	1,4,5,7,9	1,5,9,4,7
2632	6	1,4,5,7,8,9	1,5,8,4,9,7
2633	6	1,4,5,8,7,9	1,5,9,8,4,7
2634	6	1,4,5,8,7,9	1,5,9,8,4,7
2635	5	1,4,5,7,9	1,5,9,4,7
2636	8	0,5,1,4,7,9,2,8	0,7,2,4,5,8,1,9
2637	8	0,5,1,4,7,2,8,9	0,7,1,9,2,4,5,8
2638	7	0,5,1,4,7,9,8	0,7,1,8,5,4,9
2639	7	0,5,1,4,7,9,8	0,7,1,8,5,4,9
2640	7	1,4,2,7,9,8,5	1,7,4,5,9,2,8
2641	7	0,5,1,4,7,9,8	0,7,1,8,5,4,9
2642	7	0,5,1,4,7,9,8	0,7,1,8,5,4,9
2643	7	1,4,2,7,9,8,5	1,7,4,5,9,2,8
2644	7	0,5,1,7,9,4,8	0,7,4,1,8,5,9
2645	5	1,4,5,8,9	1,5,9,4,8
2646	5	1,4,5,8,9	1,5,9,4,8
2647	7	0,5,1,4,7,9,8	0,7,1,8,5,4,9
2648	7	1,5,4,7,9,2,8	1,7,2,4,8,5,9
2649	5	1,4,5,8,9	1,5,9,4,8
2650	5	1,4,5,8,9	1,5,9,4,8
2651	6	1,4,2,7,9,8	1,7,4,8,2,9
2652	6	1,4,2,7,9,8	1,7,4,8,2,9
2653	5	1,4,5,8,9	1,5,9,4,8
2654	7	1,4,2,7,9,8,5	1,7,4,5,9,2,8
2655	5	1,4,5,8,9	1,5,9,4,8
2656	7	0,3,6,7,9,2,8	0,7,2,6,8,3,9
2657	5	0,3,6,8,9	0,6,9,3,8
2658	6	0,6,2,7,9,8	0,7,6,8,2,9
2659	5	0,3,6,8,9	0,6,9,3,8
2660	5	0,3,6,8,9	0,6,9,3,8
2661	5	0,3,6,8,9	0,6,9,3,8
2662	7	0,3,6,2,8,9,7	0,6,7,2,9,3,8
2663	7	1,4,2,7,9,6,8	1,7,6,2,8,4,9
2664	7	1,4,2,7,6,8,9	1,7,4,9,6,2,8
2665	6	1,4,2,7,9,8	1,7,4,8,2,9
2666	6	1,4,2,7,9,8	1,7,4,8,2,9
2667	6	2,4,7,6,9,8	2,6,8,4,9,7
2668	6	2,4,7,6,9,8	2,6,8,4,9,7
2669	6	1,4,2,7,9,8	1,7,4,8,2,9
2670	7	0,5,1,8,6,9,7	0,6,7,1,9,5,8
2671	5	0,3,6,8,9	0,6,9,3,8
2672	7	0,5,1,4,7,9,8	0,7,1,8,5,4,9
2673	5	0,3,6,8,9	0,6,9,3,8
2674	5	0,3,6,8,9	0,6,9,3,8
2675	5	0,3,6,8,9	0,6,9,3,8
2676	7	0,5,1,8,6,9,7	0,6,7,1,9,5,8
2677	7	0,3,6,7,9,2,8	0,7,2,6,8,3,9
2678	5	0,3,6,8,9	0,6,9,3,8
2679	6	0,6,2,7,9,8	0,7,6,8,2,9
2680	5	0,3,6,8,9	0,6,9,3,8
2681	5	0,3,6,8,9	0,6,9,3,8
2682	5	0,3,6,8,9	0,6,9,3,8
2683	7	0,3,6,2,8,9,7	0,6,7,2,9,3,8
2684	8	0,3,6,7,1,8,4,9	0,6,8,3,9,1,4,7
2685	5	1,4,5,8,9	1,5,9,4,8
2686	5	1,4,5,8,9	1,5,9,4,8
2687	7	1,4,2,7,6,9,8	1,7,4,8,6,2,9
2688	7	1,4,2,7,6,9,8	1,7,4,8,6,2,9
2689	8	0,5,1,4,7,6,8,9	0,6,9,4,5,8,1,7
2690	5	1,4,5,8,9	1,5,9,4,8
2691	8	0,3,6,2,8,4,7,9	0,6,8,3,9,4,2,7
2692	8	0,3,6,2,8,4,7,9	0,6,8,3,9,4,2,7
2693	6	2,4,7,6,9,8	2,6,8,4,9,7
2694	6	2,4,7,6,9,8	2,6,8,4,9,7
2695	8	0,5,1,7,4,8,2,9	0,7,2,4,1,9,5,8
2696	7	0,5,1,7,9,4,8	0,7,4,1,8,5,9
2697	7	0,5,1,7,9,4,8	0,7,4,5,8,1,9
2698	7	0,5,4,7,9,1,8	0,7,1,4,8,5,9
2699	7	0,5,1,7,9,4,8	0,7,4,1,8,5,9
2700	7	0,5,1,7,9,4,8	0,7,4,1,8,5,9
2701	7	1,5,4,7,9,2,8	1,7,2,4,8,5,9
2702	5	1,4,5,8,9	1,5,9,4,8
2703	6	1,4,2,7,9,8	1,7,4,8,2,9
2704	5	1,4,5,8,9	1,5,9,4,8
2705	7	0,6,7,1,8,4,9	0,7,4,1,9,6,8
2706	7	0,3,6,7,9,2,8	0,7,2,6,8,3,9
2707	7	0,3,6,7,9,2,8	0,7,2,6,8,3,9
2708	7	0,6,7,1,8,4,9	0,7,4,1,9,6,8
2709	7	0,3,6,7,9,2,8	0,7,2,6,8,3,9
2710	7	1,4,2,7,9,6,8	1,7,6,2,8,4,9
2711	7	0,6,2,7,4,9,8	0,7,6,8,4,2,9
2712	5	0,3,6,8,9	0,6,9,3,8
2713	5	0,3,6,8,9	0,6,9,3,8
2714	5	0,3,6,8,9	0,6,9,3,8
2715	7	1,4,2,7,6,8,9	1,7,4,9,6,2,8
2716	6	1,4,2,7,9,8	1,7,4,8,2,9
2717	7	0,5,1,4,7,9,8	0,7,1,8,4,5,9
2718	6	0,6,2,7,9,8	0,7,6,8,2,9
2719	6	1,4,2,7,9,8	1,7,4,8,2,9
2720	5	0,3,6,8,9	0,6,9,3,8
2721	5	0,3,6,8,9	0,6,9,3,8
2722	6	1,4,2,7,9,8	1,7,4,8,2,9
2723	6	2,4,7,6,9,8	2,6,8,4,9,7
2724	6	2,4,7,6,9,8	2,6,8,4,9,7
2725	8	0,5,1,7,4,9,2,8	0,7,2,4,1,8,5,9
2726	7	0,3,6,7,9,2,8	0,7,2,6,8,3,9
2727	7	0,3,6,7,9,2,8	0,7,2,6,8,3,9
2728	7	0,3,6,7,9,2,8	0,7,2,6,8,3,9
2729	7	0,5,1,8,6,9,7	0,6,7,1,9,5,8
2730	7	0,3,6,7,9,2,8	0,7,2,6,8,3,9
2731	7	0,5,1,8,6,9,7	0,6,7,1,9,5,8
2732	8	0,5,1,4,7,2,8,9	0,7,1,9,2,4,5,8
2733	5	0,3,6,8,9	0,6,9,3,8
2734	7	1,4,2,7,6,8,9	1,7,4,9,6,2,8
2735	6	0,6,2,7,9,8	0,7,6,8,2,9
2736	7	1,4,2,7,9,8,5	1,7,4,5,9,2,8
2737	7	1,4,2,7,9,8,5	1,7,4,5,9,2,8
2738	7	0,6,7,1,8,4,9	0,7,4,1,9,6,8
2739	7	0,5,1,7,9,4,8	0,7,4,1,8,5,9
2740	7	0,5,1,7,9,4,8	0,7,4,5,8,1,9
2741	7	0,5,4,7,9,1,8	0,7,1,4,8,5,9
2742	7	0,5,1,7,9,4,8	0,7,4,1,8,5,9
2743	7	0,5,1,8,6,9,7	0,6,7,1,9,5,8
2744	5	1,4,5,8,9	1,5,9,4,8
2745	5	0,3,6,8,9	0,6,9,3,8
2746	5	1,4,5,8,9	1,5,9,4,8
2747	7	0,5,1,4,7,9,8	0,7,1,8,4,5,9
2748	5	1,4,5,8,9	1,5,9,4,8
2749	7	1,4,2,7,6,9,8	1,7,4,8,6,2,9
2750	7	0,6,7,2,8,4,9	0,7,4,2,9,6,8
2751	7	0,5,4,7,9,2,8	0,7,2,4,8,5,9
2752	7	0,3,6,7,9,2,8	0,7,2,6,8,3,9
2753	7	0,5,4,7,9,2,8	0,7,2,4,8,5,9
2754	7	0,6,2,7,9,4,8	0,7,4,2,8,6,9
2755	7	0,5,4,8,6,9,7	0,6,7,4,9,5,8
2756	7	0,6,2,7,4,9,8	0,7,6,8,4,2,9
2757	5	0,3,6,8,9	0,6,9,3,8
2758	5	0,3,6,8,9	0,6,9,3,8
2759	8	0,3,6,2,9,8,4,7	0,6,7,2,4,9,3,8
2760	6	0,6,2,7,9,8	0,7,6,8,2,9
2761	6	0,6,2,7,9,8	0,7,6,8,2,9
2762	7	0,5,1,4,8,9,7	0,8,5,4,7,1,9
2763	7	0,3,6,2,8,9,7	0,6,7,2,9,3,8
2764	6	2,4,7,6,9,8	2,6,8,4,9,7
2765	5	0,3,6,8,9	0,6,9,3,8
2766	7	0,3,6,2,8,9,7	0,6,7,2,9,3,8
2767	6	2,4,7,6,9,8	2,6,8,4,9,7
2768	7	1,4,7,2,8,6,9	1,7,6,2,9,4,8
2769	7	1,5,4,7,9,2,8	1,7,2,4,8,5,9
2770	7	1,4,2,7,9,6,8	1,7,6,2,8,4,9
2771	7	1,5,4,7,9,2,8	1,7,2,4,8,5,9
2772	7	1,4,2,7,9,6,8	1,7,6,2,8,4,9
2773	8	0,3,6,2,8,4,7,9	0,6,8,3,9,4,2,7
2774	7	1,5,4,7,9,2,8	1,7,2,4,8,5,9
2775	5	1,4,5,8,9	1,5,9,4,8
2776	5	1,4,5,8,9	1,5,9,4,8
2777	6	1,4,2,7,9,8	1,7,4,8,2,9
2778	5	1,4,5,8,9	1,5,9,4,8
2779	6	1,4,2,7,9,8	1,7,4,8,2,9
2780	7	0,5,1,7,8,4,9	0,7,4,1,9,5,8
2781	6	0,5,1,8,7,9	0,7,1,9,5,8
2782	7	0,5,1,4,8,7,9	0,7,1,9,4,5,8
2783	6	0,5,1,8,7,9	0,7,1,9,5,8
2784	6	0,5,4,8,7,9	0,7,4,9,5,8
2785	6	1,5,4,8,7,9	1,7,4,9,5,8
2786	5	1,4,5,8,9	1,5,9,4,8
2787	7	0,5,1,4,7,8,9	0,7,1,9,5,4,8
2788	5	1,4,5,8,9	1,5,9,4,8
2789	7	0,5,1,7,8,4,9	0,7,4,1,9,5,8
2790	6	0,5,4,8,7,9	0,7,4,9,5,8
2791	7	0,5,1,4,8,7,9	0,7,1,9,4,5,8
2792	7	0,5,4,7,9,2,8	0,7,2,4,8,5,9
2793	7	1,4,2,7,8,5,9	1,5,4,8,2,9,7
2794	7	0,5,1,4,7,8,9	0,7,1,9,4,5,8
2795	6	0,6,2,7,8,9	0,7,6,9,2,8
2796	7	0,5,1,4,7,8,9	0,7,1,9,4,5,8
2797	7	1,4,2,7,8,9,5	1,7,4,5,8,2,9
2798	6	0,5,4,8,7,9	0,7,4,9,5,8
2799	6	1,4,5,8,7,9	1,5,9,8,4,7
2800	7	0,5,1,7,8,4,9	0,7,4,5,9,1,8
2801	7	0,5,1,4,8,7,9	0,7,4,5,9,1,8
2802	6	0,3,6,8,7,9	0,7,6,9,3,8
2803	6	0,3,6,8,7,9	0,7,6,9,3,8
2804	7	1,4,2,7,8,6,9	1,7,6,2,9,4,8
2805	7	0,5,1,4,7,8,9	0,7,1,9,5,4,8
2806	5	0,3,6,8,9	0,6,9,3,8
2807	5	0,3,6,8,9	0,6,9,3,8
2808	6	2,4,7,6,8,9	2,6,9,4,8,7
2809	6	0,3,6,7,8,9	0,6,8,3,9,7
2810	5	0,3,6,8,9	0,6,9,3,8
2811	7	0,3,6,7,8,2,9	0,7,2,6,9,3,8
2812	7	0,3,6,2,8,7,9	0,6,7,2,9,3,8
2813	6	0,6,2,8,7,9	0,7,2,9,6,8
2814	6	0,3,6,8,7,9	0,7,6,9,3,8
2815	6	2,4,7,8,6,9	2,6,7,9,4,8
2816	7	0,5,1,4,7,8,9	0,7,1,9,5,4,8
2817	5	0,3,6,8,9	0,6,9,3,8
2818	5	0,3,6,8,9	0,6,9,3,8
2819	6	2,4,7,6,8,9	2,6,9,4,8,7
2820	6	0,3,6,7,8,9	0,6,8,3,9,7
2821	5	0,3,6,8,9	0,6,9,3,8
2822	6	0,3,6,7,9,8	0,6,9,3,8,7
2823	7	0,5,4,7,8,1,9	0,7,1,4,9,5,8
2824	6	0,5,1,8,7,9	0,7,1,9,5,8
2825	6	0,3,6,8,7,9	0,7,6,9,3,8
2826	7	0,5,1,8,6,9,7	0,6,7,1,9,5,8
2827	7	0,5,1,4,7,8,9	0,7,1,9,4,5,8
2828	5	0,3,6,8,9	0,6,9,3,8
2829	8	0,3,6,7,8,1,9,5	0,6,9,3,8,5,1,7
2830	7	0,5,4,7,8,2,9	0,7,2,4,9,5,8
2831	7	0,5,4,7,8,2,9	0,7,2,4,9,5,8
2832	6	0,6,2,8,7,9	0,7,2,9,6,8
2833	7	0,3,6,2,9,7,8	0,6,9,3,8,2,7
2834	7	0,5,1,4,7,8,9	0,7,1,9,4,5,8
2835	5	0,3,6,8,9	0,6,9,3,8
2836	5	0,3,6,8,9	0,6,9,3,8
2837	7	1,4,2,7,8,9,5	1,7,4,5,8,2,9
2838	6	0,3,6,7,8,9	0,6,8,3,9,7
2839	5	0,3,6,8,9	0,6,9,3,8
2840	7	0,5,1,7,8,4,9	0,7,4,1,9,5,8
2841	7	0,5,1,4,7,8,9	0,7,1,9,4,5,8
2842	5	0,3,6,8,9	0,6,9,3,8
2843	5	0,3,6,8,9	0,6,9,3,8
2844	6	2,4,7,6,8,9	2,6,9,4,8,7
2845	7	1,4,2,7,8,6,9	1,7,6,2,9,4,8
2846	6	1,5,4,8,7,9	1,7,4,9,5,8
2847	7	1,4,2,7,8,6,9	1,7,6,2,9,4,8
2848	7	0,5,1,8,7,6,9	0,6,8,5,9,1,7
2849	7	0,5,4,8,7,6,9	0,6,8,5,9,4,7
2850	5	1,4,5,8,9	1,5,9,4,8
2851	7	1,4,2,7,6,9,8	1,7,4,8,6,2,9
2852	5	1,4,5,8,9	1,5,9,4,8
2853	6	1,4,5,8,9,7	1,5,9,4,7,8
2854	6	0,3,6,7,8,9	0,6,8,3,9,7
2855	7	0,5,4,8,7,6,9	0,6,8,5,9,4,7
2856	7	1,4,2,7,8,5,9	1,5,4,8,2,9,7
2857	6	2,4,7,8,6,9	2,6,7,9,4,8
2858	7	1,4,2,7,8,5,9	1,5,4,8,2,9,7
2859	7	0,5,4,8,7,6,9	0,6,8,5,9,4,7
2860	6	1,4,5,8,7,9	1,5,9,8,4,7
2861	6	0,3,6,7,8,9	0,6,8,3,9,7
2862	5	0,3,6,7,9	0,6,9,3,7
2863	8	0,3,7,1,4,5,8,9	0,5,1,8,3,9,4,7
2864	7	0,3,7,1,9,5,8	0,5,1,8,3,9,7
2865	5	0,3,6,7,9	0,6,9,3,7
2866	5	0,3,6,7,9	0,6,9,3,7
2867	7	0,5,1,4,7,9,8	0,7,1,8,5,4,9
2868	5	0,3,6,7,9	0,6,9,3,7
2869	7	0,3,7,1,9,5,8	0,5,1,8,3,9,7
2870	5	0,3,6,7,9	0,6,9,3,7
2871	5	1,4,5,8,9	1,5,9,4,8
2872	5	1,4,5,8,9	1,5,9,4,8
2873	5	0,3,6,7,9	0,6,9,3,7
2874	5	0,3,6,7,9	0,6,9,3,7
2875	5	1,4,5,8,9	1,5,9,4,8
2876	5	1,4,5,8,9	1,5,9,4,8
2877	5	0,3,6,7,9	0,6,9,3,7
2878	5	0,3,6,7,9	0,6,9,3,7
2879	5	1,4,5,8,9	1,5,9,4,8
2880	5	0,3,6,7,9	0,6,9,3,7
2881	5	1,4,5,8,9	1,5,9,4,8
2882	7	0,3,7,1,8,4,9	0,7,4,1,9,3,8
2883	7	0,3,7,1,8,4,9	0,7,4,1,9,3,8
2884	5	0,3,6,7,9	0,6,9,3,7
2885	5	0,3,6,7,9	0,6,9,3,7
2886	7	0,5,1,7,9,4,8	0,7,4,1,8,5,9
2887	5	0,3,6,7,9	0,6,9,3,7
2888	7	0,3,7,1,9,5,8	0,5,1,8,3,9,7
2889	5	1,4,5,8,9	1,5,9,4,8
2890	7	0,3,7,1,9,5,8	0,5,1,8,3,9,7
2891	5	1,4,5,8,9	1,5,9,4,8
2892	7	0,3,7,1,8,4,9	0,7,4,1,9,3,8
2893	7	0,3,7,1,8,4,9	0,7,4,1,9,3,8
2894	5	0,3,6,7,9	0,6,9,3,7
2895	7	0,6,7,1,8,4,9	0,7,4,1,9,6,8
2896	5	0,3,6,7,9	0,6,9,3,7
2897	7	1,4,2,8,6,9,7	1,8,4,7,6,2,9
2898	7	0,3,7,1,8,4,9	0,7,4,1,9,3,8
2899	5	0,3,6,8,9	0,6,9,3,8
2900	7	0,6,7,1,8,4,9	0,7,4,1,9,6,8
2901	5	0,3,6,8,9	0,6,9,3,8
2902	7	1,4,7,3,8,6,9	1,7,6,3,9,4,8
2903	6	0,6,3,7,9,8	0,7,6,8,3,9
2904	7	0,5,1,4,7,9,8	0,7,1,8,4,5,9
2905	6	0,6,3,7,9,8	0,7,6,8,3,9
2906	7	2,4,7,6,8,3,9	2,6,3,7,9,4,8
2907	6	0,3,6,7,9,8	0,7,3,8,6,9
2908	5	0,3,6,7,9	0,6,9,3,7
2909	6	0,3,7,6,9,8	0,6,8,3,9,7
2910	7	1,4,2,8,6,9,7	1,8,4,7,6,2,9
2911	6	0,3,7,6,9,8	0,6,8,3,9,7
2912	8	0,3,7,1,4,9,5,8	0,7,4,5,1,8,3,9
2913	7	0,3,7,1,9,5,8	0,5,1,8,3,9,7
2914	5	0,3,6,7,9	0,6,9,3,7
2915	5	0,3,6,7,9	0,6,9,3,7
2916	7	0,5,1,8,6,9,7	0,6,7,1,9,5,8
2917	5	0,3,6,7,9	0,6,9,3,7
2918	7	0,3,7,1,9,5,8	0,5,1,8,3,9,7
2919	8	0,3,7,1,4,5,8,9	0,5,1,8,3,9,4,7
2920	5	0,3,6,8,9	0,6,9,3,8
2921	8	0,3,7,1,4,5,9,8	0,5,1,8,3,9,4,7
2922	6	0,6,3,7,9,8	0,7,6,8,3,9
2923	7	0,3,7,1,9,5,8	0,5,1,8,3,9,7
2924	6	0,3,7,6,9,8	0,6,8,3,9,7
2925	7	0,6,7,1,8,4,9	0,7,4,1,9,6,8
2926	7	0,5,1,7,9,4,8	0,7,4,1,8,5,9
2927	5	0,3,6,7,9	0,6,9,3,7
2928	5	0,3,6,7,9	0,6,9,3,7
2929	5	0,3,6,7,9	0,6,9,3,7
2930	7	1,4,2,8,6,9,7	1,8,4,7,6,2,9
2931	5	1,4,5,8,9	1,5,9,4,8
2932	8	0,6,2,8,4,7,1,9	0,7,6,9,2,4,1,8
2933	5	1,4,5,8,9	1,5,9,4,8
2934	7	0,5,1,4,7,9,8	0,7,1,8,4,5,9
2935	5	1,4,5,8,9	1,5,9,4,8
2936	7	1,4,2,8,6,9,7	1,8,4,7,6,2,9
2937	8	0,3,7,1,4,8,5,9	0,7,4,5,1,9,3,8
2938	7	0,3,7,4,9,5,8	0,5,4,8,3,9,7
2939	5	0,3,6,7,9	0,6,9,3,7
2940	5	0,3,6,7,9	0,6,9,3,7
2941	7	0,6,2,8,4,9,7	0,8,6,7,4,2,9
2942	7	0,3,7,4,9,5,8	0,5,4,8,3,9,7
2943	8	0,3,7,1,4,5,8,9	0,5,1,9,3,8,4,7
2944	5	0,3,6,8,9	0,6,9,3,8
2945	8	0,3,6,2,8,9,4,7	0,6,7,3,8,4,2,9
2946	8	0,3,7,1,4,5,9,8	0,5,1,9,3,8,4,7
2947	6	0,6,3,7,9,8	0,7,6,8,3,9
2948	6	0,6,3,7,9,8	0,7,6,8,3,9
2949	7	0,5,1,4,8,9,7	0,8,5,4,7,1,9
2950	7	0,3,7,4,9,5,8	0,5,4,8,3,9,7
2951	6	0,3,7,6,9,8	0,6,8,3,9,7
2952	6	0,3,6,7,9,8	0,7,3,8,6,9
2953	6	0,3,7,6,9,8	0,6,8,3,9,7
2954	7	0,5,4,8,6,9,7	0,6,7,4,9,5,8
2955	7	1,4,7,3,8,6,9	1,7,6,3,9,4,8
2956	7	2,4,7,6,8,3,9	2,6,3,7,9,4,8
2957	5	0,3,6,7,9	0,6,9,3,7
2958	5	0,3,6,7,9	0,6,9,3,7
2959	7	1,4,2,8,6,9,7	1,8,4,7,6,2,9
2960	5	0,3,6,7,9	0,6,9,3,7
2961	7	1,4,2,8,6,9,7	1,8,4,7,6,2,9
2962	5	1,4,5,8,9	1,5,9,4,8
2963	5	1,4,5,8,9	1,5,9,4,8
2964	8	0,3,7,1,4,5,8,9	0,5,1,9,3,8,4,7
2965	5	1,4,5,8,9	1,5,9,4,8
2966	7	1,4,2,8,6,9,7	1,8,4,7,6,2,9
2967	7	0,5,1,7,8,4,9	0,7,4,1,9,5,8
2968	5	0,3,6,7,9	0,6,9,3,7
2969	5	0,3,6,7,9	0,6,9,3,7
2970	5	0,3,6,7,9	0,6,9,3,7
2971	6	1,5,4,8,7,9	1,7,4,9,5,8
2972	5	1,4,5,8,9	1,5,9,4,8
2973	7	0,5,1,4,7,8,9	0,7,1,9,5,4,8
2974	5	1,4,5,8,9	1,5,9,4,8
2975	7	0,5,1,7,8,4,9	0,7,4,1,9,5,8
2976	6	0,5,4,8,7,9	0,7,4,9,5,8
2977	5	0,3,6,7,9	0,6,9,3,7
2978	5	0,3,6,7,9	0,6,9,3,7
2979	7	0,3,7,4,9,5,8	0,5,4,8,3,9,7
2980	7	0,5,1,4,7,8,9	0,7,1,9,4,5,8
2981	6	0,6,3,7,8,9	0,7,6,9,3,8
2982	7	0,5,1,4,7,8,9	0,7,1,9,4,5,8
2983	7	2,4,7,6,9,3,8	2,6,3,7,8,4,9
2984	6	0,5,4,8,7,9	0,7,4,9,5,8
2985	6	1,4,5,8,7,9	1,5,9,8,4,7
2986	7	0,5,4,7,8,1,9	0,7,1,4,9,5,8
2987	6	0,5,1,8,7,9	0,7,1,9,5,8
2988	5	0,3,6,7,9	0,6,9,3,7
2989	5	0,3,6,7,9	0,6,9,3,7
2990	5	0,3,6,7,9	0,6,9,3,7
2991	7	1,4,2,8,7,6,9	1,7,4,9,2,6,8
2992	7	0,5,1,4,7,8,9	0,7,1,9,4,5,8
2993	6	0,3,6,7,8,9	0,7,3,9,6,8
2994	7	1,4,2,8,7,6,9	1,7,4,9,2,6,8
2995	5	0,3,6,7,8	0,6,8,3,7
2996	5	0,3,6,7,8	0,6,8,3,7
2997	5	0,3,6,7,8	0,6,8,3,7
2998	5	0,3,6,7,8	0,6,8,3,7
2999	5	0,3,6,7,8	0,6,8,3,7
3000	5	0,3,6,7,8	0,6,8,3,7
3001	5	0,3,6,7,8	0,6,8,3,7
3002	5	0,3,6,7,8	0,6,8,3,7
3003	5	0,3,6,7,8	0,6,8,3,7
3004	5	0,3,6,7,8	0,6,8,3,7
3005	5	0,3,6,7,8	0,6,8,3,7
3006	7	0,5,1,7,8,4,9	0,7,4,1,9,5,8
3007	7	0,5,1,4,7,8,9	0,7,1,9,4,5,8
3008	6	0,3,6,7,8,9	0,7,3,9,6,8
3009	6	0,3,6,7,8,9	0,7,3,9,6,8
3010	8	0,3,6,2,8,9,4,7	0,6,7,3,9,2,4,8
3011	5	0,3,6,7,9	0,6,9,3,7
3012	7	0,3,6,7,2,9,8	0,7,3,8,2,6,9
3013	7	0,3,6,2,7,9,8	0,6,7,3,8,2,9
3014	5	0,3,6,7,9	0,6,9,3,7
3015	5	0,3,6,7,9	0,6,9,3,7
3016	7	0,3,6,2,7,9,8	0,6,7,3,8,2,9
3017	5	0,3,6,7,9	0,6,9,3,7
3018	7	0,3,6,2,7,9,8	0,6,9,2,8,3,7
3019	5	0,3,6,7,9	0,6,9,3,7
3020	5	1,4,5,8,9	1,5,9,4,8
3021	5	1,4,5,8,9	1,5,9,4,8
3022	5	0,3,6,7,9	0,6,9,3,7
3023	5	0,3,6,7,9	0,6,9,3,7
3024	5	0,3,6,7,9	0,6,9,3,7
3025	5	1,4,5,8,9	1,5,9,4,8
3026	5	0,3,6,7,9	0,6,9,3,7
3027	5	1,4,5,8,9	1,5,9,4,8
3028	5	1,4,5,8,9	1,5,9,4,8
3029	5	0,3,6,7,9	0,6,9,3,7
3030	5	0,3,6,7,9	0,6,9,3,7
3031	5	1,4,5,8,9	1,5,9,4,8
3032	5	1,4,5,8,9	1,5,9,4,8
3033	5	0,3,6,7,9	0,6,9,3,7
3034	5	1,4,5,8,9	1,5,9,4,8
3035	5	1,4,5,8,9	1,5,9,4,8
3036	5	0,3,6,7,9	0,6,9,3,7
3037	5	0,3,6,7,9	0,6,9,3,7
3038	5	1,4,5,8,9	1,5,9,4,8
3039	5	0,3,6,7,9	0,6,9,3,7
3040	5	1,4,5,8,9	1,5,9,4,8
3041	5	0,3,6,7,9	0,6,9,3,7
3042	5	0,3,6,8,9	0,6,9,3,8
3043	6	0,6,2,7,9,8	0,7,6,8,2,9
3044	5	0,3,6,7,9	0,6,9,3,7
3045	6	0,6,2,7,9,8	0,7,6,8,2,9
3046	5	0,3,6,7,9	0,6,9,3,7
3047	6	0,3,7,6,9,8	0,6,8,3,9,7
3048	5	0,3,6,7,9	0,6,9,3,7
3049	7	0,3,7,2,9,8,6	0,7,6,2,8,3,9
3050	6	2,6,3,7,9,8	2,7,6,8,3,9
3051	5	0,3,6,7,9	0,6,9,3,7
3052	6	2,4,7,6,9,8	2,6,8,4,9,7
3053	5	0,3,6,7,9	0,6,9,3,7
3054	6	2,6,3,7,9,8	2,7,6,8,3,9
3055	5	0,3,6,7,9	0,6,9,3,7
3056	7	0,3,6,7,2,8,9	0,7,3,9,2,6,8
3057	6	0,6,2,7,9,8	0,7,6,8,2,9
3058	5	0,3,6,7,9	0,6,9,3,7
3059	5	0,3,6,7,9	0,6,9,3,7
3060	5	0,3,6,7,9	0,6,9,3,7
3061	7	0,3,6,2,7,9,8	0,6,8,2,9,3,7
3062	5	0,3,6,7,9	0,6,9,3,7
3063	5	0,3,6,8,9	0,6,9,3,8
3064	6	0,6,3,7,9,8	0,7,6,8,3,9
3065	5	0,3,6,7,9	0,6,9,3,7
3066	5	0,3,6,7,9	0,6,9,3,7
3067	6	0,3,6,7,9,8	0,7,3,8,6,9
3068	6	0,3,7,6,9,8	0,6,8,3,9,7
3069	5	0,3,6,7,9	0,6,9,3,7
3070	5	0,3,6,7,9	0,6,9,3,7
3071	5	0,3,6,7,9	0,6,9,3,7
3072	5	0,3,6,7,9	0,6,9,3,7
3073	5	1,4,5,8,9	1,5,9,4,8
3074	5	1,4,5,8,9	1,5,9,4,8
3075	5	0,3,6,7,9	0,6,9,3,7
3076	5	0,3,6,7,9	0,6,9,3,7
3077	5	1,4,5,8,9	1,5,9,4,8
3078	5	1,4,5,8,9	1,5,9,4,8
3079	7	0,3,7,2,8,4,9	0,7,4,2,9,3,8
3080	7	0,3,7,2,8,4,9	0,7,4,2,9,3,8
3081	5	0,3,6,7,9	0,6,9,3,7
3082	5	0,3,6,7,9	0,6,9,3,7
3083	7	0,5,4,7,9,2,8	0,7,2,4,8,5,9
3084	5	0,3,6,7,9	0,6,9,3,7
3085	7	0,3,7,4,9,5,8	0,5,4,8,3,9,7
3086	5	1,4,5,8,9	1,5,9,4,8
3087	7	0,3,6,7,2,9,8	0,7,3,8,2,6,9
3088	7	0,3,7,2,8,4,9	0,7,4,2,9,3,8
3089	7	0,3,7,2,8,4,9	0,7,4,2,9,3,8
3090	5	0,3,6,7,9	0,6,9,3,7
3091	7	0,3,6,8,2,9,7	0,8,3,7,2,6,9
3092	5	0,3,6,7,9	0,6,9,3,7
3093	7	0,3,7,2,9,6,8	0,6,2,8,3,9,7
3094	7	0,3,7,2,8,4,9	0,7,4,2,9,3,8
3095	5	0,3,6,8,9	0,6,9,3,8
3096	7	0,3,6,7,2,9,8	0,7,3,8,2,6,9
3097	7	0,3,7,2,8,9,6	0,7,6,2,9,3,8
3098	6	0,6,2,7,9,8	0,7,6,8,2,9
3099	6	2,6,3,7,9,8	2,7,6,8,3,9
3100	6	0,3,7,6,9,8	0,6,8,3,9,7
3101	7	0,3,7,2,8,6,9	0,7,6,2,9,3,8
3102	7	0,3,6,7,9,2,8	0,7,2,6,8,3,9
3103	5	0,3,6,7,9	0,6,9,3,7
3104	5	0,3,6,7,9	0,6,9,3,7
3105	7	0,3,6,8,2,9,7	0,8,3,7,2,6,9
3106	5	0,3,6,7,9	0,6,9,3,7
3107	7	0,3,7,2,9,6,8	0,6,2,8,3,9,7
3108	5	0,3,6,8,9	0,6,9,3,8
3109	7	0,6,7,2,8,4,9	0,7,4,2,9,6,8
3110	7	0,5,4,7,9,2,8	0,7,2,4,8,5,9
3111	5	0,3,6,7,9	0,6,9,3,7
3112	5	0,3,6,7,9	0,6,9,3,7
3113	5	0,3,6,7,9	0,6,9,3,7
3114	7	0,5,4,8,6,9,7	0,6,7,4,9,5,8
3115	5	1,4,5,8,9	1,5,9,4,8
3116	7	0,3,6,7,2,8,9	0,7,3,9,2,6,8
3117	5	1,4,5,8,9	1,5,9,4,8
3118	6	0,6,2,7,9,8	0,7,6,8,2,9
3119	5	1,4,5,8,9	1,5,9,4,8
3120	7	0,3,6,2,7,9,8	0,6,8,2,9,3,7
3121	8	0,3,6,7,2,9,4,8	0,7,4,2,6,8,3,9
3122	7	0,3,7,4,9,5,8	0,5,4,8,3,9,7
3123	5	0,3,6,7,9	0,6,9,3,7
3124	5	0,3,6,7,9	0,6,9,3,7
3125	7	0,5,4,8,6,9,7	0,6,7,4,9,5,8
3126	7	0,3,7,4,9,5,8	0,5,4,8,3,9,7
3127	5	1,4,5,8,9	1,5,9,4,8
3128	5	0,3,6,8,9	0,6,9,3,8
3129	5	0,3,6,8,9	0,6,9,3,8
3130	5	1,4,5,8,9	1,5,9,4,8
3131	5	1,4,5,8,9	1,5,9,4,8
3132	6	0,6,3,7,9,8	0,7,6,8,3,9
3133	5	1,4,5,8,9	1,5,9,4,8
3134	6	0,3,7,6,9,8	0,6,8,3,9,7
3135	7	2,4,7,3,8,6,9	2,7,6,3,9,4,8
3136	7	2,4,7,6,8,3,9	2,6,3,7,9,4,8
3137	5	0,3,6,7,9	0,6,9,3,7
3138	5	0,3,6,7,9	0,6,9,3,7
3139	8	0,3,6,2,8,4,9,7	0,6,8,3,7,4,2,9
3140	5	0,3,6,7,9	0,6,9,3,7
3141	7	2,4,7,3,8,6,9	2,7,6,3,9,4,8
3142	5	1,4,5,8,9	1,5,9,4,8
3143	7	0,3,7,2,9,8,6	0,7,6,2,8,3,9
3144	5	1,4,5,8,9	1,5,9,4,8
3145	7	0,5,4,7,8,2,9	0,7,2,4,9,5,8
3146	5	0,3,6,7,9	0,6,9,3,7
3147	5	0,3,6,7,9	0,6,9,3,7
3148	7	1,4,2,7,8,5,9	1,5,4,7,9,2,8
3149	5	1,4,5,8,9	1,5,9,4,8
3150	6	0,6,2,7,8,9	0,7,6,9,2,8
3151	6	0,6,2,7,8,9	0,7,6,9,2,8
3152	5	1,4,5,8,9	1,5,9,4,8
3153	5	1,4,5,8,9	1,5,9,4,8
3154	5	1,4,5,8,9	1,5,9,4,8
3155	5	0,3,6,7,9	0,6,9,3,7
3156	7	0,3,7,4,8,5,9	0,5,4,9,3,8,7
3157	5	0,3,6,7,9	0,6,9,3,7
3158	5	0,3,6,7,9	0,6,9,3,7
3159	7	0,3,7,4,9,5,8	0,5,4,8,3,9,7
3160	5	1,4,5,8,9	1,5,9,4,8
3161	6	0,6,3,7,8,9	0,7,6,9,3,8
3162	6	0,6,3,7,8,9	0,7,6,9,3,8
3163	5	1,4,5,8,9	1,5,9,4,8
3164	5	1,4,5,8,9	1,5,9,4,8
3165	5	0,3,6,7,8	0,6,8,3,7
3166	5	0,3,6,7,8	0,6,8,3,7
3167	5	0,3,6,7,8	0,6,8,3,7
3168	5	0,3,6,7,8	0,6,8,3,7
3169	5	0,3,6,7,8	0,6,8,3,7
3170	5	0,3,6,7,8	0,6,8,3,7
3171	5	0,3,6,7,8	0,6,8,3,7
3172	5	0,3,6,7,8	0,6,8,3,7
3173	5	0,3,6,7,8	0,6,8,3,7
3174	5	0,3,6,7,8	0,6,8,3,7
3175	5	0,3,6,7,8	0,6,8,3,7
3176	7	0,5,4,7,8,2,9	0,7,2,4,9,5,8
3177	7	0,5,1,4,9,7,8	0,7,4,5,8,1,9
3178	5	0,3,6,7,9	0,6,9,3,7
3179	5	0,3,6,7,9	0,6,9,3,7
3180	7	1,4,2,7,8,5,9	1,5,4,7,9,2,8
3181	7	0,5,4,7,8,2,9	0,7,2,4,9,5,8
3182	6	0,6,2,7,8,9	0,7,6,9,2,8
3183	6	0,6,2,7,8,9	0,7,6,9,2,8
3184	6	0,3,6,7,8,9	0,7,3,9,6,8
3185	7	0,3,6,2,9,8,7	0,6,9,3,7,2,8
3186	6	0,3,6,7,9,8	0,6,8,7,3,9
3187	5	0,3,6,7,9	0,6,9,3,7
3188	5	0,3,6,7,8	0,6,8,3,7
3189	5	0,3,6,7,8	0,6,8,3,7
3190	5	0,3,6,7,8	0,6,8,3,7
3191	5	0,3,6,7,8	0,6,8,3,7
3192	5	0,3,6,7,8	0,6,8,3,7
3193	5	0,3,6,7,8	0,6,8,3,7
3194	5	0,3,6,7,8	0,6,8,3,7
3195	5	0,3,6,7,8	0,6,8,3,7
3196	5	0,3,6,7,8	0,6,8,3,7
3197	5	0,3,6,7,8	0,6,8,3,7
3198	7	0,6,2,7,8,4,9	0,7,4,2,9,6,8
3199	5	1,4,5,8,9	1,5,9,4,8
3200	6	0,3,6,7,8,9	0,7,3,9,6,8
3201	6	0,3,6,7,8,9	0,7,3,9,6,8
3202	5	1,4,5,8,9	1,5,9,4,8
3203	7	0,5,4,8,7,6,9	0,6,8,5,9,4,7
3204	7	1,4,2,7,8,5,9	1,5,4,7,9,2,8
3205	5	0,3,6,7,9	0,6,9,3,7
3206	5	0,3,6,7,9	0,6,9,3,7
3207	5	0,3,6,7,9	0,6,9,3,7
3208	6	2,4,7,8,6,9	2,6,7,9,4,8
3209	5	1,4,5,8,9	1,5,9,4,8
3210	5	0,3,6,7,9	0,6,9,3,7
3211	7	0,3,7,4,8,5,9	0,5,4,9,3,8,7
3212	7	0,3,7,4,8,5,9	0,5,4,9,3,8,7
3213	5	0,3,6,7,9	0,6,9,3,7
3214	5	0,3,6,7,9	0,6,9,3,7
3215	5	1,4,5,8,9	1,5,9,4,8
3216	6	0,3,7,6,8,9	0,6,9,3,8,7
3217	6	0,3,7,6,8,9	0,6,9,3,8,7
3218	5	1,4,5,8,9	1,5,9,4,8
3219	5	1,4,5,8,9	1,5,9,4,8
3220	5	1,4,5,8,9	1,5,9,4,8
3221	6	0,3,6,8,7,9	0,6,9,8,3,7
3222	8	0,3,7,1,8,4,5,9	0,5,1,4,7,9,3,8
3223	7	2,4,7,3,8,9,6	2,7,6,3,9,4,8
3224	6	1,4,2,7,9,8	1,7,4,8,2,9
3225	6	1,4,2,7,9,8	1,7,4,8,2,9
3226	6	1,4,2,7,9,8	1,7,4,8,2,9
3227	7	2,4,7,3,8,9,6	2,7,6,3,9,4,8
3228	7	0,3,6,2,7,9,8	0,6,7,3,8,2,9
3229	6	1,4,2,7,9,8	1,7,4,8,2,9
3230	8	0,3,7,1,8,5,4,9	0,5,1,4,7,9,3,8
3231	9	0,3,7,1,8,2,4,5,9	0,5,1,4,7,2,9,3,8
3232	7	1,4,2,7,9,8,5	1,7,4,5,9,2,8
3233	7	0,3,6,2,7,9,8	0,6,7,3,8,2,9
3234	7	1,4,2,7,9,8,5	1,7,4,5,9,2,8
3235	8	0,3,7,1,8,5,4,9	0,5,1,4,7,9,3,8
3236	7	1,5,4,7,9,2,8	1,7,2,4,8,5,9
3237	5	1,4,5,8,9	1,5,9,4,8
3238	5	1,4,5,8,9	1,5,9,4,8
3239	6	1,4,2,7,9,8	1,7,4,8,2,9
3240	6	1,4,2,7,9,8	1,7,4,8,2,9
3241	5	1,4,5,8,9	1,5,9,4,8
3242	7	1,4,2,7,9,8,5	1,7,4,5,9,2,8
3243	5	1,4,5,8,9	1,5,9,4,8
3244	8	0,3,7,1,8,4,5,9	0,5,1,4,7,9,3,8
3245	5	1,4,5,8,9	1,5,9,4,8
3246	5	1,4,5,8,9	1,5,9,4,8
3247	8	0,3,7,1,8,5,4,9	0,5,1,4,7,9,3,8
3248	8	0,3,7,1,8,4,5,9	0,5,1,4,7,9,3,8
3249	5	1,4,5,8,9	1,5,9,4,8
3250	8	0,3,7,1,8,4,5,9	0,5,1,4,7,9,3,8
3251	5	1,4,5,8,9	1,5,9,4,8
3252	8	0,3,7,4,8,5,1,9	0,5,4,1,7,9,3,8
3253	7	2,4,7,3,8,9,6	2,7,6,3,9,4,8
3254	7	0,3,6,2,7,9,8	0,6,7,3,8,2,9
3255	7	0,3,6,2,7,9,8	0,6,7,3,8,2,9
3256	7	0,3,6,2,7,9,8	0,6,7,3,8,2,9
3257	7	0,3,6,2,7,9,8	0,6,7,3,8,2,9
3258	7	2,4,7,3,8,9,6	2,7,6,3,9,4,8
3259	7	2,4,7,3,8,9,6	2,7,6,3,9,4,8
3260	7	1,5,4,7,9,2,8	1,7,2,4,8,5,9
3261	5	1,4,5,8,9	1,5,9,4,8
3262	5	1,4,5,8,9	1,5,9,4,8
3263	6	1,4,2,7,9,8	1,7,4,8,2,9
3264	6	1,4,2,7,9,8	1,7,4,8,2,9
3265	5	1,4,5,8,9	1,5,9,4,8
3266	5	1,4,5,8,9	1,5,9,4,8
3267	7	1,4,2,7,9,8,5	1,7,4,5,9,2,8
3268	7	1,4,7,3,8,6,9	1,7,6,3,9,4,8
3269	5	0,3,6,8,9	0,6,9,3,8
3270	7	2,4,7,3,9,8,6	2,7,6,3,8,4,9
3271	5	0,3,6,8,9	0,6,9,3,8
3272	7	1,4,2,7,6,9,8	1,7,4,8,6,2,9
3273	5	0,3,6,8,9	0,6,9,3,8
3274	7	1,4,2,7,6,9,8	1,7,4,8,6,2,9
3275	7	1,4,2,7,9,6,8	1,7,6,2,8,4,9
3276	6	1,4,2,7,9,8	1,7,4,8,2,9
3277	6	1,4,2,7,9,8	1,7,4,8,2,9
3278	6	2,4,7,6,9,8	2,6,8,4,9,7
3279	8	0,3,6,7,1,8,4,9	0,6,9,1,4,7,3,8
3280	7	1,5,4,7,9,2,8	1,7,2,4,8,5,9
3281	8	0,3,7,1,8,5,4,9	0,5,1,4,7,9,3,8
3282	7	1,5,4,7,9,2,8	1,7,2,4,8,5,9
3283	7	1,5,4,7,9,2,8	1,7,2,4,8,5,9
3284	8	0,3,7,1,8,4,5,9	0,5,1,4,7,9,3,8
3285	8	0,3,7,1,8,4,5,9	0,5,1,4,7,9,3,8
3286	7	1,5,4,7,9,2,8	1,7,2,4,8,5,9
3287	5	1,4,5,8,9	1,5,9,4,8
3288	7	2,4,7,3,8,9,6	2,7,6,3,9,4,8
3289	8	1,4,2,8,3,9,6,7	1,8,4,7,3,6,2,9
3290	5	1,4,5,8,9	1,5,9,4,8
3291	5	1,4,5,8,9	1,5,9,4,8
3292	7	2,4,7,3,8,9,6	2,7,6,3,9,4,8
3293	5	1,4,5,8,9	1,5,9,4,8
3294	5	1,4,5,8,9	1,5,9,4,8
3295	6	1,4,2,7,9,8	1,7,4,8,2,9
3296	7	2,4,7,3,8,9,6	2,7,6,3,9,4,8
3297	7	0,3,6,2,7,9,8	0,6,7,3,8,2,9
3298	6	1,4,2,7,9,8	1,7,4,8,2,9
3299	8	0,3,7,1,8,4,5,9	0,5,1,4,7,9,3,8
3300	5	1,4,5,8,9	1,5,9,4,8
3301	7	1,4,2,7,9,8,5	1,7,4,5,9,2,8
3302	5	1,4,5,8,9	1,5,9,4,8
3303	7	2,4,7,3,8,9,6	2,7,6,3,9,4,8
3304	5	1,4,5,8,9	1,5,9,4,8
3305	7	1,4,2,7,9,8,5	1,7,4,5,9,2,8
3306	7	1,4,7,2,8,6,9	1,7,6,2,9,4,8
3307	7	0,3,7,6,8,2,9	0,6,2,7,9,3,8
3308	7	0,3,7,6,8,2,9	0,6,2,7,9,3,8
3309	7	1,4,2,7,9,6,8	1,7,6,2,8,4,9
3310	7	1,4,2,7,9,6,8	1,7,6,2,8,4,9
3311	7	0,3,7,6,8,2,9	0,6,2,7,9,3,8
3312	7	1,4,2,7,9,6,8	1,7,6,2,8,4,9
3313	7	1,4,2,7,6,8,9	1,7,4,9,6,2,8
3314	5	0,3,6,8,9	0,6,9,3,8
3315	5	0,3,6,8,9	0,6,9,3,8
3316	7	1,4,2,7,6,8,9	1,7,4,9,6,2,8
3317	6	2,4,7,6,9,8	2,6,8,4,9,7
3318	5	0,3,6,8,9	0,6,9,3,8
3319	6	2,4,7,6,9,8	2,6,8,4,9,7
3320	7	1,4,7,2,8,6,9	1,7,6,2,9,4,8
3321	7	1,5,4,7,9,2,8	1,7,2,4,8,5,9
3322	7	1,4,2,7,9,6,8	1,7,6,2,8,4,9
3323	7	1,5,4,7,9,2,8	1,7,2,4,8,5,9
3324	7	1,4,2,7,9,6,8	1,7,6,2,8,4,9
3325	8	0,3,6,2,7,9,4,8	0,6,8,2,4,7,3,9
3326	7	1,5,4,7,9,2,8	1,7,2,4,8,5,9
3327	5	1,4,5,8,9	1,5,9,4,8
3328	8	0,3,6,2,7,4,8,9	0,6,7,3,9,4,2,8
3329	6	2,4,7,6,9,8	2,6,8,4,9,7
3330	6	2,4,7,6,9,8	2,6,8,4,9,7
3331	5	1,4,5,8,9	1,5,9,4,8
3332	7	1,4,7,3,8,6,9	1,7,6,3,9,4,8
3333	8	0,3,7,1,8,4,5,9	0,5,1,4,7,9,3,8
3334	7	1,4,7,3,8,6,9	1,7,6,3,9,4,8
3335	8	0,3,6,7,1,8,4,9	0,6,9,1,4,7,3,8
3336	7	0,3,7,6,9,2,8	0,6,2,7,8,3,9
3337	6	1,4,2,8,7,9	1,7,2,9,4,8
3338	6	1,4,2,8,7,9	1,7,2,9,4,8
3339	8	0,3,7,1,8,4,5,9	0,5,1,4,7,9,3,8
3340	7	0,3,6,2,8,7,9	0,6,7,2,9,3,8
3341	6	1,4,2,7,8,9	1,7,4,9,2,8
3342	6	2,6,3,7,8,9	2,7,6,9,3,8
3343	6	1,4,2,7,8,9	1,7,4,9,2,8
3344	7	2,4,7,3,8,9,6	2,7,6,3,9,4,8
3345	6	2,6,3,7,8,9	2,7,6,9,3,8
3346	6	1,4,2,7,8,9	1,7,4,9,2,8
3347	6	1,4,2,7,9,8	1,7,4,8,2,9
3348	5	1,4,7,8,9	1,7,9,4,8
3349	5	1,4,7,8,9	1,7,9,4,8
3350	5	2,4,7,8,9	2,7,9,4,8
3351	5	1,4,7,8,9	1,7,9,4,8
3352	6	1,4,2,7,9,8	1,7,4,8,2,9
3353	6	0,3,6,7,8,9	0,6,9,7,3,8
3354	6	0,3,6,7,8,9	0,6,9,7,3,8
3355	6	1,4,2,7,9,8	1,7,4,8,2,9
3356	5	1,4,7,8,9	1,7,9,4,8
3357	5	2,4,7,8,9	2,7,9,4,8
3358	5	1,4,7,8,9	1,7,9,4,8
3359	6	0,3,6,7,8,9	0,6,9,7,3,8
3360	5	1,4,7,8,9	1,7,9,4,8
3361	5	2,4,7,8,9	2,7,9,4,8
3362	7	1,5,4,7,8,2,9	1,7,2,4,9,5,8
3363	7	1,4,2,7,8,5,9	1,5,4,7,9,2,8
3364	7	0,3,6,2,8,7,9	0,6,7,2,9,3,8
3365	7	1,4,2,7,8,5,9	1,5,4,7,9,2,8
3366	8	0,3,7,1,8,5,4,9	0,5,1,4,7,9,3,8
3367	6	1,4,2,7,8,9	1,7,4,9,2,8
3368	6	1,4,2,7,8,9	1,7,4,9,2,8
3369	6	1,4,2,7,8,9	1,7,4,9,2,8
3370	8	0,3,7,1,9,4,5,8	0,5,1,4,7,8,3,9
3371	7	1,4,2,7,8,5,9	1,5,4,7,9,2,8
3372	6	1,4,2,7,8,9	1,7,4,9,2,8
3373	6	1,4,5,8,9,7	1,5,9,4,7,8
3374	6	1,4,5,8,9,7	1,5,9,4,7,8
3375	6	1,4,2,7,8,9	1,7,4,9,2,8
3376	6	0,3,6,7,8,9	0,6,9,7,3,8
3377	6	0,3,6,7,8,9	0,6,9,7,3,8
3378	6	1,4,5,8,9,7	1,5,9,4,7,8
3379	6	1,4,5,8,9,7	1,5,9,4,7,8
3380	7	1,5,4,7,8,2,9	1,7,2,4,9,5,8
3381	5	1,4,5,8,9	1,5,9,4,8
3382	6	1,4,2,7,8,9	1,7,4,9,2,8
3383	7	1,4,2,7,8,9,5	1,7,4,5,8,2,9
3384	5	1,4,5,8,9	1,5,9,4,8
3385	7	0,3,6,2,7,8,9	0,6,7,3,9,2,8
3386	5	1,4,5,8,9	1,5,9,4,8
3387	5	1,4,5,8,9	1,5,9,4,8
3388	6	1,4,5,8,7,9	1,5,9,8,4,7
3389	7	1,4,2,7,9,8,5	1,7,4,5,9,2,8
3390	6	1,4,5,8,9,7	1,5,9,4,7,8
3391	8	0,3,7,1,9,4,5,8	0,5,1,4,7,8,3,9
3392	6	1,5,4,8,7,9	1,7,4,9,5,8
3393	8	0,3,7,1,9,4,5,8	0,5,1,4,7,8,3,9
3394	5	1,4,5,8,9	1,5,9,4,8
3395	8	0,3,7,4,9,5,1,8	0,5,4,1,7,8,3,9
3396	5	1,4,5,8,9	1,5,9,4,8
3397	6	1,4,5,8,9,7	1,5,9,4,7,8
3398	7	0,3,7,6,9,2,8	0,6,2,7,8,3,9
3399	7	1,4,2,7,8,9,5	1,7,4,5,8,2,9
3400	6	2,6,3,7,8,9	2,7,6,9,3,8
3401	6	2,6,3,7,8,9	2,7,6,9,3,8
3402	7	1,4,2,7,8,9,5	1,7,4,5,8,2,9
3403	7	2,4,7,3,8,9,6	2,7,6,3,9,4,8
3404	6	2,6,3,7,8,9	2,7,6,9,3,8
3405	5	2,4,7,8,9	2,7,9,4,8
3406	6	1,4,5,8,7,9	1,5,9,8,4,7
3407	6	1,4,5,8,7,9	1,5,9,8,4,7
3408	6	1,4,5,8,7,9	1,5,9,8,4,7
3409	6	1,4,5,8,7,9	1,5,9,8,4,7
3410	7	1,5,4,7,8,2,9	1,7,2,4,9,5,8
3411	6	1,4,2,8,7,9	1,7,2,9,4,8
3412	6	1,4,2,8,7,9	1,7,2,9,4,8
3413	7	1,4,2,7,8,5,9	1,5,4,7,9,2,8
3414	6	1,4,2,8,7,9	1,7,2,9,4,8
3415	6	1,5,4,8,7,9	1,7,4,9,5,8
3416	7	1,4,2,7,9,5,8	1,5,4,9,2,8,7
3417	5	1,4,5,8,9	1,5,9,4,8
3418	6	1,4,2,7,8,9	1,7,4,9,2,8
3419	6	2,6,3,7,8,9	2,7,6,9,3,8
3420	5	1,4,5,8,9	1,5,9,4,8
3421	5	1,4,5,8,9	1,5,9,4,8
3422	6	2,6,3,7,8,9	2,7,6,9,3,8
3423	6	1,4,2,7,9,8	1,7,4,8,2,9
3424	5	1,4,5,8,9	1,5,9,4,8
3425	5	1,4,5,8,9	1,5,9,4,8
3426	5	2,4,7,8,9	2,7,9,4,8
3427	6	1,4,2,7,9,8	1,7,4,8,2,9
3428	5	1,4,7,8,9	1,7,9,4,8
3429	5	1,4,7,8,9	1,7,9,4,8
3430	5	2,4,7,8,9	2,7,9,4,8
3431	6	1,4,2,7,9,8	1,7,4,8,2,9
3432	6	1,4,5,8,7,9	1,5,9,8,4,7
3433	6	2,6,3,7,8,9	2,7,6,9,3,8
3434	5	1,4,5,8,9	1,5,9,4,8
3435	5	2,4,7,8,9	2,7,9,4,8
3436	6	1,4,5,8,9,7	1,5,9,4,7,8
3437	7	1,4,2,7,8,6,9	1,7,6,2,9,4,8
3438	6	1,4,2,8,7,9	1,7,2,9,4,8
3439	7	0,3,6,2,9,7,8	0,6,8,2,7,3,9
3440	7	1,4,2,7,9,6,8	1,7,6,2,8,4,9
3441	6	1,4,2,8,7,9	1,7,2,9,4,8
3442	7	1,4,2,7,6,8,9	1,7,4,9,6,2,8
3443	6	2,4,7,6,8,9	2,6,9,4,8,7
3444	6	1,4,2,7,8,9	1,7,4,9,2,8
3445	5	1,4,7,8,9	1,7,9,4,8
3446	5	2,4,7,8,9	2,7,9,4,8
3447	6	0,3,6,7,9,8	0,6,8,7,3,9
3448	5	2,6,7,8,9	2,7,9,6,8
3449	6	0,3,6,7,9,8	0,6,8,7,3,9
3450	5	1,4,7,8,9	1,7,9,4,8
3451	5	2,4,7,8,9	2,7,9,4,8
3452	7	1,4,2,7,8,6,9	1,7,6,2,9,4,8
3453	8	0,3,7,1,8,4,5,9	0,5,1,4,7,9,3,8
3454	6	0,3,7,8,6,9	0,6,7,9,3,8
3455	7	1,4,2,7,8,6,9	1,7,6,2,9,4,8
3456	7	1,4,2,7,8,6,9	1,7,6,2,9,4,8
3457	5	1,4,7,8,9	1,7,9,4,8
3458	6	0,3,6,7,9,8	0,6,8,7,3,9
3459	6	0,3,6,7,8,9	0,6,9,7,3,8
3460	5	0,3,6,8,9	0,6,9,3,8
3461	6	0,3,6,7,8,9	0,6,9,7,3,8
3462	7	0,3,7,6,9,2,8	0,6,2,7,8,3,9
3463	7	0,3,6,2,8,7,9	0,6,7,2,9,3,8
3464	6	0,3,7,8,6,9	0,6,7,9,3,8
3465	6	2,4,7,8,6,9	2,6,7,9,4,8
3466	6	0,3,7,8,6,9	0,6,7,9,3,8
3467	6	2,6,3,8,7,9	2,7,3,9,6,8
3468	6	2,4,7,6,8,9	2,6,9,4,8,7
3469	5	0,3,6,8,9	0,6,9,3,8
3470	6	2,6,3,7,8,9	2,7,6,9,3,8
3471	5	2,4,7,8,9	2,7,9,4,8
3472	6	0,3,6,7,9,8	0,6,8,7,3,9
3473	5	2,6,7,8,9	2,7,9,6,8
3474	5	0,3,6,8,9	0,6,9,3,8
3475	6	0,3,6,7,8,9	0,6,9,7,3,8
3476	5	2,4,7,8,9	2,7,9,4,8
3477	5	3,6,7,8,9	3,7,9,6,8
3478	7	1,4,2,7,8,6,9	1,7,6,2,9,4,8
3479	6	1,4,2,8,7,9	1,7,2,9,4,8
3480	7	1,4,2,7,9,6,8	1,7,6,2,8,4,9
3481	6	1,4,2,7,9,8	1,7,4,8,2,9
3482	5	1,4,7,8,9	1,7,9,4,8
3483	5	1,4,7,8,9	1,7,9,4,8
3484	5	2,4,7,8,9	2,7,9,4,8
3485	5	1,4,7,8,9	1,7,9,4,8
3486	5	2,4,7,8,9	2,7,9,4,8
3487	7	1,4,2,7,8,6,9	1,7,6,2,9,4,8
3488	6	1,5,4,8,7,9	1,7,4,9,5,8
3489	8	0,3,6,2,9,4,7,8	0,6,8,4,2,7,3,9
3490	6	1,5,4,8,7,9	1,7,4,9,5,8
3491	8	0,3,6,2,7,8,4,9	0,6,9,3,7,4,2,8
3492	6	2,4,7,8,6,9	2,6,7,9,4,8
3493	8	0,3,6,2,7,8,4,9	0,6,9,3,7,4,2,8
3494	6	2,4,7,6,8,9	2,6,9,4,8,7
3495	8	0,3,6,2,7,4,8,9	0,6,7,3,9,4,2,8
3496	5	1,4,5,7,9	1,5,9,4,7
3497	7	0,5,1,7,4,9,8	0,7,5,8,4,1,9
3498	5	1,4,5,7,9	1,5,9,4,7
3499	6	0,5,4,7,9,8	0,7,5,8,4,9
3500	7	0,5,1,4,8,9,7	0,8,5,4,7,1,9
3501	5	1,4,5,7,9	1,5,9,4,7
3502	5	1,4,5,7,9	1,5,9,4,7
3503	8	0,3,6,7,1,8,4,9	0,6,8,3,9,1,4,7
3504	5	1,4,5,7,9	1,5,9,4,7
3505	7	1,4,2,8,6,9,7	1,8,4,7,6,2,9
3506	7	1,4,2,8,6,9,7	1,8,4,7,6,2,9
3507	8	0,5,1,4,7,6,8,9	0,6,9,5,4,8,1,7
3508	5	1,4,5,7,9	1,5,9,4,7
3509	5	1,4,5,7,9	1,5,9,4,7
3510	5	0,3,6,8,9	0,6,9,3,8
3511	5	0,3,6,8,9	0,6,9,3,8
3512	5	1,4,5,7,9	1,5,9,4,7
3513	7	0,5,7,1,8,4,9	0,7,4,1,9,5,8
3514	5	1,4,5,7,9	1,5,9,4,7
3515	7	0,5,1,7,9,4,8	0,7,4,5,8,1,9
3516	7	0,5,4,7,9,1,8	0,7,1,4,8,5,9
3517	7	0,5,1,7,9,4,8	0,7,4,1,8,5,9
3518	5	1,4,5,7,9	1,5,9,4,7
3519	5	1,4,5,8,9	1,5,9,4,8
3520	7	0,5,1,7,4,8,9	0,7,5,9,4,1,8
3521	6	0,5,4,7,9,8	0,7,5,8,4,9
3522	5	1,4,5,7,9	1,5,9,4,7
3523	6	0,5,4,7,9,8	0,7,5,8,4,9
3524	7	0,5,1,4,7,9,8	0,7,1,8,4,5,9
3525	6	1,4,7,5,9,8	1,5,8,4,9,7
3526	7	0,6,7,1,8,4,9	0,7,4,1,9,6,8
3527	5	1,4,5,7,9	1,5,9,4,7
3528	7	0,6,7,1,8,4,9	0,7,4,1,9,6,8
3529	7	1,4,2,8,6,9,7	1,8,4,7,6,2,9
3530	7	0,6,2,8,4,9,7	0,8,6,7,4,2,9
3531	5	1,4,5,7,9	1,5,9,4,7
3532	7	0,5,1,7,4,8,9	0,7,5,4,9,1,8
3533	5	0,3,6,8,9	0,6,9,3,8
3534	5	0,3,6,8,9	0,6,9,3,8
3535	7	0,5,1,7,6,9,8	0,6,8,1,9,5,7
3536	7	0,5,1,4,7,9,8	0,7,5,4,8,1,9
3537	7	0,5,1,4,7,9,8	0,7,1,8,4,5,9
3538	5	1,4,5,7,9	1,5,9,4,7
3539	5	0,3,6,8,9	0,6,9,3,8
3540	7	1,4,2,8,6,9,7	1,8,4,7,6,2,9
3541	5	0,3,6,8,9	0,6,9,3,8
3542	7	0,5,4,7,6,9,8	0,6,8,4,9,5,7
3543	7	0,6,7,1,8,5,9	0,7,5,1,9,6,8
3544	5	1,4,5,7,9	1,5,9,4,7
3545	7	0,5,1,7,9,6,8	0,6,7,5,8,1,9
3546	7	0,5,1,7,9,6,8	0,6,7,5,8,1,9
3547	7	0,3,6,8,5,9,7	0,5,7,6,9,3,8
3548	5	1,4,5,7,9	1,5,9,4,7
3549	7	0,5,4,7,1,9,8	0,7,5,8,1,4,9
3550	5	0,3,6,8,9	0,6,9,3,8
3551	5	0,3,6,8,9	0,6,9,3,8
3552	5	0,3,6,8,9	0,6,9,3,8
3553	7	0,5,1,7,6,9,8	0,6,8,1,9,5,7
3554	6	0,5,1,7,9,8	0,7,5,8,1,9
3555	6	0,5,1,7,9,8	0,7,5,8,1,9
3556	7	0,5,1,4,7,9,8	0,7,1,8,5,4,9
3557	5	1,4,5,7,9	1,5,9,4,7
3558	5	0,3,6,8,9	0,6,9,3,8
3559	8	0,3,6,7,1,9,8,5	0,6,9,3,8,1,5,7
3560	5	0,3,6,8,9	0,6,9,3,8
3561	6	0,5,7,6,9,8	0,6,8,5,9,7
3562	6	0,5,7,6,9,8	0,6,8,5,9,7
3563	7	0,6,7,4,8,5,9	0,7,5,4,9,6,8
3564	5	1,4,5,7,9	1,5,9,4,7
3565	7	0,6,2,8,4,9,7	0,8,6,7,4,2,9
3566	7	0,3,6,8,5,9,7	0,5,7,6,9,3,8
3567	5	1,4,5,7,9	1,5,9,4,7
3568	8	0,3,6,7,1,8,4,9	0,6,8,3,9,1,4,7
3569	5	1,4,5,7,9	1,5,9,4,7
3570	7	1,4,2,8,6,9,7	1,8,4,7,6,2,9
3571	7	1,4,2,8,6,9,7	1,8,4,7,6,2,9
3572	7	2,4,5,7,9,6,8	2,6,7,4,8,5,9
3573	5	1,4,5,7,9	1,5,9,4,7
3574	5	1,4,5,8,9	1,5,9,4,8
3575	7	0,5,4,7,6,8,9	0,6,9,4,8,5,7
3576	5	1,4,5,8,9	1,5,9,4,8
3577	6	1,4,7,5,9,8	1,5,8,4,9,7
3578	5	1,4,5,7,9	1,5,9,4,7
3579	7	0,5,4,7,6,8,9	0,6,9,4,8,5,7
3580	7	0,3,6,7,9,8,5	0,6,8,3,9,5,7
3581	6	1,4,7,5,9,8	1,5,8,4,9,7
3582	7	0,5,1,8,4,9,7	0,8,5,7,4,1,9
3583	5	1,4,5,8,9	1,5,9,4,8
3584	5	1,4,5,8,9	1,5,9,4,8
3585	6	0,5,4,7,9,8	0,7,5,8,4,9
3586	7	1,4,2,7,9,5,8	1,5,7,4,8,2,9
3587	5	1,4,5,8,9	1,5,9,4,8
3588	5	1,4,5,8,9	1,5,9,4,8
3589	7	1,4,2,7,5,8,9	1,5,4,7,9,2,8
3590	6	2,4,5,7,9,8	2,7,4,8,5,9
3591	5	1,4,5,8,9	1,5,9,4,8
3592	5	1,4,5,8,9	1,5,9,4,8
3593	8	0,3,6,2,8,4,7,9	0,6,8,3,9,4,2,7
3594	8	0,3,6,2,8,9,4,7	0,6,7,2,4,8,3,9
3595	8	0,3,6,2,8,4,7,9	0,6,8,3,9,4,2,7
3596	6	2,4,7,6,9,8	2,6,8,4,9,7
3597	6	2,4,7,6,9,8	2,6,8,4,9,7
3598	7	0,5,7,2,8,4,9	0,7,4,2,9,5,8
3599	7	0,5,1,8,4,9,7	0,8,5,7,4,1,9
3600	7	0,5,1,8,4,9,7	0,8,5,7,4,1,9
3601	7	0,5,4,7,9,2,8	0,7,2,4,8,5,9
3602	7	0,5,1,8,4,9,7	0,8,5,7,4,1,9
3603	7	1,4,2,7,9,5,8	1,5,7,4,8,2,9
3604	5	1,4,5,8,9	1,5,9,4,8
3605	7	0,5,4,7,2,9,8	0,7,5,8,2,4,9
3606	7	0,5,4,7,2,8,9	0,7,5,9,2,4,8
3607	5	1,4,5,8,9	1,5,9,4,8
3608	5	1,4,5,8,9	1,5,9,4,8
3609	5	1,4,5,8,9	1,5,9,4,8
3610	6	0,5,4,7,9,8	0,7,5,8,4,9
3611	7	1,4,2,7,5,8,9	1,5,4,7,9,2,8
3612	7	0,5,1,4,7,9,8	0,7,5,4,8,1,9
3613	5	1,4,5,8,9	1,5,9,4,8
3614	7	0,6,7,2,8,4,9	0,7,4,2,9,6,8
3615	7	0,3,6,7,9,2,8	0,7,2,6,8,3,9
3616	7	0,3,6,7,9,2,8	0,7,2,6,8,3,9
3617	7	0,3,6,7,9,2,8	0,7,2,6,8,3,9
3618	7	0,6,2,7,9,4,8	0,7,4,2,8,6,9
3619	8	0,3,6,2,7,9,4,8	0,6,8,3,9,2,4,7
3620	5	0,3,6,8,9	0,6,9,3,8
3621	5	0,3,6,8,9	0,6,9,3,8
3622	7	0,5,4,7,6,9,8	0,6,8,4,9,5,7
3623	7	0,5,1,4,7,9,8	0,7,5,4,8,1,9
3624	5	0,3,6,8,9	0,6,9,3,8
3625	5	0,3,6,8,9	0,6,9,3,8
3626	6	2,4,7,6,9,8	2,6,8,4,9,7
3627	7	0,6,7,4,8,5,9	0,7,5,4,9,6,8
3628	7	0,5,1,8,4,9,7	0,8,5,7,4,1,9
3629	7	0,5,1,8,4,9,7	0,8,5,7,4,1,9
3630	5	0,3,4,8,9	0,4,9,3,8
3631	5	1,5,6,8,9	1,6,9,5,8
3632	5	0,3,4,8,9	0,4,9,3,8
3633	5	0,3,4,8,9	0,4,9,3,8
3634	6	1,5,2,6,9,8	1,6,5,8,2,9
3635	5	0,3,4,8,9	0,4,9,3,8
3636	5	1,5,6,8,9	1,6,9,5,8
3637	5	1,5,6,8,9	1,6,9,5,8
3638	5	0,3,4,8,9	0,4,9,3,8
3639	6	1,5,2,8,6,9	1,6,2,9,5,8
3640	5	0,3,4,8,9	0,4,9,3,8
3641	6	0,4,3,8,7,9	0,7,3,9,4,8
3642	5	0,3,4,8,9	0,4,9,3,8
3643	5	0,3,4,8,9	0,4,9,3,8
3644	6	1,5,2,6,9,8	1,6,5,8,2,9
3645	6	1,5,2,8,6,9	1,6,2,9,5,8
3646	5	1,5,6,8,9	1,6,9,5,8
3647	5	1,5,6,8,9	1,6,9,5,8
3648	6	0,4,3,8,7,9	0,7,3,9,4,8
3649	5	0,3,4,8,9	0,4,9,3,8
3650	5	0,3,4,8,9	0,4,9,3,8
3651	5	1,5,6,8,9	1,6,9,5,8
3652	5	0,3,4,8,9	0,4,9,3,8
3653	5	0,3,4,7,9	0,4,9,3,7
3654	5	0,3,4,7,9	0,4,9,3,7
3655	5	0,3,4,7,9	0,4,9,3,7
3656	5	0,3,4,7,8	0,4,8,3,7
3657	5	0,3,4,7,9	0,4,9,3,7
3658	5	0,3,4,7,8	0,4,8,3,7
3659	5	0,3,4,7,9	0,4,9,3,7
3660	5	0,3,4,7,9	0,4,9,3,7
3661	5	0,3,4,7,9	0,4,9,3,7
3662	5	0,3,4,8,9	0,4,9,3,8
3663	5	0,3,4,7,8	0,4,8,3,7
3664	5	0,3,4,7,8	0,4,8,3,7
3665	5	0,3,4,7,8	0,4,8,3,7
3666	5	0,3,4,7,8	0,4,8,3,7
3667	5	0,3,4,7,8	0,4,8,3,7
3668	5	0,3,4,7,9	0,4,9,3,7
3669	5	1,5,6,8,9	1,6,9,5,8
3670	5	1,5,6,8,9	1,6,9,5,8
3671	5	0,3,4,7,9	0,4,9,3,7
3672	5	0,3,4,7,8	0,4,8,3,7
3673	5	0,3,4,7,8	0,4,8,3,7
3674	5	0,3,4,8,9	0,4,9,3,8
3675	5	0,3,4,8,9	0,4,9,3,8
3676	5	0,3,4,8,9	0,4,9,3,8
3677	5	1,5,6,8,9	1,6,9,5,8
3678	5	0,3,4,8,9	0,4,9,3,8
3679	5	0,3,4,8,9	0,4,9,3,8
3680	5	1,5,7,8,9	1,7,9,5,8
3681	5	0,3,4,8,9	0,4,9,3,8
3682	6	1,5,2,6,8,7	1,6,5,7,2,8
3683	5	0,3,4,8,9	0,4,9,3,8
3684	5	1,5,6,8,9	1,6,9,5,8
3685	6	1,5,2,6,9,7	1,6,5,7,2,9
3686	5	0,3,4,8,9	0,4,9,3,8
3687	5	0,3,4,8,9	0,4,9,3,8
3688	6	1,5,2,6,9,7	1,6,5,7,2,9
3689	5	0,3,4,8,9	0,4,9,3,8
3690	5	0,3,4,8,9	0,4,9,3,8
3691	6	1,5,2,6,8,7	1,6,5,7,2,8
3692	5	0,3,4,8,9	0,4,9,3,8
3693	6	1,5,2,6,9,7	1,6,5,7,2,9
3694	5	0,3,4,8,9	0,4,9,3,8
3695	5	0,3,4,8,9	0,4,9,3,8
3696	5	0,3,4,8,9	0,4,9,3,8
3697	5	0,3,4,8,9	0,4,9,3,8
3698	5	1,5,6,8,9	1,6,9,5,8
3699	6	1,5,2,6,8,7	1,6,5,7,2,8
3700	5	1,5,6,8,9	1,6,9,5,8
3701	5	1,5,7,8,9	1,7,9,5,8
3702	6	1,5,2,6,8,7	1,6,5,7,2,8
3703	5	0,3,4,8,9	0,4,9,3,8
3704	5	0,3,4,8,9	0,4,9,3,8
3705	5	1,5,6,8,9	1,6,9,5,8
3706	5	0,3,4,8,9	0,4,9,3,8
3707	5	0,3,4,8,9	0,4,9,3,8
3708	5	1,5,7,8,9	1,7,9,5,8
3709	5	0,3,4,8,9	0,4,9,3,8
3710	6	1,5,2,6,8,9	1,6,5,9,2,8
3711	5	0,3,4,8,9	0,4,9,3,8
3712	5	2,5,6,8,9	2,6,9,5,8
3713	5	1,5,6,8,9	1,6,9,5,8
3714	6	1,5,2,8,6,9	1,6,2,9,5,8
3715	5	0,3,4,8,9	0,4,9,3,8
3716	5	0,3,4,8,9	0,4,9,3,8
3717	6	0,4,3,8,7,9	0,7,3,9,4,8
3718	5	0,3,4,8,9	0,4,9,3,8
3719	5	0,3,4,8,9	0,4,9,3,8
3720	5	1,5,7,8,9	1,7,9,5,8
3721	6	0,4,3,8,7,9	0,7,3,9,4,8
3722	5	0,3,4,8,9	0,4,9,3,8
3723	6	1,5,2,8,6,9	1,6,2,9,5,8
3724	5	1,5,6,8,9	1,6,9,5,8
3725	6	1,5,2,6,9,8	1,6,5,8,2,9
3726	5	1,5,6,8,9	1,6,9,5,8
3727	6	0,4,3,8,7,9	0,7,3,9,4,8
3728	5	0,3,4,8,9	0,4,9,3,8
3729	5	0,3,4,8,9	0,4,9,3,8
3730	5	0,3,4,8,9	0,4,9,3,8
3731	5	2,5,6,8,9	2,6,9,5,8
3732	5	0,3,4,7,9	0,4,9,3,7
3733	5	0,3,4,7,9	0,4,9,3,7
3734	5	0,3,4,7,9	0,4,9,3,7
3735	5	0,3,4,7,8	0,4,8,3,7
3736	5	0,3,4,7,9	0,4,9,3,7
3737	5	0,3,4,7,9	0,4,9,3,7
3738	5	0,3,4,7,9	0,4,9,3,7
3739	5	0,3,4,7,9	0,4,9,3,7
3740	5	0,3,4,8,9	0,4,9,3,8
3741	5	0,3,4,7,9	0,4,9,3,7
3742	5	0,3,4,7,8	0,4,8,3,7
3743	5	0,3,4,7,8	0,4,8,3,7
3744	5	0,3,4,7,8	0,4,8,3,7
3745	5	0,3,4,7,8	0,4,8,3,7
3746	5	0,3,4,7,8	0,4,8,3,7
3747	5	0,3,4,7,9	0,4,9,3,7
3748	5	1,5,6,8,9	1,6,9,5,8
3749	5	0,3,4,7,9	0,4,9,3,7
3750	5	0,3,4,7,9	0,4,9,3,7
3751	5	1,5,6,8,9	1,6,9,5,8
3752	5	1,5,6,7,9	1,6,9,5,7
3753	5	1,5,6,7,9	1,6,9,5,7
3754	5	1,5,6,7,9	1,6,9,5,7
3755	5	1,5,6,7,9	1,6,9,5,7
3756	5	1,5,6,7,9	1,6,9,5,7
3757	5	1,5,6,7,9	1,6,9,5,7
3758	5	1,5,6,7,9	1,6,9,5,7
3759	5	1,5,6,7,9	1,6,9,5,7
3760	5	0,3,4,8,9	0,4,9,3,8
3761	5	1,5,6,7,9	1,6,9,5,7
3762	5	0,3,4,8,9	0,4,9,3,8
3763	5	0,3,4,8,9	0,4,9,3,8
3764	5	0,3,4,8,9	0,4,9,3,8
3765	5	1,5,6,7,9	1,6,9,5,7
3766	5	0,3,4,8,9	0,4,9,3,8
3767	5	0,3,4,8,9	0,4,9,3,8
3768	5	1,5,6,7,9	1,6,9,5,7
3769	5	1,5,6,7,8	1,6,8,5,7
3770	5	1,5,6,7,8	1,6,8,5,7
3771	5	1,5,6,7,8	1,6,8,5,7
3772	5	1,5,6,7,9	1,6,9,5,7
3773	5	1,5,6,7,9	1,6,9,5,7
3774	5	1,5,6,7,9	1,6,9,5,7
3775	5	1,5,6,7,9	1,6,9,5,7
3776	5	0,3,4,8,9	0,4,9,3,8
3777	5	0,3,4,8,9	0,4,9,3,8
3778	5	1,5,6,7,8	1,6,8,5,7
3779	5	1,5,6,7,8	1,6,8,5,7
3780	5	1,5,6,7,8	1,6,8,5,7
3781	5	0,3,4,8,9	0,4,9,3,8
3782	5	1,5,6,8,9	1,6,9,5,8
3783	5	0,3,4,8,9	0,4,9,3,8
3784	6	1,5,2,6,9,8	1,6,5,8,2,9
3785	5	1,5,6,8,9	1,6,9,5,8
3786	6	1,5,2,8,6,9	1,6,2,9,5,8
3787	5	0,3,4,8,9	0,4,9,3,8
3788	6	0,4,3,8,7,9	0,7,3,9,4,8
3789	5	0,3,4,8,9	0,4,9,3,8
3790	5	0,3,4,8,9	0,4,9,3,8
3791	5	0,3,4,8,9	0,4,9,3,8
3792	6	1,5,2,8,6,9	1,6,2,9,5,8
3793	5	1,5,6,8,9	1,6,9,5,8
3794	6	1,5,2,6,8,9	1,6,5,9,2,8
3795	5	1,5,6,8,9	1,6,9,5,8
3796	5	0,3,4,7,9	0,4,9,3,7
3797	5	0,3,4,7,9	0,4,9,3,7
3798	5	0,3,4,7,9	0,4,9,3,7
3799	5	0,3,4,7,9	0,4,9,3,7
3800	5	0,3,4,7,9	0,4,9,3,7
3801	5	0,3,4,7,9	0,4,9,3,7
3802	5	0,3,4,7,9	0,4,9,3,7
3803	5	0,3,4,8,9	0,4,9,3,8
3804	5	0,3,4,7,9	0,4,9,3,7
3805	6	1,5,2,6,9,8	1,6,5,8,2,9
3806	5	0,3,4,7,9	0,4,9,3,7
3807	5	0,3,4,7,9	0,4,9,3,7
3808	5	1,5,6,8,9	1,6,9,5,8
3809	5	0,3,4,7,9	0,4,9,3,7
3810	5	1,5,6,8,9	1,6,9,5,8
3811	5	0,3,4,7,9	0,4,9,3,7
3812	5	0,3,4,7,9	0,4,9,3,7
3813	5	0,3,4,8,9	0,4,9,3,8
3814	5	0,3,4,7,9	0,4,9,3,7
3815	5	1,5,6,8,9	1,6,9,5,8
3816	5	0,3,4,7,9	0,4,9,3,7
3817	5	0,3,4,7,8	0,4,8,3,7
3818	5	0,3,4,7,8	0,4,8,3,7
3819	5	0,3,4,7,8	0,4,8,3,7
3820	5	0,3,4,7,9	0,4,9,3,7
3821	6	1,5,2,6,9,8	1,6,5,8,2,9
3822	5	0,3,4,7,9	0,4,9,3,7
3823	6	1,5,2,6,9,8	1,6,5,8,2,9
3824	5	0,3,4,7,9	0,4,9,3,7
3825	5	0,3,4,7,8	0,4,8,3,7
3826	5	0,3,4,7,8	0,4,8,3,7
3827	5	0,3,4,7,8	0,4,8,3,7
3828	5	0,3,4,7,8	0,4,8,3,7
3829	5	0,3,4,7,8	0,4,8,3,7
3830	5	0,3,4,7,9	0,4,9,3,7
3831	5	1,5,6,8,9	1,6,9,5,8
3832	5	0,3,4,7,9	0,4,9,3,7
3833	5	0,3,4,7,9	0,4,9,3,7
3834	5	1,5,6,8,9	1,6,9,5,8
3835	5	0,3,4,7,9	0,4,9,3,7
3836	5	1,5,6,8,9	1,6,9,5,8
3837	5	0,3,4,7,9	0,4,9,3,7
3838	5	1,5,6,8,9	1,6,9,5,8
3839	5	0,3,4,7,9	0,4,9,3,7
3840	5	0,3,4,7,8	0,4,8,3,7
3841	5	0,3,4,7,8	0,4,8,3,7
3842	5	0,3,4,7,8	0,4,8,3,7
3843	5	0,3,4,7,8	0,4,8,3,7
3844	6	1,5,2,8,6,9	1,6,2,9,5,8
3845	5	0,3,4,7,8	0,4,8,3,7
3846	6	1,5,2,8,6,9	1,6,2,9,5,8
3847	5	0,3,4,7,8	0,4,8,3,7
3848	6	1,5,2,6,9,7	1,6,5,7,2,9
3849	5	0,3,4,8,9	0,4,9,3,8
3850	6	1,5,2,6,9,7	1,6,5,7,2,9
3851	5	1,5,6,8,9	1,6,9,5,8
3852	5	0,3,4,8,9	0,4,9,3,8
3853	6	1,5,2,6,9,7	1,6,5,7,2,9
3854	5	0,3,4,8,9	0,4,9,3,8
3855	5	0,3,4,8,9	0,4,9,3,8
3856	6	1,5,2,6,9,7	1,6,5,7,2,9
3857	5	0,3,4,8,9	0,4,9,3,8
3858	6	1,5,2,6,9,7	1,6,5,7,2,9
3859	5	0,3,4,8,9	0,4,9,3,8
3860	5	0,3,4,8,9	0,4,9,3,8
3861	5	0,3,4,8,9	0,4,9,3,8
3862	6	1,5,2,6,9,7	1,6,5,7,2,9
3863	5	0,3,4,8,9	0,4,9,3,8
3864	6	1,5,2,6,9,7	1,6,5,7,2,9
3865	5	1,5,6,8,9	1,6,9,5,8
3866	6	1,5,2,6,8,9	1,6,5,9,2,8
3867	6	1,5,2,6,9,7	1,6,5,7,2,9
3868	5	1,5,6,8,9	1,6,9,5,8
3869	5	1,5,6,8,9	1,6,9,5,8
3870	6	1,5,2,6,9,7	1,6,5,7,2,9
3871	5	0,3,4,8,9	0,4,9,3,8
3872	5	0,3,4,8,9	0,4,9,3,8
3873	5	0,3,4,8,9	0,4,9,3,8
3874	5	1,5,6,8,9	1,6,9,5,8
3875	5	0,3,4,8,9	0,4,9,3,8
3876	6	1,5,2,6,9,7	1,6,5,7,2,9
3877	6	1,5,2,6,9,7	1,6,5,7,2,9
3878	5	1,5,7,8,9	1,7,9,5,8
3879	5	1,5,7,8,9	1,7,9,5,8
3880	6	1,5,2,6,8,7	1,6,5,7,2,8
3881	6	1,5,2,6,8,7	1,6,5,7,2,8
3882	6	1,5,2,6,8,7	1,6,5,7,2,8
3883	6	1,5,2,6,8,7	1,6,5,7,2,8
3884	6	1,5,2,6,9,7	1,6,5,7,2,9
3885	5	1,5,6,8,9	1,6,9,5,8
3886	5	1,5,7,8,9	1,7,9,5,8
3887	6	1,5,2,6,9,7	1,6,5,7,2,9
3888	6	0,3,4,8,9,7	0,4,9,3,7,8
3889	5	1,5,6,8,9	1,6,9,5,8
3890	6	1,5,2,6,8,7	1,6,5,7,2,8
3891	5	1,5,6,8,9	1,6,9,5,8
3892	5	1,5,7,8,9	1,7,9,5,8
3893	6	1,5,2,6,8,7	1,6,5,7,2,8
3894	5	1,5,6,8,9	1,6,9,5,8
3895	6	1,5,2,6,9,7	1,6,5,7,2,9
3896	5	0,3,4,8,9	0,4,9,3,8
3897	5	0,3,4,8,9	0,4,9,3,8
3898	5	0,3,4,8,9	0,4,9,3,8
3899	6	1,5,2,6,9,7	1,6,5,7,2,9
3900	6	1,5,2,8,6,9	1,6,2,9,5,8
3901	6	1,5,2,6,9,7	1,6,5,7,2,9
3902	7	0,3,7,1,8,5,9	0,7,5,1,9,3,8
3903	6	1,5,2,6,8,7	1,6,5,7,2,8
3904	7	0,3,7,1,8,5,9	0,7,5,1,9,3,8
3905	5	0,3,4,7,9	0,4,9,3,7
3906	5	0,3,4,7,9	0,4,9,3,7
3907	5	0,3,4,7,9	0,4,9,3,7
3908	5	0,3,4,7,9	0,4,9,3,7
3909	5	0,3,4,8,9	0,4,9,3,8
3910	5	0,3,4,7,9	0,4,9,3,7
3911	6	1,5,2,6,9,8	1,6,5,8,2,9
3912	5	0,3,4,7,9	0,4,9,3,7
3913	5	0,3,4,7,9	0,4,9,3,7
3914	5	0,3,4,8,9	0,4,9,3,8
3915	5	0,3,4,7,9	0,4,9,3,7
3916	5	0,3,4,7,9	0,4,9,3,7
3917	6	1,5,2,6,8,9	1,6,5,9,2,8
3918	5	0,3,4,7,9	0,4,9,3,7
3919	5	0,3,4,7,9	0,4,9,3,7
3920	5	1,5,6,8,9	1,6,9,5,8
3921	5	0,3,4,7,9	0,4,9,3,7
3922	5	0,3,4,7,9	0,4,9,3,7
3923	5	1,5,6,8,9	1,6,9,5,8
3924	5	0,3,4,7,9	0,4,9,3,7
3925	5	0,3,4,7,9	0,4,9,3,7
3926	5	0,3,4,8,9	0,4,9,3,8
3927	5	0,3,4,7,9	0,4,9,3,7
3928	5	0,3,4,7,9	0,4,9,3,7
3929	5	2,5,6,8,9	2,6,9,5,8
3930	5	0,3,4,7,9	0,4,9,3,7
3931	6	1,5,2,6,9,8	1,6,5,8,2,9
3932	5	0,3,4,7,9	0,4,9,3,7
3933	5	1,5,7,8,9	1,7,9,5,8
3934	5	0,3,4,7,9	0,4,9,3,7
3935	5	0,3,4,7,8	0,4,8,3,7
3936	5	0,3,4,7,8	0,4,8,3,7
3937	5	0,3,4,7,8	0,4,8,3,7
3938	5	0,3,4,7,9	0,4,9,3,7
3939	6	1,5,2,6,8,9	1,6,5,9,2,8
3940	5	0,3,4,7,9	0,4,9,3,7
3941	5	0,3,4,7,9	0,4,9,3,7
3942	6	1,5,2,6,8,9	1,6,5,9,2,8
3943	5	0,3,4,7,9	0,4,9,3,7
3944	5	0,3,4,7,8	0,4,8,3,7
3945	5	0,3,4,7,8	0,4,8,3,7
3946	5	0,3,4,7,8	0,4,8,3,7
3947	5	0,3,4,7,9	0,4,9,3,7
3948	5	1,5,6,8,9	1,6,9,5,8
3949	5	0,3,4,7,9	0,4,9,3,7
3950	5	0,3,4,7,9	0,4,9,3,7
3951	5	0,3,4,7,9	0,4,9,3,7
3952	5	1,5,6,8,9	1,6,9,5,8
3953	5	0,3,4,7,9	0,4,9,3,7
3954	5	2,5,6,8,9	2,6,9,5,8
3955	5	0,3,4,7,9	0,4,9,3,7
3956	5	0,3,4,7,9	0,4,9,3,7
3957	5	2,5,6,8,9	2,6,9,5,8
3958	6	1,5,2,8,6,9	1,6,2,9,5,8
3959	5	0,3,4,7,9	0,4,9,3,7
3960	5	0,3,4,7,8	0,4,8,3,7
3961	6	1,5,2,8,6,9	1,6,2,9,5,8
3962	5	0,3,4,7,8	0,4,8,3,7
3963	5	1,5,6,7,9	1,6,9,5,7
3964	5	1,5,6,7,9	1,6,9,5,7
3965	5	1,5,6,7,9	1,6,9,5,7
3966	5	1,5,6,7,9	1,6,9,5,7
3967	5	1,5,6,7,9	1,6,9,5,7
3968	5	0,3,4,8,9	0,4,9,3,8
3969	5	0,3,4,8,9	0,4,9,3,8
3970	5	0,3,4,8,9	0,4,9,3,8
3971	5	1,5,6,7,9	1,6,9,5,7
3972	5	1,5,6,7,9	1,6,9,5,7
3973	5	1,5,6,7,9	1,6,9,5,7
3974	5	0,3,4,8,9	0,4,9,3,8
3975	5	0,3,4,8,9	0,4,9,3,8
3976	5	2,5,6,7,9	2,6,9,5,7
3977	5	1,5,6,7,9	1,6,9,5,7
3978	5	1,5,6,7,9	1,6,9,5,7
3979	5	1,5,6,8,9	1,6,9,5,8
3980	6	1,5,2,7,6,8	1,6,2,8,5,7
3981	5	1,5,6,7,9	1,6,9,5,7
3982	6	1,5,2,7,6,8	1,6,2,8,5,7
3983	6	1,5,2,6,7,8	1,6,5,8,2,7
3984	5	1,5,6,7,8	1,6,8,5,7
3985	5	1,5,6,7,8	1,6,8,5,7
3986	5	1,5,6,7,9	1,6,9,5,7
3987	5	1,5,6,7,9	1,6,9,5,7
3988	5	1,5,6,7,9	1,6,9,5,7
3989	5	0,3,4,8,9	0,4,9,3,8
3990	5	0,3,4,8,9	0,4,9,3,8
3991	5	0,3,4,8,9	0,4,9,3,8
3992	5	1,5,6,7,9	1,6,9,5,7
3993	5	0,3,4,8,9	0,4,9,3,8
3994	5	1,5,6,7,9	1,6,9,5,7
3995	5	1,5,6,8,9	1,6,9,5,8
3996	6	1,5,2,6,8,9	1,6,5,9,2,8
3997	5	2,5,6,8,9	2,6,9,5,8
3998	5	1,5,6,7,9	1,6,9,5,7
3999	5	1,5,6,7,9	1,6,9,5,7
4000	5	0,3,4,8,9	0,4,9,3,8
4001	5	0,3,4,8,9	0,4,9,3,8
4002	5	1,5,6,7,9	1,6,9,5,7
4003	5	1,5,6,7,9	1,6,9,5,7
4004	6	0,3,4,8,9,7	0,4,9,3,7,8
4005	5	1,5,6,7,9	1,6,9,5,7
4006	5	1,5,6,7,8	1,6,8,5,7
4007	5	1,5,6,7,8	1,6,8,5,7
4008	5	1,5,6,7,8	1,6,8,5,7
4009	5	1,5,6,7,8	1,6,8,5,7
4010	6	1,5,2,8,6,9	1,6,2,9,5,8
4011	7	0,3,7,1,8,5,9	0,7,5,1,9,3,8
4012	5	1,5,6,7,8	1,6,8,5,7
4013	7	0,3,7,5,8,6,9	0,7,6,5,9,3,8
4014	5	0,3,4,7,9	0,4,9,3,7
4015	5	0,3,4,8,9	0,4,9,3,8
4016	5	0,3,4,7,9	0,4,9,3,7
4017	5	0,3,4,7,9	0,4,9,3,7
4018	6	1,5,2,6,9,8	1,6,5,8,2,9
4019	5	0,3,4,7,9	0,4,9,3,7
4020	5	1,5,6,8,9	1,6,9,5,8
4021	5	0,3,4,7,9	0,4,9,3,7
4022	5	1,5,6,8,9	1,6,9,5,8
4023	5	0,3,4,7,9	0,4,9,3,7
4024	5	1,5,6,8,9	1,6,9,5,8
4025	5	0,3,4,7,9	0,4,9,3,7
4026	5	1,5,6,8,9	1,6,9,5,8
4027	6	1,5,2,8,6,9	1,6,2,9,5,8
4028	5	0,3,4,7,8	0,4,8,3,7
4029	6	1,5,2,8,6,9	1,6,2,9,5,8
4030	7	0,3,7,1,8,5,9	0,7,5,1,9,3,8
4031	5	0,3,4,7,9	0,4,9,3,7
4032	6	1,5,2,6,9,7	1,6,5,7,2,9
4033	5	0,3,4,7,9	0,4,9,3,7
4034	6	1,5,2,6,9,7	1,6,5,7,2,9
4035	6	0,4,3,7,9,8	0,7,4,8,3,9
4036	5	0,3,4,7,9	0,4,9,3,7
4037	8	0,3,7,1,5,9,6,8	0,7,5,6,1,8,3,9
4038	5	0,3,4,7,9	0,4,9,3,7
4039	5	0,3,4,7,9	0,4,9,3,7
4040	6	1,5,2,6,8,9	1,6,5,9,2,8
4041	5	0,3,4,7,9	0,4,9,3,7
4042	6	1,5,2,6,9,7	1,6,5,7,2,9
4043	6	0,4,3,7,9,8	0,7,4,8,3,9
4044	5	0,3,4,7,9	0,4,9,3,7
4045	6	1,5,2,8,6,9	1,6,2,9,5,8
4046	5	0,3,4,7,9	0,4,9,3,7
4047	5	0,3,4,7,9	0,4,9,3,7
4048	6	1,5,2,6,8,9	1,6,5,9,2,8
4049	6	1,5,2,6,9,8	1,6,5,8,2,9
4050	5	1,5,6,8,9	1,6,9,5,8
4051	5	1,5,6,8,9	1,6,9,5,8
4052	5	0,3,4,7,9	0,4,9,3,7
4053	6	1,5,2,6,8,9	1,6,5,9,2,8
4054	5	0,3,4,7,9	0,4,9,3,7
4055	6	1,5,2,6,9,7	1,6,5,7,2,9
4056	5	0,3,4,7,9	0,4,9,3,7
4057	5	1,5,6,8,9	1,6,9,5,8
4058	5	1,5,6,8,9	1,6,9,5,8
4059	5	0,3,4,7,9	0,4,9,3,7
4060	7	0,3,7,1,8,5,9	0,7,5,1,9,3,8
4061	5	0,3,4,7,9	0,4,9,3,7
4062	5	0,3,4,7,9	0,4,9,3,7
4063	5	0,3,4,8,9	0,4,9,3,8
4064	5	0,3,4,8,9	0,4,9,3,8
4065	5	0,3,4,8,9	0,4,9,3,8
4066	5	0,3,4,7,9	0,4,9,3,7
4067	6	0,4,3,7,9,8	0,7,4,8,3,9
4068	5	0,3,4,7,9	0,4,9,3,7
4069	6	1,5,2,6,9,7	1,6,5,7,2,9
4070	5	0,3,4,7,9	0,4,9,3,7
4071	5	1,5,6,8,9	1,6,9,5,8
4072	6	0,4,3,7,9,8	0,7,4,8,3,9
4073	6	1,5,2,7,6,8	1,6,2,8,5,7
4074	6	1,5,2,7,6,8	1,6,2,8,5,7
4075	5	1,5,6,7,9	1,6,9,5,7
4076	5	1,5,6,7,9	1,6,9,5,7
4077	6	1,5,2,7,6,8	1,6,2,8,5,7
4078	6	1,5,2,7,6,8	1,6,2,8,5,7
4079	6	1,5,2,7,6,8	1,6,2,8,5,7
4080	6	1,5,2,7,6,8	1,6,2,8,5,7
4081	5	1,5,6,7,9	1,6,9,5,7
4082	6	1,5,2,8,6,9	1,6,2,9,5,8
4083	5	0,3,4,7,9	0,4,9,3,7
4084	5	0,3,4,7,9	0,4,9,3,7
4085	6	1,5,2,6,8,9	1,6,5,9,2,8
4086	5	1,5,6,8,9	1,6,9,5,8
4087	5	2,5,6,8,9	2,6,9,5,8
4088	5	0,3,4,7,9	0,4,9,3,7
4089	6	1,5,2,6,8,9	1,6,5,9,2,8
4090	5	0,3,4,7,9	0,4,9,3,7
4091	5	2,5,6,8,9	2,6,9,5,8
4092	5	1,5,6,7,9	1,6,9,5,7
4093	7	0,3,7,5,8,6,9	0,7,6,5,9,3,8
4094	5	0,3,4,7,9	0,4,9,3,7
4095	5	0,3,4,7,9	0,4,9,3,7
4096	6	0,4,3,7,9,8	0,7,4,8,3,9
4097	5	1,5,6,7,9	1,6,9,5,7
