J?BDzzw}Fo? PAIR C1=0,9,3,6,5,1,7,2,8,4,10 C2=0,5,7,3,8,1,10,2,9,4,6
J?Betx{}Fo? PAIR C1=0,7,5,1,9,3,8,4,10 C2=0,5,8,1,10,3,7,4,9
J?Bett{}Fo? PAIR C1=0,5,8,3,10,4,7,2,9,1,6 C2=0,7,6,3,9,4,8,1,5,2,10
J?Bczzw}Fo? PAIR C1=0,9,4,6,5,2,7,3,8,1,10 C2=0,6,3,10,2,9,1,5,7,4,8
J?BvUq{]fo? PAIR C1=0,5,1,6,9,2,10,3,7,4,8 C2=0,7,1,9,3,5,8,2,6,4,10
J?bFdx{^Fo? PAIR C1=0,5,7,2,9,4,8,3,10 C2=0,4,10,2,8,5,9,3,7
J?bFbx{}@{? PAIR C1=1,6,3,10,2,8,5,7 C2=1,5,10,6,2,7,3,8
J?bFdt{^Bw? PAIR C1=0,6,1,5,8,4,10,3,7 C2=0,4,7,6,3,8,1,10,5
J?bFbu{^Bw? PAIR C1=0,6,1,5,9,4,10,3,7,2,8 C2=0,4,8,3,9,1,7,6,2,10,5
J?bDrx{|Fo? PAIR C1=0,5,7,2,6,4,8,3,9,1,10 C2=0,4,10,2,9,5,8,1,7,3,6
J?bDrx{|Bs? PAIR C1=0,5,7,1,10,2,8,4,6,3,9 C2=0,4,7,2,9,5,1,8,3,10,6
J?bDrvs^Fo? PAIR C1=0,6,4,7,2,9,3,8,5,1,10 C2=0,4,10,3,7,6,2,8,1,9,5
J?bBvrsnBw? PAIR C1=0,7,1,5,8,3,10,2,6,4,9 C2=0,4,10,5,9,2,7,3,6,1,8
J?bDnrw^Bw? PAIR C1=0,5,6,2,10,3,9,4,8 C2=0,4,10,5,9,2,8,3,6
J?bDnrw^Bs? PAIR C1=0,5,6,3,10,1,9,2,7,4,8 C2=0,4,10,6,2,8,1,5,9,3,7
J?`fey{}Bs? PAIR C1=0,4,10,6,1,7,5,2,8 C2=0,6,2,10,1,5,8,4,7
J?`fey{^Fo? PAIR C1=0,6,2,9,1,5,7,4,8,3,10 C2=0,4,10,2,8,5,9,3,6,1,7
J?`evi{^Fo? PAIR C1=0,7,5,2,9,4,8,3,10 C2=0,4,10,2,7,3,9,5,8
J?`etzw|Bs? PAIR C1=0,6,4,7,5,1,10,3,8,2,9 C2=0,4,8,1,9,5,2,10,6,3,7
J?`etvs^Fo? PAIR C1=0,6,4,9,1,8,5,2,7 C2=0,4,7,6,1,5,9,2,8
J?`enrwnBw? PAIR C1=0,6,5,2,10,1,7,3,8,4,9 C2=0,4,10,5,9,3,6,1,8,2,7
J?`enrwnBs? PAIR C1=0,8,1,7,3,6,5,2,10,4,9 C2=0,4,8,3,10,6,1,5,9,2,7
J?`bmy{}Fo? PAIR C1=0,7,3,8,4,9,1,6,5,2,10 C2=0,4,10,1,7,5,8,2,6,3,9
J?`bmu{}Fo? PAIR C1=0,7,1,5,6,2,8,4,9 C2=0,4,7,6,1,9,2,5,8
J?`bk~w}Fo? PAIR C1=0,8,2,6,1,5,7,4,10 C2=0,4,8,1,10,2,5,6,7
J?`c~rw|Bs? PAIR C1=0,8,2,10,4,7,1,5,6,3,9 C2=0,4,8,3,7,2,5,9,1,10,6
J?`c~h{}Fo? PAIR C1=0,6,4,8,5,1,7,3,10 C2=0,4,10,1,8,3,6,5,7
J?aNfp{^Fg? PAIR C1=0,5,8,4,7,2,9,3,6,1,10 C2=0,4,9,5,10,3,7,1,8,2,6
J?aNfd{^Bw? PAIR C1=0,5,8,3,10,4,9,1,6,2,7 C2=0,4,5,10,1,8,2,9,3,7,6
J?aNbvs^Fo? PAIR C1=0,5,8,1,6,3,7,2,9,4,10 C2=0,4,5,9,3,8,2,10,1,7,6
J?befp{]`{? PAIR C1=0,5,8,3,9,4,10,2,7,1,6 C2=0,4,8,1,5,2,9,6,10,3,7
J?bedx{]fo? PAIR C1=0,6,3,10,2,9,4,8,1,5,7 C2=0,4,10,1,6,9,3,7,2,8,5
J?bebx{mfo? PAIR C1=0,9,3,6,1,8,4,7,5,2,10 C2=0,4,10,3,7,1,5,8,2,9,6
J?bebx{mbs? PAIR C1=0,6,1,10,4,7,5,2,9 C2=0,4,9,6,10,2,7,1,5
J?batzs]fo? PAIR C1=0,7,5,2,8,1,9,3,6,4,10 C2=0,4,9,6,1,10,2,7,3,8,5
J?batx{{fo? PAIR C1=0,9,2,5,7,4,8,3,6,1,10 C2=0,4,6,9,1,5,8,2,10,3,7
J?batxu}Fo? PAIR C1=0,4,6,3,7,5,8,1,9 C2=0,5,1,6,8,3,9,4,7
J?barzsmfo? PAIR C1=0,5,7,2,9,3,8,1,6,4,10 C2=0,4,9,6,3,7,1,10,2,5,8
J?baryu}Fo? PAIR C1=0,8,3,7,5,1,6,4,10 C2=0,4,7,1,10,3,6,8,5
J?batly}Fo? PAIR C1=0,7,5,2,8,3,9,4,6,1,10 C2=0,4,8,6,7,3,10,2,9,1,5
J?bfbrw^?}? PAIR C1=0,5,10,3,6,1,7,4,9,2,8 C2=0,4,8,3,9,1,5,2,7,10,6
J?bfbr[nBs? PAIR C1=0,5,8,1,10,4,9,3,6 C2=0,4,8,3,10,6,1,5,9
J?bfbrYnBw? PAIR C1=0,5,9,4,10,1,7,2,6,3,8 C2=0,4,7,3,9,2,10,5,1,8,6
J?bfbpxv@{? PAIR C1=0,5,10,2,6,3,8,1,7,4,9 C2=0,4,8,7,2,5,1,9,3,10,6
J?bev`{^Dq? PAIR C1=0,6,1,8,5,2,7,3,9,4,10 C2=0,4,6,3,8,2,10,7,1,9,5
J?bev`{^@u? PAIR C1=0,6,4,10,3,9,2,8,5,1,7 C2=0,4,9,1,8,3,6,10,7,2,5
J?bev_}^Fo? PAIR C1=0,7,1,9,4,6,3,8,5,2,10 C2=0,4,8,6,1,10,3,7,2,9,5
J?bev`x^Dw? PAIR C1=0,6,4,8,2,5,9,1,7,3,10 C2=0,4,9,3,6,1,8,7,2,10,5
J?bev`x^@{? PAIR C1=0,6,1,5,9,4,8,3,10,2,7 C2=0,4,10,6,3,9,1,7,8,2,5
J?bev_|^Fo? PAIR C1=0,7,1,5,8,2,9,4,10 C2=0,4,8,7,2,10,1,9,5
J?betpy|Bq? PAIR C1=0,7,10,3,8,4,6,1,5,2,9 C2=0,4,10,2,7,3,6,8,1,9,5
J?betpy^Fa? PAIR C1=0,5,9,4,6,1,8,2,10,3,7 C2=0,4,8,6,3,9,1,5,2,7,10
J?betpu^Fo? PAIR C1=0,6,4,9,3,8,5,2,10 C2=0,4,10,3,6,8,2,9,5
J?betpu]Vo? PAIR C1=0,4,10,3,9,7,2,8,6,1,5 C2=0,6,3,8,5,2,10,1,9,4,7
J?berq{}@m? PAIR C1=0,4,9,3,8,2,7,10,6,1,5 C2=0,6,3,10,5,2,9,1,7,4,8
J?berq{|Bs? PAIR C1=0,8,5,2,10,1,7,4,6,3,9 C2=0,4,8,2,7,3,10,6,1,9,5
J?berp{|Dq? PAIR C1=0,9,1,5,8,3,6,4,7,2,10 C2=0,4,8,2,5,9,3,10,7,1,6
J?berp{|De? PAIR C1=0,4,8,3,9,2,7,10,6,1,5 C2=0,6,4,7,3,10,2,5,8,1,9
J?berqy|Bw? PAIR C1=0,5,9,1,7,2,10,3,8,4,6 C2=0,4,7,3,9,2,5,10,1,6,8
J?berqy|Bq? PAIR C1=0,6,4,7,1,9,5,2,10,3,8 C2=0,4,10,7,3,9,2,8,6,1,5
J?berqy^Fa? PAIR C1=0,6,4,7,2,9,5,1,10,3,8 C2=0,4,8,6,3,9,1,7,10,2,5
J?berpx|Dw? PAIR C1=0,9,5,2,7,3,8,1,6,4,10 C2=0,4,7,8,2,9,1,5,10,3,6
J?berpxnFc? PAIR C1=0,6,4,8,3,7,2,10,1,5,9 C2=0,4,7,8,1,6,10,3,9,2,5
J?bbrr[|De? PAIR C1=0,4,8,3,9,2,7,10,6,1,5 C2=0,8,1,7,4,6,3,10,2,5,9
J?bbrrYnFa? PAIR C1=0,5,9,4,8,1,6,3,7,2,10 C2=0,4,6,8,3,10,7,1,5,2,9
J?belp{]fo? PAIR C1=0,6,5,1,8,2,9,3,10,4,7 C2=0,4,8,5,2,7,3,6,9,1,10
J?belp{]bq? PAIR C1=0,6,5,2,8,4,9,1,10,3,7 C2=0,4,7,10,2,9,6,3,8,1,5
J?belp{]Vo? PAIR C1=0,7,3,6,5,1,9,4,8,2,10 C2=0,4,7,9,2,5,8,3,10,1,6
J?bejq{}Bs? PAIR C1=0,6,5,2,10,1,9,4,8 C2=0,4,10,6,1,5,8,2,9
J?bejq{]Vo? PAIR C1=0,6,5,1,7,4,9,2,10,3,8 C2=0,4,10,1,6,3,9,7,2,8,5
J?bc~`y^Fo? PAIR C1=0,5,6,3,7,2,9,4,8,1,10 C2=0,4,6,8,2,10,3,9,5,1,7
J?bc~`y]Rw? PAIR C1=0,5,6,4,8,2,9,1,7 C2=0,4,9,7,2,5,1,8,6
J?bczrw}Be? PAIR C1=0,5,6,4,7,2,10,1,9 C2=0,4,9,2,5,1,7,10,6
J?bczrs}Bs? PAIR C1=0,8,1,5,2,7,3,6,10,4,9 C2=0,5,8,3,10,2,9,1,7,4,6
J?bczrq}Bw? PAIR C1=0,8,2,5,6,4,7,1,10,3,9 C2=0,4,10,5,1,9,2,7,3,8,6
J?bczpu}Fo? PAIR C1=0,5,6,3,7,4,10,2,8,1,9 C2=0,4,6,8,5,1,7,2,9,3,10
J?bczrp}Bw? PAIR C1=0,6,4,7,3,10,5,1,8 C2=0,4,10,1,7,8,3,6,5
J?bczrp}Bs? PAIR C1=0,6,5,2,8,1,10,4,7,3,9 C2=0,4,6,10,3,8,7,2,9,1,5
J?bczpx}Fc? PAIR C1=0,5,6,4,8,1,7,2,9,3,10 C2=0,4,7,8,3,6,10,2,5,1,9
J?ba~a{]fo? PAIR C1=0,5,6,1,10,4,9,3,8 C2=0,4,8,5,1,9,6,3,10
J?ba~`y}@y? PAIR C1=0,4,9,3,10,7,2,8,6,1,5 C2=0,7,1,8,3,6,4,10,5,2,9
J?ba~_}}Fo? PAIR C1=0,9,3,8,2,7,1,5,6,4,10 C2=0,4,9,1,10,2,5,8,6,3,7
J?ba~ax}Bw? PAIR C1=0,8,4,10,1,6,5,2,7,3,9 C2=0,4,6,3,8,7,1,9,2,10,5
J?ba~ax}Bs? PAIR C1=0,7,1,9,3,6,5,2,10,4,8 C2=0,4,9,2,8,7,3,10,6,1,5
J?ba~`x}Dw? PAIR C1=0,9,1,7,2,5,6,3,8,4,10 C2=0,4,6,1,8,7,3,9,2,10,5
J?ba|rw}Bi? PAIR C1=0,7,3,10,1,6,5,2,9,4,8 C2=0,4,6,3,9,1,8,2,7,10,5
J?ba|rs]fo? PAIR C1=0,5,2,9,6,3,8,1,10,4,7 C2=0,4,9,1,6,5,8,2,7,3,10
J?ba|pu}Fo? PAIR C1=0,5,6,3,8,1,9,4,10 C2=0,4,6,8,5,1,10,3,9
J?`vEy{]fo? PAIR C1=0,6,2,5,7,4,10,1,9,3,8 C2=0,4,9,6,1,7,3,5,8,2,10
J?`vEx{mfo? PAIR C1=0,7,5,2,6,1,8,4,9 C2=0,4,7,1,5,8,2,9,6
J?`vEx{mbs? PAIR C1=0,6,2,8,1,5,7,4,10,3,9 C2=0,4,8,3,5,2,9,6,10,1,7
J?`vEuy^Fo? PAIR C1=0,6,1,7,4,8,2,9,5,3,10 C2=0,4,10,2,5,1,9,3,7,6,8
J?`vBvYnFo? PAIR C1=0,6,2,5,9,3,7,1,10,4,8 C2=0,4,7,6,8,1,5,3,10,2,9
J?`vC|y}Fo? PAIR C1=0,6,1,8,3,10,4,9,2,5,7 C2=0,4,7,6,8,2,10,1,5,3,9
J?`vA}y}Fo? PAIR C1=0,6,7,1,5,2,8,3,9,4,10 C2=0,4,7,5,3,10,1,9,2,6,8
J?`rfZ[mfo? PAIR C1=0,8,1,5,7,2,6,3,10,4,9 C2=0,4,7,1,6,9,3,8,5,2,10
J?`uVrwlbs? PAIR C1=0,7,2,10,3,9,5,1,6,4,8 C2=0,4,7,3,5,2,8,1,10,6,9
J?`uVi{]fo? PAIR C1=0,6,1,7,5,3,9,4,8 C2=0,4,6,9,1,5,8,3,7
J?`uVi{]fc? PAIR C1=0,8,3,5,7,1,6,4,9,2,10 C2=0,4,8,2,5,1,10,6,9,3,7
J?`uVh{mfo? PAIR C1=0,6,4,9,3,8,1,5,7 C2=0,4,8,5,3,7,1,6,9
J?`uVh{mfc? PAIR C1=0,6,1,8,5,7,3,10,2,9 C2=0,7,1,5,2,8,3,9,6,10
J?`uVg}}Fo? PAIR C1=0,6,1,9,2,5,7,3,8,4,10 C2=0,4,6,8,5,1,7,2,10,3,9
J?`uVg}}Fc? PAIR C1=0,6,1,9,2,10,3,8,5,7 C2=0,9,3,7,1,5,2,8,6,10
J?`uVdynFo? PAIR C1=0,9,5,2,7,1,6,4,8,3,10 C2=0,4,9,3,5,1,10,2,8,6,7
J?`uTvw|Bs? PAIR C1=0,6,4,10,1,5,9,3,7,2,8 C2=0,4,7,6,10,2,5,3,8,1,9
J?`uRm{}Fo? PAIR C1=0,6,1,10,4,9,3,5,7,2,8 C2=0,4,6,7,1,5,8,3,10,2,9
J?`uRmy}Fo? PAIR C1=0,6,1,9,4,10,3,7,5,2,8 C2=0,4,8,6,7,1,5,3,9,2,10
J?`vfR[^Ds? PAIR C1=0,6,2,9,3,5,8,4,10 C2=0,4,9,5,2,10,6,3,8
J?`vfRYnBq? PAIR C1=0,6,3,5,9,4,8,1,10,2,7 C2=0,4,7,10,3,8,6,1,5,2,9
J?`vfPyvDw? PAIR C1=0,9,5,2,6,1,8,4,10 C2=0,4,9,1,5,10,2,8,6
J?`vfRXnBs? PAIR C1=0,8,4,7,2,10,1,6,3,5,9 C2=0,4,9,2,5,1,7,8,3,10,6
J?`vUrwn@m? PAIR C1=0,7,1,8,4,6,2,10,3,5,9 C2=0,4,9,3,7,10,6,1,5,2,8
J?`vUrs^Ds? PAIR C1=0,8,5,2,9,1,6,4,10 C2=0,4,9,5,1,8,2,10,6
J?`vUqy|Bq? PAIR C1=0,6,2,10,1,9,5,3,7,4,8 C2=0,4,6,8,2,5,1,7,10,3,9
J?`vMqy}Bq? PAIR C1=0,6,5,2,8,3,7,4,10,1,9 C2=0,4,8,6,1,5,3,9,2,10,7
J?`vMqy^Fo? PAIR C1=0,6,5,1,9,2,8,4,10,3,7 C2=0,4,7,1,6,8,3,9,5,2,10
J?`vMqy^Bq? PAIR C1=1,6,5,9,2,8,3,7,4,10 C2=1,7,10,3,5,2,6,8,4,9
J?`vMqx}Bs? PAIR C1=0,7,1,6,5,3,8,2,9 C2=0,6,2,5,1,9,3,7,8
J?`vMqx^Fo? PAIR C1=0,7,4,8,2,9,1,6,5,3,10 C2=0,4,10,1,7,8,3,9,5,2,6
J?`vJrYnFo? PAIR C1=0,8,1,7,2,6,5,3,10,4,9 C2=0,4,7,3,8,6,1,5,9,2,10
J?`rnR[mfo? PAIR C1=0,9,4,8,3,5,6,2,10 C2=0,4,10,3,6,9,2,5,8
J?`rnR[mVo? PAIR C1=0,8,1,7,2,5,6,3,10,4,9 C2=0,4,7,9,3,8,5,1,6,2,10
J?`u^`{mVo? PAIR C1=0,7,2,10,4,6,5,1,8,3,9 C2=0,4,8,5,2,9,7,3,10,1,6
J?`u^`{mRs? PAIR C1=0,7,2,10,3,8,1,5,6,4,9 C2=0,4,8,2,5,3,9,7,1,10,6
J?`u^ay^Fo? PAIR C1=0,7,3,10,2,9,1,5,6,4,8 C2=0,4,10,1,7,2,5,9,3,8,6
J?`u^ax}Bs? PAIR C1=0,7,1,6,5,2,9,3,10,4,8 C2=0,4,6,10,2,7,8,3,5,1,9
J?`u^`xnFo? PAIR C1=0,6,5,2,7,3,9,4,8,1,10 C2=0,4,6,1,5,9,2,10,3,8,7
J?`u^`xmfo? PAIR C1=0,6,5,1,8,4,10,3,9,2,7 C2=0,4,9,6,1,7,8,3,5,2,10
J?`u\rw}Be? PAIR C1=0,6,5,1,8,2,10,3,9,4,7 C2=0,4,8,3,5,2,7,10,6,1,9
J?`u\rq^Fo? PAIR C1=0,8,1,9,2,5,6,4,10 C2=0,4,9,5,1,10,2,8,6
J?`u\pu}Fo? PAIR C1=0,9,3,8,1,5,6,4,10 C2=0,4,9,1,10,3,5,8,6
J?bLfh{]fo? PAIR C1=0,4,10,1,9,2,8,5,7,3,6 C2=0,7,2,6,9,4,5,1,8,3,10
J?bLfh{]bs? PAIR C1=0,6,2,8,5,4,10,3,9,1,7 C2=0,4,9,6,10,2,7,3,8,1,5
J?bLbx{{fo? PAIR C1=0,5,7,4,10,1,9,3,8,2,6 C2=0,4,5,8,1,7,2,9,6,3,10
J?bLbvq^Fo? PAIR C1=0,4,10,1,7,2,8,6,3,9,5 C2=0,6,7,3,8,1,5,4,9,2,10
J?bLbvq^Bw? PAIR C1=0,6,2,7,4,5,10,1,8 C2=0,4,10,2,8,6,7,1,5
J?bLbty|Fo? PAIR C1=0,6,2,8,1,7,3,9,5,4,10 C2=0,4,7,6,8,3,10,2,9,1,5
J?bLbl{}Fo? PAIR C1=0,6,2,8,3,7,5,4,10,1,9 C2=0,4,8,5,1,7,6,3,9,2,10
J?bLbly}Fo? PAIR C1=0,6,3,8,1,9,2,7,5,4,10 C2=0,4,9,3,7,6,8,2,10,1,5
J?bNf`{^@u? PAIR C1=0,5,9,4,10,3,6,1,7 C2=0,4,5,1,9,3,7,10,6
J?bNf`ynBq? PAIR C1=0,7,1,6,2,8,3,10,4,5,9 C2=0,4,8,6,3,9,2,7,10,1,5
J?bNf`y^@y? PAIR C1=0,6,2,9,1,8,4,5,10,3,7 C2=0,4,9,3,6,8,2,10,7,1,5
J?bNdp{^Fc? PAIR C1=0,6,2,10,3,9,1,5,8,4,7 C2=0,4,5,9,2,7,3,8,1,6,10
J?bNdp{^Fa? PAIR C1=0,7,3,6,1,5,8,4,9,2,10 C2=0,4,5,9,1,8,3,10,7,2,6
J?bNdpy|Bi? PAIR C1=0,5,10,3,6,1,8,4,7 C2=0,4,5,1,10,7,3,8,6
J?bNdrp^Bs? PAIR C1=0,7,3,6,2,9,5,4,10,1,8 C2=0,4,9,3,8,7,2,10,6,1,5
J?bNdpx^Fg? PAIR C1=0,5,9,4,8,2,7,3,10 C2=0,4,5,10,2,9,3,8,7
J?bNdpt^Fo? PAIR C1=0,5,8,1,10,2,9,4,7,3,6 C2=0,4,5,9,1,6,2,7,8,3,10
J?bNbrwn@m? PAIR C1=0,5,10,3,7,4,8,1,6 C2=0,4,5,1,7,10,6,3,8
J?bNbq{|Bs? PAIR C1=0,6,1,9,2,10,4,5,8 C2=0,4,8,2,6,10,1,5,9
J?bNbrqnBw? PAIR C1=0,6,1,5,9,4,10,3,8 C2=0,4,5,10,1,8,6,3,9
J?bNbrqnBq? PAIR C1=0,6,1,10,2,7,4,5,9,3,8 C2=0,4,9,2,8,6,3,10,7,1,5
J?bNbrqNVo? PAIR C1=0,6,2,8,3,9,5,4,7,1,10 C2=0,4,9,7,2,10,3,6,8,1,5
J?bmv`wnBe? PAIR C1=0,4,9,3,8,2,7,10,6,1,5 C2=0,6,3,10,2,9,5,4,8,1,7
J?rFdq{\Rw? PAIR C1=0,6,3,9,2,10,1,5,8,4,7 C2=0,4,1,6,2,7,9,5,10,3,8
J?rFdq{\P{? PAIR C1=0,5,8,2,7,4,10,3,9,1,6 C2=0,4,1,5,10,6,2,9,7,3,8
J?rFdp{^@m? PAIR C1=0,5,10,3,6,1,9,4,7 C2=0,4,1,5,9,3,7,10,6
J?rFdpu^Dw? PAIR C1=0,5,8,1,9,4,7,2,6,3,10 C2=0,4,1,6,8,2,10,5,9,3,7
J?rFdpu^@y? PAIR C1=0,6,1,5,8,2,10,4,7 C2=0,4,1,8,6,2,7,10,5
J?rFdo}|Bw? PAIR C1=0,6,3,10,4,7,2,8,5,1,9 C2=0,4,1,10,5,9,2,6,8,3,7
J?rFdo|^Fg? PAIR C1=0,5,8,3,10,1,6,2,9,4,7 C2=0,4,1,9,5,10,2,8,7,3,6
J?rF`zw|@{? PAIR C1=0,5,7,4,10,2,6,3,8,1,9 C2=0,4,1,6,10,5,9,3,7,2,8
J?rF`zqnBw? PAIR C1=0,6,1,5,7,4,10,2,8,3,9 C2=0,4,1,10,5,9,2,7,3,6,8
J?rDrrs|@m? PAIR C1=0,8,2,6,4,7,1,5,10,3,9 C2=0,4,1,8,3,6,10,7,2,9,5
J?rDrqu|Bw? PAIR C1=0,5,8,3,10,2,9,1,7,4,6 C2=0,4,1,10,5,9,3,7,2,6,8
J?rDrqu|Bi? PAIR C1=0,5,8,2,10,1,7,4,6 C2=0,4,1,5,10,7,2,6,8
J?rDro}|Fg? PAIR C1=0,9,2,7,4,6,3,8,5,1,10 C2=0,4,1,7,3,9,5,10,2,8,6
J?rDrjwnBk? PAIR C1=0,6,4,8,2,10,1,5,7,3,9 C2=0,4,1,7,2,9,5,10,6,3,8
J?rDriy|Bw? PAIR C1=0,5,7,2,9,1,10,4,8,3,6 C2=0,4,1,7,3,9,5,10,2,6,8
J?qbfr[Nfg? PAIR C1=0,4,7,3,10,5,9,2,6,1,8 C2=0,5,8,3,6,9,4,1,7,2,10
J?qbey{{bw? PAIR C1=0,8,4,7,5,2,10,3,6,1,9 C2=0,4,1,10,5,8,2,6,9,3,7
J?qbeu{|Bw? PAIR C1=0,7,3,6,1,10,4,8,5,2,9 C2=0,4,1,7,6,2,10,5,9,3,8
J?qbet{|Ds? PAIR C1=0,9,1,8,5,2,6,3,7,4,10 C2=0,4,1,7,6,10,3,8,2,9,5
J?qbes}|Fo? PAIR C1=0,7,1,6,2,5,9,3,8,4,10 C2=0,4,1,9,2,10,3,7,6,8,5
J?qbdv[|Bw? PAIR C1=0,5,8,4,7,3,6,2,10,1,9 C2=0,4,1,6,7,2,9,5,10,3,8
J?qbdt]|Fo? PAIR C1=0,7,4,8,5,2,6,1,9 C2=0,4,1,8,6,7,2,9,5
J?qbbv[nFg? PAIR C1=0,5,8,1,6,3,9,4,7,2,10 C2=0,4,1,7,6,2,9,5,10,3,8
J?qbc~w|Bw? PAIR C1=0,5,7,3,9,1,6,2,10,4,8 C2=0,4,1,10,5,9,2,8,3,6,7
J?qbc~q^Bw? PAIR C1=0,7,5,9,4,10,1,6,2,8 C2=0,4,7,6,8,1,9,2,10,5
J?qbc|y|Fo? PAIR C1=0,5,7,3,6,2,9,1,8,4,10 C2=0,4,1,10,2,5,9,3,8,6,7
J?qbc|y|Bw? PAIR C1=0,7,4,8,3,10,1,6,2,5,9 C2=0,4,1,9,3,7,6,8,2,10,5
J?q`vrs\ek? PAIR C1=0,5,8,1,7,4,6,2,9,3,10 C2=0,4,1,9,6,10,5,2,7,3,8
J?q`vjsVfo? PAIR C1=0,8,2,5,7,1,9,3,6,4,10 C2=0,4,1,10,3,8,5,9,6,2,7
J?q`uzs\fo? PAIR C1=0,5,7,1,8,3,9,2,6,4,10 C2=0,4,1,10,2,8,5,9,6,3,7
J?q`rzstfo? PAIR C1=0,5,7,1,8,2,6,4,10,3,9 C2=0,4,1,10,2,7,3,6,9,5,8
J?q`rzY|Fc? PAIR C1=0,8,4,7,5,2,6,3,10,1,9 C2=0,4,1,7,3,8,6,10,2,9,5
J?q`uvs|Bw? PAIR C1=0,5,8,3,7,1,10,4,6,2,9 C2=0,4,1,8,2,10,5,9,3,6,7
J?q`uvs|Bk? PAIR C1=0,5,9,1,10,2,6,4,7 C2=0,4,1,7,6,10,5,2,9
J?q`q~w|Fc? PAIR C1=0,9,1,8,3,7,4,6,2,10 C2=0,4,1,7,6,10,3,9,2,8
J?qff`]^@y? PAIR C1=0,5,8,4,9,1,7,2,10,3,6 C2=0,4,1,6,8,3,9,2,5,10,7
J?qfbrsnA{? PAIR C1=0,6,1,7,4,10,3,9,2,5,8 C2=0,4,1,8,3,7,2,6,10,5,9
J?qfbrsnAm? PAIR C1=0,6,2,5,10,1,7,4,9 C2=0,4,1,6,10,7,2,9,5
J?qfbr[^Cm? PAIR C1=0,4,1,6,10,7,2,9,3,8,5 C2=0,6,2,5,10,3,7,1,9,4,8
J?qfbptvDw? PAIR C1=0,5,8,2,6,1,7,3,9,4,10 C2=0,4,1,9,5,10,2,7,8,3,6
J?qfbptv@{? PAIR C1=0,6,1,7,4,10,3,8,5,9 C2=0,4,9,1,8,7,3,6,10,5
J?qeva{\bw? PAIR C1=0,6,4,8,5,2,9,3,10,1,7 C2=0,4,1,6,9,5,10,2,7,3,8
J?qevau^Bw? PAIR C1=0,5,8,3,9,4,10,1,6 C2=0,4,1,9,5,10,3,6,8
J?qev_}^Fg? PAIR C1=0,5,8,2,9,4,6,1,10,3,7 C2=0,4,1,7,2,10,5,9,3,8,6
J?qev`t^@{? PAIR C1=0,6,4,10,3,8,5,9,1,7 C2=0,4,9,3,7,8,1,6,10,5
J?qetpt^Fg? PAIR C1=0,5,8,2,10,1,6,4,9,3,7 C2=0,4,1,8,7,2,9,5,10,3,6
J?qetjq^Bq? PAIR C1=0,5,7,3,9,2,10,4,6,1,8 C2=0,4,1,9,5,2,8,6,3,10,7
J?qethy^Fg? PAIR C1=0,5,7,3,6,4,8,2,9,1,10 C2=0,4,1,6,8,3,9,5,10,2,7
J?qethy^Fa? PAIR C1=0,5,7,3,8,4,9,2,10,1,6 C2=0,4,1,9,5,2,8,6,3,10,7
J?qethy^Bi? PAIR C1=0,6,4,8,1,10,2,9,5,7 C2=0,4,9,1,6,8,2,7,10,5
J?qethy\Vo? PAIR C1=0,6,1,10,4,8,3,9,2,5,7 C2=0,4,1,8,6,3,10,2,7,9,5
J?qerjwnBk? PAIR C1=0,5,7,2,10,3,8,1,6,4,9 C2=0,4,1,7,3,6,10,5,9,2,8
J?qerjwnBe? PAIR C1=0,6,4,9,3,7,5,2,10,1,8 C2=0,4,1,7,10,6,3,8,2,9,5
J?qerjw^De? PAIR C1=0,8,4,6,1,9,3,7,5,2,10 C2=0,4,1,7,10,6,3,8,2,9,5
J?qerjsnBe? PAIR C1=0,6,4,9,3,10,1,7,5,2,8 C2=0,4,1,8,3,6,10,7,2,9,5
J?qerjsn@u? PAIR C1=0,6,3,7,5,8,2,10,4,9 C2=0,4,6,10,7,2,5,9,3,8
J?qeri{^Fa? PAIR C1=0,5,7,3,9,1,10,2,8,4,6 C2=0,4,1,6,3,8,5,9,2,7,10
J?qerjqnBw? PAIR C1=0,8,2,5,7,3,6,1,10,4,9 C2=0,4,1,7,2,9,5,10,3,8,6
J?qerjq^Dq? PAIR C1=0,6,4,9,1,8,3,7,5,2,10 C2=0,4,1,7,10,3,6,8,2,9,5
J?qerhtnFo? PAIR C1=0,5,7,1,8,3,9,4,6 C2=0,4,1,6,3,7,8,5,9
J?qerhtnFc? PAIR C1=0,5,8,1,7,3,10,2,9,4,6 C2=0,4,1,10,6,3,8,7,2,5,9
J?qdvbs^Am? PAIR C1=0,6,4,9,1,10,3,7,2,5,8 C2=0,4,1,7,10,6,3,8,2,9,5
J?qdvbsVRw? PAIR C1=0,5,8,1,7,2,10,3,9,4,6 C2=0,4,1,10,5,9,7,3,6,2,8
J?qdvb[^Am? PAIR C1=0,6,2,9,4,8,5,10,3,7 C2=0,4,6,10,7,2,5,9,3,8
J?qdvb[\bw? PAIR C1=0,5,8,1,9,2,10,4,6,3,7 C2=0,4,1,7,2,6,9,5,10,3,8
J?qdvbU^Bw? PAIR C1=0,5,8,1,7,2,10,3,9,4,6 C2=0,4,1,10,5,9,2,6,8,3,7
J?qdv`u^Ay? PAIR C1=1,7,2,6,3,10,4,9,5,8 C2=1,4,6,8,3,7,10,5,2,9
J?qdv`]^Fg? PAIR C1=0,5,8,1,7,2,10,3,9,4,6 C2=0,4,1,10,5,9,2,6,8,3,7
J?qdv`t^Ew? PAIR C1=0,4,6,2,5,8,7,3,9,1,10 C2=0,6,3,10,5,9,4,1,8,2,7
J?qdv`t^Ek? PAIR C1=0,6,4,9,5,2,8,1,7,3,10 C2=0,4,1,9,2,7,8,3,6,10,5
J?qdv`t^A{? PAIR C1=0,6,3,10,4,9,5,2,8,1,7 C2=0,4,1,9,3,8,7,2,6,10,5
J?qdujq^Bw? PAIR C1=0,6,3,10,4,9,1,7,5,2,8 C2=0,4,1,8,6,2,10,5,9,3,7
J?qduhy^Fg? PAIR C1=0,6,4,9,3,8,2,5,7,1,10 C2=0,4,1,8,6,2,9,5,10,3,7
J?qduhy^Fa? PAIR C1=0,4,6,2,8,3,10,1,9,5,7 C2=0,5,2,9,4,1,8,6,3,7,10
J?qduhy^Bi? PAIR C1=0,6,4,8,2,10,3,9,5,7 C2=0,4,9,2,6,8,3,7,10,5
J?qdrjwvBk? PAIR C1=0,5,7,2,10,1,9,3,6,4,8 C2=0,4,1,7,3,8,2,6,10,5,9
J?qdrjwvBe? PAIR C1=0,8,4,6,3,7,5,2,10,1,9 C2=0,4,1,7,10,6,2,8,3,9,5
J?qdrjwvAm? PAIR C1=0,8,4,6,3,10,5,2,7,1,9 C2=0,4,1,8,2,6,10,7,3,9,5
J?qdrjs^Eq? PAIR C1=0,5,7,3,6,4,9,2,8,1,10 C2=0,4,1,9,5,8,3,10,7,2,6
J?qdrjs^Ee? PAIR C1=0,5,7,3,9,4,6,2,8,1,10 C2=0,4,1,9,5,2,7,10,6,3,8
J?qdrjqvBw? PAIR C1=0,5,7,2,6,4,9,3,10,1,8 C2=0,4,1,7,3,6,8,2,10,5,9
J?qdrjqvBq? PAIR C1=0,8,3,6,4,10,2,5,7,1,9 C2=0,4,1,8,6,2,7,10,3,9,5
J?qdrjY^Fg? PAIR C1=0,8,1,9,4,6,2,5,10 C2=0,5,9,2,10,1,4,8,6
J?qdrjY^Fa? PAIR C1=0,6,4,9,3,7,5,2,10,1,8 C2=0,4,1,7,10,3,8,6,2,9,5
J?qdrjY\Vg? PAIR C1=0,5,9,2,6,4,8,3,7,1,10 C2=0,4,1,9,7,5,2,10,3,6,8
J?qdrht}Ek? PAIR C1=0,5,7,2,8,1,9,4,6,3,10 C2=0,4,1,7,8,3,9,2,5,10,6
J?qdrhtvFo? PAIR C1=0,5,7,1,8,3,9,4,10 C2=0,4,1,10,3,7,8,5,9
J?qdrhtvFc? PAIR C1=0,5,7,1,9,4,6,2,8,3,10 C2=0,4,1,8,7,3,6,10,2,5,9
J?qburs|@m? PAIR C1=0,7,4,6,1,9,3,10,5,2,8 C2=0,4,1,8,3,7,10,6,2,9,5
J?qbupunFg? PAIR C1=0,5,8,2,9,3,10,1,6,4,7 C2=0,4,1,7,3,8,6,2,10,5,9
J?qbupunFa? PAIR C1=0,9,3,7,4,6,2,5,8,1,10 C2=0,4,1,7,10,3,6,8,2,9,5
J?qbuqt|Bw? PAIR C1=0,5,8,2,10,3,9,1,6,4,7 C2=0,4,1,10,5,9,2,6,3,7,8
J?qbuqt|Bk? PAIR C1=0,7,4,6,1,10,2,5,8 C2=0,4,1,7,8,2,6,10,5
J?qbuo||Fc? PAIR C1=0,7,1,10,2,5,8,4,6,3,9 C2=0,4,1,6,10,3,7,8,2,9,5
J?qbtrs|Ay? PAIR C1=0,7,4,10,1,8,5,2,9 C2=0,4,1,9,5,10,7,2,8
J?qbtrs|Am? PAIR C1=0,5,10,1,8,3,6,4,7,2,9 C2=0,4,1,6,10,7,3,9,5,2,8
J?qbtrU^Bi? PAIR C1=0,7,4,9,5,2,6,3,10,1,8 C2=0,4,1,6,8,3,9,2,7,10,5
J?qbtpu|Ew? PAIR C1=0,5,8,1,9,2,6,4,7,3,10 C2=0,4,1,10,5,9,3,6,8,2,7
J?qbtpu|Ei? PAIR C1=0,5,9,1,6,4,7,2,8,3,10 C2=0,4,1,8,6,3,9,2,5,10,7
J?qbtrT|Bw? PAIR C1=0,5,8,3,7,4,6,1,10,2,9 C2=0,4,1,9,5,10,3,6,2,7,8
J?qbtpt|Ew? PAIR C1=0,5,8,1,10,3,6,4,7,2,9 C2=0,4,1,6,2,8,7,3,9,5,10
J?qbtpt|Ek? PAIR C1=0,5,9,1,8,2,7,4,6,3,10 C2=0,4,1,6,10,5,2,9,3,8,7
J?qbrr[|Cm? PAIR C1=0,8,4,6,1,7,3,9,5,10 C2=0,5,8,3,6,10,7,4,1,9
J?qbrr[lfa? PAIR C1=0,9,2,5,8,4,6,3,7,1,10 C2=0,4,1,8,3,10,7,2,6,9,5
J?qbrrU|Dq? PAIR C1=0,5,8,1,9,2,7,3,6,4,10 C2=0,4,1,7,10,3,8,6,2,5,9
J?qbrqu|Ei? PAIR C1=0,5,8,3,10,1,6,4,7,2,9 C2=0,4,1,9,3,7,10,5,2,6,8
J?qbrj[}Dk? PAIR C1=0,5,7,2,10,3,8,1,6,4,9 C2=0,4,1,7,3,9,2,6,10,5,8
J?qbrj[}De? PAIR C1=0,4,1,6,10,7,2,9,3,8,5 C2=0,8,1,7,5,2,10,3,6,4,9
J?qbrj[}Cm? PAIR C1=0,4,1,6,10,7,2,9,3,8,5 C2=0,8,1,7,3,10,5,2,6,4,9
J?qbrjqvDw? PAIR C1=0,5,7,3,10,2,8,1,6,4,9 C2=0,4,1,7,2,6,8,3,9,5,10
J?qbrjqvDq? PAIR C1=0,9,1,8,3,7,5,2,6,4,10 C2=0,4,1,6,8,2,7,10,3,9,5
J?qbrjY|Dq? PAIR C1=0,9,1,8,4,6,3,7,5,2,10 C2=0,4,1,7,10,3,8,6,2,9,5
J?qbrjYnFg? PAIR C1=0,5,7,1,10,2,9,3,6,4,8 C2=0,4,1,8,6,2,7,3,10,5,9
J?qbrjYnFa? PAIR C1=0,8,1,6,4,9,3,7,5,2,10 C2=0,4,1,7,10,3,8,6,2,9,5
J?qbriyvFg? PAIR C1=0,9,1,7,5,2,8,4,6,3,10 C2=0,4,1,10,5,9,3,7,2,6,8
J?qbriyvFa? PAIR C1=0,8,2,5,7,3,6,4,9,1,10 C2=0,4,1,7,10,2,6,8,3,9,5
J?qc~`y^Fg? PAIR C1=0,5,6,4,8,1,7,3,9,2,10 C2=0,4,1,9,5,10,3,6,8,2,7
J?qc~`y\Rw? PAIR C1=0,6,4,10,3,8,1,9,5,2,7 C2=0,4,1,7,9,3,6,8,2,10,5
J?qc~`x|Bw? PAIR C1=0,5,6,4,8,2,9,1,10,3,7 C2=0,4,1,8,7,2,10,5,9,3,6
J?qczrw\Vg? PAIR C1=0,8,3,9,2,5,6,4,7,1,10 C2=0,4,1,8,2,10,5,9,7,3,6
J?qczrw\Vc? PAIR C1=0,8,2,7,4,6,3,9,1,10 C2=0,4,1,8,3,7,9,2,10,6
J?qczrw\Rk? PAIR C1=0,6,4,7,1,10,2,5,9,3,8 C2=0,4,1,8,2,9,7,3,6,10,5
J?qczrs|Bs? PAIR C1=0,5,6,4,7,3,10,1,9,2,8 C2=0,4,1,7,2,10,6,3,8,5,9
J?qczrs|Be? PAIR C1=0,5,6,4,7,1,9,2,10,3,8 C2=0,4,1,8,2,5,9,3,7,10,6
J?qczrq|Bw? PAIR C1=0,5,6,4,7,1,8,2,10,3,9 C2=0,4,1,10,5,9,2,7,3,8,6
J?qczpy|Fa? PAIR C1=0,5,6,3,7,4,8,1,10,2,9 C2=0,4,1,9,5,2,7,10,3,8,6
J?qczpu|Fo? PAIR C1=0,5,6,4,7,2,9,1,8,3,10 C2=0,6,3,7,1,4,10,2,8,5,9
J?qczpu|Fa? PAIR C1=0,9,3,8,2,5,6,4,7,1,10 C2=0,4,1,8,6,3,7,10,2,9,5
J?qczpx|Fg? PAIR C1=0,9,1,8,2,5,6,4,7,3,10 C2=0,4,1,10,5,9,2,7,8,3,6
J?qczpx|Fc? PAIR C1=0,5,6,3,7,4,8,1,10,2,9 C2=0,4,1,9,5,2,7,8,3,10,6
J?qczpx|Bk? PAIR C1=1,7,3,9,5,6,4,8,2,10 C2=1,4,7,8,3,6,10,5,2,9
J?qa~bw^De? PAIR C1=0,8,4,9,1,7,3,6,5,2,10 C2=0,4,1,6,10,7,2,8,3,9,5
J?qa~bsnBq? PAIR C1=0,7,2,5,9,3,10,4,6,1,8 C2=0,4,1,10,7,3,6,5,8,2,9
J?qa~bsn@u? PAIR C1=0,7,1,6,5,2,9,4,10,3,8 C2=0,4,1,8,2,7,10,6,3,9,5
J?qa~a{^Fc? PAIR C1=0,7,1,9,3,8,4,6,5,2,10 C2=0,4,1,6,10,3,7,2,9,5,8
J?qa~`ynFg? PAIR C1=0,9,2,5,6,4,8,1,7,3,10 C2=0,4,1,10,5,9,3,6,8,2,7
J?qa~`unFo? PAIR C1=0,7,1,8,3,6,5,2,10,4,9 C2=0,4,1,6,8,5,9,2,7,3,10
J?qa~_}}Fg? PAIR C1=0,5,6,1,10,3,9,4,8,2,7 C2=0,4,1,7,3,6,8,5,10,2,9
J?qa~bpnBw? PAIR C1=0,7,2,8,1,4,6,5,10,3,9 C2=0,4,9,5,2,10,1,6,3,7,8
J?qa|rs|Bs? PAIR C1=0,7,4,6,5,2,10,1,8,3,9 C2=0,4,1,6,10,3,7,2,9,5,8
J?qa|rs|Bq? PAIR C1=0,7,4,6,5,2,10,1,9,3,8 C2=0,4,1,6,3,10,7,2,8,5,9
J?qa|rs|Be? PAIR C1=0,5,8,1,9,2,10,3,6,4,7 C2=0,4,1,6,10,7,3,9,5,2,8
J?qa|pu}Fa? PAIR C1=0,5,6,3,10,1,8,2,7,4,9 C2=0,4,1,6,8,5,2,9,3,7,10
J?qa|pu|Fo? PAIR C1=0,5,6,4,7,2,8,1,9,3,10 C2=0,4,1,10,2,9,5,8,6,3,7
J?qa|pu|Fa? PAIR C1=0,5,8,3,10,2,9,1,6,4,7 C2=0,4,1,10,7,3,6,8,2,5,9
J?qa|rp|Bw? PAIR C1=0,5,6,4,7,2,9,1,10,3,8 C2=0,4,1,6,3,9,5,10,2,8,7
J?qa|rp^Fc? PAIR C1=0,5,6,3,8,2,7,4,9,1,10 C2=0,4,1,6,10,2,5,9,3,7,8
J?qazrw|De? PAIR C1=0,5,6,4,7,1,8,3,10,2,9 C2=0,4,1,6,10,7,3,9,5,2,8
J?qazrwlVc? PAIR C1=0,5,6,3,9,2,8,4,7,1,10 C2=0,4,1,6,10,2,5,9,7,3,8
J?qazqu|Fo? PAIR C1=0,8,2,5,6,1,9,3,7,4,10 C2=0,4,1,7,2,10,3,6,8,5,9
J?qazqu|Fa? PAIR C1=0,4,7,2,10,3,9,1,6,8,5 C2=0,8,3,7,10,1,4,6,5,2,9
J?qazrp|Ds? PAIR C1=0,8,1,7,4,10,2,5,6,3,9 C2=0,4,1,6,10,3,7,8,2,9,5
J?qazrpnFc? PAIR C1=0,8,1,7,4,9,2,5,6,3,10 C2=0,4,1,6,10,2,7,8,3,9,5
J?qa|jw}Be? PAIR C1=0,5,6,3,7,2,10,1,8,4,9 C2=0,4,1,6,10,7,5,2,9,3,8
J?qa|hy}Fg? PAIR C1=0,7,2,5,6,1,10,3,8,4,9 C2=0,4,1,9,2,8,6,3,7,5,10
J?qa|hy}Fa? PAIR C1=0,5,6,8,4,1,9,3,7,2,10 C2=0,4,6,3,8,1,10,7,5,2,9
J?qa|jp}Bw? PAIR C1=0,7,3,9,4,6,5,2,10,1,8 C2=0,4,1,6,3,10,5,7,8,2,9
J?qa|jp}Bk? PAIR C1=0,7,5,2,8,3,10,1,6,4,9 C2=0,4,1,8,7,2,9,3,6,10,5
J?qa|hx|Fo? PAIR C1=0,5,6,4,8,3,7,2,9,1,10 C2=0,4,1,6,3,10,2,8,7,5,9
J?qa|hx|Fc? PAIR C1=0,4,6,1,9,3,10,2,8,7,5 C2=0,7,3,8,4,1,10,6,5,2,9
J?qazjw}Dk? PAIR C1=0,8,4,6,5,2,7,1,9,3,10 C2=0,4,1,6,10,5,7,3,8,2,9
J?qazjw}De? PAIR C1=0,5,6,3,7,1,9,4,8,2,10 C2=0,4,1,6,10,7,5,2,9,3,8
J?qazjq}Dw? PAIR C1=0,8,1,7,3,10,2,5,6,4,9 C2=0,4,1,6,8,3,9,2,7,5,10
J?qazjq}Dq? PAIR C1=0,8,1,7,3,6,5,2,10,4,9 C2=0,4,1,6,8,2,9,3,10,7,5
J?qaziy}Fg? PAIR C1=0,5,6,4,8,3,7,1,10,2,9 C2=0,4,1,9,3,6,8,2,7,5,10
J?qaziy}Fa? PAIR C1=0,8,2,5,6,4,9,1,7,3,10 C2=0,4,1,6,8,3,9,2,10,7,5
J?qazjpnFo? PAIR C1=0,5,6,4,9,3,7,1,8 C2=0,4,1,6,3,8,7,5,9
J?qazit}Fo? PAIR C1=0,5,7,1,9,4,6,3,8 C2=0,4,1,6,5,8,7,3,9
J?qazit}Fc? PAIR C1=0,4,9,1,6,5,7,2,8,3,10 C2=0,8,5,2,10,6,4,1,7,3,9
J?qaxzw{fg? PAIR C1=0,5,6,1,8,4,7,3,10,2,9 C2=0,4,1,9,6,3,8,2,7,5,10
J?ovEzwlbs? PAIR C1=0,7,5,2,6,1,8,4,10,3,9 C2=0,4,1,7,3,5,9,6,10,2,8
J?ovEzwNfc? PAIR C1=0,6,2,9,4,8,1,10,3,5,7 C2=0,4,1,7,3,8,2,5,9,6,10
J?ovDx{tfo? PAIR C1=0,6,2,5,7,4,8,1,10,3,9 C2=0,4,1,6,9,5,8,3,7,2,10
J?ovEu{|Bs? PAIR C1=0,6,2,5,8,3,7,4,10,1,9 C2=0,4,1,7,6,10,3,5,9,2,8
J?ovEu{^Fg? PAIR C1=0,8,3,7,4,1,9,5,2,10 C2=0,4,9,2,8,5,3,10,1,7
J?ovEu{^Fc? PAIR C1=0,4,7,3,9,5,8,2,6,1,10 C2=0,7,6,10,3,5,2,9,1,4,8
J?ovEuu^Fo? PAIR C1=0,6,2,8,5,3,9,4,7,1,10 C2=0,4,1,9,5,2,10,3,7,6,8
J?ovEs}|Fo? PAIR C1=0,7,4,10,1,6,2,8,3,5,9 C2=0,4,1,9,2,5,8,6,7,3,10
J?ovDv[|Bs? PAIR C1=0,6,2,10,1,9,3,5,8,4,7 C2=0,4,1,8,3,10,6,7,2,5,9
J?ovDv[^Fg? PAIR C1=0,6,1,9,3,7,4,8,5,2,10 C2=0,4,1,8,3,10,5,9,2,6,7
J?ovDv[^Fc? PAIR C1=0,6,2,10,1,8,5,3,9,4,7 C2=0,4,1,9,5,2,7,6,10,3,8
J?ovDl{vFo? PAIR C1=0,7,5,3,8,4,9,1,6,2,10 C2=0,4,1,10,3,9,5,8,2,7,6
J?ouVq{\fc? PAIR C1=0,6,1,9,2,5,8,4,7,3,10 C2=0,4,1,7,2,10,6,9,5,3,8
J?ouVo}|Fc? PAIR C1=0,7,3,9,1,6,4,8,5,2,10 C2=0,4,1,7,2,8,6,10,3,5,9
J?ouVjsmbs? PAIR C1=0,6,4,9,3,8,1,10,2,5,7 C2=0,4,1,7,2,8,5,3,10,6,9
J?ouTzs{bs? PAIR C1=0,6,4,7,5,2,10,3,8,1,9 C2=0,4,1,10,6,9,2,8,5,3,7
J?ouTx{{fg? PAIR C1=0,6,4,8,1,9,3,5,7,2,10 C2=0,4,1,6,9,2,8,5,10,3,7
J?ouTxy|Fg? PAIR C1=0,6,4,7,5,3,8,1,10,2,9 C2=0,4,1,6,8,2,7,3,9,5,10
J?ouTxu|Fo? PAIR C1=0,6,4,10,1,8,2,7,5,3,9 C2=0,4,1,6,8,5,9,2,10,3,7
J?ouP~s|Fo? PAIR C1=0,8,1,6,4,7,5,3,9 C2=0,4,1,9,5,8,3,7,6
J?otVrs\ek? PAIR C1=0,7,4,6,2,8,1,9,5,3,10 C2=0,4,1,7,2,5,10,6,9,3,8
J?otVjsubk? PAIR C1=0,4,9,1,10,3,7,5,8,2,6 C2=0,7,2,5,10,6,4,1,8,3,9
J?otUzs{bs? PAIR C1=0,6,2,8,1,10,4,7,5,3,9 C2=0,4,1,7,3,10,6,9,2,5,8
J?otUzs\fo? PAIR C1=0,6,4,7,1,8,3,5,9,2,10 C2=0,4,1,10,3,9,6,2,8,5,7
J?otUzs\fc? PAIR C1=0,6,4,7,5,2,9,3,8,1,10 C2=0,4,1,7,3,5,9,6,10,2,8
J?otRzs{ek? PAIR C1=0,6,4,7,5,2,9,1,10,3,8 C2=0,4,1,8,2,7,3,5,10,6,9
J?otRzY|Fc? PAIR C1=0,4,1,7,5,9,2,10,3,8,6 C2=0,8,1,10,6,4,7,2,5,3,9
J?otVduvFo? PAIR C1=0,6,2,8,5,3,7,1,10,4,9 C2=0,4,1,8,6,7,2,5,9,3,10
J?otRvs|Ek? PAIR C1=0,9,5,2,6,4,7,1,8,3,10 C2=0,4,1,9,3,5,10,6,7,2,8
J?otUns^Fo? PAIR C1=0,8,3,5,7,1,9,2,6,4,10 C2=0,4,1,10,2,8,5,9,3,7,6
J?otUly|Fo? PAIR C1=0,9,3,8,4,6,2,5,7,1,10 C2=0,4,1,9,5,3,10,2,8,6,7
J?otQ~w|Fc? PAIR C1=0,8,1,9,3,5,7,4,6,2,10 C2=0,4,1,7,6,10,3,8,2,5,9
J?otQ~s|Fo? PAIR C1=0,6,4,7,5,2,8,1,9 C2=0,4,1,7,6,2,9,5,8
J?otQ~s|Fc? PAIR C1=0,9,3,7,4,6,2,5,8,1,10 C2=0,4,1,7,6,10,3,5,9,2,8
J?opvjsyek? PAIR C1=0,8,2,5,7,3,6,4,9,1,10 C2=0,4,1,8,3,5,10,6,9,2,7
J?opvjsrfc? PAIR C1=0,8,2,5,7,1,10,3,6,4,9 C2=0,4,1,8,3,5,9,6,10,2,7
J?opvZstfc? PAIR C1=0,7,4,6,2,5,8,1,10,3,9 C2=0,4,1,7,2,8,3,5,9,6,10
J?opvZ[{fg? PAIR C1=0,8,3,5,7,4,6,2,10,1,9 C2=0,4,1,8,5,10,3,6,9,2,7
J?opvV[|Fg? PAIR C1=0,8,5,3,10,2,6,4,7,1,9 C2=0,4,1,8,3,6,7,2,9,5,10
J?opvNs}Ek? PAIR C1=0,7,2,8,5,3,6,4,9,1,10 C2=0,4,1,7,6,10,5,2,9,3,8
J?ovfR[nBe? PAIR C1=0,6,3,5,8,1,10,2,7,4,9 C2=0,4,1,7,10,6,2,5,9,3,8
J?ovfQu^Ei? PAIR C1=0,8,3,5,9,4,7,2,6,1,10 C2=0,4,1,9,3,6,8,2,5,10,7
J?ovfQuVVg? PAIR C1=0,8,2,6,3,5,9,4,7,1,10 C2=0,4,1,9,7,2,5,10,3,8,6
J?ovfRTnBw? PAIR C1=0,8,5,2,6,1,7,4,10,3,9 C2=0,4,1,10,5,9,2,7,8,3,6
J?ovfQtvBw? PAIR C1=0,8,5,2,7,1,10,4,9 C2=0,4,1,9,5,10,2,8,7
J?ovfQtvBs? PAIR C1=0,6,3,9,1,10,4,7,2,5,8 C2=0,4,1,7,8,2,6,10,3,5,9
J?ovfQ\^Fg? PAIR C1=0,7,4,8,5,2,9,3,6,1,10 C2=0,4,1,9,5,10,3,8,7,2,6
J?ovfO||Ek? PAIR C1=0,7,4,8,5,2,6,3,9,1,10 C2=0,4,1,6,10,5,3,8,7,2,9
J?ovfO|vFg? PAIR C1=0,6,3,9,4,8,5,2,10,1,7 C2=0,4,1,6,2,7,8,3,10,5,9
J?ovfO|vFc? PAIR C1=0,6,2,8,5,3,10,1,7,4,9 C2=0,4,1,6,10,2,5,9,3,8,7
J?ovdrkvBe? PAIR C1=0,7,4,8,5,3,6,2,10,1,9 C2=0,4,1,6,10,7,3,9,5,2,8
J?ovdrkvBM? PAIR C1=0,7,4,9,3,6,1,10,5,8 C2=0,4,8,1,9,5,3,7,10,6
J?ovdrdvBw? PAIR C1=0,6,2,8,5,3,7,4,10,1,9 C2=0,4,1,6,3,9,5,10,2,7,8
J?ovdrL^Fg? PAIR C1=0,6,1,10,2,9,3,5,8,4,7 C2=0,4,1,9,5,10,3,6,2,7,8
J?ovdplvFg? PAIR C1=0,7,2,5,8,4,9,1,6,3,10 C2=0,4,1,8,7,3,9,5,10,2,6
J?oveZwnBe? PAIR C1=0,6,3,5,7,4,8,1,10,2,9 C2=0,4,1,7,10,6,2,5,9,3,8
J?oveZs}@u? PAIR C1=0,6,2,10,4,9,1,8,3,5,7 C2=0,4,1,7,10,6,3,9,2,5,8
J?oveZqnBw? PAIR C1=0,6,3,9,5,2,8,1,10,4,7 C2=0,4,1,7,5,10,3,8,6,2,9
J?oveZqnBq? PAIR C1=0,7,5,2,6,3,8,1,10,4,9 C2=0,4,1,7,10,3,5,9,2,8,6
J?oveW|}Fg? PAIR C1=0,6,3,8,4,7,5,2,10,1,9 C2=0,4,1,6,2,9,3,10,5,8,7
J?oveW|}Fc? PAIR C1=0,6,2,9,4,8,3,5,7,1,10 C2=0,4,1,9,3,6,10,2,5,8,7
J?ovdZ[}Be? PAIR C1=0,6,3,5,7,4,8,1,10,2,9 C2=0,4,1,9,3,8,5,2,6,10,7
J?ovdZ[}Am? PAIR C1=0,6,1,8,4,9,3,10,5,7 C2=0,8,5,3,6,10,7,4,1,9
J?ovdZqvBw? PAIR C1=0,8,2,6,3,5,7,4,10,1,9 C2=0,4,1,6,8,3,9,5,10,2,7
J?ovdZqvBq? PAIR C1=0,8,1,10,2,6,3,5,7,4,9 C2=0,4,1,6,8,2,5,9,3,10,7
J?ovdX\}Fg? PAIR C1=0,6,3,5,7,2,10,1,8,4,9 C2=0,4,1,6,2,9,3,10,5,8,7
J?ovUrs|@u? PAIR C1=0,7,1,9,3,10,4,6,2,5,8 C2=0,4,1,8,2,9,5,3,7,10,6
J?ovUqu|Bq? PAIR C1=0,6,4,7,1,10,2,5,8,3,9 C2=0,4,1,6,8,2,9,5,3,10,7
J?ovUqu|Bi? PAIR C1=0,6,4,7,3,5,9,1,10,2,8 C2=0,4,1,7,10,5,2,6,8,3,9
J?ovUqu^Fg? PAIR C1=0,6,1,7,4,9,2,8,5,3,10 C2=0,4,1,9,5,10,2,6,8,3,7
J?ovUqu^Fa? PAIR C1=0,6,4,7,1,9,2,8,5,3,10 C2=0,4,1,6,8,3,9,5,2,10,7
J?ovUo}|Fg? PAIR C1=0,9,3,5,8,4,6,1,10 C2=0,4,1,9,5,10,3,8,6
J?ovUo}|Fa? PAIR C1=0,6,4,8,5,2,9,1,10,3,7 C2=0,4,1,7,10,2,6,8,3,5,9
J?ovTr[\Vg? PAIR C1=0,7,2,9,1,6,4,8,5,3,10 C2=0,4,1,8,3,7,9,5,10,2,6
J?ovTrU|Bq? PAIR C1=0,6,4,7,3,9,1,10,2,5,8 C2=0,4,1,8,6,2,9,5,3,10,7
J?ovTpu|Ew? PAIR C1=0,7,4,6,1,10,3,8,5,2,9 C2=0,4,1,8,6,2,7,3,9,5,10
J?ovTpu|Ei? PAIR C1=0,6,4,7,2,5,8,1,10,3,9 C2=0,4,1,9,2,6,8,3,5,10,7
J?ovTp]|Fa? PAIR C1=0,7,4,8,6,1,10,3,5,2,9 C2=0,4,1,8,5,9,3,7,10,2,6
J?ovTrT^Fg? PAIR C1=0,7,4,9,3,5,8,1,10 C2=0,4,1,9,5,10,3,7,8
J?ovTpt|Ek? PAIR C1=0,6,4,7,2,5,8,1,10,3,9 C2=0,4,1,9,2,6,10,5,3,8,7
J?ovTp\|Fg? PAIR C1=0,6,4,8,5,3,7,2,9,1,10 C2=0,4,1,6,2,10,5,9,3,8,7
J?ovUjwnBe? PAIR C1=0,4,6,2,10,1,8,3,7,5,9 C2=0,7,10,6,1,4,9,3,5,2,8
J?ovUjs}@u? PAIR C1=0,7,5,3,10,4,6,1,9,2,8 C2=0,4,1,7,10,6,2,5,8,3,9
J?ovUjqnBw? PAIR C1=0,6,4,9,3,10,1,8,2,5,7 C2=0,4,1,7,3,8,6,2,10,5,9
J?ovUjqnBq? PAIR C1=0,6,1,8,3,7,5,2,10,4,9 C2=0,4,1,7,10,3,5,9,2,6,8
J?ovUit^Fo? PAIR C1=0,6,4,9,3,5,7,1,10,2,8 C2=0,4,1,6,2,9,5,8,7,3,10
J?ovUit^Fc? PAIR C1=0,6,4,9,1,7,5,3,8,2,10 C2=0,4,1,10,6,2,5,9,3,7,8
J?ovUit]fo? PAIR C1=0,6,4,10,2,9,1,7,5,3,8 C2=0,4,1,10,3,9,6,2,5,8,7
J?ovTjw|Au? PAIR C1=0,6,2,9,1,8,4,10,3,5,7 C2=0,4,1,6,10,7,2,5,9,3,8
J?ovTjwvBe? PAIR C1=0,8,1,10,7,3,5,2,6,4,9 C2=0,4,1,6,10,2,8,3,9,5,7
J?ovTjwvAm? PAIR C1=0,6,4,8,1,10,5,7,3,9 C2=0,7,10,6,1,4,9,5,3,8
J?ovTjY|Bq? PAIR C1=0,8,3,7,5,2,10,4,6,1,9 C2=0,4,1,8,6,2,9,5,3,10,7
J?ovTjY^Fg? PAIR C1=0,6,1,8,4,9,3,7,5,2,10 C2=0,4,1,9,5,10,3,8,6,2,7
J?ovTjY^Fa? PAIR C1=0,8,1,9,4,6,2,7,5,3,10 C2=0,4,1,6,8,3,9,5,2,10,7
J?ovTjY\Vo? PAIR C1=0,8,1,9,3,5,7,2,6,4,10 C2=0,4,1,6,8,3,10,2,5,9,7
J?ovPzs|Ee? PAIR C1=0,8,2,9,3,5,7,4,6,1,10 C2=0,4,1,8,3,7,10,6,2,5,9
J?ovPzq|Ei? PAIR C1=0,9,2,5,7,4,6,1,8,3,10 C2=0,4,1,9,3,5,10,7,2,6,8
J?ovPzY|Fg? PAIR C1=0,8,3,5,7,4,6,1,9,2,10 C2=0,4,1,8,6,2,7,3,10,5,9
J?ovPzY|Fa? PAIR C1=0,6,4,7,5,2,9,1,10,3,8 C2=0,4,1,8,6,2,10,7,3,5,9
J?ovPzU}Fa? PAIR C1=0,6,2,10,1,9,4,7,5,3,8 C2=0,4,1,6,8,5,2,7,10,3,9
J?ovPzT|Fo? PAIR C1=0,8,1,10,4,7,5,3,9 C2=0,4,1,9,5,8,7,3,10
J?otrrs|EM? PAIR C1=0,8,1,10,5,3,6,4,7,2,9 C2=0,4,1,9,5,2,8,3,7,10,6
J?otrre|Ew? PAIR C1=0,6,4,10,3,5,8,1,9 C2=0,4,1,10,5,9,3,6,8
J?otrre|Ei? PAIR C1=0,4,7,10,5,2,6,3,9,1,8 C2=0,9,5,3,7,2,8,6,4,1,10
J?otvJwvBk? PAIR C1=0,7,5,3,6,4,8,2,10,1,9 C2=0,4,1,7,2,6,10,5,9,3,8
J?otvJwvBe? PAIR C1=0,6,4,8,2,7,5,3,10,1,9 C2=0,4,1,7,10,6,2,5,9,3,8
J?otvJwvAm? PAIR C1=0,8,2,7,5,10,3,6,4,9 C2=0,4,8,3,9,5,2,6,10,7
J?otvJqvBw? PAIR C1=0,8,3,10,4,6,2,5,7,1,9 C2=0,4,1,8,6,3,9,5,10,2,7
J?otvJqvBq? PAIR C1=0,8,3,5,7,2,6,4,10,1,9 C2=0,4,1,7,10,3,9,5,2,8,6
J?otvJY|Bq? PAIR C1=0,7,5,2,6,3,9,1,10,4,8 C2=0,4,1,7,10,2,9,5,3,8,6
J?otvJY^Fg? PAIR C1=0,6,4,8,1,7,5,3,9,2,10 C2=0,4,1,9,5,10,3,8,6,2,7
J?otvJY^Fa? PAIR C1=0,6,3,9,4,8,1,7,2,10 C2=0,4,1,9,2,6,8,3,10,7
J?otvHyvFg? PAIR C1=0,7,5,2,8,4,6,3,10,1,9 C2=0,4,1,7,2,10,5,9,3,8,6
J?otvHyvFa? PAIR C1=0,9,4,6,2,7,5,3,8,1,10 C2=0,4,1,7,10,3,9,5,2,8,6
J?ou\rw|Be? PAIR C1=0,6,5,3,10,2,9,1,8,4,7 C2=0,4,1,6,10,7,2,5,9,3,8
J?ou\rw\Vg? PAIR C1=0,7,2,10,1,4,6,5,9,3,8 C2=0,4,8,2,5,10,3,7,9,1,6
J?ou\rw\Vc? PAIR C1=0,7,3,9,1,8,4,6,5,2,10 C2=0,4,1,6,10,3,5,9,7,2,8
J?ou\rq|Bw? PAIR C1=0,6,5,3,7,4,10,2,9,1,8 C2=0,4,6,1,10,5,9,3,8,2,7
J?ou\pu|Fo? PAIR C1=0,9,1,8,3,5,6,4,10 C2=0,4,1,10,3,9,5,8,6
J?ou\pu|Fa? PAIR C1=0,4,7,3,9,1,6,8,5,2,10 C2=0,6,4,1,10,7,2,8,3,5,9
J?ou\rp|Bs? PAIR C1=0,6,10,4,7,2,5,3,9,1,8 C2=0,4,1,6,5,9,2,10,3,8,7
J?ou\rp^Fg? PAIR C1=0,8,7,3,9,1,4,6,5,2,10 C2=0,6,1,10,5,3,8,2,9,4,7
J?ou\rp^Fc? PAIR C1=0,7,4,6,5,2,8,1,9,3,10 C2=0,4,1,6,10,2,9,5,3,7,8
J?ouXzw{Vg? PAIR C1=0,8,4,6,5,3,7,2,10,1,9 C2=0,4,7,9,3,10,5,2,8,1,6
J?ot]rw|Be? PAIR C1=0,8,4,6,5,2,10,3,7,1,9 C2=0,4,1,8,3,5,9,2,6,10,7
J?ot]p{{Vc? PAIR C1=0,7,4,8,2,6,5,3,9,1,10 C2=0,4,1,8,5,2,9,7,3,10,6
J?ot]pu|Fo? PAIR C1=0,9,1,8,3,5,6,4,10 C2=0,4,1,10,3,9,5,8,6
J?ot]pu|Fa? PAIR C1=0,9,1,4,7,3,5,6,8,2,10 C2=0,4,6,2,5,9,3,8,1,10,7
J?ot]rp|Bw? PAIR C1=0,8,1,10,3,7,4,6,5,2,9 C2=0,4,1,7,8,3,9,5,10,2,6
J?ot]rp|Bs? PAIR C1=0,7,4,6,5,2,10,1,8,3,9 C2=0,4,1,7,8,2,9,5,3,10,6
J?ot]pt}Fg? PAIR C1=0,7,4,6,5,3,8,2,10,1,9 C2=0,4,1,7,8,5,10,3,9,2,6
J?ot]pt}Fc? PAIR C1=0,7,1,8,2,9,4,6,5,3,10 C2=0,4,1,9,3,7,8,5,2,10,6
J?otZrs|Es? PAIR C1=0,6,5,3,9,1,10,4,7,2,8 C2=0,4,1,7,3,8,5,9,2,6,10
J?otZrs|Ee? PAIR C1=0,6,4,7,1,9,2,5,8,3,10 C2=0,4,1,8,2,7,10,6,5,3,9
J?otZrq|Ew? PAIR C1=0,9,1,8,3,5,6,2,7,4,10 C2=0,4,1,7,3,10,5,9,2,8,6
J?otZrq|Ei? PAIR C1=0,8,3,7,4,6,5,2,9,1,10 C2=0,4,1,8,6,2,7,10,5,3,9
J?otZrU|Fo? PAIR C1=0,6,5,2,10,4,7,3,8,1,9 C2=0,4,1,7,2,6,8,5,9,3,10
J?otZrp|Ew? PAIR C1=0,8,2,9,3,5,6,4,7,1,10 C2=0,4,1,9,5,10,3,8,7,2,6
J?otZrp|Ek? PAIR C1=0,8,1,9,2,5,6,4,7,3,10 C2=0,4,1,7,8,2,6,10,5,3,9
J?otZrpvFc? PAIR C1=0,9,1,7,4,6,5,3,8,2,10 C2=0,4,1,8,7,2,5,9,3,10,6
J?otZrX|Fg? PAIR C1=0,8,1,7,4,6,5,3,10,2,9 C2=0,4,1,10,5,9,3,8,7,2,6
J?otZrX|Fc? PAIR C1=0,8,4,6,5,2,10,1,7,3,9 C2=0,4,1,8,7,2,9,5,3,10,6
J?otYzw{fg? PAIR C1=0,8,3,10,2,5,6,4,7,1,9 C2=0,4,1,8,2,6,9,3,7,5,10
J?qvFb[Nbs? PAIR C1=0,7,1,6,2,9,4,10,3,5,8 C2=0,4,1,8,3,7,2,10,6,9,5
J?qvFa{]_}? PAIR C1=0,6,2,9,4,10,5,8,3,7 C2=0,4,8,2,7,10,6,9,3,5
J?qvFa{V`u? PAIR C1=0,6,1,7,2,10,4,9,5,8 C2=0,5,2,8,4,1,9,6,10,7
J?qvF`{Nes? PAIR C1=0,7,1,6,2,5,8,3,9,4,10 C2=0,4,1,8,2,7,3,10,6,9,5
J?qvF`{Ncu? PAIR C1=0,7,1,6,2,8,5,3,9,4,10 C2=0,4,1,8,3,7,10,6,9,2,5
J?qvF`{Nau? PAIR C1=0,5,8,4,9,3,10,1,7,2,6 C2=0,4,1,8,3,5,2,9,6,10,7
J?qvFa]^Bs? PAIR C1=0,5,8,3,10,4,9,1,6,2,7 C2=0,4,1,7,3,9,5,2,10,6,8
J?qvFa]^@u? PAIR C1=0,6,1,7,3,9,4,10,2,5,8 C2=0,4,1,9,2,7,10,6,8,3,5
J?qvBrsma{? PAIR C1=0,8,5,3,10,1,6,2,7,4,9 C2=0,4,1,7,3,8,2,9,6,10,5
J?qvBrsm_}? PAIR C1=0,6,2,7,3,9,4,10,5,8 C2=0,4,7,10,6,9,2,8,3,5
J?qvBrs]cu? PAIR C1=0,8,5,2,6,1,9,4,7,3,10 C2=0,4,1,8,2,7,10,6,9,3,5
J?qvBrsfbs? PAIR C1=0,8,5,2,6,1,7,4,10,3,9 C2=0,4,1,8,3,7,2,10,6,9,5
J?qvBrsf`u? PAIR C1=0,8,5,2,6,1,7,3,10,4,9 C2=0,4,1,8,2,7,10,6,9,3,5
J?qvBrsNes? PAIR C1=0,5,8,2,6,1,7,3,9,4,10 C2=0,6,10,3,5,9,2,7,4,1,8
J?qvBrsNee? PAIR C1=0,8,2,6,1,7,4,9,5,3,10 C2=0,4,1,8,3,9,6,10,7,2,5
J?qvBrsNcu? PAIR C1=0,8,3,7,1,6,2,5,9,4,10 C2=0,4,1,8,2,7,10,6,9,3,5
J?qvBr[]de? PAIR C1=0,8,5,3,7,4,9,1,6,2,10 C2=0,4,1,8,3,9,6,10,7,2,5
J?qvBr[lbs? PAIR C1=0,8,5,3,10,4,7,1,6,2,9 C2=0,4,1,8,3,7,2,10,6,9,5
J?qvBr[l`u? PAIR C1=0,6,1,7,3,5,8,4,10,2,9 C2=0,4,1,8,3,9,6,10,7,2,5
J?qvBq{\es? PAIR C1=0,6,1,10,4,7,3,9,2,5,8 C2=0,4,1,7,2,8,3,5,9,6,10
J?qvBq{\ee? PAIR C1=0,5,8,4,7,1,6,2,9,3,10 C2=0,4,1,9,6,10,7,2,5,3,8
J?qvBp{lee? PAIR C1=0,5,8,4,7,3,9,2,6,1,10 C2=0,4,1,8,3,5,2,7,10,6,9
J?qvBrqnA{? PAIR C1=0,4,7,1,10,3,5,9,2,6,8 C2=0,6,10,5,2,7,3,8,1,4,9
J?qvBrqn?}? PAIR C1=0,6,2,7,4,10,5,9,3,8 C2=0,4,9,2,8,6,10,7,3,5
J?qvBrqVdq? PAIR C1=0,8,2,6,1,7,4,9,5,3,10 C2=0,4,1,8,6,9,3,7,10,2,5
J?qvBrqNew? PAIR C1=0,6,2,5,9,4,7,1,8,3,10 C2=0,4,1,10,5,3,7,2,9,6,8
J?qvBrqNei? PAIR C1=0,5,10,1,6,2,9,4,7,3,8 C2=0,4,1,8,6,9,3,5,2,7,10
J?qvBrY|@u? PAIR C1=0,8,4,7,1,6,2,10,3,5,9 C2=0,4,1,9,3,8,6,10,7,2,5
J?qvBrYnBe? PAIR C1=0,5,9,2,6,1,10,3,7,4,8 C2=0,4,1,8,6,10,7,2,5,3,9
J?qvBrY^De? PAIR C1=0,6,2,10,3,5,9,4,7,1,8 C2=0,4,1,9,3,8,6,10,7,2,5
J?qvBrY\dq? PAIR C1=0,6,2,5,9,1,8,4,7,3,10 C2=0,4,1,7,10,2,9,6,8,3,5
J?qvBrYNfa? PAIR C1=0,6,1,7,4,8,3,5,9,2,10 C2=0,4,1,8,6,9,3,10,7,2,5
J?qvBpytdq? PAIR C1=0,6,2,5,9,1,8,3,7,4,10 C2=0,4,1,7,10,2,8,6,9,3,5
J?qvBrUnBs? PAIR C1=0,8,5,3,10,2,6,1,7,4,9 C2=0,4,1,10,6,8,3,7,2,9,5
J?qvBrUnBe? PAIR C1=0,5,8,3,7,4,9,2,10,1,6 C2=0,4,1,8,6,10,7,2,5,3,9
J?qvBrUmbw? PAIR C1=0,6,1,7,4,10,2,9,3,5,8 C2=0,4,1,10,5,2,7,3,8,6,9
J?qvBquubw? PAIR C1=0,8,5,2,6,1,10,4,9 C2=0,4,1,9,6,8,2,10,5
J?qvBqu]ei? PAIR C1=0,5,10,3,8,2,9,4,7,1,6 C2=0,4,1,10,7,2,5,3,9,6,8
J?qvBpumew? PAIR C1=0,6,2,9,4,7,1,8,5,3,10 C2=0,4,1,10,5,2,7,3,8,6,9
J?qvBpumei? PAIR C1=0,5,8,1,6,2,9,4,7,3,10 C2=0,4,1,10,7,2,5,3,8,6,9
J?qvBq]{bw? PAIR C1=0,5,8,3,9,1,10,4,7,2,6 C2=0,4,1,7,3,5,10,2,9,6,8
J?qvBq]]fa? PAIR C1=0,6,2,7,3,5,8,4,9,1,10 C2=0,4,1,7,10,3,8,6,9,2,5
J?qvBp]}De? PAIR C1=0,6,1,9,4,7,3,8,5,2,10 C2=0,4,1,8,6,10,7,2,9,3,5
J?qvBp]lfo? PAIR C1=0,6,2,9,3,5,8,1,7,4,10 C2=0,4,1,10,2,7,3,8,6,9,5
J?qvBp]lfa? PAIR C1=0,5,9,2,10,3,7,4,8,1,6 C2=0,4,1,10,7,2,5,3,8,6,9
J?qvBp]ldq? PAIR C1=0,6,1,7,2,9,5,8,4,10 C2=0,5,2,10,7,4,1,8,6,9
J?qvBpxtds? PAIR C1=0,6,2,5,9,1,8,4,7,3,10 C2=0,4,1,7,8,2,10,6,9,3,5
J?qvBpxt`{? PAIR C1=0,6,2,8,4,7,3,10,5,9 C2=0,4,10,6,9,3,8,7,2,5
J?qvBpxla{? PAIR C1=0,5,10,4,8,2,9,3,7,1,6 C2=0,4,1,8,7,2,5,3,10,6,9
J?qvBpxffc? PAIR C1=0,6,2,7,3,5,9,4,8,1,10 C2=0,4,1,7,8,3,9,6,10,2,5
J?qvBj[mbs? PAIR C1=0,5,7,2,6,1,10,4,8,3,9 C2=0,6,10,2,9,4,1,7,3,5,8
J?qvBi{ubs? PAIR C1=0,6,2,5,7,1,9,4,10,3,8 C2=0,4,1,10,6,9,3,7,2,8,5
J?qvBi{u`u? PAIR C1=0,6,1,9,4,10,2,7,3,5,8 C2=0,4,1,7,10,6,9,3,8,2,5
J?qvBi{]cu? PAIR C1=0,6,2,9,4,10,3,7,5,8 C2=0,4,8,2,7,10,6,9,3,5
J?qvBh{mcu? PAIR C1=0,5,7,1,6,2,8,4,9,3,10 C2=0,4,1,8,3,5,2,7,10,6,9
J?qvBh{ers? PAIR C1=0,6,2,5,8,3,7,1,10,4,9 C2=0,4,1,8,2,7,9,6,10,3,5
J?qvBjY}?}? PAIR C1=0,4,1,6,8,3,9,2,7,10,5 C2=0,6,2,5,7,3,10,4,9,1,8
J?qvBjYmbw? PAIR C1=0,8,4,10,1,6,2,7,5,3,9 C2=0,4,1,7,3,8,6,9,2,10,5
J?qvBi]}Bs? PAIR C1=0,5,7,3,8,4,10,1,9,2,6 C2=0,4,1,7,2,5,8,6,10,3,9
J?qvBg}ufo? PAIR C1=0,6,2,8,4,9,1,7,5,3,10 C2=0,4,1,10,2,7,3,9,6,8,5
J?qvBi\]fo? PAIR C1=0,6,1,9,4,8,3,7,5,2,10 C2=0,4,1,10,3,9,6,2,7,8,5
J?qvAzsmbs? PAIR C1=0,8,3,5,7,4,10,1,6,2,9 C2=0,4,1,7,3,9,6,10,2,8,5
J?qvAzsm`u? PAIR C1=0,6,1,7,5,8,3,10,4,9 C2=0,5,3,9,6,10,7,4,1,8
J?qvAy{{bs? PAIR C1=0,6,1,10,2,5,7,4,8,3,9 C2=0,4,1,7,3,10,6,9,2,8,5
J?qvAzq}@{? PAIR C1=0,6,2,10,4,7,5,3,8,1,9 C2=0,4,1,7,3,9,2,8,6,10,5
J?qvAzq}@u? PAIR C1=0,6,2,5,7,4,10,3,8,1,9 C2=0,4,1,7,10,6,8,2,9,3,5
J?qvAzqmbw? PAIR C1=0,5,7,4,10,2,6,1,8,3,9 C2=0,4,1,7,3,10,5,2,9,6,8
J?qvAzqmbq? PAIR C1=0,6,2,5,7,3,8,1,10,4,9 C2=0,4,1,7,10,2,8,6,9,3,5
J?qvAzq]dq? PAIR C1=0,5,7,1,9,4,10,3,8,2,6 C2=0,4,1,8,6,9,2,5,3,7,10
J?qvAyy}Bk? PAIR C1=0,6,2,10,1,9,4,7,5,3,8 C2=0,4,1,7,3,9,2,8,6,10,5
J?qvAyy}Be? PAIR C1=0,6,1,7,5,3,10,2,9,4,8 C2=0,4,1,9,3,7,10,6,8,2,5
J?qvAxy}De? PAIR C1=0,6,1,9,4,8,3,7,5,2,10 C2=0,4,1,7,10,6,8,2,9,3,5
J?qvAyu}Bs? PAIR C1=0,8,2,6,1,10,3,5,7,4,9 C2=0,4,1,7,3,9,2,10,6,8,5
J?qvAyu}Be? PAIR C1=0,6,1,9,4,7,5,3,10,2,8 C2=0,4,1,7,10,6,8,3,9,2,5
J?qvAyu}@u? PAIR C1=0,6,1,9,4,7,5,3,10,2,8 C2=0,4,1,7,10,6,8,3,9,2,5
J?qvAyu]Vo? PAIR C1=0,5,7,3,9,4,10,1,6,2,8 C2=0,4,1,7,9,2,10,3,5,8,6
J?qvAxumdq? PAIR C1=0,6,1,8,5,7,4,10,2,9 C2=0,5,2,8,6,9,4,1,7,10
J?qvAxumVo? PAIR C1=0,5,7,3,8,2,6,1,10,4,9 C2=0,4,1,7,9,2,10,3,5,8,6
J?qvAxxmfg? PAIR C1=0,9,4,8,1,6,2,5,7,3,10 C2=0,4,1,7,8,2,10,5,3,9,6
J?qvEe{^Bs? PAIR C1=0,5,8,2,6,1,10,4,9,3,7 C2=0,4,1,7,6,10,2,9,5,3,8
J?qvEdy^Dq? PAIR C1=0,7,3,9,5,2,6,1,8,4,10 C2=0,4,1,9,2,10,7,6,8,3,5
J?qvEdyNVo? PAIR C1=0,6,1,8,4,10,2,9,5,3,7 C2=0,4,1,10,3,9,7,6,8,2,5
J?qvEcz^Fo? PAIR C1=0,5,9,4,8,2,10,3,7,1,6 C2=0,4,10,1,9,3,5,2,6,8,7
J?qvCt{^Fc? PAIR C1=0,5,8,4,7,3,9,1,10,2,6 C2=0,4,1,8,2,9,5,3,10,6,7
J?qvCt{^Fa? PAIR C1=0,6,1,4,9,2,8,5,3,7,10 C2=0,4,7,6,2,10,1,8,3,9,5
J?qvCtx^Fc? PAIR C1=0,6,1,9,5,2,10,3,8,4,7 C2=0,4,1,10,6,7,8,2,9,3,5
J?qvCtt]fo? PAIR C1=0,5,8,2,10,4,7,3,9,1,6 C2=0,4,1,8,7,6,9,2,5,3,10
J?qvAvw|@{? PAIR C1=0,6,1,7,4,8,2,10,3,5,9 C2=0,4,1,9,2,5,10,6,7,3,8
J?qvAvw^De? PAIR C1=0,4,8,1,6,7,3,5,9,2,10 C2=0,5,2,8,3,9,1,4,7,10,6
J?qvAu{|Bs? PAIR C1=0,5,8,4,7,1,10,3,9,2,6 C2=0,4,1,9,5,2,10,6,7,3,8
J?qvAvq^Dq? PAIR C1=0,5,9,2,8,3,10,4,7,1,6 C2=0,4,1,9,3,5,2,10,7,6,8
J?qvAty|Dq? PAIR C1=0,6,2,5,9,3,7,1,8,4,10 C2=0,4,1,9,2,8,6,7,10,3,5
J?qvAtynFa? PAIR C1=0,9,5,2,6,1,7,4,8,3,10 C2=0,4,1,10,7,6,8,2,9,3,5
J?qvAtx|Ds? PAIR C1=0,6,2,5,9,3,7,1,8,4,10 C2=0,4,1,9,2,8,7,6,10,3,5
J?qvAtxnFc? PAIR C1=0,9,5,2,6,1,7,4,8,3,10 C2=0,4,1,10,6,7,8,2,9,3,5
J?qvAtxlfo? PAIR C1=0,6,2,10,4,8,1,7,3,5,9 C2=0,4,1,10,3,8,7,6,9,2,5
J?qvAsz|Fo? PAIR C1=0,9,5,2,6,7,3,8,4,1,10 C2=0,4,7,8,6,1,9,2,10,3,5
J?qv@vwvBk? PAIR C1=0,6,2,5,9,4,7,3,10,1,8 C2=0,4,1,9,3,8,2,7,6,10,5
J?qv@vwvBi? PAIR C1=0,4,1,6,7,10,2,8,3,9,5 C2=0,6,2,5,10,3,7,4,9,1,8
J?qv@vwvAm? PAIR C1=0,4,1,6,10,7,2,8,3,9,5 C2=0,6,2,5,10,3,7,4,9,1,8
J?qv@vsvBs? PAIR C1=0,6,1,9,3,10,4,7,2,5,8 C2=0,4,1,8,2,10,6,7,3,5,9
J?qv@vsvBq? PAIR C1=0,6,1,10,2,8,5,3,7,4,9 C2=0,4,1,9,5,2,6,7,10,3,8
J?qv@t{|Ee? PAIR C1=0,5,2,6,7,4,8,3,9,1,10 C2=0,4,1,8,2,9,5,3,7,10,6
J?qv@t{vFc? PAIR C1=0,5,8,3,10,1,6,2,7,4,9 C2=0,4,1,8,2,5,9,3,7,6,10
J?qv@t{vFa? PAIR C1=0,4,1,6,7,10,2,8,3,9,5 C2=0,6,2,5,8,1,10,3,7,4,9
J?qv@vq^Ei? PAIR C1=0,5,9,4,7,3,10,1,6,2,8 C2=0,4,1,9,2,5,3,8,6,7,10
J?qv@vU}Bw? PAIR C1=0,6,2,7,4,10,3,5,8,1,9 C2=0,4,1,10,5,2,9,3,7,6,8
J?qv@vU]Vo? PAIR C1=0,5,8,3,7,2,10,4,9,1,6 C2=0,4,1,8,6,7,9,2,5,3,10
J?qv@tu}Ei? PAIR C1=0,9,4,7,2,6,1,8,5,3,10 C2=0,4,1,10,7,6,8,3,9,2,5
J?qv@tuvFa? PAIR C1=0,5,8,3,10,1,6,2,7,4,9 C2=0,4,1,9,3,5,2,8,6,7,10
J?qv@tuuVo? PAIR C1=0,6,1,9,4,7,2,5,8,3,10 C2=0,4,1,10,2,8,6,7,9,3,5
J?qv@vX^Fc? PAIR C1=0,6,2,5,9,4,7,3,10,1,8 C2=0,4,1,9,2,10,6,7,8,3,5
J?qv@txvFc? PAIR C1=0,6,2,7,3,5,9,4,8,1,10 C2=0,4,1,9,3,10,6,7,8,2,5
J?qtf`{]a]? PAIR C1=0,4,1,7,10,6,9,3,8,2,5 C2=0,6,2,9,1,8,4,10,5,3,7
J?qtfbM^Bs? PAIR C1=0,7,1,9,4,10,3,6,2,5,8 C2=0,4,1,8,6,10,2,7,3,9,5
J?qtbrw\eM? PAIR C1=0,4,1,7,10,6,9,3,8,2,5 C2=0,6,2,9,1,10,5,3,7,4,8
J?qtbrw\a]? PAIR C1=0,6,3,9,2,5,10,1,7,4,8 C2=0,4,1,9,6,10,7,2,8,3,5
J?qtbrsya{? PAIR C1=0,5,8,2,9,4,7,1,10,3,6 C2=0,4,1,8,3,7,2,5,10,6,9
J?qtbrsZee? PAIR C1=0,6,3,10,1,7,4,9,2,5,8 C2=0,4,1,9,6,10,7,2,8,3,5
J?qtbrevBs? PAIR C1=0,6,2,8,5,3,7,4,10,1,9 C2=0,4,1,7,2,5,9,3,10,6,8
J?qtbre^Ee? PAIR C1=0,8,5,2,6,3,7,4,9,1,10 C2=0,4,1,8,6,10,7,2,9,3,5
J?qtbpuzEs? PAIR C1=0,5,8,1,9,4,10,3,6 C2=0,4,1,10,6,8,3,5,9
J?qtbpuzEe? PAIR C1=0,4,1,7,10,3,8,6,2,9,5 C2=0,6,10,1,8,2,5,3,7,4,9
J?qtbrM|Bs? PAIR C1=0,5,8,4,7,1,10,3,9,2,6 C2=0,4,1,8,6,10,2,7,3,5,9
J?qtbpxxa{? PAIR C1=0,4,1,7,8,3,10,6,9,2,5 C2=0,6,2,7,3,5,10,4,8,1,9
J?qtfJY]bw? PAIR C1=0,5,7,1,9,2,6,3,10,4,8 C2=0,4,1,8,6,9,3,5,10,2,7
J?qtfHy]ew? PAIR C1=0,7,5,3,6,2,8,4,9,1,10 C2=0,4,1,7,2,9,6,8,3,10,5
J?qtfH]]fo? PAIR C1=0,6,2,5,7,1,8,3,9,4,10 C2=0,4,1,9,6,8,5,3,10,2,7
J?qteXy]fg? PAIR C1=0,6,2,10,5,3,8,1,9,4,7 C2=0,4,1,7,5,2,8,6,9,3,10
J?qteXy]fa? PAIR C1=0,6,2,9,4,7,5,3,8,1,10 C2=0,5,2,10,3,9,6,8,4,1,7
J?qteXx]bk? PAIR C1=0,5,7,4,9,1,8,2,10,3,6 C2=0,4,1,10,6,9,2,5,3,8,7
J?qrfbkfbs? PAIR C1=0,7,1,6,3,9,4,10,2,5,8 C2=0,4,1,8,2,7,3,10,6,9,5
J?qrfa{]c]? PAIR C1=0,7,3,6,2,9,4,10,5,8 C2=0,4,8,2,7,10,6,9,3,5
J?qrfa{Zcu? PAIR C1=0,7,2,5,8,4,9,1,6,3,10 C2=0,4,1,7,10,6,9,2,8,3,5
J?qrfbMnBs? PAIR C1=0,5,8,1,6,3,10,4,9,2,7 C2=0,4,1,7,3,9,5,2,10,6,8
J?qrfbMnBq? PAIR C1=0,7,1,6,2,10,4,8,5,3,9 C2=0,4,1,8,6,3,10,7,2,9,5
J?qrfbMn@u? PAIR C1=0,7,1,6,3,10,2,5,9,4,8 C2=0,4,1,8,6,10,7,2,9,3,5
J?qrfam^Cu? PAIR C1=0,7,2,5,8,4,9,1,6,3,10 C2=0,4,1,7,10,6,8,2,9,3,5
J?qrfamVfo? PAIR C1=0,7,2,6,3,5,8,4,9,1,10 C2=0,4,1,7,3,10,2,5,9,6,8
J?qrf_}zEs? PAIR C1=0,7,2,6,3,5,8,4,9,1,10 C2=0,4,1,7,3,10,6,8,2,5,9
J?qrf_}rfo? PAIR C1=0,7,2,5,3,8,4,9,1,10 C2=0,4,1,7,3,10,2,8,5,9
J?qrfbLmbw? PAIR C1=0,8,5,3,7,1,6,2,10,4,9 C2=0,4,1,8,7,2,9,6,3,10,5
J?qrfbLNfo? PAIR C1=0,7,3,9,4,8,5,2,6,1,10 C2=0,4,1,8,7,2,10,3,6,9,5
J?qrfalubw? PAIR C1=0,5,8,2,6,3,7,1,10,4,9 C2=0,4,1,6,9,3,5,10,2,7,8
J?qrfalVfo? PAIR C1=0,7,3,5,8,2,6,1,9,4,10 C2=0,4,1,10,3,6,9,5,2,7,8
J?qrfaN]bw? PAIR C1=0,7,1,6,3,10,4,9,2,5,8 C2=0,4,1,10,2,7,8,6,9,3,5
J?qrfRsNee? PAIR C1=0,8,2,6,1,7,4,9,5,3,10 C2=0,4,1,8,3,9,6,10,7,2,5
J?qrfRsNcu? PAIR C1=0,8,5,9,3,6,1,7,4,10 C2=0,5,3,8,1,4,9,6,10,7
J?qrfR[mbi? PAIR C1=0,8,5,2,10,3,6,1,7,4,9 C2=0,4,1,8,3,9,6,2,7,10,5
J?qrfR[Nfc? PAIR C1=0,5,8,1,10,2,6,3,9,4,7 C2=0,4,1,7,2,5,9,6,10,3,8
J?qrfQ{ubi? PAIR C1=0,7,4,8,5,2,6,3,10,1,9 C2=0,4,1,6,9,3,5,10,7,2,8
J?qrfQ{ube? PAIR C1=0,5,8,3,6,2,10,1,9,4,7 C2=0,4,1,7,10,6,9,3,5,2,8
J?qrfQ{\es? PAIR C1=0,7,4,10,1,9,3,6,2,5,8 C2=0,4,1,7,2,8,3,10,6,9,5
J?qrfQ{\ee? PAIR C1=0,7,4,8,5,2,9,3,6,1,10 C2=0,4,1,9,6,10,7,2,8,3,5
J?qrfQ{Vfc? PAIR C1=0,7,4,8,5,2,6,3,9,1,10 C2=0,4,1,7,2,8,3,10,6,9,5
J?qrfP{les? PAIR C1=0,7,4,10,1,8,5,3,6,2,9 C2=0,4,1,7,2,8,3,10,6,9,5
J?qrfP{lee? PAIR C1=0,7,4,8,3,10,1,6,2,5,9 C2=0,4,1,8,2,7,10,6,9,3,5
J?qrfRUnBs? PAIR C1=0,4,7,1,10,6,2,9,3,5,8 C2=0,5,9,4,1,8,6,3,10,2,7
J?qrfRUnBq? PAIR C1=0,8,5,3,6,1,7,4,10,2,9 C2=0,4,1,8,6,2,7,10,3,9,5
J?qrfQuvBq? PAIR C1=0,7,1,6,3,8,5,2,10,4,9 C2=0,4,1,9,5,3,10,7,2,6,8
J?qrfQuvBe? PAIR C1=0,5,3,6,8,2,10,1,9,4,7 C2=0,4,1,6,10,7,2,5,9,3,8
J?qrfQuubi? PAIR C1=0,5,8,2,10,3,6,1,9,4,7 C2=0,4,1,10,7,2,5,3,9,6,8
J?qrfQuVfo? PAIR C1=0,5,8,2,6,1,9,4,7 C2=0,4,1,7,2,5,9,6,8
J?qrfQuVfa? PAIR C1=0,7,4,9,3,5,8,2,6,1,10 C2=0,4,1,9,6,8,3,10,7,2,5
J?qrfQuVdq? PAIR C1=0,7,4,10,2,6,3,9,5,8 C2=0,4,9,6,8,3,5,2,7,10
J?qrfQ]|@u? PAIR C1=0,7,1,6,3,10,4,8,5,9 C2=0,5,3,9,1,4,7,10,6,8
J?qrfQ]^Fc? PAIR C1=0,7,4,8,5,3,6,2,9,1,10 C2=0,4,1,7,2,5,9,3,10,6,8
J?qrfO}tfo? PAIR C1=0,5,8,4,10,1,9,3,6,2,7 C2=0,4,7,1,6,8,3,10,2,5,9
J?qrfO}tfa? PAIR C1=0,5,9,3,10,1,6,2,8,4,7 C2=0,4,1,9,6,8,3,5,2,7,10
J?qrfRXlbw? PAIR C1=0,7,1,6,3,9,5,2,10,4,8 C2=0,5,10,3,8,1,4,7,2,6,9
J?qrfRXNfg? PAIR C1=0,8,3,6,1,7,4,9,5,2,10 C2=0,4,1,8,7,2,6,9,3,10,5
J?qrfRTmbw? PAIR C1=0,7,4,9,2,10,1,6,3,5,8 C2=0,4,1,8,7,2,6,9,3,10,5
J?qrfRT]ds? PAIR C1=0,8,5,3,6,1,9,2,7,4,10 C2=0,4,1,7,8,3,9,6,10,2,5
J?qrfQtubw? PAIR C1=0,7,2,5,8,3,6,1,10,4,9 C2=0,4,1,7,8,2,6,9,3,10,5
J?qrfQt]ek? PAIR C1=0,7,4,9,3,5,10,1,6,2,8 C2=0,4,1,7,8,3,10,6,9,2,5
J?qrfQtVfo? PAIR C1=0,5,8,3,6,1,9,4,7,2,10 C2=0,4,1,10,3,5,9,6,2,8,7
J?qrfQtVds? PAIR C1=0,7,4,10,2,6,3,9,5,8 C2=0,4,9,6,10,3,8,7,2,5
J?qrfPtuds? PAIR C1=0,4,1,6,9,3,10,2,7,8,5 C2=0,7,1,8,3,5,2,6,10,4,9
J?qrfQ\{bw? PAIR C1=0,7,1,6,2,10,4,8,5,3,9 C2=0,4,1,9,6,3,10,5,2,7,8
J?qrfQ\]fg? PAIR C1=0,7,4,9,3,8,5,2,6,1,10 C2=0,4,1,9,6,3,5,10,2,7,8
J?qrfQ\]fc? PAIR C1=0,8,5,2,6,3,9,4,7,1,10 C2=0,4,1,9,6,10,2,7,8,3,5
J?qrfP\{ds? PAIR C1=0,9,2,5,8,3,6,1,7,4,10 C2=0,4,1,8,7,2,10,6,9,3,5
J?qrfP\mfg? PAIR C1=0,5,8,3,9,4,7,1,6,2,10 C2=0,4,1,8,7,2,5,10,3,6,9
J?qrfO|{ek? PAIR C1=0,5,10,3,9,1,6,2,8,4,7 C2=0,4,1,7,8,3,5,2,9,6,10
J?qrfO|ufg? PAIR C1=0,9,4,7,1,6,3,5,8,2,10 C2=0,4,1,9,6,2,7,8,3,10,5
J?qrfO|ufc? PAIR C1=0,4,1,6,9,3,10,2,7,8,5 C2=0,7,1,10,6,2,5,3,8,4,9
J?qrdrwrbi? PAIR C1=0,7,4,9,5,2,10,3,6,1,8 C2=0,4,1,9,6,2,8,3,7,10,5
J?qrdrsrbq? PAIR C1=0,4,9,1,6,3,5,8,2,10,7 C2=0,5,9,6,2,7,3,10,4,1,8
J?qrdrsZes? PAIR C1=0,7,4,9,2,5,8,1,6,3,10 C2=0,4,1,10,6,9,5,3,7,2,8
J?qrdrsZee? PAIR C1=0,5,9,4,7,3,6,2,8,1,10 C2=0,4,1,9,6,10,7,2,5,3,8
J?qrdrktbq? PAIR C1=0,4,1,6,9,3,10,7,2,8,5 C2=0,7,4,10,2,6,3,5,9,1,8
J?qrdrqzAy? PAIR C1=0,5,9,1,10,4,7,3,6,2,8 C2=0,4,1,6,8,3,5,10,7,2,9
J?qrdrq^EM? PAIR C1=0,5,10,1,6,3,8,2,9,4,7 C2=0,4,1,9,3,5,2,7,10,6,8
J?qrdrq^A]? PAIR C1=0,7,4,10,5,9,3,6,2,8 C2=0,4,9,2,7,10,6,8,3,5
J?qrdrivBi? PAIR C1=0,5,9,4,7,3,10,2,6,1,8 C2=0,4,1,9,3,6,8,2,5,10,7
J?qrdrivAm? PAIR C1=0,7,4,8,2,6,1,10,5,9 C2=0,4,9,1,8,6,10,7,2,5
J?qrdri\ei? PAIR C1=0,8,4,7,2,6,1,9,5,3,10 C2=0,4,1,10,5,2,8,6,9,3,7
J?qrdpy|EM? PAIR C1=0,5,9,3,7,4,8,2,6,1,10 C2=0,4,1,9,2,5,3,8,6,10,7
J?qrdpy|A]? PAIR C1=0,7,2,6,3,8,4,10,5,9 C2=0,4,7,10,6,8,2,9,3,5
J?qrdpyxew? PAIR C1=0,9,5,3,7,4,8,2,6,1,10 C2=0,4,1,9,6,8,3,10,5,2,7
J?qrdpyxei? PAIR C1=0,9,1,6,2,7,4,8,3,5,10 C2=0,4,1,10,7,3,6,8,2,9,5
J?qrdre^Es? PAIR C1=0,8,5,2,9,4,7,3,6,1,10 C2=0,4,1,9,5,3,10,6,8,2,7
J?qrdre^Ee? PAIR C1=0,8,1,6,2,7,4,9,5,3,10 C2=0,4,1,9,3,7,10,6,8,2,5
J?qrdpu}EM? PAIR C1=0,7,4,9,1,6,3,8,2,5,10 C2=0,4,1,8,6,10,7,2,9,3,5
J?qrdpuzEs? PAIR C1=0,5,8,3,6,1,9,4,10 C2=0,4,1,8,6,10,3,5,9
J?qrdpuzEe? PAIR C1=0,9,4,7,2,5,8,1,6,3,10 C2=0,4,1,9,2,8,6,10,7,3,5
J?qrdrM\fo? PAIR C1=0,7,4,8,5,3,9,1,6,2,10 C2=0,4,1,10,3,7,2,5,9,6,8
J?qrdrM\fa? PAIR C1=0,8,4,7,3,6,1,9,5,2,10 C2=0,4,1,8,6,9,2,7,10,3,5
J?qrdpm{ew? PAIR C1=0,9,1,6,3,5,8,4,10 C2=0,4,1,8,6,9,3,10,5
J?qrdpm{ei? PAIR C1=0,5,8,4,7,3,9,2,6,1,10 C2=0,4,1,9,6,8,2,5,3,10,7
J?qrdpm{ay? PAIR C1=0,4,8,6,1,9,2,7,3,10,5 C2=0,7,10,4,1,8,2,5,3,6,9
J?qrdrprbw? PAIR C1=0,7,4,10,2,8,1,6,3,5,9 C2=0,4,1,9,6,2,7,8,3,10,5
J?qrdrhtbw? PAIR C1=0,5,9,3,6,1,8,4,10,2,7 C2=0,4,1,10,5,3,7,8,2,6,9
J?qrdrh\ek? PAIR C1=0,7,2,6,3,9,5,10,1,4,8 C2=0,4,7,3,10,6,9,1,8,2,5
J?qrdrhVfg? PAIR C1=0,8,2,5,9,4,7,3,6,1,10 C2=0,4,1,8,7,2,6,9,3,10,5
J?qrdrdubw? PAIR C1=0,5,8,2,10,4,7,3,6,1,9 C2=0,4,1,10,5,3,9,6,2,7,8
J?qrdrdVfo? PAIR C1=0,5,8,2,6,1,9,3,7,4,10 C2=0,4,1,10,3,6,9,5,2,7,8
J?qrdrdVds? PAIR C1=0,8,5,9,1,6,3,7,4,10 C2=0,5,3,10,6,9,4,1,8,7
J?qrdptrds? PAIR C1=0,7,2,6,1,8,3,5,9,4,10 C2=0,4,1,9,6,10,3,7,8,2,5
J?qrdrL{bw? PAIR C1=0,5,8,4,10,3,9,1,6,2,7 C2=0,4,1,10,5,2,9,6,3,7,8
J?qrdrL]fg? PAIR C1=0,5,8,4,7,2,9,3,6,1,10 C2=0,4,1,9,6,2,10,5,3,7,8
J?qrdrL\fo? PAIR C1=0,8,5,2,6,1,9,3,7,4,10 C2=0,4,1,8,7,2,10,3,6,9,5
J?qrdrL\fc? PAIR C1=0,5,9,3,7,4,8,1,6,2,10 C2=0,4,1,9,6,10,3,5,2,7,8
J?qrdplufg? PAIR C1=0,7,4,9,3,5,8,2,6,1,10 C2=0,4,1,8,7,2,5,10,3,6,9
J?qrdrbvBw? PAIR C1=0,4,1,6,8,7,2,10,3,9,5 C2=0,7,3,6,2,5,10,4,9,1,8
J?qrdrJ|Bw? PAIR C1=0,8,1,6,3,10,4,7,2,5,9 C2=0,4,1,9,3,7,8,6,2,10,5
J?qrdpjvFg? PAIR C1=0,4,1,6,8,7,2,10,3,9,5 C2=0,7,3,6,2,5,10,1,8,4,9
J?qrdrF^Fo? PAIR C1=0,7,4,9,2,6,3,5,8,1,10 C2=0,4,1,6,8,7,2,10,3,9,5
J?qrdrF^Ds? PAIR C1=0,7,4,9,3,6,1,8,5,2,10 C2=0,4,1,9,2,7,8,6,10,3,5
J?qrdpf}Ek? PAIR C1=0,5,8,1,9,4,7,2,6,3,10 C2=0,4,1,10,6,8,7,3,5,2,9
J?qrdpfvFo? PAIR C1=0,4,1,6,8,7,2,10,3,9,5 C2=0,7,3,6,2,5,8,1,10,4,9
J?qrdpN}Fg? PAIR C1=0,9,4,8,5,3,7,2,6,1,10 C2=0,4,1,9,2,5,10,3,6,8,7
J?qrfJ[mbq? PAIR C1=0,7,5,2,6,1,8,4,10,3,9 C2=0,4,1,7,10,2,9,6,3,8,5
J?qrfI{ubq? PAIR C1=0,7,5,2,10,4,8,3,6,1,9 C2=0,4,1,10,7,2,6,9,3,5,8
J?qrfI{u`u? PAIR C1=1,6,3,8,5,7,2,10,4,9 C2=1,4,8,2,5,3,9,6,10,7
J?qrfI{]cu? PAIR C1=0,7,5,8,3,6,1,9,4,10 C2=0,5,3,9,6,10,7,1,4,8
J?qrfI{Uvo? PAIR C1=0,7,5,3,8,4,9,1,6,2,10 C2=0,4,1,10,3,6,9,7,2,8,5
J?qrfIy]ew? PAIR C1=0,7,5,2,6,3,8,4,9,1,10 C2=0,4,1,7,2,8,6,9,3,10,5
J?qrfHy}?}? PAIR C1=0,5,10,4,9,3,6,1,8,2,7 C2=0,4,1,7,10,6,8,3,5,2,9
J?qrfHyudw? PAIR C1=0,7,5,2,10,4,8,3,6,1,9 C2=0,4,1,7,2,8,6,9,3,10,5
J?qrfHyudq? PAIR C1=0,4,1,6,9,3,8,2,10,7,5 C2=0,7,1,8,6,2,5,3,10,4,9
J?qrfI]]fo? PAIR C1=0,8,4,9,1,7,5,3,6,2,10 C2=0,4,1,10,3,9,6,8,5,2,7
J?qrfI\]fo? PAIR C1=0,7,5,2,9,4,10,1,6,3,8 C2=0,4,1,9,6,2,7,8,5,3,10
J?qrfH\mfo? PAIR C1=0,5,7,1,8,3,6,2,9,4,10 C2=0,4,1,6,9,3,10,2,5,8,7
J?qrfG|ufo? PAIR C1=0,5,7,2,8,4,9,1,6,3,10 C2=0,4,1,10,2,6,9,3,5,8,7
J?qrdji]ew? PAIR C1=0,5,7,2,6,3,10,4,9,1,8 C2=0,4,1,10,5,2,8,6,9,3,7
J?qrdjM}Bq? PAIR C1=0,7,5,3,10,2,6,1,9,4,8 C2=0,4,1,10,7,2,5,8,6,3,9
J?qrdjL]fo? PAIR C1=0,7,5,3,9,1,6,2,10,4,8 C2=0,4,9,6,3,10,1,8,7,2,5
J?qrdjL]fc? PAIR C1=0,5,7,2,9,4,8,1,6,3,10 C2=0,4,1,9,6,10,2,5,3,7,8
J?qrdhlufo? PAIR C1=0,5,7,2,6,1,8,4,9,3,10 C2=0,4,1,10,2,5,8,7,3,6,9
J?qrdhN}Fc? PAIR C1=0,5,7,3,6,2,10,1,8,4,9 C2=0,4,1,9,2,5,3,10,6,8,7
J?qrbjwmeM? PAIR C1=0,5,10,1,6,3,7,2,8,4,9 C2=0,4,1,7,10,6,9,2,5,3,8
J?qrbjwmc]? PAIR C1=0,5,10,4,8,1,6,3,7,2,9 C2=0,4,1,7,10,6,9,3,5,2,8
J?qrbi{yee? PAIR C1=0,5,2,7,1,6,10,3,8,4,9 C2=0,4,1,9,6,2,8,5,3,7,10
J?qrbi{ycu? PAIR C1=0,8,4,9,1,6,2,5,7,3,10 C2=0,4,1,7,10,6,9,2,8,3,5
J?qrbi{qvc? PAIR C1=0,9,4,8,5,3,7,2,6,1,10 C2=0,4,1,7,9,6,10,3,8,2,5
J?qrbjiudq? PAIR C1=0,9,3,6,2,5,7,1,8,4,10 C2=0,4,1,9,6,8,2,7,10,3,5
J?qrbjLmds? PAIR C1=0,8,5,7,3,6,2,9,4,10 C2=0,4,8,7,2,10,6,9,3,5
J?qrbjJ}Ds? PAIR C1=0,8,1,6,2,7,5,3,10,4,9 C2=0,4,1,9,3,7,8,6,10,2,5
J?qreZw{`u? PAIR C1=0,5,7,4,8,3,10,2,6,1,9 C2=0,4,1,7,10,6,9,3,5,2,8
J?qreZwmbi? PAIR C1=0,5,7,4,8,1,6,2,10,3,9 C2=0,4,1,7,10,5,2,9,6,3,8
J?qreY{{bq? PAIR C1=0,5,7,1,6,2,9,3,10,4,8 C2=0,4,1,9,6,3,8,5,2,10,7
J?qreY{]fa? PAIR C1=0,5,7,1,6,3,9,4,8,2,10 C2=0,4,1,9,6,2,5,8,3,10,7
J?qreXy}De? PAIR C1=0,7,5,2,10,3,6,1,8,4,9 C2=0,4,1,7,10,6,8,2,9,3,5
J?qreXy{dw? PAIR C1=0,5,7,1,6,3,10,4,8,2,9 C2=0,7,4,1,8,6,9,3,5,2,10
J?qreXy{dq? PAIR C1=0,7,5,2,6,1,8,4,10,3,9 C2=0,4,1,7,10,2,9,6,8,3,5
J?qreXy{`y? PAIR C1=0,7,4,8,2,5,10,3,6,1,9 C2=0,4,1,7,10,2,9,6,8,3,5
J?qreXu}De? PAIR C1=0,9,4,7,5,2,6,1,8,3,10 C2=0,4,1,7,10,6,8,2,9,3,5
J?qreXumfo? PAIR C1=0,7,5,8,2,6,1,4,9 C2=0,4,7,1,8,6,9,2,5
J?qreW}{fo? PAIR C1=0,7,5,8,4,1,6,2,9 C2=0,4,7,1,9,6,8,2,5
J?qreW}{fa? PAIR C1=0,9,1,6,3,5,7,4,8,2,10 C2=0,4,1,7,10,3,8,6,9,2,5
J?qrdZsubq? PAIR C1=0,5,7,2,6,3,8,1,10,4,9 C2=0,4,1,6,9,3,5,8,2,10,7
J?qrdZs]ee? PAIR C1=0,5,8,3,6,2,7,4,9,1,10 C2=0,4,1,8,2,5,3,9,6,10,7
J?qrdZ[{bq? PAIR C1=0,7,5,3,9,1,6,2,10,4,8 C2=0,4,1,10,7,2,5,8,3,6,9
J?qrdX{{ee? PAIR C1=0,9,2,5,7,4,8,3,6,1,10 C2=0,4,1,8,2,7,10,6,9,3,5
J?qrdZY}Bi? PAIR C1=0,8,4,7,5,2,10,1,6,3,9 C2=0,4,1,9,2,6,8,3,5,10,7
J?qrdZY}Am? PAIR C1=1,6,2,7,5,10,3,9,4,8 C2=1,4,7,10,6,8,3,5,2,9
J?qrdXy{ew? PAIR C1=0,5,7,4,10,3,6,2,8,1,9 C2=0,4,1,10,5,3,8,6,9,2,7
J?qrdXy{ei? PAIR C1=0,9,2,5,7,4,8,1,6,3,10 C2=0,4,1,10,7,2,8,6,9,3,5
J?qrdXy{ay? PAIR C1=0,7,4,8,3,6,1,10,5,2,9 C2=0,4,1,9,6,8,2,7,10,3,5
J?qrdX\{fo? PAIR C1=0,9,3,5,7,2,6,1,8,4,10 C2=0,4,1,10,3,6,9,2,5,8,7
J?qrdZR}Bw? PAIR C1=0,7,5,3,6,2,9,4,10,1,8 C2=0,4,1,6,8,7,2,5,10,3,9
J?qrdXrvFo? PAIR C1=0,4,1,6,8,7,2,10,3,9,5 C2=0,7,5,2,6,3,8,1,10,4,9
J?qrdXZ}Fg? PAIR C1=0,9,4,8,3,5,7,2,6,1,10 C2=0,4,1,9,2,5,10,3,6,8,7
J?qrdXV}Fo? PAIR C1=0,7,2,5,8,3,6,1,9,4,10 C2=0,4,1,10,3,9,2,6,8,7,5
J?qrbZwude? PAIR C1=0,9,4,8,3,6,1,7,5,2,10 C2=0,4,1,8,2,7,10,6,9,3,5
J?qrbZwucm? PAIR C1=0,8,4,9,3,6,1,7,5,10 C2=0,5,3,8,1,4,7,10,6,9
J?qrbZq}Cu? PAIR C1=0,9,1,8,3,6,2,5,7,4,10 C2=0,4,1,7,10,6,8,2,9,3,5
J?qrbZqudw? PAIR C1=0,9,1,8,3,6,2,5,7,4,10 C2=0,4,1,7,2,8,6,9,3,10,5
J?qrbZqudq? PAIR C1=0,4,1,6,9,3,8,2,10,7,5 C2=0,8,6,2,5,3,10,4,7,1,9
J?qrbYy{ew? PAIR C1=0,8,3,10,4,7,5,2,6,1,9 C2=0,4,1,7,2,8,6,9,3,5,10
J?qrbYy{ei? PAIR C1=0,5,10,3,9,2,6,1,7,4,8 C2=0,4,1,9,6,8,3,5,2,7,10
J?qrbYyufg? PAIR C1=0,5,7,4,8,3,6,2,10,1,9 C2=0,4,1,7,2,5,10,3,9,6,8
J?qrbYyufa? PAIR C1=0,4,1,6,9,3,8,2,10,7,5 C2=0,8,6,2,5,3,10,1,7,4,9
J?qrbZUmfo? PAIR C1=0,8,3,6,1,10,4,7,5,2,9 C2=0,4,1,7,2,10,3,9,6,8,5
J?qrbZUmdq? PAIR C1=0,8,5,7,1,6,3,9,4,10 C2=0,5,3,10,7,4,1,8,6,9
J?qrbZUmVo? PAIR C1=0,5,7,4,9,2,6,1,10,3,8 C2=0,4,1,7,9,3,6,8,5,2,10
J?qrbYu}Ee? PAIR C1=0,8,2,5,7,4,9,3,6,1,10 C2=0,4,1,9,2,7,10,6,8,3,5
J?qrbYuuVo? PAIR C1=0,9,1,6,2,8,3,5,7,4,10 C2=0,4,1,10,2,7,9,3,6,8,5
J?qrbYuuVc? PAIR C1=0,8,3,9,4,7,5,2,6,1,10 C2=0,4,1,9,7,2,8,6,10,3,5
J?qrbZR}Ds? PAIR C1=0,8,1,6,3,9,4,7,5,2,10 C2=0,4,1,9,2,7,8,6,10,3,5
J?qrbZRnFo? PAIR C1=0,5,7,4,10,3,8,1,6,2,9 C2=0,4,1,7,8,6,3,9,5,2,10
J?qrbYr}Ek? PAIR C1=0,8,2,5,7,4,9,1,6,3,10 C2=0,4,1,10,6,8,7,2,9,3,5
J?qrbYrvFo? PAIR C1=0,4,1,6,8,7,2,10,3,9,5 C2=0,8,3,6,2,5,7,1,10,4,9
J?qr`zw{eM? PAIR C1=0,8,4,7,5,3,9,2,6,1,10 C2=0,4,1,9,6,10,7,3,8,2,5
J?qr`zsyee? PAIR C1=0,9,4,7,2,6,1,8,5,3,10 C2=0,4,1,9,6,10,7,3,8,2,5
J?qr`zi{ew? PAIR C1=0,5,7,4,10,3,6,2,9,1,8 C2=0,4,1,10,5,3,7,2,8,6,9
J?qr`zi{ei? PAIR C1=0,5,10,3,9,1,6,2,7,4,8 C2=0,4,1,10,7,3,5,2,8,6,9
J?qr`zL{fo? PAIR C1=0,8,4,7,5,2,6,3,9,1,10 C2=0,4,1,6,9,2,10,3,7,8,5
J?qr`zbvFo? PAIR C1=0,9,4,7,5,2,8,1,6,3,10 C2=0,4,1,10,2,6,8,7,3,9,5
J?qr`zbufo? PAIR C1=0,8,1,9,4,7,5,3,6,2,10 C2=0,4,1,10,3,9,6,8,7,2,5
J?qvfPwVTd? PAIR C1=0,4,1,6,10,8,3,9,7,2,5 C2=0,6,2,10,3,5,9,4,8,1,7
J?qvUpsmbi? PAIR C1=0,5,8,2,10,3,7,1,6,4,9 C2=0,4,1,8,3,9,6,2,5,10,7
J?qvUpsmbJ? PAIR C1=0,6,4,7,1,10,5,8,3,9 C2=0,4,9,6,1,8,10,7,3,5
J?qvTpsubi? PAIR C1=0,5,8,3,10,2,7,4,6,1,9 C2=0,4,1,8,2,5,10,7,3,9,6
J?qvTpsubJ? PAIR C1=0,4,1,6,9,3,8,10,7,2,5 C2=0,6,4,9,1,8,2,10,5,3,7
J?qtn`wrbq? PAIR C1=0,7,3,6,5,2,10,4,8,1,9 C2=0,4,1,7,10,3,8,2,6,9,5
J?qtn`wrbp? PAIR C1=0,7,1,10,2,5,6,3,8,4,9 C2=0,4,1,8,10,3,7,2,6,9,5
J?qtnPwtbq? PAIR C1=0,6,5,3,9,1,10,4,7 C2=0,4,1,7,10,3,6,9,5
J?qtnPwtbp? PAIR C1=0,7,4,10,2,6,5,3,8,1,9 C2=0,4,1,7,2,8,10,3,6,9,5
J?qtnPwtbb? PAIR C1=0,4,1,7,10,8,3,9,6,2,5 C2=0,6,3,5,9,1,10,2,8,4,7
J?qtnPwt`r? PAIR C1=0,4,1,7,10,8,3,9,6,2,5 C2=0,6,3,5,9,1,8,4,10,2,7
J?qtnPw\eq? PAIR C1=0,7,4,8,1,9,2,5,6,3,10 C2=0,4,1,10,7,2,8,3,5,9,6
J?qtnPw\ep? PAIR C1=0,6,5,2,9,1,8,4,10 C2=0,4,1,10,8,2,6,9,5
J?qtnPw\eb? PAIR C1=0,4,1,7,10,8,3,9,6,2,5 C2=0,6,5,3,10,1,9,2,8,4,7
J?qu^`wmbi? PAIR C1=0,6,5,2,10,3,7,1,8,4,9 C2=0,4,1,6,9,3,8,2,7,10,5
J?rL`zw{bk? PAIR C1=0,8,4,7,5,1,10,3,6,2,9 C2=0,4,1,8,2,7,3,9,6,10,5
J?rL`zw\fa? PAIR C1=0,6,3,9,1,5,7,4,8,2,10 C2=0,4,1,8,3,10,7,2,6,9,5
J?rL`x{{fa? PAIR C1=0,9,2,6,3,7,5,4,8,1,10 C2=0,4,1,5,8,2,7,10,3,9,6
J?rL`zq{bw? PAIR C1=0,6,3,9,2,10,4,7,5,1,8 C2=0,4,1,9,6,8,2,7,3,10,5
J?rL`zq{bq? PAIR C1=0,6,2,8,1,10,4,5,7,3,9 C2=0,5,1,4,7,10,2,9,6,3,8
J?rLbe{}Bk? PAIR C1=0,5,8,4,9,1,7,2,10,3,6 C2=0,4,1,5,10,6,7,3,9,2,8
J?rLbe{^Fc? PAIR C1=0,5,8,4,9,3,7,1,10,2,6 C2=0,4,1,5,9,2,7,6,10,3,8
J?rLbfqn@y? PAIR C1=0,5,10,4,1,8,3,7,6 C2=0,4,5,1,7,10,3,6,8
J?rLbey|Bw? PAIR C1=0,8,4,10,3,6,2,7,1,5,9 C2=0,4,1,9,3,7,6,8,2,10,5
J?rLbey|Bq? PAIR C1=0,6,2,7,1,10,4,5,9,3,8 C2=0,4,8,6,3,7,10,2,9,1,5
J?rLbey^Fa? PAIR C1=0,6,7,2,9,4,5,1,10,3,8 C2=0,4,1,7,10,2,8,6,3,9,5
J?rLbey\Vo? PAIR C1=0,5,9,1,10,4,8,2,7,3,6 C2=0,4,5,1,7,9,3,10,2,6,8
J?rLbdy|Dq? PAIR C1=0,5,9,2,6,3,7,1,8,4,10 C2=0,4,5,1,9,3,8,2,10,7,6
J?rLbdynFa? PAIR C1=0,6,2,8,4,5,9,3,7,1,10 C2=0,4,9,2,7,10,3,6,8,1,5
J?rLbdylVo? PAIR C1=0,9,2,6,3,7,1,8,4,10 C2=0,4,1,10,2,7,9,3,8,6
J?rLbc}}Fg? PAIR C1=0,9,4,8,5,1,7,3,6,2,10 C2=0,4,1,9,2,7,6,8,3,10,5
J?rLbc}{Vo? PAIR C1=0,6,2,7,1,10,4,5,8,3,9 C2=0,4,8,2,10,3,6,7,9,1,5
J?qmdd{^Fc? PAIR C1=0,6,3,7,2,8,5,4,9,1,10 C2=0,4,1,8,3,9,5,2,10,6,7
J?qmddr^Fo? PAIR C1=0,7,3,6,1,8,2,9,4,10 C2=0,4,1,9,3,10,2,7,8,6
J?qmddr^Bw? PAIR C1=0,5,9,4,10,1,8,2,7,3,6 C2=0,4,5,2,10,3,9,1,6,8,7
J?qmbfsnBs? PAIR C1=0,8,5,2,7,1,6,3,10,4,9 C2=0,4,1,10,6,7,3,8,2,9,5
J?qmbfsn@u? PAIR C1=0,6,7,3,8,2,10,4,5,9 C2=0,4,9,3,6,10,7,2,5,8
J?qmbe{}Bk? PAIR C1=0,6,3,10,1,7,2,5,8,4,9 C2=0,4,1,9,2,8,3,7,6,10,5
J?qmbe{^Fc? PAIR C1=0,8,5,4,9,2,7,3,6,1,10 C2=0,4,1,7,6,10,2,8,3,9,5
J?qmbe{^Fa? PAIR C1=0,6,3,7,1,9,4,8,5,2,10 C2=0,4,1,6,7,10,3,8,2,9,5
J?qmbfq^Dq? PAIR C1=0,8,1,6,3,7,2,9,5,4,10 C2=0,4,1,9,3,10,7,6,8,2,5
J?qmbey|Bw? PAIR C1=0,6,3,7,1,10,4,8,2,5,9 C2=0,4,1,9,3,8,6,7,2,10,5
J?qmbey\Vg? PAIR C1=0,6,3,8,4,5,9,1,7,2,10 C2=0,4,1,10,3,9,7,6,8,2,5
J?qmbdy|Dq? PAIR C1=0,6,1,9,5,4,8,3,7,2,10 C2=0,4,1,8,6,7,10,3,9,2,5
J?qmbeu}Bw? PAIR C1=0,6,1,10,2,7,3,9,4,5,8 C2=0,4,1,7,6,8,3,10,5,2,9
J?qmbeu]Vo? PAIR C1=0,8,5,4,9,1,6,3,7,2,10 C2=0,4,1,10,3,9,7,6,8,2,5
J?qmbeu]Vg? PAIR C1=0,6,1,7,2,9,4,5,8 C2=0,4,1,9,7,6,8,2,5
J?qmbdu}Dq? PAIR C1=0,6,1,7,3,8,5,4,9,2,10 C2=0,4,1,9,3,10,7,6,8,2,5
J?qmbex^Fg? PAIR C1=0,6,1,7,3,8,4,9,5,2,10 C2=0,4,1,9,2,8,7,6,3,10,5
J?qmbex\fg? PAIR C1=0,8,4,5,9,1,6,3,7,2,10 C2=0,4,1,10,3,8,7,6,9,2,5
J?qmbet^Fo? PAIR C1=0,6,1,9,3,7,2,10,4,5,8 C2=0,4,1,10,3,6,7,8,2,9,5
J?qmbet^Bs? PAIR C1=1,6,3,7,2,8,5,9,4,10 C2=1,4,5,2,10,6,7,8,3,9
J?qmbet]fo? PAIR C1=0,8,5,4,9,1,6,3,7,2,10 C2=0,4,1,10,3,9,6,7,8,2,5
J?qmbc||Fo? PAIR C1=0,6,3,7,2,8,5,4,10,1,9 C2=0,4,1,6,7,8,3,10,2,9,5
J?qmbc|{fo? PAIR C1=0,6,3,8,5,4,10,2,7,1,9 C2=0,4,1,10,3,9,6,7,8,2,5
J?qmbc|{fg? PAIR C1=0,9,2,7,1,6,3,8,4,5,10 C2=0,4,1,10,3,9,6,7,8,2,5
J?qmbdrnFo? PAIR C1=0,4,5,9,3,6,7,1,8,2,10 C2=0,5,2,9,4,1,10,3,7,8,6
J?qmbdrnFg? PAIR C1=0,6,7,3,8,1,4,5,9,2,10 C2=0,4,9,3,10,1,6,8,7,2,5
J?qjfb[lbq? PAIR C1=0,5,8,4,10,1,7,3,6,2,9 C2=0,4,1,6,9,5,2,7,10,3,8
J?qjfbq^?}? PAIR C1=0,7,1,9,5,4,10,3,6,2,8 C2=0,4,1,8,6,10,7,3,9,2,5
J?qjfbqfbq? PAIR C1=0,7,1,6,3,8,2,10,4,5,9 C2=0,4,1,8,6,9,3,10,7,2,5
J?qjfbY^Cm? PAIR C1=0,4,9,5,10,3,6,1,8 C2=0,5,4,1,9,3,8,6,10
J?qjfbYNfg? PAIR C1=0,8,4,5,9,2,6,3,7,1,10 C2=0,4,1,8,6,9,3,10,5,2,7
J?qjfayvBi? PAIR C1=0,7,1,6,2,10,3,8,4,5,9 C2=0,4,1,9,3,6,8,2,7,10,5
J?qjfay\ew? PAIR C1=0,5,9,1,7,2,6,3,10,4,8 C2=0,4,1,10,5,2,8,6,9,3,7
J?qjfay\ei? PAIR C1=0,7,1,9,5,4,8,2,6,3,10 C2=0,4,1,10,7,3,8,6,9,2,5
J?qjf`ylew? PAIR C1=0,7,2,9,5,4,8,3,6,1,10 C2=0,4,1,7,3,10,5,2,8,6,9
J?qjf`yleq? PAIR C1=0,5,9,2,6,3,8,4,1,10,7 C2=0,4,5,2,7,1,8,6,9,3,10
J?qjf`ylei? PAIR C1=0,7,3,6,2,9,5,4,8,1,10 C2=0,4,1,7,10,3,9,6,8,2,5
J?qjf`yffg? PAIR C1=0,7,3,6,2,5,9,4,8,1,10 C2=0,4,1,7,2,8,6,9,3,10,5
J?qjfa]}Bi? PAIR C1=0,7,2,6,1,10,3,8,5,4,9 C2=0,4,1,7,10,5,2,9,3,6,8
J?qjfa]^Fc? PAIR C1=0,8,5,4,9,1,6,3,10 C2=0,4,1,10,6,8,3,9,5
J?qjf`]nFc? PAIR C1=0,7,1,10,2,6,3,8,5,4,9 C2=0,4,1,8,6,10,3,7,2,9,5
J?qjf`]nFa? PAIR C1=0,7,3,6,1,10,2,5,8,4,9 C2=0,4,1,7,10,3,8,6,2,9,5
J?qjf`]{dq? PAIR C1=0,7,2,6,3,9,1,8,5,4,10 C2=0,4,1,7,10,3,8,6,9,2,5
J?qjf`]{di? PAIR C1=0,9,2,6,1,7,3,8,4,5,10 C2=0,4,1,8,6,9,3,10,7,2,5
J?qjf`]{`y? PAIR C1=0,7,2,10,5,4,8,1,6,3,9 C2=0,4,1,7,10,3,8,6,9,2,5
J?qjf`]mfg? PAIR C1=0,7,3,6,1,10,2,5,8,4,9 C2=0,4,1,7,2,9,6,8,3,10,5
J?qjfbpfbw? PAIR C1=0,5,9,4,10,3,8,1,6,2,7 C2=0,4,1,10,5,2,8,7,3,6,9
J?qjfbpfbs? PAIR C1=0,7,1,8,2,6,3,10,4,5,9 C2=0,4,1,10,6,9,3,8,7,2,5
J?qjfbpVds? PAIR C1=0,7,2,10,4,5,9,3,6,1,8 C2=0,4,1,9,6,10,3,7,8,2,5
J?qjfbpVdk? PAIR C1=0,7,2,10,5,4,9,3,6,1,8 C2=0,4,1,9,6,10,3,7,8,2,5
J?qjbrsles? PAIR C1=0,4,10,6,2,9,3,7,1,8,5 C2=0,9,5,4,7,2,8,3,6,1,10
J?qjbrslee? PAIR C1=0,9,2,7,4,5,8,1,6,3,10 C2=0,4,1,7,10,6,9,3,8,2,5
J?qjbrslcu? PAIR C1=0,8,5,9,2,6,1,7,4,10 C2=0,5,4,1,8,2,7,10,6,9
J?qjbrq|Cm? PAIR C1=0,8,1,6,2,7,4,5,10 C2=0,4,1,7,10,6,8,2,5
J?qjbrqlew? PAIR C1=0,8,3,10,1,6,2,7,4,5,9 C2=0,4,1,7,3,9,6,8,2,5,10
J?qjbrqleq? PAIR C1=0,9,5,4,7,2,6,3,8,1,10 C2=0,4,1,7,10,3,9,6,8,2,5
J?qjbrqlei? PAIR C1=0,8,1,6,3,10,5,4,7,2,9 C2=0,4,1,10,7,3,9,6,8,2,5
J?qjbrY|De? PAIR C1=0,9,5,4,8,1,7,3,6,2,10 C2=0,4,1,9,3,8,6,10,7,2,5
J?qjbrY|Cm? PAIR C1=0,8,4,7,3,6,1,9,5,10 C2=0,5,4,1,7,10,6,8,3,9
J?qjbrU{dq? PAIR C1=0,9,3,7,2,6,1,8,5,4,10 C2=0,4,1,7,10,3,8,6,9,2,5
J?qjbrUlfo? PAIR C1=0,5,8,3,6,1,7,4,10,2,9 C2=0,4,1,8,6,9,5,2,7,3,10
J?qjbrptds? PAIR C1=0,8,1,6,3,9,5,4,7,2,10 C2=0,4,1,9,6,10,3,7,8,2,5
J?qjbrples? PAIR C1=0,9,5,4,7,2,6,1,8,3,10 C2=0,4,1,10,6,9,3,7,8,2,5
J?qjbrplek? PAIR C1=0,8,1,6,3,10,5,4,7,2,9 C2=0,4,1,10,6,9,3,7,8,2,5
J?qjczw{bi? PAIR C1=0,5,7,4,8,3,6,2,10,1,9 C2=0,4,5,2,8,1,6,9,3,10,7
J?qjczw\fa? PAIR C1=0,8,4,5,7,3,9,2,6,1,10 C2=0,4,1,8,2,5,9,6,3,10,7
J?qjcxy{fg? PAIR C1=0,5,7,4,8,1,10,2,6,3,9 C2=0,4,1,9,6,8,2,5,10,3,7
J?qjcxy{bi? PAIR C1=0,7,5,4,8,1,6,3,10,2,9 C2=0,4,1,10,7,3,9,6,8,2,5
J?qjazw{de? PAIR C1=0,9,1,8,4,5,7,3,6,2,10 C2=0,4,1,7,10,6,9,3,8,2,5
J?qjazq{dw? PAIR C1=0,5,4,7,1,9,2,6,8,3,10 C2=0,4,1,6,9,3,7,5,10,2,8
J?qjazq{dq? PAIR C1=0,8,3,6,2,9,1,7,5,4,10 C2=0,4,1,8,6,9,3,7,10,2,5
J?qjazq{di? PAIR C1=0,9,2,6,1,8,3,7,4,5,10 C2=0,4,1,7,10,3,9,6,8,2,5
J?qjayy|Fa? PAIR C1=0,8,2,9,3,6,1,4,5,7,10 C2=0,4,8,6,2,10,3,7,1,9,5
J?qjayr}Fg? PAIR C1=0,8,3,7,5,4,9,1,6,2,10 C2=0,4,1,7,8,6,3,10,5,2,9
J?qjayr{fg? PAIR C1=0,9,2,5,4,7,8,3,6,1,10 C2=0,4,1,7,3,9,6,8,2,10,5
J?qjbfwvCm? PAIR C1=0,5,10,3,6,2,7,1,9,4,8 C2=0,4,5,2,8,1,6,10,7,3,9
J?qjbf[nFc? PAIR C1=0,9,4,8,5,2,6,3,7,1,10 C2=0,4,1,8,3,10,6,7,2,9,5
J?qjbfqvDq? PAIR C1=0,8,3,6,1,7,2,10,4,5,9 C2=0,4,1,9,3,10,7,6,8,2,5
J?qjbfqvDi? PAIR C1=0,8,3,7,1,6,2,10,5,4,9 C2=0,4,1,9,3,10,7,6,8,2,5
J?qjbfY|Dq? PAIR C1=0,8,4,5,9,2,6,1,7,3,10 C2=0,4,1,9,3,8,6,7,10,2,5
J?qjbfYnFg? PAIR C1=0,8,4,9,5,2,6,3,7,1,10 C2=0,4,1,8,6,7,2,9,3,10,5
J?qjbfYlVo? PAIR C1=0,4,1,6,8,3,10,2,7,9,5 C2=0,8,1,10,4,5,2,6,7,3,9
J?qjbfYlRw? PAIR C1=1,6,2,7,3,9,5,10,4,8 C2=1,4,5,2,9,7,6,8,3,10
J?qjbeytVo? PAIR C1=0,9,5,4,8,2,7,3,6,1,10 C2=0,4,1,9,7,6,8,3,10,2,5
J?qjbeytRw? PAIR C1=1,6,2,8,4,10,5,9,3,7 C2=1,4,5,2,10,3,8,6,7,9
J?qmrjombi? PAIR C1=0,6,1,10,2,7,5,4,9,3,8 C2=0,4,1,8,2,9,6,3,7,10,5
J?qmrjombh? PAIR C1=0,8,2,5,7,1,10,3,6,4,9 C2=0,4,1,6,9,2,7,3,8,10,5
J?qmrjomaj? PAIR C1=0,4,1,6,9,3,8,10,7,2,5 C2=0,6,3,7,1,10,5,4,9,2,8
J?o~Fb[{`u? PAIR C1=0,6,2,10,4,5,8,1,7,3,9 C2=0,4,1,9,6,10,7,2,5,3,8
J?o~Fa{\au? PAIR C1=0,6,1,10,4,5,8,3,9,2,7 C2=0,4,1,9,6,10,7,3,5,2,8
J?o~FbqnAu? PAIR C1=0,6,1,10,4,5,9,2,8,3,7 C2=0,4,1,8,6,10,7,2,5,3,9
J?o~Fbqfbq? PAIR C1=0,6,2,8,1,7,3,10,4,5,9 C2=0,4,1,10,7,2,5,3,9,6,8
J?o~FbqNei? PAIR C1=0,6,1,8,2,7,3,9,4,5,10 C2=0,4,1,7,10,3,5,2,9,6,8
J?o~FbY|@u? PAIR C1=0,6,2,10,4,5,9,1,7,3,8 C2=0,4,1,8,6,10,7,2,5,3,9
J?o~FbYnBe? PAIR C1=0,7,3,10,1,6,2,9,5,4,8 C2=0,4,1,8,6,10,7,2,5,3,9
J?o~FbYlbw? PAIR C1=0,7,1,6,2,9,5,3,10,4,8 C2=0,4,1,10,5,2,7,3,8,6,9
J?o~FbYlbq? PAIR C1=0,6,2,10,3,9,5,4,8,1,7 C2=0,4,1,10,7,2,5,3,8,6,9
J?o~FbYNfg? PAIR C1=0,6,2,9,5,4,8,3,7,1,10 C2=0,4,1,8,6,9,3,10,5,2,7
J?o~FbYNfa? PAIR C1=0,6,1,10,2,7,3,9,5,4,8 C2=0,4,1,8,6,9,2,5,3,10,7
J?o~Faytbw? PAIR C1=0,6,2,7,1,10,4,5,9,3,8 C2=0,4,1,9,6,8,2,5,10,3,7
J?o~Fau]ew? PAIR C1=0,7,1,6,2,5,8,3,9,4,10 C2=0,4,1,10,5,3,7,2,9,6,8
J?o~Fa]^Fc? PAIR C1=0,7,3,9,4,8,5,2,6,1,10 C2=0,4,1,7,2,9,5,3,10,6,8
J?o~Fa]]fg? PAIR C1=0,6,1,10,2,9,4,5,8,3,7 C2=0,4,1,7,2,5,10,3,9,6,8
J?o~F_}vFc? PAIR C1=0,6,2,8,5,4,9,3,7,1,10 C2=0,4,1,9,5,3,8,6,10,2,7
J?o~F_}tfo? PAIR C1=0,7,2,6,1,10,4,8,5,3,9 C2=0,4,1,7,3,8,6,9,5,2,10
J?o~Fbpfbs? PAIR C1=0,8,3,7,1,6,2,10,4,5,9 C2=0,4,1,10,6,9,3,5,2,8,7
J?o~FbpNek? PAIR C1=0,7,3,9,4,5,10,1,6,2,8 C2=0,4,1,7,8,3,5,2,9,6,10
J?o~Ei{]fa? PAIR C1=0,6,1,9,4,8,2,5,7,3,10 C2=0,4,1,7,10,2,6,9,3,5,8
J?o~Ejq}@u? PAIR C1=0,6,1,9,2,10,4,5,7,3,8 C2=0,4,1,7,10,6,8,2,5,3,9
J?o~Eiy}Bk? PAIR C1=0,6,2,10,1,7,5,4,8,3,9 C2=0,4,1,9,2,8,6,10,5,3,7
J?o~Eiy}Be? PAIR C1=0,6,1,9,2,10,3,7,5,4,8 C2=0,4,1,7,10,6,8,2,5,3,9
J?o~Eiy{bw? PAIR C1=0,8,3,10,4,5,7,1,6,2,9 C2=0,4,1,9,6,8,2,10,5,3,7
J?o~Eiy{bq? PAIR C1=0,7,5,4,10,3,8,2,6,1,9 C2=0,6,9,3,5,2,10,7,1,4,8
J?o~Eiu]Vo? PAIR C1=0,6,2,8,3,7,5,4,9,1,10 C2=0,4,1,6,8,5,2,10,3,9,7
J?o~Eir^Fo? PAIR C1=0,6,2,8,3,10,1,9,4,5,7 C2=0,4,1,6,8,7,3,9,5,2,10
J?o~Djwuam? PAIR C1=0,6,2,5,7,10,3,8,4,9 C2=0,4,5,10,6,9,3,7,2,8
J?o~Dj[]fc? PAIR C1=0,6,2,7,5,4,8,1,9,3,10 C2=0,4,1,10,6,9,2,5,8,3,7
J?o~Dj[]fa? PAIR C1=0,6,1,8,4,9,3,7,5,2,10 C2=0,4,1,9,6,2,7,10,3,5,8
J?o~Dh{ufc? PAIR C1=0,6,1,9,4,8,2,5,7,3,10 C2=0,4,1,8,5,3,9,6,10,2,7
J?o~Dh{ufa? PAIR C1=0,6,1,9,4,5,7,2,8,3,10 C2=0,4,1,8,5,3,7,10,2,6,9
J?o~Dh{svo? PAIR C1=0,6,1,8,4,10,2,7,5,3,9 C2=0,4,1,10,3,8,5,2,6,9,7
J?o~Dh{svc? PAIR C1=0,6,2,10,1,9,3,8,4,5,7 C2=0,4,1,8,2,5,3,7,9,6,10
J?o~DjY{bq? PAIR C1=0,6,2,7,5,4,8,1,10,3,9 C2=0,7,3,5,2,10,4,1,9,6,8
J?o~DjY]fg? PAIR C1=0,8,4,9,1,6,2,7,5,3,10 C2=0,4,1,10,5,2,9,6,8,3,7
J?o~Dhu}Ee? PAIR C1=0,9,4,5,8,1,6,2,7,3,10 C2=0,4,1,9,2,5,3,8,6,10,7
J?o~Dhuufo? PAIR C1=0,6,2,8,1,10,3,9,4,5,7 C2=0,4,1,9,6,8,5,3,7,2,10
J?o~DhuuVo? PAIR C1=0,7,5,3,8,1,6,2,10,4,9 C2=0,4,1,10,3,9,7,2,5,8,6
J?o~Dh]}Fc? PAIR C1=0,6,1,10,2,7,5,4,8,3,9 C2=0,4,1,9,2,5,8,6,10,3,7
J?o~Djpubs? PAIR C1=0,6,1,10,3,9,4,5,7,2,8 C2=0,4,1,9,6,10,2,5,3,8,7
J?o~DjX{bs? PAIR C1=0,8,4,5,7,3,10,1,6,2,9 C2=0,4,1,9,6,10,2,5,3,8,7
J?o~Dhx{ek? PAIR C1=0,7,2,6,1,10,5,4,8,3,9 C2=0,4,1,8,7,3,5,2,9,6,10
J?o~Dhxtfo? PAIR C1=0,6,1,9,3,7,5,2,8,4,10 C2=0,4,1,10,2,6,9,5,3,8,7
J?o~DjT]fo? PAIR C1=0,6,1,9,4,10,2,7,5,3,8 C2=0,4,1,10,3,9,6,2,5,8,7
J?o~Dhtufo? PAIR C1=0,6,1,8,3,5,7,2,10,4,9 C2=0,4,1,10,3,9,6,2,5,8,7
J?o~Dh\{fo? PAIR C1=0,6,2,7,5,4,8,1,9 C2=0,4,1,6,9,2,5,8,7
J?o~Dhr}Ek? PAIR C1=0,6,2,7,5,4,9,1,8,3,10 C2=0,4,1,10,6,8,7,3,5,2,9
J?o~DhrvFo? PAIR C1=0,6,1,9,4,10,2,8,3,5,7 C2=0,4,1,10,3,7,8,6,2,5,9
J?o~Dhrufo? PAIR C1=0,6,1,9,3,8,2,10,4,5,7 C2=0,4,1,10,3,5,2,7,8,6,9
J?o~DhV}Fc? PAIR C1=0,6,1,8,5,4,9,2,10,3,7 C2=0,4,1,9,3,5,2,7,8,6,10
J?o~Ee{^Fc? PAIR C1=0,6,2,10,1,9,4,5,8,3,7 C2=0,4,1,7,6,10,3,5,9,2,8
J?o~EfqnBq? PAIR C1=0,6,1,7,3,9,5,4,10,2,8 C2=0,4,1,10,7,6,8,3,5,2,9
J?o~EfqNVo? PAIR C1=0,6,1,8,2,10,4,5,9,3,7 C2=0,4,1,10,3,5,2,9,7,6,8
J?o~Eer^Fo? PAIR C1=0,4,5,9,3,8,2,10,1,6,7 C2=0,6,8,7,1,4,9,2,5,3,10
J?o~Eer^Fg? PAIR C1=0,6,2,8,3,10,5,9,4,1,7 C2=0,4,5,2,10,1,9,3,7,6,8
J?o~Ecz|Fg? PAIR C1=0,7,8,3,9,2,6,1,4,5,10 C2=0,4,8,6,7,3,5,2,10,1,9
J?o~Ecv}Fo? PAIR C1=0,6,2,5,8,3,10,4,9,1,7 C2=0,4,5,3,9,2,8,7,6,1,10
J?o~Ecv}Fg? PAIR C1=0,6,7,1,4,9,2,5,8,3,10 C2=0,4,5,3,9,1,10,2,6,8,7
J?o~DfwvAm? PAIR C1=0,6,10,3,7,2,5,9,4,8 C2=0,4,5,10,7,6,2,8,3,9
J?o~Df[^Fc? PAIR C1=0,7,3,9,5,8,4,1,6,2,10 C2=0,4,5,3,10,6,7,2,9,1,8
J?o~DfqvBq? PAIR C1=0,6,2,7,3,8,1,10,4,5,9 C2=0,4,1,9,3,5,2,10,7,6,8
J?o~Dfq^Ei? PAIR C1=0,7,3,9,4,5,10,1,6,2,8 C2=0,4,1,9,2,5,3,8,6,7,10
J?o~DfqVVo? PAIR C1=0,7,3,9,5,4,10,2,6,1,8 C2=0,4,1,9,7,6,8,2,5,3,10
J?o~DfqVVg? PAIR C1=0,6,1,9,4,5,10,3,8,2,7 C2=0,4,1,8,6,7,9,3,5,2,10
J?o~Ddu}Ei? PAIR C1=0,6,2,7,3,10,1,8,5,4,9 C2=0,4,1,9,2,5,3,8,6,7,10
J?o~DduvFo? PAIR C1=0,6,1,10,4,9,3,5,8,2,7 C2=0,4,1,8,6,7,3,10,2,5,9
J?o~DduuVo? PAIR C1=0,7,2,6,1,9,3,8,5,4,10 C2=0,4,1,10,3,5,2,8,6,7,9
J?o~DdZ|Fo? PAIR C1=0,6,2,5,9,1,8,4,10,3,7 C2=0,9,2,7,6,8,3,5,4,1,10
J?o|^boVfa? PAIR C1=0,4,1,7,10,3,8,2,5,9,6 C2=0,7,3,9,4,5,6,2,10,1,8
J?zTbbwbrk? PAIR C1=0,5,9,4,8,1,10,3,7,2,6 C2=0,4,2,10,6,9,7,1,5,3,8
J?zTbbksp]? PAIR C1=0,5,10,4,8,1,7,2,6,9 C2=0,4,2,8,5,1,9,7,10,6
J?zTbbkkq]? PAIR C1=0,5,10,4,8,1,7,2,9,6 C2=0,8,5,1,4,2,6,10,7,9
J?zTbbkerM? PAIR C1=0,5,10,2,7,1,8,4,9,6 C2=0,4,1,5,8,2,6,10,7,9
J?zTbbkMue? PAIR C1=0,6,9,4,2,7,3,10,1,5,8 C2=0,5,3,9,7,1,4,8,2,6,10
J?zTbbkFvE? PAIR C1=0,5,9,4,8,1,7,3,6,2,10 C2=0,6,10,7,9,3,5,1,4,2,8
JCOffX{vDw? PAIR C1=0,9,4,7,2,5,8,1,6,3,10 C2=0,6,2,8,3,9,5,10,4,1,7
JCOevi{zBw? PAIR C1=0,6,3,10,1,9,4,8,5,7 C2=0,8,3,7,1,6,4,10,5,9
JCQfFq{V`{? PAIR C1=0,6,2,10,4,8,5,9,3,7 C2=0,3,8,2,7,4,9,6,10,5
JCQfEx{]`{? PAIR C1=0,6,2,5,8,4,10,3,9,1,7 C2=0,3,7,4,1,8,2,9,6,10,5
JCQfDz[]bw? PAIR C1=0,5,7,3,9,4,8,1,10,2,6 C2=0,3,8,5,10,4,1,6,9,2,7
JCQfDx{]a{? PAIR C1=0,6,2,5,8,1,10,4,9,3,7 C2=0,3,8,2,7,4,1,9,6,10,5
JCQfEt{^Dw? PAIR C1=0,6,1,9,4,7,3,8,5,2,10 C2=0,3,9,5,10,4,1,8,2,6,7
JCQfEt{^@{? PAIR C1=0,6,2,5,9,3,10,4,8,1,7 C2=0,3,8,2,9,1,4,7,6,10,5
JCQfDt{^A{? PAIR C1=0,5,9,4,7,3,10,1,8,2,6 C2=0,3,8,4,1,9,2,5,10,6,7
JCQfA|{nFo? PAIR C1=0,5,7,4,8,3,10,1,6,2,9 C2=0,3,9,5,8,2,10,4,1,7,6
JCQfA|{nDs? PAIR C1=1,6,2,9,4,10,3,7,5,8 C2=1,4,8,3,9,5,2,10,6,7
JCQefX{]`{? PAIR C1=0,6,1,9,3,10,2,5,8,4,7 C2=0,3,8,2,7,1,4,9,6,10,5
JCQefX{Nfo? PAIR C1=0,5,7,4,8,2,9,3,10,1,6 C2=0,3,6,9,5,8,1,4,10,2,7
JCQebx{ydw? PAIR C1=0,6,3,8,1,9,4,7,5,2,10 C2=0,3,7,2,8,5,10,4,1,6,9
JCQebx{y`{? PAIR C1=0,6,1,7,5,8,3,10,4,9 C2=0,3,7,4,8,1,9,6,10,5
JCQebx{mfW? PAIR C1=0,6,3,9,4,8,1,7,5,2,10 C2=0,3,7,2,8,5,10,4,1,6,9
JCQdfX{]a{? PAIR C1=0,6,3,9,1,10,4,8,5,7 C2=0,3,8,1,7,4,9,6,10,5
JCQdezk]bw? PAIR C1=0,6,3,10,2,5,7,4,9,1,8 C2=0,3,9,6,2,8,5,10,4,1,7
JCQdfT{^Ew? PAIR C1=0,5,8,2,7,4,9,1,10,3,6 C2=0,3,8,1,4,10,5,9,2,6,7
JCQdfT{^A{? PAIR C1=0,6,3,8,5,9,4,10,1,7 C2=0,3,9,1,8,4,7,6,10,5
JCQdet{^FW? PAIR C1=0,6,3,7,4,8,5,2,9,1,10 C2=0,3,9,5,10,4,1,8,2,6,7
JCQbfY{Vfo? PAIR C1=0,5,7,4,9,1,10,3,6,2,8 C2=0,3,8,5,9,6,1,4,10,2,7
JCQbfS}vBw? PAIR C1=0,5,8,2,7,1,6,3,10,4,9 C2=0,3,8,4,1,9,5,10,2,6,7
JCQbeu{zBw? PAIR C1=0,5,8,4,7,3,6,2,10,1,9 C2=0,3,8,2,9,5,10,4,1,6,7
JCQbet{zDs? PAIR C1=0,5,8,1,7,4,10,3,6,2,9 C2=0,3,8,4,1,9,5,2,10,6,7
JCQbes}zFo? PAIR C1=0,5,8,3,7,1,6,2,9,4,10 C2=0,3,10,2,5,9,1,4,8,6,7
JCQbdv[zBw? PAIR C1=0,7,3,10,1,6,2,5,8,4,9 C2=0,3,6,7,2,9,5,10,4,1,8
JCQbbvkvDw? PAIR C1=0,9,1,7,4,8,5,2,6,3,10 C2=0,3,9,5,10,4,1,6,7,2,8
JCQbbumvBw? PAIR C1=0,5,8,4,10,2,6,3,7,1,9 C2=0,3,9,4,1,10,5,2,7,6,8
JCQbe]{}Bw? PAIR C1=0,8,4,7,5,2,6,3,10,1,9 C2=0,3,9,2,8,5,10,4,1,6,7
JCQbd\{vFo? PAIR C1=0,9,1,8,4,7,5,2,6,3,10 C2=0,3,9,5,8,2,10,4,1,6,7
JCQeVrsNbk? PAIR C1=0,5,8,2,9,3,10,1,6,4,7 C2=0,3,7,2,5,10,6,9,4,1,8
JCQeVp{\`{? PAIR C1=0,6,1,4,10,2,9,5,8,3,7 C2=0,3,10,6,9,1,7,4,8,2,5
JCQeVi{]bw? PAIR C1=0,7,5,2,9,3,10,1,6,4,8 C2=0,3,7,2,8,5,10,4,1,9,6
JCQeVi{]bk? PAIR C1=0,6,1,10,2,9,3,8,5,7 C2=0,3,7,1,9,6,10,5,2,8
JCQeVh{]`{? PAIR C1=0,6,1,9,3,10,2,8,5,7 C2=0,3,8,1,7,2,9,6,10,5
JCQeVg}^Fo? PAIR C1=0,6,4,9,1,7,5,2,8,3,10 C2=0,3,9,5,8,6,1,4,10,2,7
JCQeVg}^Fc? PAIR C1=0,6,1,9,3,10,2,8,5,7 C2=0,3,8,6,10,1,7,2,9,5
JCQeVe{^@{? PAIR C1=0,6,1,9,4,10,3,8,5,2,7 C2=0,3,9,2,8,4,1,7,6,10,5
JCQeVd{^@{? PAIR C1=0,5,8,3,7,1,9,2,10,4,6 C2=0,3,9,4,1,8,2,5,10,6,7
JCQeRuu^Bw? PAIR C1=0,6,4,10,1,7,3,9,5,2,8 C2=0,3,8,6,7,4,1,9,2,10,5
JCQeTl{^Fo? PAIR C1=0,6,4,9,1,8,2,5,7,3,10 C2=0,3,8,5,9,2,10,4,1,6,7
JCQbVj[mbw? PAIR C1=0,3,8,4,6,1,7,5,10,2,9 C2=0,5,8,1,4,10,3,9,6,2,7
JCQbVj[mbk? PAIR C1=0,7,5,8,1,10,2,6,4,9 C2=0,5,10,6,9,2,7,1,4,8
JCQbVi{ubw? PAIR C1=0,5,7,1,9,4,6,2,10,3,8 C2=0,3,9,6,1,4,10,5,8,2,7
JCQbVi{ubk? PAIR C1=0,8,5,7,3,10,1,6,4,9 C2=0,5,10,6,9,3,8,4,1,7
JCQbVi{]ew? PAIR C1=0,8,3,7,5,2,6,4,9,1,10 C2=0,3,9,6,1,4,10,5,8,2,7
JCQbVi{Vfo? PAIR C1=0,5,7,1,4,6,9,3,8,2,10 C2=0,3,7,2,6,1,10,4,9,5,8
JCQbVi{Vfc? PAIR C1=0,8,5,7,3,9,1,6,2,10 C2=0,3,8,2,7,1,10,6,9,5
JCQbUt{|@{? PAIR C1=0,5,8,4,6,2,10,3,9,1,7 C2=0,3,8,1,4,7,6,10,5,2,9
JCQbUuu^Bw? PAIR C1=0,7,4,6,1,10,3,9,5,8 C2=0,3,8,6,7,1,9,4,10,5
JCQbRvUnBw? PAIR C1=0,8,3,10,4,7,1,6,2,5,9 C2=0,3,9,4,1,8,6,7,2,10,5
JCQbRuuvBw? PAIR C1=0,5,8,2,6,4,10,3,7,1,9 C2=0,3,9,4,1,10,5,2,7,6,8
JCQbUm{}@{? PAIR C1=0,5,8,2,10,4,6,1,9,3,7 C2=0,3,8,4,1,7,6,10,5,2,9
JCQbUm{^Fo? PAIR C1=0,7,5,2,6,4,8,3,9,1,10 C2=0,3,7,6,1,4,10,2,9,5,8
JCQbUm{^Ds? PAIR C1=0,8,2,5,7,3,9,1,6,4,10 C2=0,3,8,4,1,7,6,10,2,9,5
JCQbTl{vFo? PAIR C1=0,7,5,2,6,4,8,1,9,3,10 C2=0,3,8,2,7,6,1,10,4,9,5
JCQbRm{vFo? PAIR C1=0,5,7,2,6,4,9,1,10,3,8 C2=0,3,7,6,1,4,10,2,8,5,9
JCQbRm{vDs? PAIR C1=0,3,8,4,9,1,7,5,2,6,10 C2=0,5,9,3,7,6,1,4,10,2,8
JCQbRmyvBw? PAIR C1=0,8,3,10,4,6,1,7,5,9 C2=0,3,7,6,8,4,9,1,10,5
JCQeNrwNbs? PAIR C1=0,7,1,6,5,2,10,3,9,4,8 C2=0,3,7,2,8,1,4,10,6,9,5
JCQeJvw^Ds? PAIR C1=0,6,5,2,10,3,9,1,7,4,8 C2=0,3,7,6,10,4,1,8,2,9,5
JCQffO}^Ew? PAIR C1=0,5,8,4,10,3,6,2,9,1,7 C2=0,3,9,5,10,1,4,7,2,8,6
JCQffP\^Dw? PAIR C1=0,5,8,7,1,4,9,3,10 C2=0,3,8,1,9,5,10,4,7
JCQffP\^@{? PAIR C1=0,6,3,9,5,8,4,10,2,7 C2=0,3,8,7,4,9,2,6,10,5
JCQffO|^Ew? PAIR C1=0,5,8,2,6,3,10,1,9,4,7 C2=0,3,8,7,2,9,5,10,4,1,6
JCQffO|^A{? PAIR C1=0,5,8,4,10,3,6,1,9,2,7 C2=0,3,9,4,1,7,8,2,5,10,6
JCQfepm^@y? PAIR C1=0,6,1,9,5,8,2,10,3,7 C2=0,3,9,2,6,8,1,7,10,5
JCQfepl^@{? PAIR C1=0,6,1,8,5,9,2,10,3,7 C2=0,3,9,1,7,8,2,6,10,5
JCQfdr[^A]? PAIR C1=0,6,1,9,3,7,4,10,5,8 C2=0,5,9,4,1,8,3,6,10,7
JCQfdp{^A]? PAIR C1=1,6,3,7,2,8,5,10,4,9 C2=1,4,7,10,6,2,5,9,3,8
JCQfdpm^Ew? PAIR C1=0,5,8,2,6,1,9,4,7,3,10 C2=0,3,6,8,1,4,10,5,9,2,7
JCQfeY{^@u? PAIR C1=0,7,5,2,6,1,9,4,10,3,8 C2=0,3,6,10,7,1,4,8,2,9,5
JCQfeXy^Dw? PAIR C1=0,5,7,4,9,3,8,1,6,2,10 C2=0,3,6,8,2,9,5,10,4,1,7
JCQfeXy^Dq? PAIR C1=0,6,2,5,7,1,9,3,8,4,10 C2=0,3,10,7,4,1,6,8,2,9,5
JCQfeXy^@y? PAIR C1=0,6,1,9,3,8,4,10,2,5,7 C2=0,3,6,8,2,9,4,1,7,10,5
JCQfeW}}Bw? PAIR C1=0,6,1,10,3,8,2,5,7,4,9 C2=0,3,9,2,6,8,5,10,4,1,7
JCQfeXx^Dw? PAIR C1=0,6,3,8,4,9,1,7,5,2,10 C2=0,3,9,5,10,4,1,6,2,8,7
JCQfeXx^@{? PAIR C1=1,7,5,9,4,10,3,6,2,8 C2=1,4,7,8,3,9,2,5,10,6
JCQfeW|^Fo? PAIR C1=0,7,5,2,9,4,8,3,6,1,10 C2=0,3,9,5,8,7,1,4,10,2,6
JCQfdX{^Eq? PAIR C1=0,6,2,8,5,7,4,1,9,3,10 C2=0,3,6,1,8,4,10,7,2,9,5
JCQfdX{^Au? PAIR C1=0,6,2,9,3,10,1,8,5,7 C2=0,3,8,2,7,10,6,1,9,5
JCQfdXy^Ew? PAIR C1=0,6,3,8,4,7,5,2,9,1,10 C2=0,3,9,5,10,4,1,8,6,2,7
JCQfdXy^Ay? PAIR C1=0,6,3,8,1,10,4,9,5,7 C2=0,3,9,1,6,8,4,7,10,5
JCQfdXx^Ew? PAIR C1=0,6,2,5,7,4,9,1,8,3,10 C2=0,3,6,1,4,10,5,9,2,8,7
JCQfdXx^A{? PAIR C1=0,6,3,10,1,8,4,9,5,2,7 C2=0,3,9,2,8,7,4,1,6,10,5
JCQfdX\^Fo? PAIR C1=0,7,5,2,6,3,8,4,9,1,10 C2=0,3,9,5,8,7,2,10,4,1,6
JCQf`zk^Eq? PAIR C1=0,5,7,4,9,2,6,3,10,1,8 C2=0,3,9,5,8,2,7,10,4,1,6
JCQf`zk^EU? PAIR C1=0,6,2,8,5,7,4,9,1,10 C2=0,5,9,2,7,10,6,1,4,8
JCQfRj[n@u? PAIR C1=0,5,8,1,7,3,10,4,9,2,6 C2=0,3,8,4,1,6,10,7,2,5,9
JCQfRi{^Eq? PAIR C1=0,8,3,7,5,2,6,4,9,1,10 C2=0,3,9,5,8,2,7,10,4,1,6
JCQfRjYnBw? PAIR C1=0,5,7,1,10,2,9,3,8,4,6 C2=0,3,7,2,6,8,1,4,10,5,9
JCQfRjYNRw? PAIR C1=0,5,7,3,10,2,9,4,8,1,6 C2=0,3,9,7,2,5,10,1,4,6,8
JCQfRiyvBw? PAIR C1=0,5,7,1,9,3,10,2,6,4,8 C2=0,3,7,2,8,6,1,4,10,5,9
JCQfRhxv@{? PAIR C1=0,6,1,8,4,10,3,7,5,9 C2=0,3,8,7,1,9,4,6,10,5
JCQfRhxnEw? PAIR C1=0,6,4,8,3,9,2,5,7,1,10 C2=0,3,7,8,2,6,1,4,10,5,9
JCQfRhxnA{? PAIR C1=0,6,2,5,7,1,10,3,8,4,9 C2=0,3,9,2,7,8,1,4,6,10,5
JCQfRh\}@{? PAIR C1=0,5,8,3,7,1,6,2,10,4,9 C2=0,3,9,1,4,8,7,2,5,10,6
JCQfRh\nFo? PAIR C1=0,5,7,2,9,4,6,1,8,3,10 C2=0,3,9,5,8,7,1,4,10,2,6
JCQfRh\nDs? PAIR C1=0,9,4,8,5,7,1,6,2,10 C2=0,5,9,2,7,8,1,4,10,6
JCQfRg|}A{? PAIR C1=0,5,7,3,8,2,6,1,10,4,9 C2=0,3,9,1,4,8,7,2,5,10,6
JCQfRg|vFo? PAIR C1=0,9,1,6,4,8,2,5,7,3,10 C2=0,3,9,5,8,7,1,4,10,2,6
JCQfQzw^De? PAIR C1=0,5,7,4,6,1,9,2,10,3,8 C2=0,3,9,5,2,8,4,1,7,10,6
JCQfQzsnBs? PAIR C1=0,6,4,7,5,2,9,3,10,1,8 C2=0,3,7,1,4,10,6,2,8,5,9
JCQfQzsnBe? PAIR C1=0,8,5,7,1,10,2,6,4,9 C2=0,5,9,2,8,1,4,7,10,6
JCQfQxy|Dq? PAIR C1=0,6,1,7,4,10,3,8,2,5,9 C2=0,5,7,3,9,1,4,8,6,2,10
JCQevP{^@m? PAIR C1=0,5,8,3,10,2,9,4,7,1,6 C2=0,3,9,5,2,8,1,4,6,10,7
JCQevPt^@{? PAIR C1=0,6,1,8,3,10,4,9,5,2,7 C2=0,3,9,2,8,7,1,4,6,10,5
JCQevJwNbq? PAIR C1=0,6,3,10,1,8,4,9,2,5,7 C2=0,3,8,2,10,7,1,4,6,9,5
JCQevI{^Bq? PAIR C1=0,5,7,1,9,2,10,3,6,4,8 C2=0,3,9,5,8,2,7,10,4,1,6
JCQevI{^@u? PAIR C1=0,6,4,10,3,9,1,7,5,2,8 C2=0,3,8,4,1,6,10,7,2,9,5
JCQevHynBq? PAIR C1=0,5,7,1,6,3,8,4,10,2,9 C2=0,3,10,7,2,5,9,4,1,8,6
JCQevHy^Dw? PAIR C1=0,7,5,2,9,1,6,4,8,3,10 C2=0,3,9,5,10,4,1,7,2,8,6
JCQevHy^Dq? PAIR C1=0,5,7,1,6,3,8,2,9,4,10 C2=0,3,10,7,2,5,9,1,4,8,6
JCQevHy^@y? PAIR C1=0,6,1,8,3,9,4,10,2,5,7 C2=0,3,6,8,4,1,9,2,7,10,5
JCQevHx^@{? PAIR C1=0,6,1,8,3,10,4,9,5,7 C2=0,3,9,1,7,8,4,6,10,5
JCQevG|^Fo? PAIR C1=0,5,7,1,9,2,8,4,6,3,10 C2=0,3,9,5,8,7,2,10,4,1,6
JCQerjknBq? PAIR C1=0,5,7,3,6,4,8,1,10,2,9 C2=0,3,9,5,8,2,7,10,4,1,6
JCQerjkn@u? PAIR C1=0,5,8,4,10,2,9,3,7,1,6 C2=0,3,6,10,7,2,5,9,4,1,8
JCQeri{}B[? PAIR C1=0,6,4,10,1,7,5,2,8,3,9 C2=0,3,7,2,9,4,1,6,10,5,8
JCQeriyzBw? PAIR C1=0,5,7,2,10,3,6,1,9,4,8 C2=0,3,7,1,4,10,5,9,2,8,6
JCQeriyzBq? PAIR C1=0,8,4,6,3,10,1,7,5,2,9 C2=0,3,7,10,2,8,6,1,4,9,5
JCQerhxz@{? PAIR C1=0,5,7,2,8,3,10,4,9,1,6 C2=0,3,7,8,1,4,6,10,5,2,9
JCQerhl}@{? PAIR C1=0,6,1,8,5,7,3,10,4,9 C2=0,3,9,1,7,8,4,6,10,5
JCQerhlnFo? PAIR C1=0,9,2,5,7,1,8,4,6,3,10 C2=0,3,9,5,8,7,2,10,4,1,6
JCQerg|zFo? PAIR C1=0,5,7,3,10,1,9,2,8,4,6 C2=0,3,6,1,4,10,2,7,8,5,9
JCQerg|zBs? PAIR C1=0,6,3,8,2,5,7,1,10,4,9 C2=0,3,10,6,1,4,8,7,2,9,5
JCQerZw|@{? PAIR C1=0,5,7,4,6,1,8,2,10,3,9 C2=0,3,6,10,5,9,2,7,1,4,8
JCQerZw|@m? PAIR C1=0,5,10,7,4,8,1,9,3,6 C2=0,8,3,10,6,4,1,7,5,9
JCQerZw^De? PAIR C1=0,6,4,9,3,10,2,5,7,1,8 C2=0,3,8,4,1,6,10,7,2,9,5
JCQerZsnBs? PAIR C1=0,6,4,7,5,2,9,3,10,1,8 C2=0,3,6,10,4,1,7,2,8,5,9
JCQerZsnBe? PAIR C1=0,8,5,2,10,3,6,1,7,4,9 C2=0,3,8,1,4,6,10,7,2,9,5
JCQerXy|Dq? PAIR C1=0,6,3,9,1,8,4,7,5,2,10 C2=0,3,10,7,1,4,6,8,2,9,5
JCQerXy|@y? PAIR C1=0,6,1,8,3,10,4,7,5,2,9 C2=0,3,9,1,4,6,8,2,7,10,5
JCQerXylVo? PAIR C1=0,6,3,9,2,5,7,1,8,4,10 C2=0,3,10,2,8,6,1,4,7,9,5
JCQerXylRw? PAIR C1=0,5,7,1,10,2,9,3,8,4,6 C2=0,3,10,5,2,8,6,1,4,7,9
JCQbv`mv@y? PAIR C1=0,7,1,6,3,10,2,8,5,9 C2=0,3,9,1,8,6,2,7,10,5
JCQbv`mnEw? PAIR C1=0,9,4,8,5,2,6,1,7,3,10 C2=0,3,6,8,1,4,10,5,9,2,7
JCQbv`mnAy? PAIR C1=0,5,8,4,10,3,6,1,7,2,9 C2=0,3,9,4,1,8,6,2,5,10,7
JCQbv`]zDw? PAIR C1=0,7,1,6,4,9,2,5,8,3,10 C2=0,3,7,2,6,8,1,4,10,5,9
JCQbv`]zDq? PAIR C1=0,5,8,1,9,2,7,3,6,4,10 C2=0,3,8,6,1,4,9,5,2,10,7
JCQbv`]z@y? PAIR C1=0,5,8,1,9,4,6,2,10,3,7 C2=0,3,6,8,4,1,7,10,5,2,9
JCQbv_}zEw? PAIR C1=0,9,4,8,5,2,7,1,6,3,10 C2=0,5,10,4,1,9,2,6,8,3,7
JCQbv_}zAy? PAIR C1=0,5,9,2,8,3,10,4,6,1,7 C2=0,3,7,10,5,2,6,8,4,1,9
JCQbvbLnBw? PAIR C1=0,7,3,10,1,6,4,9,2,5,8 C2=0,3,6,2,7,8,1,4,10,5,9
JCQbvalvBw? PAIR C1=0,7,3,9,4,6,1,10,2,5,8 C2=0,3,6,2,8,7,1,4,10,5,9
JCQbva\zBw? PAIR C1=0,5,8,4,6,3,10,2,9,1,7 C2=0,3,8,7,2,6,1,4,10,5,9
JCQbv_|zEw? PAIR C1=0,7,1,9,2,5,8,4,6,3,10 C2=0,3,7,8,2,6,1,4,10,5,9
JCQbvR[^Cm? PAIR C1=1,7,4,8,5,10,3,6,2,9 C2=1,4,6,10,7,2,5,9,3,8
JCQbvR[^@m? PAIR C1=0,5,10,2,7,4,9,3,6,1,8 C2=0,3,8,4,1,9,5,2,6,10,7
JCQbvRTnBw? PAIR C1=0,7,4,6,1,10,3,9,2,5,8 C2=0,3,6,2,7,8,1,4,10,5,9
JCQbvRT^@{? PAIR C1=0,7,1,9,4,10,3,6,2,5,8 C2=0,3,9,2,7,8,1,4,6,10,5
JCQbvQtvBw? PAIR C1=0,5,8,3,10,1,9,4,7 C2=0,3,9,5,10,4,1,7,8
JCQbvPtnEw? PAIR C1=0,9,2,5,8,3,6,4,7,1,10 C2=0,3,9,5,10,4,1,6,2,8,7
JCQbursz@m? PAIR C1=0,5,10,2,6,4,9,1,7,3,8 C2=0,3,6,10,7,4,1,8,2,5,9
JCQbursnBY? PAIR C1=0,5,8,3,7,1,6,4,10,2,9 C2=0,3,6,2,8,1,4,9,5,10,7
JCQburk^De? PAIR C1=0,5,8,4,7,1,9,2,6,3,10 C2=0,3,9,5,2,8,1,4,6,10,7
JCQburk^DM? PAIR C1=0,5,10,2,8,4,9,1,6,3,7 C2=0,3,9,5,2,6,10,7,4,1,8
JCQburk^@m? PAIR C1=0,7,4,6,1,9,3,10,5,8 C2=0,3,6,10,7,1,8,4,9,5
JCQburdnBw? PAIR C1=0,5,8,1,7,4,6,3,10,2,9 C2=0,3,9,5,10,4,1,6,2,8,7
JCQbuqtzBw? PAIR C1=0,5,8,3,10,2,6,4,9,1,7 C2=0,8,7,3,6,1,4,10,5,2,9
JCQbuptzDs? PAIR C1=0,9,4,7,1,6,3,8,5,2,10 C2=0,3,7,8,1,4,10,6,2,9,5
JCQbuptnFW? PAIR C1=0,5,8,3,9,2,10,1,6,4,7 C2=0,3,6,2,8,7,1,4,10,5,9
JCQbrrkvDM? PAIR C1=0,9,3,6,2,7,1,8,5,10 C2=0,3,7,10,6,1,9,5,2,8
JCQbrrevDq? PAIR C1=0,5,8,1,9,3,6,2,7,4,10 C2=0,3,10,7,1,4,6,8,2,5,9
JCQbrrev@y? PAIR C1=0,5,9,3,10,4,6,2,7,1,8 C2=0,3,7,10,5,2,8,6,1,4,9
JCQbvJ[nBq? PAIR C1=0,5,7,1,10,2,9,4,6,3,8 C2=0,3,10,7,2,6,1,4,8,5,9
JCQbvJ[n@u? PAIR C1=0,8,4,10,2,5,7,1,6,3,9 C2=0,3,8,1,4,6,10,7,2,9,5
JCQbvHyvDw? PAIR C1=0,7,5,2,10,4,1,8,6,3,9 C2=0,3,8,4,6,2,7,1,9,5,10
JCQbvHyvDq? PAIR C1=0,5,7,2,6,3,9,1,8,4,10 C2=0,3,10,7,1,4,6,8,2,5,9
JCQbvHyv@y? PAIR C1=0,5,9,4,6,1,8,3,10,7 C2=0,3,6,8,4,10,5,7,1,9
JCQbvHynEq? PAIR C1=0,5,7,2,6,3,9,4,8,1,10 C2=0,3,10,7,1,4,6,8,2,5,9
JCQbvI\}Bw? PAIR C1=0,3,10,1,9,4,8,5,7 C2=0,5,10,4,1,7,8,3,9
JCQbtjkvBq? PAIR C1=0,5,7,3,9,1,10,2,6,4,8 C2=0,3,6,1,4,10,7,2,8,5,9
JCQbtjk^EU? PAIR C1=0,8,5,7,2,9,4,6,1,10 C2=0,5,9,1,4,8,2,6,10,7
JCQbthyzEw? PAIR C1=0,9,4,8,3,7,5,2,6,1,10 C2=0,3,6,8,1,4,10,5,9,2,7
JCQbthyzEq? PAIR C1=0,7,5,2,9,4,8,3,6,1,10 C2=0,3,10,7,2,8,6,4,1,9,5
JCQbthyzAy? PAIR C1=0,5,7,3,6,2,8,1,10,4,9 C2=0,3,8,6,4,1,9,2,5,10,7
JCQbuZw^De? PAIR C1=0,5,7,4,9,1,8,3,6,2,10 C2=0,3,9,5,2,8,4,1,6,10,7
JCQbuZsnBq? PAIR C1=0,5,7,4,6,3,8,1,10,2,9 C2=0,3,9,5,8,2,6,1,4,10,7
JCQbuZsnBe? PAIR C1=0,8,5,2,6,3,10,1,7,4,9 C2=0,3,8,1,4,6,10,2,9,5,7
JCQbuXy|Dw? PAIR C1=0,5,7,4,6,1,8,2,10,3,9 C2=0,3,8,6,2,9,5,10,4,1,7
JCQbuXy|Dq? PAIR C1=0,5,7,1,9,3,8,4,6,2,10 C2=0,3,10,7,4,1,6,8,2,5,9
JCQbuXylVo? PAIR C1=0,5,7,1,10,2,6,4,8,3,9 C2=0,3,10,4,1,6,8,2,5,9,7
JCQbuYt}Bw? PAIR C1=0,5,7,4,6,1,10,2,8,3,9 C2=0,3,6,2,9,1,4,10,5,8,7
JCQfKzw]bw? PAIR C1=0,5,6,1,10,3,9,4,7 C2=0,3,7,5,10,4,1,9,6
JCQfIzw}@u? PAIR C1=0,5,6,2,8,1,7,3,10,4,9 C2=0,3,9,2,5,7,10,6,1,4,8
JCQfIy{}Bs? PAIR C1=0,5,6,1,10,3,7,4,8 C2=0,3,8,5,7,1,4,10,6
JCQfIy{}@u? PAIR C1=0,8,3,7,4,10,2,5,6,1,9 C2=0,3,9,2,6,10,7,1,4,8,5
JCQfIy{]Vo? PAIR C1=0,6,5,2,10,1,7,3,9,4,8 C2=0,3,8,5,7,9,2,6,1,4,10
JCQfIx{mVo? PAIR C1=0,6,5,2,9,3,8,1,7,4,10 C2=0,3,10,2,6,1,4,8,5,7,9
JCQfIyy}Bw? PAIR C1=0,5,6,2,10,3,9,1,7,4,8 C2=0,3,7,5,10,4,1,6,8,2,9
JCQfIxy}Dq? PAIR C1=0,5,6,1,7,3,8,2,9,4,10 C2=0,3,10,7,5,2,6,8,4,1,9
JCQfIw}}Fo? PAIR C1=0,6,5,2,8,4,7,1,9,3,10 C2=0,3,7,5,8,6,1,4,10,2,9
JCQfIxx}Ds? PAIR C1=0,5,6,2,8,3,7,1,9,4,10 C2=0,3,10,6,1,4,8,7,5,2,9
JCQfIxx}@{? PAIR C1=0,6,5,2,8,1,7,3,10,4,9 C2=0,3,8,7,4,1,9,2,6,10,5
JCQfHzY}Bw? PAIR C1=0,6,5,2,7,4,8,1,10,3,9 C2=0,3,7,5,10,4,1,9,2,6,8
JCQfHzY}Bq? PAIR C1=0,8,3,10,1,6,5,2,7,4,9 C2=0,3,9,1,4,8,6,2,10,7,5
JCQfHxx}A{? PAIR C1=0,6,5,2,7,3,10,1,8,4,9 C2=0,3,8,7,4,1,9,2,6,10,5
JCQfHxxvFo? PAIR C1=0,5,6,1,10,3,7,2,8,4,9 C2=0,3,9,5,7,8,1,4,10,2,6
JCQfHx\}Fo? PAIR C1=0,6,5,7,2,9,4,8,1,10 C2=0,5,8,7,4,10,2,6,1,9
JCQdnRwVRw? PAIR C1=0,6,5,2,10,1,7,4,9,3,8 C2=0,3,6,2,8,1,4,10,5,9,7
JCQdnP{^Es? PAIR C1=0,5,6,3,8,4,9,1,10 C2=0,3,9,5,8,1,4,10,6
JCQdnP{^Au? PAIR C1=0,6,5,9,1,10,3,8,2,7 C2=0,3,9,2,6,10,7,1,8,5
JCQdnPy^Ew? PAIR C1=0,5,6,3,8,4,9,1,10 C2=0,3,9,5,10,4,1,8,6
JCQdnPy^Ay? PAIR C1=0,6,3,8,4,10,1,9,5,2,7 C2=0,3,9,2,6,8,1,4,7,10,5
JCQdnP]^Fo? PAIR C1=0,6,5,8,1,4,9,3,10 C2=0,3,6,8,4,10,1,9,5
JCQdnPx^Ew? PAIR C1=0,6,5,2,7,4,8,3,9,1,10 C2=0,3,6,2,9,5,10,4,1,8,7
JCQdnPx^A{? PAIR C1=0,5,9,2,6,3,8,4,10,1,7 C2=0,3,9,4,1,8,7,2,5,10,6
JCQdmp{^FS? PAIR C1=0,5,6,3,7,4,8,1,9,2,10 C2=0,3,9,5,8,2,6,10,4,1,7
JCQdmpm^Fo? PAIR C1=0,6,5,2,8,1,9,4,7,3,10 C2=0,3,9,5,8,6,2,10,4,1,7
JCQdmrh^Bw? PAIR C1=0,6,5,2,10,3,9,1,8,4,7 C2=0,3,6,2,9,5,10,4,1,7,8
JCQdmpx^FW? PAIR C1=0,7,4,8,3,6,5,2,9,1,10 C2=0,3,9,5,10,4,1,7,8,2,6
JCQdmpx^FS? PAIR C1=0,5,6,3,7,4,9,1,8,2,10 C2=0,3,9,5,2,6,10,1,4,8,7
JCQdmZw]Rw? PAIR C1=0,5,6,2,10,3,8,1,4,9,7 C2=0,6,3,9,1,10,4,7,5,2,8
JCQdmXy}Bw? PAIR C1=0,6,5,2,10,3,8,4,7,1,9 C2=0,3,9,2,6,8,1,4,10,5,7
JCQTfZwZb[? PAIR C1=0,5,7,4,10,2,9,1,8,3,6 C2=0,3,5,10,6,9,4,1,7,2,8
JCQTfZk]bw? PAIR C1=0,5,7,1,10,2,6,3,9,4,8 C2=0,3,10,5,8,2,7,4,1,9,6
JCQTfZk]b[? PAIR C1=0,6,2,9,4,10,1,7,5,8 C2=0,5,10,6,9,1,4,8,2,7
JCQTb^k^Fo? PAIR C1=0,5,7,1,10,3,9,4,8,2,6 C2=0,3,6,7,2,9,5,8,1,4,10
JCQTb^i^FW? PAIR C1=0,3,6,8,4,10,2,9,1,7,5 C2=0,6,7,2,8,1,4,9,3,5,10
JCQRVrk\ds? PAIR C1=0,7,2,9,1,6,4,10,3,5,8 C2=0,3,7,4,1,8,2,10,6,9,5
JCQRVrk\`{? PAIR C1=0,5,8,1,6,4,10,2,9,3,7 C2=0,3,5,10,6,9,1,4,7,2,8
JCQRVi{ybw? PAIR C1=0,5,7,1,10,3,8,2,6,4,9 C2=0,3,7,2,9,6,1,4,10,5,8
JCQRVe{zBw? PAIR C1=0,5,8,4,6,1,9,2,10,3,7 C2=0,3,8,2,6,7,1,4,10,5,9
JCQRVem^Bw? PAIR C1=0,7,3,10,1,6,2,9,5,8 C2=0,3,9,1,7,6,8,2,10,5
JCQRVT{|@{? PAIR C1=1,6,4,8,5,9,3,10,2,7 C2=1,4,7,6,10,5,3,8,2,9
JCQRTnwzBw? PAIR C1=0,5,7,2,6,4,8,3,10,1,9 C2=0,3,7,6,1,4,10,5,9,2,8
JCQRTni^Bw? PAIR C1=0,7,5,9,3,10,4,6,2,8 C2=0,3,7,6,8,4,9,2,10,5
JCQVfRkNRw? PAIR C1=0,5,9,3,10,2,8,4,7,1,6 C2=0,3,6,2,7,9,4,1,10,5,8
JCQVfQ{Zbw? PAIR C1=0,7,4,9,1,10,2,6,3,5,8 C2=0,3,8,2,7,1,4,10,5,9,6
JCQVfQ{ZR[? PAIR C1=0,6,3,8,5,9,1,10,4,7 C2=0,3,5,10,6,1,7,9,4,8
JCQVfQm^Bw? PAIR C1=0,6,1,9,2,10,3,5,8,4,7 C2=0,3,9,5,10,4,1,7,2,6,8
JCQVfPm^DY? PAIR C1=0,7,1,6,3,5,9,4,8,2,10 C2=0,3,9,2,6,8,1,4,7,10,5
JCQVfPm^@y? PAIR C1=0,5,8,4,10,3,9,1,6,2,7 C2=0,3,5,10,7,1,4,9,2,8,6
JCQVfO}^FW? PAIR C1=0,5,8,2,6,3,9,4,7,1,10 C2=0,3,8,6,1,4,10,5,9,2,7
JCQVfO}ZVW? PAIR C1=0,6,8,3,5,9,2,10,4,7 C2=0,3,6,2,7,9,4,8,5,10
JCQVfPl^Dw? PAIR C1=0,5,8,1,7,4,9,2,10,3,6 C2=0,3,9,5,10,4,1,6,2,8,7
JCQVfPl^D[? PAIR C1=0,7,4,9,3,6,1,8,5,10 C2=0,3,5,9,1,7,8,4,10,6
JCQVfPl^@{? PAIR C1=0,5,8,1,9,3,10,4,7,2,6 C2=0,3,5,10,6,1,4,9,2,8,7
JCQVdrkZbY? PAIR C1=0,5,8,1,10,4,9,2,7,3,6 C2=0,3,5,10,7,4,1,9,6,2,8
JCQVdZi^Bw? PAIR C1=0,6,1,9,2,10,3,5,7,4,8 C2=0,3,9,5,10,4,1,8,6,2,7
JCQVdXy^FW? PAIR C1=0,6,3,5,7,4,8,2,9,1,10 C2=0,3,9,5,10,4,1,8,6,2,7
JCQVdXyZRw? PAIR C1=0,6,2,8,3,5,9,1,10,4,7 C2=0,3,6,8,1,4,9,7,2,10,5
JCQVdXm]Rw? PAIR C1=1,6,3,10,4,7,5,8,2,9 C2=1,4,8,6,2,7,9,3,5,10
JCQVbZwnB[? PAIR C1=0,5,7,4,8,3,9,2,10,1,6 C2=0,3,6,10,5,9,4,1,7,2,8
JCQVbZinBw? PAIR C1=0,6,2,10,4,8,1,7,5,3,9 C2=0,3,10,5,9,2,7,4,1,6,8
JCQVbZi^Dq? PAIR C1=0,5,7,1,6,3,9,4,10,2,8 C2=0,3,5,9,2,6,8,1,4,7,10
JCQVbZi^DY? PAIR C1=0,6,1,7,5,9,4,8,2,10 C2=0,5,10,7,4,1,9,2,6,8
JCQVbZi^@y? PAIR C1=0,6,2,10,4,7,5,3,9,1,8 C2=0,3,6,8,2,9,4,1,7,10,5
JCQVbYyzBw? PAIR C1=0,6,1,9,2,10,3,5,7,4,8 C2=0,3,6,8,2,7,1,4,10,5,9
JCQVbXl}Ds? PAIR C1=0,5,7,1,8,4,10,3,6 C2=0,3,5,8,7,4,1,6,10
JCQVbXl}D[? PAIR C1=0,9,2,7,5,3,6,1,8,4,10 C2=0,3,9,4,1,7,8,2,6,10,5
JCQVbXlnFo? PAIR C1=0,5,7,2,8,4,9,3,10,1,6 C2=0,3,6,2,9,5,8,7,1,4,10
JCQVVP{^@m? PAIR C1=0,6,4,9,3,10,5,8,1,7 C2=0,3,8,4,7,10,6,1,9,5
JCQVVPu^@y? PAIR C1=0,6,1,8,5,3,10,4,7 C2=0,3,8,6,4,1,7,10,5
JCQVRrsnB[? PAIR C1=0,6,4,7,2,10,1,8,5,3,9 C2=0,3,7,1,4,9,5,10,6,2,8
JCQVRrk^De? PAIR C1=0,5,8,4,9,1,6,2,7,3,10 C2=0,3,5,9,2,8,1,4,7,10,6
JCQVRrk^DM? PAIR C1=0,5,8,4,9,3,7,1,6,2,10 C2=0,3,5,9,2,8,1,4,7,10,6
JCQVRpm|Dq? PAIR C1=0,5,8,4,10,2,9,3,7,1,6 C2=0,3,5,9,1,4,6,8,2,7,10
JCQVRpm|DY? PAIR C1=0,6,4,10,2,8,5,3,7,1,9 C2=0,3,9,2,6,8,1,4,7,10,5
JCQTnP{^FS? PAIR C1=0,5,6,3,8,4,9,1,10 C2=0,3,9,5,8,1,4,10,6
JCQTnPy^FW? PAIR C1=0,5,6,3,8,4,9,1,10 C2=0,3,9,5,10,4,1,8,6
JCQTnPyZVo? PAIR C1=0,5,6,3,8,4,9,1,7 C2=0,3,5,9,7,4,1,8,6
JCQTnPyZVW? PAIR C1=0,7,2,8,3,6,5,9,4,10 C2=0,3,5,10,2,9,7,4,8,6
JCQTnPxzBw? PAIR C1=0,6,5,3,8,4,9,2,10,1,7 C2=0,3,6,2,7,8,1,4,10,5,9
JCQTnPxzBs? PAIR C1=0,3,8,2,7,1,10,4,9,5,6 C2=0,5,3,6,10,2,9,1,4,8,7
JCRbfQ{Nes? PAIR C1=0,3,9,6,10,1,4,8,5 C2=0,8,3,6,1,5,9,4,10
JCRbfRYNTw? PAIR C1=0,7,4,10,3,6,2,9,5,1,8 C2=0,3,8,6,1,4,9,7,2,10,5
JCRbfRYNT[? PAIR C1=0,7,1,6,2,10,5,9,4,8 C2=0,5,2,9,7,4,1,8,6,10
JCRbfQyfbw? PAIR C1=0,8,4,10,3,6,1,7,2,5,9 C2=0,3,9,6,8,2,10,5,1,4,7
JCRbfQyNew? PAIR C1=0,3,6,9,5,10,1,4,8 C2=0,5,1,6,8,3,9,4,10
JCRbfQyNcy? PAIR C1=0,5,9,4,10,3,8,2,6,1,7 C2=0,3,9,6,8,4,1,5,2,7,10
JCRbfPyf`y? PAIR C1=0,7,4,8,2,10,3,6,1,5,9 C2=0,3,9,6,8,1,4,10,7,2,5
JCRbfP]m`y? PAIR C1=0,7,2,6,1,8,5,10,3,9 C2=0,3,8,6,9,2,10,7,1,5
JCRbeq{m`]? PAIR C1=0,5,10,2,8,3,6,1,7,4,9 C2=0,3,7,10,6,9,2,5,1,4,8
JCRbeq{NdU? PAIR C1=0,8,3,7,4,9,5,1,6,2,10 C2=0,3,9,6,10,7,1,4,8,2,5
JCRbeqmnBs? PAIR C1=0,5,8,2,6,1,7,4,10,3,9 C2=0,7,3,6,10,2,9,5,1,4,8
JCRbeqmn@u? PAIR C1=0,7,1,6,3,10,2,5,8,4,9 C2=0,3,9,2,8,6,10,7,4,1,5
JCRbeqmNfo? PAIR C1=0,7,4,9,3,6,1,5,8 C2=0,3,7,1,4,8,6,9,5
JCRbeqmNfQ? PAIR C1=0,7,3,6,1,10,2,9,5,8 C2=0,3,9,6,8,2,5,1,7,10
JCRbepmnDs? PAIR C1=0,7,1,6,2,5,8,4,9,3,10 C2=0,3,7,4,1,8,6,10,2,9,5
JCRbepmnDU? PAIR C1=0,7,4,10,2,5,8,1,6,3,9 C2=0,3,7,10,6,8,2,9,4,1,5
JCRbepmn@u? PAIR C1=0,7,3,10,2,6,1,8,5,9 C2=0,3,9,2,8,6,10,7,1,5
JCRbeqxj`{? PAIR C1=0,7,1,6,3,8,4,10,2,5,9 C2=0,3,10,6,9,2,8,7,4,1,5
JCRbdrkm_}? PAIR C1=0,5,1,8,2,6,10,3,7,4,9 C2=0,3,9,6,1,4,10,7,2,5,8
JCRbdrkfbq? PAIR C1=0,7,2,6,3,10,1,5,8,4,9 C2=0,3,7,10,4,1,6,9,5,2,8
JCRbdrkNes? PAIR C1=0,5,8,2,6,1,10,3,9,4,7 C2=0,3,7,2,5,9,6,10,4,1,8
JCRbdrkNeU? PAIR C1=0,7,3,6,1,10,4,9,5,8 C2=0,3,9,6,10,7,4,8,1,5
JCRbdr[m`]? PAIR C1=0,7,3,9,4,10,2,6,1,5,8 C2=0,3,8,1,4,7,10,6,9,2,5
JCRbdr[Zds? PAIR C1=0,7,3,6,2,9,1,5,8,4,10 C2=0,3,8,1,4,7,2,10,6,9,5
JCRbdr[ZdU? PAIR C1=0,7,4,9,5,8,1,6,2,10 C2=0,5,2,7,10,6,9,1,4,8
JCRbdr[Z`u? PAIR C1=0,7,4,10,3,6,2,9,5,8 C2=0,3,8,4,9,6,10,7,2,5
JCRbdq{r`u? PAIR C1=0,5,8,4,9,1,6,3,10,2,7 C2=0,3,8,2,5,1,4,7,10,6,9
JCRbdq{VdU? PAIR C1=0,7,3,6,1,9,4,10,2,5,8 C2=0,3,9,6,10,7,2,8,4,1,5
JCRbdp{rds? PAIR C1=0,7,3,6,2,8,5,1,9,4,10 C2=0,3,8,1,4,7,2,10,6,9,5
JCRbdp{rdU? PAIR C1=0,3,8,2,7,10,6,9,4,1,5 C2=0,7,3,6,1,8,4,10,2,5,9
JCRbdrM]dw? PAIR C1=0,5,8,4,7,3,9,1,6,2,10 C2=0,3,10,4,9,6,8,1,5,2,7
JCRbdrM]`y? PAIR C1=0,5,10,4,8,1,9,3,6,2,7 C2=0,3,7,10,2,5,1,4,9,6,8
JCRbdrMNfo? PAIR C1=0,7,3,6,1,8,5,2,9,4,10 C2=0,3,10,2,7,4,1,5,9,6,8
JCRbdrMNbq? PAIR C1=0,7,4,10,2,5,9,3,6,1,8 C2=0,3,10,7,2,9,6,8,4,1,5
JCRbdqm^Es? PAIR C1=0,8,5,1,6,3,9,4,10 C2=0,3,10,6,8,4,1,9,5
JCRbdqm^EU? PAIR C1=0,7,4,10,1,6,3,9,5,8 C2=0,3,7,10,6,8,4,9,1,5
JCRbdpmffo? PAIR C1=0,5,8,1,6,3,7,2,10,4,9 C2=0,3,10,1,5,9,6,2,8,4,7
JCRbdq]}A]? PAIR C1=0,7,4,9,1,10,5,2,6,3,8 C2=0,3,9,2,7,10,6,8,4,1,5
JCRbdqxr`{? PAIR C1=0,8,2,6,3,7,4,10,5,9 C2=0,3,10,6,9,4,8,7,2,5
JCRbdqxZc{? PAIR C1=0,7,4,9,5,10,3,6,2,8 C2=0,3,7,8,4,10,6,9,2,5
JCRbczwy`{? PAIR C1=0,7,5,1,9,2,6,3,10,4,8 C2=0,3,7,4,1,8,2,5,10,6,9
JCRbczkmbq? PAIR C1=0,7,5,1,10,2,6,3,9,4,8 C2=0,3,10,7,4,1,6,9,2,8,5
JCRbczk]ds? PAIR C1=0,7,5,1,9,3,6,2,10,4,8 C2=0,3,7,4,1,8,5,2,9,6,10
JCRbczk]dU? PAIR C1=0,3,7,10,6,9,2,8,4,1,5 C2=0,7,5,2,10,4,9,3,6,1,8
JCRbcyy}@]? PAIR C1=0,7,5,10,2,6,3,8 C2=0,3,7,10,6,8,2,5
JCRbcyyybw? PAIR C1=0,7,5,1,9,4,10,2,6,3,8 C2=0,3,7,4,1,10,5,2,8,6,9
JCRbcyyybq? PAIR C1=0,5,7,3,6,1,10,2,8,4,9 C2=0,3,10,7,4,1,5,2,9,6,8
JCRbcyy]fQ? PAIR C1=0,7,5,1,9,2,6,3,8,4,10 C2=0,3,7,10,1,4,9,6,8,2,5
JCRbcyy]bY? PAIR C1=0,7,4,9,2,10,5,1,6,3,8 C2=0,3,7,10,4,1,9,6,8,2,5
JCRbcxy}D[? PAIR C1=0,7,5,1,6,2,8,3,9,4,10 C2=0,3,7,4,1,8,6,10,5,2,9
JCRbcxy}DU? PAIR C1=0,9,1,6,2,5,7,3,8,4,10 C2=0,3,9,2,8,6,10,7,4,1,5
JCRbcxyydw? PAIR C1=0,5,7,3,8,2,6,1,9,4,10 C2=0,3,10,5,2,9,6,8,1,4,7
JCRbcxyydq? PAIR C1=0,3,8,1,6,9,2,10,4,7,5 C2=0,9,4,1,5,2,8,6,3,7,10
JCRbcxyy`y? PAIR C1=0,7,3,6,2,8,1,5,10,4,9 C2=0,3,8,6,9,1,4,7,10,2,5
JCRbcxm}Ds? PAIR C1=0,7,5,1,6,2,8,4,10,3,9 C2=0,3,7,4,1,9,2,10,6,8,5
JCRbcxm}DU? PAIR C1=0,9,3,6,2,8,5,7,4,10 C2=0,3,7,10,6,8,4,9,2,5
JCRbcxm}@u? PAIR C1=0,7,5,8,4,10,3,6,2,9 C2=0,3,9,4,7,10,6,8,2,5
JCRbcxmmbq? PAIR C1=0,7,4,10,2,8,5,1,6,3,9 C2=0,3,7,10,1,4,8,6,9,2,5
JCRbcxmmVo? PAIR C1=0,5,7,4,9,3,6,2,8,1,10 C2=0,3,10,4,1,6,8,5,2,9,7
JCRbcyxybw? PAIR C1=0,7,5,1,6,2,10,3,8,4,9 C2=0,3,6,9,2,5,10,1,4,7,8
JCRbcyxy`{? PAIR C1=0,7,5,10,4,8,3,6,1,9 C2=0,5,1,4,9,6,10,3,7,8
JCRbcyx]d[? PAIR C1=0,5,7,4,10,2,6,1,9,3,8 C2=0,3,7,8,2,5,1,4,9,6,10
JCRb`zkudq? PAIR C1=0,9,4,8,1,6,2,5,7,3,10 C2=0,3,6,9,1,4,7,10,2,8,5
JCRb`zkudU? PAIR C1=0,3,9,6,10,7,2,8,4,1,5 C2=0,8,1,6,3,7,5,2,10,4,9
JCRb`zkmeU? PAIR C1=0,8,5,7,4,10,1,6,3,9 C2=0,3,7,10,6,9,4,8,1,5
JCRb`z[yds? PAIR C1=0,8,3,6,1,5,7,2,10,4,9 C2=0,3,7,4,1,8,5,2,9,6,10
JCRb`ziudw? PAIR C1=0,8,2,6,1,5,7,3,9,4,10 C2=0,3,10,5,2,7,4,1,8,6,9
JCRb`ziudq? PAIR C1=0,8,4,10,3,7,5,2,6,1,9 C2=0,3,9,6,8,2,10,7,4,1,5
JCRb`zY}D[? PAIR C1=0,5,7,4,10,2,9,3,6,1,8 C2=0,3,7,2,5,10,6,8,4,1,9
JCRb`zY}C]? PAIR C1=0,8,1,6,2,9,4,7,5,10 C2=0,5,2,7,10,6,8,4,1,9
JCRb`zM}Ds? PAIR C1=0,5,7,4,8,1,6,2,10,3,9 C2=0,3,7,2,9,4,1,5,8,6,10
JCRb`zM}DU? PAIR C1=0,3,9,2,7,10,6,8,4,1,5 C2=0,8,1,6,3,7,5,2,10,4,9
JCRb`ym}EU? PAIR C1=0,5,8,2,9,1,6,3,7,4,10 C2=0,3,9,4,1,5,2,7,10,6,8
JCRb`zLmfo? PAIR C1=0,8,4,9,2,7,5,1,6,3,10 C2=0,3,9,6,2,10,1,4,7,8,5
JCRcvRsNbs? PAIR C1=0,6,4,9,3,10,2,5,8,1,7 C2=0,3,8,2,7,4,1,10,6,9,5
JCRcvRsNbq? PAIR C1=0,6,3,9,2,5,8,1,10,4,7 C2=0,3,8,2,10,7,1,4,6,9,5
JCRcvRsNbe? PAIR C1=0,7,2,10,1,5,9,4,6,3,8 C2=0,3,9,6,10,7,4,1,8,2,5
JCRcvQ{\bs? PAIR C1=0,6,3,9,1,7,4,10,2,5,8 C2=0,3,10,6,9,5,1,4,8,2,7
JCRcvQ{\be? PAIR C1=0,7,4,6,3,10,2,9,1,5,8 C2=0,3,9,6,10,7,1,4,8,2,5
JCRcvP{]di? PAIR C1=0,5,8,1,7,2,10,3,9,4,6 C2=0,3,6,9,2,8,4,1,5,10,7
JCRcvP{]`m? PAIR C1=0,6,3,9,4,8,2,10,5,1,7 C2=0,3,8,1,4,7,10,6,9,2,5
JCRcvP{Nbe? PAIR C1=0,6,3,8,5,9,2,10,1,7 C2=0,3,9,6,10,7,2,8,1,5
JCRcvRq^@y? PAIR C1=0,6,3,10,2,8,1,5,9,4,7 C2=0,3,9,2,5,10,7,1,4,6,8
JCRcvRqNbw? PAIR C1=0,6,4,9,5,2,8,3,10,1,7 C2=0,3,9,6,8,1,4,7,2,10,5
JCRcvQu^Be? PAIR C1=0,6,4,9,5,8,2,10,1,7 C2=0,5,2,9,1,4,7,10,6,8
JCRcvQu]bw? PAIR C1=0,5,8,2,9,1,7,4,10,3,6 C2=0,3,8,6,9,4,1,5,10,2,7
JCRcvQu]bi? PAIR C1=0,6,3,9,1,7,2,10,5,8 C2=0,3,8,6,9,2,5,1,10,7
JCRcvPu^Dq? PAIR C1=0,6,3,10,4,9,1,5,8,2,7 C2=0,3,8,6,4,1,7,10,2,9,5
JCRcvPx\dw? PAIR C1=0,6,3,10,4,8,1,9,5,2,7 C2=0,3,8,7,1,4,6,9,2,10,5
JCRcvPxNfc? PAIR C1=0,5,9,2,10,3,6,4,8,1,7 C2=0,3,8,7,2,5,1,4,9,6,10
JCRcvPxNbk? PAIR C1=0,6,4,9,2,8,3,10,5,1,7 C2=0,3,9,6,10,1,4,8,7,2,5
JCRcrrsNfS? PAIR C1=0,5,8,2,10,1,7,3,9,4,6 C2=0,3,8,1,4,7,2,5,9,6,10
JCRcrrklbs? PAIR C1=0,5,8,2,9,3,10,1,7,4,6 C2=0,3,7,2,10,6,9,5,1,4,8
JCRcrrklbe? PAIR C1=0,5,8,2,10,1,7,4,6,3,9 C2=0,3,7,10,6,9,2,5,1,4,8
JCRcrq{]fE? PAIR C1=0,5,8,2,9,4,6,3,7,1,10 C2=0,3,9,6,10,7,2,5,1,4,8
JCRcrq{xbs? PAIR C1=0,6,3,7,4,10,1,9,5,2,8 C2=0,3,10,6,9,2,7,1,4,8,5
JCRcrq{xbe? PAIR C1=0,5,9,1,7,4,6,3,10,2,8 C2=0,3,8,4,1,5,2,7,10,6,9
JCRcrq{\fS? PAIR C1=0,6,3,9,1,7,4,10,2,5,8 C2=0,3,7,2,8,4,1,10,6,9,5
JCRcrq{\fE? PAIR C1=0,5,8,3,6,4,7,1,9,2,10 C2=0,3,9,6,10,7,2,5,1,4,8
JCRcrp{{dY? PAIR C1=0,6,3,7,4,8,5,1,9,2,10 C2=0,3,9,6,4,1,8,2,7,10,5
JCRcrp{jfE? PAIR C1=0,3,8,2,7,10,6,9,4,1,5 C2=0,6,3,7,4,8,1,10,2,5,9
JCRcrrqnB[? PAIR C1=0,5,9,2,10,1,8,3,7,4,6 C2=0,3,9,4,1,7,2,5,10,6,8
JCRcrrqnBM? PAIR C1=0,5,9,4,6,3,7,1,10,2,8 C2=0,3,8,6,10,7,4,1,5,2,9
JCRcrrqn@]? PAIR C1=0,5,10,4,7,1,8,2,9,3,6 C2=0,3,8,6,10,7,2,5,1,4,9
JCRcrrqjbw? PAIR C1=0,5,9,2,10,1,8,3,7,4,6 C2=0,3,10,5,2,7,1,4,9,6,8
JCRcrrqj`y? PAIR C1=1,7,3,6,4,9,5,10,2,8 C2=1,4,7,10,3,8,6,9,2,5
JCRcrrqNfW? PAIR C1=0,6,4,10,2,5,9,3,7,1,8 C2=0,3,8,6,9,2,7,4,1,10,5
JCRcrrqNdY? PAIR C1=0,8,3,6,4,7,2,9,5,10 C2=0,3,7,10,4,9,6,8,2,5
JCRcrri^Di? PAIR C1=0,5,9,3,6,4,8,1,7,2,10 C2=0,3,7,10,5,1,4,9,2,8,6
JCRcrri^DM? PAIR C1=0,5,10,2,9,1,8,4,7,3,6 C2=0,3,9,4,1,5,2,7,10,6,8
JCRcrri^@m? PAIR C1=0,6,4,7,3,10,5,9,1,8 C2=0,3,9,4,8,6,10,7,1,5
JCRcrrilbw? PAIR C1=0,6,3,10,4,8,1,7,2,5,9 C2=0,3,7,4,1,5,10,2,9,6,8
JCRcrrilbi? PAIR C1=0,6,3,9,5,10,1,7,2,8 C2=0,3,7,10,2,9,6,8,1,5
JCRcrqy|B[? PAIR C1=0,6,3,8,2,10,4,7,1,5,9 C2=0,3,7,2,9,1,4,8,6,10,5
JCRcrqy|BU? PAIR C1=0,5,9,1,7,3,6,4,10,2,8 C2=0,3,8,6,10,7,4,1,5,2,9
JCRcrqyzBe? PAIR C1=0,3,8,6,10,7,2,9,4,1,5 C2=0,6,3,10,2,5,9,1,7,4,8
JCRcrqy^FE? PAIR C1=0,6,3,8,2,5,9,4,7,1,10 C2=0,3,9,2,7,10,6,8,4,1,5
JCRcrqyxbw? PAIR C1=0,6,3,10,4,7,1,9,5,2,8 C2=0,3,7,2,10,5,1,4,8,6,9
JCRcrqyxbq? PAIR C1=0,5,9,1,7,2,8,3,10,4,6 C2=0,3,7,10,2,5,1,4,8,6,9
JCRcrqyx`y? PAIR C1=0,5,9,1,7,3,8,2,10,4,6 C2=0,3,10,7,4,1,5,2,9,6,8
JCRcrqyZfa? PAIR C1=0,6,3,10,2,7,1,5,9,4,8 C2=0,3,8,6,4,7,10,1,9,2,5
JCRcrpyz@m? PAIR C1=0,6,4,7,2,8,3,10,5,9 C2=0,3,7,10,6,8,4,9,2,5
JCRcrpyxdq? PAIR C1=0,6,4,10,2,7,3,8,1,5,9 C2=0,3,10,7,4,1,9,6,8,2,5
JCRcrpyjfa? PAIR C1=0,3,10,7,2,8,6,9,4,1,5 C2=0,6,3,8,4,7,1,10,2,5,9
JCRcrre^Dq? PAIR C1=0,8,5,1,7,3,6,4,9,2,10 C2=0,3,10,7,4,1,9,5,2,8,6
JCRcrre^DU? PAIR C1=0,6,3,9,5,1,7,4,10,2,8 C2=0,3,7,10,6,8,1,4,9,2,5
JCRcrre^@u? PAIR C1=0,5,9,1,8,2,10,3,7,4,6 C2=0,3,9,4,1,5,2,7,10,6,8
JCRcrreNfo? PAIR C1=0,6,4,7,1,8,5,2,9,3,10 C2=0,3,7,2,10,4,1,5,9,6,8
JCRcrqu]fQ? PAIR C1=0,3,9,6,8,2,7,10,4,1,5 C2=0,6,3,7,4,9,1,10,2,5,8
JCRcrquZfo? PAIR C1=0,5,8,2,10,3,7,1,9,4,6 C2=0,3,8,6,9,5,2,7,4,1,10
JCRcrpuzDq? PAIR C1=0,6,3,7,2,8,5,1,9,4,10 C2=0,3,8,6,4,1,7,10,2,5,9
JCRcrpuzDU? PAIR C1=0,3,8,6,10,7,2,9,4,1,5 C2=0,6,3,7,4,10,2,5,8,1,9
JCRcrpumfW? PAIR C1=0,6,4,10,1,7,3,8,5,2,9 C2=0,3,9,6,8,1,4,7,2,10,5
JCRcrpumfQ? PAIR C1=0,3,9,6,8,2,7,10,4,1,5 C2=0,6,3,8,5,2,10,1,7,4,9
JCRcrpumdY? PAIR C1=0,6,4,7,3,9,2,8,5,10 C2=0,3,8,6,9,4,10,7,2,5
JCRcrqm|Bs? PAIR C1=0,8,5,1,7,4,6,3,10,2,9 C2=0,3,7,2,8,6,10,4,1,9,5
JCRcrqm|Be? PAIR C1=0,3,9,2,7,10,6,8,4,1,5 C2=0,6,4,7,3,10,1,9,5,2,8
JCRcrqm\fo? PAIR C1=0,5,8,2,9,1,7,3,6,4,10 C2=0,3,10,1,4,7,2,5,9,6,8
JCRcrpm}@m? PAIR C1=0,5,10,3,9,1,7,2,8,4,6 C2=0,3,6,10,7,4,1,8,5,2,9
JCRcrpm|Dq? PAIR C1=0,5,8,1,7,2,9,3,6,4,10 C2=0,3,7,10,2,5,9,1,4,8,6
JCRcrpm|DU? PAIR C1=0,3,9,2,7,10,6,8,4,1,5 C2=0,6,3,7,4,10,2,5,8,1,9
JCRcrpm{`y? PAIR C1=0,5,8,4,10,2,7,1,9,3,6 C2=0,3,10,7,4,1,5,2,8,6,9
JCRcrpxxdw? PAIR C1=0,6,3,7,2,5,9,1,8,4,10 C2=0,3,8,7,1,4,6,9,2,10,5
JCRcrpxx`{? PAIR C1=0,5,9,1,8,2,10,3,7,4,6 C2=0,3,8,7,2,5,1,4,10,6,9
JCRcrpxlfS? PAIR C1=0,6,3,7,2,9,5,1,8,4,10 C2=0,3,9,6,10,1,4,7,8,2,5
JCRcrpxlb[? PAIR C1=0,6,4,10,5,1,8,3,7,2,9 C2=0,3,9,6,10,1,4,7,8,2,5
JCRcrpxjfc? PAIR C1=0,6,3,10,1,7,4,8,2,5,9 C2=0,3,8,7,2,10,6,9,4,1,5
JCRcrpxjbk? PAIR C1=1,7,3,6,4,8,2,9,5,10 C2=1,4,9,6,10,3,8,7,2,5
JCRcrjkmbs? PAIR C1=0,6,3,9,4,10,1,5,7,2,8 C2=0,3,7,1,4,8,5,2,10,6,9
JCRcrjkmbq? PAIR C1=0,8,4,6,3,10,1,7,5,2,9 C2=0,3,7,10,2,8,5,1,4,9,6
JCRcrjk]dq? PAIR C1=0,6,3,9,1,7,5,2,8,4,10 C2=0,3,10,7,2,9,6,4,1,8,5
JCRcrjk]dU? PAIR C1=0,3,9,6,10,7,2,8,4,1,5 C2=0,6,3,7,1,9,4,10,2,5,8
JCRcrjkMvo? PAIR C1=0,6,4,8,2,9,3,7,5,1,10 C2=0,3,6,9,7,2,10,4,1,8,5
JCRcrjkMrs? PAIR C1=0,3,10,6,9,7,2,8,4,1,5 C2=0,6,3,9,4,10,2,5,7,1,8
JCRcrh{ydq? PAIR C1=0,6,3,8,2,7,5,1,9,4,10 C2=0,3,7,10,2,5,8,1,4,6,9
JCRcrh{ydU? PAIR C1=0,9,2,5,8,1,7,3,6,4,10 C2=0,3,8,2,7,10,6,9,4,1,5
JCRcrh{ivo? PAIR C1=0,5,7,1,10,2,8,3,6,4,9 C2=0,3,10,4,1,8,5,2,7,9,6
JCRcrjimbw? PAIR C1=0,5,7,2,10,1,8,4,9,3,6 C2=0,3,7,1,4,10,5,2,9,6,8
JCRcrjim`y? PAIR C1=0,5,7,1,8,4,9,2,10,3,6 C2=0,3,7,10,4,1,5,2,8,6,9
JCRcrim]fo? PAIR C1=0,5,7,1,9,2,8,4,10,3,6 C2=0,3,7,2,5,8,6,9,4,1,10
JCRcrim]fQ? PAIR C1=0,3,9,6,8,2,7,10,4,1,5 C2=0,6,3,7,5,2,10,1,9,4,8
JCRcrhm}Dq? PAIR C1=0,6,3,10,4,8,2,7,5,1,9 C2=0,3,9,2,10,7,1,4,6,8,5
JCRcrhm}DU? PAIR C1=0,6,3,7,5,2,8,1,9,4,10 C2=0,3,9,2,7,10,6,8,4,1,5
JCRcrhmmfo? PAIR C1=0,6,3,9,2,5,7,1,8,4,10 C2=0,3,7,2,10,1,4,9,6,8,5
JCRcrhmmVc? PAIR C1=0,3,10,6,8,2,7,9,4,1,5 C2=0,6,4,8,5,2,10,1,7,3,9
JCRcril]fo? PAIR C1=0,5,7,1,10,4,6,3,9,2,8 C2=0,3,10,2,7,8,5,1,4,9,6
JCRcril]fc? PAIR C1=0,6,3,9,2,5,8,7,1,10 C2=0,3,7,5,1,9,6,10,2,8
JCRcrgn}Fo? PAIR C1=0,9,1,7,2,5,8,4,6,3,10 C2=0,3,9,2,10,4,1,5,7,8,6
JCRcrgn}Fc? PAIR C1=0,6,3,10,2,8,5,7,1,9 C2=0,3,9,2,7,8,6,10,1,5
JCRcpzsybe? PAIR C1=0,3,8,2,7,10,6,9,4,1,5 C2=0,6,4,7,3,10,1,9,2,5,8
JCRcpzk]fa? PAIR C1=0,6,3,7,5,1,10,2,9,4,8 C2=0,3,9,6,4,1,8,5,2,7,10
JCRcpzk]be? PAIR C1=0,3,9,6,10,7,2,8,4,1,5 C2=0,6,3,10,2,5,7,4,9,1,8
JCRcpx{yfa? PAIR C1=0,6,3,10,2,5,7,4,8,1,9 C2=0,3,7,10,1,4,6,9,2,8,5
JCRcpx{yfE? PAIR C1=0,3,8,2,7,10,6,9,4,1,5 C2=0,6,3,7,4,8,5,2,10,1,9
JCRcpzq}B[? PAIR C1=0,6,4,10,2,7,5,1,9,3,8 C2=0,3,7,4,1,8,6,10,5,2,9
JCRcpzq}BU? PAIR C1=0,8,1,10,2,5,7,3,6,4,9 C2=0,3,9,2,8,6,10,7,4,1,5
JCRcpzq}BM? PAIR C1=0,6,3,7,5,10,2,8 C2=0,3,8,6,10,7,2,5
JCRcpzqybw? PAIR C1=0,5,7,2,10,3,8,1,9,4,6 C2=0,3,7,4,1,10,5,2,9,6,8
JCRcpzqybq? PAIR C1=0,8,1,10,2,5,7,3,6,4,9 C2=0,3,8,6,9,2,7,10,4,1,5
JCRcpzq]fW? PAIR C1=0,6,4,10,1,5,7,2,9,3,8 C2=0,3,7,4,1,9,6,8,2,5,10
JCRcpzq]fQ? PAIR C1=0,8,1,5,7,2,9,3,6,4,10 C2=0,3,7,10,1,4,9,6,8,2,5
JCRcpzi}Bk? PAIR C1=0,6,4,9,2,5,7,3,10,1,8 C2=0,3,9,1,4,7,2,8,6,10,5
JCRcpzi}Be? PAIR C1=0,6,3,10,2,5,7,4,9,1,8 C2=0,3,9,2,7,10,6,8,4,1,5
JCRcpzi]fg? PAIR C1=0,5,7,2,8,1,9,4,6,3,10 C2=0,3,7,4,1,10,5,2,9,6,8
JCRcpzi]fa? PAIR C1=0,3,10,7,2,8,6,9,4,1,5 C2=0,6,3,9,1,10,2,5,7,4,8
JCRcpxy}FE? PAIR C1=0,6,4,9,1,8,3,7,5,2,10 C2=0,3,9,2,8,6,10,7,4,1,5
JCRcpze]fo? PAIR C1=0,6,3,7,5,2,10,4,9,1,8 C2=0,3,9,2,7,4,6,8,5,1,10
JCRcpxm{Vo? PAIR C1=0,6,3,10,4,7,5,2,8,1,9 C2=0,3,7,9,2,10,1,4,6,8,5
JCRcpxm{VS? PAIR C1=0,3,9,7,2,8,6,10,4,1,5 C2=0,6,3,7,4,8,5,2,10,1,9
JCRcpzh]fg? PAIR C1=0,6,3,10,2,7,5,1,9,4,8 C2=0,3,7,8,1,4,6,9,2,5,10
JCRcpzh]bk? PAIR C1=0,5,1,10,3,9,2,7,8,4,6 C2=0,3,7,5,2,10,6,9,4,1,8
JCRcpzh\fo? PAIR C1=0,5,7,3,9,1,8,4,6 C2=0,3,6,9,5,1,4,7,8
JCRcpxx{fW? PAIR C1=0,5,7,2,9,1,10,4,8,3,6 C2=0,3,7,8,2,10,5,1,4,6,9
JCRcpxxyfg? PAIR C1=0,6,3,10,2,5,7,4,8,1,9 C2=0,3,7,8,2,9,6,4,1,10,5
JCRcpxxybk? PAIR C1=0,6,4,7,2,5,10,3,8,1,9 C2=0,3,7,8,2,10,6,9,4,1,5
JCRcpxxxfo? PAIR C1=0,6,4,8,1,9,2,5,7,3,10 C2=0,5,1,4,10,2,7,8,3,6,9
JCRcpxxxbs? PAIR C1=0,6,4,8,3,7,5,1,10,2,9 C2=0,3,10,6,9,1,4,7,8,2,5
JCRcpxj}Bk? PAIR C1=0,5,7,4,8,2,9,1,10,3,6 C2=0,3,7,8,6,10,2,5,1,4,9
JCRcvFw^@y? PAIR C1=0,6,4,8,2,10,3,9,5,1,7 C2=0,3,6,7,10,5,2,9,4,1,8
JCRcvE{^Bs? PAIR C1=0,7,1,9,3,6,4,10,2,5,8 C2=0,3,8,2,7,6,10,1,4,9,5
JCRcvE{^Bq? PAIR C1=0,6,4,10,3,9,2,7,1,5,8 C2=0,3,6,7,10,2,8,4,1,9,5
JCRcvD{^Ds? PAIR C1=0,6,4,9,1,7,2,5,8,3,10 C2=0,3,9,5,1,4,8,2,10,6,7
JCRcvD{^Dq? PAIR C1=0,7,2,5,8,1,9,4,6,3,10 C2=0,3,9,5,1,4,8,2,10,7,6
JCRcvD{^@u? PAIR C1=0,6,3,10,4,9,1,8,5,2,7 C2=0,3,9,2,8,4,6,10,7,1,5
JCRcvDx^@{? PAIR C1=0,6,4,8,3,10,2,5,9,1,7 C2=0,3,9,2,8,7,6,10,4,1,5
JCRctVs^Bs? PAIR C1=0,7,4,6,3,9,1,10,2,5,8 C2=0,3,10,6,7,2,8,1,4,9,5
JCRctVs^Bq? PAIR C1=0,5,8,1,9,2,7,4,10,3,6 C2=0,3,9,5,1,4,6,7,10,2,8
JCRctVs^Be? PAIR C1=0,6,7,4,9,1,10,2,5,8 C2=0,5,9,2,8,1,4,6,10,7
JCRctTy^Fa? PAIR C1=0,3,8,2,9,5,1,10,7,4,6 C2=0,5,2,10,3,9,1,4,8,6,7
JCRctTy^Bi? PAIR C1=0,6,3,8,1,9,5,10,2,7 C2=0,3,9,2,8,6,7,10,1,5
JCRctTu]Vo? PAIR C1=0,6,3,9,1,8,5,2,7,4,10 C2=0,3,10,2,8,6,7,9,4,1,5
JCRctTx^Fc? PAIR C1=0,3,8,2,9,5,1,10,6,4,7 C2=0,5,2,10,3,9,1,4,8,7,6
JCRctTx^Bk? PAIR C1=0,6,3,8,1,9,5,10,2,7 C2=0,3,9,2,8,7,6,10,1,5
JCRctTt]fo? PAIR C1=0,6,3,9,1,8,5,2,7,4,10 C2=0,3,10,2,8,7,6,9,4,1,5
JCR`vbkm_}? PAIR C1=0,8,1,5,10,3,7,2,6,4,9 C2=0,3,9,6,10,7,1,4,8,2,5
JCR`vbkfbq? PAIR C1=0,7,1,8,5,2,10,4,6,3,9 C2=0,3,10,7,2,6,9,5,1,4,8
JCR`vbkNes? PAIR C1=0,5,8,1,7,3,9,2,6,4,10 C2=0,7,2,5,9,6,3,10,1,4,8
JCR`vbkNeq? PAIR C1=0,5,8,4,6,2,9,3,7,1,10 C2=0,3,6,9,5,1,4,10,7,2,8
JCR`vbkNeU? PAIR C1=0,7,1,10,4,6,3,9,5,8 C2=0,3,7,10,6,9,4,8,1,5
JCR`vb[jbq? PAIR C1=0,8,5,1,7,2,6,3,10,4,9 C2=0,3,8,1,4,6,9,5,2,10,7
JCR`vbiVdw? PAIR C1=0,5,9,4,6,2,8,1,7,3,10 C2=0,3,9,6,8,4,1,5,10,2,7
JCR`vbiVdY? PAIR C1=0,5,10,4,8,2,6,3,9,1,7 C2=0,3,7,10,2,5,1,4,9,6,8
JCR`vbiNew? PAIR C1=0,8,1,5,9,4,6,3,10 C2=0,3,9,6,8,4,1,10,5
JCR`vbiNay? PAIR C1=0,5,9,4,6,3,10,1,8,2,7 C2=0,3,7,1,4,10,5,2,9,6,8
JCR`vbYZdY? PAIR C1=0,7,1,9,4,10,5,2,6,3,8 C2=0,3,7,10,2,9,6,8,4,1,5
JCR`vbYNfQ? PAIR C1=0,5,9,2,7,3,6,4,10,1,8 C2=0,3,8,6,9,4,1,5,2,10,7
JCR`vayvBY? PAIR C1=0,7,3,6,4,9,5,1,10,2,8 C2=0,3,9,1,4,8,6,2,7,10,5
JCR`vayv@]? PAIR C1=0,5,10,4,8,2,6,3,7,1,9 C2=0,3,9,4,1,5,2,7,10,6,8
JCR`vayZew? PAIR C1=0,7,1,5,9,2,6,4,10,3,8 C2=0,3,7,2,8,6,9,4,1,10,5
JCR`vayZcy? PAIR C1=0,5,9,1,7,2,6,4,8,3,10 C2=0,3,7,10,4,1,5,2,9,6,8
JCR`v`yffQ? PAIR C1=0,7,1,10,4,8,3,6,2,5,9 C2=0,3,7,10,2,8,6,9,4,1,5
JCR`vbM^Ds? PAIR C1=0,7,1,5,8,4,9,3,6,2,10 C2=0,3,7,2,5,9,1,4,10,6,8
JCR`vbM^DU? PAIR C1=0,3,9,2,7,10,6,8,4,1,5 C2=0,7,3,6,4,10,2,5,9,1,8
JCR`vbM]dw? PAIR C1=0,7,1,5,8,4,9,3,6,2,10 C2=0,3,7,2,5,10,4,1,9,6,8
JCR`vam^Es? PAIR C1=0,8,5,9,1,4,6,3,10 C2=0,3,9,4,8,6,10,1,5
JCR`vam^EU? PAIR C1=0,7,1,10,4,6,3,9,5,8 C2=0,3,7,10,6,8,4,9,1,5
JCR`vam]ew? PAIR C1=0,5,8,4,6,3,9,1,10 C2=0,3,10,5,1,4,9,6,8
JCR`v`mvDq? PAIR C1=0,7,3,6,2,10,4,8,5,1,9 C2=0,3,9,5,2,8,6,4,1,7,10
JCR`v`mvDU? PAIR C1=0,7,1,8,5,9,3,6,2,10 C2=0,3,7,10,6,8,2,5,1,9
JCR`v`mnEs? PAIR C1=0,7,1,10,3,6,4,8,5,2,9 C2=0,5,1,4,9,3,7,2,8,6,10
JCR`v`]zDs? PAIR C1=0,5,8,1,9,4,6,3,10 C2=0,3,8,6,10,4,1,5,9
JCR`v`]zDq? PAIR C1=0,7,2,9,1,5,8,3,6,4,10 C2=0,3,7,10,2,6,8,1,4,9,5
JCR`v`]zDU? PAIR C1=0,3,8,6,10,7,2,9,4,1,5 C2=0,7,3,6,4,10,2,5,8,1,9
JCR`v`]mdY? PAIR C1=0,5,10,2,6,4,8,1,7,3,9 C2=0,3,8,6,9,4,1,5,2,7,10
JCR`vbhfbw? PAIR C1=0,3,7,1,10,2,5,9,6,4,8 C2=0,5,10,3,6,2,7,8,1,4,9
JCR`vbhNew? PAIR C1=0,5,9,3,7,2,6,4,10,1,8 C2=0,3,6,9,4,1,7,8,2,5,10
JCR`vbXjbw? PAIR C1=0,7,1,10,4,8,3,6,2,5,9 C2=0,3,7,8,1,4,6,9,2,10,5
JCR`vbXZdw? PAIR C1=0,7,3,6,2,5,9,1,8,4,10 C2=0,3,8,7,1,4,6,9,2,10,5
JCR`vbXNfS? PAIR C1=0,8,1,5,9,2,7,3,6,4,10 C2=0,3,8,7,1,4,9,6,10,2,5
JCR`vaxrbw? PAIR C1=0,7,1,10,2,5,9,4,6,3,8 C2=0,3,10,5,1,4,8,7,2,6,9
JCR`vaxrbk? PAIR C1=0,8,2,10,5,1,7,3,6,4,9 C2=0,3,10,6,9,1,4,8,7,2,5
JCR`v`xrdw? PAIR C1=0,3,7,8,1,5,9,4,6,2,10 C2=0,5,10,4,1,9,6,3,8,2,7
JCR`vbLmbw? PAIR C1=0,5,8,1,10,4,6,3,9,2,7 C2=0,3,10,5,2,6,9,4,1,7,8
JCR`vbL]dw? PAIR C1=0,7,1,5,8,4,6,2,9,3,10 C2=0,3,6,9,1,4,10,5,2,7,8
JCR`vbLNfo? PAIR C1=0,7,1,10,4,9,3,6,2,5,8 C2=0,3,10,2,7,8,1,4,6,9,5
JCR`valubw? PAIR C1=0,7,3,10,1,4,9,6,2,5,8 C2=0,3,6,4,8,7,2,10,5,1,9
JCR`valubk? PAIR C1=0,8,2,10,5,1,7,3,6,4,9 C2=0,3,9,6,10,1,4,8,7,2,5
JCR`valVfo? PAIR C1=0,5,8,4,9,1,7,3,6,2,10 C2=0,3,10,1,4,6,9,5,2,8,7
JCR`v`ludw? PAIR C1=0,7,3,6,2,5,8,1,9,4,10 C2=0,3,9,6,4,1,7,8,2,10,5
JCR`v`lud[? PAIR C1=0,9,1,7,2,6,4,8,5,10 C2=0,5,1,4,9,6,10,2,8,7
JCR`v`lffo? PAIR C1=0,9,4,8,5,2,6,3,7,1,10 C2=0,3,10,2,7,8,1,4,6,9,5
JCR`va\ybw? PAIR C1=0,7,3,6,4,8,5,2,10,1,9 C2=0,3,10,5,1,4,9,6,2,7,8
JCR`va\ybk? PAIR C1=0,7,3,6,2,9,1,10,5,8 C2=0,3,8,7,1,5,2,10,6,9
JCR`v`\ydw? PAIR C1=0,7,2,9,1,5,8,4,6,3,10 C2=0,3,8,7,1,4,9,6,2,10,5
JCR`v`\mfW? PAIR C1=0,5,8,1,7,2,9,3,6,4,10 C2=0,3,7,8,4,1,10,5,2,6,9
JCR`vbJnBk? PAIR C1=0,7,2,10,1,5,9,3,6,4,8 C2=0,3,10,6,8,7,1,4,9,2,5
JCR`vajvBw? PAIR C1=0,7,1,10,3,6,2,5,9,4,8 C2=0,3,9,1,4,6,8,7,2,10,5
JCR`v`jvDw? PAIR C1=0,7,1,8,4,10,3,6,2,5,9 C2=0,3,9,1,4,6,8,7,2,10,5
JCR`vaZzBw? PAIR C1=0,7,2,5,9,1,10,4,6,3,8 C2=0,3,7,8,6,2,10,5,1,4,9
JCR`vaZ^FS? PAIR C1=0,5,9,4,6,2,10,1,7,3,8 C2=0,3,9,2,5,1,4,10,6,8,7
JCR`v`ZzDw? PAIR C1=0,5,9,2,7,1,8,3,6,4,10 C2=0,3,7,8,6,2,10,5,1,4,9
JCR`v`ZnFS? PAIR C1=0,9,5,1,7,3,8,4,6,2,10 C2=0,3,9,4,1,10,6,8,7,2,5
JCR`v_zvFS? PAIR C1=0,7,2,6,3,8,4,10,1,5,9 C2=0,3,9,4,1,7,8,6,10,2,5
JCR`vaN}Bk? PAIR C1=0,8,5,10,1,7,3,6,2,9 C2=0,3,9,1,5,2,10,6,8,7
JCR`vaN^Fo? PAIR C1=0,7,2,6,4,8,5,1,9,3,10 C2=0,3,6,8,7,1,4,10,2,9,5
JCR`v_nvFo? PAIR C1=0,7,2,6,4,8,5,1,9,3,10 C2=0,3,6,8,7,1,4,10,2,5,9
JCR`ursmbY? PAIR C1=0,7,4,10,1,8,5,2,6,3,9 C2=0,3,7,10,5,1,4,6,9,2,8
JCR`uq{{bM? PAIR C1=0,8,5,10,1,7,3,6,2,9 C2=0,3,8,2,5,1,9,6,10,7
JCR`uq{]fE? PAIR C1=0,7,3,6,2,5,8,4,9,1,10 C2=0,3,8,2,9,6,10,7,4,1,5
JCR`uq{\fS? PAIR C1=0,7,1,9,2,5,8,3,6,4,10 C2=0,3,7,4,1,5,9,6,10,2,8
JCR`uq{\fE? PAIR C1=0,7,4,6,3,8,5,1,9,2,10 C2=0,3,9,6,10,7,1,4,8,2,5
JCR`urenBs? PAIR C1=0,5,8,2,6,4,9,3,10,1,7 C2=0,3,7,4,1,5,9,2,10,6,8
JCR`urenBe? PAIR C1=0,7,1,10,2,6,4,9,5,8 C2=0,5,1,4,7,10,6,8,2,9
JCR`ureNfo? PAIR C1=0,7,4,9,3,6,2,8,5,1,10 C2=0,3,7,1,4,10,2,5,9,6,8
JCR`uquzBs? PAIR C1=0,5,8,2,6,3,7,1,10,4,9 C2=0,3,8,6,10,2,9,5,1,4,7
JCR`uquzBq? PAIR C1=0,7,4,10,3,6,2,8,5,1,9 C2=0,3,8,6,4,1,7,10,2,9,5
JCR`uquzBe? PAIR C1=0,3,7,10,6,8,2,9,4,1,5 C2=0,7,4,6,2,5,9,1,10,3,8
JCR`uquZfo? PAIR C1=0,5,8,3,6,4,9,1,10 C2=0,3,10,4,1,5,9,6,8
JCR`upuzDs? PAIR C1=0,7,1,5,8,2,6,3,10,4,9 C2=0,3,7,4,1,8,6,10,2,9,5
JCR`upuzDq? PAIR C1=0,7,3,6,2,8,5,1,9,4,10 C2=0,3,8,6,4,1,7,10,2,9,5
JCR`upuzDU? PAIR C1=0,3,7,10,6,8,2,9,4,1,5 C2=0,7,1,8,3,6,4,10,2,5,9
JCR`upujfo? PAIR C1=0,7,1,5,8,3,6,4,9 C2=0,3,7,4,1,8,6,9,5
JCR`upujfa? PAIR C1=0,5,8,2,10,1,7,3,6,4,9 C2=0,3,8,6,9,2,5,1,4,7,10
JCR`urdmbw? PAIR C1=0,7,1,10,4,9,3,6,2,5,8 C2=0,3,7,8,1,4,6,9,2,10,5
JCR`uqtybw? PAIR C1=0,7,4,10,3,6,2,8,5,1,9 C2=0,3,8,7,1,4,6,9,2,10,5
JCR`uqtybk? PAIR C1=0,7,1,10,2,5,8,3,6,4,9 C2=0,3,10,6,9,2,8,7,4,1,5
JCR`uqt]fS? PAIR C1=0,5,2,8,3,6,9,4,7,1,10 C2=0,3,9,2,10,6,4,1,5,8,7
JCR`uptydw? PAIR C1=0,7,4,10,3,6,2,8,5,1,9 C2=0,3,8,7,1,4,6,9,2,5,10
JCR`uptmfW? PAIR C1=0,7,4,10,1,5,8,2,6,3,9 C2=0,3,8,7,1,4,6,9,2,5,10
JCR`uptmfS? PAIR C1=0,7,1,5,8,2,10,4,6,3,9 C2=0,3,8,7,4,1,10,6,9,2,5
JCR`uqf}Bw? PAIR C1=0,7,1,5,8,2,10,3,6,4,9 C2=0,3,7,8,6,2,9,1,4,10,5
JCR`vIy]ew? PAIR C1=0,5,7,1,9,2,6,4,10,3,8 C2=0,3,9,6,8,4,1,10,5,2,7
JCR`vI]]Vo? PAIR C1=0,5,7,2,9,1,10,4,6,3,8 C2=0,3,10,2,6,8,5,1,4,9,7
JCR`vG}ufo? PAIR C1=0,7,5,2,6,4,8,3,9,1,10 C2=0,3,10,2,7,1,4,9,6,8,5
JCR`vI\]fo? PAIR C1=0,7,5,2,9,1,10,4,6,3,8 C2=0,3,10,2,6,9,4,1,7,8,5
JCR`vG^}Fo? PAIR C1=0,7,1,10,3,6,4,8,5,2,9 C2=0,3,9,1,4,10,2,6,8,7,5
JCR`ujkmbq? PAIR C1=0,5,7,10,1,4,9,3,6,2,8 C2=0,3,10,2,9,6,4,8,5,1,7
JCR`ujk]dq? PAIR C1=0,8,1,9,3,7,5,2,6,4,10 C2=0,3,6,9,4,1,7,10,2,8,5
JCR`ujk]dU? PAIR C1=0,3,7,10,6,9,2,8,4,1,5 C2=0,7,1,9,3,6,4,10,2,5,8
JCR`ujkMvo? PAIR C1=0,5,7,1,8,4,9,2,6,3,10 C2=0,3,7,9,6,4,1,10,2,5,8
JCR`uh{ydU? PAIR C1=0,9,1,7,5,8,3,6,4,10 C2=0,3,7,10,6,9,4,8,1,5
JCR`uiy]fW? PAIR C1=0,7,5,2,8,3,6,4,9,1,10 C2=0,3,7,1,4,8,6,9,2,10,5
JCR`uiy]fQ? PAIR C1=0,7,5,1,10,2,6,4,9,3,8 C2=0,3,7,10,4,1,9,6,8,2,5
JCR`uiy]dY? PAIR C1=0,7,1,9,4,6,3,8,2,5,10 C2=0,3,7,10,2,9,6,8,4,1,5
JCR`uhm}Dq? PAIR C1=0,5,7,1,8,4,9,2,6,3,10 C2=0,3,7,10,2,5,8,6,4,1,9
JCR`uhm}DU? PAIR C1=0,3,7,10,6,8,2,9,4,1,5 C2=0,7,1,8,5,2,10,4,6,3,9
JCR`ug|yfo? PAIR C1=0,7,5,1,10,3,8,4,6,2,9 C2=0,3,6,9,4,1,7,8,5,2,10
JCR`tjkubq? PAIR C1=0,5,7,2,6,4,10,3,9,1,8 C2=0,3,6,9,4,1,5,8,2,10,7
JCR`tjk]eU? PAIR C1=0,5,7,2,8,1,9,3,6,4,10 C2=0,3,7,10,6,9,2,5,1,4,8
JCR`tjkUvo? PAIR C1=0,8,1,9,3,7,5,2,6,4,10 C2=0,3,6,9,4,8,5,1,10,2,7
JCR`tji]ew? PAIR C1=0,7,5,1,8,2,6,4,9,3,10 C2=0,3,7,2,5,10,4,1,9,6,8
JCR`tji]ay? PAIR C1=0,5,7,2,6,3,10,1,9,4,8 C2=0,3,9,6,8,2,5,1,4,10,7
JCR`tjY}A]? PAIR C1=0,8,3,7,5,10,4,6,2,9 C2=0,3,9,4,8,6,10,7,2,5
JCR`tjYybw? PAIR C1=0,5,7,3,6,2,10,1,9,4,8 C2=0,7,2,5,10,3,8,1,4,6,9
JCR`thyufW? PAIR C1=0,9,4,6,2,8,3,7,5,1,10 C2=0,3,9,6,8,1,4,10,5,2,7
JCR`thyufQ? PAIR C1=0,9,4,6,2,8,3,7,5,1,10 C2=0,3,9,6,8,1,4,10,7,2,5
JCR`tjM]fo? PAIR C1=0,5,7,3,10,1,9,2,6,4,8 C2=0,3,9,6,8,5,1,4,10,2,7
JCR`tjM]Vo? PAIR C1=0,5,7,2,9,3,6,4,8,1,10 C2=0,3,10,2,6,8,5,1,4,9,7
JCR`thmufo? PAIR C1=0,9,3,7,5,1,8,2,6,4,10 C2=0,3,10,1,4,9,6,8,5,2,7
JCR`thmufQ? PAIR C1=0,5,8,2,10,1,9,4,6,3,7 C2=0,3,9,6,8,4,1,5,2,7,10
JCR`thmubq? PAIR C1=0,7,5,2,10,3,6,4,8,1,9 C2=0,3,9,6,8,2,7,10,4,1,5
JCR`thmuVo? PAIR C1=0,9,1,5,7,3,6,4,8,2,10 C2=0,3,10,1,4,9,7,2,6,8,5
JCR`tjL]fo? PAIR C1=0,8,4,6,3,7,5,2,9,1,10 C2=0,3,10,2,6,9,4,1,5,8,7
JCR`thlufo? PAIR C1=0,9,1,5,7,3,6,4,8,2,10 C2=0,3,10,1,4,9,6,2,5,8,7
JCR`thlufc? PAIR C1=0,7,5,8,2,6,3,9,1,10 C2=0,3,7,8,1,5,2,10,6,9
JCR`th\yfo? PAIR C1=0,5,7,2,6,3,8,1,9,4,10 C2=0,3,7,8,5,2,10,1,4,6,9
JCR`th\yfc? PAIR C1=0,9,2,5,7,3,6,4,8,1,10 C2=0,3,8,7,2,10,6,9,4,1,5
JCR`tjJ^Fo? PAIR C1=0,7,5,2,9,1,8,4,6,3,10 C2=0,3,7,8,6,2,10,1,4,9,5
JCR`tjJ]fo? PAIR C1=0,8,4,9,1,5,7,2,6,3,10 C2=0,5,2,10,4,1,8,6,9,3,7
JCR`thjvFo? PAIR C1=0,9,1,5,7,3,6,4,8,2,10 C2=0,3,10,1,4,9,5,2,6,8,7
JCR`thZyfo? PAIR C1=0,9,2,5,7,3,6,4,8,1,10 C2=0,3,10,2,7,8,6,9,4,1,5
JCR`rjkudq? PAIR C1=0,8,1,5,7,2,6,4,10,3,9 C2=0,3,6,9,4,1,7,10,2,8,5
JCR`rjkudU? PAIR C1=0,3,9,6,10,7,2,8,4,1,5 C2=0,8,5,2,10,4,6,3,7,1,9
JCR`rjkmeU? PAIR C1=0,5,7,3,6,4,9,2,8,1,10 C2=0,3,9,6,10,7,2,5,1,4,8
JCR`rjkevo? PAIR C1=0,8,2,7,5,1,10,4,6,3,9 C2=0,3,10,2,6,9,7,1,4,8,5
JCR`rj[ydq? PAIR C1=0,5,7,2,6,3,10,4,8,1,9 C2=0,3,7,10,2,9,6,4,1,5,8
JCR`rjiudw? PAIR C1=0,8,4,6,2,7,5,1,9,3,10 C2=0,3,7,1,4,9,6,8,2,10,5
JCR`rjimew? PAIR C1=0,8,2,6,3,7,5,1,10,4,9 C2=0,3,9,6,8,4,1,7,2,5,10
JCR`rjimcy? PAIR C1=0,8,1,7,5,10,4,6,2,9 C2=0,5,1,4,9,6,8,2,7,10
JCR`riyufW? PAIR C1=0,8,3,9,1,7,5,2,6,4,10 C2=0,3,7,2,8,6,9,4,1,10,5
JCR`riyufQ? PAIR C1=0,5,7,1,9,3,8,4,6,2,10 C2=0,3,7,10,4,1,5,2,8,6,9
JCR`riyudY? PAIR C1=0,9,1,7,5,2,6,3,8,4,10 C2=0,3,7,10,2,8,6,9,4,1,5
JCR`rjM}DU? PAIR C1=0,3,9,2,7,10,6,8,4,1,5 C2=0,8,5,2,10,4,6,3,7,1,9
JCR`rjMmfo? PAIR C1=0,9,3,6,2,5,7,1,8,4,10 C2=0,3,7,2,10,1,4,9,6,8,5
JCR`rjMmVo? PAIR C1=0,8,1,5,7,2,6,3,10,4,9 C2=0,3,7,9,2,10,1,4,6,8,5
JCR`rjMmVc? PAIR C1=0,9,3,6,4,8,5,7,1,10 C2=0,5,1,4,9,7,3,10,6,8
JCR`rim}EU? PAIR C1=0,5,8,2,6,3,7,1,10,4,9 C2=0,3,9,1,5,2,7,10,6,4,8
JCR`rimufo? PAIR C1=0,9,1,5,7,3,6,2,8,4,10 C2=0,3,10,2,7,1,4,9,6,8,5
JCR`rjLmfo? PAIR C1=0,3,10,4,9,6,2,7,5,1,8 C2=0,5,8,7,3,6,4,1,10,2,9
JCR`rilufo? PAIR C1=0,8,2,5,7,1,9,3,6,4,10 C2=0,3,10,1,4,9,6,2,7,8,5
JCR`rilufc? PAIR C1=0,5,7,1,9,3,6,4,8,2,10 C2=0,3,10,6,9,4,1,5,2,7,8
JCR`ri\yfo? PAIR C1=0,8,4,6,3,7,5,1,9,2,10 C2=0,3,10,1,4,9,6,2,7,8,5
JCR`ri\yfc? PAIR C1=0,8,3,6,4,9,1,7,5,2,10 C2=0,3,10,6,9,2,7,8,4,1,5
JCR`rjJnFo? PAIR C1=0,8,1,5,7,2,6,3,10,4,9 C2=0,3,7,8,6,4,1,10,2,9,5
JCR`rjJnFc? PAIR C1=0,5,9,2,10,1,7,3,6,4,8 C2=0,3,9,4,1,5,2,7,8,6,10
JCR`rjJmfo? PAIR C1=0,9,3,6,2,7,5,1,8,4,10 C2=0,3,7,8,6,9,4,1,10,2,5
JCR`rijvFo? PAIR C1=0,9,1,7,5,2,8,4,10 C2=0,5,9,4,1,10,2,7,8
JCR`riZ}FS? PAIR C1=0,8,3,6,4,9,1,7,5,2,10 C2=0,3,9,2,7,8,6,10,4,1,5
JCR`szsybq? PAIR C1=0,7,5,2,10,1,8,3,6,4,9 C2=0,3,10,7,4,1,9,6,2,8,5
JCR`szq}BM? PAIR C1=0,7,5,10,2,6,3,8 C2=0,3,7,10,6,8,2,5
JCR`szqybw? PAIR C1=0,7,5,2,6,3,8,1,10,4,9 C2=0,3,7,4,1,5,10,2,9,6,8
JCR`szqybq? PAIR C1=0,5,7,3,6,2,10,4,9,1,8 C2=0,3,10,7,4,1,5,2,8,6,9
JCR`szq]fW? PAIR C1=0,5,7,3,6,2,10,4,9,1,8 C2=0,3,8,6,9,2,5,10,1,4,7
JCR`szq]fQ? PAIR C1=0,5,7,4,9,2,6,3,8,1,10 C2=0,3,9,6,8,2,5,1,4,10,7
JCR`sxy}FE? PAIR C1=0,5,7,3,8,2,6,4,9,1,10 C2=0,3,9,2,5,1,4,8,6,10,7
JCR`sxyyfg? PAIR C1=0,7,5,1,9,4,8,3,6,2,10 C2=0,3,7,4,1,10,5,2,8,6,9
JCR`sxyyfa? PAIR C1=0,5,7,4,8,2,6,3,10,1,9 C2=0,3,8,6,9,4,1,5,2,10,7
JCR`sxyybi? PAIR C1=0,7,5,1,10,3,6,2,8,4,9 C2=0,3,8,6,9,1,4,7,10,2,5
JCR`sxuyVo? PAIR C1=0,9,1,8,2,5,7,3,6,4,10 C2=0,3,10,2,6,8,5,1,4,9,7
JCR`sxm{fo? PAIR C1=0,7,5,2,8,1,9,3,6,4,10 C2=0,3,7,4,1,10,2,9,6,8,5
JCR`sxm{fQ? PAIR C1=0,9,3,6,2,8,4,7,5,1,10 C2=0,3,7,10,4,1,8,6,9,2,5
JCR`sxm{bq? PAIR C1=0,7,4,6,3,10,2,8,5,1,9 C2=0,3,7,10,1,4,8,6,9,2,5
JCR`sxm{Vo? PAIR C1=0,9,1,8,4,6,3,7,5,2,10 C2=0,3,10,1,4,7,9,2,6,8,5
JCR`pzwufE? PAIR C1=0,9,3,8,1,5,7,4,6,2,10 C2=0,3,7,10,6,9,1,4,8,2,5
JCR`pzwueM? PAIR C1=0,5,10,1,8,2,6,3,7,4,9 C2=0,3,9,6,10,7,2,5,1,4,8
JCR`pzqyew? PAIR C1=0,5,7,2,6,3,8,1,9,4,10 C2=0,3,7,4,1,10,5,2,8,6,9
JCR`pzqyeq? PAIR C1=0,8,2,6,4,10,3,7,5,1,9 C2=0,3,8,6,9,4,1,10,7,2,5
JCR`pzqufW? PAIR C1=0,5,7,3,6,2,10,4,9,1,8 C2=0,3,9,6,8,2,7,4,1,5,10
JCR`pzqufQ? PAIR C1=0,5,7,4,10,1,8,2,6,3,9 C2=0,3,7,10,2,5,1,9,4,6,8
JCR`pzeufo? PAIR C1=0,5,7,4,9,3,6,2,10,1,8 C2=0,3,7,2,5,8,6,9,1,4,10
JCR`pzUyfo? PAIR C1=0,5,7,4,6,2,10,3,8,1,9 C2=0,3,7,2,5,8,6,9,4,1,10
JCR`pzUyVo? PAIR C1=0,8,1,5,7,3,10,4,6,2,9 C2=0,3,6,8,5,2,7,9,4,1,10
JCR`pzRyfo? PAIR C1=0,5,7,2,10,3,6,4,9,1,8 C2=0,3,7,8,6,9,2,5,1,4,10
JCRev_{mR[? PAIR C1=0,5,8,2,10,1,6,4,9,3,7 C2=0,3,8,4,1,7,9,2,5,10,6
JCRfLpwfbq? PAIR C1=0,5,6,2,7,3,10,1,8,4,9 C2=0,3,8,2,10,7,4,1,5,9,6
JCRfLpwfbb? PAIR C1=0,5,6,1,8,4,9,3,10,2,7 C2=0,3,8,10,7,4,1,5,2,6,9
JCRfLpwNeq? PAIR C1=0,7,4,8,3,9,2,5,6,1,10 C2=0,3,7,10,4,1,8,2,6,9,5
JCRejqwmbX? PAIR C1=0,5,6,3,8,2,7,1,10,4,9 C2=0,3,7,4,1,6,9,2,5,10,8
JCRejqwmbJ? PAIR C1=0,5,10,1,6,3,9,4,7,2,8 C2=0,3,7,10,8,4,1,5,2,9,6
JCRejqwm`Z? PAIR C1=0,5,10,2,8,4,7,1,6,3,9 C2=0,3,8,10,7,2,5,1,4,9,6
JCRejqwjbp? PAIR C1=0,6,5,1,7,4,8,3,10,2,9 C2=0,3,7,2,8,10,4,1,6,9,5
JCRejqwjbb? PAIR C1=0,6,5,9,4,7,1,10,3,8 C2=0,5,1,4,8,10,7,3,6,9
JCRdnPwfbq? PAIR C1=0,3,9,4,10,7,1,5,6 C2=0,5,9,6,3,10,1,4,7
JCRdnPwfbp? PAIR C1=0,5,6,2,10,1,7,4,8,3,9 C2=0,3,6,9,5,1,4,10,8,2,7
JCRdnPwfbb? PAIR C1=0,3,6,2,10,8,1,7,4,9,5 C2=0,6,5,1,4,8,2,7,10,3,9
JCRdmpwjbq? PAIR C1=0,5,6,3,8,1,7,4,10,2,9 C2=0,3,7,10,1,5,9,4,8,2,6
JCRdmpwjbp? PAIR C1=0,7,4,10,1,5,6,3,8,2,9 C2=0,3,7,1,4,8,10,2,5,9,6
JCRdmpwjbb? PAIR C1=0,6,2,5,9,4,8,1,10,3,7 C2=0,3,6,9,2,8,10,7,4,1,5
JCRdlpwubY? PAIR C1=0,5,6,3,9,1,10,4,7 C2=0,3,7,10,5,1,4,9,6
JCRdlpwu`Z? PAIR C1=0,6,5,10,4,8,1,9,3,7 C2=0,5,1,4,7,10,8,3,6,9
JCRdlpwrbq? PAIR C1=0,7,2,10,1,5,6,3,8,4,9 C2=0,3,10,7,4,1,8,2,6,9,5
JCRdlpwrbb? PAIR C1=0,3,8,10,7,2,6,9,4,1,5 C2=0,6,3,10,2,5,9,1,8,4,7
JCRdlpwr`r? PAIR C1=0,6,9,1,5,2,10,3,8,4,7 C2=0,3,6,2,7,10,8,1,4,9,5
JCRdlpwuR[? PAIR C1=0,5,6,3,9,1,10,4,7 C2=0,3,7,9,4,1,5,10,6
JCRdlpwuRT? PAIR C1=0,6,5,2,10,4,7,3,8,1,9 C2=0,3,6,10,8,2,7,9,4,1,5
JCRc~`wmR[? PAIR C1=0,5,6,4,9,3,8,1,10,2,7 C2=0,3,7,9,2,8,4,1,5,10,6
JCRc~`wmRL? PAIR C1=0,3,6,10,8,2,7,9,4,1,5 C2=0,6,4,8,3,9,2,5,10,1,7
JCRc~`wmP\? PAIR C1=0,3,6,10,8,2,7,9,4,1,5 C2=0,6,4,10,5,2,9,3,8,1,7
JCRVDZw]`{? PAIR C1=0,6,2,7,5,3,10,4,9,1,8 C2=0,3,8,2,9,6,10,5,1,4,7
JCRVDZwMp{? PAIR C1=1,6,2,9,3,10,5,7,4,8 C2=1,4,10,6,9,7,2,8,3,5
JCRVDY{]bq? PAIR C1=0,5,7,2,6,1,10,4,9,3,8 C2=0,3,5,8,2,10,7,4,1,9,6
JCRVDX{]ds? PAIR C1=0,6,2,8,1,5,7,4,9,3,10 C2=0,3,5,8,4,1,9,6,10,2,7
JCRVDX{]`u? PAIR C1=0,5,7,4,10,3,9,1,6 C2=0,3,5,1,4,9,6,10,7
JCRVDXy]dw? PAIR C1=0,5,7,4,8,1,6,2,9,3,10 C2=0,3,5,10,4,1,9,6,8,2,7
JCRVDXy]dq? PAIR C1=0,5,7,4,8,1,6,2,9,3,10 C2=0,3,5,1,4,9,6,8,2,10,7
JCQvFR[Mrs? PAIR C1=0,5,8,1,10,3,9,4,7,2,6 C2=0,3,5,2,10,6,9,7,1,4,8
JCQvFQ{Vbs? PAIR C1=0,5,8,3,9,1,10,4,7,2,6 C2=0,3,5,9,6,10,2,8,4,1,7
JCQvFQ{V`u? PAIR C1=0,6,2,7,4,10,3,9,5,8 C2=0,3,5,2,8,4,9,6,10,7
JCQvFP{Nes? PAIR C1=0,6,1,8,5,3,9,4,10 C2=0,3,8,4,1,10,6,9,5
JCQvFQyVbw? PAIR C1=0,5,9,3,10,4,7,1,6,2,8 C2=0,3,8,6,9,4,1,10,5,2,7
JCQvFQyV`y? PAIR C1=0,6,2,8,3,10,5,9,4,7 C2=0,3,9,6,8,4,10,7,2,5
JCQvFPyNew? PAIR C1=0,5,9,3,10,4,7,1,8,2,6 C2=0,3,8,6,9,4,1,10,5,2,7
JCQvFQ]^Bs? PAIR C1=0,5,8,4,10,3,9,1,6 C2=0,3,5,9,4,1,10,6,8
JCQvBrwfa]? PAIR C1=0,6,2,7,1,10,5,3,8,4,9 C2=0,3,9,6,10,7,4,1,8,2,5
JCQvBrkma{? PAIR C1=0,6,1,7,2,5,8,4,10,3,9 C2=0,3,7,4,1,8,2,9,6,10,5
JCQvBrkfbs? PAIR C1=0,6,2,7,1,10,3,5,8,4,9 C2=0,3,7,4,1,8,2,10,6,9,5
JCQvBr[mb[? PAIR C1=0,8,5,3,7,1,6,2,10,4,9 C2=0,3,8,1,4,7,2,9,6,10,5
JCQvBr[m`]? PAIR C1=0,5,10,2,6,1,7,3,8,4,9 C2=0,3,5,2,9,6,10,7,4,1,8
JCQvBr[jbs? PAIR C1=0,3,10,4,7,2,5,8,1,6,9 C2=0,6,10,2,9,5,3,7,1,4,8
JCQvBr[j`u? PAIR C1=0,6,1,7,2,10,4,8,5,9 C2=0,5,2,9,6,10,7,4,1,8
JCQvBr[NdU? PAIR C1=0,6,1,7,4,8,5,9,2,10 C2=0,5,2,7,10,6,9,4,1,8
JCQvBq{ub[? PAIR C1=0,5,8,3,7,1,6,2,10,4,9 C2=0,3,5,10,6,9,1,4,7,2,8
JCQvBq{u`]? PAIR C1=0,6,1,7,4,10,5,8,3,9 C2=0,5,3,7,10,6,9,1,4,8
JCQvBq{Zcu? PAIR C1=0,5,8,2,6,1,9,4,7,3,10 C2=0,3,5,2,9,6,10,7,1,4,8
JCQvBrinA{? PAIR C1=0,6,1,10,3,9,5,2,7,4,8 C2=0,3,7,1,4,9,2,8,6,10,5
JCQvBriNew? PAIR C1=0,6,2,9,5,3,7,1,10,4,8 C2=0,3,9,6,8,1,4,7,2,5,10
JCQvBrMnBs? PAIR C1=0,6,2,5,8,4,7,1,10,3,9 C2=0,3,7,2,10,6,8,1,4,9,5
JCQvBrMn@u? PAIR C1=0,5,8,4,10,2,9,3,7,1,6 C2=0,3,5,2,7,10,6,8,1,4,9
JCQvBrMmbw? PAIR C1=0,6,2,5,8,1,10,4,7,3,9 C2=0,3,5,10,2,7,1,4,9,6,8
JCQvBrMm`y? PAIR C1=0,5,8,4,9,2,10,3,7,1,6 C2=0,3,5,2,7,10,4,1,8,6,9
JCQvBrM]dq? PAIR C1=0,5,8,1,6,2,7,3,9,4,10 C2=0,3,5,2,10,7,4,1,9,6,8
JCQvBrM]dY? PAIR C1=0,6,1,9,3,7,2,10,5,8 C2=0,3,5,2,9,6,8,1,7,10
JCQvBrM]`y? PAIR C1=0,6,2,7,4,9,3,10,5,8 C2=0,3,7,10,4,8,6,9,2,5
JCQvBrMNfo? PAIR C1=0,5,8,4,10,1,7,3,9,2,6 C2=0,3,5,9,6,8,1,4,7,2,10
JCQvBrMNdq? PAIR C1=0,6,2,10,3,7,4,9,5,8 C2=0,3,9,6,8,4,10,7,2,5
JCQvBqmubw? PAIR C1=0,8,5,2,6,1,10,3,7,4,9 C2=0,3,9,6,8,4,1,7,2,10,5
JCQvBqm]eY? PAIR C1=0,8,5,3,7,2,6,9,4,10 C2=0,3,9,2,5,10,7,4,8,6
JCQvBqmVfo? PAIR C1=0,5,3,10,1,9,4,7,2,8,6 C2=0,3,7,1,6,9,5,2,10,4,8
JCQvBpmudq? PAIR C1=0,6,1,9,4,7,3,5,8,2,10 C2=0,3,9,6,8,1,4,10,7,2,5
JCQvBpmudY? PAIR C1=0,5,10,4,8,1,9,3,7,2,6 C2=0,3,5,2,8,6,9,4,1,7,10
JCQvBpmu`y? PAIR C1=0,5,8,4,10,3,7,2,6,9 C2=0,3,9,4,7,10,5,2,8,6
JCQvBq]ybw? PAIR C1=0,5,8,3,7,4,10,1,6,2,9 C2=0,3,5,10,2,7,1,4,9,6,8
JCQvBq]Zfo? PAIR C1=0,6,2,9,1,7,4,10,3,5,8 C2=0,3,7,2,10,1,4,8,6,9,5
JCQvBp]nFQ? PAIR C1=0,6,1,10,4,7,2,5,8,3,9 C2=0,3,7,10,2,6,8,1,4,9,5
JCQvBp]nDU? PAIR C1=0,6,1,7,3,8,4,10,2,5,9 C2=0,3,9,2,6,10,7,4,1,8,5
JCQvBp]ydY? PAIR C1=0,6,1,7,3,5,8,4,9,2,10 C2=0,3,8,6,9,1,4,10,7,2,5
JCQvBo}zEs? PAIR C1=0,6,1,10,3,5,8,4,9 C2=0,3,8,6,10,4,1,9,5
JCQvBpxrds? PAIR C1=0,6,1,7,8,2,5,3,10,4,9 C2=0,3,8,1,4,7,2,10,6,9,5
JCQvBpxr`{? PAIR C1=0,6,2,8,1,7,4,10,3,5,9 C2=0,3,7,8,4,1,9,6,10,2,5
JCQvEZw]`u? PAIR C1=0,5,7,1,6,2,10,4,9,3,8 C2=0,3,5,2,8,4,1,9,6,10,7
JCQvEYy^@u? PAIR C1=0,5,7,1,6,2,10,4,9,3,8 C2=0,3,5,2,9,1,4,8,6,10,7
JCQvEYy]bw? PAIR C1=0,5,7,4,10,3,9,1,6,2,8 C2=0,3,5,10,2,9,6,8,4,1,7
JCQvEYy]bq? PAIR C1=0,6,2,10,1,9,4,7,5,3,8 C2=0,3,10,7,1,4,8,6,9,2,5
JCQvEXy]dw? PAIR C1=0,6,1,8,3,9,2,5,7,4,10 C2=0,3,5,10,2,8,6,9,4,1,7
JCQvEXy]dq? PAIR C1=0,7,5,3,9,2,6,1,8,4,10 C2=0,3,8,6,9,1,4,7,10,2,5
JCQvEXy]`y? PAIR C1=0,6,1,8,2,9,3,5,10,4,7 C2=0,3,8,6,9,4,1,7,10,2,5
JCQvEXx]`{? PAIR C1=0,3,9,4,10,5,7,1,8,2,6 C2=0,5,3,10,2,9,6,1,4,8,7
JCQvEWz^Fo? PAIR C1=0,6,1,10,4,9,3,8,2,5,7 C2=0,3,5,9,1,4,7,8,6,2,10
JCQvDZwV`u? PAIR C1=0,6,2,10,4,7,5,9,3,8 C2=0,3,5,2,8,4,9,6,10,7
JCQvDZ[]bq? PAIR C1=0,6,2,9,4,8,1,10,3,5,7 C2=0,3,9,6,1,4,7,10,2,5,8
JCQvDZ[]`u? PAIR C1=1,6,2,10,3,9,4,7,5,8 C2=1,4,8,3,5,2,7,10,6,9
JCQvDX{ubq? PAIR C1=0,6,2,8,4,9,1,10,3,5,7 C2=0,3,8,5,2,10,7,4,1,6,9
JCQvDX{u`u? PAIR C1=0,6,2,8,5,7,4,10,3,9 C2=0,3,8,4,9,6,10,7,2,5
JCQvDX{]au? PAIR C1=0,6,1,10,3,5,8,4,9,2,7 C2=0,3,9,6,10,7,4,1,8,2,5
JCQvDZY]bw? PAIR C1=0,6,1,10,3,8,4,9,2,5,7 C2=0,3,5,10,2,7,4,1,9,6,8
JCQvDZY]bq? PAIR C1=0,5,7,2,9,4,10,3,8,1,6 C2=0,3,5,2,10,7,4,1,9,6,8
JCQvDXy]ew? PAIR C1=0,5,7,2,9,4,10,3,8,1,6 C2=0,3,9,6,8,2,5,10,1,4,7
JCQvDXy]eq? PAIR C1=0,5,3,8,4,10,7,2,9,1,6 C2=0,3,10,1,4,9,6,8,2,5,7
JCQvDXy]ay? PAIR C1=0,5,7,4,10,3,8,1,9,2,6 C2=0,3,5,2,8,6,9,4,1,10,7
JCQvDX]]fo? PAIR C1=0,5,7,2,6,1,8,4,9,3,10 C2=0,3,5,8,6,9,2,10,1,4,7
JCQvDX]]Vo? PAIR C1=0,5,7,2,6,1,9,3,8,4,10 C2=0,3,10,1,4,7,9,2,5,8,6
JCQvDX]]Ts? PAIR C1=0,6,1,9,2,10,4,8,3,5,7 C2=0,3,10,6,8,1,4,9,7,2,5
JCQvDX\]fo? PAIR C1=0,5,7,2,9,3,10,4,8,1,6 C2=0,3,5,8,7,4,1,9,6,2,10
JCQvDXZ^Fo? PAIR C1=0,5,7,4,9,3,8,1,10,2,6 C2=0,3,5,9,2,7,8,6,1,4,10
JCQvDXZ]fo? PAIR C1=0,5,7,2,6,1,9,3,8,4,10 C2=0,3,5,2,10,1,4,9,6,8,7
JCQvBY{ubq? PAIR C1=0,8,4,7,5,2,6,1,10,3,9 C2=0,3,5,8,2,10,7,1,4,9,6
JCQvBY{u`u? PAIR C1=0,6,2,7,5,8,3,10,4,9 C2=0,3,9,6,10,7,4,8,2,5
JCQvBY{]cu? PAIR C1=0,6,2,7,5,8,3,9,4,10 C2=0,3,5,2,9,6,10,7,4,8
JCQvBZY}?}? PAIR C1=0,5,7,2,6,1,8,3,10,4,9 C2=0,3,5,2,9,1,4,7,10,6,8
JCQvBYyubw? PAIR C1=0,6,1,7,5,2,10,4,9,3,8 C2=0,3,5,10,1,4,7,2,8,6,9
JCQvBYyubq? PAIR C1=0,6,1,7,5,3,10,2,8,4,9 C2=0,3,8,6,9,1,4,10,7,2,5
JCQvBYy]ew? PAIR C1=0,6,2,9,3,5,7,1,10,4,8 C2=0,3,8,6,9,1,4,7,2,5,10
JCQvBY\]fo? PAIR C1=0,5,7,2,6,1,10,3,9,4,8 C2=0,3,5,8,7,1,4,10,2,9,6
JCQvCx{ybq? PAIR C1=0,6,2,10,1,9,4,8,3,5,7 C2=0,3,10,7,4,1,6,9,2,8,5
JCQvCx{]fQ? PAIR C1=0,7,5,2,6,1,8,3,9,4,10 C2=0,3,5,8,2,10,7,4,1,9,6
JCQvCxm]Vo? PAIR C1=0,6,2,8,4,10,1,9,3,5,7 C2=0,3,10,2,9,7,4,1,6,8,5
JCQvCxx]fW? PAIR C1=0,7,5,2,6,1,9,3,8,4,10 C2=0,3,5,10,1,4,7,8,2,9,6
JCQvCxj^Fo? PAIR C1=0,6,1,8,2,9,4,7,5,3,10 C2=0,3,7,8,6,2,10,4,1,9,5
JCQvAy{ybs? PAIR C1=0,5,7,4,10,3,8,2,9,1,6 C2=0,3,7,1,4,8,5,2,10,6,9
JCQvAy{y`u? PAIR C1=0,6,1,7,5,8,3,10,4,9 C2=0,5,3,7,10,6,9,1,4,8
JCQvAy{]fQ? PAIR C1=0,6,1,10,2,5,7,3,9,4,8 C2=0,3,5,8,2,6,9,1,4,7,10
JCQvAy{]dU? PAIR C1=0,6,1,7,5,8,3,9,4,10 C2=0,5,3,7,10,6,9,1,4,8
JCQvAzi}@{? PAIR C1=0,6,1,7,5,3,10,4,8 C2=0,3,7,4,1,8,6,10,5
JCQvAzi]dq? PAIR C1=0,8,4,9,2,6,1,7,5,3,10 C2=0,3,9,6,8,1,4,7,10,2,5
JCQvAzi]dY? PAIR C1=0,6,2,10,5,7,4,9,1,8 C2=0,5,2,9,6,8,4,1,7,10
JCQvAyy}B[? PAIR C1=0,5,7,1,10,4,9,3,8,2,6 C2=0,3,7,4,1,9,2,5,10,6,8
JCQvAyy}@]? PAIR C1=0,8,4,7,3,5,10,2,6,1,9 C2=0,3,8,6,10,7,1,4,9,2,5
JCQvAyyybw? PAIR C1=0,6,2,9,4,10,1,7,5,3,8 C2=0,3,7,4,1,9,6,8,2,10,5
JCQvAyyybq? PAIR C1=0,8,4,7,5,3,10,1,6,2,9 C2=0,3,8,6,9,4,1,7,10,2,5
JCQvAyy]fQ? PAIR C1=0,5,7,4,10,2,6,1,9,3,8 C2=0,3,5,2,9,6,8,4,1,7,10
JCQvAxy}DU? PAIR C1=0,9,4,7,5,3,8,1,6,2,10 C2=0,3,7,10,6,8,4,1,9,2,5
JCQvAxxy`{? PAIR C1=0,6,2,10,4,7,5,3,8,1,9 C2=0,3,10,6,9,4,1,7,8,2,5
JCQvAxxmfW? PAIR C1=0,6,2,5,7,3,8,1,10,4,9 C2=0,3,9,6,1,4,7,8,2,10,5
JCQvAxj}D[? PAIR C1=0,6,2,10,5,3,7,4,8,1,9 C2=0,3,9,2,8,6,10,4,1,7,5
JCQvAxjnFo? PAIR C1=0,6,1,8,2,5,7,4,10,3,9 C2=0,3,7,8,6,2,10,1,4,9,5
JCQvAxjnDs? PAIR C1=0,5,7,4,10,3,9,2,8,1,6 C2=0,3,5,2,10,6,8,7,1,4,9
JCQvAxjmfo? PAIR C1=0,9,3,5,7,1,6,2,8,4,10 C2=0,3,7,8,6,9,4,1,10,2,5
JCQvAxjmfW? PAIR C1=0,5,7,3,9,4,10,2,8,1,6 C2=0,3,5,2,9,6,8,7,4,1,10
JCQvAwz}FW? PAIR C1=0,5,7,3,8,4,9,2,10,1,6 C2=0,3,9,1,4,7,8,6,2,5,10
JCQvAwzyfo? PAIR C1=0,6,1,10,2,8,3,5,7,4,9 C2=0,3,10,4,1,7,8,6,9,2,5
JCQvAwzyfW? PAIR C1=0,9,2,6,1,7,5,3,8,4,10 C2=0,3,7,8,6,9,4,1,10,2,5
JCQvEU{^Bs? PAIR C1=0,5,8,2,9,3,10,4,7,1,6 C2=0,3,8,4,1,9,5,2,10,6,7
JCQvEU{^Bq? PAIR C1=0,6,2,5,8,3,9,4,10,1,7 C2=0,3,5,9,2,10,7,6,1,4,8
JCQvEU{^@u? PAIR C1=0,6,1,7,4,9,2,10,3,8 C2=0,3,9,1,4,8,2,6,10,7
JCQvEU{]P{? PAIR C1=0,6,1,7,4,9,2,10,5,3,8 C2=0,3,10,6,7,9,1,4,8,2,5
JCQvETy^Dq? PAIR C1=0,6,2,10,3,5,9,4,8,1,7 C2=0,3,9,1,4,10,7,6,8,2,5
JCQvETy^@y? PAIR C1=0,6,2,10,3,5,9,4,8,1,7 C2=0,3,8,6,7,10,4,1,9,2,5
JCQvES}]Vo? PAIR C1=0,6,2,9,1,7,4,8,5,3,10 C2=0,3,8,6,7,9,4,1,10,2,5
JCQvETx^Ds? PAIR C1=0,6,2,8,4,10,3,5,9,1,7 C2=0,3,9,4,1,8,7,6,10,2,5
JCQvETx^@{? PAIR C1=0,6,2,10,3,5,9,4,8,1,7 C2=0,3,8,7,6,10,4,1,9,2,5
JCQvES|]fo? PAIR C1=0,6,2,9,1,7,4,8,5,3,10 C2=0,3,8,7,6,9,4,1,10,2,5
JCQvDV[^Bs? PAIR C1=0,6,2,7,4,10,1,9,3,5,8 C2=0,3,8,1,4,9,5,2,10,6,7
JCQvDV[]bq? PAIR C1=0,5,8,3,10,1,6,2,9,4,7 C2=0,3,5,2,10,7,6,9,1,4,8
JCQvDT{^Es? PAIR C1=0,6,1,10,3,5,8,2,9,4,7 C2=0,3,8,4,1,9,5,2,7,6,10
JCQvDT{^Au? PAIR C1=0,3,9,5,8,4,10,1,6,7 C2=0,5,3,8,1,9,4,7,10,6
JCQvDTy^Ay? PAIR C1=0,3,8,1,10,5,9,4,7,6 C2=0,5,3,9,1,6,8,4,10,7
JCQvDT]^Fo? PAIR C1=0,6,1,8,5,3,10,2,9,4,7 C2=0,3,9,5,2,7,6,8,4,1,10
JCQvDTZ^Fo? PAIR C1=0,6,1,9,2,7,4,8,3,10 C2=0,3,9,4,1,10,2,6,8,7
JCQvCt{^FS? PAIR C1=0,5,8,1,10,4,7,3,9,2,6 C2=0,3,8,4,1,9,5,2,10,6,7
JCQvCt{^FQ? PAIR C1=0,5,8,4,7,3,9,1,6,2,10 C2=0,3,5,9,2,8,1,4,10,7,6
JCQvCt{^BU? PAIR C1=0,5,8,1,10,2,9,3,7,6 C2=0,3,8,2,5,9,1,6,10,7
JCQvCtx^FW? PAIR C1=0,7,3,9,5,2,6,1,8,4,10 C2=0,3,5,10,1,4,9,2,8,7,6
JCQvCtl^Bs? PAIR C1=1,6,2,9,5,8,4,7,3,10 C2=1,4,9,3,5,2,10,6,7,8
JCQvCtl]fo? PAIR C1=0,5,8,4,10,2,6,1,9,3,7 C2=0,3,5,2,8,7,6,9,4,1,10
JCQvAvknBs? PAIR C1=0,6,2,5,8,1,7,4,10,3,9 C2=0,3,7,6,10,1,4,8,2,9,5
JCQvAvknBq? PAIR C1=0,6,1,10,2,5,8,4,7,3,9 C2=0,3,10,7,6,2,8,1,4,9,5
JCQvAvkn@u? PAIR C1=0,5,8,2,6,7,1,4,10,3,9 C2=0,3,5,2,9,4,7,10,6,1,8
JCQvAu{}B[? PAIR C1=0,5,8,3,7,4,10,2,6,1,9 C2=0,3,9,2,5,10,6,7,1,4,8
JCQvAu{}BY? PAIR C1=0,5,8,2,10,4,9,3,7,1,6 C2=0,3,5,10,7,6,2,9,1,4,8
JCQvAu{}@]? PAIR C1=0,5,8,3,9,4,1,7,10,6 C2=0,8,4,10,5,3,7,6,1,9
JCQvAu{^FS? PAIR C1=0,5,8,2,6,1,9,3,7,4,10 C2=0,3,5,9,2,10,6,7,1,4,8
JCQvAu{^FQ? PAIR C1=0,5,8,3,7,4,9,2,10,1,6 C2=0,3,5,9,1,4,8,2,6,7,10
JCQvAu{^DU? PAIR C1=0,8,3,5,9,4,7,1,6,2,10 C2=0,5,2,8,4,1,9,3,7,10,6
JCQvAvi^Dq? PAIR C1=0,8,4,7,1,6,2,9,5,3,10 C2=0,3,9,4,1,8,6,7,10,2,5
JCQvAvi^DY? PAIR C1=0,6,2,10,5,9,1,7,4,8 C2=0,5,2,9,4,1,8,6,7,10
JCQvAuyz@y? PAIR C1=0,5,10,3,7,1,6,2,9,4,8 C2=0,3,5,2,8,6,7,10,4,1,9
JCQvAuy^DY? PAIR C1=1,6,2,10,5,9,4,8,3,7 C2=1,4,10,7,6,8,2,5,3,9
JCQvAtyzDq? PAIR C1=0,5,9,2,8,4,10,3,7,1,6 C2=0,3,5,2,10,7,6,8,1,4,9
JCQvAtyzDY? PAIR C1=0,6,2,8,1,7,4,9,5,10 C2=0,5,2,10,7,6,8,4,1,9
JCQvAum}@y? PAIR C1=0,5,10,3,7,4,8,6,2,9 C2=0,6,7,10,4,9,3,5,2,8
JCQvAum^Fo? PAIR C1=0,6,1,7,3,9,4,8,5,2,10 C2=0,3,10,1,4,7,6,8,2,9,5
JCQvAum^Dq? PAIR C1=0,6,2,9,5,8,4,7,3,10 C2=0,3,9,4,10,7,6,8,2,5
JCQvAum]VW? PAIR C1=0,6,2,9,3,7,4,8,5,10 C2=0,3,5,2,10,4,9,7,6,8
JCQvAtm}DY? PAIR C1=0,6,2,9,4,8,1,7,3,5,10 C2=0,3,9,1,4,10,7,6,8,2,5
JCQvAtxzDs? PAIR C1=0,5,9,2,8,4,10,3,7,1,6 C2=0,3,5,2,10,6,7,8,1,4,9
JCQvAtxz@{? PAIR C1=0,5,9,1,7,4,10,3,8,2,6 C2=0,3,5,2,10,6,7,8,1,4,9
JCQvAtlmfo? PAIR C1=0,5,8,1,6,2,10,4,7,3,9 C2=0,3,5,2,8,7,6,9,4,1,10
JCQv@vwvB[? PAIR C1=0,6,1,10,2,5,9,4,7,3,8 C2=0,3,9,1,4,8,2,7,6,10,5
JCQv@vwvA]? PAIR C1=0,5,10,1,9,3,7,6,2,8 C2=0,3,8,1,6,10,7,2,5,9
JCQv@v[zBs? PAIR C1=0,6,1,10,3,7,2,5,8,4,9 C2=0,3,8,1,4,7,6,10,2,9,5
JCQv@v[zBq? PAIR C1=0,6,1,8,5,3,10,2,7,4,9 C2=0,3,8,4,1,10,7,6,2,9,5
JCQv@vivBq? PAIR C1=0,5,9,1,10,3,7,4,8,2,6 C2=0,3,5,2,10,7,6,8,1,4,9
JCQv@vi^Eq? PAIR C1=0,5,9,1,8,4,10,3,7,2,6 C2=0,3,5,2,9,4,1,10,7,6,8
JCQv@vi^EY? PAIR C1=0,6,1,9,5,10,4,7,2,8 C2=0,5,2,9,4,1,8,6,7,10
JCQv@tmuVo? PAIR C1=0,5,8,2,6,1,9,4,7,3,10 C2=0,3,5,2,10,1,4,8,6,7,9
JCQv@tmuVW? PAIR C1=0,6,1,9,3,7,2,8,5,10 C2=0,3,5,2,10,1,8,6,7,9
JCQv@vJ^Fo? PAIR C1=0,8,1,6,7,2,9,5,3,10 C2=0,5,2,10,1,9,3,7,8,6
JCQudrwZ`]? PAIR C1=0,6,1,9,4,10,5,3,7,2,8 C2=0,3,8,1,4,7,10,6,9,2,5
JCQtepmZfo? PAIR C1=0,6,3,5,8,1,9,4,7 C2=0,3,7,1,4,8,6,9,5
JCQteX{]fS? PAIR C1=0,5,7,4,8,3,6,2,9,1,10 C2=0,3,5,8,2,10,6,9,4,1,7
JCQteXy]fW? PAIR C1=0,5,7,4,10,1,9,3,8,2,6 C2=0,3,5,10,2,9,6,8,4,1,7
JCQteXy]fQ? PAIR C1=0,5,7,4,10,2,9,1,8,3,6 C2=0,3,5,2,8,6,9,4,1,10,7
JCQuVRs]`u? PAIR C1=0,6,4,9,1,7,2,10,3,5,8 C2=0,3,8,1,4,7,10,6,9,2,5
JCQuVRsNbe? PAIR C1=0,6,4,9,5,8,3,10,1,7 C2=0,5,3,9,6,10,7,4,1,8
JCQuVP{]de? PAIR C1=0,6,1,9,4,8,5,3,10,2,7 C2=0,3,9,6,10,7,4,1,8,2,5
JCQuVP{]`m? PAIR C1=0,6,1,9,3,10,5,8,2,7 C2=0,3,8,1,7,10,6,9,2,5
JCQuVRq^@m? PAIR C1=0,7,2,10,3,5,9,4,6,1,8 C2=0,3,8,6,10,7,4,1,9,2,5
JCQuVQu^Be? PAIR C1=0,6,1,10,3,9,5,8,2,7 C2=0,3,8,6,10,7,1,9,2,5
JCQuVPu]dq? PAIR C1=0,6,1,9,2,8,5,3,10,4,7 C2=0,3,8,6,9,4,1,7,10,2,5
JCQuVPu]`y? PAIR C1=0,6,1,9,3,8,5,10,2,7 C2=0,3,10,7,1,8,6,9,2,5
JCQuVPx\ds? PAIR C1=0,5,9,3,10,4,8,2,7,1,6 C2=0,7,4,1,8,3,5,2,9,6,10
JCQuVPx\`{? PAIR C1=1,6,4,8,3,9,5,10,2,7 C2=1,4,7,8,2,5,3,10,6,9
JCQuRrwlbM? PAIR C1=0,6,4,8,2,7,1,10,5,3,9 C2=0,3,8,1,4,7,10,6,9,2,5
JCQuRrwZ`m? PAIR C1=0,6,4,7,3,10,5,9,2,8 C2=0,3,8,4,9,6,10,7,2,5
JCQuRrsmb[? PAIR C1=0,6,4,9,3,7,1,10,2,5,8 C2=0,3,8,1,4,7,2,9,6,10,5
JCQuRrsmbM? PAIR C1=0,6,4,9,3,7,1,10,5,8 C2=0,5,3,8,1,4,7,10,6,9
JCQuRrsm`]? PAIR C1=1,6,4,7,10,2,9,3,5,8 C2=1,4,9,6,10,5,2,8,3,7
JCQuRrs]dU? PAIR C1=0,8,5,3,7,1,6,4,9,2,10 C2=0,3,9,6,10,7,4,1,8,2,5
JCQuRrsNfS? PAIR C1=0,6,1,7,3,9,4,10,2,5,8 C2=0,3,8,2,7,4,1,10,6,9,5
JCQuRrsNfQ? PAIR C1=0,8,5,3,9,2,7,1,6,4,10 C2=0,3,8,1,4,7,10,2,5,9,6
JCQuRrsNfE? PAIR C1=0,6,4,9,5,8,3,7,1,10 C2=0,5,3,9,6,10,7,4,1,8
JCQuRrsNdU? PAIR C1=0,5,8,2,10,4,9,3,7,1,6 C2=0,3,5,2,9,6,10,7,4,1,8
JCQuRrk]de? PAIR C1=0,5,8,2,10,3,7,1,9,4,6 C2=0,3,5,2,9,6,10,7,4,1,8
JCQuRrk]dM? PAIR C1=0,6,4,9,3,7,2,8,5,10 C2=0,3,5,2,9,6,10,7,4,8
JCQuRrk]`m? PAIR C1=0,6,4,7,2,9,3,10,5,8 C2=0,3,7,10,6,9,4,8,2,5
JCQuRp{{dM? PAIR C1=0,6,4,7,1,8,2,10,5,3,9 C2=0,3,8,4,1,9,6,10,7,2,5
JCQuRrqz@m? PAIR C1=0,6,1,7,3,10,5,9,2,8 C2=0,3,5,2,7,10,6,8,1,9
JCQuRrqNfW? PAIR C1=0,6,1,8,2,5,9,3,7,4,10 C2=0,3,5,10,2,7,1,4,9,6,8
JCQuRri|@u? PAIR C1=0,5,9,3,7,1,6,4,10,2,8 C2=0,3,5,2,7,10,6,8,4,1,9
JCQuRri^De? PAIR C1=0,6,1,7,4,9,5,3,10,2,8 C2=0,3,9,1,4,8,6,10,7,2,5
JCQuRri^@m? PAIR C1=0,6,4,7,3,10,5,9,2,8 C2=0,3,9,4,8,6,10,7,2,5
JCQuRpyxdq? PAIR C1=0,5,9,1,6,4,7,3,8,2,10 C2=0,3,5,2,7,10,4,1,8,6,9
JCQuRpyxdY? PAIR C1=0,6,4,8,1,7,2,10,5,9 C2=0,5,2,8,6,9,1,4,7,10
JCQuRrenBs? PAIR C1=0,5,8,2,7,1,10,3,9,4,6 C2=0,3,7,4,1,8,6,10,2,5,9
JCQuRrenBe? PAIR C1=0,6,4,7,1,10,3,9,5,8 C2=0,5,3,7,10,6,8,1,4,9
JCQuRren@u? PAIR C1=0,6,1,7,4,10,3,9,5,8 C2=0,5,3,7,10,6,8,1,4,9
JCQuRrembw? PAIR C1=0,5,8,2,7,4,9,3,10,1,6 C2=0,3,7,1,4,10,5,2,9,6,8
JCQuRreNfo? PAIR C1=0,6,4,10,1,7,3,9,2,5,8 C2=0,3,5,9,6,8,1,4,7,2,10
JCQuRquzBs? PAIR C1=0,6,1,10,4,7,3,5,8,2,9 C2=0,3,8,6,10,2,7,1,4,9,5
JCQuRquzBe? PAIR C1=0,5,8,3,10,1,9,2,7,4,6 C2=0,3,5,2,8,6,10,7,1,4,9
JCQuRqu^FQ? PAIR C1=0,6,1,9,2,10,4,7,3,5,8 C2=0,3,9,5,2,8,6,4,1,7,10
JCQuRqu^FE? PAIR C1=0,6,4,7,2,10,1,9,5,3,8 C2=0,3,9,4,1,7,10,6,8,2,5
JCQuRquybw? PAIR C1=0,6,1,9,2,7,4,10,3,5,8 C2=0,3,7,1,4,9,6,8,2,10,5
JCQuRquybq? PAIR C1=0,5,8,3,7,1,6,4,10,2,9 C2=0,3,5,2,7,10,1,4,9,6,8
JCQuRqu]fQ? PAIR C1=0,6,4,7,1,10,2,9,3,5,8 C2=0,3,8,6,9,1,4,10,7,2,5
JCQuRquZfo? PAIR C1=0,6,4,7,3,8,5,2,9,1,10 C2=0,3,5,9,4,10,2,7,1,6,8
JCQuRpu}DM? PAIR C1=0,6,4,9,2,7,1,8,5,10 C2=0,5,2,8,6,10,7,4,1,9
JCQuRpuydq? PAIR C1=0,5,8,3,7,1,6,4,10,2,9 C2=0,3,5,2,8,6,9,1,4,7,10
JCQuRpm{dq? PAIR C1=0,6,1,7,4,8,5,3,10,2,9 C2=0,3,7,10,4,1,9,6,8,2,5
JCQuRpxxds? PAIR C1=0,5,9,1,6,4,7,3,8,2,10 C2=0,3,5,2,7,8,1,4,10,6,9
JCQuRpxx`{? PAIR C1=0,6,1,8,4,10,2,7,3,5,9 C2=0,3,10,6,9,1,4,7,8,2,5
JCQuRpxlfW? PAIR C1=0,5,9,2,7,3,8,1,10,4,6 C2=0,3,5,10,2,8,7,4,1,6,9
JCQuRpxlb[? PAIR C1=0,6,4,7,3,8,2,10,5,9 C2=0,3,9,6,10,4,8,7,2,5
JCQuVJw]`u? PAIR C1=0,6,4,9,2,10,3,5,7,1,8 C2=0,3,8,4,1,9,6,10,7,2,5
JCQuVJwNbe? PAIR C1=0,7,5,3,9,2,10,1,6,4,8 C2=0,3,8,1,4,9,6,10,7,2,5
JCQuVJwMrk? PAIR C1=0,7,5,3,10,2,9,4,6,1,8 C2=0,3,8,4,1,10,6,9,7,2,5
JCQuVIy]bw? PAIR C1=0,7,5,3,10,4,6,1,9,2,8 C2=0,3,9,6,8,4,1,7,2,10,5
JCQuVIy]bq? PAIR C1=0,6,4,9,1,10,2,7,5,3,8 C2=0,3,10,7,1,4,8,6,9,2,5
JCQuVIy]Rk? PAIR C1=0,6,1,7,5,10,2,9,3,8 C2=0,3,5,2,8,6,10,1,9,7
JCQuVHy]dw? PAIR C1=0,5,7,2,10,4,9,3,8,1,6 C2=0,3,10,5,2,9,6,8,4,1,7
JCQuVHy]dq? PAIR C1=0,6,1,9,2,8,4,10,3,5,7 C2=0,3,8,6,9,4,1,7,10,2,5
JCQuRi{ybs? PAIR C1=0,8,3,7,5,2,10,1,6,4,9 C2=0,3,10,6,9,2,7,1,4,8,5
JCQuRi{ybq? PAIR C1=0,8,2,5,7,3,10,1,6,4,9 C2=0,3,5,8,4,1,7,10,2,9,6
JCQuRi{y`u? PAIR C1=0,6,1,7,5,8,3,10,4,9 C2=0,5,3,7,10,6,9,1,4,8
JCQuRi{]fQ? PAIR C1=0,8,3,9,2,5,7,1,6,4,10 C2=0,3,5,8,2,7,10,1,4,9,6
JCQuRi{]fE? PAIR C1=1,6,4,9,3,7,5,8,2,10 C2=1,4,8,3,5,2,9,6,10,7
JCQuRi{]dU? PAIR C1=1,6,4,10,2,9,3,8,5,7 C2=1,4,8,2,5,3,7,10,6,9
JCQuRi{Yvo? PAIR C1=0,5,7,3,10,4,8,2,9,1,6 C2=0,3,8,5,2,7,9,6,4,1,10
JCQuRi{Yts? PAIR C1=0,5,7,2,8,3,10,4,9,1,6 C2=0,3,5,2,10,6,9,7,1,4,8
JCQuRji}@u? PAIR C1=0,6,4,10,2,8,1,7,5,3,9 C2=0,3,7,10,6,8,4,1,9,2,5
JCQuRjimbw? PAIR C1=0,6,4,8,1,10,2,5,7,3,9 C2=0,3,5,10,4,1,7,2,9,6,8
JCQuRjimbq? PAIR C1=0,8,1,6,4,10,2,7,5,3,9 C2=0,3,7,10,1,4,8,6,9,2,5
JCQuRiy}@]? PAIR C1=0,6,4,10,5,7,3,8,2,9 C2=0,3,9,4,8,6,10,7,2,5
JCQuRiy]fQ? PAIR C1=0,6,1,9,3,5,7,2,10,4,8 C2=0,3,7,10,1,4,9,6,8,2,5
JCQuRhyydq? PAIR C1=0,6,4,8,1,7,5,3,10,2,9 C2=0,3,8,6,9,1,4,10,7,2,5
JCQuRhyydY? PAIR C1=0,5,7,3,8,4,10,2,9,1,6 C2=0,3,5,2,8,6,9,4,1,7,10
JCQuRhyy`y? PAIR C1=0,6,4,10,2,7,5,3,8,1,9 C2=0,3,10,7,1,4,8,6,9,2,5
JCQuRixybw? PAIR C1=0,8,2,5,7,3,10,4,1,6,9 C2=0,3,5,10,2,9,1,7,8,4,6
JCQuRixy`{? PAIR C1=0,5,10,4,8,3,7,2,9,1,6 C2=0,3,5,2,10,6,9,4,1,7,8
JCQuRix]fW? PAIR C1=0,8,3,7,5,2,9,1,6,4,10 C2=0,3,5,10,1,7,2,8,4,9,6
JCQuRix]fK? PAIR C1=0,6,4,8,2,7,5,3,9,1,10 C2=0,3,8,7,1,4,9,6,10,2,5
JCQuRix]d[? PAIR C1=0,8,4,6,1,9,2,7,3,5,10 C2=0,3,9,6,10,4,1,7,8,2,5
JCQuRixZfo? PAIR C1=0,6,4,9,1,7,5,3,8 C2=0,3,7,8,4,1,6,9,5
JCQuRixZfc? PAIR C1=0,5,7,3,10,1,6,4,9,2,8 C2=0,3,5,2,7,8,4,1,9,6,10
JCQuRixZds? PAIR C1=0,5,7,3,8,2,9,1,6,4,10 C2=0,3,5,2,10,6,9,4,1,7,8
JCQuRhxy`{? PAIR C1=0,5,10,2,7,3,8,1,9,4,6 C2=0,3,5,2,8,7,1,4,10,6,9
JCQuRhxmfW? PAIR C1=0,5,2,8,7,3,9,4,6,1,10 C2=0,3,8,4,1,7,5,10,2,9,6
JCQuRhxmfK? PAIR C1=0,5,7,3,9,2,10,1,8,4,6 C2=0,3,5,2,8,7,1,4,9,6,10
JCQuRhxmd[? PAIR C1=0,5,7,3,8,1,6,4,9,2,10 C2=0,3,5,2,8,7,1,4,10,6,9
JCQuRhxjfo? PAIR C1=0,6,1,7,5,3,8,4,9 C2=0,3,7,8,1,4,6,9,5
JCQuRhxjfc? PAIR C1=0,6,4,8,1,10,3,7,5,9 C2=0,5,3,8,7,1,4,9,6,10
JCQuRil]fo? PAIR C1=0,6,1,9,4,10,3,7,5,2,8 C2=0,3,9,6,4,1,10,2,7,8,5
JCQuRil]fc? PAIR C1=0,6,4,8,5,7,3,9,1,10 C2=0,5,3,10,6,9,4,1,7,8
JCQuRil]ds? PAIR C1=0,8,2,9,3,5,7,1,6,4,10 C2=0,3,7,8,4,1,9,6,10,2,5
JCQuRhlmfo? PAIR C1=0,6,1,8,4,9,2,5,7,3,10 C2=0,3,5,8,7,2,10,1,4,6,9
JCQuRhlmfc? PAIR C1=0,5,7,1,6,4,8,2,10,3,9 C2=0,3,5,2,7,8,1,4,9,6,10
JCQuRg|yfo? PAIR C1=0,9,1,6,4,8,3,5,7,2,10 C2=0,3,10,4,1,7,8,5,2,9,6
JCQuRhj}@{? PAIR C1=0,6,1,7,5,3,10,2,8,4,9 C2=0,3,9,1,4,10,6,8,7,2,5
JCQuRhjmfo? PAIR C1=0,6,4,10,2,8,1,7,5,3,9 C2=0,3,10,1,4,9,6,8,7,2,5
JCQuRgn}Fo? PAIR C1=0,6,4,8,5,3,7,1,10 C2=0,3,10,4,1,6,8,7,5
JCQuRgn}Fc? PAIR C1=0,6,1,7,5,8,2,10,3,9 C2=0,3,7,8,6,10,1,9,2,5
JCQuRZw]de? PAIR C1=0,6,1,9,4,8,2,7,5,3,10 C2=0,3,8,1,4,7,10,6,9,2,5
JCQuRZw]`m? PAIR C1=0,6,4,7,5,10,3,9,2,8 C2=0,3,8,4,9,6,10,7,2,5
JCQuRZsmbq? PAIR C1=0,5,3,8,1,10,4,7,2,9 C2=0,3,9,4,1,7,10,2,5,8
JCQuRZsmbe? PAIR C1=0,5,8,2,9,3,10,1,7,4,6 C2=0,3,5,2,7,10,6,9,4,1,8
JCQuRZsm`u? PAIR C1=1,6,4,9,2,10,3,8,5,7 C2=1,4,7,10,6,9,3,5,2,8
JCQuRZs]de? PAIR C1=0,5,7,4,6,1,9,3,8,2,10 C2=0,3,5,2,7,10,6,9,4,1,8
JCQuRZsMvc? PAIR C1=0,6,4,9,2,8,5,7,1,10 C2=0,5,2,10,6,9,7,4,1,8
JCQuRX{{de? PAIR C1=0,9,2,8,1,6,4,7,5,3,10 C2=0,3,8,4,1,9,6,10,7,2,5
JCQuRX{{`u? PAIR C1=0,6,1,7,5,3,8,4,10,2,9 C2=0,3,9,6,10,7,4,1,8,2,5
JCQuRZq}@u? PAIR C1=0,8,3,5,2,7,10,4,6,1,9 C2=0,3,10,6,8,2,9,4,1,7,5
JCQuRZq}@m? PAIR C1=1,6,4,9,3,10,5,7,2,8 C2=1,4,7,10,6,8,3,5,2,9
JCQuRZqmbw? PAIR C1=0,5,7,4,6,1,10,2,8,3,9 C2=0,3,10,5,2,7,1,4,9,6,8
JCQuRZqmbq? PAIR C1=0,6,4,9,3,5,2,7,10,1,8 C2=0,3,8,6,9,2,10,4,1,7,5
JCQuRXy{dw? PAIR C1=0,5,7,4,10,2,8,3,9,1,6 C2=0,3,10,5,2,7,1,4,8,6,9
JCQuRXy{dq? PAIR C1=0,5,7,4,10,2,8,3,9,1,6 C2=0,3,5,2,9,6,8,4,1,7,10
JCQuRXy{`y? PAIR C1=0,6,4,10,5,7,2,8,3,9 C2=0,3,10,7,4,8,6,9,2,5
JCQuRXumfo? PAIR C1=0,6,4,9,3,5,7,1,8,2,10 C2=0,3,10,1,4,7,2,9,6,8,5
JCQuRXx{`{? PAIR C1=0,6,4,7,5,10,3,8,2,9 C2=0,3,9,6,10,4,8,7,2,5
JCQrVbwfbM? PAIR C1=0,5,10,1,7,2,6,4,8,3,9 C2=0,3,5,2,8,1,4,9,6,10,7
JCQrVb[mbY? PAIR C1=0,5,8,1,10,4,6,2,7,3,9 C2=0,3,8,4,1,6,9,2,5,10,7
JCQrVb[mbM? PAIR C1=0,7,3,8,5,10,1,6,4,9 C2=0,5,3,9,6,10,7,1,4,8
JCQrVb[ma]? PAIR C1=0,7,3,9,2,6,4,10,5,8 C2=0,3,8,4,9,6,10,7,2,5
JCQrVb[m`]? PAIR C1=0,5,10,2,9,3,8,4,6,1,7 C2=0,3,5,2,7,10,6,9,4,1,8
JCQrVb[jbq? PAIR C1=0,5,8,3,7,1,10,2,6,4,9 C2=0,3,10,7,2,5,9,6,1,4,8
JCQrVb[jbe? PAIR C1=0,7,1,10,2,6,4,8,5,9 C2=0,5,2,7,10,6,9,4,1,8
JCQrVb[j`u? PAIR C1=0,7,3,5,8,1,6,2,10,4,9 C2=0,3,8,4,1,7,10,6,9,2,5
JCQrVa{Zeq? PAIR C1=0,7,2,6,1,9,4,8,5,3,10 C2=0,3,7,10,1,4,6,9,5,2,8
JCQrVa{Zcu? PAIR C1=0,5,8,3,7,1,6,2,9,4,10 C2=0,3,5,2,8,4,1,9,6,10,7
JCQrVbiVdq? PAIR C1=0,8,4,6,1,9,5,3,7,2,10 C2=0,3,10,7,1,4,9,6,8,2,5
JCQrVbiVdY? PAIR C1=0,7,2,6,4,8,1,9,5,10 C2=0,5,2,10,7,1,4,9,6,8
JCQrVbYnBY? PAIR C1=0,8,4,6,2,10,1,7,3,5,9 C2=0,3,8,6,1,4,9,2,5,10,7
JCQrVbYnBM? PAIR C1=0,5,9,3,7,2,6,10,1,8 C2=0,3,8,6,1,7,10,5,2,9
JCQrVbYn@]? PAIR C1=0,8,1,6,4,10,2,7,3,5,9 C2=0,3,8,6,10,7,1,4,9,2,5
JCQrVbMnBq? PAIR C1=0,3,7,1,10,2,5,8,4,9 C2=0,5,3,9,2,7,10,4,1,8
JCQrVbMnBe? PAIR C1=0,7,2,10,1,6,4,8,5,9 C2=0,5,2,9,4,1,7,10,6,8
JCQrVbMn@u? PAIR C1=0,7,3,10,4,6,2,9,5,8 C2=0,3,5,2,7,10,6,8,4,9
JCQrVam]ay? PAIR C1=0,7,2,6,4,10,1,9,3,5,8 C2=0,3,10,7,1,4,9,6,8,2,5
JCQrV`mudq? PAIR C1=0,3,10,4,6,8,5,2,7,1,9 C2=0,5,3,9,6,1,4,8,2,10,7
JCQrV`mudY? PAIR C1=0,9,1,7,3,5,8,4,6,2,10 C2=0,3,9,6,8,1,4,10,7,2,5
JCQrVa]zBq? PAIR C1=0,8,5,3,7,2,10,1,6,4,9 C2=0,3,10,7,1,4,8,6,2,9,5
JCQrVa]zBe? PAIR C1=0,8,4,6,1,10,2,7,3,5,9 C2=0,3,8,6,10,7,1,4,9,2,5
JCQrVbhfbk? PAIR C1=0,5,9,4,6,1,8,2,10,3,7 C2=0,3,5,2,7,8,4,1,10,6,9
JCQrVbXjbw? PAIR C1=0,7,1,4,10,2,9,5,3,8 C2=0,5,2,7,3,10,1,8,4,9
JCQrVbXjbk? PAIR C1=0,3,8,1,4,9,5,10,6,2,7 C2=0,5,3,7,1,10,2,9,6,4,8
JCQrVaxrbw? PAIR C1=0,5,9,4,6,1,10,2,7,3,8 C2=0,3,10,5,2,6,9,1,4,8,7
JCQrVaxrbk? PAIR C1=0,7,8,3,5,10,1,6,4,9 C2=0,5,9,6,10,3,7,1,4,8
JCQrVaxZew? PAIR C1=0,8,2,7,3,5,9,4,6,1,10 C2=0,3,10,5,2,6,9,1,4,8,7
JCQrVbLmbw? PAIR C1=0,3,7,8,5,2,10,1,6,4,9 C2=0,5,10,3,9,6,2,7,1,4,8
JCQrVbLmbk? PAIR C1=0,5,8,4,6,1,10,3,9,2,7 C2=0,3,5,2,10,6,9,4,1,7,8
JCQrValubw? PAIR C1=0,7,2,8,5,3,10,4,6,1,9 C2=0,3,7,1,10,5,2,6,9,4,8
JCQrValubk? PAIR C1=1,9,3,7,2,6,4,8,5,10 C2=1,4,9,6,10,3,5,2,8,7
JCQrValu`{? PAIR C1=0,7,3,10,5,8,2,6,4,9 C2=0,3,9,6,10,4,8,7,2,5
JCQrVal]ew? PAIR C1=0,7,3,5,8,2,6,1,9,4,10 C2=0,3,10,5,2,9,6,4,1,7,8
JCQrValVfo? PAIR C1=0,5,8,2,6,1,9,4,10,3,7 C2=0,3,5,9,6,4,1,10,2,7,8
JCQrValVfc? PAIR C1=0,5,8,4,6,2,7,3,9,1,10 C2=0,3,5,2,10,6,9,4,1,7,8
JCQrValVds? PAIR C1=0,7,3,5,8,4,9,1,6,2,10 C2=0,3,9,6,10,4,1,7,8,2,5
JCQrVa\ybw? PAIR C1=0,5,2,9,4,6,1,10,3,7 C2=0,3,5,10,4,1,7,2,6,9
JCQrVa\ybk? PAIR C1=0,5,10,1,6,4,8,3,7,2,9 C2=0,3,5,2,10,6,9,4,1,7,8
JCQrVa\Zfo? PAIR C1=0,7,3,8,5,2,6,1,9,4,10 C2=0,3,5,9,6,4,1,10,2,7,8
JCQrVa\Zfc? PAIR C1=0,5,8,4,6,1,9,2,7,3,10 C2=0,3,5,2,10,6,9,4,1,7,8
JCQrVbJnBk? PAIR C1=0,5,9,3,10,2,7,1,6,4,8 C2=0,3,5,2,9,4,1,10,6,8,7
JCQrVbJn@{? PAIR C1=0,7,3,9,5,10,2,6,4,8 C2=0,3,5,2,7,8,6,10,4,9
JCQrVbJ^@{? PAIR C1=0,5,9,1,8,4,6,2,10,3,7 C2=0,3,5,2,9,4,10,6,1,7,8
JCQrVajvBk? PAIR C1=0,7,3,5,10,2,8,4,6,1,9 C2=0,3,9,4,1,10,6,8,7,2,5
JCQrV`jvDs? PAIR C1=0,3,10,4,8,6,1,9,5,2,7 C2=0,5,3,9,4,1,7,8,2,6,10
JCQrVaZzBk? PAIR C1=0,8,4,6,2,5,10,3,7,1,9 C2=0,5,3,8,6,10,1,4,9,2,7
JCQrVaN}Bk? PAIR C1=0,8,5,10,1,6,2,7,3,9 C2=0,3,10,6,8,7,1,9,2,5
JCQrVaN^Fc? PAIR C1=0,8,5,9,2,6,1,7,3,10 C2=0,3,9,1,10,6,8,7,2,5
JCQrV_nvFo? PAIR C1=0,5,8,2,6,1,7,3,10,4,9 C2=0,3,9,5,2,7,8,6,4,1,10
JCQrV_nvFc? PAIR C1=0,7,3,9,5,8,2,6,1,10 C2=0,3,5,2,10,6,8,7,1,9
JCQrUrsmbY? PAIR C1=0,7,3,9,4,6,1,10,2,5,8 C2=0,3,5,10,7,4,1,8,2,6,9
JCQrUrsmbM? PAIR C1=0,7,1,10,6,2,8,5,3,9 C2=0,3,7,10,5,2,9,6,1,8
JCQrUrsm`]? PAIR C1=0,5,10,2,8,3,9,4,6,1,7 C2=0,3,5,2,9,6,10,7,4,1,8
JCQrUrsjbs? PAIR C1=0,7,1,6,2,9,4,10,3,5,8 C2=0,3,7,4,1,8,2,10,6,9,5
JCQrUrsjbq? PAIR C1=0,8,5,2,6,1,10,3,7,4,9 C2=0,3,8,2,10,7,1,4,6,9,5
JCQrUrsjbe? PAIR C1=0,5,8,3,7,4,6,1,10,2,9 C2=0,3,5,2,8,1,4,9,6,10,7
JCQrUrsj`u? PAIR C1=0,5,8,1,6,4,7,3,10,2,9 C2=0,3,8,2,5,9,6,10,4,1,7
JCQrUqu}BM? PAIR C1=1,6,4,7,3,8,5,10,2,9 C2=1,4,9,3,5,2,8,6,10,7
JCQrUquzBs? PAIR C1=0,7,1,10,3,5,8,2,6,4,9 C2=0,3,7,4,1,9,5,2,10,6,8
JCQrUquzBq? PAIR C1=0,7,1,9,4,6,2,10,3,5,8 C2=0,3,7,10,4,1,6,8,2,5,9
JCQrUquzBe? PAIR C1=0,7,4,6,2,8,5,3,10,1,9 C2=0,3,8,6,10,7,1,4,9,2,5
JCQrUquZfo? PAIR C1=0,5,8,2,6,1,9,4,7,3,10 C2=0,3,8,6,9,5,2,10,4,1,7
JCQrUrdmbw? PAIR C1=0,7,1,6,2,8,5,3,10,4,9 C2=0,3,7,8,1,4,6,9,2,10,5
JCQrUrdmbk? PAIR C1=0,8,7,3,5,10,1,6,2,9 C2=0,3,9,6,10,2,5,8,1,7
JCQrUqtybw? PAIR C1=0,7,1,10,3,8,5,2,6,4,9 C2=0,3,5,10,2,9,6,1,4,7,8
JCQrUqf}Bw? PAIR C1=0,5,8,2,9,3,10,1,6,4,7 C2=0,3,7,8,6,2,5,10,4,1,9
JCQrVI{ubq? PAIR C1=0,8,3,5,7,2,10,4,6,1,9 C2=0,3,10,7,1,4,9,6,2,8,5
JCQrVI{ube? PAIR C1=0,7,5,8,2,10,1,6,4,9 C2=0,5,2,7,10,6,9,1,4,8
JCQrVI{u`u? PAIR C1=0,8,5,7,2,6,4,10,3,9 C2=0,3,5,2,8,4,9,6,10,7
JCQrVI{]eq? PAIR C1=0,7,5,3,10,4,6,1,9,2,8 C2=0,3,9,6,2,5,8,4,1,7,10
JCQrVI{]cu? PAIR C1=0,7,5,8,3,9,2,6,4,10 C2=0,3,5,2,7,10,6,9,4,8
JCQrVI{Uvo? PAIR C1=0,7,5,3,9,1,6,2,10,4,8 C2=0,3,8,5,2,7,9,6,4,1,10
JCQrVI{Uts? PAIR C1=0,5,7,2,8,3,9,1,6,4,10 C2=0,3,5,2,10,6,9,7,1,4,8
JCQrVJY]dw? PAIR C1=0,8,3,5,7,2,6,1,9,4,10 C2=0,3,10,5,2,9,6,8,4,1,7
JCQrVJY]dq? PAIR C1=0,7,5,3,8,1,9,4,6,2,10 C2=0,3,10,7,1,4,8,6,9,2,5
JCQrVJY]`y? PAIR C1=0,7,10,5,3,9,2,6,1,4,8 C2=0,3,10,4,9,6,8,1,7,2,5
JCQrVIy]ew? PAIR C1=0,7,5,2,8,4,6,1,9,3,10 C2=0,3,8,6,9,2,7,1,4,10,5
JCQrVIy]eq? PAIR C1=0,7,5,3,9,2,6,1,10,4,8 C2=0,3,10,7,1,4,9,6,8,2,5
JCQrVIy]ay? PAIR C1=0,7,5,10,3,9,2,6,4,8 C2=0,3,8,6,9,4,10,7,2,5
JCQrVHy}Cu? PAIR C1=0,5,7,1,8,2,6,4,10,3,9 C2=0,3,5,2,9,1,4,8,6,10,7
JCQrVI\]fo? PAIR C1=0,5,7,2,9,3,10,1,6,4,8 C2=0,3,5,8,7,1,4,9,6,2,10
JCQrVI\]fc? PAIR C1=0,7,5,8,4,6,2,9,1,10 C2=0,5,2,10,6,9,4,1,7,8
JCQrVH\mfo? PAIR C1=0,5,7,1,8,3,10,2,6,4,9 C2=0,3,5,8,7,2,9,6,1,4,10
JCQrVH\mfc? PAIR C1=0,9,2,6,4,8,3,5,7,1,10 C2=0,3,10,6,9,4,1,8,7,2,5
JCQrVG|ufo? PAIR C1=0,9,3,5,7,2,8,4,6,1,10 C2=0,3,10,2,6,9,4,1,7,8,5
JCQrVG|ufc? PAIR C1=0,5,7,1,6,4,9,3,8,2,10 C2=0,3,5,2,7,8,4,1,10,6,9
JCQrVIZ}Bk? PAIR C1=0,5,10,2,6,1,7,8,3,9 C2=0,3,5,7,2,9,1,10,6,8
JCQrVIZ^Fc? PAIR C1=0,8,4,6,1,9,2,7,5,3,10 C2=0,3,9,4,1,7,8,6,10,2,5
JCQrVIZ]bw? PAIR C1=0,7,1,9,2,6,4,10,5,3,8 C2=0,3,10,1,4,9,6,8,7,2,5
JCQrVHZmfo? PAIR C1=0,5,7,1,6,2,10,4,8,3,9 C2=0,3,5,2,7,8,6,9,4,1,10
JCQrVGzvFo? PAIR C1=0,9,3,8,2,5,7,1,6,4,10 C2=0,3,5,9,4,1,10,2,6,8,7
JCQrVGzvFc? PAIR C1=0,5,7,1,9,3,8,4,6,2,10 C2=0,3,5,2,7,8,6,10,1,4,9
JCQrUi{ybq? PAIR C1=0,7,5,3,10,2,9,1,6,4,8 C2=0,3,7,10,1,4,9,6,2,8,5
JCQrUi{y`u? PAIR C1=0,8,5,7,3,10,4,6,2,9 C2=0,3,5,2,8,4,9,6,10,7
JCQrUi{Yvo? PAIR C1=0,8,3,5,7,1,6,4,9,2,10 C2=0,3,10,1,4,8,5,2,6,9,7
JCQrUi{Yts? PAIR C1=0,5,8,2,6,1,9,4,10,3,7 C2=0,3,5,2,10,6,9,7,1,4,8
JCQrUji}@]? PAIR C1=0,8,2,10,4,6,1,7,5,3,9 C2=0,3,7,10,6,8,4,1,9,2,5
JCQrUji]dw? PAIR C1=0,3,10,2,5,7,1,9,6,4,8 C2=0,5,10,4,1,8,6,2,9,3,7
JCQrUji]dq? PAIR C1=0,5,7,3,9,1,6,2,8 C2=0,3,5,2,9,6,8,1,7
JCQrUji]dY? PAIR C1=0,5,10,2,8,1,6,4,9,3,7 C2=0,3,5,2,9,6,8,4,1,7,10
JCQrUiy}BY? PAIR C1=0,5,7,3,9,1,6,2,10,4,8 C2=0,3,5,10,7,1,4,6,8,2,9
JCQrUiy}@]? PAIR C1=0,8,2,10,4,6,1,7,5,3,9 C2=0,3,7,10,6,8,4,1,9,2,5
JCQrUhlmds? PAIR C1=0,5,7,1,6,4,8,2,9,3,10 C2=0,3,5,2,10,6,9,4,1,8,7
JCQrTjwubY? PAIR C1=0,5,7,3,9,4,6,1,10,2,8 C2=0,3,8,4,1,9,6,2,5,10,7
JCQrTjwua]? PAIR C1=0,5,10,4,8,2,6,1,9,3,7 C2=0,3,5,2,7,10,6,9,4,1,8
JCQrTji]ew? PAIR C1=0,5,7,3,10,4,6,2,9,1,8 C2=0,3,5,10,1,4,9,6,8,2,7
JCQrTji]eY? PAIR C1=0,8,2,6,4,9,3,7,5,10 C2=0,3,5,2,9,6,8,4,10,7
JCQrTjM]Vo? PAIR C1=0,8,4,6,1,9,2,7,5,3,10 C2=0,3,7,9,4,1,10,2,6,8,5
JCQrThmufo? PAIR C1=0,9,3,7,5,2,8,1,6,4,10 C2=0,3,5,8,6,9,4,1,10,2,7
JCQrTjL]fo? PAIR C1=0,8,4,9,1,6,2,7,5,3,10 C2=0,3,9,6,4,1,10,2,5,8,7
JCQrThN}Fo? PAIR C1=0,9,3,7,5,8,4,1,6,2,10 C2=0,3,5,2,9,1,10,4,6,8,7
JCQrUZw]de? PAIR C1=0,5,7,4,9,3,8,1,6,2,10 C2=0,3,5,2,9,6,10,7,1,4,8
JCQrUZw]`m? PAIR C1=0,5,10,2,6,4,7,1,9,3,8 C2=0,3,5,2,8,1,4,9,6,10,7
JCQrUZsmbq? PAIR C1=0,7,5,2,10,1,6,4,9,3,8 C2=0,5,3,10,7,4,1,8,2,6,9
JCQrUZsmbe? PAIR C1=0,7,5,8,3,10,1,6,4,9 C2=0,5,3,9,6,10,7,4,1,8
JCQrUZsm`u? PAIR C1=0,8,5,7,1,6,4,10,2,9 C2=0,5,2,8,1,4,9,6,10,7
JCQrUZs]`u? PAIR C1=0,5,7,4,10,2,6,1,9,3,8 C2=0,3,5,2,8,1,4,9,6,10,7
JCQrUZq]dw? PAIR C1=0,7,4,9,3,8,1,6,2,5,10 C2=0,3,5,7,1,4,10,2,9,6,8
JCQrUZq]dq? PAIR C1=0,5,7,4,6,1,9,2,8,3,10 C2=0,3,5,2,10,7,1,4,9,6,8
JCQrUZq]`y? PAIR C1=0,5,10,3,9,2,6,4,7,1,8 C2=0,3,5,2,8,6,9,1,4,10,7
JCQrUYu}Be? PAIR C1=0,7,5,8,2,10,1,6,4,9 C2=0,5,2,9,1,4,7,10,6,8
JCQrUYu]fo? PAIR C1=0,5,7,1,6,4,9,3,8 C2=0,3,5,8,6,9,1,4,7
JCQrUYu]bq? PAIR C1=0,5,7,1,9,2,6,4,10,3,8 C2=0,3,5,2,8,6,9,4,1,10,7
JCQrUYu]Vo? PAIR C1=0,5,7,4,9,2,6,1,10,3,8 C2=0,3,9,7,1,4,6,8,5,2,10
JCQrUXumfo? PAIR C1=0,5,7,4,6,1,8,3,9 C2=0,3,5,8,6,9,4,1,7
JCQrUXumVo? PAIR C1=0,5,7,4,10,3,8,1,6,2,9 C2=0,3,9,7,1,4,6,8,5,2,10
JCQrUXumTs? PAIR C1=0,5,8,3,9,2,6,1,7,4,10 C2=0,3,5,2,10,6,8,1,4,9,7
JCQrRZwude? PAIR C1=0,5,7,1,9,4,6,2,10,3,8 C2=0,3,5,2,8,1,4,7,10,6,9
JCQrRZwucm? PAIR C1=0,8,3,9,1,6,2,7,5,10 C2=0,3,5,2,8,1,7,10,6,9
JCQrRZ[{de? PAIR C1=0,8,1,9,3,5,7,4,6,2,10 C2=0,3,8,4,1,7,10,6,9,2,5
JCQrRZq}Cu? PAIR C1=0,8,1,6,2,7,5,3,10,4,9 C2=0,3,9,1,4,7,10,6,8,2,5
JCQrRZqmew? PAIR C1=0,9,2,6,1,8,3,5,7,4,10 C2=0,3,10,5,2,7,1,4,9,6,8
JCQrRZqmeq? PAIR C1=0,5,7,1,6,4,10,3,8,2,9 C2=0,3,5,2,7,10,1,4,9,6,8
JCQrRZY{dw? PAIR C1=0,8,4,7,5,2,6,1,9,3,10 C2=0,3,8,6,9,2,7,1,4,10,5
JCQrRZY{dq? PAIR C1=0,5,7,4,6,2,10,3,9,1,8 C2=0,3,5,2,9,6,8,4,1,7,10
JCQrRZUmfo? PAIR C1=0,5,7,4,6,2,10,1,8,3,9 C2=0,3,5,8,6,9,2,7,1,4,10
JCQrRZUmVo? PAIR C1=0,8,3,5,7,1,6,4,9,2,10 C2=0,3,9,7,4,10,1,8,6,2,5
JCQrRZUmTs? PAIR C1=0,8,5,3,10,4,6,1,7,2,9 C2=0,3,9,7,4,1,8,6,10,2,5
JCQrRYuufo? PAIR C1=0,5,7,1,9,3,8,2,6,4,10 C2=0,3,10,1,4,7,2,5,8,6,9
JCQvepkmbY? PAIR C1=0,5,8,1,6,3,9,2,10,4,7 C2=0,3,5,10,7,1,4,8,2,6,9
JCQvepkmbJ? PAIR C1=0,5,10,8,2,9,3,6,1,4,7 C2=0,3,5,2,10,7,1,8,4,9,6
JCQvepkmR[? PAIR C1=0,5,8,2,10,1,4,7,9,3,6 C2=0,3,5,10,6,2,9,4,8,1,7
JCQvepkmRL? PAIR C1=0,5,10,1,7,3,6,2,8,4,9 C2=0,3,5,2,9,7,4,1,8,10,6
JCQvepkmQ\? PAIR C1=0,6,3,9,2,8,5,10,4,7 C2=0,3,7,9,4,8,10,6,2,5
JCQvepkmP\? PAIR C1=0,5,10,2,8,1,6,3,9,4,7 C2=0,3,5,2,9,7,1,4,8,10,6
JCQvdpkvBF? PAIR C1=0,5,8,10,2,7,3,6,1,4,9 C2=0,3,5,9,1,10,7,4,8,2,6
JCQvdpkvAV? PAIR C1=0,5,8,2,7,4,10,6,3,9 C2=0,3,7,10,8,4,9,5,2,6
JCQvUpwZdJ? PAIR C1=0,6,2,8,3,7,1,9,5,10 C2=0,3,5,2,9,6,1,8,10,7
JCQvUpwZ`j? PAIR C1=0,5,10,3,8,1,9,2,6,4,7 C2=0,3,5,2,8,10,7,1,4,9,6
JCQunPwmbY? PAIR C1=0,5,6,3,9,4,10,1,7 C2=0,3,5,10,7,4,1,6,9
JCQunPwmaZ? PAIR C1=0,7,2,8,1,10,5,6,3,9 C2=0,3,8,10,7,1,6,9,2,5
JCQunPwm`Z? PAIR C1=0,5,10,4,8,1,7,2,9,6 C2=0,7,10,8,2,5,6,1,4,9
JCQtnPwvBU? PAIR C1=0,6,5,3,9,4,10,1,7 C2=0,3,6,10,7,4,1,9,5
JCQtnPwvBF? PAIR C1=0,7,2,5,6,10,1,8,4,9 C2=0,5,9,1,4,7,10,8,2,6
JCQtnPwrbq? PAIR C1=0,3,6,5,9,1,10,4,7 C2=0,5,3,10,7,1,4,9,6
JCQtnPwrbb? PAIR C1=0,3,8,10,7,1,4,9,6,2,5 C2=0,6,3,5,9,1,10,2,8,4,7
JCQu^`wnBU? PAIR C1=0,7,2,10,1,8,3,5,6,4,9 C2=0,3,7,10,6,1,4,8,2,9,5
JCQu^`wnBF? PAIR C1=0,5,2,10,6,1,8,4,9,3,7 C2=0,3,5,9,2,8,10,7,1,4,6
JCQu^`wn@V? PAIR C1=0,5,9,2,8,4,10,6,1,7 C2=0,6,5,2,7,10,8,1,4,9
JCQu^`wmR[? PAIR C1=0,7,2,10,1,8,3,5,6,4,9 C2=0,3,7,9,2,8,4,1,6,10,5
JCQu^`wmRX? PAIR C1=0,7,2,8,1,10,4,6,5,3,9 C2=0,3,7,9,2,5,10,8,4,1,6
JCQu^`wmRL? PAIR C1=0,6,5,10,1,8,4,9,3,7 C2=0,5,3,8,10,6,4,1,7,9
JCQu^Pw]`j? PAIR C1=0,6,5,10,3,8,1,9,2,7 C2=0,3,9,6,1,7,10,8,2,5
JCQu^Pw]Td? PAIR C1=0,3,8,10,6,1,4,9,7,2,5 C2=0,6,5,3,10,2,9,1,8,4,7
JCQu^Pw]TL? PAIR C1=0,6,1,9,4,8,3,5,10,2,7 C2=0,3,9,7,1,4,6,10,8,2,5
JCQu^Pw]Pl? PAIR C1=0,6,5,10,3,9,1,8,2,7 C2=0,3,8,10,6,1,7,9,2,5
JCQu^Pw]Le? PAIR C1=0,3,8,9,4,1,6,10,7,2,5 C2=0,6,5,3,10,2,9,1,8,4,7
JCp`frUja{? PAIR C1=0,4,10,3,6,8,5,1,7,2,9 C2=0,3,7,4,9,5,2,6,10,1,8
JCp`fXytdw? PAIR C1=0,7,5,1,9,3,6,2,8,4,10 C2=0,3,8,6,9,5,10,2,7,1,4
JCp`fY]]fg? PAIR C1=0,7,5,1,9,4,8,3,6,2,10 C2=0,3,10,5,8,6,9,2,7,1,4
JCpdf`mNew? PAIR C1=0,6,2,5,8,1,10,4,9,3,7 C2=0,3,10,5,9,6,8,2,7,1,4
JCpdf`mNcy? PAIR C1=0,6,3,10,4,9,2,5,8,1,7 C2=0,3,9,6,8,2,7,10,5,1,4
JCpdf`mNay? PAIR C1=0,6,3,10,4,9,2,5,8,1,7 C2=0,3,9,6,8,2,7,10,5,1,4
JCpdfa]^@]? PAIR C1=0,6,2,10,5,8,4,9,1,7 C2=0,4,1,5,9,2,7,10,6,8
JCpdfa]Z`y? PAIR C1=0,6,3,10,4,8,5,9,1,7 C2=0,3,7,10,5,1,4,9,6,8
JCpdf_}^C]? PAIR C1=0,6,3,7,1,9,4,8,2,5,10 C2=0,3,8,6,10,7,2,9,5,1,4
JCpdf_}VdY? PAIR C1=0,7,1,9,5,2,6,3,8,4,10 C2=0,3,9,6,8,2,7,10,5,1,4
JCpdfR[Nam? PAIR C1=0,6,3,9,4,7,1,10,5,8 C2=0,3,8,4,1,5,9,6,10,7
JCpdfQ{Vam? PAIR C1=0,6,10,3,9,5,8,4,1,7 C2=0,4,7,10,5,1,9,6,3,8
JCpdfP{\_}? PAIR C1=0,6,2,5,8,4,10,3,9,1,7 C2=0,3,8,2,7,10,6,9,5,1,4
JCpdfP{Vdi? PAIR C1=0,6,2,10,3,9,4,8,5,1,7 C2=0,3,6,9,5,10,7,2,8,1,4
JCpdfP{V`m? PAIR C1=0,6,3,10,5,8,4,9,1,7 C2=0,3,8,1,5,9,6,10,7,4
JCpdfRUNbw? PAIR C1=0,6,3,9,4,10,1,5,8 C2=0,3,10,5,9,6,8,1,4
JCpdfQuVbw? PAIR C1=0,7,4,9,3,6,2,10,1,5,8 C2=0,3,10,5,9,6,8,2,7,1,4
JCpdfQuVbi? PAIR C1=0,6,3,8,5,2,10,1,9,4,7 C2=0,3,9,6,8,2,7,10,5,1,4
JCpdfQuV`y? PAIR C1=0,6,3,8,5,2,10,4,9,1,7 C2=0,3,9,6,8,2,7,10,5,1,4
JCpdfPuNew? PAIR C1=0,6,2,9,3,8,5,1,10,4,7 C2=0,3,10,5,9,6,8,2,7,1,4
JCpdfPuNei? PAIR C1=0,6,3,10,1,8,5,2,9,4,7 C2=0,3,9,6,8,2,7,10,5,1,4
JCpdfPuNcy? PAIR C1=0,6,3,10,4,9,2,5,8,1,7 C2=0,3,9,6,8,2,7,10,5,1,4
JCpdfPuNay? PAIR C1=0,6,3,10,4,9,2,5,8,1,7 C2=0,3,9,6,8,2,7,10,5,1,4
JCpdfQ]\bw? PAIR C1=0,7,4,10,1,9,3,6,2,5,8 C2=0,3,8,6,9,5,10,2,7,1,4
JCpdfQ]\bi? PAIR C1=0,3,6,2,10,1,5,8,4,7 C2=0,4,1,7,2,5,10,3,8,6
JCpdfQ]\`y? PAIR C1=0,6,3,10,4,7,1,9,5,8 C2=0,3,9,6,8,4,1,5,10,7
JCpdfQtV`{? PAIR C1=0,6,3,9,4,10,2,8,5,1,7 C2=0,3,8,7,2,5,10,6,9,1,4
JCpderkNbi? PAIR C1=0,6,3,10,2,9,4,8,5,1,7 C2=0,3,7,10,5,9,6,2,8,1,4
JCpdereNbw? PAIR C1=0,6,3,9,4,10,1,5,8 C2=0,3,10,5,9,6,8,1,4
JCpdepuNfW? PAIR C1=0,4,10,1,8,5,9,2,6,3,7 C2=0,3,9,4,7,1,5,10,2,8,6
JCpdepuNfI? PAIR C1=0,4,7,3,6,9,5,8,1,10 C2=0,6,8,3,9,4,1,5,10,7
JCpdepuNdY? PAIR C1=0,6,3,9,5,8,1,7,4,10 C2=0,3,8,6,9,4,1,5,10,7
JCpderdNbw? PAIR C1=0,6,3,7,4,9,2,10,1,5,8 C2=0,3,10,5,9,6,2,8,7,1,4
JCpderdNa{? PAIR C1=0,6,3,10,4,9,5,8,1,7 C2=0,4,1,5,10,6,9,3,7,8
JCpddpuVfI? PAIR C1=0,6,3,7,4,9,1,8,5,2,10 C2=0,3,9,6,8,2,7,10,5,1,4
JCpddpm\ew? PAIR C1=0,6,2,5,8,1,9,3,10,4,7 C2=0,3,7,2,8,6,9,5,10,1,4
JCpddpm\ei? PAIR C1=0,6,3,7,4,8,5,2,9,1,10 C2=0,3,9,6,8,2,7,10,5,1,4
JCpddpm\ay? PAIR C1=0,6,3,10,1,9,2,5,8,4,7 C2=0,3,9,6,8,2,7,10,5,1,4
JCpddrdV`{? PAIR C1=0,6,3,10,2,7,4,9,5,1,8 C2=0,3,7,8,2,5,10,6,9,1,4
JCpddrTZa{? PAIR C1=0,6,3,8,5,9,1,10,4,7 C2=0,3,7,8,1,5,10,6,9,4
JCpddrL\bs? PAIR C1=0,6,3,9,2,5,1,10,4,7,8 C2=0,3,7,2,10,6,9,5,8,1,4
JCpddrL\`{? PAIR C1=0,6,3,10,4,1,9,5,8 C2=0,3,9,6,10,5,1,8,4
JCpdbrsfb[? PAIR C1=0,6,2,5,8,1,10,4,7,3,9 C2=0,3,8,2,7,1,5,10,6,9,4
JCpdbrsf`]? PAIR C1=0,8,1,7,4,10,5,2,6,3,9 C2=0,3,8,2,7,10,6,9,5,1,4
JCpdbr[jam? PAIR C1=0,4,8,5,10,1,7,3,6,2,9 C2=0,3,8,1,4,9,5,2,7,10,6
JCpdbp{rdi? PAIR C1=0,6,2,10,3,7,1,5,8,4,9 C2=0,3,6,9,5,10,7,2,8,1,4
JCpdbp{rdM? PAIR C1=0,6,3,7,1,9,4,8,5,2,10 C2=0,3,8,2,7,10,6,9,5,1,4
JCpdbp{r`m? PAIR C1=0,3,8,2,7,10,6,9,5,1,4 C2=0,6,2,5,10,3,7,1,8,4,9
JCpdbrenA{? PAIR C1=0,8,5,2,6,3,10,1,7,4,9 C2=0,3,7,2,9,5,10,6,8,1,4
JCpdbren?}? PAIR C1=0,6,2,8,5,1,7,4,10,3,9 C2=0,3,7,2,9,5,10,6,8,1,4
JCpdbreNew? PAIR C1=0,6,3,9,2,5,8,1,7,4,10 C2=0,3,7,2,8,6,9,5,10,1,4
JCpdbreNei? PAIR C1=0,6,2,8,5,1,7,4,9,3,10 C2=0,3,7,10,5,2,9,6,8,1,4
JCpdbrUnB[? PAIR C1=0,6,3,8,5,1,10,4,9 C2=0,3,9,5,10,6,8,1,4
JCpdbrUnA]? PAIR C1=0,8,1,7,4,10,5,2,6,3,9 C2=0,3,8,6,10,7,2,9,5,1,4
JCpdbrUn@]? PAIR C1=0,8,1,7,4,10,5,2,6,3,9 C2=0,3,8,6,10,7,2,9,5,1,4
JCpdbrUjbw? PAIR C1=0,6,3,8,5,1,10,4,9 C2=0,3,10,5,9,6,8,1,4
JCpdbrUj`y? PAIR C1=0,6,3,10,4,7,1,8,5,9 C2=0,3,7,10,5,1,4,9,6,8
JCpdbrUNfW? PAIR C1=0,6,2,9,3,8,5,1,7,4,10 C2=0,3,7,2,10,5,9,6,8,1,4
JCpdbrUNfI? PAIR C1=0,6,3,8,5,9,4,7,1,10 C2=0,4,1,5,10,7,3,9,6,8
JCpdbrUNdY? PAIR C1=0,6,3,9,5,8,1,7,4,10 C2=0,3,7,10,5,1,4,9,6,8
JCpdbquvB[? PAIR C1=0,8,5,2,6,3,7,4,10,1,9 C2=0,3,9,5,10,6,8,2,7,1,4
JCpdbquvA]? PAIR C1=0,6,3,8,5,10,4,7,1,9 C2=0,4,1,5,9,3,7,10,6,8
JCpdbquv@]? PAIR C1=0,6,3,8,5,10,4,7,1,9 C2=0,4,1,5,9,3,7,10,6,8
JCpdbpujew? PAIR C1=0,6,3,10,4,7,1,8,5,2,9 C2=0,3,7,2,8,6,9,5,10,1,4
JCpdbpujei? PAIR C1=0,6,2,7,4,9,5,8,1,10 C2=0,4,1,7,10,5,2,8,6,9
JCpdbpujcy? PAIR C1=0,6,2,9,5,8,1,7,4,10 C2=0,4,1,5,10,7,2,8,6,9
JCpdbrMnAm? PAIR C1=0,6,3,9,4,7,1,10,5,8 C2=0,3,7,10,6,8,4,1,5,9
JCpdbrMlbw? PAIR C1=0,8,1,7,4,10,5,2,6,3,9 C2=0,3,7,2,10,1,5,9,6,8,4
JCpdbrMl`y? PAIR C1=0,6,3,10,4,7,1,8,5,9 C2=0,4,1,5,10,7,3,9,6,8
JCpdbrMNfg? PAIR C1=0,8,5,2,6,3,9,4,7,1,10 C2=0,3,7,2,10,5,9,6,8,1,4
JCpdbpmvDi? PAIR C1=0,6,2,10,3,7,1,5,8,4,9 C2=0,3,6,8,2,7,10,5,9,1,4
JCpdbpmvDM? PAIR C1=0,6,3,9,4,7,1,8,5,10 C2=0,3,7,10,6,8,4,1,5,9
JCpdbpmvCm? PAIR C1=0,6,3,10,5,8,4,7,1,9 C2=0,3,7,10,6,8,1,5,9,4
JCpdbpmlei? PAIR C1=0,6,3,10,1,7,4,8,5,2,9 C2=0,3,9,6,8,2,7,10,5,1,4
JCpdbpmlcy? PAIR C1=0,6,3,10,4,7,1,8,5,2,9 C2=0,3,9,6,8,2,7,10,5,1,4
JCpdbq]xbw? PAIR C1=0,6,3,10,4,8,5,1,9 C2=0,3,8,6,9,5,10,1,4
JCpdbq]\fW? PAIR C1=0,6,3,9,1,5,8,4,10 C2=0,3,8,6,9,5,10,1,4
JCpdbq]\fI? PAIR C1=0,6,2,9,1,7,4,8,5,10 C2=0,4,1,10,7,2,5,9,6,8
JCpdbq]\dY? PAIR C1=0,6,3,8,5,9,1,7,4,10 C2=0,4,1,5,10,7,3,9,6,8
JCpdbp]zDi? PAIR C1=0,6,3,10,2,7,4,8,5,1,9 C2=0,3,8,6,2,9,5,10,7,1,4
JCpdbp]ldY? PAIR C1=0,6,3,9,5,8,1,7,4,10 C2=0,3,7,10,5,1,4,8,6,9
JCpdbrdVdw? PAIR C1=0,6,3,7,4,9,1,8,5,2,10 C2=0,3,10,5,9,6,2,8,7,1,4
JCpdbrdV`{? PAIR C1=0,6,3,9,4,10,2,7,1,5,8 C2=0,3,7,8,2,5,10,6,9,1,4
JCpdbrTja{? PAIR C1=0,8,5,1,10,4,7,3,6,2,9 C2=0,3,10,6,9,5,2,7,8,1,4
JCpdbrTZdw? PAIR C1=0,6,3,8,5,2,9,1,7,4,10 C2=0,3,10,5,9,6,2,7,8,1,4
JCpdbrTZd[? PAIR C1=0,6,3,8,5,9,1,7,4,10 C2=0,3,7,8,1,5,10,6,9,4
JCpdbrTZ`{? PAIR C1=0,6,3,10,4,7,1,9,5,8 C2=0,3,7,8,1,5,10,6,9,4
JCpdbqtVd[? PAIR C1=0,6,2,10,4,7,3,9,5,8 C2=0,3,8,7,2,5,10,6,9,4
JCpdbrLl`{? PAIR C1=0,6,3,10,4,7,1,8,5,9 C2=0,4,1,5,10,6,9,3,7,8
JCpdbrL\dw? PAIR C1=0,6,2,5,8,4,7,1,9,3,10 C2=0,3,6,9,5,10,2,7,8,1,4
JCpdbrL\`{? PAIR C1=0,6,3,10,2,9,5,1,7,4,8 C2=0,3,9,6,10,5,2,7,8,1,4
JCpdbrLNfg? PAIR C1=0,6,2,9,4,7,3,10,1,5,8 C2=0,3,6,9,5,10,2,7,8,1,4
JCpdbqltbw? PAIR C1=0,6,2,7,3,10,4,8,5,1,9 C2=0,3,6,9,5,10,2,8,7,1,4
JCpdbql\a{? PAIR C1=0,6,3,7,4,10,1,9,5,8 C2=0,3,9,6,10,5,1,7,8,4
JCpdbqlVfg? PAIR C1=0,6,3,7,2,5,8,4,9,1,10 C2=0,3,10,5,9,6,2,8,7,1,4
JCpdbpltdw? PAIR C1=0,6,2,5,8,4,7,1,9,3,10 C2=0,3,6,9,5,10,2,7,8,1,4
JCpdbpltd[? PAIR C1=0,6,3,7,2,10,4,8,5,9 C2=0,3,9,6,10,5,2,8,7,4
JCpdbplt`{? PAIR C1=0,6,3,7,4,10,2,8,5,9 C2=0,3,9,6,10,5,2,7,8,4
JCpdbpllew? PAIR C1=0,9,3,6,2,7,4,8,5,10 C2=0,4,10,3,7,8,2,5,9,6
JCpdbplla{? PAIR C1=0,6,3,10,4,7,1,5,8,2,9 C2=0,3,9,6,10,5,2,7,8,1,4
JCpdbplffg? PAIR C1=0,6,3,7,2,8,4,9,5,1,10 C2=0,3,9,6,2,10,5,8,7,1,4
JCpdbplfbk? PAIR C1=0,6,3,10,2,5,8,7,1,4,9 C2=0,3,9,6,10,5,1,8,2,7,4
JCpdbq\Zfg? PAIR C1=0,6,3,10,1,9,5,2,7,4,8 C2=0,3,8,7,1,5,10,2,6,9,4
JCpdbo|xew? PAIR C1=0,6,3,10,4,7,1,5,8,2,9 C2=0,3,8,7,2,6,9,5,10,1,4
JCpdbo|xa{? PAIR C1=0,6,3,8,5,1,10,4,7,2,9 C2=0,3,7,8,2,5,10,6,9,1,4
JCpdbo|tfW? PAIR C1=0,6,3,8,5,2,10,4,7,1,9 C2=0,3,7,8,2,6,9,5,10,1,4
JCpdbpfv@{? PAIR C1=0,6,3,10,4,7,1,8,5,9 C2=0,3,7,8,6,10,5,1,9,4
JCpdbpfnA{? PAIR C1=0,6,8,2,5,1,7,4,10,3,9 C2=0,3,6,10,5,9,2,7,8,1,4
JCpdbpVzD[? PAIR C1=0,3,7,8,6,10,2,9,5,1,4 C2=0,6,3,8,1,7,2,5,10,4,9
JCpdbpVz@{? PAIR C1=0,6,2,10,3,8,5,1,7,4,9 C2=0,3,7,8,6,10,5,2,9,1,4
JCpdbovzA{? PAIR C1=0,3,10,6,8,7,2,9,5,1,4 C2=0,6,3,8,2,5,10,4,7,1,9
JCpdbpN|Dw? PAIR C1=0,6,3,10,4,7,2,5,8,1,9 C2=0,3,9,5,10,2,6,8,7,1,4
JCpdbpN|@{? PAIR C1=0,6,3,10,2,5,8,4,7,1,9 C2=0,3,9,2,7,8,6,10,5,1,4
JCpdbon|A{? PAIR C1=0,6,2,7,3,10,4,8,5,9 C2=0,3,9,2,5,10,6,8,7,4
JCpdbonvFg? PAIR C1=0,6,3,10,1,5,8,2,7,4,9 C2=0,3,9,5,10,2,6,8,7,1,4
JCpdbo^zFg? PAIR C1=0,6,3,7,4,8,5,2,10,1,9 C2=0,3,10,5,9,2,6,8,7,1,4
JCpdfJwFrs? PAIR C1=0,3,8,2,10,6,9,7,5,1,4 C2=0,6,2,5,9,3,10,4,8,1,7
JCpdfH{]_}? PAIR C1=0,6,3,9,1,5,10,4,8,2,7 C2=0,3,8,5,2,9,6,10,7,1,4
JCpdfH{Nau? PAIR C1=0,6,3,10,1,8,4,9,2,5,7 C2=0,3,8,2,7,10,6,9,5,1,4
JCpdfHyNew? PAIR C1=0,7,5,1,8,3,6,2,9,4,10 C2=0,3,10,5,9,6,8,2,7,1,4
JCpdfHyNcy? PAIR C1=0,7,5,1,8,2,6,3,9,4,10 C2=0,3,8,6,9,2,5,10,7,1,4
JCpdfI]]bw? PAIR C1=0,7,5,1,10,2,6,3,9,4,8 C2=0,3,10,5,8,6,9,2,7,1,4
JCpdfI]]`y? PAIR C1=0,6,3,10,4,9,1,7,5,8 C2=0,3,9,6,8,4,1,5,10,7
JCpdfH]^Dq? PAIR C1=0,6,3,9,4,8,1,7,5,2,10 C2=0,3,10,7,2,6,8,5,9,1,4
JCpdfH]^@u? PAIR C1=0,6,3,8,4,10,2,9,1,5,7 C2=0,3,9,5,2,7,10,6,8,1,4
JCpdfH]]dw? PAIR C1=0,7,5,1,9,4,8,3,6,2,10 C2=0,3,10,5,8,6,9,2,7,1,4
JCpdfG}Vfo? PAIR C1=0,4,10,1,7,2,5,8,3,6 C2=0,3,10,2,6,8,4,1,5,7
JCpdfGzVdw? PAIR C1=0,6,3,8,2,10,4,9,5,1,7 C2=0,3,10,5,2,7,8,6,9,1,4
JCpdejwNbU? PAIR C1=0,3,8,2,9,6,10,7,5,1,4 C2=0,6,3,9,5,2,10,4,8,1,7
JCpdejwJq{? PAIR C1=0,6,3,7,5,9,4,10,1,8 C2=0,3,8,4,1,5,10,6,9,7
JCpdei{]bU? PAIR C1=0,6,3,8,4,9,1,10,2,5,7 C2=0,3,7,10,6,9,2,8,5,1,4
JCpdei{]`]? PAIR C1=0,7,1,9,4,10,5,2,6,3,8 C2=0,3,7,10,6,9,2,8,5,1,4
JCpdeh{Zdq? PAIR C1=0,6,3,7,5,2,9,1,8,4,10 C2=0,3,8,5,9,6,2,10,7,1,4
JCpdeh{ZdU? PAIR C1=0,6,3,7,5,8,1,9,4,10 C2=0,3,8,4,1,5,9,6,10,7
JCpdeh{Z`u? PAIR C1=0,6,3,10,2,9,4,8,5,1,7 C2=0,3,7,10,6,9,5,2,8,1,4
JCpdeh{NbU? PAIR C1=0,6,3,9,2,10,4,8,5,1,7 C2=0,3,7,10,6,9,5,2,8,1,4
JCpdeiy^BU? PAIR C1=0,6,3,8,4,9,1,10,2,5,7 C2=0,3,7,10,6,8,2,9,5,1,4
JCpdeiy^@]? PAIR C1=0,7,1,9,4,10,5,2,6,3,8 C2=0,3,7,10,6,8,2,9,5,1,4
JCpdeiyZbw? PAIR C1=0,6,3,8,4,10,1,9,2,5,7 C2=0,3,7,1,5,10,2,8,6,9,4
JCpdeiyZbq? PAIR C1=0,6,3,8,4,10,1,9,2,5,7 C2=0,3,7,10,2,8,6,9,5,1,4
JCpdeiyZ`y? PAIR C1=0,7,5,9,2,6,3,10,4,8 C2=0,3,7,10,5,2,8,6,9,4
JCpdeiyZRs? PAIR C1=0,6,3,7,5,1,10,4,9,2,8 C2=0,3,8,6,10,2,5,9,7,1,4
JCpdeiyZP{? PAIR C1=0,7,1,9,5,2,6,3,10,4,8 C2=0,3,7,9,2,8,6,10,5,1,4
JCpdehy^@]? PAIR C1=0,6,2,5,10,4,9,3,8,1,7 C2=0,3,7,10,6,8,2,9,5,1,4
JCpdeim]bw? PAIR C1=0,4,9,3,10,1,7,5,8,2,6 C2=0,7,3,6,9,2,10,5,1,4,8
JCpdeim]`y? PAIR C1=0,6,3,10,4,9,1,7,5,8 C2=0,3,9,6,8,4,1,5,10,7
JCpdeg}]fW? PAIR C1=0,6,3,9,4,8,2,5,7,1,10 C2=0,4,1,5,10,2,9,6,8,3,7
JCpdeg}]fQ? PAIR C1=0,6,3,9,1,10,4,8,2,5,7 C2=0,3,7,10,2,9,6,8,5,1,4
JCpdeg}]dY? PAIR C1=0,6,3,9,1,7,5,8,4,10 C2=0,3,8,6,9,4,1,5,10,7
JCpdeg}Zfo? PAIR C1=0,7,5,2,6,3,8,4,9,1,10 C2=0,3,7,1,5,9,6,8,2,10,4
JCpdejhNbw? PAIR C1=0,6,3,9,4,8,1,10,2,5,7 C2=0,3,10,5,9,6,2,8,7,1,4
JCpdejhNa{? PAIR C1=0,6,3,10,1,8,4,9,5,7 C2=0,4,1,5,10,6,9,3,7,8
JCpdegn^Fo? PAIR C1=0,6,3,7,1,5,8,2,9,4,10 C2=0,3,10,2,6,8,7,5,9,1,4
JCpddh{Zau? PAIR C1=0,6,3,10,4,8,1,9,2,5,7 C2=0,3,8,2,7,10,6,9,5,1,4
JCpddjY^BU? PAIR C1=0,3,8,6,10,7,2,9,5,1,4 C2=0,6,3,9,1,8,4,10,2,5,7
JCpddjY^@]? PAIR C1=0,3,8,6,10,7,2,9,5,1,4 C2=0,6,2,5,10,4,8,1,9,3,7
JCpddjYZbw? PAIR C1=0,7,5,1,9,2,6,3,10,4,8 C2=0,3,7,2,10,5,9,6,8,1,4
JCpddjYZbq? PAIR C1=0,7,5,1,10,4,9,2,6,3,8 C2=0,3,7,10,2,5,9,6,8,1,4
JCpddjYZ`y? PAIR C1=0,6,3,10,4,8,1,9,5,7 C2=0,3,7,10,5,1,4,9,6,8
JCpddjYZRs? PAIR C1=0,7,5,1,10,4,9,2,6,3,8 C2=0,3,7,9,5,2,10,6,8,1,4
JCpddjYZP{? PAIR C1=0,6,3,10,4,8,1,9,5,7 C2=0,3,7,9,4,1,5,10,6,8
JCpddhy^A]? PAIR C1=0,6,3,9,4,8,1,10,5,2,7 C2=0,3,7,10,6,8,2,9,5,1,4
JCpddhyZew? PAIR C1=0,7,5,1,8,4,9,2,6,3,10 C2=0,3,7,2,8,6,9,5,10,1,4
JCpddhyVfW? PAIR C1=0,7,5,2,6,3,9,1,8,4,10 C2=0,3,7,2,8,6,9,5,10,1,4
JCpddhyVfQ? PAIR C1=0,7,5,2,6,3,8,1,9,4,10 C2=0,3,7,10,2,8,6,9,5,1,4
JCpddhmVfo? PAIR C1=0,4,9,1,8,5,7,3,6,2,10 C2=0,3,10,1,4,8,6,9,5,2,7
JCpddhmVbq? PAIR C1=0,6,3,10,4,9,1,5,8,2,7 C2=0,3,7,10,2,5,9,6,8,1,4
JCpddhjVdw? PAIR C1=0,7,5,9,4,8,2,6,3,10 C2=0,3,9,6,8,7,2,5,10,4
JCpdbjku`u? PAIR C1=0,3,9,6,10,7,2,8,5,1,4 C2=0,6,3,10,2,5,7,1,9,4,8
JCpdbj[Zdq? PAIR C1=0,6,2,7,5,9,4,1,8,3,10 C2=0,3,6,9,1,7,10,2,5,8,4
JCpdbj[ZdU? PAIR C1=0,3,7,5,8,1,9,4,10,6 C2=0,4,8,3,6,9,5,1,7,10
JCpdbj[Z`u? PAIR C1=0,6,3,10,4,9,1,7,5,8 C2=0,3,7,10,6,9,5,1,8,4
JCpdbjinA{? PAIR C1=0,6,3,10,1,7,5,2,8,4,9 C2=0,3,7,2,9,5,10,6,8,1,4
JCpdbjinAu? PAIR C1=0,8,1,7,5,2,6,3,10,4,9 C2=0,3,7,10,6,8,2,9,5,1,4
JCpdbjin?}? PAIR C1=0,6,3,10,4,8,1,5,7,2,9 C2=0,3,9,5,2,8,6,10,7,1,4
JCpdbjifbw? PAIR C1=0,6,3,10,1,7,5,2,8,4,9 C2=0,3,7,2,10,5,9,6,8,1,4
JCpdbjifbq? PAIR C1=0,8,1,7,5,2,6,3,10,4,9 C2=0,3,7,10,2,8,6,9,5,1,4
JCpdbjYnB[? PAIR C1=0,6,2,5,7,3,9,4,10,1,8 C2=0,3,8,6,10,5,9,2,7,1,4
JCpdbjYnBU? PAIR C1=0,3,8,6,10,7,2,9,5,1,4 C2=0,6,3,9,4,10,2,5,7,1,8
JCpdbjYn@]? PAIR C1=0,3,8,6,10,7,2,9,5,1,4 C2=0,6,2,5,10,4,9,3,7,1,8
JCpdbjYNfW? PAIR C1=0,8,4,9,3,6,2,5,7,1,10 C2=0,3,7,2,10,5,9,6,8,1,4
JCpdbjYNfQ? PAIR C1=0,6,2,7,5,1,10,4,9,3,8 C2=0,3,7,10,2,5,9,6,8,1,4
JCpdbjYNdY? PAIR C1=0,6,3,8,1,7,5,9,4,10 C2=0,4,1,5,10,7,3,9,6,8
JCpdbiyzAu? PAIR C1=0,6,2,5,7,1,9,4,10,3,8 C2=0,3,7,10,6,8,2,9,5,1,4
JCpdbiyvB[? PAIR C1=0,6,2,5,7,1,10,4,8,3,9 C2=0,3,7,2,8,6,10,5,9,1,4
JCpdbiyvBU? PAIR C1=0,6,2,7,5,1,10,4,9,3,8 C2=0,3,7,10,6,8,2,5,9,1,4
JCpdbiyvA]? PAIR C1=0,3,6,8,4,10,7,5,1,9 C2=0,6,10,5,9,4,1,7,3,8
JCpdbiyv@]? PAIR C1=0,6,3,7,1,5,2,8,4,9 C2=0,3,8,6,2,7,5,9,1,4
JCpdbiyrbw? PAIR C1=0,6,3,10,2,5,7,1,9,4,8 C2=0,3,7,2,8,6,9,5,10,1,4
JCpdbiyrbq? PAIR C1=0,6,2,5,7,1,9,4,10,3,8 C2=0,3,7,10,2,8,6,9,5,1,4
JCpdbiyr`y? PAIR C1=0,6,3,8,4,10,2,7,1,5,9 C2=0,3,7,10,5,2,8,6,9,1,4
JCpdbhynC]? PAIR C1=0,6,3,9,4,8,1,7,2,5,10 C2=0,3,7,10,6,8,2,9,5,1,4
JCpdbjMnBs? PAIR C1=0,6,3,10,2,5,7,1,8,4,9 C2=0,3,7,2,9,5,8,6,10,1,4
JCpdbjM^Dq? PAIR C1=0,6,2,7,5,1,8,4,9,3,10 C2=0,3,6,8,5,9,2,10,7,1,4
JCpdbjM^DU? PAIR C1=0,6,3,7,1,5,8,4,9,2,10 C2=0,3,9,5,2,7,10,6,8,1,4
JCpdbjM^@u? PAIR C1=0,3,9,2,7,10,6,8,5,1,4 C2=0,6,2,5,9,4,10,3,7,1,8
JCpdbim}Au? PAIR C1=0,6,2,7,5,1,10,3,9,4,8 C2=0,3,7,10,6,8,5,2,9,1,4
JCpdbim}?}? PAIR C1=0,6,3,9,1,7,5,10,4,8 C2=0,3,7,10,6,8,5,1,4,9
JCpdbimvBs? PAIR C1=0,8,2,5,7,1,4,10,3,9 C2=0,3,7,2,10,1,9,5,8,4
JCpdbimvBU? PAIR C1=0,4,10,1,9,3,7,5,8,6 C2=0,3,6,10,7,1,5,9,4,8
JCpdbim^EU? PAIR C1=0,6,2,8,5,7,1,9,4,10 C2=0,4,1,5,9,2,7,10,6,8
JCpdbim^Au? PAIR C1=0,3,10,4,8,5,7,1,9,2,6 C2=0,4,1,5,9,3,6,10,7,2,8
JCpdbimubw? PAIR C1=0,8,4,10,1,7,5,2,6,3,9 C2=0,3,7,2,10,5,8,6,9,1,4
JCpdbimubq? PAIR C1=0,6,2,7,5,1,10,3,9,4,8 C2=0,3,7,10,2,5,8,6,9,1,4
JCpdbimuay? PAIR C1=0,6,2,7,5,1,10,3,9,4,8 C2=0,3,7,10,5,2,8,6,9,1,4
JCpdbimu`y? PAIR C1=0,6,3,10,4,8,5,7,1,9 C2=0,3,7,10,5,1,4,9,6,8
JCpdbim]cy? PAIR C1=0,6,2,8,5,7,1,9,4,10 C2=0,4,1,5,10,7,2,9,6,8
JCpdbimVfo? PAIR C1=0,8,2,6,3,7,5,1,9,4,10 C2=0,3,10,2,7,1,4,8,5,9,6
JCpdbhmnAu? PAIR C1=0,6,3,10,1,7,2,5,8,4,9 C2=0,3,7,10,6,8,2,9,5,1,4
JCpdbhmffo? PAIR C1=0,6,2,8,5,7,1,4,10,3,9 C2=0,3,7,2,10,1,5,9,6,8,4
JCpdbhmfbq? PAIR C1=0,6,3,10,1,5,7,2,8,4,9 C2=0,3,7,10,2,5,9,6,8,1,4
JCpdbi]}BU? PAIR C1=0,6,2,7,5,1,10,4,9,3,8 C2=0,3,7,10,6,8,5,2,9,1,4
JCpdbi]}@]? PAIR C1=0,3,9,2,7,10,6,8,5,1,4 C2=0,6,2,5,10,4,9,1,7,3,8
JCpdbi]zBs? PAIR C1=0,8,3,6,2,5,7,1,10,4,9 C2=0,3,7,2,10,6,8,5,9,1,4
JCpdbi]^BU? PAIR C1=0,6,3,9,1,7,5,2,10,4,8 C2=0,3,8,6,10,7,2,9,5,1,4
JCpdbi]]fQ? PAIR C1=0,6,2,5,7,1,10,4,9,3,8 C2=0,3,7,10,2,9,6,8,5,1,4
JCpdbi]]dY? PAIR C1=0,6,3,9,1,7,5,2,10,4,8 C2=0,3,8,6,9,2,7,10,5,1,4
JCpdbh]zDq? PAIR C1=0,6,2,7,1,5,9,4,8,3,10 C2=0,3,6,8,5,7,10,2,9,1,4
JCpdbh]zDU? PAIR C1=0,3,8,6,10,7,2,9,5,1,4 C2=0,6,3,7,1,8,5,2,10,4,9
JCpdbh]mfW? PAIR C1=0,6,3,7,5,2,9,4,8,1,10 C2=0,3,9,6,8,5,10,2,7,1,4
JCpdbh]mfQ? PAIR C1=0,6,2,5,7,1,8,3,9,4,10 C2=0,3,7,10,2,9,6,8,5,1,4
JCpdbh]mdY? PAIR C1=0,9,3,6,2,5,7,1,8,4,10 C2=0,3,8,6,9,2,7,10,5,1,4
JCpdbg}rfo? PAIR C1=0,4,10,3,8,6,2,5,7,1,9 C2=0,3,7,2,10,1,4,8,5,9,6
JCpdbjhVdw? PAIR C1=0,6,2,8,4,9,1,5,7,3,10 C2=0,3,6,9,5,10,2,7,8,1,4
JCpdbjhNew? PAIR C1=0,6,3,9,4,8,2,5,7,1,10 C2=0,3,10,5,9,6,2,7,8,1,4
JCpdbjhNek? PAIR C1=0,6,3,7,8,4,9,2,5,1,10 C2=0,3,9,6,10,5,7,2,8,1,4
JCpdbjhNa{? PAIR C1=0,6,3,7,5,1,10,4,9,2,8 C2=0,3,9,6,10,5,2,7,8,1,4
JCpdbjXjbs? PAIR C1=0,6,2,9,4,10,3,7,5,1,8 C2=0,3,8,7,2,5,9,6,10,1,4
JCpdbjXZdw? PAIR C1=0,6,2,5,7,1,9,4,8,3,10 C2=0,3,6,9,5,10,2,7,8,1,4
JCpdbjXZ`{? PAIR C1=0,6,3,10,4,9,5,1,7,8 C2=0,3,7,5,10,6,9,1,8,4
JCpdbixZa{? PAIR C1=0,6,3,10,1,5,7,2,9,4,8 C2=0,3,7,8,2,5,10,6,9,1,4
JCpdbhxrdw? PAIR C1=0,6,2,5,7,1,9,4,8,3,10 C2=0,3,6,9,5,10,2,7,8,1,4
JCpdbhxr`{? PAIR C1=0,6,3,8,4,10,2,7,1,5,9 C2=0,3,7,8,2,5,10,6,9,1,4
JCpdbhxja{? PAIR C1=0,4,8,3,10,1,5,7,2,9,6 C2=0,3,6,10,5,2,8,7,1,4,9
JCpdbjL]dw? PAIR C1=0,6,2,7,5,1,9,3,10,4,8 C2=0,3,6,9,2,10,5,8,7,1,4
JCpdbjL]`{? PAIR C1=0,6,3,9,4,10,2,5,1,7,8 C2=0,3,7,2,9,6,10,5,8,1,4
JCpdbjLNfo? PAIR C1=0,6,3,10,4,9,2,5,7,1,8 C2=0,3,7,8,5,9,6,2,10,1,4
JCpdbil]ek? PAIR C1=0,6,2,5,7,8,4,9,1,10 C2=0,4,1,7,2,9,6,10,5,8
JCpdbil]a{? PAIR C1=0,6,10,3,9,4,1,5,2,7,8 C2=0,3,6,9,2,8,5,7,1,10,4
JCpdbilVfo? PAIR C1=0,6,2,5,7,1,9,3,10,4,8 C2=0,3,6,9,5,8,7,2,10,1,4
JCpdbhludw? PAIR C1=0,6,2,8,5,7,1,4,9,3,10 C2=0,3,6,9,1,5,10,2,7,8,4
JCpdbhlud[? PAIR C1=0,6,3,9,1,7,5,8,4,10 C2=0,3,7,8,1,5,10,6,9,4
JCpdbhlu`{? PAIR C1=0,6,3,10,4,8,5,7,1,9 C2=0,3,7,8,1,5,10,6,9,4
JCpdbhlmew? PAIR C1=0,6,3,7,5,1,8,2,9,4,10 C2=0,3,9,6,2,7,8,5,10,1,4
JCpdbhlma{? PAIR C1=0,6,3,10,1,7,2,5,8,4,9 C2=0,3,7,8,2,9,6,10,5,1,4
JCpdbhlffo? PAIR C1=0,6,2,5,7,1,8,4,9,3,10 C2=0,3,6,9,5,8,7,2,10,1,4
JCpdbhlfbs? PAIR C1=0,6,3,10,1,7,2,5,8,4,9 C2=0,3,7,8,2,10,6,9,5,1,4
JCpdbi\]fS? PAIR C1=0,8,3,6,2,7,5,1,9,4,10 C2=0,3,9,6,10,2,5,8,7,1,4
JCpdbi\Zfo? PAIR C1=0,6,2,5,7,1,9,4,8,3,10 C2=0,3,6,9,5,8,7,2,10,1,4
JCpdbi\Zbs? PAIR C1=0,6,3,10,1,7,5,2,9,4,8 C2=0,3,8,7,2,10,6,9,5,1,4
JCpdbh\ydw? PAIR C1=0,6,2,7,5,1,9,4,8,3,10 C2=0,3,6,9,2,10,5,8,7,1,4
JCpdbh\yd[? PAIR C1=0,6,3,7,1,8,5,2,10,4,9 C2=0,3,8,7,2,9,6,10,5,1,4
JCpdbh\y`{? PAIR C1=0,6,3,10,2,5,7,1,8,4,9 C2=0,3,8,7,2,9,6,10,5,1,4
JCpdbh\mfW? PAIR C1=0,6,3,8,1,7,5,2,9,4,10 C2=0,3,9,6,2,7,8,5,10,1,4
JCpdbg|yek? PAIR C1=0,6,3,10,1,7,5,2,8,4,9 C2=0,3,8,7,2,9,6,10,5,1,4
JCpdbg|ya{? PAIR C1=0,6,3,10,4,8,2,5,7,1,9 C2=0,3,8,7,2,9,6,10,5,1,4
JCpdbg|ufS? PAIR C1=0,6,2,7,5,1,10,4,8,3,9 C2=0,3,7,8,5,2,10,6,9,1,4
JCpdbg|rfo? PAIR C1=0,6,3,10,4,8,2,5,7,1,9 C2=0,3,7,8,5,9,6,2,10,1,4
JCpdbg|rbs? PAIR C1=0,6,3,10,4,8,2,5,7,1,9 C2=0,3,8,7,2,10,6,9,5,1,4
JCpdbjJ^@{? PAIR C1=0,6,2,7,1,5,9,3,10,4,8 C2=0,3,7,8,6,10,5,2,9,1,4
JCpdbij^A{? PAIR C1=0,6,2,5,9,1,7,3,10,4,8 C2=0,3,9,2,7,8,6,10,5,1,4
JCpdbijVfo? PAIR C1=0,3,10,2,7,8,6,9,5,1,4 C2=0,6,3,9,4,10,1,7,5,2,8
JCpdbhjv@{? PAIR C1=0,6,3,10,4,8,1,7,5,9 C2=0,3,7,8,6,10,5,1,9,4
JCpdbhjnA{? PAIR C1=0,6,3,10,1,7,5,2,8,4,9 C2=0,3,9,2,7,8,6,10,5,1,4
JCpdbiZ^B[? PAIR C1=0,6,2,5,9,4,10,1,7,3,8 C2=0,3,9,2,7,8,6,10,5,1,4
JCpdbhZzDw? PAIR C1=0,6,2,9,4,8,1,5,7,3,10 C2=0,3,6,8,7,2,10,5,9,1,4
JCpdbhZz@{? PAIR C1=0,6,3,8,4,10,2,7,1,5,9 C2=0,3,7,8,6,10,5,2,9,1,4
JCpdbgzzEk? PAIR C1=0,3,10,6,8,7,2,9,5,1,4 C2=0,6,2,5,10,1,7,3,8,4,9
JCpdbgzzA{? PAIR C1=0,3,10,6,8,7,2,9,5,1,4 C2=0,6,2,5,10,4,8,3,7,1,9
JCpdbgzvFS? PAIR C1=0,6,2,7,5,1,10,4,8,3,9 C2=0,3,7,8,6,10,2,5,9,1,4
JCpdbgzvD[? PAIR C1=0,9,5,7,1,4,8,3,6,2,10 C2=0,3,9,1,5,2,7,8,6,10,4
JCpdbiN^Bs? PAIR C1=0,6,3,10,4,9,1,7,2,5,8 C2=0,3,7,8,6,10,2,9,5,1,4
JCpdbhN}Dw? PAIR C1=0,6,3,7,1,8,5,2,10,4,9 C2=0,3,10,5,7,8,6,2,9,1,4
JCpdbhN}@{? PAIR C1=0,6,3,10,2,7,5,1,8,4,9 C2=0,3,9,2,5,10,6,8,7,1,4
JCpdbhNnBs? PAIR C1=0,6,3,10,1,7,2,5,8,4,9 C2=0,3,7,8,6,10,2,9,5,1,4
JCpdbgn}Ek? PAIR C1=0,6,3,9,4,8,2,7,5,1,10 C2=0,3,7,8,6,10,5,2,9,1,4
JCpdbgn}A{? PAIR C1=0,3,9,2,7,8,6,10,5,1,4 C2=0,6,2,5,8,4,10,3,7,1,9
JCpdbgnvBs? PAIR C1=0,6,3,7,5,8,4,10,1,9 C2=0,3,10,6,8,7,1,5,9,4
JCpdbg^}FS? PAIR C1=0,3,9,2,10,6,8,7,5,1,4 C2=0,6,2,5,8,3,7,1,10,4,9
JCpdeX{]di? PAIR C1=0,6,3,8,4,7,5,1,9,2,10 C2=0,3,9,6,2,8,5,10,7,1,4
JCpdeX{]`m? PAIR C1=0,3,8,2,9,6,10,7,5,1,4 C2=0,6,2,5,10,3,9,4,8,1,7
JCpdeX{Nfa? PAIR C1=0,6,3,9,4,7,5,2,8,1,10 C2=0,3,8,5,9,6,2,10,7,1,4
JCpdeZq^@y? PAIR C1=0,6,2,5,7,4,10,3,9,1,8 C2=0,3,6,8,2,9,5,10,7,1,4
JCpdeZqNbw? PAIR C1=0,6,3,8,1,10,4,9,2,5,7 C2=0,3,9,6,8,2,10,5,1,7,4
JCpdeZqN`y? PAIR C1=0,7,4,10,3,6,2,9,5,1,8 C2=0,3,9,6,8,2,5,10,7,1,4
JCpdeYy\bw? PAIR C1=0,6,2,5,7,1,9,3,10,4,8 C2=0,3,8,6,9,2,10,5,1,4,7
JCpdeYy\bq? PAIR C1=0,7,5,1,9,2,6,3,10,4,8 C2=0,3,8,6,9,5,2,10,7,1,4
JCpdeYy\`y? PAIR C1=0,7,5,9,2,6,3,10,4,8 C2=0,3,9,6,8,2,5,10,7,4
JCpdeYy\Rw? PAIR C1=0,4,7,5,1,10,2,9,3,6,8 C2=0,3,10,5,9,7,1,4,8,2,6
JCpdeYu]bw? PAIR C1=0,6,3,9,4,10,1,7,5,2,8 C2=0,3,8,6,9,2,10,5,1,4,7
JCpdeYu]bq? PAIR C1=0,7,5,1,9,4,10,3,6,2,8 C2=0,3,9,6,8,5,2,10,7,1,4
JCpdeYu]`y? PAIR C1=0,7,5,1,9,4,10,3,6,2,8 C2=0,3,8,6,9,2,5,10,7,1,4
JCpdeXu^Dq? PAIR C1=0,6,3,8,1,7,4,9,5,2,10 C2=0,3,10,7,5,8,6,2,9,1,4
JCpdeXu^@u? PAIR C1=0,3,9,2,8,6,10,7,5,1,4 C2=0,6,2,5,9,4,10,3,8,1,7
JCpdeYr^Bw? PAIR C1=0,6,3,9,4,7,5,1,10,2,8 C2=0,3,10,5,9,2,6,8,7,1,4
JCpdeWz^Fg? PAIR C1=0,6,3,8,4,7,5,2,9,1,10 C2=0,3,9,5,10,2,6,8,7,1,4
JCpddZwVam? PAIR C1=0,3,8,2,7,10,6,9,5,1,4 C2=0,6,2,5,10,3,9,1,8,4,7
JCpddZ[]be? PAIR C1=0,7,5,1,10,2,6,3,9,4,8 C2=0,3,8,5,2,7,10,6,9,1,4
JCpddZ[]am? PAIR C1=0,6,3,10,5,1,9,2,7,4,8 C2=0,3,9,4,1,8,5,2,6,10,7
JCpddX{\ee? PAIR C1=0,6,3,9,2,5,7,4,8,1,10 C2=0,3,8,2,7,10,6,9,5,1,4
JCpddX{\au? PAIR C1=0,6,3,10,4,8,1,9,2,5,7 C2=0,3,8,2,7,10,6,9,5,1,4
JCpddZY^Am? PAIR C1=0,3,8,6,10,7,2,9,5,1,4 C2=0,6,2,5,10,3,9,1,8,4,7
JCpddZY\bw? PAIR C1=0,6,2,9,3,8,4,10,1,5,7 C2=0,3,10,5,2,7,4,1,9,6,8
JCpddZY\bq? PAIR C1=0,7,5,1,9,3,6,2,10,4,8 C2=0,3,8,6,9,5,2,7,10,1,4
JCpddXy\ew? PAIR C1=0,6,3,8,2,9,5,7,4,10 C2=0,4,8,6,9,3,10,5,2,7
JCpddXy\ei? PAIR C1=0,4,8,1,9,2,5,7,10,3,6 C2=0,3,9,6,8,2,7,4,1,5,10
JCpddXy\ay? PAIR C1=0,6,3,10,4,8,1,9,2,5,7 C2=0,3,9,6,8,2,7,10,5,1,4
JCpddZU]bw? PAIR C1=0,4,9,3,6,2,10,1,8,5,7 C2=0,3,10,5,2,7,4,1,9,6,8
JCpddXuVfo? PAIR C1=0,6,2,10,4,1,9,3,8,5,7 C2=0,3,10,1,8,6,9,5,2,7,4
JCpdbZwt`{? PAIR C1=0,6,3,9,5,2,10,4,7,1,8 C2=0,3,8,2,7,5,10,6,9,1,4
JCpdbZwt_}? PAIR C1=0,3,8,2,7,10,6,9,5,1,4 C2=0,6,2,5,10,3,9,1,7,4,8
JCpdbZw\_}? PAIR C1=0,6,3,9,1,7,5,10,4,8 C2=0,3,8,1,5,9,6,10,7,4
JCpdbZwfbk? PAIR C1=0,6,2,10,1,8,4,7,5,9 C2=0,4,9,6,10,5,1,7,2,8
JCpdbZwfbe? PAIR C1=0,3,8,2,7,10,6,9,5,1,4 C2=0,6,2,5,7,1,10,3,9,4,8
JCpdbZwfam? PAIR C1=0,3,8,2,7,10,6,9,5,1,4 C2=0,6,2,5,10,3,9,4,7,1,8
JCpdbZwVcm? PAIR C1=0,3,8,2,7,10,6,9,5,1,4 C2=0,6,2,5,10,3,9,4,7,1,8
JCpdbZsVdU? PAIR C1=0,6,3,9,4,10,2,5,7,1,8 C2=0,3,8,2,7,10,6,9,5,1,4
JCpdbZ[mbk? PAIR C1=0,8,1,10,3,6,2,5,7,4,9 C2=0,3,8,5,10,6,9,2,7,1,4
JCpdbZ[mbe? PAIR C1=0,4,8,5,1,7,2,10,3,9,6 C2=0,8,3,6,10,1,4,7,5,2,9
JCpdbZ[mam? PAIR C1=0,6,3,10,5,7,1,8,4,9 C2=0,3,9,6,10,7,4,1,5,8
JCpdbZ[]di? PAIR C1=0,6,3,10,2,9,1,5,7,4,8 C2=0,3,9,6,2,7,10,5,8,1,4
JCpdbZ[]cm? PAIR C1=0,6,3,10,5,7,4,9,1,8 C2=0,3,9,6,10,7,1,5,8,4
JCpdbZ[\dq? PAIR C1=0,6,3,8,4,7,5,1,9,2,10 C2=0,3,10,7,2,6,9,5,8,1,4
JCpdbZ[\dU? PAIR C1=0,3,9,1,8,5,7,2,6,10,4 C2=0,8,3,6,9,2,5,1,4,7,10
JCpdbY{ubk? PAIR C1=0,6,2,10,3,8,4,7,5,1,9 C2=0,3,9,6,10,5,8,2,7,1,4
JCpdbY{ube? PAIR C1=0,3,9,6,10,7,2,8,5,1,4 C2=0,6,3,10,2,5,7,1,9,4,8
JCpdbY{uam? PAIR C1=0,6,3,10,5,7,1,9,4,8 C2=0,3,8,5,1,4,7,10,6,9
JCpdbY{u`m? PAIR C1=0,6,3,10,5,7,1,9,4,8 C2=0,3,8,5,1,4,7,10,6,9
JCpdbX{tdq? PAIR C1=0,6,3,9,1,5,7,4,8,2,10 C2=0,3,10,7,2,6,9,5,8,1,4
JCpdbX{tdU? PAIR C1=0,4,7,5,8,1,9,3,6,10 C2=0,3,8,4,10,7,1,5,9,6
JCpdbZqnA{? PAIR C1=0,6,2,8,1,5,7,4,10,3,9 C2=0,3,8,6,10,5,9,2,7,1,4
JCpdbZqn?}? PAIR C1=0,6,3,10,5,2,8,1,7,4,9 C2=0,3,8,6,10,7,2,9,5,1,4
JCpdbZq^Cy? PAIR C1=0,6,3,9,1,8,2,5,7,4,10 C2=0,3,8,6,2,9,5,10,7,1,4
JCpdbZq^?}? PAIR C1=0,6,2,5,10,3,9,4,7,1,8 C2=0,3,8,6,10,7,2,9,5,1,4
JCpdbZqfbw? PAIR C1=0,8,2,6,3,10,1,5,7,4,9 C2=0,3,8,6,9,5,10,2,7,1,4
JCpdbZqfbq? PAIR C1=0,8,2,6,3,10,1,5,7,4,9 C2=0,3,8,6,9,5,2,10,7,1,4
JCpdbZY^Di? PAIR C1=0,6,3,10,2,9,1,5,7,4,8 C2=0,3,9,5,10,7,2,6,8,1,4
JCpdbZY^@m? PAIR C1=0,3,8,6,10,7,2,9,5,1,4 C2=0,6,2,5,10,3,9,4,7,1,8
JCpdbZYlbw? PAIR C1=0,8,1,10,4,7,5,2,6,3,9 C2=0,3,8,6,9,5,10,2,7,1,4
JCpdbZYlbq? PAIR C1=0,8,4,7,5,1,10,3,6,2,9 C2=0,3,8,6,9,5,2,10,7,1,4
JCpdbZYNfg? PAIR C1=0,8,1,5,7,4,9,2,6,3,10 C2=0,3,8,6,9,5,10,2,7,1,4
JCpdbYy|A{? PAIR C1=0,6,2,9,1,5,7,4,10,3,8 C2=0,3,9,5,10,6,8,2,7,1,4
JCpdbYy|Au? PAIR C1=0,8,6,2,5,7,4,10,1,9 C2=0,4,8,2,9,5,1,7,10,6
JCpdbYy^Ei? PAIR C1=0,6,3,10,1,5,7,4,9,2,8 C2=0,3,8,6,2,7,10,5,9,1,4
JCpdbZUnBs? PAIR C1=0,6,2,9,4,7,5,1,10,3,8 C2=0,3,9,5,8,6,10,2,7,1,4
JCpdbZUmbw? PAIR C1=0,6,2,9,4,7,5,1,10,3,8 C2=0,3,9,6,8,5,10,2,7,1,4
JCpdbZUmbq? PAIR C1=0,8,3,6,2,7,5,1,10,4,9 C2=0,3,9,6,8,5,2,10,7,1,4
JCpdbZpVdw? PAIR C1=0,6,3,8,1,9,4,7,5,2,10 C2=0,3,10,5,9,6,2,8,7,1,4
JCpdbZpVd[? PAIR C1=0,6,3,8,1,7,5,9,4,10 C2=0,3,9,6,10,5,1,4,7,8
JCpdbZpNa{? PAIR C1=0,6,2,9,4,7,5,1,10,3,8 C2=0,3,9,6,10,5,2,7,8,1,4
JCpdbZX\dw? PAIR C1=0,6,3,8,4,7,5,1,9,2,10 C2=0,3,10,5,9,6,2,7,8,1,4
JCpdbZX\d[? PAIR C1=0,3,6,9,5,7,1,8,4,10 C2=0,4,7,8,3,9,1,5,10,6
JCpdbZX\`{? PAIR C1=0,6,3,10,4,7,5,9,1,8 C2=0,3,9,6,10,5,1,7,8,4
JCpdbZXNfg? PAIR C1=0,6,2,9,4,7,5,1,10,3,8 C2=0,3,6,9,5,10,2,7,8,1,4
JCpdbYx\a{? PAIR C1=0,6,3,9,1,10,4,7,5,2,8 C2=0,3,8,7,2,9,6,10,5,1,4
JCpdbYxVfg? PAIR C1=0,6,2,5,7,4,9,1,10,3,8 C2=0,3,6,9,5,10,2,8,7,1,4
JCpdbZT]dw? PAIR C1=0,6,3,8,1,5,7,4,9,2,10 C2=0,3,10,5,8,7,2,6,9,1,4
JCpdbZT]d[? PAIR C1=0,8,3,6,2,9,1,5,7,4,10 C2=0,3,9,6,10,5,2,7,8,1,4
JCpdbZT]`{? PAIR C1=0,6,2,9,1,5,7,4,10,3,8 C2=0,3,9,6,10,5,2,7,8,1,4
JCpdbZTNfo? PAIR C1=0,6,2,9,4,7,5,1,8,3,10 C2=0,3,6,9,5,8,7,2,10,1,4
JCpdbZTNfS? PAIR C1=0,6,2,9,4,7,5,8,1,10 C2=0,4,1,5,9,6,10,2,7,8
JCpdbYtVfo? PAIR C1=0,6,3,8,2,7,5,1,9,4,10 C2=0,3,10,2,6,9,5,8,7,1,4
JCpdbYtVfS? PAIR C1=0,6,2,8,5,7,1,9,4,10 C2=0,4,1,5,9,6,10,2,7,8
JCpdbYtVbs? PAIR C1=0,6,2,10,4,7,5,1,9,3,8 C2=0,3,10,6,9,5,2,8,7,1,4
JCpdbY\]fg? PAIR C1=0,6,3,9,2,10,1,5,7,4,8 C2=0,3,10,5,8,7,2,6,9,1,4
JCpdbY\\fo? PAIR C1=0,6,3,8,4,7,5,2,9,1,10 C2=0,3,10,2,6,9,5,8,7,1,4
JCpdbY\\fS? PAIR C1=0,6,2,9,1,7,5,8,4,10 C2=0,4,1,5,9,6,10,2,7,8
JCpdbY\\bs? PAIR C1=0,6,3,9,2,10,4,7,5,8 C2=0,3,10,6,9,5,2,7,8,4
JCpdbZR^Dw? PAIR C1=0,6,2,9,4,7,5,1,8,3,10 C2=0,3,6,8,7,2,10,5,9,1,4
JCpdbZR^D[? PAIR C1=0,4,7,5,9,1,8,3,6,10 C2=0,3,9,4,10,5,1,7,8,6
JCpdbZR^@{? PAIR C1=0,3,6,10,4,7,5,9,1,8 C2=0,4,9,3,10,5,1,7,8,6
JCpdbYr^Ew? PAIR C1=0,6,3,8,2,7,5,1,9,4,10 C2=0,3,10,5,9,2,6,8,7,1,4
JCpdbYr^A{? PAIR C1=0,6,2,5,9,1,7,4,10,3,8 C2=0,3,9,2,7,8,6,10,5,1,4
JCpdbYrVdw? PAIR C1=0,6,3,9,5,1,7,4,10,2,8 C2=0,3,10,5,2,7,8,6,9,1,4
JCpdczs]bU? PAIR C1=0,6,3,9,4,7,5,2,10,1,8 C2=0,3,7,10,6,9,2,8,5,1,4
JCpdczk]be? PAIR C1=0,6,3,9,4,8,1,10,2,5,7 C2=0,3,7,10,6,9,2,8,5,1,4
JCpdcxy\fW? PAIR C1=0,6,3,7,5,2,9,1,8,4,10 C2=0,3,9,6,8,2,10,5,1,4,7
JCpdcxy\fQ? PAIR C1=0,6,3,8,4,10,1,9,2,5,7 C2=0,3,7,10,2,8,6,9,5,1,4
JCpdcxy\fI? PAIR C1=0,6,2,9,5,7,4,8,1,10 C2=0,4,1,9,6,8,2,5,10,7
JCpdcze]bw? PAIR C1=0,6,3,10,4,9,1,8,2,5,7 C2=0,3,7,4,1,5,10,2,9,6,8
JCpdczd]bs? PAIR C1=0,7,5,1,10,4,9,3,6,2,8 C2=0,3,7,8,5,2,10,6,9,1,4
JCpdcxj^Fg? PAIR C1=0,6,3,9,1,8,4,7,5,2,10 C2=0,3,7,8,6,2,9,5,10,1,4
JCpdcxf^Fo? PAIR C1=0,6,3,7,4,9,2,5,8,1,10 C2=0,3,10,2,6,8,7,5,9,1,4
JCpdcxf^Bs? PAIR C1=0,6,2,8,5,1,9,4,10,3,7 C2=0,3,6,10,2,9,5,7,8,1,4
JCpdfD]n@y? PAIR C1=0,6,3,10,4,9,5,8,1,7 C2=0,4,1,5,10,7,6,8,3,9
JCpdfC}^Cy? PAIR C1=0,6,3,8,5,2,7,1,9,4,10 C2=0,3,9,2,8,6,7,10,5,1,4
JCpdfC}^Ay? PAIR C1=0,6,3,10,1,9,4,8,5,2,7 C2=0,3,9,2,8,6,7,10,5,1,4
JCpdeVs^@{? PAIR C1=0,6,3,10,2,5,8,1,9,4,7 C2=0,3,8,2,9,5,10,6,7,1,4
JCpdeVs^@y? PAIR C1=0,6,3,10,2,9,4,7,1,5,8 C2=0,3,9,5,10,7,6,2,8,1,4
JCpdeU{^Bi? PAIR C1=0,6,3,9,4,7,1,10,2,5,8 C2=0,3,8,2,6,7,10,5,9,1,4
JCpdeU{\Rs? PAIR C1=0,6,2,5,8,4,10,3,9,1,7 C2=0,3,8,2,10,6,7,9,5,1,4
JCpdeT{^Dk? PAIR C1=0,7,4,9,1,8,5,2,6,3,10 C2=0,3,8,2,9,5,10,6,7,1,4
JCpdeT{^Di? PAIR C1=0,6,3,10,2,5,8,4,9,1,7 C2=0,3,9,5,10,7,6,2,8,1,4
JCpdeT{^@m? PAIR C1=0,3,10,5,9,4,1,8,2,6,7 C2=0,4,8,3,9,2,5,1,7,10,6
JCpdeUt^Bs? PAIR C1=0,7,4,10,1,9,3,6,2,5,8 C2=0,3,8,7,6,10,2,9,5,1,4
JCpddV[^Bi? PAIR C1=0,6,3,8,5,2,10,1,9,4,7 C2=0,3,9,2,6,7,10,5,1,4,8
JCpddV[^Am? PAIR C1=0,4,9,1,10,5,8,3,6,7 C2=0,3,9,5,1,8,4,7,10,6
JCpddV[\P{? PAIR C1=0,6,3,8,5,9,1,4,10,2,7 C2=0,3,10,6,7,9,2,5,1,8,4
JCpbfbkN_}? PAIR C1=0,7,2,6,3,9,4,10,5,8 C2=0,3,7,10,6,9,5,2,8,4
JCpbfa{f`]? PAIR C1=0,7,1,6,2,10,5,8,4,9 C2=0,4,1,5,9,6,10,7,2,8
JCpbf`{jc]? PAIR C1=0,9,4,8,1,7,3,6,2,5,10 C2=0,3,8,2,7,10,6,9,5,1,4
JCpbf`{j_}? PAIR C1=0,7,1,8,5,2,6,3,10,4,9 C2=0,3,8,2,7,10,6,9,5,1,4
JCpbfamNew? PAIR C1=0,7,3,6,2,9,4,8,5,1,10 C2=0,3,10,5,9,6,8,2,7,1,4
JCpbfamNcy? PAIR C1=0,7,1,6,3,10,4,9,2,5,8 C2=0,3,9,6,8,2,7,10,5,1,4
JCpbfamNay? PAIR C1=0,7,1,6,3,10,4,9,2,5,8 C2=0,3,9,6,8,2,7,10,5,1,4
JCpbf`mfdw? PAIR C1=0,7,3,9,4,8,5,1,6,2,10 C2=0,3,10,5,9,6,8,2,7,1,4
JCpbf`mf`y? PAIR C1=0,7,1,8,5,2,6,3,10,4,9 C2=0,3,9,6,8,2,7,10,5,1,4
JCpbf`mfP{? PAIR C1=0,7,1,8,5,2,6,3,10,4,9 C2=0,3,9,7,2,8,6,10,5,1,4
JCpbf`]jdw? PAIR C1=0,7,1,5,8,4,9,2,6,3,10 C2=0,3,7,2,10,5,9,6,8,1,4
JCpbf`]j`y? PAIR C1=0,7,1,6,3,10,4,8,5,9 C2=0,3,7,10,5,1,8,6,9,4
JCpbf_}nC]? PAIR C1=0,7,1,6,3,9,4,8,2,5,10 C2=0,3,8,6,10,7,2,9,5,1,4
JCpbf_nnA{? PAIR C1=0,7,3,10,1,6,2,5,8,4,9 C2=0,3,9,2,7,8,6,10,5,1,4
JCpbfP{dt[? PAIR C1=0,7,1,6,3,9,5,8,4,10 C2=0,3,8,1,5,10,6,9,7,4
JCpbfRUNdw? PAIR C1=0,8,5,1,6,3,9,4,10 C2=0,3,10,5,9,6,8,1,4
JCpbfRUN`y? PAIR C1=0,7,1,6,3,10,4,9,5,8 C2=0,3,9,6,8,1,5,10,7,4
JCpbfQuNew? PAIR C1=0,7,4,10,1,6,3,9,2,5,8 C2=0,3,10,5,9,6,8,2,7,1,4
JCpbfQuNei? PAIR C1=0,7,4,9,2,5,8,3,6,1,10 C2=0,3,9,6,8,2,7,10,5,1,4
JCpbfQuNcy? PAIR C1=0,7,1,6,3,8,5,2,9,4,10 C2=0,3,9,6,8,2,7,10,5,1,4
JCpbfQuNay? PAIR C1=0,7,1,6,3,10,4,9,2,5,8 C2=0,3,9,6,8,2,7,10,5,1,4
JCpbfPunCm? PAIR C1=0,7,4,9,2,8,3,6,1,5,10 C2=0,3,9,5,2,7,10,6,8,1,4
JCpbfPun?}? PAIR C1=0,7,4,10,5,1,6,3,8,2,9 C2=0,3,9,5,2,7,10,6,8,1,4
JCpbfPufdw? PAIR C1=0,7,4,9,3,6,1,8,5,2,10 C2=0,3,10,5,9,6,8,2,7,1,4
JCpbfPufdi? PAIR C1=0,9,4,7,1,8,5,2,6,3,10 C2=0,3,9,6,8,2,7,10,5,1,4
JCpbfPuf`y? PAIR C1=0,7,1,8,5,2,6,3,10,4,9 C2=0,3,9,6,8,2,7,10,5,1,4
JCpbfQ]nAm? PAIR C1=0,8,5,10,3,6,1,7,4,9 C2=0,3,9,5,1,4,8,6,10,7
JCpbfQ]lbw? PAIR C1=0,7,4,10,1,6,3,9,2,5,8 C2=0,3,8,6,9,5,10,2,7,1,4
JCpbfQ]lbi? PAIR C1=0,7,4,8,5,1,6,2,10,3,9 C2=0,3,8,6,9,2,5,10,7,1,4
JCpbfQ]l`y? PAIR C1=0,8,4,7,10,3,6,1,5,9 C2=0,3,9,6,8,5,10,4,1,7
JCpbfP]nCm? PAIR C1=0,9,4,7,1,6,3,8,5,10 C2=0,3,9,5,1,4,8,6,10,7
JCpbfP]ldw? PAIR C1=0,9,3,6,1,5,8,4,10 C2=0,3,10,5,9,6,8,1,4
JCpbfP]ldi? PAIR C1=0,9,2,5,8,4,7,1,6,3,10 C2=0,3,9,5,10,7,2,6,8,1,4
JCpbfP]l`y? PAIR C1=0,7,1,6,3,10,4,8,5,9 C2=0,3,9,6,8,1,5,10,7,4
JCpbfPtfd[? PAIR C1=0,9,4,7,1,5,8,3,6,2,10 C2=0,3,9,6,10,5,2,7,8,1,4
JCpbfPVn@{? PAIR C1=0,7,1,6,3,8,5,2,10,4,9 C2=0,3,9,2,7,8,6,10,5,1,4
JCpbfOvnEk? PAIR C1=0,9,4,7,2,8,5,1,6,3,10 C2=0,3,9,2,5,10,6,8,7,1,4
JCpbfOvnA{? PAIR C1=0,7,2,8,5,1,6,3,10,4,9 C2=0,3,9,2,5,10,6,8,7,1,4
JCpbfO^|D[? PAIR C1=0,7,1,9,5,2,6,3,8,4,10 C2=0,3,9,2,7,8,6,10,5,1,4
JCpbereNdw? PAIR C1=0,8,5,1,6,3,9,4,10 C2=0,3,10,5,9,6,8,1,4
JCpbereN`y? PAIR C1=0,7,1,6,3,10,4,9,5,8 C2=0,3,9,6,8,1,5,10,7,4
JCpbequn@]? PAIR C1=0,3,7,10,6,8,2,9,5,1,4 C2=0,7,1,6,2,5,10,4,9,3,8
JCpbequjbw? PAIR C1=0,8,5,1,6,3,10,4,9 C2=0,3,8,6,9,5,10,1,4
JCpbequj`y? PAIR C1=0,7,1,6,3,10,4,9,5,8 C2=0,4,1,5,10,7,3,8,6,9
JCpbepun@]? PAIR C1=0,3,7,10,6,8,2,9,5,1,4 C2=0,7,1,6,3,8,5,2,10,4,9
JCpbepujdw? PAIR C1=0,7,3,6,8,5,1,4,10,2,9 C2=0,4,7,1,6,9,5,2,8,3,10
JCpbepujdi? PAIR C1=0,7,4,9,5,8,1,6,3,10 C2=0,4,1,5,10,7,3,8,6,9
JCpbepuj`y? PAIR C1=0,7,4,10,2,6,3,8,5,9 C2=0,3,7,10,5,2,8,6,9,4
JCpbepmn@m? PAIR C1=0,3,7,10,6,8,2,9,5,1,4 C2=0,7,1,6,3,10,2,5,8,4,9
JCpbepmldw? PAIR C1=0,9,3,6,1,5,8,4,10 C2=0,3,10,5,9,6,8,1,4
JCpbepmldY? PAIR C1=0,9,5,8,4,1,6,3,7,10 C2=0,3,9,6,8,1,5,10,4,7
JCpbepml`y? PAIR C1=0,7,1,6,3,10,4,8,5,9 C2=0,3,9,6,8,1,5,10,7,4
JCpbepmlP{? PAIR C1=0,7,4,10,3,6,1,8,5,9 C2=0,3,9,7,1,5,10,6,8,4
JCpbeo}lfW? PAIR C1=0,9,3,6,1,5,8,4,10 C2=0,3,8,6,9,5,10,1,4
JCpbeo}lfI? PAIR C1=0,7,4,8,5,9,3,6,1,10 C2=0,4,1,5,10,7,3,8,6,9
JCpbeo}ldY? PAIR C1=0,9,5,8,3,6,1,7,4,10 C2=0,3,9,6,8,4,1,5,10,7
JCpbeqfn@{? PAIR C1=0,7,1,6,3,10,4,9,5,8 C2=0,4,1,5,10,6,8,7,3,9
JCpbepfn@{? PAIR C1=0,7,4,10,3,6,2,8,1,5,9 C2=0,3,9,2,5,10,6,8,7,1,4
JCpbeovnD[? PAIR C1=0,3,7,8,6,10,2,9,5,1,4 C2=0,7,1,6,3,8,2,5,10,4,9
JCpbdrsVd[? PAIR C1=0,8,3,6,1,5,9,4,10 C2=0,3,9,6,10,5,8,1,4
JCpbdrkt`{? PAIR C1=0,8,4,10,3,6,1,5,9 C2=0,3,9,6,10,5,8,1,4
JCpbdrkfbi? PAIR C1=0,8,5,1,6,2,10,3,7,4,9 C2=0,3,6,9,5,10,7,2,8,1,4
JCpbdr[x`{? PAIR C1=0,4,10,3,6,1,9,5,8 C2=0,3,8,4,1,5,10,6,9
JCpbdr[la]? PAIR C1=0,7,4,8,5,10,1,6,3,9 C2=0,4,1,5,9,6,10,7,3,8
JCpbdr[l`]? PAIR C1=0,7,4,10,5,8,1,6,3,9 C2=0,4,1,5,9,6,10,7,3,8
JCpbdr[jam? PAIR C1=0,7,3,6,1,10,5,8,4,9 C2=0,3,8,1,5,9,6,10,7,4
JCpbdr[Zcm? PAIR C1=0,4,7,2,9,6,3,10,5,8 C2=0,3,8,4,9,5,2,6,10,7
JCpbdr[Z`m? PAIR C1=0,7,4,9,1,6,3,10,5,8 C2=0,3,7,10,6,9,5,1,8,4
JCpbdr[NeM? PAIR C1=0,7,4,9,3,6,1,8,5,10 C2=0,4,1,5,9,6,10,7,3,8
JCpbdq{ta]? PAIR C1=0,8,5,10,4,7,2,6,3,9 C2=0,3,7,10,6,9,5,2,8,4
JCpbdq{t`]? PAIR C1=0,7,2,10,4,8,5,1,6,3,9 C2=0,4,1,9,5,2,6,10,7,3,8
JCpbdq{VdM? PAIR C1=0,7,2,6,3,9,4,8,5,10 C2=0,3,8,2,5,9,6,10,7,4
JCpbdre^?}? PAIR C1=0,7,4,10,3,9,1,6,2,5,8 C2=0,3,7,2,9,5,10,6,8,1,4
JCpbdreVdw? PAIR C1=0,7,4,9,1,5,8,2,6,3,10 C2=0,3,7,2,10,5,9,6,8,1,4
JCpbdreV`y? PAIR C1=0,7,2,10,4,9,3,6,1,5,8 C2=0,3,7,10,5,2,8,6,9,1,4
JCpbdrUjbw? PAIR C1=0,8,5,1,6,3,10,4,9 C2=0,3,8,6,9,5,10,1,4
JCpbdrUZdw? PAIR C1=0,7,4,9,1,6,2,5,8,3,10 C2=0,3,7,2,10,5,9,6,8,1,4
JCpbdrUZdY? PAIR C1=0,8,5,9,1,6,3,7,4,10 C2=0,3,8,6,9,4,1,5,10,7
JCpbdrUZ`y? PAIR C1=0,7,4,10,3,6,1,9,5,8 C2=0,3,7,10,5,1,8,6,9,4
JCpbdrUNfI? PAIR C1=0,7,4,9,5,8,3,6,1,10 C2=0,4,1,5,10,7,3,9,6,8
JCpbdqurbw? PAIR C1=0,7,4,10,3,8,5,2,6,1,9 C2=0,3,7,2,8,6,9,5,10,1,4
JCpbdqur`y? PAIR C1=0,7,2,10,4,9,5,1,6,3,8 C2=0,3,7,10,5,2,8,6,9,1,4
JCpbdquZew? PAIR C1=0,7,4,9,2,6,1,5,8,3,10 C2=0,3,7,2,8,6,9,5,10,1,4
JCpbdquZei? PAIR C1=0,7,4,9,1,10,3,6,2,5,8 C2=0,3,8,6,9,2,7,10,5,1,4
JCpbdquZay? PAIR C1=0,7,4,10,3,6,2,9,5,8 C2=0,3,7,10,5,2,8,6,9,4
JCpbdquVfI? PAIR C1=0,7,4,9,5,8,3,6,1,10 C2=0,4,1,5,10,7,3,9,6,8
JCpbdquVdY? PAIR C1=0,7,3,6,2,10,4,9,5,8 C2=0,3,9,6,8,2,5,10,7,4
JCpbdpuzC{? PAIR C1=0,7,4,10,3,8,5,2,6,1,9 C2=0,3,7,2,9,5,10,6,8,1,4
JCpbdpuz?}? PAIR C1=0,7,3,6,1,8,2,5,10,4,9 C2=0,3,8,6,10,7,2,9,5,1,4
JCpbdpuvC]? PAIR C1=0,9,4,7,3,6,1,8,5,10 C2=0,4,1,5,9,3,8,6,10,7
JCpbdrM|@{? PAIR C1=0,7,4,8,5,2,10,3,6,1,9 C2=0,3,7,2,9,5,10,6,8,1,4
JCpbdrMnAm? PAIR C1=0,3,9,2,7,10,6,8,5,1,4 C2=0,7,3,10,1,6,2,5,9,4,8
JCpbdrMn@m? PAIR C1=0,3,9,2,7,10,6,8,5,1,4 C2=0,7,4,9,5,2,10,3,6,1,8
JCpbdrM\dw? PAIR C1=0,7,4,8,5,2,6,1,9,3,10 C2=0,3,7,2,10,5,9,6,8,1,4
JCpbdrM\`y? PAIR C1=0,7,4,10,2,6,3,9,1,5,8 C2=0,3,7,10,5,2,9,6,8,1,4
JCpbdqm\ew? PAIR C1=0,7,4,8,5,1,6,2,9,3,10 C2=0,3,7,2,8,6,9,5,10,1,4
JCpbdqm\ei? PAIR C1=0,8,5,9,2,7,4,1,6,3,10 C2=0,3,7,10,5,1,9,6,2,8,4
JCpbdqm\ay? PAIR C1=0,7,3,10,4,1,6,9,2,5,8 C2=0,3,9,1,5,10,7,2,6,8,4
JCpbdpm|C{? PAIR C1=0,7,4,10,3,6,1,8,5,2,9 C2=0,3,7,2,8,6,10,5,9,1,4
JCpbdpm|?}? PAIR C1=0,7,4,10,3,6,2,8,5,1,9 C2=0,3,9,5,2,7,10,6,8,1,4
JCpbdpmfbi? PAIR C1=0,7,3,6,1,10,2,5,8,4,9 C2=0,3,9,6,8,2,7,10,5,1,4
JCpbdq]xbw? PAIR C1=0,7,4,10,1,6,3,8,5,2,9 C2=0,3,7,2,10,5,1,9,6,8,4
JCpbdp]zDk? PAIR C1=0,9,4,8,5,1,6,3,10 C2=0,3,8,6,10,5,9,1,4
JCpbdo}xei? PAIR C1=0,7,4,8,5,2,6,3,10,1,9 C2=0,3,8,6,9,2,7,10,5,1,4
JCpbdo}xay? PAIR C1=0,7,2,6,3,10,4,8,5,9 C2=0,3,8,6,9,2,5,10,7,4
JCpbdrdfbw? PAIR C1=0,8,5,2,6,1,10,3,7,4,9 C2=0,3,6,9,5,10,2,7,8,1,4
JCpbdrTja{? PAIR C1=0,7,4,10,1,6,3,8,5,9 C2=0,3,7,8,1,5,10,6,9,4
JCpbdrTj`{? PAIR C1=0,7,4,10,3,6,2,9,5,8 C2=0,3,8,7,2,5,10,6,9,4
JCpbdqtr`{? PAIR C1=0,7,2,10,4,9,5,1,6,3,8 C2=0,3,7,8,2,5,10,6,9,1,4
JCpbdqtZc{? PAIR C1=0,8,5,9,2,6,3,7,4,10 C2=0,3,8,7,2,5,10,6,9,4
JCpbdqtZa{? PAIR C1=0,7,4,10,3,6,2,9,5,8 C2=0,3,8,7,2,5,10,6,9,4
JCpbdqtVd[? PAIR C1=0,7,3,6,2,10,4,9,5,8 C2=0,3,9,6,10,5,2,8,7,4
JCpbdrLlbw? PAIR C1=0,7,4,8,5,2,10,1,6,3,9 C2=0,3,10,5,9,6,2,7,8,1,4
JCpbdrLl`{? PAIR C1=0,7,4,10,3,6,1,8,5,9 C2=0,4,1,5,10,6,9,3,7,8
JCpbdrLNfg? PAIR C1=0,8,5,2,9,4,7,3,6,1,10 C2=0,3,10,5,9,6,2,7,8,1,4
JCpbdqltbw? PAIR C1=0,7,4,8,5,2,6,3,10,1,9 C2=0,3,7,8,2,10,5,9,6,1,4
JCpbdqlt`{? PAIR C1=0,7,2,6,3,10,4,8,5,9 C2=0,3,9,6,10,5,2,8,7,4
JCpbdql\c{? PAIR C1=0,7,4,10,3,6,2,9,5,8 C2=0,3,9,6,10,5,2,7,8,4
JCpbdql\a{? PAIR C1=0,7,4,10,3,6,2,9,5,8 C2=0,3,9,6,10,5,2,7,8,4
JCpbdqlVfg? PAIR C1=0,8,5,1,9,4,7,2,6,3,10 C2=0,3,7,8,2,10,5,9,6,1,4
JCpbdpltd[? PAIR C1=0,9,5,8,1,6,2,7,4,10 C2=0,4,1,9,6,10,5,2,8,7
JCpbdpllc{? PAIR C1=0,9,2,8,5,1,6,3,7,4,10 C2=0,3,9,6,10,5,2,7,8,1,4
JCpbdplla{? PAIR C1=0,7,4,10,3,6,1,5,8,2,9 C2=0,3,9,6,10,5,2,7,8,1,4
JCpbdplffg? PAIR C1=0,7,4,8,5,2,6,1,10,3,9 C2=0,3,6,9,5,10,2,7,8,1,4
JCpbdq\xbw? PAIR C1=0,7,4,8,5,1,10,3,6,2,9 C2=0,3,8,7,2,10,5,9,6,1,4
JCpbdq\\d[? PAIR C1=0,8,5,9,1,6,3,7,4,10 C2=0,3,9,6,10,5,1,4,8,7
JCpbdp\ld[? PAIR C1=0,9,5,8,1,6,3,7,4,10 C2=0,3,9,6,10,5,1,4,8,7
JCpbdp\jek? PAIR C1=0,9,5,2,6,1,8,4,7,3,10 C2=0,3,8,7,2,9,6,10,5,1,4
JCpbdo|xc{? PAIR C1=0,3,10,4,8,5,9,6,2,7 C2=0,4,7,8,3,6,10,5,2,9
JCpbdo|td[? PAIR C1=0,7,3,6,2,10,4,8,5,9 C2=0,3,9,6,10,5,2,8,7,4
JCpbdrFn@{? PAIR C1=0,7,4,10,2,6,3,9,5,8 C2=0,3,7,8,6,10,5,2,9,4
JCpbdqfv@{? PAIR C1=0,7,4,10,3,6,1,9,5,8 C2=0,4,1,5,10,6,8,7,3,9
JCpbdqf^C{? PAIR C1=0,8,5,2,6,1,9,4,7,3,10 C2=0,3,9,2,7,8,6,10,5,1,4
JCpbdqf^A{? PAIR C1=0,7,3,10,4,9,1,6,2,5,8 C2=0,3,9,2,7,8,6,10,5,1,4
JCpbdpfnC{? PAIR C1=0,9,5,8,1,6,3,7,4,10 C2=0,3,9,4,1,5,10,6,8,7
JCpbdpfnA{? PAIR C1=0,7,4,10,3,6,2,8,5,9 C2=0,3,7,8,6,10,5,2,9,4
JCpbdpffbw? PAIR C1=0,7,3,6,2,5,8,1,10,4,9 C2=0,3,9,6,8,7,2,10,5,1,4
JCpbdqVz@{? PAIR C1=0,7,4,10,2,6,1,9,5,8 C2=0,4,1,5,10,6,8,7,2,9
JCpbdqV^D[? PAIR C1=0,7,4,10,2,5,9,1,6,3,8 C2=0,3,9,2,7,8,6,10,5,1,4
JCpbdpVnD[? PAIR C1=0,9,5,8,3,6,2,7,4,10 C2=0,3,7,8,6,10,5,2,9,4
JCpbdovzC{? PAIR C1=0,3,10,6,8,7,2,9,5,1,4 C2=0,7,4,10,5,2,8,3,6,1,9
JCpbdovzA{? PAIR C1=0,3,10,6,8,7,2,9,5,1,4 C2=0,7,4,10,5,2,8,3,6,1,9
JCpbdovvD[? PAIR C1=0,7,4,9,3,8,5,1,6,2,10 C2=0,3,7,2,8,6,10,5,9,1,4
JCpbdontfg? PAIR C1=0,9,1,6,2,5,8,4,7,3,10 C2=0,3,9,6,8,7,2,10,5,1,4
JCpbbrkfdM? PAIR C1=0,9,4,7,2,6,1,8,5,10 C2=0,4,1,7,10,6,9,5,2,8
JCpbbq{lc]? PAIR C1=0,8,4,10,5,2,6,1,7,3,9 C2=0,3,8,2,7,10,6,9,5,1,4
JCpbbrUjdw? PAIR C1=0,9,2,6,3,8,5,1,7,4,10 C2=0,3,7,2,10,5,9,6,8,1,4
JCpbbrMldw? PAIR C1=0,9,3,6,1,5,8,4,10 C2=0,3,10,5,9,6,8,1,4
JCpbbqmlew? PAIR C1=0,8,5,1,6,2,9,3,7,4,10 C2=0,3,10,5,9,6,8,2,7,1,4
JCpbbqmlei? PAIR C1=0,9,2,5,8,4,7,1,6,3,10 C2=0,3,9,6,8,2,7,10,5,1,4
JCpbbqmlcy? PAIR C1=0,9,2,5,8,4,7,1,6,3,10 C2=0,3,9,6,8,2,7,10,5,1,4
JCpbbq]lfW? PAIR C1=0,9,3,6,1,5,8,4,10 C2=0,3,8,6,9,5,10,1,4
JCpbbq]lfI? PAIR C1=0,9,3,7,4,8,5,1,6,2,10 C2=0,3,8,6,9,2,5,10,7,1,4
JCpbbq]ldY? PAIR C1=0,8,5,9,3,6,1,7,4,10 C2=0,4,1,5,10,7,3,8,6,9
JCpbfJ[N`u? PAIR C1=0,3,10,4,9,2,6,1,8,5,7 C2=0,4,1,5,2,7,10,6,9,3,8
JCpbfH{f`u? PAIR C1=0,7,5,2,10,4,8,1,6,3,9 C2=0,3,8,2,7,10,6,9,5,1,4
JCpbfJYNdw? PAIR C1=0,7,5,2,9,3,6,1,8,4,10 C2=0,3,8,6,9,5,10,2,7,1,4
JCpbfJYN`y? PAIR C1=0,7,2,6,3,10,4,9,5,1,8 C2=0,3,8,6,9,2,5,10,7,1,4
JCpbfIyNew? PAIR C1=0,7,5,2,9,4,8,3,6,1,10 C2=0,3,10,5,9,6,8,2,7,1,4
JCpbfIyNay? PAIR C1=0,7,5,1,10,4,9,3,6,2,8 C2=0,3,8,6,9,2,5,10,7,1,4
JCpbfHyfdw? PAIR C1=0,7,5,1,8,4,9,3,6,2,10 C2=0,3,10,5,9,6,8,2,7,1,4
JCpbfHyf`y? PAIR C1=0,7,1,6,3,8,4,10,2,5,9 C2=0,3,9,6,8,2,7,10,5,1,4
JCpbfH]n@u? PAIR C1=0,7,5,1,6,3,8,4,10,2,9 C2=0,3,9,5,2,7,10,6,8,1,4
JCpbfH]mdw? PAIR C1=0,7,5,1,8,4,9,3,6,2,10 C2=0,3,10,5,8,6,9,2,7,1,4
JCpbfH]m`y? PAIR C1=0,7,1,6,2,5,8,4,10,3,9 C2=0,3,8,6,9,2,7,10,5,1,4
JCpbfG}nAu? PAIR C1=0,7,5,8,3,6,1,10,4,9 C2=0,3,9,5,1,7,10,6,8,4
JCpbfG}ffo? PAIR C1=0,7,5,2,8,3,6,1,10,4,9 C2=0,3,10,2,7,1,5,9,6,8,4
JCpbei{mbU? PAIR C1=0,7,5,2,6,1,10,4,9,3,8 C2=0,3,7,10,6,9,2,8,5,1,4
JCpbei{m`]? PAIR C1=0,7,5,10,4,9,3,6,2,8 C2=0,3,7,10,6,9,2,5,8,4
JCpbeiyjbw? PAIR C1=0,8,2,5,7,1,6,3,10,4,9 C2=0,4,1,5,10,2,9,6,8,3,7
JCpbeiyj`y? PAIR C1=0,8,4,10,3,6,1,7,5,9 C2=0,3,8,6,9,4,1,5,10,7
JCpbeimNfo? PAIR C1=0,7,5,8,4,9,3,6,1,10 C2=0,4,10,3,7,1,5,9,6,8
JCpbehmnDU? PAIR C1=0,7,5,8,1,6,3,9,4,10 C2=0,3,7,10,6,8,4,1,5,9
JCpbehmn@u? PAIR C1=0,7,5,8,1,6,3,10,4,9 C2=0,3,9,5,1,7,10,6,8,4
JCpbehmmdw? PAIR C1=0,7,5,2,8,1,6,3,10,4,9 C2=0,3,7,1,5,10,2,9,6,8,4
JCpbehmm`y? PAIR C1=0,7,1,5,8,4,10,2,6,3,9 C2=0,3,7,10,5,2,9,6,8,1,4
JCpbeg}mfW? PAIR C1=0,9,3,6,1,7,5,2,8,4,10 C2=0,4,1,5,10,2,9,6,8,3,7
JCpbeg}mfQ? PAIR C1=0,7,5,2,8,4,10,1,6,3,9 C2=0,3,7,10,2,9,6,8,5,1,4
JCpbeg}mdY? PAIR C1=0,9,3,6,1,7,5,8,4,10 C2=0,3,8,6,9,4,1,5,10,7
JCpbeijnBw? PAIR C1=0,7,5,1,6,3,10,2,8,4,9 C2=0,3,7,8,6,2,9,5,10,1,4
JCpbeijnBs? PAIR C1=0,8,4,10,1,7,5,2,6,3,9 C2=0,3,7,8,6,10,2,9,5,1,4
JCpbehjn@{? PAIR C1=0,7,5,10,3,6,2,8,1,4,9 C2=0,3,9,2,5,1,7,8,6,10,4
JCpbegznFS? PAIR C1=0,7,5,2,8,4,10,1,6,3,9 C2=0,3,7,8,6,10,2,9,5,1,4
JCpbegznD[? PAIR C1=0,9,5,7,1,6,3,8,4,10 C2=0,3,9,4,1,5,10,6,8,7
JCpbegnnBs? PAIR C1=0,7,1,6,2,5,8,4,10,3,9 C2=0,3,7,8,6,10,2,9,5,1,4
JCpbdjwfbU? PAIR C1=0,3,8,2,7,10,6,9,5,1,4 C2=0,7,5,2,10,4,9,3,6,1,8
JCpbdjwfa]? PAIR C1=0,3,8,2,7,10,6,9,5,1,4 C2=0,7,3,9,4,10,5,2,6,1,8
JCpbdjku_}? PAIR C1=0,3,9,6,10,7,2,8,5,1,4 C2=0,7,3,10,5,2,6,1,9,4,8
JCpbdjkVdU? PAIR C1=0,7,5,8,4,9,1,6,2,10 C2=0,4,1,5,9,6,10,7,2,8
JCpbdjkV`u? PAIR C1=0,3,9,6,10,7,2,8,5,1,4 C2=0,7,3,10,4,9,5,2,6,1,8
JCpbdjkNeU? PAIR C1=0,7,5,8,1,6,2,9,4,10 C2=0,4,1,5,9,6,10,7,2,8
JCpbdjkNau? PAIR C1=0,7,2,6,3,9,4,10,1,5,8 C2=0,3,7,10,6,9,5,2,8,1,4
JCpbdj[mbU? PAIR C1=0,7,5,1,6,2,10,4,9,3,8 C2=0,3,7,10,6,9,2,5,8,1,4
JCpbdj[ma]? PAIR C1=0,8,1,6,3,7,5,10,4,9 C2=0,4,1,5,8,3,9,6,10,7
JCpbdj[m`]? PAIR C1=0,8,1,6,3,7,5,10,4,9 C2=0,4,1,5,8,3,9,6,10,7
JCpbdj[ZdU? PAIR C1=0,8,5,7,3,6,1,9,4,10 C2=0,3,8,4,1,5,9,6,10,7
JCpbdj[Z`u? PAIR C1=0,7,5,1,9,2,6,3,10,4,8 C2=0,3,8,1,6,10,7,2,5,9,4
JCpbdi{ubU? PAIR C1=0,3,9,6,10,7,2,8,5,1,4 C2=0,7,5,2,10,4,9,1,6,3,8
JCpbdi{u`]? PAIR C1=0,8,4,10,5,7,3,6,1,9 C2=0,4,1,5,8,3,9,6,10,7
JCpbdh{jeU? PAIR C1=0,7,3,6,2,5,8,1,10,4,9 C2=0,3,8,2,7,10,6,9,5,1,4
JCpbdh{jau? PAIR C1=0,7,3,10,1,6,2,5,8,4,9 C2=0,3,8,2,7,10,6,9,5,1,4
JCpbdjiv@u? PAIR C1=0,8,4,10,2,7,5,1,6,3,9 C2=0,3,7,10,6,8,2,5,9,1,4
JCpbdjiVdw? PAIR C1=0,7,5,1,6,2,8,4,9,3,10 C2=0,3,7,2,10,5,9,6,8,1,4
JCpbdjiVdY? PAIR C1=0,8,4,9,1,6,3,7,5,2,10 C2=0,3,9,6,8,2,7,10,5,1,4
JCpbdjiV`y? PAIR C1=0,7,5,2,6,3,10,4,9,1,8 C2=0,3,9,6,8,2,7,10,5,1,4
JCpbdjYZdw? PAIR C1=0,7,5,2,6,1,9,4,8,3,10 C2=0,3,7,2,10,5,9,6,8,1,4
JCpbdjYZ`y? PAIR C1=0,7,5,9,1,6,3,10,4,8 C2=0,3,7,10,5,1,8,6,9,4
JCpbdjYNfW? PAIR C1=0,7,5,2,9,3,6,1,10,4,8 C2=0,3,7,2,10,5,9,6,8,1,4
JCpbdjYNfQ? PAIR C1=0,8,3,6,1,5,7,2,9,4,10 C2=0,3,7,10,2,5,9,6,8,1,4
JCpbdiyVfW? PAIR C1=0,7,5,2,6,1,9,3,8,4,10 C2=0,3,7,2,8,6,9,5,10,1,4
JCpbdiyVfQ? PAIR C1=0,7,5,2,6,1,10,4,9,3,8 C2=0,3,7,10,2,8,6,9,5,1,4
JCpbdiyVdY? PAIR C1=0,7,5,9,1,6,3,8,4,10 C2=0,4,1,5,10,7,3,9,6,8
JCpbdhyvDU? PAIR C1=0,9,3,6,2,7,5,1,8,4,10 C2=0,3,7,10,6,8,2,5,9,1,4
JCpbdhyvC]? PAIR C1=0,9,4,8,1,6,3,7,5,10 C2=0,4,1,5,9,3,8,6,10,7
JCpbdhynC]? PAIR C1=0,7,2,5,10,4,8,1,6,3,9 C2=0,3,7,10,6,8,2,9,5,1,4
JCpbdhyjew? PAIR C1=0,7,5,1,6,2,9,4,8,3,10 C2=0,3,7,2,8,6,9,5,10,1,4
JCpbdhyjay? PAIR C1=0,7,5,2,6,3,10,1,8,4,9 C2=0,3,8,6,9,2,7,10,5,1,4
JCpbdhyffW? PAIR C1=0,7,5,2,6,1,8,3,9,4,10 C2=0,3,7,2,8,6,9,5,10,1,4
JCpbdhyffQ? PAIR C1=0,7,5,2,6,1,8,3,9,4,10 C2=0,3,7,10,2,8,6,9,5,1,4
JCpbdjM^DU? PAIR C1=0,7,5,8,4,9,1,6,2,10 C2=0,4,1,5,9,2,7,10,6,8
JCpbdjM^@u? PAIR C1=0,3,9,2,7,10,6,8,5,1,4 C2=0,7,3,10,4,9,5,2,6,1,8
JCpbdjM]dw? PAIR C1=0,7,5,2,6,1,8,4,9,3,10 C2=0,3,7,2,10,5,8,6,9,1,4
JCpbdjM]`y? PAIR C1=0,7,2,10,4,9,3,6,1,5,8 C2=0,3,7,10,5,2,9,6,8,1,4
JCpbdjMNfo? PAIR C1=0,7,3,9,4,10,1,6,2,5,8 C2=0,3,10,2,7,5,9,6,8,1,4
JCpbdjMNbq? PAIR C1=0,7,2,6,3,9,4,10,1,5,8 C2=0,3,7,10,2,5,9,6,8,1,4
JCpbdimVfo? PAIR C1=0,4,9,3,7,5,8,2,6,1,10 C2=0,3,10,4,8,6,9,1,5,2,7
JCpbdimVfQ? PAIR C1=0,7,5,8,2,6,3,9,4,10 C2=0,3,7,10,2,5,9,6,8,4
JCpbdimVbq? PAIR C1=0,7,5,2,6,3,10,1,9,4,8 C2=0,3,7,10,2,8,6,9,5,1,4
JCpbdhm}?}? PAIR C1=0,7,5,10,4,8,1,6,3,9 C2=0,3,7,10,6,8,5,1,9,4
JCpbdhmnAu? PAIR C1=0,7,5,8,2,6,3,10,4,9 C2=0,3,9,5,2,7,10,6,8,4
JCpbdhmmew? PAIR C1=0,7,5,1,6,2,8,4,9,3,10 C2=0,3,7,2,9,6,8,5,10,1,4
JCpbdhmmay? PAIR C1=0,7,5,8,2,6,3,10,4,9 C2=0,3,7,10,5,2,9,6,8,4
JCpbdhmffo? PAIR C1=0,3,9,4,8,5,7,2,6,1,10 C2=0,4,1,8,6,9,5,2,10,3,7
JCpbdhmfbq? PAIR C1=0,7,5,1,10,3,6,2,8,4,9 C2=0,3,7,10,2,5,9,6,8,1,4
JCpbdh]nDU? PAIR C1=0,7,5,8,4,10,2,6,3,9 C2=0,3,8,6,10,7,2,5,9,4
JCpbdg}yew? PAIR C1=0,7,5,1,9,4,8,2,6,3,10 C2=0,3,7,2,9,6,8,5,10,1,4
JCpbdg}yay? PAIR C1=0,7,5,2,8,4,10,3,6,1,9 C2=0,3,8,6,9,2,7,10,5,1,4
JCpbdjhfbw? PAIR C1=0,7,5,2,10,1,6,3,9,4,8 C2=0,3,10,5,9,6,2,7,8,1,4
JCpbdjhNek? PAIR C1=0,7,5,1,10,3,6,2,9,4,8 C2=0,3,9,6,10,5,2,7,8,1,4
JCpbdjXja{? PAIR C1=0,3,8,7,2,9,6,10,5,1,4 C2=0,7,3,10,4,9,5,2,6,1,8
JCpbdjXNd[? PAIR C1=0,8,1,6,3,7,5,9,4,10 C2=0,3,9,6,10,5,1,4,8,7
JCpbdhxjek? PAIR C1=0,9,4,8,2,5,7,3,6,1,10 C2=0,3,8,7,2,9,6,10,5,1,4
JCpbdjLmbw? PAIR C1=0,7,5,2,6,3,10,1,8,4,9 C2=0,3,7,8,5,10,2,9,6,1,4
JCpbdjLm`{? PAIR C1=0,7,3,6,1,5,8,4,10,2,9 C2=0,3,9,6,10,5,2,7,8,1,4
JCpbdjLNfo? PAIR C1=0,7,5,2,6,3,9,4,8,1,10 C2=0,3,10,2,7,8,5,9,6,1,4
JCpbdilubw? PAIR C1=0,7,5,2,10,1,6,3,9,4,8 C2=0,3,10,5,8,7,2,6,9,1,4
JCpbdil]c{? PAIR C1=0,7,5,8,2,6,1,9,4,10 C2=0,4,1,5,10,6,9,2,7,8
JCpbdhludw? PAIR C1=0,7,5,2,8,1,6,3,9,4,10 C2=0,3,10,5,8,7,2,6,9,1,4
JCpbdhlmc{? PAIR C1=0,9,4,8,2,6,1,5,7,3,10 C2=0,3,9,6,10,5,2,7,8,1,4
JCpbdhlffo? PAIR C1=0,7,5,2,6,3,9,4,8,1,10 C2=0,3,10,2,7,8,5,9,6,1,4
JCpbdh\md[? PAIR C1=0,7,5,8,4,10,2,6,3,9 C2=0,3,8,7,2,5,10,6,9,4
JCpbdg|yek? PAIR C1=0,9,4,8,2,5,7,3,6,1,10 C2=0,3,8,7,2,9,6,10,5,1,4
JCpbdg|yc{? PAIR C1=0,9,1,6,3,7,5,2,8,4,10 C2=0,3,8,7,2,9,6,10,5,1,4
JCpbdg|ufW? PAIR C1=0,9,4,8,3,6,1,5,7,2,10 C2=0,3,7,8,5,2,6,9,1,10,4
JCpbdg|ud[? PAIR C1=0,7,5,8,3,6,1,9,4,10 C2=0,3,7,8,4,1,5,10,6,9
JCpbdjJn@{? PAIR C1=0,8,4,10,3,6,2,7,5,9 C2=0,3,7,8,6,10,5,2,9,4
JCpbdijv@{? PAIR C1=0,7,5,9,1,6,3,10,4,8 C2=0,3,7,8,6,10,5,1,4,9
JCpbdij^C{? PAIR C1=0,8,4,9,1,6,2,5,7,3,10 C2=0,3,9,2,7,8,6,10,5,1,4
JCpbdhjnC{? PAIR C1=0,7,5,9,3,6,2,8,4,10 C2=0,3,7,8,6,10,5,2,9,4
JCpbdiZz@{? PAIR C1=0,7,5,9,1,6,2,10,4,8 C2=0,4,1,5,10,6,8,7,2,9
JCpbdiZ^D[? PAIR C1=0,8,3,7,5,2,6,1,9,4,10 C2=0,3,9,2,7,8,6,10,5,1,4
JCpbdiZZbw? PAIR C1=0,7,5,2,6,3,10,1,9,4,8 C2=0,3,7,8,6,9,2,10,5,1,4
JCpbdhZnD[? PAIR C1=0,9,5,7,2,6,3,8,4,10 C2=0,3,7,8,6,10,5,2,9,4
JCpbdgzzEk? PAIR C1=0,7,5,9,4,8,2,6,1,10 C2=0,4,1,5,10,6,8,7,2,9
JCpbdgzzC{? PAIR C1=0,3,10,6,8,7,2,9,5,1,4 C2=0,7,3,8,4,10,5,2,6,1,9
JCpbdgzvD[? PAIR C1=0,7,5,9,1,6,3,8,4,10 C2=0,3,7,8,6,10,5,1,4,9
JCpbdiN}@{? PAIR C1=0,4,8,5,10,3,6,1,9,2,7 C2=0,3,7,8,6,10,2,5,1,4,9
JCpbdiN^Fo? PAIR C1=0,7,2,6,1,5,8,4,9,3,10 C2=0,3,6,8,7,5,9,2,10,1,4
JCpbdhNnDs? PAIR C1=0,7,5,1,8,6,2,9,4,10 C2=0,4,1,6,10,2,7,8,5,9
JCpbdgn}Ek? PAIR C1=0,3,9,2,7,8,6,10,5,1,4 C2=0,7,3,10,1,6,2,5,8,4,9
JCpbdgn}C{? PAIR C1=0,3,9,2,7,8,6,10,5,1,4 C2=0,7,3,10,4,8,5,2,6,1,9
JCpbdg^}D[? PAIR C1=0,4,8,5,7,3,9,1,6,2,10 C2=0,3,8,6,10,5,1,4,9,2,7
JCpbbjkfdU? PAIR C1=0,9,4,8,5,7,1,6,2,10 C2=0,4,1,5,9,6,10,7,2,8
JCpbbjkf`u? PAIR C1=0,3,9,6,10,7,2,8,5,1,4 C2=0,8,4,10,3,7,1,6,2,5,9
JCpbbjkep{? PAIR C1=0,8,5,1,7,2,6,3,10,4,9 C2=0,3,7,9,6,10,5,2,8,1,4
JCpbbjMn@u? PAIR C1=0,3,9,2,7,10,6,8,5,1,4 C2=0,8,4,10,3,7,1,6,2,5,9
JCpbbimnAu? PAIR C1=0,8,5,2,7,1,6,3,10,4,9 C2=0,3,7,10,6,8,2,9,5,1,4
JCpbbjJn@{? PAIR C1=0,8,1,6,2,5,7,3,10,4,9 C2=0,3,9,2,7,8,6,10,5,1,4
JCpbay{mdM? PAIR C1=0,9,4,8,2,6,3,7,5,10 C2=0,3,8,5,2,9,6,10,7,4
JCpbayylfW? PAIR C1=0,8,4,10,1,6,3,7,5,2,9 C2=0,3,9,6,8,2,10,5,1,7,4
JCpbazhld[? PAIR C1=0,9,5,7,3,6,1,8,4,10 C2=0,3,9,6,10,5,1,4,7,8
JCpb`zwrdk? PAIR C1=0,8,4,9,5,1,6,2,10 C2=0,4,1,8,2,5,10,6,9
JCpb`zwrcm? PAIR C1=0,3,8,2,7,10,6,9,5,1,4 C2=0,8,1,6,2,5,10,3,7,4,9
JCpb`zsjee? PAIR C1=0,8,5,2,6,1,10,3,7,4,9 C2=0,3,8,2,7,10,6,9,5,1,4
JCpb`zkudk? PAIR C1=0,8,4,7,5,1,6,2,10,3,9 C2=0,3,7,2,8,5,10,6,9,1,4
JCpb`zkudM? PAIR C1=0,9,4,8,1,6,3,7,5,10 C2=0,3,9,6,10,7,4,1,5,8
JCpb`zkucm? PAIR C1=0,3,9,6,10,7,2,8,5,1,4 C2=0,8,1,6,2,5,10,3,7,4,9
JCpb`zktdU? PAIR C1=0,3,9,6,10,7,2,8,5,1,4 C2=0,8,1,6,3,7,4,10,2,5,9
JCpb`zklee? PAIR C1=0,8,4,7,5,1,6,2,9,3,10 C2=0,3,7,10,6,9,5,2,8,1,4
JCpb`zqzC]? PAIR C1=0,8,3,6,1,9,4,7,2,5,10 C2=0,3,7,10,6,8,2,9,5,1,4
JCpb`zqrdw? PAIR C1=0,4,7,5,9,1,6,2,10,3,8 C2=0,3,7,2,5,10,4,1,8,6,9
JCpb`zqjei? PAIR C1=0,9,4,7,5,2,8,1,6,3,10 C2=0,3,8,6,9,2,7,10,5,1,4
JCpb`zivDk? PAIR C1=0,8,4,7,5,1,6,2,10,3,9 C2=0,3,7,2,8,6,10,5,9,1,4
JCpb`zitdw? PAIR C1=0,8,4,7,5,2,6,1,9,3,10 C2=0,3,7,2,10,5,9,6,8,1,4
JCpb`zYxdw? PAIR C1=0,9,1,6,2,5,7,4,8,3,10 C2=0,3,7,2,10,5,9,6,8,1,4
JCpb`ze}C{? PAIR C1=0,4,10,3,7,5,8,2,6,1,9 C2=0,3,9,2,7,4,1,5,10,6,8
JCpb`zevDs? PAIR C1=0,8,1,6,2,5,7,4,9,3,10 C2=0,3,7,2,10,6,8,5,9,1,4
JCpb`zpjc{? PAIR C1=0,8,2,6,3,10,4,7,5,9 C2=0,3,8,7,2,5,10,6,9,4
JCpb`zhtd[? PAIR C1=0,8,4,10,2,6,3,7,5,9 C2=0,3,9,6,10,5,2,8,7,4
JCpb`zXjek? PAIR C1=0,3,8,7,2,9,6,10,5,1,4 C2=0,8,4,7,3,10,1,6,2,5,9
JCpb`zdudw? PAIR C1=0,8,2,10,4,7,5,1,6,3,9 C2=0,3,10,5,8,7,2,6,9,1,4
JCpb`zdffo? PAIR C1=0,8,2,6,1,5,7,4,9,3,10 C2=0,3,6,9,5,8,7,2,10,1,4
JCpb`zLmfg? PAIR C1=0,8,1,5,7,4,9,2,6,3,10 C2=0,3,9,6,1,10,5,2,7,8,4
JCpb`zLlfo? PAIR C1=0,9,3,6,2,5,7,4,8,1,10 C2=0,3,10,2,7,8,5,9,6,1,4
JCpb`zRnD[? PAIR C1=0,8,3,6,2,10,4,7,5,9 C2=0,3,7,8,6,10,5,2,9,4
JCpbbNwnC{? PAIR C1=0,9,3,6,2,7,5,1,8,4,10 C2=0,3,8,2,9,5,10,6,7,1,4
JCpbbNwf`y? PAIR C1=0,8,4,10,3,6,1,7,5,9 C2=0,3,8,1,5,10,7,6,9,4
JCpbbN[nDs? PAIR C1=0,8,4,10,2,5,7,1,6,3,9 C2=0,3,10,6,7,2,9,5,8,1,4
JCpbbN[n@u? PAIR C1=0,4,10,2,6,7,5,1,8,3,9 C2=0,3,6,10,7,1,4,9,2,5,8
JCpbbN[m`y? PAIR C1=0,8,5,7,1,6,3,10,4,9 C2=0,3,9,6,7,10,5,1,8,4
JCpbbN[mP{? PAIR C1=0,8,5,7,1,6,3,10,4,9 C2=0,3,9,7,6,10,5,1,8,4
JCpbbM{nEs? PAIR C1=0,9,3,6,1,7,5,2,8,4,10 C2=0,3,8,5,9,2,7,6,10,1,4
JCpbbM{nAu? PAIR C1=0,3,10,4,9,2,6,7,5,8 C2=0,4,8,3,6,10,7,2,5,9
JCpdUjwNbk? PAIR C1=0,7,5,2,6,4,9,3,10,1,8 C2=0,3,7,1,5,10,6,9,2,8,4
JCpdUjwNbe? PAIR C1=0,6,4,8,3,9,2,10,1,5,7 C2=0,3,7,10,6,9,5,2,8,1,4
JCpdUi{]bk? PAIR C1=0,6,2,10,1,9,3,8,5,7 C2=0,3,7,1,5,10,6,9,2,8
JCpdUi{]be? PAIR C1=0,6,4,8,3,9,1,10,2,5,7 C2=0,3,7,10,6,9,2,8,5,1,4
JCpdUi{]`m? PAIR C1=0,7,1,9,4,6,2,5,10,3,8 C2=0,3,7,10,6,9,2,8,5,1,4
JCpdUh{]dk? PAIR C1=0,3,9,1,7,5,8,4,6,2,10 C2=0,4,1,5,10,6,9,2,8,3,7
JCpdUh{Nfc? PAIR C1=0,6,4,9,2,5,8,3,10,1,7 C2=0,3,7,5,9,6,10,2,8,1,4
JCpdUjqNbq? PAIR C1=0,6,4,10,1,8,3,9,2,5,7 C2=0,3,7,10,2,8,6,9,5,1,4
JCpdUjqN`y? PAIR C1=0,6,4,10,3,9,5,7,1,8 C2=0,3,8,6,9,4,1,5,10,7
JCpdUiy^Bk? PAIR C1=0,3,8,4,9,5,7,1,10,2,6 C2=0,4,1,5,10,6,8,2,9,3,7
JCpdUiy^Be? PAIR C1=0,6,4,8,3,9,1,10,2,5,7 C2=0,3,7,10,6,8,2,9,5,1,4
JCpdUiy\bq? PAIR C1=0,7,5,2,6,4,10,1,9,3,8 C2=0,3,7,10,2,8,6,9,5,1,4
JCpdUiy\`y? PAIR C1=0,7,1,5,9,2,6,4,10,3,8 C2=0,3,7,10,5,2,8,6,9,1,4
JCpdUiy\Rw? PAIR C1=0,4,10,1,9,3,7,5,2,6,8 C2=0,3,8,2,10,5,9,7,1,4,6
JCpdUiu]bq? PAIR C1=0,6,4,10,1,9,3,8,2,5,7 C2=0,3,7,10,2,9,6,8,5,1,4
JCpdUiu]`y? PAIR C1=0,6,4,10,3,9,1,7,5,8 C2=0,3,8,6,9,4,1,5,10,7
JCpdUiu]Q{? PAIR C1=0,6,4,9,1,10,3,7,5,8 C2=0,4,1,5,10,6,8,3,9,7
JCpdUhu^Dq? PAIR C1=0,4,9,3,10,7,5,2,8,6 C2=0,7,3,8,5,9,2,6,4,10
JCpdUhu^De? PAIR C1=0,6,4,9,1,8,5,7,3,10 C2=0,4,1,5,9,3,8,6,10,7
JCpdUhu^@u? PAIR C1=0,6,4,10,3,9,1,8,5,7 C2=0,3,8,6,10,7,1,5,9,4
JCpdRjwt`u? PAIR C1=0,3,8,2,7,10,6,9,5,1,4 C2=0,6,2,5,7,1,9,3,10,4,8
JCpdRjwt_}? PAIR C1=0,6,4,10,5,7,1,9,3,8 C2=0,3,7,10,6,9,5,1,8,4
JCpdRjw\_}? PAIR C1=0,6,4,10,5,7,1,9,3,8 C2=0,3,7,10,6,9,5,1,8,4
JCpdRjwfbk? PAIR C1=0,6,2,5,7,1,10,3,9,4,8 C2=0,3,7,2,8,1,4,6,10,5,9
JCpdRjwfbe? PAIR C1=0,3,8,2,7,10,6,9,5,1,4 C2=0,6,4,9,3,10,2,5,7,1,8
JCpdRjs]_}? PAIR C1=0,6,4,9,3,10,5,2,7,1,8 C2=0,3,7,10,6,9,2,8,5,1,4
JCpdRj[mbk? PAIR C1=0,6,2,5,7,3,10,1,8,4,9 C2=0,3,8,5,10,6,9,2,7,1,4
JCpdRj[mbe? PAIR C1=0,6,2,7,5,1,10,3,9,4,8 C2=0,3,7,10,6,9,2,5,8,1,4
JCpdRj[mam? PAIR C1=0,6,4,8,1,7,5,10,3,9 C2=0,3,7,10,6,9,4,1,5,8
JCpdRj[]de? PAIR C1=0,8,4,6,2,7,5,1,9,3,10 C2=0,3,7,10,6,9,2,5,8,1,4
JCpdRj[]cm? PAIR C1=0,6,4,9,3,10,5,7,1,8 C2=0,3,7,10,6,9,1,5,8,4
JCpdRj[\dq? PAIR C1=0,6,4,8,3,9,1,7,5,2,10 C2=0,3,10,7,2,6,9,5,8,1,4
JCpdRj[\`u? PAIR C1=0,6,4,10,3,9,1,7,5,8 C2=0,3,7,10,6,9,5,1,8,4
JCpdRj[Nfc? PAIR C1=0,8,3,9,4,6,2,5,7,1,10 C2=0,3,7,2,10,6,9,5,8,1,4
JCpdRh{tdq? PAIR C1=0,6,4,8,2,7,5,1,9,3,10 C2=0,3,8,5,9,6,2,10,7,1,4
JCpdRh{t`u? PAIR C1=0,6,2,5,7,1,8,4,10,3,9 C2=0,3,8,2,7,10,6,9,5,1,4
JCpdRh{fbe? PAIR C1=0,6,4,8,1,7,5,2,10,3,9 C2=0,3,8,2,7,10,6,9,5,1,4
JCpdRjYnBk? PAIR C1=0,6,2,5,7,3,10,1,8,4,9 C2=0,3,8,6,10,5,9,2,7,1,4
JCpdRjYnBe? PAIR C1=0,3,8,6,10,7,2,9,5,1,4 C2=0,6,4,9,3,10,2,5,7,1,8
JCpdRjYnAm? PAIR C1=0,3,8,6,10,7,2,9,5,1,4 C2=0,6,2,5,10,1,7,3,9,4,8
JCpdRjYn@m? PAIR C1=0,6,4,8,1,5,7,10,3,9 C2=0,3,7,1,4,9,5,10,6,8
JCpdRi]]fg? PAIR C1=0,6,4,8,3,9,2,5,7,1,10 C2=0,3,7,2,10,5,8,6,9,1,4
JCpdRi]]fa? PAIR C1=0,6,2,5,7,1,10,3,9,4,8 C2=0,3,7,10,2,9,6,8,5,1,4
JCpdRh]}Cm? PAIR C1=0,3,9,2,7,10,6,8,5,1,4 C2=0,6,2,5,10,3,7,1,8,4,9
JCpdRh]|Dq? PAIR C1=0,6,4,8,1,5,7,3,9,2,10 C2=0,3,10,7,2,6,8,5,9,1,4
JCpdRh]nFc? PAIR C1=0,9,2,6,4,8,3,7,5,1,10 C2=0,3,9,5,8,6,10,2,7,1,4
JCpdRh]mfg? PAIR C1=0,9,2,6,4,8,3,7,5,1,10 C2=0,3,9,6,8,5,10,2,7,1,4
JCpdRh]mfa? PAIR C1=0,6,2,5,7,1,8,4,9,3,10 C2=0,3,7,10,2,9,6,8,5,1,4
JCpdRh]mei? PAIR C1=0,6,2,5,8,4,9,3,7,1,10 C2=0,3,8,6,9,2,7,10,5,1,4
JCpdRhtudw? PAIR C1=0,6,4,9,3,8,1,7,5,2,10 C2=0,3,10,5,8,7,2,6,9,1,4
JCpdRhtudk? PAIR C1=0,9,6,4,1,7,5,8,3,10 C2=0,4,9,3,7,8,1,5,10,6
JCpdRhtu`{? PAIR C1=0,6,4,10,3,7,5,8,1,9 C2=0,3,8,7,1,5,10,6,9,4
JCpdRhtffo? PAIR C1=0,6,4,10,2,5,7,1,8,3,9 C2=0,3,10,1,5,8,7,2,6,9,4
JCpdRhtfbs? PAIR C1=0,6,4,10,1,8,2,5,7,3,9 C2=0,3,8,7,2,10,6,9,5,1,4
JCpdPzwtbk? PAIR C1=1,9,6,2,5,7,4,8,3,10 C2=1,4,6,10,5,9,3,7,2,8
JCpdPzwtbe? PAIR C1=0,3,8,2,7,10,6,9,5,1,4 C2=0,6,4,7,5,2,10,3,9,1,8
JCpdPzs\eq? PAIR C1=0,6,4,7,5,2,8,3,9,1,10 C2=0,3,10,7,2,6,9,5,8,1,4
JCpdPzs\ee? PAIR C1=0,6,4,7,5,2,9,3,10,1,8 C2=0,3,8,2,7,10,6,9,5,1,4
JCpdPzs\au? PAIR C1=0,6,2,5,7,4,10,3,9,1,8 C2=0,3,8,2,7,10,6,9,5,1,4
JCpdPzY|Be? PAIR C1=0,3,8,6,10,7,2,9,5,1,4 C2=0,6,4,7,5,2,10,3,9,1,8
JCpdPzY|Am? PAIR C1=0,3,8,6,10,7,2,9,5,1,4 C2=0,6,2,5,10,1,9,3,7,4,8
JCpdPzY\fg? PAIR C1=0,6,4,7,5,2,9,1,10,3,8 C2=0,3,7,2,10,5,9,6,8,1,4
JCpdPzY\fa? PAIR C1=0,6,2,9,3,10,1,5,7,4,8 C2=0,3,7,10,2,5,9,6,8,1,4
JCpdPzY\Vc? PAIR C1=0,6,2,9,3,10,1,5,7,4,8 C2=0,3,7,9,5,2,10,6,8,1,4
JCpdPxytfg? PAIR C1=0,6,4,7,5,2,10,3,8,1,9 C2=0,3,7,2,8,6,9,5,10,1,4
JCpdPxytfa? PAIR C1=0,6,2,5,7,4,8,1,10,3,9 C2=0,3,7,10,2,8,6,9,5,1,4
JCpdPx]{fg? PAIR C1=0,6,4,7,5,2,9,3,8,1,10 C2=0,3,7,2,10,5,8,6,9,1,4
JCpdPx]{fa? PAIR C1=0,6,2,5,7,4,8,1,10,3,9 C2=0,3,7,10,2,9,6,8,5,1,4
JCpdPx]{ei? PAIR C1=0,6,4,7,5,8,1,10,3,9 C2=0,3,7,10,5,1,9,6,8,4
JCpbUpuldw? PAIR C1=0,9,3,8,5,1,6,4,10 C2=0,3,10,5,9,6,8,1,4
JCpbUpul`y? PAIR C1=0,7,1,6,4,10,3,8,5,9 C2=0,3,9,6,8,1,5,10,7,4
JCpbUqtl`{? PAIR C1=0,7,1,6,4,10,3,9,5,8 C2=0,3,8,7,4,1,5,10,6,9
JCpbUqt\`{? PAIR C1=0,4,10,3,8,5,9,2,6,1,7 C2=0,3,7,4,1,9,6,10,5,2,8
JCpbUo|lek? PAIR C1=0,3,7,8,2,9,6,10,5,1,4 C2=0,7,4,8,3,10,1,6,2,5,9
JCpbTjwt`{? PAIR C1=0,7,3,10,2,5,9,1,6,4,8 C2=0,3,9,6,10,5,7,2,8,1,4
JCpbTjwt_}? PAIR C1=0,3,8,2,7,10,6,9,5,1,4 C2=0,7,3,9,1,6,2,5,10,4,8
JCpbTjwfbk? PAIR C1=0,7,3,8,4,6,2,10,1,5,9 C2=0,3,9,6,10,5,7,2,8,1,4
JCpbTjwfbe? PAIR C1=0,3,8,2,7,10,6,9,5,1,4 C2=0,7,5,2,10,3,9,4,6,1,8
JCpbTjs]_}? PAIR C1=0,7,2,5,10,3,9,4,6,1,8 C2=0,3,7,10,6,9,2,8,5,1,4
JCpbTj[mbk? PAIR C1=0,7,5,2,6,1,10,3,9,4,8 C2=0,3,7,2,9,6,10,5,8,1,4
JCpbTj[mbe? PAIR C1=0,7,5,1,6,2,10,3,8,4,9 C2=0,3,7,10,6,9,2,5,8,1,4
JCpbTi{ube? PAIR C1=0,8,3,7,5,2,10,1,6,4,9 C2=0,3,9,6,10,7,2,8,5,1,4
JCpbTh{udk? PAIR C1=0,7,5,2,6,1,8,4,9,3,10 C2=0,3,7,2,8,5,10,6,9,1,4
JCpbTh{ucm? PAIR C1=0,3,9,6,10,7,2,8,5,1,4 C2=0,7,3,10,5,2,6,1,8,4,9
JCpbTh{t`u? PAIR C1=0,7,5,2,6,1,8,4,10,3,9 C2=0,3,8,2,7,10,6,9,5,1,4
JCpbTh{lee? PAIR C1=0,9,3,7,5,2,6,4,8,1,10 C2=0,3,8,2,7,10,6,9,5,1,4
JCpbTh{lau? PAIR C1=0,7,5,2,6,1,8,4,10,3,9 C2=0,3,8,2,7,10,6,9,5,1,4
JCpbTjq^?}? PAIR C1=0,7,2,5,10,3,9,4,6,1,8 C2=0,3,7,10,6,8,2,9,5,1,4
JCpbTjqVdw? PAIR C1=0,7,5,1,6,2,8,3,9,4,10 C2=0,3,7,2,10,5,9,6,8,1,4
JCpbTjqV`y? PAIR C1=0,7,5,2,6,1,9,4,10,3,8 C2=0,3,9,6,8,2,7,10,5,1,4
JCpbTjY\dw? PAIR C1=0,7,5,2,6,1,9,3,10,4,8 C2=0,3,7,2,10,5,9,6,8,1,4
JCpbTjY\`y? PAIR C1=0,7,5,9,3,10,4,6,1,8 C2=0,3,7,10,5,1,9,6,8,4
JCpbThyvDk? PAIR C1=0,7,5,2,6,1,8,4,9,3,10 C2=0,3,7,2,8,6,10,5,9,1,4
JCpbThyvDe? PAIR C1=0,7,5,1,6,2,10,3,8,4,9 C2=0,3,7,10,6,8,2,5,9,1,4
JCpbThyvCm? PAIR C1=0,7,5,10,3,8,4,6,1,9 C2=0,3,7,10,6,8,1,5,9,4
JCpbThynAm? PAIR C1=0,7,2,5,10,3,8,1,6,4,9 C2=0,3,7,10,6,8,2,9,5,1,4
JCpbThylay? PAIR C1=0,7,3,8,1,10,4,6,2,5,9 C2=0,3,9,6,8,2,7,10,5,1,4
JCpbThyffg? PAIR C1=0,7,5,2,8,3,10,1,6,4,9 C2=0,3,7,2,10,5,9,6,8,1,4
JCpbThyffa? PAIR C1=0,7,5,2,6,1,10,3,8,4,9 C2=0,3,7,10,2,8,6,9,5,1,4
JCpbThu}?}? PAIR C1=0,7,5,10,4,6,1,8,3,9 C2=0,3,7,10,6,8,5,1,9,4
JCpbThuv@u? PAIR C1=0,7,5,8,3,10,4,6,1,9 C2=0,3,7,10,6,8,1,5,9,4
JCpbThunEe? PAIR C1=0,7,3,10,1,8,5,2,6,4,9 C2=0,3,8,6,10,7,2,9,5,1,4
JCpbThunAu? PAIR C1=0,7,5,8,2,6,4,10,3,9 C2=0,3,8,6,10,7,2,5,9,4
JCpbTitubw? PAIR C1=0,7,5,2,10,1,6,4,9,3,8 C2=0,3,10,5,8,7,2,6,9,1,4
JCpbTitubk? PAIR C1=0,7,5,8,3,10,1,6,4,9 C2=0,4,1,5,10,6,9,3,7,8
JCpbTit]ew? PAIR C1=0,8,3,7,5,2,9,4,6,1,10 C2=0,3,10,5,8,7,2,6,9,1,4
JCpbTit]ek? PAIR C1=0,8,2,5,7,3,9,4,6,1,10 C2=0,3,8,7,2,9,6,10,5,1,4
JCpbQyylfg? PAIR C1=0,8,4,6,1,7,5,2,9,3,10 C2=0,3,7,4,1,5,10,2,8,6,9
JCpbQyyldi? PAIR C1=0,8,4,6,1,7,5,9,3,10 C2=0,4,1,5,10,7,3,8,6,9
JCpbQyulfo? PAIR C1=0,9,3,8,5,7,4,6,1,10 C2=0,4,10,3,7,1,5,9,6,8
JCpbQyuldq? PAIR C1=0,9,3,8,5,7,1,6,4,10 C2=0,3,10,7,4,1,5,9,6,8
JCpbPzslee? PAIR C1=0,8,1,6,4,7,5,2,9,3,10 C2=0,3,8,2,7,10,6,9,5,1,4
JCpbPzY|Dk? PAIR C1=0,8,4,7,5,1,6,2,10,3,9 C2=0,3,7,2,9,5,10,6,8,1,4
JCpbPzY|De? PAIR C1=0,3,8,6,10,7,2,9,5,1,4 C2=0,8,1,6,4,7,5,2,10,3,9
JCpbPzY|Cm? PAIR C1=0,3,8,6,10,7,2,9,5,1,4 C2=0,8,4,7,3,10,5,2,6,1,9
JCpbRf[nDk? PAIR C1=0,9,4,6,1,7,3,8,5,2,10 C2=0,3,9,2,7,6,10,5,1,8,4
JCpbRf[nCm? PAIR C1=0,8,3,9,4,6,7,1,5,10 C2=0,3,7,10,6,1,4,8,5,9
JCpbRetv@{? PAIR C1=0,8,5,1,7,3,10,2,6,4,9 C2=0,3,9,1,6,7,8,2,5,10,4
JCpbRetnEk? PAIR C1=0,9,4,6,2,5,8,3,7,1,10 C2=0,3,9,2,8,7,6,10,5,1,4
JCpbRetnC{? PAIR C1=0,8,5,9,3,7,2,6,4,10 C2=0,3,8,7,6,10,5,2,9,4
JCpbRetfbw? PAIR C1=0,8,5,2,7,3,10,1,6,4,9 C2=0,3,9,6,7,8,2,10,5,1,4
JCpbQvsnDk? PAIR C1=0,8,5,1,7,4,6,2,10,3,9 C2=0,3,7,6,10,5,9,2,8,1,4
JCpffG{NUp? PAIR C1=0,6,3,8,4,9,2,5,7,1,10 C2=0,3,10,8,5,9,7,2,6,1,4
JCpffG{NUT? PAIR C1=0,6,3,9,4,8,2,7,5,1,10 C2=0,3,8,10,6,2,5,9,7,1,4
JCpffG{NQt? PAIR C1=0,6,3,9,2,8,4,10,1,5,7 C2=0,3,8,10,6,2,5,9,7,1,4
JCpfbg{rTp? PAIR C1=0,6,3,7,5,1,9,4,8,2,10 C2=0,3,10,8,5,9,7,2,6,1,4
JCpfbg{rTT? PAIR C1=0,6,3,7,1,9,4,8,5,2,10 C2=0,3,8,10,6,2,7,9,5,1,4
JCpfbg{jUp? PAIR C1=0,6,1,7,5,2,9,4,8,3,10 C2=0,3,6,2,7,9,5,8,10,1,4
JCpfbg{jUd? PAIR C1=0,6,1,10,3,7,5,2,8,4,9 C2=0,3,8,10,6,2,7,9,5,1,4
JCpfbg{jQt? PAIR C1=0,6,1,7,3,10,4,8,5,2,9 C2=0,3,8,10,6,2,7,9,5,1,4
JCpfaywlJ[? PAIR C1=0,6,3,9,2,10,1,5,7,4,8 C2=0,4,1,7,3,8,2,6,10,5,9
JCpfaywlJU? PAIR C1=0,6,1,7,5,2,10,4,8,3,9 C2=0,3,7,10,6,2,8,9,5,1,4
JCpfaywlH]? PAIR C1=0,6,1,7,4,10,5,2,9,3,8 C2=0,3,7,10,6,2,8,9,5,1,4
JCpfQys]di? PAIR C1=0,6,1,9,4,7,5,2,10,3,8 C2=0,3,9,6,2,8,5,10,7,1,4
JCpfQys]db? PAIR C1=0,6,4,7,5,1,9,3,8,2,10 C2=0,3,7,10,8,5,2,9,6,1,4
JCpfQys]dJ? PAIR C1=0,6,4,9,2,10,5,7,3,8 C2=0,3,9,6,2,5,8,10,7,4
JCpev_{lbR? PAIR C1=0,6,3,9,2,10,4,8,5,1,7 C2=0,3,8,10,7,2,5,9,6,1,4
JCpev_{Zdi? PAIR C1=0,6,4,8,5,2,9,1,7,3,10 C2=0,3,8,2,7,10,5,9,6,1,4
JCpevG{mbi? PAIR C1=0,7,5,2,10,1,6,4,8,3,9 C2=0,3,6,9,2,8,5,10,7,1,4
JCpevG{mbh? PAIR C1=0,6,3,10,1,7,5,2,8,4,9 C2=0,3,8,10,5,1,4,6,9,2,7
JCpevG{mbb? PAIR C1=0,6,1,5,7,2,10,3,8,4,9 C2=0,3,6,9,2,5,8,10,7,1,4
JCpevG{maj? PAIR C1=0,6,1,7,5,10,3,8,4,9 C2=0,3,9,6,4,1,5,8,10,7
JCperYs]di? PAIR C1=0,8,3,9,1,6,4,7,5,2,10 C2=0,3,6,9,2,8,5,10,7,1,4
JCperYs]db? PAIR C1=0,6,4,7,5,1,9,3,8,2,10 C2=0,3,6,9,2,5,8,10,7,1,4
JCperYs]cj? PAIR C1=0,8,3,6,4,9,1,7,5,10 C2=0,3,9,6,1,5,8,10,7,4
JCpdupsjbi? PAIR C1=0,6,4,9,2,10,3,8,5,1,7 C2=0,3,7,10,5,9,6,2,8,1,4
JCpdupsjbb? PAIR C1=0,6,4,9,2,10,1,5,8,3,7 C2=0,3,6,9,5,2,8,10,7,1,4
JCpdupsj`j? PAIR C1=0,6,2,8,5,10,3,7,1,4,9 C2=0,3,6,9,2,5,1,8,10,7,4
JCpdupslR[? PAIR C1=0,7,3,6,4,10,1,8,5,2,9 C2=0,3,8,2,6,10,5,9,7,1,4
JCpdupslRT? PAIR C1=0,6,4,10,2,9,3,8,5,1,7 C2=0,3,7,9,5,2,6,10,8,1,4
JCpdupslP\? PAIR C1=0,7,1,8,5,10,4,6,3,9 C2=0,4,1,5,9,7,3,8,10,6
JCpdupsjRk? PAIR C1=0,6,4,9,2,10,3,8,5,1,7 C2=0,3,7,9,5,10,6,2,8,1,4
JCpdupsjRd? PAIR C1=0,6,4,9,2,10,3,8,5,1,7 C2=0,3,7,9,5,2,6,10,8,1,4
JCpdupsjQl? PAIR C1=0,7,3,10,1,8,5,2,6,4,9 C2=0,3,8,2,9,7,4,1,5,10,6
JCpdupsZTd? PAIR C1=0,6,4,9,2,10,3,8,5,1,7 C2=0,3,7,9,5,2,6,10,8,1,4
JCpdtpstbY? PAIR C1=0,7,4,6,3,8,5,2,10,1,9 C2=0,3,7,10,5,9,6,2,8,1,4
JCpdtpstbR? PAIR C1=0,6,4,10,2,8,5,1,9,3,7 C2=0,3,6,9,5,2,7,10,8,1,4
JCpdtpstaZ? PAIR C1=0,7,2,6,4,10,5,8,3,9 C2=0,3,6,9,5,2,8,10,7,4
JCpdtpst`Z? PAIR C1=0,7,2,6,4,10,5,8,3,9 C2=0,3,6,9,5,2,8,10,7,4
JCpdtpsrbi? PAIR C1=0,7,4,6,3,10,2,8,5,1,9 C2=0,3,8,1,4,9,5,10,7,2,6
JCpdtpsrbb? PAIR C1=0,3,8,10,7,2,6,9,5,1,4 C2=0,6,3,10,2,5,8,1,9,4,7
JCpdtpsraj? PAIR C1=0,3,8,10,7,2,6,9,5,1,4 C2=0,6,3,10,5,2,8,1,9,4,7
JCpdtpsr`j? PAIR C1=0,3,8,10,7,2,6,9,5,1,4 C2=0,6,3,10,5,2,8,1,9,4,7
JCpbvQsVTk? PAIR C1=0,8,5,2,7,4,9,1,6,3,10 C2=0,3,8,2,6,10,5,9,7,1,4
JCpbvQsVTL? PAIR C1=0,4,7,1,9,3,6,2,5,10,8 C2=0,3,8,2,7,9,5,1,4,6,10
JCpbuqslRX? PAIR C1=0,7,1,10,4,6,3,9,2,5,8 C2=0,3,7,9,5,10,8,2,6,1,4
JCpbuqslRT? PAIR C1=0,7,3,6,4,10,1,5,8,2,9 C2=0,3,8,10,6,2,5,9,7,1,4
JCpbuqslP\? PAIR C1=0,7,1,6,4,10,5,8,3,9 C2=0,4,1,5,9,7,3,6,10,8
JCpbuqsjRd? PAIR C1=0,7,3,6,4,9,2,10,1,5,8 C2=0,3,8,10,6,2,5,9,7,1,4
JCpbuqsjQl? PAIR C1=0,8,3,7,1,10,5,2,6,4,9 C2=0,3,6,10,8,2,9,5,1,4,7
JCpbuqsZTk? PAIR C1=0,8,5,2,9,1,6,4,7,3,10 C2=0,3,8,2,6,10,5,9,7,1,4
JCpbuqsZTL? PAIR C1=0,7,4,9,1,6,3,8,5,10 C2=0,3,7,9,5,1,4,6,10,8
JCpbtqstRX? PAIR C1=0,7,4,6,3,9,1,10,2,5,8 C2=0,3,8,10,5,9,7,2,6,1,4
JCpbtqstRT? PAIR C1=0,8,5,2,10,1,6,4,7,3,9 C2=0,3,8,10,6,2,7,9,5,1,4
JCpfJiwVdq? PAIR C1=0,8,4,9,1,5,6,2,7,3,10 C2=0,3,8,2,10,7,5,9,6,1,4
JCpfJiwNeb? PAIR C1=0,6,5,2,8,4,9,3,7,1,10 C2=0,3,8,10,7,2,6,9,5,1,4
JCpfJiwVTs? PAIR C1=0,4,9,3,7,5,1,6,10 C2=0,3,10,4,1,7,9,5,6
JCpfIyw\dq? PAIR C1=0,8,4,7,1,5,6,2,9,3,10 C2=0,3,8,2,10,7,5,9,6,1,4
JCpfIyw\`r? PAIR C1=0,6,5,2,10,3,9,1,7,4,8 C2=0,3,7,10,8,2,6,9,5,1,4
JCpejiwmJ[? PAIR C1=0,8,4,10,1,7,3,6,5,2,9 C2=0,3,9,8,2,7,5,10,6,1,4
JCpejiwmJU? PAIR C1=0,6,5,2,7,1,10,4,9,3,8 C2=0,3,6,10,7,5,1,4,8,2,9
JCpejiwmH]? PAIR C1=0,6,5,10,4,9,3,7,2,8 C2=0,3,6,10,7,5,2,9,8,4
JCpdlpsuR[? PAIR C1=0,7,4,10,2,8,3,6,5,1,9 C2=0,3,9,7,2,6,10,5,8,1,4
JCpdlpsuRT? PAIR C1=0,6,5,1,10,2,8,3,7,4,9 C2=0,3,6,10,8,5,2,7,9,1,4
JCpdlpsuP\? PAIR C1=0,7,4,10,5,6,3,8,1,9 C2=0,3,7,9,4,1,5,8,10,6
JCpdnHwNUs? PAIR C1=0,6,3,10,4,9,5,1,7 C2=0,3,9,7,5,6,10,1,4
JCpdnHwNUd? PAIR C1=0,7,5,6,2,9,4,8,1,10 C2=0,4,1,7,9,5,2,8,10,6
JCpdmXw]Th? PAIR C1=0,6,3,9,2,10,5,1,8,4,7 C2=0,3,10,8,2,6,5,7,9,1,4
JCpdmXw]TL? PAIR C1=0,6,3,9,4,7,1,8,2,5,10 C2=0,3,8,10,6,2,9,7,5,1,4
JCpVdpklR[? PAIR C1=0,6,3,9,2,10,1,5,8,4,7 C2=0,3,7,9,5,10,6,2,8,1,4
JCrb`rwpp{? PAIR C1=0,3,8,2,7,9,6,10,5,1,4 C2=0,5,9,1,6,2,10,3,7,4,8
JCrb`rsYsm? PAIR C1=0,8,1,6,9,4,7,2,5,10 C2=0,4,1,9,7,10,6,2,8,5
JCrb`rsYs]? PAIR C1=0,8,1,6,3,7,2,9,4,10 C2=0,3,8,2,6,10,7,9,1,4
JCrb`rsYo}? PAIR C1=0,5,10,3,6,1,9,4,7,2,8 C2=0,3,7,10,6,9,2,5,8,1,4
JCrb`rsbrq? PAIR C1=0,8,3,7,4,10,2,6,1,5,9 C2=0,3,6,9,4,1,10,7,2,8,5
JCrb`rsRts? PAIR C1=0,8,1,9,5,2,6,3,7,4,10 C2=0,3,10,6,9,7,2,8,5,1,4
JCrb`rsJue? PAIR C1=0,5,9,4,7,2,6,3,10,1,8 C2=0,3,8,5,2,9,7,10,6,1,4
JCrb`rkko}? PAIR C1=0,5,10,4,7,2,9,6,1,8 C2=0,4,1,5,8,2,6,10,7,9
JCrb`rk[s]? PAIR C1=0,8,4,7,2,9,6,1,5,10 C2=0,4,1,9,7,10,6,2,8,5
JCrb`rkUtM? PAIR C1=0,3,9,7,10,6,2,8,5,1,4 C2=0,5,10,2,7,3,6,1,9,4,8
JCrb`rkTtU? PAIR C1=0,3,9,7,10,6,2,8,5,1,4 C2=0,5,9,1,6,3,7,2,10,4,8
JCrb`rkLue? PAIR C1=0,5,8,4,7,2,9,6,1,10 C2=0,4,1,5,9,7,10,6,2,8
JCrb`rkFvE? PAIR C1=0,5,9,6,2,7,4,8,1,10 C2=0,4,9,7,10,6,1,5,2,8
JCrb`rilO}? PAIR C1=0,8,1,6,3,7,4,10,5,9 C2=0,3,9,7,10,6,8,4,1,5
JCrb`riFva? PAIR C1=0,5,9,4,7,3,6,2,10,1,8 C2=0,3,10,7,9,6,8,2,5,1,4
JCrb`rYlQ]? PAIR C1=0,3,8,6,10,7,9,2,5,1,4 C2=0,5,9,3,7,2,6,1,10,4,8
JCrb`rYjRi? PAIR C1=0,5,9,4,1,6,2,7,10,3,8 C2=0,3,6,8,1,10,5,2,9,7,4
JCrRRqslbT? PAIR C1=0,5,8,3,7,4,10,1,6,2,9 C2=0,3,5,9,6,10,8,2,7,1,4
JCrRRqslbF? PAIR C1=0,4,7,2,10,1,6,9,3,5,8 C2=0,3,7,10,8,2,6,4,1,5,9
JCrRRqslaV? PAIR C1=0,5,8,3,7,10,4,1,6,9 C2=0,3,9,5,1,7,4,6,10,8
JCrJdXqmRk? PAIR C1=0,3,10,1,8,6,2,9,4,5,7 C2=0,4,1,5,10,6,3,8,2,7,9
JCrJdXqmPl? PAIR C1=0,5,10,3,6,2,8,1,4,9,7 C2=0,3,8,10,6,1,5,4,7,2,9
JCqjepqXlw? PAIR C1=0,3,8,6,1,9,5,4,10 C2=0,4,1,8,9,6,3,10,5
JCqjepqXlq? PAIR C1=0,7,3,6,8,2,9,1,4,10 C2=0,3,10,2,6,9,8,1,7,4
JCqjepqXli? PAIR C1=0,4,7,1,6,3,8,2,9,5,10 C2=0,3,7,10,2,6,9,8,1,4,5
JCqjepqXhy? PAIR C1=0,4,10,5,9,2,8,3,6,1,7 C2=0,3,7,10,2,6,9,8,1,4,5
JCXefbkf`]? PAIR C1=0,6,3,9,4,10,5,8,2,7 C2=0,3,7,10,6,9,5,2,4,8
JCXefa{fa]? PAIR C1=0,6,3,7,2,8,5,10,4,9 C2=0,3,8,4,2,5,9,6,10,7
JCXefa{f`]? PAIR C1=0,6,3,7,2,8,5,10,4,9 C2=0,3,8,4,2,5,9,6,10,7
JCXefbMn@]? PAIR C1=0,6,3,7,2,9,4,10,5,8 C2=0,3,9,5,2,4,8,6,10,7
JCXefbMn?}? PAIR C1=0,6,3,7,2,9,4,10,5,8 C2=0,3,9,5,2,4,8,6,10,7
JCXefbMNdw? PAIR C1=0,7,3,6,1,4,8,5,9,2,10 C2=0,3,10,5,1,7,2,4,9,6,8
JCXefbMNcy? PAIR C1=0,6,3,10,4,8,5,9,2,7 C2=0,3,7,10,5,2,4,9,6,8
JCXefa]jay? PAIR C1=0,6,3,7,1,10,4,8,5,9 C2=0,3,8,6,9,4,1,5,10,7
JCXefQ{Nei? PAIR C1=0,6,3,10,1,7,4,9,2,5,8 C2=0,3,8,2,4,1,6,9,5,10,7
JCXefQ{NeM? PAIR C1=0,6,3,9,4,7,2,8,5,10 C2=0,3,8,4,2,5,9,6,10,7
JCXefQ{Nam? PAIR C1=0,7,1,5,10,6,3,9,2,4,8 C2=0,3,8,5,2,7,10,1,4,9,6
JCXefRUNdw? PAIR C1=0,6,1,7,4,9,3,8,5,2,10 C2=0,3,10,5,9,6,8,1,4,2,7
JCXefRUNcy? PAIR C1=0,6,3,10,4,9,5,2,7,1,8 C2=0,3,8,6,9,2,4,1,5,10,7
JCXefPunC]? PAIR C1=0,6,3,8,1,7,4,9,2,5,10 C2=0,3,9,5,1,4,2,8,6,10,7
JCXefPun?}? PAIR C1=0,6,1,8,3,10,5,2,7,4,9 C2=0,3,9,5,1,4,2,8,6,10,7
JCXefPufdw? PAIR C1=0,6,1,8,5,2,7,4,9,3,10 C2=0,3,8,6,9,5,10,2,4,1,7
JCXefQ]lbw? PAIR C1=0,6,1,7,4,8,5,2,10,3,9 C2=0,7,2,4,1,10,5,9,6,3,8
JCXefQ]lay? PAIR C1=0,6,1,7,2,5,8,4,10,3,9 C2=0,3,8,6,9,2,4,1,5,10,7
JCXefP]nDM? PAIR C1=0,6,3,8,5,10,2,7,4,9 C2=0,3,9,5,2,4,8,6,10,7
JCXefP]n@m? PAIR C1=0,6,3,8,5,10,2,7,4,9 C2=0,3,9,5,2,4,8,6,10,7
JCXefP]ldw? PAIR C1=0,9,3,6,1,7,4,8,5,2,10 C2=0,3,10,5,9,6,8,1,4,2,7
JCXefP]lTw? PAIR C1=0,7,4,8,5,1,6,3,9,2,10 C2=0,3,10,5,9,7,2,4,1,8,6
JCXefP]lT[? PAIR C1=0,9,3,6,1,8,5,2,7,4,10 C2=0,3,8,6,10,5,1,4,2,9,7
JCXefRTNd[? PAIR C1=0,7,1,6,3,8,5,2,9,4,10 C2=0,3,9,6,10,5,1,4,2,7,8
JCXefPtfdw? PAIR C1=0,6,1,5,8,2,7,4,9,3,10 C2=0,3,6,9,5,10,2,4,1,8,7
JCXefPtfd[? PAIR C1=0,6,1,7,4,9,5,8,2,10 C2=0,7,8,1,4,2,5,10,6,9
JCXefPVnD[? PAIR C1=0,6,3,8,5,9,2,7,4,10 C2=0,3,9,4,2,5,10,6,8,7
JCXefO^|D[? PAIR C1=0,9,1,6,3,8,5,2,7,4,10 C2=0,3,9,2,4,1,5,10,6,8,7
JCXefO^nFK? PAIR C1=0,6,3,8,5,2,10,1,7,4,9 C2=0,3,9,2,4,1,5,10,6,8,7
JCXeerkNdM? PAIR C1=0,6,3,9,4,7,1,8,5,2,10 C2=0,3,7,10,6,9,5,1,4,2,8
JCXeeq{lbM? PAIR C1=0,6,1,10,2,5,8,4,7,3,9 C2=0,3,8,2,4,1,5,9,6,10,7
JCXeeq{la]? PAIR C1=0,6,3,7,4,10,5,8,2,9 C2=0,3,8,4,2,5,9,6,10,7
JCXeeq{l`]? PAIR C1=0,6,1,7,4,8,5,10,2,9 C2=0,7,10,6,9,5,1,4,2,8
JCXeeren@]? PAIR C1=0,6,3,9,4,7,1,5,10,2,8 C2=0,3,7,10,6,8,1,4,2,5,9
JCXeereNdw? PAIR C1=0,6,1,8,5,2,10,3,9,4,7 C2=0,3,7,1,4,2,8,6,9,5,10
JCXeequjbw? PAIR C1=0,6,3,7,4,9,2,10,1,5,8 C2=0,3,10,5,9,6,8,2,4,1,7
JCXeequjbi? PAIR C1=0,6,1,10,3,7,4,9,5,2,8 C2=0,3,8,6,9,2,4,1,5,10,7
JCXeequjay? PAIR C1=0,6,8,3,10,4,9,2,5,1,7 C2=0,3,7,10,5,8,2,4,1,6,9
JCXeequj`y? PAIR C1=0,6,3,10,4,9,2,8,5,1,7 C2=0,8,3,7,10,5,2,4,1,6,9
JCXeepmnDM? PAIR C1=0,9,4,7,3,6,1,8,5,10 C2=0,3,9,5,1,4,8,6,10,7
JCXeepmldw? PAIR C1=0,7,4,8,5,1,6,3,10,2,9 C2=0,3,7,1,4,2,8,6,9,5,10
JCXedrsfbM? PAIR C1=1,6,3,9,4,7,2,10,5,8 C2=1,4,2,8,3,7,10,6,9,5
JCXedrsfa]? PAIR C1=0,8,1,6,3,7,2,5,10,4,9 C2=0,3,8,2,4,1,5,9,6,10,7
JCXedrk\c]? PAIR C1=0,6,3,9,1,5,8,2,7,4,10 C2=0,3,7,10,6,9,5,2,4,1,8
JCXedrk\_}? PAIR C1=0,6,3,9,1,5,10,4,8,2,7 C2=0,3,7,10,6,9,5,2,4,1,8
JCXedr[ZdM? PAIR C1=0,8,4,9,2,7,3,6,1,5,10 C2=0,3,8,1,4,2,5,9,6,10,7
JCXedq{tbM? PAIR C1=0,6,3,9,1,10,2,5,8,4,7 C2=0,3,7,10,6,9,5,1,4,2,8
JCXedq{ta]? PAIR C1=0,6,1,9,3,7,4,10,5,8 C2=0,3,8,4,1,5,9,6,10,7
JCXedq{t`]? PAIR C1=0,6,1,9,3,7,4,10,5,8 C2=0,3,8,4,1,5,9,6,10,7
JCXedq{Zei? PAIR C1=0,6,3,10,1,9,2,5,8,4,7 C2=0,3,7,10,5,9,6,1,4,2,8
JCXedq{ZeM? PAIR C1=0,8,5,2,9,4,7,3,6,10 C2=0,3,8,4,2,7,10,5,9,6
JCXedrev@]? PAIR C1=0,7,4,2,10,5,8,1,6,3,9 C2=0,3,7,2,5,9,1,4,10,6,8
JCXedrev?}? PAIR C1=0,6,3,9,4,2,8,1,5,10,7 C2=0,3,7,2,5,9,1,4,10,6,8
JCXedreVdw? PAIR C1=0,6,3,7,4,9,1,5,8,2,10 C2=0,3,10,5,9,6,8,1,4,2,7
JCXedreVcy? PAIR C1=0,7,2,8,5,1,6,3,9,4,10 C2=0,3,7,10,5,2,4,1,9,6,8
JCXedquvBM? PAIR C1=0,6,1,9,4,7,2,10,5,8 C2=0,7,10,6,8,2,4,1,5,9
JCXedquvA]? PAIR C1=0,7,3,6,1,9,4,10,5,8 C2=0,3,8,6,10,7,4,1,5,9
JCXedquv@]? PAIR C1=0,3,9,4,10,7,2,8,5,1,6 C2=0,7,3,8,6,10,5,2,4,1,9
JCXedqurbw? PAIR C1=0,8,5,2,7,4,10,3,6,1,9 C2=0,6,9,5,10,1,4,2,8,3,7
JCXedqurbi? PAIR C1=0,7,4,9,5,1,6,3,10,2,8 C2=0,3,7,10,1,4,2,5,8,6,9
JCXedquray? PAIR C1=0,6,3,10,4,7,2,8,5,9 C2=0,3,8,6,9,4,2,5,10,7
JCXedqur`y? PAIR C1=0,6,1,9,4,10,3,8,5,2,7 C2=0,3,7,10,5,1,4,2,8,6,9
JCXedrMnBM? PAIR C1=0,6,3,7,2,10,5,8,4,9 C2=0,3,9,5,2,4,7,10,6,8
JCXedrM^Di? PAIR C1=0,6,1,9,3,7,4,8,5,2,10 C2=0,3,6,8,1,4,2,9,5,10,7
JCXedrM^DM? PAIR C1=0,6,3,7,4,9,1,8,5,2,10 C2=0,3,9,5,1,4,2,7,10,6,8
JCXedrM^@m? PAIR C1=0,6,1,5,8,4,9,3,10,2,7 C2=0,3,7,4,1,9,2,5,10,6,8
JCXedrMNfg? PAIR C1=0,7,4,9,2,5,8,1,6,3,10 C2=0,3,7,2,4,1,10,5,9,6,8
JCXedqm^Ei? PAIR C1=0,6,3,10,1,9,2,5,8,4,7 C2=0,3,9,5,10,7,2,4,1,6,8
JCXedqm^EM? PAIR C1=0,7,3,6,1,9,4,8,2,5,10 C2=0,3,9,5,1,4,2,7,10,6,8
JCXedqm^Am? PAIR C1=0,6,1,5,10,3,9,4,7,2,8 C2=0,3,6,8,4,2,5,9,1,10,7
JCXedqmtbw? PAIR C1=0,3,10,4,7,2,5,8,6,1,9 C2=0,7,3,6,9,5,10,1,4,2,8
JCXedqmtbi? PAIR C1=0,6,1,9,5,2,10,3,7,4,8 C2=0,3,9,6,8,2,4,1,5,10,7
JCXedqmtay? PAIR C1=0,6,3,10,4,7,2,8,5,9 C2=0,3,9,6,8,4,2,5,10,7
JCXedpm|C]? PAIR C1=0,6,3,7,4,10,5,8,2,9 C2=0,3,9,5,2,4,8,6,10,7
JCXedpmtdw? PAIR C1=0,7,4,10,2,8,5,1,6,3,9 C2=0,3,7,2,4,1,8,6,9,5,10
JCXedpmffg? PAIR C1=0,6,1,5,8,2,10,3,9,4,7 C2=0,3,7,2,4,1,8,6,9,5,10
JCXedq]xbw? PAIR C1=0,6,1,9,2,5,8,3,10,4,7 C2=0,3,7,2,4,1,10,5,9,6,8
JCXedq]xbi? PAIR C1=0,7,4,8,5,2,10,3,6,1,9 C2=0,3,7,10,5,1,4,2,9,6,8
JCXedq]xay? PAIR C1=0,6,3,10,4,7,2,9,5,8 C2=0,3,7,10,5,2,4,8,6,9
JCXedrdNew? PAIR C1=0,6,1,8,5,2,9,4,7,3,10 C2=0,3,6,9,5,10,1,4,2,7,8
JCXedrdNe[? PAIR C1=0,7,3,6,1,8,5,9,4,10 C2=0,3,9,6,10,5,1,4,7,8
JCXedrTj`{? PAIR C1=0,6,1,8,5,9,2,10,4,7 C2=0,8,7,2,4,1,5,10,6,9
JCXedqtr`{? PAIR C1=0,6,3,10,4,9,5,8,2,7 C2=0,3,8,7,4,2,5,10,6,9
JCXedqtZew? PAIR C1=0,6,3,7,4,9,2,8,5,1,10 C2=0,3,10,5,9,6,1,4,2,7,8
JCXedqtZc{? PAIR C1=0,6,1,9,5,10,4,7,2,8 C2=0,7,8,5,1,4,2,9,6,10
JCXedrLl`{? PAIR C1=0,6,1,8,5,9,2,10,4,7 C2=0,8,7,2,4,1,5,10,6,9
JCXedrL\d[? PAIR C1=0,6,3,7,4,8,5,1,9,2,10 C2=0,3,9,6,10,5,2,4,1,8,7
JCXedrLNfg? PAIR C1=0,6,1,8,5,2,9,4,7,3,10 C2=0,3,6,9,5,10,1,4,2,7,8
JCXedrLNfK? PAIR C1=0,6,3,7,2,9,4,8,5,1,10 C2=0,3,9,6,10,5,2,4,1,8,7
JCXedpllew? PAIR C1=0,6,3,10,1,5,8,4,7,2,9 C2=0,3,7,8,2,4,1,6,9,5,10
JCXedpllc{? PAIR C1=0,6,1,8,5,9,2,7,4,10 C2=0,7,8,2,4,1,5,10,6,9
JCXedplffg? PAIR C1=0,6,3,7,2,10,1,5,8,4,9 C2=0,3,10,5,9,6,1,4,2,8,7
JCXedq\x`{? PAIR C1=0,6,3,10,4,7,2,9,5,8 C2=0,3,7,8,4,2,5,10,6,9
JCXedq\Zfg? PAIR C1=0,6,3,7,4,8,5,2,9,1,10 C2=0,3,10,5,9,6,1,4,2,7,8
JCXedrFnA{? PAIR C1=0,6,3,10,4,7,2,9,5,8 C2=0,3,9,4,2,5,10,6,8,7
JCXedrFn@{? PAIR C1=0,6,3,10,2,7,4,9,5,1,8 C2=0,3,9,2,4,1,6,10,5,8,7
JCXedqfv@{? PAIR C1=0,6,1,5,9,4,10,3,7,2,8 C2=0,3,9,1,4,2,5,10,6,8,7
JCXedqf^C{? PAIR C1=0,6,1,5,9,4,10,3,7,2,8 C2=0,3,9,1,4,2,5,10,6,8,7
JCXedqf^A{? PAIR C1=1,6,3,10,4,7,2,8,5,9 C2=1,4,2,9,3,7,8,6,10,5
JCXedpfnC{? PAIR C1=0,9,5,2,8,1,6,3,7,4,10 C2=0,3,9,2,4,1,5,10,6,8,7
JCXedqVz@{? PAIR C1=0,6,1,9,5,8,3,10,4,7 C2=0,3,7,8,6,10,5,1,4,9
JCXedqVZfW? PAIR C1=0,6,3,8,5,9,2,10,4,7 C2=0,3,7,8,6,9,4,2,5,10
JCXedqN^Bk? PAIR C1=0,6,1,5,9,2,10,3,7,4,8 C2=0,3,9,1,4,2,5,10,6,8,7
JCXedpNnFg? PAIR C1=0,6,1,5,8,4,7,3,9,2,10 C2=0,3,6,8,7,2,4,1,10,5,9
JCXedon|Ew? PAIR C1=0,6,3,7,2,5,8,4,10,1,9 C2=0,3,10,5,9,2,4,1,6,8,7
JCXeeYylbw? PAIR C1=0,6,1,10,2,5,7,4,8,3,9 C2=0,3,10,5,9,6,8,2,4,1,7
JCXeeYylbq? PAIR C1=0,6,1,5,7,4,10,3,9,2,8 C2=0,3,8,6,9,5,2,4,1,10,7
JCXeeYylay? PAIR C1=0,6,1,7,4,10,3,9,5,2,8 C2=0,3,8,6,9,2,4,1,5,10,7
JCXeeZpNd[? PAIR C1=0,8,3,6,1,7,4,9,5,2,10 C2=0,3,9,6,10,5,1,4,2,8,7
JCXeeXxldw? PAIR C1=0,6,1,5,7,4,8,2,9,3,10 C2=0,3,6,9,5,10,2,4,1,8,7
JCXeeXxld[? PAIR C1=0,9,3,6,1,5,2,8,7,4,10 C2=0,3,8,1,4,2,9,6,10,5,7
JCXedZw\c{? PAIR C1=0,8,4,7,2,5,9,1,6,3,10 C2=0,3,8,1,4,2,9,6,10,5,7
JCXedZw\_}? PAIR C1=0,6,3,9,2,7,5,10,4,1,8 C2=0,3,8,4,2,5,1,9,6,10,7
JCXedY{]ei? PAIR C1=0,6,3,10,1,9,2,5,7,4,8 C2=0,3,9,6,1,4,2,8,5,10,7
JCXedY{]eM? PAIR C1=0,6,3,9,4,8,2,7,5,1,10 C2=0,3,8,5,2,4,1,9,6,10,7
JCXedY{]am? PAIR C1=0,6,1,5,10,3,9,2,7,4,8 C2=0,3,8,5,2,4,1,9,6,10,7
JCXedY{Vfa? PAIR C1=0,6,1,9,4,7,5,2,10,3,8 C2=0,3,6,9,5,8,2,4,1,10,7
JCXedY{VfE? PAIR C1=0,6,3,9,4,7,5,8,2,10 C2=0,3,8,4,2,5,9,6,10,7
JCXedY{Vbe? PAIR C1=0,6,1,10,3,9,4,7,5,8 C2=0,3,8,4,1,5,9,6,10,7
JCXedX{{c{? PAIR C1=0,6,3,10,4,7,5,1,8,2,9 C2=0,3,8,5,10,6,9,1,4,2,7
JCXedX{{cy? PAIR C1=0,6,1,8,3,10,4,7,5,2,9 C2=0,3,6,9,1,4,2,8,5,10,7
JCXedX{{_}? PAIR C1=1,6,3,10,5,7,4,8,2,9 C2=1,4,2,7,10,6,9,3,8,5
JCXedX{udi? PAIR C1=0,7,4,8,2,5,10,3,6,1,9 C2=0,6,9,3,8,5,1,4,2,7,10
JCXedX{u`m? PAIR C1=1,6,3,10,2,7,5,8,4,9 C2=1,4,7,10,6,9,3,8,2,5
JCXedX{mei? PAIR C1=0,9,4,7,5,2,8,1,6,3,10 C2=0,3,8,4,1,5,10,7,2,9,6
JCXedX{meM? PAIR C1=0,6,3,9,4,8,1,10,5,7 C2=0,3,8,5,1,4,7,10,6,9
JCXedX{mam? PAIR C1=1,6,3,10,5,7,4,9,2,8 C2=1,4,2,7,10,6,9,3,8,5
JCXedX{ffa? PAIR C1=0,6,1,8,3,9,4,7,5,2,10 C2=0,3,6,9,5,8,2,4,1,10,7
JCXedX{ffE? PAIR C1=0,6,3,9,4,7,5,8,2,10 C2=0,3,8,4,2,5,9,6,10,7
JCXedX{fbe? PAIR C1=0,6,3,10,2,8,5,7,4,9 C2=0,3,8,4,2,5,9,6,10,7
JCXedZqVdw? PAIR C1=0,8,3,6,1,9,4,7,5,2,10 C2=0,3,10,5,9,6,8,1,4,2,7
JCXedZqNew? PAIR C1=0,8,2,5,7,4,9,3,6,1,10 C2=0,3,10,5,9,6,8,1,4,2,7
JCXedZYlbw? PAIR C1=0,8,4,7,5,1,6,3,10,2,9 C2=0,3,8,6,9,5,10,1,4,2,7
JCXedZYlbq? PAIR C1=0,6,1,10,3,9,2,5,7,4,8 C2=0,3,8,6,9,5,1,4,2,10,7
JCXedZYlbi? PAIR C1=0,6,1,8,4,7,5,2,10,3,9 C2=0,3,8,6,9,2,4,1,5,10,7
JCXedZYlay? PAIR C1=0,6,3,9,5,2,7,4,10,1,8 C2=0,3,8,6,9,2,4,1,5,10,7
JCXedXyv@m? PAIR C1=0,6,1,8,3,10,5,7,4,9 C2=0,3,9,5,1,4,8,6,10,7
JCXedXytdw? PAIR C1=0,9,3,6,1,5,7,4,8,2,10 C2=0,3,10,5,9,6,8,1,4,2,7
JCXedXytcy? PAIR C1=0,9,3,6,1,5,7,2,8,4,10 C2=0,3,8,6,9,1,4,2,5,10,7
JCXedX]}Dk? PAIR C1=0,6,3,8,1,5,7,4,9,2,10 C2=0,3,9,1,4,8,6,10,5,2,7
JCXedX]}@m? PAIR C1=0,6,3,10,5,7,4,8,1,9 C2=0,3,9,4,1,5,8,6,10,7
JCXedW}}EM? PAIR C1=0,6,3,8,4,7,5,10,1,9 C2=0,3,9,4,1,5,8,6,10,7
JCXedW}}Am? PAIR C1=0,6,3,8,4,7,5,10,1,9 C2=0,3,9,4,1,5,8,6,10,7
JCXedW}vFa? PAIR C1=0,6,3,9,1,5,7,4,8,2,10 C2=0,3,10,7,2,4,1,6,8,5,9
JCXedW}vFE? PAIR C1=0,9,1,6,3,8,4,7,5,2,10 C2=0,3,9,5,1,4,2,8,6,10,7
JCXedW}vBe? PAIR C1=0,6,3,8,4,7,5,2,10,1,9 C2=0,3,9,5,1,4,2,8,6,10,7
JCXedZpNe[? PAIR C1=0,7,4,9,5,2,8,3,6,1,10 C2=0,3,9,6,10,5,1,4,2,7,8
JCXedZpNc{? PAIR C1=0,8,1,4,7,2,5,9,3,6,10 C2=0,3,10,5,1,6,9,4,2,8,7
JCXedZXla{? PAIR C1=0,6,3,9,2,5,7,4,10,1,8 C2=0,3,8,7,2,4,1,5,10,6,9
JCXedZXNfg? PAIR C1=0,6,3,8,1,5,7,4,9,2,10 C2=0,3,10,5,9,6,1,4,2,7,8
JCXedZXNfK? PAIR C1=0,6,3,8,1,10,2,5,9,4,7 C2=0,3,9,6,10,5,1,4,2,7,8
JCXedZXNbk? PAIR C1=0,6,1,5,2,10,3,9,4,7,8 C2=0,3,8,1,4,2,9,6,10,5,7
JCXedYxta{? PAIR C1=0,6,3,10,4,8,2,7,5,9 C2=0,3,9,6,10,5,2,4,7,8
JCXedYxt`{? PAIR C1=0,6,3,10,4,8,2,7,5,9 C2=0,3,9,6,10,5,2,4,7,8
JCXedYx\ew? PAIR C1=0,6,3,8,4,7,5,2,9,1,10 C2=0,3,10,5,9,6,1,4,2,8,7
JCXedYx\e[? PAIR C1=0,8,3,6,1,9,5,7,2,4,10 C2=0,3,9,2,8,7,4,1,5,10,6
JCXedYx\c{? PAIR C1=0,6,3,10,4,8,2,9,5,7 C2=0,3,9,6,10,5,2,4,7,8
JCXedYx\a{? PAIR C1=0,6,3,10,4,7,5,9,2,8 C2=0,3,9,6,10,5,2,4,8,7
JCXedYxVfg? PAIR C1=0,6,1,9,4,7,5,2,8,3,10 C2=0,3,6,9,5,10,1,4,2,7,8
JCXedYxVfK? PAIR C1=0,6,3,8,4,9,5,7,2,10 C2=0,3,9,6,10,5,2,4,7,8
JCXedXxtdw? PAIR C1=0,6,1,5,7,2,8,4,10,3,9 C2=0,3,6,9,5,10,2,4,1,8,7
JCXedXxt`{? PAIR C1=0,3,9,5,10,4,2,7,8,1,6 C2=0,7,4,8,3,6,10,2,5,1,9
JCXedXxlew? PAIR C1=0,6,3,8,1,10,4,7,5,2,9 C2=0,3,10,5,9,6,1,4,2,8,7
JCXedXxle[? PAIR C1=0,7,5,2,9,3,6,1,8,4,10 C2=0,3,8,7,2,4,1,5,10,6,9
JCXedXxla{? PAIR C1=0,6,1,8,4,10,3,9,2,5,7 C2=0,3,8,7,2,4,1,5,10,6,9
JCXedXxffg? PAIR C1=0,6,1,8,3,9,4,7,5,2,10 C2=0,3,6,9,5,10,1,4,2,8,7
JCXedXxffK? PAIR C1=0,7,4,8,2,5,9,3,6,1,10 C2=0,3,8,7,2,4,1,5,10,6,9
JCXedXxfbk? PAIR C1=0,6,3,10,1,8,4,9,5,7 C2=0,3,8,7,4,1,5,10,6,9
JCXedY\]fg? PAIR C1=0,6,1,9,3,8,4,7,5,2,10 C2=0,3,6,9,2,4,1,10,5,8,7
JCXedY\]fK? PAIR C1=0,6,3,8,5,7,4,9,2,10 C2=0,3,9,6,10,5,2,4,8,7
JCXedY\]bk? PAIR C1=0,6,3,10,2,9,4,7,5,8 C2=0,3,9,6,10,5,2,4,8,7
JCXedX\{dw? PAIR C1=0,6,1,8,4,7,5,2,10,3,9 C2=0,3,6,9,1,4,2,7,8,5,10
JCXedX\{`{? PAIR C1=0,6,3,10,4,7,5,8,1,9 C2=0,3,9,6,10,5,1,4,8,7
JCXedX\mfg? PAIR C1=0,6,1,8,4,7,5,2,10,3,9 C2=0,3,6,9,2,4,1,10,5,8,7
JCXedX\mfK? PAIR C1=0,6,3,8,5,7,4,9,2,10 C2=0,3,9,6,10,5,2,4,8,7
JCXedX\mbk? PAIR C1=0,6,3,10,2,9,4,8,5,7 C2=0,3,8,7,4,2,5,10,6,9
JCXedW|{ew? PAIR C1=0,6,3,9,2,8,4,7,5,1,10 C2=0,3,10,5,8,7,2,4,1,6,9
JCXedW|{e[? PAIR C1=0,6,3,8,4,7,5,2,9,1,10 C2=0,3,9,6,10,5,1,4,2,8,7
JCXedW|ufg? PAIR C1=0,6,3,8,2,5,7,4,9,1,10 C2=0,3,10,5,8,7,2,4,1,6,9
JCXedW|ufK? PAIR C1=0,9,1,6,3,8,4,7,5,2,10 C2=0,3,9,6,10,5,1,4,2,8,7
JCXedW|udk? PAIR C1=0,6,3,10,2,8,5,7,4,9 C2=0,3,9,6,10,5,2,4,8,7
JCXedZRn@{? PAIR C1=0,7,5,9,2,10,4,1,6,3,8 C2=0,3,9,4,2,7,8,1,5,10,6
JCXedZRNew? PAIR C1=0,8,6,1,4,7,2,5,9,3,10 C2=0,3,6,9,2,4,10,5,1,8,7
JCXedYrvA{? PAIR C1=0,6,1,5,7,2,8,3,10,4,9 C2=0,3,9,1,4,2,5,10,6,8,7
JCXedYrv@{? PAIR C1=0,6,3,8,2,10,4,7,5,9 C2=0,3,9,4,2,5,10,6,8,7
JCXedYr^Ew? PAIR C1=0,8,2,5,7,4,9,3,6,1,10 C2=0,3,10,5,9,1,4,2,7,8,6
JCXedYr^E[? PAIR C1=0,6,3,8,2,9,5,7,4,10 C2=0,3,9,4,2,5,10,6,8,7
JCXedYr^C{? PAIR C1=0,6,3,8,2,9,5,7,4,10 C2=0,3,9,4,2,5,10,6,8,7
JCXedYr^A{? PAIR C1=0,6,3,10,1,5,7,4,9,2,8 C2=0,3,9,1,4,2,5,10,6,8,7
JCXedXrnEw? PAIR C1=0,6,3,9,4,7,5,2,8,1,10 C2=0,3,10,5,9,2,4,1,6,8,7
JCXedXrnE[? PAIR C1=0,6,3,8,2,9,5,7,4,10 C2=0,3,9,4,2,5,10,6,8,7
JCXedYZ^Fg? PAIR C1=0,6,3,9,1,10,2,5,7,4,8 C2=0,3,10,5,9,2,4,1,6,8,7
JCXedYZ^FK? PAIR C1=0,6,3,8,4,7,5,9,2,10 C2=0,3,9,4,2,5,10,6,8,7
JCXedYZ^Bk? PAIR C1=0,6,3,10,1,5,7,2,9,4,8 C2=0,3,9,1,4,2,5,10,6,8,7
JCXedXZnFg? PAIR C1=0,6,1,8,4,7,5,2,9,3,10 C2=0,3,6,8,7,2,4,1,10,5,9
JCXedXZnFK? PAIR C1=0,6,3,8,4,7,5,9,2,10 C2=0,3,9,4,2,5,10,6,8,7
JCXedWz|Ew? PAIR C1=0,6,1,5,7,4,8,2,9,3,10 C2=0,3,6,8,7,2,4,1,10,5,9
JCXedWz|E[? PAIR C1=0,9,1,6,3,8,2,5,7,4,10 C2=0,3,9,2,4,1,5,10,6,8,7
JCXedWzvFK? PAIR C1=0,9,1,6,3,8,4,7,5,2,10 C2=0,3,9,4,1,5,10,6,8,2,7
JCXedW^}Fg? PAIR C1=0,6,1,9,4,7,2,5,8,3,10 C2=0,3,6,8,7,5,10,1,4,2,9
JCXedW^}FK? PAIR C1=0,6,3,8,4,7,5,1,10,2,9 C2=0,3,9,1,4,2,5,10,6,8,7
JCXeczwlbU? PAIR C1=0,6,1,5,7,4,10,2,8,3,9 C2=0,3,7,10,6,9,5,2,4,1,8
JCXeczwlbM? PAIR C1=0,6,3,9,2,10,1,5,7,4,8 C2=0,3,8,1,4,2,5,9,6,10,7
JCXeczwZdM? PAIR C1=0,6,3,7,5,10,2,9,1,4,8 C2=0,3,8,1,5,2,4,9,6,10,7
JCXeczkNfa? PAIR C1=0,8,2,9,4,7,5,1,6,3,10 C2=0,3,7,10,2,4,1,8,5,9,6
JCXeczkNfE? PAIR C1=0,6,3,9,2,5,7,4,8,1,10 C2=0,3,7,10,6,9,5,1,4,2,8
JCXeczkNbe? PAIR C1=0,6,3,10,1,8,4,9,2,5,7 C2=0,3,7,10,6,9,5,1,4,2,8
JCXeczqn@]? PAIR C1=0,6,3,8,2,9,4,10,5,7 C2=0,3,9,5,2,4,7,10,6,8
JCXeczi|@]? PAIR C1=0,6,3,7,5,10,4,8,2,9 C2=0,3,9,5,2,4,7,10,6,8
JCXeczi^Dk? PAIR C1=0,6,3,10,2,8,1,4,9,5,7 C2=0,3,7,4,2,9,1,5,10,6,8
JCXeczi^DM? PAIR C1=0,6,3,7,5,1,9,4,8,2,10 C2=0,3,9,5,2,4,1,8,6,10,7
JCXeczi^@m? PAIR C1=0,6,3,10,5,7,4,9,2,8 C2=0,3,9,5,2,4,8,6,10,7
JCXeczi\dw? PAIR C1=0,6,3,10,4,8,2,9,5,7 C2=0,8,6,9,3,7,4,2,5,10
JCXecyyxbi? PAIR C1=1,6,3,10,2,8,4,7,5,9 C2=1,4,2,9,6,8,3,7,10,5
JCXecym{bw? PAIR C1=0,7,5,2,8,4,10,1,6,3,9 C2=0,3,7,4,2,10,5,1,9,6,8
JCXecxmnFa? PAIR C1=0,6,3,9,2,5,7,4,8,1,10 C2=0,3,7,10,2,4,1,6,8,5,9
JCXecxmnFE? PAIR C1=0,6,3,9,4,7,5,8,2,10 C2=0,3,7,10,6,8,4,2,5,9
JCXecxm{dw? PAIR C1=0,7,5,1,6,3,9,2,8,4,10 C2=0,3,7,4,2,10,5,8,1,9,6
JCXecxmmfg? PAIR C1=0,7,5,8,2,10,3,6,1,4,9 C2=0,3,7,4,8,1,10,5,2,9,6
JCXeczh\d[? PAIR C1=0,6,3,7,5,2,9,1,8,4,10 C2=0,3,9,6,10,5,1,4,2,8,7
JCXeczhNfg? PAIR C1=0,8,2,9,4,7,5,1,6,3,10 C2=0,3,7,8,1,4,2,10,5,9,6
JCXeczhNfK? PAIR C1=0,8,4,9,2,5,7,3,6,1,10 C2=0,3,9,6,10,5,1,4,2,8,7
JCXecxlmfg? PAIR C1=0,6,3,9,2,5,7,4,8,1,10 C2=0,3,7,8,5,10,2,4,1,6,9
JCXecyrz@{? PAIR C1=0,6,1,9,4,10,3,8,2,5,7 C2=0,3,7,8,6,10,5,1,4,2,9
JCXecyrZfW? PAIR C1=0,6,1,10,4,7,5,9,2,8 C2=0,7,8,6,9,1,4,2,5,10
JCXecyj^Bk? PAIR C1=0,6,3,7,5,2,10,1,9,4,8 C2=0,3,9,2,4,1,5,10,6,8,7
JCXecxjnFg? PAIR C1=0,6,3,9,2,5,7,4,8,1,10 C2=0,3,7,8,6,1,4,2,10,5,9
JCXeee{nA]? PAIR C1=0,6,1,7,3,9,4,10,5,8 C2=0,7,10,6,3,8,4,1,5,9
JCXeee{n@]? PAIR C1=0,3,6,7,1,5,8,4,10,2,9 C2=0,7,10,6,1,4,2,5,9,3,8
JCXeecnnEw? PAIR C1=0,7,6,3,10,1,5,8,4,2,9 C2=0,3,9,4,10,5,2,8,7,1,6
JCXedfk^C{? PAIR C1=0,7,3,6,1,9,2,5,8,4,10 C2=0,3,9,5,10,6,7,2,4,1,8
JCXedf[nA]? PAIR C1=0,7,6,3,9,4,2,5,10,1,8 C2=0,3,8,4,1,5,9,2,7,10,6
JCXedemvAy? PAIR C1=0,6,1,5,8,2,7,3,10,4,9 C2=0,3,9,1,4,2,5,10,7,6,8
JCXeddNnDw? PAIR C1=1,5,9,3,6,7,2,10,4,8 C2=1,4,9,2,5,10,3,7,8,6
JCXedV[^Dk? PAIR C1=0,6,3,10,2,9,1,5,8,4,7 C2=0,3,9,5,10,6,7,2,4,1,8
JCXedV[^Di? PAIR C1=0,7,2,5,8,4,9,1,6,3,10 C2=0,3,8,1,4,2,9,5,10,7,6
JCXedV[^@m? PAIR C1=0,6,1,8,5,2,10,3,9,4,7 C2=0,3,6,10,7,2,9,5,1,4,8
JCXedU{^Ei? PAIR C1=0,6,1,5,8,4,7,2,9,3,10 C2=0,3,6,7,10,5,9,1,4,2,8
JCXedU{^Am? PAIR C1=0,6,3,10,1,5,8,2,9,4,7 C2=0,3,9,5,2,7,10,6,1,4,8
JCXedT{|C{? PAIR C1=0,9,3,6,1,8,5,2,7,4,10 C2=0,3,8,2,4,1,9,5,10,6,7
JCXedT{|Cy? PAIR C1=0,9,3,6,1,5,8,2,7,4,10 C2=0,3,8,1,4,2,9,5,10,7,6
JCXedT{|?}? PAIR C1=1,4,8,5,10,3,6,7,2,9 C2=1,5,9,3,8,2,4,7,10,6
JCXedVUnBi? PAIR C1=0,6,1,10,3,9,4,7,2,5,8 C2=0,3,8,6,7,10,5,1,4,2,9
JCXedVUnAy? PAIR C1=1,6,3,8,5,9,2,7,4,10 C2=1,5,2,4,9,3,10,7,6,8
JCXedVU^Dw? PAIR C1=0,8,5,1,6,3,9,4,7,2,10 C2=0,3,10,5,9,2,4,1,8,6,7
JCXedVU^@y? PAIR C1=0,6,1,9,4,10,3,8,5,2,7 C2=0,3,9,2,4,1,5,10,7,6,8
JCXedVUNTw? PAIR C1=0,7,4,10,2,9,5,1,6,3,8 C2=0,3,9,7,6,8,1,4,2,5,10
JCXedUuvAy? PAIR C1=0,6,1,10,4,9,5,8,2,7 C2=0,8,6,7,10,5,2,4,1,9
JCXedUuv@y? PAIR C1=0,6,1,5,9,3,10,4,7,2,8 C2=0,3,8,6,7,10,5,2,4,1,9
JCXedTuvDw? PAIR C1=0,6,1,5,8,3,9,4,7,2,10 C2=0,3,10,5,9,1,4,2,8,6,7
JCXedTuvCy? PAIR C1=0,6,3,10,4,9,5,1,8,2,7 C2=0,3,8,6,7,10,5,2,4,1,9
JCXedU]|Bi? PAIR C1=0,7,4,8,5,2,10,3,6,1,9 C2=0,3,9,2,4,1,5,10,7,6,8
JCXedU]|Ay? PAIR C1=0,6,3,8,5,2,7,4,10,1,9 C2=0,3,9,2,4,1,5,10,7,6,8
JCXedU]^Bi? PAIR C1=0,6,3,10,1,9,4,8,5,2,7 C2=0,3,9,2,4,1,5,10,7,6,8
JCXedT]|Dw? PAIR C1=0,9,2,7,4,8,5,1,6,3,10 C2=0,3,9,5,10,2,4,1,8,6,7
JCXedT]|Cy? PAIR C1=1,6,3,10,4,7,2,9,5,8 C2=1,4,2,5,10,7,6,8,3,9
JCXedVTn@{? PAIR C1=0,6,1,8,5,9,4,10,2,7 C2=0,8,7,6,10,5,1,4,2,9
JCXedTtnA{? PAIR C1=0,6,1,8,5,9,3,10,4,7 C2=0,3,8,7,6,10,5,1,4,9
JCXedT\|@{? PAIR C1=0,6,1,9,3,10,4,8,5,2,7 C2=0,3,8,7,6,10,5,1,4,2,9
JCXedT\nBk? PAIR C1=0,6,1,10,3,9,4,8,5,2,7 C2=0,3,8,7,6,10,5,1,4,2,9
JCXedSvvDw? PAIR C1=0,6,7,2,8,3,10,4,1,5,9 C2=0,3,9,1,6,8,7,4,2,5,10
JCXecvk^Dk? PAIR C1=0,7,4,8,5,1,6,3,9,2,10 C2=0,3,7,6,10,5,9,1,4,2,8
JCXecvk^DM? PAIR C1=0,6,7,3,9,1,4,8,5,10 C2=0,3,6,10,7,4,9,5,1,8
JCXec^w^Dk? PAIR C1=0,8,4,7,5,1,6,3,9,2,10 C2=0,3,8,2,4,1,9,5,10,6,7
JCXec^w^Di? PAIR C1=0,6,3,8,1,5,7,4,9,2,10 C2=0,3,9,5,10,7,6,1,4,2,8
JCXec^w^@m? PAIR C1=1,6,7,4,8,2,5,10,3,9 C2=1,4,2,9,5,7,10,6,3,8
JCXec\{nFa? PAIR C1=0,9,2,5,7,4,8,1,6,3,10 C2=0,3,9,5,8,2,4,1,10,7,6
JCXec\{nBe? PAIR C1=1,4,9,2,10,3,6,7,5,8 C2=1,5,9,3,8,2,4,7,10,6
JCXec^q^Dw? PAIR C1=0,6,3,9,1,5,7,4,10,2,8 C2=0,3,10,5,9,2,4,1,8,6,7
JCXec^q^@y? PAIR C1=0,6,1,9,4,10,3,8,2,5,7 C2=0,3,9,2,4,1,5,10,7,6,8
JCXe`^w|C{? PAIR C1=0,6,1,5,7,4,10,3,8,2,9 C2=0,3,9,5,10,6,7,2,4,1,8
JCXe`^w|Cy? PAIR C1=0,6,7,5,2,4,10,3,8,1,9 C2=0,3,6,1,4,7,10,5,9,2,8
JCXe`]{}Ei? PAIR C1=0,6,3,8,2,5,7,4,9,1,10 C2=0,3,9,2,4,1,6,7,10,5,8
JCXe`]{vFa? PAIR C1=0,6,3,9,1,10,2,5,7,4,8 C2=0,3,10,7,6,1,4,2,8,5,9
JCXe`^Y|Cy? PAIR C1=0,6,3,8,1,5,9,2,7,4,10 C2=0,3,9,1,4,2,5,10,7,6,8
JCXe`^YlUw? PAIR C1=0,6,1,8,3,9,5,7,4,10 C2=0,3,10,5,1,4,8,6,7,9
JCXe`]ytUw? PAIR C1=0,6,1,5,9,7,2,8,4,10 C2=0,8,6,7,4,2,5,10,1,9
JCXffa[fI]? PAIR C1=0,6,2,5,10,1,7,3,8,4,9 C2=0,3,6,10,7,2,4,1,5,9,8
JCXfVa[Vdi? PAIR C1=0,8,4,6,1,7,3,9,5,2,10 C2=0,3,8,5,10,7,2,4,1,9,6
JCXfVa[VdJ? PAIR C1=0,7,2,6,4,9,3,8,5,10 C2=0,3,7,10,8,4,2,5,9,6
JCXfQysudi? PAIR C1=0,8,2,5,7,4,6,1,9,3,10 C2=0,3,8,5,10,7,1,4,2,6,9
JCXfQysudb? PAIR C1=0,6,4,7,5,1,9,3,10,2,8 C2=0,3,7,10,8,5,2,4,1,6,9
JCXfQysudJ? PAIR C1=0,9,3,8,2,6,4,7,1,5,10 C2=0,3,7,10,8,5,2,4,1,9,6
JCXevQsVTk? PAIR C1=0,8,5,2,7,1,9,4,6,3,10 C2=0,3,8,2,4,1,6,10,5,9,7
JCXevQsVTL? PAIR C1=0,6,3,9,4,7,1,5,10,2,8 C2=0,3,8,10,6,1,4,2,5,9,7
JCXevQsNUL? PAIR C1=0,6,3,9,4,7,2,8,5,10 C2=0,3,8,10,6,4,2,5,9,7
JCXeuqslbR? PAIR C1=0,7,1,5,2,10,4,6,9,3,8 C2=0,3,7,10,8,5,9,2,4,1,6
JCXetrSlbR? PAIR C1=0,6,4,10,1,5,8,3,7,2,9 C2=0,3,6,9,5,2,4,1,8,10,7
JCXetrSlRT? PAIR C1=0,6,4,10,1,5,8,3,7,2,9 C2=0,3,6,10,8,1,4,2,5,9,7
JCXetrSlP\? PAIR C1=0,6,1,8,5,10,4,7,3,9 C2=0,3,8,10,6,4,1,5,9,7
JCXerYsuTk? PAIR C1=0,6,4,9,1,5,7,2,10,3,8 C2=0,3,6,10,5,8,2,4,1,7,9
JCXerYsuTL? PAIR C1=0,8,3,9,4,6,1,7,5,10 C2=0,3,6,10,8,5,1,4,7,9
JCXerYsmUL? PAIR C1=0,6,4,7,1,10,5,2,9,3,8 C2=0,3,6,10,8,5,1,4,2,7,9
JCXb^a[udJ? PAIR C1=0,9,4,8,3,7,2,6,5,10 C2=0,3,9,6,4,2,5,8,10,7
JCZTehimbY? PAIR C1=0,6,3,7,5,1,8,4,10,2,9 C2=0,3,9,6,8,2,4,1,7,10,5
JCZTehimaZ? PAIR C1=0,5,1,10,7,3,6,2,8,4,9 C2=0,3,5,10,4,2,9,6,8,1,7
JCZTehim`Z? PAIR C1=0,5,1,7,3,9,4,10,2,8,6 C2=0,3,5,7,10,8,1,4,2,6,9
JCZTdhiubY? PAIR C1=0,6,3,7,5,1,10,2,8,4,9 C2=0,3,9,6,8,1,4,2,7,10,5
JCZTdhiuaZ? PAIR C1=0,3,9,6,8,10,7,2,4,1,5 C2=0,6,2,8,1,9,4,10,5,3,7
JCZTdhiuR[? PAIR C1=0,6,3,7,5,1,10,2,8,4,9 C2=0,3,9,7,2,4,1,8,6,10,5
JCZTdhiuRL? PAIR C1=0,5,3,9,7,2,8,4,1,10,6 C2=0,3,6,8,10,2,4,9,1,5,7
JCZTdhiuQ\? PAIR C1=0,7,3,6,8,4,10,5,1,9 C2=0,3,5,7,9,4,1,8,10,6
JCZTdhiuP\? PAIR C1=0,7,3,6,8,4,10,5,1,9 C2=0,3,5,7,9,4,1,8,10,6
JCZTdXqubX? PAIR C1=0,5,7,4,10,2,6,3,8,1,9 C2=0,3,9,6,8,10,5,1,4,2,7
JCZTdXqubJ? PAIR C1=0,3,9,6,8,10,7,2,4,1,5 C2=0,6,2,10,5,3,8,1,9,4,7
JCZTdXqu`Z? PAIR C1=0,3,9,6,8,10,7,2,4,1,5 C2=0,6,2,10,5,3,8,1,9,4,7
JCZLbbwho}? PAIR C1=0,6,9,2,7,1,5,10,4,8 C2=0,5,4,1,8,2,6,10,7,9
JCZLbbwXo}? PAIR C1=0,5,10,3,6,9,2,7,1,4,8 C2=0,3,8,2,4,5,1,9,7,10,6
JCZLbbwdrM? PAIR C1=0,6,9,5,10,1,7,2,4,8 C2=0,5,4,1,8,2,6,10,7,9
JCZLbbwdp]? PAIR C1=0,6,9,5,1,7,2,10,4,8 C2=0,5,4,1,8,2,6,10,7,9
JCZLbbwRti? PAIR C1=0,6,3,10,2,7,1,5,9,4,8 C2=0,3,8,1,4,2,6,9,7,10,5
JCZLbbwRpm? PAIR C1=0,5,9,6,3,10,2,7,1,4,8 C2=0,3,8,2,4,5,1,9,7,10,6
JCZLbbsqo}? PAIR C1=0,5,10,4,9,6,3,7,1,8 C2=0,3,8,5,4,1,9,7,10,6
JCZLbbserM? PAIR C1=0,6,9,4,2,7,1,10,5,8 C2=0,5,4,1,8,2,6,10,7,9
JCZLbbseq]? PAIR C1=0,5,1,10,4,9,6,3,7,2,8 C2=0,3,8,5,10,6,2,4,1,7,9
JCZLbbksp]? PAIR C1=0,3,9,7,10,6,2,8,4,1,5 C2=0,6,3,7,2,4,10,5,8,1,9
JCZLbbk[su? PAIR C1=0,6,9,2,7,1,8,5,4,10 C2=0,5,1,9,7,10,6,2,4,8
JCZLbbk[o}? PAIR C1=0,6,2,9,3,7,1,5,10,4,8 C2=0,3,6,10,7,9,1,4,2,8,5
JCZLbbkUti? PAIR C1=0,3,10,7,9,6,2,8,4,1,5 C2=0,6,3,9,4,5,10,2,7,1,8
JCZLbbkUtM? PAIR C1=0,3,9,7,10,6,2,8,4,1,5 C2=0,6,3,7,1,9,4,2,10,5,8
JCZLbbkUpm? PAIR C1=0,6,9,3,7,2,10,5,1,4,8 C2=0,3,6,10,7,9,1,8,2,4,5
JCZLbb[wo}? PAIR C1=0,5,10,4,8,1,7,3,6,9 C2=0,3,8,5,4,1,9,7,10,6
JCZLbb[krU? PAIR C1=0,5,8,4,2,10,1,7,3,9,6 C2=0,3,8,1,5,4,10,6,2,7,9
JCZLbb[krM? PAIR C1=0,6,9,3,7,1,10,5,8 C2=0,5,1,8,3,6,10,7,9
JCZLbb[kq]? PAIR C1=0,5,10,4,8,1,7,2,9,6 C2=0,8,5,1,4,2,6,10,7,9
JCZLbb[kp]? PAIR C1=0,6,9,3,7,1,5,10,4,8 C2=0,5,4,1,8,3,6,10,7,9
JCZLbb[Yti? PAIR C1=0,6,3,7,1,5,8,4,9,2,10 C2=0,3,8,1,4,2,6,9,7,10,5
JCZLbb[YtM? PAIR C1=0,8,4,9,6,3,7,1,5,10 C2=0,3,8,5,4,1,9,7,10,6
JCZLbb[Ypm? PAIR C1=0,6,9,4,5,10,3,7,1,8 C2=0,3,6,10,7,9,1,4,8,5
JCZLbb[hqu? PAIR C1=0,5,8,4,10,1,7,2,9,6 C2=0,8,1,5,4,2,6,10,7,9
JCZLbb[XtU? PAIR C1=0,5,9,6,3,7,1,8,4,10 C2=0,3,8,5,4,1,9,7,10,6
JCZLbb[Xsu? PAIR C1=0,5,9,6,3,7,1,8,4,10 C2=0,3,8,5,4,1,9,7,10,6
JCZLba{prs? PAIR C1=0,6,3,10,2,7,1,9,5,4,8 C2=0,3,7,9,6,10,1,4,2,8,5
JCZLba{TuU? PAIR C1=0,8,4,5,9,6,2,7,1,10 C2=0,5,8,2,4,1,9,7,10,6
JCZLb`{wo}? PAIR C1=0,5,10,4,8,1,7,3,6,9 C2=0,3,8,5,4,1,9,7,10,6
JCZLb`{stM? PAIR C1=0,9,6,2,7,1,8,4,5,10 C2=0,5,8,2,4,1,9,7,10,6
JCZLb`{dvE? PAIR C1=0,6,9,5,8,4,2,7,1,10 C2=0,5,4,1,8,2,6,10,7,9
JCZLbbilQm? PAIR C1=0,6,3,10,5,4,8,1,7,2,9 C2=0,3,9,7,10,6,8,2,4,1,5
JCZLbbi\O}? PAIR C1=0,3,9,7,10,6,8,2,4,1,5 C2=0,6,2,9,5,4,10,3,7,1,8
JCZLbbiVTi? PAIR C1=0,6,3,7,9,5,1,4,8,2,10 C2=0,3,9,4,2,6,8,1,7,10,5
JCZLbbiVTM? PAIR C1=0,3,9,7,10,6,8,2,4,1,5 C2=0,6,3,7,2,10,5,4,9,1,8
JCZLbbiVPm? PAIR C1=0,6,3,7,2,10,5,9,4,8 C2=0,3,9,7,10,6,8,2,4,5
JCZLbbiNUi? PAIR C1=0,6,2,8,4,9,5,1,7,3,10 C2=0,3,6,8,1,4,2,9,7,10,5
JCZLbbiNQm? PAIR C1=0,3,9,7,10,6,8,2,4,1,5 C2=0,6,2,9,4,5,10,3,7,1,8
JCZLbbidri? PAIR C1=0,3,10,7,9,6,8,2,4,1,5 C2=0,6,2,10,1,7,3,9,5,4,8
JCZLbbiLuq? PAIR C1=0,3,10,7,9,6,8,2,4,1,5 C2=0,6,2,7,3,9,5,4,10,1,8
JCZLbbYlRM? PAIR C1=0,3,8,6,10,7,9,2,4,1,5 C2=0,6,2,10,1,7,3,9,5,4,8
JCZLbbYlP]? PAIR C1=0,3,8,6,10,7,9,2,4,1,5 C2=0,6,2,10,4,5,9,3,7,1,8
JCZLbbYZTi? PAIR C1=0,6,2,10,3,7,1,9,5,4,8 C2=0,3,6,8,1,4,2,9,7,10,5
JCZLbbYZPm? PAIR C1=0,6,2,7,3,10,5,9,4,8 C2=0,3,8,6,10,7,9,2,4,5
JCZLbbYLvI? PAIR C1=0,3,8,6,9,7,10,2,4,1,5 C2=0,6,2,9,3,7,1,10,5,4,8
JCZLbaytR[? PAIR C1=0,5,9,3,7,1,10,4,8,2,6 C2=0,3,8,6,10,5,1,4,2,7,9
JCZLbaytRM? PAIR C1=0,3,9,7,10,6,8,2,4,1,5 C2=0,6,3,7,2,10,1,9,5,4,8
JCZLbaytQ]? PAIR C1=0,6,2,7,1,9,5,10,4,8 C2=0,5,1,4,2,8,6,10,7,9
JCZLbaytP]? PAIR C1=0,3,9,7,10,6,8,2,4,1,5 C2=0,6,2,10,4,5,9,1,7,3,8
JCZLbayprw? PAIR C1=0,6,3,10,2,7,1,9,5,4,8 C2=0,3,7,9,6,8,2,4,1,10,5
JCZLbaypri? PAIR C1=0,6,3,10,1,7,2,8,4,5,9 C2=0,3,8,6,9,7,10,2,4,1,5
JCZLbayppy? PAIR C1=0,6,3,10,4,5,9,1,7,2,8 C2=0,3,8,6,9,7,10,2,4,1,5
JCZLbayXuq? PAIR C1=0,3,10,7,9,6,8,2,4,1,5 C2=0,6,2,9,5,4,10,1,7,3,8
JCZLbayXsy? PAIR C1=0,6,2,7,1,9,5,10,4,8 C2=0,5,1,4,2,8,6,9,7,10
JCZLb`yxS]? PAIR C1=0,6,3,7,1,8,4,10,5,9 C2=0,3,8,6,10,7,9,1,4,5
JCZLb`yxO}? PAIR C1=0,3,8,6,10,7,9,2,4,1,5 C2=0,6,2,8,1,7,3,10,4,5,9
JCZLb`ytS]? PAIR C1=0,6,3,7,1,8,4,10,5,9 C2=0,3,8,6,10,7,9,1,4,5
JCZLb`yjUM? PAIR C1=0,3,8,6,10,7,9,2,4,1,5 C2=0,6,3,7,2,8,1,10,5,4,9
JCZLb`yjQm? PAIR C1=0,3,8,6,10,7,9,2,4,1,5 C2=0,6,2,8,1,7,3,10,5,4,9
JCZLb`ybvg? PAIR C1=0,3,10,2,7,9,6,8,4,1,5 C2=0,6,2,8,3,7,1,10,5,4,9
JCZLbam]UM? PAIR C1=0,3,9,7,10,6,8,2,4,1,5 C2=0,6,3,7,2,9,1,10,5,4,8
JCZLbam]Qm? PAIR C1=0,3,9,7,10,6,8,2,4,1,5 C2=0,6,2,9,1,7,3,10,5,4,8
JCZLbamtRs? PAIR C1=0,6,2,7,3,9,1,10,4,5,8 C2=0,3,10,6,8,2,4,1,7,9,5
JCZLbbpj_}? PAIR C1=0,6,2,8,1,7,3,10,4,5,9 C2=0,3,8,7,10,6,9,2,4,1,5
JCZLbbpZc]? PAIR C1=0,3,8,7,10,6,9,2,4,1,5 C2=0,6,3,7,2,8,1,9,4,5,10
JCZLbbpZ_}? PAIR C1=0,6,2,7,3,10,5,4,9,1,8 C2=0,3,8,7,10,6,9,2,4,1,5
JCZLbbpfbM? PAIR C1=0,8,3,6,2,7,1,10,5,4,9 C2=0,3,9,6,10,7,8,2,4,1,5
JCZLbbpf`]? PAIR C1=0,6,3,8,1,7,2,10,4,5,9 C2=0,3,9,6,10,7,8,2,4,1,5
JCZLbbpVdU? PAIR C1=0,3,9,6,10,7,8,2,4,1,5 C2=0,6,2,10,4,5,9,1,7,3,8
JCZLbbpRtw? PAIR C1=0,5,9,4,10,2,6,3,7,1,8 C2=0,3,10,5,1,4,2,8,7,9,6
JCZLbbpRp{? PAIR C1=0,6,2,7,3,10,5,4,9,1,8 C2=0,3,8,7,9,6,10,2,4,1,5
JCZLbbpJus? PAIR C1=0,3,10,6,9,7,8,2,4,1,5 C2=0,6,2,9,5,4,10,1,7,3,8
JCZLbbpFvS? PAIR C1=0,6,2,8,1,7,3,9,5,4,10 C2=0,3,8,7,9,6,10,2,4,1,5
JCZLbbh\_}? PAIR C1=0,3,9,6,10,7,8,2,4,1,5 C2=0,6,2,9,5,4,10,3,7,1,8
JCZLbbhLus? PAIR C1=0,3,10,6,9,7,8,2,4,1,5 C2=0,6,2,7,3,9,5,4,10,1,8
JCZLbaxVfE? PAIR C1=0,6,2,7,3,8,4,5,9,1,10 C2=0,3,9,6,10,7,8,2,4,1,5
JCZLbaxprk? PAIR C1=0,6,3,10,1,7,2,8,4,5,9 C2=0,3,8,7,9,6,10,2,4,1,5
JCZLbaxXus? PAIR C1=0,3,10,6,9,7,8,2,4,1,5 C2=0,6,2,9,5,4,10,1,7,3,8
JCZLb`xxc]? PAIR C1=0,6,3,7,1,8,4,10,5,9 C2=0,3,8,7,10,6,9,1,4,5
JCZLb`xx_}? PAIR C1=0,3,8,7,10,6,9,2,4,1,5 C2=0,6,2,8,1,7,3,10,4,5,9
JCZLb`xtc]? PAIR C1=0,6,3,7,1,8,4,10,5,9 C2=0,3,8,7,10,6,9,1,4,5
JCZLb`xt`]? PAIR C1=0,6,3,7,1,8,4,10,5,9 C2=0,3,8,7,10,6,9,1,4,5
JCZLb`xpp{? PAIR C1=0,6,3,10,5,4,8,2,7,1,9 C2=0,3,8,7,9,6,10,2,4,1,5
JCZLb`xhus? PAIR C1=0,3,10,6,9,7,8,2,4,1,5 C2=0,6,2,7,3,8,1,10,4,5,9
JCZLb`xhq{? PAIR C1=0,6,3,7,1,8,4,10,5,9 C2=0,3,8,7,9,6,10,1,4,5
JCZLb`xdvS? PAIR C1=0,3,8,7,9,6,10,2,4,1,5 C2=0,6,3,7,2,8,1,10,4,5,9
JCZLb`xdr[? PAIR C1=0,6,3,7,1,8,4,10,5,9 C2=0,3,8,7,9,6,10,1,4,5
JCZLb`xbrk? PAIR C1=0,6,2,8,1,7,3,10,5,4,9 C2=0,3,8,7,9,6,10,2,4,1,5
JCZLb`l{cy? PAIR C1=0,6,2,7,1,5,8,4,10,3,9 C2=0,3,6,9,1,4,2,8,7,10,5
JCZLb`l{c]? PAIR C1=0,3,9,6,10,7,8,2,4,1,5 C2=0,6,3,7,2,9,1,8,4,5,10
JCZLb`l{_}? PAIR C1=0,6,2,7,3,10,5,4,8,1,9 C2=0,3,9,6,10,7,8,2,4,1,5
JCZLb`lmei? PAIR C1=0,6,2,8,5,4,9,3,7,1,10 C2=0,3,6,9,2,4,1,8,7,10,5
JCZLb`lmeM? PAIR C1=0,6,3,7,1,10,5,8,4,9 C2=0,3,9,6,10,7,8,1,4,5
JCZLb`lmam? PAIR C1=0,6,3,10,5,4,8,1,7,2,9 C2=0,3,9,6,10,7,8,2,4,1,5
JCZLb`lkus? PAIR C1=0,6,2,9,3,7,1,8,5,4,10 C2=0,3,10,6,9,7,8,2,4,1,5
JCZJeiqmRX? PAIR C1=0,7,5,4,9,2,10,1,6,3,8 C2=0,3,9,7,1,4,2,6,8,10,5
JCZJeiqmRL? PAIR C1=0,5,10,2,8,6,3,9,4,1,7 C2=0,3,7,9,2,4,5,1,6,10,8
JCZJeiqZTs? PAIR C1=0,8,3,6,2,9,1,7,5,4,10 C2=0,3,10,6,8,2,4,1,5,9,7
JCZJeiqZTp? PAIR C1=0,5,7,3,6,1,9,4,10,2,8 C2=0,3,10,8,6,2,4,1,5,9,7
JCZJeiqZTT? PAIR C1=0,5,7,9,1,6,3,8,2,4,10 C2=0,3,7,1,5,4,9,2,6,10,8
JCZJeiqZSt? PAIR C1=0,7,5,9,1,4,2,8,6,3,10 C2=0,3,7,1,5,4,9,2,6,10,8
JCZJeiqZPt? PAIR C1=0,7,1,9,5,4,10,3,6,8 C2=0,3,8,10,6,1,4,9,7,5
JCZJayqzDe? PAIR C1=0,3,7,10,6,8,2,9,4,1,5 C2=0,8,3,10,2,6,1,7,4,5,9
JCZJayqzDb? PAIR C1=0,3,7,10,8,6,2,9,4,1,5 C2=0,8,2,10,3,6,1,7,4,5,9
JCZJayqzDF? PAIR C1=0,3,7,10,8,6,2,9,4,1,5 C2=0,8,3,6,10,2,4,5,7,1,9
JCZJayqz@f? PAIR C1=0,5,7,4,9,1,6,10,3,8 C2=0,3,6,8,10,7,1,4,5,9
JCXmdbwXs]? PAIR C1=0,3,8,2,4,1,5,9,7,10,6 C2=0,7,3,6,1,9,2,5,10,4,8
JCXmdbk[s]? PAIR C1=0,7,2,9,6,1,8,4,5,10 C2=0,6,10,7,9,1,4,2,5,8
JCXmdbk[o}? PAIR C1=0,6,1,9,3,10,5,4,8,2,7 C2=0,3,6,10,7,9,2,4,1,5,8
JCXmdbkere? PAIR C1=0,6,9,4,8,5,1,10,2,7 C2=0,8,2,5,4,1,6,10,7,9
JCXmdbkUtM? PAIR C1=0,7,2,8,4,9,6,1,5,10 C2=0,6,10,7,9,1,4,2,5,8
JCXmdbkUpm? PAIR C1=0,6,1,5,10,3,9,4,8,2,7 C2=0,3,6,10,7,9,1,4,2,5,8
JCXmdbkFvE? PAIR C1=0,7,3,6,9,4,5,1,8,2,10 C2=0,3,9,7,10,6,1,4,2,5,8
JCXmdb[ire? PAIR C1=0,7,2,10,3,6,1,5,8,4,9 C2=0,3,8,1,4,5,2,9,7,10,6
JCXmdb[Ytk? PAIR C1=0,7,2,9,4,8,5,1,6,3,10 C2=0,3,7,9,6,10,5,2,4,1,8
JCXmdb[YtM? PAIR C1=0,7,3,6,1,9,4,2,10,5,8 C2=0,3,8,1,4,5,2,9,7,10,6
JCXmdbqfRU? PAIR C1=0,7,3,6,8,2,10,1,5,4,9 C2=0,3,8,1,4,2,5,9,7,10,6
JCXmdbqfP]? PAIR C1=0,3,7,9,4,2,10,5,1,6,8 C2=0,6,10,7,2,5,4,1,8,3,9
JCXmdbqbrq? PAIR C1=0,6,1,10,4,5,2,8,3,7,9 C2=0,3,10,7,2,4,1,5,9,6,8
JCXmdbqbqy? PAIR C1=1,8,6,3,7,2,4,9,5,10 C2=1,4,5,2,8,3,10,7,9,6
JCXmdbqRtw? PAIR C1=0,6,1,8,3,7,2,5,9,4,10 C2=0,3,10,5,1,4,2,8,6,9,7
JCXmdbitP]? PAIR C1=0,3,9,7,10,5,1,4,2,8,6 C2=0,7,3,6,1,9,5,2,10,4,8
JCXmdbi\S]? PAIR C1=0,3,9,7,10,5,1,4,2,8,6 C2=0,7,3,6,10,4,5,2,9,1,8
JCXmdbiTti? PAIR C1=0,7,3,9,6,1,5,10,2,4,8 C2=0,3,10,7,9,1,4,5,2,8,6
JCXmdbiLui? PAIR C1=0,7,2,9,3,6,8,1,4,5,10 C2=0,3,10,7,9,6,1,5,2,4,8
JCXmdbYlRU? PAIR C1=0,7,2,10,4,5,9,3,6,1,8 C2=0,3,8,4,1,5,2,9,7,10,6
JCXmdbYlQ]? PAIR C1=1,4,10,5,9,2,7,3,6,8 C2=1,5,2,4,8,3,9,7,10,6
JCXmdbYhrq? PAIR C1=0,3,8,6,1,10,7,2,4,5,9 C2=0,7,9,6,3,10,2,5,1,4,8
JCXmdbYhri? PAIR C1=0,7,3,6,8,4,1,5,10,2,9 C2=0,3,10,7,2,4,5,9,6,1,8
JCXmdbYhqy? PAIR C1=0,6,8,4,2,9,5,1,10,3,7 C2=0,3,6,9,7,2,5,10,4,1,8
JCXmdbYhpy? PAIR C1=0,7,3,10,5,4,1,8,6,9 C2=0,3,8,4,10,7,9,5,1,6
JCXmdbYXtw? PAIR C1=0,7,2,10,3,6,1,9,5,4,8 C2=0,3,7,9,6,8,1,4,2,5,10
JCXmdbYXtq? PAIR C1=1,8,6,3,7,2,10,4,5,9 C2=1,5,2,4,8,3,10,7,9,6
JCXmdaytRU? PAIR C1=0,3,6,8,2,4,10,1,5,9,7 C2=0,6,10,7,2,5,4,1,9,3,8
JCXmdaytQ]? PAIR C1=0,6,10,4,5,1,9,3,7,2,8 C2=0,3,8,6,1,4,2,5,10,7,9
JCXmdayrRe? PAIR C1=0,6,8,4,9,1,10,2,7 C2=0,8,2,4,1,6,10,7,9
JCXmdayZUi? PAIR C1=0,7,9,5,2,4,8,3,6,1,10 C2=0,3,7,10,5,1,4,9,2,8,6
JCXmdayZUM? PAIR C1=0,7,3,6,1,10,5,2,9,4,8 C2=0,3,8,2,4,1,5,9,7,10,6
JCXmdayprq? PAIR C1=0,7,3,10,2,8,6,1,4,5,9 C2=0,3,8,4,2,5,1,10,7,9,6
JCXmdaypri? PAIR C1=0,6,3,8,4,1,9,5,10,2,7 C2=0,3,10,7,9,6,1,5,4,2,8
JCXmdaypqy? PAIR C1=0,6,8,3,7,2,5,10,4,1,9 C2=0,3,10,7,9,6,1,5,4,2,8
JCXmdayXuq? PAIR C1=0,7,3,6,8,2,9,5,4,1,10 C2=0,3,10,7,9,6,1,5,2,4,8
JCXmd`m{S{? PAIR C1=0,7,9,3,6,1,8,5,2,4,10 C2=0,3,7,2,8,6,10,5,4,1,9
JCXmd`m{S]? PAIR C1=0,7,3,6,8,2,9,1,4,5,10 C2=0,3,9,7,10,4,2,5,8,1,6
JCXmd`mmUk? PAIR C1=0,9,4,5,8,2,7,3,6,1,10 C2=0,3,10,6,8,4,1,5,2,9,7
JCXmd`mmUi? PAIR C1=0,9,4,8,5,2,7,3,6,1,10 C2=0,3,9,7,10,5,1,4,2,8,6
JCXmd`mmUM? PAIR C1=0,7,2,9,4,5,8,1,6,10 C2=0,6,8,2,4,1,5,10,7,9
JCXmd`mfVc? PAIR C1=0,6,3,7,2,10,1,5,8,4,9 C2=0,3,10,6,8,1,4,2,5,9,7
JCXmd`mfVa? PAIR C1=0,9,4,5,8,1,6,3,7,2,10 C2=0,3,10,7,9,5,1,4,2,8,6
JCXmd`mfVE? PAIR C1=0,3,7,10,2,8,4,9,5,1,6 C2=0,7,9,3,6,8,5,2,4,1,10
JCXmd`mstq? PAIR C1=1,5,8,4,10,2,7,3,9,6 C2=1,4,5,2,8,6,3,10,7,9
JCXmdbbv?}? PAIR C1=0,7,2,4,9,5,10,3,6,1,8 C2=0,3,9,1,4,5,2,8,7,10,6
JCXmfQqVTk? PAIR C1=0,7,4,5,9,1,6,3,8,2,10 C2=0,3,9,7,1,4,2,5,10,6,8
JCXmfQqVTh? PAIR C1=0,7,4,5,9,1,6,3,8,2,10 C2=0,3,9,7,2,4,1,5,10,8,6
JCXmfQqVPl? PAIR C1=0,7,9,5,1,4,2,10,3,6,8 C2=0,3,9,1,7,4,5,2,8,10,6
JCXmfQqdjw? PAIR C1=1,5,4,10,2,8,9,3,6 C2=1,4,2,5,9,6,8,3,10
JCXmfQqdji? PAIR C1=0,6,1,5,4,7,10,2,8,3,9 C2=0,7,1,4,2,5,10,3,6,9,8
JCXmeqskjU? PAIR C1=0,6,3,8,5,1,10,7,4,2,9 C2=0,3,7,1,4,5,2,10,6,9,8
JCXmeqskjM? PAIR C1=0,6,3,8,5,4,1,7,10,2,9 C2=0,3,7,4,2,5,1,10,6,9,8
JCXmeqski]? PAIR C1=0,7,4,5,10,1,6,3,8,2,9 C2=0,3,7,1,5,2,4,10,6,9,8
JCXmeqskh]? PAIR C1=0,6,1,7,10,5,4,2,9,3,8 C2=0,3,7,4,1,5,8,2,10,6,9
JCXmeYq^De? PAIR C1=0,8,3,6,1,9,4,7,5,2,10 C2=0,3,9,5,1,4,2,8,6,10,7
JCXmeYq^Db? PAIR C1=0,6,1,9,3,8,2,4,5,7,10 C2=0,3,6,8,10,2,9,5,1,4,7
JCXmczoZdd? PAIR C1=0,8,1,6,9,4,2,5,7,3,10 C2=0,3,6,10,8,2,9,5,1,4,7
JCXmczoZdF? PAIR C1=0,8,3,7,4,5,2,9,1,6,10 C2=0,3,6,9,5,1,4,2,8,10,7
JCY^BbwdrM? PAIR C1=0,5,4,8,3,7,2,10,1,6,9 C2=0,3,5,9,7,10,6,2,4,1,8
JCY^BbkUte? PAIR C1=0,5,8,4,9,3,7,1,6,2,10 C2=0,3,5,4,2,8,1,9,7,10,6
JCY^BbkUtM? PAIR C1=0,3,9,7,10,6,1,4,2,8,5 C2=0,6,2,10,5,3,7,1,9,4,8
JCY^BbkUpm? PAIR C1=0,5,10,3,7,1,8,4,9,6 C2=0,3,9,7,10,6,1,4,5,8
JCY^BbkFva? PAIR C1=0,3,10,7,9,6,1,4,2,8,5 C2=0,6,2,10,1,7,3,5,9,4,8
JCY^Bb[krM? PAIR C1=0,6,9,3,7,1,10,5,8 C2=0,5,3,8,1,6,10,7,9
JCY^Bb[kq]? PAIR C1=0,6,9,3,7,1,4,10,5,8 C2=0,3,5,4,8,1,6,10,7,9
JCY^Bb[kp]? PAIR C1=0,6,9,3,7,1,4,10,5,8 C2=0,3,5,4,8,1,6,10,7,9
JCY^BbitP]? PAIR C1=0,6,2,7,3,9,5,10,4,8 C2=0,3,5,4,2,8,6,10,7,9
JCY^Bbi\Su? PAIR C1=0,5,4,10,3,9,2,7,1,8,6 C2=0,3,5,9,7,10,6,1,4,2,8
JCY^Bbi\S]? PAIR C1=0,5,10,4,2,7,3,9,1,6,8 C2=0,3,5,4,1,8,2,9,7,10,6
JCY^Bbi\O}? PAIR C1=0,5,10,4,2,7,3,9,1,6,8 C2=0,3,5,4,1,8,2,9,7,10,6
JCY^BbiTtq? PAIR C1=0,5,9,3,10,4,8,2,7,1,6 C2=0,3,5,4,1,9,7,10,2,6,8
JCY^BbiTtY? PAIR C1=0,6,2,7,3,9,5,10,4,8 C2=0,3,5,4,2,8,6,9,7,10
JCY^BbYlR[? PAIR C1=0,6,1,10,5,9,3,7,2,4,8 C2=0,3,8,6,10,2,9,7,1,4,5
JCY^BbYlQ]? PAIR C1=0,6,1,7,3,9,5,10,4,8 C2=0,3,5,4,1,8,6,10,7,9
JCY^BbYlP]? PAIR C1=0,6,1,7,3,9,5,10,4,8 C2=0,3,5,4,1,8,6,10,7,9
JCY^BbYXtq? PAIR C1=0,3,10,4,5,9,2,7,1,6,8 C2=0,5,3,8,1,4,2,10,7,9,6
JCY^BbYXtY? PAIR C1=0,3,7,1,6,2,9,5,10,4,8 C2=0,5,3,8,1,4,2,10,7,9,6
JCY^B`yxSu? PAIR C1=0,6,8,2,7,1,4,10,3,5,9 C2=0,3,8,1,9,7,10,6,2,4,5
JCY^B`ybvg? PAIR C1=0,6,1,8,2,7,3,10,5,4,9 C2=0,5,3,8,6,9,7,1,4,2,10
JCY^B`ybvI? PAIR C1=0,9,4,2,6,8,1,7,3,5,10 C2=0,3,8,2,10,7,9,6,1,4,5
JCY^BbM]TM? PAIR C1=0,6,2,7,3,9,4,8,5,10 C2=0,3,5,4,2,9,7,10,6,8
JCY^BbM]Pm? PAIR C1=0,5,10,2,7,3,9,1,4,8,6 C2=0,3,5,4,2,9,7,10,6,1,8
JCY^BbMNVc? PAIR C1=0,5,8,4,9,3,7,1,10,2,6 C2=0,3,5,9,7,2,4,1,8,6,10
JCY^Ba]{RM? PAIR C1=0,3,9,7,1,4,2,10,5,8,6 C2=0,5,4,8,3,7,10,1,6,2,9
JCY^Ba]]VI? PAIR C1=0,5,8,4,9,3,7,1,10,2,6 C2=0,3,5,10,7,9,2,4,1,6,8
JCY^Ba]]RM? PAIR C1=0,3,7,1,10,5,4,9,2,6,8 C2=0,5,3,8,4,2,10,7,9,1,6
JCY^Ba]ZVc? PAIR C1=0,6,2,7,3,8,5,4,9,1,10 C2=0,3,5,9,7,1,4,2,10,6,8
JCY^Ba]ZVa? PAIR C1=0,6,2,7,1,9,4,5,8,3,10 C2=0,3,5,9,7,10,2,4,1,6,8
JCY^Ba]ZRe? PAIR C1=0,3,10,1,7,2,6,8,4,9,5 C2=0,6,1,9,7,10,2,4,5,3,8
JCY^BbJ\dq? PAIR C1=0,8,6,1,7,3,9,5,4,10 C2=0,5,3,10,7,8,4,1,9,6
JCY^BbJNVg? PAIR C1=0,8,4,5,9,3,7,1,6,2,10 C2=0,3,5,10,1,4,2,9,7,8,6
JCY^BbJNRk? PAIR C1=0,6,2,7,3,10,5,9,4,8 C2=0,3,9,7,8,6,10,2,4,5
JCY^B`j|Cu? PAIR C1=0,5,9,3,7,2,8,6,1,4,10 C2=0,3,5,4,2,9,1,8,7,10,6
JCY^B`jvDe? PAIR C1=0,6,8,1,7,3,10,2,4,9 C2=0,3,9,1,4,8,7,2,6,10
JCY^B`jvDM? PAIR C1=0,3,7,8,6,1,9,4,2,10,5 C2=0,6,10,7,2,8,1,4,5,3,9
JCY^B`jffg? PAIR C1=0,6,2,7,3,9,5,4,8,1,10 C2=0,3,5,10,2,4,1,7,8,6,9
JCY^B`jffa? PAIR C1=0,6,1,8,4,9,5,3,7,2,10 C2=0,3,9,6,2,8,7,10,1,4,5
JCY^B`jffI? PAIR C1=0,5,10,1,7,3,9,4,8,2,6 C2=0,3,5,4,2,10,7,8,1,6,9
JCY^BaZ\fI? PAIR C1=0,3,7,1,9,6,8,4,2,10,5 C2=0,6,2,9,3,5,4,1,10,7,8
JCY^BaZZfI? PAIR C1=0,6,2,10,7,1,9,4,5,3,8 C2=0,3,7,8,4,2,9,6,1,10,5
JCdbFq]xbk? PAIR C1=0,4,3,10,2,5,8,6,9,1,7 C2=0,3,8,4,7,2,6,1,10,5,9
JCdbFjM]dk? PAIR C1=0,7,5,1,6,8,4,9,3,10 C2=0,4,3,7,1,9,6,10,5,8
JCdbFjM]d[? PAIR C1=0,8,6,1,5,7,3,9,4,10 C2=0,3,4,8,5,10,6,9,1,7
JCdbEyyxbk? PAIR C1=0,8,2,6,1,10,3,4,7,5,9 C2=0,3,7,1,9,2,5,10,6,8,4
JCdbFL{u`{? PAIR C1=0,7,6,1,5,8,3,10,4,9 C2=0,3,9,6,10,5,7,1,8,4
JCdbFL{fbs? PAIR C1=0,3,10,1,7,6,2,5,8,4,9 C2=0,4,3,8,1,5,9,6,10,2,7
JCdefa{Z`]? PAIR C1=0,6,3,7,2,9,4,10,5,8 C2=0,4,3,8,2,5,9,6,10,7
JCdefam^BU? PAIR C1=0,3,7,2,10,4,8,5,9,1,6 C2=0,4,3,9,2,5,1,7,10,6,8
JCdef`mZdY? PAIR C1=0,6,3,7,2,9,5,8,4,10 C2=0,3,4,9,6,8,2,5,10,7
JCdef`lZd[? PAIR C1=0,6,3,7,2,9,5,8,4,10 C2=0,3,4,9,6,10,5,2,8,7
JCdedrsZbU? PAIR C1=0,6,3,8,5,9,1,10,2,7 C2=0,3,7,10,6,9,2,5,1,8
JCdedplZfg? PAIR C1=0,3,6,1,10,2,9,5,8,4,7 C2=0,4,3,10,5,2,7,8,1,9,6
JCdedplZfc? PAIR C1=0,4,7,2,8,5,9,1,10,3,6 C2=0,3,4,9,6,10,2,5,1,8,7
JCdefH{ZdU? PAIR C1=0,6,3,8,5,7,2,9,4,10 C2=0,3,4,8,2,5,9,6,10,7
JCdefH{Z`u? PAIR C1=0,6,3,10,4,8,1,9,5,7 C2=0,3,8,5,1,7,10,6,9,4
JCdefIy^BU? PAIR C1=0,3,8,2,7,5,9,4,10,1,6 C2=0,4,3,9,2,5,1,7,10,6,8
JCdefIyZbw? PAIR C1=0,3,10,4,8,6,1,9,2,5,7 C2=0,4,3,6,9,5,10,1,7,2,8
JCdefIyZbq? PAIR C1=0,6,1,9,5,7,2,10,3,4,8 C2=0,3,8,6,9,2,5,1,7,10,4
JCdefIyZRs? PAIR C1=1,6,3,8,4,10,2,7,5,9 C2=1,5,2,8,6,10,3,4,9,7
JCdefHy^@]? PAIR C1=0,6,3,8,1,9,4,10,5,7 C2=0,3,9,5,1,7,10,6,8,4
JCdefHyZdq? PAIR C1=0,6,1,9,5,7,2,8,4,10 C2=0,4,9,6,8,1,5,2,10,7
JCdedjwZbU? PAIR C1=0,6,3,8,2,10,1,9,5,7 C2=0,3,7,10,6,9,2,5,1,8
JCdedji^BU? PAIR C1=0,7,5,9,2,10,1,6,3,4,8 C2=0,3,7,10,6,8,2,5,1,9,4
JCdedjiZbw? PAIR C1=0,6,3,10,4,8,2,9,1,5,7 C2=0,3,7,2,5,10,1,8,6,9,4
JCdedjiZbq? PAIR C1=0,4,10,2,9,5,7,3,6,1,8 C2=0,3,4,9,6,8,2,5,1,10,7
JCdedhlybs? PAIR C1=0,3,7,5,8,2,10,4,9,1,6 C2=0,4,3,10,6,9,2,5,1,8,7
JCdedhlZfo? PAIR C1=0,6,3,10,4,8,2,9,1,5,7 C2=0,4,3,7,8,1,6,9,5,2,10
JCdedhlZfS? PAIR C1=0,3,7,5,8,2,9,4,10,6 C2=0,7,8,4,3,6,9,5,2,10
JCdebZwjbe? PAIR C1=0,3,10,2,7,5,9,4,8,1,6 C2=0,4,3,8,2,5,1,7,10,6,9
JCdebZwj`m? PAIR C1=0,6,1,7,5,10,3,8,4,9 C2=0,3,4,7,10,6,9,5,1,8
JCdebZsmb[? PAIR C1=0,8,3,6,1,10,2,5,7,4,9 C2=0,4,3,9,2,7,1,8,5,10,6
JCdebZsmbU? PAIR C1=0,3,6,1,8,5,7,2,10,4,9 C2=0,4,3,9,6,10,7,1,5,2,8
JCdebZsZde? PAIR C1=0,4,7,2,10,3,8,5,9,1,6 C2=0,3,4,9,6,10,7,1,5,2,8
JCdebZsZdU? PAIR C1=0,3,6,9,4,7,1,8,5,2,10 C2=0,6,1,5,9,2,7,10,4,3,8
JCdebZkmbe? PAIR C1=0,6,3,10,1,8,5,7,2,9 C2=0,3,9,6,10,7,1,5,2,8
JCdebZk\de? PAIR C1=0,6,1,9,2,8,5,7,4,3,10 C2=0,3,9,6,10,7,2,5,1,8,4
JCdebZk\dU? PAIR C1=0,6,3,9,2,7,5,8,4,10 C2=0,3,4,7,10,6,9,5,2,8
JCdebZk\`u? PAIR C1=0,6,1,9,5,7,4,3,10,2,8 C2=0,3,9,6,10,7,2,5,1,8,4
JCdebY{{b[? PAIR C1=0,3,9,6,1,10,2,5,7,4,8 C2=0,4,3,6,10,5,8,2,7,1,9
JCdebY{{bU? PAIR C1=0,6,3,9,1,10,2,7,5,8 C2=0,3,8,2,5,1,7,10,6,9
JCdebY{{`]? PAIR C1=0,6,10,7,2,5,8,4,3,9 C2=0,4,7,5,10,2,9,6,3,8
JCdebY{ybe? PAIR C1=0,6,3,10,1,9,2,7,5,8 C2=0,3,8,2,5,1,7,10,6,9
JCdebY{y`m? PAIR C1=0,6,3,10,5,7,4,9,2,8 C2=0,4,3,8,5,2,7,10,6,9
JCdebZqZdi? PAIR C1=0,8,2,7,1,6,3,4,9,5,10 C2=0,3,8,6,9,1,5,2,10,7,4
JCdebZi^De? PAIR C1=0,6,1,7,5,9,2,10,3,4,8 C2=0,3,9,1,5,2,8,6,10,7,4
JCdebZi^@m? PAIR C1=0,3,9,4,7,2,5,10,6,1,8 C2=0,4,3,10,7,1,5,9,2,8,6
JCdebYyZfa? PAIR C1=0,8,2,7,5,9,4,3,6,1,10 C2=0,3,8,6,9,1,5,2,10,7,4
JCdebZe}@]? PAIR C1=0,6,3,9,4,10,5,7,1,8 C2=0,3,4,7,10,6,8,5,1,9
JCdebZembw? PAIR C1=0,3,10,4,7,5,2,8,1,6,9 C2=0,4,3,9,2,7,1,10,5,8,6
JCdebZembq? PAIR C1=0,4,9,3,10,2,7,5,8,1,6 C2=0,3,4,10,7,1,5,2,9,6,8
JCdebZe]dq? PAIR C1=0,4,10,3,6,1,9,2,7,5,8 C2=0,3,4,9,6,8,2,5,1,7,10
JCdebZe]dY? PAIR C1=0,6,8,5,7,2,9,3,4,10 C2=0,3,6,9,4,7,10,5,2,8
JCdebYu}B[? PAIR C1=0,6,1,10,2,5,7,4,9,3,8 C2=0,4,3,6,10,5,8,2,7,1,9
JCdebYu}BU? PAIR C1=0,3,8,5,7,2,10,4,9,1,6 C2=0,4,3,9,2,5,1,7,10,6,8
JCdebYu}@]? PAIR C1=0,8,3,6,1,7,5,10,4,9 C2=0,3,9,1,5,8,6,10,7,4
JCdebYuybw? PAIR C1=0,6,3,8,2,5,7,4,10,1,9 C2=0,4,3,10,5,1,7,2,9,6,8
JCdebYuybq? PAIR C1=0,4,10,3,6,1,9,2,7,5,8 C2=0,3,4,7,10,1,5,2,8,6,9
JCdebYm{bw? PAIR C1=0,8,6,1,10,3,4,7,5,2,9 C2=0,3,6,9,1,7,2,10,5,8,4
JCdebYm{bq? PAIR C1=0,4,10,3,6,1,9,2,7,5,8 C2=0,3,4,7,10,1,5,2,8,6,9
JCdebYm]fa? PAIR C1=1,6,3,10,2,7,5,8,4,9 C2=1,5,2,8,6,9,3,4,7,10
JCdebXl{d[? PAIR C1=0,3,9,6,1,7,5,2,8,4,10 C2=0,4,3,6,10,5,1,8,7,2,9
JCdebXlmfK? PAIR C1=0,6,3,9,4,7,5,8,2,10 C2=0,3,4,8,7,2,5,10,6,9
JCdebXllfo? PAIR C1=0,6,3,10,4,7,5,1,8,2,9 C2=0,3,4,8,7,1,6,9,5,2,10
JCdebXllfS? PAIR C1=0,3,9,6,1,7,5,2,8,4,10 C2=0,4,3,6,10,2,7,8,1,5,9
JCdedfk^BU? PAIR C1=0,4,10,2,7,3,9,5,8,1,6 C2=0,7,10,6,3,4,9,1,5,2,8
JCdedfkZbY? PAIR C1=0,6,3,7,2,9,4,10,1,5,8 C2=0,3,4,8,1,6,9,5,2,10,7
JCdeddmZVo? PAIR C1=0,6,1,8,5,9,2,10,4,3,7 C2=0,3,10,1,5,2,8,6,7,9,4
JCdbNbk]cm? PAIR C1=0,7,3,4,9,1,6,2,8,5,10 C2=0,3,9,6,10,7,2,5,1,8,4
JCdbNbk]c]? PAIR C1=0,4,8,1,7,3,9,6,2,5,10 C2=0,3,4,9,1,5,6,10,7,2,8
JCdbNb[mbY? PAIR C1=0,8,1,7,2,6,5,10,4,9 C2=0,4,8,5,1,6,9,2,10,7
JCdbNb[ma]? PAIR C1=0,7,3,8,4,10,5,6,2,9 C2=0,3,4,9,6,10,7,2,5,8
JCdbNb[Zds? PAIR C1=0,7,1,5,6,2,9,4,8,3,10 C2=0,4,3,7,2,10,6,1,9,5,8
JCdbNb[Zde? PAIR C1=0,4,8,5,6,1,9,2,10,3,7 C2=0,3,4,9,6,10,7,2,5,1,8
JCdbNb[ZdU? PAIR C1=0,7,3,4,10,2,9,1,6,5,8 C2=0,3,8,1,5,2,7,10,6,9,4
JCdbNbM^Ds? PAIR C1=0,7,2,5,6,1,8,4,9,3,10 C2=0,4,3,7,1,5,9,2,10,6,8
JCdbNbM^De? PAIR C1=0,8,4,9,5,6,1,7,3,10 C2=0,4,3,9,1,5,8,6,10,7
JCdbNbM^DU? PAIR C1=0,7,3,9,2,6,5,8,4,10 C2=0,3,4,9,5,2,7,10,6,8
JCdbNbM^@u? PAIR C1=0,7,2,6,5,9,3,10,4,8 C2=0,3,7,10,6,8,5,2,9,4
JCdbNbMNfo? PAIR C1=0,7,3,9,2,5,6,1,8,4,10 C2=0,4,3,10,2,7,1,5,9,6,8
JCdbNbMNfa? PAIR C1=0,7,2,6,5,8,4,9,3,10 C2=0,4,3,7,10,2,5,9,6,8
JCdbNbMNfQ? PAIR C1=0,8,5,6,2,7,3,9,4,10 C2=0,3,4,8,6,9,5,2,10,7
JCdbN`m}Cm? PAIR C1=0,4,9,1,6,2,8,5,10,3,7 C2=0,3,4,8,6,10,7,1,5,2,9
JCdbN`m}C]? PAIR C1=0,3,7,10,5,1,6,2,8,4,9 C2=0,4,3,9,1,7,2,5,8,6,10
JCdbN`mffo? PAIR C1=0,3,9,5,6,8,2,10,4 C2=0,9,6,2,5,8,4,3,10
JCdbN`mffa? PAIR C1=0,7,1,6,5,8,2,10,3,9 C2=0,3,7,2,5,9,6,8,1,10
JCdbN`mffQ? PAIR C1=0,3,9,4,10,2,8,5,6,1,7 C2=0,4,3,7,2,5,9,6,8,1,10
JCdbNa]}BY? PAIR C1=0,3,4,9,2,10,7,1,5,6,8 C2=0,4,10,5,8,3,7,2,6,1,9
JCdbNbhfbw? PAIR C1=1,7,3,10,4,9,6,5,2,8 C2=1,6,2,7,8,4,3,9,5,10
JCdbNbhV`{? PAIR C1=0,7,2,6,5,9,3,10,4,8 C2=0,3,7,8,2,5,10,6,9,4
JCdbNbLmbw? PAIR C1=0,4,9,3,10,2,6,5,1,7,8 C2=0,3,4,8,5,10,1,6,9,2,7
JCdbNbLmbs? PAIR C1=0,4,9,3,10,2,5,6,1,7,8 C2=0,3,4,8,5,1,10,6,9,2,7
JCdbNbL]dw? PAIR C1=0,7,8,1,6,5,2,9,3,4,10 C2=0,3,7,1,9,6,2,10,5,8,4
JCdbNbL]`{? PAIR C1=0,7,2,6,5,10,3,9,4,8 C2=0,3,7,8,5,2,9,6,10,4
JCdbNbLNfo? PAIR C1=0,4,9,2,5,6,1,8,7,3,10 C2=0,3,4,8,5,9,6,2,10,1,7
JCdbNa\ybw? PAIR C1=0,4,9,1,5,6,2,10,3,7,8 C2=0,3,4,8,5,10,1,6,9,2,7
JCdbMrwlbY? PAIR C1=0,4,7,10,1,6,5,2,9,3,8 C2=0,3,4,10,5,9,6,2,8,1,7
JCdbMrwl`]? PAIR C1=0,8,3,7,4,10,5,6,2,9 C2=0,3,4,8,2,5,9,6,10,7
JCdbMq{{bY? PAIR C1=0,8,4,7,10,1,6,5,2,9 C2=0,4,10,5,8,2,6,9,1,7
JCdbMre}@y? PAIR C1=0,7,4,9,3,10,2,5,6,1,8 C2=0,3,7,1,9,2,6,8,5,10,4
JCdbMrenBe? PAIR C1=0,7,4,9,3,10,1,6,5,8 C2=0,4,3,7,10,6,8,1,5,9
JCdbMre^Ds? PAIR C1=0,3,10,4,9,1,6,5,8 C2=0,4,3,9,5,1,8,6,10
JCdbMre^De? PAIR C1=0,8,5,6,1,9,4,7,3,10 C2=0,4,3,9,5,1,8,6,10,7
JCdbMre^@u? PAIR C1=0,7,3,10,4,9,1,6,5,8 C2=0,3,9,5,1,8,6,10,7,4
JCdbMreNfo? PAIR C1=0,4,10,3,9,5,6,1,8 C2=0,3,4,9,6,8,5,1,10
JCdbMreNfa? PAIR C1=0,3,7,1,6,8,5,9,4 C2=0,7,4,3,9,6,5,1,8
JCdbMreNbq? PAIR C1=0,3,10,2,6,1,8,5,9,4,7 C2=0,4,10,1,7,3,9,2,5,6,8
JCdbMquzBs? PAIR C1=0,7,3,8,2,5,6,1,10,4,9 C2=0,3,4,7,1,5,9,2,10,6,8
JCdbMquzBe? PAIR C1=0,8,5,2,6,1,10,3,7,4,9 C2=0,4,3,8,2,9,1,5,6,10,7
JCdbMquzBU? PAIR C1=0,8,3,7,4,10,1,6,5,9 C2=0,3,4,9,1,5,8,6,10,7
JCdbMrpjbw? PAIR C1=0,7,4,10,3,8,1,6,5,2,9 C2=0,4,3,7,1,10,5,9,6,2,8
JCdbMrpZdw? PAIR C1=0,4,10,3,7,1,5,9,6,2,8 C2=0,3,4,9,2,10,5,6,1,8,7
JCdbMrpZd[? PAIR C1=0,8,1,7,4,9,6,2,5,10 C2=0,4,10,6,1,5,9,2,8,7
JCdbMqxxbw? PAIR C1=0,7,8,3,10,2,5,6,1,9 C2=0,3,7,1,10,5,9,6,2,8
JCdbMqxxbk? PAIR C1=0,7,1,5,9,6,2,10,3,4,8 C2=0,4,7,3,8,2,5,6,10,1,9
JCdbMrdmbw? PAIR C1=0,7,8,2,6,5,1,10,3,9 C2=0,3,7,1,6,9,2,10,5,8
JCdbMrdmbs? PAIR C1=0,7,8,1,5,6,2,10,3,9 C2=0,3,7,1,10,6,9,2,5,8
JCdbMrd]`{? PAIR C1=0,7,3,10,4,9,1,6,5,8 C2=0,3,9,6,10,5,1,8,7,4
JCdbMqtybw? PAIR C1=0,7,4,10,3,8,2,6,5,1,9 C2=0,4,3,7,1,6,9,2,10,5,8
JCdbMqtybs? PAIR C1=0,4,9,1,5,6,2,10,3,8,7 C2=0,3,4,7,1,10,6,9,2,5,8
JCdbMqf}Bw? PAIR C1=0,7,4,10,3,9,1,6,2,5,8 C2=0,4,3,7,8,6,5,1,10,2,9
JCdbMpf}Dw? PAIR C1=0,3,10,4,9,1,5,6,2,8,7 C2=0,9,3,4,7,1,6,8,5,2,10
JCdbMpf}Dk? PAIR C1=0,3,10,2,8,5,6,1,7,4,9 C2=0,4,3,9,2,6,10,5,1,8,7
JCdbMpfnFc? PAIR C1=0,3,7,4,9,2,5,1,8,6,10 C2=0,4,3,10,2,8,7,1,6,5,9
JCdbNJw]_}? PAIR C1=0,3,8,4,10,5,6,1,9,2,7 C2=0,4,3,9,6,10,7,1,5,2,8
JCdbNJ[]`u? PAIR C1=0,7,5,6,1,9,4,10,3,8 C2=0,3,9,6,10,7,1,5,8,4
JCdbNHyu`y? PAIR C1=0,4,10,2,5,7,1,6,8,3,9 C2=0,3,4,9,6,2,8,1,5,10,7
JCdbNI]]fo? PAIR C1=0,3,9,2,7,5,6,1,10,4,8 C2=0,4,9,6,8,3,10,2,5,1,7
JCdbNI]]bq? PAIR C1=0,3,9,2,6,5,8,4,10,1,7 C2=0,4,3,10,7,2,5,1,9,6,8
JCdbNI\]bs? PAIR C1=0,4,9,2,10,3,8,5,6,1,7 C2=0,3,4,10,6,9,1,5,2,7,8
JCdbMji]dw? PAIR C1=0,8,4,9,3,7,5,1,6,2,10 C2=0,4,3,10,5,2,9,6,8,1,7
JCdbMji]di? PAIR C1=0,7,5,6,2,8,4,9,3,10 C2=0,4,3,7,10,5,2,9,6,8
JCdbMji]dY? PAIR C1=0,8,2,6,5,7,3,9,4,10 C2=0,3,4,8,6,9,2,5,10,7
JCdbMiy}BY? PAIR C1=0,4,8,3,9,1,6,2,5,10,7 C2=0,3,4,10,1,7,5,6,8,2,9
JCdbMiy}BU? PAIR C1=0,4,9,3,8,2,5,1,6,10,7 C2=0,3,4,10,2,9,1,7,5,6,8
JCdbMiy}@]? PAIR C1=0,7,1,6,5,10,4,8,3,9 C2=0,3,4,9,1,5,7,10,6,8
JCdbMhm}De? PAIR C1=0,7,5,6,1,8,4,9,3,10 C2=0,4,3,7,10,6,8,5,1,9
JCdbMhm}DU? PAIR C1=0,9,3,7,5,6,1,8,4,10 C2=0,3,4,9,1,5,8,6,10,7
JCdbMhmmfo? PAIR C1=0,9,4,8,2,6,1,5,7,3,10 C2=0,4,3,9,6,8,5,2,10,1,7
JCdbMhmmfQ? PAIR C1=0,9,3,7,5,6,2,8,4,10 C2=0,3,4,9,6,8,5,2,10,7
JCdbMhmmVS? PAIR C1=0,3,9,7,5,2,6,1,8,4,10 C2=0,4,3,7,1,5,8,6,10,2,9
JCdbMil]fo? PAIR C1=0,7,1,5,2,6,9,3,10,4,8 C2=0,3,7,8,5,6,1,10,2,9,4
JCdbMij}Bw? PAIR C1=0,7,3,9,2,6,5,1,10,4,8 C2=0,4,3,10,2,5,7,8,6,1,9
JCdbKzsybe? PAIR C1=0,4,7,5,2,6,9,1,10,3,8 C2=0,3,4,9,2,8,1,5,6,10,7
JCdbKzsybU? PAIR C1=0,4,10,2,6,9,1,8,5,7 C2=0,8,2,5,1,6,10,7,4,9
JCdbKzq}BY? PAIR C1=0,7,4,10,2,6,5,1,9,3,8 C2=0,4,3,7,5,10,1,6,8,2,9
JCdbKzq}BU? PAIR C1=0,7,10,2,6,5,1,8,3,9 C2=0,3,7,5,2,9,1,10,6,8
JCdbKze}Bq? PAIR C1=0,7,5,6,2,10,3,4,9,1,8 C2=0,3,9,2,5,8,6,1,10,7,4
JCdbKze}Be? PAIR C1=0,7,5,6,1,9,3,10,2,8 C2=0,3,7,10,6,8,1,5,2,9
JCdbKze]fo? PAIR C1=0,8,5,1,6,2,9,3,7,4,10 C2=0,3,4,9,6,8,1,10,2,5,7
JCdbKze]fa? PAIR C1=0,3,7,4,9,2,6,5,8 C2=0,4,3,9,6,8,2,5,7
JCdbKzb}Bw? PAIR C1=0,4,9,3,10,2,8,1,6,5,7 C2=0,3,4,7,8,6,2,5,10,1,9
JCdbKzb^Bs? PAIR C1=0,4,7,3,10,2,6,5,1,8 C2=0,3,4,10,1,6,8,2,5,7
JCdbML{}@u? PAIR C1=0,7,5,1,6,2,8,4,10,3,9 C2=0,3,8,1,7,10,6,5,2,9,4
JCdbML{mbq? PAIR C1=1,7,5,6,2,8,4,9,3,10 C2=1,5,2,9,6,7,10,4,3,8
JCdbML{mRs? PAIR C1=1,7,5,6,2,8,4,9,3,10 C2=1,5,2,9,7,6,10,4,3,8
JCdbMK}}Bq? PAIR C1=0,7,5,6,1,10,3,8,4,9 C2=0,3,9,1,5,8,6,7,10,4
JCdbJNw}C{? PAIR C1=0,3,9,1,7,2,5,6,10,4,8 C2=0,4,3,10,5,7,6,1,8,2,9
JCdbJM]}Fa? PAIR C1=0,3,8,4,9,1,6,5,7,2,10 C2=0,4,3,9,2,5,1,10,7,6,8
JCdbKnw}B[? PAIR C1=0,7,5,6,1,10,2,8,3,9 C2=0,3,7,6,10,5,2,9,1,8
JCdbKnw}BY? PAIR C1=1,6,2,10,5,7,3,8,4,9 C2=1,5,6,7,10,4,3,9,2,8
JCdbKlm}FQ? PAIR C1=0,4,9,3,7,5,6,1,8,2,10 C2=0,3,4,8,6,7,10,1,5,2,9
JCdffP[nBF? PAIR C1=0,6,10,1,5,2,9,3,8,4,7 C2=0,4,3,6,2,10,7,1,8,5,9
JCdffP[n@N? PAIR C1=0,7,4,8,1,5,10,6,3,9 C2=0,3,4,9,5,8,10,7,1,6
JCdffP[lbY? PAIR C1=0,7,4,10,1,6,3,8,5,2,9 C2=0,3,9,6,2,7,10,5,1,8,4
JCdffP[l`Z? PAIR C1=0,7,4,8,5,10,2,6,3,9 C2=0,4,3,8,10,7,2,5,9,6
JCdev`kjbi? PAIR C1=0,6,1,10,3,7,2,5,8,4,9 C2=0,4,3,6,9,2,8,1,5,10,7
JCdev`kjbb? PAIR C1=0,3,7,2,10,1,8,4,9,6 C2=0,4,3,6,1,7,10,8,2,9
JCdev`kj`j? PAIR C1=0,6,1,7,3,10,5,8,4,9 C2=0,4,3,6,9,5,1,8,10,7
JCdfKxw}BF? PAIR C1=1,9,4,7,3,8,2,5,6,10 C2=1,5,7,10,8,4,3,9,2,6
JCdfKxw{R[? PAIR C1=0,3,9,7,4,10,1,5,6 C2=0,4,3,7,5,10,6,1,9
JCdfKxw]NI? PAIR C1=0,3,8,4,9,1,10,2,6,5,7 C2=0,4,3,7,10,5,2,9,8,1,6
JCden`kmbY? PAIR C1=0,4,10,1,7,2,8,5,6,3,9 C2=0,3,4,8,1,6,9,2,5,10,7
JCden`kmbR? PAIR C1=0,3,9,6,1,5,2,7,10,8,4 C2=0,6,5,8,1,10,2,9,4,3,7
JCden`kmaZ? PAIR C1=0,3,9,6,1,5,2,7,10,8,4 C2=0,6,3,4,9,2,8,5,10,1,7
JCdelpk{bY? PAIR C1=0,3,7,2,9,1,10,4,8,5,6 C2=0,4,3,9,6,1,8,2,5,10,7
JCdelpk{bR? PAIR C1=0,3,9,6,1,5,2,7,10,8,4 C2=0,6,5,8,1,9,2,10,4,3,7
JCdelpk{aZ? PAIR C1=0,7,2,8,4,10,5,6,3,9 C2=0,4,3,7,10,8,5,2,9,6
JQhTQjwpp{? PAIR C1=0,6,2,8,3,10,5,7,1,9 C2=0,2,10,6,9,7,3,5,1,8
JQhTQjwhq{? PAIR C1=0,6,2,4,8,3,7,1,10,5,9 C2=0,2,8,1,3,5,7,9,6,10,4
JQhTQjitP{? PAIR C1=0,6,8,2,10,3,5,7,1,9 C2=0,2,6,10,5,9,7,3,1,8
JQhTQjilQ{? PAIR C1=0,2,9,3,5,7,1,10,4,8,6 C2=0,4,2,6,10,5,9,7,3,1,8
JQhTQjilO}? PAIR C1=0,2,9,3,7,1,5,10,4,8,6 C2=0,4,2,6,10,7,9,5,3,1,8
JQhTV`[jam? PAIR C1=0,2,7,1,5,10,3,8,4,9,6 C2=0,4,2,6,10,7,3,1,8,5,9
JQhTV`[jal? PAIR C1=0,7,3,10,1,5,8,4,6,2,9 C2=0,2,7,1,8,3,5,10,6,9,4
JQhTV`[jaN? PAIR C1=0,7,3,8,1,5,10,6,4,2,9 C2=0,2,6,9,5,3,1,7,10,8,4
JQhTVPUnAm? PAIR C1=0,6,2,9,3,10,5,8,1,7 C2=0,2,7,10,6,8,3,1,5,9
JQhTVPUnAf? PAIR C1=0,7,2,4,6,10,1,5,8,3,9 C2=0,2,6,8,10,7,1,3,5,9,4
JQhTVPUlay? PAIR C1=0,2,9,5,8,3,10,1,7,4,6 C2=0,4,2,7,10,5,3,1,8,6,9
JQhTVPUlar? PAIR C1=0,7,1,10,3,8,6,4,2,9 C2=0,2,6,9,3,1,8,10,7,4
JQhTVPUl_z? PAIR C1=0,2,6,9,3,8,1,5,10,4,7 C2=0,4,2,9,5,3,1,7,10,8,6
