I?Bvfrw}? PAIR C1=0,5,3,7,2,8,1,9 C2=0,7,1,5,2,9,3,8
I?BvVrw}? PAIR C1=0,5,2,8,3,7,4,6,1,9 C2=0,6,2,7,1,5,3,9,4,8
I?bffp{}? PAIR C1=0,6,1,5,2,9,3,8,4,7 C2=0,4,9,1,7,3,6,2,8,5
I?bffp{{_ PAIR C1=0,7,3,6,1,8,5,2,9 C2=0,5,1,7,2,8,3,9,6
I?bffp{x_ NOPAIR
I?bfVp{}? PAIR C1=0,5,2,7,4,8,1,9 C2=0,4,9,2,8,5,1,7
I?bfVp{{_ PAIR C1=0,5,1,6,4,8,2,7 C2=0,4,7,1,8,5,2,6
I?bevp{r_ NOPAIR
I?bbvrw}? PAIR C1=1,6,4,7,3,8,2,9 C2=1,7,2,6,3,9,4,8
I?bbvrw^? PAIR C1=0,5,2,9,3,6,4,7,1,8 C2=0,4,9,5,1,6,2,8,3,7
I?bbvrwy_ PAIR C1=0,7,2,9,1,6,4,8 C2=0,4,7,1,8,2,6,9
I?bbvjw}? PAIR C1=0,5,2,9,1,6,4,8,3,7 C2=0,4,9,3,6,2,7,5,1,8
I?bbvZw}? PAIR C1=0,5,2,8,4,7,1,9 C2=0,4,9,2,7,5,1,8
I?bbvZw^? PAIR C1=0,5,1,9,2,8,4,7 C2=0,4,9,5,2,7,1,8
I?bbrzw^? PAIR C1=1,8,2,5,7,4,6,3,9 C2=1,5,9,4,8,3,7,2,6
I?bbrzwZ_ NOPAIR
I?`vfrw}? PAIR C1=0,7,1,6,3,9,2,8 C2=0,6,2,7,3,8,1,9
I?`vfrw{_ PAIR C1=0,7,1,6,3,8,2,9 C2=0,6,2,7,3,9,1,8
I?`vfrw]_ PAIR C1=0,6,1,9,3,7,4,8 C2=0,4,9,6,3,8,1,7
I?`vfjw}? PAIR C1=0,6,3,9,1,8,2,7 C2=0,8,3,7,1,6,2,9
I?`vfZw|? PAIR C1=0,6,2,9,3,8,1,5,7 C2=0,8,2,7,1,6,3,5,9
I?`vfZwx_ NOPAIR
I?`vbzw{_ PAIR C1=1,5,7,3,6,2,9 C2=1,6,9,3,5,2,7
I?`vbzw]_ PAIR C1=1,7,5,2,6,3,9 C2=1,5,3,7,2,9,6
I?`vVrw}? PAIR C1=0,7,4,6,1,9,2,8 C2=0,6,2,7,1,8,4,9
I?`vVrw|? PAIR C1=0,7,4,6,2,8,1,5,3,9 C2=0,4,8,3,7,2,5,9,1,6
I?`vVrwy_ PAIR C1=0,6,2,9,1,8,4,7 C2=0,4,9,6,1,7,2,8
I?`vVjwz? NOPAIR
I?`vVjw{_ PAIR C1=0,6,2,7,5,3,9,1,8 C2=0,7,3,8,2,5,1,6,9
I?`vVjwx_ NOPAIR
I?`vVZw}? PAIR C1=0,7,4,6,1,9,2,8 C2=0,6,2,7,1,8,4,9
I?`vNrw}? PAIR C1=0,7,4,8,1,6,2,5,3,9 C2=0,4,9,2,8,3,7,1,5,6
I?`vNrwx_ NOPAIR
I?`rnrw}? PAIR C1=0,8,4,7,2,5,3,6,1,9 C2=0,4,9,2,6,5,1,8,3,7
I?`rnrw|? NOPAIR
I?bvbrw}? PAIR C1=0,5,1,6,3,9,2,8 C2=0,6,2,5,3,8,1,9
I?bvbrw|? PAIR C1=0,5,3,9,2,8,1,6 C2=0,8,3,6,2,5,1,9
I?bvbrw^? PAIR C1=0,5,1,7,4,8,2,9,3,6 C2=0,4,9,5,3,7,2,6,1,8
I?bvbrwx_ NOPAIR
I?bvbrw\_ NOPAIR
I?bvbrwr_ PAIR C1=0,5,2,6,3,8,4,7,1,9 C2=0,4,9,6,1,5,3,7,2,8
I?bvbrwZ_ PAIR C1=0,5,3,6,2,7,1,9,4,8 C2=0,4,7,3,8,1,5,2,9,6
I?bvbrw{O PAIR C1=0,5,3,6,1,8,2,9 C2=0,6,2,5,1,9,3,8
I?bvbrwyO PAIR C1=0,5,2,6,3,7,4,8,1,9 C2=0,4,9,7,2,8,3,5,1,6
I?bvbrw]O PAIR C1=0,4,8,3,9,7,2,6,1,5 C2=0,6,3,5,2,9,4,7,1,8
I?bvbrwxO PAIR C1=0,8,1,7,2,6,3,5,9 C2=0,5,2,8,3,7,9,1,6
I?bvbrw\O NOPAIR
I?bvbrwrO PAIR C1=0,4,9,7,3,8,2,6,1,5 C2=0,6,3,5,2,7,4,8,1,9
I?bvbrwXo NOPAIR
I?bvbrwbo PAIR C1=0,5,9,4,7,2,6,3,8 C2=0,4,8,2,5,3,7,9,6
I?bvbrsy_ PAIR C1=0,6,2,9,1,5,8 C2=0,5,2,8,1,6,9
I?bvbp{{_ PAIR C1=1,5,8,3,6,2,9 C2=1,6,9,3,5,2,8
I?bvV`{yO PAIR C1=0,4,6,2,9,1,8,5 C2=0,6,1,5,2,8,4,9
I?bvV`y|? PAIR C1=0,5,9,3,7,2,8,1,6 C2=0,7,1,5,3,8,6,2,9
I?brvRw}? PAIR C1=0,8,3,5,2,6,4,7,1,9 C2=0,5,1,6,3,9,4,8,2,7
I?brvRw|? PAIR C1=0,5,2,7,4,6,3,9,1,8 C2=0,4,8,3,5,9,2,6,1,7
I?brvRwz? PAIR C1=0,5,2,9,1,8,4,7 C2=0,4,9,5,1,7,2,8
I?brvRwv? PAIR C1=0,7,4,8,1,6,2,5,3,9 C2=0,4,6,3,8,2,7,1,9,5
I?brvRw^? PAIR C1=0,5,1,9,2,7,4,8 C2=0,4,9,5,2,8,1,7
I?brvRwx_ PAIR C1=0,8,4,7,2,6,1,9 C2=0,4,6,9,2,8,1,7
I?brvRwt_ PAIR C1=0,7,1,8,4,6,2,5,3,9 C2=0,4,7,2,8,3,6,9,1,5
I?brvRwr_ PAIR C1=0,8,4,6,1,7,2,5,9 C2=0,5,1,8,2,6,9,4,7
I?brvRwf_ PAIR C1=0,7,4,9,5,2,6,1,8 C2=0,5,1,7,2,8,4,6,9
I?brvRw{O PAIR C1=0,4,8,3,9,7,2,6,1,5 C2=0,7,4,6,3,5,2,9,1,8
I?brvRwyO NOPAIR
I?brvRwuO PAIR C1=0,4,8,3,9,7,2,6,1,5 C2=0,7,1,9,4,6,3,5,2,8
I?brvRwxO NOPAIR
I?brvRwtO PAIR C1=0,4,8,3,9,7,2,6,1,5 C2=0,7,4,6,3,5,2,8,1,9
I?brvRwrO NOPAIR
I?brvRwZO PAIR C1=0,4,8,2,9,5,1,7 C2=0,5,2,7,4,9,1,8
I?brvRwVO PAIR C1=0,4,8,3,9,7,2,6,1,5 C2=0,7,1,9,4,6,3,5,2,8
I?brvRwXo PAIR C1=0,4,7,2,8,1,6,9,5 C2=0,7,9,1,5,2,6,4,8
I?brvRwdo PAIR C1=0,8,2,7,4,6,1,5,9 C2=0,4,8,1,7,9,6,2,5
I?brvRwbo PAIR C1=0,8,1,7,4,6,2,5,9 C2=0,4,8,2,7,9,6,1,5
I?brvRsy_ NOPAIR
I?brvRsyO PAIR C1=0,7,2,8,5,1,9 C2=0,5,2,9,7,1,8
I?brvRpz? PAIR C1=0,7,2,8,1,5,9 C2=0,5,2,9,1,7,8
I?brvRp{_ PAIR C1=0,5,1,6,2,9,3,8,7 C2=0,8,1,7,2,5,3,6,9
I?brvRh^? PAIR C1=0,5,2,9,1,7,4,8 C2=0,4,9,5,1,8,2,7
I?bnV`{{_ NOPAIR
I?bnV`x}? PAIR C1=0,5,4,8,2,7,1,9 C2=0,4,9,2,5,1,8,7
I?qffp{|? PAIR C1=0,5,2,9,1,7,4,8,3,6 C2=0,4,1,6,2,8,5,9,3,7
I?qffp{{_ PAIR C1=0,6,3,8,2,7,4,1,9 C2=0,4,8,1,6,2,9,3,7
I?qffp{y_ NOPAIR
I?qffp{x_ PAIR C1=0,4,1,7,2,8,5,9 C2=0,5,2,9,1,8,4,7
I?qffX{^? PAIR C1=1,8,4,7,5,2,9 C2=1,4,9,5,8,2,7
I?qfbx{^? PAIR C1=1,8,4,7,5,2,9 C2=1,4,9,5,8,2,7
I?qdrzsj_ NOPAIR
I?qbvrsy_ NOPAIR
I?qbvjs}? PAIR C1=0,5,2,6,4,9,3,8,1,7 C2=0,4,1,6,3,7,5,8,2,9
I?qa~jwr_ NOPAIR
I?ovfrw|? PAIR C1=0,7,4,1,8,2,6,3,9 C2=0,4,8,3,7,2,9,1,6
I?ovfrs{_ PAIR C1=0,6,3,9,2,8,1,7 C2=0,8,3,7,2,6,1,9
I?ovfq{}? PAIR C1=0,7,2,9,3,6,1,4,8 C2=0,4,9,1,7,3,8,2,6
I?ovfq{{_ PAIR C1=0,4,7,3,9,1,6,2,8 C2=0,6,3,8,4,1,7,2,9
I?ovfq{m_ PAIR C1=0,6,2,9,3,8,4,7 C2=0,4,9,6,3,7,2,8
I?ovfZk|? NOPAIR
I?ovfZkn? PAIR C1=0,8,4,7,5,2,9 C2=0,4,9,5,8,2,7
I?ovfZ[|? PAIR C1=0,6,1,7,4,8,3,5,2,9 C2=0,4,1,8,5,9,3,6,2,7
I?ovVrs}? NOPAIR
I?ovVrs|? PAIR C1=0,6,4,7,2,5,3,8,1,9 C2=0,4,1,6,2,8,5,9,3,7
I?ovVrsz? NOPAIR
I?ovVrs{_ NOPAIR
I?ovVrsy_ NOPAIR
I?ovVrsx_ NOPAIR
I?ovVjsz? NOPAIR
I?ovVjsx_ PAIR C1=0,8,5,7,2,6,1,9 C2=0,6,9,5,2,8,1,7
I?ovVZs{_ NOPAIR
I?ovUzs|? PAIR C1=0,6,4,7,1,9,2,5,3,8 C2=0,4,1,6,2,8,5,9,3,7
I?ovTzsz? PAIR C1=0,6,4,7,5,2,8,1,9 C2=0,7,2,6,1,4,9,5,8
I?otvrs}? PAIR C1=0,6,4,1,9,3,7,2,8 C2=0,4,9,2,6,3,8,1,7
I?otvrs|? PAIR C1=0,6,4,7,1,8,3,5,2,9 C2=0,4,1,9,5,8,2,6,3,7
I?otvrsn? NOPAIR
I?otvrs{_ PAIR C1=0,4,7,2,9,1,8,3,6 C2=0,8,2,6,4,1,7,3,9
I?otvrsm_ NOPAIR
I?otvrs]_ PAIR C1=0,7,3,6,4,1,9,2,8 C2=0,4,9,3,8,1,7,2,6
I?ottzs]_ PAIR C1=0,6,4,7,5,2,9,3,8 C2=0,4,9,6,2,8,5,3,7
I?otrzs}? PAIR C1=0,6,4,7,3,5,2,9,1,8 C2=0,4,1,7,5,8,2,6,3,9
I?otrzsm_ PAIR C1=0,6,4,7,5,2,8,3,9 C2=0,4,9,6,2,7,3,5,8
I?ou^jwx_ PAIR C1=0,7,1,8,4,6,5,2,9 C2=0,4,1,6,9,5,7,2,8
I?ot^rsj_ NOPAIR
I?redxyN_ PAIR C1=0,4,9,3,8,6,1,5,2,7 C2=0,5,9,2,8,1,4,7,3,6
I?re`~wr_ NOPAIR
I?re`~wN_ PAIR C1=0,4,9,2,8,1,5,7,3,6 C2=0,5,2,7,4,1,6,9,3,8
I?rffa{Xo NOPAIR
I?rffa{To PAIR C1=0,6,3,9,5,8,2,7 C2=0,5,2,6,9,7,3,8
I?rffa{Ro PAIR C1=0,7,1,6,2,5,9,4,8 C2=0,4,1,5,8,2,7,9,6
I?rfdrwN_ PAIR C1=0,5,1,8,4,7,2,9,3,6 C2=0,4,1,6,9,5,2,8,3,7
I?rfdrwYo PAIR C1=0,6,9,1,4,8,2,7 C2=0,4,7,9,2,6,1,8
I?rfdrkN_ PAIR C1=0,6,1,5,2,9,4,8 C2=0,4,1,8,2,6,9,5
I?rfdp{z? NOPAIR
I?rfdp{n? PAIR C1=0,5,1,8,2,7,4,9,3,6 C2=0,4,1,6,2,9,5,8,3,7
I?rfdp{^? PAIR C1=0,5,2,8,3,6,1,9,4,7 C2=0,4,1,8,5,9,3,7,2,6
I?rfdp{{_ PAIR C1=0,5,1,9,2,6,3,8,4,7 C2=0,4,1,8,5,2,7,3,9,6
I?rfdp{y_ PAIR C1=0,6,2,5,1,8,4,9 C2=0,4,1,6,9,2,8,5
I?rfdp{m_ PAIR C1=0,5,2,9,3,6,1,8,4,7 C2=0,4,1,5,8,3,7,2,6,9
I?rfdp{]_ PAIR C1=0,6,3,8,1,5,2,9,4,7 C2=0,4,1,6,9,3,7,2,8,5
I?rfdp{r_ NOPAIR
I?rfdp{j_ PAIR C1=0,6,1,4,8,5,2,9 C2=0,4,9,6,2,8,1,5
I?rfdp{f_ PAIR C1=0,7,4,8,2,5,1,6,3,9 C2=0,4,1,8,3,7,2,6,9,5
I?rfdp{N_ PAIR C1=0,5,2,9,3,7,4,8,1,6 C2=0,4,1,5,9,6,3,8,2,7
I?rfdp{{O PAIR C1=0,5,2,9,3,7,4,8,1,6 C2=0,4,1,5,8,3,6,2,7,9
I?rfdp{yO PAIR C1=0,5,1,9,2,8,4,7 C2=0,4,1,8,5,2,7,9
I?rfdp{xO PAIR C1=0,4,7,2,5,8,1,9 C2=0,5,1,4,8,2,9,7
I?rfdp{tO PAIR C1=0,5,2,7,4,8,1,6,3,9 C2=0,4,1,5,9,7,3,8,2,6
I?rfdp{jO NOPAIR
I?rfdp{ZO NOPAIR
I?rfdp{fO PAIR C1=0,5,1,6,2,7,4,8,3,9 C2=0,4,1,8,2,5,9,7,3,6
I?rfdp{VO PAIR C1=0,5,2,6,1,8,4,9,3,7 C2=0,4,1,5,9,7,2,8,3,6
I?rfdp{NO PAIR C1=0,6,3,9,4,8,1,5,2,7 C2=0,4,1,6,2,8,3,7,9,5
I?rfdp{wo PAIR C1=0,7,4,1,5,8,2,9 C2=0,4,8,1,9,7,2,5
I?rfdp{so PAIR C1=0,7,2,5,8,1,6,3,9 C2=0,5,1,9,7,3,8,2,6
I?rfdp{io PAIR C1=0,5,8,2,7,4,1,6,9 C2=0,6,2,5,1,8,4,9,7
I?rfdp{Yo PAIR C1=0,5,8,2,7,4,9,1,6 C2=0,4,8,1,5,2,6,9,7
I?rfdp{Mo PAIR C1=0,4,9,2,6,1,5,8,3,7 C2=0,5,2,8,1,4,7,9,3,6
I?rfdp{po PAIR C1=0,6,1,8,4,7,2,5,9 C2=0,4,1,5,8,2,6,9,7
I?rfdp{ho PAIR C1=0,6,1,8,4,7,2,5,9 C2=0,4,1,5,8,2,6,9,7
I?rfdp{Xo PAIR C1=0,5,9,2,7,4,8,1,6 C2=0,4,1,5,8,2,6,9,7
I?rfdp{bo PAIR C1=0,6,1,8,4,7,2,5,9 C2=0,4,1,5,8,2,6,9,7
I?rfdp{Ro PAIR C1=0,6,2,5,9,1,8,4,7 C2=0,4,1,6,9,7,2,8,5
I?rfdp{Jo PAIR C1=0,5,9,2,7,4,8,1,6 C2=0,4,1,5,8,2,6,9,7
I?rfdp{Fo PAIR C1=0,5,9,3,6,1,8,4,7 C2=0,4,1,5,8,3,7,9,6
I?rfdpyn? PAIR C1=0,6,3,8,1,5,2,9,4,7 C2=0,4,1,6,8,2,7,3,9,5
I?rfdpy{O PAIR C1=0,7,4,8,1,6,2,9 C2=0,4,1,9,7,2,8,6
I?rfdpyyO PAIR C1=0,6,2,7,4,8,1,9 C2=0,4,1,6,8,2,9,7
I?rfdpyxO PAIR C1=0,7,4,8,1,6,2,9 C2=0,4,1,9,7,2,8,6
I?rfdpytO PAIR C1=0,6,3,9,1,8,4,7 C2=0,4,1,6,8,3,7,9
I?rfdpu{O PAIR C1=0,7,3,8,5,2,6,1,9 C2=0,5,1,8,2,7,9,3,6
I?rfdpuyO NOPAIR
I?rfdpm}? PAIR C1=0,5,2,8,4,9,1,6 C2=0,4,1,5,8,6,2,9
I?rfdpx|? PAIR C1=0,5,2,6,1,9,3,8,4,7 C2=0,4,1,5,9,2,8,7,3,6
I?rfdpl{_ PAIR C1=0,7,4,8,2,6,1,9 C2=0,4,1,8,7,2,9,6
I?rev_}{O PAIR C1=0,6,4,1,7,2,5,8,3,9 C2=0,4,8,2,9,7,3,6,1,5
I?rdvRs]_ PAIR C1=0,5,1,8,2,9,4,6 C2=0,4,1,9,6,2,5,8
I?rdvP{{_ PAIR C1=0,5,1,9,2,8,4,6 C2=0,4,1,8,5,2,6,9
I?rdtpuyO PAIR C1=0,6,2,5,8,1,9,4,7 C2=0,5,1,4,6,8,2,7,9
I?rdrrs}? PAIR C1=0,5,2,7,4,6,3,8,1,9 C2=0,4,9,3,7,1,5,8,2,6
I?rdrrsz? NOPAIR
I?rdrrsn? PAIR C1=0,5,1,8,3,9,2,7,4,6 C2=0,4,1,7,3,6,2,8,5,9
I?rdrrs{_ PAIR C1=0,8,3,6,4,7,2,5,1,9 C2=0,4,1,7,3,9,6,2,8,5
I?rdrrsy_ PAIR C1=0,5,1,9,4,6,2,8 C2=0,4,1,8,5,2,9,6
I?rdrrs]_ PAIR C1=0,5,1,9,4,7,3,6,2,8 C2=0,4,1,7,2,5,8,3,9,6
I?rdrrsx_ NOPAIR
I?rdrrsr_ NOPAIR
I?rdrrsZ_ PAIR C1=0,5,2,6,4,9,1,8 C2=0,4,1,5,8,2,9,6
I?rdrrsV_ PAIR C1=0,6,3,9,4,7,2,5,1,8 C2=0,4,1,7,3,8,2,6,9,5
I?rdrrsN_ PAIR C1=0,6,3,9,4,7,2,5,1,8 C2=0,4,1,7,3,8,2,6,9,5
I?rdrrswo NOPAIR
I?rdrrsso PAIR C1=0,6,4,1,5,8,2,7,3,9 C2=0,4,7,9,1,8,3,6,2,5
I?rdrrsqo PAIR C1=0,6,2,5,8,1,7,4,9 C2=0,5,1,4,6,9,7,2,8
I?rdrrsio PAIR C1=0,6,2,5,8,1,7,4,9 C2=0,5,1,4,6,9,7,2,8
I?rdrrsMo PAIR C1=0,5,8,1,4,9,2,7,3,6 C2=0,4,6,2,5,1,7,9,3,8
I?rdrrspo PAIR C1=0,5,9,1,8,2,7,4,6 C2=0,4,1,7,9,6,2,5,8
I?rdrrsho PAIR C1=0,6,4,7,2,9,5,1,8 C2=0,4,1,7,9,6,2,8,5
I?rdrrsJo PAIR C1=0,5,9,2,6,4,7,1,8 C2=0,4,1,5,8,2,7,9,6
I?rdrrsFo PAIR C1=0,5,9,3,6,4,7,1,8 C2=0,4,1,5,8,3,7,9,6
I?rfLp{}? PAIR C1=0,5,2,6,1,8,4,9 C2=0,4,1,9,2,8,5,6
I?rfLp{m_ PAIR C1=0,5,1,6,2,8,4,9 C2=0,4,1,8,5,2,9,6
I?rfLp{so PAIR C1=0,6,5,2,7,4,8,1,9 C2=0,4,1,5,8,2,6,9,7
I?relp{wo PAIR C1=0,7,4,8,1,6,5,2,9 C2=0,4,1,5,8,2,7,9,6
I?relpxN_ PAIR C1=0,5,1,6,3,9,2,8,4,7 C2=0,4,1,8,3,7,2,5,9,6
I?qvFpy|? PAIR C1=0,5,3,8,4,7,2,9,1,6 C2=0,4,1,8,6,2,5,9,3,7
I?qvFhy|? PAIR C1=0,5,9,1,6,2,8,3,7 C2=0,6,8,1,7,2,5,3,9
I?qvFhyz? NOPAIR
I?qvFhyx_ NOPAIR
I?qvExy|? PAIR C1=0,4,1,6,8,2,9,3,7,5 C2=0,6,2,5,3,8,4,7,1,9
I?qvExyN_ PAIR C1=0,4,1,6,9,2,8,3,7,5 C2=0,6,2,5,3,9,4,8,1,7
I?qvDxym_ PAIR C1=0,6,2,9,4,8,3,5,7 C2=0,4,7,3,9,6,8,2,5
I?qvDxyV_ PAIR C1=0,5,7,4,8,3,9,1,6 C2=0,4,1,8,6,9,5,3,7
I?qvBzw|? PAIR C1=0,5,2,9,1,7,4,8 C2=0,4,1,8,2,7,5,9
I?qvBzwx_ PAIR C1=0,4,1,8,2,7,5,9 C2=0,5,2,9,1,7,4,8
I?qvBzi|? PAIR C1=0,5,7,1,4,8,2,9 C2=0,4,7,2,5,9,1,8
I?qvBzim_ NOPAIR
I?qvEt{N_ PAIR C1=0,4,1,6,7,3,8,2,9,5 C2=0,6,2,5,3,9,4,8,1,7
I?qvDt{V_ PAIR C1=0,5,8,4,7,3,9,1,6 C2=0,4,1,8,3,5,9,6,7
I?qvBnwx_ NOPAIR
I?qvBnwt_ PAIR C1=0,5,7,2,6,1,8,3,9 C2=0,6,9,1,7,3,5,2,8
I?qvB^wt_ PAIR C1=0,8,4,7,5,2,6,1,9 C2=0,4,1,8,2,7,6,9,5
I?qvA~wN_ PAIR C1=0,4,1,6,9,2,8,3,7,5 C2=0,6,2,5,3,9,4,7,1,8
I?qv@~wm_ PAIR C1=0,5,7,3,8,4,9,2,6 C2=0,4,7,6,9,3,5,2,8
I?qv@~wj_ NOPAIR
I?qtfp{}? PAIR C1=0,5,2,7,4,8,3,9 C2=0,4,9,2,8,5,3,7
I?qtfp{n? PAIR C1=0,4,8,5,3,7,2,9 C2=0,5,2,8,3,9,4,7
I?qtfp{N_ PAIR C1=0,6,2,9,4,8,5,3,7 C2=0,4,7,2,8,3,6,9,5
I?qtfo}}? PAIR C1=0,7,3,6,2,8,4,9 C2=0,4,7,2,9,3,8,6
I?qtfhy}? PAIR C1=0,5,3,6,2,7,1,8,4,9 C2=0,4,1,9,2,5,7,3,8,6
I?qtfXyV_ PAIR C1=0,5,7,1,9,4,8,2,6 C2=0,4,1,8,6,9,5,2,7
I?qtdxy}? PAIR C1=0,6,2,9,4,8,3,7 C2=0,4,7,2,8,6,3,9
I?qtbxyn? PAIR C1=0,5,7,2,8,4,9,3,6 C2=0,4,7,3,8,6,2,5,9
I?qtbxyr_ PAIR C1=0,4,1,7,3,8,2,6,9,5 C2=0,6,3,5,2,7,4,8,1,9
I?qtbnw}? PAIR C1=0,5,2,7,1,9,4,8,3,6 C2=0,4,1,8,2,6,7,5,3,9
I?qtb^wj_ NOPAIR
I?qtb^wV_ PAIR C1=0,6,2,5,7,1,9,4,8 C2=0,4,1,8,2,7,6,9,5
I?qrfrw}? NOPAIR
I?qrfrw|? NOPAIR
I?qrfrwN_ PAIR C1=0,7,4,9,3,5,2,6,1,8 C2=0,4,1,7,2,8,3,6,9,5
I?qrfrs{_ PAIR C1=0,8,5,3,6,2,7,1,9 C2=0,5,2,8,1,6,9,3,7
I?qrfrsm_ PAIR C1=0,5,3,6,2,8,1,7,4,9 C2=0,4,1,6,9,3,7,2,5,8
I?qrfrk|? PAIR C1=0,5,2,9,1,8,4,7 C2=0,4,1,7,2,8,5,9
I?qrfrkz? PAIR C1=0,5,2,9,1,8,4,7 C2=0,4,1,7,2,8,5,9
I?qrfrkx_ PAIR C1=0,7,4,1,8,5,2,9 C2=0,4,8,2,7,1,9,5
I?qrfq{}? PAIR C1=0,5,2,7,4,8,3,9 C2=0,4,9,2,8,5,3,7
I?qrfq{n? PAIR C1=0,5,3,7,4,9,2,8 C2=0,4,8,3,9,5,2,7
I?qrfq{]_ PAIR C1=0,5,2,6,3,7,1,9,4,8 C2=0,4,1,6,9,3,5,8,2,7
I?qrfq{N_ PAIR C1=0,5,2,8,4,9,3,7 C2=0,4,7,2,9,5,3,8
I?qrfp{}? PAIR C1=0,5,3,7,4,8,2,9 C2=0,4,9,3,8,5,2,7
I?qrfp{^? NOPAIR
I?qrfp{N_ PAIR C1=1,7,4,9,2,6,3,5,8 C2=1,4,8,3,7,2,5,9,6
I?qrfrex_ NOPAIR
I?qrfret_ PAIR C1=0,8,5,2,7,3,6,1,9 C2=0,5,3,9,6,2,8,1,7
I?qrfqul_ PAIR C1=2,6,3,8,5,9 C2=2,5,3,9,6,8
I?qrfrMx_ PAIR C1=0,5,8,4,7,1,6,2,9 C2=0,4,1,8,6,9,5,2,7
I?qrfrMr_ NOPAIR
I?qrfrMN_ PAIR C1=0,5,8,1,6,2,9,4,7 C2=0,4,1,7,2,5,9,6,8
I?qrfqmV_ PAIR C1=0,5,8,2,6,1,9,4,7 C2=0,4,1,7,2,5,9,6,8
I?qrfo}N_ PAIR C1=2,6,3,9,5,8 C2=2,5,3,8,6,9
I?qrfZq{_ PAIR C1=0,5,7,2,6,1,8,3,9 C2=0,7,1,9,6,3,5,2,8
I?qrfZqx_ PAIR C1=0,7,5,9,1,6,2,8 C2=0,5,2,7,1,8,6,9
I?qrfZi|? PAIR C1=0,5,7,2,9,1,4,8 C2=0,4,7,1,8,2,5,9
I?qrfZYN_ PAIR C1=0,5,7,1,6,2,9,4,8 C2=0,4,1,8,6,9,5,2,7
I?qrdzq{_ NOPAIR
I?qrdziV_ PAIR C1=0,5,7,4,9,1,6,2,8 C2=0,4,1,8,6,9,5,2,7
I?qrdxyr_ PAIR C1=0,5,7,4,8,2,6,1,9 C2=0,4,1,8,6,9,5,2,7
I?qrbzq|? NOPAIR
I?qrbzq^? NOPAIR
I?qrbzif_ PAIR C1=0,8,1,6,2,5,7,4,9 C2=0,4,1,7,2,8,6,9,5
I?qrbyy^? PAIR C1=1,6,2,8,3,5,7,4,9 C2=1,4,8,6,3,9,5,2,7
I?qrbyyr_ PAIR C1=0,8,4,7,5,3,6,1,9 C2=0,4,1,7,3,8,6,9,5
I?qrbxy}? PAIR C1=1,7,4,8,2,6,3,9 C2=1,4,9,2,7,3,8,6
I?qrbxy|? NOPAIR
I?qrbxym_ PAIR C1=1,6,2,9,3,7,4,8 C2=1,4,9,6,3,8,2,7
I?qvfbw[o NOPAIR
I?qvfbwMo PAIR C1=0,6,1,8,4,9,3,7 C2=0,4,1,7,9,6,3,8
I?qvf`{}? PAIR C1=0,4,8,1,6,2,7,3,9 C2=0,6,3,8,2,9,4,1,7
I?qvf`{|? PAIR C1=0,5,8,1,9,3,6,2,7 C2=0,6,1,7,3,8,2,5,9
I?qvf`{z? PAIR C1=0,7,3,5,2,6,1,8,4,9 C2=0,4,1,7,2,9,5,8,3,6
I?qvf`{^? PAIR C1=0,5,3,6,1,9,4,8,2,7 C2=0,4,1,7,3,8,5,9,2,6
I?qvf`{{_ PAIR C1=0,6,1,8,5,3,7,2,9 C2=0,5,2,8,3,6,9,1,7
I?qvf`{y_ PAIR C1=0,4,1,6,9,2,7,3,8,5 C2=0,6,3,5,2,8,4,9,1,7
I?qvf`{m_ PAIR C1=0,5,2,6,3,7,1,8,4,9 C2=0,4,1,6,9,3,5,8,2,7
I?qvf`{]_ PAIR C1=0,5,2,8,4,9,1,7,3,6 C2=0,4,1,8,5,3,9,6,2,7
I?qvf`{x_ PAIR C1=0,6,3,5,8,2,9,1,7 C2=0,5,2,7,3,8,1,6,9
I?qvf`{\_ NOPAIR
I?qvf`{r_ PAIR C1=0,5,2,6,3,7,1,8,4,9 C2=0,4,1,6,9,5,3,8,2,7
I?qvf`{wo PAIR C1=0,6,1,7,3,5,8,2,9 C2=0,5,2,6,3,8,1,9,7
I?qvf`{ko NOPAIR
I?qvf`{[o NOPAIR
I?qvf`{io PAIR C1=0,4,1,6,2,9,7,3,8,5 C2=0,6,3,5,2,7,1,8,4,9
I?qvf`{Mo PAIR C1=0,4,1,6,2,7,9,3,8,5 C2=0,6,3,5,2,9,4,8,1,7
I?qvf`{po PAIR C1=1,6,3,7,2,8,5,9 C2=1,7,9,6,2,5,3,8
I?qvf`{Lo NOPAIR
I?qvf`{bo PAIR C1=0,5,9,4,8,3,7,1,6 C2=0,4,1,8,5,3,6,9,7
I?qvfRwN_ PAIR C1=0,5,2,9,3,6,1,7,4,8 C2=0,4,1,8,3,5,9,6,2,7
I?qvfRsZ_ PAIR C1=0,5,9,2,8,1,4,7 C2=0,4,9,1,7,2,5,8
I?qvfRk\O NOPAIR
I?qvfP{z? PAIR C1=0,5,2,8,4,7,1,9 C2=0,4,1,8,5,9,2,7
I?qvfP{^? PAIR C1=0,5,3,9,1,6,2,8,4,7 C2=0,4,1,7,2,9,5,8,3,6
I?qvfP{{_ PAIR C1=0,5,3,6,2,9,1,8,4,7 C2=0,4,1,7,2,5,8,3,9,6
I?qvfP{y_ NOPAIR
I?qvfP{u_ PAIR C1=0,5,3,6,2,8,4,7,1,9 C2=0,4,1,6,9,3,8,5,2,7
I?qvfP{m_ PAIR C1=0,7,4,8,1,6,3,5,2,9 C2=0,4,1,7,2,6,9,3,8,5
I?qvfP{]_ PAIR C1=0,6,3,5,2,9,1,8,4,7 C2=0,4,1,7,2,6,9,3,8,5
I?qvfP{x_ PAIR C1=0,5,8,1,4,7,2,9 C2=0,4,8,2,5,9,1,7
I?qvfP{t_ PAIR C1=0,7,4,8,1,6,2,5,3,9 C2=0,4,1,7,2,8,3,6,9,5
I?qvfP{r_ PAIR C1=0,5,8,1,9,4,7,2,6 C2=0,4,8,2,5,9,6,1,7
I?qvfP{j_ PAIR C1=0,6,2,5,8,1,7,4,9 C2=0,5,9,6,1,4,8,2,7
I?qvfP{Z_ PAIR C1=0,6,1,9,4,8,5,2,7 C2=0,4,7,1,8,2,6,9,5
I?qvfP{f_ PAIR C1=0,7,4,8,1,6,2,5,3,9 C2=0,4,1,7,2,8,3,6,9,5
I?qvfP{V_ PAIR C1=0,5,2,6,3,9,1,8,4,7 C2=0,4,1,7,2,8,3,5,9,6
I?qvfP{N_ PAIR C1=0,5,2,9,3,6,1,8,4,7 C2=0,4,1,7,2,8,3,5,9,6
I?qvfP{yO NOPAIR
I?qvfP{mO PAIR C1=0,5,3,9,4,7,1,8,2,6 C2=0,4,1,6,3,8,5,2,9,7
I?qvfP{]O PAIR C1=0,5,3,6,1,9,2,8,4,7 C2=0,4,1,7,9,3,8,5,2,6
I?qvfP{xO PAIR C1=0,4,1,7,2,8,5,9 C2=0,5,2,9,1,8,4,7
I?qvfP{tO PAIR C1=0,6,1,9,3,5,2,8,4,7 C2=0,4,1,8,3,6,2,7,9,5
I?qvfP{rO NOPAIR
I?qvfP{jO NOPAIR
I?qvfP{ZO NOPAIR
I?qvfP{fO PAIR C1=0,6,1,7,4,8,2,5,3,9 C2=0,4,1,8,3,6,2,7,9,5
I?qvfP{NO PAIR C1=0,5,3,9,2,8,4,7,1,6 C2=0,4,1,8,3,6,2,5,9,7
I?qvfP{wo NOPAIR
I?qvfP{so PAIR C1=0,5,2,7,4,8,3,6,1,9 C2=0,4,1,7,9,3,5,8,2,6
I?qvfP{ko PAIR C1=0,4,7,1,8,5,3,6,2,9 C2=0,5,2,7,9,3,8,4,1,6
I?qvfP{io NOPAIR
I?qvfP{eo PAIR C1=0,6,2,5,8,3,9,4,7 C2=0,4,8,2,7,9,6,3,5
I?qvfP{Mo PAIR C1=0,4,1,6,2,7,9,3,8,5 C2=0,6,3,5,2,9,4,8,1,7
I?qvfP{po PAIR C1=0,5,2,7,4,8,1,6,9 C2=0,4,1,7,9,5,8,2,6
I?qvfP{bo PAIR C1=0,6,1,8,4,7,2,5,9 C2=0,4,1,7,9,6,2,8,5
I?qvfP{Ro PAIR C1=0,6,1,8,4,9,5,2,7 C2=0,4,1,7,9,6,2,8,5
I?qvfP{Jo PAIR C1=0,6,1,8,4,9,5,2,7 C2=0,4,1,7,9,6,2,8,5
I?qvfP{Fo PAIR C1=0,4,1,6,3,8,2,7,9,5 C2=0,6,2,5,3,9,4,8,1,7
I?qvfPyn? PAIR C1=0,5,2,9,3,6,1,8,4,7 C2=0,4,1,7,2,6,8,3,5,9
I?qvfPyyO PAIR C1=0,6,1,7,2,8,4,9 C2=0,4,1,8,6,2,9,7
I?qvfPuz? NOPAIR
I?qvfPuxO PAIR C1=0,7,1,6,2,8,5,9 C2=0,5,2,7,9,1,8,6
I?qvfO|m_ PAIR C1=0,6,3,5,8,4,9,2,7 C2=0,4,7,8,3,9,6,2,5
I?qvdrw[o PAIR C1=0,6,1,9,3,7,4,8 C2=0,4,1,8,3,6,9,7
I?qvdp{}? PAIR C1=0,5,3,7,4,8,2,9 C2=0,4,9,3,8,5,2,7
I?qvdp{n? PAIR C1=0,4,7,3,9,2,8,5 C2=0,7,2,5,3,8,4,9
I?qvdp{{_ PAIR C1=0,6,3,5,2,9,1,8,4,7 C2=0,4,1,6,9,3,7,2,8,5
I?qvdp{y_ PAIR C1=0,4,1,6,9,2,7,3,8,5 C2=0,6,3,5,2,8,1,9,4,7
I?qvdp{m_ PAIR C1=0,4,9,2,8,5,3,7 C2=0,5,2,7,4,8,3,9
I?qvdp{]_ PAIR C1=0,5,2,6,1,9,3,8,4,7 C2=0,4,1,8,5,3,7,2,9,6
I?qvdp{l_ NOPAIR
I?qvdp{r_ PAIR C1=0,5,3,7,4,8,2,6,1,9 C2=0,4,1,8,3,6,9,5,2,7
I?qvdp{j_ PAIR C1=0,6,3,5,8,4,9,2,7 C2=0,4,7,3,8,2,6,9,5
I?qvdp{Z_ PAIR C1=0,5,3,8,4,7,2,9,1,6 C2=0,4,1,8,2,5,9,6,3,7
I?qvdp{N_ PAIR C1=0,6,2,5,8,3,9,4,7 C2=0,4,8,2,7,3,6,9,5
I?qvdp{mO PAIR C1=0,7,4,8,2,5,3,9 C2=0,4,9,2,7,3,8,5
I?qvdp{lO NOPAIR
I?qvdp{rO PAIR C1=0,6,3,5,2,7,4,8,1,9 C2=0,4,1,6,2,8,3,7,9,5
I?qvdp{jO NOPAIR
I?qvdp{ZO PAIR C1=0,5,2,7,3,8,4,9,1,6 C2=0,4,1,8,2,6,3,5,9,7
I?qvdp{NO NOPAIR
I?qvdp{wo PAIR C1=0,4,1,6,2,9,7,3,8,5 C2=0,6,3,5,2,7,4,8,1,9
I?qvdp{ko NOPAIR
I?qvdp{[o PAIR C1=0,4,1,6,2,7,9,3,8,5 C2=0,6,3,5,2,9,1,8,4,7
I?qvdp{io PAIR C1=0,6,3,7,2,5,8,4,9 C2=0,4,7,9,6,2,8,3,5
I?qvdp{Yo PAIR C1=0,5,8,3,6,2,9,4,7 C2=0,4,8,2,5,3,7,9,6
I?qvdp{Mo PAIR C1=0,6,3,5,8,2,9,4,7 C2=0,4,8,3,7,9,6,2,5
I?qvdp{po PAIR C1=0,6,2,5,9,1,8,4,7 C2=0,4,1,6,9,7,2,8,5
I?qvdp{Lo NOPAIR
I?qvdp{bo PAIR C1=0,6,3,5,8,2,7,4,9 C2=0,4,8,3,7,9,6,2,5
I?qvdp{Ro PAIR C1=0,5,9,1,6,3,8,4,7 C2=0,4,1,8,5,3,7,9,6
I?qvdp{Jo PAIR C1=0,6,3,5,8,2,9,4,7 C2=0,4,8,3,7,9,6,2,5
I?qvbrw}? PAIR C1=0,4,7,3,9,2,8,1,6 C2=0,8,3,6,2,7,1,4,9
I?qvbrwn? PAIR C1=0,4,7,1,8,2,6,3,9 C2=0,6,1,4,9,2,7,3,8
I?qvbrw^? PAIR C1=0,5,2,9,1,7,4,8,3,6 C2=0,4,9,5,3,7,2,6,1,8
I?qvbrw{_ PAIR C1=0,4,7,2,8,3,6,1,9 C2=0,6,2,9,3,7,1,4,8
I?qvbrwy_ NOPAIR
I?qvbrwm_ PAIR C1=1,6,3,9,2,8,4,7 C2=1,4,9,6,2,7,3,8
I?qvbrw]_ PAIR C1=1,6,2,9,3,8,4,7 C2=1,4,9,6,3,7,2,8
I?qvbrwj_ PAIR C1=0,6,1,7,4,9,2,5,3,8 C2=0,4,1,8,2,7,3,6,9,5
I?qvbrwZ_ PAIR C1=0,6,1,7,4,9,2,5,3,8 C2=0,4,1,8,2,7,3,6,9,5
I?qvbrwN_ PAIR C1=0,5,2,9,3,6,1,7,4,8 C2=0,4,1,8,2,7,3,5,9,6
I?qvbrw{O PAIR C1=0,4,7,2,8,3,6,1,9 C2=0,6,2,9,3,7,1,4,8
I?qvbrwmO PAIR C1=0,8,2,6,1,4,7,3,9 C2=0,4,9,2,7,1,8,3,6
I?qvbrw]O NOPAIR
I?qvbrwxO PAIR C1=0,6,3,5,2,7,4,8,1,9 C2=0,4,1,6,2,8,3,7,9,5
I?qvbrwlO PAIR C1=0,4,7,1,8,3,6,2,9,5 C2=0,6,1,4,8,2,5,3,7,9
I?qvbrw\O PAIR C1=0,6,3,5,2,9,1,7,4,8 C2=0,4,1,6,2,8,3,7,9,5
I?qvbrwjO PAIR C1=0,5,3,8,1,7,4,9,2,6 C2=0,4,1,6,3,7,9,5,2,8
I?qvbrwwo PAIR C1=0,6,1,8,4,7,2,9 C2=0,4,1,7,9,6,2,8
I?qvbrwko PAIR C1=0,6,1,8,4,7,2,9 C2=0,4,1,7,9,6,2,8
I?qvbrw[o NOPAIR
I?qvbrwio PAIR C1=0,6,1,8,4,7,2,9 C2=0,4,1,7,9,6,2,8
I?qvbrwMo PAIR C1=1,6,3,7,4,9,2,8 C2=1,4,8,3,9,6,2,7
I?qvbrwho PAIR C1=0,6,1,8,4,7,2,9 C2=0,4,1,7,9,6,2,8
I?qvbrwXo PAIR C1=0,4,1,6,2,8,3,7,9,5 C2=0,6,3,5,2,9,1,7,4,8
I?qvbrwLo PAIR C1=0,5,2,9,3,7,4,8,1,6 C2=0,4,1,7,9,5,3,6,2,8
I?qvbrwJo PAIR C1=0,4,1,6,2,8,3,7,9,5 C2=0,6,3,5,2,9,4,7,1,8
I?qvbrs}? PAIR C1=0,6,2,8,3,7,1,4,9 C2=0,4,7,2,9,3,6,1,8
I?qvbrs{_ PAIR C1=0,8,5,3,6,2,9 C2=0,5,2,8,3,9,6
I?qvbrsm_ PAIR C1=0,5,2,8,3,6,1,7,4,9 C2=0,4,1,8,5,3,7,2,9,6
I?qvbrs]_ PAIR C1=0,5,2,6,1,7,4,9,3,8 C2=0,4,1,8,5,3,7,2,9,6
I?qvbrsx_ NOPAIR
I?qvbrsl_ PAIR C1=0,5,8,3,9,2,6 C2=0,8,2,5,3,6,9
I?qvbrs\_ NOPAIR
I?qvbrs{O PAIR C1=0,6,2,5,8,1,7,3,9 C2=0,5,3,6,1,9,7,2,8
I?qvbrsyO PAIR C1=0,6,2,5,3,8,1,7,4,9 C2=0,4,1,6,3,7,9,2,8,5
I?qvbrsmO PAIR C1=0,6,3,5,2,9,4,7,1,8 C2=0,4,1,6,2,7,9,3,8,5
I?qvbrs]O PAIR C1=0,5,3,7,4,9,2,8,1,6 C2=0,4,1,7,9,3,6,2,5,8
I?qvbrsxO PAIR C1=0,8,5,3,6,2,7,1,9 C2=0,5,2,9,7,3,8,1,6
I?qvbrslO NOPAIR
I?qvbrs\O NOPAIR
I?qvbrsrO PAIR C1=0,4,1,6,2,8,3,7,9,5 C2=0,6,3,5,2,7,4,9,1,8
I?qvbrswo PAIR C1=0,8,5,2,7,3,6,1,9 C2=0,5,3,8,1,7,9,2,6
I?qvbrsko PAIR C1=0,5,8,3,6,2,9 C2=0,6,9,3,5,2,8
I?qvbrs[o NOPAIR
I?qvbrsio PAIR C1=0,5,3,8,2,6,1,7,4,9 C2=0,4,1,8,5,2,9,7,3,6
I?qvbrsMo PAIR C1=0,4,1,6,2,7,9,3,8,5 C2=0,6,3,5,2,9,4,7,1,8
I?qvbrspo PAIR C1=1,6,2,7,3,8,5,9 C2=1,7,9,6,3,5,2,8
I?qvbrsLo NOPAIR
I?qvbrsbo PAIR C1=0,5,9,4,7,3,8,1,6 C2=0,4,1,7,9,6,3,5,8
I?qvbrsRo PAIR C1=0,5,9,4,7,1,6,3,8 C2=0,4,1,8,5,3,7,9,6
I?qvbrkz? NOPAIR
I?qvbrkv? PAIR C1=0,8,4,7,3,5,2,6,1,9 C2=0,4,1,7,2,8,5,9,3,6
I?qvbrk^? PAIR C1=0,5,3,7,4,8,2,9,1,6 C2=0,4,1,7,2,6,3,9,5,8
I?qvbrk{_ PAIR C1=0,4,1,6,9,3,7,2,8,5 C2=0,6,3,5,2,9,1,7,4,8
I?qvbrky_ NOPAIR
I?qvbrkm_ PAIR C1=0,4,1,6,9,3,7,2,8,5 C2=0,6,3,5,2,9,4,7,1,8
I?qvbrk]_ PAIR C1=0,4,1,6,9,3,7,2,8,5 C2=0,6,3,5,2,9,4,7,1,8
I?qvbrkx_ NOPAIR
I?qvbrkr_ NOPAIR
I?qvbrkZ_ NOPAIR
I?qvbrkV_ PAIR C1=1,7,4,9,3,6,2,5,8 C2=1,4,8,2,7,3,5,9,6
I?qvbrkN_ PAIR C1=0,4,1,6,9,3,7,2,8,5 C2=0,6,3,5,2,9,4,7,1,8
I?qvbrk{O PAIR C1=0,6,1,8,4,7,3,5,2,9 C2=0,4,1,7,9,3,6,2,8,5
I?qvbrkyO NOPAIR
I?qvbrkmO PAIR C1=0,5,3,9,4,7,1,6,2,8 C2=0,4,1,8,5,2,9,7,3,6
I?qvbrkxO NOPAIR
I?qvbrktO PAIR C1=0,5,3,9,1,6,2,7,4,8 C2=0,4,1,8,2,5,9,7,3,6
I?qvbrkrO NOPAIR
I?qvbrkjO NOPAIR
I?qvbrkZO NOPAIR
I?qvbrkfO PAIR C1=0,5,2,7,3,9,4,8,1,6 C2=0,4,1,7,9,5,3,6,2,8
I?qvbrkNO PAIR C1=0,5,2,9,3,7,4,8,1,6 C2=0,4,1,7,9,5,3,6,2,8
I?qvbrkwo PAIR C1=0,8,4,7,1,6,2,9 C2=0,4,1,8,2,7,9,6
I?qvbrkso PAIR C1=0,5,8,2,7,1,9,3,6 C2=0,8,1,6,2,5,3,7,9
I?qvbrkko PAIR C1=0,8,4,7,1,6,2,9 C2=0,4,1,8,2,7,9,6
I?qvbrkio PAIR C1=0,6,1,8,4,7,2,9 C2=0,4,1,7,9,6,2,8
I?qvbrkeo PAIR C1=0,5,8,4,9,3,7,2,6 C2=0,4,7,9,6,3,5,2,8
I?qvbrkMo PAIR C1=0,6,3,9,4,7,2,5,8 C2=0,4,8,2,6,9,7,3,5
I?qvbrkpo PAIR C1=0,5,2,8,4,7,1,6,9 C2=0,4,1,8,5,9,7,2,6
I?qvbrkbo PAIR C1=0,5,9,4,7,2,8,1,6 C2=0,4,1,7,9,6,2,5,8
I?qvbrkRo PAIR C1=0,5,9,4,7,2,8,1,6 C2=0,4,1,7,9,6,2,5,8
I?qvbrkJo PAIR C1=0,5,9,4,7,2,8,1,6 C2=0,4,1,7,9,6,2,5,8
I?qvbrkFo PAIR C1=0,5,9,3,7,4,8,1,6 C2=0,4,1,7,9,6,3,5,8
I?qvbq{z? PAIR C1=0,8,4,7,2,5,3,6,1,9 C2=0,4,1,7,3,8,5,9,2,6
I?qvbq{^? PAIR C1=0,5,2,7,4,8,3,9,1,6 C2=0,4,1,7,3,6,2,9,5,8
I?qvbq{{_ PAIR C1=0,5,3,7,4,8,2,6,1,9 C2=0,4,1,7,2,5,8,3,9,6
I?qvbq{y_ PAIR C1=0,5,2,8,3,7,4,9,1,6 C2=0,4,1,7,2,9,6,3,5,8
I?qvbq{m_ PAIR C1=0,8,5,3,6,2,9 C2=0,5,2,8,3,9,6
I?qvbq{]_ PAIR C1=0,5,3,9,2,8,4,7,1,6 C2=0,4,1,9,6,3,7,2,5,8
I?qvbq{\_ PAIR C1=0,6,1,9,2,5,3,7,4,8 C2=0,4,1,7,2,8,3,6,9,5
I?qvbq{Z_ PAIR C1=0,4,7,1,9,5,2,8,3,6 C2=0,5,3,7,2,9,6,1,4,8
I?qvbq{N_ NOPAIR
I?qvbq{{O PAIR C1=0,5,2,9,1,7,4,8,3,6 C2=0,4,1,6,2,8,5,3,7,9
I?qvbq{mO NOPAIR
I?qvbq{]O PAIR C1=0,5,3,7,1,9,4,8,2,6 C2=0,4,1,6,3,9,7,2,5,8
I?qvbq{xO PAIR C1=0,6,3,5,2,9,1,7,4,8 C2=0,4,1,6,2,8,3,7,9,5
I?qvbq{rO PAIR C1=0,4,1,6,2,8,3,7,9,5 C2=0,6,3,5,2,7,1,9,4,8
I?qvbq{jO NOPAIR
I?qvbq{ZO PAIR C1=0,4,7,1,9,2,8,5,3,6 C2=0,5,2,6,1,4,9,7,3,8
I?qvbq{NO NOPAIR
I?qvbq{wo PAIR C1=0,5,3,7,4,8,2,6,1,9 C2=0,4,1,7,9,2,5,8,3,6
I?qvbq{ko PAIR C1=0,5,8,3,6,2,9 C2=0,6,9,3,5,2,8
I?qvbq{qo PAIR C1=0,6,3,5,8,2,7,4,9 C2=0,4,8,3,7,9,6,2,5
I?qvbq{io PAIR C1=0,6,2,8,5,3,7,4,9 C2=0,4,8,3,6,9,7,2,5
I?qvbq{Yo PAIR C1=0,6,2,9,4,7,3,5,8 C2=0,4,8,3,6,9,7,2,5
I?qvbq{Mo PAIR C1=0,5,8,4,9,2,7,3,6 C2=0,4,7,9,6,2,5,3,8
I?qvbq{po PAIR C1=0,5,2,7,9,6,1,4,8 C2=0,4,7,1,9,5,8,2,6
I?qvbq{Lo NOPAIR
I?qvbq{bo PAIR C1=0,5,9,4,8,2,7,3,6 C2=0,4,7,9,6,2,5,3,8
I?qvbq{Ro PAIR C1=0,5,9,1,7,4,8,3,6 C2=0,4,1,6,9,7,3,5,8
I?qvbp{^? NOPAIR
I?qvbp{{_ PAIR C1=0,5,3,6,1,7,4,8,2,9 C2=0,4,1,8,5,2,7,3,9,6
I?qvbp{y_ PAIR C1=0,4,1,6,9,2,7,3,8,5 C2=0,6,3,5,2,8,1,7,4,9
I?qvbp{m_ PAIR C1=0,5,2,9,3,7,4,8,1,6 C2=0,4,1,7,2,8,5,3,6,9
I?qvbp{]_ PAIR C1=1,6,3,9,2,7,4,8 C2=1,4,9,6,2,8,3,7
I?qvbp{\_ NOPAIR
I?qvbp{r_ PAIR C1=0,6,3,5,2,8,4,7,1,9 C2=0,4,1,8,3,7,2,6,9,5
I?qvbp{j_ PAIR C1=0,6,1,8,4,7,3,5,2,9 C2=0,4,1,7,2,8,3,6,9,5
I?qvbp{Z_ PAIR C1=1,7,4,9,2,6,3,5,8 C2=1,4,8,3,7,2,5,9,6
I?qvbp{N_ PAIR C1=1,6,2,9,4,8,5,3,7 C2=1,4,7,2,5,9,6,3,8
I?qvbp{mO PAIR C1=0,5,2,7,3,6,1,8,4,9 C2=0,4,1,7,9,3,5,8,2,6
I?qvbp{]O NOPAIR
I?qvbp{\O NOPAIR
I?qvbp{jO PAIR C1=0,6,3,5,2,7,1,8,4,9 C2=0,4,1,6,2,8,3,7,9,5
I?qvbp{ZO NOPAIR
I?qvbp{NO NOPAIR
I?qvbp{wo PAIR C1=0,5,2,7,4,8,3,6,1,9 C2=0,4,1,8,5,3,7,9,2,6
I?qvbp{ko PAIR C1=0,4,7,1,8,5,2,6,3,9 C2=0,5,3,7,9,2,8,4,1,6
I?qvbp{[o NOPAIR
I?qvbp{io PAIR C1=0,6,3,5,8,2,7,4,9 C2=0,4,8,3,7,9,6,2,5
I?qvbp{Mo PAIR C1=1,4,8,3,9,6,2,7 C2=1,6,3,7,4,9,2,8
I?qvbp{po PAIR C1=0,5,2,8,4,7,1,6,9 C2=0,4,1,8,5,9,7,2,6
I?qvbp{Lo NOPAIR
I?qvbp{bo PAIR C1=0,6,1,8,4,7,2,5,9 C2=0,4,1,7,9,6,2,8,5
I?qvbrq{O PAIR C1=1,7,3,9,2,6,8 C2=1,6,3,8,2,7,9
I?qvbrqmO PAIR C1=0,8,1,6,2,7,4,9 C2=0,4,1,7,9,2,8,6
I?qvbrqxO PAIR C1=0,8,1,7,3,6,2,5,9 C2=0,5,3,8,2,7,9,1,6
I?qvbri{O PAIR C1=0,8,4,7,2,6,1,9 C2=0,4,1,7,9,2,8,6
I?qvbrixO PAIR C1=0,8,4,7,1,6,2,9 C2=0,4,1,9,7,2,8,6
I?qvbpyNO NOPAIR
I?qvbre{O PAIR C1=0,5,8,2,7,1,6,3,9 C2=0,6,2,5,3,7,9,1,8
I?qvbqumO NOPAIR
I?qvbpu]O PAIR C1=1,7,2,6,8,3,9 C2=1,6,3,7,9,2,8
I?qvbrMNO PAIR C1=0,6,1,7,4,9,2,5,8 C2=0,4,1,8,6,2,7,9,5
I?qvbqmjO NOPAIR
I?qvbqmVO PAIR C1=0,5,8,4,7,3,9,1,6 C2=0,4,1,7,9,5,3,6,8
I?qvbpmZO NOPAIR
I?qvbpmfO PAIR C1=0,6,1,7,4,8,5,3,9 C2=0,4,1,8,6,3,7,9,5
I?qvbo}rO PAIR C1=0,5,8,4,7,3,6,1,9 C2=0,4,1,7,9,5,3,8,6
I?qvbo}NO NOPAIR
I?qvbrpm_ PAIR C1=0,8,1,6,2,7,4,9 C2=0,4,1,7,8,2,9,6
I?qvbrhy_ PAIR C1=0,6,1,9,2,7,4,8 C2=0,4,1,7,8,2,6,9
I?qvbqxm_ NOPAIR
I?qvbqxN_ PAIR C1=0,6,3,5,9,4,7,2,8 C2=0,4,8,7,3,9,6,2,5
I?qvbpxm_ PAIR C1=1,4,7,2,9,6,3,8 C2=1,6,2,8,4,9,3,7
I?qvbpx]_ PAIR C1=1,6,9,2,8,3,7 C2=1,8,7,2,6,3,9
I?qvbpxN_ PAIR C1=1,4,7,3,8,2,9,6 C2=1,7,2,6,3,9,4,8
I?qvbrdx_ NOPAIR
I?qvbrdt_ PAIR C1=1,6,2,7,3,9,5,8 C2=1,7,8,2,5,3,6,9
I?qvbqt{_ PAIR C1=0,6,9,2,5,3,8 C2=0,5,8,2,6,3,9
I?qvbqtm_ PAIR C1=0,5,8,3,6,2,9 C2=0,6,9,3,5,2,8
I?qvbqtl_ PAIR C1=0,5,8,3,9,2,6 C2=0,8,2,5,3,6,9
I?qvbrLx_ PAIR C1=0,6,1,7,4,8,5,2,9 C2=0,4,1,8,7,2,6,9,5
I?qvbrLr_ NOPAIR
I?qvbo|m_ PAIR C1=0,6,3,7,2,5,8,4,9 C2=0,4,7,8,2,6,9,3,5
I?qvVPumO NOPAIR
I?qvUpu|? PAIR C1=0,5,2,6,4,7,1,8,3,9 C2=0,4,1,6,8,2,9,5,3,7
I?qvUpuNO PAIR C1=0,5,8,2,9,4,7,1,6 C2=0,4,1,8,6,2,5,9,7
I?qvTpun? PAIR C1=0,6,2,8,5,3,9,4,7 C2=0,4,6,8,3,7,2,5,9
I?qvTpumO PAIR C1=0,6,4,7,2,8,5,3,9 C2=0,4,9,7,3,8,6,2,5
I?qvTpuVO PAIR C1=0,5,8,2,7,4,9,1,6 C2=0,4,1,8,6,2,5,9,7
I?qvTptz? PAIR C1=0,5,8,1,9,4,6,2,7 C2=0,6,1,4,7,8,2,5,9
I?qvTptm_ PAIR C1=0,5,8,2,7,3,9,4,6 C2=0,4,7,8,3,5,2,6,9
I?qvTptV_ PAIR C1=0,5,8,2,6,1,9,4,7 C2=0,4,1,8,7,2,5,9,6
I?qvRrs}? PAIR C1=0,5,2,8,3,7,4,6,1,9 C2=0,4,9,3,5,8,1,7,2,6
I?qvRrsz? PAIR C1=0,5,2,9,4,6,1,8 C2=0,4,1,9,5,8,2,6
I?qvRrsv? PAIR C1=0,6,4,7,1,9,3,5,2,8 C2=0,4,1,6,2,7,3,8,5,9
I?qvRrs^? PAIR C1=0,5,3,9,1,6,4,7,2,8 C2=0,4,1,7,3,8,5,9,2,6
I?qvRrs{_ PAIR C1=0,8,3,5,2,6,4,7,1,9 C2=0,4,1,6,9,3,7,2,8,5
I?qvRrsy_ NOPAIR
I?qvRrsu_ PAIR C1=0,8,2,5,3,7,4,6,1,9 C2=0,4,1,7,2,6,9,3,8,5
I?qvRrsm_ PAIR C1=0,5,3,9,2,7,4,6,1,8 C2=0,4,1,7,3,8,5,2,6,9
I?qvRrs]_ PAIR C1=0,5,3,9,1,6,4,7,2,8 C2=0,4,1,7,3,8,5,2,9,6
I?qvRrsx_ NOPAIR
I?qvRrsr_ NOPAIR
I?qvRrsZ_ PAIR C1=0,5,9,2,8,1,4,6 C2=0,4,9,1,6,2,5,8
I?qvRrsV_ PAIR C1=0,6,4,7,2,5,3,9,1,8 C2=0,4,1,7,3,8,2,6,9,5
I?qvRrsN_ PAIR C1=0,5,2,7,4,9,3,8,1,6 C2=0,4,1,7,3,5,9,6,2,8
I?qvRrs{O PAIR C1=0,5,3,7,4,6,1,8,2,9 C2=0,4,1,7,9,3,8,5,2,6
I?qvRrsyO NOPAIR
I?qvRrsuO PAIR C1=0,5,3,7,2,8,1,6,4,9 C2=0,4,1,7,9,3,8,5,2,6
I?qvRrsmO PAIR C1=0,6,4,9,2,5,3,7,1,8 C2=0,4,1,6,2,7,9,3,8,5
I?qvRrs]O PAIR C1=0,6,4,7,3,5,2,9,1,8 C2=0,4,1,6,2,7,9,3,8,5
I?qvRrsxO NOPAIR
I?qvRrstO PAIR C1=0,6,4,7,2,5,3,9,1,8 C2=0,4,1,6,2,8,3,7,9,5
I?qvRrsrO PAIR C1=0,5,8,2,7,1,9,4,6 C2=0,4,7,9,5,2,6,1,8
I?qvRrsjO PAIR C1=0,5,2,8,1,6,4,7,9 C2=0,6,2,7,1,4,9,5,8
I?qvRrsZO PAIR C1=0,4,9,7,1,6,2,5,8 C2=0,5,9,1,8,2,7,4,6
I?qvRrsfO PAIR C1=0,6,4,9,3,5,2,7,1,8 C2=0,4,1,6,2,8,3,7,9,5
I?qvRrsVO PAIR C1=0,6,2,5,3,7,4,9,1,8 C2=0,4,6,1,7,2,8,3,9,5
I?qvRrsNO PAIR C1=0,4,6,2,9,7,1,8,3,5 C2=0,6,1,4,9,3,7,2,5,8
I?qvRrswo NOPAIR
I?qvRrsso PAIR C1=0,4,7,2,6,1,9,3,8,5 C2=0,6,4,1,8,2,5,3,7,9
I?qvRrsko PAIR C1=0,5,8,2,9,3,7,4,1,6 C2=0,4,6,2,5,3,8,1,7,9
I?qvRrsio NOPAIR
I?qvRrseo PAIR C1=0,6,2,7,4,9,3,5,8 C2=0,4,6,9,7,3,8,2,5
I?qvRrsMo PAIR C1=0,4,1,6,2,7,9,3,8,5 C2=0,6,4,9,2,5,3,7,1,8
I?qvRrspo PAIR C1=0,8,1,7,4,6,2,5,9 C2=0,4,1,6,9,7,2,8,5
I?qvRrsRo PAIR C1=0,6,2,5,9,4,7,1,8 C2=0,4,1,6,9,7,2,8,5
I?qvRrsJo PAIR C1=0,6,2,5,9,4,7,1,8 C2=0,4,1,6,9,7,2,8,5
I?qvRrsFo PAIR C1=0,5,9,3,8,1,7,4,6 C2=0,4,1,6,9,7,3,5,8
I?qvRpu^? PAIR C1=1,6,2,9,4,7,3,5,8 C2=1,4,6,8,3,9,5,2,7
I?qvRpufO PAIR C1=0,5,8,1,6,4,7,3,9 C2=0,4,1,7,9,5,3,8,6
I?qrtrs}? PAIR C1=0,8,1,6,2,5,3,7,4,9 C2=0,5,8,3,6,4,1,9,2,7
I?qrtrsn? NOPAIR
I?qrtrs{_ PAIR C1=0,5,2,8,3,7,4,6,1,9 C2=0,4,1,8,5,3,9,6,2,7
I?qrtrsy_ PAIR C1=0,5,8,1,4,9,2,6,3,7 C2=0,8,3,5,2,7,4,6,1,9
I?qrtrsm_ NOPAIR
I?qrtrs]_ PAIR C1=0,5,3,7,4,6,2,9,1,8 C2=0,4,1,6,9,3,8,5,2,7
I?qrtrsr_ PAIR C1=0,7,4,9,1,6,3,5,2,8 C2=0,4,1,8,3,7,2,6,9,5
I?qrtrsj_ PAIR C1=0,5,8,3,6,2,9,4,7 C2=0,4,6,9,5,3,7,2,8
I?qrtrsZ_ PAIR C1=0,7,4,9,1,6,2,5,3,8 C2=0,4,1,8,2,7,3,6,9,5
I?qrtrsN_ PAIR C1=0,5,8,3,9,4,6,2,7 C2=0,4,7,3,6,9,5,2,8
I?qrtrsmO PAIR C1=0,7,3,9,2,5,8 C2=0,5,3,8,2,7,9
I?qrtrslO PAIR C1=0,8,5,3,7,2,9 C2=0,5,2,8,3,9,7
I?qrtrs\O PAIR C1=0,5,2,8,1,9,3,6,4,7 C2=0,4,1,6,2,7,9,5,3,8
I?qrtrsZO PAIR C1=0,5,3,7,4,6,1,9,2,8 C2=0,4,1,8,3,6,2,5,9,7
I?qrtrsNO NOPAIR
I?qrtrswo PAIR C1=0,4,6,3,7,2,5,8,1,9 C2=0,5,3,8,2,9,6,1,4,7
I?qrtrsko PAIR C1=0,7,3,5,8,2,9 C2=0,5,2,7,9,3,8
I?qrtrs[o PAIR C1=0,4,1,6,2,7,9,3,8,5 C2=0,7,4,6,3,5,2,9,1,8
I?qrtrsqo PAIR C1=0,8,5,2,7,3,6,4,9 C2=0,4,7,9,6,2,8,3,5
I?qrtrsio PAIR C1=0,7,3,6,4,9,2,5,8 C2=0,4,7,9,6,2,8,3,5
I?qrtrsYo PAIR C1=0,4,1,6,2,9,7,3,8,5 C2=0,7,2,5,3,6,4,9,1,8
I?qrtrsMo PAIR C1=0,7,4,9,2,6,3,5,8 C2=0,4,6,9,7,3,8,2,5
I?qrtrspo PAIR C1=0,7,4,6,3,5,9,1,8 C2=0,4,1,6,9,7,3,8,5
I?qrtrsLo NOPAIR
I?qrtrsRo PAIR C1=0,5,9,1,6,4,7,3,8 C2=0,4,1,8,5,3,6,9,7
I?qrtrsJo PAIR C1=0,5,8,3,6,2,9,4,7 C2=0,4,6,9,7,3,5,2,8
I?qrtrkl_ PAIR C1=0,7,4,8,5,2,6,3,9 C2=0,4,6,9,5,3,7,2,8
I?qrtrkTo PAIR C1=0,5,9,1,6,4,7,2,8 C2=0,4,1,8,5,2,6,9,7
I?qrtp{\O PAIR C1=1,6,2,7,4,8,5,3,9 C2=1,4,6,3,7,9,5,2,8
I?qrtp{po PAIR C1=0,5,9,1,4,8,3,6,2,7 C2=0,4,6,1,8,2,5,3,7,9
I?qrtrq}? PAIR C1=0,7,4,6,2,8,3,9 C2=0,4,9,2,7,3,6,8
I?qrtrqn? PAIR C1=0,7,3,6,4,9,2,8 C2=0,4,7,2,6,8,3,9
I?qrtrqmO PAIR C1=0,4,9,3,6,8,2,7 C2=0,8,3,7,4,6,2,9
I?qrtrqNO PAIR C1=0,7,4,6,2,9,5,3,8 C2=0,4,9,7,3,6,8,2,5
I?qrtptr_ PAIR C1=0,7,3,5,8,1,4,6,9 C2=0,4,7,8,3,6,1,9,5
I?qrrrs}? PAIR C1=0,5,3,8,1,6,4,7,2,9 C2=0,4,9,1,7,3,6,2,5,8
I?qrrrsz? PAIR C1=0,5,3,6,4,7,1,9,2,8 C2=0,4,1,6,2,7,3,8,5,9
I?qrrrsn? PAIR C1=0,5,2,9,3,7,4,6,1,8 C2=0,4,1,7,2,6,3,8,5,9
I?qrrrs^? NOPAIR
I?qrrrsm_ PAIR C1=0,5,2,9,4,7,1,6,3,8 C2=0,4,1,8,5,3,7,2,6,9
I?qrrrs]_ NOPAIR
I?qrrrs\_ NOPAIR
I?qrrrsr_ PAIR C1=0,8,2,5,3,6,1,7,4,9 C2=0,4,1,8,3,7,2,6,9,5
I?qrrrsj_ PAIR C1=0,8,1,6,3,5,2,7,4,9 C2=0,4,1,7,3,8,2,6,9,5
I?qrrrsZ_ PAIR C1=1,6,3,7,4,9,2,5,8 C2=1,4,6,9,5,3,8,2,7
I?qrrrsN_ PAIR C1=1,6,2,7,4,9,3,5,8 C2=1,4,6,9,5,2,8,3,7
I?qrrrswo PAIR C1=0,8,5,3,7,4,1,6,2,9 C2=0,4,6,3,8,1,9,7,2,5
I?qrrrsko PAIR C1=0,4,1,6,2,7,9,3,8,5 C2=0,8,1,7,4,6,3,5,2,9
I?qrrrs[o NOPAIR
I?qrrrsio PAIR C1=0,4,1,6,2,9,7,3,8,5 C2=0,8,1,7,2,5,3,6,4,9
I?qrrrsMo NOPAIR
I?qrrrsLo NOPAIR
I?qrrrsbo PAIR C1=0,8,1,6,4,7,3,5,9 C2=0,4,1,7,9,6,3,8,5
I?qrrrsRo PAIR C1=1,6,2,7,3,8,5,9 C2=1,7,9,6,3,5,2,8
I?qrrrsJo PAIR C1=1,4,9,7,3,8,5,2,6 C2=1,7,4,6,3,5,9,2,8
I?qrrq{\_ PAIR C1=1,6,2,7,4,8,5,3,9 C2=1,4,6,9,5,2,8,3,7
I?qrrq{ko PAIR C1=0,5,8,4,6,3,7,2,9 C2=0,4,7,9,6,2,5,3,8
I?qrrq{po PAIR C1=0,8,3,7,4,6,2,5,9 C2=0,4,8,2,7,9,6,3,5
I?qvN`{}? PAIR C1=0,5,3,8,4,9,1,6,2,7 C2=0,4,1,7,3,9,2,8,5,6
I?qvN`{wo NOPAIR
I?qvN`xz? NOPAIR
I?qvN`xx_ NOPAIR
I?qvNRwTo PAIR C1=0,5,9,1,8,4,7,2,6 C2=0,4,1,7,9,6,5,2,8
I?qvNP{}? PAIR C1=0,5,2,8,4,7,1,6 C2=0,4,1,8,5,6,2,7
I?qvNPy}? PAIR C1=0,6,1,7,4,8,2,9 C2=0,4,9,1,8,6,2,7
I?qvNPytO PAIR C1=0,6,5,2,8,4,7,1,9 C2=0,4,1,8,6,2,7,9,5
I?qvMp{{O PAIR C1=0,4,8,2,6,1,9,7,3,5 C2=0,6,5,2,9,3,8,1,4,7
I?qvMp{qo NOPAIR
I?qvMp{Mo PAIR C1=0,6,5,3,9,4,8,1,7 C2=0,4,1,6,9,7,3,8,5
I?qvMpyxO PAIR C1=0,5,6,2,9,1,8,4,7 C2=0,4,1,7,9,5,2,8,6
I?qvMpyNO PAIR C1=0,6,5,3,9,4,8,1,7 C2=0,4,1,6,8,3,7,9,5
I?qvMpx|? PAIR C1=0,4,7,1,9,3,8,2,5,6 C2=0,5,3,7,8,4,1,6,2,9
I?qvMpxN_ PAIR C1=0,5,6,1,8,4,9,3,7 C2=0,4,1,7,8,3,5,9,6
I?qvLp{m_ PAIR C1=0,6,5,2,7,4,8,3,9 C2=0,4,9,6,2,8,5,3,7
I?qvLp{Uo PAIR C1=0,6,5,3,9,1,8,4,7 C2=0,4,1,6,9,7,3,8,5
I?qvLpyn? PAIR C1=0,6,5,3,8,2,9,4,7 C2=0,4,8,6,2,7,3,9,5
I?qvLpyVO PAIR C1=0,6,5,3,9,1,8,4,7 C2=0,4,1,6,8,3,7,9,5
I?qvLpxV_ PAIR C1=0,5,6,1,9,3,8,4,7 C2=0,4,1,8,7,3,5,9,6
I?qvJrw}? PAIR C1=0,5,3,9,1,6,2,7,4,8 C2=0,6,5,2,8,3,7,1,4,9
I?qvJrw|? PAIR C1=0,5,3,8,4,7,1,9,2,6 C2=0,4,1,6,5,9,3,7,2,8
I?qvJrwz? PAIR C1=0,5,2,9,4,8,1,6 C2=0,4,1,9,5,6,2,8
I?qvJrw^? PAIR C1=0,5,3,9,1,7,4,8,2,6 C2=0,4,1,6,5,9,2,7,3,8
I?qvJrw{_ PAIR C1=0,6,1,7,4,8,3,5,2,9 C2=0,4,1,8,2,7,3,9,6,5
I?qvJrwy_ NOPAIR
I?qvJrwm_ PAIR C1=0,6,1,8,4,7,2,5,3,9 C2=0,4,1,7,3,8,2,9,6,5
I?qvJrw]_ PAIR C1=0,6,2,5,3,9,1,7,4,8 C2=0,4,1,8,3,7,2,9,6,5
I?qvJrwx_ NOPAIR
I?qvJrwr_ NOPAIR
I?qvJrwZ_ PAIR C1=0,6,2,5,9,4,1,8 C2=0,4,8,2,9,1,6,5
I?qvJrwV_ PAIR C1=1,7,2,6,5,3,9,4,8 C2=1,4,7,3,8,2,5,9,6
I?qvJrwN_ PAIR C1=1,7,2,6,5,3,9,4,8 C2=1,4,7,3,8,2,5,9,6
I?qvJrw{O PAIR C1=0,4,7,9,3,8,1,6,2,5 C2=0,6,5,3,7,2,9,1,4,8
I?qvJrwxO NOPAIR
I?qvJrwtO PAIR C1=0,8,1,7,2,6,5,3,9 C2=0,5,2,8,3,7,9,1,6
I?qvJrwrO PAIR C1=0,5,6,2,7,4,9,1,8 C2=0,4,8,2,5,9,7,1,6
I?qvJrwjO PAIR C1=0,5,6,1,7,2,8,4,9 C2=0,6,2,5,9,7,4,1,8
I?qvJrwZO PAIR C1=0,6,5,2,7,4,9,1,8 C2=0,4,8,2,6,1,7,9,5
I?qvJrwNO PAIR C1=0,4,8,1,7,3,9,2,6,5 C2=0,6,1,4,9,7,2,5,3,8
I?qvJrwwo PAIR C1=0,6,1,8,4,7,2,9 C2=0,4,1,7,9,6,2,8
I?qvJrwso PAIR C1=0,4,7,2,8,1,9,3,5,6 C2=0,5,2,6,1,4,8,3,7,9
I?qvJrwko PAIR C1=0,6,1,8,4,7,2,9 C2=0,4,1,7,9,6,2,8
I?qvJrwio PAIR C1=0,6,1,8,4,7,2,9 C2=0,4,1,7,9,6,2,8
I?qvJrweo PAIR C1=0,4,7,3,9,6,5,2,8 C2=0,5,3,8,4,9,7,2,6
I?qvJrwMo PAIR C1=0,6,5,2,7,3,9,4,8 C2=0,4,7,9,6,2,8,3,5
I?qvJrwpo PAIR C1=0,5,9,1,8,4,7,2,6 C2=0,4,1,7,9,6,5,2,8
I?qvJrwho PAIR C1=0,5,9,2,7,4,8,1,6 C2=0,4,1,7,9,6,5,2,8
I?qvJrwXo PAIR C1=0,5,9,1,8,4,7,2,6 C2=0,4,1,7,9,6,5,2,8
I?qvJrwbo PAIR C1=0,8,4,7,1,6,2,5,9 C2=0,4,1,8,2,7,9,6,5
I?qvJrwRo PAIR C1=0,5,9,1,8,4,7,2,6 C2=0,4,1,7,9,6,5,2,8
I?qvJrwJo PAIR C1=0,5,9,2,7,4,8,1,6 C2=0,4,1,7,9,6,5,2,8
I?qvJrwFo PAIR C1=0,5,9,3,7,4,8,1,6 C2=0,4,1,7,9,6,5,3,8
I?qvJri^? PAIR C1=0,4,1,9,5,6,2,8 C2=0,5,2,9,4,8,1,6
I?qvJri{O PAIR C1=0,8,4,7,2,6,1,9 C2=0,4,1,7,9,2,8,6
I?qvJpy^? PAIR C1=1,6,2,8,3,5,9,4,7 C2=1,4,8,6,5,2,7,3,9
I?qtn`x|? NOPAIR
I?qtn`xn? NOPAIR
I?qtn`xl_ NOPAIR
I?qtnP{y_ PAIR C1=0,6,5,2,7,4,8,1,9 C2=0,5,8,2,6,9,4,1,7
I?qtnP{mO PAIR C1=0,5,6,3,8,2,9,4,7 C2=0,4,8,5,3,9,7,2,6
I?qtnP{Uo PAIR C1=0,5,6,2,8,4,9,1,7 C2=0,4,1,8,5,2,7,9,6
I?qtnPxn? PAIR C1=0,6,5,3,8,2,9,4,7 C2=0,4,8,7,2,6,3,9,5
I?qtnPxV_ PAIR C1=0,5,6,2,8,4,9,1,7 C2=0,4,1,8,7,2,5,9,6
I?qtlrw\O NOPAIR
I?qtlp{}? PAIR C1=0,4,9,2,8,5,3,7 C2=0,5,2,7,4,8,3,9
I?qtjrw}? PAIR C1=0,5,3,7,4,8,1,9,2,6 C2=0,8,3,6,5,2,7,1,4,9
I?qtjrw|? PAIR C1=0,5,3,6,2,9,1,7,4,8 C2=0,4,1,8,2,7,3,9,5,6
I?qtjrwz? PAIR C1=0,6,2,5,3,7,4,8,1,9 C2=0,4,1,7,2,9,5,6,3,8
I?qtjrwn? NOPAIR
I?qtjrw^? PAIR C1=0,5,3,6,2,7,4,9,1,8 C2=0,4,1,7,3,8,2,9,5,6
I?qtjrwx_ PAIR C1=0,6,3,5,2,8,4,7,1,9 C2=0,4,1,8,3,7,2,6,9,5
I?qtjrwl_ NOPAIR
I?qtjrw\_ PAIR C1=0,5,3,7,4,8,1,9,2,6 C2=0,4,1,7,2,5,9,6,3,8
I?qtjrwZ_ PAIR C1=0,5,3,6,2,9,1,7,4,8 C2=0,4,1,8,3,7,2,5,9,6
I?qtjrwN_ NOPAIR
I?qtjrw{O PAIR C1=0,6,2,5,3,9,1,7,4,8 C2=0,4,1,8,2,9,7,3,6,5
I?qtjrwmO NOPAIR
I?qtjrw]O PAIR C1=0,5,2,7,1,8,4,9,3,6 C2=0,4,1,9,7,3,5,6,2,8
I?qtjrwxO PAIR C1=0,4,7,3,8,1,9,2,6,5 C2=0,6,3,5,2,8,4,1,7,9
I?qtjrwlO NOPAIR
I?qtjrw\O PAIR C1=0,4,7,1,8,3,9,2,5,6 C2=0,5,3,6,2,7,9,1,4,8
I?qtjrwjO PAIR C1=0,8,3,5,6,2,7,4,9 C2=0,4,8,2,5,9,7,3,6
I?qtjrwZO PAIR C1=0,5,9,1,4,7,2,8,3,6 C2=0,4,9,2,6,5,3,7,1,8
I?qtjrwNO PAIR C1=0,5,6,2,9,4,7,3,8 C2=0,4,8,2,7,9,5,3,6
I?qtjrwpo PAIR C1=0,5,9,1,8,4,7,3,6 C2=0,4,1,7,9,6,5,3,8
I?qtjrwLo NOPAIR
I?qtjrwbo PAIR C1=0,5,6,2,7,3,8,4,9 C2=0,4,7,9,6,3,5,2,8
I?qtjrwRo PAIR C1=0,6,3,5,9,1,7,4,8 C2=0,4,1,8,3,7,9,6,5
I?qtjrwJo PAIR C1=0,4,8,3,7,9,6,2,5 C2=0,6,3,5,9,4,7,2,8
I?qtjrkUo PAIR C1=0,4,1,7,3,9,6,2,8,5 C2=0,6,3,5,2,7,4,9,1,8
I?qtjpxr_ PAIR C1=0,4,1,7,3,8,2,6,9,5 C2=0,6,3,5,2,7,4,8,1,9
I?qrnbw}? NOPAIR
I?qrnbw|? PAIR C1=0,5,6,3,7,2,9,1,8 C2=0,7,1,6,2,8,3,5,9
I?qrnbwz? PAIR C1=0,5,3,7,1,6,2,9,4,8 C2=0,4,1,9,5,6,3,8,2,7
I?qrnbw^? PAIR C1=0,5,2,6,1,7,3,9,4,8 C2=0,4,1,8,3,6,5,9,2,7
I?qrnbwx_ PAIR C1=0,7,3,6,2,5,9,1,8 C2=0,5,3,8,2,7,1,6,9
I?qrnbwl_ NOPAIR
I?qrnbwr_ PAIR C1=0,7,2,5,3,6,1,8,4,9 C2=0,4,1,7,3,8,2,6,9,5
I?qrnbw{O PAIR C1=0,7,2,5,6,1,9,3,8 C2=0,5,3,6,2,8,1,7,9
I?qrnbwxO PAIR C1=0,7,3,5,6,2,8,1,9 C2=0,5,2,9,7,1,6,3,8
I?qrnbwlO NOPAIR
I?qrnbw\O NOPAIR
I?qrnbwZO PAIR C1=0,4,9,2,5,6,1,7,3,8 C2=0,5,3,6,2,8,4,1,9,7
I?qrnbwNO PAIR C1=0,7,1,6,2,5,3,9,4,8 C2=0,4,1,8,2,9,7,3,6,5
I?qrnbwpo PAIR C1=0,7,1,9,5,2,6,3,8 C2=0,5,3,7,2,8,1,6,9
I?qrnbwLo NOPAIR
I?qrnbk{_ PAIR C1=0,5,8,1,6,2,7,3,9 C2=0,7,1,9,6,3,5,2,8
I?qrnbp^? NOPAIR
I?qrnRw}? PAIR C1=0,5,2,6,3,9,1,8,4,7 C2=0,4,9,2,7,1,6,5,3,8
I?qrnRw|? PAIR C1=0,5,3,6,2,9,1,7,4,8 C2=0,4,1,6,5,9,3,8,2,7
I?qrnRwz? NOPAIR
I?qrnRwn? PAIR C1=0,5,3,9,2,6,1,8,4,7 C2=0,4,1,7,2,8,3,6,5,9
I?qrnRw^? PAIR C1=0,5,3,9,2,6,1,7,4,8 C2=0,4,1,9,5,6,3,8,2,7
I?qrnRwx_ NOPAIR
I?qrnRwt_ PAIR C1=0,7,4,8,2,5,3,6,1,9 C2=0,4,1,7,2,6,5,9,3,8
I?qrnRwr_ PAIR C1=0,7,2,5,6,1,9,4,8 C2=0,4,7,1,8,2,6,9,5
I?qrnRwj_ PAIR C1=0,5,6,2,7,1,8,4,9 C2=0,7,4,1,6,9,5,2,8
I?qrnRwf_ PAIR C1=0,4,1,7,2,8,3,6,9,5 C2=0,7,4,9,3,5,2,6,1,8
I?qrnRwN_ PAIR C1=0,5,2,9,3,6,1,8,4,7 C2=0,4,1,7,2,6,9,5,3,8
I?qrnRw{O PAIR C1=0,5,2,7,4,8,3,6,1,9 C2=0,4,1,8,2,6,5,3,9,7
I?qrnRwxO NOPAIR
I?qrnRwtO PAIR C1=0,5,2,8,4,7,1,6,3,9 C2=0,4,1,9,7,2,6,5,3,8
I?qrnRw\O PAIR C1=0,4,8,3,5,6,1,9,2,7 C2=0,5,2,6,3,9,7,4,1,8
I?qrnRwZO NOPAIR
I?qrnRwVO PAIR C1=1,7,2,5,6,3,9,4,8 C2=1,4,7,9,5,3,8,2,6
I?qrnRwNO PAIR C1=1,7,2,6,5,3,9,4,8 C2=1,4,7,9,5,2,8,3,6
I?qrnRwpo PAIR C1=0,8,4,7,1,6,2,5,9 C2=0,4,1,8,2,7,9,6,5
I?qrnRwbo PAIR C1=0,5,9,4,8,1,6,2,7 C2=0,4,1,7,9,6,5,2,8
I?qrnRwJo PAIR C1=0,5,9,2,6,1,8,4,7 C2=0,4,1,7,9,6,5,2,8
I?qrnRwFo PAIR C1=0,5,9,3,6,1,8,4,7 C2=0,4,1,7,9,6,5,3,8
I?qrnRpx_ PAIR C1=0,7,2,8,1,6,5,9 C2=0,5,2,6,9,1,7,8
I?qrnRXN_ PAIR C1=0,5,6,2,9,4,8,1,7 C2=0,4,1,6,9,5,2,7,8
I?qrlrw}? PAIR C1=0,8,4,7,2,5,3,6,1,9 C2=0,5,6,2,9,4,1,8,3,7
I?qrlrw|? PAIR C1=0,5,3,6,2,9,1,8,4,7 C2=0,4,1,6,5,9,3,7,2,8
I?qrlrwz? PAIR C1=0,5,3,6,1,9,2,8,4,7 C2=0,4,1,8,3,7,2,6,5,9
I?qrlrwn? PAIR C1=0,5,2,9,3,8,4,7 C2=0,4,9,5,3,7,2,8
I?qrlrw^? PAIR C1=0,5,3,9,1,6,2,7,4,8 C2=0,4,1,8,2,9,5,6,3,7
I?qrlrw{_ PAIR C1=0,5,2,8,4,7,3,6,1,9 C2=0,4,1,8,3,5,6,9,2,7
I?qrlrwy_ PAIR C1=0,5,2,7,4,8,3,6,1,9 C2=0,4,1,8,2,9,6,5,3,7
I?qrlrwm_ NOPAIR
I?qrlrw]_ PAIR C1=0,5,3,7,4,9,1,6,2,8 C2=0,4,1,8,3,9,6,5,2,7
I?qrlrwl_ NOPAIR
I?qrlrwr_ PAIR C1=0,7,4,9,1,6,2,5,3,8 C2=0,4,1,8,2,7,3,6,9,5
I?qrlrwj_ PAIR C1=0,5,6,3,7,4,9,2,8 C2=0,4,8,3,5,9,6,2,7
I?qrlrwZ_ PAIR C1=0,5,6,3,8,4,9,2,7 C2=0,4,7,3,5,9,6,2,8
I?qrlrwN_ PAIR C1=0,7,4,9,2,6,5,3,8 C2=0,4,8,2,7,3,6,9,5
I?qrlrw{O PAIR C1=0,5,3,6,2,9,1,8,4,7 C2=0,4,1,6,5,2,8,3,7,9
I?qrlrwmO NOPAIR
I?qrlrw]O PAIR C1=0,7,4,9,3,5,2,6,1,8 C2=0,4,1,9,7,2,8,3,6,5
I?qrlrwlO NOPAIR
I?qrlrw\O PAIR C1=0,5,3,9,1,6,2,7,4,8 C2=0,4,1,8,3,6,5,2,9,7
I?qrlrwZO PAIR C1=1,8,2,5,6,3,7,4,9 C2=1,4,8,3,5,9,7,2,6
I?qrlrwNO PAIR C1=0,4,7,3,8,2,9,5 C2=0,7,2,5,3,9,4,8
I?qrlrwwo PAIR C1=0,5,3,6,2,9,1,8,4,7 C2=0,4,1,6,5,2,8,3,7,9
I?qrlrwko NOPAIR
I?qrlrw[o PAIR C1=0,7,4,1,9,2,6,5,3,8 C2=0,4,8,1,6,3,9,7,2,5
I?qrlrwqo PAIR C1=0,8,2,6,5,3,7,4,9 C2=0,4,8,3,6,9,7,2,5
I?qrlrwio PAIR C1=0,7,3,6,5,2,9,4,8 C2=0,4,7,9,6,2,8,3,5
I?qrlrwYo PAIR C1=0,5,6,2,9,4,7,3,8 C2=0,4,8,2,5,3,6,9,7
I?qrlrwMo PAIR C1=0,5,6,2,7,4,9,3,8 C2=0,4,8,2,5,3,6,9,7
I?qrlrwLo NOPAIR
I?qrlrwbo PAIR C1=0,5,6,2,7,3,8,4,9 C2=0,4,7,9,6,3,5,2,8
I?qrlrwRo PAIR C1=0,5,9,1,6,2,7,4,8 C2=0,4,1,8,2,5,6,9,7
I?qrlrwJo PAIR C1=0,7,3,5,6,2,9,4,8 C2=0,4,7,9,6,3,8,2,5
I?qrlq{]O NOPAIR
I?qrlpymO PAIR C1=0,5,6,3,8,2,9,4,7 C2=0,4,8,6,2,5,3,7,9
I?qrlpyrO PAIR C1=0,5,6,3,7,4,8,1,9 C2=0,4,1,6,8,3,5,9,7
I?qrlrpn? PAIR C1=0,8,2,7,3,5,9 C2=0,5,2,9,3,8,7
I?qrlrp{_ NOPAIR
I?qrlrpm_ NOPAIR
I?qrlrhV_ PAIR C1=0,5,6,2,7,4,9,1,8 C2=0,4,1,6,9,5,2,8,7
I?qrlqx^? PAIR C1=0,7,3,5,2,9,4,8 C2=0,4,7,2,8,3,9,5
I?qrlqx{_ NOPAIR
I?qrlpx^? PAIR C1=1,8,4,7,2,6,5,3,9 C2=1,4,9,5,2,8,7,3,6
I?qrlpxr_ PAIR C1=0,5,6,2,7,4,8,1,9 C2=0,4,1,6,9,5,2,8,7
I?quZrsMo PAIR C1=0,6,5,2,9,4,7,1,8 C2=0,4,1,6,9,7,2,8,5
I?rLfd{N_ PAIR C1=0,6,3,9,4,8,5,1,7 C2=0,4,1,8,3,7,6,9,5
I?rLbvsy_ PAIR C1=0,6,2,9,4,7,1,5,8 C2=0,5,4,1,8,2,7,6,9
I?rLbvsN_ PAIR C1=0,6,3,9,4,7,1,5,8 C2=0,4,1,8,3,7,6,9,5
I?qnFpu}? PAIR C1=0,6,1,8,2,5,4,7 C2=0,4,1,7,2,6,8,5
I?qnFput_ PAIR C1=0,6,2,8,5,4,7,1,9 C2=0,4,1,8,6,9,5,2,7
I?qmfpu|? PAIR C1=0,5,8,3,9,2,7,4,1,6 C2=0,4,5,2,8,6,3,7,1,9
I?qmfput_ PAIR C1=0,6,3,9,1,8,5,4,7 C2=0,4,1,7,3,8,6,9,5
I?qmfpur_ NOPAIR
I?qmfpuN_ PAIR C1=0,5,8,2,9,4,7,1,6 C2=0,4,1,8,6,9,5,2,7
I?qmfhyN_ PAIR C1=0,6,1,8,4,9,2,5,7 C2=0,4,1,7,2,8,6,9,5
I?qmbzq|? PAIR C1=0,6,3,8,1,7,4,5,2,9 C2=0,4,1,6,8,2,7,3,9,5
I?qmbzqN_ PAIR C1=0,5,7,4,9,2,8,1,6 C2=0,4,1,7,2,5,9,6,8
I?qjfrsz? PAIR C1=0,8,1,7,4,5,2,9 C2=0,4,1,9,5,8,2,7
I?qjfre}? PAIR C1=0,5,4,7,2,8,1,9 C2=0,7,1,4,9,2,5,8
I?qjfret_ PAIR C1=0,7,4,5,8,2,6,1,9 C2=0,4,1,7,2,5,9,6,8
I?qjezqN_ PAIR C1=0,7,5,4,9,3,6,1,8 C2=0,4,1,7,3,8,6,9,5
I?qjbzq^? PAIR C1=1,8,3,6,2,5,7,4,9 C2=1,4,5,9,3,7,2,8,6
I?qjbzqZ_ NOPAIR
I?qjbzqf_ PAIR C1=0,8,1,6,2,5,7,4,9 C2=0,4,1,7,2,8,6,9,5
I?qjffwy_ PAIR C1=0,7,1,6,2,9,4,8 C2=0,4,1,8,2,7,6,9
I?qjffwx_ NOPAIR
I?qjffk^? NOPAIR
I?qjevsN_ PAIR C1=0,7,1,6,3,9,4,5,8 C2=0,4,1,8,3,7,6,9,5
I?qjdvsm_ PAIR C1=0,7,3,6,2,9,4,5,8 C2=0,4,7,6,9,3,8,2,5
I?qjdvsV_ PAIR C1=0,7,4,9,1,6,2,5,8 C2=0,4,1,8,2,7,6,9,5
I?qjbvs^? PAIR C1=1,6,2,7,3,8,5,4,9 C2=1,4,7,6,3,9,5,2,8
I?qjbvsf_ PAIR C1=0,8,5,4,7,1,6,3,9 C2=0,4,1,8,3,7,6,9,5
I?qnf`{z? NOPAIR
I?qnf`{^? PAIR C1=0,5,2,9,4,8,3,6,1,7 C2=0,4,1,8,5,9,3,7,2,6
I?qnf`{{_ PAIR C1=0,7,3,6,1,8,4,5,2,9 C2=0,4,1,7,2,6,9,3,8,5
I?qnf`{y_ PAIR C1=0,5,4,8,2,9,1,6 C2=0,4,1,8,5,2,6,9
I?qnf`{m_ PAIR C1=0,6,1,4,9,3,8,5,2,7 C2=0,5,4,8,1,7,3,6,2,9
I?qnf`{r_ NOPAIR
I?qnf`{Z_ NOPAIR
I?qnf`{f_ PAIR C1=0,5,4,8,2,6,1,7,3,9 C2=0,4,1,8,3,6,9,5,2,7
I?qnf`{wo PAIR C1=0,7,1,4,5,8,2,9 C2=0,4,8,1,9,7,2,5
I?qnf`{qo PAIR C1=0,7,1,6,2,5,8,4,9 C2=0,5,4,1,8,2,7,9,6
I?qnf`{io PAIR C1=0,7,1,6,2,5,8,4,9 C2=0,5,4,1,8,2,7,9,6
I?qnf`{bo PAIR C1=0,6,1,8,4,9,5,2,7 C2=0,4,1,7,9,6,2,8,5
I?qnf`{Fo PAIR C1=0,6,3,9,5,4,8,1,7 C2=0,4,1,6,9,7,3,8,5
I?qnf`yyO PAIR C1=0,7,2,6,1,8,4,9 C2=0,4,1,7,9,2,8,6
I?qnf`yxO PAIR C1=0,4,5,9,2,8,1,6 C2=0,5,2,6,8,4,1,9
I?qnf`m}? PAIR C1=0,5,4,9,1,8,2,6 C2=0,4,1,6,8,5,2,9
I?qnVbs]O PAIR C1=0,5,4,9,1,7,2,8 C2=0,4,1,8,5,2,9,7
I?qnVbsMo PAIR C1=0,6,1,7,2,9,4,5,8 C2=0,5,2,8,1,4,6,9,7
I?qnV`u|? NOPAIR
I?qnV`u^? PAIR C1=1,8,5,4,6,2,9 C2=1,4,9,5,2,8,6
I?qnV`umO PAIR C1=0,5,8,2,7,1,6,4,9 C2=0,6,8,1,4,5,2,9,7
I?qnV`t}? PAIR C1=0,5,4,6,1,8,2,7 C2=0,4,1,7,8,5,2,6
I?qnRjq|? PAIR C1=0,5,4,6,1,8,2,9 C2=0,4,1,9,5,2,6,8
I?qmv`u|? PAIR C1=0,5,4,6,1,7,3,8,2,9 C2=0,4,1,8,6,3,9,5,2,7
I?qmv`tr_ NOPAIR
I?qmrjs{O PAIR C1=0,6,4,5,2,9,1,7,3,8 C2=0,4,1,6,3,9,7,2,8,5
I?qmrjsMo PAIR C1=0,6,3,9,4,5,7,1,8 C2=0,4,1,6,9,7,3,8,5
I?qlv`umO PAIR C1=0,4,9,7,3,8,6,2,5 C2=0,7,2,8,5,4,6,3,9
I?qlrjwTo PAIR C1=0,5,9,1,7,2,6,4,8 C2=0,4,1,8,2,5,7,9,6
I?qlrjqVO PAIR C1=0,6,4,9,1,7,5,2,8 C2=0,4,1,8,6,2,7,9,5
I?qlrjp}? PAIR C1=0,5,4,9,1,7,2,8 C2=0,4,1,8,7,5,2,9
I?qjvbw{_ PAIR C1=0,4,8,2,9,3,6,1,7 C2=0,8,3,7,2,6,4,1,9
I?qjvbwwo PAIR C1=0,7,1,8,4,6,2,9 C2=0,4,1,6,9,7,2,8
I?qjvbs}? PAIR C1=0,7,2,5,4,6,1,9,3,8 C2=0,4,9,2,6,3,7,1,8,5
I?qjvbs|? PAIR C1=0,8,2,5,4,6,1,7,3,9 C2=0,4,1,9,5,8,3,6,2,7
I?qjvbsz? NOPAIR
I?qjvbsv? PAIR C1=0,5,2,6,4,9,3,8,1,7 C2=0,4,1,6,3,7,2,8,5,9
I?qjvbs^? PAIR C1=0,5,4,6,1,7,3,9,2,8 C2=0,4,1,9,5,8,3,6,2,7
I?qjvbs{_ PAIR C1=0,7,2,5,4,6,3,8,1,9 C2=0,4,1,7,3,9,6,2,8,5
I?qjvbsy_ PAIR C1=0,5,4,6,1,8,2,9 C2=0,4,1,9,6,2,5,8
I?qjvbsm_ PAIR C1=0,5,4,6,1,8,2,9,3,7 C2=0,4,1,7,2,5,8,3,6,9
I?qjvbsx_ PAIR C1=0,5,4,6,1,9,2,8 C2=0,4,1,8,5,2,6,9
I?qjvbst_ PAIR C1=0,5,4,6,2,8,1,9,3,7 C2=0,4,1,7,2,5,9,6,3,8
I?qjvbsr_ NOPAIR
I?qjvbsZ_ NOPAIR
I?qjvbsV_ PAIR C1=0,5,4,6,2,8,1,9,3,7 C2=0,4,1,7,2,5,9,6,3,8
I?qjvbsN_ PAIR C1=0,7,1,6,3,9,4,5,2,8 C2=0,4,1,8,3,7,2,6,9,5
I?qjvbs{O PAIR C1=0,5,4,6,1,8,3,9,2,7 C2=0,4,1,9,7,3,6,2,5,8
I?qjvbsyO PAIR C1=0,4,1,7,9,2,8,5 C2=0,7,2,5,4,9,1,8
I?qjvbsmO PAIR C1=0,5,4,6,2,9,3,7,1,8 C2=0,4,1,6,3,8,5,2,7,9
I?qjvbs]O PAIR C1=0,7,1,9,3,6,4,5,2,8 C2=0,4,1,6,2,9,7,3,8,5
I?qjvbsxO NOPAIR
I?qjvbsrO NOPAIR
I?qjvbsZO PAIR C1=0,4,1,7,9,2,8,5 C2=0,7,2,5,4,9,1,8
I?qjvbsVO PAIR C1=0,5,4,6,1,9,3,7,2,8 C2=0,4,1,8,3,6,2,5,9,7
I?qjvbsNO PAIR C1=1,6,4,9,3,8,5,2,7 C2=1,4,5,9,7,3,6,2,8
I?qjvbswo PAIR C1=0,4,1,6,9,2,5,8 C2=0,5,4,6,2,8,1,9
I?qjvbsqo PAIR C1=0,7,1,6,2,8,5,4,9 C2=0,5,2,7,9,6,4,1,8
I?qjvbsio PAIR C1=0,8,5,2,7,1,6,4,9 C2=0,5,4,1,8,2,6,9,7
I?qjvbspo PAIR C1=0,7,1,8,2,6,4,5,9 C2=0,4,1,6,9,7,2,5,8
I?qjvbsho PAIR C1=0,7,1,8,2,6,4,5,9 C2=0,4,1,6,9,7,2,5,8
I?qjvbsbo PAIR C1=0,5,9,4,6,1,7,2,8 C2=0,4,1,8,5,2,6,9,7
I?qjvbsFo PAIR C1=0,7,3,9,5,4,6,1,8 C2=0,4,1,7,9,6,3,8,5
I?qjvbk{_ PAIR C1=0,5,4,6,1,9,2,8 C2=0,4,1,8,5,2,6,9
I?qjvbk{O PAIR C1=0,7,2,5,4,8,1,9 C2=0,4,1,7,9,2,8,5
I?qjva{{_ PAIR C1=0,7,2,5,4,8,3,6,1,9 C2=0,4,1,7,3,9,6,2,8,5
I?qjv`uz? PAIR C1=1,4,9,5,8,2,6 C2=1,8,6,4,5,2,9
I?qjv`u^? PAIR C1=1,8,5,2,6,4,9 C2=1,4,5,9,2,8,6
I?qjvbp}? PAIR C1=0,4,6,3,9,2,8,1,7 C2=0,8,3,7,2,6,1,4,9
I?qjrjwXo NOPAIR
I?qjrjwdo PAIR C1=0,8,4,6,1,7,2,5,9 C2=0,4,1,8,2,6,9,7,5
I?qjrjqZO NOPAIR
I?o~Frq}? NOPAIR
I?o~Fjw|? PAIR C1=0,7,2,5,4,8,1,9 C2=0,4,1,7,5,9,2,8
I?o~Fjwz? PAIR C1=0,7,1,9,2,5,4,8 C2=0,4,1,8,2,7,5,9
I?o~Fjwt_ PAIR C1=0,6,1,7,2,5,4,8,3,9 C2=0,4,1,8,2,6,9,5,3,7
I?o~Fjq}? PAIR C1=0,7,3,8,1,6,2,5,4,9 C2=0,4,1,7,5,3,9,2,8,6
I?o~Fjq|? NOPAIR
I?o~Fjqz? NOPAIR
I?o~Fji|? PAIR C1=0,8,1,4,5,7,2,9 C2=0,4,8,2,5,9,1,7
I?o~FZq}? NOPAIR
I?o~Evs|? PAIR C1=0,6,1,7,4,5,2,9,3,8 C2=0,4,1,8,2,6,7,3,5,9
I?o~FNw}? NOPAIR
I?o~FNw|? PAIR C1=0,4,8,1,9,2,5,7 C2=0,8,2,7,1,4,5,9
I?o~FNwt_ PAIR C1=0,6,2,7,5,4,8,1,9 C2=0,4,1,7,6,9,5,2,8
I?o~Enwt_ PAIR C1=0,6,1,9,3,7,5,4,8 C2=0,4,1,8,3,5,9,6,7
I?o~EnwN_ PAIR C1=0,4,5,7,6,2,9,3,8 C2=0,6,9,4,8,2,5,3,7
I?o~fbw}? PAIR C1=0,7,2,6,3,9,1,4,8 C2=0,4,9,2,8,3,7,1,6
I?o~fbw|? PAIR C1=0,7,3,6,1,9,2,8 C2=0,6,2,7,1,8,3,9
I?o~fbwn? PAIR C1=0,8,4,5,3,7,1,6,2,9 C2=0,6,3,8,1,4,9,5,2,7
I?o~fbw{_ PAIR C1=0,7,3,6,2,8,1,9 C2=0,6,1,7,2,9,3,8
I?o~fbwy_ NOPAIR
I?o~fbwm_ PAIR C1=0,6,2,8,3,7,1,4,9 C2=0,4,8,1,6,3,9,2,7
I?o~fbwx_ PAIR C1=0,7,3,6,1,8,4,5,2,9 C2=0,4,1,7,2,6,9,5,3,8
I?o~fbwN_ PAIR C1=0,6,2,5,4,9,3,7,1,8 C2=0,4,1,6,9,5,3,8,2,7
I?o~fbwwo NOPAIR
I?o~fbwko NOPAIR
I?o~fbwqo NOPAIR
I?o~fbwMo PAIR C1=0,4,8,1,7,3,9,6 C2=0,7,9,4,1,6,3,8
I?o~fbwho PAIR C1=0,4,8,1,7,2,6,3,5,9 C2=0,6,1,4,5,2,9,7,3,8
I?o~fbwLo PAIR C1=0,4,5,9,3,6,2,7,1,8 C2=0,6,1,4,8,3,5,2,9,7
I?o~fbwJo PAIR C1=0,4,9,6,1,8,2,7 C2=0,6,2,9,7,1,4,8
I?o~fbkn? PAIR C1=0,6,3,5,2,9,4,8,1,7 C2=0,4,1,6,2,7,3,9,5,8
I?o~fbk{_ PAIR C1=0,8,4,5,3,6,1,7,2,9 C2=0,4,1,8,5,2,6,9,3,7
I?o~fbky_ NOPAIR
I?o~fbkx_ NOPAIR
I?o~fbkt_ PAIR C1=0,7,1,4,8,2,6,3,5,9 C2=0,4,5,2,7,3,9,6,1,8
I?o~fbkr_ NOPAIR
I?o~fbkj_ NOPAIR
I?o~fbkwo NOPAIR
I?o~fbkso PAIR C1=0,6,2,8,4,5,3,7,1,9 C2=0,4,1,6,3,9,7,2,5,8
I?o~fbkqo NOPAIR
I?o~fbkMo PAIR C1=0,7,2,6,3,9,4,5,8 C2=0,4,8,2,5,3,7,9,6
I?o~fbkpo PAIR C1=0,6,1,9,5,4,8,2,7 C2=0,4,1,7,9,6,2,5,8
I?o~fbkbo PAIR C1=0,7,1,6,2,8,4,5,9 C2=0,4,1,8,5,2,7,9,6
I?o~fbkJo PAIR C1=0,7,2,5,4,9,6,1,8 C2=0,4,1,7,9,5,8,2,6
I?o~fbkFo PAIR C1=0,6,3,9,5,4,8,1,7 C2=0,4,1,6,9,7,3,5,8
I?o~fbq{O PAIR C1=0,6,8,2,9,3,7 C2=0,8,3,6,2,7,9
I?o~faymO PAIR C1=0,7,3,9,2,6,8 C2=0,6,3,8,2,7,9
I?o~fbMNO PAIR C1=0,6,1,8,5,4,9,2,7 C2=0,4,1,7,9,5,2,6,8
I?o~famjO NOPAIR
I?o~famVO PAIR C1=0,6,1,9,4,5,8,2,7 C2=0,4,1,7,9,5,2,6,8
I?o~Vbs}? PAIR C1=0,7,1,8,3,5,4,6,2,9 C2=0,6,1,4,9,3,7,2,5,8
I?o~Vbs|? PAIR C1=0,6,4,5,3,9,1,7,2,8 C2=0,4,1,6,2,9,5,8,3,7
I?o~Vbsz? PAIR C1=0,8,2,5,4,6,1,9 C2=0,4,1,8,5,9,2,6
I?o~Vbsv? PAIR C1=0,6,4,9,1,7,2,5,3,8 C2=0,4,1,6,2,8,5,9,3,7
I?o~Vbs{_ PAIR C1=0,8,3,5,4,6,1,7,2,9 C2=0,4,1,8,5,2,6,9,3,7
I?o~Vbsy_ NOPAIR
I?o~Vbsu_ PAIR C1=0,7,3,5,4,9,1,6,2,8 C2=0,4,1,7,2,5,8,3,9,6
I?o~Vbsx_ PAIR C1=0,4,1,8,5,9,2,6 C2=0,8,2,5,4,6,1,9
I?o~Vbst_ PAIR C1=0,7,1,8,2,6,4,5,3,9 C2=0,4,1,6,9,5,2,7,3,8
I?o~Vbsr_ NOPAIR
I?o~Vbsj_ NOPAIR
I?o~VbsN_ PAIR C1=0,7,1,6,4,5,3,9,2,8 C2=0,4,1,8,3,7,2,5,9,6
I?o~Vbs{O PAIR C1=0,7,1,6,4,5,2,8,3,9 C2=0,4,1,8,5,3,7,9,2,6
I?o~VbsyO NOPAIR
I?o~VbsuO PAIR C1=0,8,2,7,1,6,4,5,3,9 C2=0,4,1,9,7,3,8,5,2,6
I?o~VbsmO PAIR C1=0,6,4,5,2,9,3,8,1,7 C2=0,4,1,6,2,8,5,3,7,9
I?o~VbsxO PAIR C1=0,4,5,9,2,8,1,6 C2=0,8,5,2,6,4,1,9
I?o~VbstO PAIR C1=0,7,3,9,1,6,4,5,2,8 C2=0,4,1,8,3,5,9,7,2,6
I?o~VbsrO PAIR C1=0,6,4,9,1,8,5,2,7 C2=0,4,5,9,7,1,6,2,8
I?o~VbsjO PAIR C1=0,6,1,7,2,8,5,4,9 C2=0,7,9,5,2,6,4,1,8
I?o~VbsfO PAIR C1=0,7,1,8,5,2,6,4,9 C2=0,6,1,4,5,9,7,2,8
I?o~VbsNO PAIR C1=0,4,6,2,5,9,3,8,1,7 C2=0,6,1,4,5,3,7,9,2,8
I?o~Vbswo NOPAIR
I?o~Vbsso PAIR C1=0,6,4,5,3,7,2,8,1,9 C2=0,4,1,6,2,5,8,3,9,7
I?o~Vbsqo NOPAIR
I?o~Vbspo PAIR C1=0,7,1,9,5,4,6,2,8 C2=0,4,1,8,5,2,7,9,6
I?o~VbsFo PAIR C1=0,7,3,5,9,6,4,1,8 C2=0,4,5,8,3,9,7,1,6
I?o~Vben? PAIR C1=0,6,4,5,8,2,9 C2=0,4,9,5,2,6,8
I?o~Vauz? PAIR C1=0,6,4,9,5,2,8 C2=0,4,5,8,6,2,9
I?o~Vbp}? NOPAIR
I?o~Vbpz? NOPAIR
I?o~VJw|? PAIR C1=0,6,4,5,2,7,1,9 C2=0,4,1,6,2,9,5,7
I?o~VJq{O PAIR C1=0,7,1,8,6,2,9 C2=0,6,1,9,7,2,8
I?o~VJp}? NOPAIR
I?o~Ujs{_ PAIR C1=0,6,2,8,3,9,1,4,5,7 C2=0,4,6,9,2,5,3,7,1,8
I?o~Ujsqo NOPAIR
I?o~UjsMo PAIR C1=0,6,1,7,5,4,9,2,8 C2=0,4,1,8,5,2,6,9,7
I?o~Tjwl_ PAIR C1=0,6,4,8,2,9,3,5,7 C2=0,4,5,9,6,2,7,3,8
I?o~TjwxO PAIR C1=0,8,4,5,7,2,6,1,9 C2=0,6,4,1,8,2,5,9,7
I?o~Tjwho NOPAIR
I?o~TjwTo PAIR C1=0,7,2,6,1,9,5,4,8 C2=0,4,1,8,2,5,7,9,6
I?o~Tjqn? PAIR C1=0,6,2,7,5,4,9,3,8 C2=0,4,6,8,2,9,5,3,7
I?o~TjqjO NOPAIR
I?o|vbs}? PAIR C1=0,8,3,6,4,5,2,7,1,9 C2=0,6,2,9,4,1,8,5,3,7
I?o|vbsn? PAIR C1=0,4,6,2,9,3,5,8 C2=0,6,3,8,2,5,4,9
I?o|vbsm_ PAIR C1=0,6,4,5,3,8,2,9 C2=0,4,9,3,6,2,5,8
I?o|vbs]_ PAIR C1=0,7,1,9,4,5,3,6,2,8 C2=0,4,1,8,5,2,7,3,9,6
I?o|vbsx_ PAIR C1=0,7,3,6,4,5,2,8,1,9 C2=0,4,1,7,2,6,9,5,3,8
I?o|vbsl_ NOPAIR
I?o|vbsr_ PAIR C1=0,4,1,7,3,8,2,5,9,6 C2=0,7,2,6,3,5,4,9,1,8
I?o|vbsj_ NOPAIR
I?o|vbsZ_ PAIR C1=0,7,3,6,4,5,2,9,1,8 C2=0,4,1,7,2,8,3,5,9,6
I?o|vbs{O PAIR C1=0,8,2,6,4,5,3,7,1,9 C2=0,4,1,8,5,2,7,9,3,6
I?o|vbsmO PAIR C1=0,6,3,8,2,5,4,9 C2=0,4,6,2,9,3,5,8
I?o|vbs]O PAIR C1=0,7,3,6,4,5,2,9,1,8 C2=0,4,1,7,9,3,5,8,2,6
I?o|vbslO NOPAIR
I?o|vbsrO PAIR C1=0,6,4,1,7,2,8,3,5,9 C2=0,4,5,2,6,3,7,9,1,8
I?o|vbsjO PAIR C1=0,6,4,9,2,8,5,3,7 C2=0,4,5,9,7,2,6,3,8
I?o|vbsNO PAIR C1=0,6,4,9,2,8,5,3,7 C2=0,4,5,9,7,2,6,3,8
I?o|vbsko NOPAIR
I?o|vbs[o PAIR C1=0,6,2,9,3,8,5,4,1,7 C2=0,4,6,3,5,2,7,9,1,8
I?o|vbsio PAIR C1=0,7,2,8,5,3,6,4,9 C2=0,4,5,2,6,9,7,3,8
I?o|vbsMo PAIR C1=0,6,4,9,3,5,8,2,7 C2=0,4,5,2,6,9,7,3,8
I?o|vbspo PAIR C1=0,7,1,9,5,4,6,3,8 C2=0,4,1,8,5,3,7,9,6
I?o|vbsLo NOPAIR
I?o|vbsbo PAIR C1=0,7,2,6,3,8,5,9 C2=0,6,9,7,3,5,2,8
I?o|vbsRo PAIR C1=0,4,1,7,3,8,2,5,9,6 C2=0,7,2,6,3,5,4,9,1,8
I?o|vbez? PAIR C1=0,8,5,2,6,4,9 C2=0,4,5,9,2,8,6
I?o|vbpn? NOPAIR
I?o|vbp{_ PAIR C1=0,7,3,9,6,2,8 C2=0,6,3,8,7,2,9
I?o|vbpl_ PAIR C1=0,7,3,6,9,2,8 C2=0,6,2,7,8,3,9
I?o|vJwho NOPAIR
I?o|vJwTo PAIR C1=0,4,1,7,9,5,2,8,3,6 C2=0,7,2,6,4,5,3,9,1,8
I?o|vJqjO NOPAIR
I?o}^bpN_ PAIR C1=0,7,2,9,4,5,6,1,8 C2=0,4,1,7,8,2,5,9,6
I?o|^bw|? PAIR C1=0,7,1,9,2,6,4,5,3,8 C2=0,4,1,8,2,7,3,9,5,6
I?o|^bwTo PAIR C1=0,4,1,7,3,8,2,5,9,6 C2=0,7,2,6,4,5,3,9,1,8
I?o|^bpj_ NOPAIR
I?o|^bpV_ PAIR C1=0,4,1,7,3,8,2,5,9,6 C2=0,7,2,6,4,5,3,9,1,8
I?zTfbwFo PAIR C1=0,6,2,7,3,9,4,8 C2=0,4,2,8,3,6,9,7
I?zTfbkZO PAIR C1=0,5,1,4,9,7,2,8 C2=0,4,2,9,5,8,1,7
I?zTfbkLo PAIR C1=0,5,9,3,6,2,7,1,4,8 C2=0,4,2,8,1,5,3,7,9,6
I?zTfbkJo PAIR C1=0,4,9,5,1,7,2,8 C2=0,5,8,1,4,2,9,7
I?zTfa{NO NOPAIR
I?zTfa{Uo PAIR C1=0,4,9,1,7,2,8,5,3,6 C2=0,5,1,4,2,6,9,7,3,8
I?zTfa{Jo PAIR C1=0,5,9,4,8,3,7,2,6 C2=0,4,2,8,5,3,6,9,7
I?zTf`{}? PAIR C1=0,4,8,3,9,2,7,1,5 C2=0,7,3,5,8,2,4,1,9
I?zTf`{z? NOPAIR
I?zTf`{n? PAIR C1=0,4,1,8,5,3,9,2,7 C2=0,5,1,7,3,8,2,4,9
I?zTf`{^? NOPAIR
I?zTf`{{_ PAIR C1=0,6,2,4,8,3,9,1,7 C2=0,4,1,8,2,7,3,6,9
I?zTf`{u_ PAIR C1=0,5,1,7,2,8,4,9,3,6 C2=0,4,2,6,9,1,8,5,3,7
I?zTf`{m_ PAIR C1=0,6,3,5,1,7,2,8,4,9 C2=0,5,8,1,4,2,6,9,3,7
I?zTf`{]_ PAIR C1=0,5,1,7,2,9,4,8,3,6 C2=0,4,2,6,9,1,8,5,3,7
I?zTf`{j_ PAIR C1=0,6,3,7,1,5,8,4,2,9 C2=0,4,1,8,3,5,9,6,2,7
I?zTf`{Z_ PAIR C1=0,5,8,4,2,9,1,7,3,6 C2=0,4,1,8,3,5,9,6,2,7
I?zTf`{N_ PAIR C1=0,5,8,4,1,7,2,9,3,6 C2=0,4,2,6,9,5,1,8,3,7
I?zTf`{{O PAIR C1=0,4,2,9,1,7,3,8,5 C2=0,7,2,8,4,1,5,3,9
I?zTf`{uO PAIR C1=0,5,3,9,4,8,1,7 C2=0,4,1,5,8,3,7,9
I?zTf`{mO PAIR C1=0,5,3,9,4,8,1,7 C2=0,4,1,5,8,3,7,9
I?zTf`{]O NOPAIR
I?zTf`{jO PAIR C1=0,5,8,4,1,7,2,9 C2=0,4,2,8,1,5,9,7
I?zTf`{NO NOPAIR
I?zTf`{wo PAIR C1=0,6,3,5,8,4,1,7,2,9 C2=0,4,2,6,9,7,3,8,1,5
I?zTf`{ko PAIR C1=0,6,3,9,2,4,8,5,1,7 C2=0,4,1,8,2,6,9,7,3,5
I?zTf`{[o PAIR C1=0,6,3,9,1,5,8,4,2,7 C2=0,4,1,8,2,6,9,7,3,5
I?zTf`{qo PAIR C1=0,6,3,8,5,1,7,2,4,9 C2=0,4,1,8,2,6,9,7,3,5
I?zTf`{io PAIR C1=0,6,3,8,5,1,7,2,4,9 C2=0,4,1,8,2,6,9,7,3,5
I?zTf`{eo PAIR C1=0,6,3,5,8,2,7,1,4,9 C2=0,4,2,6,9,7,3,8,1,5
I?zTf`{Uo PAIR C1=0,6,3,9,1,5,8,4,2,7 C2=0,4,1,8,2,6,9,7,3,5
I?zTf`{Mo PAIR C1=0,6,3,9,2,4,8,5,1,7 C2=0,4,1,8,2,6,9,7,3,5
I?zTf`{bo PAIR C1=0,5,9,4,8,3,7,2,6 C2=0,4,2,8,5,3,6,9,7
I?zTfbM[o PAIR C1=0,5,8,6,3,9,1,7 C2=0,6,9,7,3,5,1,8
I?zTfbMRo NOPAIR
I?zTbrs}? PAIR C1=0,8,3,5,1,7,4,2,9 C2=0,4,1,9,3,7,2,8,5
I?zTbrsz? NOPAIR
I?zTbrsv? NOPAIR
I?zTbrsn? PAIR C1=1,5,3,9,4,7,2,8 C2=1,4,2,9,5,8,3,7
I?zTbrs^? PAIR C1=1,5,3,9,4,7,2,8 C2=1,4,2,9,5,8,3,7
I?zTbrs{_ PAIR C1=0,6,2,4,7,1,9,3,8 C2=0,4,1,8,2,7,3,6,9
I?zTbrsy_ PAIR C1=0,6,3,7,1,5,8,2,4,9 C2=0,4,7,2,6,9,1,8,3,5
I?zTbrsu_ PAIR C1=0,5,1,8,3,6,2,7,4,9 C2=0,4,2,8,5,3,7,1,9,6
I?zTbrsm_ PAIR C1=0,5,3,8,1,7,4,9,2,6 C2=0,4,1,5,8,2,7,3,6,9
I?zTbrs]_ PAIR C1=0,6,3,5,1,7,4,9,2,8 C2=0,4,1,9,6,2,7,3,8,5
I?zTbrsj_ PAIR C1=0,6,3,5,1,8,2,7,4,9 C2=0,5,9,6,2,4,1,7,3,8
I?zTbrsZ_ PAIR C1=0,5,1,9,4,7,3,6,2,8 C2=0,4,2,7,1,8,3,5,9,6
I?zTbrsV_ PAIR C1=0,5,3,6,2,7,4,9,1,8 C2=0,4,2,8,3,7,1,5,9,6
I?zTbrsN_ PAIR C1=1,4,7,2,9,3,5,8 C2=1,5,9,4,2,8,3,7
I?zTbrsyO NOPAIR
I?zTbrsuO PAIR C1=0,5,1,8,3,7,4,9 C2=0,4,1,7,9,3,5,8
I?zTbrsmO PAIR C1=0,5,1,7,4,9,3,8 C2=0,4,1,8,5,3,7,9
I?zTbrsjO PAIR C1=0,5,8,1,7,4,2,9 C2=0,4,1,5,9,7,2,8
I?zTbrsfO PAIR C1=0,4,7,1,5,8,3,9 C2=0,5,3,7,9,4,1,8
I?zTbrsqo PAIR C1=0,6,3,7,2,8,5,1,4,9 C2=0,4,2,6,9,7,1,8,3,5
I?zTbrseo PAIR C1=0,6,3,7,2,8,5,1,4,9 C2=0,4,2,6,9,7,1,8,3,5
I?zTbrsbo PAIR C1=0,5,9,4,7,3,8,2,6 C2=0,4,2,7,9,6,3,5,8
I?zTbrsJo PAIR C1=0,5,9,4,7,3,8,2,6 C2=0,4,2,7,9,6,3,5,8
I?zTbrkxO PAIR C1=0,8,5,1,4,7,2,9 C2=0,4,2,8,1,7,9,5
I?zTbrklO PAIR C1=0,8,5,1,4,7,2,9 C2=0,4,2,8,1,7,9,5
I?zTbrkho PAIR C1=0,4,7,2,9,5,1,8 C2=0,5,8,2,4,1,7,9
I?zTbr[{O PAIR C1=0,5,3,9,1,7,4,8 C2=0,4,1,5,8,3,7,9
I?zTbr[tO PAIR C1=0,8,4,7,1,5,3,9 C2=0,4,1,8,3,7,9,5
I?zTbr[so PAIR C1=0,5,1,7,4,8,3,9 C2=0,4,1,9,7,3,5,8
I?zTbr[ko PAIR C1=0,4,8,5,1,7,2,9,3,6 C2=0,5,3,7,9,6,2,4,1,8
I?zTbr[do PAIR C1=0,5,1,8,4,7,3,9 C2=0,4,1,7,9,5,3,8
I?zTbq{{O PAIR C1=0,8,4,7,1,5,3,9 C2=0,4,1,9,7,3,8,5
I?zTbq{lO NOPAIR
I?zTbq{so PAIR C1=0,6,2,8,4,7,3,9 C2=0,4,2,7,9,6,3,8
I?zTbq{ho PAIR C1=0,6,2,8,4,7,3,5,9 C2=0,4,2,7,9,6,3,8,5
I?zTbq{do PAIR C1=0,5,9,3,7,4,8,2,6 C2=0,4,2,7,9,6,3,5,8
I?zTbrez? NOPAIR
I?zTbren? PAIR C1=0,5,3,6,2,9,4,7,1,8 C2=0,4,1,5,9,3,7,2,8,6
I?zTbre^? PAIR C1=0,5,3,7,4,9,1,8,2,6 C2=0,4,2,7,1,5,9,3,6,8
I?zTbrex_ NOPAIR
I?zTbre\_ PAIR C1=0,5,8,2,4,7,1,9,3,6 C2=0,4,1,5,3,7,2,9,6,8
I?zTbreZ_ NOPAIR
I?zTbreV_ PAIR C1=1,7,4,2,6,3,9,5,8 C2=1,4,9,6,8,2,7,3,5
I?zTbre{O PAIR C1=0,6,2,8,5,3,7,4,1,9 C2=0,4,2,7,9,3,6,8,1,5
I?zTbreyO NOPAIR
I?zTbreuO PAIR C1=0,5,8,2,4,9,1,7,3,6 C2=0,4,1,5,3,9,7,2,6,8
I?zTbrexO PAIR C1=0,5,8,1,7,4,2,9 C2=0,4,1,5,9,7,2,8
I?zTbrelO PAIR C1=0,5,9,3,7,4,1,8,2,6 C2=0,4,2,9,7,1,5,3,6,8
I?zTbrejO PAIR C1=0,5,8,1,7,4,2,9 C2=0,4,1,5,9,7,2,8
I?zTbrefO PAIR C1=0,6,2,7,4,9,3,5,8 C2=0,4,2,8,6,3,7,9,5
I?zTbreNO PAIR C1=0,6,2,7,4,9,3,5,8 C2=0,4,2,8,6,3,7,9,5
I?zTbrepo PAIR C1=0,4,7,1,9,5,8,2,6 C2=0,5,1,4,2,7,9,6,8
I?zTbreXo PAIR C1=0,4,7,1,9,5,8,2,6 C2=0,5,1,4,2,7,9,6,8
I?zTbredo PAIR C1=0,6,2,7,4,1,8,5,9 C2=0,4,2,8,6,9,7,1,5
I?zTbreTo PAIR C1=0,6,2,7,4,1,9,5,8 C2=0,4,2,8,6,9,7,1,5
I?zTbreFo PAIR C1=0,5,8,1,7,4,9,3,6 C2=0,4,1,5,3,7,9,6,8
I?zTbrU}? PAIR C1=0,5,3,6,2,9,4,7,1,8 C2=0,6,8,5,1,4,2,7,3,9
I?zTbrUn? PAIR C1=0,6,3,9,2,4,7,1,5,8 C2=0,4,1,8,6,2,7,3,5,9
I?zTbrU^? PAIR C1=0,5,3,6,2,7,4,9,1,8 C2=0,4,2,9,5,1,7,3,8,6
I?zTbrUy_ PAIR C1=0,4,7,2,6,3,8,5,1,9 C2=0,5,3,7,1,4,2,9,6,8
I?zTbrUu_ NOPAIR
I?zTbrU]_ PAIR C1=0,5,8,3,9,1,7,4,2,6 C2=0,4,1,5,3,7,2,9,6,8
I?zTbrUt_ PAIR C1=0,6,3,8,5,9 C2=0,5,3,9,6,8
I?zTbrUZ_ PAIR C1=1,5,8,3,6,2,9,4,7 C2=1,4,2,7,3,5,9,6,8
I?zTbrUV_ NOPAIR
I?zTbrUN_ PAIR C1=1,5,8,3,6,2,9,4,7 C2=1,4,2,7,3,5,9,6,8
I?zTbrUyO PAIR C1=0,6,2,7,3,8,5,1,4,9 C2=0,4,2,9,7,1,8,6,3,5
I?zTbrUuO PAIR C1=0,5,3,9,4,7,1,8 C2=0,4,1,5,8,3,7,9
I?zTbrUmO PAIR C1=0,6,2,9,4,1,7,3,5,8 C2=0,4,2,7,9,3,6,8,1,5
I?zTbrUjO PAIR C1=0,5,8,3,7,4,9,2,6 C2=0,4,2,7,9,5,3,6,8
I?zTbrUfO PAIR C1=0,4,7,1,5,8,3,9 C2=0,5,3,7,9,4,1,8
I?zTbrUqo PAIR C1=0,6,3,8,5,1,7,4,9 C2=0,4,1,8,6,9,7,3,5
I?zTbrUio PAIR C1=0,6,3,8,5,1,7,4,9 C2=0,4,1,8,6,9,7,3,5
I?zTbrUYo PAIR C1=0,6,3,7,4,9,1,5,8 C2=0,4,1,7,9,6,8,3,5
I?zTbrUeo PAIR C1=0,6,3,9,4,7,1,5,8 C2=0,4,1,8,6,9,7,3,5
I?zTbrUJo PAIR C1=0,5,9,4,7,1,8,3,6 C2=0,4,1,5,3,7,9,6,8
I?zTbrMso PAIR C1=0,5,8,4,7,1,9,3,6 C2=0,4,1,5,3,7,9,6,8
I?zTbrMLo PAIR C1=0,6,3,9,5,1,7,4,8 C2=0,4,1,8,6,9,7,3,5
I?zTbq]Xo PAIR C1=0,5,9,1,7,4,8,3,6 C2=0,4,1,5,3,7,9,6,8
I?zTbq]do PAIR C1=0,5,8,6,3,9 C2=0,6,9,5,3,8
I?zTbp]ho PAIR C1=0,6,3,8,4,7,1,5,9 C2=0,4,1,8,6,9,7,3,5
I?zVf_{}? PAIR C1=0,7,1,5,3,8,4,2,9 C2=0,4,1,9,3,7,2,8,5
I?zVf_{z? PAIR C1=0,7,3,5,1,6,2,8,4,9 C2=0,4,1,7,2,9,5,8,3,6
I?zVf_{n? PAIR C1=0,5,3,7,2,8,4,1,6 C2=0,4,2,6,3,8,5,1,7
I?zVf_{{_ PAIR C1=0,5,3,8,4,1,9,2,6 C2=0,4,2,8,5,1,6,3,9
I?zVf_{y_ PAIR C1=0,5,1,9,4,8,3,6,2,7 C2=0,4,1,7,3,5,8,2,9,6
I?zVf_{u_ PAIR C1=0,5,1,6,2,7,3,8,4,9 C2=0,4,2,8,5,3,6,9,1,7
I?zVf_{m_ PAIR C1=0,5,1,6,2,7,3,8,4,9 C2=0,6,9,3,5,8,2,4,1,7
I?zVf_{r_ PAIR C1=0,7,2,6,3,5,8,4,1,9 C2=0,4,2,8,3,7,1,5,9,6
I?zVf_{wo PAIR C1=0,4,8,5,3,7,2,6,1,9 C2=0,5,1,4,2,8,3,6,9,7
I?zVf_{{G PAIR C1=0,7,3,8,4,2,6,1,9 C2=0,4,1,7,2,8,9,3,6
I?zVf_{yG PAIR C1=0,5,1,9,4,8,3,7,2,6 C2=0,4,2,9,8,5,3,6,1,7
I?zVf_{uG PAIR C1=0,4,9,1,5,8,2,7,3,6 C2=0,5,3,9,8,4,2,6,1,7
I?zVf_{mG PAIR C1=0,5,1,6,2,7,3,8,4,9 C2=0,6,3,5,8,9,2,4,1,7
I?zVf_{rG PAIR C1=0,5,1,6,2,7,3,8,4,9 C2=0,6,3,5,9,8,2,4,1,7
I?zVf_{jG PAIR C1=0,6,2,7,3,8,5,1,4,9 C2=0,4,2,8,9,5,3,6,1,7
I?zVf_{NG PAIR C1=0,5,8,2,6,3,9,4,1,7 C2=0,4,2,7,3,8,9,5,1,6
I?zVf_{wg PAIR C1=0,5,8,4,2,9,1,7,3,6 C2=0,4,1,5,3,8,9,6,2,7
I?zVf_{kg PAIR C1=0,5,8,4,2,9,3,7,1,6 C2=0,4,1,5,3,8,9,6,2,7
I?zVf_{qg PAIR C1=0,5,8,2,7,3,6,1,4,9 C2=0,4,2,6,9,8,3,5,1,7
I?zVf_{ig PAIR C1=0,5,8,2,7,3,6,1,4,9 C2=0,4,2,6,9,8,3,5,1,7
I?zVf_{eg PAIR C1=0,5,8,2,7,3,9,4,1,6 C2=0,4,2,6,9,8,3,5,1,7
I?zVf_{ow PAIR C1=0,4,2,8,3,6,9,7,1,5 C2=0,6,2,7,3,5,8,4,1,9
I?zTv`s}? PAIR C1=0,5,3,9,1,8,2,4,6 C2=0,4,1,5,8,3,6,2,9
I?zTv`sz? PAIR C1=0,5,3,6,4,9,1,8,2,7 C2=0,6,2,4,1,7,3,8,5,9
I?zTv`sn? PAIR C1=0,6,4,9,2,8,1,5,3,7 C2=0,4,1,7,2,6,3,8,5,9
I?zTv`sy_ PAIR C1=0,4,6,2,8,3,5,1,7 C2=0,5,8,1,4,2,7,3,6
I?zTv`su_ PAIR C1=0,7,2,8,1,5,3,6,4,9 C2=0,4,2,6,9,1,7,3,8,5
I?zTv`sr_ PAIR C1=0,6,3,7,2,8,5,1,4,9 C2=0,4,2,6,9,5,3,8,1,7
I?zTv`sj_ PAIR C1=0,6,3,7,2,8,5,1,4,9 C2=0,4,2,6,9,5,3,8,1,7
I?zTv`sZ_ PAIR C1=0,5,8,2,4,9,1,7,3,6 C2=0,4,1,8,3,5,9,6,2,7
I?zTv`sV_ PAIR C1=0,5,8,2,7,3,9,1,4,6 C2=0,4,2,6,9,5,3,8,1,7
I?zTv`s{O PAIR C1=0,4,2,8,5,1,7,3,6 C2=0,5,3,8,1,4,6,2,7
I?zTv`syO PAIR C1=0,5,3,6,4,9,1,8,2,7 C2=0,4,1,5,8,3,7,9,2,6
I?zTv`suO PAIR C1=0,7,2,8,1,5,3,6,4,9 C2=0,5,8,3,7,9,1,4,2,6
I?zTv`smO PAIR C1=0,5,3,6,4,9,2,8,1,7 C2=0,4,1,5,8,3,9,7,2,6
I?zTv`srO PAIR C1=0,6,4,2,8,5,3,7,1,9 C2=0,4,1,8,3,6,2,7,9,5
I?zTv`sjO PAIR C1=0,4,6,3,7,1,5,8,2,9 C2=0,6,2,4,1,8,3,5,9,7
I?zTv`sZO PAIR C1=0,6,4,1,9,2,8,5,3,7 C2=0,4,2,6,3,8,1,7,9,5
I?zTv`sNO PAIR C1=0,6,4,1,5,8,2,9,3,7 C2=0,4,2,6,3,8,1,7,9,5
I?zTv`sqo PAIR C1=0,5,8,1,9,4,2,7,3,6 C2=0,4,1,5,3,8,2,6,9,7
I?zTv`sio PAIR C1=0,5,8,1,7,3,6,4,2,9 C2=0,4,1,5,3,8,2,6,9,7
I?zTv`sUo PAIR C1=0,4,9,1,8,5,3,6,2,7 C2=0,5,1,4,2,8,3,7,9,6
I?zTv`sbo PAIR C1=1,5,9,4,6,2,7,3,8 C2=1,4,2,8,5,3,6,9,7
I?zTv`sRo PAIR C1=1,5,9,4,6,2,7,3,8 C2=1,4,2,8,5,3,6,9,7
I?zTv`sJo PAIR C1=1,5,9,4,6,2,7,3,8 C2=1,4,2,8,5,3,6,9,7
I?zTv`sbg PAIR C1=0,7,2,6,4,1,8,3,5,9 C2=0,4,2,8,9,6,3,7,1,5
I?zTv`sBw PAIR C1=0,6,4,9,5,3,8,2,7 C2=0,4,2,6,3,7,9,8,5
ICQffp{}? PAIR C1=0,7,4,1,6,3,8,2,9 C2=0,3,9,4,8,1,7,2,6
ICQffp{|? PAIR C1=0,7,3,6,2,5,8,1,9 C2=0,5,9,3,8,2,7,1,6
ICQffp{{_ NOPAIR
ICQffp{y_ PAIR C1=0,7,3,6,2,8,1,4,9 C2=0,3,8,4,7,2,9,1,6
ICQffp{x_ PAIR C1=0,5,8,2,9,1,6,3,7 C2=0,3,8,1,7,2,5,9,6
ICQffX{}? PAIR C1=0,5,2,7,4,8,1,6,3,9 C2=0,3,8,5,7,1,4,9,2,6
ICQffX{{_ PAIR C1=0,5,7,2,8,1,9,3,6 C2=0,3,8,5,2,9,6,1,7
ICQffX{x_ NOPAIR
ICQfex{|? PAIR C1=0,6,3,7,5,2,8,1,9 C2=0,3,8,5,9,2,6,1,7
ICQfex{t_ NOPAIR
ICQfVp{y_ NOPAIR
ICQfVh{{_ PAIR C1=0,5,8,3,9,2,6,1,7 C2=0,3,7,5,2,8,1,9,6
ICQfVh{x_ NOPAIR
ICQfVX{{_ PAIR C1=0,5,7,2,8,4,6,1,9 C2=0,6,9,2,5,8,1,4,7
ICQfUx{r_ NOPAIR
ICQevp{}? PAIR C1=0,3,9,1,6,4,7 C2=0,6,3,7,1,4,9
ICQevp{v? PAIR C1=0,7,3,6,4,1,9 C2=0,3,9,4,7,1,6
ICQevh{v? PAIR C1=0,5,7,1,8,4,6,3,9 C2=0,6,1,4,9,5,8,3,7
ICQevh{t_ NOPAIR
ICQevX{v? PAIR C1=0,5,7,4,8,3,9,1,6 C2=0,3,6,4,9,5,8,1,7
ICQevX{r_ NOPAIR
ICQerx{|? PAIR C1=0,5,2,8,1,7,4,6,3,9 C2=0,3,7,2,9,5,8,4,1,6
ICQbvrw^? PAIR C1=1,6,4,7,3,8,2,9 C2=1,7,2,6,3,9,4,8
ICQbvrs{_ PAIR C1=0,7,3,8,1,6,2,9 C2=0,3,6,9,1,7,2,8
ICQbvrs\_ PAIR C1=0,3,9,6,1,7,2,8,5 C2=0,7,3,6,2,5,9,1,8
ICQbvrk}? PAIR C1=0,8,1,4,6,3,7,2,9 C2=0,3,9,4,8,2,6,1,7
ICQbvr[v? PAIR C1=0,8,3,7,4,1,9 C2=0,3,9,4,8,1,7
ICQbvp{|? PAIR C1=0,5,2,8,3,6,4,7,1,9 C2=0,3,9,5,8,4,1,6,2,7
ICQbvp{]_ PAIR C1=1,6,2,9,3,8,4,7 C2=1,4,9,6,3,7,2,8
ICQbvZs}? PAIR C1=0,5,2,7,4,6,1,9,3,8 C2=0,3,6,2,9,4,1,8,5,7
ICQbvZk}? NOPAIR
ICQbvZkv? PAIR C1=0,5,7,4,8,1,9 C2=0,7,1,4,9,5,8
ICQbvZ[r_ PAIR C1=0,5,8,4,7,1,9 C2=0,7,5,9,4,1,8
ICQfNp{|? PAIR C1=0,6,5,2,7,3,8,1,9 C2=0,3,9,5,8,2,6,1,7
ICQfNp{z? PAIR C1=0,5,6,1,8,4,7,2,9 C2=0,6,2,8,5,9,4,1,7
ICQfNp{y_ PAIR C1=0,6,5,2,8,1,7,4,9 C2=0,5,8,4,1,6,9,2,7
ICQfNp{x_ NOPAIR
ICQdnp{|? NOPAIR
ICQe^p{z? PAIR C1=0,6,1,8,5,2,9,4,7 C2=0,5,6,4,8,2,7,1,9
ICQe^p{r_ NOPAIR
ICQVfX{t_ NOPAIR
ICQVVp{u_ NOPAIR
ICQVUx{}? PAIR C1=0,5,3,9,1,8,4,7 C2=0,3,8,5,7,1,4,9
ICQVUx{^? PAIR C1=1,8,4,7,5,3,9 C2=1,4,9,5,8,3,7
ICQVRx{^? PAIR C1=1,8,4,7,5,3,9 C2=1,4,9,5,8,3,7
ICQVRx{V_ PAIR C1=1,4,7,5,8,3,9 C2=1,7,3,5,9,4,8
ICQUvX{}? PAIR C1=0,5,3,9,1,8,4,7 C2=0,3,8,5,7,1,4,9
ICRbfq{^? PAIR C1=0,5,1,9,3,8,4,7 C2=0,3,7,1,4,9,5,8
ICRbfiy^? PAIR C1=0,5,7,1,9,2,6,3,8 C2=0,3,9,5,1,6,8,2,7
ICRbeyy^? PAIR C1=0,7,1,5,2,6,3,9,4,8 C2=0,3,7,4,1,6,8,2,9,5
ICRbeyyt_ NOPAIR
ICRbbyy}? PAIR C1=0,5,2,9,1,6,3,7,4,8 C2=0,3,8,6,2,7,5,1,4,9
ICRbbyy^? PAIR C1=1,6,3,8,2,5,7,4,9 C2=1,4,8,6,2,7,3,9,5
ICRbbyy\_ NOPAIR
ICRbd^wy_ PAIR C1=0,7,5,1,6,2,9,4,8 C2=0,5,2,8,1,4,7,6,9
ICRbd^wx_ NOPAIR
ICRbd^wt_ PAIR C1=0,3,8,1,6,7,2,5,9 C2=0,7,5,1,9,3,6,2,8
ICRbd^wr_ PAIR C1=0,7,4,9,5,2,6,1,8 C2=0,5,1,4,8,2,7,6,9
ICRbc~wt_ NOPAIR
ICRcvp{f_ PAIR C1=0,6,4,8,5,1,7,3,9 C2=0,5,9,6,3,8,1,4,7
ICRcvpyx_ PAIR C1=0,6,3,8,1,5,9,2,7 C2=0,3,7,1,9,6,8,2,5
ICRcvp]}? NOPAIR
ICRcvp]n? PAIR C1=0,5,8,1,7,3,6,4,9 C2=0,6,8,3,9,5,1,4,7
ICRcvp]\_ PAIR C1=0,3,8,5,9,1,7,4,6 C2=0,5,1,4,8,6,9,3,7
ICRcvhyy_ PAIR C1=0,6,3,8,2,7,5,1,9 C2=0,3,7,1,8,6,9,2,5
ICRcvXy{_ PAIR C1=0,5,7,2,8,1,9,3,6 C2=0,3,8,6,9,2,5,1,7
ICRcvXyr_ NOPAIR
ICRcuxyn? PAIR C1=0,6,4,8,3,9,5,1,7 C2=0,5,7,3,6,8,1,4,9
ICRctxyn? PAIR C1=0,5,7,4,6,3,8,2,9 C2=0,3,7,2,5,9,4,8,6
ICRctxyf_ NOPAIR
ICRcvd{t_ NOPAIR
ICRcvT{r_ NOPAIR
ICRctt{v? PAIR C1=0,5,8,1,9,3,6,4,7 C2=0,6,7,3,8,4,1,5,9
ICRctt{n? PAIR C1=0,5,8,2,9,3,6,4,7 C2=0,3,8,4,9,5,2,7,6
ICRcrnwy_ PAIR C1=0,6,4,9,2,7,5,1,8 C2=0,5,2,8,4,1,7,6,9
ICRcrnwx_ PAIR C1=0,3,8,2,9,5,1,7,6 C2=0,5,2,7,3,6,9,1,8
ICRcrnwt_ NOPAIR
ICRcrnw\_ PAIR C1=0,6,3,9,2,5,7,1,8 C2=0,3,8,2,7,6,9,1,5
ICRcrnwr_ PAIR C1=0,8,1,5,7,3,6,4,9 C2=0,3,8,4,1,7,6,9,5
ICRcr^w{_ PAIR C1=0,6,4,7,5,1,8,2,9 C2=0,5,2,7,6,9,1,4,8
ICRcr^wr_ NOPAIR
ICRcr^wj_ PAIR C1=0,6,4,8,1,7,5,2,9 C2=0,5,1,4,9,6,7,2,8
ICRcp~wv? PAIR C1=0,5,7,4,6,3,9,1,8 C2=0,6,7,3,8,4,1,5,9
ICRcp~wn? PAIR C1=0,5,7,4,6,3,9,2,8 C2=0,3,8,4,9,5,2,7,6
ICRcp~wr_ PAIR C1=0,6,3,7,5,1,9,4,8 C2=0,3,8,1,4,7,6,9,5
ICR`vrw}? PAIR C1=0,8,3,7,4,1,9 C2=0,3,9,4,8,1,7
ICR`vrwn? PAIR C1=0,5,1,7,4,8,2,9 C2=0,7,2,5,9,4,1,8
ICR`vrw\_ PAIR C1=0,7,4,1,5,2,9,6,3,8 C2=0,3,7,2,6,4,8,1,9,5
ICR`vrs}? PAIR C1=0,5,1,7,3,8,2,9 C2=0,3,9,1,8,5,2,7
ICR`vrs|? PAIR C1=0,5,2,7,3,9,1,8 C2=0,3,8,2,9,5,1,7
ICR`vrs^? PAIR C1=0,7,3,9,1,5,2,8 C2=0,3,8,1,7,2,9,5
ICR`vrs{_ PAIR C1=0,7,3,8,1,5,2,9 C2=0,3,9,1,7,2,8,5
ICR`vrs]_ PAIR C1=0,7,4,6,3,9,1,5,2,8 C2=0,3,7,2,6,9,4,1,8,5
ICR`vrs\_ PAIR C1=0,5,2,9,1,7,3,8 C2=0,3,9,5,1,8,2,7
ICR`vr[v? PAIR C1=0,5,1,8,4,7,3,9 C2=0,3,8,5,9,4,1,7
ICR`vr[u_ PAIR C1=0,3,9,1,7,4,8 C2=0,7,3,8,1,4,9
ICR`vr[N_ PAIR C1=0,3,6,4,7,2,9,5,1,8 C2=0,5,2,6,9,3,8,4,1,7
ICR`vq{^? PAIR C1=0,5,1,9,3,8,4,7 C2=0,3,7,1,4,9,5,8
ICR`vq{y_ PAIR C1=0,8,3,7,4,6,2,5,1,9 C2=0,3,6,9,4,1,7,2,8,5
ICR`vq{V_ PAIR C1=0,7,2,5,1,9,4,6,3,8 C2=0,3,7,1,4,8,2,6,9,5
ICR`vre}? PAIR C1=0,5,1,9,3,7,4,6,2,8 C2=0,3,6,8,5,2,7,1,4,9
ICR`vre{_ PAIR C1=0,7,1,9,3,6,2,5,8 C2=0,3,7,2,9,6,8,1,5
ICR`vret_ PAIR C1=0,7,1,8,5,2,6,3,9 C2=0,3,7,2,8,6,9,1,5
ICR`vrUt_ NOPAIR
ICR`vrUr_ PAIR C1=0,5,8,3,6,4,9,1,7 C2=0,3,7,4,1,5,9,6,8
ICR`vrUV_ PAIR C1=0,5,8,3,6,4,9,1,7 C2=0,3,7,4,1,5,9,6,8
ICR`vqul_ NOPAIR
ICR`vpu^? PAIR C1=1,8,2,7,4,6,3,9 C2=1,4,9,2,6,8,3,7
ICR`vput_ PAIR C1=0,7,3,6,2,5,8,1,9 C2=0,3,9,6,8,2,7,1,5
ICR`vpu\_ NOPAIR
ICR`vjq^? PAIR C1=0,5,1,9,2,8,3,7 C2=0,3,9,5,2,7,1,8
ICR`vji}? PAIR C1=0,7,3,9,1,5,2,6,4,8 C2=0,3,6,8,2,9,4,1,7,5
ICR`vji{_ PAIR C1=0,8,1,7,5,2,6,3,9 C2=0,3,7,2,8,6,9,1,5
ICR`vjiy_ PAIR C1=0,5,7,1,9,4,6,2,8 C2=0,7,2,5,1,4,8,6,9
ICR`vhy\_ PAIR C1=1,7,5,9,3,6,2,8 C2=1,5,2,7,3,8,6,9
ICR`tzij_ PAIR C1=0,7,5,9,4,6,2,8 C2=0,5,2,7,4,8,6,9
ICR`tzY^? PAIR C1=0,5,7,4,6,2,9,3,8 C2=0,3,6,8,4,9,5,2,7
ICRffQ{Xo NOPAIR
ICRffQ{To PAIR C1=0,3,8,2,7,9,6,1,5 C2=0,7,1,9,3,6,2,5,8
ICRffQ{Ro PAIR C1=0,5,8,4,9,1,6,2,7 C2=0,6,9,7,4,1,5,2,8
ICRfdp{}? PAIR C1=0,5,1,9,3,7,4,8,2,6 C2=0,7,2,5,8,3,6,1,4,9
ICRfdp{|? PAIR C1=0,6,3,8,1,5,2,9 C2=0,3,9,1,6,2,8,5
ICRfdp{n? PAIR C1=0,7,4,8,1,5,2,6,3,9 C2=0,3,7,2,8,5,9,4,1,6
ICRfdp{{_ PAIR C1=0,3,8,5,1,6,2,9 C2=0,5,2,8,1,9,3,6
ICRfdp{y_ PAIR C1=0,5,1,9,2,6,3,8,4,7 C2=0,3,7,2,5,8,1,4,9,6
ICRfdp{m_ PAIR C1=0,5,1,6,2,8,4,7,3,9 C2=0,3,6,9,4,1,8,5,2,7
ICRfdp{t_ NOPAIR
ICRfdp{l_ NOPAIR
ICRfdp{\_ NOPAIR
ICRfdp{f_ PAIR C1=0,5,2,6,1,8,4,9,3,7 C2=0,3,8,2,7,4,1,5,9,6
ICRfdp{N_ PAIR C1=0,6,2,5,1,8,4,9,3,7 C2=0,3,8,2,7,4,1,6,9,5
ICRfdp{{O PAIR C1=0,5,8,2,6,1,9,3,7 C2=0,6,3,8,1,5,2,7,9
ICRfdp{yO PAIR C1=0,5,2,8,4,7,3,6,1,9 C2=0,3,8,5,1,4,9,7,2,6
ICRfdp{mO PAIR C1=0,5,2,9,3,6,1,8,4,7 C2=0,3,8,5,1,4,9,7,2,6
ICRfdp{]O PAIR C1=0,5,2,9,3,6,1,8,4,7 C2=0,3,8,5,1,4,9,7,2,6
ICRfdp{tO PAIR C1=0,6,3,7,2,8,5,1,9 C2=0,3,8,1,6,2,5,9,7
ICRfdp{lO NOPAIR
ICRfdp{\O PAIR C1=0,5,8,1,9,2,6,3,7 C2=0,3,8,2,7,9,5,1,6
ICRfdp{VO PAIR C1=0,5,1,6,3,9,4,8,2,7 C2=0,3,8,1,4,7,9,5,2,6
ICRfdp{wo PAIR C1=0,5,8,1,9,2,7,3,6 C2=0,3,8,2,5,1,6,9,7
ICRfdp{so PAIR C1=0,3,8,2,7,9,6,1,5 C2=0,6,2,5,8,1,9,3,7
ICRfdp{ko NOPAIR
ICRfdp{[o PAIR C1=0,3,8,2,7,9,6,1,5 C2=0,6,2,5,8,1,9,3,7
ICRfdp{qo PAIR C1=0,5,8,2,7,3,6,1,9 C2=0,3,8,1,5,2,6,9,7
ICRfdp{po PAIR C1=0,3,8,2,7,9,6,1,5 C2=0,7,3,6,2,5,8,1,9
ICRfdp{do NOPAIR
ICRfdp{To PAIR C1=0,3,8,2,7,9,6,1,5 C2=0,6,2,5,8,1,9,3,7
ICRfdp{bo PAIR C1=0,6,3,8,1,5,9,4,7 C2=0,3,7,9,6,1,4,8,5
ICRfdp{Ro PAIR C1=0,6,3,8,1,5,9,4,7 C2=0,3,7,9,6,1,4,8,5
ICRfdp{Fo PAIR C1=0,6,3,8,1,5,9,4,7 C2=0,3,7,9,6,1,4,8,5
ICRev`{fO PAIR C1=0,3,9,5,8,1,4,6 C2=0,5,1,6,3,8,4,9
ICRev`{ho PAIR C1=0,6,3,7,1,8,5,2,9 C2=0,3,8,2,7,9,6,1,5
ICRev`{do NOPAIR
ICRev`{bo PAIR C1=0,6,4,9,5,1,8,3,7 C2=0,3,6,9,7,1,4,8,5
ICRev_}yO PAIR C1=0,6,3,7,2,8,5,1,9 C2=0,3,8,6,1,7,9,2,5
ICRev_|v? PAIR C1=0,7,1,5,8,3,6,4,9 C2=0,5,9,3,7,8,4,1,6
ICRev_|^? PAIR C1=0,3,9,5,1,6,4,8,2,7 C2=0,5,2,9,4,1,7,8,3,6
ICRev_|y_ PAIR C1=0,6,3,7,2,8,5,1,9 C2=0,3,8,7,1,6,9,2,5
ICRetrwXo PAIR C1=0,3,8,2,7,4,6,1,9,5 C2=0,6,3,7,9,2,5,1,4,8
ICRetrkN_ PAIR C1=0,5,1,6,4,8,2,9,3,7 C2=0,3,6,9,5,2,7,4,1,8
ICRetr[N_ NOPAIR
ICRetp{}? PAIR C1=0,5,1,8,2,9,3,7,4,6 C2=0,3,6,1,9,4,8,5,2,7
ICRetp{v? PAIR C1=0,5,1,8,4,6,3,9 C2=0,3,8,5,9,4,1,6
ICRetp{n? PAIR C1=0,5,1,8,4,6,3,9 C2=0,3,8,5,9,4,1,6
ICRetp{y_ PAIR C1=0,3,8,1,5,2,9,6,4,7 C2=0,5,8,2,7,3,6,1,4,9
ICRetp{u_ NOPAIR
ICRetp{m_ PAIR C1=0,5,2,9,3,8,1,6,4,7 C2=0,3,7,2,8,5,1,4,9,6
ICRetp{t_ NOPAIR
ICRetp{j_ PAIR C1=0,5,1,6,3,7,4,8,2,9 C2=0,3,8,1,4,6,9,5,2,7
ICRetp{f_ PAIR C1=0,3,8,1,5,9,4,6 C2=0,5,8,4,1,6,3,9
ICRetp{N_ PAIR C1=0,5,2,9,4,7,3,8,1,6 C2=0,3,6,9,5,1,4,8,2,7
ICRetp{{O PAIR C1=0,5,1,8,2,7,4,6,3,9 C2=0,3,7,9,2,5,8,4,1,6
ICRetp{yO PAIR C1=0,5,1,9,2,8,4,6,3,7 C2=0,3,8,5,2,7,9,4,1,6
ICRetp{uO NOPAIR
ICRetp{mO PAIR C1=0,5,1,8,2,9,3,6,4,7 C2=0,3,8,5,2,7,9,4,1,6
ICRetp{]O PAIR C1=0,5,1,8,2,9,3,6,4,7 C2=0,3,8,5,2,7,9,4,1,6
ICRetp{xO PAIR C1=0,5,1,8,4,6,3,7,2,9 C2=0,3,8,2,5,9,7,4,1,6
ICRetp{tO PAIR C1=0,7,4,8,5,1,6,3,9 C2=0,5,9,7,3,8,1,4,6
ICRetp{\O PAIR C1=0,5,2,9,3,6,1,8,4,7 C2=0,3,8,2,7,9,5,1,4,6
ICRetp{rO PAIR C1=0,5,8,3,6,1,9,4,7 C2=0,3,7,9,5,1,8,4,6
ICRetp{jO PAIR C1=0,6,1,5,2,8,3,7,4,9 C2=0,3,6,4,1,8,5,9,2,7
ICRetp{fO PAIR C1=0,5,8,1,6,4,7,3,9 C2=0,6,3,8,4,1,5,9,7
ICRetp{VO PAIR C1=0,5,8,1,9,4,6,3,7 C2=0,3,8,4,7,9,5,1,6
ICRetp{NO PAIR C1=0,5,1,8,4,6,3,9,2,7 C2=0,3,8,2,5,9,7,4,1,6
ICRetp{wo PAIR C1=0,6,3,8,5,1,9,2,7 C2=0,3,7,9,6,1,8,2,5
ICRetp{Mo PAIR C1=0,6,4,8,1,5,2,9,3,7 C2=0,3,6,1,4,9,7,2,8,5
ICRetp{po PAIR C1=0,7,4,6,3,8,1,5,9 C2=0,3,7,9,6,1,4,8,5
ICRetp{ho PAIR C1=0,7,4,6,3,8,1,5,9 C2=0,3,7,9,6,1,4,8,5
ICRetp{Xo PAIR C1=0,5,9,1,8,4,6,3,7 C2=0,3,8,5,1,4,7,9,6
ICRetp{do PAIR C1=0,7,4,6,3,8,1,5,9 C2=0,3,7,9,6,1,4,8,5
ICRetp{To PAIR C1=0,6,1,5,9,3,8,4,7 C2=0,3,7,9,6,4,1,8,5
ICRetp{Lo PAIR C1=0,6,4,1,8,5,9,3,7 C2=0,3,8,4,7,9,6,1,5
ICRetp{bo PAIR C1=0,6,3,8,1,5,9,4,7 C2=0,3,7,9,6,1,4,8,5
ICRetp{Jo PAIR C1=0,6,3,8,1,5,9,4,7 C2=0,3,7,9,6,1,4,8,5
ICRetp{Fo PAIR C1=0,6,3,8,1,5,9,4,7 C2=0,3,7,9,6,1,4,8,5
ICRetpuv? PAIR C1=0,6,1,5,8,3,9 C2=0,3,6,8,1,9,5
ICRetputO PAIR C1=0,6,1,5,8,3,9 C2=0,3,6,8,1,9,5
ICRetpx}? NOPAIR
ICRetpxv? NOPAIR
ICRetpxx_ PAIR C1=0,5,9,1,6,3,8,2,7 C2=0,3,7,8,1,5,2,9,6
ICRdvRw]_ PAIR C1=0,7,4,1,9,3,6,2,8 C2=0,3,8,1,7,2,9,4,6
ICRdvRwZ_ PAIR C1=0,5,9,4,6,2,8,1,7 C2=0,6,9,1,5,2,7,4,8
ICRdvR[Z_ PAIR C1=0,6,4,7,1,9,2,5,8 C2=0,5,1,8,4,9,6,2,7
ICRdvR[NO PAIR C1=0,6,3,9,2,7,4,1,5,8 C2=0,3,8,1,7,9,4,6,2,5
ICRdvP{}? PAIR C1=0,5,2,9,1,8,3,6,4,7 C2=0,3,9,4,8,5,1,7,2,6
ICRdvP{z? NOPAIR
ICRdvP{^? PAIR C1=0,5,1,8,3,9,2,7,4,6 C2=0,3,6,2,8,5,9,4,1,7
ICRdvP{{_ PAIR C1=0,5,1,9,3,8,2,7,4,6 C2=0,3,6,9,2,5,8,4,1,7
ICRdvP{y_ PAIR C1=0,7,4,6,2,5,8,1,9 C2=0,5,1,7,2,8,4,9,6
ICRdvP{m_ PAIR C1=0,5,1,8,4,7,2,9,3,6 C2=0,3,8,5,2,6,9,4,1,7
ICRdvP{x_ PAIR C1=0,5,8,4,6,2,7,1,9 C2=0,6,9,5,2,8,1,4,7
ICRdvP{r_ PAIR C1=0,6,4,8,5,2,7,1,9 C2=0,5,9,6,2,8,1,4,7
ICRdvP{j_ PAIR C1=0,5,8,1,7,4,6,2,9 C2=0,6,9,5,1,4,8,2,7
ICRdvP{Z_ NOPAIR
ICRdvP{f_ PAIR C1=0,5,2,7,1,8,4,6,3,9 C2=0,3,8,2,6,9,5,1,4,7
ICRdvP{yO NOPAIR
ICRdvP{]O PAIR C1=0,6,4,8,3,9,2,5,1,7 C2=0,3,6,2,7,9,4,1,8,5
ICRdvP{\O PAIR C1=0,6,4,8,3,9,2,5,1,7 C2=0,3,6,2,8,1,4,7,9,5
ICRdvP{jO PAIR C1=1,5,9,4,7,2,8 C2=1,4,8,5,2,9,7
ICRdvP{ZO PAIR C1=1,7,4,9,2,5,8 C2=1,4,8,2,7,9,5
ICRdvP{fO PAIR C1=0,6,2,5,1,7,4,8,3,9 C2=0,3,6,4,1,8,2,7,9,5
ICRdvP{NO PAIR C1=0,6,3,9,4,8,2,5,1,7 C2=0,3,8,1,4,6,2,7,9,5
ICRdvP{wo PAIR C1=0,6,4,7,2,5,8,1,9 C2=0,5,1,4,8,2,6,9,7
ICRdvP{so PAIR C1=0,6,3,9,1,5,8,2,7 C2=0,3,8,1,7,9,6,2,5
ICRdvP{io PAIR C1=0,7,1,5,8,4,6,2,9 C2=0,5,2,8,1,4,7,9,6
ICRdvP{Yo NOPAIR
ICRdvP{po PAIR C1=0,7,2,6,4,8,5,1,9 C2=0,5,2,8,1,4,7,9,6
ICRdvP{do PAIR C1=0,5,9,6,3,8,1,4,7 C2=0,3,9,7,1,5,8,4,6
ICRdvP{To PAIR C1=0,6,4,8,3,9,5,1,7 C2=0,3,6,9,7,4,1,8,5
ICRdvP{bo PAIR C1=0,7,1,8,5,2,6,4,9 C2=0,5,1,4,8,2,7,9,6
ICRdvP{Fo PAIR C1=0,6,4,8,3,9,5,1,7 C2=0,3,6,9,7,4,1,8,5
ICRdvPyz? PAIR C1=0,6,4,7,1,8,2,5,9 C2=0,5,1,9,4,8,6,2,7
ICRdvPy{O PAIR C1=0,6,4,7,1,8,3,9 C2=0,3,6,8,4,1,9,7
ICRdvO}yO PAIR C1=0,6,4,9,1,5,8,2,7 C2=0,5,2,6,8,4,1,7,9
ICRdvO}jO PAIR C1=0,6,4,7,2,8,5,9 C2=0,5,2,6,8,4,9,7
ICRdvPt{_ PAIR C1=0,5,8,1,9,3,6,2,7 C2=0,3,8,7,1,5,2,9,6
ICRdtp{}? PAIR C1=0,5,2,8,1,9,3,7,4,6 C2=0,7,2,6,3,8,5,1,4,9
ICRdtp{|? PAIR C1=0,7,4,8,1,5,2,6,3,9 C2=0,3,7,2,8,5,9,1,4,6
ICRdtp{z? PAIR C1=0,6,4,1,5,9,2,8,3,7 C2=0,3,6,2,7,4,9,1,8,5
ICRdtp{v? PAIR C1=0,6,4,7,3,8,2,5,1,9 C2=0,5,8,1,4,9,3,6,2,7
ICRdtp{n? PAIR C1=0,7,2,5,8,4,6,3,9 C2=0,5,9,4,7,3,8,2,6
ICRdtp{^? PAIR C1=0,5,1,9,2,8,4,6,3,7 C2=0,3,9,5,8,1,4,7,2,6
ICRdtp{y_ PAIR C1=0,5,2,9,1,8,3,6,4,7 C2=0,3,7,2,8,5,1,4,9,6
ICRdtp{m_ NOPAIR
ICRdtp{l_ NOPAIR
ICRdtp{r_ PAIR C1=0,7,3,6,2,5,8,4,9 C2=0,3,8,2,7,4,6,9,5
ICRdtp{j_ PAIR C1=0,7,3,6,2,5,8,4,9 C2=0,3,8,2,7,4,6,9,5
ICRdtp{f_ PAIR C1=0,6,2,5,8,4,9,3,7 C2=0,3,8,2,7,4,6,9,5
ICRdtp{V_ PAIR C1=0,6,2,5,8,4,9,3,7 C2=0,3,8,2,7,4,6,9,5
ICRdtp{N_ PAIR C1=0,6,2,5,8,4,9,3,7 C2=0,3,8,2,7,4,6,9,5
ICRdtp{ko NOPAIR
ICRdtp{[o PAIR C1=0,6,2,5,8,4,1,9,3,7 C2=0,3,6,4,7,9,2,8,1,5
ICRdtp{io NOPAIR
ICRdtp{Mo NOPAIR
ICRdtp{po PAIR C1=0,5,9,1,8,4,6,3,7 C2=0,3,8,5,1,4,7,9,6
ICRdtp{do NOPAIR
ICRdtp{To PAIR C1=0,5,9,1,8,4,6,3,7 C2=0,3,8,5,1,4,7,9,6
ICRdtp{bo PAIR C1=0,3,7,2,8,5,9,4,6 C2=0,5,2,6,3,8,4,7,9
ICRdtp{Ro PAIR C1=0,5,9,1,8,4,7,3,6 C2=0,3,8,5,1,4,6,9,7
ICRdtp{Fo PAIR C1=0,5,8,4,9,3,6,2,7 C2=0,3,8,2,5,9,7,4,6
ICRdrrw}? PAIR C1=0,3,6,4,7,2,8,1,9 C2=0,6,2,9,4,1,7,3,8
ICRdrrw|? PAIR C1=0,8,2,5,1,7,4,6,3,9 C2=0,5,9,1,4,8,3,7,2,6
ICRdrrwv? PAIR C1=0,5,2,8,1,9,3,7,4,6 C2=0,3,6,2,7,1,5,9,4,8
ICRdrrwn? PAIR C1=0,8,1,5,2,7,4,6,3,9 C2=0,5,9,4,1,7,3,8,2,6
ICRdrrw{_ PAIR C1=1,8,2,6,4,7,3,9 C2=1,4,8,3,6,9,2,7
ICRdrrwy_ PAIR C1=0,3,8,2,7,1,9,4,6 C2=0,8,1,4,7,3,6,2,9
ICRdrrwu_ NOPAIR
ICRdrrwm_ NOPAIR
ICRdrrw]_ PAIR C1=1,8,4,7,3,6,2,9 C2=1,4,6,9,3,8,2,7
ICRdrrwx_ PAIR C1=0,8,3,6,4,7,2,5,1,9 C2=0,3,7,1,4,8,2,6,9,5
ICRdrrw\_ PAIR C1=0,6,4,7,2,5,1,9,3,8 C2=0,3,7,1,4,8,2,6,9,5
ICRdrrwZ_ PAIR C1=0,5,1,9,4,7,3,8,2,6 C2=0,3,6,9,5,2,7,1,4,8
ICRdrrwV_ PAIR C1=0,5,1,9,4,7,3,8,2,6 C2=0,3,6,9,5,2,7,1,4,8
ICRdrrwN_ PAIR C1=0,6,3,7,4,1,5,9,2,8 C2=0,3,9,6,4,8,1,7,2,5
ICRdrrwwo PAIR C1=0,6,4,7,3,8,1,9 C2=0,3,6,9,7,1,4,8
ICRdrrwko NOPAIR
ICRdrrw[o PAIR C1=1,4,7,2,8,3,6,9 C2=1,7,3,9,2,6,4,8
ICRdrrwMo NOPAIR
ICRdrrwpo PAIR C1=0,6,4,7,2,8,1,5,9 C2=0,5,2,6,9,7,1,4,8
ICRdrrwho PAIR C1=0,6,4,7,2,8,1,5,9 C2=0,5,2,6,9,7,1,4,8
ICRdrrwLo PAIR C1=0,5,9,2,8,4,1,7,3,6 C2=0,3,9,7,4,6,2,5,1,8
ICRdrrsv? PAIR C1=0,5,2,8,1,9,3,7,4,6 C2=0,3,6,2,7,1,4,9,5,8
ICRdrrs^? PAIR C1=0,5,2,8,1,9,3,7,4,6 C2=0,3,6,2,7,1,4,9,5,8
ICRdrrs{_ NOPAIR
ICRdrrsy_ PAIR C1=0,8,3,6,4,7,2,5,1,9 C2=0,3,7,1,4,9,6,2,8,5
ICRdrrsm_ PAIR C1=0,8,1,5,2,7,4,6,3,9 C2=0,3,7,1,4,9,6,2,8,5
ICRdrrs]_ PAIR C1=0,6,4,7,2,5,1,9,3,8 C2=0,3,7,1,4,9,6,2,8,5
ICRdrrsx_ NOPAIR
ICRdrrst_ NOPAIR
ICRdrrs\_ PAIR C1=0,5,8,3,9,2,6 C2=0,3,6,9,5,2,8
ICRdrrsj_ PAIR C1=0,8,3,6,2,5,1,7,4,9 C2=0,3,7,2,8,1,4,6,9,5
ICRdrrsV_ PAIR C1=0,5,1,7,3,9,4,6,2,8 C2=0,3,8,1,4,7,2,5,9,6
ICRdrrsN_ PAIR C1=0,5,1,8,3,9,4,7,2,6 C2=0,3,7,1,4,6,9,5,2,8
ICRdrrs{O NOPAIR
ICRdrrsyO PAIR C1=0,5,1,9,2,7,4,6,3,8 C2=0,3,7,9,4,1,8,5,2,6
ICRdrrsmO PAIR C1=0,5,1,7,4,6,3,9,2,8 C2=0,3,7,9,4,1,8,5,2,6
ICRdrrs]O PAIR C1=0,5,1,9,3,6,4,7,2,8 C2=0,3,7,9,4,1,8,5,2,6
ICRdrrsxO NOPAIR
ICRdrrstO NOPAIR
ICRdrrslO NOPAIR
ICRdrrs\O NOPAIR
ICRdrrsjO PAIR C1=0,6,3,7,4,9,2,5,1,8 C2=0,3,8,2,6,4,1,7,9,5
ICRdrrswo PAIR C1=0,3,8,2,6,9,7,1,5 C2=0,6,3,7,2,5,8,1,9
ICRdrrsko NOPAIR
ICRdrrs[o PAIR C1=0,6,2,7,3,9,1,5,8 C2=0,3,6,9,7,1,8,2,5
ICRdrrsqo PAIR C1=0,6,2,8,5,1,7,4,9 C2=0,5,2,7,9,6,4,1,8
ICRdrrsio PAIR C1=0,6,2,8,5,1,7,4,9 C2=0,5,2,7,9,6,4,1,8
ICRdrrspo PAIR C1=0,3,8,2,6,9,7,1,5 C2=0,6,3,7,2,5,9,1,8
ICRdrrsTo PAIR C1=0,3,8,2,6,9,7,1,5 C2=0,6,3,7,2,5,9,1,8
ICRdrrsbo PAIR C1=0,6,4,9,5,1,7,3,8 C2=0,3,6,9,7,4,1,8,5
ICRdrrsRo PAIR C1=0,6,4,9,5,1,7,3,8 C2=0,3,6,9,7,4,1,8,5
ICRdrrsFo PAIR C1=0,6,4,9,5,1,7,3,8 C2=0,3,6,9,7,4,1,8,5
ICRdrr[v? NOPAIR
ICRdrr[n? PAIR C1=0,6,4,7,3,8,1,5,2,9 C2=0,3,6,2,7,1,4,9,5,8
ICRdrr[{_ PAIR C1=0,5,2,7,3,8,4,1,9,6 C2=0,3,9,2,6,4,7,1,5,8
ICRdrr[y_ PAIR C1=0,5,2,9,1,7,4,8,3,6 C2=0,3,7,2,6,9,4,1,5,8
ICRdrr[u_ NOPAIR
ICRdrr[]_ PAIR C1=0,5,1,7,4,6,2,9,3,8 C2=0,3,7,2,5,8,1,4,9,6
ICRdrr[t_ NOPAIR
ICRdrr[\_ PAIR C1=0,5,1,7,4,8,3,9,2,6 C2=0,3,7,2,5,9,6,4,1,8
ICRdrr[r_ NOPAIR
ICRdrr[V_ NOPAIR
ICRdrr[N_ PAIR C1=0,6,3,7,1,5,2,9,4,8 C2=0,3,8,1,4,7,2,6,9,5
ICRdrr[wo PAIR C1=0,3,7,1,5,8,4,6,2,9 C2=0,5,2,7,4,1,9,6,3,8
ICRdrr[so PAIR C1=0,6,3,8,4,7,1,9 C2=0,3,7,9,6,4,1,8
ICRdrr[po PAIR C1=0,5,9,1,7,4,8,3,6 C2=0,3,7,9,6,4,1,5,8
ICRdrr[ho PAIR C1=0,8,1,5,2,7,4,6,9 C2=0,5,8,4,1,7,9,2,6
ICRdrr[do PAIR C1=0,5,9,6,3,7,4,1,8 C2=0,3,9,7,1,5,8,4,6
ICRdrr[To PAIR C1=0,5,9,1,7,4,8,3,6 C2=0,3,7,9,6,4,1,5,8
ICRdrr[Lo PAIR C1=0,5,9,6,3,7,4,1,8 C2=0,3,9,7,1,5,8,4,6
ICRdrr[Fo PAIR C1=0,6,4,7,3,9,5,1,8 C2=0,3,6,9,7,1,4,8,5
ICRdrq{|? PAIR C1=0,6,4,7,3,9,1,5,2,8 C2=0,3,6,2,7,1,4,8,5,9
ICRdrq{n? NOPAIR
ICRdrq{^? PAIR C1=0,5,1,9,2,7,4,6,3,8 C2=0,3,7,1,4,9,5,8,2,6
ICRdrq{y_ PAIR C1=0,5,2,8,3,6,4,7,1,9 C2=0,3,7,2,6,9,4,1,5,8
ICRdrq{u_ PAIR C1=0,5,2,8,3,9,1,7,4,6 C2=0,3,7,2,6,9,4,1,5,8
ICRdrq{m_ NOPAIR
ICRdrq{]_ PAIR C1=0,5,2,8,3,9,1,7,4,6 C2=0,3,7,2,6,9,4,1,5,8
ICRdrq{x_ PAIR C1=0,8,4,7,3,6,2,5,1,9 C2=0,3,8,2,7,1,4,6,9,5
ICRdrq{l_ PAIR C1=0,6,3,9,2,5,8 C2=0,3,8,2,6,9,5
ICRdrq{\_ PAIR C1=0,6,3,9,2,5,8 C2=0,3,8,2,6,9,5
ICRdrq{j_ NOPAIR
ICRdrq{V_ PAIR C1=0,6,9,4,1,5,2,7,3,8 C2=0,3,6,2,8,4,7,1,9,5
ICRdrq{N_ PAIR C1=0,5,8,3,9,2,6 C2=0,3,6,9,5,2,8
ICRdrq{{O PAIR C1=0,5,1,7,4,6,3,9,2,8 C2=0,3,7,9,1,4,8,5,2,6
ICRdrq{yO PAIR C1=0,5,2,9,1,7,3,8,4,6 C2=0,3,6,2,7,9,4,1,5,8
ICRdrq{mO PAIR C1=0,6,3,8,4,7,2,9 C2=0,3,7,9,4,6,2,8
ICRdrq{]O PAIR C1=0,5,2,9,1,7,3,8,4,6 C2=0,3,6,2,7,9,4,1,5,8
ICRdrq{lO NOPAIR
ICRdrq{rO PAIR C1=0,5,8,2,7,3,6,4,9 C2=0,3,8,4,7,9,5,2,6
ICRdrq{jO PAIR C1=0,6,3,7,2,5,8,4,9 C2=0,3,8,2,6,4,7,9,5
ICRdrq{fO PAIR C1=0,6,3,7,2,5,8,4,9 C2=0,3,8,2,6,4,7,9,5
ICRdrq{VO PAIR C1=0,5,2,7,1,9,4,6,3,8 C2=0,3,7,9,5,1,4,8,2,6
ICRdrq{NO PAIR C1=0,5,8,2,7,4,9,3,6 C2=0,3,7,9,5,2,6,4,8
ICRdrq{ko NOPAIR
ICRdrq{[o PAIR C1=0,3,9,1,7,2,5,8,4,6 C2=0,5,1,4,7,9,2,6,3,8
ICRdrq{io PAIR C1=0,6,3,8,4,7,2,9 C2=0,3,7,9,4,6,2,8
ICRdrq{Uo PAIR C1=0,3,9,4,7,1,5,8,2,6 C2=0,5,2,7,9,1,4,6,3,8
ICRdrq{Mo NOPAIR
ICRdrq{po PAIR C1=0,5,8,2,6,4,7,1,9 C2=0,6,9,7,2,5,1,4,8
ICRdrq{To PAIR C1=0,3,6,4,7,1,9,5,8 C2=0,5,1,4,8,3,7,9,6
ICRdrq{bo PAIR C1=0,6,2,5,8,3,7,4,9 C2=0,3,6,4,8,2,7,9,5
ICRdrq{Ro PAIR C1=0,5,1,4,7,9,6,3,8 C2=0,3,7,1,9,5,8,4,6
ICRdrq{Fo PAIR C1=0,5,9,4,7,3,6,2,8 C2=0,3,9,7,2,5,8,4,6
ICRdrrqyO PAIR C1=0,8,3,6,4,7,1,9 C2=0,3,7,9,4,1,8,6
ICRdrrqrO PAIR C1=0,5,9,4,7,1,8,2,6 C2=0,8,6,4,1,5,2,7,9
ICRdrri{O PAIR C1=0,8,1,7,4,6,3,9 C2=0,3,7,9,1,4,8,6
ICRdrriyO NOPAIR
ICRdrritO PAIR C1=0,5,9,1,7,2,8,4,6 C2=0,8,6,2,5,1,4,7,9
ICRdrrijO PAIR C1=0,5,9,4,6,2,7,1,8 C2=0,6,8,2,5,1,4,7,9
ICRdrrYuO PAIR C1=0,6,8,3,7,4,1,9 C2=0,3,6,4,9,7,1,8
ICRdrrYxO PAIR C1=0,6,2,9,5,1,7,3,8 C2=0,3,6,8,1,9,7,2,5
ICRdrqyyO PAIR C1=0,8,4,7,3,6,2,9 C2=0,3,8,2,7,9,4,6
ICRdrqymO PAIR C1=2,8,6,4,7,3,9 C2=2,6,3,8,4,9,7
ICRdrqyjO PAIR C1=0,6,4,7,3,8,2,9 C2=0,3,6,2,7,9,4,8
ICRdrpy{O NOPAIR
ICRdrpy\O NOPAIR
ICRdrre{O PAIR C1=0,6,3,7,2,9,1,5,8 C2=0,3,9,7,1,8,6,2,5
ICRdrreyO PAIR C1=0,5,1,4,9,7,2,8,6 C2=0,8,5,2,6,4,7,1,9
ICRdrrexO NOPAIR
ICRdrretO PAIR C1=0,6,3,7,2,8,5,1,9 C2=0,3,9,7,1,8,6,2,5
ICRdrrerO PAIR C1=0,5,1,4,9,7,2,8,6 C2=0,8,1,7,4,6,2,5,9
ICRdrrUtO NOPAIR
ICRdrrUrO PAIR C1=0,6,3,7,4,9,1,5,8 C2=0,3,8,6,4,1,7,9,5
ICRdrrUVO PAIR C1=0,6,3,7,4,9,1,5,8 C2=0,3,8,6,4,1,7,9,5
ICRdrputO PAIR C1=0,6,2,8,5,1,7,3,9 C2=0,3,6,8,1,9,7,2,5
ICRdrpu\O NOPAIR
ICRdrpuVO PAIR C1=1,4,6,3,7,2,8,5,9 C2=1,5,2,6,8,3,9,4,7
ICRdrrMtO PAIR C1=0,5,8,4,7,1,9,3,6 C2=0,3,7,9,5,1,4,6,8
ICRdrqmyO PAIR C1=0,5,1,4,9,7,2,8,6 C2=0,8,5,2,6,4,7,1,9
ICRdrp]tO PAIR C1=0,5,8,1,7,4,6,3,9 C2=0,3,7,9,5,1,4,8,6
ICRdrp]VO NOPAIR
ICRdro}NO PAIR C1=2,6,8,4,7,3,9 C2=2,7,9,4,6,3,8
ICRfLpx|? PAIR C1=0,7,2,6,5,1,8,3,9 C2=0,3,7,8,2,5,9,1,6
ICRfLpxx_ NOPAIR
ICRelp{}? PAIR C1=0,5,2,9,1,8,4,7,3,6 C2=0,3,9,4,1,6,5,8,2,7
ICRelp{{O PAIR C1=0,7,2,8,3,6,5,1,9 C2=0,3,7,9,2,5,8,1,6
ICRelp{uO PAIR C1=0,5,6,1,8,4,7,3,9 C2=0,6,3,8,5,1,4,9,7
ICRelpx|? PAIR C1=0,7,3,6,5,2,8,1,9 C2=0,3,8,7,2,9,5,1,6
ICRelpxv? PAIR C1=0,5,6,1,8,3,7,4,9 C2=0,6,3,9,5,1,4,8,7
ICRelpxt_ NOPAIR
ICRejq{{O PAIR C1=0,6,5,1,7,3,8,2,9 C2=0,3,6,1,9,7,2,5,8
ICRejq{uO PAIR C1=0,6,5,1,7,4,9,3,8 C2=0,5,8,4,1,6,3,7,9
ICRdn`{}? PAIR C1=0,5,1,8,2,7,3,9 C2=0,3,8,5,2,9,1,7
ICRdnPyxO NOPAIR
ICRdnPx|? PAIR C1=0,5,6,3,8,2,9,1,7 C2=0,3,9,5,1,8,7,2,6
ICRdnPx{_ PAIR C1=0,6,5,2,8,3,9,1,7 C2=0,3,6,9,2,7,8,1,5
ICRdnPxy_ PAIR C1=0,5,6,2,7,4,8,1,9 C2=0,6,9,4,1,5,2,8,7
ICRdnPxx_ NOPAIR
ICRdmp{u_ PAIR C1=0,7,1,5,6,3,8,4,9 C2=0,5,8,1,4,7,3,9,6
ICRdmp{{O PAIR C1=0,7,3,6,5,2,8,1,9 C2=0,3,8,5,1,7,9,2,6
ICRdmp{wo PAIR C1=0,5,8,1,9,2,6,3,7 C2=0,3,8,2,5,1,7,9,6
ICRdmp{so NOPAIR
ICRdmp{qo PAIR C1=0,6,5,1,8,3,7,4,9 C2=0,3,6,9,7,1,4,8,5
ICRdmpyv? PAIR C1=0,7,1,5,6,3,8,4,9 C2=0,5,9,3,7,4,1,8,6
ICRdmpy^? PAIR C1=0,5,2,6,3,9,4,8,1,7 C2=0,3,7,4,1,5,9,2,8,6
ICRdmpyyO PAIR C1=0,5,6,2,9,4,8,1,7 C2=0,6,8,2,5,1,4,7,9
ICRdmpytO NOPAIR
ICRdmpx|? PAIR C1=0,6,5,2,8,3,7,1,9 C2=0,3,6,2,9,5,1,8,7
ICRdmpxy_ PAIR C1=0,6,5,2,9,4,8,1,7 C2=0,5,1,4,7,8,2,6,9
ICRdmpxt_ NOPAIR
ICRdlp{{O NOPAIR
ICRdlp{mO NOPAIR
ICRdjrw}? PAIR C1=0,5,1,8,4,7,3,9,2,6 C2=0,8,3,6,5,2,7,1,4,9
ICRdjrw|? NOPAIR
ICRdjrwz? PAIR C1=0,5,1,7,3,8,4,9,2,6 C2=0,3,6,5,9,1,4,7,2,8
ICRdjrwn? PAIR C1=0,5,1,8,4,7,3,9,2,6 C2=0,3,6,5,9,4,1,7,2,8
ICRdjrw^? PAIR C1=0,5,1,9,2,6,3,7,4,8 C2=0,3,8,2,7,1,4,9,5,6
ICRdjrw{_ NOPAIR
ICRdjrwy_ PAIR C1=0,6,3,8,4,7,1,5,2,9 C2=0,3,7,2,8,1,4,9,6,5
ICRdjrwm_ PAIR C1=0,6,3,9,2,5,1,7,4,8 C2=0,3,7,2,8,1,4,9,6,5
ICRdjrw]_ PAIR C1=0,6,3,9,2,5,1,7,4,8 C2=0,3,7,2,8,1,4,9,6,5
ICRdjrwx_ NOPAIR
ICRdjrwl_ NOPAIR
ICRdjrw\_ NOPAIR
ICRdjrwj_ PAIR C1=0,5,1,7,3,6,2,8,4,9 C2=0,3,8,1,4,7,2,5,9,6
ICRdjrwV_ PAIR C1=0,3,7,1,8,4,9,6,2,5 C2=0,6,3,9,5,1,4,7,2,8
ICRdjrwN_ PAIR C1=0,5,1,7,3,9,4,8,2,6 C2=0,3,6,9,5,2,7,4,1,8
ICRdjrw{O PAIR C1=0,6,5,2,7,3,8,1,9 C2=0,5,1,7,9,3,6,2,8
ICRdjrwyO PAIR C1=0,5,2,9,1,7,4,8,3,6 C2=0,3,7,9,4,1,5,6,2,8
ICRdjrwmO PAIR C1=0,6,3,8,4,7,1,5,2,9 C2=0,3,7,9,4,1,8,2,6,5
ICRdjrw]O PAIR C1=0,5,2,7,4,8,1,9,3,6 C2=0,3,7,9,4,1,5,6,2,8
ICRdjrwxO PAIR C1=0,6,5,2,8,3,7,1,9 C2=0,3,6,2,7,9,5,1,8
ICRdjrwtO PAIR C1=0,6,5,2,8,3,7,1,9 C2=0,3,6,2,7,9,5,1,8
ICRdjrwlO NOPAIR
ICRdjrw\O PAIR C1=0,5,6,3,7,1,9,2,8 C2=0,3,8,1,5,9,7,2,6
ICRdjrwrO PAIR C1=0,8,3,6,5,2,7,1,9 C2=0,3,7,9,5,1,8,2,6
ICRdjrwjO PAIR C1=0,3,7,4,9,2,8,1,5,6 C2=0,5,2,6,3,8,4,1,7,9
ICRdjrwNO PAIR C1=0,5,2,9,4,8,1,7,3,6 C2=0,3,9,7,4,1,5,6,2,8
ICRdjrwwo PAIR C1=0,5,6,3,8,2,7,1,9 C2=0,3,7,9,6,2,5,1,8
ICRdjrwso PAIR C1=0,3,8,2,6,9,7,1,5 C2=0,6,5,2,7,3,9,1,8
ICRdjrwko NOPAIR
ICRdjrw[o PAIR C1=0,3,8,2,6,9,7,1,5 C2=0,6,5,2,7,3,9,1,8
ICRdjrwqo PAIR C1=0,8,1,5,6,2,7,4,9 C2=0,5,2,8,4,1,7,9,6
ICRdjrwio PAIR C1=0,8,1,5,6,2,7,4,9 C2=0,5,2,8,4,1,7,9,6
ICRdjrwpo PAIR C1=0,3,8,2,6,9,7,1,5 C2=0,6,3,7,2,5,9,1,8
ICRdjrwho NOPAIR
ICRdjrwTo PAIR C1=0,3,8,2,6,9,7,1,5 C2=0,6,3,7,2,5,9,1,8
ICRdjrwLo NOPAIR
ICRdjrwbo PAIR C1=0,5,9,4,7,1,8,3,6 C2=0,3,7,9,6,5,1,4,8
ICRdjrwFo PAIR C1=0,5,9,4,7,1,8,3,6 C2=0,3,7,9,6,5,1,4,8
ICRdjr[]_ PAIR C1=0,5,1,7,4,9,2,6,3,8 C2=0,3,7,2,5,8,4,1,9,6
ICRdjp{{O PAIR C1=0,5,6,3,8,1,7,2,9 C2=0,3,7,9,1,5,8,2,6
ICRdjp{[o PAIR C1=1,7,2,8,5,6,3,9 C2=1,5,2,6,9,7,3,8
ICRdjri{O PAIR C1=0,5,6,3,9,2,7,1,8 C2=0,3,7,9,1,5,2,8,6
ICRdjrY^? PAIR C1=1,7,4,9,2,5,6,3,8 C2=1,4,8,6,2,7,3,9,5
ICRdjpy\O PAIR C1=1,7,3,8,2,6,5,9 C2=1,5,2,7,9,3,6,8
ICRdjpx|? PAIR C1=0,6,5,1,7,3,8,2,9 C2=0,3,6,2,7,8,1,9,5
ICRbnbwn? PAIR C1=0,8,1,5,6,3,7,2,9 C2=0,5,9,3,8,2,6,1,7
ICRbna{qo PAIR C1=0,5,8,3,6,2,7,1,9 C2=0,3,7,9,6,1,5,2,8
ICRbnQyxO NOPAIR
ICRbnQx|? PAIR C1=0,7,1,5,6,2,8,3,9 C2=0,3,6,1,9,5,2,7,8
ICRbnQx{_ PAIR C1=0,7,2,5,6,1,9,3,8 C2=0,3,6,9,2,8,7,1,5
ICRbnQxy_ PAIR C1=0,5,6,1,9,4,8,2,7 C2=0,8,7,4,1,5,2,6,9
ICRbnQxx_ NOPAIR
ICRbmq{u_ PAIR C1=0,7,1,5,6,3,9,4,8 C2=0,5,8,3,7,4,1,6,9
ICRbmq{]O PAIR C1=0,7,4,1,9,2,5,6,3,8 C2=0,3,7,9,4,8,2,6,1,5
ICRbmq{so NOPAIR
ICRbmqx^? PAIR C1=1,5,6,2,9,3,8,4,7 C2=1,4,9,5,2,8,7,3,6
ICRbmqxt_ NOPAIR
ICRblrw}? PAIR C1=0,5,2,6,1,9,3,7,4,8 C2=0,7,2,8,3,6,5,1,4,9
ICRblrw|? PAIR C1=0,5,2,6,1,8,3,9 C2=0,3,6,5,1,9,2,8
ICRblrwz? PAIR C1=0,5,2,8,4,7,3,6,1,9 C2=0,3,8,1,4,9,5,6,2,7
ICRblrwn? PAIR C1=0,7,4,8,2,5,1,6,3,9 C2=0,3,7,2,6,5,9,4,1,8
ICRblrw^? PAIR C1=0,5,2,9,1,6,3,7,4,8 C2=0,3,8,1,4,9,5,6,2,7
ICRblrwx_ NOPAIR
ICRblrwt_ NOPAIR
ICRblrwl_ NOPAIR
ICRblrwf_ PAIR C1=0,5,1,6,2,8,4,9,3,7 C2=0,3,6,9,5,2,7,4,1,8
ICRblrw{O PAIR C1=0,5,6,1,9,3,8,2,7 C2=0,8,1,5,2,6,3,7,9
ICRblrwyO PAIR C1=0,8,4,7,3,6,2,5,1,9 C2=0,3,8,2,7,9,4,1,6,5
ICRblrwxO PAIR C1=0,8,3,7,2,6,5,1,9 C2=0,3,6,1,8,2,5,9,7
ICRblrwlO NOPAIR
ICRblrw\O PAIR C1=0,5,6,1,9,2,7,3,8 C2=0,3,6,2,8,1,5,9,7
ICRblrwVO PAIR C1=0,3,6,5,2,8,1,9,4,7 C2=0,5,9,3,7,2,6,1,4,8
ICRblrwNO PAIR C1=1,5,6,2,7,3,9,4,8 C2=1,4,7,9,5,2,8,3,6
ICRblrwpo PAIR C1=0,3,8,2,7,9,6,1,5 C2=0,7,3,6,2,5,9,1,8
ICRblrwdo NOPAIR
ICRblrwbo PAIR C1=0,5,9,4,7,3,6,1,8 C2=0,3,8,4,1,5,6,9,7
ICRblrwRo PAIR C1=0,5,9,4,7,3,6,1,8 C2=0,3,8,4,1,5,6,9,7
ICRblrsu_ PAIR C1=0,5,6,1,8,3,9 C2=0,3,6,9,1,5,8
ICRc~`{wo PAIR C1=0,6,3,8,5,2,9,1,7 C2=0,3,7,2,8,1,5,6,9
ICRc~`{so NOPAIR
ICRc~`{qo PAIR C1=0,5,6,3,7,1,8,4,9 C2=0,3,8,5,1,4,6,9,7
ICRc~`y|? PAIR C1=0,6,5,2,8,3,7,1,9 C2=0,3,6,8,1,5,9,2,7
ICRc~`ytO NOPAIR
ICRc~`xy_ PAIR C1=0,7,1,8,3,6,4,9 C2=0,3,7,8,4,1,9,6
ICRc~`xt_ NOPAIR
ICRc~P{qo NOPAIR
ICRc~Pyz? PAIR C1=0,5,6,4,7,1,8,2,9 C2=0,6,8,4,1,9,5,2,7
ICRc~PyrO NOPAIR
ICRc~PyjO PAIR C1=0,5,1,4,9,7,2,8,6 C2=0,7,1,8,4,6,5,2,9
ICRc~PyfO PAIR C1=0,7,4,8,1,5,6,3,9 C2=0,3,8,6,4,1,7,9,5
ICRc~Px{_ PAIR C1=0,7,2,5,6,4,8,1,9 C2=0,5,1,4,7,8,2,9,6
ICRc~Pxr_ NOPAIR
ICRc}py}? NOPAIR
ICRc|p{eo NOPAIR
ICRczrw}? PAIR C1=0,5,1,9,2,8,3,7,4,6 C2=0,3,6,5,2,7,1,8,4,9
ICRczrwv? PAIR C1=0,5,1,9,3,8,4,6 C2=0,3,6,5,9,4,1,8
ICRczrwn? PAIR C1=0,6,4,7,3,8,1,5,2,9 C2=0,3,6,5,9,4,1,7,2,8
ICRczrw{_ PAIR C1=0,5,1,9,2,8,3,7,4,6 C2=0,3,9,6,5,2,7,1,4,8
ICRczrwy_ PAIR C1=0,6,3,7,4,8,1,5,2,9 C2=0,3,8,2,7,1,4,9,6,5
ICRczrwu_ NOPAIR
ICRczrw]_ PAIR C1=0,6,4,7,1,5,2,9,3,8 C2=0,3,7,2,8,1,4,9,6,5
ICRczrw\_ PAIR C1=0,5,2,9,3,7,1,8,4,6 C2=0,3,6,9,5,1,4,7,2,8
ICRczrwr_ NOPAIR
ICRczrwV_ PAIR C1=0,6,3,9,5,1,4,8 C2=0,3,8,1,9,4,6,5
ICRczrwN_ PAIR C1=0,6,3,7,4,9,2,5,1,8 C2=0,3,8,2,7,1,4,6,9,5
ICRczrwuO NOPAIR
ICRczrwmO PAIR C1=0,5,2,9,3,6,4,7,1,8 C2=0,3,8,2,7,9,4,1,5,6
ICRczrwtO PAIR C1=0,6,5,1,8,4,7,3,9 C2=0,5,9,7,1,4,6,3,8
ICRczrwjO PAIR C1=0,6,5,2,9,4,7,3,8 C2=0,3,6,4,8,2,7,9,5
ICRczrwfO PAIR C1=0,5,6,4,7,1,8,3,9 C2=0,6,3,7,9,5,1,4,8
ICRczrwVO PAIR C1=0,5,6,3,7,1,9,4,8 C2=0,3,8,1,5,9,7,4,6
ICRczrwNO PAIR C1=0,5,6,3,7,2,9,4,8 C2=0,3,8,2,5,9,7,4,6
ICRczrwwo PAIR C1=0,8,4,6,5,1,7,2,9 C2=0,5,2,8,1,4,7,9,6
ICRczrwso PAIR C1=0,6,4,8,3,7,1,9 C2=0,3,6,9,7,4,1,8
ICRczrwio PAIR C1=0,5,6,4,8,1,7,2,9 C2=0,6,9,7,4,1,5,2,8
ICRczrwMo PAIR C1=0,6,5,2,9,3,7,1,4,8 C2=0,3,6,4,9,7,2,8,1,5
ICRczrwpo PAIR C1=0,8,4,6,3,7,1,5,9 C2=0,3,8,1,4,7,9,6,5
ICRczrwho PAIR C1=0,8,4,6,3,7,1,5,9 C2=0,3,8,1,4,7,9,6,5
ICRczrwXo PAIR C1=0,5,6,3,7,1,9,2,8 C2=0,3,8,1,5,2,7,9,6
ICRczrwTo PAIR C1=0,5,9,3,8,1,7,4,6 C2=0,3,7,9,6,5,1,4,8
ICRczrwbo PAIR C1=0,5,9,4,7,1,8,3,6 C2=0,3,7,9,6,5,1,4,8
ICRczrwFo PAIR C1=0,6,9,5,1,4,7,3,8 C2=0,3,9,7,1,8,4,6,5
ICRczrs]_ PAIR C1=0,5,1,8,2,9,4,7,3,6 C2=0,3,9,6,4,1,7,2,5,8
ICRczr[mO PAIR C1=0,6,5,1,7,4,9,3,8 C2=0,5,8,1,4,6,3,7,9
ICRczrq^? PAIR C1=0,5,1,8,2,9,4,7,3,6 C2=0,3,9,5,2,7,1,4,6,8
ICRczriv? PAIR C1=0,5,6,4,9,1,8 C2=0,6,8,4,1,5,9
ICRczrirO PAIR C1=0,6,5,1,8,4,9 C2=0,5,9,1,4,6,8
ICRczrY^? PAIR C1=0,5,1,9,3,6,4,8 C2=0,3,8,1,4,9,5,6
ICRczpy^? PAIR C1=1,7,4,8,3,6,5,2,9 C2=1,4,6,8,2,7,3,9,5
ICR`~bw}? PAIR C1=0,5,2,7,1,9,3,6,4,8 C2=0,7,3,8,2,6,5,1,4,9
ICR`~bw|? PAIR C1=0,5,1,9,2,8,3,7 C2=0,3,9,5,2,7,1,8
ICR`~bwn? PAIR C1=0,5,1,7,3,9,2,6,4,8 C2=0,3,6,5,9,4,1,8,2,7
ICR`~bw^? PAIR C1=0,5,1,7,3,9,2,6,4,8 C2=0,3,6,5,9,4,1,8,2,7
ICR`~bw{_ PAIR C1=0,5,6,2,8,1,7,3,9 C2=0,7,2,5,1,9,6,3,8
ICR`~bwy_ PAIR C1=0,7,3,6,4,8,1,5,2,9 C2=0,3,8,2,7,1,4,9,6,5
ICR`~bwm_ PAIR C1=0,7,3,6,4,8,1,5,2,9 C2=0,3,8,2,7,1,4,9,6,5
ICR`~bw]_ PAIR C1=0,7,3,9,1,5,2,6,4,8 C2=0,3,8,2,7,1,4,9,6,5
ICR`~bwx_ PAIR C1=0,5,6,2,9,1,7,3,8 C2=0,3,6,9,5,1,8,2,7
ICR`~bwt_ PAIR C1=0,7,2,5,6,3,8,1,9 C2=0,3,7,1,5,9,6,2,8
ICR`~bwl_ NOPAIR
ICR`~bw\_ PAIR C1=0,5,6,2,9,1,8,3,7 C2=0,3,6,9,5,1,7,2,8
ICR`~bwV_ PAIR C1=0,7,1,5,2,6,3,9,4,8 C2=0,3,7,2,8,1,4,6,9,5
ICR`~bw{O NOPAIR
ICR`~bwyO PAIR C1=0,8,4,6,3,7,1,5,2,9 C2=0,3,8,1,4,9,7,2,6,5
ICR`~bwmO PAIR C1=0,7,1,5,2,9,3,6,4,8 C2=0,3,7,9,4,1,8,2,6,5
ICR`~bw]O PAIR C1=0,7,2,5,1,9,3,6,4,8 C2=0,3,7,9,4,1,8,2,6,5
ICR`~bwxO NOPAIR
ICR`~bwlO NOPAIR
ICR`~bw\O PAIR C1=0,5,2,8,3,9,1,7 C2=0,3,7,2,9,5,1,8
ICR`~bwwo PAIR C1=0,5,2,6,3,7,9,1,8 C2=0,3,8,2,7,1,5,6,9
ICR`~bwso PAIR C1=0,8,3,6,5,2,7,1,9 C2=0,3,7,9,6,2,8,1,5
ICR`~bwko NOPAIR
ICR`~bw[o PAIR C1=0,7,1,9,2,5,6,3,8 C2=0,3,7,9,6,2,8,1,5
ICR`~bwqo PAIR C1=0,8,2,7,3,6,5,1,9 C2=0,3,8,1,7,9,6,2,5
ICR`~bwpo PAIR C1=0,5,6,2,7,3,8,1,9 C2=0,3,6,9,7,1,5,2,8
ICR`~bwdo NOPAIR
ICR`~bwTo PAIR C1=0,5,2,6,9,3,8,1,7 C2=0,3,6,5,1,9,7,2,8
ICR`~bwbo PAIR C1=0,7,3,6,4,9,5,1,8 C2=0,3,8,4,1,7,9,6,5
ICR`~bwFo PAIR C1=0,5,9,4,6,3,7,1,8 C2=0,3,8,4,1,5,6,9,7
ICR`~bs]O NOPAIR
ICR`~b[{_ PAIR C1=0,8,1,5,6,3,7,2,9 C2=0,3,8,5,2,6,9,1,7
ICR`~a{m_ PAIR C1=0,8,3,6,5,2,9 C2=0,3,9,6,2,8,5
ICR`~`{[o PAIR C1=1,8,5,6,2,7,3,9 C2=1,5,2,8,3,6,9,7
ICR`~bpz? PAIR C1=0,5,9,1,8,2,7 C2=0,8,7,1,5,2,9
ICR`~bp^? PAIR C1=0,5,2,9,1,8,3,7 C2=0,3,9,5,1,7,2,8
ICR`~bh|? PAIR C1=0,5,9,1,7,2,8 C2=0,7,8,1,5,2,9
ICR`~`x^? PAIR C1=1,5,9,4,8,2,6,3,7 C2=1,4,6,5,2,7,8,3,9
ICR`}rw}? PAIR C1=0,5,1,8,3,7,4,6,2,9 C2=0,3,6,5,2,8,4,9,1,7
ICR`}rwv? PAIR C1=0,7,4,1,9,3,8 C2=0,3,7,1,8,4,9
ICR`}rwx_ PAIR C1=0,5,1,9,2,6,3,8,4,7 C2=0,3,7,1,4,6,9,5,2,8
ICR`}rwt_ PAIR C1=0,5,6,4,8,1,7,3,9 C2=0,7,4,1,5,9,6,3,8
ICR`}rw\_ PAIR C1=0,5,2,9,3,6,4,8,1,7 C2=0,3,7,4,1,9,5,6,2,8
ICR`}rwuO PAIR C1=0,8,3,7,4,1,9 C2=0,3,9,4,8,1,7
ICR`}rwNO PAIR C1=1,7,4,6,5,2,9,3,8 C2=1,4,8,2,6,3,7,9,5
ICR`}rwpo PAIR C1=0,5,9,1,8,3,6,4,7 C2=0,3,7,9,6,5,1,4,8
ICR`}rwho PAIR C1=0,8,4,6,3,7,1,5,9 C2=0,3,8,1,4,7,9,6,5
ICR`}rwdo PAIR C1=0,5,9,3,6,4,7,1,8 C2=0,3,8,4,1,5,6,9,7
ICR`}rwTo PAIR C1=0,5,9,3,6,4,7,1,8 C2=0,3,8,4,1,5,6,9,7
ICR`}rs]_ PAIR C1=0,3,9,2,6,4,7,1,8,5 C2=0,7,3,6,9,4,1,5,2,8
ICRVFo}{_ PAIR C1=0,7,3,5,8,2,6,1,9 C2=0,3,8,6,9,2,7,1,5
ICRVFo}t_ NOPAIR
ICRVByyt_ NOPAIR
ICRVBu{t_ NOPAIR
ICRUVo}}? PAIR C1=0,5,3,8,4,6,1,9 C2=0,3,9,4,1,5,8,6
ICRUVo}z? PAIR C1=0,6,1,9,4,8,5,3,7 C2=0,3,8,6,4,7,1,5,9
ICRSvXyn? PAIR C1=0,5,3,6,8,4,1,7 C2=0,3,8,1,5,7,4,6
ICRSr^w}? PAIR C1=0,5,3,9,1,7,4,6 C2=0,3,6,7,5,1,4,9
ICRSr^wn? PAIR C1=0,5,7,1,4,6,3,8 C2=0,3,5,1,8,4,7,6
ICRVdpm{O PAIR C1=0,7,2,8,5,3,6,1,9 C2=0,3,7,9,2,6,8,1,5
ICRVdpmuO PAIR C1=0,5,8,1,6,3,9,4,7 C2=0,6,8,4,1,5,3,7,9
ICRVTr[]_ PAIR C1=0,5,3,9,1,6,4,8 C2=0,3,8,5,1,4,9,6
ICRVTr[N_ PAIR C1=0,6,1,5,3,9,4,8 C2=0,3,8,1,4,6,9,5
ICRVTp{}? PAIR C1=0,5,1,8,2,9,3,7,4,6 C2=0,3,5,8,4,9,1,6,2,7
ICRVTp{z? PAIR C1=0,6,4,7,3,5,1,8,2,9 C2=0,3,8,5,9,4,1,6,2,7
ICRVTp{v? NOPAIR
ICRVTp{n? PAIR C1=0,6,4,7,3,5,1,8,2,9 C2=0,3,8,5,9,4,1,6,2,7
ICRVTp{^? PAIR C1=0,5,1,8,2,9,3,7,4,6 C2=0,3,8,5,9,4,1,6,2,7
ICRVTp{{_ PAIR C1=0,5,1,8,2,6,4,7,3,9 C2=0,3,5,8,4,1,6,9,2,7
ICRVTp{u_ PAIR C1=0,5,1,6,4,8,3,9 C2=0,3,5,8,1,4,9,6
ICRVTp{m_ PAIR C1=0,5,3,7,4,6,1,8,2,9 C2=0,3,8,5,1,4,9,6,2,7
ICRVTp{t_ NOPAIR
ICRVTp{j_ PAIR C1=0,5,3,8,1,6,2,9,4,7 C2=0,3,7,2,8,4,1,5,9,6
ICRVTp{f_ PAIR C1=0,6,4,1,8,5,3,9 C2=0,3,8,4,9,6,1,5
ICRVTp{V_ NOPAIR
ICRVTp{N_ PAIR C1=0,5,3,8,1,6,2,9,4,7 C2=0,3,7,2,8,4,1,5,9,6
ICRVTp{{O PAIR C1=0,6,4,7,2,8,3,5,1,9 C2=0,3,7,9,2,6,1,4,8,5
ICRVTp{yO PAIR C1=0,5,1,8,3,7,4,6,2,9 C2=0,3,5,8,2,7,9,4,1,6
ICRVTp{uO PAIR C1=0,5,3,7,4,8,1,9 C2=0,3,8,5,1,4,9,7
ICRVTp{xO PAIR C1=0,6,1,5,3,7,4,8,2,9 C2=0,3,8,1,4,6,2,7,9,5
ICRVTp{rO PAIR C1=0,5,8,3,7,4,1,9 C2=0,3,5,1,8,4,9,7
ICRVTp{jO PAIR C1=0,6,1,5,3,7,4,8,2,9 C2=0,3,8,1,4,6,2,7,9,5
ICRVTp{VO NOPAIR
ICRVTp{wo PAIR C1=0,6,2,9,1,8,5,3,7 C2=0,3,8,2,7,9,6,1,5
ICRVTp{so PAIR C1=0,7,3,5,8,4,1,6,9 C2=0,5,1,8,3,9,7,4,6
ICRVTp{[o PAIR C1=0,5,8,3,7,2,9,1,6 C2=0,3,5,1,8,2,6,9,7
ICRVTp{eo PAIR C1=0,6,1,5,8,4,7,3,9 C2=0,5,3,8,1,4,6,9,7
ICRVTp{Uo PAIR C1=0,6,4,9,1,8,5,3,7 C2=0,3,8,4,7,9,6,1,5
ICRVTp{po PAIR C1=0,6,4,7,3,8,1,5,9 C2=0,3,5,8,4,1,6,9,7
ICRVTp{Xo PAIR C1=0,5,9,1,8,3,7,4,6 C2=0,3,5,8,4,1,6,9,7
ICRVTp{do PAIR C1=0,6,4,7,3,8,1,5,9 C2=0,3,5,8,4,1,6,9,7
ICRVTp{To PAIR C1=0,5,9,1,8,3,7,4,6 C2=0,3,5,8,4,1,6,9,7
ICRVTp{bo PAIR C1=0,6,4,7,3,8,1,5,9 C2=0,3,5,8,4,1,6,9,7
ICRVTp{Fo PAIR C1=0,5,1,8,3,9,6,4,7 C2=0,3,7,9,5,8,4,1,6
ICRVTpy}? PAIR C1=0,6,4,7,3,8,2,9 C2=0,3,9,4,8,6,2,7
ICRVTpyuO PAIR C1=0,7,3,8,4,6,1,9 C2=0,3,9,7,4,1,8,6
ICRVTp\}? PAIR C1=0,5,3,9,1,8,4,7 C2=0,3,7,8,5,1,4,9
ICRVTp\{_ PAIR C1=0,7,4,6,1,5,8,3,9 C2=0,5,3,7,8,4,1,9,6
ICRVRrweo PAIR C1=0,6,4,7,1,8,3,9 C2=0,3,7,9,6,1,4,8
ICRVRrwdo PAIR C1=0,8,1,6,4,7,3,9 C2=0,3,8,4,1,7,9,6
ICRVRrsko PAIR C1=0,5,8,3,7,1,6,2,9 C2=0,3,5,1,8,2,7,9,6
ICRVRrseo NOPAIR
ICRVRr[m_ PAIR C1=0,5,1,6,4,8,3,9 C2=0,3,5,8,1,4,9,6
ICRVRr[N_ PAIR C1=0,6,1,5,3,9,4,8 C2=0,3,8,1,4,6,9,5
ICRVRq{}? PAIR C1=0,5,3,7,4,6,1,9,2,8 C2=0,3,9,4,8,5,1,7,2,6
ICRVRq{z? PAIR C1=0,5,3,7,4,6,1,9,2,8 C2=0,3,8,5,9,4,1,7,2,6
ICRVRq{v? NOPAIR
ICRVRq{{_ PAIR C1=0,5,1,9,3,7,4,6,2,8 C2=0,3,5,8,4,1,7,2,9,6
ICRVRq{u_ PAIR C1=0,5,3,8,4,9,1,6 C2=0,3,9,6,4,1,5,8
ICRVRq{m_ PAIR C1=0,5,1,6,2,9,3,7,4,8 C2=0,3,5,8,2,7,1,4,9,6
ICRVRq{]_ PAIR C1=0,5,1,9,2,6,4,7,3,8 C2=0,3,5,8,2,7,1,4,9,6
ICRVRq{\_ PAIR C1=1,6,4,8,5,3,9,2,7 C2=1,4,7,3,8,2,6,9,5
ICRVRq{r_ NOPAIR
ICRVRq{V_ PAIR C1=0,6,4,1,9,3,5,8 C2=0,3,8,4,9,6,1,5
ICRVRq{N_ PAIR C1=0,5,1,7,3,8,4,9,2,6 C2=0,3,5,9,6,1,4,7,2,8
ICRVRq{wo PAIR C1=0,6,2,9,1,7,3,5,8 C2=0,3,8,2,7,9,6,1,5
ICRVRq{so PAIR C1=0,6,1,7,4,8,5,3,9 C2=0,5,1,4,6,9,7,3,8
ICRVRq{eo PAIR C1=0,6,1,7,4,8,5,3,9 C2=0,5,1,4,6,9,7,3,8
ICRVRq{po PAIR C1=0,6,4,7,1,9,5,3,8 C2=0,3,7,9,6,1,4,8,5
ICRVRq{Xo PAIR C1=0,6,4,7,1,9,5,3,8 C2=0,3,7,9,6,1,4,8,5
ICRVRq{do PAIR C1=0,6,4,7,1,5,9,3,8 C2=0,3,7,9,6,1,4,8,5
ICRVRq{bo PAIR C1=0,8,3,7,4,6,1,5,9 C2=0,3,5,8,4,1,7,9,6
ICRVRq{Jo PAIR C1=0,3,7,9,5,1,4,6,2,8 C2=0,5,3,8,4,9,2,7,1,6
ICRVRqy}? PAIR C1=0,3,7,1,9,2,6,4,8 C2=0,6,1,4,7,2,8,3,9
ICRVRqyuO PAIR C1=0,3,8,6,4,1,7,9 C2=0,6,1,9,3,7,4,8
ICRVRqmz? PAIR C1=0,5,8,4,9,1,6 C2=0,8,6,4,1,5,9
ICRVRqmv? PAIR C1=0,5,8,4,9,1,6 C2=0,8,6,4,1,5,9
ICRVRqmrO PAIR C1=0,6,4,1,9,5,8 C2=0,5,1,6,8,4,9
ICRVRq]}? PAIR C1=0,5,1,9,3,8,4,6 C2=0,3,5,8,6,1,4,9
ICRVRq]z? PAIR C1=0,6,1,5,8,4,9 C2=0,5,9,1,4,6,8
ICRUtrk]O PAIR C1=0,5,3,9,1,8,4,7 C2=0,3,7,9,4,1,5,8
ICRUtrk[o PAIR C1=0,5,8,1,9,3,7,4,6 C2=0,7,9,6,3,5,1,4,8
ICRTtpmuO PAIR C1=0,7,3,6,4,8,5,1,9 C2=0,5,3,9,7,4,1,8,6
ICRU\py}? PAIR C1=0,5,3,9,1,8,4,6 C2=0,3,8,6,5,1,4,9
ICRU\py{O PAIR C1=0,6,4,8,1,9,3,7 C2=0,3,8,6,1,4,7,9
ICRU\pyjO PAIR C1=0,6,8,1,5,3,7,4,9 C2=0,3,8,4,1,6,5,9,7
ICQvFp{}? NOPAIR
ICQvFp{z? PAIR C1=0,5,3,7,4,8,1,9 C2=0,3,8,5,9,4,1,7
ICQvFp{{_ PAIR C1=0,6,2,7,3,5,8,1,9 C2=0,5,2,8,3,9,6,1,7
ICQvFp{\_ PAIR C1=0,6,1,9,2,8,5,3,7 C2=0,3,8,1,7,2,6,9,5
ICQvFpy}? PAIR C1=0,6,2,8,1,9,3,7 C2=0,3,8,6,1,7,2,9
ICQvFpy{_ PAIR C1=0,7,3,8,1,6,2,9 C2=0,3,9,1,7,2,8,6
ICQvFpu}? PAIR C1=0,6,2,7,3,5,8,1,9 C2=0,5,2,9,3,8,6,1,7
ICQvFpum_ PAIR C1=0,6,2,8,5,3,9 C2=0,3,8,6,9,2,5
ICQvFhy}? PAIR C1=0,6,2,5,7,3,8,1,9 C2=0,5,3,9,2,8,6,1,7
ICQvFXy}? PAIR C1=0,5,2,6,1,9,3,8,4,7 C2=0,3,5,7,2,9,4,1,8,6
ICQvFXy|? PAIR C1=0,5,7,2,8,3,9,1,6 C2=0,3,5,9,2,6,8,1,7
ICQvFXyz? PAIR C1=0,5,7,1,8,4,9,2,6 C2=0,7,4,1,6,8,2,5,9
ICQvFXyx_ NOPAIR
ICQvExyz? PAIR C1=0,6,2,5,7,3,8,1,9 C2=0,3,5,9,2,8,6,1,7
ICQvExyt_ NOPAIR
ICQvDxy{_ NOPAIR
ICQvDxym_ NOPAIR
ICQvBxy|? PAIR C1=0,5,7,2,8,3,9,1,6 C2=0,3,7,1,8,6,2,5,9
ICQvFT{}? PAIR C1=0,5,3,9,1,8,4,7,2,6 C2=0,3,8,5,2,9,4,1,6,7
ICQvFT{z? PAIR C1=0,5,8,4,9,1,6,2,7 C2=0,6,7,4,1,8,2,5,9
ICQvEt{t_ NOPAIR
ICQvDt{{_ NOPAIR
ICQvDt{m_ NOPAIR
ICQvB^w}? PAIR C1=0,5,3,9,1,6,2,7,4,8 C2=0,3,8,1,4,9,2,5,7,6
ICQvB^wz? PAIR C1=0,5,7,2,8,4,9,1,6 C2=0,8,1,4,7,6,2,5,9
ICQvB^wx_ NOPAIR
ICQvB^wt_ PAIR C1=0,8,2,6,1,7,5,3,9 C2=0,3,8,1,9,6,7,2,5
ICQvB^wr_ PAIR C1=0,6,1,7,2,5,9,4,8 C2=0,5,7,4,1,8,2,6,9
ICQvA~wx_ PAIR C1=0,8,3,5,7,1,6,2,9 C2=0,3,7,6,9,1,8,2,5
ICQvA~wt_ NOPAIR
ICQvA~w\_ PAIR C1=0,5,2,8,3,9,1,7,6 C2=0,3,7,5,9,2,6,1,8
ICQvA~wr_ PAIR C1=0,6,1,9,5,3,7,4,8 C2=0,3,8,1,4,9,6,7,5
ICQvA~wV_ PAIR C1=0,6,1,7,5,3,9,4,8 C2=0,3,8,1,4,7,6,9,5
ICQv@~w{_ PAIR C1=0,6,2,7,5,3,9 C2=0,3,7,6,9,2,5
ICQv@~wm_ PAIR C1=0,5,7,3,9,2,6 C2=0,3,5,2,7,6,9
ICQufT{}? PAIR C1=0,5,3,8,2,7,4,9,1,6 C2=0,3,6,7,1,4,8,5,2,9
ICQufT{|? PAIR C1=0,6,3,8,5,2,7,1,9 C2=0,3,5,9,2,8,1,6,7
ICQufT{t_ NOPAIR
ICQub^w|? PAIR C1=0,6,3,8,2,5,7,1,9 C2=0,3,5,9,2,7,6,1,8
ICQub^wt_ NOPAIR
ICQub^wr_ PAIR C1=0,6,3,5,7,4,9,1,8 C2=0,3,8,4,1,7,6,9,5
ICQtfpm}? PAIR C1=0,5,2,9,1,8,4,7,3,6 C2=0,3,5,8,6,2,7,1,4,9
ICQtfXy}? PAIR C1=0,6,3,5,2,8,4,7,1,9 C2=0,3,9,4,1,8,6,2,7,5
ICQuVhy{_ PAIR C1=0,6,1,9,2,8,3,5,7 C2=0,3,9,6,8,1,7,2,5
ICQuVhyt_ NOPAIR
ICQuVXyz? PAIR C1=0,7,5,2,8,1,6,4,9 C2=0,5,9,2,7,1,4,8,6
ICQuVXyr_ NOPAIR
ICQuRzwv? PAIR C1=0,5,3,8,4,7,1,9 C2=0,3,7,5,9,4,1,8
ICQuVd{t_ NOPAIR
ICQuVT{z? PAIR C1=0,6,4,7,2,5,8,1,9 C2=0,5,9,2,8,4,1,6,7
ICQuVT{v? PAIR C1=0,5,8,3,9,1,6,4,7 C2=0,3,5,9,4,8,1,7,6
ICQuUt{z? PAIR C1=0,5,8,3,7,1,6,4,9 C2=0,3,5,9,1,8,4,7,6
ICQuRv[z? PAIR C1=0,6,1,8,5,3,7,4,9 C2=0,3,8,4,6,7,1,9,5
ICQuRnw{_ PAIR C1=0,6,1,9,2,7,5,3,8 C2=0,3,9,6,7,1,8,2,5
ICQuRnwx_ PAIR C1=0,6,1,9,5,3,7,2,8 C2=0,3,8,1,7,6,9,2,5
ICQuRnwt_ NOPAIR
ICQuRnw\_ PAIR C1=0,5,7,2,8,3,9,1,6 C2=0,3,5,2,9,6,7,1,8
ICQuRnwV_ PAIR C1=0,6,9,4,1,7,5,3,8 C2=0,3,7,6,4,8,1,9,5
ICQuR^wz? PAIR C1=0,5,7,6,4,1,8,2,9 C2=0,6,1,7,2,5,9,4,8
ICQuR^wv? PAIR C1=0,5,7,1,9,3,8,4,6 C2=0,3,5,9,4,7,6,1,8
ICQuR^wt_ PAIR C1=0,6,4,7,5,3,9,1,8 C2=0,3,8,4,1,7,6,9,5
ICQuQ~wz? PAIR C1=0,5,7,3,8,1,4,9 C2=0,3,5,9,1,7,4,8
ICQuQ~wx_ PAIR C1=0,3,5,7,6,4,8,1,9 C2=0,5,9,6,1,4,7,3,8
ICQrVrw}? PAIR C1=0,8,3,7,4,1,9 C2=0,3,9,4,8,1,7
ICQrVrwz? NOPAIR
ICQrVrs}? NOPAIR
ICQrVrsz? NOPAIR
ICQrVrs{_ NOPAIR
ICQrVrsy_ PAIR C1=0,3,5,8,2,7,4,6,1,9 C2=0,5,2,6,9,4,1,8,3,7
ICQrVrsx_ NOPAIR
ICQrVrkz? NOPAIR
ICQrVrk^? PAIR C1=0,5,3,9,1,8,4,7 C2=0,3,7,1,4,9,5,8
ICQrVr[v? PAIR C1=0,5,3,9,1,8,4,7 C2=0,3,7,1,4,9,5,8
ICQrVr[u_ PAIR C1=0,8,1,4,7,3,9 C2=0,3,8,4,9,1,7
ICQrVr[r_ PAIR C1=0,7,3,5,8,4,1,9 C2=0,3,8,1,7,4,9,5
ICQrVrez? PAIR C1=0,8,5,2,6,4,7,1,9 C2=0,5,9,4,1,6,8,2,7
ICQrVrex_ NOPAIR
ICQrVret_ PAIR C1=0,5,8,1,6,2,7,3,9 C2=0,3,5,2,8,6,9,1,7
ICQrVrUt_ NOPAIR
ICQrVrUr_ PAIR C1=0,5,8,3,7,1,6,4,9 C2=0,3,5,9,6,8,1,4,7
ICQrVqu{_ NOPAIR
ICQrVjqz? NOPAIR
ICQrVjiz? PAIR C1=0,7,5,2,6,1,8,4,9 C2=0,5,9,2,7,1,4,6,8
ICQrVjix_ PAIR C1=0,7,5,9,1,6,2,8 C2=0,5,2,7,1,8,6,9
ICQrViy{_ NOPAIR
ICQrViym_ NOPAIR
ICQrVZqz? PAIR C1=0,8,2,5,7,1,6,4,9 C2=0,5,9,2,6,8,1,4,7
ICQrUzYz? PAIR C1=0,5,7,3,8,1,4,9 C2=0,3,5,9,1,7,4,8
ICQvfP{}? PAIR C1=0,5,3,6,2,8,4,7,1,9 C2=0,6,1,4,9,3,8,5,2,7
ICQvfP{|? NOPAIR
ICQvfP{{_ NOPAIR
ICQvfP{y_ PAIR C1=0,5,3,6,1,9,2,8,4,7 C2=0,3,8,5,2,7,1,4,9,6
ICQvfP{m_ PAIR C1=0,5,3,9,2,6,1,8,4,7 C2=0,3,8,5,2,7,1,4,9,6
ICQvfP{x_ NOPAIR
ICQvfP{l_ NOPAIR
ICQvfP{\_ NOPAIR
ICQvfP{r_ PAIR C1=0,6,3,5,2,8,4,9,1,7 C2=0,3,8,1,4,7,2,6,9,5
ICQvfP{j_ PAIR C1=0,5,3,6,1,8,2,9,4,7 C2=0,3,8,4,1,7,2,5,9,6
ICQvfP{N_ PAIR C1=0,6,3,5,2,9,4,8,1,7 C2=0,3,8,2,7,4,1,6,9,5
ICQvfP{{O PAIR C1=0,6,2,5,8,3,9,1,7 C2=0,5,3,6,1,8,2,7,9
ICQvfP{yO PAIR C1=0,5,2,9,1,7,4,8,3,6 C2=0,3,5,8,2,6,1,4,9,7
ICQvfP{uO PAIR C1=0,6,3,5,2,7,1,8,4,9 C2=0,3,9,7,4,1,6,2,8,5
ICQvfP{mO PAIR C1=0,5,3,6,1,8,4,7,2,9 C2=0,6,2,5,8,3,9,4,1,7
ICQvfP{]O PAIR C1=0,5,2,7,4,8,1,9,3,6 C2=0,3,5,8,2,6,1,4,9,7
ICQvfP{xO PAIR C1=0,6,3,5,8,2,7,1,9 C2=0,3,8,1,6,2,5,9,7
ICQvfP{tO PAIR C1=0,3,5,8,2,6,1,9,7 C2=0,6,3,8,1,7,2,5,9
ICQvfP{lO NOPAIR
ICQvfP{\O PAIR C1=0,6,3,5,8,2,9,1,7 C2=0,3,8,1,6,2,7,9,5
ICQvfP{rO PAIR C1=0,5,2,7,1,6,3,8,4,9 C2=0,3,5,9,7,4,1,8,2,6
ICQvfP{VO PAIR C1=0,5,3,6,1,9,4,8,2,7 C2=0,3,8,1,4,7,9,5,2,6
ICQvfP{wo PAIR C1=0,5,8,3,6,2,7,1,9 C2=0,3,5,2,8,1,6,9,7
ICQvfP{so PAIR C1=0,5,8,3,6,2,7,1,9 C2=0,3,5,2,8,1,6,9,7
ICQvfP{ko NOPAIR
ICQvfP{[o PAIR C1=0,5,8,3,9,1,7,2,6 C2=0,3,5,2,8,1,6,9,7
ICQvfP{io PAIR C1=0,3,6,1,7,2,9,4,8,5 C2=0,6,2,5,3,8,1,4,7,9
ICQvfP{Mo PAIR C1=0,3,9,7,4,1,6,2,8,5 C2=0,6,3,5,2,9,4,8,1,7
ICQvfP{po PAIR C1=0,5,8,3,6,2,7,1,9 C2=0,3,5,2,8,1,6,9,7
ICQvfP{ho NOPAIR
ICQvfP{do NOPAIR
ICQvfP{To PAIR C1=0,6,2,8,5,3,9,1,7 C2=0,3,8,1,6,9,7,2,5
ICQvfP{Lo NOPAIR
ICQvfP{bo PAIR C1=0,5,9,4,7,1,8,3,6 C2=0,3,5,8,4,1,6,9,7
ICQvfP{Fo PAIR C1=0,3,8,2,7,4,1,6,9,5 C2=0,6,2,5,3,9,4,8,1,7
ICQvfPumO NOPAIR
ICQvfPm{O PAIR C1=0,6,1,9,3,5,8,2,7 C2=0,3,6,8,1,7,9,2,5
ICQvfP]z? PAIR C1=0,5,3,6,2,9,4,8,1,7 C2=0,3,8,6,1,4,7,2,5,9
ICQvfO}{O NOPAIR
ICQvfO}mO NOPAIR
ICQvfPx}? PAIR C1=0,6,2,9,3,8,1,4,7 C2=0,3,6,1,7,2,8,4,9
ICQvfPx|? PAIR C1=0,7,2,6,3,8,1,9 C2=0,3,9,2,8,7,1,6
ICQvfPx{_ PAIR C1=0,3,9,2,8,7,1,6 C2=0,7,2,6,3,8,1,9
ICQvfPxm_ PAIR C1=0,7,4,8,1,6,3,9 C2=0,3,8,7,1,4,9,6
ICQvepmz? PAIR C1=0,5,2,6,3,7,1,8,4,9 C2=0,3,5,9,2,8,6,1,4,7
ICQvepmv? PAIR C1=0,6,3,7,4,1,8,5,9 C2=0,5,3,9,4,8,6,1,7
ICQvepl|? PAIR C1=0,6,3,7,1,8,5,2,9 C2=0,3,5,9,1,6,2,8,7
ICQvepl{_ PAIR C1=0,5,8,2,6,3,7,1,9 C2=0,3,5,2,9,6,1,8,7
ICQvdpm{O NOPAIR
ICQvdpmmO NOPAIR
ICQvVRw[o NOPAIR
ICQvVRwXo NOPAIR
ICQvVP{}? PAIR C1=0,5,3,8,1,9,2,7,4,6 C2=0,3,9,4,8,5,2,6,1,7
ICQvVP{|? PAIR C1=0,7,4,6,1,8,3,5,2,9 C2=0,3,9,5,8,4,1,7,2,6
ICQvVP{z? PAIR C1=0,6,1,9,5,2,8,4,7 C2=0,5,8,1,7,2,6,4,9
ICQvVP{v? PAIR C1=0,7,4,6,1,8,2,5,3,9 C2=0,3,8,5,9,4,1,7,2,6
ICQvVP{^? PAIR C1=0,5,3,9,2,8,1,7,4,6 C2=0,3,8,5,9,4,1,6,2,7
ICQvVP{y_ NOPAIR
ICQvVP{]_ PAIR C1=0,5,2,9,3,8,1,6,4,7 C2=0,3,5,8,2,7,1,4,9,6
ICQvVP{x_ PAIR C1=0,6,2,5,8,4,7,1,9 C2=0,5,9,6,4,1,8,2,7
ICQvVP{t_ PAIR C1=0,5,3,9,1,8,2,6,4,7 C2=0,3,8,4,1,7,2,5,9,6
ICQvVP{r_ PAIR C1=0,6,2,5,8,4,7,1,9 C2=0,5,9,6,4,1,8,2,7
ICQvVP{Z_ NOPAIR
ICQvVP{wo NOPAIR
ICQvVP{so PAIR C1=0,6,1,9,3,5,8,2,7 C2=0,3,8,1,7,9,6,2,5
ICQvVP{ko PAIR C1=0,3,5,8,1,7,4,6,2,9 C2=0,5,2,7,9,3,8,4,1,6
ICQvVP{[o PAIR C1=0,6,1,9,3,5,8,2,7 C2=0,3,8,1,7,9,6,2,5
ICQvVP{Yo NOPAIR
ICQvVP{po PAIR C1=0,7,4,6,1,8,2,5,9 C2=0,5,8,4,1,9,7,2,6
ICQvVP{ho PAIR C1=0,7,4,6,1,8,2,5,9 C2=0,5,8,4,1,7,9,2,6
ICQvVP{do PAIR C1=0,5,9,3,8,1,7,4,6 C2=0,3,5,8,4,1,6,9,7
ICQvVP{To PAIR C1=0,5,9,3,8,1,7,4,6 C2=0,3,5,8,4,1,6,9,7
ICQvVPm{O NOPAIR
ICQvVP]z? PAIR C1=0,7,1,6,2,5,8,4,9 C2=0,5,9,2,7,4,1,8,6
ICQvUr[ZO NOPAIR
ICQvUp{}? PAIR C1=0,5,2,8,1,9,3,7,4,6 C2=0,3,5,8,4,9,2,6,1,7
ICQvUp{z? PAIR C1=0,7,4,6,1,8,3,5,2,9 C2=0,3,7,1,4,9,5,8,2,6
ICQvUp{v? PAIR C1=0,5,3,7,4,8,1,9 C2=0,3,8,5,9,4,1,7
ICQvUp{^? PAIR C1=0,5,2,9,3,8,1,6,4,7 C2=0,3,7,1,4,9,5,8,2,6
ICQvUp{{_ PAIR C1=0,3,7,4,1,6,9,2,8,5 C2=0,7,1,8,4,6,2,5,3,9
ICQvUp{y_ PAIR C1=0,3,7,4,1,6,9,2,8,5 C2=0,6,2,5,3,8,4,9,1,7
ICQvUp{u_ NOPAIR
ICQvUp{x_ PAIR C1=0,5,3,7,1,8,4,6,2,9 C2=0,3,8,2,5,9,6,1,4,7
ICQvUp{t_ PAIR C1=0,5,8,4,6,1,7,3,9 C2=0,6,9,5,3,8,1,4,7
ICQvUp{\_ PAIR C1=0,5,3,8,4,6,2,9,1,7 C2=0,3,7,4,1,8,2,5,9,6
ICQvUp{r_ PAIR C1=0,6,4,9,1,8,5,3,7 C2=0,3,8,4,7,1,6,9,5
ICQvUp{V_ PAIR C1=0,6,4,9,1,8,5,3,7 C2=0,3,8,4,7,1,6,9,5
ICQvUp{{O PAIR C1=0,5,3,9,2,8,1,6,4,7 C2=0,3,7,9,1,4,8,5,2,6
ICQvUp{yO PAIR C1=0,5,2,9,1,8,3,7,4,6 C2=0,3,5,8,2,6,1,4,9,7
ICQvUp{uO NOPAIR
ICQvUp{]O PAIR C1=0,5,2,9,3,8,1,7,4,6 C2=0,3,5,8,2,6,1,4,9,7
ICQvUp{xO PAIR C1=0,5,3,8,1,7,4,6,2,9 C2=0,3,7,9,5,2,8,4,1,6
ICQvUp{rO PAIR C1=0,3,8,4,7,1,9,5 C2=0,7,3,5,8,1,4,9
ICQvUp{VO NOPAIR
ICQvUp{wo PAIR C1=0,5,8,3,7,1,9,2,6 C2=0,3,5,2,8,1,6,9,7
ICQvUp{so NOPAIR
ICQvUp{[o PAIR C1=0,6,1,9,2,8,5,3,7 C2=0,3,8,1,7,9,6,2,5
ICQvUp{po PAIR C1=0,5,9,1,8,3,7,4,6 C2=0,3,5,8,4,1,6,9,7
ICQvUp{ho PAIR C1=0,6,4,7,1,8,3,5,9 C2=0,3,7,9,6,1,4,8,5
ICQvUp{do PAIR C1=0,5,9,3,8,1,7,4,6 C2=0,3,5,8,4,1,6,9,7
ICQvUp{To PAIR C1=0,5,9,3,8,1,7,4,6 C2=0,3,5,8,4,1,6,9,7
ICQvUp{Lo PAIR C1=0,5,9,3,8,1,7,4,6 C2=0,3,5,8,4,1,6,9,7
ICQvUpy}? PAIR C1=0,6,4,7,3,8,1,9 C2=0,3,9,4,8,6,1,7
ICQvUpy|? PAIR C1=0,3,7,4,1,6,8,2,9,5 C2=0,7,1,8,4,6,2,5,3,9
ICQvUpyv? PAIR C1=0,7,3,8,4,6,1,9 C2=0,3,9,4,7,1,8,6
ICQvUpyuO PAIR C1=0,6,4,8,1,7,3,9 C2=0,3,8,6,1,4,9,7
ICQvUp]}? PAIR C1=0,6,1,9,3,8,4,7 C2=0,3,7,1,8,6,4,9
ICQvUp]\O PAIR C1=0,5,8,3,9,1,6,4,7 C2=0,3,5,9,7,1,4,8,6
ICQvUp\z? PAIR C1=0,3,5,9,1,8,4,7 C2=0,5,8,3,7,1,4,9
ICQvUp\{_ PAIR C1=0,6,1,9,3,8,4,7 C2=0,3,7,8,1,4,6,9
ICQvRrw}? PAIR C1=0,6,1,4,7,3,9,2,8 C2=0,3,8,1,7,2,6,4,9
ICQvRrw|? PAIR C1=0,5,2,9,3,7,4,6,1,8 C2=0,6,2,7,1,4,8,3,5,9
ICQvRrwz? PAIR C1=0,5,3,7,4,6,2,9,1,8 C2=0,3,8,4,9,5,2,7,1,6
ICQvRrwv? PAIR C1=0,5,3,7,4,6,2,8,1,9 C2=0,3,8,4,9,5,2,7,1,6
ICQvRrw{_ PAIR C1=0,6,4,1,7,3,8,2,9 C2=0,3,9,1,6,2,7,4,8
ICQvRrwy_ NOPAIR
ICQvRrwu_ NOPAIR
ICQvRrw]_ NOPAIR
ICQvRrwt_ PAIR C1=0,5,3,8,4,7,2,6,1,9 C2=0,3,7,1,4,6,9,5,2,8
ICQvRrwl_ PAIR C1=0,5,3,9,2,7,4,6,1,8 C2=0,3,7,1,4,8,2,5,9,6
ICQvRrw\_ PAIR C1=0,5,3,9,2,7,4,6,1,8 C2=0,3,7,1,4,8,2,5,9,6
ICQvRrwr_ PAIR C1=0,5,3,7,4,9,1,6,2,8 C2=0,3,8,4,1,7,2,5,9,6
ICQvRrwV_ PAIR C1=0,5,3,7,4,9,1,6,2,8 C2=0,3,8,4,1,7,2,5,9,6
ICQvRrwwo NOPAIR
ICQvRrwso PAIR C1=0,8,1,6,4,7,3,9 C2=0,3,8,4,1,7,9,6
ICQvRrwko PAIR C1=0,8,1,6,4,7,3,9 C2=0,3,8,4,1,7,9,6
ICQvRrwYo NOPAIR
ICQvRrwho PAIR C1=0,3,8,4,7,1,6,2,5,9 C2=0,5,3,7,9,2,8,1,4,6
ICQvRrwXo PAIR C1=0,5,9,1,7,3,8,2,6 C2=0,3,5,2,7,9,6,1,8
ICQvRrwdo PAIR C1=0,6,4,7,1,8,3,9 C2=0,3,7,9,6,1,4,8
ICQvRrsz? PAIR C1=0,8,3,5,2,7,4,6,1,9 C2=0,3,7,1,4,9,5,8,2,6
ICQvRrs{_ NOPAIR
ICQvRrsy_ PAIR C1=0,5,8,3,7,2,6,4,1,9 C2=0,3,5,2,8,1,7,4,9,6
ICQvRrsu_ PAIR C1=0,6,4,7,2,5,3,9,1,8 C2=0,3,7,1,4,9,6,2,8,5
ICQvRrsm_ PAIR C1=0,8,1,6,4,7,2,5,3,9 C2=0,3,7,1,4,9,6,2,8,5
ICQvRrs]_ PAIR C1=0,6,4,7,2,5,3,9,1,8 C2=0,3,7,1,4,9,6,2,8,5
ICQvRrsx_ NOPAIR
ICQvRrs\_ NOPAIR
ICQvRrsj_ PAIR C1=0,5,2,6,1,8,3,7,4,9 C2=0,3,5,9,6,4,1,7,2,8
ICQvRrsV_ PAIR C1=0,6,4,9,1,7,3,5,2,8 C2=0,3,8,1,4,7,2,6,9,5
ICQvRrswo PAIR C1=0,6,1,9,2,7,3,5,8 C2=0,3,8,1,7,9,6,2,5
ICQvRrsso PAIR C1=0,5,8,2,7,3,9,1,6 C2=0,3,5,2,6,9,7,1,8
ICQvRrsko NOPAIR
ICQvRrsio PAIR C1=0,3,7,4,9,2,5,8,1,6 C2=0,5,3,8,2,6,4,1,7,9
ICQvRrspo PAIR C1=0,6,1,9,5,3,7,2,8 C2=0,3,8,1,7,9,6,2,5
ICQvRrsho NOPAIR
ICQvRrsdo NOPAIR
ICQvRrsbo PAIR C1=0,5,9,4,6,1,7,3,8 C2=0,3,5,8,1,4,7,9,6
ICQvRrsRo PAIR C1=0,5,9,4,6,1,7,3,8 C2=0,3,5,8,1,4,7,9,6
ICQvRrkz? NOPAIR
ICQvRrk^? PAIR C1=0,5,3,9,2,8,1,7,4,6 C2=0,3,7,2,6,1,4,9,5,8
ICQvRrk{_ PAIR C1=0,5,3,9,1,6,4,7,2,8 C2=0,3,7,1,4,8,5,2,9,6
ICQvRrky_ NOPAIR
ICQvRrkx_ NOPAIR
ICQvRrkr_ NOPAIR
ICQvRrkZ_ NOPAIR
ICQvRrk{O PAIR C1=0,5,3,9,2,7,4,6,1,8 C2=0,3,7,9,1,4,8,5,2,6
ICQvRrkyO NOPAIR
ICQvRrkuO PAIR C1=0,5,2,7,3,9,4,8,1,6 C2=0,3,5,8,2,6,4,1,7,9
ICQvRrk]O PAIR C1=0,5,2,6,4,7,3,9,1,8 C2=0,3,5,8,2,7,9,4,1,6
ICQvRrkxO PAIR C1=0,5,8,1,6,4,7,2,9 C2=0,6,2,5,9,7,1,4,8
ICQvRrktO PAIR C1=0,6,4,8,5,2,7,1,9 C2=0,5,9,7,4,1,6,2,8
ICQvRrkrO PAIR C1=0,5,8,1,6,2,7,4,9 C2=0,6,4,1,7,9,5,2,8
ICQvRrkZO NOPAIR
ICQvRrkwo NOPAIR
ICQvRrkso PAIR C1=0,6,2,7,1,9,3,5,8 C2=0,3,7,9,6,1,8,2,5
ICQvRrkko PAIR C1=0,3,9,2,6,4,7,1,8,5 C2=0,6,1,4,8,2,5,3,7,9
ICQvRrk[o PAIR C1=0,6,2,7,1,9,3,5,8 C2=0,3,7,9,6,1,8,2,5
ICQvRrkYo NOPAIR
ICQvRrkpo PAIR C1=0,5,9,7,2,8,4,1,6 C2=0,8,5,2,6,4,7,1,9
ICQvRrkho PAIR C1=0,8,1,6,4,7,2,5,9 C2=0,5,8,4,1,7,9,2,6
ICQvRrkdo PAIR C1=0,5,3,9,6,4,7,1,8 C2=0,3,7,9,5,8,4,1,6
ICQvRrkTo PAIR C1=0,5,9,3,7,4,6,1,8 C2=0,3,5,8,4,1,7,9,6
ICQvRr[z? PAIR C1=0,8,1,6,4,7,3,5,2,9 C2=0,3,8,5,9,4,1,7,2,6
ICQvRr[v? NOPAIR
ICQvRr[{_ PAIR C1=0,5,3,8,4,7,2,6,1,9 C2=0,3,7,1,4,6,9,2,5,8
ICQvRr[y_ PAIR C1=0,5,3,8,1,6,4,7,2,9 C2=0,3,7,1,4,9,6,2,5,8
ICQvRr[u_ NOPAIR
ICQvRr[]_ PAIR C1=0,5,3,8,1,9,2,7,4,6 C2=0,3,7,1,4,9,6,2,5,8
ICQvRr[\_ PAIR C1=0,5,3,7,4,6,2,9,1,8 C2=0,3,8,4,1,7,2,5,9,6
ICQvRr[r_ NOPAIR
ICQvRr[V_ NOPAIR
ICQvRr[wo PAIR C1=0,5,8,3,7,1,9,2,6 C2=0,3,5,2,7,9,6,1,8
ICQvRr[so PAIR C1=0,6,1,7,4,8,3,9 C2=0,3,7,9,6,4,1,8
ICQvRr[po PAIR C1=0,6,4,7,1,8,3,5,9 C2=0,3,7,9,6,1,4,8,5
ICQvRr[ho PAIR C1=0,6,4,7,1,8,3,5,9 C2=0,3,7,9,6,1,4,8,5
ICQvRr[Xo PAIR C1=0,6,4,7,1,9,5,3,8 C2=0,3,7,9,6,1,4,8,5
ICQvRr[do PAIR C1=0,6,4,7,1,8,3,5,9 C2=0,3,7,9,6,1,4,8,5
ICQvRr[Ro PAIR C1=0,5,9,1,6,4,7,3,8 C2=0,3,5,8,4,1,7,9,6
ICQvRrq{O NOPAIR
ICQvRrqmO PAIR C1=0,6,4,7,1,8,3,9 C2=0,3,7,9,4,1,6,8
ICQvRrq\O PAIR C1=0,6,1,9,5,3,7,2,8 C2=0,3,9,7,1,8,6,2,5
ICQvRri{O NOPAIR
ICQvRriyO PAIR C1=1,8,6,2,7,4,9 C2=1,6,4,8,2,9,7
ICQvRrYuO PAIR C1=0,6,4,7,1,8,3,9 C2=0,3,7,9,4,1,6,8
ICQvRrYtO PAIR C1=0,6,1,7,4,8,3,9 C2=0,3,7,9,1,4,6,8
ICQvRpy{O NOPAIR
ICQvRpy\O NOPAIR
ICQvRrUtO NOPAIR
ICQvRrUVO PAIR C1=0,6,1,4,9,7,3,5,8 C2=0,3,8,6,4,7,1,9,5
ICQvRqu{O NOPAIR
ICQvRpu{O PAIR C1=0,3,9,7,1,6,8,2,5 C2=0,6,2,7,3,5,8,1,9
ICQvRputO PAIR C1=0,3,9,7,1,6,8,2,5 C2=0,6,2,7,3,5,8,1,9
ICQvRpu\O NOPAIR
ICQvRpuVO PAIR C1=1,4,9,5,8,3,7,2,6 C2=1,7,4,6,8,2,5,3,9
ICQvRp]VO NOPAIR
ICQuurk^? PAIR C1=0,5,3,9,1,8,4,6 C2=0,3,6,1,4,9,5,8
ICQunP{{O PAIR C1=0,7,2,5,6,3,8,1,9 C2=0,3,5,8,2,9,7,1,6
ICQunP{uO PAIR C1=0,5,6,1,8,3,9,4,7 C2=0,6,3,5,8,4,1,7,9
ICQunPx}? PAIR C1=0,5,3,9,4,7,2,8,1,6 C2=0,7,1,4,8,3,6,5,2,9
ICQunPx|? PAIR C1=0,7,2,5,6,3,8,1,9 C2=0,3,5,9,2,8,7,1,6
ICQunPxv? PAIR C1=0,6,5,9,3,8,1,4,7 C2=0,5,3,6,1,7,8,4,9
ICQunPxt_ PAIR C1=0,5,6,3,9 C2=0,3,5,9,6
ICQtnPx|? NOPAIR
ICQu^`{so NOPAIR
ICQu^`y|? PAIR C1=0,7,3,8,2,5,6,1,9 C2=0,3,5,9,2,7,1,8,6
ICQu^`yxO PAIR C1=0,3,8,6,1,7,9,2,5 C2=0,6,5,3,7,2,8,1,9
ICQu^`ytO NOPAIR
ICQu^`xt_ NOPAIR
ICQu^P{}? PAIR C1=0,6,4,7,1,8,2,5,3,9 C2=0,3,8,5,6,1,4,9,2,7
ICQu^P{yO PAIR C1=0,7,2,5,6,4,8,1,9 C2=0,5,8,2,9,7,4,1,6
ICQu^P{qo NOPAIR
ICQu^Pxr_ NOPAIR
ICQu]p{}? PAIR C1=0,5,3,8,4,6,1,9 C2=0,3,9,4,1,8,5,6
ICQu]p{yO PAIR C1=0,6,5,3,8,1,7,4,9 C2=0,3,7,9,1,6,4,8,5
ICQu]px{_ PAIR C1=0,6,1,4,8,7,3,9 C2=0,3,8,1,9,6,4,7
ICQuZrw}? PAIR C1=0,5,3,7,4,6,1,9,2,8 C2=0,3,9,4,8,1,7,2,5,6
ICQuZrwz? PAIR C1=0,8,1,6,4,7,3,5,2,9 C2=0,3,8,2,7,1,4,9,5,6
ICQuZrwv? PAIR C1=0,5,3,9,1,6,4,8 C2=0,3,8,1,4,9,5,6
ICQuZrw^? PAIR C1=0,5,3,9,1,6,4,8 C2=0,3,8,1,4,9,5,6
ICQuZrw{_ PAIR C1=0,5,3,8,2,7,4,1,9,6 C2=0,3,7,1,8,4,6,5,2,9
ICQuZrwu_ NOPAIR
ICQuZrw]_ PAIR C1=0,6,4,7,1,9,2,5,3,8 C2=0,3,7,2,8,1,4,9,6,5
ICQuZrw\_ PAIR C1=0,5,2,9,3,7,1,8,4,6 C2=0,3,5,9,6,1,4,7,2,8
ICQuZrwr_ NOPAIR
ICQuZrwV_ PAIR C1=0,5,3,9,1,6,4,8 C2=0,3,8,1,4,9,5,6
ICQuZrwuO NOPAIR
ICQuZrwxO PAIR C1=0,5,6,4,8,1,7,2,9 C2=0,6,1,4,7,9,5,2,8
ICQuZrwtO PAIR C1=0,5,6,4,8,1,7,3,9 C2=0,6,1,4,7,9,5,3,8
ICQuZrwrO PAIR C1=0,5,6,1,9,4,7,3,8 C2=0,3,5,9,7,1,8,4,6
ICQuZrwVO PAIR C1=0,6,5,3,7,4,9,1,8 C2=0,3,8,4,6,1,7,9,5
ICQuZrwwo PAIR C1=0,5,6,1,9,2,7,3,8 C2=0,3,5,2,8,1,7,9,6
ICQuZrwso PAIR C1=0,6,4,7,1,8,3,9 C2=0,3,7,9,6,1,4,8
ICQuZrw[o PAIR C1=0,6,5,3,7,1,9,2,8 C2=0,3,8,1,6,9,7,2,5
ICQuZrwpo PAIR C1=0,6,4,7,3,5,9,1,8 C2=0,3,8,4,1,7,9,6,5
ICQuZrwho PAIR C1=0,8,1,6,4,7,3,5,9 C2=0,3,8,4,1,7,9,6,5
ICQuZrwTo PAIR C1=0,6,4,7,3,5,9,1,8 C2=0,3,8,4,1,7,9,6,5
ICQuZrs]_ PAIR C1=0,5,3,8,2,7,1,9,4,6 C2=0,3,7,4,1,6,9,2,5,8
ICQuZr[]_ NOPAIR
ICQuZr[yO PAIR C1=0,6,5,3,8,1,7,4,9 C2=0,3,7,9,1,6,4,8,5
ICQr^bw}? PAIR C1=0,5,3,9,1,7,2,6,4,8 C2=0,7,3,8,2,5,6,1,4,9
ICQr^bw|? NOPAIR
ICQr^bwz? PAIR C1=0,8,4,6,1,7,3,5,2,9 C2=0,3,8,1,4,9,5,6,2,7
ICQr^bwv? PAIR C1=0,7,2,5,3,8,4,6,1,9 C2=0,3,7,1,4,9,5,6,2,8
ICQr^bwn? PAIR C1=0,5,2,9,3,7,1,6,4,8 C2=0,3,8,1,4,9,5,6,2,7
ICQr^bw{_ PAIR C1=0,5,6,2,8,3,7,1,9 C2=0,7,2,5,3,9,6,1,8
ICQr^bwy_ PAIR C1=0,5,3,7,1,6,4,8,2,9 C2=0,3,8,1,4,9,6,5,2,7
ICQr^bwu_ PAIR C1=0,5,3,7,2,6,4,8,1,9 C2=0,3,8,2,5,6,9,4,1,7
ICQr^bwm_ PAIR C1=0,5,3,7,1,6,4,8,2,9 C2=0,3,8,1,4,9,6,5,2,7
ICQr^bwx_ PAIR C1=0,7,1,9,2,6,5,3,8 C2=0,3,7,2,8,1,6,9,5
ICQr^bwt_ PAIR C1=0,5,6,2,7,3,9,1,8 C2=0,3,8,2,5,9,6,1,7
ICQr^bwl_ NOPAIR
ICQr^bwr_ PAIR C1=0,3,7,2,8,4,1,6,9,5 C2=0,7,1,9,4,6,2,5,3,8
ICQr^bw{O NOPAIR
ICQr^bwyO PAIR C1=0,5,3,7,1,8,4,6,2,9 C2=0,3,8,2,5,6,1,4,9,7
ICQr^bwmO PAIR C1=0,5,3,7,1,8,4,6,2,9 C2=0,3,8,2,5,6,1,4,9,7
ICQr^bwxO NOPAIR
ICQr^bwlO NOPAIR
ICQr^bwrO PAIR C1=0,5,2,6,1,8,4,9,7 C2=0,8,2,7,1,4,6,5,9
ICQr^bwZO PAIR C1=0,7,3,5,2,6,1,9,4,8 C2=0,3,8,2,9,7,1,4,6,5
ICQr^bwwo PAIR C1=0,7,1,9,2,6,5,3,8 C2=0,3,7,9,6,1,8,2,5
ICQr^bwso PAIR C1=0,8,3,5,6,2,7,1,9 C2=0,3,7,9,6,1,8,2,5
ICQr^bwko NOPAIR
ICQr^bwio PAIR C1=0,3,7,1,6,5,2,9,4,8 C2=0,5,3,8,1,4,6,2,7,9
ICQr^bweo PAIR C1=0,5,2,8,4,6,1,7,3,9 C2=0,3,5,6,2,7,9,4,1,8
ICQr^bwpo PAIR C1=0,8,3,5,6,2,7,1,9 C2=0,3,7,9,6,1,8,2,5
ICQr^bwho NOPAIR
ICQr^bwXo PAIR C1=0,5,6,1,9,2,8,3,7 C2=0,3,5,2,6,9,7,1,8
ICQr^bwbo PAIR C1=0,7,3,5,9,4,6,1,8 C2=0,3,8,4,1,7,9,6,5
ICQr^b[{_ PAIR C1=0,7,2,6,5,3,8,1,9 C2=0,3,7,1,6,9,2,5,8
ICQr^bi{O PAIR C1=0,5,6,2,8,1,9,3,7 C2=0,3,5,2,9,7,1,6,8
ICQr^bixO PAIR C1=0,7,2,6,5,9,1,8 C2=0,5,2,8,6,1,7,9
ICQr]rw}? PAIR C1=0,5,3,7,4,6,2,9,1,8 C2=0,3,9,4,8,2,5,6,1,7
ICQr]rwz? PAIR C1=0,7,4,6,1,8,3,5,2,9 C2=0,3,7,1,4,9,5,6,2,8
ICQr]rwv? PAIR C1=0,7,4,1,9,3,8 C2=0,3,7,1,8,4,9
ICQr]rwx_ PAIR C1=0,3,5,9,1,6,2,8,4,7 C2=0,5,2,9,6,4,1,7,3,8
ICQr]rwt_ PAIR C1=0,5,6,4,8,1,7,3,9 C2=0,7,4,1,6,9,5,3,8
ICQr]rwuO PAIR C1=0,7,1,4,9,3,8 C2=0,3,7,4,8,1,9
ICQr]rwxO PAIR C1=0,7,4,8,1,6,5,2,9 C2=0,5,9,7,1,4,6,2,8
ICQr]rwrO NOPAIR
ICQr]rwZO PAIR C1=0,3,7,1,6,5,2,9,4,8 C2=0,5,3,8,2,6,4,1,9,7
ICQr]rwpo PAIR C1=0,8,1,6,4,7,3,5,9 C2=0,3,8,4,1,7,9,6,5
ICQr]rsy_ PAIR C1=0,3,7,4,1,6,9,2,8,5 C2=0,7,1,9,4,6,2,5,3,8
ICQr]r[yO NOPAIR
ICpdfpyx_ PAIR C1=0,6,2,8,4,7,1,9 C2=0,4,1,8,6,9,2,7
ICpdfpm{_ PAIR C1=0,6,2,8,4,7,1,9 C2=0,4,1,8,6,9,2,7
ICpdfpmj_ PAIR C1=0,6,2,8,5,1,7,4,9 C2=0,4,1,8,6,9,5,2,7
ICpdfo}^? PAIR C1=0,6,3,8,2,5,1,9,4,7 C2=0,3,9,5,8,6,2,7,1,4
ICpdfo}m_ PAIR C1=0,6,2,9,3,8,4,7 C2=0,3,7,2,8,6,9,4
ICpdfhy}? PAIR C1=0,4,8,2,9,1,7,3,6 C2=0,3,9,4,1,8,6,2,7
ICpdfhy|? PAIR C1=0,6,3,7,5,2,8,1,9 C2=0,3,8,6,2,9,5,1,7
ICpdfhyy_ PAIR C1=0,4,8,3,6,2,9,1,7 C2=0,3,7,2,8,1,4,9,6
ICpdfhyr_ PAIR C1=0,6,2,5,7,1,8,4,9 C2=0,4,1,5,9,6,8,2,7
ICpdfhm}? PAIR C1=0,6,3,9,4,8,2,5,1,7 C2=0,3,7,5,8,6,2,9,1,4
ICpdfhmy_ PAIR C1=0,6,2,5,7,1,8,4,9 C2=0,4,1,5,8,6,9,2,7
ICpdfhmt_ PAIR C1=0,3,9,5,1,7,2,8,6 C2=0,7,3,6,2,5,8,1,9
ICpdfhmf_ PAIR C1=0,6,3,9,4,8,5,1,7 C2=0,3,7,5,9,6,8,1,4
ICpdfh]y_ PAIR C1=0,6,2,5,7,1,8,4,9 C2=0,4,1,5,8,6,9,2,7
ICpdfh]x_ PAIR C1=0,6,3,7,5,8,1,9 C2=0,3,8,6,9,5,1,7
ICpdfh]t_ PAIR C1=0,6,3,7,5,8,1,9 C2=0,3,8,6,9,5,1,7
ICpdfg}r_ PAIR C1=0,3,6,8,4,9,1,5,7 C2=0,4,1,7,3,8,5,9,6
ICpdfXmn? NOPAIR
ICpdexyx_ PAIR C1=0,6,2,8,1,4,7,5,9 C2=0,4,8,6,9,2,5,1,7
ICpdexuy_ PAIR C1=0,6,2,8,5,1,7,4,9 C2=0,4,1,8,6,9,2,5,7
ICpdexux_ PAIR C1=0,6,3,7,5,8,1,9 C2=0,3,8,6,9,5,1,7
ICpdexut_ PAIR C1=0,6,3,7,5,8,1,9 C2=0,3,8,6,9,5,1,7
ICpdexm{_ PAIR C1=0,6,2,8,5,7,4,1,9 C2=0,4,8,6,9,2,5,1,7
ICpdexmt_ PAIR C1=0,6,3,9,1,5,8,4,7 C2=0,3,7,5,9,6,8,1,4
ICpdexmj_ PAIR C1=0,4,8,1,7,5,9,2,6 C2=0,7,4,1,5,2,8,6,9
ICpdexmN_ PAIR C1=0,6,3,9,4,8,5,1,7 C2=0,3,7,5,9,6,8,1,4
ICpdew}^? PAIR C1=0,4,8,2,5,7,1,9,3,6 C2=0,3,8,6,2,9,5,1,4,7
ICpdew}V_ PAIR C1=0,6,3,9,1,4,8,5,7 C2=0,3,8,6,9,5,1,7,4
ICpdew}N_ PAIR C1=0,6,2,5,9,4,8,3,7 C2=0,3,6,9,2,8,5,7,4
ICpddxy^? PAIR C1=0,6,3,8,2,5,1,9,4,7 C2=0,3,9,5,7,2,6,8,1,4
ICpddxym_ PAIR C1=0,6,2,9,3,8,4,7 C2=0,3,7,2,8,6,9,4
ICpddxmn? PAIR C1=0,6,3,7,5,2,8,4,9 C2=0,3,9,5,8,6,2,7,4
ICpddxmy_ PAIR C1=0,6,2,5,7,4,8,1,9 C2=0,4,1,5,8,6,9,2,7
ICpddxmt_ PAIR C1=0,6,3,9,1,5,8,4,7 C2=0,3,7,5,9,6,8,1,4
ICpddxmr_ PAIR C1=0,6,2,8,5,7,4,9 C2=0,4,8,6,9,5,2,7
ICpddxmf_ PAIR C1=0,6,2,8,5,7,4,9 C2=0,4,8,6,9,5,2,7
ICpddxmV_ PAIR C1=0,6,3,9,1,5,8,4,7 C2=0,3,7,5,9,6,8,1,4
ICpdbzw|? NOPAIR
ICpdbzs|? NOPAIR
ICpdbzs]_ PAIR C1=0,6,3,7,4,9,2,5,1,8 C2=0,3,9,6,2,8,5,7,1,4
ICpdbzkn? NOPAIR
ICpdbzk{_ PAIR C1=0,6,2,5,1,8,4,7,3,9 C2=0,3,6,9,2,8,5,7,1,4
ICpdbzkj_ NOPAIR
ICpdbz[v? PAIR C1=0,4,7,5,1,8,3,9 C2=0,3,7,1,4,9,5,8
ICpdbz[f_ PAIR C1=0,3,7,5,8,1,4,9 C2=0,4,7,1,5,9,3,8
ICpdby{n? NOPAIR
ICpdbx{^? PAIR C1=1,8,4,7,5,2,9 C2=1,4,9,5,8,2,7
ICpdbzq}? PAIR C1=0,4,7,1,9,2,8,3,6 C2=0,3,7,2,6,8,1,4,9
ICpdbzq|? PAIR C1=0,8,3,6,2,5,7,1,9 C2=0,3,7,2,9,5,1,8,6
ICpdbzi|? PAIR C1=0,6,2,5,1,8,4,7,3,9 C2=0,3,6,8,2,9,5,7,1,4
ICpdbzi{_ PAIR C1=0,3,6,2,9,1,7,4,8 C2=0,4,1,8,2,7,3,9,6
ICpdbziy_ NOPAIR
ICpdbzi]_ PAIR C1=0,3,6,2,9,1,7,4,8 C2=0,4,1,8,2,7,3,9,6
ICpdbzix_ PAIR C1=0,6,2,8,4,7,5,1,9 C2=0,4,1,7,2,5,9,6,8
ICpdbzij_ PAIR C1=0,6,2,8,1,5,7,4,9 C2=0,4,1,7,2,5,9,6,8
ICpdbzYu_ NOPAIR
ICpdbzYx_ PAIR C1=0,6,2,7,4,8,1,5,9 C2=0,4,1,7,5,2,9,6,8
ICpdbyy^? PAIR C1=0,6,2,5,1,7,3,9,4,8 C2=0,3,6,8,2,7,5,9,1,4
ICpdbyyy_ NOPAIR
ICpdbyym_ NOPAIR
ICpdbze}? PAIR C1=0,6,3,7,4,9,1,5,2,8 C2=0,3,9,2,6,8,5,7,1,4
ICpdbze{_ PAIR C1=0,3,9,1,7,5,8,2,6 C2=0,8,1,5,2,7,3,6,9
ICpdbzex_ NOPAIR
ICpdbzer_ PAIR C1=0,6,2,8,1,5,7,4,9 C2=0,4,1,7,2,5,9,6,8
ICpdbzUx_ PAIR C1=0,3,6,2,9,5,7,1,8 C2=0,6,8,3,7,2,5,1,9
ICpdbzUt_ NOPAIR
ICpbfqyN_ PAIR C1=0,7,4,9,3,6,2,8 C2=0,3,7,2,9,6,8,4
ICpbfquy_ PAIR C1=0,4,1,9,2,7,3,6,8 C2=0,3,8,2,6,1,7,4,9
ICpbfqm]_ PAIR C1=0,7,4,9,3,6,2,8 C2=0,3,7,2,9,6,8,4
ICpbfqmx_ PAIR C1=0,7,4,8,5,1,6,2,9 C2=0,4,1,7,2,5,9,6,8
ICpbfq]x_ PAIR C1=0,7,4,8,5,1,6,2,9 C2=0,4,1,7,2,5,9,6,8
ICpbfo}}? PAIR C1=1,6,2,7,4,8,3,9 C2=1,4,9,2,8,6,3,7
ICpbfo}y_ PAIR C1=0,7,4,8,3,6,2,9 C2=0,3,7,2,8,6,9,4
ICpbfo}]_ PAIR C1=1,4,9,3,8,6,2,7 C2=1,6,3,7,4,8,2,9
ICpbfiur_ PAIR C1=0,7,5,8,3,6,1,9 C2=0,3,7,1,5,9,6,8
ICpbfimy_ PAIR C1=0,7,5,1,6,2,9,4,8 C2=0,4,1,7,2,5,8,6,9
ICpbfg}}? PAIR C1=0,7,3,6,1,5,2,8,4,9 C2=0,3,9,2,6,8,5,7,1,4
ICpbfW}f_ PAIR C1=0,4,8,5,7,1,6,3,9 C2=0,3,8,6,9,5,1,4,7
ICpbeyyx_ PAIR C1=0,8,4,7,1,5,2,6,9 C2=0,4,1,6,8,2,9,5,7
ICpbeyuy_ PAIR C1=0,8,2,5,7,4,1,6,9 C2=0,4,9,2,6,8,5,1,7
ICpbeyux_ PAIR C1=0,7,5,8,3,6,1,9 C2=0,3,7,1,5,9,6,8
ICpbeyut_ PAIR C1=0,8,5,7,3,6,1,9 C2=0,3,8,6,9,5,1,7
ICpbeyur_ PAIR C1=0,4,9,1,6,3,8,5,7 C2=0,3,7,4,1,5,9,6,8
ICpbeyuV_ PAIR C1=0,7,4,9,3,6,1,5,8 C2=0,3,8,6,9,5,7,1,4
ICpbeym{_ PAIR C1=0,4,7,3,9,1,6,2,5,8 C2=0,3,6,9,2,8,4,1,5,7
ICpbeymt_ PAIR C1=0,4,8,5,7,1,6,3,9 C2=0,3,7,4,1,5,9,6,8
ICpbew}]_ PAIR C1=1,4,9,2,6,3,8,5,7 C2=1,5,2,8,4,7,3,9,6
ICpbew}f_ PAIR C1=1,6,3,9,4,8,5,7 C2=1,4,7,3,8,6,9,5
ICpbew}V_ PAIR C1=1,6,3,9,4,8,5,7 C2=1,4,7,3,8,6,9,5
ICpbew}N_ PAIR C1=1,6,3,9,4,8,5,7 C2=1,4,7,3,8,6,9,5
ICpbdzw^? NOPAIR
ICpbdzw]_ PAIR C1=0,3,6,2,8,1,9,4,7 C2=0,4,1,6,9,2,7,3,8
ICpbdzwN_ PAIR C1=0,7,4,9,3,6,2,5,1,8 C2=0,3,8,2,7,5,9,6,1,4
ICpbdzs|? PAIR C1=0,8,3,7,5,2,9 C2=0,3,9,5,8,2,7
ICpbdzkz? PAIR C1=0,8,4,7,5,2,9 C2=0,4,9,5,8,2,7
ICpbdzk{_ PAIR C1=0,8,4,7,3,6,1,5,2,9 C2=0,3,9,6,2,7,5,8,1,4
ICpbdz[v? PAIR C1=0,3,8,4,7,5,1,9 C2=0,4,1,8,5,9,3,7
ICpbdz[V_ PAIR C1=0,3,7,4,9,1,5,8 C2=0,4,1,8,3,9,5,7
ICpbdy{n? PAIR C1=0,8,4,7,5,2,9 C2=0,4,9,5,8,2,7
ICpbdy{^? NOPAIR
ICpbdx{]_ PAIR C1=1,4,9,6,2,5,7,3,8 C2=1,5,8,4,7,2,9,3,6
ICpbdx{N_ PAIR C1=1,5,7,2,9,4,8,3,6 C2=1,4,7,3,9,6,2,5,8
ICpbdzq{_ NOPAIR
ICpbdzqx_ PAIR C1=0,3,6,2,8,1,9,5,7 C2=0,8,3,7,2,5,1,6,9
ICpbdzi|? PAIR C1=0,8,4,7,3,6,1,5,2,9 C2=0,3,9,5,7,2,6,8,1,4
ICpbdzi{_ PAIR C1=0,4,8,1,6,3,9,2,7 C2=0,3,7,4,1,9,6,2,8
ICpbdziy_ NOPAIR
ICpbdzix_ PAIR C1=0,8,4,7,5,2,6,1,9 C2=0,4,1,5,9,6,8,2,7
ICpbdzYu_ NOPAIR
ICpbdzY]_ NOPAIR
ICpbdzYx_ PAIR C1=0,8,4,7,5,1,6,2,9 C2=0,4,1,8,6,9,5,2,7
ICpbdxy]_ NOPAIR
ICpbdxyV_ PAIR C1=1,4,9,5,7,2,6,3,8 C2=1,5,2,8,4,7,3,9,6
ICpbdze}? PAIR C1=0,8,1,5,2,6,3,7,4,9 C2=0,3,9,2,7,5,8,6,1,4
ICpbdzex_ PAIR C1=1,6,2,9,5,8 C2=1,5,2,8,6,9
ICpbdxu}? PAIR C1=0,3,6,2,8,5,7,4,1,9 C2=0,4,9,2,5,1,6,8,3,7
ICpbdxut_ NOPAIR
ICpbdxuV_ NOPAIR
ICpbbw}}? PAIR C1=1,6,2,5,7,3,8,4,9 C2=1,4,7,2,9,3,6,8,5
ICpdVpu}? PAIR C1=0,6,4,1,9,3,8,2,7 C2=0,3,7,1,8,6,2,9,4
ICpdVpuy_ NOPAIR
ICpdVpu]_ PAIR C1=0,3,7,1,8,2,9,4,6 C2=0,4,1,9,3,8,6,2,7
ICpdVh{}? NOPAIR
ICpdVh{n? PAIR C1=0,4,8,1,5,7,3,9 C2=0,3,8,5,9,4,1,7
ICpdVh{{_ PAIR C1=0,6,4,8,2,5,1,7,3,9 C2=0,3,8,5,7,2,6,9,1,4
ICpdVhm]_ NOPAIR
ICpdVXu}? PAIR C1=0,6,4,9,1,8,2,5,7 C2=0,4,7,1,5,8,6,2,9
ICpdUxun? PAIR C1=0,6,4,1,8,2,5,7,3,9 C2=0,3,8,6,2,9,5,1,7,4
ICpdUxu{_ PAIR C1=0,6,4,1,5,7,3,8,2,9 C2=0,3,9,6,2,5,8,1,7,4
ICpdUxut_ PAIR C1=0,3,9,1,8,5,7,4,6 C2=0,4,1,5,9,6,8,3,7
ICpdUxuj_ PAIR C1=0,6,2,8,5,1,7,4,9 C2=0,4,1,8,6,9,2,5,7
ICpdUxuf_ PAIR C1=0,6,4,1,8,5,7,3,9 C2=0,3,8,6,9,5,1,7,4
ICpdUxuN_ PAIR C1=0,6,4,9,3,8,5,1,7 C2=0,3,7,5,9,6,8,1,4
ICpdTxuz? PAIR C1=0,6,4,7,5,1,8,2,9 C2=0,4,1,9,5,8,6,2,7
ICpdTxun? PAIR C1=0,6,4,7,5,2,8,3,9 C2=0,3,7,2,6,8,5,9,4
ICpdTxur_ PAIR C1=0,6,2,8,1,5,7,4,9 C2=0,4,1,9,6,8,5,2,7
ICpdTxuj_ NOPAIR
ICpdTxuf_ PAIR C1=0,6,2,8,5,7,3,9 C2=0,3,8,6,9,5,2,7
ICpdTxuV_ PAIR C1=0,3,9,1,8,5,7,4,6 C2=0,4,1,5,9,6,8,3,7
ICpdRxuf_ PAIR C1=0,6,4,1,8,5,7,3,9 C2=0,3,8,6,9,5,1,7,4
ICpdRvs}? PAIR C1=0,6,4,1,7,2,9,3,8 C2=0,3,7,6,2,8,1,9,4
ICpdRvsn? PAIR C1=0,6,4,7,3,8,1,5,2,9 C2=0,3,9,5,8,2,6,7,1,4
ICpdRvsy_ NOPAIR
ICpdRvs]_ PAIR C1=0,4,6,2,9,3,7,1,8 C2=0,3,8,2,7,4,1,9,6
ICpdQ~s{_ PAIR C1=0,6,4,1,7,3,9,2,5,8 C2=0,3,8,2,6,9,1,5,7,4
ICpdQ~st_ PAIR C1=0,6,4,7,5,1,9,3,8 C2=0,3,7,6,9,5,8,1,4
ICpdQ~sj_ PAIR C1=0,6,2,9,4,7,1,5,8 C2=0,4,1,8,2,5,7,6,9
ICpdQ~sf_ PAIR C1=0,6,4,9,3,7,5,1,8 C2=0,3,8,5,9,6,7,1,4
ICpbVqu}? PAIR C1=0,4,6,2,9,1,7,3,8 C2=0,3,9,4,1,6,8,2,7
ICpbVquz? PAIR C1=0,7,4,6,2,8,5,1,9 C2=0,4,9,5,2,7,1,6,8
ICpbVqu{_ PAIR C1=0,3,7,4,1,6,8,2,9 C2=0,4,6,2,7,1,9,3,8
ICpbVquy_ NOPAIR
ICpbViu}? PAIR C1=0,8,3,7,1,5,2,6,4,9 C2=0,3,9,2,7,5,8,6,1,4
ICpbViu{_ NOPAIR
ICpbUyu{_ PAIR C1=0,3,8,2,6,4,7,5,1,9 C2=0,4,1,6,8,5,2,9,3,7
ICpbUyut_ PAIR C1=0,4,6,1,9,3,8,5,7 C2=0,3,7,4,1,5,9,6,8
ICpbUyur_ NOPAIR
ICpbUyuj_ PAIR C1=0,7,4,9,2,6,1,5,8 C2=0,4,1,7,5,2,8,6,9
ICpbTzsz? PAIR C1=0,4,1,9,2,8,5,7 C2=0,8,1,5,2,7,4,9
ICpbTzs{_ PAIR C1=0,7,4,6,2,5,1,8,3,9 C2=0,3,7,5,8,2,9,6,1,4
ICpbTzsy_ PAIR C1=0,8,2,6,4,7,5,1,9 C2=0,4,9,6,1,8,5,2,7
ICpbTzsj_ PAIR C1=0,8,1,5,7,4,6,2,9 C2=0,4,1,6,9,5,8,2,7
ICpbTze}? PAIR C1=0,8,1,6,2,5,7,4,9 C2=0,4,6,8,5,1,9,2,7
ICpbRyu}? PAIR C1=0,8,3,7,4,6,2,5,1,9 C2=0,3,9,2,7,5,8,6,1,4
ICpbRyuf_ PAIR C1=0,4,6,1,7,5,8,3,9 C2=0,3,7,4,1,5,9,6,8
ICpbVe{{_ PAIR C1=0,7,3,9,2,6,1,4,8 C2=0,3,8,2,7,1,9,6,4
ICpbVe{y_ NOPAIR
ICpbVe{x_ PAIR C1=0,7,1,6,4,8,5,2,9 C2=0,4,1,5,9,6,7,2,8
ICpbRm{}? PAIR C1=0,8,3,7,1,5,2,6,4,9 C2=0,3,9,2,8,5,7,6,1,4
ICpfdrkYo PAIR C1=0,6,1,9,2,7,4,8 C2=0,4,1,8,2,6,9,7
ICpfdp{}? PAIR C1=0,6,3,8,2,9,1,4,7 C2=0,3,7,2,6,1,8,4,9
ICpfdp{|? PAIR C1=0,4,8,1,5,9,2,7,3,6 C2=0,7,4,1,6,2,5,8,3,9
ICpfdp{v? PAIR C1=0,6,2,5,1,8,4,7,3,9 C2=0,3,6,1,4,9,5,8,2,7
ICpfdp{n? PAIR C1=0,7,4,8,1,5,2,6,3,9 C2=0,3,7,2,8,5,9,4,1,6
ICpfdp{^? PAIR C1=0,6,3,9,1,5,2,8,4,7 C2=0,3,7,2,6,1,8,5,9,4
ICpfdp{{_ PAIR C1=0,4,7,3,6,2,8,1,9 C2=0,3,8,4,1,6,9,2,7
ICpfdp{y_ PAIR C1=0,4,7,3,6,1,8,2,9 C2=0,3,8,4,1,9,6,2,7
ICpfdp{u_ NOPAIR
ICpfdp{m_ NOPAIR
ICpfdp{]_ PAIR C1=0,4,7,3,9,2,8,1,6 C2=0,3,8,4,1,9,6,2,7
ICpfdp{j_ PAIR C1=0,7,4,8,3,6,1,5,2,9 C2=0,3,7,2,6,9,5,8,1,4
ICpfdp{Z_ PAIR C1=0,6,3,8,2,5,1,9,4,7 C2=0,3,7,2,6,9,5,8,1,4
ICpfdp{f_ PAIR C1=0,6,1,5,2,8,3,9,4,7 C2=0,3,7,2,6,9,5,8,1,4
ICpfdp{N_ PAIR C1=0,6,1,5,2,8,3,9,4,7 C2=0,3,7,2,6,9,5,8,1,4
ICpfdp{{O PAIR C1=0,6,3,8,2,7,4,1,9 C2=0,3,7,9,2,6,1,8,4
ICpfdp{uO NOPAIR
ICpfdp{mO NOPAIR
ICpfdp{]O PAIR C1=0,6,2,9,1,4,8,3,7 C2=0,3,6,1,8,2,7,9,4
ICpfdp{xO PAIR C1=0,6,3,7,4,8,1,5,2,9 C2=0,3,8,5,9,7,2,6,1,4
ICpfdp{\O PAIR C1=0,6,3,9,2,5,1,8,4,7 C2=0,3,8,5,9,7,2,6,1,4
ICpfdp{VO PAIR C1=0,6,1,5,2,8,4,9,3,7 C2=0,3,6,2,7,9,5,8,1,4
ICpfdp{NO PAIR C1=0,6,1,5,2,9,4,8,3,7 C2=0,3,6,2,7,9,5,8,1,4
ICpfdp{wo PAIR C1=0,3,7,4,8,1,9,2,6 C2=0,4,1,6,3,8,2,7,9
ICpfdp{ko NOPAIR
ICpfdp{[o PAIR C1=0,4,7,2,8,1,9,3,6 C2=0,3,8,4,1,6,2,9,7
ICpfdp{io NOPAIR
ICpfdp{Yo PAIR C1=0,3,6,1,8,4,9,2,7 C2=0,4,1,9,7,3,8,2,6
ICpfdp{eo NOPAIR
ICpfdp{Uo NOPAIR
ICpfdp{Mo NOPAIR
ICpfdp{po PAIR C1=0,6,1,8,4,7,2,5,9 C2=0,4,1,5,8,2,6,9,7
ICpfdp{To PAIR C1=0,6,3,9,5,1,4,8,2,7 C2=0,3,8,5,2,6,1,9,7,4
ICpfdp{Lo PAIR C1=0,3,9,5,8,1,6,2,7,4 C2=0,6,3,8,4,1,5,2,9,7
ICpfdp{Ro PAIR C1=0,4,1,9,5,8,2,6,3,7 C2=0,3,8,4,9,7,2,5,1,6
ICpfdp{Jo PAIR C1=0,3,7,2,6,1,8,5,9,4 C2=0,6,3,8,4,1,5,2,9,7
ICpfdpxN_ PAIR C1=0,6,2,8,3,9,4,7 C2=0,3,6,9,2,7,8,4
ICpfdp\x_ PAIR C1=0,7,4,8,5,1,6,2,9 C2=0,4,1,8,7,2,5,9,6
ICpfbrsmO PAIR C1=0,6,1,4,7,2,9,3,8 C2=0,3,6,2,8,1,7,9,4
ICpfbrslO PAIR C1=0,3,9,7,2,8,5,1,6 C2=0,8,1,7,3,6,2,5,9
ICpfbq{}? PAIR C1=0,6,3,8,2,7,4,1,9 C2=0,3,7,1,6,2,9,4,8
ICpfbq{|? PAIR C1=0,8,4,7,2,5,1,6,3,9 C2=0,4,1,7,3,8,5,9,2,6
ICpfbq{v? PAIR C1=0,6,1,5,2,8,4,7,3,9 C2=0,3,6,2,7,1,4,9,5,8
ICpfbq{^? PAIR C1=0,6,2,5,1,9,3,7,4,8 C2=0,3,6,1,7,2,8,5,9,4
ICpfbq{{_ PAIR C1=0,8,3,6,2,7,4,1,9 C2=0,3,7,1,6,9,2,8,4
ICpfbq{y_ PAIR C1=0,8,3,7,4,1,6,2,9 C2=0,3,6,9,1,7,2,8,4
ICpfbq{u_ NOPAIR
ICpfbq{m_ NOPAIR
ICpfbq{]_ PAIR C1=0,3,7,4,8,2,9,1,6 C2=0,4,1,7,2,6,9,3,8
ICpfbq{j_ PAIR C1=0,6,1,5,2,9,4,7,3,8 C2=0,3,6,9,5,8,2,7,1,4
ICpfbq{Z_ PAIR C1=0,6,1,5,2,9,4,7,3,8 C2=0,3,6,9,5,8,2,7,1,4
ICpfbq{V_ PAIR C1=0,6,2,5,1,9,4,7,3,8 C2=0,3,6,9,5,8,2,7,1,4
ICpfbq{N_ PAIR C1=0,6,1,5,2,9,4,7,3,8 C2=0,3,6,9,5,8,2,7,1,4
ICpfbq{{O PAIR C1=0,6,1,4,7,2,9,3,8 C2=0,4,8,2,6,3,7,1,9
ICpfbq{yO PAIR C1=0,4,8,3,7,1,9,2,6 C2=0,3,6,1,4,9,7,2,8
ICpfbq{mO NOPAIR
ICpfbq{]O PAIR C1=0,4,8,3,7,1,9,2,6 C2=0,3,6,1,4,9,7,2,8
ICpfbq{xO PAIR C1=0,6,3,7,4,8,2,5,1,9 C2=0,3,8,5,9,7,2,6,1,4
ICpfbq{wo PAIR C1=0,8,3,6,1,4,7,2,9 C2=0,3,7,1,9,6,2,8,4
ICpfbq{ko NOPAIR
ICpfbq{[o PAIR C1=0,3,9,2,6,1,7,4,8 C2=0,4,1,9,7,2,8,3,6
ICpfbq{io PAIR C1=0,6,2,9,4,7,3,8 C2=0,3,6,9,7,2,8,4
ICpfbq{Yo PAIR C1=0,6,2,9,4,7,3,8 C2=0,3,6,9,7,2,8,4
ICpfbq{Uo NOPAIR
ICpfbq{Mo PAIR C1=0,6,2,9,4,7,3,8 C2=0,3,6,9,7,2,8,4
ICpfbq{po PAIR C1=0,6,2,8,4,7,1,5,9 C2=0,4,1,6,9,7,2,5,8
ICpfbq{To PAIR C1=0,3,9,1,5,8,4,7,2,6 C2=0,4,1,6,3,7,9,5,2,8
ICpfbq{Jo PAIR C1=0,6,2,9,4,7,3,8 C2=0,3,6,9,7,2,8,4
ICpfbqy^? PAIR C1=0,6,2,7,4,1,9,3,8 C2=0,3,7,1,6,8,2,9,4
ICpfbqyxO PAIR C1=0,6,2,9,1,7,4,8 C2=0,4,1,6,8,2,7,9
ICpfbqm}? PAIR C1=0,8,2,7,4,1,6,3,9 C2=0,3,7,1,9,2,6,8,4
ICpfbqm{O PAIR C1=0,8,4,7,2,6,1,9 C2=0,4,1,7,9,2,8,6
ICpfbqmyO PAIR C1=0,8,4,7,2,6,1,9 C2=0,4,1,7,9,2,8,6
ICpfbqm]O PAIR C1=0,6,2,9,3,7,4,8 C2=0,3,6,8,2,7,9,4
ICpfbqmxO PAIR C1=0,6,1,7,4,8,5,2,9 C2=0,4,1,5,9,7,2,6,8
ICpfbq]xO PAIR C1=0,6,1,7,4,8,5,2,9 C2=0,4,1,5,9,7,2,6,8
ICpfbo}}? PAIR C1=1,4,8,6,2,9,3,7 C2=1,6,3,8,2,7,4,9
ICpfbo}]O PAIR C1=1,6,2,8,3,7,4,9 C2=1,4,8,6,3,9,2,7
ICpfbq\x_ PAIR C1=0,6,1,7,4,8,5,2,9 C2=0,4,1,5,9,6,2,7,8
ICpffH{do PAIR C1=0,3,6,2,7,1,8,5,9 C2=0,6,1,5,2,8,3,9,7
ICpffH{bo PAIR C1=0,4,8,1,7,5,2,6,9 C2=0,6,1,4,9,5,8,2,7
ICpfdjk\_ PAIR C1=0,3,7,5,2,8,1,9,6 C2=0,7,2,9,3,6,1,5,8
ICpfdjkTo PAIR C1=0,6,3,9,1,5,8,2,7 C2=0,3,7,9,5,2,6,1,8
ICpfdh{}? PAIR C1=0,6,3,7,2,5,1,8,4,9 C2=0,4,1,6,2,9,3,8,5,7
ICpfdh{|? PAIR C1=0,6,3,8,2,9,1,5,7 C2=0,3,7,2,6,1,8,5,9
ICpfdh{v? PAIR C1=0,4,8,1,9,3,6,2,5,7 C2=0,3,7,2,8,5,9,4,1,6
ICpfdh{n? PAIR C1=0,4,8,1,5,7,2,6,3,9 C2=0,6,1,4,9,5,2,8,3,7
ICpfdh{{_ PAIR C1=0,6,3,7,5,2,8,1,9 C2=0,3,8,5,1,6,9,2,7
ICpfdh{x_ PAIR C1=0,6,3,7,2,5,8,1,9 C2=0,3,8,2,9,6,1,5,7
ICpfdh{t_ PAIR C1=0,7,3,8,2,5,1,6,9 C2=0,3,9,1,8,5,7,2,6
ICpfdh{l_ NOPAIR
ICpfdh{\_ NOPAIR
ICpfdh{f_ PAIR C1=0,4,9,3,7,5,2,8,1,6 C2=0,3,8,4,1,5,9,6,2,7
ICpfdh{V_ PAIR C1=0,6,2,5,1,9,4,8,3,7 C2=0,3,6,9,5,7,2,8,1,4
ICpfdh{N_ PAIR C1=0,3,9,4,8,1,5,7,2,6 C2=0,4,1,6,9,5,2,8,3,7
ICpfdh{{O PAIR C1=0,7,5,2,6,3,8,1,9 C2=0,3,9,7,2,8,5,1,6
ICpfdh{yO PAIR C1=0,6,1,5,2,9,4,8,3,7 C2=0,3,6,2,8,5,7,9,1,4
ICpfdh{mO PAIR C1=0,6,3,7,2,5,1,8,4,9 C2=0,3,9,7,5,8,2,6,1,4
ICpfdh{]O PAIR C1=0,6,3,8,4,9,1,5,2,7 C2=0,3,9,7,5,8,2,6,1,4
ICpfdh{xO PAIR C1=0,7,3,6,2,5,8,1,9 C2=0,3,8,2,7,9,5,1,6
ICpfdh{tO PAIR C1=0,6,3,7,2,8,5,1,9 C2=0,3,8,1,6,2,5,9,7
ICpfdh{lO NOPAIR
ICpfdh{\O NOPAIR
ICpfdh{VO PAIR C1=0,6,1,5,2,8,4,9,3,7 C2=0,3,6,2,7,9,5,8,1,4
ICpfdh{wo PAIR C1=0,3,7,5,8,1,6,2,9 C2=0,6,3,8,2,5,1,9,7
ICpfdh{ko NOPAIR
ICpfdh{[o PAIR C1=1,6,2,8,5,7,3,9 C2=1,5,2,7,9,6,3,8
ICpfdh{qo PAIR C1=0,7,5,2,6,1,8,4,9 C2=0,4,1,5,8,2,7,9,6
ICpfdh{Yo PAIR C1=0,6,1,5,2,9,4,8,3,7 C2=0,3,6,2,8,5,7,9,1,4
ICpfdh{Uo PAIR C1=1,6,2,8,5,7,3,9 C2=1,5,2,7,9,6,3,8
ICpfdh{Mo PAIR C1=0,6,1,4,9,3,8,5,2,7 C2=0,3,6,2,9,7,5,1,8,4
ICpfdh{po PAIR C1=0,3,8,2,7,9,5,1,6 C2=0,7,3,6,2,5,8,1,9
ICpfdh{To PAIR C1=1,6,2,8,5,7,3,9 C2=1,5,2,7,9,6,3,8
ICpfdh{Lo NOPAIR
ICpfdh{bo PAIR C1=0,6,1,5,9,4,8,3,7 C2=0,3,6,9,7,5,8,1,4
ICpfdh{Ro PAIR C1=0,6,1,5,9,4,8,3,7 C2=0,3,6,9,7,5,8,1,4
ICpfdhun? NOPAIR
ICpfdhu]O PAIR C1=1,6,3,9,2,7,5,8 C2=1,5,2,6,8,3,7,9
ICpfdhurO PAIR C1=0,6,3,7,5,8,1,9 C2=0,3,8,6,1,5,9,7
ICpfdhmyO PAIR C1=0,6,2,7,5,1,8,4,9 C2=0,4,1,6,8,5,2,9,7
ICpfdh]yO PAIR C1=0,6,2,7,5,1,8,4,9 C2=0,4,1,6,8,5,2,9,7
ICpfdh]xO PAIR C1=0,7,5,8,3,6,1,9 C2=0,3,7,9,5,1,8,6
ICpfdh]tO PAIR C1=0,6,3,7,5,8,1,9 C2=0,3,8,6,1,5,9,7
ICpfdg}|? NOPAIR
ICpfdg}rO PAIR C1=0,6,3,8,4,9,1,5,7 C2=0,3,7,9,5,8,6,1,4
ICpfbjwmO PAIR C1=0,6,3,7,1,4,8,2,9 C2=0,3,8,1,6,2,7,9,4
ICpfbjwlO PAIR C1=0,8,3,6,2,7,1,5,9 C2=0,3,9,7,5,2,8,1,6
ICpfbjwio PAIR C1=0,3,7,1,8,4,9,2,6 C2=0,4,1,6,3,8,2,7,9
ICpfbjwMo PAIR C1=0,4,8,1,7,3,9,2,6 C2=0,3,6,1,4,9,7,2,8
ICpfbi{}? PAIR C1=0,6,2,5,1,7,3,9,4,8 C2=0,4,1,6,3,8,5,7,2,9
ICpfbi{|? PAIR C1=0,8,3,6,1,5,7,2,9 C2=0,3,7,1,9,5,8,2,6
ICpfbi{v? PAIR C1=0,4,8,2,5,7,1,9,3,6 C2=0,3,7,2,6,1,4,9,5,8
ICpfbi{n? PAIR C1=0,4,8,2,9,3,7,5,1,6 C2=0,3,6,2,7,1,4,9,5,8
ICpfbi{^? PAIR C1=0,4,8,2,5,7,1,9,3,6 C2=0,3,7,2,6,1,4,9,5,8
ICpfbi{{_ PAIR C1=0,6,3,8,2,7,5,1,9 C2=0,3,7,1,6,9,2,5,8
ICpfbi{x_ PAIR C1=0,6,3,8,2,5,7,1,9 C2=0,3,7,2,9,6,1,5,8
ICpfbi{t_ PAIR C1=0,6,2,5,7,1,9,3,8 C2=0,3,7,2,8,5,1,6,9
ICpfbi{l_ NOPAIR
ICpfbi{\_ NOPAIR
ICpfbi{r_ PAIR C1=0,4,9,1,7,5,2,6,3,8 C2=0,3,7,2,8,4,1,5,9,6
ICpfbi{V_ PAIR C1=0,4,9,3,8,2,5,7,1,6 C2=0,3,7,2,6,9,5,1,4,8
ICpfbi{N_ PAIR C1=0,4,9,2,7,5,1,6,3,8 C2=0,3,7,1,4,8,2,5,9,6
ICpfbi{{O PAIR C1=0,8,3,6,1,7,5,2,9 C2=0,3,7,9,1,5,8,2,6
ICpfbi{yO PAIR C1=0,6,1,5,2,7,3,8,4,9 C2=0,3,6,2,8,5,7,9,1,4
ICpfbi{]O PAIR C1=0,6,3,7,1,5,2,9,4,8 C2=0,3,9,7,5,8,2,6,1,4
ICpfbi{tO PAIR C1=0,8,5,2,6,3,7,1,9 C2=0,3,8,2,7,9,5,1,6
ICpfbi{lO NOPAIR
ICpfbi{\O NOPAIR
ICpfbi{VO PAIR C1=0,6,1,5,2,7,3,9,4,8 C2=0,3,6,2,8,5,9,7,1,4
ICpfbi{NO PAIR C1=0,6,3,7,1,5,2,9,4,8 C2=0,3,8,5,9,7,2,6,1,4
ICpfbi{wo PAIR C1=0,6,2,8,3,7,5,1,9 C2=0,3,6,1,7,9,2,5,8
ICpfbi{ko NOPAIR
ICpfbi{[o NOPAIR
ICpfbi{qo PAIR C1=0,6,1,5,7,2,8,4,9 C2=0,4,1,7,9,6,2,5,8
ICpfbi{Yo PAIR C1=0,6,3,7,2,5,1,9,4,8 C2=0,3,8,5,7,9,2,6,1,4
ICpfbi{Uo PAIR C1=0,4,1,9,3,7,5,8,2,6 C2=0,3,6,1,5,2,7,9,4,8
ICpfbi{Mo PAIR C1=0,4,9,2,7,5,1,6,3,8 C2=0,3,9,7,1,4,8,5,2,6
ICpfbi{po PAIR C1=0,3,8,2,7,9,5,1,6 C2=0,8,5,2,6,3,7,1,9
ICpfbi{ho PAIR C1=0,8,2,6,3,7,5,9 C2=0,3,8,5,2,7,9,6
ICpfbi{do PAIR C1=0,6,2,8,3,7,5,9 C2=0,3,6,9,7,2,5,8
ICpfbi{To NOPAIR
ICpfbi{Lo NOPAIR
ICpfbi{bo PAIR C1=0,6,3,7,1,5,9,4,8 C2=0,3,8,5,7,9,6,1,4
ICpfbi{Ro PAIR C1=0,6,3,7,1,5,9,4,8 C2=0,3,8,5,7,9,6,1,4
ICpfbim|? PAIR C1=0,3,6,1,9,2,7,5,8 C2=0,6,8,2,5,1,7,3,9
ICpfbimyO PAIR C1=0,6,1,7,5,2,9,4,8 C2=0,4,1,5,8,6,2,7,9
ICpfbimtO PAIR C1=0,8,5,7,2,6,3,9 C2=0,3,7,9,5,2,8,6
ICpfbi]xO PAIR C1=0,3,7,2,9,5,8,6 C2=0,8,3,6,2,5,7,9
ICpfbi]tO PAIR C1=0,3,6,1,9,7,5,8 C2=0,6,8,3,7,1,5,9
ICpfbi]VO PAIR C1=0,6,1,5,7,3,9,4,8 C2=0,3,6,8,5,9,7,1,4
ICpfbg}v? PAIR C1=0,4,9,3,8,2,5,7,1,6 C2=0,3,7,2,6,8,4,1,5,9
ICpfdZsTo PAIR C1=0,6,2,5,7,9,3,8 C2=0,3,6,9,5,8,2,7
ICpfdX{z? NOPAIR
ICpfdX{n? PAIR C1=0,4,7,5,1,8,2,9,3,6 C2=0,3,8,5,9,4,1,6,2,7
ICpfdX{{_ PAIR C1=0,7,4,8,2,5,1,6,3,9 C2=0,3,8,5,7,2,6,9,1,4
ICpfdX{y_ PAIR C1=0,6,1,8,2,5,7,4,9 C2=0,4,8,5,1,9,6,2,7
ICpfdX{m_ PAIR C1=0,7,4,8,3,6,1,5,2,9 C2=0,3,9,6,2,7,5,8,1,4
ICpfdX{]_ PAIR C1=0,6,3,8,2,5,1,9,4,7 C2=0,3,9,6,2,7,5,8,1,4
ICpfdX{x_ PAIR C1=0,6,2,5,7,4,8,1,9 C2=0,4,1,6,9,5,8,2,7
ICpfdX{r_ PAIR C1=0,6,2,5,7,4,8,1,9 C2=0,4,1,6,9,5,8,2,7
ICpfdX{j_ PAIR C1=0,6,1,5,7,4,8,2,9 C2=0,4,1,8,5,9,6,2,7
ICpfdX{Z_ NOPAIR
ICpfdX{f_ PAIR C1=0,6,3,9,4,8,2,5,7 C2=0,3,8,5,9,6,2,7,4
ICpfdX{{O PAIR C1=0,6,3,9,1,5,2,8,4,7 C2=0,3,8,5,7,9,2,6,1,4
ICpfdX{xO NOPAIR
ICpfdX{jO NOPAIR
ICpfdX{ZO PAIR C1=1,5,7,2,8,4,9 C2=1,4,7,9,2,5,8
ICpfdX{wo PAIR C1=0,6,1,8,4,7,5,2,9 C2=0,4,1,5,8,2,6,9,7
ICpfdX{so PAIR C1=0,6,3,8,4,7,2,5,1,9 C2=0,3,9,7,5,8,2,6,1,4
ICpfdX{[o PAIR C1=0,4,7,2,8,1,9,3,6 C2=0,3,8,4,1,6,2,9,7
ICpfdX{io PAIR C1=0,6,1,8,4,7,5,2,9 C2=0,4,1,5,8,2,6,9,7
ICpfdX{Yo PAIR C1=1,5,7,4,8,2,9 C2=1,4,9,7,2,5,8
ICpfdX{Mo PAIR C1=0,3,8,5,7,2,9,4,1,6 C2=0,4,8,1,5,2,6,3,9,7
ICpfdX{po PAIR C1=0,6,1,8,4,7,2,5,9 C2=0,4,1,5,8,2,6,9,7
ICpfdX{do PAIR C1=0,6,1,5,9,3,8,4,7 C2=0,3,6,9,7,5,8,1,4
ICpfdX{To PAIR C1=0,6,1,5,9,3,8,4,7 C2=0,3,6,9,7,5,8,1,4
ICpfdX{bo PAIR C1=0,6,1,8,4,7,2,5,9 C2=0,4,1,5,8,2,6,9,7
ICpfdX{Ro NOPAIR
ICpfdX{Jo NOPAIR
ICpfdX{Fo PAIR C1=0,6,1,5,9,3,8,4,7 C2=0,3,6,9,7,5,8,1,4
ICpfdXyyO PAIR C1=0,6,1,9,2,8,4,7 C2=0,4,1,8,6,2,7,9
ICpfdXyxO PAIR C1=0,6,1,5,7,4,8,2,9 C2=0,4,1,8,6,2,5,9,7
ICpfdXytO PAIR C1=0,6,1,4,7,5,2,8,3,9 C2=0,3,6,2,7,9,5,1,8,4
ICpfdXu{O PAIR C1=0,6,1,9,3,8,5,2,7 C2=0,3,6,2,8,1,5,7,9
ICpfdXuyO PAIR C1=0,6,1,8,2,5,7,4,9 C2=0,4,1,5,8,6,2,9,7
ICpfdXutO PAIR C1=0,3,9,7,2,8,5,1,6 C2=0,7,5,2,6,3,8,1,9
ICpfdXx]_ PAIR C1=0,6,3,9,2,8,4,7 C2=0,3,8,7,2,6,9,4
ICpfdXtt_ PAIR C1=0,7,5,8,2,6,3,9 C2=0,3,8,7,2,5,9,6
ICpfdXl{_ PAIR C1=0,6,2,8,4,7,5,1,9 C2=0,4,1,6,9,2,5,8,7
ICpfdXl]_ NOPAIR
ICpfdX\{_ PAIR C1=0,3,8,5,7,4,1,9,2,6 C2=0,4,8,7,2,5,1,6,3,9
ICpfdX\t_ PAIR C1=0,6,3,9,1,5,8,4,7 C2=0,3,8,7,5,9,6,1,4
ICpfbZwj_ PAIR C1=0,8,1,6,2,5,7,4,9 C2=0,4,8,2,7,1,5,9,6
ICpfbZwio PAIR C1=0,6,1,8,4,7,2,9 C2=0,4,1,7,9,6,2,8
ICpfbZsio PAIR C1=0,8,1,6,2,5,7,4,9 C2=0,4,1,5,8,2,7,9,6
ICpfbZsdo PAIR C1=0,8,1,5,7,2,6,3,9 C2=0,3,8,2,5,9,7,1,6
ICpfbY{z? NOPAIR
ICpfbY{n? PAIR C1=0,3,8,4,7,5,1,6,2,9 C2=0,4,1,7,2,8,5,9,3,6
ICpfbY{^? PAIR C1=0,6,2,5,7,4,1,9,3,8 C2=0,3,6,1,7,2,8,5,9,4
ICpfbY{{_ PAIR C1=0,8,4,1,5,7,2,6,3,9 C2=0,3,8,5,2,9,6,1,7,4
ICpfbY{y_ PAIR C1=0,6,1,9,4,7,5,2,8 C2=0,4,8,5,1,7,2,6,9
ICpfbY{]_ PAIR C1=0,6,1,5,2,7,4,9,3,8 C2=0,3,6,9,2,8,5,7,1,4
ICpfbY{x_ PAIR C1=0,6,1,5,7,4,8,2,9 C2=0,4,1,7,2,6,9,5,8
ICpfbY{t_ PAIR C1=0,8,4,7,5,2,6,1,9 C2=0,4,1,7,2,8,5,9,6
ICpfbY{\_ PAIR C1=0,6,3,9,1,5,2,7,4,8 C2=0,3,8,2,6,9,5,7,1,4
ICpfbY{r_ PAIR C1=0,8,4,7,5,2,6,1,9 C2=0,4,1,7,2,8,5,9,6
ICpfbY{j_ PAIR C1=0,6,1,5,7,4,8,2,9 C2=0,4,1,7,2,6,9,5,8
ICpfbY{Z_ NOPAIR
ICpfbY{f_ PAIR C1=0,8,4,7,1,5,2,6,3,9 C2=0,3,8,2,7,5,9,6,1,4
ICpfbY{V_ PAIR C1=0,4,7,5,1,9,3,6,2,8 C2=0,3,8,4,1,7,2,5,9,6
ICpfbY{{O PAIR C1=0,6,3,8,4,7,1,5,2,9 C2=0,3,9,7,5,8,2,6,1,4
ICpfbY{yO NOPAIR
ICpfbY{]O PAIR C1=0,6,1,5,2,7,4,9,3,8 C2=0,3,6,2,8,5,7,9,1,4
ICpfbY{xO NOPAIR
ICpfbY{rO NOPAIR
ICpfbY{jO NOPAIR
ICpfbY{ZO NOPAIR
ICpfbY{VO PAIR C1=0,6,3,9,4,7,1,5,2,8 C2=0,3,8,5,9,7,2,6,1,4
ICpfbY{NO PAIR C1=0,6,3,9,2,5,1,7,4,8 C2=0,3,8,5,9,7,2,6,1,4
ICpfbY{wo PAIR C1=0,6,1,5,7,4,8,2,9 C2=0,4,1,7,9,6,2,5,8
ICpfbY{so PAIR C1=0,8,4,7,5,2,6,1,9 C2=0,4,1,5,8,2,7,9,6
ICpfbY{[o PAIR C1=0,6,1,4,7,5,2,9,3,8 C2=0,3,6,2,7,9,1,5,8,4
ICpfbY{io PAIR C1=0,6,1,5,7,2,8,4,9 C2=0,4,1,7,9,6,2,5,8
ICpfbY{Yo NOPAIR
ICpfbY{Mo PAIR C1=0,4,7,1,5,8,3,9,2,6 C2=0,3,6,1,4,9,7,5,2,8
ICpfbY{po PAIR C1=0,4,1,5,8,2,7,9,6 C2=0,8,4,7,1,6,2,5,9
ICpfbY{ho PAIR C1=0,8,4,7,1,6,2,5,9 C2=0,4,1,5,8,2,7,9,6
ICpfbY{do PAIR C1=0,6,3,9,5,1,7,4,8 C2=0,3,8,5,7,9,6,1,4
ICpfbY{bo PAIR C1=0,4,1,5,8,2,7,9,6 C2=0,8,4,7,1,6,2,5,9
ICpfbY{Ro NOPAIR
ICpfbY{Fo PAIR C1=0,6,3,9,5,1,7,4,8 C2=0,3,8,5,7,9,6,1,4
ICpfbYyz? PAIR C1=0,6,2,5,7,1,9,4,8 C2=0,4,7,2,8,6,1,5,9
ICpfbYyyO PAIR C1=0,8,4,7,2,6,1,9 C2=0,4,1,7,9,2,8,6
ICpfbYyxO PAIR C1=0,6,1,5,7,4,8,2,9 C2=0,4,1,7,9,5,2,6,8
ICpfbYuv? PAIR C1=0,6,1,9,4,7,5,2,8 C2=0,4,1,7,2,6,8,5,9
ICpfbYu{O PAIR C1=0,6,3,8,5,2,7,1,9 C2=0,3,9,7,5,1,6,2,8
ICpfbYuyO PAIR C1=0,8,2,6,1,5,7,4,9 C2=0,4,1,7,9,2,5,8,6
ICpfbYm{O PAIR C1=0,8,4,7,2,6,1,9 C2=0,4,1,7,9,2,8,6
ICpfbYm]O NOPAIR
ICpfbYmfO PAIR C1=0,6,1,7,5,2,8,4,9 C2=0,4,1,5,9,7,2,6,8
ICpfbY\t_ PAIR C1=0,6,1,5,7,4,8,3,9 C2=0,3,6,9,5,8,7,1,4
ICpfczsTo PAIR C1=0,6,3,7,5,9,1,8 C2=0,3,8,5,1,6,9,7
ICpfcz[\O NOPAIR
ICpfcx{}? PAIR C1=0,7,4,8,2,5,1,6,3,9 C2=0,3,7,5,8,1,4,9,2,6
ICpfcx{|? PAIR C1=0,3,8,4,7,5,1,9 C2=0,4,1,8,5,9,3,7
ICpfcx{v? PAIR C1=0,4,8,1,5,7,3,9 C2=0,3,8,5,9,1,4,7
ICpfcx{n? PAIR C1=0,3,6,1,8,2,5,7,4,9 C2=0,6,2,9,5,1,4,8,3,7
ICpfcx{u_ NOPAIR
ICpfcx{m_ PAIR C1=0,7,4,8,1,5,2,6,3,9 C2=0,3,7,5,8,2,9,6,1,4
ICpfcx{t_ PAIR C1=0,6,1,5,7,4,8,3,9 C2=0,4,1,8,5,9,6,3,7
ICpfcx{r_ PAIR C1=0,6,3,7,5,1,8,4,9 C2=0,3,8,5,9,6,1,4,7
ICpfcx{j_ PAIR C1=0,6,3,7,5,1,8,4,9 C2=0,3,8,5,9,6,1,4,7
ICpfcx{f_ PAIR C1=0,6,1,5,7,4,8,3,9 C2=0,4,1,8,5,9,6,3,7
ICpfcx{V_ PAIR C1=0,3,6,1,9,4,8,5,7 C2=0,4,7,3,8,1,5,9,6
ICpfcx{N_ PAIR C1=0,3,9,2,5,7,4,8,1,6 C2=0,4,1,5,9,6,2,8,3,7
ICpfcx{uO NOPAIR
ICpfcx{mO PAIR C1=0,6,3,7,4,8,1,5,2,9 C2=0,3,9,7,5,8,2,6,1,4
ICpfcx{]O PAIR C1=0,6,3,8,1,5,2,9,4,7 C2=0,3,9,7,5,8,2,6,1,4
ICpfcx{tO PAIR C1=0,3,8,5,7,4,1,9 C2=0,4,8,1,5,9,3,7
ICpfcx{\O PAIR C1=0,6,3,9,2,5,1,8,4,7 C2=0,3,7,9,5,8,2,6,1,4
ICpfcx{fO NOPAIR
ICpfcx{VO NOPAIR
ICpfcx{NO PAIR C1=0,6,3,8,1,5,2,9,4,7 C2=0,3,7,9,5,8,2,6,1,4
ICpfcx{wo PAIR C1=0,6,1,8,4,7,5,2,9 C2=0,4,1,5,8,2,6,9,7
ICpfcx{[o PAIR C1=0,3,9,1,6,2,5,8,4,7 C2=0,4,1,5,7,9,2,8,3,6
ICpfcx{Yo PAIR C1=0,4,9,2,8,5,1,6,3,7 C2=0,3,8,4,1,9,7,5,2,6
ICpfcx{Uo NOPAIR
ICpfcx{Mo PAIR C1=0,4,1,5,8,3,6,2,9,7 C2=0,3,9,4,7,5,2,8,1,6
ICpfcx{po PAIR C1=0,6,3,7,4,8,1,5,9 C2=0,3,8,5,7,9,6,1,4
ICpfcx{ho PAIR C1=0,6,3,7,4,8,1,5,9 C2=0,3,8,5,7,9,6,1,4
ICpfcx{do PAIR C1=0,6,1,5,9,3,8,4,7 C2=0,3,6,9,7,5,8,1,4
ICpfcx{To PAIR C1=0,6,1,5,9,3,8,4,7 C2=0,3,6,9,7,5,8,1,4
ICpfcx{bo PAIR C1=0,6,1,5,9,4,8,3,7 C2=0,3,6,9,7,5,8,1,4
ICpfcx{Ro PAIR C1=0,6,1,5,9,4,8,3,7 C2=0,3,6,9,7,5,8,1,4
ICpfcx{Jo PAIR C1=0,6,1,5,9,4,8,3,7 C2=0,3,6,9,7,5,8,1,4
ICpfcx{Fo PAIR C1=0,6,1,5,9,4,8,3,7 C2=0,3,6,9,7,5,8,1,4
ICpfcxuxO PAIR C1=0,6,3,7,5,8,1,9 C2=0,3,8,6,1,5,9,7
ICpfcxutO PAIR C1=0,7,5,8,3,6,1,9 C2=0,3,7,9,5,1,8,6
ICpfcxurO PAIR C1=0,6,3,8,1,5,7,4,9 C2=0,3,7,9,5,8,6,1,4
ICpfcxuVO PAIR C1=0,3,9,4,7,5,1,8,6 C2=0,4,1,6,3,8,5,9,7
ICpfcx]]O NOPAIR
ICpfcx]jO PAIR C1=0,6,3,8,1,5,7,4,9 C2=0,3,7,9,5,8,6,1,4
ICpfcxt|? PAIR C1=0,7,5,2,6,3,8,1,9 C2=0,3,7,8,2,9,5,1,6
ICpfcxtx_ PAIR C1=0,7,5,8,3,6,1,9 C2=0,3,7,8,1,5,9,6
ICpfcx\|? PAIR C1=0,3,9,1,5,8,4,7 C2=0,4,1,8,3,7,5,9
ICpfay{}? PAIR C1=0,6,1,5,2,9,3,7,4,8 C2=0,3,6,2,8,5,7,1,9,4
ICpfay{|? PAIR C1=0,6,3,9,1,4,7,5,2,8 C2=0,3,7,1,6,2,9,5,8,4
ICpfay{v? PAIR C1=0,3,8,4,7,5,1,9 C2=0,4,1,7,3,9,5,8
ICpfay{^? PAIR C1=0,4,7,5,2,9,1,6,3,8 C2=0,3,7,1,4,9,5,8,2,6
ICpfay{]_ PAIR C1=0,6,2,5,1,9,3,7,4,8 C2=0,3,6,9,2,8,5,7,1,4
ICpfay{x_ PAIR C1=0,4,8,3,6,1,7,5,2,9 C2=0,3,7,4,1,5,9,6,2,8
ICpfay{t_ PAIR C1=0,8,4,7,5,1,6,3,9 C2=0,4,1,7,3,8,5,9,6
ICpfay{\_ PAIR C1=0,6,1,5,2,9,3,7,4,8 C2=0,3,8,2,6,9,5,7,1,4
ICpfay{r_ PAIR C1=0,8,3,6,1,5,7,4,9 C2=0,3,7,1,4,8,5,9,6
ICpfay{f_ PAIR C1=0,8,3,6,1,5,7,4,9 C2=0,3,7,1,4,8,5,9,6
ICpfay{V_ PAIR C1=0,6,3,7,5,1,9,4,8 C2=0,3,8,5,9,6,1,7,4
ICpfay{N_ PAIR C1=0,6,1,5,2,9,3,7,4,8 C2=0,3,8,2,6,9,5,7,1,4
ICpfay{uO NOPAIR
ICpfay{]O PAIR C1=0,6,1,5,2,9,4,7,3,8 C2=0,3,6,2,8,5,7,9,1,4
ICpfay{tO PAIR C1=0,3,9,5,7,1,4,8 C2=0,4,7,3,8,5,1,9
ICpfay{rO NOPAIR
ICpfay{jO PAIR C1=0,6,1,5,2,9,4,7,3,8 C2=0,3,6,2,8,5,9,7,1,4
ICpfay{fO NOPAIR
ICpfay{VO NOPAIR
ICpfay{NO PAIR C1=0,6,1,5,2,9,3,7,4,8 C2=0,3,6,2,8,5,9,7,1,4
ICpfay{wo PAIR C1=0,6,1,5,7,4,8,2,9 C2=0,4,1,7,9,6,2,5,8
ICpfay{[o PAIR C1=0,6,2,5,7,3,9,1,4,8 C2=0,3,6,1,5,8,2,9,7,4
ICpfay{Uo NOPAIR
ICpfay{Mo PAIR C1=0,3,9,4,7,1,6,2,5,8 C2=0,4,1,5,7,9,2,8,3,6
ICpfay{po PAIR C1=0,6,3,7,5,9,1,4,8 C2=0,3,8,5,1,6,9,7,4
ICpfay{ho PAIR C1=0,6,1,5,7,4,8,2,9 C2=0,4,1,7,9,6,2,5,8
ICpfay{do PAIR C1=0,6,3,9,5,1,7,4,8 C2=0,3,8,5,7,9,6,1,4
ICpfay{To PAIR C1=0,6,3,9,5,1,7,4,8 C2=0,3,8,5,7,9,6,1,4
ICpfay{bo PAIR C1=0,6,3,7,1,5,9,4,8 C2=0,3,8,5,7,9,6,1,4
ICpfay{Ro PAIR C1=0,6,3,7,1,5,9,4,8 C2=0,3,8,5,7,9,6,1,4
ICpfay{Jo PAIR C1=0,6,3,7,1,5,9,4,8 C2=0,3,8,5,7,9,6,1,4
ICpfay{Fo PAIR C1=0,6,3,7,1,5,9,4,8 C2=0,3,8,5,7,9,6,1,4
ICpfayt|? PAIR C1=0,8,5,2,6,3,7,1,9 C2=0,3,9,2,8,7,5,1,6
ICpfaytx_ PAIR C1=0,8,5,7,3,6,1,9 C2=0,3,8,7,1,5,9,6
ICpfaytt_ PAIR C1=0,8,5,7,3,6,1,9 C2=0,3,8,7,1,5,9,6
ICpfaytr_ PAIR C1=0,6,3,7,4,9,1,5,8 C2=0,3,8,7,5,9,6,1,4
ICpf`zw}? NOPAIR
ICpf`zwv? PAIR C1=0,6,1,5,2,8,4,7,3,9 C2=0,3,6,2,7,5,9,4,1,8
ICpf`zw^? PAIR C1=0,6,2,5,1,9,3,7,4,8 C2=0,3,6,1,8,2,7,5,9,4
ICpf`zw{_ NOPAIR
ICpf`zwy_ NOPAIR
ICpf`zw]_ PAIR C1=0,6,3,9,1,4,8 C2=0,3,8,1,6,9,4
ICpf`zwt_ PAIR C1=0,6,2,5,1,9,3,7,4,8 C2=0,3,6,9,5,7,2,8,1,4
ICpf`zwl_ PAIR C1=0,6,1,5,2,9,3,7,4,8 C2=0,3,6,9,5,7,2,8,1,4
ICpf`zwj_ PAIR C1=0,6,1,5,2,9,4,7,3,8 C2=0,3,6,9,5,7,2,8,1,4
ICpf`zwZ_ PAIR C1=0,6,2,5,1,9,4,7,3,8 C2=0,3,6,9,5,7,2,8,1,4
ICpf`zwV_ PAIR C1=0,6,1,5,2,7,4,9,3,8 C2=0,3,7,5,9,6,2,8,1,4
ICpf`zwN_ PAIR C1=0,6,1,5,2,7,4,9,3,8 C2=0,3,7,5,9,6,2,8,1,4
ICpf`zw{O PAIR C1=0,6,3,7,4,1,9,2,8 C2=0,3,9,7,2,6,1,8,4
ICpf`zwyO PAIR C1=0,6,3,7,4,1,9,2,8 C2=0,3,8,1,6,2,7,9,4
ICpf`zwuO NOPAIR
ICpf`zwmO NOPAIR
ICpf`zw]O PAIR C1=0,6,3,7,4,1,9,2,8 C2=0,3,8,1,6,2,7,9,4
ICpf`zwxO PAIR C1=0,3,8,4,7,5,2,9,1,6 C2=0,4,1,5,9,7,3,6,2,8
ICpf`zwtO PAIR C1=0,8,3,6,2,7,5,1,9 C2=0,3,7,9,5,2,8,1,6
ICpf`zwlO PAIR C1=0,3,6,1,8,4,7,5,2,9 C2=0,4,1,5,9,7,3,8,2,6
ICpf`zw\O PAIR C1=0,3,9,2,5,7,4,8,1,6 C2=0,4,1,5,9,7,3,6,2,8
ICpf`zwVO PAIR C1=0,6,3,9,4,1,5,7,2,8 C2=0,3,7,9,5,2,6,1,8,4
ICpf`zwNO PAIR C1=0,3,6,1,5,2,9,7,4,8 C2=0,4,1,8,3,9,5,7,2,6
ICpf`zwwo PAIR C1=0,4,8,3,7,2,9,1,6 C2=0,3,6,2,8,1,4,7,9
ICpf`zwso NOPAIR
ICpf`zwko NOPAIR
ICpf`zw[o PAIR C1=0,6,2,7,3,9,1,4,8 C2=0,3,6,1,8,2,9,7,4
ICpf`zwqo NOPAIR
ICpf`zwio PAIR C1=0,6,2,9,4,7,3,8 C2=0,3,6,9,7,2,8,4
ICpf`zwYo PAIR C1=0,6,2,9,4,7,3,8 C2=0,3,6,9,7,2,8,4
ICpf`zwUo PAIR C1=0,4,9,3,8,1,6 C2=0,3,6,9,1,4,8
ICpf`zwMo PAIR C1=0,6,2,9,4,7,3,8 C2=0,3,6,9,7,2,8,4
ICpf`zwpo PAIR C1=0,6,1,8,4,7,2,5,9 C2=0,4,1,5,7,9,6,2,8
ICpf`zwTo PAIR C1=0,4,7,2,6,1,5,9,3,8 C2=0,3,7,5,2,8,4,1,9,6
ICpf`zwLo PAIR C1=0,3,6,1,5,9,2,7,4,8 C2=0,4,1,8,3,9,7,5,2,6
ICpf`zwJo PAIR C1=0,6,3,7,2,9,4,8 C2=0,3,8,2,6,9,7,4
ICpf`zs}? PAIR C1=0,6,3,7,4,9,2,5,1,8 C2=0,4,1,6,2,7,5,8,3,9
ICpf`zs|? NOPAIR
ICpf`zsn? PAIR C1=0,4,7,5,1,8,2,9,3,6 C2=0,3,7,2,6,1,4,9,5,8
ICpf`zs^? PAIR C1=0,4,7,5,1,8,2,9,3,6 C2=0,3,7,2,6,1,4,9,5,8
ICpf`zs{_ NOPAIR
ICpf`zs]_ PAIR C1=0,6,1,5,2,9,4,7,3,8 C2=0,3,9,6,2,7,5,8,1,4
ICpf`zsx_ NOPAIR
ICpf`zst_ NOPAIR
ICpf`zsl_ NOPAIR
ICpf`zs\_ NOPAIR
ICpf`zsr_ PAIR C1=0,3,6,1,8,2,5,7,4,9 C2=0,4,1,5,9,6,2,7,3,8
ICpf`zs{O PAIR C1=0,6,2,8,1,5,7,3,9 C2=0,3,6,1,9,7,2,5,8
ICpf`zsyO PAIR C1=0,6,1,5,2,9,4,7,3,8 C2=0,3,6,2,8,5,7,9,1,4
ICpf`zsmO PAIR C1=0,6,3,8,1,5,2,7,4,9 C2=0,3,9,7,5,8,2,6,1,4
ICpf`zs]O PAIR C1=0,6,3,7,4,9,2,5,1,8 C2=0,3,9,7,5,8,2,6,1,4
ICpf`zstO PAIR C1=0,8,3,6,2,7,5,1,9 C2=0,3,7,9,5,2,8,1,6
ICpf`zslO NOPAIR
ICpf`zs\O NOPAIR
ICpf`zswo PAIR C1=0,8,5,2,7,3,6,1,9 C2=0,3,8,1,5,7,9,2,6
ICpf`zsko NOPAIR
ICpf`zs[o PAIR C1=1,6,2,8,5,7,3,9 C2=1,5,2,7,9,6,3,8
ICpf`zsqo PAIR C1=0,8,1,6,2,5,7,4,9 C2=0,4,1,5,8,2,7,9,6
ICpf`zsYo PAIR C1=0,4,7,3,8,5,1,9,2,6 C2=0,3,6,1,4,9,7,5,2,8
ICpf`zsUo PAIR C1=1,8,5,7,2,6,3,9 C2=1,5,2,8,3,7,9,6
ICpf`zsMo PAIR C1=0,3,9,4,1,8,5,7,2,6 C2=0,4,7,9,2,5,1,6,3,8
ICpf`zspo PAIR C1=0,6,3,8,2,7,5,9 C2=0,3,7,9,6,2,5,8
ICpf`zsho PAIR C1=0,6,3,8,2,7,5,9 C2=0,3,7,9,6,2,5,8
ICpf`zsTo PAIR C1=1,8,5,7,2,6,3,9 C2=1,5,2,8,3,7,9,6
ICpf`zsLo NOPAIR
ICpf`zsbo PAIR C1=0,6,3,7,4,9,5,1,8 C2=0,3,8,5,7,9,6,1,4
ICpf`zk}? PAIR C1=0,6,2,5,1,8,4,7,3,9 C2=0,3,6,1,4,9,2,7,5,8
ICpf`zkz? NOPAIR
ICpf`zkv? PAIR C1=0,4,7,5,2,8,1,9,3,6 C2=0,3,7,2,6,1,4,9,5,8
ICpf`zkn? PAIR C1=0,4,7,5,1,8,2,9,3,6 C2=0,3,7,2,6,1,4,9,5,8
ICpf`zk{_ PAIR C1=0,8,4,7,2,5,1,6,3,9 C2=0,3,7,5,8,2,6,9,1,4
ICpf`zky_ NOPAIR
ICpf`zk]_ PAIR C1=0,6,2,5,1,9,3,7,4,8 C2=0,3,6,9,2,7,5,8,1,4
ICpf`zkx_ NOPAIR
ICpf`zkt_ PAIR C1=0,4,8,1,5,7,2,6,3,9 C2=0,3,7,4,1,6,9,5,2,8
ICpf`zkj_ NOPAIR
ICpf`zkZ_ NOPAIR
ICpf`zkf_ PAIR C1=0,6,3,9,4,7,5,2,8 C2=0,3,7,2,6,9,5,8,4
ICpf`zk{O PAIR C1=0,6,1,5,2,8,4,7,3,9 C2=0,3,6,2,9,7,5,8,1,4
ICpf`zkyO PAIR C1=1,5,7,2,8,4,9 C2=1,4,7,9,2,5,8
ICpf`zk]O PAIR C1=0,6,3,7,2,5,1,9,4,8 C2=0,3,9,7,5,8,2,6,1,4
ICpf`zkxO NOPAIR
ICpf`zktO PAIR C1=0,6,3,9,1,5,2,7,4,8 C2=0,3,7,9,5,8,2,6,1,4
ICpf`zkjO NOPAIR
ICpf`zkNO PAIR C1=0,6,1,5,2,9,3,7,4,8 C2=0,3,6,2,7,9,5,8,1,4
ICpf`zkwo PAIR C1=0,8,4,7,5,2,6,1,9 C2=0,4,1,5,8,2,7,9,6
ICpf`zkso PAIR C1=0,8,4,7,5,2,6,1,9 C2=0,4,1,5,8,2,7,9,6
ICpf`zk[o PAIR C1=0,3,7,4,8,1,9,2,6 C2=0,4,1,6,3,9,7,2,8
ICpf`zkio PAIR C1=0,8,1,6,2,5,7,4,9 C2=0,4,1,5,8,2,7,9,6
ICpf`zkYo PAIR C1=1,4,9,2,7,5,8 C2=1,5,2,8,4,7,9
ICpf`zkMo PAIR C1=0,3,9,2,6,1,8,5,7,4 C2=0,6,3,7,9,4,1,5,2,8
ICpf`zkpo PAIR C1=0,8,4,7,5,2,6,1,9 C2=0,4,1,5,8,2,7,9,6
ICpf`zkdo PAIR C1=0,6,1,5,9,3,7,4,8 C2=0,3,6,9,7,5,8,1,4
ICpf`zkbo PAIR C1=0,8,1,6,2,5,7,4,9 C2=0,4,1,5,8,2,7,9,6
ICpf`zkJo NOPAIR
ICpf`zkFo PAIR C1=0,6,1,5,9,3,7,4,8 C2=0,3,6,9,7,5,8,1,4
ICpf`zq]O PAIR C1=0,6,3,7,2,9,4,1,8 C2=0,3,8,2,6,1,9,7,4
ICpf`zY]O NOPAIR
ICpf`zYxO PAIR C1=0,6,1,8,4,7,5,2,9 C2=0,4,1,5,9,7,2,6,8
ICpf`zYVO NOPAIR
ICpf`yymO PAIR C1=0,6,3,7,4,8,2,9 C2=0,3,8,6,2,7,9,4
ICpf`xy{O PAIR C1=0,6,3,8,2,7,4,1,9 C2=0,3,7,9,2,6,1,8,4
ICpf`xy]O NOPAIR
ICpf`xyVO PAIR C1=1,6,3,9,5,7,2,8 C2=1,5,2,6,8,3,7,9
ICpf`zefO PAIR C1=0,6,3,9,4,7,5,1,8 C2=0,3,7,9,5,8,6,1,4
ICpf`zUjO PAIR C1=0,6,3,8,1,5,7,4,9 C2=0,3,7,9,5,8,6,1,4
ICpf`yulO PAIR C1=0,6,3,8,5,7,2,9 C2=0,3,7,9,5,2,6,8
ICpf`yurO PAIR C1=0,3,6,1,9,4,7,5,8 C2=0,4,1,5,9,7,3,8,6
ICpf`xu{O PAIR C1=1,6,3,9,2,7,5,8 C2=1,5,2,6,8,3,7,9
ICpf`xu]O PAIR C1=1,6,2,5,8,3,7,9 C2=1,5,7,2,9,3,6,8
ICpf`zMrO NOPAIR
ICpf`zMjO PAIR C1=0,6,1,8,4,7,5,2,9 C2=0,4,1,5,9,7,2,6,8
ICpf`zMfO PAIR C1=0,6,3,9,4,7,5,1,8 C2=0,3,7,9,5,8,6,1,4
ICpf`ymtO PAIR C1=0,6,3,9,1,5,7,4,8 C2=0,3,7,9,5,8,6,1,4
ICpf`ymrO PAIR C1=0,4,7,5,2,8,6,1,9 C2=0,6,2,7,9,5,1,4,8
ICpf`ymjO NOPAIR
ICpf`ymfO PAIR C1=0,8,5,7,2,6,3,9 C2=0,3,7,9,5,2,8,6
ICpf`xm]O PAIR C1=1,5,7,2,8,4,9 C2=1,4,7,9,2,5,8
ICpf`xmZO PAIR C1=1,5,8,4,7,2,9 C2=1,4,9,7,5,2,8
ICpf`xmfO PAIR C1=0,4,7,5,8,1,6,3,9 C2=0,3,7,9,5,1,4,8,6
ICpf`y]xO PAIR C1=0,6,3,8,4,7,5,1,9 C2=0,3,7,9,5,8,6,1,4
ICpf`y]rO PAIR C1=0,6,3,8,4,7,5,1,9 C2=0,3,7,9,5,8,6,1,4
ICpf`y]jO PAIR C1=0,6,3,8,5,7,2,9 C2=0,3,7,9,5,2,6,8
ICpf`y]fO NOPAIR
ICpf`y]NO PAIR C1=0,4,7,3,9,2,5,8,6 C2=0,3,6,2,7,5,9,4,8
ICpf`x]]O PAIR C1=1,5,8,6,3,7,2,9 C2=1,6,2,5,7,9,3,8
ICpf`x]fO PAIR C1=0,6,3,8,1,5,7,4,9 C2=0,3,7,9,5,8,6,1,4
ICpf`x]VO NOPAIR
ICpf`x]NO PAIR C1=1,4,8,3,7,5,9,2,6 C2=1,5,2,7,4,9,3,6,8
ICpf`w}fO PAIR C1=0,3,6,8,2,7,5,9,4 C2=0,6,2,5,8,4,7,3,9
ICpf`w}NO NOPAIR
ICpfVI{Fo PAIR C1=0,6,1,7,2,5,9,4,8 C2=0,4,1,5,8,2,6,9,7
ICpfVG|{_ PAIR C1=0,6,4,8,2,7,5,1,9 C2=0,4,1,6,9,2,5,8,7
ICpfVG|t_ PAIR C1=0,6,4,8,5,2,7,1,9 C2=0,4,1,5,9,6,2,8,7
ICpfVG|f_ PAIR C1=0,7,5,8,2,6,4,9 C2=0,4,8,7,2,5,9,6
ICpfRi{}? PAIR C1=0,8,4,6,1,5,2,7,3,9 C2=0,3,8,5,7,1,4,9,2,6
ICpfRi{z? PAIR C1=0,8,4,6,1,5,2,9 C2=0,4,1,9,5,8,2,6
ICpfRi{v? PAIR C1=0,4,6,1,9,3,7,5,2,8 C2=0,3,8,5,9,4,1,7,2,6
ICpfRi{n? PAIR C1=0,4,6,1,5,7,3,9,2,8 C2=0,3,8,5,9,4,1,7,2,6
ICpfRi{^? PAIR C1=0,6,1,4,9,3,7,5,2,8 C2=0,3,8,5,9,1,7,2,6,4
ICpfRi{{_ PAIR C1=0,8,4,6,2,5,1,7,3,9 C2=0,3,8,5,7,2,9,6,1,4
ICpfRi{y_ NOPAIR
ICpfRi{]_ PAIR C1=0,6,9,4,1,5,2,7,3,8 C2=0,3,9,1,7,5,8,2,6,4
ICpfRi{x_ PAIR C1=0,4,8,5,1,6,2,9 C2=0,6,4,1,9,5,2,8
ICpfRi{t_ PAIR C1=0,6,1,4,8,2,5,7,3,9 C2=0,3,8,5,9,1,7,2,6,4
ICpfRi{\_ PAIR C1=0,3,9,1,5,7,2,6,4,8 C2=0,4,1,7,3,8,2,5,9,6
ICpfRi{j_ NOPAIR
ICpfRi{Z_ NOPAIR
ICpfRi{N_ PAIR C1=0,4,6,1,7,5,2,9,3,8 C2=0,3,7,2,8,4,1,5,9,6
ICpfRi{{O PAIR C1=0,6,4,8,2,5,1,7,3,9 C2=0,3,8,5,7,9,2,6,1,4
ICpfRi{yO PAIR C1=0,6,2,5,7,1,9,4,8 C2=0,4,6,1,5,8,2,7,9
ICpfRi{mO PAIR C1=0,6,4,8,3,7,1,5,2,9 C2=0,3,9,7,5,8,2,6,1,4
ICpfRi{]O PAIR C1=0,6,4,9,2,5,1,7,3,8 C2=0,3,9,7,5,8,2,6,1,4
ICpfRi{xO PAIR C1=0,8,4,6,1,5,7,2,9 C2=0,4,1,7,9,5,8,2,6
ICpfRi{rO PAIR C1=0,6,4,8,2,5,7,1,9 C2=0,4,1,6,2,7,9,5,8
ICpfRi{jO PAIR C1=0,8,4,6,1,5,7,2,9 C2=0,4,1,7,9,5,8,2,6
ICpfRi{fO PAIR C1=0,6,4,8,2,5,1,7,3,9 C2=0,3,8,5,9,7,2,6,1,4
ICpfRi{wo PAIR C1=0,6,4,8,2,7,5,1,9 C2=0,4,1,7,9,6,2,5,8
ICpfRi{so PAIR C1=0,6,4,8,2,7,5,1,9 C2=0,4,1,7,9,6,2,5,8
ICpfRi{[o PAIR C1=0,6,2,7,3,9,1,4,8 C2=0,3,8,2,9,7,1,6,4
ICpfRi{qo PAIR C1=0,6,1,5,7,2,8,4,9 C2=0,4,1,7,9,6,2,5,8
ICpfRi{io PAIR C1=0,6,1,5,7,2,8,4,9 C2=0,4,1,7,9,6,2,5,8
ICpfRi{Yo NOPAIR
ICpfRi{Uo PAIR C1=0,6,4,9,1,5,2,7,3,8 C2=0,3,9,7,5,8,2,6,1,4
ICpfRi{Mo PAIR C1=0,4,9,2,5,8,3,7,1,6 C2=0,3,9,7,5,1,4,6,2,8
ICpfRi{po PAIR C1=0,6,4,8,2,7,5,1,9 C2=0,4,1,7,9,6,2,5,8
ICpfRi{ho PAIR C1=0,4,1,5,8,2,7,9,6 C2=0,8,4,6,1,7,5,2,9
ICpfRi{do PAIR C1=0,4,8,3,9,5,7,1,6 C2=0,3,7,9,6,4,1,5,8
ICpfRi{To PAIR C1=0,4,8,3,9,5,7,1,6 C2=0,3,7,9,6,4,1,5,8
ICpfRi{bo PAIR C1=0,6,1,5,7,2,8,4,9 C2=0,4,1,7,9,6,2,5,8
ICpfRi{Ro NOPAIR
ICpfRi{Jo NOPAIR
ICpfRi{Fo PAIR C1=0,4,8,3,9,5,7,1,6 C2=0,3,7,9,6,4,1,5,8
ICpfRim|? PAIR C1=0,6,2,5,8,4,1,9 C2=0,4,6,1,5,9,2,8
ICpfRim]O NOPAIR
ICpfRg}z? PAIR C1=1,6,2,5,8,4,9 C2=1,4,6,8,2,9,5
ICpfRg}yO NOPAIR
ICpfRg}fO PAIR C1=0,4,6,1,7,5,8,3,9 C2=0,3,7,9,5,1,4,8,6
ICpfRit}? PAIR C1=0,6,2,8,3,7,5,1,4,9 C2=0,3,9,2,5,8,7,1,6,4
ICpfRitt_ PAIR C1=0,6,2,7,3,8,5,1,9 C2=0,3,9,6,1,7,5,2,8
ICpfRitf_ PAIR C1=0,6,1,4,9,3,7,5,8 C2=0,3,8,7,1,5,9,6,4
ICpfRilf_ PAIR C1=0,6,1,7,5,2,8,4,9 C2=0,4,1,5,9,6,2,7,8
ICpfRg|f_ PAIR C1=0,6,1,4,8,5,7,3,9 C2=0,3,8,7,1,5,9,6,4
ICpfRY{\_ NOPAIR
ICpfRY{do PAIR C1=0,8,2,6,4,7,5,9 C2=0,4,8,5,2,7,9,6
ICpfRYtf_ PAIR C1=0,4,7,2,8,5,1,6,9 C2=0,6,2,5,9,4,1,7,8
ICpfQyuv? PAIR C1=0,6,4,7,5,1,9,3,8 C2=0,3,7,1,6,8,5,9,4
ICpfQyurO NOPAIR
ICpfQyujO PAIR C1=0,4,1,5,7,9,2,8,6 C2=0,8,5,2,6,1,7,4,9
ICpfQyuNO PAIR C1=0,4,9,3,8,5,7,1,6 C2=0,3,7,9,5,1,4,6,8
ICpev`{mO NOPAIR
ICpev`{fO NOPAIR
ICpev`{NO PAIR C1=0,4,9,2,7,3,8,5,1,6 C2=0,3,6,4,1,8,2,5,9,7
ICpev`{Mo NOPAIR
ICpev`{ho PAIR C1=0,6,3,7,2,8,4,1,5,9 C2=0,3,8,5,2,9,7,1,6,4
ICpev`{Fo NOPAIR
ICpevI{VO PAIR C1=0,7,5,1,6,3,9,4,8 C2=0,3,8,5,9,7,1,4,6
ICpevI{To PAIR C1=0,7,1,5,9,3,6,4,8 C2=0,3,8,5,7,9,6,1,4
ICpevI{Ro NOPAIR
ICpevI{Jo PAIR C1=0,6,4,8,2,9,5,1,7 C2=0,4,1,6,9,7,2,5,8
ICpevI{Fo PAIR C1=0,7,1,5,9,3,6,4,8 C2=0,3,8,5,7,9,6,1,4
ICpevG}rO NOPAIR
ICpevG|v? PAIR C1=0,6,4,8,3,9,1,5,7 C2=0,3,6,1,7,8,5,9,4
ICpevG|n? PAIR C1=0,6,4,1,5,2,9,3,8,7 C2=0,3,6,1,7,2,8,5,9,4
ICpevG|x_ PAIR C1=0,6,4,8,5,1,7,2,9 C2=0,4,1,6,9,5,2,8,7
ICpevG|t_ PAIR C1=0,6,4,8,3,9,1,5,7 C2=0,3,6,9,5,8,7,1,4
ICpevG|j_ PAIR C1=0,6,4,8,5,1,7,2,9 C2=0,4,1,6,9,5,2,8,7
ICperjsfO NOPAIR
ICperjsdo PAIR C1=0,6,1,8,3,7,5,9 C2=0,3,6,9,7,1,5,8
ICperjsFo PAIR C1=0,6,4,9,5,1,7,3,8 C2=0,3,6,9,7,5,8,1,4
ICperi{}? PAIR C1=0,6,4,8,2,5,1,7,3,9 C2=0,3,6,1,4,9,2,7,5,8
ICperi{|? PAIR C1=0,4,6,3,9,1,7,5,2,8 C2=0,3,7,2,9,5,8,4,1,6
ICperi{v? NOPAIR
ICperi{n? PAIR C1=0,6,3,9,2,7,5,1,4,8 C2=0,4,6,1,7,3,8,2,5,9
ICperi{^? PAIR C1=0,6,4,1,9,2,5,7,3,8 C2=0,3,6,1,7,2,8,5,9,4
ICperi{{_ PAIR C1=0,6,4,8,3,7,2,5,1,9 C2=0,3,6,9,2,8,5,7,1,4
ICperi{]_ PAIR C1=0,6,1,5,2,7,3,9,4,8 C2=0,3,6,9,2,8,5,7,1,4
ICperi{x_ PAIR C1=0,8,4,1,6,3,7,5,2,9 C2=0,3,8,2,7,1,5,9,6,4
ICperi{t_ NOPAIR
ICperi{\_ PAIR C1=0,6,4,1,7,2,5,9,3,8 C2=0,3,7,5,1,6,9,2,8,4
ICperi{V_ NOPAIR
ICperi{N_ PAIR C1=0,4,6,1,7,5,2,9,3,8 C2=0,3,7,2,8,4,1,5,9,6
ICperi{{O PAIR C1=0,4,8,3,7,5,2,9,1,6 C2=0,3,6,4,1,5,8,2,7,9
ICperi{yO PAIR C1=0,4,9,2,8,3,7,5,1,6 C2=0,3,6,4,1,9,7,2,5,8
ICperi{uO NOPAIR
ICperi{]O PAIR C1=0,4,9,3,8,2,7,5,1,6 C2=0,3,6,4,1,7,9,2,5,8
ICperi{tO PAIR C1=0,8,4,6,1,5,7,3,9 C2=0,4,1,7,9,5,8,3,6
ICperi{\O PAIR C1=0,4,6,3,9,5,1,7,2,8 C2=0,3,7,9,2,5,8,4,1,6
ICperi{rO PAIR C1=0,6,4,9,1,5,7,3,8 C2=0,3,6,1,7,9,5,8,4
ICperi{jO PAIR C1=0,4,6,3,8,2,5,1,7,9 C2=0,3,7,2,9,5,8,4,1,6
ICperi{fO PAIR C1=0,8,5,7,1,4,6,3,9 C2=0,4,8,3,7,9,5,1,6
ICperi{VO PAIR C1=0,6,4,9,1,5,7,3,8 C2=0,3,6,1,7,9,5,8,4
ICperi{NO PAIR C1=0,4,9,2,7,3,8,5,1,6 C2=0,3,6,4,1,7,9,5,2,8
ICperi{wo PAIR C1=0,8,4,6,1,7,5,2,9 C2=0,4,1,5,8,2,7,9,6
ICperi{[o PAIR C1=0,3,7,5,1,9,2,8,4,6 C2=0,4,1,6,3,9,7,2,5,8
ICperi{Yo PAIR C1=0,6,4,1,9,2,5,7,3,8 C2=0,3,6,1,5,8,2,7,9,4
ICperi{eo NOPAIR
ICperi{Uo NOPAIR
ICperi{Mo PAIR C1=0,3,6,1,7,5,8,2,9,4 C2=0,6,4,1,5,2,7,9,3,8
ICperi{po PAIR C1=0,8,4,6,3,7,1,5,9 C2=0,3,8,5,7,9,6,1,4
ICperi{ho PAIR C1=0,8,4,6,3,7,1,5,9 C2=0,3,8,5,7,9,6,1,4
ICperi{do PAIR C1=0,8,4,6,3,7,1,5,9 C2=0,3,8,5,7,9,6,1,4
ICperi{To PAIR C1=0,3,9,5,7,1,6,4,8 C2=0,4,1,5,8,3,7,9,6
ICperi{bo PAIR C1=0,6,3,7,1,5,9,4,8 C2=0,3,8,5,7,9,6,1,4
ICperi{Ro PAIR C1=0,6,3,7,1,5,9,4,8 C2=0,3,8,5,7,9,6,1,4
ICperi{Jo PAIR C1=0,6,3,7,1,5,9,4,8 C2=0,3,8,5,7,9,6,1,4
ICperi{Fo PAIR C1=0,6,3,7,1,5,9,4,8 C2=0,3,8,5,7,9,6,1,4
ICperim|? PAIR C1=0,8,2,5,7,1,4,6,3,9 C2=0,3,7,2,9,5,1,6,8,4
ICperi]xO PAIR C1=0,6,4,8,3,7,5,1,9 C2=0,3,6,8,5,9,7,1,4
ICperg}fO PAIR C1=0,6,1,5,7,3,8,4,9 C2=0,3,6,8,5,9,7,1,4
ICperg}NO PAIR C1=1,6,3,9,4,8,5,7 C2=1,4,6,8,3,7,9,5
ICperYu|? PAIR C1=0,8,2,5,7,4,6,1,9 C2=0,4,1,7,2,9,5,8,6
ICperYuz? PAIR C1=0,8,2,5,7,4,6,1,9 C2=0,4,1,7,2,9,5,8,6
ICperYu{O PAIR C1=0,6,4,7,5,1,9,2,8 C2=0,4,1,6,8,5,2,7,9
ICperYutO PAIR C1=0,6,4,7,5,1,9,3,8 C2=0,3,6,8,5,9,7,1,4
ICperYujO PAIR C1=0,8,5,1,6,4,7,2,9 C2=0,4,1,7,9,5,2,8,6
ICpdvPu}? PAIR C1=0,3,9,2,6,8,1,7,4 C2=0,7,2,8,3,6,4,1,9
ICpdvPuz? PAIR C1=0,7,1,5,8,2,6,4,9 C2=0,4,7,2,5,9,1,8,6
ICpdvPu^? PAIR C1=0,6,3,8,1,5,2,9,4,7 C2=0,3,9,5,8,6,2,7,1,4
ICpdvPu{O PAIR C1=0,4,6,2,9,3,8,1,7 C2=0,3,6,8,2,7,4,1,9
ICpdvPuyO NOPAIR
ICpdvPu]O PAIR C1=0,6,2,9,3,8,1,4,7 C2=0,3,6,8,2,7,1,9,4
ICpdvPujO PAIR C1=0,6,2,8,5,9,4,1,7 C2=0,4,6,8,1,5,2,7,9
ICpdupu^? PAIR C1=0,4,9,3,6,2,5,8,1,7 C2=0,3,7,4,1,5,9,2,8,6
ICpdupu]O NOPAIR
ICpdupuxO PAIR C1=0,6,4,7,1,5,8,2,9 C2=0,4,1,8,6,2,5,9,7
ICpdupuVO NOPAIR
ICpdrjw}? NOPAIR
ICpdrjwv? PAIR C1=0,6,4,8,2,5,1,7,3,9 C2=0,3,6,2,7,5,9,4,1,8
ICpdrjw^? PAIR C1=0,6,4,9,2,5,1,7,3,8 C2=0,3,6,2,7,5,9,1,8,4
ICpdrjw{_ NOPAIR
ICpdrjw]_ NOPAIR
ICpdrjwx_ PAIR C1=0,8,4,6,3,7,2,5,1,9 C2=0,3,8,2,6,9,5,7,1,4
ICpdrjwl_ PAIR C1=0,6,4,8,1,5,2,7,3,9 C2=0,3,8,2,6,9,5,7,1,4
ICpdrjw\_ PAIR C1=0,6,3,7,5,2,9,1,4,8 C2=0,3,8,2,7,1,5,9,6,4
ICpdrjwZ_ PAIR C1=0,6,3,7,2,5,1,9,4,8 C2=0,3,8,2,6,9,5,7,1,4
ICpdrjwV_ PAIR C1=0,6,4,9,3,7,2,5,1,8 C2=0,3,8,2,6,9,5,7,1,4
ICpdrjwN_ PAIR C1=0,6,4,9,3,7,2,5,1,8 C2=0,3,8,2,6,9,5,7,1,4
ICpdrjw{O PAIR C1=0,4,6,3,7,2,8,1,9 C2=0,3,8,4,1,7,9,2,6
ICpdrjwyO PAIR C1=0,6,4,1,9,2,7,3,8 C2=0,3,6,2,8,1,7,9,4
ICpdrjwuO NOPAIR
ICpdrjwmO NOPAIR
ICpdrjw]O PAIR C1=0,3,7,2,8,1,9,4,6 C2=0,4,1,7,9,2,6,3,8
ICpdrjwxO PAIR C1=0,4,6,3,8,1,7,5,2,9 C2=0,3,7,9,5,1,4,8,2,6
ICpdrjw\O PAIR C1=0,4,1,5,9,7,2,6,3,8 C2=0,3,9,1,7,5,2,8,4,6
ICpdrjwjO PAIR C1=0,4,6,3,8,1,7,5,2,9 C2=0,3,7,9,5,1,4,8,2,6
ICpdrjwZO PAIR C1=0,4,9,7,2,5,1,8,3,6 C2=0,3,7,5,9,1,4,6,2,8
ICpdrjwfO PAIR C1=0,3,9,4,6,2,7,5,1,8 C2=0,4,1,7,9,5,2,8,3,6
ICpdrjwVO PAIR C1=0,3,7,2,6,4,9,5,1,8 C2=0,4,8,2,5,7,1,9,3,6
ICpdrjwNO PAIR C1=0,4,6,3,7,9,2,5,1,8 C2=0,3,9,5,7,1,4,8,2,6
ICpdrjwwo PAIR C1=0,6,4,1,7,3,8,2,9 C2=0,3,6,2,7,9,1,8,4
ICpdrjwko NOPAIR
ICpdrjw[o PAIR C1=0,6,3,7,2,9,1,4,8 C2=0,3,9,7,1,8,2,6,4
ICpdrjwqo NOPAIR
ICpdrjwio NOPAIR
ICpdrjwYo PAIR C1=0,4,9,2,7,1,8,3,6 C2=0,3,7,9,1,4,6,2,8
ICpdrjweo NOPAIR
ICpdrjwUo NOPAIR
ICpdrjwMo NOPAIR
ICpdrjwpo PAIR C1=0,6,4,8,1,7,2,5,9 C2=0,4,1,5,7,9,6,2,8
ICpdrjwho PAIR C1=0,6,4,8,1,7,2,5,9 C2=0,4,1,5,7,9,6,2,8
ICpdrjwXo PAIR C1=0,3,7,2,5,1,9,6,4,8 C2=0,4,1,7,5,9,2,8,3,6
ICpdrjwTo PAIR C1=0,3,9,7,5,1,4,8,2,6 C2=0,4,6,3,7,2,5,9,1,8
ICpdrjwLo PAIR C1=0,3,9,5,7,1,4,8,2,6 C2=0,4,6,3,7,9,2,5,1,8
ICpdrjwRo PAIR C1=0,4,1,9,5,7,3,6,2,8 C2=0,3,8,1,5,2,7,9,4,6
ICpdrjwJo PAIR C1=0,4,1,7,9,5,2,6,3,8 C2=0,3,7,5,1,8,2,9,4,6
ICpdrjs}? PAIR C1=0,8,1,5,2,7,3,6,4,9 C2=0,4,1,7,5,8,3,9,2,6
ICpdrjs|? NOPAIR
ICpdrjsn? PAIR C1=0,4,6,3,7,5,1,8,2,9 C2=0,3,8,5,9,4,1,7,2,6
ICpdrjs^? PAIR C1=0,6,4,1,9,3,7,5,2,8 C2=0,3,6,2,7,1,8,5,9,4
ICpdrjs{_ PAIR C1=0,8,3,6,2,7,5,1,9 C2=0,3,7,1,8,5,2,9,6
ICpdrjsy_ PAIR C1=0,8,2,5,1,7,3,6,4,9 C2=0,3,8,5,7,2,6,9,1,4
ICpdrjs]_ PAIR C1=0,6,4,9,2,5,1,7,3,8 C2=0,3,9,6,2,7,5,8,1,4
ICpdrjsx_ PAIR C1=0,6,2,8,3,7,5,1,9 C2=0,3,6,9,5,2,7,1,8
ICpdrjst_ PAIR C1=0,6,2,8,3,7,5,1,9 C2=0,3,6,9,5,2,7,1,8
ICpdrjsl_ NOPAIR
ICpdrjs\_ NOPAIR
ICpdrjsr_ PAIR C1=0,3,7,5,2,8,1,9,6 C2=0,8,3,6,2,7,1,5,9
ICpdrjsV_ PAIR C1=0,4,6,9,3,7,1,5,2,8 C2=0,3,8,1,4,9,5,7,2,6
ICpdrjsN_ PAIR C1=0,3,6,4,9,2,7,5,1,8 C2=0,4,1,7,3,8,2,5,9,6
ICpdrjs{O NOPAIR
ICpdrjsyO PAIR C1=0,6,4,9,2,5,1,7,3,8 C2=0,3,6,2,8,5,7,9,1,4
ICpdrjsmO PAIR C1=0,6,4,9,3,7,1,5,2,8 C2=0,3,6,2,9,7,5,8,1,4
ICpdrjs]O PAIR C1=0,6,4,9,3,7,2,5,1,8 C2=0,3,6,2,8,5,7,9,1,4
ICpdrjstO NOPAIR
ICpdrjslO NOPAIR
ICpdrjswo PAIR C1=0,8,5,2,6,3,7,1,9 C2=0,3,8,1,5,7,2,9,6
ICpdrjsko NOPAIR
ICpdrjs[o NOPAIR
ICpdrjsqo PAIR C1=0,8,1,7,5,2,6,4,9 C2=0,4,1,5,8,2,7,9,6
ICpdrjsio PAIR C1=0,8,1,7,5,2,6,4,9 C2=0,4,1,5,8,2,7,9,6
ICpdrjsYo PAIR C1=0,4,9,1,7,5,2,8,3,6 C2=0,3,7,9,2,6,4,1,5,8
ICpdrjsUo PAIR C1=0,3,8,5,1,7,2,6,9,4 C2=0,6,4,1,9,3,7,5,2,8
ICpdrjsMo PAIR C1=0,6,3,7,1,4,9,2,5,8 C2=0,3,9,7,5,1,8,2,6,4
ICpdrjspo PAIR C1=0,6,3,8,2,7,5,9 C2=0,3,7,9,6,2,5,8
ICpdrjsXo NOPAIR
ICpdrjsdo PAIR C1=0,6,2,8,3,7,5,9 C2=0,3,6,9,7,2,5,8
ICpdrjsTo NOPAIR
ICpdrjsLo NOPAIR
ICpdrjsbo PAIR C1=0,6,4,9,5,1,7,3,8 C2=0,3,6,9,7,5,8,1,4
ICpdrjsRo PAIR C1=0,3,6,2,8,5,9,7,1,4 C2=0,6,4,9,1,5,2,7,3,8
ICpdrjk}? PAIR C1=0,6,4,8,2,5,1,7,3,9 C2=0,3,6,2,7,5,8,1,9,4
ICpdrjk|? PAIR C1=0,4,6,3,7,5,1,9,2,8 C2=0,3,9,5,8,4,1,7,2,6
ICpdrjkz? NOPAIR
ICpdrjkv? PAIR C1=0,4,6,3,7,5,2,8,1,9 C2=0,3,9,5,8,4,1,7,2,6
ICpdrjkn? PAIR C1=0,4,6,3,9,2,7,5,1,8 C2=0,3,7,1,4,9,5,8,2,6
ICpdrjk{_ PAIR C1=0,8,4,6,3,7,1,5,2,9 C2=0,3,9,6,2,7,5,8,1,4
ICpdrjk]_ PAIR C1=0,6,4,9,3,7,1,5,2,8 C2=0,3,6,9,2,7,5,8,1,4
ICpdrjkx_ NOPAIR
ICpdrjkt_ PAIR C1=0,4,8,1,5,7,2,6,3,9 C2=0,3,7,1,4,6,9,5,2,8
ICpdrjk\_ PAIR C1=0,4,6,3,9,2,7,5,1,8 C2=0,3,7,1,4,8,2,5,9,6
ICpdrjkr_ NOPAIR
ICpdrjkj_ NOPAIR
ICpdrjkZ_ NOPAIR
ICpdrjkV_ PAIR C1=0,4,8,2,7,5,1,9,3,6 C2=0,3,7,1,4,9,6,2,5,8
ICpdrjkN_ PAIR C1=0,6,4,1,5,7,3,9,2,8 C2=0,3,6,9,5,2,7,1,8,4
ICpdrjk{O PAIR C1=0,6,4,8,2,5,1,7,3,9 C2=0,3,6,2,9,7,5,8,1,4
ICpdrjkyO NOPAIR
ICpdrjkmO PAIR C1=0,3,6,2,9,7,5,8,1,4 C2=0,6,4,9,3,7,1,5,2,8
ICpdrjk]O PAIR C1=0,6,4,9,3,7,2,5,1,8 C2=0,3,6,2,8,5,7,9,1,4
ICpdrjkrO NOPAIR
ICpdrjkjO NOPAIR
ICpdrjkfO PAIR C1=0,6,4,9,3,7,5,2,8 C2=0,3,6,2,7,9,5,8,4
ICpdrjkwo PAIR C1=0,6,2,7,5,8,4,1,9 C2=0,4,6,9,7,1,5,2,8
ICpdrjkso PAIR C1=0,8,4,6,2,5,7,1,9 C2=0,4,1,5,8,2,7,9,6
ICpdrjk[o PAIR C1=0,3,7,2,8,5,1,9,6,4 C2=0,6,3,9,2,5,7,1,4,8
ICpdrjkqo PAIR C1=0,8,1,7,5,2,6,4,9 C2=0,4,1,5,8,2,7,9,6
ICpdrjkio PAIR C1=0,6,2,7,5,8,1,4,9 C2=0,4,6,9,7,1,5,2,8
ICpdrjkYo NOPAIR
ICpdrjkUo PAIR C1=0,6,4,9,3,7,2,5,1,8 C2=0,3,6,2,8,5,7,9,1,4
ICpdrjkMo PAIR C1=0,3,7,5,8,1,4,9,2,6 C2=0,4,6,3,9,7,1,5,2,8
ICpdrjkpo PAIR C1=0,8,4,6,2,5,7,1,9 C2=0,4,1,5,8,2,7,9,6
ICpdrjkho PAIR C1=0,6,4,8,1,5,7,2,9 C2=0,4,1,7,9,6,2,5,8
ICpdrjkXo NOPAIR
ICpdrjkdo PAIR C1=0,3,7,1,5,9,6,4,8 C2=0,4,1,8,5,7,9,3,6
ICpdrjkTo PAIR C1=0,3,9,7,5,1,8,4,6 C2=0,4,1,7,3,6,9,5,8
ICpdrjkbo PAIR C1=0,4,9,6,2,5,7,1,8 C2=0,6,4,1,5,8,2,7,9
ICpdrjkRo NOPAIR
ICpdrjkFo PAIR C1=0,3,7,1,5,9,6,4,8 C2=0,4,1,8,5,7,9,3,6
ICpdrjitO PAIR C1=0,8,4,6,2,7,5,1,9 C2=0,4,1,7,9,5,2,8,6
ICpdrjY]O NOPAIR
ICpdrjYxO PAIR C1=0,6,4,8,1,5,7,2,9 C2=0,4,1,7,9,5,2,6,8
ICpdrhy]O NOPAIR
ICpdrje{O PAIR C1=0,3,7,5,1,8,6,2,9 C2=0,6,3,9,1,7,2,5,8
ICpdrjeyO PAIR C1=0,8,1,5,7,2,6,4,9 C2=0,4,1,7,9,2,5,8,6
ICpdrjexO NOPAIR
ICpdrjetO PAIR C1=0,8,5,7,2,6,3,9 C2=0,3,7,9,5,2,8,6
ICpdrjerO PAIR C1=0,6,4,9,7,1,5,2,8 C2=0,4,1,8,6,2,7,5,9
ICpdrjUyO PAIR C1=0,8,1,5,7,2,6,4,9 C2=0,4,1,7,9,2,5,8,6
ICpdrjUxO PAIR C1=0,8,3,6,2,7,5,9 C2=0,3,7,9,2,5,8,6
ICpdrjUtO NOPAIR
ICpdrjUrO PAIR C1=0,6,4,9,1,5,7,3,8 C2=0,3,6,8,5,9,7,1,4
ICpdrjUVO PAIR C1=0,6,4,9,3,7,5,1,8 C2=0,3,6,8,5,9,7,1,4
ICpdriulO PAIR C1=0,6,8,3,7,5,2,9 C2=0,3,6,2,7,9,5,8
ICpdriurO PAIR C1=0,6,4,9,1,5,7,3,8 C2=0,3,6,8,5,9,7,1,4
ICpdrhutO NOPAIR
ICpdrhu\O NOPAIR
ICpdrhuVO NOPAIR
ICpdrjM{O PAIR C1=0,8,4,6,2,7,5,1,9 C2=0,4,1,7,9,2,5,8,6
ICpdrjMxO PAIR C1=0,6,4,8,1,7,5,2,9 C2=0,4,1,5,9,7,2,6,8
ICpdrjMtO PAIR C1=0,6,4,8,1,5,7,3,9 C2=0,3,6,8,5,9,7,1,4
ICpdrjMrO NOPAIR
ICpdrimtO PAIR C1=0,6,4,8,2,5,7,1,9 C2=0,4,1,5,9,7,2,6,8
ICpdrhmfO PAIR C1=0,6,4,8,1,5,7,3,9 C2=0,3,6,8,5,9,7,1,4
ICpdri]xO PAIR C1=0,6,4,8,3,7,5,1,9 C2=0,3,6,8,5,9,7,1,4
ICpdri]VO PAIR C1=0,6,4,9,1,5,7,3,8 C2=0,3,6,8,5,9,7,1,4
ICpdri]NO PAIR C1=0,4,8,3,7,5,9,2,6 C2=0,3,6,4,9,7,2,5,8
ICpdrh]]O PAIR C1=1,5,2,7,3,6,8,4,9 C2=1,4,6,2,9,3,8,5,7
ICpdrh]tO PAIR C1=0,6,4,8,1,5,7,3,9 C2=0,3,6,8,5,9,7,1,4
ICpdrh]VO NOPAIR
ICpdrh]NO PAIR C1=1,4,9,5,2,6,8,3,7 C2=1,5,7,2,9,3,6,4,8
ICpdrg}VO PAIR C1=1,4,9,5,2,8,6,3,7 C2=1,5,7,2,6,4,8,3,9
ICpdrg}NO NOPAIR
ICpbvQuz? PAIR C1=0,8,5,1,6,2,7,4,9 C2=0,4,6,8,2,5,9,1,7
ICpbvQu{O NOPAIR
ICpbvQuyO NOPAIR
ICpbuqu}? NOPAIR
ICpbuquv? NOPAIR
ICpbuquxO PAIR C1=0,7,4,6,1,5,8,2,9 C2=0,4,1,7,9,5,2,6,8
ICpbtrs}? PAIR C1=0,7,2,8,3,6,4,1,9 C2=0,3,7,4,9,2,6,1,8
ICpbtrs|? PAIR C1=0,8,1,5,2,6,4,7,3,9 C2=0,4,1,6,3,8,5,9,2,7
ICpbtrsz? PAIR C1=0,7,4,6,3,8,2,5,1,9 C2=0,3,7,2,6,1,8,5,9,4
ICpbtrsv? PAIR C1=0,7,4,6,3,9,1,5,2,8 C2=0,3,7,2,6,1,8,5,9,4
ICpbtrsn? PAIR C1=0,8,1,5,2,6,4,7,3,9 C2=0,3,6,1,4,9,5,8,2,7
ICpbtrs^? PAIR C1=0,7,4,6,3,9,1,5,2,8 C2=0,3,7,2,6,1,8,5,9,4
ICpbtrs{_ PAIR C1=0,4,6,2,9,1,8,3,7 C2=0,3,9,6,1,4,7,2,8
ICpbtrsy_ PAIR C1=0,7,4,1,9,2,6,3,8 C2=0,3,7,2,8,1,6,9,4
ICpbtrsu_ NOPAIR
ICpbtrsm_ NOPAIR
ICpbtrs]_ PAIR C1=0,7,4,1,9,2,6,3,8 C2=0,3,7,2,8,1,6,9,4
ICpbtrsx_ PAIR C1=0,7,4,6,3,8,1,5,2,9 C2=0,3,7,2,8,5,9,6,1,4
ICpbtrsj_ PAIR C1=0,7,4,6,3,8,1,5,2,9 C2=0,3,7,2,8,5,9,6,1,4
ICpbtrsf_ PAIR C1=0,7,4,9,3,6,2,5,1,8 C2=0,3,7,2,8,5,9,6,1,4
ICpbtrsN_ PAIR C1=0,7,4,9,3,6,2,5,1,8 C2=0,3,7,2,8,5,9,6,1,4
ICpbtrs{O PAIR C1=0,8,2,7,3,6,4,1,9 C2=0,3,8,1,6,2,9,7,4
ICpbtrsyO PAIR C1=0,4,6,1,9,2,8,3,7 C2=0,3,6,2,7,9,4,1,8
ICpbtrsuO NOPAIR
ICpbtrsmO NOPAIR
ICpbtrs]O PAIR C1=0,7,3,6,4,1,9,2,8 C2=0,3,8,1,6,2,7,9,4
ICpbtrsxO PAIR C1=0,8,3,7,4,6,1,5,2,9 C2=0,3,6,2,7,9,5,8,1,4
ICpbtrs\O PAIR C1=0,7,4,6,1,5,2,9,3,8 C2=0,3,6,2,7,9,5,8,1,4
ICpbtrsZO PAIR C1=0,7,2,5,1,9,4,6,3,8 C2=0,3,7,9,5,8,2,6,1,4
ICpbtrsVO PAIR C1=0,7,3,9,4,6,1,5,2,8 C2=0,3,6,2,7,9,5,8,1,4
ICpbtrsNO PAIR C1=0,7,4,6,1,5,2,9,3,8 C2=0,3,6,2,7,9,5,8,1,4
ICpbtrswo PAIR C1=0,4,7,3,8,1,6,2,9 C2=0,3,6,4,1,9,7,2,8
ICpbtrsko NOPAIR
ICpbtrs[o PAIR C1=0,4,7,2,6,1,9,3,8 C2=0,3,6,4,1,8,2,9,7
ICpbtrsqo NOPAIR
ICpbtrsio NOPAIR
ICpbtrsYo PAIR C1=0,7,3,6,2,9,4,1,8 C2=0,3,8,2,7,9,1,6,4
ICpbtrsUo NOPAIR
ICpbtrsMo NOPAIR
ICpbtrspo PAIR C1=0,7,4,6,2,8,1,5,9 C2=0,4,1,6,9,7,2,5,8
ICpbtrsho PAIR C1=0,7,4,6,2,8,1,5,9 C2=0,4,1,6,9,7,2,5,8
ICpbtrsTo PAIR C1=0,7,4,1,9,3,6,2,5,8 C2=0,3,8,2,7,9,5,1,6,4
ICpbtrsJo PAIR C1=0,3,8,5,9,4,1,6,2,7 C2=0,4,6,3,7,9,2,5,1,8
ICpbtp{Lo PAIR C1=1,5,8,4,7,2,9,3,6 C2=1,4,6,2,5,9,7,3,8
ICpbtrqxO PAIR C1=0,7,4,6,2,9,1,8 C2=0,4,1,6,8,2,7,9
ICpbtrqVO NOPAIR
ICpbtrd}? PAIR C1=0,4,6,2,8,1,9,3,7 C2=0,3,6,1,4,9,2,7,8
ICpbtrTx_ PAIR C1=0,7,4,6,1,8,5,2,9 C2=0,4,1,5,9,6,2,7,8
ICpbtpt}? PAIR C1=0,4,6,1,9,2,8,3,7 C2=0,3,6,2,7,8,1,4,9
ICpbtpt]_ PAIR C1=1,8,3,7,2,6,4,9 C2=1,4,7,8,2,9,3,6
ICpfLrs\O PAIR C1=0,6,5,1,9,3,8,2,7 C2=0,3,7,9,5,2,6,1,8
ICpfLrsZO PAIR C1=0,6,5,2,7,4,9,1,8 C2=0,4,1,6,2,8,5,9,7
ICpfLrs[o PAIR C1=0,7,2,6,5,1,9,3,8 C2=0,3,7,9,2,5,8,1,6
ICpfLrsYo PAIR C1=0,7,4,9,2,5,6,1,8 C2=0,4,1,5,8,2,7,9,6
ICpfLrk\O PAIR C1=0,6,5,1,9,2,7,4,8 C2=0,4,1,6,2,8,5,9,7
ICpfLp{|? PAIR C1=0,4,7,3,8,1,9,2,5,6 C2=0,3,9,5,8,4,1,6,2,7
ICpfLp{z? NOPAIR
ICpfLp{n? PAIR C1=0,4,9,2,6,5,1,8,3,7 C2=0,3,9,5,8,2,7,4,1,6
ICpfLp{^? PAIR C1=0,4,1,8,5,6,2,9,3,7 C2=0,3,8,2,7,4,9,5,1,6
ICpfLp{{_ PAIR C1=0,6,2,5,1,9,3,8,4,7 C2=0,3,7,2,9,6,5,8,1,4
ICpfLp{y_ NOPAIR
ICpfLp{m_ PAIR C1=0,3,7,2,9,6,5,8,1,4 C2=0,6,1,5,2,8,3,9,4,7
ICpfLp{]_ PAIR C1=0,6,1,5,2,9,3,8,4,7 C2=0,3,7,2,8,5,6,9,1,4
ICpfLp{x_ NOPAIR
ICpfLp{j_ NOPAIR
ICpfLp{f_ PAIR C1=0,6,5,2,8,3,9,4,7 C2=0,3,7,2,6,9,5,8,4
ICpfLp{{O PAIR C1=0,6,1,5,2,8,4,7,3,9 C2=0,3,8,5,6,2,7,9,1,4
ICpfLp{yO PAIR C1=0,6,5,1,8,2,7,4,9 C2=0,4,8,5,2,6,1,9,7
ICpfLp{xO PAIR C1=0,7,4,8,2,5,6,1,9 C2=0,4,1,8,5,9,7,2,6
ICpfLp{tO PAIR C1=0,6,5,2,7,4,8,1,9 C2=0,4,1,6,2,8,5,9,7
ICpfLp{rO PAIR C1=0,7,4,8,2,5,6,1,9 C2=0,4,1,8,5,9,7,2,6
ICpfLp{jO PAIR C1=0,6,1,5,9,2,8,4,7 C2=0,4,1,8,5,6,2,7,9
ICpfLp{ZO NOPAIR
ICpfLp{wo PAIR C1=0,7,4,8,1,6,5,2,9 C2=0,4,1,5,8,2,7,9,6
ICpfLp{so PAIR C1=0,6,5,2,7,4,8,1,9 C2=0,4,1,5,8,2,6,9,7
ICpfLp{[o PAIR C1=0,3,7,4,8,5,1,9,2,6 C2=0,4,1,6,5,2,8,3,9,7
ICpfLp{io PAIR C1=0,7,4,8,1,6,5,2,9 C2=0,4,1,5,8,2,7,9,6
ICpfLp{Yo NOPAIR
ICpfLp{Uo PAIR C1=0,4,9,1,6,2,5,8,3,7 C2=0,3,9,7,2,8,4,1,5,6
ICpfLp{Mo PAIR C1=0,4,1,8,5,6,2,9,3,7 C2=0,3,8,4,9,7,2,5,1,6
ICpfLp{po PAIR C1=0,7,4,8,1,6,2,5,9 C2=0,4,1,5,8,2,7,9,6
ICpfLp{do PAIR C1=0,6,1,5,9,3,8,4,7 C2=0,3,7,9,6,5,8,1,4
ICpfLp{To PAIR C1=0,3,7,2,8,5,9,6,1,4 C2=0,6,2,5,1,9,3,8,4,7
ICpfLp{bo PAIR C1=0,7,4,8,1,6,2,5,9 C2=0,4,1,5,8,2,7,9,6
ICpfLp{Ro NOPAIR
ICpfLp{Fo PAIR C1=0,6,1,5,9,3,8,4,7 C2=0,3,7,9,6,5,8,1,4
ICpfLpyxO PAIR C1=0,7,4,8,1,6,5,2,9 C2=0,4,1,5,9,7,2,8,6
ICpfLpyjO PAIR C1=0,7,4,8,1,6,5,2,9 C2=0,4,1,5,9,7,2,8,6
ICpfLp]n? PAIR C1=0,6,5,2,9,3,8,4,7 C2=0,3,7,2,6,8,5,9,4
ICpfLp]jO PAIR C1=0,6,1,5,8,4,7,2,9 C2=0,4,1,8,6,2,5,9,7
ICpfLplf_ PAIR C1=0,7,2,6,5,8,4,9 C2=0,4,7,8,2,5,9,6
ICpfJrwio PAIR C1=0,6,1,8,4,7,2,9 C2=0,4,1,7,9,6,2,8
ICpfJrsko PAIR C1=0,8,3,7,1,5,6,2,9 C2=0,3,9,7,2,5,8,1,6
ICpfJrkm_ NOPAIR
ICpfJq{|? PAIR C1=0,6,5,1,4,7,2,8,3,9 C2=0,3,7,1,6,2,9,5,8,4
ICpfJq{z? PAIR C1=0,6,1,5,2,8,4,9 C2=0,4,1,9,2,6,5,8
ICpfJq{n? PAIR C1=0,4,7,3,9,2,8,5,1,6 C2=0,3,8,4,1,7,2,6,5,9
ICpfJq{^? PAIR C1=0,4,7,3,9,1,6,5,2,8 C2=0,3,8,5,9,4,1,7,2,6
ICpfJq{{_ PAIR C1=0,6,1,5,2,8,4,7,3,9 C2=0,3,8,5,6,9,2,7,1,4
ICpfJq{y_ PAIR C1=0,4,1,9,2,6,5,8 C2=0,6,1,5,2,8,4,9
ICpfJq{m_ PAIR C1=0,4,7,2,6,1,5,8,3,9 C2=0,3,7,1,4,9,6,5,2,8
ICpfJq{]_ PAIR C1=0,6,2,5,1,7,4,9,3,8 C2=0,3,7,2,8,5,6,9,1,4
ICpfJq{x_ NOPAIR
ICpfJq{r_ NOPAIR
ICpfJq{j_ NOPAIR
ICpfJq{Z_ NOPAIR
ICpfJq{f_ PAIR C1=0,6,2,5,1,7,4,9,3,8 C2=0,3,7,2,8,5,9,6,1,4
ICpfJq{N_ PAIR C1=0,6,2,5,1,7,4,9,3,8 C2=0,3,7,2,8,5,9,6,1,4
ICpfJq{{O PAIR C1=0,6,1,5,2,8,4,7,3,9 C2=0,3,8,5,6,2,7,9,1,4
ICpfJq{xO PAIR C1=0,8,4,7,2,5,6,1,9 C2=0,4,1,7,9,5,8,2,6
ICpfJq{tO PAIR C1=0,8,4,7,2,5,6,1,9 C2=0,4,1,7,9,5,8,2,6
ICpfJq{\O PAIR C1=0,6,5,2,9,3,7,1,4,8 C2=0,3,8,2,6,1,5,9,7,4
ICpfJq{rO PAIR C1=0,6,5,2,8,4,7,1,9 C2=0,4,1,6,2,7,9,5,8
ICpfJq{jO PAIR C1=0,6,5,1,7,4,8,2,9 C2=0,4,1,6,2,7,9,5,8
ICpfJq{ZO NOPAIR
ICpfJq{wo PAIR C1=0,8,4,7,1,6,5,2,9 C2=0,4,1,5,8,2,7,9,6
ICpfJq{so PAIR C1=0,6,2,5,8,4,7,1,9 C2=0,4,1,5,6,9,7,2,8
ICpfJq{[o PAIR C1=0,4,7,3,9,2,6,1,5,8 C2=0,3,8,4,1,9,7,2,5,6
ICpfJq{io PAIR C1=0,8,4,7,1,6,5,2,9 C2=0,4,1,5,8,2,7,9,6
ICpfJq{Yo NOPAIR
ICpfJq{Mo PAIR C1=0,3,9,2,7,1,6,5,8,4 C2=0,6,2,5,1,4,9,7,3,8
ICpfJq{po PAIR C1=0,8,4,7,1,6,2,5,9 C2=0,4,1,5,8,2,7,9,6
ICpfJq{ho PAIR C1=0,8,4,7,1,6,2,5,9 C2=0,4,1,5,8,2,7,9,6
ICpfJq{do PAIR C1=0,6,1,5,9,3,7,4,8 C2=0,3,8,5,6,9,7,1,4
ICpfJq{To PAIR C1=0,3,8,2,7,9,5,6,1,4 C2=0,6,2,5,1,9,3,7,4,8
ICpfJq{bo PAIR C1=0,8,4,7,1,6,2,5,9 C2=0,4,1,5,8,2,7,9,6
ICpfJq{Ro NOPAIR
ICpfJq{Fo PAIR C1=0,6,1,5,9,3,7,4,8 C2=0,3,8,5,6,9,7,1,4
ICpfJqm}? PAIR C1=0,8,5,2,6,1,4,9 C2=0,4,8,2,9,1,5,6
ICpfJqmv? PAIR C1=0,6,5,1,9,4,8 C2=0,4,1,6,8,5,9
ICpfJq]z? PAIR C1=0,6,5,1,9,4,8 C2=0,4,1,6,8,5,9
ICpfJqxj_ PAIR C1=0,6,5,1,7,4,8,2,9 C2=0,4,1,6,9,5,2,7,8
ICpfJql]_ NOPAIR
ICpfJqlf_ PAIR C1=0,6,2,8,5,1,7,4,9 C2=0,4,1,6,9,5,2,7,8
ICpfJo|y_ NOPAIR
ICpfJo|]_ NOPAIR
ICpfJo|f_ PAIR C1=0,6,5,1,7,4,8,3,9 C2=0,3,7,8,5,9,6,1,4
ICpfJix{_ PAIR C1=0,6,1,7,5,2,9,3,8 C2=0,3,7,8,2,6,5,1,9
ICpfJixy_ PAIR C1=0,6,5,1,7,2,8,4,9 C2=0,4,1,6,9,2,5,7,8
ICpfJYytO PAIR C1=0,8,4,7,2,6,5,1,9 C2=0,4,1,7,9,5,2,8,6
ICpfJYyfO PAIR C1=0,6,1,5,7,2,8,4,9 C2=0,4,1,7,9,5,2,6,8
ICpfKzwTo PAIR C1=0,4,7,3,9,5,6,1,8 C2=0,3,8,4,1,5,7,9,6
ICpfKzwRo NOPAIR
ICpfKzwJo PAIR C1=0,6,2,9,5,1,8,4,7 C2=0,4,1,6,9,7,5,2,8
ICpfKzwFo PAIR C1=0,4,7,3,9,5,6,1,8 C2=0,3,8,4,1,5,7,9,6
ICpfIyyv? PAIR C1=0,6,5,1,7,4,8,3,9 C2=0,3,7,5,9,4,1,6,8
ICpfIyyxO PAIR C1=0,6,1,5,7,4,8,2,9 C2=0,4,1,7,9,5,2,6,8
ICpfIyytO PAIR C1=0,3,9,1,6,5,7,4,8 C2=0,4,1,5,9,7,3,8,6
ICpfIyyjO PAIR C1=0,6,1,5,7,4,8,2,9 C2=0,4,1,7,9,5,2,6,8
ICpfIyxt_ PAIR C1=0,6,5,1,9,3,7,4,8 C2=0,3,8,7,5,9,6,1,4
ICpfIyxr_ NOPAIR
ICpelrsVO PAIR C1=0,6,5,1,8,3,9,4,7 C2=0,4,1,6,3,7,9,5,8
ICpelrkN_ PAIR C1=0,6,3,9,2,5,1,8,4,7 C2=0,3,7,2,8,5,9,6,1,4
ICpelrkJo PAIR C1=0,6,5,1,8,2,9,4,7 C2=0,4,1,6,9,7,2,5,8
ICpelrkFo PAIR C1=0,3,6,1,5,9,7,4,8 C2=0,4,1,8,5,6,9,3,7
ICpelr[N_ NOPAIR
ICpelp{}? PAIR C1=0,6,3,7,4,8,2,5,1,9 C2=0,3,8,5,6,1,4,9,2,7
ICpelp{|? PAIR C1=0,4,7,3,9,1,8,2,5,6 C2=0,3,6,1,4,8,5,9,2,7
ICpelp{v? PAIR C1=0,4,8,1,5,6,3,9 C2=0,3,8,5,9,4,1,6
ICpelp{n? PAIR C1=0,4,8,1,5,6,3,9 C2=0,3,8,5,9,4,1,6
ICpelp{u_ NOPAIR
ICpelp{m_ PAIR C1=0,3,7,2,9,6,5,8,1,4 C2=0,6,1,5,2,8,3,9,4,7
ICpelp{]_ PAIR C1=0,6,1,5,2,9,3,8,4,7 C2=0,3,7,2,8,5,6,9,1,4
ICpelp{t_ NOPAIR
ICpelp{j_ PAIR C1=0,6,3,8,1,5,2,9,4,7 C2=0,3,7,2,8,5,9,6,1,4
ICpelp{f_ PAIR C1=0,4,1,8,5,6,3,9 C2=0,3,8,4,9,5,1,6
ICpelp{N_ PAIR C1=0,6,3,9,2,5,1,8,4,7 C2=0,3,7,2,8,5,9,6,1,4
ICpelp{{O PAIR C1=0,6,3,8,4,7,2,5,1,9 C2=0,3,7,9,2,8,5,6,1,4
ICpelp{uO NOPAIR
ICpelp{xO PAIR C1=0,6,5,2,9,1,8,3,7 C2=0,3,6,1,5,8,2,7,9
ICpelp{tO PAIR C1=0,6,5,1,8,4,7,3,9 C2=0,4,1,6,3,8,5,9,7
ICpelp{\O PAIR C1=0,6,1,5,2,9,3,8,4,7 C2=0,3,6,5,9,7,2,8,1,4
ICpelp{rO PAIR C1=0,6,5,1,8,3,7,4,9 C2=0,3,6,1,4,8,5,9,7
ICpelp{fO PAIR C1=0,6,5,1,8,3,7,4,9 C2=0,3,6,1,4,8,5,9,7
ICpelp{VO PAIR C1=0,6,5,1,9,4,8,3,7 C2=0,3,6,1,8,5,9,7,4
ICpelp{NO PAIR C1=0,6,3,9,2,5,1,8,4,7 C2=0,3,8,2,7,9,5,6,1,4
ICpelp{wo PAIR C1=0,7,4,8,1,6,5,2,9 C2=0,4,1,5,8,2,7,9,6
ICpelp{[o PAIR C1=0,4,1,9,3,6,5,8,2,7 C2=0,3,8,4,7,9,2,5,1,6
ICpelp{io PAIR C1=0,7,4,8,1,6,5,2,9 C2=0,4,1,5,8,2,7,9,6
ICpelp{Yo PAIR C1=0,6,1,4,9,2,5,8,3,7 C2=0,3,6,5,1,9,7,2,8,4
ICpelp{eo NOPAIR
ICpelp{Uo NOPAIR
ICpelp{Mo PAIR C1=0,3,6,1,5,8,2,9,4,7 C2=0,4,1,8,3,9,7,2,5,6
ICpelp{po PAIR C1=0,7,4,8,3,6,1,5,9 C2=0,3,7,9,6,5,8,1,4
ICpelp{ho PAIR C1=0,7,4,8,3,6,1,5,9 C2=0,3,7,9,6,5,8,1,4
ICpelp{do PAIR C1=0,6,1,5,9,3,8,4,7 C2=0,3,7,9,6,5,8,1,4
ICpelp{To PAIR C1=0,6,1,5,9,3,8,4,7 C2=0,3,7,9,6,5,8,1,4
ICpelp{bo PAIR C1=0,7,4,8,3,6,1,5,9 C2=0,3,7,9,6,5,8,1,4
ICpelp{Ro PAIR C1=0,3,7,4,8,1,9,5,6 C2=0,4,1,5,8,3,6,9,7
ICpelp{Jo PAIR C1=0,3,7,2,8,4,9,5,1,6 C2=0,4,1,8,3,6,5,2,9,7
ICpelp{Fo PAIR C1=0,6,1,5,9,3,8,4,7 C2=0,3,7,9,6,5,8,1,4
ICpelpy]O NOPAIR
ICpelpyxO PAIR C1=0,7,4,8,1,6,5,2,9 C2=0,4,1,5,9,7,2,8,6
ICpelpyVO NOPAIR
ICpejrslO PAIR C1=0,8,1,7,3,6,5,2,9 C2=0,3,8,2,7,9,5,1,6
ICpejrsfO NOPAIR
ICpejq{}? PAIR C1=0,6,1,5,2,9,3,7,4,8 C2=0,3,6,5,8,2,7,1,4,9
ICpejq{|? PAIR C1=0,6,5,2,8,3,7,4,1,9 C2=0,3,6,1,7,2,9,5,8,4
ICpejq{v? PAIR C1=0,4,8,3,9,1,5,6 C2=0,3,6,1,4,9,5,8
ICpejq{^? PAIR C1=0,4,8,3,9,1,5,6 C2=0,3,6,1,4,9,5,8
ICpejq{{_ PAIR C1=0,6,1,5,2,8,4,7,3,9 C2=0,3,8,5,6,9,2,7,1,4
ICpejq{u_ NOPAIR
ICpejq{]_ PAIR C1=0,6,3,9,2,5,1,7,4,8 C2=0,3,7,2,8,5,6,9,1,4
ICpejq{t_ NOPAIR
ICpejq{r_ NOPAIR
ICpejq{j_ PAIR C1=0,6,3,8,4,7,1,5,2,9 C2=0,3,7,2,8,5,9,6,1,4
ICpejq{V_ PAIR C1=0,4,9,1,5,6,3,8 C2=0,3,9,5,8,4,1,6
ICpejq{N_ PAIR C1=0,3,8,5,2,9,4,7,1,6 C2=0,4,1,5,9,6,3,7,2,8
ICpejq{{O PAIR C1=0,6,3,9,1,5,2,7,4,8 C2=0,3,7,9,2,8,5,6,1,4
ICpejq{uO NOPAIR
ICpejq{xO PAIR C1=0,6,5,2,9,1,4,7,3,8 C2=0,3,6,1,5,9,7,2,8,4
ICpejq{tO PAIR C1=0,6,5,1,7,4,8,3,9 C2=0,4,1,6,3,7,9,5,8
ICpejq{\O PAIR C1=0,6,3,9,2,5,1,7,4,8 C2=0,3,8,2,7,9,5,6,1,4
ICpejq{fO PAIR C1=0,8,3,6,5,1,7,4,9 C2=0,3,7,9,5,8,4,1,6
ICpejq{VO PAIR C1=0,6,5,1,9,4,7,3,8 C2=0,3,6,1,7,9,5,8,4
ICpejq{NO PAIR C1=0,6,3,7,1,5,2,9,4,8 C2=0,3,8,2,7,9,5,6,1,4
ICpejq{wo PAIR C1=0,8,4,7,1,6,5,2,9 C2=0,4,1,5,8,2,7,9,6
ICpejq{[o PAIR C1=0,4,1,9,2,7,3,6,5,8 C2=0,3,9,7,4,8,2,5,1,6
ICpejq{io PAIR C1=0,8,4,7,1,6,5,2,9 C2=0,4,1,5,8,2,7,9,6
ICpejq{Uo NOPAIR
ICpejq{Mo PAIR C1=0,4,9,2,8,5,1,7,3,6 C2=0,3,9,7,2,5,6,1,4,8
ICpejq{po PAIR C1=0,8,4,7,3,6,1,5,9 C2=0,3,8,5,6,9,7,1,4
ICpejq{ho PAIR C1=0,8,4,7,3,6,1,5,9 C2=0,3,8,5,6,9,7,1,4
ICpejq{do PAIR C1=0,8,4,7,3,6,1,5,9 C2=0,3,8,5,6,9,7,1,4
ICpejq{To PAIR C1=0,6,1,5,9,3,7,4,8 C2=0,3,8,5,6,9,7,1,4
ICpejq{bo PAIR C1=0,8,4,7,3,6,1,5,9 C2=0,3,8,5,6,9,7,1,4
ICpejq{Ro PAIR C1=0,3,6,5,9,1,7,4,8 C2=0,4,1,5,8,3,7,9,6
ICpejq{Jo PAIR C1=0,4,1,7,3,8,2,9,5,6 C2=0,3,6,1,5,2,7,9,4,8
ICpejq{Fo PAIR C1=0,6,1,5,9,3,7,4,8 C2=0,3,8,5,6,9,7,1,4
ICpejqmz? PAIR C1=0,6,5,1,9,4,8 C2=0,4,1,6,8,5,9
ICpejqxx_ PAIR C1=0,6,5,1,7,4,8,2,9 C2=0,4,1,6,9,5,2,7,8
ICpejix|? PAIR C1=0,8,3,6,5,2,7,1,9 C2=0,3,7,8,2,9,5,1,6
ICpejixv? PAIR C1=0,6,5,1,7,3,9,4,8 C2=0,4,1,6,3,8,7,5,9
ICpejixy_ PAIR C1=0,6,5,1,7,2,8,4,9 C2=0,4,1,6,9,2,5,7,8
ICpejixx_ PAIR C1=0,8,3,6,5,7,2,9 C2=0,3,7,8,2,5,9,6
ICpejixt_ NOPAIR
ICpejixr_ PAIR C1=0,3,8,4,9,1,7,5,6 C2=0,4,1,5,9,6,3,7,8
ICpelZwN_ PAIR C1=0,6,1,5,2,9,3,8,4,7 C2=0,3,6,9,5,7,2,8,1,4
ICpelZw\O PAIR C1=0,6,1,5,2,9,3,8,4,7 C2=0,3,6,5,9,7,2,8,1,4
ICpelZw[o PAIR C1=0,7,5,2,9,1,6,3,8 C2=0,3,9,7,2,8,1,5,6
ICpelZwRo NOPAIR
ICpelZwJo PAIR C1=0,6,5,1,8,4,9,2,7 C2=0,4,1,6,9,7,5,2,8
ICpelZwFo PAIR C1=0,3,9,5,6,1,8,4,7 C2=0,4,1,5,7,9,6,3,8
ICpejYyz? PAIR C1=0,6,5,2,9,1,7,4,8 C2=0,4,1,6,8,2,7,5,9
ICpejYy{O PAIR C1=0,8,4,7,2,5,6,1,9 C2=0,4,1,5,7,9,2,8,6
ICpejYyxO PAIR C1=0,8,4,1,6,5,7,2,9 C2=0,4,7,9,1,5,2,8,6
ICpejYytO PAIR C1=0,8,4,1,7,5,6,3,9 C2=0,3,8,6,1,5,9,7,4
ICpejYx|? PAIR C1=0,6,1,5,2,7,4,8,3,9 C2=0,3,6,5,9,2,8,7,1,4
ICpejYx{_ PAIR C1=0,8,4,7,2,5,6,1,9 C2=0,4,1,5,7,8,2,9,6
ICpejYxr_ NOPAIR
ICpejYxj_ PAIR C1=0,6,1,5,7,2,9,4,8 C2=0,4,1,7,8,2,5,6,9
ICpejYxN_ PAIR C1=0,3,8,2,9,4,7,1,5,6 C2=0,4,1,6,3,9,5,2,7,8
ICpeiy{}? PAIR C1=0,6,5,1,7,3,9,4,8 C2=0,4,7,5,8,3,6,1,9
ICpdnRw]_ PAIR C1=0,6,3,8,2,9,1,4,7 C2=0,3,9,6,2,7,1,8,4
ICpdnRwZ_ PAIR C1=0,6,5,2,7,4,9,1,8 C2=0,4,8,2,6,9,5,1,7
ICpdnRs]_ PAIR C1=0,7,4,9,3,6,2,5,1,8 C2=0,3,8,5,6,9,2,7,1,4
ICpdnRs[o PAIR C1=0,7,2,5,6,3,9,1,8 C2=0,3,8,5,1,7,9,2,6
ICpdnRsFo PAIR C1=0,6,5,2,7,1,4,9,3,8 C2=0,3,6,2,8,1,5,9,7,4
ICpdnRkFo PAIR C1=0,6,5,9,4,8,2,7 C2=0,4,7,9,6,2,5,8
ICpdnR[Z_ PAIR C1=0,6,5,2,9,1,8,4,7 C2=0,4,1,7,2,6,9,5,8
ICpdnR[To PAIR C1=0,6,3,9,5,1,8,4,7 C2=0,3,8,5,6,9,7,1,4
ICpdnR[Jo PAIR C1=0,7,1,5,6,2,9,4,8 C2=0,4,1,8,5,2,7,9,6
ICpdnP{}? PAIR C1=0,6,3,9,2,5,1,8,4,7 C2=0,3,8,5,6,2,7,1,9,4
ICpdnP{z? NOPAIR
ICpdnP{v? PAIR C1=0,4,8,2,5,6,3,9,1,7 C2=0,3,8,1,5,9,4,7,2,6
ICpdnP{n? PAIR C1=0,4,7,2,9,3,8,1,5,6 C2=0,3,6,2,8,5,9,4,1,7
ICpdnP{{_ PAIR C1=0,7,4,8,1,5,2,6,3,9 C2=0,3,8,5,6,9,2,7,1,4
ICpdnP{y_ PAIR C1=0,6,5,2,8,1,7,4,9 C2=0,4,8,5,1,9,6,2,7
ICpdnP{m_ PAIR C1=0,7,4,8,1,5,2,6,3,9 C2=0,3,8,5,6,9,2,7,1,4
ICpdnP{]_ PAIR C1=0,6,3,9,1,5,2,8,4,7 C2=0,3,8,5,6,9,2,7,1,4
ICpdnP{x_ PAIR C1=0,7,4,8,1,5,6,2,9 C2=0,4,1,7,2,8,5,9,6
ICpdnP{r_ PAIR C1=0,6,5,2,8,4,7,1,9 C2=0,4,1,8,5,9,6,2,7
ICpdnP{j_ PAIR C1=0,7,4,8,1,5,6,2,9 C2=0,4,1,7,2,8,5,9,6
ICpdnP{f_ PAIR C1=0,6,2,5,1,8,3,9,4,7 C2=0,3,6,9,5,8,2,7,1,4
ICpdnP{{O PAIR C1=0,6,3,9,1,5,2,8,4,7 C2=0,3,8,5,6,2,9,7,1,4
ICpdnP{mO PAIR C1=0,6,3,8,4,7,1,5,2,9 C2=0,3,9,7,2,6,5,8,1,4
ICpdnP{xO NOPAIR
ICpdnP{tO PAIR C1=0,6,5,2,7,1,4,8,3,9 C2=0,3,6,2,8,1,5,9,7,4
ICpdnP{jO PAIR C1=1,7,4,9,2,5,8 C2=1,4,8,2,7,9,5
ICpdnP{ZO PAIR C1=1,5,8,4,9,2,7 C2=1,4,7,9,5,2,8
ICpdnP{fO PAIR C1=0,6,5,2,8,3,9,4,7 C2=0,3,6,2,7,9,5,8,4
ICpdnP{wo PAIR C1=0,4,8,1,7,9,2,5,6 C2=0,7,4,1,5,8,2,6,9
ICpdnP{so PAIR C1=0,6,5,2,7,4,8,1,9 C2=0,4,1,5,8,2,6,9,7
ICpdnP{[o PAIR C1=0,6,5,2,8,3,9,1,4,7 C2=0,3,6,2,9,7,1,5,8,4
ICpdnP{io PAIR C1=0,4,8,1,7,9,2,5,6 C2=0,7,4,1,5,8,2,6,9
ICpdnP{Yo NOPAIR
ICpdnP{Uo PAIR C1=0,6,3,9,4,1,8,5,2,7 C2=0,3,8,2,6,5,1,9,7,4
ICpdnP{Mo PAIR C1=0,4,1,7,2,9,3,8,5,6 C2=0,3,6,2,5,1,8,4,9,7
ICpdnP{po PAIR C1=0,7,4,8,2,6,5,1,9 C2=0,4,1,8,5,2,7,9,6
ICpdnP{do PAIR C1=0,6,3,9,5,1,8,4,7 C2=0,3,8,5,6,9,7,1,4
ICpdnP{To PAIR C1=0,6,3,9,5,1,8,4,7 C2=0,3,8,5,6,9,7,1,4
ICpdnP{bo PAIR C1=0,7,1,5,6,2,8,4,9 C2=0,4,1,8,5,2,7,9,6
ICpdnP{Ro NOPAIR
ICpdnP{Jo PAIR C1=1,5,8,4,9,2,7 C2=1,4,7,9,5,2,8
ICpdnP{Fo PAIR C1=0,6,3,9,5,1,8,4,7 C2=0,3,8,5,6,9,7,1,4
ICpdnP\{_ PAIR C1=0,6,5,1,8,4,7,2,9 C2=0,4,1,9,6,2,5,8,7
ICpdnP\t_ PAIR C1=0,6,5,1,9,3,8,4,7 C2=0,3,6,9,5,8,7,1,4
ICpdmrsV_ PAIR C1=0,6,5,1,7,4,9,3,8 C2=0,4,1,8,5,9,6,3,7
ICpdmrs\O PAIR C1=0,6,5,1,9,2,8,3,7 C2=0,3,6,2,5,9,7,1,8
ICpdmrsYo PAIR C1=0,6,5,1,8,2,9,4,7 C2=0,4,1,7,9,6,2,5,8
ICpdmrsTo PAIR C1=0,6,5,9,1,8,3,7 C2=0,3,6,9,7,1,5,8
ICpdmrsRo PAIR C1=0,6,3,7,4,9,5,1,8 C2=0,3,8,5,6,9,7,1,4
ICpdmrsJo PAIR C1=0,6,3,7,4,9,5,1,8 C2=0,3,8,5,6,9,7,1,4
ICpdmrk[o PAIR C1=0,6,5,1,9,2,8,4,7 C2=0,4,1,7,9,6,2,5,8
ICpdmrkTo PAIR C1=0,6,3,9,5,1,7,4,8 C2=0,3,7,9,6,5,8,1,4
ICpdmrkJo PAIR C1=0,6,5,1,8,2,9,4,7 C2=0,4,1,7,9,6,2,5,8
ICpdmrkFo PAIR C1=0,6,3,9,5,1,7,4,8 C2=0,3,7,9,6,5,8,1,4
ICpdmr[\O NOPAIR
ICpdmr[Xo PAIR C1=0,4,8,1,5,9,7,3,6 C2=0,3,8,5,6,9,1,4,7
ICpdmp{}? PAIR C1=0,6,3,7,4,8,2,5,1,9 C2=0,3,8,5,6,2,9,4,1,7
ICpdmp{|? PAIR C1=0,4,7,3,9,1,8,2,5,6 C2=0,3,6,2,9,5,8,4,1,7
ICpdmp{v? NOPAIR
ICpdmp{n? PAIR C1=0,3,8,1,7,4,9,2,5,6 C2=0,7,3,6,2,8,4,1,5,9
ICpdmp{{_ PAIR C1=0,4,1,7,3,6,5,8,2,9 C2=0,3,9,6,2,5,1,8,4,7
ICpdmp{y_ PAIR C1=0,4,9,2,8,3,6,5,1,7 C2=0,3,7,4,1,8,5,2,6,9
ICpdmp{u_ NOPAIR
ICpdmp{m_ PAIR C1=0,4,9,3,8,2,6,5,1,7 C2=0,3,7,4,1,8,5,2,9,6
ICpdmp{]_ PAIR C1=0,4,9,3,8,2,6,5,1,7 C2=0,3,7,4,1,8,5,2,9,6
ICpdmp{t_ PAIR C1=0,7,4,8,1,5,6,3,9 C2=0,4,1,7,3,8,5,9,6
ICpdmp{r_ PAIR C1=0,6,5,1,8,3,7,4,9 C2=0,3,6,9,5,8,4,1,7
ICpdmp{j_ PAIR C1=0,6,5,1,8,3,7,4,9 C2=0,3,6,9,5,8,4,1,7
ICpdmp{f_ PAIR C1=0,6,5,1,8,3,7,4,9 C2=0,3,6,9,5,8,4,1,7
ICpdmp{V_ PAIR C1=0,6,5,1,9,4,8,3,7 C2=0,3,6,9,5,8,1,7,4
ICpdmp{N_ PAIR C1=0,3,9,2,6,5,1,8,4,7 C2=0,4,1,7,3,8,2,5,9,6
ICpdmp{{O PAIR C1=0,6,3,9,1,5,2,8,4,7 C2=0,3,8,5,6,2,9,7,1,4
ICpdmp{uO NOPAIR
ICpdmp{mO PAIR C1=0,6,2,5,1,8,4,7,3,9 C2=0,3,6,5,8,2,9,7,1,4
ICpdmp{xO PAIR C1=0,4,7,1,8,3,6,5,2,9 C2=0,3,7,9,5,1,4,8,2,6
ICpdmp{tO NOPAIR
ICpdmp{\O PAIR C1=0,6,3,9,2,5,1,8,4,7 C2=0,3,8,2,6,5,9,7,1,4
ICpdmp{jO PAIR C1=0,6,5,2,9,4,8,3,7 C2=0,3,6,2,8,5,9,7,4
ICpdmp{fO NOPAIR
ICpdmp{NO PAIR C1=0,6,5,2,9,4,8,3,7 C2=0,3,6,2,8,5,9,7,4
ICpdmp{wo PAIR C1=0,6,5,1,7,4,8,2,9 C2=0,4,1,8,5,2,6,9,7
ICpdmp{[o PAIR C1=0,3,6,2,9,1,5,8,4,7 C2=0,4,1,7,9,3,8,2,5,6
ICpdmp{qo NOPAIR
ICpdmp{Yo PAIR C1=0,4,7,3,8,5,1,9,2,6 C2=0,3,6,5,2,8,1,4,9,7
ICpdmp{eo NOPAIR
ICpdmp{Uo NOPAIR
ICpdmp{Mo PAIR C1=0,3,6,5,1,8,2,9,4,7 C2=0,4,1,7,9,3,8,5,2,6
ICpdmp{po PAIR C1=0,6,3,8,4,7,1,5,9 C2=0,3,7,9,6,5,8,1,4
ICpdmp{ho PAIR C1=0,6,3,7,4,8,1,5,9 C2=0,3,8,5,6,9,7,1,4
ICpdmp{To PAIR C1=0,6,3,9,5,1,8,4,7 C2=0,3,8,5,6,9,7,1,4
ICpdmp{bo PAIR C1=0,6,3,8,4,9,5,1,7 C2=0,3,7,9,6,5,8,1,4
ICpdmp{Ro PAIR C1=0,6,3,8,4,9,5,1,7 C2=0,3,7,9,6,5,8,1,4
ICpdmp{Jo PAIR C1=0,6,3,8,4,9,5,1,7 C2=0,3,7,9,6,5,8,1,4
ICpdmp{Fo PAIR C1=0,6,3,8,4,9,5,1,7 C2=0,3,7,9,6,5,8,1,4
ICpdmpuv? PAIR C1=0,6,5,1,8,3,9,4,7 C2=0,4,1,7,3,6,8,5,9
ICpdmpurO PAIR C1=0,6,5,1,8,3,7,4,9 C2=0,3,6,8,5,9,7,1,4
ICpdmpl{_ PAIR C1=0,7,4,8,2,6,5,1,9 C2=0,4,1,7,8,5,2,9,6
ICpdmplt_ PAIR C1=0,6,5,1,8,4,7,3,9 C2=0,3,6,9,5,8,7,1,4
ICpdlrsRo PAIR C1=0,3,6,5,2,8,1,9,4,7 C2=0,4,1,5,9,6,2,7,3,8
ICpdlq{]_ PAIR C1=0,6,3,7,4,9,2,8 C2=0,4,8,3,9,6,2,7
ICpdlq{Ro PAIR C1=0,6,5,9,4,8,2,7 C2=0,4,7,9,6,2,5,8
ICpdlp{}? PAIR C1=0,3,6,2,7,4,8,5,1,9 C2=0,6,5,2,9,4,1,8,3,7
ICpdlp{|? PAIR C1=0,4,8,2,9,1,5,6,3,7 C2=0,3,9,5,8,1,4,7,2,6
ICpdlp{z? PAIR C1=0,4,9,2,8,1,5,6,3,7 C2=0,3,8,5,9,1,4,7,2,6
ICpdlp{v? PAIR C1=0,6,5,2,7,4,8,3,9 C2=0,4,9,5,8,2,6,3,7
ICpdlp{n? PAIR C1=0,6,5,2,7,4,8,3,9 C2=0,4,9,5,8,2,6,3,7
ICpdlp{^? PAIR C1=0,3,7,4,8,2,9,1,5,6 C2=0,4,1,8,5,9,3,6,2,7
ICpdlp{{_ PAIR C1=0,6,2,5,1,9,3,8,4,7 C2=0,3,7,2,9,6,5,8,1,4
ICpdlp{y_ PAIR C1=0,6,3,8,1,5,2,9,4,7 C2=0,3,7,2,8,5,6,9,1,4
ICpdlp{m_ NOPAIR
ICpdlp{]_ PAIR C1=0,6,3,9,2,5,1,8,4,7 C2=0,3,7,2,8,5,6,9,1,4
ICpdlp{l_ NOPAIR
ICpdlp{r_ PAIR C1=0,6,3,8,2,5,1,9,4,7 C2=0,3,7,2,6,9,5,8,1,4
ICpdlp{j_ PAIR C1=0,7,3,6,5,2,8,4,9 C2=0,3,8,5,9,6,2,7,4
ICpdlp{f_ PAIR C1=0,6,5,2,8,3,9,4,7 C2=0,3,7,2,6,9,5,8,4
ICpdlp{V_ PAIR C1=0,6,5,2,8,3,9,4,7 C2=0,3,7,2,6,9,5,8,4
ICpdlp{N_ PAIR C1=0,6,5,2,8,3,9,4,7 C2=0,3,7,2,6,9,5,8,4
ICpdlp{{O PAIR C1=0,6,3,9,2,5,1,8,4,7 C2=0,3,8,5,6,2,7,9,1,4
ICpdlp{mO NOPAIR
ICpdlp{]O PAIR C1=0,6,3,8,2,5,1,9,4,7 C2=0,3,9,7,2,6,5,8,1,4
ICpdlp{xO PAIR C1=0,6,2,8,3,7,4,1,5,9 C2=0,3,6,5,2,7,9,1,8,4
ICpdlp{lO NOPAIR
ICpdlp{\O PAIR C1=0,4,7,3,8,1,9,2,5,6 C2=0,3,6,2,8,4,1,5,9,7
ICpdlp{jO PAIR C1=0,6,5,2,8,3,7,4,9 C2=0,3,6,2,7,9,5,8,4
ICpdlp{fO PAIR C1=0,6,5,2,8,3,9,4,7 C2=0,3,6,2,7,9,5,8,4
ICpdlp{VO PAIR C1=0,6,5,2,8,3,9,4,7 C2=0,3,6,2,7,9,5,8,4
ICpdlp{NO PAIR C1=0,6,5,2,8,3,9,4,7 C2=0,3,6,2,7,9,5,8,4
ICpdlp{ko NOPAIR
ICpdlp{[o PAIR C1=0,3,7,4,1,9,2,8,5,6 C2=0,4,8,1,5,2,6,3,9,7
ICpdlp{io NOPAIR
ICpdlp{Yo PAIR C1=0,4,1,9,2,8,5,6,3,7 C2=0,3,8,1,5,2,7,4,9,6
ICpdlp{eo NOPAIR
ICpdlp{Uo PAIR C1=0,4,9,3,7,2,8,1,5,6 C2=0,3,6,2,5,8,4,1,9,7
ICpdlp{Mo NOPAIR
ICpdlp{po PAIR C1=0,6,5,2,7,4,8,1,9 C2=0,4,1,5,8,2,6,9,7
ICpdlp{To PAIR C1=0,3,6,5,8,1,9,7,4 C2=0,6,9,5,1,4,8,3,7
ICpdlp{Lo NOPAIR
ICpdlp{bo PAIR C1=0,3,8,5,9,4,7,2,6 C2=0,4,8,2,5,6,3,7,9
ICpdlp{Ro PAIR C1=0,4,8,1,9,5,6,3,7 C2=0,3,8,5,1,4,7,9,6
ICpdlp{Jo PAIR C1=0,3,6,2,9,5,8,4,7 C2=0,4,9,7,3,8,2,5,6
ICpdlp{Fo PAIR C1=0,6,5,2,8,3,9,4,7 C2=0,3,6,2,7,9,5,8,4
ICpdlpyz? PAIR C1=0,6,3,8,1,5,2,9,4,7 C2=0,3,7,2,8,6,5,9,1,4
ICpdlpmyO PAIR C1=0,6,5,2,7,4,8,1,9 C2=0,4,1,5,8,6,2,9,7
ICpdlpmjO PAIR C1=0,7,2,6,5,8,4,9 C2=0,4,7,9,5,2,8,6
ICpdlpmfO PAIR C1=0,7,2,6,5,8,4,9 C2=0,4,7,9,5,2,8,6
ICpdlpmVO PAIR C1=0,6,5,8,4,1,9,3,7 C2=0,3,6,8,1,5,9,7,4
ICpdlp]n? PAIR C1=0,6,5,2,9,3,8,4,7 C2=0,3,7,2,6,8,5,9,4
ICpdlp]jO PAIR C1=0,3,7,2,6,8,5,9,4 C2=0,7,4,8,3,6,5,2,9
ICpdlp]VO PAIR C1=0,6,3,8,5,1,9,4,7 C2=0,3,7,9,5,6,8,1,4
ICpdlp]NO PAIR C1=0,6,5,2,9,3,8,4,7 C2=0,3,7,2,6,8,5,9,4
ICpdlpt|? NOPAIR
ICpdlptr_ PAIR C1=0,4,9,1,8,5,6,3,7 C2=0,3,8,7,4,1,5,9,6
ICpdlplt_ PAIR C1=0,6,5,8,4,1,9,3,7 C2=0,3,6,9,5,1,8,7,4
ICpdlplr_ PAIR C1=0,7,2,6,5,8,4,9 C2=0,4,7,8,2,5,9,6
ICpdlplj_ PAIR C1=0,7,2,6,5,8,4,9 C2=0,4,7,8,2,5,9,6
ICpdlplf_ PAIR C1=0,7,2,6,5,8,4,9 C2=0,4,7,8,2,5,9,6
ICpdlplV_ PAIR C1=0,6,5,8,4,1,9,3,7 C2=0,3,6,9,5,1,8,7,4
ICpdlp\x_ PAIR C1=0,4,7,2,6,5,8,1,9 C2=0,6,9,2,5,1,4,8,7
ICpdlp\j_ PAIR C1=0,4,7,3,8,5,9,2,6 C2=0,3,6,5,2,7,8,4,9
ICpdlp\N_ PAIR C1=0,4,8,5,6,3,9,2,7 C2=0,3,8,7,4,9,5,2,6
ICpdjrw}? NOPAIR
ICpdjrwv? PAIR C1=0,6,2,5,1,8,4,7,3,9 C2=0,3,6,5,9,4,1,7,2,8
ICpdjrw^? PAIR C1=0,6,3,9,1,5,2,7,4,8 C2=0,3,7,1,8,2,6,5,9,4
ICpdjrw{_ PAIR C1=0,6,2,8,3,7,4,1,9 C2=0,3,6,9,2,7,1,8,4
ICpdjrwy_ PAIR C1=0,4,7,1,9,2,6,3,8 C2=0,3,7,2,8,1,4,9,6
ICpdjrwu_ NOPAIR
ICpdjrwm_ NOPAIR
ICpdjrw]_ PAIR C1=0,6,3,7,4,1,9,2,8 C2=0,3,8,1,7,2,6,9,4
ICpdjrwx_ PAIR C1=0,4,7,1,8,3,6,5,2,9 C2=0,3,7,2,8,4,1,5,9,6
ICpdjrw\_ PAIR C1=0,3,9,6,5,2,7,4,1,8 C2=0,4,8,2,9,5,1,7,3,6
ICpdjrwZ_ PAIR C1=0,4,7,1,9,2,5,6,3,8 C2=0,3,7,2,8,4,1,5,9,6
ICpdjrwV_ PAIR C1=0,4,7,1,9,3,8,2,5,6 C2=0,3,7,2,6,9,5,1,4,8
ICpdjrwN_ PAIR C1=0,4,9,2,5,6,3,7,1,8 C2=0,3,8,2,7,4,1,5,9,6
ICpdjrw{O PAIR C1=0,4,7,1,8,3,9 C2=0,3,7,9,1,4,8
ICpdjrwuO PAIR C1=0,3,7,4,8,1,9 C2=0,4,1,7,9,3,8
ICpdjrwmO NOPAIR
ICpdjrw]O NOPAIR
ICpdjrwxO PAIR C1=0,6,3,7,4,8,1,5,2,9 C2=0,3,8,2,6,5,9,7,1,4
ICpdjrwlO PAIR C1=0,6,3,7,4,8,1,5,2,9 C2=0,3,8,2,6,5,9,7,1,4
ICpdjrwjO PAIR C1=0,6,3,7,4,9,2,5,1,8 C2=0,3,8,2,6,5,9,7,1,4
ICpdjrwNO PAIR C1=0,6,3,7,4,9,2,5,1,8 C2=0,3,8,2,6,5,9,7,1,4
ICpdjrwwo PAIR C1=0,4,8,2,9,1,7,3,6 C2=0,3,8,1,4,7,2,6,9
ICpdjrwso PAIR C1=0,3,9,1,7,4,8 C2=0,4,1,8,3,7,9
ICpdjrwko NOPAIR
ICpdjrw[o PAIR C1=0,4,1,7,3,6,9,2,8 C2=0,3,9,1,8,4,7,2,6
ICpdjrwqo NOPAIR
ICpdjrwio PAIR C1=0,6,2,9,4,7,3,8 C2=0,3,6,9,7,2,8,4
ICpdjrwYo PAIR C1=0,6,2,9,4,7,3,8 C2=0,3,6,9,7,2,8,4
ICpdjrwUo NOPAIR
ICpdjrwMo PAIR C1=0,6,2,9,4,7,3,8 C2=0,3,6,9,7,2,8,4
ICpdjrwpo PAIR C1=0,6,2,7,4,8,1,5,9 C2=0,4,1,7,9,6,5,2,8
ICpdjrwho PAIR C1=0,6,2,7,4,8,1,5,9 C2=0,4,1,7,9,6,5,2,8
ICpdjrwTo PAIR C1=0,4,7,3,6,2,5,9,1,8 C2=0,3,9,7,2,8,4,1,5,6
ICpdjrwLo PAIR C1=0,3,6,5,9,2,7,1,4,8 C2=0,4,7,9,3,8,1,5,2,6
ICpdjrwRo PAIR C1=0,3,7,4,1,9,5,6,2,8 C2=0,4,9,7,2,5,1,8,3,6
ICpdjrwJo PAIR C1=0,6,2,9,4,7,3,8 C2=0,3,6,9,7,2,8,4
ICpdjrs}? PAIR C1=0,8,2,7,4,1,5,6,3,9 C2=0,4,9,1,7,3,8,5,2,6
ICpdjrs|? PAIR C1=0,8,3,6,5,2,9 C2=0,3,9,5,8,2,6
ICpdjrsn? PAIR C1=0,6,5,1,4,7,3,9,2,8 C2=0,3,6,2,7,1,8,5,9,4
ICpdjrs^? PAIR C1=0,6,5,1,4,7,3,9,2,8 C2=0,3,6,2,7,1,8,5,9,4
ICpdjrs{_ NOPAIR
ICpdjrsy_ PAIR C1=0,8,3,6,2,5,1,7,4,9 C2=0,3,7,2,8,5,6,9,1,4
ICpdjrsm_ PAIR C1=0,8,3,6,2,5,1,7,4,9 C2=0,3,7,2,9,6,5,8,1,4
ICpdjrs]_ PAIR C1=0,6,3,9,4,7,1,5,2,8 C2=0,3,7,2,9,6,5,8,1,4
ICpdjrst_ NOPAIR
ICpdjrsl_ PAIR C1=0,3,9,2,8,5,6 C2=0,8,3,6,2,5,9
ICpdjrsV_ PAIR C1=0,4,7,1,5,9,3,6,2,8 C2=0,3,7,2,5,8,1,4,9,6
ICpdjrs{O PAIR C1=0,6,5,2,7,3,8,1,9 C2=0,3,6,2,9,7,1,5,8
ICpdjrsyO PAIR C1=0,6,2,5,1,9,4,7,3,8 C2=0,3,6,5,8,2,9,7,1,4
ICpdjrsmO PAIR C1=0,6,2,5,1,8,3,7,4,9 C2=0,3,6,5,8,2,9,7,1,4
ICpdjrs]O PAIR C1=0,6,2,5,1,9,4,7,3,8 C2=0,3,6,5,8,2,9,7,1,4
ICpdjrsxO PAIR C1=0,8,2,7,3,6,5,1,9 C2=0,3,8,1,7,9,5,2,6
ICpdjrstO PAIR C1=0,8,2,7,3,6,5,1,9 C2=0,3,8,1,7,9,5,2,6
ICpdjrslO PAIR C1=0,6,2,5,8,3,9 C2=0,3,6,5,9,2,8
ICpdjrs\O NOPAIR
ICpdjrsrO PAIR C1=0,6,2,5,1,9,4,7,3,8 C2=0,3,6,5,9,7,2,8,1,4
ICpdjrsNO PAIR C1=0,3,9,4,7,2,8,1,5,6 C2=0,4,1,7,9,5,2,6,3,8
ICpdjrswo PAIR C1=0,3,7,1,9,2,6,5,8 C2=0,6,3,8,1,5,2,7,9
ICpdjrsso PAIR C1=1,7,2,8,5,6,3,9 C2=1,5,2,6,9,7,3,8
ICpdjrsko NOPAIR
ICpdjrs[o PAIR C1=1,7,2,8,5,6,3,9 C2=1,5,2,6,9,7,3,8
ICpdjrsqo PAIR C1=0,8,2,6,5,1,7,4,9 C2=0,4,1,8,5,2,7,9,6
ICpdjrsio PAIR C1=0,4,7,2,5,1,8,3,6,9 C2=0,3,7,1,4,9,2,8,5,6
ICpdjrsYo PAIR C1=0,4,9,1,7,3,8,5,2,6 C2=0,3,6,5,1,4,7,9,2,8
ICpdjrsUo PAIR C1=1,8,5,6,2,7,3,9 C2=1,5,2,8,3,6,9,7
ICpdjrsMo PAIR C1=0,3,9,4,7,1,8,5,2,6 C2=0,4,1,5,6,3,7,9,2,8
ICpdjrspo PAIR C1=0,3,7,2,6,5,9,1,8 C2=0,6,3,8,2,5,1,7,9
ICpdjrsTo PAIR C1=1,8,5,6,2,7,3,9 C2=1,5,2,8,3,6,9,7
ICpdjrsLo NOPAIR
ICpdjrsbo PAIR C1=0,6,3,7,4,9,5,1,8 C2=0,3,8,5,6,9,7,1,4
ICpdjrsRo PAIR C1=0,6,3,7,4,9,5,1,8 C2=0,3,8,5,6,9,7,1,4
ICpdjrk}? PAIR C1=0,6,2,5,1,8,4,7,3,9 C2=0,3,6,5,8,2,7,1,9,4
ICpdjrk|? PAIR C1=0,4,7,3,6,5,2,8,1,9 C2=0,3,9,5,8,4,1,7,2,6
ICpdjrkz? NOPAIR
ICpdjrkv? PAIR C1=0,4,7,2,5,6,3,9,1,8 C2=0,3,7,1,4,9,5,8,2,6
ICpdjrkn? PAIR C1=0,4,7,3,9,2,8,1,5,6 C2=0,3,6,2,7,1,4,9,5,8
ICpdjrk{_ PAIR C1=0,8,4,7,1,5,2,6,3,9 C2=0,3,7,2,9,6,5,8,1,4
ICpdjrky_ NOPAIR
ICpdjrk]_ PAIR C1=0,6,3,9,4,7,1,5,2,8 C2=0,3,7,2,9,6,5,8,1,4
ICpdjrkt_ PAIR C1=0,6,2,5,1,9,3,7,4,8 C2=0,3,6,9,5,8,2,7,1,4
ICpdjrkr_ NOPAIR
ICpdjrkj_ NOPAIR
ICpdjrkf_ PAIR C1=0,6,2,5,1,8,4,7,3,9 C2=0,3,6,9,5,8,2,7,1,4
ICpdjrkV_ PAIR C1=0,6,2,5,1,9,3,7,4,8 C2=0,3,6,9,5,8,2,7,1,4
ICpdjrkN_ PAIR C1=0,3,7,4,9,2,8,1,5,6 C2=0,4,1,7,2,6,3,9,5,8
ICpdjrk{O PAIR C1=0,6,2,5,1,8,4,7,3,9 C2=0,3,6,5,8,2,9,7,1,4
ICpdjrkxO NOPAIR
ICpdjrktO PAIR C1=0,4,8,2,7,3,9,1,5,6 C2=0,3,6,2,5,9,7,4,1,8
ICpdjrk\O PAIR C1=0,4,7,2,5,6,3,9,1,8 C2=0,3,7,9,5,1,4,8,2,6
ICpdjrkrO NOPAIR
ICpdjrkjO PAIR C1=1,7,4,9,2,5,8 C2=1,4,8,2,7,9,5
ICpdjrkfO PAIR C1=0,3,7,9,4,8,2,5,6 C2=0,4,7,2,6,3,9,5,8
ICpdjrkNO PAIR C1=0,6,5,2,7,3,9,4,8 C2=0,3,6,2,8,5,9,7,4
ICpdjrkwo PAIR C1=0,4,8,5,6,2,7,1,9 C2=0,6,9,7,4,1,5,2,8
ICpdjrkso PAIR C1=0,8,5,6,2,7,4,1,9 C2=0,4,8,2,5,1,7,9,6
ICpdjrk[o PAIR C1=0,4,7,2,5,8,1,9,3,6 C2=0,3,7,9,2,6,5,1,4,8
ICpdjrkqo PAIR C1=0,8,5,6,2,7,4,1,9 C2=0,4,8,2,5,1,7,9,6
ICpdjrkio PAIR C1=0,8,1,4,7,2,5,6,9 C2=0,4,9,7,1,5,8,2,6
ICpdjrkYo NOPAIR
ICpdjrkMo PAIR C1=0,6,5,2,9,3,7,4,1,8 C2=0,3,6,2,8,5,1,7,9,4
ICpdjrkpo PAIR C1=0,6,5,2,7,9,1,4,8 C2=0,4,7,1,5,8,2,6,9
ICpdjrkdo PAIR C1=0,6,3,9,5,1,7,4,8 C2=0,3,7,9,6,5,8,1,4
ICpdjrkTo PAIR C1=0,6,3,9,5,1,7,4,8 C2=0,3,7,9,6,5,8,1,4
ICpdjrkbo PAIR C1=0,6,9,4,7,1,5,2,8 C2=0,4,1,8,5,6,2,7,9
ICpdjrkRo NOPAIR
ICpdjrkJo PAIR C1=1,5,9,2,8,4,7 C2=1,4,9,7,2,5,8
ICpdjrkFo PAIR C1=0,6,3,9,5,1,7,4,8 C2=0,3,7,9,6,5,8,1,4
ICpdjrqyO PAIR C1=0,3,6,8,1,7,2,9,4 C2=0,6,2,8,3,7,4,1,9
ICpdjri{O PAIR C1=0,4,7,3,6,2,8,1,9 C2=0,3,9,2,7,1,4,8,6
ICpdjriyO NOPAIR
ICpdjrYuO PAIR C1=0,3,7,4,8,1,9 C2=0,4,1,7,9,3,8
ICpdjrYxO PAIR C1=0,6,5,1,8,4,7,2,9 C2=0,4,1,7,9,5,2,6,8
ICpdjqymO PAIR C1=0,6,3,7,4,8,2,9 C2=0,3,8,6,2,7,9,4
ICpdjpy]O NOPAIR
ICpdjre{O PAIR C1=0,6,2,7,3,9,1,5,8 C2=0,3,6,5,2,8,1,7,9
ICpdjreyO PAIR C1=0,8,1,5,6,2,7,4,9 C2=0,4,1,7,9,2,5,8,6
ICpdjqurO PAIR C1=0,6,5,1,9,4,7,3,8 C2=0,3,6,8,5,9,7,1,4
ICpdjrp{_ NOPAIR
ICpdjrp]_ PAIR C1=0,3,7,2,8,1,4,9,6 C2=0,4,7,1,9,2,6,3,8
ICpdjrpr_ PAIR C1=0,8,1,5,6,2,7,4,9 C2=0,4,1,7,8,2,5,9,6
ICpdjrht_ PAIR C1=0,8,4,7,2,6,5,1,9 C2=0,4,1,7,8,2,5,9,6
ICpdjrXx_ PAIR C1=0,8,4,7,1,5,6,2,9 C2=0,4,1,8,7,2,5,9,6
ICpdjqx]_ PAIR C1=0,6,3,9,2,7,4,8 C2=0,3,7,8,2,6,9,4
ICpdjqxN_ PAIR C1=0,6,3,9,2,7,4,8 C2=0,3,7,8,2,6,9,4
ICpdjpx{_ PAIR C1=0,3,8,2,7,4,1,9,6 C2=0,4,8,1,7,3,6,2,9
ICpdjrd{_ PAIR C1=0,3,6,2,7,8,5,1,9 C2=0,6,5,2,9,3,7,1,8
ICpdjrdy_ PAIR C1=0,8,1,5,6,2,7,4,9 C2=0,4,1,7,8,5,2,9,6
ICpdjrdx_ NOPAIR
ICpdjrdt_ PAIR C1=0,3,6,5,9,1,7,2,8 C2=0,6,2,5,1,8,7,3,9
ICpdjrdr_ PAIR C1=0,6,5,2,8,1,7,4,9 C2=0,4,1,5,9,6,2,7,8
ICpdjrdf_ PAIR C1=0,3,7,4,9,6,5,1,8 C2=0,4,1,7,8,5,9,3,6
ICpdjrTy_ PAIR C1=0,8,1,5,6,2,7,4,9 C2=0,4,1,7,8,5,2,9,6
ICpdjrTx_ PAIR C1=0,8,1,7,3,6,2,5,9 C2=0,3,8,7,2,9,1,5,6
ICpdjrTt_ NOPAIR
ICpdjrTr_ PAIR C1=0,6,5,1,8,3,7,4,9 C2=0,3,6,9,5,8,7,1,4
ICpdjrTj_ PAIR C1=0,6,5,1,8,3,7,4,9 C2=0,3,6,9,5,8,7,1,4
ICpdjqtl_ PAIR C1=0,6,2,5,8,3,9 C2=0,3,6,5,9,2,8
ICpdjqtr_ PAIR C1=0,6,5,1,9,4,7,3,8 C2=0,3,6,9,5,8,7,1,4
ICpdjrL{_ PAIR C1=0,8,4,7,2,6,5,1,9 C2=0,4,1,7,8,5,2,9,6
ICpdjrLx_ PAIR C1=0,8,4,7,1,5,6,2,9 C2=0,4,1,8,7,2,5,9,6
ICpdjrLt_ PAIR C1=0,6,5,1,8,4,7,3,9 C2=0,3,6,9,5,8,7,1,4
ICpdjrLr_ NOPAIR
ICpdnJw[o PAIR C1=0,3,8,2,9,1,7,5,6 C2=0,7,9,3,6,2,5,1,8
ICpdnJwXo NOPAIR
ICpdnHy{O PAIR C1=0,6,3,8,2,7,5,1,9 C2=0,3,9,2,5,6,8,1,7
ICpdnHyyO PAIR C1=0,4,8,2,6,5,1,7,9 C2=0,6,8,1,4,9,2,5,7
ICpdnHyfO PAIR C1=0,4,9,3,8,1,7,5,6 C2=0,3,6,8,4,1,5,9,7
ICpdmjw^? PAIR C1=0,6,5,2,9,1,4,8,3,7 C2=0,3,6,2,8,1,7,5,9,4
ICpdmjwV_ PAIR C1=0,7,1,5,6,3,9,4,8 C2=0,4,1,8,3,7,5,9,6
ICpdmjwYo PAIR C1=0,7,1,5,6,2,9,4,8 C2=0,4,1,8,2,5,7,9,6
ICpdmjwXo PAIR C1=0,3,8,1,5,6,2,9,7 C2=0,6,3,7,1,9,5,2,8
ICpdmjwTo NOPAIR
ICpdmh{wo PAIR C1=0,7,3,6,2,5,8,1,9 C2=0,3,8,2,9,7,1,5,6
ICpdmh{qo PAIR C1=0,6,5,1,7,3,8,4,9 C2=0,3,6,9,7,5,8,1,4
ICpdmhyv? PAIR C1=0,7,3,6,5,1,8,4,9 C2=0,4,1,7,5,9,3,8,6
ICpdmhyyO PAIR C1=0,4,8,1,7,5,6,2,9 C2=0,6,8,2,5,1,4,9,7
ICpdmhytO NOPAIR
ICpdmhyjO PAIR C1=0,6,3,8,4,9,2,5,1,7 C2=0,3,7,9,5,6,2,8,1,4
ICpdmZwZ_ PAIR C1=0,6,5,2,9,1,8,4,7 C2=0,4,1,7,5,9,6,2,8
ICpdmZwV_ PAIR C1=0,7,4,9,3,6,5,1,8 C2=0,3,8,4,1,7,5,9,6
ICpdmZw[o PAIR C1=0,6,5,2,9,1,8,4,7 C2=0,4,1,5,7,9,6,2,8
ICpdmZwJo PAIR C1=0,7,1,5,6,2,9,4,8 C2=0,4,1,8,2,5,7,9,6
ICpdmZwFo PAIR C1=0,4,7,1,8,3,9,5,6 C2=0,3,6,9,7,5,1,4,8
ICpdmXyz? PAIR C1=0,6,5,2,8,4,7,1,9 C2=0,4,1,8,6,2,9,5,7
ICpdmXy{O PAIR C1=0,6,5,1,9,2,8,4,7 C2=0,4,1,8,6,2,5,7,9
ICpdmXyrO NOPAIR
ICpe\ptz? PAIR C1=0,6,5,2,8,1,9,4,7 C2=0,4,6,1,5,8,7,2,9
ICpe\pt{_ PAIR C1=0,7,4,6,5,2,8,1,9 C2=0,4,1,5,8,7,2,9,6
ICpe\ptx_ PAIR C1=0,7,4,6,1,5,8,2,9 C2=0,4,1,8,7,2,5,9,6
ICpe\ptr_ NOPAIR
ICpVdpm{O PAIR C1=0,6,2,7,4,8,1,9 C2=0,4,1,6,8,2,9,7
ICpVdpmtO PAIR C1=0,6,3,9,5,8,1,4,7 C2=0,4,8,6,1,5,3,7,9
ICpVdpl|? PAIR C1=0,6,3,5,9,1,8,2,7 C2=0,3,7,8,5,1,6,2,9
ICpVdplu_ NOPAIR
ICpVbrkN_ PAIR C1=0,6,2,9,3,5,1,7,4,8 C2=0,3,7,2,8,5,9,6,1,4
ICpVbrkeo NOPAIR
ICpVbrkMo PAIR C1=0,3,7,2,9,4,8,1,6 C2=0,4,1,7,9,3,6,2,8
ICpVbrkFo PAIR C1=0,6,3,5,9,4,7,1,8 C2=0,3,7,9,6,1,5,8,4
ICpVdZs]O PAIR C1=0,4,9,2,7,5,3,6,1,8 C2=0,3,9,7,4,1,5,8,2,6
ICpVdX{}? PAIR C1=0,6,1,5,3,9,2,8,4,7 C2=0,3,6,2,7,5,8,1,9,4
ICpVdX{|? PAIR C1=0,4,7,5,1,9,2,8,3,6 C2=0,3,9,5,8,4,1,6,2,7
ICpVdX{v? NOPAIR
ICpVdX{^? PAIR C1=0,4,7,5,1,8,2,9,3,6 C2=0,3,8,5,9,4,1,6,2,7
ICpVdX{u_ NOPAIR
ICpVdX{]_ PAIR C1=0,6,2,8,3,5,1,9,4,7 C2=0,3,6,9,2,7,5,8,1,4
ICpVdX{x_ PAIR C1=0,6,1,5,7,4,8,2,9 C2=0,4,1,8,5,9,6,2,7
ICpVdX{r_ PAIR C1=0,6,3,5,1,8,4,9 C2=0,3,8,5,9,6,1,4
ICpVdX{j_ PAIR C1=0,6,1,5,7,4,8,2,9 C2=0,4,1,8,5,9,6,2,7
ICpVdX{N_ PAIR C1=0,6,2,9,4,8,3,5,7 C2=0,3,6,9,5,8,2,7,4
ICpVdX{wo PAIR C1=0,6,1,5,3,8,4,7,2,9 C2=0,3,6,2,8,5,7,9,1,4
ICpVdX{so PAIR C1=0,6,1,8,4,7,5,3,9 C2=0,4,1,5,8,3,6,9,7
ICpVdX{[o PAIR C1=0,3,9,1,8,4,7,2,6 C2=0,4,1,6,3,8,2,9,7
ICpVdX{eo PAIR C1=0,7,5,3,6,1,8,4,9 C2=0,3,8,5,1,4,7,9,6
ICpVdX{Uo PAIR C1=0,6,3,8,4,9,1,5,7 C2=0,3,5,8,1,6,9,7,4
ICpVdX{Mo PAIR C1=0,6,1,4,8,5,3,9,2,7 C2=0,3,6,2,8,1,5,7,9,4
ICpVdX{po PAIR C1=0,6,1,9,5,3,8,4,7 C2=0,3,6,9,7,5,8,1,4
ICpVdX{To PAIR C1=0,6,1,5,9,3,8,4,7 C2=0,3,6,9,7,5,8,1,4
ICpVdXy}? PAIR C1=0,6,1,4,8,3,9 C2=0,3,6,8,1,9,4
ICpVdXyv? PAIR C1=0,6,3,8,1,4,9 C2=0,3,9,1,6,8,4
ICpVdXyxO PAIR C1=0,7,4,8,1,6,2,9 C2=0,4,1,9,7,2,8,6
ICpVbZwN_ PAIR C1=0,6,1,5,3,9,2,7,4,8 C2=0,3,8,2,6,9,5,7,1,4
ICpVbZwMo PAIR C1=0,6,3,9,4,1,7,2,8 C2=0,3,8,1,6,2,9,7,4
ICpVbY{z? PAIR C1=0,6,2,9,1,4,7,5,3,8 C2=0,3,6,1,7,2,8,5,9,4
ICpVbY{v? NOPAIR
ICpVbY{n? PAIR C1=0,3,8,4,7,5,1,6,2,9 C2=0,4,1,7,2,8,5,9,3,6
ICpVbY{]_ PAIR C1=0,6,3,5,1,7,4,9,2,8 C2=0,3,8,5,7,2,6,9,1,4
ICpVbY{r_ PAIR C1=0,6,3,5,1,9,4,8 C2=0,3,8,5,9,6,1,4
ICpVbY{j_ PAIR C1=0,6,1,5,7,4,8,2,9 C2=0,4,1,7,2,6,9,5,8
ICpVbY{Z_ PAIR C1=0,6,3,5,1,9,4,8 C2=0,3,8,5,9,6,1,4
ICpVbY{f_ NOPAIR
ICpVbY{{O PAIR C1=0,4,7,2,8,5,3,6,1,9 C2=0,3,8,4,1,5,7,9,2,6
ICpVbY{uO PAIR C1=0,8,4,7,1,5,3,9 C2=0,3,8,5,7,9,1,4
ICpVbY{]O PAIR C1=0,6,3,5,1,9,2,7,4,8 C2=0,3,9,7,5,8,2,6,1,4
ICpVbY{rO NOPAIR
ICpVbY{jO PAIR C1=0,6,3,5,1,7,4,9,2,8 C2=0,3,8,5,9,7,2,6,1,4
ICpVbY{fO NOPAIR
ICpVbY{wo PAIR C1=0,6,3,5,7,1,9,2,8 C2=0,3,8,5,1,6,2,7,9
ICpVbY{so PAIR C1=0,6,9,3,5,1,7,4,8 C2=0,4,1,6,3,8,5,7,9
ICpVbY{eo PAIR C1=0,6,1,7,5,3,8,4,9 C2=0,3,6,9,7,4,1,5,8
ICpVbY{Uo PAIR C1=0,6,3,5,7,1,9,4,8 C2=0,3,8,5,1,6,9,7,4
ICpVbY{Mo PAIR C1=0,6,3,5,1,7,2,9,4,8 C2=0,3,9,7,5,8,2,6,1,4
ICpVbY{bo PAIR C1=0,8,3,6,1,5,7,4,9 C2=0,3,5,8,4,1,7,9,6
ICpVbY{Ro PAIR C1=0,6,3,5,9,1,7,4,8 C2=0,3,8,5,7,9,6,1,4
ICpVbY{Jo PAIR C1=0,3,6,1,4,9,5,7,2,8 C2=0,4,8,3,5,1,7,9,2,6
ICpVbYy^? PAIR C1=0,6,1,5,3,9,4,7,2,8 C2=0,3,8,6,2,9,5,7,1,4
ICpVbYyxO PAIR C1=0,8,4,7,1,6,2,9 C2=0,4,1,9,7,2,8,6
ICpVbY]jO PAIR C1=0,8,3,6,1,5,7,4,9 C2=0,3,5,9,7,1,4,8,6
ICpVbYlx_ PAIR C1=0,8,4,7,2,6,1,9 C2=0,4,1,7,8,2,9,6
ICpVcxmn? PAIR C1=0,6,3,5,1,8,4,9 C2=0,3,9,5,8,6,1,4
ICpVcxm{O PAIR C1=0,3,7,4,1,5,8,6 C2=0,4,8,1,6,3,5,7
ICpVV`{eo NOPAIR
ICpVV`{Mo PAIR C1=0,3,8,4,1,6,9,2,7 C2=0,4,9,3,7,1,8,2,6
ICpVV`{Fo PAIR C1=0,6,4,9,5,3,8,1,7 C2=0,3,7,9,6,1,5,8,4
ICpVV_}{O PAIR C1=0,7,1,4,6,2,8,3,9 C2=0,3,7,2,9,1,6,8,4
ICpVV_}uO NOPAIR
ICpVV_}]O PAIR C1=0,6,4,8,2,9,3,7 C2=0,3,8,6,2,7,9,4
ICpVV_}xO PAIR C1=0,6,4,8,3,5,1,7,2,9 C2=0,3,7,9,5,8,2,6,1,4
ICpVV_}tO PAIR C1=0,6,4,8,5,1,7,3,9 C2=0,4,1,6,8,3,5,9,7
ICpVV_|{_ PAIR C1=0,6,4,1,7,3,8,2,9 C2=0,3,9,1,6,2,7,8,4
ICpVV_|]_ PAIR C1=0,6,4,8,2,9,3,7 C2=0,3,8,7,2,6,9,4
ICpVV_|x_ PAIR C1=0,3,5,9,2,8,4,6,1,7 C2=0,4,1,5,8,3,7,2,6,9
ICpVV_|t_ PAIR C1=0,6,4,8,5,1,7,3,9 C2=0,4,1,6,9,5,3,8,7
ICpVTpu{O PAIR C1=0,4,1,8,6,2,7,3,9 C2=0,3,8,2,9,1,6,4,7
ICpVTpu]O PAIR C1=0,3,9,4,1,8,6,2,7 C2=0,4,7,3,8,2,9,1,6
ICpVTpuNO PAIR C1=0,6,4,1,8,2,9,5,3,7 C2=0,3,8,5,1,6,2,7,9,4
ICpVTjs[o PAIR C1=0,7,3,9,2,6,1,5,8 C2=0,3,5,7,2,8,1,9,6
ICpVTjsUo PAIR C1=0,7,5,3,9,4,6,1,8 C2=0,4,1,5,8,3,7,9,6
ICpVTjsJo PAIR C1=0,6,4,1,5,9,2,8,3,7 C2=0,3,5,8,1,6,2,7,9,4
ICpVTj[N_ PAIR C1=0,6,4,9,3,5,1,8 C2=0,3,8,5,9,6,1,4
ICpVTh{}? PAIR C1=0,6,4,8,1,5,3,9,2,7 C2=0,3,7,5,8,2,6,1,9,4
ICpVTh{|? PAIR C1=0,4,6,2,8,3,9,1,5,7 C2=0,3,7,2,9,5,8,4,1,6
ICpVTh{v? NOPAIR
ICpVTh{^? PAIR C1=0,6,4,1,5,8,2,9,3,7 C2=0,3,8,1,6,2,7,5,9,4
ICpVTh{{_ PAIR C1=0,7,3,5,8,2,6,1,9 C2=0,3,8,1,5,7,2,9,6
ICpVTh{x_ PAIR C1=0,3,7,5,8,1,6,2,9 C2=0,6,9,1,5,3,8,2,7
ICpVTh{t_ PAIR C1=0,6,4,8,1,5,3,9 C2=0,3,8,5,9,6,1,4
ICpVTh{l_ PAIR C1=0,6,4,8,1,5,3,9 C2=0,3,8,5,9,6,1,4
ICpVTh{j_ PAIR C1=0,6,4,9,2,8,3,5,7 C2=0,3,7,2,6,9,5,8,4
ICpVTh{f_ PAIR C1=0,6,4,8,1,5,3,9 C2=0,3,8,5,9,6,1,4
ICpVTh{V_ NOPAIR
ICpVTh{N_ PAIR C1=0,6,4,9,2,8,3,5,7 C2=0,3,7,2,6,9,5,8,4
ICpVTh{wo PAIR C1=0,3,5,7,2,8,4,6,1,9 C2=0,4,1,5,8,3,7,9,2,6
ICpVTh{so PAIR C1=0,7,5,1,6,4,8,3,9 C2=0,4,1,8,5,3,7,9,6
ICpVTh{[o PAIR C1=0,3,8,5,7,2,9,1,6,4 C2=0,6,2,8,4,1,5,3,9,7
ICpVTh{qo PAIR C1=0,6,4,9,1,8,3,5,7 C2=0,3,7,9,6,1,5,8,4
ICpVTh{eo PAIR C1=0,4,8,1,6,9,3,5,7 C2=0,6,4,1,5,8,3,7,9
ICpVTh{Uo PAIR C1=0,6,4,9,1,8,3,5,7 C2=0,3,7,9,6,1,5,8,4
ICpVTh{Mo PAIR C1=0,4,9,3,5,8,1,6,2,7 C2=0,3,8,2,9,7,5,1,4,6
ICpVTh{po PAIR C1=0,6,4,8,1,9,5,3,7 C2=0,3,8,5,7,9,6,1,4
ICpVTh{To PAIR C1=0,6,4,8,1,9,5,3,7 C2=0,3,8,5,7,9,6,1,4
ICpVThm{O PAIR C1=0,3,7,5,1,6,4,8,2,9 C2=0,4,1,8,5,3,9,7,2,6
ICpVThmxO PAIR C1=0,6,4,8,1,5,9,2,7 C2=0,4,1,6,2,8,5,7,9
ICpUvI{[o PAIR C1=0,6,4,8,3,9,1,5,7 C2=0,4,1,7,9,6,3,5,8
ICpUvG}^? PAIR C1=1,6,4,8,3,5,9 C2=1,4,9,3,6,8,5
ICpUvG}{O PAIR C1=0,6,4,8,3,5,7,1,9 C2=0,4,1,5,8,6,3,9,7
ICpUvG|x_ PAIR C1=0,7,5,3,8,4,6,1,9 C2=0,3,6,9,5,8,7,1,4
ICpUtjk[o PAIR C1=0,6,4,8,1,5,3,9,7 C2=0,4,1,9,6,3,7,5,8
ICpUthmn? PAIR C1=0,6,3,5,1,8,4,9 C2=0,3,9,5,8,6,1,4
ICpUthm{O PAIR C1=0,6,4,8,1,9,3,5,7 C2=0,4,1,5,8,6,3,7,9
ICrbdrsTo PAIR C1=0,5,9,1,6,2,8,3,7 C2=0,3,6,9,7,2,5,1,8
ICrbdrk[o PAIR C1=0,3,7,9,6,2,8,5,1,4 C2=0,5,2,9,3,6,1,8,4,7
ICrbdr[\O PAIR C1=0,5,1,9,3,8,4,7 C2=0,3,7,9,5,8,1,4
ICrbdr[VO PAIR C1=0,5,1,9,3,8,4,7 C2=0,3,7,9,5,8,1,4
ICrbdq{NO PAIR C1=0,7,4,9,2,5,8 C2=0,4,8,2,7,9,5
ICrbdp{}? PAIR C1=0,5,2,9,3,8,1,4,7 C2=0,3,7,2,8,5,1,9,4
ICrbdp{|? PAIR C1=0,5,2,9,1,4,8,3,7 C2=0,3,9,5,1,8,2,7,4
ICrbdp{z? NOPAIR
ICrbdp{v? NOPAIR
ICrbdp{n? PAIR C1=0,5,2,9,3,8,4,7 C2=0,3,7,2,8,5,9,4
ICrbdp{^? PAIR C1=0,5,2,9,3,8,4,7 C2=0,3,7,2,8,5,9,4
ICrbdp{{_ PAIR C1=0,5,2,8,4,7,3,6,1,9 C2=0,4,1,5,8,3,9,6,2,7
ICrbdp{y_ PAIR C1=0,5,2,8,4,7,3,6,1,9 C2=0,3,8,5,1,4,9,6,2,7
ICrbdp{u_ PAIR C1=0,5,2,6,3,9,1,8,4,7 C2=0,3,7,2,8,5,1,6,9,4
ICrbdp{m_ PAIR C1=0,5,2,6,1,8,4,7,3,9 C2=0,3,6,9,4,1,5,8,2,7
ICrbdp{j_ PAIR C1=0,5,1,8,3,6,2,9,4,7 C2=0,3,7,2,8,5,9,6,1,4
ICrbdp{f_ PAIR C1=0,7,4,8,1,5,2,6,3,9 C2=0,3,7,2,8,5,9,6,1,4
ICrbdp{N_ PAIR C1=0,5,1,8,3,6,2,9,4,7 C2=0,3,7,2,8,5,9,6,1,4
ICrbdp{{O PAIR C1=0,5,2,7,4,8,1,9 C2=0,4,1,5,8,2,9,7
ICrbdp{uO NOPAIR
ICrbdp{mO NOPAIR
ICrbdp{]O PAIR C1=0,4,1,5,8,3,9,2,7 C2=0,3,7,4,9,1,8,2,5
ICrbdp{xO PAIR C1=0,7,2,5,8,4,1,9 C2=0,4,7,9,2,8,1,5
ICrbdp{tO PAIR C1=0,5,1,9,3,8,4,7 C2=0,3,7,9,5,8,1,4
ICrbdp{lO NOPAIR
ICrbdp{\O PAIR C1=0,5,1,9,3,8,4,7 C2=0,3,7,9,5,8,1,4
ICrbdp{jO NOPAIR
ICrbdp{ZO NOPAIR
ICrbdp{fO NOPAIR
ICrbdp{VO PAIR C1=0,5,1,9,3,8,4,7 C2=0,3,7,9,5,8,1,4
ICrbdp{NO PAIR C1=0,5,2,9,3,8,4,7 C2=0,3,7,2,8,5,9,4
ICrbdp{wo PAIR C1=0,5,1,8,4,7,3,6,2,9 C2=0,3,8,5,2,7,9,6,1,4
ICrbdp{so PAIR C1=0,5,1,9,3,6,2,8,4,7 C2=0,3,8,5,2,7,9,6,1,4
ICrbdp{[o PAIR C1=0,5,1,9,3,6,2,8,4,7 C2=0,3,8,5,2,7,9,6,1,4
ICrbdp{Mo PAIR C1=0,5,1,6,2,8,3,9,4,7 C2=0,3,6,9,7,2,5,8,1,4
ICrbdp{ho PAIR C1=0,5,1,8,4,7,3,6,2,9 C2=0,3,8,5,2,7,9,6,1,4
ICrbdp{To PAIR C1=0,5,1,9,3,6,2,8,4,7 C2=0,3,8,5,2,7,9,6,1,4
ICrbdp{Ro PAIR C1=0,5,2,6,1,9,4,8,3,7 C2=0,3,6,9,7,2,8,5,1,4
ICrbdp{Jo PAIR C1=0,5,1,6,2,9,4,8,3,7 C2=0,3,6,9,7,2,5,8,1,4
ICrbdp{Fo PAIR C1=0,5,1,6,2,8,3,9,4,7 C2=0,3,6,9,7,2,5,8,1,4
ICrbdrq[o NOPAIR
ICrbdrqYo PAIR C1=0,7,4,9,1,6,3,8 C2=0,3,7,9,6,8,1,4
ICrbdrqXo PAIR C1=0,5,9,1,6,2,8,3,7 C2=0,3,6,9,7,2,5,1,8
ICrbdrqRo PAIR C1=0,7,4,9,1,6,3,8 C2=0,3,7,9,6,8,1,4
ICrbdri[o PAIR C1=0,4,8,6,1,9,3,7 C2=0,3,6,9,7,4,1,8
ICrbdriYo NOPAIR
ICrbdriXo PAIR C1=0,5,9,1,6,2,7,4,8 C2=0,4,1,5,2,8,6,9,7
ICrbdriTo PAIR C1=0,5,9,1,6,2,8,4,7 C2=0,4,1,5,2,7,9,6,8
ICrbdrYUo PAIR C1=0,7,4,9,1,6,3,8 C2=0,3,7,9,6,8,1,4
ICrbdrYXo PAIR C1=0,3,8,6,2,7,9,5,1,4 C2=0,5,2,9,1,6,3,7,4,8
ICrbdpy}? PAIR C1=0,7,4,1,8,3,6,2,9 C2=0,3,7,2,8,6,1,9,4
ICrbdpy|? PAIR C1=0,5,2,8,4,7,3,6,1,9 C2=0,4,1,5,9,3,8,6,2,7
ICrbdpyv? PAIR C1=0,5,2,6,3,9,1,8,4,7 C2=0,3,7,2,8,6,1,5,9,4
ICrbdpyn? PAIR C1=0,7,4,8,1,5,2,6,3,9 C2=0,3,7,2,8,6,1,4,9,5
ICrbdpy^? PAIR C1=0,5,2,6,3,9,1,8,4,7 C2=0,3,7,2,8,6,1,5,9,4
ICrbdpyy_ PAIR C1=0,7,4,8,3,6,2,9 C2=0,3,7,2,8,6,9,4
ICrbdpyu_ NOPAIR
ICrbdpym_ PAIR C1=0,7,4,8,3,6,2,9 C2=0,3,7,2,8,6,9,4
ICrbdpyj_ PAIR C1=0,5,1,6,3,8,2,9,4,7 C2=0,3,7,2,5,9,6,8,1,4
ICrbdpyf_ PAIR C1=0,3,7,2,8,6,9,5,1,4 C2=0,5,2,6,1,8,3,9,4,7
ICrbdpyV_ PAIR C1=0,3,7,2,8,6,9,5,1,4 C2=0,5,2,6,1,8,3,9,4,7
ICrbdpyN_ PAIR C1=0,3,7,2,8,6,9,5,1,4 C2=0,5,2,6,1,8,3,9,4,7
ICrbdpy{O PAIR C1=0,4,1,8,6,3,7,2,9 C2=0,3,9,1,6,2,8,4,7
ICrbdpyuO NOPAIR
ICrbdpymO NOPAIR
ICrbdpy]O NOPAIR
ICrbdpyxO PAIR C1=0,5,1,6,3,8,4,7,2,9 C2=0,3,7,9,5,2,6,8,1,4
ICrbdpytO PAIR C1=0,5,1,8,4,7,2,6,3,9 C2=0,3,7,9,5,2,8,6,1,4
ICrbdpy\O PAIR C1=0,5,1,9,2,6,3,8,4,7 C2=0,3,7,9,5,2,8,6,1,4
ICrbdpyVO PAIR C1=0,5,2,6,1,8,3,9,4,7 C2=0,3,6,8,2,7,9,5,1,4
ICrbdpyNO PAIR C1=0,5,1,8,3,6,2,9,4,7 C2=0,3,7,9,5,2,8,6,1,4
ICrbdpywo PAIR C1=0,7,4,8,3,6,1,9 C2=0,3,7,9,6,8,1,4
ICrbdpy[o NOPAIR
ICrbdpyqo PAIR C1=0,7,4,8,3,6,1,9 C2=0,3,7,9,6,8,1,4
ICrbdpyio PAIR C1=0,3,6,8,2,9,4,7 C2=0,4,8,3,7,2,6,9
ICrbdpyYo NOPAIR
ICrbdpyeo NOPAIR
ICrbdpyUo NOPAIR
ICrbdpyMo NOPAIR
ICrbdpypo PAIR C1=0,7,4,1,8,6,2,5,9 C2=0,4,8,2,7,9,6,1,5
ICrbdpyho PAIR C1=0,7,4,8,2,6,1,5,9 C2=0,4,1,8,6,9,7,2,5
ICrbdpyTo PAIR C1=0,4,8,1,6,3,9,5,2,7 C2=0,3,8,2,6,9,7,4,1,5
ICrbdre[o PAIR C1=0,3,9,7,2,6,8,1,5 C2=0,7,3,6,1,9,2,5,8
ICrbdreYo PAIR C1=0,5,8,2,6,1,9,4,7 C2=0,4,1,5,2,7,9,6,8
ICrbdreXo PAIR C1=1,5,8,6,2,9 C2=1,6,9,5,2,8
ICrbdreFo PAIR C1=0,7,4,9,5,1,6,2,8 C2=0,4,1,8,6,9,7,2,5
ICrbdrU\O PAIR C1=0,5,8,1,9,2,6,3,7 C2=0,3,9,7,2,5,1,6,8
ICrbdrUYo PAIR C1=0,7,4,9,1,6,3,8 C2=0,3,7,9,6,8,1,4
ICrbdrUJo PAIR C1=0,4,9,5,8,1,6,3,7 C2=0,3,8,6,9,7,4,1,5
ICrbdquRo PAIR C1=0,5,8,2,6,1,9,4,7 C2=0,4,1,5,2,7,9,6,8
ICrbdpu}? PAIR C1=0,5,2,8,3,6,1,9,4,7 C2=0,4,1,5,8,6,2,7,3,9
ICrbdpu|? NOPAIR
ICrbdpun? PAIR C1=0,3,7,2,9,5,8,6,1,4 C2=0,5,1,8,2,6,3,9,4,7
ICrbdpu^? PAIR C1=0,5,1,8,2,6,3,9,4,7 C2=0,3,7,2,9,5,8,6,1,4
ICrbdpu{_ NOPAIR
ICrbdpuy_ PAIR C1=0,3,7,2,9,6,8,5,1,4 C2=0,5,2,8,3,6,1,9,4,7
ICrbdpum_ PAIR C1=0,3,7,2,9,6,8,5,1,4 C2=0,5,2,6,1,8,3,9,4,7
ICrbdpux_ PAIR C1=1,6,2,9,5,8 C2=1,5,2,8,6,9
ICrbdput_ NOPAIR
ICrbdpul_ NOPAIR
ICrbdpu\_ PAIR C1=1,6,2,9,5,8 C2=1,5,2,8,6,9
ICrbdpuf_ PAIR C1=0,3,7,2,8,6,9,5,1,4 C2=0,5,2,6,1,8,3,9,4,7
ICrbdpu{O PAIR C1=0,7,3,6,1,8,5,2,9 C2=0,3,8,6,2,7,9,1,5
ICrbdpuyO PAIR C1=0,5,1,6,2,8,3,7,4,9 C2=0,3,6,8,5,2,7,9,1,4
ICrbdpumO PAIR C1=0,5,1,8,2,6,3,9,4,7 C2=0,3,7,9,2,5,8,6,1,4
ICrbdpu]O PAIR C1=0,5,1,8,2,6,3,9,4,7 C2=0,3,7,9,2,5,8,6,1,4
ICrbdputO PAIR C1=0,7,3,6,2,5,8,1,9 C2=0,3,9,7,2,8,6,1,5
ICrbdpulO NOPAIR
ICrbdpu\O NOPAIR
ICrbdpuVO PAIR C1=0,5,2,8,1,6,3,9,4,7 C2=0,3,8,6,2,7,9,5,1,4
ICrbdpuNO PAIR C1=0,5,2,8,1,6,3,9,4,7 C2=0,3,8,6,2,7,9,5,1,4
ICrbdpuwo PAIR C1=0,5,2,7,3,6,8,1,9 C2=0,3,8,5,1,6,2,9,7
ICrbdpu[o NOPAIR
ICrbdpuqo PAIR C1=0,5,8,1,6,2,7,4,9 C2=0,4,1,5,2,8,6,9,7
ICrbdpuio PAIR C1=0,5,8,1,6,2,7,4,9 C2=0,4,1,5,2,8,6,9,7
ICrbdpupo PAIR C1=0,7,3,6,2,8,5,9 C2=0,3,8,6,9,7,2,5
ICrbdpuXo PAIR C1=1,8,6,2,5,9 C2=1,5,8,2,9,6
ICrbdpuTo NOPAIR
ICrbdpubo PAIR C1=0,3,6,2,8,5,9,7 C2=0,5,2,7,3,8,6,9
ICrbdpuRo PAIR C1=0,4,9,5,8,1,6,3,7 C2=0,3,8,6,9,7,4,1,5
ICrbdrM[o PAIR C1=0,3,9,7,2,6,8,5,1,4 C2=0,5,2,9,1,6,3,7,4,8
ICrbdqmTo PAIR C1=0,5,9,1,6,2,8,4,7 C2=0,4,1,5,2,7,9,6,8
ICrbdqmJo PAIR C1=0,5,9,2,8,4,7 C2=0,4,9,7,2,5,8
ICrbdq]Xo PAIR C1=0,5,9,1,6,3,8,4,7 C2=0,3,7,9,6,8,5,1,4
ICrbdq]Fo NOPAIR
ICrbbrwko PAIR C1=0,3,7,4,1,6,9,2,8 C2=0,4,8,1,7,2,6,3,9
ICrbbrsmO PAIR C1=0,5,2,9,4,7,1,8 C2=0,4,1,5,8,2,7,9
ICrbbrslO NOPAIR
ICrbbrsko PAIR C1=0,5,8,3,6,1,7,2,9 C2=0,3,7,9,6,2,5,1,8
ICrbbrsdo PAIR C1=0,3,8,2,7,9,6,1,5 C2=0,8,1,7,3,6,2,5,9
ICrbbrkko PAIR C1=0,3,7,9,6,2,8,5,1,4 C2=0,5,2,9,3,6,1,7,4,8
ICrbbr[lO PAIR C1=0,5,1,8,4,7,3,9 C2=0,3,8,5,9,7,1,4
ICrbbr[fO PAIR C1=0,5,1,8,4,7,3,9 C2=0,3,8,5,9,7,1,4
ICrbbr[NO PAIR C1=0,5,1,7,4,9,3,8 C2=0,3,7,9,5,8,1,4
ICrbbr[do PAIR C1=0,5,1,7,4,8,3,9 C2=0,3,7,9,5,8,1,4
ICrbbr[Fo PAIR C1=0,4,9,5,1,7,3,8 C2=0,3,9,7,4,1,8,5
ICrbbq{}? PAIR C1=0,4,1,7,3,9,2,5,8 C2=0,3,8,2,7,4,9,1,5
ICrbbq{^? PAIR C1=0,4,7,1,9,3,8,2,5 C2=0,3,7,2,9,5,1,4,8
ICrbbq{{_ PAIR C1=0,5,2,9,3,6,1,7,4,8 C2=0,4,1,5,8,3,7,2,6,9
ICrbbq{u_ PAIR C1=0,5,2,6,1,7,4,9,3,8 C2=0,4,1,5,8,2,7,3,6,9
ICrbbq{m_ PAIR C1=0,5,1,6,2,8,4,7,3,9 C2=0,3,6,9,4,1,7,2,5,8
ICrbbq{]_ PAIR C1=0,3,8,4,7,2,9,6,1,5 C2=0,4,9,1,7,3,6,2,5,8
ICrbbq{j_ PAIR C1=0,8,4,7,3,6,1,5,2,9 C2=0,3,8,5,9,6,2,7,1,4
ICrbbq{Z_ PAIR C1=0,5,1,6,3,7,4,9,2,8 C2=0,3,8,5,9,6,2,7,1,4
ICrbbq{V_ PAIR C1=0,5,2,6,1,9,4,7,3,8 C2=0,3,6,9,5,8,2,7,1,4
ICrbbq{N_ PAIR C1=0,5,1,6,3,7,4,9,2,8 C2=0,3,8,5,9,6,2,7,1,4
ICrbbq{{O PAIR C1=0,4,7,2,8,5,1,9 C2=0,5,2,9,7,1,4,8
ICrbbq{yO PAIR C1=0,4,1,7,9,2,8,5 C2=0,8,4,7,2,5,1,9
ICrbbq{mO NOPAIR
ICrbbq{]O PAIR C1=0,3,7,1,4,9,2,8,5 C2=0,4,7,2,5,1,9,3,8
ICrbbq{tO PAIR C1=0,5,1,9,3,7,4,8 C2=0,3,8,5,9,7,1,4
ICrbbq{lO NOPAIR
ICrbbq{\O PAIR C1=0,5,1,9,3,7,4,8 C2=0,3,8,5,9,7,1,4
ICrbbq{jO NOPAIR
ICrbbq{ZO NOPAIR
ICrbbq{fO NOPAIR
ICrbbq{VO PAIR C1=0,5,1,9,3,7,4,8 C2=0,3,8,5,9,7,1,4
ICrbbq{NO NOPAIR
ICrbbq{wo PAIR C1=0,5,1,6,3,7,4,8,2,9 C2=0,3,8,5,2,6,9,7,1,4
ICrbbq{so PAIR C1=0,5,1,9,6,3,7,2,8 C2=0,3,8,5,2,6,1,7,9
ICrbbq{do PAIR C1=0,3,6,1,5,2,8,4,7,9 C2=0,4,1,7,2,6,9,3,8,5
ICrbbq{To PAIR C1=0,5,2,6,1,9,3,7,4,8 C2=0,3,6,9,7,2,8,5,1,4
ICrbbq{Ro PAIR C1=0,5,2,6,1,9,4,7,3,8 C2=0,3,6,9,7,2,8,5,1,4
ICrbbq{Jo PAIR C1=0,4,8,3,7,9,2,6,1,5 C2=0,3,6,9,4,1,7,2,5,8
ICrbbq{Fo PAIR C1=0,5,2,6,1,7,4,9,3,8 C2=0,3,6,9,7,2,8,5,1,4
ICrbbp{Fo PAIR C1=1,6,2,8,5,9,3,7 C2=1,5,2,7,9,6,3,8
ICrbbrqmO PAIR C1=0,3,7,2,6,8,1,4,9 C2=0,4,7,1,6,3,9,2,8
ICrbbrqko NOPAIR
ICrbbrqbo PAIR C1=0,8,3,6,1,7,4,9 C2=0,3,7,9,6,8,1,4
ICrbbriio PAIR C1=1,7,4,9,2,6,8 C2=1,4,8,2,7,9,6
ICrbbrido PAIR C1=0,8,4,7,2,6,1,5,9 C2=0,4,1,7,9,6,8,2,5
ICrbbrYeo PAIR C1=0,8,1,6,3,7,4,9 C2=0,3,8,6,9,7,1,4
ICrbbrYMo PAIR C1=1,6,8,4,9,3,7 C2=1,4,7,9,6,3,8
ICrbbrYho PAIR C1=0,4,7,3,6,2,9,5,1,8 C2=0,3,8,4,1,6,9,7,2,5
ICrbbqy}? PAIR C1=0,4,7,3,6,1,9,2,8 C2=0,3,8,6,2,7,1,4,9
ICrbbqy|? PAIR C1=0,5,1,6,3,9,2,7,4,8 C2=0,4,1,7,3,8,6,2,5,9
ICrbbqyv? PAIR C1=0,5,2,6,1,9,3,7,4,8 C2=0,3,6,8,2,7,1,5,9,4
ICrbbqy^? PAIR C1=0,5,2,6,1,9,3,7,4,8 C2=0,3,6,8,2,7,1,5,9,4
ICrbbqyy_ PAIR C1=0,4,8,3,6,2,7,1,9 C2=0,3,7,4,1,6,9,2,8
ICrbbqyu_ NOPAIR
ICrbbqym_ NOPAIR
ICrbbqy]_ PAIR C1=1,6,2,9,4,8,3,7 C2=1,4,7,2,8,6,3,9
ICrbbqyj_ PAIR C1=0,3,7,2,8,6,9,5,1,4 C2=0,5,2,9,4,7,1,6,3,8
ICrbbqyV_ PAIR C1=0,3,7,2,8,6,9,5,1,4 C2=0,5,2,6,1,7,4,9,3,8
ICrbbqyN_ PAIR C1=0,3,7,2,8,6,9,5,1,4 C2=0,5,2,6,1,7,4,9,3,8
ICrbbqy{O PAIR C1=0,3,6,8,2,9,1,7,4 C2=0,8,4,1,6,2,7,3,9
ICrbbqyyO PAIR C1=0,4,7,1,9,2,6,3,8 C2=0,3,7,2,8,6,1,4,9
ICrbbqymO NOPAIR
ICrbbqy]O PAIR C1=1,7,4,8,3,6,2,9 C2=1,4,9,3,7,2,8,6
ICrbbqyxO PAIR C1=0,5,1,6,3,7,4,8,2,9 C2=0,3,8,6,2,5,9,7,1,4
ICrbbqytO PAIR C1=0,5,1,6,2,7,4,8,3,9 C2=0,3,6,8,2,5,9,7,1,4
ICrbbqy\O PAIR C1=0,5,1,6,3,9,2,7,4,8 C2=0,3,8,6,2,5,9,7,1,4
ICrbbqyVO PAIR C1=0,4,7,1,5,9,3,6,2,8 C2=0,3,8,6,1,4,9,7,2,5
ICrbbqyNO PAIR C1=0,5,2,6,1,7,4,9,3,8 C2=0,3,6,8,2,7,9,5,1,4
ICrbbqywo PAIR C1=0,8,4,7,3,6,1,9 C2=0,3,8,6,9,7,1,4
ICrbbqyko NOPAIR
ICrbbqyqo PAIR C1=0,8,4,7,3,6,1,9 C2=0,3,8,6,9,7,1,4
ICrbbqyio NOPAIR
ICrbbqyYo NOPAIR
ICrbbqyeo NOPAIR
ICrbbqyUo NOPAIR
ICrbbqyMo NOPAIR
ICrbbqypo PAIR C1=0,8,4,7,3,6,1,9 C2=0,3,8,6,9,7,1,4
ICrbbqyho PAIR C1=0,8,4,7,2,6,1,5,9 C2=0,4,1,7,9,6,8,2,5
ICrbbqyXo PAIR C1=0,3,8,6,2,7,9,5,1,4 C2=0,5,2,9,1,6,3,7,4,8
ICrbbqyRo PAIR C1=0,4,9,5,1,7,3,6,2,8 C2=0,3,8,4,1,6,9,7,2,5
ICrbbqyJo PAIR C1=0,4,9,5,2,7,1,6,3,8 C2=0,3,7,9,6,2,8,4,1,5
ICrbbpyeo PAIR C1=1,7,4,9,3,6,8 C2=1,4,8,3,7,9,6
ICrbbrUNO PAIR C1=0,4,9,2,7,3,6,1,5,8 C2=0,3,9,7,4,1,8,6,2,5
ICrbbrUio PAIR C1=0,8,3,6,1,7,4,9 C2=0,3,7,9,6,8,1,4
ICrbbrUho PAIR C1=0,8,5,1,6,3,7,2,9 C2=0,3,8,1,7,9,6,2,5
ICrbbrUbo PAIR C1=0,5,9,4,7,1,6,3,8 C2=0,3,7,9,6,8,5,1,4
ICrbbrUFo PAIR C1=0,5,9,4,7,1,6,3,8 C2=0,3,7,9,6,8,5,1,4
ICrbbqu}? PAIR C1=0,5,2,6,1,7,4,9,3,8 C2=0,4,1,5,8,6,3,7,2,9
ICrbbqu|? NOPAIR
ICrbbqun? PAIR C1=0,5,1,6,3,7,4,9,2,8 C2=0,3,9,5,8,6,2,7,1,4
ICrbbqu{_ NOPAIR
ICrbbquy_ PAIR C1=0,5,1,7,4,9,2,6,3,8 C2=0,3,7,2,5,8,6,9,1,4
ICrbbqum_ PAIR C1=0,3,7,2,9,6,8,5,1,4 C2=0,5,2,6,1,7,4,9,3,8
ICrbbqux_ NOPAIR
ICrbbqut_ NOPAIR
ICrbbqul_ NOPAIR
ICrbbqu\_ NOPAIR
ICrbbquV_ PAIR C1=0,3,7,2,8,6,9,5,1,4 C2=0,5,2,6,1,7,4,9,3,8
ICrbbqu{O PAIR C1=0,3,9,7,2,8,6,1,5 C2=0,8,5,2,6,3,7,1,9
ICrbbquyO PAIR C1=0,5,1,6,2,8,3,7,4,9 C2=0,3,6,8,5,2,9,7,1,4
ICrbbqu]O PAIR C1=0,5,1,6,2,7,4,9,3,8 C2=0,3,6,8,5,2,9,7,1,4
ICrbbqutO PAIR C1=0,3,9,7,2,8,6,1,5 C2=0,8,5,2,6,3,7,1,9
ICrbbqu\O PAIR C1=1,6,2,7,3,8,5,9 C2=1,5,2,8,6,3,9,7
ICrbbquVO PAIR C1=0,4,7,3,6,1,9,5,2,8 C2=0,3,8,6,2,7,9,4,1,5
ICrbbquwo PAIR C1=0,5,8,3,7,2,6,1,9 C2=0,3,6,9,7,1,5,2,8
ICrbbquYo PAIR C1=0,3,6,1,7,4,9,2,8,5 C2=0,4,1,5,2,6,9,7,3,8
ICrbbpufO PAIR C1=0,5,2,8,1,6,3,7,4,9 C2=0,3,8,6,2,7,9,5,1,4
ICrbbpudo PAIR C1=1,6,3,9,5,8,2,7 C2=1,5,2,6,9,7,3,8
ICrbbpuLo PAIR C1=1,6,3,9,5,8,2,7 C2=1,5,2,6,9,7,3,8
ICrbbpuFo PAIR C1=1,6,3,9,5,8,2,7 C2=1,5,2,6,9,7,3,8
ICrbbp]NO PAIR C1=1,7,2,5,9,3,6,8 C2=1,5,8,3,7,9,2,6
ICrbbp]Fo PAIR C1=1,7,4,9,3,6,8 C2=1,4,8,3,7,9,6
ICrbbo}}? PAIR C1=0,5,2,8,4,7,1,6,3,9 C2=0,3,7,2,6,8,5,1,9,4
ICrbbo}|? PAIR C1=0,5,2,6,3,8,4,7,1,9 C2=0,3,7,2,9,5,8,6,1,4
ICrbbo}z? PAIR C1=0,5,2,6,3,8,4,7,1,9 C2=0,3,7,2,9,5,8,6,1,4
ICrbbo}v? PAIR C1=0,5,2,8,4,7,3,6,1,9 C2=0,3,9,5,8,6,2,7,1,4
ICrbbo}^? PAIR C1=1,6,3,9,4,8,5,2,7 C2=1,4,7,3,8,6,2,9,5
ICrbbo}y_ PAIR C1=0,3,7,2,9,6,8,5,1,4 C2=0,5,2,8,3,6,1,7,4,9
ICrbbo}]_ PAIR C1=1,6,3,8,2,7,4,9 C2=1,4,8,6,2,9,3,7
ICrbbo}\_ NOPAIR
ICrbbo}Z_ NOPAIR
ICrbbo}V_ PAIR C1=1,5,9,4,8,2,6,3,7 C2=1,4,7,2,5,8,3,9,6
ICrbbo}N_ PAIR C1=1,4,9,5,8,2,7,3,6 C2=1,5,2,6,9,3,8,4,7
ICrbbo}]O PAIR C1=1,4,8,6,3,7,2,9 C2=1,6,2,8,3,9,4,7
ICrbbo}tO PAIR C1=0,5,2,8,4,7,3,6,1,9 C2=0,3,8,6,2,7,9,5,1,4
ICrbbo}\O PAIR C1=1,6,2,7,3,8,5,9 C2=1,5,2,8,6,3,9,7
ICrbbo}ZO NOPAIR
ICrbbo}VO PAIR C1=1,6,2,7,3,8,5,9 C2=1,5,2,8,6,3,9,7
ICrbbo}Yo NOPAIR
ICrbdji\_ PAIR C1=0,5,7,3,6,1,9,2,8 C2=0,3,9,6,8,1,5,2,7
ICrbdji[o PAIR C1=0,3,7,5,1,9,2,6,8 C2=0,5,2,8,1,6,3,9,7
ICrbdjiYo PAIR C1=0,5,7,2,6,1,9,4,8 C2=0,4,1,5,2,8,6,9,7
ICrbdhy}? PAIR C1=0,5,1,8,4,9,3,6,2,7 C2=0,4,1,6,8,3,7,5,2,9
ICrbdhy|? PAIR C1=0,3,6,8,2,7,5,1,9 C2=0,5,9,2,6,1,8,3,7
ICrbdhyv? PAIR C1=0,7,3,6,1,5,2,8,4,9 C2=0,3,9,5,7,2,6,8,1,4
ICrbdhyn? PAIR C1=0,7,3,6,1,5,2,8,4,9 C2=0,3,9,5,7,2,6,8,1,4
ICrbdhy^? PAIR C1=0,5,2,8,4,9,1,6,3,7 C2=0,3,9,5,7,2,6,8,1,4
ICrbdhy{_ PAIR C1=0,5,7,3,8,2,6,1,9 C2=0,3,9,6,8,1,5,2,7
ICrbdhyx_ PAIR C1=0,7,5,2,8,3,6,1,9 C2=0,3,7,2,9,6,8,1,5
ICrbdhyt_ PAIR C1=0,3,7,2,8,6,9,1,5 C2=0,7,5,2,6,1,8,3,9
ICrbdhyl_ NOPAIR
ICrbdhyV_ PAIR C1=0,4,9,3,7,2,8,6,1,5 C2=0,3,8,4,1,9,6,2,5,7
ICrbdhyN_ PAIR C1=0,4,9,3,6,1,8,2,5,7 C2=0,3,7,2,9,6,8,4,1,5
ICrbdhy{O PAIR C1=0,3,9,7,2,8,6,1,5 C2=0,7,5,2,6,3,8,1,9
ICrbdhyyO PAIR C1=0,5,1,6,3,7,2,8,4,9 C2=0,3,8,6,2,5,7,9,1,4
ICrbdhymO PAIR C1=0,5,1,6,3,8,4,9,2,7 C2=0,3,9,7,5,2,6,8,1,4
ICrbdhy]O PAIR C1=0,5,1,6,3,8,4,9,2,7 C2=0,3,9,7,5,2,6,8,1,4
ICrbdhyxO PAIR C1=0,5,7,3,8,1,6,2,9 C2=0,3,6,8,2,5,1,9,7
ICrbdhytO PAIR C1=0,5,7,2,6,1,8,3,9 C2=0,3,6,8,2,5,1,9,7
ICrbdhylO NOPAIR
ICrbdhy\O PAIR C1=1,6,2,8,3,7,5,9 C2=1,5,2,7,9,3,6,8
ICrbdhyVO PAIR C1=0,3,8,4,9,1,6,2,7,5 C2=0,4,1,5,2,8,6,3,9,7
ICrbdhyNO PAIR C1=0,5,1,8,4,9,3,6,2,7 C2=0,3,7,9,5,2,8,6,1,4
ICrbdhywo PAIR C1=0,3,8,6,1,9,2,5,7 C2=0,5,1,8,2,6,3,7,9
ICrbdhy[o NOPAIR
ICrbdhyqo PAIR C1=0,5,7,2,6,1,8,4,9 C2=0,4,1,5,2,8,6,9,7
ICrbdhypo PAIR C1=0,3,8,6,2,7,9,1,5 C2=0,7,3,6,1,8,2,5,9
ICrbdhyTo PAIR C1=1,6,3,9,5,7,2,8 C2=1,5,2,6,8,3,7,9
ICrbdhyLo NOPAIR
ICrbdhybo PAIR C1=0,3,8,2,6,9,7,5,1,4 C2=0,5,2,7,3,6,1,8,4,9
ICrbdhu}? PAIR C1=0,7,5,1,8,2,6,3,9 C2=0,3,7,2,9,1,6,8,5
ICrbdhu]O PAIR C1=1,8,5,7,3,6,2,9 C2=1,5,2,7,9,3,8,6
ICrbdhuqo PAIR C1=0,7,5,8,3,6,1,9 C2=0,3,7,9,6,8,1,5
ICrbdhuUo PAIR C1=1,6,2,8,5,7,3,9 C2=1,5,2,7,9,6,3,8
ICrbdh]wo PAIR C1=0,7,5,8,3,6,1,9 C2=0,3,7,9,6,8,1,5
ICrbdh]so PAIR C1=0,7,5,8,3,6,1,9 C2=0,3,7,9,6,8,1,5
ICrbdh]qo PAIR C1=0,5,8,4,9,1,6,3,7 C2=0,3,8,6,9,7,5,1,4
ICrbdg}{_ NOPAIR
ICrbdg}m_ NOPAIR
ICrbdg}qo PAIR C1=0,4,9,1,6,3,8,5,7 C2=0,3,7,9,6,8,4,1,5
ICrbdhr}? PAIR C1=0,3,9,2,7,8,6,1,5 C2=0,7,5,2,6,3,8,1,9
ICrbdhr^? PAIR C1=1,5,2,9,3,7,8,6 C2=1,8,3,6,2,7,5,9
ICrbdhrV_ PAIR C1=1,8,2,6,3,7,5,9 C2=1,5,2,7,8,3,9,6
ICrbdhj}? PAIR C1=0,3,9,2,6,8,7,5,1,4 C2=0,5,2,8,4,9,1,6,3,7
ICrbdhZt_ PAIR C1=0,5,9,6,1,8,3,7 C2=0,3,6,8,7,5,1,9
ICrbdZw[o PAIR C1=0,3,8,2,6,9,7,5,1,4 C2=0,5,2,9,3,6,1,8,4,7
ICrbdZqZ_ PAIR C1=0,5,7,4,9,2,6,1,8 C2=0,4,1,5,9,6,8,2,7
ICrbdZq[o PAIR C1=0,7,5,2,6,3,9,1,8 C2=0,3,8,2,7,9,6,1,5
ICrbdZqYo PAIR C1=0,5,7,4,9,2,6,1,8 C2=0,4,1,5,2,8,6,9,7
ICrbdZqFo PAIR C1=0,5,9,4,7,2,6,1,8 C2=0,4,1,5,2,8,6,9,7
ICrbdZi[o PAIR C1=0,5,7,4,1,9,2,6,8 C2=0,4,8,2,5,1,6,9,7
ICrbdXyz? NOPAIR
ICrbdXyn? PAIR C1=0,5,1,6,3,8,2,9,4,7 C2=0,3,9,5,7,2,6,8,1,4
ICrbdXy^? PAIR C1=0,5,2,9,1,6,3,8,4,7 C2=0,3,9,5,7,2,6,8,1,4
ICrbdXy{_ PAIR C1=0,4,8,3,6,2,9,1,5,7 C2=0,3,9,6,8,1,4,7,2,5
ICrbdXyy_ PAIR C1=0,7,5,2,6,1,8,4,9 C2=0,4,7,2,8,6,9,1,5
ICrbdXym_ PAIR C1=0,5,2,8,1,6,3,9,4,7 C2=0,3,8,6,9,2,7,5,1,4
ICrbdXyx_ PAIR C1=0,5,7,4,8,1,6,2,9 C2=0,4,1,5,9,6,8,2,7
ICrbdXyr_ PAIR C1=0,5,7,4,8,2,6,1,9 C2=0,4,1,8,6,9,5,2,7
ICrbdXyj_ PAIR C1=0,5,7,4,8,1,6,2,9 C2=0,4,1,5,9,6,8,2,7
ICrbdXyf_ PAIR C1=0,4,1,8,2,6,3,9,5,7 C2=0,3,8,4,7,2,5,1,6,9
ICrbdXy{O PAIR C1=0,5,2,6,1,9,3,8,4,7 C2=0,3,6,8,2,9,7,5,1,4
ICrbdXyyO NOPAIR
ICrbdXy]O PAIR C1=0,4,9,3,8,2,6,1,5,7 C2=0,3,6,8,1,4,7,9,2,5
ICrbdXyxO NOPAIR
ICrbdXytO PAIR C1=0,5,2,6,1,9,3,8,4,7 C2=0,3,6,8,2,7,9,5,1,4
ICrbdXyjO NOPAIR
ICrbdXyZO NOPAIR
ICrbdXyVO PAIR C1=0,5,2,6,1,8,3,9,4,7 C2=0,3,6,8,2,7,9,5,1,4
ICrbdXyNO PAIR C1=0,4,8,3,9,2,6,1,5,7 C2=0,3,6,8,1,4,9,7,2,5
ICrbdXywo PAIR C1=0,5,7,4,8,1,6,2,9 C2=0,4,1,5,2,8,6,9,7
ICrbdXyso PAIR C1=0,5,7,4,1,6,2,8,3,9 C2=0,3,6,9,7,2,5,1,8,4
ICrbdXyqo PAIR C1=0,5,7,2,6,1,8,4,9 C2=0,4,1,5,2,8,6,9,7
ICrbdXyio PAIR C1=0,5,7,2,6,1,8,4,9 C2=0,4,1,5,2,8,6,9,7
ICrbdXyYo NOPAIR
ICrbdXypo PAIR C1=0,7,4,8,2,6,1,5,9 C2=0,4,1,8,6,9,7,2,5
ICrbdXydo PAIR C1=0,3,8,2,6,9,7,5,1,4 C2=0,5,2,7,4,8,1,6,3,9
ICrbdXyTo PAIR C1=0,5,9,3,6,1,8,4,7 C2=0,3,8,6,9,7,5,1,4
ICrbdXybo PAIR C1=0,5,7,2,6,1,8,4,9 C2=0,4,1,5,2,8,6,9,7
ICrbdXyRo PAIR C1=1,6,2,7,5,9,4,8 C2=1,4,7,9,6,8,2,5
ICrbdXyJo PAIR C1=1,6,2,7,5,9,4,8 C2=1,4,7,9,6,8,2,5
ICrbdXyFo PAIR C1=0,5,9,3,6,1,8,4,7 C2=0,3,8,6,9,7,5,1,4
ICrbcx{{_ PAIR C1=0,5,2,9,3,6,1,8,4,7 C2=0,3,7,5,8,2,6,9,1,4
ICrbcx{uO PAIR C1=0,5,1,9,4,8,3,7 C2=0,3,9,7,5,8,1,4
ICrbczqYo PAIR C1=0,5,7,4,9,2,6,1,8 C2=0,4,1,5,2,8,6,9,7
ICrbczqTo PAIR C1=0,7,5,9,1,6,3,8 C2=0,3,7,9,6,8,1,5
ICrbcxy}? PAIR C1=0,5,1,6,3,7,4,8,2,9 C2=0,3,9,4,1,8,6,2,5,7
ICrbcxy|? PAIR C1=0,7,4,8,2,5,1,6,3,9 C2=0,3,7,5,9,2,6,8,1,4
ICrbcxyv? NOPAIR
ICrbcxyn? PAIR C1=0,7,4,8,2,5,1,6,3,9 C2=0,3,7,5,9,2,6,8,1,4
ICrbcxyu_ NOPAIR
ICrbcxym_ PAIR C1=0,5,1,6,2,8,3,9,4,7 C2=0,3,7,5,2,9,6,8,1,4
ICrbcxy]_ PAIR C1=0,5,1,6,2,9,3,8,4,7 C2=0,3,7,5,2,8,6,9,1,4
ICrbcxyt_ PAIR C1=0,5,7,4,8,1,6,3,9 C2=0,4,1,5,9,6,8,3,7
ICrbcxyr_ PAIR C1=0,7,5,1,6,3,8,4,9 C2=0,3,7,4,1,8,6,9,5
ICrbcxyj_ PAIR C1=0,7,5,1,6,3,8,4,9 C2=0,3,7,4,1,8,6,9,5
ICrbcxyf_ PAIR C1=0,7,5,1,6,3,8,4,9 C2=0,3,7,4,1,8,6,9,5
ICrbcxyN_ PAIR C1=0,4,8,3,6,2,9,5,7 C2=0,3,7,4,9,6,8,2,5
ICrbcxyuO NOPAIR
ICrbcxymO PAIR C1=0,5,2,6,1,8,4,7,3,9 C2=0,3,6,8,2,9,7,5,1,4
ICrbcxyxO PAIR C1=0,5,1,9,2,6,3,8,4,7 C2=0,3,7,9,5,2,8,6,1,4
ICrbcxytO NOPAIR
ICrbcxyfO NOPAIR
ICrbcxywo PAIR C1=0,7,4,8,3,6,1,9 C2=0,3,7,9,6,8,1,4
ICrbcxyqo PAIR C1=0,7,4,8,3,6,1,9 C2=0,3,7,9,6,8,1,4
ICrbcxyio PAIR C1=0,5,7,4,8,1,6,2,9 C2=0,4,1,5,2,8,6,9,7
ICrbcxypo PAIR C1=0,4,8,1,6,3,7,5,9 C2=0,3,8,6,9,7,4,1,5
ICrbcxyho PAIR C1=0,4,8,1,6,3,7,5,9 C2=0,3,8,6,9,7,4,1,5
ICrbcxybo PAIR C1=0,5,9,4,8,1,6,3,7 C2=0,3,8,6,9,7,5,1,4
ICrbcxuwo PAIR C1=0,7,5,8,3,6,1,9 C2=0,3,7,9,6,8,1,5
ICrbcxuso PAIR C1=0,7,5,8,3,6,1,9 C2=0,3,7,9,6,8,1,5
ICrbcxuqo PAIR C1=0,7,5,8,3,6,1,9 C2=0,3,7,9,6,8,1,5
ICrbcxuio PAIR C1=0,5,8,1,6,3,7,4,9 C2=0,3,8,6,9,7,5,1,4
ICrbcxmwo PAIR C1=0,5,7,4,8,1,6,2,9 C2=0,4,1,5,2,8,6,9,7
ICrbcxmso PAIR C1=0,5,7,4,8,1,6,3,9 C2=0,3,7,9,6,8,5,1,4
ICrbcx]m_ PAIR C1=0,5,7,3,6,1,8,4,9 C2=0,3,9,6,8,5,1,4,7
ICrbcw}m_ PAIR C1=0,4,9,3,6,2,8,5,7 C2=0,3,7,4,8,6,9,2,5
ICrbcw}eo NOPAIR
ICrfbo{}? PAIR C1=0,5,1,6,2,8,3,7,4,9 C2=0,4,8,5,2,7,1,9,3,6
ICrfbo{|? PAIR C1=0,5,1,6,2,8,4,7,3,9 C2=0,4,1,7,2,9,5,8,3,6
ICrfbo{z? PAIR C1=0,5,1,6,3,7,4,8,2,9 C2=0,3,8,5,9,4,1,7,2,6
ICrfbo{{_ PAIR C1=0,5,1,4,7,2,8,3,6 C2=0,3,7,1,6,2,5,8,4
ICrfbo{y_ PAIR C1=0,6,3,8,4,7,2,5,1,9 C2=0,3,7,1,4,9,6,2,8,5
ICrfbo{u_ PAIR C1=0,5,1,9,3,7,4,8,2,6 C2=0,3,8,5,2,7,1,6,9,4
ICrfbo{m_ PAIR C1=0,5,1,6,2,8,4,7,3,9 C2=0,3,8,5,2,7,1,4,9,6
ICrfbo{x_ PAIR C1=0,5,2,9,1,7,4,8,3,6 C2=0,3,7,2,8,5,9,6,1,4
ICrfbo{t_ PAIR C1=0,6,2,5,1,7,4,8,3,9 C2=0,3,7,2,8,5,9,6,1,4
ICrfbo{tO PAIR C1=0,5,2,7,4,8,3,9,1,6 C2=0,3,6,2,8,5,9,7,1,4
ICrRRrqmO NOPAIR
ICrRRrqko PAIR C1=0,8,1,6,4,7,3,9 C2=0,3,8,6,9,7,1,4
ICrRRrqdo PAIR C1=0,8,1,6,4,7,3,9 C2=0,3,8,6,9,7,1,4
ICrRRquz? PAIR C1=0,4,6,8,3,5,1,7,2,9 C2=0,3,7,4,9,1,6,2,8,5
ICrRRquv? NOPAIR
ICrRRqu{_ PAIR C1=0,3,7,2,9,6,8,5,1,4 C2=0,5,3,9,1,7,4,6,2,8
ICrRRquu_ PAIR C1=0,4,9,1,6,8,3,5 C2=0,3,9,6,4,1,5,8
ICrRRqum_ PAIR C1=0,3,7,2,9,6,8,5,1,4 C2=0,5,3,9,4,7,1,6,2,8
ICrRRqur_ NOPAIR
ICrRRqu{O PAIR C1=0,3,9,7,2,6,8,5,1,4 C2=0,5,3,7,4,6,1,9,2,8
ICrRRquyO PAIR C1=0,3,7,9,2,6,8,5,1,4 C2=0,5,3,8,2,7,1,6,4,9
ICrRRquuO NOPAIR
ICrRRqu]O PAIR C1=0,3,9,7,2,6,8,5,1,4 C2=0,5,3,7,1,6,4,9,2,8
ICrRRquxO PAIR C1=0,3,8,6,2,7,9,5,1,4 C2=0,5,3,7,4,6,1,9,2,8
ICrRRqutO NOPAIR
ICrRRqurO NOPAIR
ICrRRquwo PAIR C1=0,4,7,9,1,6,2,8,3,5 C2=0,3,7,2,9,6,4,1,5,8
ICrRRquso PAIR C1=0,8,5,1,6,4,7,3,9 C2=0,4,1,7,9,6,8,3,5
ICrRRqu[o PAIR C1=0,5,1,9,2,6,4,7,3,8 C2=0,3,5,8,2,7,9,6,1,4
ICrRRquqo PAIR C1=0,8,5,3,7,1,6,4,9 C2=0,3,8,6,9,7,4,1,5
ICrRRqueo PAIR C1=0,8,5,3,7,1,6,4,9 C2=0,3,8,6,9,7,4,1,5
ICrRRquUo PAIR C1=0,3,7,1,9,4,6,8,5 C2=0,4,7,9,6,1,5,3,8
ICrRRqupo PAIR C1=0,8,3,7,4,6,1,5,9 C2=0,3,5,8,6,9,7,1,4
ICrRRquho PAIR C1=0,8,3,7,4,6,1,5,9 C2=0,3,5,8,6,9,7,1,4
ICrRRqudo PAIR C1=0,8,3,7,4,6,1,5,9 C2=0,3,5,8,6,9,7,1,4
ICrRRqtv? PAIR C1=0,5,1,9,4,7,3,8 C2=0,3,9,5,8,7,1,4
ICrRRqru_ PAIR C1=0,8,3,7,4,6,1,9 C2=0,3,9,6,8,7,1,4
ICrRRqrx_ PAIR C1=0,3,8,7,2,6,9,5,1,4 C2=0,5,3,7,4,6,1,9,2,8
ICrRRqfz? NOPAIR
ICrRRqf{_ PAIR C1=0,3,9,6,2,7,8,5,1,4 C2=0,5,3,7,4,6,1,9,2,8
ICrRRqfx_ PAIR C1=0,4,6,1,7,2,9,5,8 C2=0,5,1,4,7,8,2,6,9
ICrRRqft_ PAIR C1=0,8,5,1,6,4,7,3,9 C2=0,3,5,9,6,8,7,1,4
ICrRRqfr_ NOPAIR
ICrRRqVx_ PAIR C1=0,5,8,3,7,4,6,1,9 C2=0,3,5,9,6,8,7,1,4
ICrRRfwmO PAIR C1=0,3,9,4,1,7,6,2,8 C2=0,4,6,1,8,3,7,2,9
ICrRRfseo NOPAIR
ICrRRfsho PAIR C1=0,8,3,5,1,6,7,2,9 C2=0,3,7,1,8,2,6,9,5
ICrRRf[mO NOPAIR
ICrRRf[ko PAIR C1=0,4,8,3,7,1,6,9 C2=0,3,9,7,6,4,1,8
ICrRRe{}? PAIR C1=0,5,3,7,2,8,4,6,1,9 C2=0,3,8,5,1,7,6,2,9,4
ICrRRe{^? PAIR C1=0,5,3,7,1,9,4,6,2,8 C2=0,3,8,5,9,2,7,6,1,4
ICrRRe{{_ PAIR C1=0,5,3,7,1,9,2,6,4,8 C2=0,3,9,6,7,2,8,5,1,4
ICrRRe{]_ PAIR C1=0,5,1,7,3,9,2,6,4,8 C2=0,3,5,8,2,7,6,9,1,4
ICrRRe{t_ NOPAIR
ICrRRe{V_ NOPAIR
ICrRRe{N_ PAIR C1=0,5,3,7,1,6,2,9,4,8 C2=0,3,8,2,7,6,9,5,1,4
ICrRRe{{O PAIR C1=0,5,3,7,2,9,1,6,4,8 C2=0,3,9,7,6,2,8,5,1,4
ICrRRe{uO NOPAIR
ICrRRe{mO PAIR C1=0,5,1,7,2,6,4,8,3,9 C2=0,3,5,8,2,9,7,6,1,4
ICrRRe{]O PAIR C1=0,5,1,9,3,7,2,6,4,8 C2=0,3,5,8,2,9,7,6,1,4
ICrRRe{xO PAIR C1=0,5,3,7,2,9,1,6,4,8 C2=0,3,8,2,6,7,9,5,1,4
ICrRRe{rO NOPAIR
ICrRRe{jO PAIR C1=0,5,8,4,6,1,7,2,9 C2=0,4,1,5,9,7,6,2,8
ICrRRe{VO NOPAIR
ICrRRe{NO PAIR C1=0,5,3,9,2,7,1,6,4,8 C2=0,3,8,2,6,7,9,5,1,4
ICrRRe{wo PAIR C1=0,5,1,6,4,8,3,7,2,9 C2=0,3,5,8,2,6,9,7,1,4
ICrRRe{so PAIR C1=0,8,4,6,7,1,5,3,9 C2=0,4,1,6,9,7,3,8,5
ICrRRe{[o PAIR C1=0,3,7,9,6,2,8,5,1,4 C2=0,5,3,9,2,7,1,6,4,8
ICrRRe{eo PAIR C1=0,8,5,3,7,6,1,4,9 C2=0,3,8,4,6,9,7,1,5
ICrRRe{Uo PAIR C1=0,3,7,6,1,9,4,8,5 C2=0,4,6,9,7,1,5,3,8
ICrRRe{Mo PAIR C1=0,5,1,6,4,9,2,7,3,8 C2=0,3,5,8,2,6,9,7,1,4
ICrRRe{po PAIR C1=0,4,6,7,1,9,5,3,8 C2=0,3,7,9,6,1,4,8,5
ICrRRe{ho PAIR C1=0,5,1,6,4,8,3,7,2,9 C2=0,3,5,8,2,6,9,7,1,4
ICrRRe{do PAIR C1=0,4,6,7,1,5,9,3,8 C2=0,3,7,9,6,1,4,8,5
ICrRRe{To PAIR C1=0,4,6,7,1,9,5,3,8 C2=0,3,7,9,6,1,4,8,5
ICrRRe{bo PAIR C1=0,8,3,5,1,7,6,4,9 C2=0,3,7,9,6,1,4,8,5
ICrRRe{Ro PAIR C1=0,4,9,1,6,7,3,8,5 C2=0,3,5,1,7,9,6,4,8
ICrRRe{Jo PAIR C1=0,5,1,6,4,9,2,7,3,8 C2=0,3,5,8,2,6,9,7,1,4
ICrRRe{Fo PAIR C1=0,3,9,5,1,7,6,4,8 C2=0,4,1,6,9,7,3,8,5
ICrRReyfO PAIR C1=0,8,4,6,1,7,3,5,9 C2=0,3,8,6,7,9,4,1,5
ICrRRext_ PAIR C1=0,8,4,6,1,7,3,9 C2=0,3,8,7,6,9,1,4
ICrRRexf_ PAIR C1=0,8,4,6,1,7,3,5,9 C2=0,3,8,7,6,9,4,1,5
ICrRRet{_ PAIR C1=0,5,3,8,2,7,1,6,9 C2=0,3,7,6,2,9,1,5,8
ICrRRetu_ PAIR C1=0,5,8,3,7,1,6,4,9 C2=0,4,1,5,3,9,6,7,8
ICrRRetV_ PAIR C1=0,3,7,1,6,4,9,5,8 C2=0,4,1,9,6,7,8,3,5
ICrRRelz? PAIR C1=0,5,8,2,7,1,6,4,9 C2=0,4,1,5,9,2,6,7,8
ICrRRelx_ NOPAIR
ICrRRelr_ NOPAIR
ICrRRelj_ PAIR C1=0,8,5,1,7,2,6,4,9 C2=0,4,1,6,7,8,2,9,5
ICrRRelf_ PAIR C1=0,8,4,6,1,7,3,5,9 C2=0,3,9,6,7,8,5,1,4
ICrRRelN_ PAIR C1=0,3,9,6,2,7,8,5,1,4 C2=0,5,3,7,1,6,4,9,2,8
ICrRRe\z? NOPAIR
ICrRRe\{_ PAIR C1=0,8,4,6,1,7,3,9 C2=0,3,8,7,6,9,1,4
ICrRRe\j_ PAIR C1=0,8,5,3,7,1,6,4,9 C2=0,3,8,7,6,9,5,1,4
ICrRRc|t_ PAIR C1=0,5,8,4,6,1,7,3,9 C2=0,3,8,7,6,9,5,1,4
ICrRRc|V_ PAIR C1=1,6,4,9,5,8,3,7 C2=1,4,8,7,6,9,3,5
ICpvbqk}? PAIR C1=0,6,3,9,2,5,1,4,8 C2=0,3,5,8,2,6,1,9,4
ICpvbqk|? PAIR C1=0,4,7,1,9,3,6,2,5,8 C2=0,6,1,4,8,2,7,3,5,9
ICpvbqkz? PAIR C1=0,6,1,5,3,7,4,8,2,9 C2=0,3,6,2,7,1,4,9,5,8
ICpvbqkv? PAIR C1=0,6,1,9,4,7,3,5,2,8 C2=0,3,6,2,7,1,4,8,5,9
ICpvbqk{_ PAIR C1=0,8,4,7,3,6,1,5,2,9 C2=0,4,1,7,2,8,5,3,9,6
ICpvbqky_ PAIR C1=0,6,1,5,3,7,4,8,2,9 C2=0,3,6,9,4,1,7,2,5,8
ICpvbqku_ PAIR C1=0,6,2,8,4,7,3,5,1,9 C2=0,3,6,9,4,1,7,2,5,8
ICpvbqkm_ PAIR C1=0,6,1,5,3,7,4,8,2,9 C2=0,3,6,9,4,1,7,2,5,8
ICpvbqkx_ PAIR C1=0,6,1,9,2,5,3,7,4,8 C2=0,3,6,9,5,8,2,7,1,4
ICpvbqkt_ PAIR C1=0,6,2,5,1,9,3,7,4,8 C2=0,3,6,9,5,8,2,7,1,4
ICpvbqkl_ PAIR C1=0,6,1,5,2,9,3,7,4,8 C2=0,3,6,9,5,8,2,7,1,4
ICpvbqk\_ PAIR C1=0,6,2,5,1,9,3,7,4,8 C2=0,3,6,9,5,8,2,7,1,4
ICpvbqkN_ PAIR C1=0,6,3,9,2,5,1,7,4,8 C2=0,3,7,2,8,5,9,6,1,4
ICpvbqkyG PAIR C1=0,6,1,9,2,5,3,7,4,8 C2=0,3,6,2,7,1,5,8,9,4
ICpvbqkrG PAIR C1=0,6,1,7,3,5,2,8,4,9 C2=0,3,6,2,7,4,1,5,9,8
ICpvbqkjG PAIR C1=0,3,5,8,4,7,1,6,2,9 C2=0,4,1,5,9,8,2,7,3,6
ICpvV_{}? PAIR C1=0,4,6,2,8,5,3,9,1,7 C2=0,6,1,5,2,7,3,8,4,9
ICpvV_{|? PAIR C1=0,6,4,8,2,5,3,9,1,7 C2=0,4,1,6,2,7,3,8,5,9
ICpvV_{z? PAIR C1=0,7,1,5,3,8,4,6,2,9 C2=0,3,7,2,8,5,9,4,1,6
ICpvV_{v? PAIR C1=0,7,1,5,2,6,4,8,3,9 C2=0,3,7,2,8,5,9,4,1,6
ICpvV_{n? PAIR C1=0,7,1,5,2,6,4,8,3,9 C2=0,3,7,2,8,5,9,4,1,6
ICpvV_{^? PAIR C1=0,6,4,8,3,9,1,5,2,7 C2=0,3,7,1,6,2,8,5,9,4
ICpvV_{y_ PAIR C1=0,7,3,5,2,8,4,6,1,9 C2=0,3,8,5,1,7,2,6,9,4
ICpvV_{u_ PAIR C1=0,7,3,5,2,8,4,6,1,9 C2=0,3,8,5,1,7,2,6,9,4
ICpvV_{m_ PAIR C1=0,7,3,5,1,6,4,8,2,9 C2=0,3,8,5,2,7,1,4,9,6
ICpvV_{]_ PAIR C1=0,6,4,8,2,9,1,5,3,7 C2=0,3,8,5,2,7,1,6,9,4
ICpvV_{x_ PAIR C1=0,6,4,8,3,5,2,9,1,7 C2=0,3,7,2,8,5,9,6,1,4
ICpvV_{t_ PAIR C1=0,7,1,5,2,6,4,8,3,9 C2=0,3,7,2,8,5,9,6,1,4
ICpvV_{r_ PAIR C1=0,6,2,5,3,8,4,9,1,7 C2=0,3,7,2,8,5,9,6,1,4
ICpvV_{j_ PAIR C1=0,6,2,9,4,8,3,5,1,7 C2=0,3,7,2,8,5,9,6,1,4
ICpvV_{Z_ PAIR C1=0,6,2,9,4,8,3,5,1,7 C2=0,3,7,2,8,5,9,6,1,4
ICpvV_{f_ PAIR C1=0,7,1,5,2,6,4,8,3,9 C2=0,3,7,2,8,5,9,6,1,4
ICpvV_{V_ PAIR C1=0,6,2,5,3,8,4,9,1,7 C2=0,3,7,2,8,5,9,6,1,4
ICpvV_{N_ PAIR C1=0,6,2,9,4,8,3,5,1,7 C2=0,3,7,2,8,5,9,6,1,4
ICpvV_{{O PAIR C1=0,7,1,6,4,8,2,5,3,9 C2=0,4,1,5,8,3,7,9,2,6
ICpvV_{yO PAIR C1=0,6,4,8,2,5,3,7,1,9 C2=0,3,8,5,1,6,2,7,9,4
ICpvV_{uO PAIR C1=0,7,1,6,4,8,2,5,3,9 C2=0,3,8,5,1,4,9,7,2,6
ICpvV_{mO PAIR C1=0,7,1,6,4,8,2,5,3,9 C2=0,3,8,5,1,4,9,7,2,6
ICpvV_{]O PAIR C1=0,6,4,8,2,5,3,9,1,7 C2=0,3,8,5,1,6,2,7,9,4
ICpvV_{xO PAIR C1=0,6,4,8,3,5,2,9,1,7 C2=0,3,7,9,5,8,2,6,1,4
ICpvV_{tO PAIR C1=0,6,4,8,3,9,1,5,2,7 C2=0,3,7,9,5,8,2,6,1,4
ICpvV_{lO PAIR C1=0,6,4,8,3,9,2,5,1,7 C2=0,3,7,9,5,8,2,6,1,4
ICpvV_{\O PAIR C1=0,6,4,8,3,9,2,5,1,7 C2=0,3,7,9,5,8,2,6,1,4
ICpvV_{rO PAIR C1=0,6,4,8,3,5,2,7,1,9 C2=0,3,7,9,5,8,2,6,1,4
ICpvV_{jO PAIR C1=0,6,4,8,3,5,1,7,2,9 C2=0,3,7,9,5,8,2,6,1,4
ICpvV_{ZO PAIR C1=0,6,4,8,3,5,2,9,1,7 C2=0,3,7,9,5,8,2,6,1,4
ICpvV_{fO PAIR C1=0,6,4,8,2,5,1,7,3,9 C2=0,3,8,5,9,7,2,6,1,4
ICpvV_{VO PAIR C1=0,6,4,8,3,9,1,5,2,7 C2=0,3,7,9,5,8,2,6,1,4
ICpvV_{NO PAIR C1=0,6,4,8,3,9,2,5,1,7 C2=0,3,7,9,5,8,2,6,1,4
ICpvV_{qo PAIR C1=0,6,1,7,2,5,3,8,4,9 C2=0,3,7,9,6,2,8,5,1,4
ICpvV_{io PAIR C1=0,6,1,7,2,5,3,8,4,9 C2=0,3,7,9,6,2,8,5,1,4
ICpvV_{Yo PAIR C1=0,6,1,9,4,8,3,5,2,7 C2=0,3,7,9,6,2,8,5,1,4
ICpvV_{eo PAIR C1=0,6,1,7,2,5,3,8,4,9 C2=0,3,7,9,6,2,8,5,1,4
ICpvV_{Uo PAIR C1=0,6,1,9,4,8,3,5,2,7 C2=0,3,7,9,6,2,8,5,1,4
ICpvV_{Mo PAIR C1=0,6,1,5,2,9,4,8,3,7 C2=0,3,5,8,2,6,9,7,1,4
ICpvV_{po PAIR C1=0,6,4,8,2,7,3,5,1,9 C2=0,3,8,5,2,6,9,7,1,4
ICpvV_{ho PAIR C1=0,3,7,9,6,2,8,5,1,4 C2=0,7,1,6,4,8,3,5,2,9
ICpvV_{Xo PAIR C1=0,3,7,9,6,2,8,5,1,4 C2=0,6,4,8,3,5,2,9,1,7
ICpvV_{do PAIR C1=0,7,2,8,4,6,1,5,3,9 C2=0,3,8,5,2,6,9,7,1,4
ICpvV_{bo PAIR C1=0,6,4,9,5,3,8,2,7 C2=0,3,7,9,6,2,5,8,4
ICpvV_{Ro PAIR C1=0,6,4,9,5,3,8,2,7 C2=0,3,7,9,6,2,5,8,4
ICpvV_{Jo PAIR C1=0,6,4,9,5,3,8,2,7 C2=0,3,7,9,6,2,5,8,4
ICpvV_{Fo PAIR C1=0,6,4,9,5,3,8,2,7 C2=0,3,7,9,6,2,5,8,4
ICpvV_{yG PAIR C1=0,6,4,8,3,7,1,5,2,9 C2=0,3,5,8,9,4,1,6,2,7
ICpvV_{uG PAIR C1=0,6,4,8,2,5,1,7,3,9 C2=0,3,5,8,9,4,1,6,2,7
ICpvV_{rG PAIR C1=0,6,2,5,3,8,4,9,1,7 C2=0,3,7,2,8,9,5,1,6,4
ICpvV_{jG PAIR C1=0,7,1,6,2,5,3,8,4,9 C2=0,3,7,2,8,9,5,1,4,6
ICpvV_{ZG PAIR C1=0,6,2,5,3,8,4,9,1,7 C2=0,3,7,2,8,9,5,1,6,4
ICpvV_{fG PAIR C1=0,6,2,5,8,3,9,4,1,7 C2=0,3,7,2,8,9,5,1,6,4
ICpvV_{VG PAIR C1=0,6,2,5,3,8,4,9,1,7 C2=0,3,7,2,8,9,5,1,6,4
ICpvV_{NG PAIR C1=0,6,2,9,3,5,8,4,1,7 C2=0,3,7,2,8,9,5,1,6,4
ICpvV_{bg PAIR C1=0,7,3,8,2,5,1,6,4,9 C2=0,3,5,8,9,6,2,7,1,4
ICpvV_{Rg PAIR C1=0,6,4,9,1,5,2,8,3,7 C2=0,3,5,8,9,6,2,7,1,4
ICpvV_{qW PAIR C1=0,3,7,9,8,5,2,6,1,4 C2=0,6,4,9,1,5,3,8,2,7
ICpvV_{iW PAIR C1=0,3,7,9,8,5,2,6,1,4 C2=0,6,4,9,2,8,3,5,1,7
ICpvV_{YW PAIR C1=0,3,7,9,8,5,2,6,1,4 C2=0,6,4,9,2,8,3,5,1,7
ICpvV_{eW PAIR C1=0,6,4,9,3,8,2,5,1,7 C2=0,3,5,8,9,7,2,6,1,4
ICpvV_{bW PAIR C1=0,7,1,6,4,8,2,5,9 C2=0,4,1,5,8,9,7,2,6
ICpvV_{RW PAIR C1=0,3,7,9,8,5,2,6,1,4 C2=0,6,4,9,1,5,3,8,2,7
ICpvV_{JW PAIR C1=0,3,7,9,8,5,2,6,1,4 C2=0,6,4,9,2,8,3,5,1,7
ICpvV_{FW PAIR C1=0,3,5,8,9,7,2,6,1,4 C2=0,6,4,9,3,8,2,5,1,7
ICpvV_{Bw PAIR C1=0,6,9,5,3,8,4,1,7 C2=0,3,7,9,8,5,1,6,4
ICpvRqs}? PAIR C1=0,4,6,2,5,1,9,3,8 C2=0,3,5,8,2,9,4,1,6
ICpvRqs|? PAIR C1=0,6,4,7,1,5,3,9,2,8 C2=0,4,1,6,2,7,3,8,5,9
ICpvRqsz? PAIR C1=0,8,3,5,1,7,4,6,2,9 C2=0,3,7,2,8,5,9,4,1,6
ICpvRqsv? PAIR C1=0,8,3,5,2,6,4,7,1,9 C2=0,3,7,2,8,5,9,4,1,6
ICpvRqsn? PAIR C1=0,8,3,5,1,7,4,6,2,9 C2=0,3,7,2,8,5,9,4,1,6
ICpvRqs^? PAIR C1=0,6,4,7,2,5,1,9,3,8 C2=0,3,7,1,6,2,8,5,9,4
ICpvRqs{_ PAIR C1=0,8,3,7,4,6,1,5,2,9 C2=0,4,1,7,2,8,5,3,9,6
ICpvRqsy_ PAIR C1=0,8,3,5,2,6,4,7,1,9 C2=0,3,7,2,8,5,1,4,9,6
ICpvRqsu_ PAIR C1=0,8,3,5,2,6,4,7,1,9 C2=0,3,7,2,8,5,1,4,9,6
ICpvRqsm_ PAIR C1=0,6,1,7,4,9,3,5,2,8 C2=0,4,1,5,8,3,7,2,6,9
ICpvRqs]_ PAIR C1=0,6,4,9,1,5,2,7,3,8 C2=0,3,5,8,2,9,6,1,7,4
ICpvRqsx_ PAIR C1=0,8,3,5,2,6,4,7,1,9 C2=0,3,7,2,8,5,9,6,1,4
ICpvRqst_ PAIR C1=0,8,3,5,2,6,4,7,1,9 C2=0,3,7,2,8,5,9,6,1,4
ICpvRqsl_ PAIR C1=0,6,4,7,1,5,2,9,3,8 C2=0,3,7,2,8,5,9,6,1,4
ICpvRqs\_ PAIR C1=0,6,4,7,1,5,2,9,3,8 C2=0,3,7,2,8,5,9,6,1,4
ICpvRqsr_ PAIR C1=0,8,3,5,2,6,4,7,1,9 C2=0,3,7,2,8,5,9,6,1,4
ICpvRqsj_ PAIR C1=0,8,3,5,1,7,4,6,2,9 C2=0,3,7,2,8,5,9,6,1,4
ICpvRqsZ_ PAIR C1=0,6,2,9,4,7,1,5,3,8 C2=0,3,7,2,8,5,9,6,1,4
ICpvRqsf_ PAIR C1=0,6,2,5,1,7,4,9,3,8 C2=0,3,7,2,8,5,9,6,1,4
ICpvRqsV_ PAIR C1=0,6,2,5,1,7,4,9,3,8 C2=0,3,7,2,8,5,9,6,1,4
ICpvRqsN_ PAIR C1=0,6,4,7,1,5,2,9,3,8 C2=0,3,7,2,8,5,9,6,1,4
ICpvRqs{O PAIR C1=0,6,4,7,1,5,3,9,2,8 C2=0,4,1,6,2,5,8,3,7,9
ICpvRqsyO PAIR C1=0,3,8,5,1,7,4,6,2,9 C2=0,6,1,4,9,7,3,5,2,8
ICpvRqsuO PAIR C1=0,8,3,5,2,7,4,6,1,9 C2=0,3,7,9,4,1,5,8,2,6
ICpvRqsmO PAIR C1=0,8,2,5,3,7,1,6,4,9 C2=0,4,1,5,8,3,9,7,2,6
ICpvRqs]O PAIR C1=0,6,4,7,1,9,3,5,2,8 C2=0,3,8,5,1,6,2,7,9,4
ICpvRqsxO PAIR C1=0,6,4,7,2,9,1,5,3,8 C2=0,3,7,9,5,8,2,6,1,4
ICpvRqslO PAIR C1=0,6,4,7,1,5,2,9,3,8 C2=0,3,7,9,5,8,2,6,1,4
ICpvRqs\O PAIR C1=0,6,4,7,2,9,1,5,3,8 C2=0,3,7,9,5,8,2,6,1,4
ICpvRqsrO PAIR C1=0,6,4,9,1,7,2,5,3,8 C2=0,3,7,9,5,8,2,6,1,4
ICpvRqsjO PAIR C1=0,6,4,9,2,7,1,5,3,8 C2=0,3,7,9,5,8,2,6,1,4
ICpvRqsZO PAIR C1=0,6,4,7,1,9,2,5,3,8 C2=0,3,7,9,5,8,2,6,1,4
ICpvRqsfO PAIR C1=0,6,4,9,3,7,1,5,2,8 C2=0,3,8,5,9,7,2,6,1,4
ICpvRqsVO PAIR C1=0,6,4,9,1,7,2,5,3,8 C2=0,3,7,9,5,8,2,6,1,4
ICpvRqsNO PAIR C1=0,6,4,9,2,7,1,5,3,8 C2=0,3,7,9,5,8,2,6,1,4
ICpvRqsko PAIR C1=0,6,4,7,1,5,3,9,2,8 C2=0,3,8,5,2,7,9,6,1,4
ICpvRqs[o PAIR C1=0,6,4,7,1,5,3,9,2,8 C2=0,3,8,5,2,7,9,6,1,4
ICpvRqsqo PAIR C1=0,8,3,7,1,5,2,6,4,9 C2=0,3,5,8,2,7,9,6,1,4
ICpvRqsio PAIR C1=0,3,8,5,1,7,2,9,4,6 C2=0,4,1,6,9,7,3,5,2,8
ICpvRqsYo PAIR C1=0,3,8,5,1,7,2,9,4,6 C2=0,4,1,6,9,7,3,5,2,8
ICpvRqseo PAIR C1=0,3,8,5,1,7,2,6,4,9 C2=0,4,1,6,9,7,3,5,2,8
ICpvRqsUo PAIR C1=0,4,7,9,1,5,3,8,2,6 C2=0,3,9,6,4,1,7,2,5,8
ICpvRqsMo PAIR C1=0,3,8,5,1,7,2,9,4,6 C2=0,4,1,6,9,7,3,5,2,8
ICpvRqsbo PAIR C1=0,6,4,9,5,2,7,3,8 C2=0,3,5,8,2,6,9,7,4
ICpvRqsRo PAIR C1=0,6,4,9,5,2,7,3,8 C2=0,3,5,8,2,6,9,7,4
ICpvRqsJo PAIR C1=0,3,7,9,6,2,8,5,1,4 C2=0,6,1,7,4,9,2,5,3,8
ICpvRqsFo PAIR C1=0,6,4,9,5,2,7,3,8 C2=0,3,5,8,2,6,9,7,4
ICpvRqsyG PAIR C1=0,8,3,7,4,6,1,5,2,9 C2=0,3,5,8,9,4,1,7,2,6
ICpvRqsuG PAIR C1=0,8,2,5,1,6,4,7,3,9 C2=0,3,5,8,9,4,1,7,2,6
ICpvRqsmG PAIR C1=0,8,2,5,1,6,4,7,3,9 C2=0,3,5,8,9,4,1,7,2,6
ICpvRqs]G PAIR C1=0,6,4,7,1,9,3,5,2,8 C2=0,3,7,2,6,1,5,8,9,4
ICpvRqsrG PAIR C1=0,6,1,5,3,8,2,7,4,9 C2=0,3,7,1,4,6,2,5,9,8
ICpvRqsjG PAIR C1=0,3,5,8,2,9,4,7,1,6 C2=0,8,3,7,2,6,4,1,5,9
ICpvRqsZG PAIR C1=0,4,9,5,3,8,2,7,1,6 C2=0,3,7,4,6,2,5,1,9,8
ICpvRqsfG PAIR C1=0,4,7,1,6,2,8,3,5,9 C2=0,6,4,1,5,2,7,3,9,8
ICpvRqsVG PAIR C1=0,4,7,1,9,3,5,8,2,6 C2=0,3,7,2,5,1,6,4,9,8
ICpvRqsNG PAIR C1=0,4,7,1,6,2,9,3,5,8 C2=0,3,7,2,8,9,5,1,4,6
ICpvRqsig PAIR C1=0,3,7,2,6,9,8,5,1,4 C2=0,6,1,7,4,9,2,5,3,8
ICpvRqsYg PAIR C1=0,3,7,2,6,9,8,5,1,4 C2=0,6,1,7,4,9,2,5,3,8
ICpvRqseg PAIR C1=0,3,7,2,6,9,8,5,1,4 C2=0,6,1,7,4,9,3,5,2,8
ICpvRqsUg PAIR C1=0,3,7,2,6,9,8,5,1,4 C2=0,6,1,7,4,9,3,5,2,8
ICpvRqsMg PAIR C1=0,3,7,2,6,9,8,5,1,4 C2=0,6,1,7,4,9,3,5,2,8
ICpvRqsJg PAIR C1=0,3,7,2,6,9,8,5,1,4 C2=0,6,1,7,4,9,2,5,3,8
ICpvRqsiW PAIR C1=0,3,7,9,8,5,2,6,1,4 C2=0,6,4,9,2,7,1,5,3,8
ICpvRqsYW PAIR C1=0,3,7,9,8,5,2,6,1,4 C2=0,6,4,9,2,7,1,5,3,8
ICpvRqsMW PAIR C1=0,3,7,9,8,5,2,6,1,4 C2=0,6,4,9,3,5,1,7,2,8
ICrJdrq]_ PAIR C1=0,4,7,3,6,1,9,2,8 C2=0,3,8,1,4,9,6,2,7
ICrJdrqUo PAIR C1=0,7,4,9,1,6,3,8 C2=0,3,7,9,6,8,1,4
ICrJdrqRo PAIR C1=0,7,4,9,5,1,6,3,8 C2=0,3,7,9,6,8,1,4,5
ICrJdreYo PAIR C1=0,4,7,9,2,6,1,5,8 C2=0,5,4,1,9,6,8,2,7
ICrJdrU]_ PAIR C1=0,5,4,9,1,6,3,8 C2=0,3,9,6,8,5,1,4
ICrJdrUN_ PAIR C1=0,5,4,9,3,6,1,8 C2=0,3,8,6,9,5,1,4
ICrJdpu}? PAIR C1=0,7,4,5,1,8,2,6,3,9 C2=0,3,7,2,9,4,1,6,8,5
ICrJdpu|? PAIR C1=0,7,4,5,1,8,2,6,3,9 C2=0,3,7,2,9,5,8,6,1,4
ICrJdpuv? NOPAIR
ICrJdpun? PAIR C1=0,3,7,2,9,5,8,6,1,4 C2=0,5,1,8,2,6,3,9,4,7
ICrJdpu^? PAIR C1=0,5,1,8,2,6,3,9,4,7 C2=0,3,7,2,9,5,8,6,1,4
ICrJdpuy_ PAIR C1=0,3,6,2,7,4,9,1,8,5 C2=0,4,5,1,6,9,2,8,3,7
ICrJdpuu_ PAIR C1=0,5,8,3,6,1,4,9 C2=0,3,9,6,8,1,5,4
ICrJdpum_ PAIR C1=0,4,9,3,6,8,1,5 C2=0,3,8,5,4,1,6,9
ICrJdpu]_ PAIR C1=0,3,6,8,5,1,9,2,7,4 C2=0,5,4,1,8,2,6,9,3,7
ICrJdput_ NOPAIR
ICrJdpuj_ PAIR C1=0,5,8,3,6,2,9,4,7 C2=0,3,7,2,8,6,9,5,4
ICrJdpuf_ PAIR C1=0,5,8,3,6,1,4,9 C2=0,3,9,6,8,1,5,4
ICrJdpuN_ PAIR C1=0,5,9,3,8,2,6,1,4,7 C2=0,3,7,2,9,6,8,1,5,4
ICrJdpu{O PAIR C1=0,5,4,7,2,8,3,6,1,9 C2=0,3,7,9,2,6,8,5,1,4
ICrJdpuyO PAIR C1=0,3,7,9,2,6,8,5,1,4 C2=0,5,4,9,1,6,3,8,2,7
ICrJdpuuO NOPAIR
ICrJdpu]O PAIR C1=0,3,9,7,2,6,8,5,1,4 C2=0,5,4,9,2,8,1,6,3,7
ICrJdpuxO PAIR C1=0,3,8,6,2,7,9,5,1,4 C2=0,5,4,7,3,6,1,8,2,9
ICrJdputO NOPAIR
ICrJdpu\O PAIR C1=0,4,7,2,9,3,6,8,1,5 C2=0,3,8,2,6,1,4,5,9,7
ICrJdpufO NOPAIR
ICrJdpuVO NOPAIR
ICrJdpuNO PAIR C1=0,5,4,9,2,8,1,6,3,7 C2=0,3,8,6,2,7,9,5,1,4
ICrJdpuwo PAIR C1=0,4,7,3,8,5,1,6,2,9 C2=0,3,6,9,7,2,8,1,4,5
ICrJdpuso PAIR C1=0,7,4,5,1,8,6,3,9 C2=0,4,1,6,9,7,3,8,5
ICrJdpuqo PAIR C1=0,7,3,6,1,8,5,4,9 C2=0,3,8,6,9,7,4,1,5
ICrJdpuio PAIR C1=0,7,3,6,1,8,5,4,9 C2=0,3,8,6,9,7,4,1,5
ICrJdpuUo PAIR C1=0,5,8,3,6,1,9,4,7 C2=0,3,7,9,6,8,1,5,4
ICrJdpupo PAIR C1=0,7,4,1,6,3,8,5,9 C2=0,3,7,9,6,8,1,5,4
ICrJdpuho PAIR C1=0,7,4,1,6,3,8,5,9 C2=0,3,7,9,6,8,1,5,4
ICrJdpuTo PAIR C1=0,5,9,6,3,8,1,4,7 C2=0,3,7,9,1,6,8,5,4
ICrJdpubo PAIR C1=0,7,4,1,6,3,8,5,9 C2=0,3,7,9,6,8,1,5,4
ICrJdpuRo PAIR C1=0,4,9,5,8,1,6,3,7 C2=0,3,8,6,9,7,4,1,5
ICrJdpuJo PAIR C1=0,4,9,5,8,1,6,3,7 C2=0,3,8,6,9,7,4,1,5
ICrJdpuFo PAIR C1=0,4,9,5,8,1,6,3,7 C2=0,3,8,6,9,7,4,1,5
ICrJdp]{_ PAIR C1=0,5,4,8,3,6,1,9 C2=0,3,9,6,8,5,1,4
ICrJdp]{O PAIR C1=0,3,7,4,5,8,1,9 C2=0,5,1,4,8,3,9,7
ICrJdp]\O PAIR C1=0,3,7,4,8,1,9,5 C2=0,4,1,5,8,3,9,7
ICrJdpru_ PAIR C1=0,4,9,1,8,6,3,7 C2=0,3,8,7,4,1,6,9
ICrJdprV_ PAIR C1=0,4,5,9,1,8,6,3,7 C2=0,3,8,7,4,9,6,1,5
ICrJdpfy_ PAIR C1=0,5,4,7,8,2,6,1,9 C2=0,4,1,5,8,6,9,2,7
ICrJdpfu_ PAIR C1=0,7,4,5,8,1,6,3,9 C2=0,3,7,8,6,9,4,1,5
ICrJdpfx_ PAIR C1=0,4,7,8,2,6,1,5,9 C2=0,5,4,1,8,6,9,2,7
ICrJdpft_ PAIR C1=0,7,4,5,8,1,6,3,9 C2=0,3,7,8,6,9,5,1,4
ICrJdpV}? PAIR C1=0,3,9,1,8,7,4,5 C2=0,7,3,8,5,1,4,9
ICrJdpVx_ PAIR C1=0,7,4,5,8,3,6,1,9 C2=0,3,7,8,6,9,5,1,4
ICrJdov^? PAIR C1=0,5,4,9,1,6,3,8,2,7 C2=0,3,7,8,6,2,9,5,1,4
ICrJdovV_ PAIR C1=0,5,8,3,6,1,9,4,7 C2=0,3,7,8,6,9,5,1,4
ICrJdovN_ PAIR C1=0,5,8,3,6,2,9,4,7 C2=0,3,7,2,8,6,9,5,4
ICrJayy\_ PAIR C1=0,3,9,5,1,6,8,4 C2=0,5,4,1,9,6,3,8
ICrJayywo PAIR C1=0,8,4,7,3,6,1,9 C2=0,3,8,6,9,7,1,4
ICrJayry_ PAIR C1=0,8,3,6,1,5,7,4,9 C2=0,3,7,8,6,9,1,4,5
ICqjerq]_ NOPAIR
ICqjerqJo PAIR C1=0,3,7,9,5,2,8,6,1,4 C2=0,5,4,9,2,6,3,8,1,7
ICqjere\O PAIR C1=0,5,4,7,1,6,3,9,2,8 C2=0,3,7,9,5,2,6,8,1,4
ICqjereTo PAIR C1=0,4,7,1,6,3,9,5,8 C2=0,3,7,9,6,8,1,4,5
ICqjerU^? PAIR C1=0,3,9,4,5,8,1,7 C2=0,5,9,1,4,7,3,8
ICqjerU]_ NOPAIR
ICqjepu}? PAIR C1=0,7,4,1,8,5,2,6,3,9 C2=0,3,7,1,6,8,2,9,4,5
ICqjepu|? PAIR C1=0,7,4,5,2,8,1,6,3,9 C2=0,4,1,7,3,8,6,2,9,5
ICqjepuz? PAIR C1=0,7,1,6,3,8,2,5,4,9 C2=0,3,7,4,1,8,6,2,9,5
ICqjepuv? NOPAIR
ICqjepuy_ PAIR C1=0,4,9,2,5,8,1,6,3,7 C2=0,3,8,2,6,9,1,7,4,5
ICqjepuu_ NOPAIR
ICqjepux_ PAIR C1=0,3,8,1,9,6,2,5,4,7 C2=0,4,1,7,3,6,8,2,9,5
ICqjeput_ PAIR C1=0,7,4,5,8,1,6,3,9 C2=0,4,1,7,3,8,6,9,5
ICqjepur_ PAIR C1=0,7,1,6,3,8,5,4,9 C2=0,3,7,4,1,8,6,9,5
ICqjepuj_ PAIR C1=0,7,1,6,3,8,5,4,9 C2=0,3,7,4,1,8,6,9,5
ICqjepu{O PAIR C1=0,5,4,7,1,8,2,6,3,9 C2=0,3,7,9,2,5,8,6,1,4
ICqjepuuO NOPAIR
ICqjepuxO PAIR C1=0,5,4,7,1,6,3,8,2,9 C2=0,3,7,9,5,2,6,8,1,4
ICqjeputO NOPAIR
ICqjepu\O PAIR C1=0,4,5,8,2,9,1,6,3,7 C2=0,3,9,7,4,1,8,6,2,5
ICqjepurO NOPAIR
ICqjepuwo PAIR C1=0,7,4,5,8,1,6,2,9 C2=0,4,1,7,9,6,8,2,5
ICqjepuso NOPAIR
ICqjepuio PAIR C1=0,7,4,5,8,1,6,2,9 C2=0,4,1,7,9,6,8,2,5
ICqjepupo PAIR C1=0,4,7,1,6,3,8,5,9 C2=0,3,7,9,6,8,1,4,5
ICqjepuho PAIR C1=0,4,7,1,6,3,8,5,9 C2=0,3,7,9,6,8,1,4,5
ICqjepuTo PAIR C1=0,4,7,1,8,6,3,9,5 C2=0,3,8,5,4,1,6,9,7
ICqjepubo PAIR C1=0,4,9,5,8,3,6,1,7 C2=0,3,7,9,6,8,1,4,5
ICqjbfw}? PAIR C1=0,8,4,1,6,2,7,3,9 C2=0,3,6,7,1,8,2,9,4
ICqjbfw|? PAIR C1=0,8,4,5,2,7,3,6,1,9 C2=0,4,1,7,6,2,8,3,9,5
ICqjbfwv? PAIR C1=0,5,4,8,3,6,2,7,1,9 C2=0,3,7,6,1,8,2,5,9,4
ICqjbfw{_ NOPAIR
ICqjbfwy_ PAIR C1=0,3,8,2,7,6,1,9,4 C2=0,8,4,1,7,3,6,2,9
ICqjbfwu_ NOPAIR
ICqjbfwx_ PAIR C1=0,5,4,8,3,6,2,7,1,9 C2=0,3,7,6,9,5,2,8,1,4
ICqjbfwt_ PAIR C1=0,5,4,8,1,6,2,7,3,9 C2=0,3,8,2,5,9,6,7,1,4
ICqjbfw\_ PAIR C1=0,4,5,9,2,7,1,6,3,8 C2=0,3,7,6,9,1,4,8,2,5
ICqjbfwj_ PAIR C1=0,5,4,9,2,7,3,6,1,8 C2=0,3,8,2,5,9,6,7,1,4
ICqjbfwwo NOPAIR
ICqjbfwso NOPAIR
ICqjbfwko NOPAIR
ICqjbfw[o NOPAIR
ICqjbfwqo PAIR C1=0,3,7,6,1,8,4,9 C2=0,4,1,7,9,6,3,8
ICqjbfwio PAIR C1=0,3,7,6,1,8,4,9 C2=0,4,1,7,9,6,3,8
ICqjbfwho PAIR C1=0,3,8,2,5,9,7,6,1,4 C2=0,5,4,8,1,7,3,6,2,9
ICqjbfwXo PAIR C1=0,4,8,3,6,1,7,2,9,5 C2=0,3,7,9,6,2,5,4,1,8
ICqjbfwbo PAIR C1=0,3,7,1,6,2,8,4,5,9 C2=0,4,1,8,3,6,9,7,2,5
ICqjbfk}? PAIR C1=0,5,4,8,2,6,1,7,3,9 C2=0,3,6,7,2,5,8,1,9,4
ICqjbfkz? NOPAIR
ICqjbfk{_ PAIR C1=0,5,4,8,2,7,1,6,3,9 C2=0,3,7,6,9,2,5,8,1,4
ICqjbfky_ NOPAIR
ICqjbfkm_ PAIR C1=0,5,4,9,3,6,1,7,2,8 C2=0,3,7,6,9,2,5,8,1,4
ICqjbfk]_ PAIR C1=0,4,9,3,6,1,7,2,5,8 C2=0,3,7,6,9,2,8,1,4,5
ICqjbfkr_ NOPAIR
ICqjbfkZ_ NOPAIR
ICqjbfkf_ PAIR C1=0,3,9,5,8,2,6,7,1,4 C2=0,8,1,6,3,7,2,5,4,9
ICqjbfkV_ PAIR C1=0,5,9,3,6,2,7,1,4,8 C2=0,3,7,6,9,1,8,2,5,4
ICqjbfkwo PAIR C1=0,4,8,5,2,6,7,1,9 C2=0,5,4,1,6,9,7,2,8
ICqjbfkio PAIR C1=0,4,5,8,1,6,7,2,9 C2=0,5,2,6,9,7,1,4,8
ICqjbfkYo NOPAIR
ICqjbfkeo PAIR C1=0,8,1,6,7,2,5,4,9 C2=0,4,1,7,9,6,2,8,5
ICqjbfkbo PAIR C1=0,5,8,2,7,6,1,4,9 C2=0,4,5,2,6,9,7,1,8
ICqjbfkRo PAIR C1=1,7,2,6,9,4,5,8 C2=1,4,8,2,5,9,7,6
ICqjbfkFo PAIR C1=1,4,9,6,7,2,5,8 C2=1,6,2,8,4,5,9,7
ICqjbfimO PAIR C1=0,8,4,1,6,7,3,9 C2=0,3,6,8,1,7,9,4
ICqjbfifO PAIR C1=0,3,7,9,5,2,8,6,1,4 C2=0,5,4,9,3,6,2,7,1,8
ICqjbfYuO PAIR C1=0,3,6,7,1,9,4,8 C2=0,4,1,6,8,3,7,9
ICqjbfYjO PAIR C1=0,3,6,2,7,1,8,4,5,9 C2=0,4,1,6,8,3,7,9,2,5
ICqjbfMxO PAIR C1=0,8,5,4,1,7,6,2,9 C2=0,4,8,6,1,9,7,2,5
ICqjbfMrO NOPAIR
ICqjbfMjO PAIR C1=0,4,8,1,7,6,2,9,5 C2=0,8,6,1,4,5,2,7,9
ICXefYy{_ PAIR C1=0,6,1,9,2,7,4,8 C2=0,7,1,4,2,8,6,9
ICXefYyr_ PAIR C1=0,6,1,5,7,2,8,4,9 C2=0,7,1,4,2,5,9,6,8
ICXefY]v? PAIR C1=0,6,1,5,7,4,8,3,9 C2=0,3,6,8,5,9,4,1,7
ICXefY]r_ PAIR C1=0,6,1,7,5,8,4,9 C2=0,7,4,1,5,9,6,8
ICXefY]f_ PAIR C1=0,6,1,7,5,8,4,9 C2=0,7,4,1,5,9,6,8
ICXedzw}? PAIR C1=0,8,3,7,4,2,9 C2=0,3,9,4,8,2,7
ICXedzw|? NOPAIR
ICXedzwv? NOPAIR
ICXedzkv? NOPAIR
ICXedzk{_ PAIR C1=0,6,1,5,2,8,4,7,3,9 C2=0,3,6,9,1,4,2,7,5,8
ICXedz[v? NOPAIR
ICXedz[f_ PAIR C1=0,3,8,1,5,7,4,9,6 C2=0,7,3,6,1,4,8,5,9
ICXedy{v? NOPAIR
ICXedy{n? PAIR C1=0,7,5,2,9,3,8 C2=0,3,7,2,8,5,9
ICXedy{f_ NOPAIR
ICXedzq}? PAIR C1=0,7,4,2,8,3,6,1,9 C2=0,3,7,2,9,4,1,8,6
ICXedzq{_ NOPAIR
ICXedzqy_ PAIR C1=0,7,3,6,1,9,4,2,8 C2=0,3,8,1,4,7,2,9,6
ICXedziy_ NOPAIR
ICXedzix_ PAIR C1=0,6,1,8,4,7,5,2,9 C2=0,7,2,4,1,5,9,6,8
ICXedzY}? NOPAIR
ICXedzYv? NOPAIR
ICXedzYu_ NOPAIR
ICXedyyy_ PAIR C1=0,6,3,7,4,8,2,9 C2=0,3,8,6,9,4,2,7
ICXedyym_ PAIR C1=0,6,3,9,2,8,4,7 C2=0,3,7,2,4,9,6,8
ICXedyyj_ PAIR C1=0,7,4,2,8,3,6,9 C2=0,3,7,2,9,4,8,6
ICXedzMv? PAIR C1=0,6,3,9,4,8,1,5,7 C2=0,3,7,4,1,6,8,5,9
ICXedzMn? PAIR C1=0,6,3,9,2,5,1,8,4,7 C2=0,3,7,2,4,1,6,8,5,9
ICXedzMr_ NOPAIR
ICXedzMj_ PAIR C1=0,6,1,8,4,7,5,2,9 C2=0,7,2,4,1,5,9,6,8
ICXedzMN_ PAIR C1=0,6,3,9,2,5,1,8,4,7 C2=0,3,7,2,4,1,6,9,5,8
ICXedymv? PAIR C1=0,6,3,9,1,5,2,8,4,7 C2=0,3,7,2,4,1,6,8,5,9
ICXedymj_ NOPAIR
ICXedxmf_ PAIR C1=0,6,8,1,5,2,4,9,3,7 C2=0,3,6,1,4,7,2,8,5,9
ICXedy]z? PAIR C1=0,3,6,8,4,7,5,1,9 C2=0,6,1,4,9,5,8,3,7
ICXedy]r_ PAIR C1=0,3,8,4,7,5,9,1,6 C2=0,7,3,6,9,4,1,5,8
ICXedy]j_ NOPAIR
ICXedvwj_ PAIR C1=0,6,3,7,4,9,2,8 C2=0,3,8,4,2,7,6,9
ICXedvsy_ PAIR C1=0,6,1,9,4,2,7,3,8 C2=0,3,6,9,2,8,1,4,7
ICXedvsx_ PAIR C1=0,7,3,6,1,8,2,5,9 C2=0,3,8,5,1,9,2,7,6
ICXed^wr_ PAIR C1=0,6,1,5,7,2,8,4,9 C2=0,7,6,9,5,2,4,1,8
ICXed^k{_ PAIR C1=0,6,1,5,7,4,8,2,9 C2=0,7,6,9,1,4,2,5,8
ICXed^kf_ PAIR C1=0,6,1,8,5,7,4,9 C2=0,7,6,9,5,1,4,8
ICXed^[y_ PAIR C1=0,6,1,8,4,9,2,5,7 C2=0,8,5,1,4,2,7,6,9
ICXed^[r_ PAIR C1=0,6,1,8,5,7,4,9 C2=0,7,6,9,5,1,4,8
ICXed^[j_ PAIR C1=0,6,1,5,8,4,7,2,9 C2=0,7,6,9,5,2,4,1,8
ICXed^[f_ PAIR C1=0,6,1,8,5,7,4,9 C2=0,7,6,9,5,1,4,8
ICXed^[N_ PAIR C1=0,3,9,5,7,2,4,8,1,6 C2=0,7,4,1,5,2,9,6,3,8
ICXed\{f_ PAIR C1=0,6,3,8,1,4,2,7,5,9 C2=0,3,9,6,1,5,2,8,4,7
ICXffb[n? PAIR C1=0,6,1,5,2,7,3,9,4,8 C2=0,7,1,4,2,6,3,8,5,9
ICXfersio PAIR C1=0,3,8,2,9,7,4,1,6 C2=0,8,1,7,3,6,2,4,9
ICXfersho PAIR C1=0,3,7,9,2,8,5,1,6 C2=0,7,1,8,3,6,2,5,9
ICXferkm_ PAIR C1=0,7,4,1,8,2,6,3,9 C2=0,3,7,1,6,9,2,4,8
ICXferkio PAIR C1=0,7,4,8,1,6,2,9 C2=0,6,9,7,1,4,2,8
ICXfeq{}? PAIR C1=0,6,1,4,7,3,8,2,9 C2=0,7,1,9,3,6,2,4,8
ICXfeq{|? PAIR C1=0,8,4,7,1,5,2,6,3,9 C2=0,6,1,4,2,9,5,8,3,7
ICXfeq{v? PAIR C1=0,6,3,9,1,5,2,8,4,7 C2=0,3,7,1,6,2,4,9,5,8
ICXfeq{n? PAIR C1=0,7,4,8,3,6,1,5,2,9 C2=0,3,7,1,4,9,5,8,2,6
ICXfeq{{_ PAIR C1=0,8,3,7,4,2,6,1,9 C2=0,3,6,9,2,8,4,1,7
ICXfeq{y_ PAIR C1=0,3,6,1,9,2,8,4,7 C2=0,8,3,7,1,4,2,6,9
ICXfeq{u_ NOPAIR
ICXfeq{m_ NOPAIR
ICXfeq{r_ PAIR C1=0,6,3,8,2,5,1,9,4,7 C2=0,3,7,1,4,2,6,9,5,8
ICXfeq{j_ PAIR C1=0,7,4,8,3,6,1,5,2,9 C2=0,3,7,1,4,2,6,9,5,8
ICXfeq{f_ PAIR C1=0,6,1,5,2,8,3,9,4,7 C2=0,3,7,1,4,2,6,9,5,8
ICXfeq{{O PAIR C1=0,8,3,6,1,7,4,2,9 C2=0,3,7,9,1,4,8,2,6
ICXfeq{yO PAIR C1=0,6,3,7,1,9,2,4,8 C2=0,3,8,2,6,1,4,9,7
ICXfeq{uO NOPAIR
ICXfeq{mO NOPAIR
ICXfeq{xO PAIR C1=0,8,4,7,3,6,1,5,2,9 C2=0,3,8,5,9,7,1,4,2,6
ICXfeq{tO PAIR C1=0,7,4,8,2,5,1,6,3,9 C2=0,3,8,5,9,7,1,4,2,6
ICXfeq{lO PAIR C1=0,7,4,8,2,5,1,6,3,9 C2=0,3,8,5,9,7,1,4,2,6
ICXfeq{fO PAIR C1=0,7,4,9,3,6,1,5,2,8 C2=0,3,8,5,9,7,1,4,2,6
ICXfeq{wo PAIR C1=0,3,6,1,7,4,8,2,9 C2=0,6,2,4,1,9,7,3,8
ICXfeq{qo NOPAIR
ICXfeq{io PAIR C1=0,6,3,7,4,9,2,8 C2=0,3,8,4,2,6,9,7
ICXfeq{eo NOPAIR
ICXfeq{po PAIR C1=0,6,1,7,4,8,2,5,9 C2=0,7,9,6,2,4,1,5,8
ICXfeq{ho PAIR C1=0,6,1,7,4,8,2,5,9 C2=0,7,9,6,2,4,1,5,8
ICXfeq{Xo PAIR C1=0,3,7,4,8,5,2,9,1,6 C2=0,7,9,5,1,4,2,6,3,8
ICXfeq{Jo PAIR C1=0,7,3,6,2,9,4,8 C2=0,3,8,2,4,7,9,6
ICXfeqyv? PAIR C1=0,8,4,7,3,6,1,9 C2=0,6,8,3,9,4,1,7
ICXfeqyjO PAIR C1=0,6,2,8,3,7,4,9 C2=0,3,6,8,4,2,9,7
ICXfeq]}? PAIR C1=0,6,1,9,3,8,4,7 C2=0,8,6,3,7,1,4,9
ICXfeq]z? PAIR C1=0,7,4,9,2,5,1,6,3,8 C2=0,3,7,1,4,2,6,8,5,9
ICXfeq]uO PAIR C1=0,6,3,8,4,7,1,9 C2=0,3,7,9,4,1,6,8
ICXfeqx|? PAIR C1=0,6,1,4,7,3,9,2,8 C2=0,3,6,2,4,8,7,1,9
ICXfeqxr_ PAIR C1=0,8,3,6,1,7,4,9 C2=0,3,7,8,4,1,9,6
ICXfeqt}? PAIR C1=0,6,1,9,2,4,7,3,8 C2=0,3,6,2,8,7,1,4,9
ICXfeqty_ PAIR C1=0,3,7,4,9,1,6,2,8 C2=0,6,3,8,7,1,4,2,9
ICXfeql{_ PAIR C1=0,7,4,8,2,6,1,9 C2=0,6,9,2,4,1,7,8
ICXfeqly_ PAIR C1=0,7,4,8,2,6,1,9 C2=0,6,9,2,4,1,7,8
ICXfeZkf_ PAIR C1=0,8,1,6,2,5,7,4,9 C2=0,6,9,5,8,2,4,1,7
ICXfeY{z? NOPAIR
ICXfeY{v? PAIR C1=0,6,3,9,1,4,7,5,2,8 C2=0,3,8,5,9,4,2,6,1,7
ICXfeY{^? PAIR C1=0,6,3,9,1,4,7,5,2,8 C2=0,3,8,5,9,4,2,6,1,7
ICXfeY{{_ PAIR C1=0,6,3,9,1,5,2,8,4,7 C2=0,3,8,5,7,1,4,2,6,9
ICXfeY{y_ PAIR C1=0,8,4,7,5,2,6,1,9 C2=0,6,9,4,2,8,5,1,7
ICXfeY{u_ PAIR C1=0,6,2,5,1,7,4,8,3,9 C2=0,3,6,9,1,4,2,8,5,7
ICXfeY{r_ PAIR C1=0,8,4,7,5,2,6,1,9 C2=0,6,9,5,8,2,4,1,7
ICXfeY{j_ PAIR C1=0,6,1,5,7,4,8,2,9 C2=0,7,1,4,2,6,9,5,8
ICXfeY{Z_ NOPAIR
ICXfeY{f_ PAIR C1=0,6,1,5,7,4,9,3,8 C2=0,3,6,9,5,8,4,1,7
ICXfeY{V_ PAIR C1=0,6,1,5,7,4,9,3,8 C2=0,3,6,9,5,8,4,1,7
ICXfeY{{O PAIR C1=0,8,4,7,1,5,2,6,3,9 C2=0,3,8,5,7,9,2,4,1,6
ICXfeY{yO NOPAIR
ICXfeY{rO NOPAIR
ICXfeY{jO NOPAIR
ICXfeY{ZO NOPAIR
ICXfeY{VO PAIR C1=0,7,4,9,3,6,1,5,2,8 C2=0,3,8,5,9,7,1,4,2,6
ICXfeY{NO PAIR C1=0,3,9,2,5,8,4,7,1,6 C2=0,7,9,5,1,4,2,6,3,8
ICXfeY{wo PAIR C1=0,6,2,8,4,7,5,1,9 C2=0,7,9,6,1,4,2,5,8
ICXfeY{[o PAIR C1=0,3,9,2,6,1,7,4,8 C2=0,6,3,8,2,4,1,9,7
ICXfeY{qo PAIR C1=0,6,2,8,4,7,5,1,9 C2=0,7,9,6,1,4,2,5,8
ICXfeY{io PAIR C1=0,7,5,1,6,2,8,4,9 C2=0,6,9,7,1,4,2,5,8
ICXfeY{bo PAIR C1=0,7,4,8,2,6,1,5,9 C2=0,6,9,7,1,4,2,5,8
ICXfeY{Ro NOPAIR
ICXfeY{Fo PAIR C1=0,6,1,7,4,2,5,9,3,8 C2=0,3,6,2,8,5,1,4,9,7
ICXfeYy{O PAIR C1=0,6,2,8,4,7,1,9 C2=0,7,9,2,4,1,6,8
ICXfeYyyO PAIR C1=0,8,4,7,1,6,2,9 C2=0,6,8,2,4,1,9,7
ICXfeYm{O PAIR C1=0,8,4,7,5,2,6,1,9 C2=0,6,8,5,1,4,2,9,7
ICXfeW|{_ PAIR C1=0,6,1,7,4,2,8,3,9 C2=0,3,6,2,9,1,4,8,7
ICXfeW|f_ PAIR C1=0,6,3,9,5,2,8,4,1,7 C2=0,3,8,7,5,1,6,2,4,9
ICXfczw}? NOPAIR
ICXfczw|? PAIR C1=0,6,1,5,2,9,3,8,4,7 C2=0,8,1,4,2,6,3,7,5,9
ICXfczwv? PAIR C1=0,6,2,5,1,9,3,7,4,8 C2=0,3,6,1,8,2,4,9,5,7
ICXfczw{_ NOPAIR
ICXfczwy_ NOPAIR
ICXfczwu_ NOPAIR
ICXfczwx_ PAIR C1=0,7,4,8,3,6,1,5,2,9 C2=0,3,7,5,9,6,2,4,1,8
ICXfczw{O PAIR C1=0,6,2,4,7,3,8,1,9 C2=0,3,6,1,4,8,2,9,7
ICXfczwyO PAIR C1=0,7,4,2,9,1,6,3,8 C2=0,3,7,9,4,1,8,2,6
ICXfczwuO NOPAIR
ICXfczwxO PAIR C1=0,7,3,6,2,9,5,1,8 C2=0,3,8,2,5,7,9,1,6
ICXfczwtO PAIR C1=0,3,8,4,7,5,2,6,1,9 C2=0,6,3,7,9,5,1,4,2,8
ICXfczwfO PAIR C1=0,7,9,4,1,5,2,6,3,8 C2=0,3,9,5,7,4,2,8,1,6
ICXfczwwo PAIR C1=0,6,2,9,1,4,8,3,7 C2=0,3,6,1,8,2,4,7,9
ICXfczwso NOPAIR
ICXfczwqo PAIR C1=0,6,3,7,4,9,1,8 C2=0,3,8,4,1,6,9,7
ICXfczwYo PAIR C1=0,6,3,7,4,9,1,8 C2=0,3,8,4,1,6,9,7
ICXfczwpo PAIR C1=0,7,4,8,2,6,1,5,9 C2=0,6,9,7,5,2,4,1,8
ICXfczwXo PAIR C1=0,6,1,9,2,5,7,3,8 C2=0,3,6,2,8,1,5,9,7
ICXfczkz? PAIR C1=1,5,2,9,4,8 C2=1,4,2,8,5,9
ICXfczk^? PAIR C1=0,6,3,7,5,2,4,9,1,8 C2=0,3,9,5,8,2,6,1,4,7
ICXfczk{_ PAIR C1=0,7,4,8,1,5,2,6,3,9 C2=0,3,7,5,8,2,4,1,9,6
ICXfczky_ NOPAIR
ICXfczk]_ PAIR C1=0,6,2,5,1,9,3,7,4,8 C2=0,3,6,9,2,4,1,8,5,7
ICXfczkr_ NOPAIR
ICXfczkf_ PAIR C1=0,3,6,9,4,7,5,1,8 C2=0,6,1,4,8,5,9,3,7
ICXfczkwo PAIR C1=0,6,1,8,4,7,5,2,9 C2=0,7,9,6,2,4,1,5,8
ICXfczk[o PAIR C1=0,3,9,2,6,1,8,5,7 C2=0,6,3,7,9,1,5,2,8
ICXfczkqo PAIR C1=0,6,1,8,2,5,7,4,9 C2=0,7,9,6,2,4,1,5,8
ICXfczkYo NOPAIR
ICXfczq{O NOPAIR
ICXfczqyO PAIR C1=0,3,8,2,9,7,4,1,6 C2=0,7,3,6,2,4,9,1,8
ICXfczYyO PAIR C1=0,6,3,7,4,8,1,9 C2=0,3,8,6,1,4,9,7
ICXfczYuO PAIR C1=0,6,3,9,1,8,4,7 C2=0,3,7,9,4,1,6,8
ICXfczYrO PAIR C1=0,6,1,8,3,7,4,9 C2=0,3,6,8,4,1,9,7
ICXfczMrO NOPAIR
ICXfczMjO PAIR C1=0,6,1,8,4,7,5,2,9 C2=0,7,9,5,1,4,2,6,8
ICXfcxmZO PAIR C1=1,8,5,2,4,9 C2=1,4,8,2,9,5
ICXfcxmfO PAIR C1=0,3,6,1,8,4,2,5,9,7 C2=0,6,2,8,5,1,4,7,3,9
ICXfcy]rO PAIR C1=0,3,6,1,9,4,8,5,7 C2=0,6,8,3,7,4,1,5,9
ICXfVa\y_ NOPAIR
ICXfVa\x_ PAIR C1=0,6,4,2,5,8,7,1,9 C2=0,7,2,6,9,5,1,4,8
ICXfUjwmO PAIR C1=0,7,1,6,4,2,9,3,8 C2=0,3,7,9,4,1,8,2,6
ICXfUjwjO PAIR C1=0,7,5,1,8,2,6,4,9 C2=0,6,1,7,9,5,2,4,8
ICXfUjwLo PAIR C1=0,6,1,5,7,3,9,2,4,8 C2=0,3,8,1,4,6,2,5,9,7
ICXfUjsl_ PAIR C1=0,6,1,8,3,9,2,5,7 C2=0,3,7,1,5,9,6,2,8
ICXfUjsmO PAIR C1=0,7,3,8,2,5,1,6,4,9 C2=0,3,9,7,5,8,1,4,2,6
ICXfUjkl_ NOPAIR
ICXfUjkko PAIR C1=0,6,4,8,1,7,5,2,9 C2=0,7,9,6,2,4,1,5,8
ICXfUi{}? PAIR C1=0,7,1,5,2,6,4,8,3,9 C2=0,3,7,5,8,2,9,4,1,6
ICXfUi{z? NOPAIR
ICXfUi{v? PAIR C1=0,6,4,1,9,3,7,5,2,8 C2=0,3,8,5,9,4,2,6,1,7
ICXfUi{^? PAIR C1=0,6,4,1,9,3,7,5,2,8 C2=0,3,8,5,9,4,2,6,1,7
ICXfUi{{_ PAIR C1=0,3,7,5,1,4,8,2,9,6 C2=0,7,1,6,4,2,5,8,3,9
ICXfUi{x_ NOPAIR
ICXfUi{t_ PAIR C1=0,6,2,4,8,3,9,1,5,7 C2=0,3,7,1,4,6,9,5,2,8
ICXfUi{l_ PAIR C1=0,3,7,5,1,4,8,2,9,6 C2=0,7,1,6,4,2,5,9,3,8
ICXfUi{\_ PAIR C1=0,3,7,5,1,4,8,2,9,6 C2=0,7,1,6,4,2,5,9,3,8
ICXfUi{r_ NOPAIR
ICXfUi{Z_ NOPAIR
ICXfUi{f_ PAIR C1=0,7,5,1,6,4,9,3,8 C2=0,3,7,1,4,8,5,9,6
ICXfUi{{O PAIR C1=0,7,3,9,2,5,1,6,4,8 C2=0,3,8,5,7,9,1,4,2,6
ICXfUi{yO PAIR C1=0,8,4,6,2,5,7,1,9 C2=0,6,1,5,8,2,4,9,7
ICXfUi{uO PAIR C1=0,8,3,7,1,5,2,6,4,9 C2=0,3,9,7,5,8,2,4,1,6
ICXfUi{mO PAIR C1=0,8,3,7,1,5,2,6,4,9 C2=0,3,9,7,5,8,2,4,1,6
ICXfUi{]O PAIR C1=0,7,3,9,1,5,2,6,4,8 C2=0,3,8,5,7,9,2,4,1,6
ICXfUi{rO PAIR C1=0,7,5,2,8,4,6,1,9 C2=0,6,2,4,1,7,9,5,8
ICXfUi{jO PAIR C1=0,7,5,1,6,4,8,2,9 C2=0,6,2,4,1,7,9,5,8
ICXfUi{ZO NOPAIR
ICXfUi{fO PAIR C1=0,7,3,9,4,6,1,5,2,8 C2=0,3,8,5,9,7,1,4,2,6
ICXfUi{wo PAIR C1=0,7,5,1,9,6,4,2,8 C2=0,6,2,5,8,4,1,7,9
ICXfUi{[o PAIR C1=0,3,9,1,6,2,4,8,5,7 C2=0,6,4,1,5,2,9,7,3,8
ICXfUi{qo PAIR C1=0,7,5,1,9,6,4,2,8 C2=0,6,2,5,8,4,1,7,9
ICXfUi{io PAIR C1=0,7,5,1,6,2,8,4,9 C2=0,6,9,7,1,4,2,5,8
ICXfUi{Yo NOPAIR
ICXfUi{eo PAIR C1=0,6,1,7,5,2,8,4,9 C2=0,7,9,6,2,4,1,5,8
ICXfUi{Mo PAIR C1=0,6,2,4,9,3,7,1,5,8 C2=0,3,8,4,1,6,9,2,5,7
ICXfUi{po PAIR C1=0,6,4,8,2,5,7,1,9 C2=0,7,9,6,2,4,1,5,8
ICXfUi{ho PAIR C1=0,7,5,1,6,4,8,2,9 C2=0,6,9,7,1,4,2,5,8
ICXfUi{bo PAIR C1=0,7,5,1,6,2,8,4,9 C2=0,6,9,7,1,4,2,5,8
ICXfUi{Ro NOPAIR
ICXfUi{Jo NOPAIR
ICXfUi{Fo PAIR C1=0,3,7,9,4,1,5,8,2,6 C2=0,7,1,6,4,2,5,9,3,8
ICXfUim{O PAIR C1=0,7,5,1,9,2,6,4,8 C2=0,6,8,5,2,4,1,7,9
ICXfUg}{O PAIR C1=0,3,7,5,8,4,2,6,1,9 C2=0,6,4,1,5,2,8,3,9,7
ICXfUit}? PAIR C1=0,3,8,2,6,4,9,1,5,7 C2=0,6,1,4,2,5,8,7,3,9
ICXfUit]_ PAIR C1=0,3,8,2,9,4,6,1,7 C2=0,6,2,4,1,9,3,7,8
ICXfRi]{O PAIR C1=0,6,4,2,7,3,9,1,5,8 C2=0,3,8,4,1,6,2,5,7,9
ICXfRi]fO PAIR C1=0,3,7,2,6,1,4,8,5,9 C2=0,6,4,2,5,1,7,9,3,8
ICXfUYu{O PAIR C1=0,8,2,5,7,4,6,1,9 C2=0,6,8,5,1,4,2,9,7
ICXfUYufO PAIR C1=0,6,2,8,5,1,7,4,9 C2=0,7,9,5,2,4,1,6,8
ICXfQyu{O PAIR C1=0,6,2,4,7,3,8,5,1,9 C2=0,3,9,2,5,7,1,4,6,8
ICXfQyufO PAIR C1=0,6,2,4,7,1,5,9,3,8 C2=0,3,7,5,2,8,6,1,4,9
ICXevQuz? PAIR C1=0,8,5,1,6,4,7,2,9 C2=0,6,8,2,5,9,4,1,7
ICXevQuyO NOPAIR
ICXevQuxO PAIR C1=0,6,4,7,2,8,5,1,9 C2=0,7,9,5,2,4,1,6,8
ICXevQu\O PAIR C1=0,3,9,5,8,2,7,4,1,6 C2=0,7,9,1,5,2,4,6,3,8
ICXevQurO PAIR C1=0,6,4,7,2,8,5,1,9 C2=0,7,9,5,2,4,1,6,8
ICXetrs}? PAIR C1=0,8,3,6,1,4,7,2,9 C2=0,6,4,2,8,1,9,3,7
ICXetrs|? PAIR C1=0,8,1,5,2,7,4,6,3,9 C2=0,6,1,4,2,9,5,8,3,7
ICXetrsz? PAIR C1=0,7,4,6,3,8,1,5,2,9 C2=0,3,7,2,8,5,9,4,1,6
ICXetrsv? PAIR C1=0,6,4,7,3,9,1,5,2,8 C2=0,3,6,1,8,5,9,4,2,7
ICXetrs{_ PAIR C1=0,7,3,9,2,4,6,1,8 C2=0,3,8,2,7,4,1,9,6
ICXetrsy_ PAIR C1=0,6,1,9,2,4,7,3,8 C2=0,3,6,9,4,1,8,2,7
ICXetrsu_ NOPAIR
ICXetrsm_ NOPAIR
ICXetrsx_ PAIR C1=0,3,6,4,7,2,9,1,8 C2=0,7,3,8,2,4,1,6,9
ICXetrsl_ PAIR C1=0,6,4,7,3,9,2,5,1,8 C2=0,3,8,5,9,6,1,4,2,7
ICXetrsj_ PAIR C1=0,6,3,8,1,5,2,9,4,7 C2=0,3,7,2,4,1,6,9,5,8
ICXetrsf_ PAIR C1=0,7,4,6,1,5,2,8,3,9 C2=0,3,7,2,4,1,8,5,9,6
ICXetrswo PAIR C1=0,6,1,9,2,4,7,3,8 C2=0,3,6,4,1,8,2,7,9
ICXetrsso NOPAIR
ICXetrsqo NOPAIR
ICXetrsYo PAIR C1=0,3,8,2,7,9,4,1,6 C2=0,7,3,6,4,2,9,1,8
ICXetrspo PAIR C1=0,7,4,6,1,8,2,5,9 C2=0,6,9,7,2,4,1,5,8
ICXetrsXo PAIR C1=0,6,1,4,2,9,5,8,3,7 C2=0,3,6,4,7,9,1,5,2,8
ICXetre{O PAIR C1=0,6,4,7,2,8,1,9 C2=0,7,9,2,4,1,6,8
ICXetreyO PAIR C1=0,8,2,7,4,6,1,9 C2=0,6,8,1,4,2,9,7
ICXetrexO PAIR C1=0,6,4,7,2,8,5,1,9 C2=0,7,9,5,2,4,1,6,8
ICXetre\O PAIR C1=0,7,4,2,9,3,6,1,5,8 C2=0,3,7,9,5,2,8,1,4,6
ICXetrejO PAIR C1=0,8,5,1,6,4,7,2,9 C2=0,6,8,1,4,2,5,9,7
ICXetqu}? PAIR C1=0,7,4,6,3,9,2,8 C2=0,6,8,3,7,2,4,9
ICXetquz? PAIR C1=0,6,3,8,2,5,1,9,4,7 C2=0,3,7,2,4,1,6,8,5,9
ICXetqumO PAIR C1=0,6,4,7,2,9,3,8 C2=0,3,6,8,2,4,9,7
ICXetjw}? PAIR C1=0,8,3,6,4,1,9 C2=0,3,9,4,8,1,6
ICXetjw|? PAIR C1=0,7,3,9,2,5,1,6,4,8 C2=0,6,3,8,1,4,2,7,5,9
ICXetjwv? PAIR C1=0,6,4,8,3,7,2,5,1,9 C2=0,3,6,1,8,2,4,9,5,7
ICXetjwn? PAIR C1=0,7,5,2,9,3,6,1,4,8 C2=0,3,7,2,8,1,5,9,4,6
ICXetjw{_ NOPAIR
ICXetjwu_ PAIR C1=0,8,3,6,4,1,9 C2=0,3,9,4,8,1,6
ICXetjwm_ NOPAIR
ICXetjwx_ PAIR C1=0,8,4,6,3,7,2,5,1,9 C2=0,3,8,2,4,1,6,9,5,7
ICXetjwt_ PAIR C1=0,6,4,8,1,5,2,7,3,9 C2=0,3,8,2,4,1,6,9,5,7
ICXetjwl_ PAIR C1=0,7,2,5,1,8,4,6,3,9 C2=0,3,7,5,9,6,1,4,2,8
ICXetjwj_ PAIR C1=0,7,2,5,1,8,3,6,4,9 C2=0,3,7,5,9,6,1,4,2,8
ICXetjw{O PAIR C1=0,7,2,8,3,6,4,1,9 C2=0,3,7,9,2,4,8,1,6
ICXetjwyO PAIR C1=0,6,1,9,2,4,8,3,7 C2=0,3,6,4,1,8,2,7,9
ICXetjwuO PAIR C1=0,6,3,8,4,1,9 C2=0,3,9,4,6,1,8
ICXetjwmO NOPAIR
ICXetjwxO PAIR C1=0,3,7,5,2,9,1,6,4,8 C2=0,6,3,8,2,4,1,5,9,7
ICXetjwtO PAIR C1=0,6,1,5,7,2,4,8,3,9 C2=0,3,6,4,1,8,2,5,9,7
ICXetjwrO PAIR C1=0,3,8,4,2,7,5,9,1,6 C2=0,8,2,5,1,4,6,3,7,9
ICXetjwfO PAIR C1=0,3,6,4,9,7,2,5,1,8 C2=0,6,1,4,2,8,3,7,5,9
ICXetjwwo PAIR C1=0,6,4,2,9,1,8,3,7 C2=0,3,6,1,4,8,2,7,9
ICXetjwso NOPAIR
ICXetjwqo NOPAIR
ICXetjwio PAIR C1=0,7,3,6,4,9,2,8 C2=0,3,8,4,2,7,9,6
ICXetjwYo PAIR C1=0,7,3,6,4,9,2,8 C2=0,3,8,4,2,7,9,6
ICXetjwpo PAIR C1=0,7,2,8,4,6,1,5,9 C2=0,6,9,7,5,2,4,1,8
ICXetjwho PAIR C1=0,7,2,8,4,6,1,5,9 C2=0,6,9,7,5,2,4,1,8
ICXetjwXo PAIR C1=0,3,6,1,4,8,2,9,5,7 C2=0,6,4,2,5,1,9,7,3,8
ICXetjwRo PAIR C1=0,6,1,5,9,4,2,7,3,8 C2=0,3,6,9,1,4,8,2,5,7
ICXetjwJo PAIR C1=0,6,3,8,4,9,2,7 C2=0,3,7,9,6,4,2,8
ICXetjk}? PAIR C1=0,6,4,8,2,5,1,9,3,7 C2=0,3,6,1,4,9,2,7,5,8
ICXetjkz? PAIR C1=1,5,2,9,4,8 C2=1,4,2,8,5,9
ICXetjk^? PAIR C1=0,7,5,1,4,6,3,9,2,8 C2=0,3,7,2,4,9,5,8,1,6
ICXetjk{_ PAIR C1=0,6,3,9,1,8,5,2,7 C2=0,3,7,5,1,6,9,2,8
ICXetjkx_ NOPAIR
ICXetjkl_ PAIR C1=0,8,1,6,4,2,5,7,3,9 C2=0,3,6,9,5,1,4,8,2,7
ICXetjkZ_ PAIR C1=1,4,8,5,2,9 C2=1,5,9,4,2,8
ICXetjkwo PAIR C1=0,7,5,2,8,4,6,1,9 C2=0,6,9,7,2,4,1,5,8
ICXetjk[o PAIR C1=0,7,3,6,4,2,9,1,5,8 C2=0,3,9,7,5,2,8,4,1,6
ICXetjkqo PAIR C1=0,7,5,2,8,1,6,4,9 C2=0,6,9,7,2,4,1,5,8
ICXetjkio PAIR C1=0,7,5,2,8,1,6,4,9 C2=0,6,9,7,2,4,1,5,8
ICXetjkYo NOPAIR
ICXetjqyO PAIR C1=0,3,6,4,9,1,8,2,7 C2=0,6,1,4,2,9,7,3,8
ICXetjqxO PAIR C1=0,3,7,2,5,9,1,8,6 C2=0,7,5,1,6,3,8,2,9
ICXetjixO PAIR C1=0,6,4,8,1,5,7,2,9 C2=0,7,9,5,2,4,1,6,8
ICXetji\O PAIR C1=0,3,7,2,9,1,8,4,6 C2=0,7,9,3,6,1,4,2,8
ICXetiyyO PAIR C1=0,3,6,8,4,9,2,7 C2=0,6,4,2,8,3,7,9
ICXetiymO PAIR C1=0,7,3,6,4,9,2,8 C2=0,3,9,7,2,4,8,6
ICXetiyjO PAIR C1=0,6,3,7,2,8,4,9 C2=0,3,8,6,4,2,9,7
ICXetjeyO PAIR C1=0,7,5,2,9,4,6,1,8 C2=0,6,8,5,1,4,2,7,9
ICXetje]O PAIR C1=0,6,3,7,2,9,4,1,5,8 C2=0,3,9,1,8,6,4,2,5,7
ICXetjexO NOPAIR
ICXetiuxO NOPAIR
ICXetiulO PAIR C1=0,7,2,5,9,3,8 C2=0,3,7,5,8,2,9
ICXethm{O PAIR C1=0,7,5,8,2,4,1,6,3,9 C2=0,3,7,9,2,5,1,8,4,6
ICXethmZO PAIR C1=1,5,8,4,2,9 C2=1,4,9,5,2,8
ICXerYuz? PAIR C1=1,5,2,9,4,7 C2=1,4,2,7,5,9
ICXerYu{O PAIR C1=0,8,3,6,4,7,2,5,1,9 C2=0,3,9,7,5,8,2,4,1,6
ICXb^a\z? PAIR C1=1,4,9,2,6,5 C2=1,6,4,2,5,9
ICXb^a\{_ PAIR C1=0,3,9,1,7,2,5,6,4,8 C2=0,7,3,8,5,1,4,2,6,9
ICZbersNO PAIR C1=0,5,1,8,3,9,2,4,7 C2=0,3,7,1,4,9,5,2,8
ICZbersLo PAIR C1=0,5,9,2,6,1,8,3,7 C2=0,3,6,9,7,1,5,2,8
ICZberkko PAIR C1=0,3,7,9,6,2,8,4,1,5 C2=0,7,4,2,5,8,1,6,3,9
ICZber[jO PAIR C1=0,7,1,5,8,4,9 C2=0,5,9,7,4,1,8
ICZber[NO NOPAIR
ICZber[Fo NOPAIR
ICZbeq{}? PAIR C1=0,5,1,9,3,7,4,2,8 C2=0,3,8,5,2,9,4,1,7
ICZbeq{z? NOPAIR
ICZbeq{v? PAIR C1=0,5,1,9,3,8,4,7 C2=0,3,7,1,4,9,5,8
ICZbeq{n? NOPAIR
ICZbeq{^? PAIR C1=0,5,1,9,3,8,4,7 C2=0,3,7,1,4,9,5,8
ICZbeq{{_ PAIR C1=0,5,1,7,4,8,3,6,2,9 C2=0,7,3,9,6,1,4,2,5,8
ICZbeq{y_ PAIR C1=0,5,1,6,3,7,4,8,2,9 C2=0,3,8,5,2,6,9,4,1,7
ICZbeq{u_ PAIR C1=0,5,1,9,3,6,2,8,4,7 C2=0,3,7,1,6,9,4,2,5,8
ICZbeq{m_ PAIR C1=0,5,1,6,3,9,2,8,4,7 C2=0,3,7,1,4,9,6,2,5,8
ICZbeq{r_ PAIR C1=0,8,2,5,1,6,3,7,4,9 C2=0,3,8,5,9,6,2,4,1,7
ICZbeq{f_ PAIR C1=0,8,2,5,1,6,3,7,4,9 C2=0,3,8,5,9,6,2,4,1,7
ICZbeq{V_ PAIR C1=0,5,2,8,3,6,1,9,4,7 C2=0,3,7,1,4,2,6,9,5,8
ICZbeq{{O PAIR C1=0,5,8,2,9,1,4,7 C2=0,8,4,2,5,1,7,9
ICZbeq{uO NOPAIR
ICZbeq{mO NOPAIR
ICZbeq{xO PAIR C1=0,7,4,2,8,5,1,9 C2=0,5,2,9,7,1,4,8
ICZbeq{tO NOPAIR
ICZbeq{lO NOPAIR
ICZbeq{\O PAIR C1=0,3,9,5,1,7,4,2,8 C2=0,5,2,9,1,4,8,3,7
ICZbeq{rO NOPAIR
ICZbeq{jO NOPAIR
ICZbeq{ZO NOPAIR
ICZbeq{VO PAIR C1=0,5,1,9,3,7,4,8 C2=0,3,8,5,9,4,1,7
ICZbeq{NO NOPAIR
ICZbeq{wo PAIR C1=0,7,4,8,3,6,2,5,1,9 C2=0,3,7,9,6,1,4,2,8,5
ICZbeq{ko PAIR C1=0,5,1,6,2,9,3,8,4,7 C2=0,3,6,9,7,1,4,2,5,8
ICZbeq{[o PAIR C1=0,5,2,9,1,6,3,7,4,8 C2=0,3,8,5,1,4,2,6,9,7
ICZbeq{io PAIR C1=0,5,1,6,2,8,3,7,4,9 C2=0,3,6,9,7,1,4,2,5,8
ICZbeq{ho PAIR C1=0,5,1,7,4,8,3,6,2,9 C2=0,3,7,9,6,1,4,2,5,8
ICZbeq{To PAIR C1=1,6,3,9,5,2,8,4,7 C2=1,4,2,6,9,7,3,8,5
ICZbeq{Lo PAIR C1=0,3,8,2,6,9,7,4,1,5 C2=0,7,1,6,3,9,5,2,4,8
ICZbeq{Ro PAIR C1=0,5,2,6,1,9,4,8,3,7 C2=0,3,6,9,5,1,7,4,2,8
ICZbeq{Jo PAIR C1=0,5,1,6,2,9,4,8,3,7 C2=0,3,6,9,7,1,4,2,5,8
ICZbeq{Fo PAIR C1=1,5,9,3,7,4,8,2,6 C2=1,4,2,5,8,3,6,9,7
ICZbep{Lo PAIR C1=1,5,9,3,7,4,8,2,6 C2=1,4,2,5,8,3,6,9,7
ICZberUho PAIR C1=0,7,3,6,1,8,5,9 C2=0,3,8,6,9,7,1,5
ICZberUdo PAIR C1=0,7,1,6,3,8,5,9 C2=0,3,7,9,6,8,1,5
ICZbequ}? PAIR C1=0,7,4,9,2,5,1,6,3,8 C2=0,5,8,6,2,4,1,7,3,9
ICZbequ|? NOPAIR
ICZbequn? PAIR C1=0,7,4,9,3,6,1,5,2,8 C2=0,3,7,1,4,2,6,8,5,9
ICZbequt_ NOPAIR
ICZbequl_ NOPAIR
ICZbequr_ PAIR C1=0,5,8,3,6,2,4,9,1,7 C2=0,3,7,4,1,5,2,8,6,9
ICZbequ{O PAIR C1=0,3,7,9,2,8,6,1,5 C2=0,7,1,9,3,6,2,5,8
ICZbequyO PAIR C1=0,5,1,6,2,9,4,7,3,8 C2=0,3,6,8,5,2,4,1,7,9
ICZbequuO PAIR C1=0,5,1,6,2,8,3,9,4,7 C2=0,3,6,8,5,2,4,1,7,9
ICZbequtO NOPAIR
ICZbequlO NOPAIR
ICZbequ\O PAIR C1=0,7,3,6,1,9,5,2,8 C2=0,3,8,6,2,9,7,1,5
ICZbequVO PAIR C1=1,6,2,5,8,3,9,4,7 C2=1,4,2,8,6,3,7,9,5
ICZbequNO PAIR C1=1,6,2,5,8,3,9,4,7 C2=1,4,2,8,6,3,7,9,5
ICZbequpo PAIR C1=0,7,3,6,1,9,5,8 C2=0,3,8,6,9,7,1,5
ICZbequho NOPAIR
ICZbequXo PAIR C1=0,7,3,6,1,9,5,8 C2=0,3,8,6,9,7,1,5
ICZbequdo NOPAIR
ICZbequRo PAIR C1=0,7,3,6,1,9,5,8 C2=0,3,8,6,9,7,1,5
ICZberMbo PAIR C1=0,8,4,7,1,5,9 C2=0,5,8,1,4,9,7
ICZbeqmv? PAIR C1=0,3,7,4,8,5,2,6,1,9 C2=0,5,9,3,6,8,2,4,1,7
ICZbeqmn? PAIR C1=0,5,1,6,3,7,4,8,2,9 C2=0,3,9,5,8,6,2,4,1,7
ICZbeqmy_ NOPAIR
ICZbeqmu_ PAIR C1=0,5,1,9,3,6,2,8,4,7 C2=0,3,7,1,4,2,5,8,6,9
ICZbeqmm_ PAIR C1=0,5,1,6,3,7,4,8,2,9 C2=0,3,9,6,8,5,2,4,1,7
ICZbeqm]_ PAIR C1=0,5,1,9,2,6,3,7,4,8 C2=0,3,9,6,8,5,2,4,1,7
ICZbeqm\_ PAIR C1=0,5,1,9,3,6,2,8,4,7 C2=0,3,7,1,4,2,5,9,6,8
ICZbeqmr_ PAIR C1=1,6,2,5,8,4,9 C2=1,4,2,8,6,9,5
ICZbeqmZ_ PAIR C1=1,6,2,5,8,4,9 C2=1,4,2,8,6,9,5
ICZbeqmf_ PAIR C1=0,7,4,9,3,6,1,5,8 C2=0,3,7,1,4,8,6,9,5
ICZbeqmV_ PAIR C1=0,7,4,9,3,6,1,5,8 C2=0,3,7,1,4,8,6,9,5
ICZbeqm{O PAIR C1=0,5,1,6,2,9,3,7,4,8 C2=0,3,6,8,5,2,4,1,7,9
ICZbeqmxO PAIR C1=0,7,4,2,8,5,1,9 C2=0,5,2,9,7,1,4,8
ICZbeqmrO NOPAIR
ICZbeqmjO NOPAIR
ICZbeqmZO NOPAIR
ICZbeqmfO PAIR C1=0,3,9,4,8,6,2,5,1,7 C2=0,5,9,7,3,6,1,4,2,8
ICZbeqmVO PAIR C1=0,3,9,1,5,2,6,8,4,7 C2=0,5,9,7,3,6,1,4,2,8
ICZbeqmNO PAIR C1=0,5,2,6,1,7,3,9,4,8 C2=0,3,6,8,2,4,1,5,9,7
ICZbeqmwo PAIR C1=0,5,8,6,1,7,4,2,9 C2=0,7,9,6,2,5,1,4,8
ICZbeqmso PAIR C1=0,5,8,4,2,6,1,9,3,7 C2=0,3,6,9,7,4,1,5,2,8
ICZbeqmko PAIR C1=0,7,4,8,5,1,6,2,9 C2=0,5,2,4,1,7,9,6,8
ICZbeqm[o PAIR C1=0,7,1,9,3,6,2,5,8 C2=0,3,7,9,2,8,6,1,5
ICZbeqmqo PAIR C1=0,8,5,2,6,1,7,4,9 C2=0,5,1,4,2,8,6,9,7
ICZbeqmio PAIR C1=0,8,5,2,6,1,7,4,9 C2=0,5,1,4,2,8,6,9,7
ICZbeqmYo NOPAIR
ICZbeqmeo PAIR C1=0,8,5,2,6,1,7,4,9 C2=0,5,1,4,2,8,6,9,7
ICZbeqmpo PAIR C1=0,8,4,7,1,6,2,5,9 C2=0,5,1,4,2,8,6,9,7
ICZbeqmho PAIR C1=0,8,4,7,1,6,2,5,9 C2=0,5,1,4,2,8,6,9,7
ICZbeqmXo NOPAIR
ICZbeqmdo PAIR C1=0,7,4,8,2,6,1,5,9 C2=0,5,2,4,1,7,9,6,8
ICZbeqmTo PAIR C1=0,5,8,4,2,6,1,9,3,7 C2=0,3,6,9,7,4,1,5,2,8
ICZbeqmbo PAIR C1=0,8,4,7,1,6,2,5,9 C2=0,5,1,4,2,8,6,9,7
ICZbeqmRo PAIR C1=1,4,2,6,8,5,9 C2=1,5,2,8,4,9,6
ICZbeqmJo NOPAIR
ICZbeqmFo PAIR C1=0,7,3,9,4,2,6,1,5,8 C2=0,3,6,9,7,1,4,8,2,5
ICZbeq]}? PAIR C1=0,5,1,9,2,6,3,8,4,7 C2=0,3,7,1,6,8,5,2,4,9
ICZbeq]v? PAIR C1=0,3,9,1,5,8,4,7 C2=0,5,9,4,1,7,3,8
ICZbeq]^? PAIR C1=0,5,2,9,1,6,3,7,4,8 C2=0,3,9,5,8,6,2,4,1,7
ICZbeq]t_ NOPAIR
ICZbeq]r_ PAIR C1=0,7,3,6,1,4,8,5,9 C2=0,3,8,6,9,4,7,1,5
ICZbeq]f_ PAIR C1=0,7,4,9,3,6,1,5,8 C2=0,3,7,1,4,8,6,9,5
ICZbeq]uO NOPAIR
ICZbeq]mO PAIR C1=0,5,1,6,2,9,3,8,4,7 C2=0,3,6,8,5,2,4,1,7,9
ICZbeq]tO NOPAIR
ICZbeq]\O PAIR C1=0,5,1,9,2,6,3,8,4,7 C2=0,3,7,9,5,2,4,1,6,8
ICZbeq]rO NOPAIR
ICZbeq]jO PAIR C1=0,5,1,7,4,8,3,6,2,9 C2=0,3,7,9,5,2,4,1,6,8
ICZbeq]VO PAIR C1=0,5,1,9,3,7,4,8 C2=0,3,8,5,9,4,1,7
ICZbeq]NO PAIR C1=1,5,8,6,3,9,2,4,7 C2=1,4,8,3,7,9,5,2,6
ICZbeq]po PAIR C1=0,7,3,6,1,9,5,8 C2=0,3,8,6,9,7,1,5
ICZbeq]ho PAIR C1=0,7,4,8,5,1,6,2,9 C2=0,5,2,4,1,7,9,6,8
ICZbeq]do NOPAIR
ICZbeq]bo PAIR C1=0,3,8,6,9,4,7,1,5 C2=0,7,3,6,1,4,8,5,9
ICZbeq]Ro PAIR C1=0,7,3,6,1,9,5,8 C2=0,3,8,6,9,7,1,5
ICZbeq]Jo PAIR C1=0,3,6,2,9,4,8,5,1,7 C2=0,5,2,4,1,6,9,7,3,8
ICZbeqx}? NOPAIR
ICZbeqx|? PAIR C1=0,5,2,9,1,7,4,8 C2=0,7,8,2,4,1,5,9
ICZbeqxx_ PAIR C1=0,5,9,1,6,2,8,3,7 C2=0,3,6,9,2,5,1,7,8
ICZbeqt}? PAIR C1=0,5,1,7,4,9,2,8 C2=0,7,8,5,2,4,1,9
ICZbeqt^? PAIR C1=0,7,3,9,1,4,2,5,8 C2=0,3,8,2,9,4,7,1,5
ICZbeqt{_ PAIR C1=0,5,8,2,6,1,9,3,7 C2=0,3,6,9,2,5,1,7,8
ICZbeqty_ PAIR C1=0,5,1,7,4,9,2,6,3,8 C2=0,3,7,8,5,2,4,1,6,9
ICZbeqt\_ PAIR C1=0,3,7,8,2,9,6,1,5 C2=0,7,1,9,5,2,6,3,8
ICZbeqtV_ PAIR C1=1,6,2,5,8,3,9,4,7 C2=1,4,2,8,7,3,6,9,5
ICZbeqlz? PAIR C1=0,8,5,1,7,4,9 C2=0,5,9,1,4,8,7
ICZbeql{_ PAIR C1=0,7,3,9,6,1,5,2,8 C2=0,3,6,2,9,1,7,8,5
ICZbeq\v? PAIR C1=0,7,1,5,8,4,9 C2=0,5,9,1,4,7,8
ICZbeq\^? PAIR C1=0,3,8,4,7,1,9,5 C2=0,7,3,9,4,1,5,8
ICZbeq\V_ PAIR C1=0,5,9,1,4,7,3,8 C2=0,3,9,4,8,5,1,7
ICZbeo|^? NOPAIR
ICZbeo|{_ PAIR C1=0,5,2,6,1,7,4,8,3,9 C2=0,3,6,9,2,4,1,5,8,7
ICZbeo|\_ PAIR C1=1,5,8,4,7,3,9,2,6 C2=1,4,2,5,9,6,3,8,7
ICZbeo|V_ PAIR C1=1,6,2,5,8,3,9,4,7 C2=1,4,2,8,7,3,6,9,5
ICZbeqf}? PAIR C1=0,7,4,2,6,3,9,1,5,8 C2=0,3,7,8,6,1,4,9,2,5
ICZbeqfx_ NOPAIR
ICZbeqf\_ PAIR C1=0,7,3,6,1,9,5,8 C2=0,3,9,6,8,7,1,5
ICZbeqNy_ PAIR C1=0,7,4,9,2,6,1,5,8 C2=0,5,2,4,1,7,8,6,9
ICZbeonZ_ PAIR C1=1,5,9,4,2,8,6 C2=1,4,8,5,2,6,9
ICZbejwn? PAIR C1=0,5,1,8,4,2,9,3,7 C2=0,3,8,2,5,7,1,4,9
ICZbejwNO NOPAIR
ICZbejwLo PAIR C1=0,7,1,5,9,2,6,3,8 C2=0,3,7,9,6,1,8,2,5
ICZbejqn? PAIR C1=0,8,1,5,7,3,6,2,9 C2=0,3,9,5,2,8,6,1,7
ICZbejil_ PAIR C1=0,3,9,2,5,7,1,6,8 C2=0,7,3,6,2,8,1,5,9
ICZbejiho PAIR C1=0,5,7,1,6,8,2,9 C2=0,7,9,6,2,5,1,8
ICZbeiy}? PAIR C1=0,5,1,7,3,6,2,9,4,8 C2=0,7,5,2,4,1,6,8,3,9
ICZbeiy|? PAIR C1=0,8,2,5,7,3,6,1,9 C2=0,3,8,6,2,9,5,1,7
ICZbeiyv? PAIR C1=0,5,2,6,1,9,4,8,3,7 C2=0,3,6,8,2,4,1,7,5,9
ICZbeiyn? PAIR C1=0,5,1,7,3,9,4,2,6,8 C2=0,3,6,1,4,8,2,9,5,7
ICZbeiy^? PAIR C1=0,5,2,6,3,7,1,9,4,8 C2=0,3,8,6,1,4,2,9,5,7
ICZbeiy{_ PAIR C1=0,7,5,1,6,2,9,3,8 C2=0,3,7,1,9,6,8,2,5
ICZbeiyx_ PAIR C1=0,8,6,3,7,1,5,2,9 C2=0,3,8,2,6,1,9,5,7
ICZbeiyt_ NOPAIR
ICZbeiyl_ NOPAIR
ICZbeiy\_ PAIR C1=0,7,5,1,6,2,9,3,8 C2=0,3,7,1,9,6,8,2,5
ICZbeiyr_ PAIR C1=0,3,8,2,6,9,4,1,7,5 C2=0,7,3,6,8,4,2,5,1,9
ICZbeiyj_ PAIR C1=0,7,5,1,6,3,8,2,4,9 C2=0,3,7,1,4,8,6,9,2,5
ICZbeiyf_ PAIR C1=0,5,7,3,8,2,6,1,4,9 C2=0,3,9,6,8,4,2,5,1,7
ICZbeiyV_ PAIR C1=0,3,6,8,2,4,9,1,7,5 C2=0,7,3,9,6,2,5,1,4,8
ICZbeiy{O PAIR C1=0,5,7,1,6,2,9,3,8 C2=0,3,6,8,2,5,1,9,7
ICZbeiyyO PAIR C1=0,5,2,6,1,9,4,8,3,7 C2=0,3,6,8,2,4,1,5,7,9
ICZbeiyuO PAIR C1=0,5,2,6,1,9,4,8,3,7 C2=0,3,6,8,2,4,1,5,7,9
ICZbeiymO PAIR C1=0,5,2,6,1,7,3,9,4,8 C2=0,3,6,8,2,4,1,5,7,9
ICZbeiy]O PAIR C1=0,7,3,6,1,5,2,9,4,8 C2=0,3,8,6,2,4,1,9,7,5
ICZbeiyxO PAIR C1=0,3,7,9,2,8,6,1,5 C2=0,7,1,9,5,2,6,3,8
ICZbeiylO NOPAIR
ICZbeiy\O PAIR C1=0,7,5,1,9,2,6,3,8 C2=0,3,9,7,1,6,8,2,5
ICZbeiyVO PAIR C1=0,5,2,6,1,7,3,9,4,8 C2=0,3,6,8,2,4,1,5,9,7
ICZbeiyNO PAIR C1=0,7,3,6,1,5,2,9,4,8 C2=0,3,8,6,2,4,1,7,9,5
ICZbeiywo PAIR C1=0,3,7,9,2,8,6,1,5 C2=0,8,3,6,2,5,7,1,9
ICZbeiyso NOPAIR
ICZbeiyko NOPAIR
ICZbeiy[o PAIR C1=0,3,8,6,2,9,1,7,5 C2=0,7,9,3,6,1,5,2,8
ICZbeiyqo PAIR C1=0,7,5,1,6,2,8,4,9 C2=0,5,2,4,1,7,9,6,8
ICZbeiyio PAIR C1=0,3,7,9,6,2,8,4,1,5 C2=0,8,3,6,1,7,5,2,4,9
ICZbeiypo NOPAIR
ICZbeiyho PAIR C1=0,7,5,9,2,6,3,8 C2=0,3,7,9,6,8,2,5
ICZbeiyXo PAIR C1=0,7,5,9,2,6,3,8 C2=0,3,7,9,6,8,2,5
ICZbeiydo NOPAIR
ICZbeiyTo NOPAIR
ICZbeiyLo PAIR C1=0,7,5,9,2,6,3,8 C2=0,3,7,9,6,8,2,5
ICZbeiyRo PAIR C1=0,5,9,4,2,8,3,6,1,7 C2=0,3,7,9,6,2,5,1,4,8
ICZbehyho PAIR C1=0,3,7,9,2,8,6,1,5 C2=0,7,1,8,3,6,2,5,9
ICZbehyLo PAIR C1=1,6,8,2,5,9,3,7 C2=1,5,7,9,2,6,3,8
ICZbeiu}? PAIR C1=0,8,2,5,7,3,6,1,9 C2=0,3,9,2,6,8,5,1,7
ICZbeiu]O PAIR C1=0,5,7,1,6,2,9,3,8 C2=0,3,6,8,2,5,1,9,7
ICZbeiuio PAIR C1=0,7,5,8,3,6,2,9 C2=0,3,7,9,6,8,2,5
ICZbeiuMo PAIR C1=0,5,8,6,2,9,3,7 C2=0,3,6,9,7,5,2,8
ICZbei]y_ PAIR C1=0,5,7,3,6,2,9,1,4,8 C2=0,3,8,6,9,4,2,5,1,7
ICZbei]so PAIR C1=0,8,5,7,3,6,1,9 C2=0,3,8,6,9,7,1,5
ICZbeg}wo PAIR C1=0,7,5,8,3,6,2,9 C2=0,3,7,9,6,8,2,5
ICZbeir}? PAIR C1=0,5,7,1,9,3,6,2,8 C2=0,3,7,8,6,1,5,2,9
ICZbeir^? PAIR C1=0,7,1,5,9,3,6,2,8 C2=0,3,7,8,6,1,9,2,5
ICZbeirr_ PAIR C1=0,8,3,6,1,7,5,9 C2=0,3,7,8,6,9,1,5
ICZbay{[o PAIR C1=1,5,7,4,8,2,6,3,9 C2=1,4,2,5,8,3,7,9,6
ICZbayy}? PAIR C1=0,5,2,6,3,9,1,7,4,8 C2=0,3,7,5,1,6,8,2,4,9
ICZbayy|? PAIR C1=0,5,2,9,1,6,3,7,4,8 C2=0,3,8,6,2,4,1,7,5,9
ICZbayyz? PAIR C1=0,5,2,6,1,9,4,7,3,8 C2=0,3,6,8,2,4,1,7,5,9
ICZbayyv? PAIR C1=0,5,2,6,1,9,4,7,3,8 C2=0,3,6,8,2,4,1,7,5,9
ICZbayy^? PAIR C1=1,4,9,2,6,8,3,7,5 C2=1,6,3,9,5,2,8,4,7
ICZbayy]_ NOPAIR
ICZbayyf_ PAIR C1=0,8,3,6,1,5,7,4,9 C2=0,3,7,1,4,8,6,9,5
ICZbayyV_ PAIR C1=1,5,7,4,8,2,6,3,9 C2=1,4,2,5,9,6,8,3,7
ICZbayyN_ PAIR C1=1,5,7,4,8,2,9,3,6 C2=1,4,2,5,9,6,8,3,7
ICZbayy{O PAIR C1=0,5,2,6,1,9,3,7,4,8 C2=0,3,6,8,2,4,1,5,7,9
ICZbayyxO PAIR C1=0,8,4,7,3,6,1,5,2,9 C2=0,3,8,6,2,4,1,7,9,5
ICZbayylO PAIR C1=0,8,4,7,3,6,1,5,2,9 C2=0,3,8,6,2,4,1,7,9,5
ICZbayy\O PAIR C1=1,5,7,4,8,2,6,3,9 C2=1,4,2,5,9,7,3,8,6
ICZbayyZO NOPAIR
ICZbayyVO PAIR C1=1,5,7,4,8,2,6,3,9 C2=1,4,2,5,9,7,3,8,6
ICZbayyNO PAIR C1=1,4,2,8,6,3,9,7,5 C2=1,6,2,5,9,4,8,3,7
ICZbayyio PAIR C1=0,3,7,9,6,2,8,4,1,5 C2=0,8,3,6,1,7,5,2,4,9
ICZbayyYo NOPAIR
ICZbayyUo NOPAIR
ICZbayyMo NOPAIR
ICZbayypo PAIR C1=0,3,8,4,7,1,5,2,6,9 C2=0,5,9,7,3,6,1,4,2,8
ICZbayyho PAIR C1=0,3,7,4,8,2,6,1,5,9 C2=0,5,2,4,1,7,9,6,3,8
ICZbayyXo NOPAIR
ICZbayydo PAIR C1=0,5,7,4,1,6,2,8,3,9 C2=0,3,6,9,7,1,5,2,4,8
ICZbayyTo PAIR C1=1,5,7,4,8,2,6,3,9 C2=1,4,2,5,9,7,3,8,6
ICZbayyLo PAIR C1=1,5,2,9,3,6,8,4,7 C2=1,4,2,8,3,7,5,9,6
ICZbayybo PAIR C1=0,8,2,5,7,3,6,1,4,9 C2=0,3,8,4,2,6,9,7,1,5
ICZbayyRo NOPAIR
ICZbayyFo PAIR C1=1,5,9,4,8,2,6,3,7 C2=1,4,2,5,7,9,3,8,6
ICZbayu{O PAIR C1=1,6,3,7,5,8,2,9 C2=1,5,2,6,8,3,9,7
ICZbayu]O PAIR C1=1,5,7,4,9,3,8,2,6 C2=1,4,2,5,8,6,3,7,9
ICZbayu[o PAIR C1=1,6,3,9,2,8,5,7 C2=1,5,2,6,8,3,7,9
ICZbaymeo PAIR C1=0,8,5,2,4,7,1,6,3,9 C2=0,3,7,9,6,2,8,4,1,5
ICZbay]u_ PAIR C1=0,5,7,1,6,3,9,4,8 C2=0,3,7,4,1,5,8,6,9
ICZbay]]_ PAIR C1=1,5,7,4,8,3,6,2,9 C2=1,4,2,5,8,6,9,3,7
ICZbay]eo PAIR C1=0,3,9,6,1,4,7,5,8 C2=0,5,1,7,3,6,8,4,9
ICZbay]Uo NOPAIR
ICZbay]Mo PAIR C1=1,4,8,6,3,9,2,5,7 C2=1,5,8,3,7,9,4,2,6
ICZbaw}u_ PAIR C1=1,5,7,3,9,4,8,2,6 C2=1,7,4,2,5,8,3,6,9
ICZbayr}? PAIR C1=0,5,2,6,1,9,4,7,3,8 C2=0,3,6,8,7,5,1,4,2,9
ICZbayr|? PAIR C1=1,6,2,8,3,7,5,9 C2=1,5,2,9,3,6,8,7
ICZbayr^? PAIR C1=1,6,3,8,2,5,7,4,9 C2=1,4,2,6,8,7,3,9,5
ICZbayr\_ PAIR C1=1,5,7,8,3,9,2,6 C2=1,7,3,6,8,2,5,9
ICZbayjf_ PAIR C1=0,8,4,2,5,7,1,6,3,9 C2=0,3,7,8,2,6,9,4,1,5
ICZbawz|? PAIR C1=1,7,5,2,6,8,3,9 C2=1,5,9,2,8,7,3,6
ICZbmqw}? PAIR C1=0,5,1,6,2,4,7,3,9 C2=0,3,6,5,2,9,4,1,7
ICZbmqw|? PAIR C1=0,5,2,6,3,8,4,7,1,9 C2=0,7,3,9,5,6,1,4,2,8
ICZbmqwz? PAIR C1=0,5,2,9,1,6,3,8,4,7 C2=0,3,7,1,4,9,5,6,2,8
ICZbmqwv? PAIR C1=0,7,4,8,3,6,2,5,1,9 C2=0,3,7,1,6,5,9,4,2,8
ICZbmqw^? PAIR C1=0,5,2,9,1,6,3,8,4,7 C2=0,3,7,1,4,9,5,6,2,8
ICZbmqwx_ PAIR C1=0,3,8,4,7,1,6,5,2,9 C2=0,7,3,6,9,5,1,4,2,8
ICZbmqwt_ PAIR C1=0,8,2,6,5,1,4,7,3,9 C2=0,3,8,4,2,5,9,6,1,7
ICZbmqwr_ PAIR C1=0,8,4,2,6,3,7,1,5,9 C2=0,3,8,2,5,6,9,1,4,7
ICZbmqwZ_ PAIR C1=0,5,2,8,3,6,1,9,4,7 C2=0,3,7,1,5,6,9,2,4,8
ICZbmqwf_ PAIR C1=0,5,1,6,2,8,4,7,3,9 C2=0,7,1,4,2,5,9,6,3,8
ICZbmqw{O PAIR C1=0,5,2,6,1,9,3,8,4,7 C2=0,8,2,4,1,5,6,3,7,9
ICZbmqwyO PAIR C1=0,5,1,7,4,8,3,6,2,9 C2=0,3,7,9,4,1,6,5,2,8
ICZbmqwuO PAIR C1=0,5,2,6,1,9,3,8,4,7 C2=0,3,6,5,1,7,9,4,2,8
ICZbmqwmO PAIR C1=0,5,1,7,4,8,3,6,2,9 C2=0,3,7,9,4,1,6,5,2,8
ICZbmqwxO PAIR C1=0,7,4,8,3,6,2,5,1,9 C2=0,3,7,9,5,6,1,4,2,8
ICZbmqwtO PAIR C1=0,7,4,8,3,6,2,5,1,9 C2=0,3,7,9,5,6,1,4,2,8
ICZbmqwlO PAIR C1=0,5,1,6,2,9,3,8,4,7 C2=0,3,6,5,9,7,1,4,2,8
ICZbmqw\O PAIR C1=0,5,2,6,1,9,3,8,4,7 C2=0,3,6,5,9,7,1,4,2,8
ICZbmqwrO PAIR C1=0,5,2,6,1,9,4,8,3,7 C2=0,3,6,5,9,7,1,4,2,8
ICZbmqwjO PAIR C1=0,5,1,6,2,9,4,8,3,7 C2=0,3,6,5,9,7,1,4,2,8
ICZbmqwZO PAIR C1=0,5,2,6,3,8,4,9,1,7 C2=0,3,7,9,5,6,1,4,2,8
ICZbmqwVO PAIR C1=0,5,2,6,1,9,3,8,4,7 C2=0,3,6,5,9,7,1,4,2,8
ICZbmqwNO PAIR C1=0,5,1,6,2,9,3,8,4,7 C2=0,3,6,5,9,7,1,4,2,8
ICZbmqwXo PAIR C1=0,5,2,9,1,6,3,7,4,8 C2=0,3,8,2,4,1,5,6,9,7
ICZbmqwwW PAIR C1=0,3,6,2,8,9,7,4,1,5 C2=0,7,3,8,4,2,5,6,1,9
ICZbmqwYW PAIR C1=0,5,1,6,2,9,4,8,3,7 C2=0,3,6,5,2,4,1,7,9,8
ICZVDhy}? PAIR C1=0,7,2,6,1,5,3,8,4,9 C2=0,5,7,3,9,2,4,1,8,6
ICZVDhy|? PAIR C1=0,6,1,5,7,3,8,2,9 C2=0,3,5,9,1,8,6,2,7
ICZVDhyz? PAIR C1=0,5,3,8,4,9,1,6,2,7 C2=0,3,7,5,9,2,4,1,8,6
ICZVDhyv? PAIR C1=0,7,3,5,1,6,2,8,4,9 C2=0,3,9,5,7,2,4,1,8,6
ICZVDhyn? PAIR C1=0,7,3,5,1,6,2,8,4,9 C2=0,3,9,5,7,2,4,1,8,6
ICZVDhy^? PAIR C1=0,5,3,8,4,9,1,6,2,7 C2=0,3,7,5,9,2,4,1,8,6
ICZVDhy{_ PAIR C1=0,5,7,3,8,2,6,1,9 C2=0,3,5,1,8,6,9,2,7
ICZVDhyx_ PAIR C1=0,5,7,3,8,2,6,1,9 C2=0,3,5,1,8,6,9,2,7
ICZVDhyt_ NOPAIR
ICZVDhyl_ NOPAIR
ICZVDhy\_ PAIR C1=0,5,9,2,6,1,8,3,7 C2=0,3,9,1,5,7,2,8,6
ICZVDhyj_ PAIR C1=0,3,7,2,9,6,8,4,1,5 C2=0,7,5,3,8,1,6,2,4,9
ICZVDhyf_ PAIR C1=0,3,5,7,2,6,1,8,4,9 C2=0,5,1,4,2,8,6,9,3,7
ICZVDhyN_ PAIR C1=0,3,8,4,9,5,1,6,2,7 C2=0,5,7,3,9,2,4,1,8,6
ICZVDhyxO PAIR C1=0,5,7,3,8,2,9,1,6 C2=0,3,5,1,8,6,2,7,9
ICZVDhy\O PAIR C1=0,5,9,1,8,3,7,2,6 C2=0,3,5,1,6,8,2,9,7
ICZVDhyrO PAIR C1=0,6,8,2,4,9,1,5,3,7 C2=0,3,8,4,1,6,2,7,9,5
ICZVDhyZO PAIR C1=0,6,2,9,4,8,1,5,3,7 C2=0,3,8,6,1,4,2,7,9,5
ICZVDhyVO PAIR C1=0,6,8,2,4,9,1,5,3,7 C2=0,3,8,4,1,6,2,7,9,5
ICZVDhypo NOPAIR
ICZVDhyXo PAIR C1=0,3,7,2,9,5,1,8,6 C2=0,5,3,8,2,6,1,9,7
ICZVDhyTo NOPAIR
ICZVDhuyO PAIR C1=0,6,1,9,2,8,5,7 C2=0,5,1,8,6,2,7,9
ICZVDhuUo PAIR C1=0,6,1,9,3,8,5,7 C2=0,3,7,9,6,8,1,5
ICZVDhm{O PAIR C1=0,6,2,7,5,8,1,9 C2=0,5,1,6,8,2,9,7
ICZVDhmwo PAIR C1=0,6,2,7,5,8,1,9 C2=0,5,1,6,8,2,9,7
ICZVDhm[o PAIR C1=0,3,9,7,2,8,6,1,5 C2=0,6,2,9,1,8,5,3,7
ICZVDg}ko PAIR C1=0,3,8,5,7,9,2,6 C2=0,5,3,9,6,8,2,7
ICZVDZw^? PAIR C1=0,3,9,2,8,4,7,5 C2=0,7,2,4,9,5,3,8
ICZVDZwZ_ PAIR C1=0,6,2,9,4,7,5,1,8 C2=0,5,9,6,1,4,8,2,7
ICZVDZwN_ PAIR C1=0,6,2,7,4,9,3,5,1,8 C2=0,3,8,2,4,1,6,9,5,7
ICZVDZwXo PAIR C1=0,6,9,5,1,8,2,4,7 C2=0,5,7,9,2,6,1,4,8
ICZVDX{m_ PAIR C1=0,6,2,9,3,5,1,8,4,7 C2=0,3,8,5,7,2,4,1,6,9
ICZVDX{{O PAIR C1=0,3,5,7,4,1,8,2,9 C2=0,5,1,9,3,8,4,2,7
ICZVDX{wo PAIR C1=0,6,1,5,7,4,8,2,9 C2=0,5,8,1,4,2,6,9,7
ICZVDX{[o PAIR C1=0,5,3,9,2,6,1,8,4,7 C2=0,3,8,5,1,4,2,7,9,6
ICZVDX{qo PAIR C1=0,7,5,1,6,2,8,4,9 C2=0,5,8,1,4,2,7,9,6
ICZVDZq\O PAIR C1=0,6,2,9,1,8,3,5,7 C2=0,3,9,7,2,8,6,1,5
ICZVDZqRo PAIR C1=0,7,4,1,5,9,6,2,8 C2=0,5,7,2,4,9,1,8,6
ICZVDZi^? PAIR C1=0,6,2,7,5,1,9,4,8 C2=0,5,9,2,8,6,1,4,7
ICZVDZi\O PAIR C1=0,5,7,9,1,8,2,6 C2=0,7,2,9,5,1,6,8
ICZVDZiFo PAIR C1=0,6,1,8,4,9,5,7 C2=0,5,1,4,7,9,6,8
ICZVDZYXo PAIR C1=0,7,4,2,6,9,5,1,8 C2=0,5,7,2,9,1,4,8,6
ICZVDZYJo PAIR C1=0,5,7,4,9,6,1,8 C2=0,6,8,4,1,5,9,7
ICZVDZYFo PAIR C1=0,5,7,4,9,3,8,1,6 C2=0,3,5,1,4,8,6,9,7
ICZVDXy}? PAIR C1=0,5,3,9,2,7,4,8,1,6 C2=0,3,8,6,2,4,9,1,5,7
ICZVDXy|? PAIR C1=0,6,2,9,3,5,1,8,4,7 C2=0,3,8,6,1,4,2,7,5,9
ICZVDXyz? PAIR C1=0,5,7,4,9,2,8,1,6 C2=0,7,2,6,8,4,1,5,9
ICZVDXyn? PAIR C1=0,6,2,7,4,8,1,5,3,9 C2=0,3,8,6,1,4,2,9,5,7
ICZVDXy{O PAIR C1=0,5,1,6,2,7,4,8,3,9 C2=0,3,5,7,9,2,4,1,8,6
ICZVDXyyO NOPAIR
ICZVDXyxO PAIR C1=0,5,7,4,8,1,6,2,9 C2=0,6,8,2,4,1,5,9,7
ICZVDXytO PAIR C1=0,5,3,9,1,6,8,2,4,7 C2=0,3,8,4,1,5,9,7,2,6
ICZVDXy\O PAIR C1=0,5,3,9,2,6,8,1,4,7 C2=0,3,8,4,2,7,9,5,1,6
ICZVDXyrO PAIR C1=0,7,5,1,6,2,8,4,9 C2=0,5,9,7,2,4,1,8,6
ICZVDXyjO PAIR C1=0,7,5,1,6,2,8,4,9 C2=0,5,9,7,2,4,1,8,6
ICZVDXyso PAIR C1=0,5,7,4,1,6,2,8,3,9 C2=0,3,5,1,8,4,2,7,9,6
ICZVDXyqo NOPAIR
ICZVDXyYo PAIR C1=1,4,8,6,2,9 C2=1,6,9,4,2,8
ICZVDXypo PAIR C1=0,6,8,1,4,2,7,5,9 C2=0,5,1,9,6,2,8,4,7
ICZVDXj|? PAIR C1=0,5,7,4,8,2,9,1,6 C2=0,7,8,6,2,4,1,5,9
ICZVBY{y_ PAIR C1=0,5,8,4,9,1,7,2,6 C2=0,8,2,4,7,5,1,6,9
ICZVBY{qo PAIR C1=0,5,7,1,6,2,8,4,9 C2=0,6,9,7,2,4,1,5,8
ICZVBYy|? PAIR C1=0,5,3,9,1,7,4,8,2,6 C2=0,3,8,6,1,4,2,7,5,9
ICZVBYyz? PAIR C1=0,5,7,2,8,4,9,1,6 C2=0,8,6,2,4,7,1,5,9
ICZVBYyv? PAIR C1=0,6,1,5,3,9,4,7,2,8 C2=0,3,8,6,2,4,1,7,5,9
ICZVBYyn? PAIR C1=0,6,2,9,3,5,1,7,4,8 C2=0,3,8,6,1,4,2,7,5,9
ICZVBYy^? PAIR C1=0,5,3,8,2,7,4,9,1,6 C2=0,3,9,5,7,1,4,2,6,8
ICZVBYyy_ NOPAIR
ICZVBYyu_ PAIR C1=0,3,9,6,8,2,7,4,1,5 C2=0,6,2,4,9,1,7,5,3,8
ICZVBYy]_ PAIR C1=0,6,2,9,3,5,1,7,4,8 C2=0,3,8,6,9,1,4,2,7,5
ICZVBYyx_ PAIR C1=0,6,1,4,8,2,7,5,9 C2=0,5,1,7,4,2,9,6,8
ICZVBYy\_ PAIR C1=0,5,1,9,3,8,4,7,2,6 C2=0,3,5,7,1,4,2,9,6,8
ICZVBYyr_ PAIR C1=0,6,2,7,5,9,1,4,8 C2=0,5,1,7,4,2,8,6,9
ICZVBYyj_ PAIR C1=0,6,1,4,8,2,7,5,9 C2=0,5,1,7,4,2,9,6,8
ICZVBYyZ_ NOPAIR
ICZVBYyf_ PAIR C1=0,3,9,6,8,2,7,4,1,5 C2=0,8,3,5,7,1,6,2,4,9
ICZVBYy{O PAIR C1=0,5,1,6,2,7,4,8,3,9 C2=0,3,5,7,9,1,4,2,8,6
ICZVBYyyO NOPAIR
ICZVBYyxO PAIR C1=0,8,4,7,5,1,6,2,9 C2=0,5,9,7,1,4,2,8,6
ICZVBYytO PAIR C1=0,6,2,8,4,7,1,5,3,9 C2=0,3,8,6,1,4,2,7,9,5
ICZVBYylO PAIR C1=0,6,2,8,4,7,1,5,3,9 C2=0,3,8,6,1,4,2,7,9,5
ICZVBYy\O PAIR C1=0,6,2,9,3,5,1,7,4,8 C2=0,3,8,6,1,4,2,7,9,5
ICZVBYyrO PAIR C1=0,6,1,5,7,2,8,4,9 C2=0,5,9,7,1,4,2,6,8
ICZVBYyjO PAIR C1=0,8,4,7,5,1,6,2,9 C2=0,5,9,7,1,4,2,8,6
ICZVBYyfO PAIR C1=0,6,2,8,4,7,1,5,3,9 C2=0,3,8,6,1,4,2,7,9,5
ICZVBYywo NOPAIR
ICZVBYyso PAIR C1=0,3,5,7,4,2,8,6,1,9 C2=0,5,1,4,8,3,9,7,2,6
ICZVBYy[o PAIR C1=0,5,7,4,1,9,3,8,2,6 C2=0,3,5,1,6,9,7,2,4,8
ICZVBYyqo NOPAIR
ICZVBYyYo NOPAIR
ICZVBYyeo PAIR C1=0,3,9,4,8,6,1,7,5 C2=0,6,9,7,4,1,5,3,8
ICZVBYypo PAIR C1=0,6,8,4,2,7,5,1,9 C2=0,5,9,7,4,1,6,2,8
ICZVBYyho PAIR C1=0,5,9,2,6,1,7,4,8 C2=0,6,8,2,4,1,5,7,9
ICZVBYyXo NOPAIR
ICZVBYydo PAIR C1=0,5,1,4,7,9,3,8,2,6 C2=0,3,5,9,6,1,7,2,4,8
ICZVBYyTo PAIR C1=0,5,7,4,1,9,3,8,2,6 C2=0,3,5,1,6,9,7,2,4,8
ICZVBYybo PAIR C1=0,5,9,4,1,7,2,8,6 C2=0,8,4,2,6,1,5,7,9
ICZVBYyRo NOPAIR
ICZVBYyJo NOPAIR
ICZVBYyFo PAIR C1=0,6,1,7,5,3,9,4,8 C2=0,3,8,6,9,7,4,1,5
ICZVBW}wo NOPAIR
ICZVBW}[o NOPAIR
ICZVBW}eo PAIR C1=0,6,2,7,1,4,8,5,3,9 C2=0,3,8,2,4,7,9,6,1,5
ICZVBYj|? PAIR C1=0,8,4,7,5,1,6,2,9 C2=0,5,9,1,4,2,7,8,6
ICZVBYju_ NOPAIR
ICZTfbk]_ PAIR C1=0,5,1,7,3,6,2,9,4,8 C2=0,6,9,3,5,8,1,4,2,7
ICZTfbeNO PAIR C1=0,6,3,9,5,8,2,7 C2=0,5,3,7,9,2,6,8
ICZTfbeRo PAIR C1=0,6,3,7,1,9,5,8 C2=0,3,5,1,8,6,9,7
ICZTf`m}? PAIR C1=0,6,3,5,1,8,4,9,2,7 C2=0,5,8,6,2,4,1,7,3,9
ICZTf`mz? PAIR C1=0,6,2,7,3,5,1,8,4,9 C2=0,3,6,8,5,9,2,4,1,7
ICZTf`mn? PAIR C1=0,6,2,7,3,5,1,8,4,9 C2=0,3,6,8,5,9,2,4,1,7
ICZTf`mx_ PAIR C1=0,7,1,8,5,3,6,2,9 C2=0,3,7,2,8,6,9,1,5
ICZTf`mr_ PAIR C1=0,3,7,2,8,6,9,4,1,5 C2=0,7,1,8,4,2,6,3,5,9
ICZTf`mZ_ PAIR C1=0,5,1,8,4,9,2,7,3,6 C2=0,3,5,9,6,8,2,4,1,7
ICZTf`mf_ PAIR C1=0,5,1,7,3,6,2,8,4,9 C2=0,3,5,9,6,8,1,4,2,7
ICZTf`m{O PAIR C1=0,6,3,5,8,2,7,1,9 C2=0,3,7,9,2,6,8,1,5
ICZTf`myO PAIR C1=0,5,3,7,1,8,4,9,2,6 C2=0,3,6,8,5,1,4,2,7,9
ICZTf`muO PAIR C1=0,5,3,6,2,8,4,9,1,7 C2=0,3,9,7,2,4,1,5,8,6
ICZTf`mxO PAIR C1=0,3,6,8,2,9,7,1,5 C2=0,6,2,7,3,5,8,1,9
ICZTf`mlO NOPAIR
ICZTf`mrO PAIR C1=0,6,2,7,3,5,1,8,4,9 C2=0,3,6,8,2,4,1,7,9,5
ICZTf`mjO PAIR C1=0,6,2,9,4,8,1,5,3,7 C2=0,3,6,8,2,4,1,7,9,5
ICZTf`mZO PAIR C1=0,6,2,9,4,8,1,5,3,7 C2=0,3,6,8,2,4,1,7,9,5
ICZTf`mfO PAIR C1=0,5,1,8,4,9,3,6,2,7 C2=0,3,5,9,7,1,4,2,8,6
ICZTf`mpo NOPAIR
ICZTf`mXo NOPAIR
ICZTf`mdo NOPAIR
ICZTfRsUo PAIR C1=0,3,8,2,6,9,7,4,1,5 C2=0,6,3,5,8,1,9,4,2,7
ICZTfRkZO NOPAIR
ICZTfR[]O PAIR C1=0,5,3,9,1,7,4,8 C2=0,3,8,5,1,4,9,7
ICZTfR[VO PAIR C1=0,7,1,5,3,9,4,8 C2=0,3,8,1,4,7,9,5
ICZTfR[NO PAIR C1=0,7,1,5,3,9,4,8 C2=0,3,8,1,4,7,9,5
ICZTfR[Mo PAIR C1=0,5,3,6,2,9,4,7,1,8 C2=0,3,8,5,1,4,2,7,9,6
ICZTfR[Fo PAIR C1=0,3,9,5,1,7,4,8 C2=0,5,3,8,1,4,9,7
ICZTfQ{NO NOPAIR
ICZTfQ{Fo PAIR C1=0,5,9,4,7,2,8,3,6 C2=0,3,5,8,4,2,6,9,7
ICZTfP{}? PAIR C1=0,5,1,7,4,2,8,3,9 C2=0,3,5,8,1,4,9,2,7
ICZTfP{|? PAIR C1=0,3,5,1,8,4,7,2,9 C2=0,5,9,3,8,2,4,1,7
ICZTfP{z? NOPAIR
ICZTfP{v? NOPAIR
ICZTfP{n? PAIR C1=0,7,2,8,4,1,5,3,9 C2=0,3,8,1,7,4,2,9,5
ICZTfP{^? NOPAIR
ICZTfP{{_ PAIR C1=0,5,1,7,4,8,3,9,2,6 C2=0,7,2,4,1,8,5,3,6,9
ICZTfP{y_ PAIR C1=0,5,3,6,2,9,1,8,4,7 C2=0,3,8,5,1,7,2,4,9,6
ICZTfP{u_ PAIR C1=0,5,1,9,3,6,2,8,4,7 C2=0,3,5,8,1,7,2,4,9,6
ICZTfP{m_ PAIR C1=0,5,1,7,4,8,2,9,3,6 C2=0,3,5,8,1,4,9,6,2,7
ICZTfP{]_ PAIR C1=0,5,1,7,4,8,2,9,3,6 C2=0,3,5,8,1,4,9,6,2,7
ICZTfP{r_ PAIR C1=0,6,2,8,3,5,1,7,4,9 C2=0,3,6,9,5,8,1,4,2,7
ICZTfP{j_ PAIR C1=0,6,3,5,1,8,4,7,2,9 C2=0,3,8,5,9,6,2,4,1,7
ICZTfP{V_ PAIR C1=0,5,1,7,4,9,3,8,2,6 C2=0,3,6,9,5,8,1,4,2,7
ICZTfP{N_ PAIR C1=0,5,1,8,4,7,2,9,3,6 C2=0,3,8,5,9,6,2,4,1,7
ICZTfP{{O PAIR C1=0,5,3,9,1,4,8,2,7 C2=0,3,8,5,1,7,4,2,9
ICZTfP{yO NOPAIR
ICZTfP{uO PAIR C1=0,5,1,7,4,8,3,9 C2=0,3,5,8,1,4,9,7
ICZTfP{mO PAIR C1=0,5,1,7,4,8,3,9 C2=0,3,5,8,1,4,9,7
ICZTfP{]O NOPAIR
ICZTfP{xO NOPAIR
ICZTfP{tO NOPAIR
ICZTfP{lO PAIR C1=0,5,1,4,7,2,8,3,9 C2=0,3,5,9,2,4,8,1,7
ICZTfP{\O NOPAIR
ICZTfP{jO NOPAIR
ICZTfP{fO PAIR C1=0,7,4,1,8,5,3,9 C2=0,3,8,4,9,7,1,5
ICZTfP{NO NOPAIR
ICZTfP{wo PAIR C1=0,5,1,7,4,8,3,6,2,9 C2=0,3,5,8,1,4,2,7,9,6
ICZTfP{so PAIR C1=0,5,3,6,2,8,4,7,1,9 C2=0,3,8,5,1,4,2,7,9,6
ICZTfP{ko PAIR C1=0,6,2,9,3,5,1,8,4,7 C2=0,3,6,9,7,1,4,2,8,5
ICZTfP{[o PAIR C1=0,5,1,9,3,6,2,8,4,7 C2=0,3,5,8,1,4,2,7,9,6
ICZTfP{qo PAIR C1=0,5,3,6,2,8,1,7,4,9 C2=0,3,8,5,1,4,2,7,9,6
ICZTfP{eo PAIR C1=0,5,3,6,2,8,1,7,4,9 C2=0,3,8,5,1,4,2,7,9,6
ICZTfP{Uo PAIR C1=0,5,3,6,2,8,1,9,4,7 C2=0,3,8,5,1,4,2,7,9,6
ICZTfP{po PAIR C1=0,6,2,7,4,8,3,5,1,9 C2=0,3,6,9,7,1,4,2,8,5
ICZTfP{ho PAIR C1=0,5,3,8,1,4,7,2,9,6 C2=0,3,6,2,4,8,5,1,7,9
ICZTfP{Xo PAIR C1=0,6,2,9,1,5,3,8,4,7 C2=0,3,6,9,7,1,4,2,8,5
ICZTfP{To PAIR C1=0,5,9,1,4,7,2,8,3,6 C2=0,3,5,1,8,4,2,6,9,7
ICZTfP{Lo PAIR C1=0,3,8,2,6,9,7,4,1,5 C2=0,6,3,5,9,2,4,8,1,7
ICZTfP{bo PAIR C1=0,5,9,4,7,2,8,3,6 C2=0,3,5,8,4,2,6,9,7
ICZTfP{Fo PAIR C1=0,5,9,4,7,2,8,3,6 C2=0,3,5,8,4,2,6,9,7
ICZTfReXo NOPAIR
ICZTfPu}? PAIR C1=0,3,8,2,9,4,7,1,5 C2=0,7,2,4,1,8,5,3,9
ICZTfPux_ NOPAIR
ICZTfPu\_ NOPAIR
ICZTfPur_ PAIR C1=0,6,2,8,5,1,7,4,9 C2=0,5,9,6,8,1,4,2,7
ICZTfPuZ_ PAIR C1=0,3,8,6,9,2,7,4,1,5 C2=0,6,3,5,9,4,2,8,1,7
ICZTfPuV_ PAIR C1=0,3,9,6,8,2,7,4,1,5 C2=0,6,2,4,9,5,3,8,1,7
ICZTfPu{O PAIR C1=0,5,8,1,9,3,6,2,7 C2=0,3,5,1,7,9,2,8,6
ICZTfPuyO PAIR C1=0,5,3,8,1,9,4,7,2,6 C2=0,3,6,8,5,1,4,2,9,7
ICZTfPuuO PAIR C1=0,6,3,5,1,8,2,7,4,9 C2=0,3,9,7,1,4,2,6,8,5
ICZTfPu]O PAIR C1=0,6,3,5,1,8,2,9,4,7 C2=0,3,9,7,1,4,2,6,8,5
ICZTfPuxO PAIR C1=0,3,8,6,2,9,7,1,5 C2=0,6,3,5,9,1,8,2,7
ICZTfPutO NOPAIR
ICZTfPulO NOPAIR
ICZTfPu\O PAIR C1=0,6,3,5,8,2,9,1,7 C2=0,3,9,7,2,6,8,1,5
ICZTfPurO PAIR C1=0,3,8,6,2,7,9,4,1,5 C2=0,6,3,5,9,1,8,2,4,7
ICZTfPujO PAIR C1=0,6,2,8,3,5,1,7,4,9 C2=0,3,6,8,1,4,2,7,9,5
ICZTfPuZO PAIR C1=0,6,2,8,3,5,1,9,4,7 C2=0,3,6,8,1,4,2,7,9,5
ICZTfPufO PAIR C1=0,6,2,8,3,5,1,7,4,9 C2=0,3,6,8,1,4,2,7,9,5
ICZTfPuNO PAIR C1=0,5,3,9,2,4,7,1,8,6 C2=0,3,6,2,8,5,1,4,9,7
ICZTfPupo NOPAIR
ICZTfPuXo PAIR C1=0,5,8,3,6,2,9,1,7 C2=0,3,5,1,8,2,7,9,6
ICZTfPudo NOPAIR
ICZTfPuTo NOPAIR
ICZTfRMNO PAIR C1=0,5,1,8,4,7,2,9,3,6 C2=0,3,5,9,7,1,4,2,6,8
ICZTfRMJo PAIR C1=0,5,9,6,8,1,4,2,7 C2=0,6,2,9,4,7,1,5,8
ICZTfRMFo PAIR C1=0,5,8,1,7,4,9,3,6 C2=0,3,5,1,4,8,6,9,7
ICZTfQ]]O PAIR C1=0,5,3,6,2,9,1,7,4,8 C2=0,3,9,7,2,4,1,5,8,6
ICZTfQ]NO PAIR C1=0,5,8,3,6,2,9,4,7 C2=0,3,5,9,7,2,4,8,6
ICZTfQ]Ro PAIR C1=0,3,6,8,5,1,9,4,7 C2=0,5,3,8,4,1,7,9,6
ICZTfQ]Fo NOPAIR
ICZTeri]_ PAIR C1=0,6,3,9,1,8,4,7 C2=0,3,7,1,4,9,6,8
ICZTeriUo PAIR C1=0,6,3,7,4,9,1,8 C2=0,3,9,6,8,4,1,7
ICZTepm}? PAIR C1=0,6,3,5,1,7,4,8,2,9 C2=0,5,8,6,2,4,1,9,3,7
ICZTepmn? PAIR C1=0,6,3,5,1,8,2,9,4,7 C2=0,3,7,1,4,2,6,8,5,9
ICZTepmy_ PAIR C1=0,3,5,1,8,6,2,9,4,7 C2=0,5,8,2,4,1,7,3,6,9
ICZTepmu_ PAIR C1=0,6,3,7,1,5,8,4,9 C2=0,5,3,9,6,8,1,4,7
ICZTepmm_ PAIR C1=0,7,4,8,1,5,3,6,2,9 C2=0,5,8,2,4,1,7,3,9,6
ICZTepmt_ NOPAIR
ICZTepmr_ PAIR C1=0,6,3,5,8,1,9,4,7 C2=0,3,7,1,4,8,6,9,5
ICZTepmj_ PAIR C1=0,6,3,7,1,5,8,4,9 C2=0,3,5,9,6,8,1,4,7
ICZTepmf_ PAIR C1=0,6,3,9,4,8,5,1,7 C2=0,3,7,4,1,8,6,9,5
ICZTepmuO NOPAIR
ICZTepmmO PAIR C1=0,5,1,8,2,9,4,7,3,6 C2=0,3,5,8,6,2,4,1,7,9
ICZTepmxO PAIR C1=0,5,3,7,4,1,9,2,8,6 C2=0,3,6,2,4,8,1,5,9,7
ICZTepmtO NOPAIR
ICZTepmlO PAIR C1=0,6,8,2,9,3,5,1,4,7 C2=0,3,6,2,4,8,1,7,9,5
ICZTepmjO PAIR C1=0,6,2,9,4,8,1,5,3,7 C2=0,3,6,8,2,4,1,7,9,5
ICZTepmfO NOPAIR
ICZTepmwo PAIR C1=0,3,7,4,1,5,8,2,9,6 C2=0,5,3,6,2,4,8,1,7,9
ICZTepmso NOPAIR
ICZTepmqo PAIR C1=0,5,8,1,9,4,7,3,6 C2=0,3,5,1,4,8,6,9,7
ICZTepmio PAIR C1=0,6,3,5,8,1,7,4,9 C2=0,3,7,9,6,8,4,1,5
ICZTepmeo PAIR C1=0,5,8,1,7,4,9,3,6 C2=0,3,5,1,4,8,6,9,7
ICZTepmpo NOPAIR
ICZTepmho PAIR C1=0,5,1,4,7,3,6,8,2,9 C2=0,3,5,9,7,1,8,4,2,6
ICZTepmdo NOPAIR
ICZTepmbo PAIR C1=0,6,3,5,8,1,7,4,9 C2=0,3,7,9,6,8,4,1,5
ICZTepmJo PAIR C1=0,6,3,5,8,2,9,4,1,7 C2=0,3,7,9,6,2,4,8,1,5
ICZTepfy_ PAIR C1=0,6,2,8,1,5,3,7,4,9 C2=0,3,6,9,2,4,1,7,8,5
ICZTepft_ PAIR C1=0,6,3,7,1,8,5,9 C2=0,3,5,1,9,6,8,7
ICZTeZwMo PAIR C1=0,5,3,8,1,7,4,9,2,6 C2=0,3,6,9,7,5,1,4,2,8
ICZTeZi\_ PAIR C1=0,6,2,9,1,5,7,4,8 C2=0,5,9,6,8,2,4,1,7
ICZTeZiV_ PAIR C1=0,6,3,9,4,7,5,1,8 C2=0,3,5,9,6,8,4,1,7
ICZTeXy}? PAIR C1=0,6,2,4,7,5,1,8,3,9 C2=0,5,3,6,8,2,9,4,1,7
ICZTeXy|? PAIR C1=0,6,3,5,1,9,2,8,4,7 C2=0,3,8,6,2,4,1,7,5,9
ICZTeXyz? PAIR C1=0,6,2,9,1,5,3,8,4,7 C2=0,3,6,8,2,4,1,7,5,9
ICZTeXyv? NOPAIR
ICZTeXy^? PAIR C1=0,5,1,9,2,6,3,8,4,7 C2=0,3,9,5,7,1,4,2,8,6
ICZTeXyy_ PAIR C1=0,5,1,8,3,6,2,9,4,7 C2=0,3,5,7,1,4,2,8,6,9
ICZTeXyu_ PAIR C1=0,5,7,1,8,4,9,3,6 C2=0,7,4,1,5,3,8,6,9
ICZTeXy]_ PAIR C1=0,6,2,8,1,5,3,9,4,7 C2=0,3,8,6,9,2,4,1,7,5
ICZTeXyx_ PAIR C1=0,5,1,9,2,6,3,8,4,7 C2=0,3,5,7,1,4,2,8,6,9
ICZTeXyr_ PAIR C1=0,6,3,5,7,1,8,4,9 C2=0,3,8,6,9,5,1,4,7
ICZTeXyj_ PAIR C1=0,6,3,5,7,1,8,4,9 C2=0,3,8,6,9,5,1,4,7
ICZTeXyf_ PAIR C1=0,6,3,5,7,1,8,4,9 C2=0,3,8,6,9,5,1,4,7
ICZTeXyV_ PAIR C1=0,5,7,1,8,4,9,3,6 C2=0,3,8,6,9,5,1,4,7
ICZTeXy{O PAIR C1=0,6,2,8,4,7,1,5,3,9 C2=0,3,6,8,1,4,2,9,7,5
ICZTeXyyO PAIR C1=0,5,3,8,4,7,1,9,2,6 C2=0,3,6,8,2,4,1,5,7,9
ICZTeXyuO NOPAIR
ICZTeXymO PAIR C1=0,5,3,8,1,7,4,9,2,6 C2=0,3,6,8,2,4,1,5,7,9
ICZTeXyxO PAIR C1=0,5,3,8,4,7,1,9,2,6 C2=0,3,6,8,2,4,1,5,9,7
ICZTeXytO NOPAIR
ICZTeXyjO PAIR C1=0,3,8,6,2,9,7,4,1,5 C2=0,6,3,5,9,4,2,8,1,7
ICZTeXyfO NOPAIR
ICZTeXyqo PAIR C1=0,6,3,5,7,1,8,4,9 C2=0,3,8,6,9,7,4,1,5
ICZTeXyio PAIR C1=0,3,8,2,6,9,7,4,1,5 C2=0,6,3,5,7,1,8,4,2,9
ICZTeXybo PAIR C1=0,6,3,5,9,4,8,1,7 C2=0,3,8,6,9,7,4,1,5
ICZTdXy}? PAIR C1=0,5,7,4,1,8,2,9,3,6 C2=0,3,5,1,9,4,8,6,2,7
ICZTdXy|? PAIR C1=0,5,1,8,4,7,2,9,3,6 C2=0,3,8,6,2,4,1,9,5,7
ICZTdXyz? PAIR C1=0,6,2,8,3,5,1,9,4,7 C2=0,3,6,8,1,4,2,7,5,9
ICZTdXyn? PAIR C1=0,5,7,4,9,3,8,2,6 C2=0,7,2,4,8,6,3,5,9
ICZTdXy^? PAIR C1=0,5,1,8,2,7,4,9,3,6 C2=0,3,8,6,2,4,1,9,5,7
ICZTdXym_ NOPAIR
ICZTdXyx_ PAIR C1=0,3,8,6,9,2,7,4,1,5 C2=0,7,5,3,6,2,4,8,1,9
ICZTdXyl_ NOPAIR
ICZTdXy\_ PAIR C1=0,3,8,4,7,5,1,9,2,6 C2=0,5,3,9,6,8,1,4,2,7
ICZTdXyr_ PAIR C1=0,5,7,2,6,3,8,4,9 C2=0,3,5,9,6,8,2,4,7
ICZTdXyj_ PAIR C1=0,5,7,4,9,2,8,3,6 C2=0,3,5,9,6,8,4,2,7
ICZTdXyN_ PAIR C1=0,5,7,4,9,3,8,2,6 C2=0,3,5,9,6,8,4,2,7
ICZTdXy{O PAIR C1=0,6,2,7,4,8,3,5,1,9 C2=0,3,6,8,1,4,2,9,7,5
ICZTdXyuO PAIR C1=0,5,3,9,1,8,4,7,2,6 C2=0,3,6,8,2,4,1,5,7,9
ICZTdXymO PAIR C1=0,6,2,7,4,8,3,9 C2=0,3,6,8,2,4,9,7
ICZTdXy]O PAIR C1=0,5,3,6,2,9,1,8,4,7 C2=0,3,9,7,5,1,4,2,8,6
ICZTdXyxO PAIR C1=0,6,2,9,1,5,3,8,4,7 C2=0,3,6,8,1,4,2,7,9,5
ICZTdXylO NOPAIR
ICZTdXy\O PAIR C1=0,5,3,9,1,8,4,7,2,6 C2=0,3,6,8,2,4,1,5,9,7
ICZTdXyjO PAIR C1=0,6,3,5,7,2,8,4,9 C2=0,3,8,6,2,4,7,9,5
ICZTdXyfO PAIR C1=0,6,3,9,4,8,2,7 C2=0,3,8,6,2,4,7,9
ICZTdXyVO PAIR C1=0,6,2,8,3,5,1,9,4,7 C2=0,3,6,8,1,4,2,7,9,5
ICZTdXyNO PAIR C1=0,3,6,2,8,4,9,7,5 C2=0,6,8,3,5,9,2,4,7
ICZTdXywo PAIR C1=0,6,2,8,3,5,7,4,1,9 C2=0,3,6,9,7,2,4,8,1,5
ICZTdXyso PAIR C1=0,3,8,2,6,9,1,4,7,5 C2=0,6,3,5,1,8,4,2,7,9
ICZTdXyko NOPAIR
ICZTdXy[o PAIR C1=0,5,7,4,1,9,2,8,3,6 C2=0,3,5,1,8,4,2,6,9,7
ICZTdXyqo PAIR C1=0,5,7,4,9,1,8,3,6 C2=0,3,5,1,4,8,6,9,7
ICZTdXyeo PAIR C1=0,6,8,3,9,4,2,7 C2=0,3,6,2,8,4,7,9
ICZTdXyUo PAIR C1=0,3,5,7,9,4,1,8,2,6 C2=0,5,1,9,6,3,8,4,2,7
ICZTdXypo PAIR C1=0,6,2,8,3,5,7,4,1,9 C2=0,3,6,9,7,2,4,8,1,5
ICZTdXyho NOPAIR
ICZTdXyTo PAIR C1=0,6,2,8,3,5,9,1,4,7 C2=0,3,6,9,7,2,4,8,1,5
ICZTdXyLo NOPAIR
ICZTdXybo PAIR C1=0,3,6,8,4,2,7,9,5 C2=0,6,2,8,3,5,7,4,9
ICZTdXyRo PAIR C1=0,6,3,5,1,8,4,9,7 C2=0,3,8,6,9,1,4,7,5
ICZTdXyJo PAIR C1=0,6,2,9,4,8,3,5,7 C2=0,3,6,8,2,4,7,9,5
ICZTdXyFo PAIR C1=0,3,9,5,7,2,4,8,6 C2=0,5,3,8,2,6,9,4,7
ICZTdXuko PAIR C1=0,3,6,8,5,7,2,9 C2=0,5,3,8,2,6,9,7
ICZTdXm}? PAIR C1=0,7,4,8,1,5,3,6,2,9 C2=0,3,9,1,4,2,7,5,8,6
ICZTdXmy_ PAIR C1=0,6,2,8,1,5,7,4,9 C2=0,5,8,6,9,1,4,2,7
ICZTdXmm_ PAIR C1=0,5,7,2,8,4,9,3,6 C2=0,3,5,8,6,9,2,4,7
ICZTdXmwo PAIR C1=0,6,8,1,5,7,4,2,9 C2=0,5,8,4,1,9,6,2,7
ICZTdXmqo PAIR C1=0,6,8,5,1,9,4,2,7 C2=0,5,7,4,1,8,2,6,9
ICZTdXmUo PAIR C1=0,5,8,2,6,3,9,1,4,7 C2=0,3,5,1,8,4,2,7,9,6
ICZTdXZr_ NOPAIR
ICZTdXZj_ PAIR C1=0,3,8,6,2,7,4,9,5 C2=0,6,3,5,7,8,4,2,9
ICZTdWz}? PAIR C1=0,6,2,9,3,8,4,7 C2=0,3,6,8,7,2,4,9
ICZVRqs}? PAIR C1=0,5,1,4,6,2,9,3,8 C2=0,3,5,8,2,4,9,1,6
ICZVRqs|? PAIR C1=0,5,3,8,2,7,4,6,1,9 C2=0,6,2,4,1,7,3,9,5,8
ICZVRqsz? PAIR C1=0,8,3,5,1,6,4,7,2,9 C2=0,3,7,1,4,9,5,8,2,6
ICZVRqsv? PAIR C1=0,5,1,9,3,7,4,6,2,8 C2=0,3,8,5,9,4,2,7,1,6
ICZVRqsn? PAIR C1=0,5,1,6,4,7,2,9,3,8 C2=0,3,7,1,4,9,5,8,2,6
ICZVRqs{_ PAIR C1=0,5,3,8,2,6,4,7,1,9 C2=0,6,9,3,7,2,4,1,5,8
ICZVRqsy_ PAIR C1=0,6,4,7,2,9,1,5,3,8 C2=0,3,7,1,6,9,4,2,8,5
ICZVRqsu_ PAIR C1=0,8,3,5,1,6,2,7,4,9 C2=0,5,8,2,4,1,7,3,9,6
ICZVRqs]_ PAIR C1=0,6,4,7,2,9,1,5,3,8 C2=0,3,7,1,6,9,4,2,8,5
ICZVRqsx_ PAIR C1=0,5,3,8,2,6,4,7,1,9 C2=0,3,7,2,4,1,6,9,5,8
ICZVRqst_ PAIR C1=0,5,1,7,4,6,2,8,3,9 C2=0,3,7,2,4,1,6,9,5,8
ICZVRqsl_ PAIR C1=0,5,1,7,4,6,2,8,3,9 C2=0,3,7,2,4,1,6,9,5,8
ICZVRqs\_ PAIR C1=0,5,3,8,2,9,1,7,4,6 C2=0,3,7,2,4,1,6,9,5,8
ICZVRqsr_ PAIR C1=0,5,3,8,2,6,4,7,1,9 C2=0,3,7,2,4,1,6,9,5,8
ICZVRqsj_ PAIR C1=0,6,4,7,1,5,3,8,2,9 C2=0,3,7,2,4,1,6,9,5,8
ICZVRqsZ_ PAIR C1=0,5,3,8,2,9,1,7,4,6 C2=0,3,7,2,4,1,6,9,5,8
ICZVRqsf_ PAIR C1=0,5,1,7,4,6,2,8,3,9 C2=0,3,7,2,4,1,6,9,5,8
ICZVRqsN_ PAIR C1=0,5,1,7,4,9,3,8,2,6 C2=0,3,7,2,4,1,6,9,5,8
ICZVRqswo PAIR C1=0,8,3,5,1,7,4,6,2,9 C2=0,3,7,9,6,1,4,2,8,5
ICZVRqsso PAIR C1=0,3,8,2,6,4,7,9,1,5 C2=0,8,5,3,7,2,4,1,6,9
ICZVRqsYo PAIR C1=0,5,3,8,2,7,1,9,4,6 C2=0,3,7,9,6,2,4,1,5,8
ICZVRqseo PAIR C1=0,5,3,8,2,7,1,6,4,9 C2=0,3,7,9,6,2,4,1,5,8
ICZVRqsdo PAIR C1=0,6,4,2,7,1,5,8,3,9 C2=0,3,5,9,7,4,1,6,2,8
ICZVRqstG PAIR C1=0,6,2,7,4,1,5,8,3,9 C2=0,3,7,1,6,4,2,8,9,5
ICZVRqsfG PAIR C1=0,3,9,8,2,7,4,6,1,5 C2=0,6,2,4,1,7,3,8,5,9
ICZTv`k}? PAIR C1=0,5,3,7,2,6,4,8,1,9 C2=0,6,3,9,4,2,8,5,1,7
ICZTv`k|? PAIR C1=0,6,2,4,8,5,3,7,1,9 C2=0,5,9,3,6,4,1,8,2,7
ICZTv`kz? PAIR C1=0,5,3,6,4,8,1,9,2,7 C2=0,3,7,1,4,9,5,8,2,6
ICZTv`kv? PAIR C1=0,6,4,2,8,1,5,9,3,7 C2=0,3,6,2,7,1,9,4,8,5
ICZTv`kn? PAIR C1=0,5,1,8,4,6,3,9,2,7 C2=0,3,7,1,4,9,5,8,2,6
ICZTv`ky_ PAIR C1=0,5,1,7,3,6,4,8,2,9 C2=0,3,5,8,1,4,9,6,2,7
ICZTv`ku_ PAIR C1=0,5,3,7,2,6,4,8,1,9 C2=0,3,6,9,4,2,8,5,1,7
ICZTv`km_ PAIR C1=0,5,1,7,3,6,4,8,2,9 C2=0,3,5,8,1,4,9,6,2,7
ICZTv`kx_ PAIR C1=0,5,3,6,4,8,2,9,1,7 C2=0,3,7,2,4,1,8,5,9,6
ICZTv`kt_ PAIR C1=0,5,3,7,2,6,4,8,1,9 C2=0,3,6,9,5,8,2,4,1,7
ICZTv`kr_ PAIR C1=0,5,3,6,2,8,4,9,1,7 C2=0,3,7,2,4,1,8,5,9,6
ICZTv`kj_ PAIR C1=0,7,1,5,3,6,2,8,4,9 C2=0,3,7,2,4,1,8,5,9,6
ICZTv`kZ_ PAIR C1=0,5,3,6,2,8,4,9,1,7 C2=0,3,7,2,4,1,8,5,9,6
ICZTv`kf_ PAIR C1=0,7,1,5,3,6,2,8,4,9 C2=0,3,7,2,4,1,8,5,9,6
ICZTv`k{O PAIR C1=0,5,3,6,2,4,8,1,9 C2=0,3,9,2,8,5,1,4,6
ICZTv`kyO PAIR C1=0,6,4,8,2,9,1,5,3,7 C2=0,3,6,2,7,9,4,1,8,5
ICZTv`kuO PAIR C1=0,6,4,8,2,7,3,5,1,9 C2=0,3,6,2,4,9,7,1,8,5
ICZTv`kmO PAIR C1=0,6,4,8,2,9,3,5,1,7 C2=0,3,6,2,7,9,4,1,8,5
ICZTv`kxO PAIR C1=0,5,3,6,4,8,2,9,1,7 C2=0,3,7,9,5,8,1,4,2,6
ICZTv`ktO PAIR C1=0,5,1,9,3,6,4,8,2,7 C2=0,3,7,9,5,8,1,4,2,6
ICZTv`klO PAIR C1=0,5,1,7,2,8,4,6,3,9 C2=0,3,7,9,5,8,1,4,2,6
ICZTv`krO PAIR C1=0,7,2,8,4,6,3,5,1,9 C2=0,3,7,9,5,8,1,4,2,6
ICZTv`kjO PAIR C1=0,7,1,5,3,6,4,8,2,9 C2=0,3,7,9,5,8,1,4,2,6
ICZTv`kZO PAIR C1=0,5,3,6,4,8,2,9,1,7 C2=0,3,7,9,5,8,1,4,2,6
ICZTv`kfO PAIR C1=0,6,4,8,2,7,1,5,3,9 C2=0,3,6,2,4,1,8,5,9,7
ICZTv`kqo PAIR C1=0,3,7,9,6,2,8,4,1,5 C2=0,6,3,5,8,1,9,4,2,7
ICZTv`kio PAIR C1=0,7,1,5,3,6,4,8,2,9 C2=0,3,7,9,6,2,4,1,8,5
ICZTv`kYo PAIR C1=0,6,3,5,1,9,4,8,2,7 C2=0,3,7,9,6,2,4,1,8,5
ICZTv`keo PAIR C1=0,3,7,9,6,2,8,4,1,5 C2=0,6,3,5,8,1,7,2,4,9
ICZTv`kpo PAIR C1=0,3,7,9,6,2,8,4,1,5 C2=0,7,2,4,6,3,5,8,1,9
ICZTv`kXo PAIR C1=0,3,6,9,7,2,8,4,1,5 C2=0,6,4,2,9,1,8,5,3,7
ICZTv`kdo PAIR C1=0,3,7,9,6,2,8,4,1,5 C2=0,6,4,2,7,1,8,5,3,9
ICZTv`kbo PAIR C1=0,3,7,9,6,2,8,4,1,5 C2=0,6,3,5,8,1,7,2,4,9
ICZTv`kRo PAIR C1=0,3,7,9,6,2,8,4,1,5 C2=0,6,3,5,8,1,9,4,2,7
ICZTv`kJo PAIR C1=0,6,2,9,4,8,1,5,3,7 C2=0,3,6,9,7,1,4,2,8,5
ICZTv`kyG PAIR C1=0,5,1,9,2,8,4,6,3,7 C2=0,3,5,8,9,4,1,7,2,6
ICZTv`kuG PAIR C1=0,5,3,6,4,8,2,7,1,9 C2=0,6,2,4,1,5,8,9,3,7
ICZTv`krG PAIR C1=0,6,4,2,7,3,5,1,8,9 C2=0,3,6,2,8,5,9,4,1,7
ICZTv`kjG PAIR C1=0,6,4,8,1,5,3,7,2,9 C2=0,3,6,2,8,5,9,4,1,7
ICZTv`kZG PAIR C1=0,5,3,7,2,9,1,8,4,6 C2=0,3,6,2,8,5,9,4,1,7
ICZTv`kfG PAIR C1=0,5,1,8,4,6,2,7,3,9 C2=0,6,3,5,9,8,2,4,1,7
ICZTv`kbg PAIR C1=0,5,3,7,1,8,2,6,4,9 C2=0,3,6,9,8,5,1,4,2,7
ICZTv`kRg PAIR C1=0,3,7,2,6,9,8,4,1,5 C2=0,6,3,5,9,4,2,8,1,7
ICZTv`kqW PAIR C1=0,5,3,7,2,8,1,9,4,6 C2=0,3,6,2,4,1,5,8,9,7
ICZTv`kYW PAIR C1=0,5,3,7,1,8,2,9,4,6 C2=0,3,6,2,4,1,5,8,9,7
ICZTv`keW PAIR C1=0,6,4,9,3,5,1,8,2,7 C2=0,3,6,2,4,1,7,9,8,5
ICZTv`kbW PAIR C1=0,6,3,5,8,1,7,2,4,9 C2=0,3,7,9,8,2,6,4,1,5
ICZTv`kRW PAIR C1=0,6,3,5,9,1,8,4,2,7 C2=0,3,7,9,8,2,6,4,1,5
ICZTv`kJW PAIR C1=0,3,7,9,8,2,6,4,1,5 C2=0,6,3,5,9,2,4,8,1,7
ICZTv`kBw PAIR C1=0,3,7,2,6,9,8,4,1,5 C2=0,6,3,5,9,4,2,8,1,7
ICZLfbw]O NOPAIR
ICZLfbwNO PAIR C1=0,5,4,9,3,7,1,8 C2=0,3,8,4,1,5,9,7
ICZLfbwYo PAIR C1=0,3,8,4,1,7,2,9,6 C2=0,7,3,6,2,4,9,1,8
ICZLfbsNO PAIR C1=0,3,7,1,5,4,9,2,8 C2=0,5,9,3,8,1,4,2,7
ICZLfbsXo PAIR C1=0,5,8,3,7,1,9,2,6 C2=0,3,6,9,5,1,8,2,7
ICZLfbk]O NOPAIR
ICZLfbk\O NOPAIR
ICZLfbkZO NOPAIR
ICZLfbkNO NOPAIR
ICZLfbkYo NOPAIR
ICZLfbkXo NOPAIR
ICZLfbkJo NOPAIR
ICZLfb[NO PAIR C1=0,5,1,7,3,9,4,8 C2=0,3,8,1,4,5,9,7
ICZLfb[Fo PAIR C1=0,3,9,5,4,8,1,7 C2=0,5,1,4,9,7,3,8
ICZLfa{]O PAIR C1=0,5,4,8,3,9,1,7 C2=0,3,7,9,4,1,5,8
ICZLfa{NO NOPAIR
ICZLfa{Fo PAIR C1=0,5,9,4,8,2,7,3,6 C2=0,3,8,5,4,2,6,9,7
ICZLf`{}? PAIR C1=0,7,1,5,4,2,8,3,9 C2=0,3,7,2,9,4,1,8,5
ICZLf`{|? PAIR C1=0,5,1,4,8,3,7,2,9 C2=0,3,9,5,4,2,8,1,7
ICZLf`{z? NOPAIR
ICZLf`{n? PAIR C1=0,5,4,1,8,2,7,3,9 C2=0,3,8,4,2,9,5,1,7
ICZLf`{{_ PAIR C1=0,5,4,8,2,7,1,9,3,6 C2=0,7,3,8,5,1,4,2,6,9
ICZLf`{y_ PAIR C1=0,5,4,8,2,9,1,7,3,6 C2=0,3,8,5,1,4,9,6,2,7
ICZLf`{u_ PAIR C1=0,5,8,4,2,6,3,9,1,7 C2=0,3,7,2,8,1,5,4,9,6
ICZLf`{m_ PAIR C1=0,6,3,9,2,8,4,5,1,7 C2=0,3,7,2,6,9,4,1,8,5
ICZLf`{x_ PAIR C1=0,6,2,7,3,8,4,5,1,9 C2=0,3,6,9,5,8,2,4,1,7
ICZLf`{t_ PAIR C1=0,6,2,7,3,8,4,5,1,9 C2=0,3,6,9,5,8,2,4,1,7
ICZLf`{l_ PAIR C1=0,6,9,2,4,5,1,8,3,7 C2=0,3,6,2,7,1,4,8,5,9
ICZLf`{\_ PAIR C1=0,5,4,8,1,9,3,7,2,6 C2=0,3,6,9,5,8,2,4,1,7
ICZLf`{f_ PAIR C1=0,6,2,7,3,8,1,5,4,9 C2=0,3,6,9,5,8,2,4,1,7
ICZLf`{{O PAIR C1=0,7,2,4,1,5,8,3,9 C2=0,3,7,1,9,2,8,4,5
ICZLf`{yO NOPAIR
ICZLf`{uO PAIR C1=0,7,1,5,4,8,3,9 C2=0,3,7,9,4,1,8,5
ICZLf`{mO PAIR C1=0,7,1,5,4,8,3,9 C2=0,3,7,9,4,1,8,5
ICZLf`{]O NOPAIR
ICZLf`{xO NOPAIR
ICZLf`{tO NOPAIR
ICZLf`{lO PAIR C1=0,3,9,2,7,1,8,4,5 C2=0,7,3,8,2,4,1,5,9
ICZLf`{\O NOPAIR
ICZLf`{jO NOPAIR
ICZLf`{fO PAIR C1=0,3,7,1,8,5,4,9 C2=0,5,1,4,8,3,9,7
ICZLf`{NO NOPAIR
ICZLf`{wo PAIR C1=0,5,4,8,2,9,1,7,3,6 C2=0,3,8,5,1,4,2,6,9,7
ICZLf`{io PAIR C1=0,5,4,9,2,8,1,7,3,6 C2=0,3,8,5,1,4,2,6,9,7
ICZLf`{Yo PAIR C1=0,5,4,9,1,8,2,6,3,7 C2=0,3,8,5,1,4,2,7,9,6
ICZLf`{eo PAIR C1=0,6,2,8,3,9,4,5,1,7 C2=0,3,6,9,7,2,4,1,8,5
ICZLf`{Uo PAIR C1=0,5,4,9,3,6,2,8,1,7 C2=0,3,8,5,1,4,2,7,9,6
ICZLf`{Mo PAIR C1=0,5,4,9,2,8,1,7,3,6 C2=0,3,8,5,1,4,2,6,9,7
ICZLf`{po PAIR C1=0,5,4,8,2,6,3,7,1,9 C2=0,3,8,5,1,4,2,7,9,6
ICZLf`{ho PAIR C1=0,6,3,8,4,5,1,7,2,9 C2=0,3,7,9,6,2,4,1,8,5
ICZLf`{Xo PAIR C1=0,6,2,9,1,5,4,8,3,7 C2=0,3,6,9,7,2,4,1,8,5
ICZLf`{do PAIR C1=0,6,2,8,4,5,1,7,3,9 C2=0,3,6,9,7,2,4,1,8,5
ICZLf`{To PAIR C1=0,6,2,8,4,5,1,9,3,7 C2=0,3,6,9,7,2,4,1,8,5
ICZLf`{Lo PAIR C1=0,5,4,8,1,7,2,9,3,6 C2=0,3,8,5,1,4,2,6,9,7
ICZLf`{Jo PAIR C1=0,5,9,4,8,2,7,3,6 C2=0,3,8,5,4,2,6,9,7
ICZLf`{Fo PAIR C1=0,5,4,9,3,6,2,8,1,7 C2=0,3,8,5,1,4,2,7,9,6
ICZLfbqXo NOPAIR
ICZLfbi]O PAIR C1=0,7,2,4,1,9,3,6,8 C2=0,3,7,1,8,4,9,2,6
ICZLfbiYo NOPAIR
ICZLfbiUo PAIR C1=0,3,7,1,4,9,6,2,8 C2=0,6,3,9,1,8,4,2,7
ICZLfbiXo PAIR C1=0,6,2,8,4,5,9,1,7 C2=0,5,1,4,2,7,9,6,8
ICZLfbYYo PAIR C1=0,3,8,4,1,7,2,9,6 C2=0,7,3,6,2,4,9,1,8
ICZLfbYXo PAIR C1=0,6,2,9,5,4,8,1,7 C2=0,5,1,4,2,7,9,6,8
ICZLfay]O NOPAIR
ICZLfayNO NOPAIR
ICZLfayRo PAIR C1=0,6,2,8,4,5,9,1,7 C2=0,5,1,4,2,7,9,6,8
ICZLf`y}? PAIR C1=0,7,1,4,8,3,6,2,9 C2=0,3,7,2,4,9,1,8,6
ICZLf`y|? PAIR C1=0,5,4,8,2,7,1,9,3,6 C2=0,7,3,8,6,2,4,1,5,9
ICZLf`yz? PAIR C1=0,6,2,9,1,5,4,8,3,7 C2=0,3,6,8,2,7,1,4,9,5
ICZLf`yv? PAIR C1=0,5,4,8,2,6,3,9,1,7 C2=0,3,7,2,4,9,5,1,8,6
ICZLf`yn? PAIR C1=0,6,3,9,2,8,4,5,1,7 C2=0,3,7,2,6,8,1,4,9,5
ICZLf`y{_ NOPAIR
ICZLf`yy_ PAIR C1=0,6,3,7,2,4,8,1,9 C2=0,3,8,2,6,9,4,1,7
ICZLf`yu_ PAIR C1=0,3,7,1,9,4,8,2,6 C2=0,7,2,4,1,8,3,6,9
ICZLf`ym_ NOPAIR
ICZLf`y]_ NOPAIR
ICZLf`yr_ PAIR C1=0,3,7,2,8,6,9,4,1,5 C2=0,7,1,8,3,6,2,4,5,9
ICZLf`yV_ PAIR C1=0,3,7,2,8,6,9,4,1,5 C2=0,6,2,4,5,9,3,8,1,7
ICZLf`yN_ PAIR C1=0,5,4,9,2,8,1,7,3,6 C2=0,3,8,6,9,5,1,4,2,7
ICZLf`y{O NOPAIR
ICZLf`yyO PAIR C1=0,3,7,1,9,2,4,8,6 C2=0,7,2,6,3,8,1,4,9
ICZLf`yuO PAIR C1=0,3,9,4,1,7,2,8,6 C2=0,7,3,6,2,4,8,1,9
ICZLf`ymO NOPAIR
ICZLf`y]O NOPAIR
ICZLf`yxO PAIR C1=0,5,4,8,2,9,1,7,3,6 C2=0,3,8,6,2,4,1,5,9,7
ICZLf`ylO PAIR C1=0,5,4,8,1,7,2,9,3,6 C2=0,3,8,6,2,4,1,5,9,7
ICZLf`y\O PAIR C1=0,5,4,8,1,7,2,9,3,6 C2=0,3,8,6,2,4,1,5,9,7
ICZLf`yjO PAIR C1=0,5,4,9,2,8,1,7,3,6 C2=0,3,8,6,2,4,1,5,9,7
ICZLf`yfO PAIR C1=0,5,4,1,8,3,6,2,7,9 C2=0,3,7,1,5,9,4,2,8,6
ICZLf`yVO PAIR C1=0,5,9,1,4,8,2,6,3,7 C2=0,3,9,7,2,4,5,1,8,6
ICZLf`yNO PAIR C1=0,5,4,9,2,8,1,7,3,6 C2=0,3,8,6,2,4,1,5,9,7
ICZLf`ywo NOPAIR
ICZLf`yso NOPAIR
ICZLf`yko NOPAIR
ICZLf`y[o NOPAIR
ICZLf`yqo PAIR C1=0,6,3,7,2,4,8,1,9 C2=0,3,8,2,6,9,4,1,7
ICZLf`yio NOPAIR
ICZLf`yYo NOPAIR
ICZLf`yeo NOPAIR
ICZLf`yUo NOPAIR
ICZLf`yMo NOPAIR
ICZLf`ypo PAIR C1=0,6,2,7,1,8,4,5,9 C2=0,5,1,4,2,8,6,9,7
ICZLf`yho PAIR C1=0,6,2,7,1,8,4,5,9 C2=0,5,1,4,2,8,6,9,7
ICZLf`yXo PAIR C1=0,5,9,1,4,8,2,6,3,7 C2=0,3,8,1,5,4,2,7,9,6
ICZLf`yTo PAIR C1=0,5,9,1,4,8,2,7,3,6 C2=0,3,8,1,5,4,2,6,9,7
ICZLf`ybo PAIR C1=0,6,3,8,4,9,5,1,7 C2=0,3,7,9,6,8,1,4,5
ICZLfbeRo PAIR C1=0,6,2,8,5,4,9,1,7 C2=0,5,1,4,2,7,9,6,8
ICZLfauNO NOPAIR
ICZLfauLo PAIR C1=0,7,3,9,2,6,8 C2=0,3,8,2,7,9,6
ICZLf`u}? PAIR C1=0,5,1,9,4,2,7,3,8,6 C2=0,7,1,4,5,8,2,6,3,9
ICZLf`u|? PAIR C1=0,3,9,2,7,1,5,8,6 C2=0,5,9,1,8,2,6,3,7
ICZLf`uz? PAIR C1=0,6,2,7,3,8,1,5,4,9 C2=0,3,6,8,5,9,2,4,1,7
ICZLf`uv? PAIR C1=0,6,3,7,2,8,1,5,4,9 C2=0,3,9,5,8,6,2,4,1,7
ICZLf`un? PAIR C1=0,6,2,7,3,8,1,5,4,9 C2=0,3,6,8,5,9,2,4,1,7
ICZLf`u{_ NOPAIR
ICZLf`uu_ PAIR C1=0,3,7,2,8,6,9,4,1,5 C2=0,6,2,4,5,8,3,9,1,7
ICZLf`ux_ PAIR C1=0,6,2,9,5,1,8,3,7 C2=0,3,6,9,1,7,2,8,5
ICZLf`ut_ NOPAIR
ICZLf`ul_ NOPAIR
ICZLf`u\_ PAIR C1=0,3,7,1,9,5,8,2,6 C2=0,5,1,8,3,6,9,2,7
ICZLf`ur_ PAIR C1=0,3,7,2,8,6,9,4,1,5 C2=0,7,1,8,3,6,2,4,5,9
ICZLf`uj_ PAIR C1=0,6,3,8,1,5,4,9,2,7 C2=0,3,7,1,4,2,8,6,9,5
ICZLf`uf_ PAIR C1=0,3,7,2,8,6,9,4,1,5 C2=0,6,2,4,5,9,3,8,1,7
ICZLf`u{O NOPAIR
ICZLf`uuO PAIR C1=0,5,4,9,1,7,3,8,2,6 C2=0,3,6,8,5,1,4,2,7,9
ICZLf`umO PAIR C1=0,5,4,9,3,7,1,8,2,6 C2=0,3,6,8,5,1,4,2,7,9
ICZLf`uxO NOPAIR
ICZLf`utO NOPAIR
ICZLf`ulO NOPAIR
ICZLf`u\O PAIR C1=0,5,1,8,6,3,9,2,7 C2=0,3,7,1,9,5,8,2,6
ICZLf`urO PAIR C1=0,6,3,7,2,8,1,5,4,9 C2=0,3,8,6,2,4,1,7,9,5
ICZLf`ujO PAIR C1=0,6,3,7,2,8,1,5,4,9 C2=0,3,8,6,2,4,1,7,9,5
ICZLf`uZO PAIR C1=0,6,2,9,4,5,1,8,3,7 C2=0,3,6,8,2,4,1,7,9,5
ICZLf`ufO PAIR C1=0,6,3,9,4,5,1,8,2,7 C2=0,3,8,6,2,4,1,7,9,5
ICZLf`uVO PAIR C1=0,6,3,9,4,5,1,8,2,7 C2=0,3,8,6,2,4,1,7,9,5
ICZLf`uNO PAIR C1=0,6,3,9,4,5,1,8,2,7 C2=0,3,8,6,2,4,1,7,9,5
ICZLf`uwo NOPAIR
ICZLf`uko NOPAIR
ICZLf`u[o NOPAIR
ICZLf`uqo PAIR C1=0,6,2,7,1,8,5,4,9 C2=0,5,1,4,2,8,6,9,7
ICZLf`uio PAIR C1=0,3,8,6,2,7,9,4,1,5 C2=0,6,3,7,1,8,5,4,2,9
ICZLf`uYo PAIR C1=0,6,2,9,4,1,5,8,3,7 C2=0,3,6,9,7,1,8,2,4,5
ICZLf`uUo PAIR C1=0,6,2,8,3,9,4,5,1,7 C2=0,3,6,9,7,2,4,1,8,5
ICZLf`uMo PAIR C1=0,3,8,6,2,7,9,4,1,5 C2=0,6,3,9,2,4,5,8,1,7
ICZLf`upo PAIR C1=0,6,3,8,5,9,1,7 C2=0,3,7,9,6,8,1,5
ICZLf`uho NOPAIR
ICZLf`uXo PAIR C1=0,6,3,8,5,9,1,7 C2=0,3,7,9,6,8,1,5
ICZLf`uTo PAIR C1=0,6,3,8,5,9,1,7 C2=0,3,7,9,6,8,1,5
ICZLf`uLo NOPAIR
ICZLfbM[o PAIR C1=0,6,2,9,3,7,1,5,4,8 C2=0,3,6,9,7,2,4,1,8,5
ICZLfbMYo PAIR C1=0,6,2,9,4,5,8,1,7 C2=0,5,1,4,2,7,9,6,8
ICZLfbMUo PAIR C1=0,6,3,9,4,5,8,1,7 C2=0,3,7,9,6,8,4,1,5
ICZLfbMXo PAIR C1=0,6,2,9,5,4,8,1,7 C2=0,5,1,4,2,7,9,6,8
ICZLfamRo PAIR C1=0,6,2,8,4,5,9,1,7 C2=0,5,1,4,2,7,9,6,8
ICZLfamFo PAIR C1=0,5,4,9,3,6,8,2,7 C2=0,3,7,9,5,8,4,2,6
ICZLf`mn? PAIR C1=0,5,1,8,4,9,3,7,2,6 C2=0,3,6,8,5,9,2,4,1,7
ICZLf`my_ NOPAIR
ICZLf`mu_ PAIR C1=0,3,7,2,8,6,9,4,1,5 C2=0,7,1,8,5,4,2,6,3,9
ICZLf`m]_ PAIR C1=0,5,4,8,2,9,1,7,3,6 C2=0,3,9,6,8,5,1,4,2,7
ICZLf`mx_ NOPAIR
ICZLf`m\_ PAIR C1=0,3,7,2,9,6,8,4,1,5 C2=0,6,3,9,5,4,2,8,1,7
ICZLf`mj_ NOPAIR
ICZLf`mN_ PAIR C1=0,6,3,9,2,8,4,5,1,7 C2=0,3,7,2,4,1,8,6,9,5
ICZLf`m{O PAIR C1=0,6,3,7,2,8,4,5,1,9 C2=0,3,9,7,1,4,2,6,8,5
ICZLf`myO NOPAIR
ICZLf`muO PAIR C1=0,5,4,9,3,7,1,8,2,6 C2=0,3,6,8,5,1,4,2,7,9
ICZLf`mmO PAIR C1=0,6,3,7,2,8,5,1,4,9 C2=0,3,9,7,1,8,6,2,4,5
ICZLf`m]O PAIR C1=0,5,4,8,1,9,2,6,3,7 C2=0,3,9,7,2,4,1,5,8,6
ICZLf`mxO NOPAIR
ICZLf`mtO PAIR C1=0,3,6,2,7,9,1,8,4,5 C2=0,6,8,2,4,1,5,9,3,7
ICZLf`mlO PAIR C1=0,5,4,8,1,7,2,6,3,9 C2=0,3,7,9,5,1,4,2,8,6
ICZLf`m\O PAIR C1=0,5,8,1,9,2,6,3,7 C2=0,3,9,5,1,7,2,8,6
ICZLf`mrO NOPAIR
ICZLf`mjO NOPAIR
ICZLf`mfO PAIR C1=0,5,4,8,1,7,2,6,3,9 C2=0,3,7,9,5,1,4,2,8,6
ICZLf`mwo PAIR C1=0,6,2,4,8,5,1,7,9 C2=0,5,4,1,9,6,8,2,7
ICZLf`mso PAIR C1=0,6,3,9,1,5,4,8,2,7 C2=0,3,7,9,6,2,4,1,8,5
ICZLf`m[o PAIR C1=0,6,3,9,2,8,5,4,1,7 C2=0,3,7,9,6,2,4,8,1,5
ICZLf`mqo PAIR C1=0,6,2,7,1,8,5,4,9 C2=0,5,1,4,2,8,6,9,7
ICZLf`mYo NOPAIR
ICZLf`meo PAIR C1=0,6,3,9,4,5,8,1,7 C2=0,3,7,9,6,8,4,1,5
ICZLf`mpo PAIR C1=0,6,2,7,1,8,4,5,9 C2=0,5,1,4,2,8,6,9,7
ICZLf`mho PAIR C1=0,6,2,7,1,8,4,5,9 C2=0,5,1,4,2,8,6,9,7
ICZLf`mXo NOPAIR
ICZLf`mdo PAIR C1=0,6,2,7,1,8,4,5,9 C2=0,5,1,4,2,8,6,9,7
ICZLf`mbo PAIR C1=0,6,2,7,1,8,4,5,9 C2=0,5,1,4,2,8,6,9,7
ICZLf`mFo PAIR C1=0,6,3,9,4,5,8,1,7 C2=0,3,7,9,6,8,4,1,5
ICZLf`]}? PAIR C1=0,5,4,8,1,7,3,9,2,6 C2=0,3,6,8,5,1,9,4,2,7
ICZLf`]n? PAIR C1=0,5,1,8,4,9,3,7,2,6 C2=0,3,6,8,5,9,2,4,1,7
ICZLf`]{_ PAIR C1=0,3,7,2,9,6,8,4,1,5 C2=0,6,2,4,5,8,3,9,1,7
ICZLf`]y_ PAIR C1=0,5,4,8,3,6,2,9,1,7 C2=0,3,7,2,4,1,5,8,6,9
ICZLf`]u_ NOPAIR
ICZLf`]x_ PAIR C1=0,3,7,2,9,6,8,4,1,5 C2=0,7,1,8,3,6,2,4,5,9
ICZLf`]t_ NOPAIR
ICZLf`]l_ PAIR C1=0,3,7,2,9,6,8,4,1,5 C2=0,6,2,4,5,9,3,8,1,7
ICZLf`]\_ PAIR C1=0,3,7,2,9,6,8,4,1,5 C2=0,6,2,4,5,9,3,8,1,7
ICZLf`]f_ NOPAIR
ICZLf`]V_ NOPAIR
ICZLf`]N_ PAIR C1=0,3,7,2,9,6,8,4,1,5 C2=0,6,2,4,5,9,3,8,1,7
ICZLf`]{O PAIR C1=0,5,4,8,3,6,2,7,1,9 C2=0,3,7,9,2,4,1,5,8,6
ICZLf`]yO PAIR C1=0,5,8,4,1,9,2,7,3,6 C2=0,3,8,6,2,4,5,1,7,9
ICZLf`]uO PAIR C1=0,5,4,8,1,7,3,9 C2=0,3,8,5,1,4,9,7
ICZLf`]mO PAIR C1=0,6,3,8,1,5,4,9,2,7 C2=0,3,9,7,1,4,2,6,8,5
ICZLf`]]O PAIR C1=0,5,4,8,3,6,2,9,1,7 C2=0,3,9,7,2,4,1,5,8,6
ICZLf`]xO PAIR C1=0,5,4,8,1,9,2,7,3,6 C2=0,3,8,6,2,4,1,5,9,7
ICZLf`]tO NOPAIR
ICZLf`]lO PAIR C1=0,5,4,8,1,7,2,9,3,6 C2=0,3,8,6,2,4,1,5,9,7
ICZLf`]\O PAIR C1=0,3,6,2,9,7,1,8,4,5 C2=0,6,8,3,9,5,1,4,2,7
ICZLf`]rO NOPAIR
ICZLf`]jO PAIR C1=0,5,8,4,9,2,7,3,6 C2=0,3,8,6,2,4,5,9,7
ICZLf`]fO PAIR C1=0,5,1,8,4,9,3,7 C2=0,3,8,5,4,1,7,9
ICZLf`]VO NOPAIR
ICZLf`]NO PAIR C1=0,5,4,8,1,7,2,9,3,6 C2=0,3,8,6,2,4,1,5,9,7
ICZLf`]wo PAIR C1=0,5,8,4,1,7,3,6,2,9 C2=0,3,8,1,5,4,2,7,9,6
ICZLf`]so NOPAIR
ICZLf`][o PAIR C1=0,6,2,9,3,8,5,4,1,7 C2=0,3,6,9,7,2,4,8,1,5
ICZLf`]qo PAIR C1=0,6,3,8,5,4,9,1,7 C2=0,3,7,9,6,8,4,1,5
ICZLf`]io PAIR C1=0,7,1,4,5,8,6,2,9 C2=0,5,1,8,4,2,7,9,6
ICZLf`]eo PAIR C1=0,6,3,9,4,8,5,1,7 C2=0,3,7,9,6,8,1,4,5
ICZLf`]Uo PAIR C1=0,6,3,9,4,8,5,1,7 C2=0,3,7,9,6,8,1,4,5
ICZLf`]po PAIR C1=0,6,3,8,5,9,1,7 C2=0,3,7,9,6,8,1,5
ICZLf`]ho PAIR C1=0,7,1,4,5,8,6,2,9 C2=0,5,1,8,4,2,7,9,6
ICZLf`]do NOPAIR
ICZLf`]To PAIR C1=0,6,3,8,5,9,1,7 C2=0,3,7,9,6,8,1,5
ICZLf`]Lo PAIR C1=0,6,2,9,3,8,5,4,1,7 C2=0,3,6,9,7,2,4,8,1,5
ICZLf`]bo PAIR C1=0,6,3,8,4,9,5,1,7 C2=0,3,7,9,6,8,1,4,5
ICZLf`]Jo PAIR C1=0,6,3,8,4,9,5,1,7 C2=0,3,7,9,6,8,1,4,5
ICZLf`]Fo PAIR C1=0,6,3,9,4,5,8,1,7 C2=0,3,7,9,6,8,4,1,5
ICZLf_}}? PAIR C1=0,5,4,8,2,9,1,7,3,6 C2=0,3,9,4,1,5,8,6,2,7
ICZLf_}|? PAIR C1=0,6,3,7,2,8,4,5,1,9 C2=0,3,9,5,8,6,2,4,1,7
ICZLf_}n? NOPAIR
ICZLf_}y_ PAIR C1=0,5,4,8,3,6,2,9,1,7 C2=0,3,7,2,4,1,5,8,6,9
ICZLf_}u_ PAIR C1=0,3,7,2,8,6,9,4,1,5 C2=0,6,2,4,5,8,3,9,1,7
ICZLf_}x_ PAIR C1=0,3,7,2,9,6,8,4,1,5 C2=0,6,3,8,2,4,5,9,1,7
ICZLf_}t_ PAIR C1=0,7,2,6,3,8,4,5,1,9 C2=0,3,7,1,4,2,8,6,9,5
ICZLf_}\_ PAIR C1=0,3,7,2,9,6,8,4,1,5 C2=0,6,2,4,5,8,3,9,1,7
ICZLf_}j_ NOPAIR
ICZLf_}f_ NOPAIR
ICZLf_}N_ NOPAIR
ICZLf_}{O PAIR C1=0,6,3,8,4,5,1,9,2,7 C2=0,3,9,7,1,4,2,6,8,5
ICZLf_}uO PAIR C1=0,6,3,7,2,8,4,5,1,9 C2=0,3,9,7,1,4,2,6,8,5
ICZLf_}mO NOPAIR
ICZLf_}]O PAIR C1=0,6,3,8,4,5,1,9,2,7 C2=0,3,9,7,1,4,2,6,8,5
ICZLf_}xO PAIR C1=0,6,3,7,2,8,4,5,1,9 C2=0,3,8,6,2,4,1,7,9,5
ICZLf_}lO NOPAIR
ICZLf_}\O PAIR C1=0,6,3,9,1,5,4,8,2,7 C2=0,3,8,6,2,4,1,7,9,5
ICZLf_}rO PAIR C1=0,6,3,7,2,8,4,5,1,9 C2=0,3,8,6,2,4,1,7,9,5
ICZLf_}jO PAIR C1=0,3,7,2,4,9,5,8,6 C2=0,5,4,8,3,6,2,9,7
ICZLf_}fO PAIR C1=0,5,8,4,9,3,7,2,6 C2=0,3,6,8,2,4,5,9,7
ICZLf_}VO PAIR C1=0,6,3,9,1,5,4,8,2,7 C2=0,3,8,6,2,4,1,7,9,5
ICZLf_}NO PAIR C1=0,5,8,4,9,3,7,2,6 C2=0,3,6,8,2,4,5,9,7
ICZLf_}wo PAIR C1=0,6,2,4,5,8,3,7,1,9 C2=0,3,6,9,7,2,8,4,1,5
ICZLf_}ko NOPAIR
ICZLf_}[o PAIR C1=0,5,8,4,1,9,3,6,2,7 C2=0,3,8,2,4,5,1,7,9,6
ICZLf_}qo PAIR C1=0,6,3,8,5,4,9,1,7 C2=0,3,7,9,6,8,4,1,5
ICZLf_}io NOPAIR
ICZLf_}eo NOPAIR
ICZLf_}Uo PAIR C1=0,6,3,8,5,4,9,1,7 C2=0,3,7,9,6,8,4,1,5
ICZLf_}Mo NOPAIR
ICZLf_}po PAIR C1=0,6,8,5,4,2,7,1,9 C2=0,5,1,4,8,2,6,9,7
ICZLf_}ho NOPAIR
ICZLf_}do NOPAIR
ICZLf_}To PAIR C1=0,5,4,8,2,6,3,9,1,7 C2=0,3,8,5,1,4,2,7,9,6
ICZLf_}Lo NOPAIR
ICZLf_}bo PAIR C1=0,6,3,8,5,9,4,2,7 C2=0,3,7,9,6,2,8,4,5
ICZLf_}Ro PAIR C1=0,6,3,8,5,4,9,1,7 C2=0,3,7,9,6,8,4,1,5
ICZLf_}Jo PAIR C1=0,5,9,4,8,2,6,3,7 C2=0,3,8,5,4,2,7,9,6
ICZLf_}Fo PAIR C1=0,6,3,8,2,4,5,9,7 C2=0,3,7,2,6,9,4,8,5
ICZLf`t|? PAIR C1=0,7,1,5,8,3,9 C2=0,3,7,8,1,9,5
ICZLf`tn? PAIR C1=0,5,4,2,8,1,7,3,9 C2=0,3,8,5,1,4,9,2,7
ICZLf`l|? NOPAIR
ICZLf`ln? NOPAIR
ICZLf`lx_ NOPAIR
ICZLf`ll_ PAIR C1=0,5,4,8,1,7,2,6,3,9 C2=0,3,7,8,2,4,1,5,9,6
ICZLf`lj_ NOPAIR
ICZLf`\}? PAIR C1=0,5,4,8,3,7,1,9 C2=0,3,9,4,1,5,8,7
ICZLf`\v? PAIR C1=0,7,1,5,8,3,9 C2=0,3,7,8,1,9,5
ICZLf`\u_ PAIR C1=0,7,3,8,4,5,1,9 C2=0,3,9,4,1,7,8,5
ICZLf`\t_ PAIR C1=0,5,8,3,7,1,9 C2=0,3,9,5,1,8,7
ICZLf_|j_ PAIR C1=0,5,8,4,9,2,6,3,7 C2=0,3,8,7,2,4,5,9,6
ICZLf`jf_ PAIR C1=0,6,3,9,5,4,8,1,7 C2=0,3,7,8,6,9,4,1,5
ICZLf`Z}? PAIR C1=0,3,6,2,9,4,8,1,7 C2=0,6,8,3,7,2,4,1,9
ICZLf`Zx_ PAIR C1=0,6,2,7,1,8,4,5,9 C2=0,5,1,4,2,9,6,8,7
ICZLf`Zj_ PAIR C1=0,6,2,9,5,4,8,1,7 C2=0,5,1,4,2,7,8,6,9
ICZLf_zn? NOPAIR
ICZLf_zr_ PAIR C1=0,6,3,8,4,5,9,1,7 C2=0,3,7,8,6,9,4,1,5
ICZLf`fx_ NOPAIR
ICZLf`fj_ PAIR C1=0,6,2,9,4,5,8,1,7 C2=0,5,1,4,2,7,8,6,9
ICZLf`Vv? PAIR C1=0,5,8,1,9,3,7 C2=0,3,8,7,1,5,9
ICZLf`Vr_ NOPAIR
ICZLf_vn? NOPAIR
ICZLf_vx_ NOPAIR
ICZLf_vj_ NOPAIR
ICZLf`Ny_ PAIR C1=0,5,4,8,7,1,9,2,6 C2=0,7,2,4,1,5,8,6,9
ICZLf`Nu_ PAIR C1=0,6,3,9,4,8,5,1,7 C2=0,3,7,8,6,9,1,4,5
ICZLf`Nr_ NOPAIR
ICZLf`Nf_ PAIR C1=0,6,3,9,5,4,8,1,7 C2=0,3,7,8,6,9,4,1,5
ICZLf_nn? PAIR C1=0,5,8,4,9,2,7,3,6 C2=0,3,9,5,4,2,6,8,7
ICZLf_nu_ PAIR C1=0,6,2,8,5,4,9,1,7 C2=0,5,1,4,2,7,8,6,9
ICZLf_nx_ PAIR C1=0,6,2,8,4,5,9,1,7 C2=0,5,1,4,2,7,8,6,9
ICZLf_nr_ PAIR C1=0,6,2,8,5,4,9,1,7 C2=0,5,1,4,2,7,8,6,9
ICZLf_nj_ NOPAIR
ICZLf_nf_ PAIR C1=0,6,2,8,4,5,9,3,7 C2=0,3,6,9,4,2,7,8,5
ICZLf_^y_ PAIR C1=0,5,4,8,7,1,9,2,6 C2=0,7,2,4,1,5,8,6,9
ICZLf_^r_ PAIR C1=0,6,3,8,4,5,9,1,7 C2=0,3,7,8,6,9,4,1,5
ICZLf_^f_ NOPAIR
ICZLazq}? PAIR C1=0,6,2,9,3,7,4,5,1,8 C2=0,3,6,8,2,4,9,1,7,5
ICZLazq|? PAIR C1=0,5,4,7,1,9,3,6,2,8 C2=0,3,7,5,9,2,4,1,8,6
ICZLazqv? NOPAIR
ICZLazq^? PAIR C1=0,5,4,7,3,6,2,9,1,8 C2=0,3,9,5,7,1,4,2,8,6
ICZLazqy_ PAIR C1=0,5,4,7,1,9,2,6,3,8 C2=0,3,7,5,1,4,2,8,6,9
ICZLazqu_ PAIR C1=0,6,3,9,4,5,7,1,8 C2=0,5,1,4,7,3,8,6,9
ICZLazq\_ PAIR C1=1,7,4,5,9,3,6,2,8 C2=1,4,2,9,6,8,3,7,5
ICZLazqr_ PAIR C1=0,5,7,4,9,1,8,3,6 C2=0,3,7,1,4,5,9,6,8
ICZLazqf_ PAIR C1=0,6,3,8,1,5,7,4,9 C2=0,3,7,1,4,5,9,6,8
ICZLazqV_ PAIR C1=0,5,7,4,9,1,8,3,6 C2=0,3,7,1,4,5,9,6,8
ICZLazqN_ PAIR C1=1,4,7,5,9,3,6,2,8 C2=1,5,4,2,9,6,8,3,7
ICZLazqxO PAIR C1=0,3,6,8,2,9,1,7,4,5 C2=0,6,2,4,1,5,9,7,3,8
ICZLazqtO NOPAIR
ICZLazqlO PAIR C1=0,6,3,7,4,5,1,8,2,9 C2=0,3,8,6,2,4,1,7,9,5
ICZLazqjO PAIR C1=0,5,4,7,1,8,3,6,2,9 C2=0,3,7,9,5,1,4,2,8,6
ICZLazqfO NOPAIR
ICZLazqpo PAIR C1=0,6,3,7,5,9,1,8 C2=0,3,8,6,9,7,1,5
ICZLazqho PAIR C1=0,3,6,2,9,5,4,7,1,8 C2=0,5,1,4,2,8,3,7,9,6
ICZLazqXo PAIR C1=0,6,3,7,5,9,1,8 C2=0,3,8,6,9,7,1,5
ICZLazqdo NOPAIR
ICZLazqbo PAIR C1=0,6,3,7,4,9,5,1,8 C2=0,3,8,6,9,7,1,4,5
ICZLazqRo PAIR C1=0,6,3,7,5,4,9,1,8 C2=0,3,8,6,9,7,4,1,5
ICZLazqJo PAIR C1=0,6,3,7,4,9,5,1,8 C2=0,3,8,6,9,7,1,4,5
ICZLayy\_ PAIR C1=0,3,9,1,5,7,4,2,6,8 C2=0,5,4,1,7,3,8,2,9,6
ICZLayylO PAIR C1=0,6,3,7,5,4,8,2,9 C2=0,3,8,6,2,4,7,9,5
ICZLayyho PAIR C1=0,3,6,2,9,5,7,4,8 C2=0,5,4,2,8,3,7,9,6
ICZLayydo NOPAIR
ICZLazU}? PAIR C1=0,5,4,7,3,8,1,9 C2=0,3,9,4,1,7,5,8
ICZJfbwmO NOPAIR
ICZJfb[mO PAIR C1=0,5,4,8,1,7,3,9 C2=0,3,8,5,1,4,9,7
ICZJfb[fO PAIR C1=0,7,3,9,4,5,1,8 C2=0,3,8,4,1,7,9,5
ICZJfb[NO PAIR C1=0,5,4,9,3,8,1,7 C2=0,3,7,9,5,1,4,8
ICZJfb[eo PAIR C1=0,7,1,5,4,8,3,9 C2=0,3,7,9,4,1,8,5
ICZJfb[Fo PAIR C1=0,7,3,9,4,5,1,8 C2=0,3,8,4,1,7,9,5
ICZJfa{}? PAIR C1=0,5,4,1,9,2,8,3,7 C2=0,3,9,4,2,7,1,5,8
ICZJfa{|? PAIR C1=0,5,4,1,9,2,8,3,7 C2=0,3,9,5,1,7,2,4,8
ICZJfa{z? NOPAIR
ICZJfa{n? NOPAIR
ICZJfa{{_ PAIR C1=0,5,4,8,3,9,2,6,1,7 C2=0,8,5,1,4,2,7,3,6,9
ICZJfa{y_ PAIR C1=0,3,8,2,7,1,6,9,4,5 C2=0,7,3,6,2,4,8,5,1,9
ICZJfa{u_ PAIR C1=0,5,4,8,2,6,1,9,3,7 C2=0,3,6,9,4,2,7,1,5,8
ICZJfa{m_ PAIR C1=0,5,4,8,2,9,3,6,1,7 C2=0,3,7,2,6,9,4,1,5,8
ICZJfa{x_ PAIR C1=0,5,4,8,3,7,2,6,1,9 C2=0,3,6,9,5,8,2,4,1,7
ICZJfa{t_ PAIR C1=0,5,4,8,3,7,2,6,1,9 C2=0,3,6,9,5,8,2,4,1,7
ICZJfa{\_ PAIR C1=0,5,4,8,2,6,3,9,1,7 C2=0,3,7,2,4,1,6,9,5,8
ICZJfa{f_ PAIR C1=0,8,3,7,2,6,1,5,4,9 C2=0,3,6,9,5,8,2,4,1,7
ICZJfa{{O PAIR C1=0,8,4,5,1,7,2,9 C2=0,5,8,2,4,1,9,7
ICZJfa{yO PAIR C1=0,5,1,9,7,2,4,8 C2=0,7,1,4,5,8,2,9
ICZJfa{uO PAIR C1=0,5,4,8,3,9,1,7 C2=0,3,7,9,4,1,5,8
ICZJfa{mO NOPAIR
ICZJfa{]O PAIR C1=0,5,4,8,3,9,1,7 C2=0,3,7,9,4,1,5,8
ICZJfa{xO PAIR C1=0,5,1,4,8,2,9,7 C2=0,8,5,4,2,7,1,9
ICZJfa{tO NOPAIR
ICZJfa{lO NOPAIR
ICZJfa{\O PAIR C1=0,5,1,9,3,7,2,4,8 C2=0,3,8,2,9,5,4,1,7
ICZJfa{jO NOPAIR
ICZJfa{fO NOPAIR
ICZJfa{VO PAIR C1=0,5,4,8,3,9,1,7 C2=0,3,7,9,4,1,5,8
ICZJfa{NO NOPAIR
ICZJfa{wo PAIR C1=0,5,4,8,3,6,1,9,2,7 C2=0,3,7,9,6,2,4,1,5,8
ICZJfa{qo PAIR C1=0,8,3,6,2,7,1,5,4,9 C2=0,3,7,9,6,1,4,2,8,5
ICZJfa{eo PAIR C1=0,8,3,6,2,7,1,5,4,9 C2=0,3,7,9,6,1,4,2,8,5
ICZJfa{Uo PAIR C1=0,7,2,6,3,9,1,5,4,8 C2=0,3,7,9,6,1,4,2,8,5
ICZJfa{po PAIR C1=0,7,2,6,3,8,4,5,1,9 C2=0,3,7,9,6,1,4,2,8,5
ICZJfa{ho PAIR C1=0,5,4,8,3,7,1,6,2,9 C2=0,3,6,9,7,2,4,1,5,8
ICZJfa{Xo PAIR C1=0,5,4,8,3,6,1,9,2,7 C2=0,3,7,9,6,2,4,1,5,8
ICZJfa{To PAIR C1=1,6,3,9,5,4,8,2,7 C2=1,4,2,6,9,7,3,8,5
ICZJfa{Lo PAIR C1=0,5,4,8,3,9,2,6,1,7 C2=0,3,6,9,7,2,4,1,5,8
ICZJfa{Ro PAIR C1=0,5,4,9,1,6,2,8,3,7 C2=0,3,6,9,7,2,4,1,5,8
ICZJfa{Fo PAIR C1=1,6,2,8,4,5,9,3,7 C2=1,4,2,7,9,6,3,8,5
ICZJf`{eo PAIR C1=0,7,2,6,3,8,1,5,4,9 C2=0,3,7,9,6,1,4,2,8,5
ICZJf`{ho PAIR C1=0,5,4,8,1,6,3,7,2,9 C2=0,3,8,5,1,4,2,6,9,7
ICZJf`{Fo PAIR C1=1,6,2,8,4,5,9,3,7 C2=1,4,2,7,9,6,3,8,5
ICZJfbqko PAIR C1=0,7,3,8,6,2,9 C2=0,3,6,9,7,2,8
ICZJfbieo PAIR C1=0,3,9,6,1,4,8,2,7 C2=0,8,1,7,3,6,2,4,9
ICZJfbibo PAIR C1=0,7,1,6,2,8,4,5,9 C2=0,5,1,4,2,7,9,6,8
ICZJfbYNO PAIR C1=0,5,4,8,1,6,3,9,2,7 C2=0,3,7,9,5,1,4,2,6,8
ICZJfbYio PAIR C1=0,3,8,4,1,6,9,2,7 C2=0,8,1,7,3,6,2,4,9
ICZJfbYho PAIR C1=0,5,9,2,6,1,4,8,3,7 C2=0,3,6,9,7,2,4,5,1,8
ICZJfbYbo PAIR C1=0,7,3,6,1,5,9,4,8 C2=0,3,8,6,9,7,1,4,5
ICZJfay}? PAIR C1=0,8,6,3,7,2,4,1,9 C2=0,3,8,4,9,2,6,1,7
ICZJfay|? PAIR C1=0,7,2,4,5,1,6,8,3,9 C2=0,5,9,2,6,3,7,1,4,8
ICZJfayz? PAIR C1=0,7,3,6,1,5,4,8,2,9 C2=0,3,8,6,2,7,1,4,9,5
ICZJfayv? PAIR C1=0,5,4,8,2,7,3,6,1,9 C2=0,3,8,6,2,4,9,5,1,7
ICZJfay^? PAIR C1=0,5,1,6,3,7,2,9,4,8 C2=0,3,8,6,2,4,5,9,1,7
ICZJfay{_ NOPAIR
ICZJfayy_ PAIR C1=0,3,8,4,1,7,2,6,9 C2=0,7,3,6,1,9,4,2,8
ICZJfayu_ PAIR C1=0,7,3,8,2,6,1,4,9 C2=0,3,6,9,1,7,2,4,8
ICZJfaym_ NOPAIR
ICZJfay]_ NOPAIR
ICZJfayl_ PAIR C1=0,3,7,2,9,6,8,4,1,5 C2=0,7,1,6,2,4,5,9,3,8
ICZJfayr_ PAIR C1=0,3,7,2,8,6,9,4,1,5 C2=0,7,1,9,5,4,2,6,3,8
ICZJfayN_ PAIR C1=0,5,4,9,2,8,3,6,1,7 C2=0,3,7,2,4,1,5,9,6,8
ICZJfay{O NOPAIR
ICZJfayyO PAIR C1=0,8,4,1,7,3,6,2,9 C2=0,3,8,6,1,9,4,2,7
ICZJfayuO PAIR C1=0,3,9,4,1,6,8,2,7 C2=0,8,4,2,6,3,7,1,9
ICZJfaymO NOPAIR
ICZJfay]O PAIR C1=1,7,3,6,2,8,4,9 C2=1,4,2,7,9,3,8,6
ICZJfayxO PAIR C1=0,5,4,8,3,7,1,6,2,9 C2=0,3,6,8,2,4,1,5,9,7
ICZJfaylO PAIR C1=0,5,4,8,3,7,1,6,2,9 C2=0,3,6,8,2,4,1,5,9,7
ICZJfayrO PAIR C1=0,3,8,6,2,7,9,4,1,5 C2=0,7,3,6,1,9,5,4,2,8
ICZJfayVO PAIR C1=0,5,4,9,1,6,3,8,2,7 C2=0,3,7,9,5,1,4,2,6,8
ICZJfayNO PAIR C1=0,5,4,9,2,8,3,6,1,7 C2=0,3,7,9,5,1,4,2,6,8
ICZJfaywo PAIR C1=0,7,3,8,6,2,9 C2=0,3,6,9,7,2,8
ICZJfayso NOPAIR
ICZJfayko PAIR C1=0,7,3,8,6,2,9 C2=0,3,6,9,7,2,8
ICZJfay[o NOPAIR
ICZJfayqo PAIR C1=0,7,2,4,1,9,6,3,8 C2=0,3,7,1,6,2,8,4,9
ICZJfayio PAIR C1=0,8,6,3,7,2,9 C2=0,3,8,2,6,9,7
ICZJfayYo NOPAIR
ICZJfayeo NOPAIR
ICZJfayUo PAIR C1=1,6,8,3,7,2,4,9 C2=1,4,8,2,6,3,9,7
ICZJfaypo PAIR C1=0,7,1,6,2,8,4,5,9 C2=0,5,1,4,2,7,9,6,8
ICZJfayho PAIR C1=0,7,1,6,2,8,4,5,9 C2=0,5,1,4,2,7,9,6,8
ICZJfayXo PAIR C1=0,7,3,6,1,4,5,9,2,8 C2=0,3,8,4,2,6,9,7,1,5
ICZJfayTo PAIR C1=0,7,1,4,5,9,3,6,2,8 C2=0,3,8,4,2,7,9,6,1,5
ICZJfaybo PAIR C1=0,7,1,6,2,8,4,5,9 C2=0,5,1,4,2,7,9,6,8
ICZJfayRo PAIR C1=0,7,3,6,1,5,9,4,8 C2=0,3,8,6,9,7,1,4,5
ICZJf`yfO PAIR C1=0,7,2,6,3,8,1,4,5,9 C2=0,3,7,9,4,2,8,6,1,5
ICZJf`yeo PAIR C1=1,6,3,9,4,8,2,7 C2=1,4,2,6,9,7,3,8
ICZJf`yMo PAIR C1=1,6,3,9,4,8,2,7 C2=1,4,2,6,9,7,3,8
ICZJf`yFo PAIR C1=1,6,2,7,3,9,4,8 C2=1,4,2,8,3,6,9,7
ICZJfbeho NOPAIR
ICZJfbUdo PAIR C1=0,7,1,6,3,9,5,8 C2=0,3,7,9,6,8,1,5
ICZJfbULo PAIR C1=0,7,1,6,3,9,5,8 C2=0,3,7,9,6,8,1,5
ICZJfbUbo PAIR C1=0,7,1,6,3,8,5,9 C2=0,3,7,9,6,8,1,5
ICZJfbUFo PAIR C1=0,7,1,6,3,9,5,8 C2=0,3,7,9,6,8,1,5
ICZJfau}? PAIR C1=0,7,1,5,4,9,2,6,3,8 C2=0,5,8,6,1,4,2,7,3,9
ICZJfau|? PAIR C1=0,7,3,6,1,5,8,2,9 C2=0,3,8,6,2,7,1,9,5
ICZJfauv? PAIR C1=0,5,4,9,3,7,1,6,2,8 C2=0,3,6,8,5,9,1,4,2,7
ICZJfau^? PAIR C1=0,5,4,9,1,6,3,7,2,8 C2=0,3,9,5,8,6,2,4,1,7
ICZJfau{_ NOPAIR
ICZJfaux_ PAIR C1=0,3,6,1,7,2,9,5,8 C2=0,5,1,9,6,2,8,3,7
ICZJfaut_ NOPAIR
ICZJfaul_ NOPAIR
ICZJfau\_ PAIR C1=0,5,1,9,6,3,8,2,7 C2=0,3,7,1,6,2,9,5,8
ICZJfauj_ PAIR C1=0,3,8,6,1,7,2,9,4,5 C2=0,7,3,6,9,5,1,4,2,8
ICZJfauf_ PAIR C1=0,3,7,2,8,6,9,4,1,5 C2=0,7,1,6,2,4,5,9,3,8
ICZJfau{O NOPAIR
ICZJfauyO PAIR C1=0,5,4,9,1,6,2,8,3,7 C2=0,3,6,8,5,1,4,2,7,9
ICZJfaumO PAIR C1=0,5,4,9,2,6,1,7,3,8 C2=0,3,6,8,5,1,4,2,7,9
ICZJfau]O PAIR C1=0,7,2,9,4,5,1,6,3,8 C2=0,3,9,7,1,4,2,6,8,5
ICZJfauxO PAIR C1=0,5,9,1,6,2,8,3,7 C2=0,3,6,8,5,1,7,2,9
ICZJfautO NOPAIR
ICZJfaulO NOPAIR
ICZJfau\O PAIR C1=0,3,6,8,5,1,9,2,7 C2=0,5,9,3,7,1,6,2,8
ICZJfaurO PAIR C1=0,3,8,6,2,7,9,4,1,5 C2=0,7,3,6,1,9,5,4,2,8
ICZJfauZO PAIR C1=0,5,4,9,2,6,1,7,3,8 C2=0,3,6,8,2,4,1,5,9,7
ICZJfauVO PAIR C1=0,5,4,9,1,6,2,7,3,8 C2=0,3,6,8,2,4,1,5,9,7
ICZJfauNO PAIR C1=0,5,4,9,2,6,1,7,3,8 C2=0,3,6,8,2,4,1,5,9,7
ICZJfauwo PAIR C1=0,7,3,8,6,2,9 C2=0,3,6,9,7,2,8
ICZJfau[o NOPAIR
ICZJfauqo PAIR C1=0,7,1,6,2,8,5,4,9 C2=0,5,1,4,2,7,9,6,8
ICZJfauio PAIR C1=0,7,1,6,2,8,5,4,9 C2=0,5,1,4,2,7,9,6,8
ICZJfauYo PAIR C1=0,3,8,6,2,7,9,4,1,5 C2=0,7,3,6,1,9,2,4,5,8
ICZJfauUo PAIR C1=0,5,4,9,3,8,2,6,1,7 C2=0,3,6,9,7,2,4,1,5,8
ICZJfauMo PAIR C1=0,3,8,6,2,7,9,4,1,5 C2=0,7,1,6,3,9,2,4,5,8
ICZJfaupo PAIR C1=0,7,3,6,1,9,5,8 C2=0,3,8,6,9,7,1,5
ICZJfauho PAIR C1=0,7,3,8,6,2,9 C2=0,3,6,9,7,2,8
ICZJfauXo PAIR C1=0,7,3,6,1,9,5,8 C2=0,3,8,6,9,7,1,5
ICZJfaudo NOPAIR
ICZJfauTo PAIR C1=0,7,3,6,1,9,5,8 C2=0,3,8,6,9,7,1,5
ICZJfauLo NOPAIR
ICZJfauRo PAIR C1=0,7,3,6,1,9,5,8 C2=0,3,8,6,9,7,1,5
ICZJfRsm_ PAIR C1=0,7,4,5,1,6,2,9,3,8 C2=0,3,6,9,4,1,7,2,8,5
ICZJfRqeo PAIR C1=0,7,1,6,3,9,4,2,8 C2=0,3,8,1,4,7,2,6,9
ICZJfRqdo PAIR C1=0,8,1,6,2,7,4,5,9 C2=0,5,1,4,2,8,6,9,7
ICZJfReLo NOPAIR
ICZJfQu}? PAIR C1=0,5,4,7,1,6,2,8,3,9 C2=0,3,6,8,5,1,4,9,2,7
ICZJfQuz? NOPAIR
ICZJfQu^? PAIR C1=0,5,4,7,2,6,1,9,3,8 C2=0,3,6,8,5,9,2,4,1,7
ICZJfQu{_ PAIR C1=0,5,4,7,1,6,3,8,2,9 C2=0,3,9,6,8,5,1,4,2,7
ICZJfQuy_ PAIR C1=0,7,1,6,2,8,5,4,9 C2=0,5,1,4,7,2,9,6,8
ICZJfQuu_ PAIR C1=0,5,4,7,1,9,3,6,2,8 C2=0,3,8,5,1,6,9,4,2,7
ICZJfQu]_ PAIR C1=0,3,8,6,9,2,7,4,1,5 C2=0,7,1,9,3,6,2,4,5,8
ICZJfQux_ PAIR C1=0,8,5,4,7,2,6,1,9 C2=0,5,9,6,8,2,4,1,7
ICZJfQul_ PAIR C1=0,3,9,6,1,5,4,7,2,8 C2=0,7,1,4,2,6,3,8,5,9
ICZJfQuj_ PAIR C1=0,8,5,1,6,2,7,4,9 C2=0,5,9,6,8,2,4,1,7
ICZJfQuZ_ NOPAIR
ICZJfQuyO NOPAIR
ICZJfQu]O PAIR C1=0,7,4,5,1,9,2,6,3,8 C2=0,3,9,7,2,4,1,6,8,5
ICZJfQuxO NOPAIR
ICZJfQutO PAIR C1=0,5,4,7,2,6,1,9,3,8 C2=0,3,6,8,2,4,1,5,9,7
ICZJfQu\O PAIR C1=0,5,4,7,1,6,2,9,3,8 C2=0,3,6,8,2,4,1,5,9,7
ICZJfQurO NOPAIR
ICZJfQuZO NOPAIR
ICZJfQuwo PAIR C1=0,7,4,5,8,2,6,1,9 C2=0,5,1,4,2,7,9,6,8
ICZJfQuso PAIR C1=0,8,5,4,7,2,6,1,9 C2=0,5,1,4,2,8,6,9,7
ICZJfQuqo PAIR C1=0,7,1,6,2,8,5,4,9 C2=0,5,1,4,2,7,9,6,8
ICZJeq{{_ PAIR C1=0,7,4,5,1,9,3,6,2,8 C2=0,3,7,1,6,9,2,4,8,5
ICZJeq{To NOPAIR
ICZJerqio PAIR C1=0,3,8,2,9,6,1,4,7 C2=0,8,1,7,3,6,2,4,9
ICZJerqho PAIR C1=0,5,9,2,6,3,8,1,4,7 C2=0,3,7,9,6,1,5,4,2,8
ICZJeqy{_ PAIR C1=0,7,3,6,2,9,1,4,8 C2=0,3,8,2,4,7,1,6,9
ICZJeqyt_ PAIR C1=0,5,4,8,3,7,1,6,9 C2=0,7,4,1,5,9,3,6,8
ICZJequ}? PAIR C1=0,7,1,5,4,9,3,6,2,8 C2=0,3,7,4,2,9,1,6,8,5
ICZJequ^? PAIR C1=0,5,4,7,3,6,1,9,2,8 C2=0,3,9,5,8,6,2,4,1,7
ICZJequy_ PAIR C1=0,5,1,9,4,7,3,6,2,8 C2=0,3,8,5,4,2,9,6,1,7
ICZJequu_ PAIR C1=0,7,4,9,3,6,1,5,8 C2=0,5,4,1,7,3,8,6,9
ICZJequ]_ PAIR C1=0,7,4,5,1,9,3,6,2,8 C2=0,3,7,1,4,2,9,6,8,5
ICZJequt_ NOPAIR
ICZJequ\_ PAIR C1=0,7,1,4,5,9,2,6,3,8 C2=0,3,7,4,2,8,6,9,1,5
ICZJequf_ PAIR C1=0,7,1,6,3,8,5,4,9 C2=0,3,7,4,1,5,9,6,8
ICZJequV_ PAIR C1=0,5,8,3,6,1,9,4,7 C2=0,3,7,1,4,5,9,6,8
ICZJequN_ PAIR C1=0,3,9,5,4,7,1,6,2,8 C2=0,5,1,4,2,9,6,8,3,7
ICZJequ{O PAIR C1=0,7,4,5,1,6,3,8,2,9 C2=0,3,7,9,1,4,2,6,8,5
ICZJequyO PAIR C1=0,7,4,5,1,6,3,8,2,9 C2=0,3,7,9,1,4,2,6,8,5
ICZJequuO NOPAIR
ICZJequ]O PAIR C1=0,7,4,5,1,6,3,9,2,8 C2=0,3,7,9,1,4,2,6,8,5
ICZJequxO PAIR C1=0,5,4,7,1,6,3,8,2,9 C2=0,3,7,9,5,1,4,2,6,8
ICZJequtO NOPAIR
ICZJequ\O PAIR C1=1,6,3,9,2,8,5,4,7 C2=1,4,2,6,8,3,7,9,5
ICZJequrO NOPAIR
ICZJequjO PAIR C1=0,7,4,1,5,8,3,6,2,9 C2=0,3,7,1,6,8,2,4,9,5
ICZJequfO NOPAIR
ICZJequVO NOPAIR
ICZJequNO PAIR C1=0,5,4,9,2,8,3,6,1,7 C2=0,3,7,9,5,1,4,2,6,8
ICZJequwo PAIR C1=0,8,5,4,7,1,6,2,9 C2=0,5,1,4,2,8,6,9,7
ICZJequqo PAIR C1=0,7,3,6,1,9,4,5,8 C2=0,3,8,6,9,7,4,1,5
ICZJequio PAIR C1=0,8,5,1,6,3,7,4,9 C2=0,3,8,6,9,7,1,4,5
ICZJequeo PAIR C1=0,8,5,1,6,3,7,4,9 C2=0,3,8,6,9,7,1,4,5
ICZJequUo PAIR C1=0,7,4,9,3,6,1,5,8 C2=0,3,8,6,9,7,1,4,5
ICZJequpo PAIR C1=0,7,3,6,1,9,5,8 C2=0,3,8,6,9,7,1,5
ICZJequho PAIR C1=0,8,5,4,7,1,6,2,9 C2=0,5,1,4,2,8,6,9,7
ICZJequdo NOPAIR
ICZJequTo PAIR C1=0,7,3,6,1,9,5,8 C2=0,3,8,6,9,7,1,5
ICZJequLo PAIR C1=0,7,4,5,1,6,2,9,3,8 C2=0,3,6,9,7,1,4,2,8,5
ICZJequbo PAIR C1=0,3,6,1,7,9,4,5,8 C2=0,5,1,4,7,3,8,6,9
ICZJequRo PAIR C1=0,7,3,6,1,9,4,5,8 C2=0,3,8,6,9,7,4,1,5
ICZJequJo PAIR C1=0,5,4,9,2,8,3,6,1,7 C2=0,3,7,9,6,2,4,1,5,8
ICZJequFo PAIR C1=0,7,1,6,3,9,4,5,8 C2=0,3,8,6,9,7,4,1,5
ICZJeqmwo PAIR C1=0,8,5,4,7,1,6,2,9 C2=0,5,1,4,2,8,6,9,7
ICZJeq]{_ NOPAIR
ICZJeq]\O NOPAIR
ICZJeq]Lo PAIR C1=0,7,1,6,3,9,5,4,8 C2=0,3,8,6,9,7,4,1,5
ICZJeqV^? NOPAIR
ICZJdrw\O PAIR C1=0,5,4,7,3,9,1,8 C2=0,3,8,4,1,5,9,7
ICZJdrwwo PAIR C1=0,7,3,8,4,2,6,1,9 C2=0,3,6,9,2,7,4,1,8
ICZJdrs}? PAIR C1=0,5,4,1,8,3,7,2,9 C2=0,3,9,1,5,8,2,4,7
ICZJdrs|? PAIR C1=0,5,1,9,2,4,7,3,8 C2=0,3,9,5,4,1,8,2,7
ICZJdrsz? NOPAIR
ICZJdrsv? NOPAIR
ICZJdrsn? PAIR C1=0,5,4,7,3,9,2,8 C2=0,3,8,5,9,4,2,7
ICZJdrs^? PAIR C1=0,5,4,7,3,9,2,8 C2=0,3,8,5,9,4,2,7
ICZJdrsy_ PAIR C1=0,5,4,7,3,8,1,6,2,9 C2=0,3,6,9,4,1,5,8,2,7
ICZJdrsu_ PAIR C1=0,3,9,1,6,2,7,4,5,8 C2=0,5,1,8,2,4,9,6,3,7
ICZJdrsm_ PAIR C1=0,5,4,7,3,9,2,6,1,8 C2=0,3,6,9,4,1,5,8,2,7
ICZJdrs]_ PAIR C1=0,5,4,7,3,9,2,6,1,8 C2=0,3,6,9,4,1,5,8,2,7
ICZJdrsj_ PAIR C1=0,5,1,8,3,6,2,9,4,7 C2=0,3,7,2,4,1,6,9,5,8
ICZJdrsf_ PAIR C1=0,5,1,8,2,6,3,9,4,7 C2=0,3,7,2,4,1,6,9,5,8
ICZJdrsV_ PAIR C1=0,5,1,8,2,6,3,9,4,7 C2=0,3,7,2,4,1,6,9,5,8
ICZJdrsN_ PAIR C1=0,5,1,8,3,6,2,9,4,7 C2=0,3,7,2,4,1,6,9,5,8
ICZJdrsyO PAIR C1=0,7,4,5,1,9,2,8 C2=0,5,8,1,4,2,7,9
ICZJdrsuO PAIR C1=0,7,4,5,1,9,3,8 C2=0,3,7,9,4,1,8,5
ICZJdrsmO NOPAIR
ICZJdrs]O PAIR C1=0,5,4,7,3,9,1,8 C2=0,3,8,5,1,4,9,7
ICZJdrsrO NOPAIR
ICZJdrsjO NOPAIR
ICZJdrsqo PAIR C1=0,3,8,2,6,9,7,4,1,5 C2=0,8,5,4,2,7,3,6,1,9
ICZJdrseo PAIR C1=0,3,8,2,6,9,7,4,1,5 C2=0,7,2,4,5,8,1,6,3,9
ICZJdrsUo PAIR C1=0,7,3,6,2,4,9,1,5,8 C2=0,3,8,2,7,9,6,1,4,5
ICZJdrk{O PAIR C1=0,8,1,5,4,7,2,9 C2=0,5,8,2,4,1,9,7
ICZJdrkxO PAIR C1=0,7,4,5,8,2,9 C2=0,5,9,7,2,4,8
ICZJdrkwo PAIR C1=0,5,4,7,2,8,1,9 C2=0,7,9,2,4,1,5,8
ICZJdr[tO PAIR C1=0,7,3,9,1,5,4,8 C2=0,3,8,1,4,7,9,5
ICZJdr[\O PAIR C1=0,7,3,9,1,5,4,8 C2=0,3,8,1,4,7,9,5
ICZJdr[so PAIR C1=0,7,4,5,1,8,3,9 C2=0,3,7,9,1,4,8,5
ICZJdr[To PAIR C1=0,5,1,9,3,8,4,7 C2=0,3,7,9,5,4,1,8
ICZJdq{\O NOPAIR
ICZJdq{Lo NOPAIR
ICZJdp{{O PAIR C1=0,5,4,1,8,3,7,9 C2=0,3,9,1,5,8,4,7
ICZJdp{so PAIR C1=0,7,4,5,1,6,2,8,3,9 C2=0,3,6,9,7,2,4,1,8,5
ICZJdp{To PAIR C1=1,6,2,8,4,7,3,9 C2=1,4,2,7,9,6,3,8
ICZJdrq}? PAIR C1=0,8,2,6,1,4,7,3,9 C2=0,3,6,8,1,9,4,2,7
ICZJdrq|? PAIR C1=0,7,4,1,5,9,3,6,2,8 C2=0,5,4,2,7,3,8,6,1,9
ICZJdrqz? PAIR C1=0,7,4,5,1,9,2,6,3,8 C2=0,3,7,2,8,6,1,4,9,5
ICZJdrqv? PAIR C1=0,5,4,7,3,8,2,6,1,9 C2=0,3,6,8,1,5,9,4,2,7
ICZJdrqn? PAIR C1=0,7,4,5,1,8,3,6,2,9 C2=0,3,7,2,8,6,1,4,9,5
ICZJdrq^? PAIR C1=0,7,4,5,1,9,2,6,3,8 C2=0,3,7,2,8,6,1,4,9,5
ICZJdrqy_ PAIR C1=0,7,2,4,9,1,6,3,8 C2=0,3,7,4,1,8,2,6,9
ICZJdrqu_ PAIR C1=0,7,3,8,1,6,2,4,9 C2=0,3,6,9,1,4,7,2,8
ICZJdrqm_ NOPAIR
ICZJdrq]_ NOPAIR
ICZJdrqx_ PAIR C1=0,5,4,7,3,6,2,8,1,9 C2=0,3,8,6,9,5,1,4,2,7
ICZJdrqV_ PAIR C1=0,5,4,7,3,9,1,6,2,8 C2=0,3,8,6,9,5,1,4,2,7
ICZJdrqN_ PAIR C1=0,5,4,7,3,9,2,6,1,8 C2=0,3,8,6,9,5,1,4,2,7
ICZJdrq{O NOPAIR
ICZJdrqyO PAIR C1=0,8,6,3,7,2,4,1,9 C2=0,3,8,1,6,2,9,4,7
ICZJdrquO PAIR C1=1,8,2,6,3,7,4,9 C2=1,4,2,7,9,3,8,6
ICZJdrqmO NOPAIR
ICZJdrq]O PAIR C1=1,6,2,7,4,9,3,8 C2=1,4,2,8,6,3,7,9
ICZJdrqxO PAIR C1=0,5,4,7,3,6,1,9,2,8 C2=0,3,8,6,2,4,1,5,9,7
ICZJdrqtO PAIR C1=0,5,4,7,2,8,1,6,3,9 C2=0,3,7,9,5,1,4,2,6,8
ICZJdrq\O PAIR C1=0,5,4,7,3,6,1,9,2,8 C2=0,3,8,6,2,4,1,5,9,7
ICZJdrqrO PAIR C1=0,3,8,6,2,7,9,4,1,5 C2=0,7,3,6,1,9,5,4,2,8
ICZJdrqVO PAIR C1=0,7,4,5,1,9,3,6,2,8 C2=0,3,8,6,1,4,2,7,9,5
ICZJdrqNO PAIR C1=0,5,4,9,2,7,3,6,1,8 C2=0,3,8,6,2,4,1,5,9,7
ICZJdrqwo PAIR C1=0,8,6,3,7,2,9 C2=0,3,8,2,6,9,7
ICZJdrqko PAIR C1=0,7,3,8,6,2,9 C2=0,3,6,9,7,2,8
ICZJdrqqo PAIR C1=0,3,8,1,4,9,6,2,7 C2=0,8,2,4,7,3,6,1,9
ICZJdrqYo NOPAIR
ICZJdrqeo NOPAIR
ICZJdrqUo PAIR C1=1,6,8,3,7,2,4,9 C2=1,4,7,9,3,6,2,8
ICZJdrqMo NOPAIR
ICZJdrqpo PAIR C1=0,8,1,6,2,7,4,5,9 C2=0,5,1,4,2,8,6,9,7
ICZJdrqXo PAIR C1=0,5,9,2,6,3,7,4,1,8 C2=0,3,8,2,4,5,1,6,9,7
ICZJdrqTo PAIR C1=0,5,9,3,6,1,4,7,2,8 C2=0,3,8,1,5,4,2,6,9,7
ICZJdrqbo PAIR C1=0,8,1,6,2,7,4,5,9 C2=0,5,1,4,2,8,6,9,7
ICZJdrqRo PAIR C1=0,7,4,9,5,1,6,3,8 C2=0,3,7,9,6,8,1,4,5
ICZJdri{O PAIR C1=0,3,6,8,1,4,7,2,9 C2=0,7,3,9,1,6,2,4,8
ICZJdrYso NOPAIR
ICZJdrYTo PAIR C1=0,7,4,5,9,1,6,3,8 C2=0,3,7,9,6,8,4,1,5
ICZJdqyko PAIR C1=0,7,3,8,6,2,9 C2=0,3,6,9,7,2,8
ICZJdqypo PAIR C1=0,7,4,5,9,1,6,3,8 C2=0,3,7,9,6,8,4,1,5
ICZJdpy{O PAIR C1=1,6,2,7,4,8,3,9 C2=1,4,2,9,7,3,6,8
ICZJdpytO PAIR C1=0,7,4,5,1,6,2,8,3,9 C2=0,3,6,8,1,4,2,7,9,5
ICZJdpy\O PAIR C1=1,6,3,9,2,7,4,8 C2=1,4,2,6,8,3,7,9
ICZJdpyso PAIR C1=1,8,4,7,2,6,3,9 C2=1,4,2,8,3,7,9,6
ICZJdpy[o PAIR C1=1,8,4,7,2,6,3,9 C2=1,4,2,8,3,7,9,6
ICZJdpyTo PAIR C1=1,4,8,2,7,3,9,6 C2=1,8,3,6,2,4,7,9
ICZJdre}? PAIR C1=0,5,4,7,3,9,1,6,2,8 C2=0,3,6,8,5,1,4,9,2,7
ICZJdre|? PAIR C1=0,7,4,5,1,9,3,6,2,8 C2=0,3,7,2,4,1,6,8,5,9
ICZJdren? PAIR C1=0,3,9,2,6,1,8,5,4,7 C2=0,8,6,3,7,2,4,1,5,9
ICZJdrey_ NOPAIR
ICZJdreu_ PAIR C1=0,5,4,7,3,6,2,8,1,9 C2=0,3,9,6,8,5,1,4,2,7
ICZJdre]_ PAIR C1=0,5,4,7,3,6,1,9,2,8 C2=0,3,9,6,8,5,1,4,2,7
ICZJdrex_ NOPAIR
ICZJdrel_ PAIR C1=0,7,4,5,1,6,3,9,2,8 C2=0,3,7,2,4,1,8,6,9,5
ICZJdrer_ NOPAIR
ICZJdrej_ PAIR C1=1,6,2,9,4,5,8 C2=1,4,2,8,6,9,5
ICZJdreZ_ PAIR C1=1,6,2,9,4,5,8 C2=1,4,2,8,6,9,5
ICZJdref_ PAIR C1=0,5,8,2,6,3,9,4,7 C2=0,3,7,2,4,5,9,6,8
ICZJdreN_ PAIR C1=0,7,2,6,3,9,4,5,8 C2=0,3,7,4,2,8,6,9,5
ICZJdre{O PAIR C1=0,8,2,7,4,5,1,6,3,9 C2=0,3,7,9,1,4,2,6,8,5
ICZJdreyO PAIR C1=0,5,4,7,2,8,1,9 C2=0,7,9,2,4,1,5,8
ICZJdreuO PAIR C1=0,5,4,7,3,9,1,6,2,8 C2=0,3,6,8,5,1,4,2,7,9
ICZJdre]O PAIR C1=0,7,3,9,4,2,6,1,5,8 C2=0,3,6,8,2,7,9,1,4,5
ICZJdrexO PAIR C1=0,7,2,9,1,4,5,8 C2=0,5,1,8,2,4,7,9
ICZJdre\O PAIR C1=0,5,1,8,6,3,9,2,4,7 C2=0,3,7,9,5,4,1,6,2,8
ICZJdrerO NOPAIR
ICZJdrejO NOPAIR
ICZJdreZO NOPAIR
ICZJdrefO PAIR C1=0,5,4,9,3,6,1,8,2,7 C2=0,3,7,9,5,1,4,2,6,8
ICZJdreVO PAIR C1=0,5,4,9,3,7,2,6,1,8 C2=0,3,6,8,2,4,1,5,9,7
ICZJdrewo PAIR C1=0,7,4,5,8,2,6,1,9 C2=0,5,1,4,2,7,9,6,8
ICZJdreso PAIR C1=0,8,5,4,7,2,6,1,9 C2=0,5,1,4,2,8,6,9,7
ICZJdreqo PAIR C1=0,7,4,5,8,2,6,1,9 C2=0,5,1,4,2,7,9,6,8
ICZJdreYo NOPAIR
ICZJdreeo PAIR C1=0,7,4,9,3,6,1,5,8 C2=0,3,7,9,6,8,1,4,5
ICZJdreUo PAIR C1=0,7,4,9,3,6,1,5,8 C2=0,3,7,9,6,8,1,4,5
ICZJdrepo PAIR C1=0,7,4,5,8,2,6,1,9 C2=0,5,1,4,2,7,9,6,8
ICZJdreho PAIR C1=0,7,4,5,8,1,6,2,9 C2=0,5,1,4,2,7,9,6,8
ICZJdreXo NOPAIR
ICZJdredo PAIR C1=0,8,1,6,2,7,4,5,9 C2=0,5,1,4,2,8,6,9,7
ICZJdrebo PAIR C1=0,8,1,6,2,7,4,5,9 C2=0,5,1,4,2,8,6,9,7
ICZJdreRo NOPAIR
ICZJdreFo PAIR C1=0,7,4,9,3,6,1,5,8 C2=0,3,7,9,6,8,1,4,5
ICZJdrU}? PAIR C1=0,5,8,1,9,3,6,2,4,7 C2=0,3,7,2,9,4,5,1,6,8
ICZJdrUn? PAIR C1=0,8,1,5,4,7,3,6,2,9 C2=0,3,9,5,8,6,1,4,2,7
ICZJdrU^? PAIR C1=0,5,4,7,3,6,2,9,1,8 C2=0,3,9,5,8,6,1,4,2,7
ICZJdrUy_ PAIR C1=0,3,8,6,9,2,7,4,1,5 C2=0,7,3,6,2,4,5,8,1,9
ICZJdrUu_ NOPAIR
ICZJdrU]_ PAIR C1=0,3,8,6,9,2,7,4,1,5 C2=0,7,3,9,1,6,2,4,5,8
ICZJdrUt_ NOPAIR
ICZJdrUr_ NOPAIR
ICZJdrUj_ PAIR C1=0,5,8,3,6,2,9,4,7 C2=0,3,7,2,4,5,9,6,8
ICZJdrUf_ NOPAIR
ICZJdrUN_ PAIR C1=0,3,8,6,9,2,7,4,1,5 C2=0,7,3,9,5,4,2,6,1,8
ICZJdrUyO PAIR C1=0,5,4,9,2,6,1,8,3,7 C2=0,3,6,8,5,1,4,2,7,9
ICZJdrUuO PAIR C1=0,5,4,7,3,9,1,8 C2=0,3,8,5,1,4,9,7
ICZJdrU]O PAIR C1=0,7,2,9,4,5,1,6,3,8 C2=0,3,7,9,1,4,2,6,8,5
ICZJdrUrO NOPAIR
ICZJdrUjO PAIR C1=0,7,2,9,5,4,1,6,3,8 C2=0,3,7,9,4,2,6,8,1,5
ICZJdrUqo PAIR C1=0,7,3,6,1,9,4,5,8 C2=0,3,8,6,9,7,4,1,5
ICZJdrUio PAIR C1=0,3,8,6,2,7,9,4,1,5 C2=0,7,3,6,1,8,5,4,2,9
ICZJdrUeo PAIR C1=0,7,3,6,1,8,5,4,9 C2=0,3,8,6,9,7,4,1,5
ICZJdrUUo PAIR C1=0,7,3,6,1,9,4,5,8 C2=0,3,8,6,9,7,4,1,5
ICZJdrUbo PAIR C1=0,7,4,9,5,1,6,3,8 C2=0,3,7,9,6,8,1,4,5
ICZJdrM{O PAIR C1=0,3,9,7,2,6,8,4,1,5 C2=0,7,3,6,1,9,2,4,5,8
ICZJdrMwo PAIR C1=0,7,4,5,8,1,6,2,9 C2=0,5,1,4,2,7,9,6,8
ICZJdrMso PAIR C1=0,7,4,5,8,1,6,3,9 C2=0,3,7,9,6,8,4,1,5
ICZJdqmho PAIR C1=0,5,9,2,8,4,7 C2=0,8,5,4,2,7,9
ICZJdpmdo PAIR C1=0,7,4,5,8,1,6,3,9 C2=0,3,7,9,6,8,4,1,5
ICZJdq]\O PAIR C1=0,5,4,8,3,6,1,9,2,7 C2=0,3,7,9,5,1,4,2,6,8
ICZJdq]To PAIR C1=0,7,4,5,9,1,6,3,8 C2=0,3,7,9,6,8,4,1,5
ICZJdq]Lo PAIR C1=0,7,3,9,6,2,4,5,8 C2=0,3,6,8,4,7,2,9,5
ICZJdp]\O PAIR C1=1,6,3,9,2,7,4,5,8 C2=1,4,2,6,8,3,7,9,5
ICZJdp]so PAIR C1=0,7,4,8,5,1,6,3,9 C2=0,3,7,9,6,8,1,4,5
ICZJdp]Lo PAIR C1=1,5,4,7,2,9,3,8,6 C2=1,4,2,6,3,7,9,5,8
ICZJdo}To PAIR C1=1,5,4,7,2,6,8,3,9 C2=1,4,2,8,5,9,7,3,6
ICZJdo}Lo NOPAIR
ICZJfJwl_ PAIR C1=0,5,4,8,3,9,2,6,1,7 C2=0,3,6,9,5,7,2,4,1,8
ICZJfJql_ PAIR C1=0,7,5,9,2,6,1,8 C2=0,5,1,7,2,8,6,9
ICZJfJil_ PAIR C1=0,8,4,5,7,1,6,2,9 C2=0,5,9,6,8,1,4,2,7
ICZJfJieo PAIR C1=0,8,1,6,2,7,5,4,9 C2=0,5,1,4,2,8,6,9,7
ICZJfIy|? PAIR C1=0,5,4,8,3,9,1,6,2,7 C2=0,3,6,8,2,4,1,7,5,9
ICZJfIyz? NOPAIR
ICZJfIy{_ PAIR C1=0,7,1,5,4,8,2,6,3,9 C2=0,3,8,6,9,1,4,2,7,5
ICZJfIyy_ PAIR C1=0,5,7,2,6,1,9,4,8 C2=0,7,1,5,4,2,8,6,9
ICZJfIyu_ PAIR C1=0,7,1,5,4,8,2,6,3,9 C2=0,3,8,6,9,1,4,2,7,5
ICZJfIyx_ PAIR C1=0,8,4,5,7,2,6,1,9 C2=0,5,9,6,8,2,4,1,7
ICZJfIyt_ PAIR C1=0,8,4,5,7,2,6,1,9 C2=0,5,9,6,8,2,4,1,7
ICZJfIyl_ PAIR C1=0,7,5,1,6,3,8,4,2,9 C2=0,3,9,6,8,2,7,1,4,5
ICZJfIyr_ PAIR C1=0,5,7,1,6,2,8,4,9 C2=0,7,2,4,1,5,9,6,8
ICZJfIyj_ PAIR C1=0,5,7,1,6,2,8,4,9 C2=0,7,2,4,1,5,9,6,8
ICZJfIyZ_ NOPAIR
ICZJfIyf_ PAIR C1=0,5,7,1,6,2,8,4,9 C2=0,7,2,4,1,5,9,6,8
ICZJfIyyO NOPAIR
ICZJfIyuO PAIR C1=0,5,4,8,3,9,1,6,2,7 C2=0,3,6,8,2,4,1,5,7,9
ICZJfIy]O PAIR C1=0,7,2,6,1,5,4,9,3,8 C2=0,3,6,8,2,4,1,9,7,5
ICZJfIyxO NOPAIR
ICZJfIyrO NOPAIR
ICZJfIyjO NOPAIR
ICZJfIyZO NOPAIR
ICZJfIyNO PAIR C1=0,7,2,6,1,5,4,9,3,8 C2=0,3,6,8,2,4,1,7,9,5
ICZJfIywo PAIR C1=0,7,5,4,8,2,6,1,9 C2=0,5,1,4,2,7,9,6,8
ICZJfIyso PAIR C1=0,7,5,4,8,2,6,1,9 C2=0,5,1,4,2,7,9,6,8
ICZJfIyqo PAIR C1=0,7,5,4,8,2,6,1,9 C2=0,5,1,4,2,7,9,6,8
ICZJfIyio PAIR C1=0,8,4,5,7,1,6,2,9 C2=0,5,1,4,2,8,6,9,7
ICZJfIyYo NOPAIR
ICZJfIyeo PAIR C1=0,7,5,1,6,3,9,4,8 C2=0,3,8,6,9,7,1,4,5
ICZJfIypo PAIR C1=0,8,4,5,7,2,6,1,9 C2=0,5,1,4,2,8,6,9,7
ICZJfIyho PAIR C1=0,8,4,5,7,1,6,2,9 C2=0,5,1,4,2,8,6,9,7
ICZJfIyXo NOPAIR
ICZJfIydo PAIR C1=0,7,1,6,2,8,4,5,9 C2=0,5,1,4,2,7,9,6,8
ICZJfIyLo PAIR C1=0,7,1,6,2,4,5,9,3,8 C2=0,3,6,9,7,2,8,4,1,5
ICZJfIybo PAIR C1=0,7,1,6,2,8,4,5,9 C2=0,5,1,4,2,7,9,6,8
ICZJfIyRo NOPAIR
ICZJfIyFo PAIR C1=0,7,5,1,6,3,9,4,8 C2=0,3,8,6,9,7,1,4,5
ICZJfIuwo PAIR C1=0,7,2,8,5,1,6,9 C2=0,5,7,1,9,2,6,8
ICZJfIu[o PAIR C1=0,7,5,1,9,6,3,8 C2=0,3,9,7,1,6,8,5
ICZJfG}eo PAIR C1=0,7,1,4,5,8,2,6,3,9 C2=0,3,8,4,2,7,9,6,1,5
ICZJfIZ}? PAIR C1=0,7,2,6,3,8,4,5,1,9 C2=0,3,9,2,4,1,6,8,7,5
ICZJejYio PAIR C1=0,7,5,1,6,3,8,4,9 C2=0,3,7,9,6,8,1,4,5
ICZJeiy}? PAIR C1=0,8,2,4,5,7,1,6,3,9 C2=0,5,1,4,9,2,6,8,3,7
ICZJeiyz? PAIR C1=0,5,4,8,3,7,1,6,2,9 C2=0,3,6,8,2,4,1,9,5,7
ICZJeiyv? NOPAIR
ICZJeiyy_ PAIR C1=0,5,4,8,3,6,2,9,1,7 C2=0,3,7,5,1,4,2,8,6,9
ICZJeiyu_ PAIR C1=0,7,5,1,6,3,9,4,8 C2=0,5,4,1,7,3,8,6,9
ICZJeiy]_ PAIR C1=0,5,4,8,2,6,3,9,1,7 C2=0,3,7,5,1,4,2,9,6,8
ICZJeiyx_ PAIR C1=0,7,5,1,4,8,3,6,2,9 C2=0,3,7,1,9,6,8,2,4,5
ICZJeiyt_ NOPAIR
ICZJeiyr_ PAIR C1=0,5,7,3,6,1,9,4,8 C2=0,3,8,6,9,5,4,1,7
ICZJeiyj_ PAIR C1=0,7,5,1,6,3,8,4,9 C2=0,3,7,1,4,5,9,6,8
ICZJeiyf_ PAIR C1=0,7,5,1,6,3,8,4,9 C2=0,3,7,1,4,5,9,6,8
ICZJeiyV_ PAIR C1=0,7,5,4,9,1,6,3,8 C2=0,3,7,1,4,8,6,9,5
ICZJeiyN_ PAIR C1=0,5,4,9,3,7,1,6,2,8 C2=0,3,8,6,9,2,4,1,5,7
ICZJeiy{O PAIR C1=0,5,4,8,2,9,1,6,3,7 C2=0,3,8,6,2,4,1,5,7,9
ICZJeiyyO PAIR C1=0,5,4,9,2,6,1,7,3,8 C2=0,3,6,8,2,4,1,5,7,9
ICZJeiyuO NOPAIR
ICZJeiy]O PAIR C1=0,7,3,9,2,6,1,5,4,8 C2=0,3,6,8,2,4,1,9,7,5
ICZJeiyxO PAIR C1=0,3,7,9,2,6,8,4,1,5 C2=0,7,1,6,3,8,2,4,5,9
ICZJeiyrO NOPAIR
ICZJeiyjO PAIR C1=0,7,3,6,1,5,4,8,2,9 C2=0,3,8,6,2,4,1,7,9,5
ICZJeiyfO NOPAIR
ICZJeiyVO NOPAIR
ICZJeiyNO PAIR C1=0,7,3,6,1,5,4,9,2,8 C2=0,3,8,6,2,4,1,7,9,5
ICZJeiywo PAIR C1=0,8,4,5,7,1,6,2,9 C2=0,5,1,4,2,8,6,9,7
ICZJeiyqo PAIR C1=0,7,5,4,9,1,6,3,8 C2=0,3,7,9,6,8,4,1,5
ICZJeiyio PAIR C1=0,3,7,9,6,2,8,4,1,5 C2=0,8,3,6,1,7,5,4,2,9
ICZJeiyeo PAIR C1=0,8,3,6,1,7,5,4,9 C2=0,3,7,9,6,8,4,1,5
ICZJeiyUo PAIR C1=0,7,5,4,9,1,6,3,8 C2=0,3,7,9,6,8,4,1,5
ICZJeiypo NOPAIR
ICZJeiyho PAIR C1=0,8,4,5,7,1,6,2,9 C2=0,5,1,4,2,8,6,9,7
ICZJeiyTo NOPAIR
ICZJeiyLo PAIR C1=0,5,4,8,3,9,2,6,1,7 C2=0,3,6,9,7,5,1,4,2,8
ICZJeiybo PAIR C1=0,7,3,6,1,5,9,4,8 C2=0,3,8,6,9,7,1,4,5
ICZJeiyRo PAIR C1=0,7,3,6,1,5,9,4,8 C2=0,3,8,6,9,7,1,4,5
ICZJeiyJo PAIR C1=0,7,3,6,1,5,9,4,8 C2=0,3,8,6,9,7,1,4,5
ICZJeiyFo PAIR C1=0,7,3,6,1,5,9,4,8 C2=0,3,8,6,9,7,1,4,5
ICZJeiuy_ PAIR C1=0,5,4,9,1,7,3,6,2,8 C2=0,3,8,6,9,2,4,1,5,7
ICZJeg}u_ PAIR C1=0,7,5,4,8,3,6,1,9 C2=0,3,7,1,4,9,6,8,5
ICZJeg}[o PAIR C1=1,4,8,5,7,3,9,2,6 C2=1,5,4,2,8,3,6,9,7
ICZJeg}eo PAIR C1=0,7,3,6,1,5,8,4,9 C2=0,3,8,6,9,7,1,4,5
ICZJeg}Uo PAIR C1=1,4,8,5,7,9,3,6 C2=1,5,4,9,6,8,3,7
ICZJeg}Mo PAIR C1=1,6,3,9,2,8,4,5,7 C2=1,4,2,6,9,7,3,8,5
ICZJdjw}? PAIR C1=0,7,3,9,1,5,4,2,8 C2=0,3,8,1,4,9,2,7,5
ICZJdjw|? PAIR C1=0,5,1,9,3,8,4,2,7 C2=0,3,7,5,4,1,8,2,9
ICZJdjwz? NOPAIR
ICZJdjwv? NOPAIR
ICZJdjwn? PAIR C1=0,5,4,8,3,9,2,7 C2=0,3,7,5,9,4,2,8
ICZJdjw^? PAIR C1=0,5,4,8,3,9,2,7 C2=0,3,7,5,9,4,2,8
ICZJdjwx_ PAIR C1=0,5,4,8,3,6,1,9,2,7 C2=0,3,7,5,9,6,2,4,1,8
ICZJdjwt_ PAIR C1=0,5,4,8,1,9,3,6,2,7 C2=0,3,7,5,9,6,1,4,2,8
ICZJdjwl_ PAIR C1=0,7,2,4,5,1,8,3,6,9 C2=0,3,7,5,9,2,6,1,4,8
ICZJdjw\_ PAIR C1=0,5,4,8,1,9,3,6,2,7 C2=0,3,7,5,9,6,1,4,2,8
ICZJdjwj_ PAIR C1=0,7,2,8,3,6,1,5,4,9 C2=0,3,7,5,9,6,2,4,1,8
ICZJdjwf_ PAIR C1=0,7,2,6,3,8,1,5,4,9 C2=0,3,7,5,9,6,1,4,2,8
ICZJdjw{O PAIR C1=0,5,4,8,1,9,2,7 C2=0,8,2,4,1,5,7,9
ICZJdjwyO PAIR C1=0,7,2,8,4,5,1,9 C2=0,5,7,9,2,4,1,8
ICZJdjwuO PAIR C1=0,7,3,9,1,5,4,8 C2=0,3,8,1,4,9,7,5
ICZJdjwmO NOPAIR
ICZJdjw]O PAIR C1=0,7,3,9,1,5,4,8 C2=0,3,8,1,4,9,7,5
ICZJdjwxO PAIR C1=0,8,4,1,5,7,2,9 C2=0,5,4,2,8,1,9,7
ICZJdjwtO NOPAIR
ICZJdjwlO NOPAIR
ICZJdjw\O NOPAIR
ICZJdjwrO NOPAIR
ICZJdjwjO NOPAIR
ICZJdjwZO NOPAIR
ICZJdjwfO NOPAIR
ICZJdjwVO PAIR C1=0,7,3,9,4,5,1,8 C2=0,3,8,4,1,9,7,5
ICZJdjwNO PAIR C1=0,5,7,3,9,4,2,8 C2=0,3,8,4,5,9,2,7
ICZJdjwwo PAIR C1=0,5,4,8,3,7,2,6,1,9 C2=0,3,6,9,7,5,1,4,2,8
ICZJdjw[o PAIR C1=0,7,2,9,3,6,1,5,4,8 C2=0,3,8,1,4,2,6,9,7,5
ICZJdjwqo PAIR C1=0,8,2,7,3,6,1,5,4,9 C2=0,3,8,1,4,2,6,9,7,5
ICZJdjwio PAIR C1=0,7,3,6,2,9,4,5,1,8 C2=0,3,8,2,4,1,6,9,7,5
ICZJdjweo PAIR C1=0,7,2,6,3,9,4,5,1,8 C2=0,3,8,2,4,1,6,9,7,5
ICZJdjwUo PAIR C1=0,7,2,6,3,9,4,5,1,8 C2=0,3,8,2,4,1,6,9,7,5
ICZJdjwpo PAIR C1=0,5,4,8,3,7,2,6,1,9 C2=0,3,6,9,7,5,1,4,2,8
ICZJdjwho PAIR C1=0,3,7,2,6,1,8,4,5,9 C2=0,5,1,4,2,8,3,6,9,7
ICZJdjwXo PAIR C1=0,5,9,2,7,3,6,1,4,8 C2=0,3,8,1,5,4,2,6,9,7
ICZJdjwTo PAIR C1=1,4,8,2,7,5,9,3,6 C2=1,5,4,2,6,9,7,3,8
ICZJdjwLo PAIR C1=0,7,2,9,3,6,1,5,4,8 C2=0,3,8,1,4,2,6,9,7,5
ICZJdjwFo PAIR C1=0,5,4,9,3,8,1,6,2,7 C2=0,3,6,9,7,5,1,4,2,8
ICZJdjsUo PAIR C1=0,5,4,9,1,6,2,8,3,7 C2=0,3,6,9,7,2,4,1,5,8
ICZJdjk{O PAIR C1=0,5,4,8,1,9,2,7 C2=0,8,2,4,1,5,7,9
ICZJdjkyO PAIR C1=0,7,5,4,9,2,8 C2=0,5,8,4,2,7,9
ICZJdjkwo PAIR C1=0,7,5,4,1,8,2,9 C2=0,5,1,9,7,2,4,8
ICZJdj[uO PAIR C1=0,5,7,3,9,1,4,8 C2=0,3,8,1,5,4,9,7
ICZJdj[]O PAIR C1=0,7,5,4,1,9,3,8 C2=0,3,7,9,4,8,1,5
ICZJdi{Mo NOPAIR
ICZJdh{wo PAIR C1=0,7,2,6,3,8,4,5,1,9 C2=0,3,7,9,6,1,4,2,8,5
ICZJdh{Uo PAIR C1=1,6,2,8,4,5,7,3,9 C2=1,4,2,7,9,6,3,8,5
ICZJdjq}? PAIR C1=0,7,3,8,2,6,1,5,4,9 C2=0,5,7,2,4,1,9,3,6,8
ICZJdjq|? PAIR C1=0,7,5,1,6,3,9,2,8 C2=0,3,7,2,6,8,1,9,5
ICZJdjqz? PAIR C1=0,7,2,8,3,6,1,5,4,9 C2=0,3,7,5,9,1,4,2,6,8
ICZJdjqv? PAIR C1=0,7,2,8,3,6,1,5,4,9 C2=0,3,7,5,9,1,4,2,6,8
ICZJdjqn? PAIR C1=0,7,2,6,3,8,1,5,4,9 C2=0,3,7,5,9,2,4,1,6,8
ICZJdjq^? PAIR C1=0,5,4,9,1,8,3,6,2,7 C2=0,3,7,5,9,2,4,1,6,8
ICZJdjqu_ PAIR C1=0,3,7,2,8,6,9,4,1,5 C2=0,7,5,4,2,6,1,9,3,8
ICZJdjqx_ PAIR C1=0,5,9,2,6,1,8,3,7 C2=0,3,6,9,1,5,7,2,8
ICZJdjqt_ NOPAIR
ICZJdjql_ NOPAIR
ICZJdjq\_ PAIR C1=0,5,9,2,6,1,8,3,7 C2=0,3,6,9,1,5,7,2,8
ICZJdjqr_ PAIR C1=0,3,7,2,8,6,9,4,1,5 C2=0,7,5,4,2,6,3,8,1,9
ICZJdjqj_ PAIR C1=0,7,5,4,1,6,3,8,2,9 C2=0,3,7,2,4,9,6,8,1,5
ICZJdjqf_ PAIR C1=0,3,7,2,8,6,9,4,1,5 C2=0,7,5,4,2,6,1,8,3,9
ICZJdjq{O NOPAIR
ICZJdjqyO PAIR C1=0,5,4,9,1,6,3,7,2,8 C2=0,3,8,6,2,4,1,5,7,9
ICZJdjquO PAIR C1=0,5,4,9,1,6,3,7,2,8 C2=0,3,8,6,2,4,1,5,7,9
ICZJdjqmO PAIR C1=0,5,4,9,2,7,3,6,1,8 C2=0,3,8,6,2,4,1,5,7,9
ICZJdjq]O PAIR C1=0,7,3,6,1,5,4,9,2,8 C2=0,3,8,6,2,4,1,9,7,5
ICZJdjqxO PAIR C1=0,3,6,8,1,5,7,2,9 C2=0,5,9,1,6,2,8,3,7
ICZJdjqtO NOPAIR
ICZJdjqlO NOPAIR
ICZJdjq\O PAIR C1=0,3,6,1,8,2,9,5,7 C2=0,5,1,9,3,7,2,6,8
ICZJdjqrO PAIR C1=0,3,8,6,2,7,9,4,1,5 C2=0,7,3,6,1,9,5,4,2,8
ICZJdjqZO PAIR C1=0,5,9,4,1,6,2,7,3,8 C2=0,3,6,8,1,5,4,2,9,7
ICZJdjqVO PAIR C1=0,7,3,9,4,5,1,6,2,8 C2=0,3,6,8,1,4,2,7,9,5
ICZJdjqNO PAIR C1=0,7,3,9,4,5,1,6,2,8 C2=0,3,6,8,1,4,2,7,9,5
ICZJdjqwo PAIR C1=0,7,3,8,6,2,9 C2=0,3,6,9,7,2,8
ICZJdjqqo PAIR C1=0,8,1,6,2,7,5,4,9 C2=0,5,1,4,2,8,6,9,7
ICZJdjqio PAIR C1=0,8,1,6,2,7,5,4,9 C2=0,5,1,4,2,8,6,9,7
ICZJdjqUo PAIR C1=0,5,4,9,3,8,1,6,2,7 C2=0,3,6,9,7,5,1,4,2,8
ICZJdjqpo PAIR C1=0,7,5,9,1,6,3,8 C2=0,3,7,9,6,8,1,5
ICZJdjqho PAIR C1=0,7,3,8,6,2,9 C2=0,3,6,9,7,2,8
ICZJdjqXo PAIR C1=0,7,5,9,1,6,3,8 C2=0,3,7,9,6,8,1,5
ICZJdjqTo PAIR C1=0,7,5,9,1,6,3,8 C2=0,3,7,9,6,8,1,5
ICZJdjqLo NOPAIR
ICZJdjqJo PAIR C1=0,5,1,4,9,6,2,7,3,8 C2=0,3,6,1,8,2,4,5,9,7
ICZJdji}? PAIR C1=0,3,9,1,6,2,8,4,5,7 C2=0,5,1,4,9,2,7,3,6,8
ICZJdji|? PAIR C1=0,5,4,8,1,9,3,6,2,7 C2=0,3,7,5,9,2,4,1,6,8
ICZJdjiv? PAIR C1=0,5,4,8,2,6,1,9,3,7 C2=0,3,6,8,1,4,2,7,5,9
ICZJdjin? PAIR C1=0,8,4,5,1,6,2,7,3,9 C2=0,3,6,8,1,4,2,9,5,7
ICZJdjiy_ PAIR C1=1,6,2,9,4,8 C2=1,4,2,8,6,9
ICZJdjix_ NOPAIR
ICZJdjit_ PAIR C1=0,5,4,8,1,9,3,6,2,7 C2=0,3,7,5,1,4,2,8,6,9
ICZJdjil_ PAIR C1=0,3,7,2,9,6,8,4,1,5 C2=0,7,5,4,2,8,1,6,3,9
ICZJdjir_ NOPAIR
ICZJdjij_ NOPAIR
ICZJdjif_ PAIR C1=0,7,5,4,9,3,6,2,8 C2=0,3,7,2,4,8,6,9,5
ICZJdji{O PAIR C1=0,8,4,5,1,6,2,7,3,9 C2=0,3,6,8,2,4,1,9,7,5
ICZJdjiyO PAIR C1=0,8,4,1,5,7,2,9 C2=0,5,4,2,8,1,9,7
ICZJdjiuO PAIR C1=0,5,4,9,3,7,2,6,1,8 C2=0,3,6,8,2,4,1,5,7,9
ICZJdji]O PAIR C1=0,3,7,5,4,9,2,6,1,8 C2=0,5,1,4,2,8,6,3,9,7
ICZJdjixO PAIR C1=0,7,5,4,1,8,2,9 C2=0,5,1,9,7,2,4,8
ICZJdjilO PAIR C1=0,5,4,1,8,6,2,9,3,7 C2=0,3,6,1,5,9,7,2,4,8
ICZJdji\O PAIR C1=0,5,4,1,8,6,2,9,3,7 C2=0,3,6,1,5,9,7,2,4,8
ICZJdjirO NOPAIR
ICZJdjijO NOPAIR
ICZJdjiVO PAIR C1=0,5,1,6,8,2,4,9,3,7 C2=0,3,6,2,7,9,5,4,1,8
ICZJdjiwo PAIR C1=0,8,4,5,7,2,6,1,9 C2=0,5,1,4,2,8,6,9,7
ICZJdjiso PAIR C1=0,7,5,4,8,2,6,1,9 C2=0,5,1,4,2,7,9,6,8
ICZJdjiqo PAIR C1=0,8,1,6,2,7,5,4,9 C2=0,5,1,4,2,8,6,9,7
ICZJdjiio PAIR C1=0,8,1,6,2,7,5,4,9 C2=0,5,1,4,2,8,6,9,7
ICZJdjiYo PAIR C1=1,4,9,2,8,6 C2=1,8,4,2,6,9
ICZJdjieo PAIR C1=0,8,1,6,2,7,5,4,9 C2=0,5,1,4,2,8,6,9,7
ICZJdjiUo PAIR C1=0,7,5,4,9,3,6,1,8 C2=0,3,7,9,6,8,4,1,5
ICZJdjipo PAIR C1=0,8,4,5,7,2,6,1,9 C2=0,5,1,4,2,8,6,9,7
ICZJdjiho PAIR C1=0,7,5,4,8,1,6,2,9 C2=0,5,1,4,2,7,9,6,8
ICZJdjiXo NOPAIR
ICZJdjido PAIR C1=0,5,4,8,1,6,2,7,3,9 C2=0,3,6,9,7,5,1,4,2,8
ICZJdjiTo PAIR C1=0,7,3,9,5,1,6,2,4,8 C2=0,3,6,9,7,2,8,1,4,5
ICZJdjibo PAIR C1=0,8,1,6,2,7,5,4,9 C2=0,5,1,4,2,8,6,9,7
ICZJdjiRo NOPAIR
ICZJdjiFo PAIR C1=0,7,5,4,9,3,6,1,8 C2=0,3,7,9,6,8,4,1,5
ICZJdjY}? PAIR C1=0,3,9,1,6,8,4,2,7,5 C2=0,7,3,6,2,9,4,5,1,8
ICZJdjYv? NOPAIR
ICZJdjYn? PAIR C1=0,7,3,9,2,6,1,5,4,8 C2=0,3,6,8,1,4,2,7,5,9
ICZJdjY^? PAIR C1=0,5,4,9,2,7,3,6,1,8 C2=0,3,8,6,2,4,1,9,5,7
ICZJdjYu_ NOPAIR
ICZJdjYx_ PAIR C1=0,3,7,2,9,6,8,4,1,5 C2=0,7,5,4,2,6,3,8,1,9
ICZJdjYt_ NOPAIR
ICZJdjYl_ PAIR C1=0,3,7,2,9,6,8,4,1,5 C2=0,7,5,4,2,6,1,8,3,9
ICZJdjY\_ PAIR C1=0,3,7,2,9,6,8,4,1,5 C2=0,7,5,4,2,6,1,9,3,8
ICZJdjYr_ NOPAIR
ICZJdjYj_ PAIR C1=0,7,5,4,9,2,6,3,8 C2=0,3,7,2,4,8,6,9,5
ICZJdjYf_ NOPAIR
ICZJdjYN_ PAIR C1=0,7,5,4,9,2,6,3,8 C2=0,3,7,2,4,8,6,9,5
ICZJdjY{O PAIR C1=0,7,2,6,3,9,1,5,4,8 C2=0,3,8,6,1,4,2,9,7,5
ICZJdjYyO PAIR C1=0,5,4,9,2,7,3,6,1,8 C2=0,3,8,6,2,4,1,5,7,9
ICZJdjYuO PAIR C1=0,3,9,1,8,4,5,7 C2=0,5,1,4,9,7,3,8
ICZJdjY]O PAIR C1=0,7,2,9,3,6,1,5,4,8 C2=0,3,8,6,2,4,1,9,7,5
ICZJdjYxO PAIR C1=0,7,3,6,2,9,1,5,4,8 C2=0,3,8,6,1,4,2,7,9,5
ICZJdjYtO NOPAIR
ICZJdjY\O PAIR C1=0,7,3,6,2,9,1,5,4,8 C2=0,3,8,6,1,4,2,7,9,5
ICZJdjYrO NOPAIR
ICZJdjYfO NOPAIR
ICZJdjYVO PAIR C1=0,3,9,1,8,4,5,7 C2=0,5,1,4,9,7,3,8
ICZJdjYNO PAIR C1=0,7,3,6,2,9,4,5,1,8 C2=0,3,8,6,1,4,2,7,9,5
ICZJdjYwo PAIR C1=0,7,5,4,8,1,6,2,9 C2=0,5,1,4,2,7,9,6,8
ICZJdjYso NOPAIR
ICZJdjY[o PAIR C1=0,3,9,2,6,1,8,4,5,7 C2=0,5,1,4,2,7,9,6,3,8
ICZJdjYqo PAIR C1=0,7,5,4,9,1,6,3,8 C2=0,3,7,9,6,8,4,1,5
ICZJdjYio PAIR C1=0,7,5,1,6,3,8,4,9 C2=0,3,7,9,6,8,1,4,5
ICZJdjYUo PAIR C1=0,7,5,1,6,3,9,4,8 C2=0,3,7,9,6,8,1,4,5
ICZJdjYpo PAIR C1=0,7,5,9,1,6,3,8 C2=0,3,7,9,6,8,1,5
ICZJdjYho PAIR C1=0,7,5,4,8,1,6,2,9 C2=0,5,1,4,2,7,9,6,8
ICZJdjYXo PAIR C1=0,7,5,9,1,6,3,8 C2=0,3,7,9,6,8,1,5
ICZJdjYTo PAIR C1=0,7,5,9,1,6,3,8 C2=0,3,7,9,6,8,1,5
ICZJdjYLo PAIR C1=0,3,6,1,8,4,5,9,2,7 C2=0,5,1,4,2,6,9,7,3,8
ICZJdjYbo PAIR C1=0,3,6,1,8,4,5,7,9 C2=0,5,1,4,9,6,8,3,7
ICZJdjYRo PAIR C1=0,7,5,4,9,1,6,3,8 C2=0,3,7,9,6,8,4,1,5
ICZJdjYJo PAIR C1=0,7,3,6,2,9,5,4,1,8 C2=0,3,8,4,2,7,9,6,1,5
ICZJdjYFo PAIR C1=0,7,5,1,6,3,9,4,8 C2=0,3,7,9,6,8,1,4,5
ICZJdiy}? PAIR C1=0,7,3,6,2,8,4,5,1,9 C2=0,3,8,6,1,4,9,2,7,5
ICZJdiyn? PAIR C1=0,3,9,2,8,4,5,7 C2=0,5,9,4,2,7,3,8
ICZJdiym_ NOPAIR
ICZJdiyx_ PAIR C1=0,3,7,2,9,6,8,4,1,5 C2=0,7,5,4,2,8,3,6,1,9
ICZJdiyl_ NOPAIR
ICZJdiyr_ PAIR C1=0,5,7,3,6,2,8,4,9 C2=0,3,8,6,9,5,4,2,7
ICZJdiyj_ PAIR C1=0,7,5,4,9,2,6,3,8 C2=0,3,7,2,4,8,6,9,5
ICZJdiyf_ PAIR C1=0,7,5,4,9,3,6,2,8 C2=0,3,7,2,4,8,6,9,5
ICZJdiyV_ PAIR C1=0,3,7,2,8,6,9,4,1,5 C2=0,7,5,4,2,6,1,9,3,8
ICZJdiyN_ PAIR C1=0,7,5,4,9,3,6,2,8 C2=0,3,7,2,4,8,6,9,5
ICZJdiyyO PAIR C1=0,5,4,9,1,6,2,7,3,8 C2=0,3,6,8,2,4,1,5,7,9
ICZJdiyuO PAIR C1=0,5,4,9,1,6,3,7,2,8 C2=0,3,8,6,2,4,1,5,7,9
ICZJdiymO NOPAIR
ICZJdiy]O PAIR C1=0,7,3,9,2,6,1,5,4,8 C2=0,3,6,8,2,4,1,9,7,5
ICZJdiyxO PAIR C1=0,5,4,8,3,7,2,6,1,9 C2=0,3,6,8,2,4,1,5,9,7
ICZJdiylO NOPAIR
ICZJdiyrO PAIR C1=0,3,8,6,2,7,9,4,1,5 C2=0,7,3,6,1,9,5,4,2,8
ICZJdiyjO NOPAIR
ICZJdiyfO NOPAIR
ICZJdiyVO PAIR C1=0,7,2,6,3,9,5,1,4,8 C2=0,3,7,9,1,6,8,2,4,5
ICZJdiyNO PAIR C1=0,5,9,4,2,7,3,8 C2=0,3,9,2,8,4,5,7
ICZJdiywo PAIR C1=0,7,5,4,8,2,6,1,9 C2=0,5,1,4,2,7,9,6,8
ICZJdiyko PAIR C1=0,7,3,8,6,2,9 C2=0,3,6,9,7,2,8
ICZJdiyqo PAIR C1=0,8,4,5,7,2,6,1,9 C2=0,5,1,4,2,8,6,9,7
ICZJdiyio PAIR C1=0,7,3,8,6,2,9 C2=0,3,6,9,7,2,8
ICZJdiyeo NOPAIR
ICZJdiyMo NOPAIR
ICZJdiypo PAIR C1=0,7,5,4,8,2,6,1,9 C2=0,5,1,4,2,7,9,6,8
ICZJdiyho PAIR C1=0,7,3,8,6,2,9 C2=0,3,6,9,7,2,8
ICZJdiyXo PAIR C1=0,5,7,3,6,2,9,1,4,8 C2=0,3,8,2,4,5,1,6,9,7
ICZJdiyTo PAIR C1=0,5,9,1,4,8,3,6,2,7 C2=0,3,7,9,6,1,5,4,2,8
ICZJdiyLo NOPAIR
ICZJdiybo PAIR C1=0,3,6,8,2,7,5,4,9 C2=0,5,9,6,2,4,8,3,7
ICZJdiyRo PAIR C1=0,7,5,4,9,1,6,3,8 C2=0,3,7,9,6,8,4,1,5
ICZJdiyFo PAIR C1=0,5,4,2,7,3,9,6,8 C2=0,3,6,2,8,4,9,5,7
ICZJdhy|? PAIR C1=0,5,4,8,1,9,2,6,3,7 C2=0,3,8,6,1,4,2,7,5,9
ICZJdhyy_ PAIR C1=0,5,4,8,3,6,1,9,2,7 C2=0,3,7,5,1,4,2,8,6,9
ICZJdhy]_ PAIR C1=1,6,2,9,4,8 C2=1,4,2,8,6,9
ICZJdhyf_ PAIR C1=0,3,7,2,8,6,9,4,1,5 C2=0,7,5,4,2,6,1,8,3,9
ICZJdhyN_ NOPAIR
ICZJdhy{O PAIR C1=0,5,4,8,2,9,1,6,3,7 C2=0,3,8,6,2,4,1,5,7,9
ICZJdhyyO PAIR C1=0,5,4,9,2,6,1,8,3,7 C2=0,3,6,8,2,4,1,5,7,9
ICZJdhyuO PAIR C1=0,5,4,8,3,9,1,6,2,7 C2=0,3,6,8,2,4,1,5,7,9
ICZJdhy]O NOPAIR
ICZJdhyxO PAIR C1=0,7,2,6,3,8,1,4,5,9 C2=0,3,7,9,2,4,8,6,1,5
ICZJdhytO PAIR C1=0,3,9,7,2,6,8,4,1,5 C2=0,7,3,6,1,8,2,4,5,9
ICZJdhylO PAIR C1=1,6,3,9,2,7,5,4,8 C2=1,4,2,6,8,3,7,9,5
ICZJdhy\O PAIR C1=1,6,3,9,2,7,5,4,8 C2=1,4,2,6,8,3,7,9,5
ICZJdhyZO NOPAIR
ICZJdhyfO PAIR C1=1,6,3,9,4,5,7,2,8 C2=1,4,2,6,8,3,7,9,5
ICZJdhyVO PAIR C1=1,6,3,9,4,5,7,2,8 C2=1,4,2,6,8,3,7,9,5
ICZJdhyNO PAIR C1=1,6,3,9,4,5,7,2,8 C2=1,4,2,6,8,3,7,9,5
ICZJdhywo PAIR C1=0,7,5,1,4,8,3,6,2,9 C2=0,3,7,9,6,1,8,2,4,5
ICZJdhyso PAIR C1=0,7,5,1,6,2,4,8,3,9 C2=0,3,6,9,7,2,8,1,4,5
ICZJdhyYo PAIR C1=1,4,8,6,2,9 C2=1,6,9,4,2,8
ICZJdhyUo NOPAIR
ICZJdhyho PAIR C1=0,7,3,8,1,6,2,4,5,9 C2=0,3,6,9,7,2,8,4,1,5
ICZJdhyXo NOPAIR
ICZJdhyTo PAIR C1=1,4,8,2,7,5,9,3,6 C2=1,5,4,2,6,9,7,3,8
ICZJdhyLo PAIR C1=1,4,8,2,7,5,9,3,6 C2=1,5,4,2,6,9,7,3,8
ICZJdhybo PAIR C1=0,7,3,6,1,8,2,4,5,9 C2=0,3,8,6,2,7,9,4,1,5
ICZJdhyRo NOPAIR
ICZJdhyFo PAIR C1=1,4,8,2,7,5,9,3,6 C2=1,5,4,2,6,9,7,3,8
ICZJdje{O PAIR C1=0,3,6,8,2,9,1,5,7 C2=0,5,8,1,6,2,7,3,9
ICZJdjeqo PAIR C1=0,8,1,6,2,7,5,4,9 C2=0,5,1,4,2,8,6,9,7
ICZJdjUwo PAIR C1=0,7,5,8,3,6,1,9 C2=0,3,7,9,6,8,1,5
ICZJdjU[o PAIR C1=0,5,8,6,1,9,3,7 C2=0,3,6,9,7,5,1,8
ICZJdjUqo PAIR C1=0,7,5,8,3,6,1,9 C2=0,3,7,9,6,8,1,5
ICZJdiuwo PAIR C1=0,7,3,8,6,2,9 C2=0,3,6,9,7,2,8
ICZJdiuko PAIR C1=0,7,3,8,6,2,9 C2=0,3,6,9,7,2,8
ICZJdiuio PAIR C1=0,7,3,8,6,2,9 C2=0,3,6,9,7,2,8
ICZJdhuwo PAIR C1=0,7,5,8,3,6,1,9 C2=0,3,7,9,6,8,1,5
ICZJdhu[o NOPAIR
ICZJdjMwo PAIR C1=0,7,5,4,8,1,6,2,9 C2=0,5,1,4,2,7,9,6,8
ICZJdimwo PAIR C1=0,7,5,4,8,2,6,1,9 C2=0,5,1,4,2,7,9,6,8
ICZJdimio PAIR C1=0,5,8,4,9,2,7 C2=0,8,2,4,5,7,9
ICZJdhmwo NOPAIR
ICZJdhmeo PAIR C1=0,3,9,4,8,2,6,1,5,7 C2=0,5,8,1,4,2,7,3,6,9
ICZJdi]]O PAIR C1=1,6,2,7,5,4,8,3,9 C2=1,4,2,9,7,3,6,8,5
ICZJdi]Uo PAIR C1=0,3,6,1,5,7,9,4,8 C2=0,5,4,1,9,6,8,3,7
ICZJdi]Mo PAIR C1=0,3,9,6,8,4,2,7,5 C2=0,7,3,6,2,9,4,5,8
ICZJdh]]O PAIR C1=1,6,2,9,4,5,7,3,8 C2=1,4,2,7,9,3,6,8,5
ICZJdg}Mo NOPAIR
ICZJdjp^? PAIR C1=0,5,1,4,9,2,7,3,8 C2=0,3,9,1,8,2,4,5,7
ICZJdjp\_ PAIR C1=0,5,9,2,7,3,6,1,8 C2=0,3,8,2,6,9,1,5,7
ICZJdjh|? NOPAIR
ICZJdjhx_ NOPAIR
ICZJdjX^? NOPAIR
ICZJdjXV_ NOPAIR
ICZJdhx|? PAIR C1=0,5,1,9,3,8,4,2,7 C2=0,3,7,5,4,1,8,2,9
ICZJdhxx_ PAIR C1=0,7,2,6,3,8,4,5,1,9 C2=0,3,7,8,2,4,1,6,9,5
ICZJdhx\_ PAIR C1=1,6,2,9,3,7,5,4,8 C2=1,4,2,7,8,3,6,9,5
ICZJdhxN_ PAIR C1=1,6,2,9,3,7,5,4,8 C2=1,4,2,7,8,3,6,9,5
ICZJdjb|? PAIR C1=0,5,1,8,6,3,9,2,7 C2=0,3,7,5,9,1,6,2,8
ICZJdjbx_ NOPAIR
ICZJdjRt_ PAIR C1=0,7,5,9,3,6,1,8 C2=0,3,7,8,6,9,1,5
ICZJdjR\_ PAIR C1=0,7,5,9,3,6,1,8 C2=0,3,7,8,6,9,1,5
ICZJdjRV_ PAIR C1=0,7,5,9,3,6,1,8 C2=0,3,7,8,6,9,1,5
ICZJdirx_ NOPAIR
ICZJdhr|? PAIR C1=0,5,1,9,2,8,6,3,7 C2=0,3,8,1,6,2,7,5,9
ICZJdhr^? PAIR C1=1,6,2,9,4,5,7,3,8 C2=1,4,2,7,8,6,3,9,5
ICZJdijx_ PAIR C1=0,8,4,5,7,2,6,1,9 C2=0,5,1,4,2,9,6,8,7
ICZJdhjZ_ PAIR C1=1,8,6,2,4,9 C2=1,4,8,2,9,6
ICZJdhjf_ PAIR C1=0,7,5,4,8,1,6,3,9 C2=0,3,7,8,6,9,4,1,5
ICZJdiZ^? PAIR C1=1,6,3,8,4,5,7,2,9 C2=1,4,2,6,8,7,3,9,5
ICZJdiZV_ PAIR C1=0,7,5,1,6,3,9,4,8 C2=0,3,7,8,6,9,1,4,5
ICZJdiZN_ PAIR C1=0,5,4,2,9,6,8,3,7 C2=0,3,6,2,7,5,9,4,8
ICZJdhZV_ NOPAIR
ICZJdhZN_ PAIR C1=1,6,2,9,3,7,5,4,8 C2=1,4,2,7,8,3,6,9,5
ICZJdgz^? PAIR C1=1,6,2,8,3,7,5,4,9 C2=1,4,2,7,8,6,3,9,5
ICZJdgzV_ PAIR C1=1,4,8,3,6,2,7,5,9 C2=1,5,4,2,8,7,3,9,6
ICZJbiy}? PAIR C1=0,5,4,8,2,7,1,6,3,9 C2=0,3,7,5,1,4,9,2,6,8
ICZJbiy|? PAIR C1=0,5,4,8,2,7,3,6,1,9 C2=0,3,9,5,7,1,4,2,6,8
ICZJbiyv? PAIR C1=0,5,1,6,3,7,2,8,4,9 C2=0,3,9,5,7,1,4,2,6,8
ICZJbiyn? PAIR C1=0,5,1,7,2,6,3,8,4,9 C2=0,3,7,5,9,2,4,1,6,8
ICZJbiyu_ PAIR C1=0,5,4,9,1,7,2,6,3,8 C2=0,3,7,5,1,4,2,8,6,9
ICZJbiyx_ PAIR C1=0,3,7,2,9,6,8,4,1,5 C2=0,8,3,6,2,4,5,7,1,9
ICZJbiyt_ PAIR C1=1,7,5,4,8,2,6,3,9 C2=1,4,2,7,3,8,6,9,5
ICZJbiyl_ PAIR C1=1,6,3,9,2,8,4,5,7 C2=1,4,2,7,3,8,6,9,5
ICZJbiyf_ PAIR C1=0,3,8,2,6,1,7,5,4,9 C2=0,5,1,4,2,7,3,9,6,8
ICZJbiyV_ PAIR C1=1,7,5,4,8,2,6,3,9 C2=1,4,2,7,3,8,6,9,5
ICZJbiyN_ PAIR C1=1,6,3,9,2,8,4,5,7 C2=1,4,2,7,3,8,6,9,5
ICZJbiy{O PAIR C1=0,8,4,5,1,6,3,7,2,9 C2=0,3,8,6,2,4,1,9,7,5
ICZJbiyyO PAIR C1=0,5,4,9,1,6,2,7,3,8 C2=0,3,6,8,2,4,1,5,7,9
ICZJbiyuO PAIR C1=0,5,4,9,1,6,2,7,3,8 C2=0,3,6,8,2,4,1,5,7,9
ICZJbiymO PAIR C1=0,5,4,9,2,6,1,7,3,8 C2=0,3,6,8,2,4,1,5,7,9
ICZJbiy]O PAIR C1=1,7,3,6,2,8,4,9 C2=1,4,2,7,9,3,8,6
ICZJbiyxO PAIR C1=0,8,4,5,1,7,3,6,2,9 C2=0,3,8,6,1,4,2,7,9,5
ICZJbiytO PAIR C1=1,6,8,2,4,5,7,3,9 C2=1,4,8,3,6,2,7,9,5
ICZJbiylO PAIR C1=0,8,4,5,1,7,3,6,2,9 C2=0,3,8,6,1,4,2,7,9,5
ICZJbiy\O PAIR C1=1,6,3,9,2,8,4,5,7 C2=1,4,2,6,8,3,7,9,5
ICZJbiyfO PAIR C1=0,8,2,6,3,7,1,5,4,9 C2=0,3,8,6,1,4,2,7,9,5
ICZJbiyVO PAIR C1=1,5,7,2,8,4,9,3,6 C2=1,7,3,8,6,2,4,5,9
ICZJbiyNO PAIR C1=1,6,3,9,2,8,4,5,7 C2=1,4,2,6,8,3,7,9,5
ICZJbiywo PAIR C1=0,5,7,2,6,3,8,4,1,9 C2=0,3,7,9,6,1,5,4,2,8
ICZJbiyYo NOPAIR
ICZJbiyUo PAIR C1=1,6,8,2,4,9,3,7 C2=1,4,8,3,6,2,7,9
ICZJbiyMo NOPAIR
ICZJbiypo PAIR C1=0,3,6,1,7,2,8,4,5,9 C2=0,5,1,4,2,6,9,7,3,8
ICZJbiyho PAIR C1=0,8,3,7,1,6,2,4,5,9 C2=0,3,6,9,7,2,8,4,1,5
ICZJbiyXo NOPAIR
ICZJbiydo PAIR C1=0,3,7,1,6,2,8,4,5,9 C2=0,5,1,4,2,7,9,6,3,8
ICZJbiyTo PAIR C1=1,6,2,7,3,8,4,5,9 C2=1,4,2,8,6,3,9,7,5
ICZJbiyLo PAIR C1=1,4,8,2,9,5,7,3,6 C2=1,5,4,2,6,8,3,9,7
ICZJbiybo PAIR C1=0,5,1,4,8,3,6,2,7,9 C2=0,3,7,1,6,9,5,4,2,8
ICZJbiyRo NOPAIR
ICZJbiyFo NOPAIR
ICZJbhyeo PAIR C1=1,6,3,9,4,8,2,7 C2=1,4,2,6,9,7,3,8
ICZJbiu}? PAIR C1=0,5,4,9,1,7,2,6,3,8 C2=0,3,7,5,8,6,1,4,2,9
ICZJbiuwo PAIR C1=0,8,5,7,3,6,1,9 C2=0,3,8,6,9,7,1,5
ICZJbiuMo PAIR C1=1,5,4,9,2,6,8,3,7 C2=1,4,2,8,5,7,9,3,6
ICZJbimeo PAIR C1=0,5,8,4,1,7,2,6,3,9 C2=0,3,7,9,6,1,5,4,2,8
ICZJdfw}? PAIR C1=0,7,3,8,4,1,6,2,9 C2=0,3,6,7,2,4,9,1,8
ICZJdfw|? PAIR C1=0,8,4,5,1,6,2,7,3,9 C2=0,5,9,1,4,2,8,3,6,7
ICZJdfw{_ NOPAIR
ICZJdfwy_ PAIR C1=0,7,2,6,3,8,1,4,9 C2=0,3,7,6,1,9,2,4,8
ICZJdfwu_ PAIR C1=0,3,7,6,1,8,2,4,9 C2=0,7,2,6,3,9,1,4,8
ICZJdfwm_ NOPAIR
ICZJdfw]_ NOPAIR
ICZJdfwx_ PAIR C1=0,5,4,8,3,6,1,9,2,7 C2=0,3,7,6,9,5,1,4,2,8
ICZJdfwt_ PAIR C1=0,5,4,8,1,9,3,6,2,7 C2=0,3,7,6,9,5,1,4,2,8
ICZJdfwl_ PAIR C1=0,5,4,8,1,6,3,9,2,7 C2=0,3,7,6,9,5,1,4,2,8
ICZJdfw\_ PAIR C1=0,5,4,8,1,6,3,9,2,7 C2=0,3,7,6,9,5,1,4,2,8
ICZJdfwr_ PAIR C1=0,3,8,2,7,6,9,4,1,5 C2=0,7,3,6,2,4,5,9,1,8
ICZJdfwV_ PAIR C1=0,7,3,9,4,5,1,6,2,8 C2=0,3,8,1,4,2,7,6,9,5
ICZJdfwN_ PAIR C1=0,7,3,6,1,5,4,9,2,8 C2=0,3,8,1,4,2,7,6,9,5
ICZJdfw{O NOPAIR
ICZJdfwyO PAIR C1=0,3,7,2,6,1,9,4,8 C2=0,7,6,3,8,1,4,2,9
ICZJdfwuO PAIR C1=1,6,2,4,8,3,7,9 C2=1,4,9,3,6,7,2,8
ICZJdfwmO NOPAIR
ICZJdfw]O PAIR C1=1,6,3,7,2,8,4,9 C2=1,4,2,6,7,9,3,8
ICZJdfwxO PAIR C1=0,5,4,8,3,7,2,6,1,9 C2=0,3,6,7,9,5,1,4,2,8
ICZJdfwlO PAIR C1=0,5,4,8,1,6,2,7,3,9 C2=0,3,6,7,9,5,1,4,2,8
ICZJdfw\O PAIR C1=0,7,2,9,3,6,1,5,4,8 C2=0,3,8,1,4,2,6,7,9,5
ICZJdfwrO PAIR C1=0,3,8,2,6,7,9,4,1,5 C2=0,8,1,6,3,7,2,4,5,9
ICZJdfwVO PAIR C1=0,7,2,6,3,9,4,5,1,8 C2=0,3,8,2,4,1,6,7,9,5
ICZJdfwNO PAIR C1=0,7,3,6,1,5,4,9,2,8 C2=0,3,8,1,4,2,6,7,9,5
ICZJdfwwo NOPAIR
ICZJdfwso NOPAIR
ICZJdfwko NOPAIR
ICZJdfw[o NOPAIR
ICZJdfwqo NOPAIR
ICZJdfwio NOPAIR
ICZJdfwYo NOPAIR
ICZJdfweo NOPAIR
ICZJdfwUo PAIR C1=1,4,9,3,6,7,2,8 C2=1,6,2,4,8,3,7,9
ICZJdfwMo NOPAIR
ICZJdfwpo PAIR C1=0,3,7,2,6,1,8,4,5,9 C2=0,5,1,4,2,8,3,6,9,7
ICZJdfwho PAIR C1=0,5,4,8,1,6,2,7,9 C2=0,7,6,9,5,1,4,2,8
ICZJdfwXo PAIR C1=0,3,7,2,6,1,9,5,4,8 C2=0,5,1,4,2,8,3,6,9,7
ICZJdfwTo PAIR C1=0,7,2,6,3,9,5,1,4,8 C2=0,3,7,9,6,1,8,2,4,5
ICZJdfwbo PAIR C1=0,5,9,4,1,8,3,6,7 C2=0,3,7,9,6,1,5,4,8
ICZJdfs|? PAIR C1=0,7,2,9,3,6,1,5,8 C2=0,3,7,6,2,8,1,9,5
ICZJdfs{_ NOPAIR
ICZJdfsy_ PAIR C1=0,3,8,2,7,6,9,4,1,5 C2=0,7,3,6,1,9,2,4,5,8
ICZJdfsu_ PAIR C1=0,3,8,2,7,6,9,4,1,5 C2=0,7,3,9,1,6,2,4,5,8
ICZJdfsm_ PAIR C1=0,5,4,9,2,6,1,8,3,7 C2=0,3,9,6,7,2,4,1,5,8
ICZJdfs]_ PAIR C1=0,3,8,2,7,6,9,4,1,5 C2=0,7,3,9,1,6,2,4,5,8
ICZJdfsx_ PAIR C1=0,5,8,3,6,1,9,2,7 C2=0,3,7,6,2,8,1,5,9
ICZJdfst_ NOPAIR
ICZJdfsl_ NOPAIR
ICZJdfs\_ PAIR C1=0,3,7,2,6,1,9,5,8 C2=0,5,1,8,2,9,3,6,7
ICZJdfsj_ PAIR C1=0,7,3,6,1,5,4,9,2,8 C2=0,3,8,1,4,2,7,6,9,5
ICZJdfsZ_ PAIR C1=0,7,3,6,1,5,4,9,2,8 C2=0,3,8,1,4,2,7,6,9,5
ICZJdfsf_ PAIR C1=0,3,8,2,7,6,9,4,1,5 C2=0,7,3,9,5,4,2,6,1,8
ICZJdfsV_ PAIR C1=0,3,8,2,7,6,9,4,1,5 C2=0,7,3,9,5,4,2,6,1,8
ICZJdfsN_ PAIR C1=0,3,8,2,7,6,9,4,1,5 C2=0,7,3,9,5,4,2,6,1,8
ICZJdfs{O NOPAIR
ICZJdfsyO PAIR C1=0,3,8,2,6,7,9,4,1,5 C2=0,7,3,6,1,9,2,4,5,8
ICZJdfsuO PAIR C1=0,5,4,9,1,6,3,7,2,8 C2=0,3,8,5,1,4,2,6,7,9
ICZJdfsmO PAIR C1=0,3,8,2,6,7,9,4,1,5 C2=0,7,2,4,5,8,1,6,3,9
ICZJdfs]O PAIR C1=0,5,4,9,2,8,1,6,3,7 C2=0,3,9,7,6,2,4,1,5,8
ICZJdfsxO PAIR C1=0,3,7,2,6,1,8,5,9 C2=0,5,1,9,2,8,3,6,7
ICZJdfstO NOPAIR
ICZJdfslO NOPAIR
ICZJdfs\O PAIR C1=0,7,3,9,5,1,6,2,8 C2=0,3,6,7,2,9,1,8,5
ICZJdfsjO PAIR C1=0,5,4,9,2,6,1,8,3,7 C2=0,3,6,7,9,5,1,4,2,8
ICZJdfsZO PAIR C1=0,5,4,9,2,6,1,8,3,7 C2=0,3,6,7,9,5,1,4,2,8
ICZJdfsVO PAIR C1=0,3,8,2,6,7,9,4,1,5 C2=0,7,2,4,5,9,3,6,1,8
ICZJdfsNO PAIR C1=0,3,8,2,6,7,9,4,1,5 C2=0,7,2,4,5,9,3,6,1,8
ICZJdfswo NOPAIR
ICZJdfsko NOPAIR
ICZJdfs[o NOPAIR
ICZJdfsqo PAIR C1=0,7,3,8,2,6,1,5,4,9 C2=0,3,6,9,7,2,4,1,8,5
ICZJdfsio PAIR C1=0,3,8,2,6,7,9,4,1,5 C2=0,7,3,6,1,8,5,4,2,9
ICZJdfsUo PAIR C1=0,3,7,2,6,1,9,4,5,8 C2=0,5,1,4,2,8,3,6,9,7
ICZJdfspo PAIR C1=0,3,7,6,1,9,5,8 C2=0,5,1,8,3,6,9,7
ICZJdfsho NOPAIR
ICZJdfsXo PAIR C1=0,3,7,6,1,9,5,8 C2=0,5,1,8,3,6,9,7
ICZJdfsTo PAIR C1=0,3,7,6,1,9,5,8 C2=0,5,1,8,3,6,9,7
ICZJdfsLo NOPAIR
ICZJdfsRo PAIR C1=0,3,8,2,7,6,9,4,1,5 C2=0,7,3,6,2,4,5,9,1,8
ICZJdfsJo PAIR C1=0,5,9,4,1,8,3,6,2,7 C2=0,3,7,9,6,1,5,4,2,8
ICZJdfk}? PAIR C1=0,7,2,8,4,5,1,6,3,9 C2=0,3,7,6,2,9,4,1,8,5
ICZJdfk|? PAIR C1=0,7,2,6,3,9,1,5,4,8 C2=0,3,7,6,1,4,2,8,5,9
ICZJdfkn? PAIR C1=0,8,4,5,1,6,3,7,2,9 C2=0,3,9,5,8,1,4,2,6,7
ICZJdfk{_ PAIR C1=0,5,4,8,1,9,2,6,3,7 C2=0,3,9,6,7,2,4,1,5,8
ICZJdfky_ NOPAIR
ICZJdfku_ PAIR C1=0,3,9,6,7,2,8,4,1,5 C2=0,7,3,6,2,4,5,8,1,9
ICZJdfk]_ PAIR C1=0,7,2,9,3,6,1,5,4,8 C2=0,3,7,6,9,1,4,2,8,5
ICZJdfkx_ NOPAIR
ICZJdfkl_ PAIR C1=0,5,4,8,1,6,3,9,2,7 C2=0,3,7,6,9,5,1,4,2,8
ICZJdfk\_ PAIR C1=0,5,4,8,1,9,3,6,2,7 C2=0,3,7,6,9,5,1,4,2,8
ICZJdfkj_ NOPAIR
ICZJdfkf_ PAIR C1=0,5,8,4,9,3,6,2,7 C2=0,3,7,6,9,5,4,2,8
ICZJdfkN_ PAIR C1=0,5,8,4,9,3,6,2,7 C2=0,3,7,6,9,5,4,2,8
ICZJdfk{O PAIR C1=0,3,9,7,6,2,8,4,1,5 C2=0,7,3,6,1,9,2,4,5,8
ICZJdfkyO NOPAIR
ICZJdfkuO PAIR C1=0,3,9,7,6,2,8,4,1,5 C2=0,8,5,4,2,7,3,6,1,9
ICZJdfk]O PAIR C1=0,3,9,7,6,2,8,4,1,5 C2=0,7,3,6,1,9,2,4,5,8
ICZJdfkxO NOPAIR
ICZJdfk\O PAIR C1=0,5,4,8,1,6,2,9,3,7 C2=0,3,6,7,9,5,1,4,2,8
ICZJdfkjO NOPAIR
ICZJdfkVO PAIR C1=0,3,9,4,8,2,7,6,1,5 C2=0,7,3,6,2,4,1,9,5,8
ICZJdfkwo PAIR C1=0,5,1,9,7,6,2,4,8 C2=0,7,2,8,5,4,1,6,9
ICZJdfkso PAIR C1=0,8,5,4,2,7,6,1,9 C2=0,5,1,4,8,2,6,9,7
ICZJdfk[o PAIR C1=0,5,8,4,1,9,3,6,2,7 C2=0,3,7,9,6,1,5,4,2,8
ICZJdfkqo PAIR C1=0,8,5,4,2,7,6,1,9 C2=0,5,1,4,8,2,6,9,7
ICZJdfkio PAIR C1=0,8,5,1,6,7,2,4,9 C2=0,5,4,1,8,2,6,9,7
ICZJdfkYo NOPAIR
ICZJdfkeo PAIR C1=0,3,7,9,6,2,8,4,1,5 C2=0,7,2,4,5,8,1,6,3,9
ICZJdfkUo PAIR C1=0,5,1,6,9,3,7,2,4,8 C2=0,3,6,2,8,5,4,1,9,7
ICZJdfkpo PAIR C1=0,8,5,4,2,7,6,1,9 C2=0,5,1,4,8,2,6,9,7
ICZJdfkho PAIR C1=0,8,2,7,6,1,4,5,9 C2=0,5,1,8,4,2,6,9,7
ICZJdfkXo NOPAIR
ICZJdfkdo PAIR C1=0,3,7,2,6,9,5,1,4,8 C2=0,5,4,2,8,1,6,3,9,7
ICZJdfkTo PAIR C1=0,3,7,9,6,2,8,4,1,5 C2=0,7,2,4,5,9,3,6,1,8
ICZJdfkbo PAIR C1=0,8,1,6,7,2,4,5,9 C2=0,5,1,4,8,2,6,9,7
ICZJdfkRo NOPAIR
ICZJdfkJo NOPAIR
ICZJdfkFo PAIR C1=0,3,7,9,6,2,8,4,1,5 C2=0,7,2,4,5,9,3,6,1,8
ICZJdf[}? PAIR C1=0,7,2,4,8,3,6,1,9 C2=0,3,7,6,2,9,4,1,8
ICZJdf[{_ PAIR C1=0,5,4,8,1,9,2,6,3,7 C2=0,3,9,6,7,2,4,1,5,8
ICZJdf[y_ PAIR C1=0,5,4,8,1,9,2,6,3,7 C2=0,3,8,5,1,4,2,7,6,9
ICZJdf[u_ NOPAIR
ICZJdf[]_ PAIR C1=0,5,4,8,1,9,2,6,3,7 C2=0,3,9,6,7,2,4,1,5,8
ICZJdf[x_ PAIR C1=0,7,3,6,2,9,1,5,4,8 C2=0,3,8,1,4,2,7,6,9,5
ICZJdf[t_ NOPAIR
ICZJdf[l_ PAIR C1=0,7,3,9,2,6,1,5,4,8 C2=0,3,8,1,4,2,7,6,9,5
ICZJdf[\_ PAIR C1=0,7,3,9,2,6,1,5,4,8 C2=0,3,8,1,4,2,7,6,9,5
ICZJdf[j_ PAIR C1=0,7,3,6,2,9,4,5,8 C2=0,3,8,4,2,7,6,9,5
ICZJdf[f_ NOPAIR
ICZJdf[N_ PAIR C1=0,7,3,9,2,6,1,5,4,8 C2=0,3,8,1,4,2,7,6,9,5
ICZJdf[{O PAIR C1=0,5,4,8,1,6,3,7,2,9 C2=0,3,9,7,6,2,4,1,5,8
ICZJdf[yO PAIR C1=0,5,4,9,2,7,3,6,1,8 C2=0,3,8,5,1,4,2,6,7,9
ICZJdf[uO NOPAIR
ICZJdf[]O PAIR C1=0,5,4,8,3,6,1,9,2,7 C2=0,3,9,7,6,2,4,1,5,8
ICZJdf[xO PAIR C1=0,8,4,5,1,6,3,7,2,9 C2=0,3,8,1,4,2,6,7,9,5
ICZJdf[\O PAIR C1=0,7,2,9,3,6,1,5,4,8 C2=0,3,8,1,4,2,6,7,9,5
ICZJdf[fO NOPAIR
ICZJdf[VO NOPAIR
ICZJdf[NO PAIR C1=0,7,2,9,3,6,1,5,4,8 C2=0,3,8,1,4,2,6,7,9,5
ICZJdf[wo PAIR C1=0,8,5,4,1,6,7,2,9 C2=0,5,1,8,4,2,6,9,7
ICZJdf[so NOPAIR
ICZJdf[qo PAIR C1=0,3,7,6,1,9,4,5,8 C2=0,5,1,4,8,3,6,9,7
ICZJdf[io PAIR C1=0,5,4,9,2,7,3,6,1,8 C2=0,3,8,5,1,4,2,6,9,7
ICZJdf[eo PAIR C1=0,5,8,4,1,6,3,7,9 C2=0,3,8,1,5,4,9,6,7
ICZJdf[Uo PAIR C1=0,7,3,6,9,1,4,5,8 C2=0,3,8,4,9,7,6,1,5
ICZJdf[po PAIR C1=0,3,7,6,1,9,5,8 C2=0,5,1,8,3,6,9,7
ICZJdf[ho PAIR C1=0,8,5,4,1,6,7,2,9 C2=0,5,1,8,4,2,6,9,7
ICZJdf[Xo PAIR C1=0,5,9,7,3,6,1,8 C2=0,3,8,5,1,9,6,7
ICZJdf[To PAIR C1=0,3,7,6,1,9,5,8 C2=0,5,1,8,3,6,9,7
ICZJdf[Lo PAIR C1=0,5,9,2,7,3,6,1,4,8 C2=0,3,8,1,5,4,2,6,9,7
ICZJdf[bo PAIR C1=0,3,7,6,1,8,5,4,9 C2=0,5,1,4,8,3,6,9,7
ICZJdf[Ro PAIR C1=0,3,7,6,1,9,4,5,8 C2=0,5,1,4,8,3,6,9,7
ICZJdf[Jo PAIR C1=0,5,9,2,7,3,6,1,4,8 C2=0,3,8,1,5,4,2,6,9,7
ICZJdf[Fo PAIR C1=0,3,7,6,1,5,9,4,8 C2=0,5,4,1,8,3,6,9,7
ICZJde{}? PAIR C1=0,7,2,6,3,8,4,5,1,9 C2=0,3,7,6,1,4,9,2,8,5
ICZJde{|? PAIR C1=0,7,2,6,3,9,1,5,4,8 C2=0,3,7,6,1,4,2,8,5,9
ICZJde{n? NOPAIR
ICZJde{{_ PAIR C1=0,5,4,8,2,9,1,6,3,7 C2=0,3,9,6,7,2,4,1,5,8
ICZJde{m_ NOPAIR
ICZJde{x_ PAIR C1=0,5,4,8,3,6,1,9,2,7 C2=0,3,7,6,9,5,1,4,2,8
ICZJde{l_ NOPAIR
ICZJde{\_ PAIR C1=0,5,4,8,3,9,1,6,2,7 C2=0,3,7,6,9,5,1,4,2,8
ICZJde{r_ PAIR C1=0,7,3,6,2,8,5,4,9 C2=0,3,8,4,2,7,6,9,5
ICZJde{j_ PAIR C1=0,7,3,6,2,8,5,4,9 C2=0,3,8,4,2,7,6,9,5
ICZJde{f_ PAIR C1=0,7,3,6,2,8,5,4,9 C2=0,3,8,4,2,7,6,9,5
ICZJde{V_ PAIR C1=0,5,8,4,9,3,6,2,7 C2=0,3,7,6,9,5,4,2,8
ICZJde{N_ PAIR C1=0,7,3,6,2,9,4,5,8 C2=0,3,8,4,2,7,6,9,5
ICZJde{yO PAIR C1=0,7,3,8,4,5,1,6,2,9 C2=0,3,6,7,9,1,4,2,8,5
ICZJde{uO PAIR C1=0,5,4,9,1,6,3,7,2,8 C2=0,3,8,5,1,4,2,6,7,9
ICZJde{mO NOPAIR
ICZJde{]O PAIR C1=0,7,3,9,2,6,1,5,4,8 C2=0,3,6,7,9,1,4,2,8,5
ICZJde{xO PAIR C1=0,5,4,8,3,7,2,6,1,9 C2=0,3,6,7,9,5,1,4,2,8
ICZJde{\O PAIR C1=0,7,3,6,2,9,1,5,4,8 C2=0,3,8,2,4,1,6,7,9,5
ICZJde{jO NOPAIR
ICZJde{fO NOPAIR
ICZJde{VO PAIR C1=0,7,2,6,3,9,1,5,4,8 C2=0,3,8,2,4,1,6,7,9,5
ICZJde{NO NOPAIR
ICZJde{wo PAIR C1=0,5,4,1,9,6,2,8,3,7 C2=0,3,6,1,5,8,4,2,7,9
ICZJde{ko NOPAIR
ICZJde{[o PAIR C1=0,5,4,8,2,6,1,9,3,7 C2=0,3,6,9,7,2,4,1,5,8
ICZJde{qo PAIR C1=0,5,4,9,1,6,2,8,3,7 C2=0,3,6,9,7,2,4,1,5,8
ICZJde{io NOPAIR
ICZJde{eo NOPAIR
ICZJde{Uo PAIR C1=0,5,4,9,1,6,3,7,2,8 C2=0,3,8,5,1,4,2,6,9,7
ICZJde{Mo NOPAIR
ICZJde{po PAIR C1=0,3,7,2,6,1,9,5,4,8 C2=0,5,1,4,2,8,3,6,9,7
ICZJde{ho NOPAIR
ICZJde{Xo PAIR C1=0,5,4,8,3,6,1,9,2,7 C2=0,3,7,9,6,2,4,1,5,8
ICZJde{To PAIR C1=0,3,7,2,6,1,9,5,4,8 C2=0,5,1,4,2,8,3,6,9,7
ICZJde{Lo NOPAIR
ICZJde{bo PAIR C1=0,3,6,7,2,4,8,5,9 C2=0,5,4,9,6,2,8,3,7
ICZJde{Ro PAIR C1=0,5,4,1,9,6,2,7,3,8 C2=0,3,6,1,5,8,2,4,9,7
ICZJde{Fo PAIR C1=0,5,9,3,7,6,2,4,8 C2=0,3,6,9,4,5,8,2,7
ICZJdd{}? PAIR C1=0,5,4,8,2,7,3,6,1,9 C2=0,3,8,5,1,4,9,2,6,7
ICZJdd{|? PAIR C1=0,5,4,8,1,9,3,6,2,7 C2=0,3,7,6,1,4,2,8,5,9
ICZJdd{{_ PAIR C1=0,5,4,8,2,6,1,9,3,7 C2=0,3,8,5,1,4,2,7,6,9
ICZJdd{u_ PAIR C1=0,7,2,6,1,5,4,8,3,9 C2=0,3,7,6,9,1,4,2,8,5
ICZJdd{m_ PAIR C1=0,7,3,6,1,5,8,4,2,9 C2=0,3,9,6,7,2,8,1,4,5
ICZJdd{]_ NOPAIR
ICZJdd{x_ PAIR C1=0,5,4,8,1,6,3,7,2,9 C2=0,3,8,2,4,1,5,9,6,7
ICZJdd{t_ PAIR C1=0,3,9,6,7,2,8,4,1,5 C2=0,7,3,8,1,6,2,4,5,9
ICZJdd{l_ PAIR C1=0,5,4,8,1,6,2,7,3,9 C2=0,3,8,2,4,1,5,9,6,7
ICZJdd{\_ NOPAIR
ICZJdd{j_ PAIR C1=0,7,3,6,1,5,4,8,2,9 C2=0,3,8,1,4,2,7,6,9,5
ICZJdd{f_ PAIR C1=0,5,4,8,1,6,2,7,3,9 C2=0,3,8,2,4,1,5,9,6,7
ICZJdd{N_ NOPAIR
ICZJdd{{O PAIR C1=0,7,3,6,1,5,4,8,2,9 C2=0,3,9,7,6,2,4,1,8,5
ICZJdd{yO PAIR C1=0,7,3,8,4,5,1,6,2,9 C2=0,3,6,7,9,1,4,2,8,5
ICZJdd{uO PAIR C1=0,7,2,6,1,5,4,8,3,9 C2=0,3,6,7,9,1,4,2,8,5
ICZJdd{mO PAIR C1=0,7,2,6,3,8,1,5,4,9 C2=0,3,9,7,6,1,4,2,8,5
ICZJdd{]O PAIR C1=1,6,3,7,2,8,4,9 C2=1,4,2,6,7,9,3,8
ICZJdd{xO PAIR C1=0,7,3,6,1,5,4,8,2,9 C2=0,3,8,1,4,2,6,7,9,5
ICZJdd{tO PAIR C1=0,7,2,6,1,5,4,8,3,9 C2=0,3,6,7,9,1,4,2,8,5
ICZJdd{lO PAIR C1=0,7,2,8,4,5,1,6,3,9 C2=0,3,8,1,4,2,6,7,9,5
ICZJdd{\O PAIR C1=1,6,2,7,3,9,5,4,8 C2=1,4,2,9,7,6,3,8,5
ICZJdd{ZO NOPAIR
ICZJdd{fO PAIR C1=1,6,2,7,3,9,4,5,8 C2=1,4,2,8,3,6,7,9,5
ICZJdd{VO PAIR C1=1,6,2,7,3,9,4,5,8 C2=1,4,2,8,3,6,7,9,5
ICZJdd{NO PAIR C1=1,6,2,7,3,9,4,5,8 C2=1,4,2,8,3,6,7,9,5
ICZJdd{wo PAIR C1=0,3,7,6,2,4,8,5,1,9 C2=0,5,4,1,8,3,6,9,2,7
ICZJdd{[o NOPAIR
ICZJdd{Yo NOPAIR
ICZJdd{eo PAIR C1=0,7,3,6,2,8,5,1,4,9 C2=0,3,8,1,6,9,7,2,4,5
ICZJdd{Uo PAIR C1=1,4,8,3,6,2,7,9 C2=1,6,7,3,9,4,2,8
ICZJdd{Mo NOPAIR
ICZJdd{po PAIR C1=0,3,7,2,6,1,8,4,5,9 C2=0,5,1,4,2,8,3,6,9,7
ICZJdd{ho PAIR C1=0,3,7,2,6,1,8,4,5,9 C2=0,5,1,4,2,8,3,6,9,7
ICZJdd{Xo NOPAIR
ICZJdd{To PAIR C1=1,4,2,6,7,9,3,8,5 C2=1,6,3,7,2,8,4,5,9
ICZJdd{Lo PAIR C1=1,4,2,6,7,9,3,8,5 C2=1,6,3,7,2,9,5,4,8
ICZJdd{bo PAIR C1=0,7,3,6,2,8,1,4,5,9 C2=0,3,8,4,2,7,9,6,1,5
ICZJdd{Ro NOPAIR
ICZJdd{Jo NOPAIR
ICZJdd{Fo PAIR C1=1,6,7,2,4,5,9,3,8 C2=1,4,9,7,3,6,2,8,5
ICZJdfiuO PAIR C1=0,8,4,2,7,3,6,1,9 C2=0,3,9,4,1,8,2,6,7
ICZJdfYxO PAIR C1=0,7,2,6,1,8,4,5,9 C2=0,5,1,4,2,9,7,6,8
ICZJdfYVO PAIR C1=0,7,3,6,1,9,5,4,8 C2=0,3,8,6,7,9,4,1,5
ICZJdeyrO PAIR C1=0,3,8,6,2,7,9,4,1,5 C2=0,7,3,6,1,9,5,4,2,8
ICZJddyuO PAIR C1=1,4,9,3,8,2,7,6 C2=1,8,4,2,6,3,7,9
ICZJddy]O PAIR C1=1,4,8,2,7,6,3,9 C2=1,6,2,4,9,7,3,8
ICZJdfexO NOPAIR
ICZJdfejO PAIR C1=0,7,2,6,1,8,5,4,9 C2=0,5,1,4,2,9,7,6,8
ICZJdfU\O PAIR C1=0,7,3,6,1,9,5,8 C2=0,3,9,7,6,8,1,5
ICZJdfUrO PAIR C1=0,7,3,6,1,8,5,9 C2=0,3,8,6,7,9,1,5
ICZJdfUVO PAIR C1=0,7,3,6,1,9,5,8 C2=0,3,9,7,6,8,1,5
ICZJdeuxO NOPAIR
ICZJdeujO NOPAIR
ICZJdduVO PAIR C1=1,6,7,3,9,5,4,2,8 C2=1,4,9,7,2,6,3,8,5
ICZJdfMyO PAIR C1=0,7,2,6,1,8,5,4,9 C2=0,5,1,4,2,9,7,6,8
ICZJdfMuO PAIR C1=0,7,3,6,1,9,4,5,8 C2=0,3,9,7,6,8,4,1,5
ICZJdfMjO PAIR C1=0,7,2,6,1,8,4,5,9 C2=0,5,1,4,2,9,7,6,8
ICZJdfMfO PAIR C1=0,7,3,6,1,8,5,4,9 C2=0,3,9,7,6,8,4,1,5
ICZJdfMNO PAIR C1=0,5,9,4,1,8,6,3,7 C2=0,3,9,7,6,1,5,4,8
ICZJdemuO PAIR C1=0,7,3,6,1,9,4,5,8 C2=0,3,9,7,6,8,4,1,5
ICZJdemxO PAIR C1=0,7,2,6,1,9,5,4,8 C2=0,5,1,4,2,8,6,7,9
ICZJdemrO PAIR C1=0,7,2,6,1,9,5,4,8 C2=0,5,1,4,2,8,6,7,9
ICZJdemjO NOPAIR
ICZJdemfO PAIR C1=0,5,8,6,2,4,9,3,7 C2=0,3,6,7,2,8,4,5,9
ICZJdemVO PAIR C1=0,7,3,6,1,9,4,5,8 C2=0,3,9,7,6,8,4,1,5
ICZJddmfO PAIR C1=0,7,3,6,1,5,8,4,9 C2=0,3,9,7,6,8,1,4,5
ICZJde]yO PAIR C1=0,7,3,6,1,5,8,4,9 C2=0,3,8,6,7,9,1,4,5
ICZJde]rO PAIR C1=0,7,3,6,1,9,5,4,8 C2=0,3,8,6,7,9,4,1,5
ICZJde]jO PAIR C1=0,3,6,7,2,4,8,5,9 C2=0,5,4,9,2,6,8,3,7
ICZJde]fO NOPAIR
ICZJde]VO PAIR C1=0,7,3,6,1,5,9,4,8 C2=0,3,8,6,7,9,1,4,5
ICZJde]NO PAIR C1=0,7,6,3,9,2,4,5,8 C2=0,3,7,2,6,8,4,9,5
ICZJdd]uO PAIR C1=0,7,3,6,1,5,8,4,9 C2=0,3,9,7,6,8,1,4,5
ICZJdd]\O PAIR C1=1,4,2,7,6,3,9,5,8 C2=1,5,4,8,3,7,9,2,6
ICZJdc}NO NOPAIR
ICZJdfhy_ NOPAIR
ICZJdfhu_ PAIR C1=0,3,6,7,2,4,8,1,9 C2=0,7,3,9,4,1,6,2,8
ICZJdfXx_ PAIR C1=0,7,2,6,1,8,4,5,9 C2=0,5,1,4,2,9,6,7,8
ICZJdfTt_ PAIR C1=0,7,3,6,1,9,5,8 C2=0,3,9,6,7,8,1,5
ICZJdfTr_ PAIR C1=0,7,3,6,1,8,5,9 C2=0,3,8,7,6,9,1,5
ICZJdfLy_ PAIR C1=0,7,2,6,1,8,5,4,9 C2=0,5,1,4,2,9,6,7,8
ICZJdfLu_ PAIR C1=0,7,3,6,1,9,4,5,8 C2=0,3,9,6,7,8,4,1,5
ICZJddlZ_ NOPAIR
ICZJddlf_ PAIR C1=0,7,3,6,1,5,8,4,9 C2=0,3,9,6,7,8,1,4,5
ICZJde\V_ PAIR C1=0,7,3,6,1,5,9,4,8 C2=0,3,8,7,6,9,1,4,5
ICZJde\N_ PAIR C1=0,3,8,4,2,7,6,9,5 C2=0,7,3,6,2,9,4,5,8
ICZJdd\V_ NOPAIR
ICZJdd\N_ PAIR C1=1,5,9,4,2,7,6,3,8 C2=1,4,5,8,7,3,9,2,6
ICZJdc|V_ PAIR C1=1,4,5,8,2,6,7,3,9 C2=1,5,9,4,2,7,8,3,6
ICXmfbwmO NOPAIR
ICXmfbwfO PAIR C1=0,7,3,9,5,2,4,1,8 C2=0,3,8,2,7,1,5,4,9
ICXmfbwio PAIR C1=0,3,6,9,4,2,8,1,7 C2=0,6,1,4,8,3,7,2,9
ICXmfbkmO NOPAIR
ICXmfbkfO NOPAIR
ICXmfbkio NOPAIR
ICXmfbkeo PAIR C1=0,6,3,9,4,5,1,8,2,7 C2=0,3,7,9,6,1,4,2,5,8
ICXmfb[mO PAIR C1=0,7,2,5,1,4,9,3,8 C2=0,3,7,1,8,5,4,2,9
ICXmfb[fO NOPAIR
ICXmfa{}? PAIR C1=0,8,3,7,2,5,4,1,9 C2=0,3,9,4,2,8,5,1,7
ICXmfa{z? NOPAIR
ICXmfa{v? PAIR C1=0,8,3,7,1,4,2,5,9 C2=0,3,9,1,5,4,8,2,7
ICXmfa{n? NOPAIR
ICXmfa{{_ PAIR C1=0,6,1,7,3,9,2,5,4,8 C2=0,7,2,4,1,5,8,3,6,9
ICXmfa{y_ PAIR C1=0,7,2,5,4,8,3,6,1,9 C2=0,3,7,1,5,8,2,4,9,6
ICXmfa{u_ PAIR C1=0,6,1,9,3,7,2,5,4,8 C2=0,3,6,9,4,2,8,5,1,7
ICXmfa{m_ PAIR C1=0,6,1,5,4,8,2,9,3,7 C2=0,3,6,9,4,1,7,2,5,8
ICXmfa{f_ PAIR C1=0,6,1,5,2,7,3,8,4,9 C2=0,3,6,9,5,8,2,4,1,7
ICXmfa{{O PAIR C1=0,3,9,2,4,8,5,1,7 C2=0,8,3,7,2,5,4,1,9
ICXmfa{yO NOPAIR
ICXmfa{uO PAIR C1=0,3,7,2,4,9,1,5,8 C2=0,7,1,4,5,2,8,3,9
ICXmfa{mO NOPAIR
ICXmfa{rO NOPAIR
ICXmfa{fO NOPAIR
ICXmfa{wo PAIR C1=0,6,3,7,1,5,4,8,2,9 C2=0,3,8,5,2,4,1,6,9,7
ICXmfa{ko PAIR C1=0,6,3,9,2,7,1,5,4,8 C2=0,3,8,5,2,4,1,6,9,7
ICXmfa{qo PAIR C1=0,6,3,7,2,8,4,5,1,9 C2=0,3,8,5,2,4,1,6,9,7
ICXmfa{io PAIR C1=0,6,3,7,1,5,4,8,2,9 C2=0,3,8,5,2,4,1,6,9,7
ICXmfa{Yo PAIR C1=0,6,3,7,1,5,4,9,2,8 C2=0,3,8,5,2,4,1,6,9,7
ICXmfa{bo PAIR C1=0,6,3,8,2,7,1,5,4,9 C2=0,3,7,9,6,1,4,2,5,8
ICXmfa{Ro PAIR C1=0,6,1,5,9,4,8,3,7 C2=0,3,6,9,7,1,4,5,8
ICXmfbqio NOPAIR
ICXmfbqJo PAIR C1=0,6,9,5,2,4,1,8,3,7 C2=0,3,6,1,5,4,9,7,2,8
ICXmfbimO PAIR C1=0,7,3,6,8,1,4,2,9 C2=0,3,9,4,8,2,7,1,6
ICXmfbiio NOPAIR
ICXmfbiMo PAIR C1=0,3,7,2,9,6,1,4,8 C2=0,6,3,9,4,2,8,1,7
ICXmfbYmO NOPAIR
ICXmfbYjO PAIR C1=0,6,3,7,2,9,4,5,1,8 C2=0,3,8,6,1,4,2,5,9,7
ICXmfbYfO NOPAIR
ICXmfbYio NOPAIR
ICXmfay}? PAIR C1=0,6,1,9,3,7,2,4,8 C2=0,3,6,8,2,9,4,1,7
ICXmfay|? PAIR C1=0,6,3,9,2,7,1,5,4,8 C2=0,7,3,8,6,1,4,2,5,9
ICXmfayz? PAIR C1=0,6,1,5,4,8,3,7,2,9 C2=0,3,6,8,2,5,9,4,1,7
ICXmfayv? PAIR C1=0,6,1,9,3,7,2,5,4,8 C2=0,3,6,8,2,4,9,5,1,7
ICXmfay{_ NOPAIR
ICXmfayy_ PAIR C1=0,3,6,1,7,2,9,4,8 C2=0,6,9,1,4,2,8,3,7
ICXmfayu_ NOPAIR
ICXmfaym_ NOPAIR
ICXmfayl_ PAIR C1=0,6,1,7,3,9,2,5,4,8 C2=0,3,8,6,9,5,1,4,2,7
ICXmfayr_ PAIR C1=0,6,3,7,1,9,4,5,2,8 C2=0,3,8,6,9,5,1,4,2,7
ICXmfayj_ PAIR C1=0,3,7,1,6,8,2,4,5,9 C2=0,7,2,5,1,4,9,6,3,8
ICXmfayZ_ PAIR C1=0,6,3,7,1,9,4,5,2,8 C2=0,3,8,6,9,5,1,4,2,7
ICXmfay{O NOPAIR
ICXmfayyO PAIR C1=0,3,6,8,4,2,7,1,9 C2=0,6,1,4,9,2,8,3,7
ICXmfayuO NOPAIR
ICXmfaymO NOPAIR
ICXmfayxO PAIR C1=0,7,1,6,3,8,4,5,2,9 C2=0,3,7,9,5,1,4,2,8,6
ICXmfaylO PAIR C1=0,6,3,9,2,7,1,5,4,8 C2=0,3,8,6,1,4,2,5,9,7
ICXmfayrO PAIR C1=0,6,3,7,2,8,4,5,1,9 C2=0,3,8,6,1,4,2,5,9,7
ICXmfayjO PAIR C1=0,6,3,7,1,5,4,8,2,9 C2=0,3,8,6,1,4,2,5,9,7
ICXmfayfO PAIR C1=0,6,3,9,4,5,1,7,2,8 C2=0,3,8,6,1,4,2,5,9,7
ICXmfaywo NOPAIR
ICXmfayqo NOPAIR
ICXmfayio NOPAIR
ICXmfayYo PAIR C1=0,3,6,9,4,1,7,2,8 C2=0,6,1,9,2,4,8,3,7
ICXmfaypo PAIR C1=0,6,9,5,2,8,4,1,7 C2=0,8,6,1,5,4,2,7,9
ICXmfayho PAIR C1=0,6,3,8,2,9,5,4,1,7 C2=0,3,7,9,6,1,5,2,4,8
ICXmfayXo PAIR C1=0,7,1,4,2,5,9,6,3,8 C2=0,3,7,9,2,8,4,5,1,6
ICXmfayRo PAIR C1=0,6,3,7,2,5,9,1,4,8 C2=0,3,8,2,4,5,1,6,9,7
ICXmf`mko PAIR C1=0,6,1,5,4,8,2,9,3,7 C2=0,3,6,8,5,2,4,1,7,9
ICXmf`mio NOPAIR
ICXmf`mJo NOPAIR
ICXmfRsm_ PAIR C1=0,6,1,8,3,9,2,5,4,7 C2=0,3,6,9,4,2,7,1,5,8
ICXmfRslO NOPAIR
ICXmfRsfO NOPAIR
ICXmfRsho NOPAIR
ICXmfRsbo NOPAIR
ICXmfRqMo PAIR C1=0,6,1,4,7,2,9,3,8 C2=0,3,6,9,4,2,8,1,7
ICXmfRem_ PAIR C1=0,6,1,7,4,5,8,2,9 C2=0,7,2,5,1,4,9,6,8
ICXmfRelO NOPAIR
ICXmfRefO NOPAIR
ICXmfQu}? PAIR C1=0,3,9,2,7,4,1,5,8,6 C2=0,7,1,6,3,8,2,5,4,9
ICXmfQuz? NOPAIR
ICXmfQuy_ PAIR C1=0,6,1,7,4,5,8,2,9 C2=0,7,2,5,1,4,9,6,8
ICXmfQuu_ PAIR C1=0,6,3,8,2,7,4,5,1,9 C2=0,3,9,6,8,5,2,4,1,7
ICXmfQum_ PAIR C1=0,8,3,6,1,7,4,5,2,9 C2=0,3,9,6,8,5,1,4,2,7
ICXmfQu]_ PAIR C1=0,6,3,9,2,7,1,4,5,8 C2=0,3,8,6,9,1,5,2,4,7
ICXmfQux_ PAIR C1=0,6,1,7,4,5,8,2,9 C2=0,7,2,4,1,5,9,6,8
ICXmfQul_ PAIR C1=0,6,1,7,4,5,8,2,9 C2=0,7,2,4,1,5,9,6,8
ICXmfQur_ PAIR C1=0,6,1,5,8,2,7,4,9 C2=0,7,1,4,2,5,9,6,8
ICXmfQuj_ PAIR C1=0,6,1,5,8,2,7,4,9 C2=0,7,1,4,2,5,9,6,8
ICXmfQuZ_ NOPAIR
ICXmfQuyO NOPAIR
ICXmfQu]O PAIR C1=0,6,1,7,2,5,4,9,3,8 C2=0,3,6,8,5,1,4,2,9,7
ICXmfQuxO PAIR C1=1,7,4,5,2,9 C2=1,4,2,7,9,5
ICXmfQutO PAIR C1=0,6,3,9,1,5,4,7,2,8 C2=0,3,8,6,1,4,2,5,9,7
ICXmfQu\O PAIR C1=0,6,3,9,1,5,4,7,2,8 C2=0,3,8,6,1,4,2,5,9,7
ICXmfQurO NOPAIR
ICXmfQuZO PAIR C1=1,7,4,5,2,9 C2=1,4,2,7,9,5
ICXmfQuwo PAIR C1=0,6,8,5,1,7,4,2,9 C2=0,7,9,6,1,4,5,2,8
ICXmfQuso PAIR C1=0,6,3,9,1,4,7,2,5,8 C2=0,3,8,2,4,5,1,6,9,7
ICXmfQuqo PAIR C1=0,6,8,5,1,7,2,4,9 C2=0,7,9,6,1,4,5,2,8
ICXmerslO PAIR C1=0,3,7,4,2,9,5,1,8 C2=0,7,1,4,5,2,8,3,9
ICXmeq{|? PAIR C1=0,8,3,7,4,5,1,9 C2=0,3,9,5,8,4,1,7
ICXmeq{tO PAIR C1=0,3,9,1,7,4,5,8 C2=0,7,3,8,4,1,5,9
ICXmeq{do PAIR C1=0,6,3,8,4,7,1,5,9 C2=0,3,7,9,6,1,4,5,8
ICXmerqn? PAIR C1=0,6,1,8,3,7,4,5,2,9 C2=0,3,6,8,2,4,9,5,1,7
ICXmerqio NOPAIR
ICXmerqbo NOPAIR
ICXmeqy|? PAIR C1=0,6,1,9,3,7,4,5,2,8 C2=0,3,6,8,4,2,9,5,1,7
ICXmeqywo NOPAIR
ICXmeqypo NOPAIR
ICXmerUn? PAIR C1=0,7,4,9,3,6,1,5,8 C2=0,6,8,3,7,1,4,5,9
ICXmerUlO NOPAIR
ICXmerUio NOPAIR
ICXmequ}? PAIR C1=0,6,3,7,4,5,1,9,2,8 C2=0,3,9,4,2,5,8,6,1,7
ICXmequ|? PAIR C1=0,7,4,5,2,8,3,6,1,9 C2=0,3,7,1,4,2,9,5,8,6
ICXmequz? PAIR C1=0,3,7,4,1,5,9,2,8,6 C2=0,7,1,6,3,8,5,2,4,9
ICXmequv? PAIR C1=0,8,5,1,6,3,7,4,9 C2=0,6,8,3,9,5,4,1,7
ICXmequn? PAIR C1=0,3,7,4,1,5,9,2,8,6 C2=0,7,1,6,3,9,4,2,5,8
ICXmequu_ NOPAIR
ICXmequx_ PAIR C1=0,7,4,5,1,6,3,8,2,9 C2=0,3,7,1,4,2,5,9,6,8
ICXmequr_ PAIR C1=0,6,3,8,5,1,9,4,7 C2=0,3,7,1,4,5,9,6,8
ICXmequj_ PAIR C1=0,7,1,6,3,8,5,4,9 C2=0,3,7,4,1,5,9,6,8
ICXmequf_ PAIR C1=0,6,1,7,3,9,4,5,8 C2=0,3,8,6,9,5,1,4,7
ICXmequ{O PAIR C1=0,6,1,5,4,7,3,9,2,8 C2=0,3,6,8,5,2,4,1,7,9
ICXmequyO PAIR C1=0,3,7,9,2,4,1,5,8,6 C2=0,7,1,6,3,8,2,5,4,9
ICXmequuO NOPAIR
ICXmequxO PAIR C1=0,6,3,7,4,5,1,9,2,8 C2=0,3,8,6,1,4,2,5,9,7
ICXmequtO NOPAIR
ICXmequlO PAIR C1=0,8,3,6,1,7,4,5,2,9 C2=0,3,7,9,5,1,4,2,8,6
ICXmequrO PAIR C1=0,6,3,7,4,9,1,5,8 C2=0,3,8,6,1,4,5,9,7
ICXmequjO PAIR C1=0,6,3,8,5,1,7,4,9 C2=0,3,7,9,5,4,1,6,8
ICXmequfO PAIR C1=0,6,3,9,4,7,1,5,8 C2=0,3,8,6,1,4,5,9,7
ICXmequwo PAIR C1=0,7,1,6,8,5,4,2,9 C2=0,6,9,7,4,1,5,2,8
ICXmequqo NOPAIR
ICXmequio PAIR C1=0,7,1,4,5,2,9,6,3,8 C2=0,3,7,9,4,2,8,5,1,6
ICXmequYo PAIR C1=0,6,3,8,5,1,9,2,4,7 C2=0,3,7,9,6,1,4,5,2,8
ICXmequeo NOPAIR
ICXmequpo NOPAIR
ICXmequho PAIR C1=0,6,3,8,5,1,7,4,2,9 C2=0,3,7,9,6,1,4,5,2,8
ICXmequbo PAIR C1=0,3,7,1,4,9,5,8,6 C2=0,8,3,6,1,5,4,7,9
ICXmequRo PAIR C1=0,3,6,8,5,1,9,4,7 C2=0,6,1,4,5,9,7,3,8
ICXmequJo PAIR C1=0,6,3,8,2,9,4,5,1,7 C2=0,3,7,9,6,1,4,2,5,8
ICXmeqmt_ PAIR C1=0,6,3,9,1,5,8,4,7 C2=0,3,7,1,4,5,9,6,8
ICXmeqmho PAIR C1=0,6,1,5,8,2,4,7,9 C2=0,7,1,4,5,2,9,6,8
ICXmeqmdo PAIR C1=0,7,1,4,5,8,6,9 C2=0,6,1,5,9,7,4,8
ICXmeqmLo PAIR C1=0,6,1,5,4,8,2,9,3,7 C2=0,3,6,9,7,1,4,2,5,8
ICXmeq]|? PAIR C1=0,3,7,4,1,9,5,8 C2=0,7,1,5,4,8,3,9
ICXmeq]ho PAIR C1=0,6,3,8,4,7,1,5,9 C2=0,3,7,9,6,1,4,5,8
ICXmeqVx_ NOPAIR
ICXmdrs}? PAIR C1=0,7,4,2,5,1,8,3,9 C2=0,3,7,2,9,1,4,5,8
ICXmdrs|? PAIR C1=0,8,2,5,1,4,7,3,9 C2=0,3,8,1,9,5,4,2,7
ICXmdrsz? NOPAIR
ICXmdrsv? PAIR C1=0,8,2,5,4,7,3,9 C2=0,3,8,5,9,4,2,7
ICXmdrsn? PAIR C1=0,8,2,5,4,7,3,9 C2=0,3,8,5,9,4,2,7
ICXmdrsy_ PAIR C1=0,7,4,5,2,9,1,6,3,8 C2=0,3,7,2,8,5,1,4,9,6
ICXmdrsu_ PAIR C1=0,6,3,7,4,5,2,8,1,9 C2=0,3,8,5,1,6,9,4,2,7
ICXmdrsm_ PAIR C1=0,7,4,5,2,9,3,6,1,8 C2=0,3,7,2,8,5,1,4,9,6
ICXmdrsj_ PAIR C1=0,6,3,7,4,9,2,5,1,8 C2=0,3,8,5,9,6,1,4,2,7
ICXmdrsf_ PAIR C1=0,7,4,9,3,6,1,5,2,8 C2=0,3,7,2,4,1,8,5,9,6
ICXmdrs{O PAIR C1=0,3,7,4,2,9,1,5,8 C2=0,7,2,5,4,1,8,3,9
ICXmdrsyO NOPAIR
ICXmdrsuO NOPAIR
ICXmdrsmO NOPAIR
ICXmdrsxO NOPAIR
ICXmdrstO PAIR C1=0,3,9,5,2,7,4,1,8 C2=0,7,3,8,2,4,5,1,9
ICXmdrslO NOPAIR
ICXmdrsrO NOPAIR
ICXmdrsfO PAIR C1=0,7,3,9,5,4,2,8 C2=0,3,8,5,2,7,4,9
ICXmdrswo PAIR C1=0,6,3,7,4,5,1,8,2,9 C2=0,3,8,5,2,4,1,6,9,7
ICXmdrsqo PAIR C1=0,6,3,7,2,8,1,5,4,9 C2=0,3,8,5,2,4,1,6,9,7
ICXmdrsio PAIR C1=0,6,3,7,4,5,1,8,2,9 C2=0,3,8,5,2,4,1,6,9,7
ICXmdrsYo PAIR C1=0,6,3,7,2,9,4,5,1,8 C2=0,3,8,5,2,4,1,6,9,7
ICXmdrseo PAIR C1=0,6,3,7,2,8,1,5,4,9 C2=0,3,8,5,2,4,1,6,9,7
ICXmdrspo PAIR C1=0,6,3,8,2,7,4,5,1,9 C2=0,3,7,9,6,1,4,2,5,8
ICXmdrsho PAIR C1=0,6,3,7,4,5,1,8,2,9 C2=0,3,8,5,2,4,1,6,9,7
ICXmdrsXo PAIR C1=0,6,3,7,4,5,1,9,2,8 C2=0,3,8,5,2,4,1,6,9,7
ICXmdrsbo PAIR C1=0,7,3,6,1,8,2,5,4,9 C2=0,3,8,5,1,4,2,7,9,6
ICXmdrsRo PAIR C1=0,6,1,9,4,5,2,8,3,7 C2=0,3,6,9,7,2,4,1,5,8
ICXmdrkso PAIR C1=0,6,1,8,2,5,4,7,3,9 C2=0,3,6,9,7,2,4,1,5,8
ICXmdq{tO NOPAIR
ICXmdq{do NOPAIR
ICXmdrq}? PAIR C1=0,7,4,2,8,3,6,1,9 C2=0,3,7,2,9,4,1,8,6
ICXmdrq|? PAIR C1=0,8,3,6,1,5,4,7,2,9 C2=0,6,8,1,4,2,5,9,3,7
ICXmdrqz? PAIR C1=0,7,4,2,9,5,1,6,3,8 C2=0,3,7,2,5,4,9,1,8,6
ICXmdrqv? PAIR C1=0,6,3,7,4,5,2,8,1,9 C2=0,3,8,6,1,5,9,4,2,7
ICXmdrqn? PAIR C1=0,3,9,2,7,4,5,1,8,6 C2=0,7,3,6,1,4,9,5,2,8
ICXmdrqy_ PAIR C1=0,6,1,9,4,2,7,3,8 C2=0,3,6,9,2,8,1,4,7
ICXmdrqu_ NOPAIR
ICXmdrqm_ NOPAIR
ICXmdrqj_ PAIR C1=0,8,1,6,3,7,4,5,2,9 C2=0,3,8,6,9,5,1,4,2,7
ICXmdrqZ_ PAIR C1=0,6,3,7,4,5,2,9,1,8 C2=0,3,8,6,9,5,1,4,2,7
ICXmdrqf_ PAIR C1=0,6,1,8,2,5,4,7,3,9 C2=0,3,8,6,9,5,1,4,2,7
ICXmdrq{O NOPAIR
ICXmdrqyO PAIR C1=0,6,8,3,7,2,4,1,9 C2=0,3,6,1,8,2,9,4,7
ICXmdrquO NOPAIR
ICXmdrqmO NOPAIR
ICXmdrqxO PAIR C1=0,6,3,7,4,5,1,8,2,9 C2=0,3,8,6,1,4,2,5,9,7
ICXmdrqtO PAIR C1=0,6,3,9,1,5,4,7,2,8 C2=0,3,8,6,1,4,2,5,9,7
ICXmdrqlO PAIR C1=0,6,3,9,2,7,4,5,1,8 C2=0,3,8,6,1,4,2,5,9,7
ICXmdrqrO PAIR C1=0,6,3,7,2,8,1,5,4,9 C2=0,3,8,6,1,4,2,5,9,7
ICXmdrqfO PAIR C1=0,6,3,9,4,5,1,8,2,7 C2=0,3,7,9,5,2,4,1,6,8
ICXmdrqwo NOPAIR
ICXmdrqso NOPAIR
ICXmdrqqo NOPAIR
ICXmdrqio NOPAIR
ICXmdrqYo PAIR C1=0,7,3,6,9,2,4,1,8 C2=0,3,8,2,7,4,9,1,6
ICXmdrqeo NOPAIR
ICXmdrqpo PAIR C1=0,6,3,8,2,7,4,5,1,9 C2=0,3,7,9,5,2,4,1,6,8
ICXmdrqho PAIR C1=0,6,1,8,2,5,4,7,9 C2=0,7,2,4,1,5,9,6,8
ICXmdrqXo PAIR C1=0,3,7,9,5,1,4,2,8,6 C2=0,7,4,5,2,9,1,6,3,8
ICXmdrqJo PAIR C1=0,6,3,7,2,4,9,5,1,8 C2=0,3,8,2,5,4,1,6,9,7
ICXmdriwo NOPAIR
ICXmdri[o PAIR C1=0,3,9,2,7,4,8,1,6 C2=0,7,3,6,9,1,4,2,8
ICXmdrYxO PAIR C1=0,8,3,6,1,5,4,7,2,9 C2=0,3,7,9,5,2,4,1,8,6
ICXmdrYso NOPAIR
ICXmdqyko NOPAIR
ICXmdre}? PAIR C1=0,7,4,5,2,8,1,6,3,9 C2=0,3,7,2,9,4,1,5,8,6
ICXmdre|? PAIR C1=0,7,4,5,2,8,1,6,3,9 C2=0,3,7,2,4,1,9,5,8,6
ICXmdrev? PAIR C1=0,7,4,5,2,8,1,6,3,9 C2=0,3,7,2,4,1,9,5,8,6
ICXmdren? PAIR C1=0,6,3,7,4,9,2,5,1,8 C2=0,3,9,5,8,6,1,4,2,7
ICXmdrey_ NOPAIR
ICXmdrem_ PAIR C1=0,7,4,5,2,9,3,6,1,8 C2=0,3,7,2,4,1,5,8,6,9
ICXmdre]_ PAIR C1=0,6,3,7,4,5,2,9,1,8 C2=0,3,9,6,8,5,1,4,2,7
ICXmdrex_ NOPAIR
ICXmdrel_ PAIR C1=0,7,4,5,2,8,1,6,3,9 C2=0,3,7,2,4,1,5,9,6,8
ICXmdre\_ PAIR C1=0,6,3,9,1,8,2,5,4,7 C2=0,3,7,2,4,1,5,9,6,8
ICXmdrej_ NOPAIR
ICXmdref_ PAIR C1=0,7,4,5,2,8,1,6,3,9 C2=0,3,7,2,4,1,5,9,6,8
ICXmdre{O PAIR C1=0,6,1,5,4,7,3,9,2,8 C2=0,3,6,8,5,2,4,1,9,7
ICXmdreyO NOPAIR
ICXmdreuO PAIR C1=0,3,9,7,2,4,1,5,8,6 C2=0,7,3,6,1,9,4,5,2,8
ICXmdremO PAIR C1=0,6,3,9,4,5,1,8,2,7 C2=0,3,7,4,1,6,8,5,2,9
ICXmdre]O PAIR C1=0,6,3,7,9,1,5,4,2,8 C2=0,3,9,2,5,8,6,1,4,7
ICXmdrexO NOPAIR
ICXmdretO PAIR C1=0,8,2,7,4,5,1,6,3,9 C2=0,3,7,9,5,2,4,1,8,6
ICXmdre\O PAIR C1=0,6,1,5,4,7,3,9,2,8 C2=0,3,6,8,1,4,2,5,9,7
ICXmdrerO NOPAIR
ICXmdrejO NOPAIR
ICXmdrefO PAIR C1=0,7,4,9,3,6,1,5,8 C2=0,3,7,9,5,4,1,8,6
ICXmdreVO PAIR C1=0,7,2,5,4,9,3,6,1,8 C2=0,3,7,9,5,1,4,2,8,6
ICXmdrewo PAIR C1=0,8,6,1,5,2,4,7,9 C2=0,6,9,1,4,5,8,2,7
ICXmdreko PAIR C1=0,8,1,6,3,7,4,5,2,9 C2=0,3,9,7,2,4,1,5,8,6
ICXmdre[o PAIR C1=0,6,1,8,5,4,2,9,3,7 C2=0,3,6,9,7,4,1,5,2,8
ICXmdreqo PAIR C1=0,8,5,2,7,4,1,6,9 C2=0,6,8,2,4,5,1,9,7
ICXmdreio PAIR C1=0,6,1,8,5,4,2,7,9 C2=0,7,4,1,5,2,9,6,8
ICXmdreYo NOPAIR
ICXmdreeo PAIR C1=0,3,6,1,8,2,5,4,7,9 C2=0,6,9,3,7,2,4,1,5,8
ICXmdreUo PAIR C1=0,6,1,8,2,5,4,9,3,7 C2=0,3,6,9,7,2,4,1,5,8
ICXmdreMo PAIR C1=0,6,1,8,5,4,2,9,3,7 C2=0,3,6,9,7,4,1,5,2,8
ICXmdrepo PAIR C1=0,7,4,1,5,2,8,6,9 C2=0,6,1,9,7,2,4,5,8
ICXmdreho PAIR C1=0,6,1,8,2,5,4,7,9 C2=0,7,2,4,1,5,9,6,8
ICXmdreXo NOPAIR
ICXmdredo PAIR C1=0,6,1,8,2,5,4,7,9 C2=0,7,2,4,1,5,9,6,8
ICXmdrebo PAIR C1=0,6,1,8,2,5,4,7,9 C2=0,7,2,4,1,5,9,6,8
ICXmdreRo NOPAIR
ICXmdreJo NOPAIR
ICXmdreFo PAIR C1=0,6,1,8,2,5,4,9,3,7 C2=0,3,6,9,7,2,4,1,5,8
ICXmdrU}? PAIR C1=0,6,1,8,3,7,4,5,2,9 C2=0,3,6,8,5,1,9,4,2,7
ICXmdrU|? PAIR C1=0,6,3,7,4,5,2,9,1,8 C2=0,3,9,5,8,6,1,4,2,7
ICXmdrUv? NOPAIR
ICXmdrUn? PAIR C1=0,6,3,7,4,9,2,5,1,8 C2=0,3,9,5,8,6,1,4,2,7
ICXmdrUy_ PAIR C1=0,7,4,5,2,9,1,6,3,8 C2=0,3,7,2,4,1,5,8,6,9
ICXmdrUm_ PAIR C1=0,6,1,8,3,9,2,5,4,7 C2=0,3,7,2,4,1,5,8,6,9
ICXmdrUj_ PAIR C1=0,6,3,8,5,2,9,4,7 C2=0,3,7,2,4,5,9,6,8
ICXmdrUf_ NOPAIR
ICXmdrU{O PAIR C1=0,8,1,6,3,7,4,5,2,9 C2=0,3,9,7,2,4,1,5,8,6
ICXmdrUyO PAIR C1=0,3,7,9,2,4,1,5,8,6 C2=0,7,2,5,4,9,1,6,3,8
ICXmdrUuO NOPAIR
ICXmdrUmO PAIR C1=0,3,6,8,1,5,4,9,2,7 C2=0,6,1,4,2,5,8,3,7,9
ICXmdrUxO PAIR C1=0,6,3,8,1,5,4,7,2,9 C2=0,3,7,9,5,2,4,1,6,8
ICXmdrUtO NOPAIR
ICXmdrUrO PAIR C1=0,6,3,8,5,1,9,4,7 C2=0,3,7,9,5,4,1,6,8
ICXmdrUjO PAIR C1=0,6,3,8,1,5,4,9,2,7 C2=0,3,7,9,5,2,4,1,6,8
ICXmdrUfO PAIR C1=0,7,4,9,3,6,1,5,8 C2=0,3,7,9,5,4,1,8,6
ICXmdrUwo PAIR C1=0,6,1,8,5,4,2,7,9 C2=0,7,4,1,5,2,9,6,8
ICXmdrUso NOPAIR
ICXmdrUqo NOPAIR
ICXmdrUio PAIR C1=0,6,1,4,7,9,2,5,8 C2=0,7,2,4,5,1,8,6,9
ICXmdrUeo NOPAIR
ICXmdrUpo NOPAIR
ICXmdrUho PAIR C1=0,6,1,8,5,4,2,7,9 C2=0,7,4,1,5,2,9,6,8
ICXmdrUbo PAIR C1=0,6,3,8,1,5,9,4,7 C2=0,3,7,9,6,1,4,5,8
ICXmdrURo PAIR C1=0,7,9,4,5,1,6,3,8 C2=0,3,7,4,1,8,5,9,6
ICXmdrUJo PAIR C1=0,7,4,2,9,5,1,6,3,8 C2=0,3,7,2,5,8,1,4,9,6
ICXmdqu}? PAIR C1=0,7,4,5,2,8,3,6,1,9 C2=0,3,7,2,9,4,1,5,8,6
ICXmdqu|? PAIR C1=0,7,4,5,1,6,3,8,2,9 C2=0,3,7,2,4,1,9,5,8,6
ICXmdquz? PAIR C1=0,6,3,8,2,9,1,5,4,7 C2=0,3,7,2,4,1,6,8,5,9
ICXmdquv? PAIR C1=0,6,3,8,2,5,1,9,4,7 C2=0,3,7,2,4,1,6,8,5,9
ICXmdqun? PAIR C1=0,3,9,5,8,2,4,7 C2=0,8,3,7,2,5,4,9
ICXmdquy_ PAIR C1=0,7,4,5,2,9,1,6,3,8 C2=0,3,7,2,4,1,5,8,6,9
ICXmdquu_ PAIR C1=0,6,1,9,3,8,2,5,4,7 C2=0,3,7,2,4,1,5,8,6,9
ICXmdqum_ NOPAIR
ICXmdqul_ NOPAIR
ICXmdqur_ PAIR C1=0,7,4,5,2,8,3,6,1,9 C2=0,3,7,2,4,1,5,9,6,8
ICXmdquj_ PAIR C1=0,6,3,8,5,2,9,4,7 C2=0,3,7,2,4,5,9,6,8
ICXmdquf_ PAIR C1=0,6,3,7,4,9,5,2,8 C2=0,3,9,6,8,5,4,2,7
ICXmdquyO PAIR C1=0,3,7,9,2,4,1,5,8,6 C2=0,7,2,5,4,9,1,6,3,8
ICXmdquuO PAIR C1=0,3,9,7,2,4,1,5,8,6 C2=0,7,3,6,1,9,4,5,2,8
ICXmdqumO NOPAIR
ICXmdquxO PAIR C1=0,6,3,8,2,7,4,5,1,9 C2=0,3,7,9,5,2,4,1,6,8
ICXmdqutO PAIR C1=0,6,3,9,1,5,4,7,2,8 C2=0,3,8,6,1,4,2,5,9,7
ICXmdqulO NOPAIR
ICXmdqurO PAIR C1=0,6,3,8,5,1,9,4,7 C2=0,3,7,9,5,4,1,6,8
ICXmdqufO PAIR C1=0,8,5,4,2,7,3,9 C2=0,3,8,2,5,9,4,7
ICXmdquwo PAIR C1=0,6,9,1,4,5,8,2,7 C2=0,8,6,1,5,2,4,7,9
ICXmdquqo PAIR C1=0,6,9,1,4,5,8,2,7 C2=0,8,6,1,5,2,4,7,9
ICXmdquio NOPAIR
ICXmdquYo PAIR C1=0,6,3,7,4,5,1,9,2,8 C2=0,3,8,5,2,4,1,6,9,7
ICXmdqueo NOPAIR
ICXmdqupo PAIR C1=0,6,8,2,7,4,5,1,9 C2=0,7,9,6,1,4,2,5,8
ICXmdquho NOPAIR
ICXmdqubo PAIR C1=0,7,4,5,2,8,3,6,9 C2=0,3,7,2,4,9,5,8,6
ICXmdquRo PAIR C1=0,6,3,7,2,4,9,1,5,8 C2=0,3,8,2,5,4,1,6,9,7
ICXmdrMlO PAIR C1=0,3,9,7,2,4,1,5,8,6 C2=0,7,3,6,1,8,4,5,2,9
ICXmdrMLo PAIR C1=0,6,1,5,2,9,3,7,4,8 C2=0,3,6,9,5,8,1,4,2,7
ICXmdqmtO PAIR C1=0,6,3,9,1,5,4,8,2,7 C2=0,3,7,9,5,2,4,1,6,8
ICXmdqmTo PAIR C1=0,6,3,7,4,1,9,5,2,8 C2=0,3,9,6,1,5,8,4,2,7
ICXmdpmwo NOPAIR
ICXmdpmXo NOPAIR
ICXmdpmdo PAIR C1=0,3,7,2,5,4,8,6,9 C2=0,6,3,9,5,8,2,4,7
ICXmdq]po PAIR C1=0,6,3,8,5,9,1,4,7 C2=0,3,7,9,6,1,5,4,8
ICXmdq]ho PAIR C1=0,7,2,5,4,8,3,6,9 C2=0,3,7,4,2,9,5,8,6
ICXmdrdv? NOPAIR
ICXmdrTv? NOPAIR
ICXmdrTf_ PAIR C1=0,7,4,9,3,6,1,5,8 C2=0,3,7,8,1,4,5,9,6
ICXmdqtv? PAIR C1=0,3,9,5,8,2,4,7 C2=0,8,3,7,2,5,4,9
ICXmdqtn? PAIR C1=0,8,3,7,4,2,5,9 C2=0,3,9,4,5,8,2,7
ICXmdqtf_ PAIR C1=0,7,2,4,5,8,3,9 C2=0,3,7,4,9,5,2,8
ICXmdrRy_ NOPAIR
ICXmdrRr_ NOPAIR
ICXmdrFv? PAIR C1=0,6,3,9,5,8,1,4,7 C2=0,3,7,8,6,1,5,4,9
ICXmdrFy_ PAIR C1=0,6,8,5,2,9,1,4,7 C2=0,8,7,2,4,5,1,6,9
ICXmdrFr_ NOPAIR
ICXmdrFj_ PAIR C1=0,6,1,5,9,2,4,7,8 C2=0,7,2,5,4,1,8,6,9
ICXmdqfv? PAIR C1=0,3,9,5,1,4,2,7,8,6 C2=0,7,3,6,1,9,4,5,2,8
ICXmdqfr_ PAIR C1=0,6,1,9,5,4,2,7,8 C2=0,7,4,1,5,2,8,6,9
ICXmdpfy_ NOPAIR
ICXmdpff_ PAIR C1=0,6,3,7,2,5,8,1,4,9 C2=0,3,9,6,1,5,4,2,8,7
ICXmdqVv? PAIR C1=0,6,3,8,5,1,9,4,7 C2=0,3,7,8,6,1,4,5,9
ICXmdqVr_ PAIR C1=0,7,3,6,1,9,4,5,8 C2=0,3,8,7,4,1,5,9,6
ICXmdqVj_ PAIR C1=0,6,9,2,5,4,7,3,8 C2=0,3,6,8,5,9,4,2,7
ICXmdZq}? PAIR C1=0,6,1,5,4,7,2,8,3,9 C2=0,3,6,8,1,4,9,2,5,7
ICXmdZqz? NOPAIR
ICXmdZqv? PAIR C1=0,6,3,9,1,8,2,5,4,7 C2=0,3,8,6,1,4,2,7,5,9
ICXmdZqn? PAIR C1=0,6,3,8,1,5,2,9,4,7 C2=0,3,9,5,7,2,4,1,6,8
ICXmdZq^? PAIR C1=0,6,3,8,1,9,2,5,4,7 C2=0,3,9,5,7,2,4,1,6,8
ICXmdZqy_ PAIR C1=0,6,8,1,4,9,2,5,7 C2=0,8,2,7,4,5,1,6,9
ICXmdZqm_ PAIR C1=0,8,3,6,1,4,7,5,2,9 C2=0,3,9,6,8,1,5,4,2,7
ICXmdZq]_ PAIR C1=0,6,3,9,2,7,4,5,1,8 C2=0,3,8,6,9,1,4,2,5,7
ICXmdZqr_ PAIR C1=0,6,1,8,2,5,7,4,9 C2=0,7,2,4,1,5,9,6,8
ICXmdZqj_ PAIR C1=0,6,1,8,2,5,7,4,9 C2=0,7,2,4,1,5,9,6,8
ICXmdZqZ_ NOPAIR
ICXmdZqf_ PAIR C1=0,6,3,9,4,7,5,2,8 C2=0,3,8,6,9,5,4,2,7
ICXmdZqN_ PAIR C1=0,6,3,9,4,7,5,2,8 C2=0,3,8,6,9,5,4,2,7
ICXmdZq{O PAIR C1=0,7,4,5,2,9,1,6,3,8 C2=0,3,9,7,5,1,4,2,8,6
ICXmdZqyO NOPAIR
ICXmdZquO PAIR C1=0,3,9,7,5,1,4,2,8,6 C2=0,7,2,5,4,9,1,6,3,8
ICXmdZqmO PAIR C1=0,6,3,8,1,5,4,7,2,9 C2=0,3,9,7,5,2,4,1,6,8
ICXmdZq]O PAIR C1=0,6,3,8,2,9,1,5,4,7 C2=0,3,9,7,5,2,4,1,6,8
ICXmdZqrO NOPAIR
ICXmdZqZO PAIR C1=2,7,5,4,9 C2=2,4,7,9,5
ICXmdZqfO PAIR C1=0,6,1,5,4,7,2,8,3,9 C2=0,3,6,8,1,4,2,5,9,7
ICXmdZqwo PAIR C1=0,6,1,8,2,4,5,7,9 C2=0,7,4,1,5,2,9,6,8
ICXmdZqso PAIR C1=0,6,1,5,4,7,2,8,3,9 C2=0,3,6,9,7,5,2,4,1,8
ICXmdZq[o PAIR C1=0,6,3,9,2,5,7,4,1,8 C2=0,3,8,2,4,5,1,6,9,7
ICXmdZqqo PAIR C1=0,6,1,8,2,7,5,4,9 C2=0,7,4,2,5,1,9,6,8
ICXmdZqio PAIR C1=0,6,1,8,2,4,5,7,9 C2=0,7,2,5,1,4,9,6,8
ICXmdZqYo NOPAIR
ICXmdZqUo PAIR C1=0,7,2,5,4,9,3,6,1,8 C2=0,3,8,2,4,1,5,7,9,6
ICXmdZqMo PAIR C1=0,7,5,1,6,3,9,4,2,8 C2=0,3,8,1,4,5,2,7,9,6
ICXmdZqbo PAIR C1=0,6,1,4,9,7,5,2,8 C2=0,7,2,4,5,1,8,6,9
ICXmdZqJo PAIR C1=2,4,9,5,7 C2=2,5,4,7,9
ICXmdZqFo PAIR C1=0,3,8,2,4,1,5,7,9,6 C2=0,7,2,5,4,9,3,6,1,8
ICXmdZYl_ PAIR C1=0,6,3,9,2,5,7,4,8 C2=0,3,8,6,9,5,4,2,7
ICXmdZYtO PAIR C1=0,6,3,9,1,5,7,4,8 C2=0,3,8,6,1,4,5,9,7
ICXmdZYpo PAIR C1=0,6,1,8,4,5,7,9 C2=0,7,4,1,5,9,6,8
ICXmdYyx_ PAIR C1=0,6,1,9,2,7,5,4,8 C2=0,7,4,1,5,2,8,6,9
ICXmdYyl_ PAIR C1=0,6,3,9,2,7,5,4,8 C2=0,3,8,6,9,5,2,4,7
ICXmdYyTo PAIR C1=0,6,1,9,3,8,4,5,2,7 C2=0,3,6,9,7,5,1,4,2,8
ICXmdZRv? PAIR C1=0,7,5,4,9,1,6,3,8 C2=0,3,9,5,1,4,7,8,6
ICXmdZRy_ PAIR C1=0,8,6,1,4,5,7,2,9 C2=0,6,9,4,2,5,1,8,7
ICXmdZRr_ PAIR C1=0,8,6,1,4,7,5,9 C2=0,6,9,4,5,1,8,7
ICXmdZRj_ PAIR C1=0,8,6,1,4,7,2,5,9 C2=0,6,9,2,4,5,1,8,7
ICXmdZRf_ PAIR C1=0,6,3,8,1,4,9,5,7 C2=0,3,9,6,1,5,4,7,8
ICXmdZRN_ PAIR C1=0,7,5,1,4,2,9,6,3,8 C2=0,3,9,4,5,2,7,8,1,6
ICXmczq}? PAIR C1=0,7,4,2,5,1,9,3,6,8 C2=0,3,7,5,4,9,2,8,1,6
ICXmczqv? PAIR C1=0,8,3,6,1,5,7,4,9 C2=0,6,8,1,4,5,9,3,7
ICXmczqn? PAIR C1=0,6,3,9,4,1,8,2,5,7 C2=0,3,7,4,2,9,5,1,6,8
ICXmczqu_ NOPAIR
ICXmczqm_ PAIR C1=0,7,4,5,1,6,3,9,2,8 C2=0,3,7,5,2,4,1,8,6,9
ICXmczqr_ PAIR C1=0,6,3,8,1,9,4,5,7 C2=0,3,7,4,1,5,9,6,8
ICXmczqj_ PAIR C1=0,7,5,4,2,9,6,3,8 C2=0,3,7,4,9,5,2,8,6
ICXmczqf_ PAIR C1=0,6,1,8,3,9,4,5,7 C2=0,3,7,4,1,5,9,6,8
ICXmczq{O PAIR C1=0,8,1,6,3,7,4,5,2,9 C2=0,3,9,7,5,1,4,2,8,6
ICXmczqyO PAIR C1=0,6,3,7,4,5,1,9,2,8 C2=0,3,8,6,1,4,2,5,7,9
ICXmczquO NOPAIR
ICXmczqrO PAIR C1=0,6,3,8,1,5,7,4,9 C2=0,3,7,9,5,4,1,6,8
ICXmczqfO PAIR C1=0,6,1,5,7,4,9,3,8 C2=0,3,6,8,1,4,5,9,7
ICXmczqwo PAIR C1=0,6,3,8,1,4,7,5,2,9 C2=0,3,7,9,6,1,5,4,2,8
ICXmczqso NOPAIR
ICXmczqqo NOPAIR
ICXmczqio PAIR C1=0,6,1,5,2,4,9,7,3,8 C2=0,3,6,9,2,8,1,4,5,7
ICXmczqeo NOPAIR
ICXmczqbo PAIR C1=0,3,8,6,1,5,7,4,9 C2=0,6,3,7,9,5,4,1,8
ICXmczqJo PAIR C1=0,6,3,8,2,4,1,5,9,7 C2=0,3,7,4,5,2,9,6,1,8
ICXmczYl_ PAIR C1=0,7,5,4,8,1,6,3,9 C2=0,3,7,4,1,5,9,6,8
ICXmcyyl_ PAIR C1=0,6,3,9,2,8,4,5,7 C2=0,3,7,4,2,5,9,6,8
ICXmcyypo PAIR C1=0,6,3,7,5,9,1,4,8 C2=0,3,8,6,1,5,4,7,9
ICXmcyyho PAIR C1=0,3,8,6,9,2,4,5,7 C2=0,6,3,7,4,8,2,5,9
ICXmdfw}? PAIR C1=0,6,3,7,2,4,8,1,9 C2=0,3,8,2,9,4,1,6,7
ICXmdfw|? PAIR C1=0,7,2,5,4,8,3,6,1,9 C2=0,6,7,3,9,5,1,4,2,8
ICXmdfw{_ NOPAIR
ICXmdfwy_ PAIR C1=0,6,3,8,4,1,9,2,7 C2=0,3,7,6,1,8,2,4,9
ICXmdfwu_ NOPAIR
ICXmdfwm_ NOPAIR
ICXmdfwx_ PAIR C1=0,7,2,5,4,8,3,6,1,9 C2=0,3,7,6,9,5,1,4,2,8
ICXmdfwt_ PAIR C1=0,6,3,9,1,8,4,5,2,7 C2=0,3,7,6,9,5,1,4,2,8
ICXmdfwl_ PAIR C1=0,7,2,5,4,8,1,6,3,9 C2=0,3,7,6,9,5,1,4,2,8
ICXmdfwr_ PAIR C1=0,7,2,5,4,8,3,6,1,9 C2=0,3,7,6,9,5,1,4,2,8
ICXmdfwj_ PAIR C1=0,8,1,6,3,7,2,5,4,9 C2=0,3,8,2,4,1,5,9,6,7
ICXmdfwf_ PAIR C1=0,6,1,8,3,9,4,5,2,7 C2=0,3,7,6,9,5,1,4,2,8
ICXmdfwwo NOPAIR
ICXmdfwso PAIR C1=0,7,6,3,9 C2=0,3,7,9,6
ICXmdfwqo NOPAIR
ICXmdfwYo NOPAIR
ICXmdfweo PAIR C1=0,6,7,3,9 C2=0,3,6,9,7
ICXmdfwpo PAIR C1=0,3,8,2,4,1,5,9,7,6 C2=0,8,4,5,2,7,3,6,1,9
ICXmdfwXo PAIR C1=0,3,8,2,4,1,5,9,7,6 C2=0,7,3,6,1,9,2,5,4,8
ICXmdfwRo PAIR C1=0,7,3,6,1,5,9,4,2,8 C2=0,3,8,1,4,5,2,7,9,6
ICXmdfk}? PAIR C1=0,6,3,9,1,5,4,8,2,7 C2=0,3,7,6,1,4,9,2,5,8
ICXmdfk{_ PAIR C1=0,7,3,6,1,8,4,5,2,9 C2=0,3,9,6,7,2,4,1,5,8
ICXmdfky_ NOPAIR
ICXmdfku_ PAIR C1=0,7,3,6,1,8,2,5,4,9 C2=0,3,9,6,7,2,4,1,5,8
ICXmdfkm_ PAIR C1=0,7,2,5,4,8,1,6,3,9 C2=0,3,7,6,9,2,4,1,5,8
ICXmdfk]_ PAIR C1=0,6,3,9,1,8,4,5,2,7 C2=0,3,7,6,9,2,4,1,5,8
ICXmdfkj_ NOPAIR
ICXmdfkf_ PAIR C1=0,7,2,8,4,5,1,6,3,9 C2=0,3,7,6,9,5,2,4,1,8
ICXmdfkN_ PAIR C1=0,6,3,9,4,8,5,2,7 C2=0,3,7,6,9,5,4,2,8
ICXmdfkwo PAIR C1=0,7,6,1,8,4,5,2,9 C2=0,6,9,7,2,4,1,5,8
ICXmdfk[o PAIR C1=0,6,1,8,4,5,2,9,3,7 C2=0,3,6,9,7,2,4,1,5,8
ICXmdfkqo PAIR C1=0,7,6,1,8,2,5,4,9 C2=0,6,9,7,2,4,1,5,8
ICXmdfkYo NOPAIR
ICXmdfkeo PAIR C1=0,7,6,1,8,2,5,4,9 C2=0,6,9,7,2,4,1,5,8
ICXmdfkUo PAIR C1=0,6,1,8,2,5,4,9,3,7 C2=0,3,6,9,7,2,4,1,5,8
ICXmdfkbo PAIR C1=0,7,6,1,8,2,5,4,9 C2=0,6,9,7,2,4,1,5,8
ICXmdfkRo NOPAIR
ICXmdfkFo PAIR C1=0,6,1,8,2,5,4,9,3,7 C2=0,3,6,9,7,2,4,1,5,8
ICXmdf[}? PAIR C1=0,6,3,7,2,4,5,8,1,9 C2=0,3,8,4,9,2,5,1,6,7
ICXmdf[v? NOPAIR
ICXmdf[n? PAIR C1=0,6,1,5,2,9,4,8,3,7 C2=0,3,6,7,2,4,1,8,5,9
ICXmdf[y_ PAIR C1=0,8,4,5,2,7,3,6,1,9 C2=0,3,8,5,1,4,2,9,6,7
ICXmdf[u_ NOPAIR
ICXmdf[m_ PAIR C1=0,6,1,8,4,5,2,7,3,9 C2=0,3,8,5,1,4,2,9,6,7
ICXmdf[j_ PAIR C1=0,8,4,5,1,6,3,7,2,9 C2=0,3,8,1,4,2,5,9,6,7
ICXmdf[f_ NOPAIR
ICXmdf[{O PAIR C1=0,6,3,8,4,5,1,9,2,7 C2=0,3,9,7,6,1,4,2,5,8
ICXmdf[yO PAIR C1=0,3,8,5,1,4,2,9,7,6 C2=0,8,1,6,3,7,2,5,4,9
ICXmdf[uO NOPAIR
ICXmdf[mO PAIR C1=0,3,8,5,1,4,2,9,7,6 C2=0,7,2,5,4,9,3,6,1,8
ICXmdf[rO PAIR C1=0,6,1,9,4,5,8,3,7 C2=0,3,6,7,9,5,1,4,8
ICXmdf[jO PAIR C1=0,3,8,5,1,4,2,9,7,6 C2=0,8,1,6,3,7,2,5,4,9
ICXmdf[fO PAIR C1=0,6,1,8,5,4,9,3,7 C2=0,3,6,7,9,5,1,4,8
ICXmdf[wo PAIR C1=0,3,8,5,1,4,2,7,9,6 C2=0,7,3,6,1,9,2,5,4,8
ICXmdf[so PAIR C1=0,6,7,3,9 C2=0,3,6,9,7
ICXmdf[qo NOPAIR
ICXmdf[io PAIR C1=0,3,8,5,4,1,6,7,2,9 C2=0,7,3,6,9,4,2,5,1,8
ICXmdf[Yo PAIR C1=0,6,3,7,2,9,4,5,1,8 C2=0,3,8,5,2,4,1,6,9,7
ICXmdf[eo PAIR C1=0,6,7,3,9 C2=0,3,6,9,7
ICXmdf[bo PAIR C1=0,7,6,3,8,1,5,4,9 C2=0,3,7,9,5,8,4,1,6
ICXmdf[Ro PAIR C1=0,3,7,6,1,4,9,5,8 C2=0,6,3,8,4,5,1,9,7
ICXmdf[Jo PAIR C1=0,6,3,8,1,4,5,9,2,7 C2=0,3,7,9,6,1,5,2,4,8
ICXmdfiyO NOPAIR
ICXmdfi]O PAIR C1=0,3,9,4,2,8,1,6,7 C2=0,6,3,7,2,9,1,4,8
ICXmdfixO PAIR C1=0,7,6,8,2,4,1,5,9 C2=0,6,1,9,7,2,5,4,8
ICXmdfijO PAIR C1=0,7,6,1,5,9,4,2,8 C2=0,6,8,1,4,5,2,7,9
ICXmdeyyO NOPAIR
ICXmdeyjO NOPAIR
ICXmdfMjO PAIR C1=0,7,6,1,5,9,2,4,8 C2=0,6,8,1,4,5,2,7,9
ICXmdfMNO PAIR C1=0,6,3,7,9,2,5,4,1,8 C2=0,3,9,5,1,6,8,4,2,7
ICXmdemyO PAIR C1=0,6,7,2,4,8,5,1,9 C2=0,7,9,2,5,4,1,6,8
ICXmdemrO PAIR C1=0,6,1,5,8,2,4,9,7 C2=0,8,6,7,2,5,4,1,9
ICXmdemjO NOPAIR
ICXmdemVO PAIR C1=0,3,7,9,5,2,8,4,1,6 C2=0,7,2,4,5,1,9,3,6,8
ICXmddmyO NOPAIR
ICXmddmZO PAIR C1=1,5,2,9,4,8 C2=1,4,2,8,5,9
ICXmddmfO PAIR C1=0,7,3,6,1,8,2,5,4,9 C2=0,3,9,7,2,4,1,5,8,6
ICXmde]rO PAIR C1=0,6,1,5,9,4,8,3,7 C2=0,3,6,7,9,1,4,5,8
ICXmde]jO PAIR C1=0,3,6,8,4,9,5,2,7 C2=0,6,7,3,8,5,4,2,9
ICXk~bo}? PAIR C1=0,6,4,5,1,7,3,9,2,8 C2=0,7,2,5,6,3,8,1,4,9
ICXk~boz? PAIR C1=0,6,4,5,1,9,2,8,3,7 C2=0,3,6,5,9,4,2,7,1,8
ICXk~bov? PAIR C1=0,6,4,5,2,7,3,9,1,8 C2=0,7,1,4,2,8,3,6,5,9
ICXk~bo{_ PAIR C1=0,3,8,1,7,2,4,5,6 C2=0,7,3,6,4,1,5,2,8
ICXk~boy_ PAIR C1=0,7,1,5,4,6,3,8,2,9 C2=0,3,7,2,5,6,9,4,1,8
ICXk~bou_ PAIR C1=0,7,2,5,1,9,4,6,3,8 C2=0,3,7,1,8,2,4,5,6,9
ICXk~bor_ PAIR C1=0,3,7,2,8,1,5,6,4,9 C2=0,7,1,4,2,5,9,6,3,8
ICXk~boZ_ PAIR C1=0,3,7,1,8,2,9,4,5,6 C2=0,7,2,4,1,5,9,6,3,8
ICXk~bof_ PAIR C1=0,6,4,5,1,8,2,7,3,9 C2=0,7,1,4,2,5,9,6,3,8
ICXk~bo{O PAIR C1=0,6,4,5,2,7,3,8,1,9 C2=0,7,9,3,6,5,1,4,2,8
ICXk~boyO PAIR C1=0,3,8,2,7,9,4,1,5,6 C2=0,7,3,6,4,5,2,9,1,8
ICXk~bouO PAIR C1=0,6,4,5,1,9,3,8,2,7 C2=0,3,6,5,2,4,9,7,1,8
ICXk~boZO PAIR C1=0,6,4,9,1,5,2,8,3,7 C2=0,3,6,5,9,7,2,4,1,8
ICXk~bowo PAIR C1=0,8,1,7,3,6,4,5,2,9 C2=0,3,8,2,4,1,5,6,9,7
ICXk~boso PAIR C1=0,7,2,5,4,6,3,8,1,9 C2=0,3,7,9,6,5,1,4,2,8
ICXk~boqo PAIR C1=0,6,3,7,2,5,4,9,1,8 C2=0,3,8,2,4,1,5,6,9,7
ICXk~boYo PAIR C1=0,6,3,7,1,5,4,9,2,8 C2=0,3,8,1,4,2,5,6,9,7
ICXk~bowW PAIR C1=0,6,4,5,2,9,1,8,3,7 C2=0,3,6,5,1,4,2,7,9,8
ICXk~boWw PAIR C1=0,7,3,6,4,5,1,9,2,8 C2=0,3,8,9,7,1,4,2,5,6
ICY^Fbw]O NOPAIR
ICY^FbwZO PAIR C1=0,3,8,2,7,1,4,9,5 C2=0,7,3,5,4,2,9,1,8
ICY^Fbk]O PAIR C1=0,7,1,9,3,5,4,8 C2=0,3,7,9,4,1,8,5
ICY^FbkZO NOPAIR
ICY^Fb[VO PAIR C1=0,5,3,7,1,9,4,8 C2=0,3,8,1,4,5,9,7
ICY^Fb[Ro PAIR C1=0,3,8,1,7,9,4,5 C2=0,7,3,5,9,1,4,8
ICY^F`{}? PAIR C1=0,5,4,2,8,3,7,1,9 C2=0,3,5,8,1,4,9,2,7
ICY^F`{|? PAIR C1=0,5,3,7,2,4,8,1,9 C2=0,3,8,2,9,5,4,1,7
ICY^F`{{_ PAIR C1=0,5,4,8,3,7,1,6,2,9 C2=0,6,9,3,5,8,1,4,2,7
ICY^F`{u_ PAIR C1=0,5,4,8,1,9,3,7,2,6 C2=0,3,5,8,2,4,9,6,1,7
ICY^F`{]_ PAIR C1=0,5,4,8,2,9,3,7,1,6 C2=0,3,5,8,1,4,9,6,2,7
ICY^F`{x_ PAIR C1=0,6,1,8,4,5,3,7,2,9 C2=0,3,8,5,9,6,2,4,1,7
ICY^F`{t_ PAIR C1=0,3,7,2,8,4,1,6,9,5 C2=0,6,2,4,5,8,3,9,1,7
ICY^F`{\_ PAIR C1=0,5,4,8,1,7,3,9,2,6 C2=0,3,8,5,9,6,1,4,2,7
ICY^F`{V_ PAIR C1=0,5,4,9,3,7,1,8,2,6 C2=0,3,8,5,9,6,1,4,2,7
ICY^F`{{O PAIR C1=0,7,3,5,8,1,4,2,9 C2=0,3,9,1,7,2,8,4,5
ICY^F`{yO PAIR C1=0,5,4,8,3,7,1,9 C2=0,3,5,8,1,4,9,7
ICY^F`{uO PAIR C1=0,5,4,8,3,7,1,9 C2=0,3,5,8,1,4,9,7
ICY^F`{]O NOPAIR
ICY^F`{xO PAIR C1=0,7,2,8,3,5,4,1,9 C2=0,3,7,1,8,4,2,9,5
ICY^F`{tO NOPAIR
ICY^F`{\O NOPAIR
ICY^F`{rO PAIR C1=0,5,4,9,1,8,3,7 C2=0,3,5,8,4,1,7,9
ICY^F`{VO NOPAIR
ICY^F`{qo PAIR C1=0,5,4,9,1,6,2,8,3,7 C2=0,3,5,8,1,4,2,7,9,6
ICY^F`{po PAIR C1=0,6,1,7,2,8,4,5,9 C2=0,5,8,1,4,2,6,9,7
ICY^F`{Xo PAIR C1=0,5,4,8,3,7,1,9,2,6 C2=0,3,5,8,2,4,1,6,9,7
ICY^F`{To PAIR C1=0,5,4,8,2,7,3,9,1,6 C2=0,3,5,8,1,4,2,6,9,7
ICY^F`{Ro PAIR C1=0,5,4,9,1,6,2,8,3,7 C2=0,3,5,8,1,4,2,7,9,6
ICY^Fbi]O NOPAIR
ICY^FbiZO NOPAIR
ICY^FbiYo PAIR C1=1,4,8,6,2,9 C2=1,6,9,4,2,8
ICY^FbiFo PAIR C1=0,5,9,3,7,1,6,2,4,8 C2=0,3,5,4,1,8,2,7,9,6
ICY^FbYUo PAIR C1=0,3,7,1,9,6,8 C2=0,6,1,8,3,9,7
ICY^FbYMo PAIR C1=0,3,9,6,2,4,8,1,7 C2=0,6,1,4,9,2,7,3,8
ICY^F`y}? PAIR C1=0,6,2,4,8,1,7,3,9 C2=0,3,8,6,1,4,9,2,7
ICY^F`y|? PAIR C1=0,6,2,8,4,5,3,7,1,9 C2=0,5,9,3,8,6,1,4,2,7
ICY^F`yz? PAIR C1=0,6,2,9,1,8,4,5,3,7 C2=0,3,8,6,1,7,2,4,9,5
ICY^F`yv? PAIR C1=0,5,4,8,1,9,3,7,2,6 C2=0,3,5,9,4,2,8,6,1,7
ICY^F`y{_ PAIR C1=0,3,9,1,7,2,8,6 C2=0,7,3,8,1,6,2,9
ICY^F`yy_ PAIR C1=1,6,2,8,4,9 C2=1,4,2,9,6,8
ICY^F`yu_ PAIR C1=0,7,1,6,2,4,8,3,9 C2=0,3,7,2,8,1,4,9,6
ICY^F`y]_ PAIR C1=1,6,2,8,4,9 C2=1,4,2,9,6,8
ICY^F`yf_ PAIR C1=0,5,4,8,1,6,2,7,3,9 C2=0,3,5,9,6,8,2,4,1,7
ICY^F`y{O PAIR C1=0,3,7,1,8,6,2,9 C2=0,6,1,9,3,8,2,7
ICY^F`yyO NOPAIR
ICY^F`yuO PAIR C1=0,7,1,4,2,6,8,3,9 C2=0,3,7,2,8,4,9,1,6
ICY^F`y]O NOPAIR
ICY^F`y\O PAIR C1=0,6,1,8,4,5,3,9,2,7 C2=0,3,8,6,2,4,1,7,9,5
ICY^F`yrO PAIR C1=0,6,1,8,2,7,3,5,4,9 C2=0,3,8,6,2,4,1,7,9,5
ICY^F`yfO PAIR C1=0,6,1,8,2,7,3,5,4,9 C2=0,3,8,6,2,4,1,7,9,5
ICY^F`ywo NOPAIR
ICY^F`yso NOPAIR
ICY^F`y[o NOPAIR
ICY^F`yqo NOPAIR
ICY^F`yeo PAIR C1=0,3,8,2,6,9,4,1,7 C2=0,6,1,8,4,2,7,3,9
ICY^F`yUo NOPAIR
ICY^F`ydo PAIR C1=0,6,1,4,8,2,7,3,5,9 C2=0,3,8,1,7,9,6,2,4,5
ICY^F`yTo PAIR C1=0,3,5,9,7,2,8,4,1,6 C2=0,5,4,2,6,9,3,8,1,7
ICY^F`ybo PAIR C1=0,5,4,9,7,3,8,1,6 C2=0,3,5,9,6,8,4,1,7
ICY^F`yFo PAIR C1=0,5,4,9,7,3,8,1,6 C2=0,3,5,9,6,8,4,1,7
ICY^FbeRo PAIR C1=0,6,1,7,2,4,9,5,8 C2=0,5,4,1,8,2,6,9,7
ICY^F`u}? PAIR C1=0,6,2,8,3,5,4,9,1,7 C2=0,5,8,6,1,4,2,7,3,9
ICY^F`u|? PAIR C1=0,5,8,2,6,1,9,3,7 C2=0,3,5,9,2,7,1,8,6
ICY^F`uz? PAIR C1=0,3,8,6,2,7,1,4,5,9 C2=0,6,1,9,4,2,8,5,3,7
ICY^F`uv? PAIR C1=0,3,7,2,8,6,1,4,9,5 C2=0,6,2,4,5,8,3,9,1,7
ICY^F`u{_ PAIR C1=0,6,1,9,3,8,2,7 C2=0,3,7,1,8,6,2,9
ICY^F`uu_ PAIR C1=0,7,1,6,2,8,3,5,4,9 C2=0,3,7,2,4,1,9,6,8,5
ICY^F`ux_ PAIR C1=0,5,8,3,7,1,9,2,6 C2=0,3,5,9,6,1,8,2,7
ICY^F`ut_ NOPAIR
ICY^F`u\_ PAIR C1=0,5,9,2,8,3,7,1,6 C2=0,3,5,8,1,9,6,2,7
ICY^F`uf_ PAIR C1=0,7,2,6,1,8,3,5,4,9 C2=0,3,7,1,4,2,8,6,9,5
ICY^F`u{O PAIR C1=0,3,9,1,8,6,2,7 C2=0,6,1,7,3,8,2,9
ICY^F`uuO PAIR C1=0,3,9,7,2,4,1,6,8,5 C2=0,6,2,8,3,5,4,9,1,7
ICY^F`uxO NOPAIR
ICY^F`utO NOPAIR
ICY^F`u\O PAIR C1=0,5,3,7,1,9,2,8,6 C2=0,3,9,5,8,1,6,2,7
ICY^F`urO PAIR C1=0,7,2,6,1,8,5,4,9 C2=0,5,9,7,1,4,2,8,6
ICY^F`uZO PAIR C1=0,5,4,9,2,6,1,8,3,7 C2=0,3,5,9,7,1,4,2,8,6
ICY^F`uVO PAIR C1=0,5,4,9,1,6,2,8,3,7 C2=0,3,5,9,7,2,4,1,8,6
ICY^F`uwo NOPAIR
ICY^F`uso NOPAIR
ICY^F`u[o NOPAIR
ICY^F`upo PAIR C1=0,5,9,1,6,8,3,7 C2=0,3,5,8,1,7,9,6
ICY^F`uXo PAIR C1=0,3,7,2,9,5,8,6 C2=0,5,3,8,2,6,9,7
ICY^F`udo NOPAIR
ICY^F`uTo PAIR C1=0,5,9,1,6,8,3,7 C2=0,3,5,8,1,7,9,6
ICY^FbMXo PAIR C1=0,6,2,9,5,8,4,1,7 C2=0,5,4,2,7,9,6,1,8
ICY^F`m|? PAIR C1=0,6,2,8,4,5,3,7,1,9 C2=0,3,9,5,8,6,1,4,2,7
ICY^F`mz? NOPAIR
ICY^F`my_ PAIR C1=1,6,2,9,4,8 C2=1,4,2,8,6,9
ICY^F`m]_ PAIR C1=0,5,4,8,2,9,3,7,1,6 C2=0,3,5,8,6,9,1,4,2,7
ICY^F`mx_ NOPAIR
ICY^F`mr_ NOPAIR
ICY^F`mZ_ PAIR C1=1,6,2,9,4,8 C2=1,4,2,8,6,9
ICY^F`mV_ PAIR C1=0,5,4,9,3,7,1,8,2,6 C2=0,3,5,8,6,9,1,4,2,7
ICY^F`m{O PAIR C1=0,6,2,7,1,8,4,5,3,9 C2=0,3,7,9,2,4,1,6,8,5
ICY^F`myO NOPAIR
ICY^F`muO PAIR C1=0,3,9,7,2,4,1,6,8,5 C2=0,6,2,8,1,9,4,5,3,7
ICY^F`mxO PAIR C1=0,7,1,4,5,8,6,2,9 C2=0,5,9,7,2,4,8,1,6
ICY^F`mtO PAIR C1=0,5,4,8,2,6,1,9,3,7 C2=0,3,5,9,7,2,4,1,8,6
ICY^F`m\O PAIR C1=0,5,4,8,1,6,2,9,3,7 C2=0,3,5,9,7,1,4,2,8,6
ICY^F`mrO PAIR C1=0,7,2,6,1,8,5,4,9 C2=0,5,9,7,1,4,2,8,6
ICY^F`mfO PAIR C1=0,7,2,6,1,8,5,4,9 C2=0,5,9,7,1,4,2,8,6
ICY^F`mwo NOPAIR
ICY^F`m[o PAIR C1=0,5,4,8,1,7,3,9,2,6 C2=0,3,5,8,2,4,1,6,9,7
ICY^F`mqo NOPAIR
ICY^F`meo PAIR C1=0,5,8,4,9,3,7,1,6 C2=0,3,5,4,1,8,6,9,7
ICY^F`mpo PAIR C1=0,6,1,7,2,4,8,5,9 C2=0,5,4,1,8,2,6,9,7
ICY^F`mXo NOPAIR
ICY^F`mdo PAIR C1=0,3,7,9,6,1,4,2,8,5 C2=0,6,2,7,1,8,4,5,3,9
ICY^F`mbo PAIR C1=0,6,1,7,2,4,8,5,9 C2=0,5,4,1,8,2,6,9,7
ICY^F`mFo PAIR C1=0,5,8,4,9,3,7,2,6 C2=0,3,5,4,2,8,6,9,7
ICY^Fa]Uo PAIR C1=0,6,1,9,4,8,5,3,7 C2=0,3,8,6,9,7,1,4,5
ICY^Fa]Fo NOPAIR
ICY^F`]}? PAIR C1=0,3,9,4,5,8,1,6,2,7 C2=0,5,3,7,1,9,2,4,8,6
ICY^F`]z? PAIR C1=0,3,8,6,1,7,2,4,9,5 C2=0,6,2,9,1,8,4,5,3,7
ICY^F`]v? NOPAIR
ICY^F`]{_ PAIR C1=0,7,2,6,1,8,4,5,3,9 C2=0,3,7,1,4,2,9,6,8,5
ICY^F`]u_ NOPAIR
ICY^F`]m_ PAIR C1=0,5,4,8,1,6,2,7,3,9 C2=0,3,5,8,6,9,2,4,1,7
ICY^F`]x_ PAIR C1=0,5,4,8,3,7,1,9,2,6 C2=0,3,5,9,6,8,1,4,2,7
ICY^F`]t_ NOPAIR
ICY^F`]\_ PAIR C1=0,5,4,8,3,7,1,9,2,6 C2=0,3,5,9,6,8,1,4,2,7
ICY^F`]r_ NOPAIR
ICY^F`]j_ PAIR C1=0,5,4,8,3,7,1,6,2,9 C2=0,3,5,9,6,8,1,4,2,7
ICY^F`]f_ NOPAIR
ICY^F`]V_ NOPAIR
ICY^F`]N_ PAIR C1=0,5,9,4,1,8,3,7,2,6 C2=0,3,5,8,4,2,9,6,1,7
ICY^F`]{O PAIR C1=0,6,2,7,1,8,4,5,3,9 C2=0,3,7,9,2,4,1,6,8,5
ICY^F`]uO PAIR C1=0,7,3,5,8,4,1,9 C2=0,3,8,1,7,9,4,5
ICY^F`]mO PAIR C1=0,5,4,9,2,7,3,8,1,6 C2=0,3,5,8,6,2,4,1,7,9
ICY^F`]xO PAIR C1=0,6,2,9,1,8,4,5,3,7 C2=0,3,8,6,1,4,2,7,9,5
ICY^F`]\O PAIR C1=0,5,4,8,3,9,2,6,1,7 C2=0,3,5,9,7,2,4,1,8,6
ICY^F`]rO PAIR C1=0,3,7,1,8,5,4,9 C2=0,5,3,8,4,1,9,7
ICY^F`]jO PAIR C1=0,7,1,4,5,8,6,2,9 C2=0,5,9,7,2,4,8,1,6
ICY^F`]fO NOPAIR
ICY^F`]VO NOPAIR
ICY^F`]NO PAIR C1=0,3,9,2,7,1,6,8,4,5 C2=0,6,2,4,1,8,3,5,9,7
ICY^F`]so NOPAIR
ICY^F`]ko PAIR C1=0,5,4,8,3,7,1,6,2,9 C2=0,3,5,8,1,4,2,7,9,6
ICY^F`]qo PAIR C1=0,6,1,9,4,8,5,3,7 C2=0,3,8,6,9,7,1,4,5
ICY^F`]io PAIR C1=0,6,2,9,4,8,5,3,7 C2=0,3,8,6,9,7,2,4,5
ICY^F`]eo PAIR C1=0,5,8,4,9,3,7,1,6 C2=0,3,5,4,1,8,6,9,7
ICY^F`]Uo PAIR C1=0,6,1,9,4,8,5,3,7 C2=0,3,8,6,9,7,1,4,5
ICY^F`]Mo PAIR C1=0,6,2,9,4,8,5,3,7 C2=0,3,8,6,9,7,2,4,5
ICY^F`]po PAIR C1=0,5,8,3,7,9,1,6 C2=0,3,5,9,6,8,1,7
ICY^F`]ho PAIR C1=0,5,4,1,6,8,3,7,2,9 C2=0,3,5,9,7,1,8,4,2,6
ICY^F`]do NOPAIR
ICY^F`]To PAIR C1=0,5,8,3,7,9,1,6 C2=0,3,5,9,6,8,1,7
ICY^F`]Lo PAIR C1=0,5,4,8,3,9,2,6,1,7 C2=0,3,5,8,1,4,2,7,9,6
ICY^F`]bo PAIR C1=0,6,1,8,4,9,5,3,7 C2=0,3,8,6,9,7,1,4,5
ICY^F`]Ro PAIR C1=0,6,1,8,4,9,5,3,7 C2=0,3,8,6,9,7,1,4,5
ICY^F`]Jo PAIR C1=0,6,1,8,4,9,5,3,7 C2=0,3,8,6,9,7,1,4,5
ICY^F`]Fo PAIR C1=0,6,1,8,4,9,5,3,7 C2=0,3,8,6,9,7,1,4,5
ICY^F`t|? NOPAIR
ICY^F`tz? PAIR C1=0,3,5,4,9,1,8,2,7 C2=0,5,8,3,7,1,4,2,9
ICY^F`l|? PAIR C1=0,7,1,4,2,8,5,3,9 C2=0,3,7,2,9,1,8,4,5
ICY^F`lx_ PAIR C1=0,7,1,8,5,4,2,6,9 C2=0,5,9,2,7,8,4,1,6
ICY^F`\}? PAIR C1=0,5,4,8,1,9,3,7 C2=0,3,5,8,7,1,4,9
ICY^F`\z? PAIR C1=0,7,1,8,3,5,4,9 C2=0,3,7,8,4,1,9,5
ICY^F`\u_ PAIR C1=0,3,9,4,1,7,8,5 C2=0,7,3,5,4,8,1,9
ICY^F`\r_ PAIR C1=0,5,4,8,3,7,1,9 C2=0,3,5,9,4,1,8,7
ICY^F`jf_ PAIR C1=0,6,2,8,4,9,5,3,7 C2=0,3,9,6,8,7,2,4,5
ICY^F`Z}? PAIR C1=0,3,7,1,8,4,9,2,6 C2=0,7,2,4,1,6,8,3,9
ICY^F`f|? PAIR C1=0,5,3,7,2,9,1,8,6 C2=0,3,9,5,8,2,6,1,7
ICY^F`fz? PAIR C1=0,6,1,7,2,8,5,4,9 C2=0,5,9,1,4,2,6,8,7
ICY^F`Vx_ NOPAIR
ICY^F`Vr_ NOPAIR
ICY^F`Nr_ NOPAIR
ICY^F`Nj_ PAIR C1=0,6,2,7,1,4,8,5,9 C2=0,5,4,2,9,6,1,8,7
ICY^F_^r_ PAIR C1=0,6,1,4,9,5,3,8,7 C2=0,3,7,1,9,6,8,4,5
ICY^Brs}? PAIR C1=0,8,1,4,5,3,7,2,9 C2=0,3,9,1,7,4,2,8,5
ICY^Brs|? PAIR C1=1,7,4,5,3,9,2,8 C2=1,4,2,7,3,8,5,9
ICY^Brsz? PAIR C1=0,5,4,1,8,3,7,2,9 C2=0,3,5,9,1,7,4,2,8
ICY^Brsv? NOPAIR
ICY^Brs^? PAIR C1=1,8,2,7,4,5,3,9 C2=1,4,2,9,5,8,3,7
ICY^Brsy_ PAIR C1=0,3,8,5,4,7,2,6,1,9 C2=0,5,3,7,1,8,2,4,9,6
ICY^Brsu_ PAIR C1=0,3,8,2,7,4,1,6,9 C2=0,6,2,4,9,3,7,1,8
ICY^Brs]_ PAIR C1=0,3,9,1,6,2,7,4,5,8 C2=0,5,3,7,1,8,2,4,9,6
ICY^Brs\_ PAIR C1=0,5,4,7,1,6,2,9,3,8 C2=0,3,7,2,4,1,8,5,9,6
ICY^Brsr_ PAIR C1=0,5,3,8,1,6,2,7,4,9 C2=0,3,7,1,4,2,8,5,9,6
ICY^BrsZ_ PAIR C1=0,5,3,8,2,7,4,9,1,6 C2=0,3,7,1,4,2,6,9,5,8
ICY^BrsV_ PAIR C1=0,5,3,9,4,7,1,6,2,8 C2=0,3,7,2,4,1,8,5,9,6
ICY^BrsyO PAIR C1=0,8,3,5,4,7,2,9 C2=0,3,7,9,4,2,8,5
ICY^BrsuO PAIR C1=0,8,3,5,4,7,1,9 C2=0,3,7,9,4,1,8,5
ICY^Brs]O NOPAIR
ICY^BrsfO NOPAIR
ICY^BrsVO NOPAIR
ICY^Brsqo PAIR C1=0,6,2,7,1,8,3,5,4,9 C2=0,3,7,9,6,1,4,2,8,5
ICY^Brkpo PAIR C1=0,8,2,6,1,7,4,5,9 C2=0,5,8,1,4,2,7,9,6
ICY^Br[xO PAIR C1=0,5,3,8,4,7,1,9 C2=0,3,7,9,5,4,1,8
ICY^Br[tO PAIR C1=0,5,4,8,3,7,1,9 C2=0,3,5,9,7,4,1,8
ICY^Br[po PAIR C1=0,3,8,1,7,4,5,9 C2=0,5,3,7,9,1,4,8
ICY^Bp{\O PAIR C1=1,7,4,8,5,3,9 C2=1,4,5,9,7,3,8
ICY^Brq}? PAIR C1=0,6,1,9,3,7,4,2,8 C2=0,3,8,6,2,7,1,4,9
ICY^Brq|? PAIR C1=0,8,3,5,4,7,2,6,1,9 C2=0,5,9,3,7,1,4,2,8,6
ICY^Brqz? PAIR C1=0,6,1,9,2,7,4,5,3,8 C2=0,3,7,1,8,6,2,4,9,5
ICY^Brqv? PAIR C1=0,6,1,9,3,5,4,7,2,8 C2=0,3,7,1,8,6,2,4,9,5
ICY^Brq^? PAIR C1=0,6,1,9,3,5,4,7,2,8 C2=0,3,7,1,8,6,2,4,9,5
ICY^Brqy_ NOPAIR
ICY^Brqu_ PAIR C1=0,8,1,6,2,4,7,3,9 C2=0,3,8,2,7,1,4,9,6
ICY^Brq]_ NOPAIR
ICY^Brq\_ PAIR C1=0,3,9,2,8,6,1,7,4,5 C2=0,6,9,5,3,7,2,4,1,8
ICY^BrqZ_ PAIR C1=0,6,1,9,2,7,4,5,3,8 C2=0,3,7,1,4,2,8,6,9,5
ICY^Brqf_ PAIR C1=0,8,1,6,2,7,4,5,3,9 C2=0,3,7,1,4,2,8,6,9,5
ICY^Brq{O NOPAIR
ICY^BrqyO NOPAIR
ICY^BrquO PAIR C1=0,6,2,7,1,4,9,3,8 C2=0,3,7,4,2,8,6,1,9
ICY^Brq]O NOPAIR
ICY^BrqxO PAIR C1=0,5,4,7,3,8,1,9,2,6 C2=0,3,5,9,7,2,4,1,6,8
ICY^BrqtO PAIR C1=0,5,4,7,2,6,1,9,3,8 C2=0,3,5,9,7,1,4,2,8,6
ICY^Brq\O PAIR C1=0,5,4,7,3,8,1,9,2,6 C2=0,3,5,9,7,2,4,1,6,8
ICY^BrqrO PAIR C1=0,5,4,9,1,6,2,7,3,8 C2=0,3,5,9,7,1,4,2,8,6
ICY^BrqfO PAIR C1=0,3,8,1,4,5,9,7,2,6 C2=0,5,3,7,1,6,8,2,4,9
ICY^Brqso NOPAIR
ICY^Brq[o NOPAIR
ICY^Brqqo NOPAIR
ICY^BrqYo NOPAIR
ICY^Brqeo PAIR C1=0,3,9,6,1,7,4,2,8 C2=0,6,2,7,3,8,1,4,9
ICY^Brqpo PAIR C1=0,6,2,7,4,1,9,5,3,8 C2=0,3,7,9,6,1,8,2,4,5
ICY^Brqbo PAIR C1=0,5,9,4,7,3,8,2,6 C2=0,3,5,4,2,7,9,6,8
ICY^BrqFo PAIR C1=0,5,9,4,7,3,8,2,6 C2=0,3,5,4,2,7,9,6,8
ICY^Brido PAIR C1=0,3,9,5,4,7,1,6,2,8 C2=0,5,3,7,2,4,1,8,6,9
ICY^BrYso NOPAIR
ICY^BrYko PAIR C1=0,3,8,4,1,7,2,9,6 C2=0,8,1,6,2,4,7,3,9
ICY^BrYdo PAIR C1=0,6,1,8,3,5,4,7,9 C2=0,3,7,1,4,8,6,9,5
ICY^Bpydo PAIR C1=0,6,1,8,3,5,4,7,9 C2=0,3,7,1,4,8,6,9,5
ICY^BrU}? PAIR C1=0,6,1,8,3,5,4,7,2,9 C2=0,3,7,1,9,4,2,6,8,5
ICY^BrUz? PAIR C1=0,8,3,5,4,7,2,6,1,9 C2=0,3,7,1,4,2,9,5,8,6
ICY^BrU^? PAIR C1=0,5,3,9,4,7,2,6,1,8 C2=0,3,7,1,4,2,9,5,8,6
ICY^BrUu_ NOPAIR
ICY^BrUm_ PAIR C1=0,8,1,6,2,7,4,5,3,9 C2=0,3,7,1,4,2,9,6,8,5
ICY^BrU\_ PAIR C1=0,6,2,9,1,7,4,5,3,8 C2=0,3,7,2,4,1,8,6,9,5
ICY^BrUr_ NOPAIR
ICY^BrUf_ NOPAIR
ICY^BrUV_ NOPAIR
ICY^BrUN_ PAIR C1=1,6,2,9,3,8,5,4,7 C2=1,4,2,7,3,5,9,6,8
ICY^BrUuO PAIR C1=0,5,8,3,7,4,1,9 C2=0,3,5,4,9,7,1,8
ICY^BrUmO PAIR C1=0,5,4,7,1,8,3,9,2,6 C2=0,3,5,8,6,1,4,2,7,9
ICY^BrUfO NOPAIR
ICY^BrUVO NOPAIR
ICY^BrUNO PAIR C1=0,6,1,4,7,2,9,3,5,8 C2=0,3,7,1,8,6,2,4,9,5
ICY^BrUqo PAIR C1=0,6,1,8,5,3,7,4,9 C2=0,3,8,6,9,7,1,4,5
ICY^BrUio PAIR C1=0,6,2,9,4,7,3,5,8 C2=0,3,8,6,9,7,2,4,5
ICY^BrUeo PAIR C1=0,6,1,8,5,3,7,4,9 C2=0,3,8,6,9,7,1,4,5
ICY^BrUMo PAIR C1=0,6,2,9,4,7,3,5,8 C2=0,3,8,6,9,7,2,4,5
ICY^BrUFo PAIR C1=0,5,9,4,7,3,8,1,6 C2=0,3,5,4,1,7,9,6,8
ICY^Bpu}? PAIR C1=0,6,1,8,3,5,4,7,2,9 C2=0,3,7,1,9,4,2,6,8,5
ICY^Bpuz? PAIR C1=0,5,3,8,1,6,2,7,4,9 C2=0,3,7,1,4,2,9,5,8,6
ICY^Bpuv? PAIR C1=0,5,4,7,1,6,2,8,3,9 C2=0,3,7,2,4,1,9,5,8,6
ICY^Bpu^? PAIR C1=1,8,5,3,7,4,2,9 C2=1,4,5,9,3,8,2,7
ICY^Bpuy_ PAIR C1=0,6,1,7,4,5,3,8,2,9 C2=0,3,7,2,4,1,9,6,8,5
ICY^Bpu]_ NOPAIR
ICY^Bpu\_ PAIR C1=1,6,2,7,4,5,8,3,9 C2=1,4,2,8,6,9,5,3,7
ICY^BpuZ_ NOPAIR
ICY^Bpuf_ PAIR C1=0,5,3,8,2,6,1,7,4,9 C2=0,3,7,2,4,1,8,5,9,6
ICY^BpuV_ PAIR C1=1,6,2,7,4,5,8,3,9 C2=1,4,2,8,6,9,5,3,7
ICY^Bpu]O NOPAIR
ICY^BpufO PAIR C1=0,3,8,6,1,7,2,4,5,9 C2=0,5,3,7,9,4,1,8,2,6
ICY^BpuVO NOPAIR
ICY^BpuYo NOPAIR
ICY^Bpueo PAIR C1=0,6,2,8,5,3,7,4,9 C2=0,3,8,6,9,7,2,4,5
ICY^BpuUo NOPAIR
ICY^BpuFo NOPAIR
ICY^BrMxO PAIR C1=0,8,5,4,7,1,6,2,9 C2=0,5,9,7,2,4,1,8,6
ICY^Bpmdo PAIR C1=0,6,2,7,4,8,5,3,9 C2=0,3,7,9,6,8,2,4,5
ICY^Bq]so PAIR C1=0,5,8,4,7,3,9,1,6 C2=0,3,5,4,1,7,9,6,8
ICY^Bq]do NOPAIR
ICY^Bq]To PAIR C1=0,6,1,9,5,3,7,4,8 C2=0,3,8,6,9,7,1,4,5
ICY^Bp]To PAIR C1=1,8,4,7,3,5,9 C2=1,4,5,8,3,9,7
ICY^Bp]Lo PAIR C1=1,4,5,9,3,8,6,2,7 C2=1,6,9,2,4,7,3,5,8
ICY^FJw\_ PAIR C1=0,7,1,6,2,9,3,5,4,8 C2=0,3,8,1,4,2,7,5,9,6
ICY^FJw]O PAIR C1=0,5,4,8,3,9,2,7 C2=0,3,5,7,9,4,2,8
ICY^FH{{_ PAIR C1=0,6,2,4,8,5,3,9,1,7 C2=0,3,8,2,7,5,4,1,6,9
ICY^FJi]O NOPAIR
ICY^FJiFo PAIR C1=0,6,2,7,5,9,4,8 C2=0,5,4,2,8,6,9,7
ICY^FJYZ_ PAIR C1=0,6,2,9,1,7,5,4,8 C2=0,5,9,6,8,1,4,2,7
ICY^FJYXo PAIR C1=0,5,9,1,6,8,4,2,7 C2=0,6,2,9,7,5,4,1,8
ICY^FJYRo PAIR C1=0,6,1,7,5,9,4,8 C2=0,5,4,1,8,6,9,7
ICY^FJYFo PAIR C1=0,6,1,7,5,9,4,8 C2=0,5,4,1,8,6,9,7
ICY^FHy}? PAIR C1=0,3,8,2,9,4,5,7,1,6 C2=0,5,3,9,1,4,8,6,2,7
ICY^FHy|? PAIR C1=0,6,2,9,3,5,4,8,1,7 C2=0,3,8,6,1,4,2,7,5,9
ICY^FHyv? PAIR C1=0,3,9,4,1,6,8,2,7,5 C2=0,6,2,4,8,3,5,9,1,7
ICY^FHyr_ PAIR C1=0,6,2,8,4,5,7,1,9 C2=0,5,9,6,8,1,4,2,7
ICY^FHyf_ PAIR C1=0,5,4,9,3,8,1,6,2,7 C2=0,3,5,7,1,4,2,8,6,9
ICY^FHy{O PAIR C1=0,5,4,8,3,9,1,6,2,7 C2=0,3,5,7,9,2,4,1,8,6
ICY^FHyyO NOPAIR
ICY^FHyuO PAIR C1=0,5,4,9,3,8,1,6,2,7 C2=0,3,5,7,9,1,4,2,8,6
ICY^FHyxO PAIR C1=0,7,5,4,8,2,6,1,9 C2=0,5,9,7,2,4,1,8,6
ICY^FHytO PAIR C1=0,6,1,9,3,5,4,8,2,7 C2=0,3,8,6,2,4,1,7,9,5
ICY^FHyrO PAIR C1=0,7,5,4,8,2,6,1,9 C2=0,5,9,7,2,4,1,8,6
ICY^FHyfO PAIR C1=0,5,3,9,4,1,8,6,2,7 C2=0,3,8,2,4,5,9,7,1,6
ICY^FHyqo NOPAIR
ICY^FHyeo PAIR C1=0,6,2,8,4,9,3,5,7 C2=0,3,8,6,9,7,2,4,5
ICY^FHybo NOPAIR
ICY^BZq}? PAIR C1=0,6,1,9,3,5,4,7,2,8 C2=0,3,8,6,2,9,4,1,7,5
ICY^BZq|? PAIR C1=0,8,3,5,4,7,2,6,1,9 C2=0,3,9,5,7,1,4,2,8,6
ICY^BZqz? PAIR C1=0,8,1,6,2,7,5,4,9 C2=0,5,9,1,7,4,2,8,6
ICY^BZqv? PAIR C1=0,6,1,9,3,5,4,7,2,8 C2=0,3,8,6,2,4,1,7,5,9
ICY^BZq^? PAIR C1=0,5,3,8,1,7,4,9,2,6 C2=0,3,9,5,7,2,4,1,6,8
ICY^BZqr_ PAIR C1=0,6,2,8,1,4,7,5,9 C2=0,5,4,2,7,1,9,6,8
ICY^BZqZ_ NOPAIR
ICY^BZqyO NOPAIR
ICY^BZquO PAIR C1=0,5,4,7,2,6,1,8,3,9 C2=0,3,5,7,9,1,4,2,8,6
ICY^BZq]O PAIR C1=0,5,4,7,1,6,2,9,3,8 C2=0,3,5,7,9,1,4,2,8,6
ICY^BZqrO PAIR C1=0,6,2,8,1,7,5,4,9 C2=0,5,9,7,2,4,1,6,8
ICY^BZqZO NOPAIR
ICY^BZqfO PAIR C1=0,6,1,8,2,7,5,4,9 C2=0,5,9,7,1,4,2,6,8
ICY^BZqqo NOPAIR
ICY^BZqYo NOPAIR
ICY^BZqeo PAIR C1=0,6,2,4,9,7,5,3,8 C2=0,3,9,6,8,2,7,4,5
ICY^BZqbo PAIR C1=0,6,8,2,7,1,4,5,9 C2=0,5,7,9,4,2,6,1,8
ICY^BZqFo PAIR C1=0,5,7,4,9,3,8,2,6 C2=0,3,5,4,2,7,9,6,8
ICY^BZi|? PAIR C1=0,6,1,8,4,5,7,2,9 C2=0,5,9,1,7,4,2,6,8
ICY^BXueo PAIR C1=0,6,2,4,7,1,8,5,3,9 C2=0,3,8,2,7,9,6,1,4,5
ICY^N`w}? PAIR C1=0,6,2,4,5,3,9,1,7 C2=0,3,7,2,9,4,1,6,5
ICY^N`w|? PAIR C1=0,5,3,7,2,4,8,1,9 C2=0,3,8,2,9,5,4,1,7
ICY^N`wz? PAIR C1=0,6,1,7,3,5,4,8,2,9 C2=0,3,8,1,4,9,5,6,2,7
ICY^N`wv? PAIR C1=0,5,4,8,3,9,1,6,2,7 C2=0,3,7,1,8,2,4,9,5,6
ICY^N`w^? PAIR C1=0,5,4,8,3,9,2,6,1,7 C2=0,3,7,2,8,1,4,9,5,6
ICY^N`w{_ PAIR C1=0,5,4,8,2,9,3,7,1,6 C2=0,7,2,4,1,8,3,5,6,9
ICY^N`wy_ PAIR C1=0,5,4,8,3,7,2,9,1,6 C2=0,3,5,6,9,4,2,8,1,7
ICY^N`wu_ PAIR C1=0,5,4,8,3,7,2,6,1,9 C2=0,3,5,6,9,4,2,8,1,7
ICY^N`w]_ PAIR C1=0,5,4,8,3,7,2,9,1,6 C2=0,3,5,6,9,4,2,8,1,7
ICY^N`wx_ PAIR C1=0,7,2,6,5,3,8,4,1,9 C2=0,3,7,1,8,2,4,5,9,6
ICY^N`wt_ PAIR C1=0,7,2,6,5,3,8,4,1,9 C2=0,3,7,1,8,2,4,5,9,6
ICY^N`w\_ PAIR C1=0,3,7,2,8,4,1,6,9,5 C2=0,6,5,4,2,9,3,8,1,7
ICY^N`wr_ PAIR C1=0,3,7,2,8,4,1,6,9,5 C2=0,7,1,8,3,5,6,2,4,9
ICY^N`wZ_ PAIR C1=0,5,3,8,4,9,1,6,2,7 C2=0,3,7,1,8,2,4,5,9,6
ICY^N`wf_ PAIR C1=0,7,2,6,1,4,8,3,5,9 C2=0,3,7,1,8,2,4,9,6,5
ICY^N`wV_ PAIR C1=0,5,3,8,4,9,1,6,2,7 C2=0,3,7,1,8,2,4,5,9,6
ICY^N`wyO PAIR C1=0,3,7,9,1,8,4,2,6,5 C2=0,6,1,7,2,8,3,5,4,9
ICY^N`wuO PAIR C1=0,6,2,7,3,5,4,8,1,9 C2=0,3,8,2,4,9,7,1,6,5
ICY^N`w]O PAIR C1=0,6,2,9,3,5,4,8,1,7 C2=0,3,8,2,7,9,4,1,6,5
ICY^N`wrO PAIR C1=0,5,3,7,2,6,1,8,4,9 C2=0,3,8,2,4,1,7,9,5,6
ICY^N`wZO PAIR C1=0,5,3,8,4,1,6,2,9,7 C2=0,3,7,1,8,2,4,9,5,6
ICY^N`wfO PAIR C1=0,7,2,6,1,4,8,3,5,9 C2=0,3,9,7,1,8,2,4,5,6
ICY^N`wVO PAIR C1=0,5,9,1,6,2,4,8,3,7 C2=0,3,9,7,2,8,1,4,5,6
ICY^N`wwo PAIR C1=0,6,2,7,3,5,4,8,1,9 C2=0,3,8,2,4,1,7,9,6,5
ICY^N`wso PAIR C1=0,6,2,8,4,5,3,9,1,7 C2=0,3,8,1,4,2,7,9,6,5
ICY^N`w[o PAIR C1=0,6,2,8,4,5,3,9,1,7 C2=0,3,8,1,4,2,7,9,6,5
ICY^N`wqo PAIR C1=0,7,3,5,4,8,2,6,1,9 C2=0,3,8,1,4,2,7,9,6,5
ICY^N`wYo PAIR C1=0,6,1,9,2,8,4,5,3,7 C2=0,3,8,1,4,2,7,9,6,5
ICY^N`weo PAIR C1=0,7,1,6,2,8,4,5,3,9 C2=0,3,8,1,4,2,7,9,6,5
ICY^N`wUo PAIR C1=0,6,2,8,4,5,3,9,1,7 C2=0,3,8,1,4,2,7,9,6,5
ICY^N`wdo PAIR C1=0,7,1,6,2,8,4,5,3,9 C2=0,3,8,1,4,2,7,9,6,5
ICY^N`wTo PAIR C1=0,6,2,8,4,5,3,9,1,7 C2=0,3,8,1,4,2,7,9,6,5
ICY^N`wbo PAIR C1=0,6,2,4,8,1,7,3,5,9 C2=0,3,8,2,7,9,6,1,4,5
ICY^N`wRo PAIR C1=0,5,4,2,7,3,8,1,9,6 C2=0,3,5,9,4,8,2,6,1,7
ICY^N`wFo PAIR C1=1,6,2,7,3,9,5,4,8 C2=1,4,2,8,3,5,6,9,7
ICY^N`wyG PAIR C1=0,6,2,9,1,8,4,5,3,7 C2=0,3,8,9,4,2,7,1,6,5
ICY^N`wuG PAIR C1=0,5,6,2,4,8,1,9,3,7 C2=0,3,5,4,9,8,2,7,1,6
ICY^N`w]G PAIR C1=0,6,1,9,2,8,4,5,3,7 C2=0,3,8,9,4,1,7,2,6,5
ICY^N`wfG PAIR C1=0,6,2,8,1,7,3,5,4,9 C2=0,3,8,9,5,6,1,4,2,7
ICY^N`wVG PAIR C1=0,5,4,9,3,7,1,8,2,6 C2=0,3,8,9,5,6,1,4,2,7
ICY^N`wqg PAIR C1=0,7,1,6,2,8,3,5,4,9 C2=0,3,7,2,4,1,8,9,6,5
ICY^N`wYg PAIR C1=0,5,4,9,2,8,3,7,1,6 C2=0,3,5,6,9,8,1,4,2,7
ICY^N`weg PAIR C1=0,5,4,8,1,6,2,7,3,9 C2=0,3,5,6,9,8,2,4,1,7
ICY^N`wUg PAIR C1=0,5,4,9,1,8,3,7,2,6 C2=0,3,5,6,9,8,2,4,1,7
ICY^N`wbg PAIR C1=0,3,7,2,8,9,6,1,4,5 C2=0,6,2,4,9,5,3,8,1,7
ICY^N`wRg PAIR C1=0,5,4,9,1,8,3,7,2,6 C2=0,3,5,6,9,8,2,4,1,7
ICY^N`wFg PAIR C1=0,6,1,8,2,4,9,5,3,7 C2=0,3,8,9,6,2,7,1,4,5
ICY^N`waw PAIR C1=0,6,9,4,5,3,8,1,7 C2=0,3,7,9,8,4,1,6,5
ICY^N`wQw PAIR C1=0,6,9,4,5,3,8,1,7 C2=0,3,7,9,8,4,1,6,5
ICY^N`wEw PAIR C1=0,6,9,4,5,3,8,1,7 C2=0,3,7,9,8,4,1,6,5
ICdefpm|? PAIR C1=0,3,9,2,7,4,8,5,1,6 C2=0,4,3,6,8,2,5,9,1,7
ICdefpmy_ NOPAIR
ICdefpmu_ NOPAIR
ICdefpmr_ NOPAIR
ICdefhm|? PAIR C1=0,7,3,6,1,8,5,2,9 C2=0,3,9,5,1,7,2,8,6
ICdefhmv? PAIR C1=0,6,3,9,4,8,1,5,7 C2=0,4,3,7,1,6,8,5,9
ICdefhmt_ NOPAIR
ICdefhml_ PAIR C1=0,3,6,1,8,5,9,2,7 C2=0,6,8,2,5,1,7,3,9
ICdefhmf_ PAIR C1=0,7,5,8,1,6,3,4,9 C2=0,3,7,1,5,9,6,8,4
ICdefX{|? PAIR C1=0,4,7,5,1,8,3,9 C2=0,3,4,8,5,9,1,7
ICdefX{t_ PAIR C1=0,6,1,5,7,4,8,3,9 C2=0,4,3,6,9,5,8,1,7
ICdefX{r_ PAIR C1=0,6,3,8,1,5,7,4,9 C2=0,3,4,8,5,9,6,1,7
ICdedxm|? PAIR C1=0,4,7,5,1,8,2,9,3,6 C2=0,3,4,8,6,1,9,5,2,7
ICdedxmt_ PAIR C1=0,3,6,1,9,5,8,4,7 C2=0,4,3,7,5,1,8,6,9
ICdedxmr_ PAIR C1=0,3,6,1,9,5,8,4,7 C2=0,4,3,7,5,1,8,6,9
ICdedxmj_ PAIR C1=0,4,9,2,8,5,7,3,6 C2=0,3,4,8,6,9,5,2,7
ICdefT{|? PAIR C1=0,6,3,9,2,5,8,1,7 C2=0,3,8,2,7,6,1,5,9
ICdefT{y_ NOPAIR
ICdefT{]_ NOPAIR
ICdefT{r_ NOPAIR
ICdefT{V_ NOPAIR
ICdefL{v? PAIR C1=0,7,5,1,6,3,8,4,9 C2=0,4,3,9,5,8,1,7,6
ICdefL{l_ PAIR C1=0,6,3,9,2,8,1,5,7 C2=0,3,8,5,2,7,1,6,9
ICdee\{|? PAIR C1=0,6,3,8,4,7,5,1,9 C2=0,4,3,9,5,8,1,6,7
ICdee\{]_ NOPAIR
ICdee\{l_ PAIR C1=0,6,1,7,5,8,4,3,9 C2=0,3,8,1,5,9,6,7,4
ICdee\{j_ PAIR C1=0,3,6,1,7,5,8,4,9 C2=0,4,3,8,1,5,9,6,7
ICded\{t_ PAIR C1=0,6,1,9,3,4,8,5,7 C2=0,3,8,1,5,9,6,7,4
ICded\{j_ PAIR C1=0,6,3,4,8,5,7,2,9 C2=0,3,8,2,5,9,6,7,4
ICded\{V_ PAIR C1=0,6,1,9,3,4,8,5,7 C2=0,3,8,1,5,9,6,7,4
ICded\{N_ PAIR C1=0,6,3,4,8,2,9,5,7 C2=0,3,8,5,2,7,6,9,4
ICdeb^kv? PAIR C1=0,8,4,7,5,1,6,3,9 C2=0,3,4,9,5,8,1,7,6
ICdeb^[y_ NOPAIR
ICdeb^[l_ PAIR C1=0,6,1,7,5,8,4,3,9 C2=0,3,8,1,5,9,6,7,4
ICdcvhmv? PAIR C1=0,6,3,9,4,8,1,5,7 C2=0,3,7,1,9,5,8,6,4
ICdbNrw}? NOPAIR
ICdbNrw|? NOPAIR
ICdbNrwx_ PAIR C1=0,8,3,4,7,2,6,5,1,9 C2=0,3,7,1,6,9,5,2,8,4
ICdbNrs|? NOPAIR
ICdbNrsz? NOPAIR
ICdbNrs{_ PAIR C1=0,8,3,7,1,5,6,2,9 C2=0,3,9,6,1,8,5,2,7
ICdbNr[|? NOPAIR
ICdbNr[t_ NOPAIR
ICdbNre|? NOPAIR
ICdbNrex_ PAIR C1=1,6,2,9,5,8 C2=1,5,2,8,6,9
ICdbNref_ PAIR C1=0,3,7,4,9,5,6,2,8 C2=0,4,3,9,6,8,5,2,7
ICdbNrU|? PAIR C1=0,7,1,6,5,2,9,3,8 C2=0,3,7,2,6,8,1,5,9
ICdbNrUt_ NOPAIR
ICdbNrUl_ PAIR C1=0,3,9,5,2,7,1,6,8 C2=0,7,3,8,1,5,6,2,9
ICdbNq]t_ PAIR C1=0,4,8,5,6,1,9,3,7 C2=0,3,4,7,1,5,9,6,8
ICdbNq]f_ NOPAIR
ICdbNjqf_ PAIR C1=0,8,2,6,5,7,3,9 C2=0,3,8,6,9,5,2,7
ICdbNji|? NOPAIR
ICdbNjiz? NOPAIR
ICdbMzq{_ PAIR C1=0,7,5,2,6,1,8,3,9 C2=0,3,7,1,5,6,9,2,8
ICdbMzqt_ PAIR C1=0,7,5,6,1,8,3,9 C2=0,3,7,1,5,9,6,8
ICdbMzqf_ PAIR C1=0,4,9,3,8,1,6,5,7 C2=0,3,4,7,1,5,9,6,8
ICdbMzY|? NOPAIR
ICdbMzYl_ PAIR C1=0,3,8,1,7,5,6,9 C2=0,7,3,9,5,1,6,8
ICdbMyyt_ PAIR C1=0,8,3,4,7,5,6,1,9 C2=0,3,7,1,5,9,6,8,4
ICdffP{}? PAIR C1=0,4,7,1,9,2,8,3,6 C2=0,3,9,4,8,1,6,2,7
ICdffP{|? PAIR C1=0,6,1,5,2,9,3,8,4,7 C2=0,4,3,6,2,7,1,8,5,9
ICdffP{v? PAIR C1=0,7,4,8,2,5,1,6,3,9 C2=0,3,4,9,5,8,1,7,2,6
ICdffP{^? PAIR C1=0,6,1,5,2,9,3,8,4,7 C2=0,3,6,2,7,1,8,5,9,4
ICdffP{{_ PAIR C1=0,4,7,1,6,3,8,2,9 C2=0,3,4,8,1,9,6,2,7
ICdffP{y_ PAIR C1=0,3,6,2,9,1,8,4,7 C2=0,4,3,8,2,7,1,6,9
ICdffP{u_ NOPAIR
ICdffP{]_ PAIR C1=0,6,2,9,1,8,3,4,7 C2=0,3,9,6,1,7,2,8,4
ICdffP{r_ PAIR C1=0,3,6,2,5,8,1,9,4,7 C2=0,4,3,8,2,7,1,5,9,6
ICdffP{Z_ PAIR C1=0,3,6,1,8,5,2,9,4,7 C2=0,4,3,8,2,7,1,5,9,6
ICdffP{wo PAIR C1=0,3,8,4,7,2,9,1,6 C2=0,4,3,6,2,8,1,7,9
ICdffP{so NOPAIR
ICdffP{[o PAIR C1=0,3,9,2,6,1,8,4,7 C2=0,4,3,8,2,7,1,9,6
ICdffP{eo NOPAIR
ICdffP{Uo NOPAIR
ICdffP{po PAIR C1=0,3,8,5,2,6,9,1,7,4 C2=0,7,2,8,4,3,6,1,5,9
ICdffP{Xo PAIR C1=0,6,2,9,1,5,8,3,4,7 C2=0,3,6,1,7,9,5,2,8,4
ICdffP{To PAIR C1=0,6,2,8,1,5,9,3,4,7 C2=0,3,6,1,9,7,2,5,8,4
ICdffPyz? PAIR C1=0,7,4,3,6,2,8,1,9 C2=0,3,8,6,1,7,2,9,4
ICdffPm}? PAIR C1=0,6,1,7,4,8,2,9 C2=0,4,9,1,8,6,2,7
ICdffPmz? PAIR C1=0,6,2,5,8,1,7,4,9 C2=0,4,8,6,1,5,9,2,7
ICdffPmyO PAIR C1=0,4,9,2,7,1,8,6 C2=0,7,4,8,2,6,1,9
ICdffPm]O NOPAIR
ICdev`l}? NOPAIR
ICdev`lz? PAIR C1=0,6,4,3,7,1,5,8,2,9 C2=0,3,6,1,8,7,2,5,9,4
ICdev`lv? NOPAIR
ICdev`l{_ NOPAIR
ICdev`ly_ NOPAIR
ICdev`lu_ PAIR C1=0,4,6,3,9 C2=0,3,4,9,6
ICdev`lt_ NOPAIR
ICdev`lr_ NOPAIR
ICdfNbsZO NOPAIR
ICdfNbk\O NOPAIR
ICdfNbkZO NOPAIR
ICdfNbk[o NOPAIR
ICdfNbkYo NOPAIR
ICdfNb[\_ PAIR C1=0,6,5,1,8,3,9,2,7 C2=0,3,7,1,9,6,2,5,8
ICdfNb[Fo PAIR C1=0,6,5,9,3,8,1,7 C2=0,3,7,9,6,1,5,8
ICdfN`{}? PAIR C1=0,4,8,5,1,9,3,7,2,6 C2=0,7,1,6,5,2,8,3,4,9
ICdfN`{|? PAIR C1=0,6,5,1,8,3,7,2,9 C2=0,3,9,5,8,2,6,1,7
ICdfN`{z? PAIR C1=0,4,8,3,7,2,9,1,5,6 C2=0,3,4,9,5,8,2,6,1,7
ICdfN`{v? PAIR C1=0,6,5,2,8,4,3,9,1,7 C2=0,3,7,2,6,1,8,5,9,4
ICdfN`{{_ PAIR C1=0,7,3,8,1,5,2,6,9 C2=0,3,9,1,7,2,8,5,6
ICdfN`{y_ PAIR C1=0,4,9,1,6,5,2,8,3,7 C2=0,3,4,8,5,1,7,2,9,6
ICdfN`{u_ PAIR C1=0,7,1,5,6,2,8,3,9 C2=0,3,7,2,5,8,1,9,6
ICdfN`{]_ PAIR C1=0,3,9,4,8,2,6,5,1,7 C2=0,4,3,7,2,5,8,1,9,6
ICdfN`{x_ NOPAIR
ICdfN`{t_ PAIR C1=0,6,2,8,5,1,7,3,9 C2=0,3,8,1,6,9,5,2,7
ICdfN`{\_ NOPAIR
ICdfN`{f_ PAIR C1=0,4,8,1,5,2,6,9,3,7 C2=0,3,4,9,5,8,2,7,1,6
ICdfN`{{O PAIR C1=0,6,5,1,8,2,9,3,7 C2=0,3,8,5,2,6,1,7,9
ICdfN`{yO PAIR C1=0,3,7,2,6,5,1,8,4,9 C2=0,4,3,8,5,2,9,7,1,6
ICdfN`{xO NOPAIR
ICdfN`{tO PAIR C1=0,7,3,8,2,6,5,1,9 C2=0,3,9,7,2,5,8,1,6
ICdfN`{\O NOPAIR
ICdfN`{ZO PAIR C1=0,4,9,2,6,5,1,8,3,7 C2=0,3,4,8,2,5,9,7,1,6
ICdfN`{wo NOPAIR
ICdfN`{so PAIR C1=0,6,5,1,8,2,7,3,9 C2=0,3,8,5,2,6,1,9,7
ICdfN`{[o NOPAIR
ICdfN`{qo PAIR C1=0,3,7,2,5,8,4,9,1,6 C2=0,4,3,8,2,6,5,1,7,9
ICdfN`{Yo PAIR C1=0,6,2,9,4,3,8,5,1,7 C2=0,3,7,9,1,6,5,2,8,4
ICdfN`{Uo PAIR C1=0,4,9,3,8,2,6,5,1,7 C2=0,3,4,8,5,2,7,9,1,6
ICdfN`{do PAIR C1=0,3,8,1,6,9,5,2,7 C2=0,6,2,8,5,1,7,3,9
ICdfN`{bo PAIR C1=0,4,8,3,7,9,5,1,6 C2=0,3,4,9,6,5,8,1,7
ICdfN`{Fo PAIR C1=0,4,8,3,7,9,5,1,6 C2=0,3,4,9,6,5,8,1,7
ICdfN`u}? PAIR C1=0,3,9,2,7,1,5,8,6 C2=0,7,3,8,2,5,6,1,9
ICdfN`ufO PAIR C1=0,6,5,8,2,7,3,9 C2=0,3,8,6,2,5,9,7
ICdfN`ty_ NOPAIR
ICdfN`tf_ PAIR C1=0,7,3,8,2,5,6,9 C2=0,3,9,5,8,7,2,6
ICdfN`l{_ NOPAIR
ICdfN`ly_ NOPAIR
ICdfN`\{_ PAIR C1=0,6,1,9,3,8,5,2,7 C2=0,3,7,8,1,5,6,2,9
ICdfMp{}? PAIR C1=0,6,1,5,2,8,4,7,3,9 C2=0,3,4,9,2,6,5,8,1,7
ICdfMp{|? PAIR C1=0,6,5,2,8,1,9,3,4,7 C2=0,3,7,1,6,2,9,5,8,4
ICdfMp{v? NOPAIR
ICdfMp{^? PAIR C1=0,4,7,3,8,1,9,2,5,6 C2=0,3,4,9,5,8,2,6,1,7
ICdfMp{{_ PAIR C1=0,6,5,1,8,2,9,3,4,7 C2=0,3,7,1,9,6,2,5,8,4
ICdfMp{u_ NOPAIR
ICdfMp{]_ PAIR C1=0,4,9,1,5,6,2,8,3,7 C2=0,3,4,7,1,8,5,2,9,6
ICdfMp{t_ PAIR C1=0,6,5,1,8,4,7,3,9 C2=0,4,3,8,5,9,6,1,7
ICdfMp{l_ PAIR C1=0,6,5,1,8,4,7,3,9 C2=0,4,3,8,5,9,6,1,7
ICdfMp{f_ PAIR C1=0,6,5,1,8,3,9,4,7 C2=0,3,7,1,6,9,5,8,4
ICdfMp{V_ PAIR C1=0,6,5,1,8,3,9,4,7 C2=0,3,7,1,6,9,5,8,4
ICdfMp{N_ PAIR C1=0,6,5,1,8,3,9,4,7 C2=0,3,7,1,6,9,5,8,4
ICdfMp{{O PAIR C1=0,3,9,2,5,6,1,8,4,7 C2=0,4,3,7,9,1,5,8,2,6
ICdfMp{]O PAIR C1=0,3,9,1,6,5,2,8,4,7 C2=0,4,3,8,5,1,7,9,2,6
ICdfMp{xO PAIR C1=0,3,8,4,7,1,6,5,2,9 C2=0,4,3,7,9,5,1,8,2,6
ICdfMp{tO NOPAIR
ICdfMp{lO PAIR C1=0,6,5,2,9,3,4,8,1,7 C2=0,3,8,2,6,1,5,9,7,4
ICdfMp{fO PAIR C1=0,3,9,4,7 C2=0,4,3,7,9
ICdfMp{VO NOPAIR
ICdfMp{wo PAIR C1=0,3,8,4,7,1,6,5,2,9 C2=0,4,3,7,9,1,5,8,2,6
ICdfMp{so NOPAIR
ICdfMp{ko PAIR C1=0,3,7,1,6,5,8,2,9 C2=0,6,2,5,1,8,3,9,7
ICdfMp{[o PAIR C1=0,6,2,9,3,4,8,5,1,7 C2=0,3,8,2,5,6,1,9,7,4
ICdfMp{eo PAIR C1=0,4,9,3,7 C2=0,3,4,7,9
ICdfMp{Uo NOPAIR
ICdfMp{Mo PAIR C1=0,6,1,8,5,2,9,3,4,7 C2=0,3,8,2,6,5,1,7,9,4
ICdfMp{ho PAIR C1=0,3,7,4,8,1,6,5,9 C2=0,4,3,8,5,1,7,9,6
ICdfMp{do PAIR C1=0,4,7,1,8,3,9,5,6 C2=0,3,4,8,5,1,6,9,7
ICdfMp{Lo PAIR C1=0,6,9,5,2,8,3,4,7 C2=0,3,7,9,2,6,5,8,4
ICdfMp{Fo PAIR C1=0,6,5,9,4,3,8,1,7 C2=0,3,7,9,6,1,5,8,4
ICdfMpuv? PAIR C1=0,6,5,1,8,3,9,4,7 C2=0,4,3,7,1,6,8,5,9
ICdfMpun? PAIR C1=0,6,5,1,8,3,9,4,7 C2=0,4,3,7,1,6,8,5,9
ICdfMputO PAIR C1=0,7,1,6,5,8,3,9 C2=0,3,7,9,5,1,8,6
ICdfMpufO PAIR C1=0,7,1,6,5,8,3,9 C2=0,3,7,9,5,1,8,6
ICdfMp]{O NOPAIR
ICdfMp]]O NOPAIR
ICdfMp]NO PAIR C1=0,3,9,4,8,5,6,1,7 C2=0,4,3,7,9,5,1,8,6
ICdfMp\{_ NOPAIR
ICdfMo|t_ PAIR C1=0,3,9,1,6,5,8,4,7 C2=0,4,3,8,7,1,5,9,6
ICdfMo|l_ PAIR C1=0,3,9,6,2,5,8,7,4 C2=0,6,5,9,2,8,4,3,7
ICdfJrw}? NOPAIR
ICdfJrw|? PAIR C1=0,6,1,5,2,7,4,8,3,9 C2=0,4,3,7,1,9,5,6,2,8
ICdfJrw^? PAIR C1=0,6,2,5,1,9,3,7,4,8 C2=0,3,8,2,7,1,6,5,9,4
ICdfJrw{_ PAIR C1=0,6,2,8,3,4,7,1,9 C2=0,3,7,2,9,6,1,8,4
ICdfJrwu_ NOPAIR
ICdfJrw]_ PAIR C1=0,4,7,3,8,2,9,1,6 C2=0,3,4,9,6,2,7,1,8
ICdfJrwx_ PAIR C1=0,4,7,3,8,1,6,5,2,9 C2=0,3,4,8,2,7,1,5,9,6
ICdfJrwt_ PAIR C1=0,3,9,1,5,6,2,7,4,8 C2=0,4,3,7,1,8,2,5,9,6
ICdfJrw\_ PAIR C1=0,4,7,3,9,2,5,6,1,8 C2=0,3,4,8,2,7,1,5,9,6
ICdfJrwV_ PAIR C1=0,3,9,1,5,6,2,7,4,8 C2=0,4,3,7,1,8,2,5,9,6
ICdfJrw{O NOPAIR
ICdfJrw]O NOPAIR
ICdfJrwxO PAIR C1=0,3,8,4,7,1,6,5,2,9 C2=0,4,3,7,9,5,1,8,2,6
ICdfJrwtO PAIR C1=0,3,9,1,6,5,2,7,4,8 C2=0,4,3,7,9,5,1,8,2,6
ICdfJrwVO PAIR C1=0,3,9,1,6,5,2,7,4,8 C2=0,4,3,7,9,5,1,8,2,6
ICdfJrwwo PAIR C1=0,6,2,8,3,4,7,1,9 C2=0,3,7,2,9,6,1,8,4
ICdfJrwso NOPAIR
ICdfJrw[o PAIR C1=0,4,3,7,1,8,2,9,6 C2=0,3,9,1,6,2,7,4,8
ICdfJrwUo NOPAIR
ICdfJrwpo PAIR C1=0,3,8,4,7,2,6,5,1,9 C2=0,4,3,7,9,5,2,8,1,6
ICdfJrwXo PAIR C1=0,4,8,3,7,2,5,9,1,6 C2=0,3,4,7,9,2,6,5,1,8
ICdfJrwTo PAIR C1=0,3,8,4,7,2,5,9,1,6 C2=0,4,3,9,7,1,5,6,2,8
ICdfJrs|? NOPAIR
ICdfJrsz? PAIR C1=0,6,5,2,7,4,3,8,1,9 C2=0,3,7,1,6,2,8,5,9,4
ICdfJrs{_ NOPAIR
ICdfJrsy_ PAIR C1=0,3,7,4,9,1,6,5,2,8 C2=0,4,3,8,5,1,7,2,9,6
ICdfJrs]_ PAIR C1=0,3,7,4,9,1,6,5,2,8 C2=0,4,3,8,5,1,7,2,9,6
ICdfJrst_ NOPAIR
ICdfJrsr_ PAIR C1=0,4,7,3,8,2,5,6,1,9 C2=0,3,4,9,5,8,1,7,2,6
ICdfJrsf_ PAIR C1=0,3,7,4,9,6,1,5,2,8 C2=0,4,3,9,5,8,1,7,2,6
ICdfJrs{O PAIR C1=0,8,1,6,5,2,7,3,9 C2=0,3,8,5,1,7,9,2,6
ICdfJrsyO PAIR C1=0,4,7,3,8,2,6,5,1,9 C2=0,3,4,9,7,2,5,8,1,6
ICdfJrsuO PAIR C1=0,8,3,7,2,5,6,1,9 C2=0,3,9,7,1,5,8,2,6
ICdfJrs]O PAIR C1=0,3,7,4,9,1,5,6,2,8 C2=0,4,3,9,7,2,5,8,1,6
ICdfJrsxO NOPAIR
ICdfJrstO PAIR C1=0,8,1,5,6,2,7,3,9 C2=0,3,8,2,5,9,7,1,6
ICdfJrs\O NOPAIR
ICdfJrsZO PAIR C1=0,3,4,7,9,1,5,6,2,8 C2=0,4,9,5,2,7,3,8,1,6
ICdfJrsfO PAIR C1=0,6,5,1,7,2,8,3,9 C2=0,3,7,9,5,2,6,1,8
ICdfJrswo NOPAIR
ICdfJrsso PAIR C1=0,6,2,7,1,5,8,3,9 C2=0,3,7,9,1,6,5,2,8
ICdfJrs[o NOPAIR
ICdfJrsqo PAIR C1=0,3,7,2,8,5,6,1,9,4 C2=0,6,2,5,1,8,3,4,7,9
ICdfJrsYo PAIR C1=0,3,7,4,9,2,5,6,1,8 C2=0,4,3,8,5,1,9,7,2,6
ICdfJrsUo PAIR C1=0,3,9,1,6,5,8,2,7,4 C2=0,6,2,5,1,7,9,4,3,8
ICdfJrspo NOPAIR
ICdfJrsXo NOPAIR
ICdfJrsdo PAIR C1=0,6,5,1,7,2,8,3,9 C2=0,3,7,9,5,2,6,1,8
ICdfJrsbo PAIR C1=0,3,8,2,7,4,9,5,6 C2=0,4,3,7,9,6,2,5,8
ICdfJrsFo PAIR C1=0,3,8,2,7,4,9,5,6 C2=0,4,3,7,9,6,2,5,8
ICdfJr[|? PAIR C1=0,6,5,2,7,4,3,9,1,8 C2=0,3,7,1,6,2,9,5,8,4
ICdfJr[v? NOPAIR
ICdfJr[^? PAIR C1=0,6,5,2,9,1,7,4,3,8 C2=0,3,7,2,6,1,8,5,9,4
ICdfJr[{_ PAIR C1=0,3,9,2,6,5,1,7,4,8 C2=0,4,3,7,2,5,8,1,6,9
ICdfJr[]_ PAIR C1=0,3,9,2,6,5,1,7,4,8 C2=0,4,3,7,2,5,8,1,9,6
ICdfJr[t_ NOPAIR
ICdfJr[l_ PAIR C1=0,3,7,4,8,5,1,6,2,9 C2=0,4,3,8,1,7,2,5,9,6
ICdfJr[f_ NOPAIR
ICdfJr[V_ NOPAIR
ICdfJr[N_ PAIR C1=0,6,9,2,5,1,7,3,4,8 C2=0,3,9,5,8,1,6,2,7,4
ICdfJr[{O PAIR C1=0,3,9,1,8,4,7,2,5,6 C2=0,4,3,7,9,2,6,1,5,8
ICdfJr[]O PAIR C1=0,3,7,2,5,6,1,9,4,8 C2=0,4,3,8,5,1,7,9,2,6
ICdfJr[tO NOPAIR
ICdfJr[lO PAIR C1=0,3,9,2,5,6,1,7,4,8 C2=0,4,3,8,1,5,9,7,2,6
ICdfJr[fO NOPAIR
ICdfJr[VO NOPAIR
ICdfJr[wo PAIR C1=0,3,7,4,8,5,2,9,1,6 C2=0,4,3,8,1,5,6,2,7,9
ICdfJr[so NOPAIR
ICdfJr[ko PAIR C1=0,3,9,2,7,4,8,1,5,6 C2=0,4,3,8,5,2,6,1,7,9
ICdfJr[[o PAIR C1=0,3,4,8,5,2,7,9,1,6 C2=0,4,7,1,5,6,2,9,3,8
ICdfJr[eo NOPAIR
ICdfJr[Uo NOPAIR
ICdfJr[Mo PAIR C1=0,3,4,9,2,7,1,6,5,8 C2=0,4,7,9,3,8,1,5,2,6
ICdfJr[po PAIR C1=0,3,8,4,7,1,9,5,6 C2=0,4,3,7,9,6,1,5,8
ICdfJr[ho PAIR C1=0,6,1,7,3,4,8,5,9 C2=0,3,8,1,5,6,9,7,4
ICdfJr[do PAIR C1=0,3,8,4,7,1,5,6,9 C2=0,4,3,7,9,5,8,1,6
ICdfJr[To PAIR C1=0,3,8,4,7,1,9,5,6 C2=0,4,3,7,9,6,1,5,8
ICdfJr[Lo PAIR C1=0,3,8,4,7,2,9,5,6 C2=0,4,3,7,9,6,2,5,8
ICdfJr[Fo PAIR C1=0,3,8,1,7,4,9,5,6 C2=0,4,3,7,9,6,1,5,8
ICdfJp{|? PAIR C1=0,6,5,2,7,4,3,8,1,9 C2=0,3,7,1,6,2,9,5,8,4
ICdfJp{^? NOPAIR
ICdfJp{{_ PAIR C1=0,3,8,4,7,1,6,5,2,9 C2=0,4,3,7,2,8,5,1,9,6
ICdfJp{u_ PAIR C1=0,3,8,2,6,5,1,7,4,9 C2=0,4,3,7,2,5,8,1,9,6
ICdfJp{]_ PAIR C1=1,5,8,3,4,9,6,2,7 C2=1,6,5,2,9,3,7,4,8
ICdfJp{\_ NOPAIR
ICdfJp{f_ PAIR C1=0,4,7,3,8,1,5,2,6,9 C2=0,3,4,9,5,8,2,7,1,6
ICdfJp{V_ PAIR C1=1,5,6,2,7,3,9,4,8 C2=1,6,9,5,2,8,3,4,7
ICdfJp{{O PAIR C1=0,3,8,4,7,1,6,5,2,9 C2=0,4,3,7,9,1,5,8,2,6
ICdfJp{]O NOPAIR
ICdfJp{\O NOPAIR
ICdfJp{VO NOPAIR
ICdfJp{wo PAIR C1=0,6,5,2,7,3,4,8,1,9 C2=0,3,8,5,1,6,2,9,7,4
ICdfJp{so PAIR C1=0,6,1,8,5,2,7,4,3,9 C2=0,3,7,9,1,5,6,2,8,4
ICdfJp{[o NOPAIR
ICdfJp{eo PAIR C1=0,4,8,5,2,6,1,7,3,9 C2=0,3,4,9,7,2,8,1,5,6
ICdfJp{Uo PAIR C1=1,5,6,9,4,3,8,2,7 C2=1,6,2,5,8,4,7,3,9
ICdfJp{do PAIR C1=0,3,8,4,7,9,5,1,6 C2=0,4,3,7,1,8,5,6,9
ICdfJp{Fo PAIR C1=1,5,9,4,7,3,8,2,6 C2=1,7,2,5,6,9,3,4,8
ICdfJrqyO PAIR C1=0,3,8,2,6,1,7,4,9 C2=0,4,3,7,2,9,1,8,6
ICdfJrq]O PAIR C1=0,3,4,7,2,9,1,6,8 C2=0,4,9,3,7,1,8,2,6
ICdfJrY{O NOPAIR
ICdfJrYuO NOPAIR
ICdfJrY]O NOPAIR
ICdfJrYtO NOPAIR
ICdfJrYVO NOPAIR
ICdfJpy{O PAIR C1=0,3,4,8,6,1,7,2,9 C2=0,4,7,3,9,1,8,2,6
ICdfJpy]O NOPAIR
ICdfJpyVO PAIR C1=1,5,6,2,8,3,9,4,7 C2=1,6,8,4,3,7,2,5,9
ICdfJre{O NOPAIR
ICdfJrexO NOPAIR
ICdfJpu{O NOPAIR
ICdfJpu]O NOPAIR
ICdfJpufO PAIR C1=0,3,8,5,6,1,7,4,9 C2=0,4,3,7,9,5,1,8,6
ICdfJq]VO PAIR C1=0,3,7,4,9,1,5,6,8 C2=0,4,3,8,5,9,7,1,6
ICdfJp]]O PAIR C1=1,6,5,8,3,4,9,2,7 C2=1,5,2,6,8,4,7,3,9
ICdfJp]fO PAIR C1=0,6,5,8,1,7,4,3,9 C2=0,3,7,9,5,1,6,8,4
ICdfJp]VO NOPAIR
ICdfJp]NO PAIR C1=1,7,3,4,9,2,5,6,8 C2=1,5,9,3,8,4,7,2,6
ICdfJrp{_ NOPAIR
ICdfJrpt_ PAIR C1=0,8,3,7,2,6,5,1,9 C2=0,3,9,5,2,8,7,1,6
ICdfJrX{_ NOPAIR
ICdfJrXt_ NOPAIR
ICdfJrd{_ NOPAIR
ICdfJrdf_ PAIR C1=0,3,7,4,9,6,5,1,8 C2=0,4,3,9,5,8,7,1,6
ICdfJrT{_ PAIR C1=0,3,7,2,9,1,6,5,8 C2=0,6,2,5,1,7,8,3,9
ICdfJrTt_ NOPAIR
ICdfJrTl_ PAIR C1=0,3,8,1,7,2,6,5,9 C2=0,6,1,5,2,9,3,7,8
ICdfJrTf_ PAIR C1=0,3,7,4,9,6,5,1,8 C2=0,4,3,9,5,8,7,1,6
ICdfJptf_ PAIR C1=0,4,7,3,8,1,5,6,9 C2=0,3,4,9,5,8,7,1,6
ICdfJq\t_ PAIR C1=0,3,7,4,8,5,6,1,9 C2=0,4,3,8,7,1,5,9,6
ICdfJq\f_ NOPAIR
ICdfJjw}? PAIR C1=0,6,2,5,1,7,3,9,4,8 C2=0,4,3,8,2,7,5,6,1,9
ICdfJjw|? PAIR C1=0,6,5,1,7,3,8,2,9 C2=0,3,9,5,7,2,6,1,8
ICdfJjwz? PAIR C1=0,4,8,3,7,2,5,6,1,9 C2=0,3,4,9,5,7,1,8,2,6
ICdfJjwv? PAIR C1=0,4,8,3,7,2,5,6,1,9 C2=0,3,4,9,5,7,1,8,2,6
ICdfJjw{_ PAIR C1=0,6,5,2,7,1,8,3,9 C2=0,3,7,5,1,6,9,2,8
ICdfJjwy_ PAIR C1=0,3,7,2,6,5,1,8,4,9 C2=0,4,3,8,2,5,7,1,9,6
ICdfJjw]_ PAIR C1=0,3,7,2,6,5,1,9,4,8 C2=0,4,3,8,1,7,5,2,9,6
ICdfJjwx_ NOPAIR
ICdfJjwt_ PAIR C1=0,6,2,7,5,1,8,3,9 C2=0,3,7,1,6,9,5,2,8
ICdfJjw\_ NOPAIR
ICdfJjwZ_ PAIR C1=0,3,7,5,9,2,6,1,8,4 C2=0,6,5,2,7,1,9,4,3,8
ICdfJjwwo PAIR C1=1,6,5,7,2,9 C2=1,5,2,6,9,7
ICdfJjwso PAIR C1=0,6,2,7,5,1,8,3,9 C2=0,3,7,9,1,6,5,2,8
ICdfJjwqo PAIR C1=0,4,8,3,7,2,5,6,1,9 C2=0,3,4,9,7,5,1,8,2,6
ICdfJjwYo PAIR C1=1,7,5,6,2,9 C2=1,5,2,7,9,6
ICdfJjweo PAIR C1=0,6,5,2,7,1,8,4,3,9 C2=0,3,8,2,6,1,5,7,9,4
ICdfJjwXo PAIR C1=1,7,5,6,2,9 C2=1,5,2,7,9,6
ICdfJjwdo PAIR C1=0,8,3,7,2,6,1,5,9 C2=0,3,9,7,1,8,2,5,6
ICdfJjwbo PAIR C1=0,4,9,5,6,1,7,3,8 C2=0,3,4,8,1,5,7,9,6
ICdfJjseo PAIR C1=0,8,3,7,2,5,6,9 C2=0,3,9,7,5,8,2,6
ICdfJj[so PAIR C1=0,8,1,6,5,7,3,9 C2=0,3,8,5,1,7,9,6
ICdfJj[eo PAIR C1=0,3,9,4,8,1,7,5,6 C2=0,4,3,7,9,6,1,5,8
ICdfJjYtO PAIR C1=0,6,5,9,3,7,1,8 C2=0,3,8,6,1,5,7,9
ICdfJjYfO PAIR C1=0,6,5,7,1,8,3,4,9 C2=0,3,7,9,5,1,6,8,4
ICdfKx{u_ PAIR C1=0,6,5,1,9,3,8,4,7 C2=0,3,7,5,8,1,6,9,4
ICdfKx{so PAIR C1=0,3,9,1,8,4,7,5,6 C2=0,4,3,8,5,1,6,9,7
ICdfKx{eo PAIR C1=0,3,9,4,7 C2=0,4,3,7,9
ICdfIzw|? PAIR C1=0,6,5,2,9,3,4,7,1,8 C2=0,3,7,5,9,1,6,2,8,4
ICdfIzwv? NOPAIR
ICdfIzw^? PAIR C1=0,4,7,3,8,1,9,2,5,6 C2=0,3,4,9,5,7,1,6,2,8
ICdfIzw{_ PAIR C1=0,3,9,2,6,5,1,7,4,8 C2=0,4,3,7,5,2,8,1,9,6
ICdfIzw]_ PAIR C1=0,3,9,2,6,5,1,7,4,8 C2=0,4,3,7,5,2,8,1,9,6
ICdfIzwt_ PAIR C1=0,6,5,1,7,4,8,3,9 C2=0,4,3,7,5,9,6,1,8
ICdfIzwf_ PAIR C1=0,6,5,1,7,4,9,3,8 C2=0,3,7,5,9,6,1,8,4
ICdfIzwV_ PAIR C1=0,6,5,1,7,4,9,3,8 C2=0,3,7,5,9,6,1,8,4
ICdfIzwN_ PAIR C1=0,6,5,1,7,4,9,3,8 C2=0,3,7,5,9,6,1,8,4
ICdfIzw{O PAIR C1=0,8,3,7,1,6,5,2,9 C2=0,3,9,7,5,1,8,2,6
ICdfIzwxO PAIR C1=0,6,5,1,7,4,3,8,2,9 C2=0,3,7,9,5,2,6,1,8,4
ICdfIzwtO NOPAIR
ICdfIzwlO PAIR C1=0,3,9,2,8,4,7,1,5,6 C2=0,4,3,7,9,5,2,6,1,8
ICdfIzwfO NOPAIR
ICdfIzwVO NOPAIR
ICdfIzwwo PAIR C1=0,3,8,4,7,5,2,6,1,9 C2=0,4,3,7,9,2,8,1,5,6
ICdfIzwso NOPAIR
ICdfIzwko PAIR C1=0,6,1,8,3,4,7,5,2,9 C2=0,3,9,7,1,5,6,2,8,4
ICdfIzw[o PAIR C1=0,3,9,2,5,7,4,8,1,6 C2=0,4,3,7,9,1,5,6,2,8
ICdfIzwUo NOPAIR
ICdfIzwMo PAIR C1=0,3,7,5,6,1,8,2,9,4 C2=0,6,2,5,1,7,9,3,4,8
ICdfIzwpo PAIR C1=0,3,8,1,6,9,5,7,4 C2=0,6,5,1,9,7,3,4,8
ICdfIzwho PAIR C1=0,6,1,7,4,3,8,2,5,9 C2=0,3,7,9,2,6,5,1,8,4
ICdfIzwdo PAIR C1=0,4,7,1,6,5,9,3,8 C2=0,3,4,8,1,5,7,9,6
ICdfIzwLo PAIR C1=0,4,7,1,6,5,9,3,8 C2=0,3,4,8,1,5,7,9,6
ICdfIzwFo PAIR C1=0,4,9,5,6,1,7,3,8 C2=0,3,4,8,1,5,7,9,6
ICdfIy{so PAIR C1=0,4,8,3,9,1,7,5,6 C2=0,3,4,7,9,6,1,5,8
ICdfIy{ko PAIR C1=0,3,9,2,8,4,7,5,6 C2=0,4,3,7,9,6,2,5,8
ICdfIzqtO PAIR C1=0,6,5,7,1,8,3,9 C2=0,3,7,9,5,1,6,8
ICdfIzYNO PAIR C1=0,3,9,4,8,1,7,5,6 C2=0,4,3,7,9,5,1,6,8
ICden`lv? PAIR C1=0,6,5,1,8,4,9,3,7 C2=0,4,3,6,1,7,8,5,9
ICden`lt_ NOPAIR
ICden`ll_ NOPAIR
ICdenP{}? PAIR C1=0,6,3,9,1,5,2,8,4,7 C2=0,3,8,5,6,1,7,2,9,4
ICdenP{|? PAIR C1=0,6,5,2,8,1,9,3,4,7 C2=0,3,6,1,7,2,9,5,8,4
ICdenP{z? PAIR C1=0,4,8,3,6,5,1,9 C2=0,3,4,9,5,8,1,6
ICdenP{v? PAIR C1=0,4,8,3,6,5,1,9 C2=0,3,4,9,5,8,1,6
ICdenP{^? PAIR C1=0,6,5,2,9,1,8,3,4,7 C2=0,3,6,1,7,2,8,5,9,4
ICdenP{{_ PAIR C1=0,3,8,4,7,1,6,5,2,9 C2=0,4,3,6,9,1,5,8,2,7
ICdenP{y_ PAIR C1=0,3,8,5,1,6,9,2,7,4 C2=0,7,1,8,2,5,6,3,4,9
ICdenP{u_ NOPAIR
ICdenP{]_ PAIR C1=0,3,9,1,6,5,2,8,4,7 C2=0,4,3,8,5,1,7,2,9,6
ICdenP{t_ NOPAIR
ICdenP{l_ PAIR C1=0,7,1,8,4,3,6,5,2,9 C2=0,3,9,6,1,5,8,2,7,4
ICdenP{r_ PAIR C1=0,3,8,1,6,5,9,4 C2=0,6,3,4,8,5,1,9
ICdenP{j_ PAIR C1=0,7,4,3,6,5,1,8,2,9 C2=0,3,8,5,2,7,1,6,9,4
ICdenP{V_ NOPAIR
ICdenP{N_ PAIR C1=0,3,9,2,8,4,7,1,5,6 C2=0,4,3,8,1,6,9,5,2,7
ICdenP{{O PAIR C1=0,3,8,4,7,1,9,2,5,6 C2=0,4,3,6,1,5,8,2,7,9
ICdenP{tO PAIR C1=0,6,5,1,7,4,8,3,9 C2=0,4,3,6,1,8,5,9,7
ICdenP{lO PAIR C1=0,6,5,1,7,4,8,3,9 C2=0,4,3,6,1,8,5,9,7
ICdenP{rO PAIR C1=0,7,1,5,6,3,8,4,9 C2=0,3,4,7,9,5,8,1,6
ICdenP{VO PAIR C1=0,6,5,1,8,3,9,4,7 C2=0,3,6,1,7,9,5,8,4
ICdenP{wo PAIR C1=0,3,4,8,5,6,1,7,2,9 C2=0,4,7,9,1,5,2,8,3,6
ICdenP{so NOPAIR
ICdenP{ko PAIR C1=0,3,6,1,5,8,4,7,2,9 C2=0,4,3,9,7,1,8,2,5,6
ICdenP{[o PAIR C1=0,3,4,7,1,9,2,8,5,6 C2=0,4,8,3,9,6,1,5,2,7
ICdenP{qo NOPAIR
ICdenP{io PAIR C1=0,3,6,5,8,1,7,2,9,4 C2=0,6,1,5,2,8,3,4,7,9
ICdenP{Yo PAIR C1=0,3,8,4,9,7,2,5,1,6 C2=0,4,3,6,5,8,2,9,1,7
ICdenP{Uo NOPAIR
ICdenP{Mo PAIR C1=0,3,4,9,2,8,5,6,1,7 C2=0,4,8,1,5,2,7,9,3,6
ICdenP{ho PAIR C1=0,7,4,3,8,1,6,5,9 C2=0,3,6,9,7,1,5,8,4
ICdenP{do PAIR C1=0,3,8,4,7,9,5,1,6 C2=0,4,3,9,6,5,8,1,7
ICdenP{To PAIR C1=0,3,9,5,6,1,8,4,7 C2=0,4,3,8,5,1,7,9,6
ICdenP{Lo PAIR C1=0,3,9,5,6,1,8,4,7 C2=0,4,3,8,5,1,7,9,6
ICdenP{bo PAIR C1=0,4,8,3,6,1,5,9,7 C2=0,3,4,7,1,8,5,6,9
ICdenP{Ro PAIR C1=0,3,6,5,9,1,8,4,7 C2=0,4,3,8,5,1,7,9,6
ICdenP{Jo PAIR C1=0,6,5,9,2,8,3,4,7 C2=0,3,6,9,7,2,5,8,4
ICdenP{Fo PAIR C1=0,3,8,4,7,9,5,1,6 C2=0,4,3,9,6,5,8,1,7
ICdenPmz? PAIR C1=0,6,5,1,8,4,7,2,9 C2=0,4,9,5,2,8,6,1,7
ICdenPmyO PAIR C1=0,7,4,8,6,1,5,2,9 C2=0,4,9,1,7,2,8,5,6
ICdenPmrO PAIR C1=0,6,5,8,1,7,4,9 C2=0,4,8,6,1,5,9,7
ICdenPmfO PAIR C1=0,7,1,6,5,8,4,3,9 C2=0,3,6,8,1,5,9,7,4
ICdenP]z? PAIR C1=0,4,8,3,6,1,5,9 C2=0,3,4,9,1,8,5,6
ICdenP]jO PAIR C1=0,3,8,5,6,1,7,4,9 C2=0,4,3,6,8,1,5,9,7
ICdenO}z? PAIR C1=0,6,1,9,4,3,8,5,2,7 C2=0,3,6,8,2,9,5,1,7,4
ICdenO}rO PAIR C1=0,3,6,5,8,4,7,1,9 C2=0,4,3,8,6,1,5,9,7
ICdenP\N_ PAIR C1=0,3,9,4,7,8,1,5,6 C2=0,4,3,8,5,9,6,1,7
ICdelpmz? PAIR C1=0,7,3,6,5,2,8,4,9 C2=0,3,4,7,2,9,5,8,6
ICdelpmtO PAIR C1=0,6,5,8,1,9,3,4,7 C2=0,3,7,9,5,1,6,8,4
ICdelpmlO PAIR C1=0,6,5,8,2,9,3,4,7 C2=0,4,8,6,3,7,2,5,9
ICdelpmrO PAIR C1=0,7,4,3,6,5,8,1,9 C2=0,3,7,9,5,1,6,8,4
ICdelpmjO PAIR C1=0,3,4,7,9,2,8,5,6 C2=0,4,8,6,3,7,2,5,9
ICdelpl|? PAIR C1=0,6,5,1,8,4,7,3,9 C2=0,4,3,6,1,9,5,8,7
ICdelplt_ PAIR C1=0,3,7,4,8,5,6,1,9 C2=0,4,3,6,9,5,1,8,7
ICdelplr_ PAIR C1=0,3,7,4,8,5,6,1,9 C2=0,4,3,6,9,5,1,8,7
ICdelplj_ PAIR C1=0,4,9,2,8,5,6,3,7 C2=0,3,4,8,7,2,5,9,6
IEhfcxk}? PAIR C1=0,7,4,8,2,5,1,6,3,9 C2=0,3,7,5,8,1,9,4,2,6
IEhfcxk|? PAIR C1=0,4,7,5,2,8,1,6,3,9 C2=0,6,2,4,8,5,9,1,3,7
IEhfcxkz? PAIR C1=0,3,6,1,5,7,4,8,2,9 C2=0,6,2,4,9,5,8,1,3,7
IEhfcxk{_ PAIR C1=0,7,4,8,2,5,1,6,3,9 C2=0,3,7,5,8,1,9,6,2,4
IEhfcxky_ PAIR C1=0,6,3,7,4,8,1,5,2,9 C2=0,3,1,6,9,4,2,8,5,7
IEhfcxku_ PAIR C1=0,6,1,5,8,2,4,7,3,9 C2=0,3,1,8,4,9,6,2,5,7
IEhfcxkm_ PAIR C1=0,6,2,5,1,8,4,7,3,9 C2=0,3,1,6,9,4,2,8,5,7
IEhfcxk]_ PAIR C1=0,6,3,9,1,5,2,8,4,7 C2=0,3,7,5,8,1,6,9,2,4
IEhfcxkx_ PAIR C1=0,4,8,2,9,1,5,7,3,6 C2=0,3,1,8,5,9,6,2,4,7
IEhfcxkt_ PAIR C1=0,4,8,2,5,7,3,9,1,6 C2=0,3,1,8,5,9,6,2,4,7
IEhfcxkl_ PAIR C1=0,4,8,2,9,3,7,5,1,6 C2=0,3,1,8,5,9,6,2,4,7
IEhfcxk\_ PAIR C1=0,4,8,2,9,3,7,5,1,6 C2=0,3,1,8,5,9,6,2,4,7
IEhfcxkr_ PAIR C1=0,4,8,2,5,7,3,6,1,9 C2=0,3,1,8,5,9,6,2,4,7
IEhfcxkj_ PAIR C1=0,7,3,6,1,5,8,4,2,9 C2=0,3,1,8,2,6,9,5,7,4
IEhfcxkZ_ PAIR C1=0,4,8,2,9,1,5,7,3,6 C2=0,3,1,8,5,9,6,2,4,7
IEhfcxkf_ PAIR C1=0,6,1,5,8,2,4,9,3,7 C2=0,3,1,8,4,7,5,2,6,9
IEhfcxkV_ PAIR C1=0,4,8,2,5,7,3,9,1,6 C2=0,3,1,8,5,9,6,2,4,7
IEhfcxkN_ PAIR C1=0,4,8,2,9,3,7,5,1,6 C2=0,3,1,8,5,9,6,2,4,7
IEhfcxkwo PAIR C1=0,6,3,7,4,8,2,5,1,9 C2=0,3,1,8,5,7,9,6,2,4
IEhfcxkso PAIR C1=0,6,1,5,2,8,4,7,3,9 C2=0,3,1,8,5,7,9,6,2,4
IEhfcxkko PAIR C1=0,6,1,5,2,8,4,7,3,9 C2=0,3,1,8,5,7,9,6,2,4
IEhfcxk[o PAIR C1=0,6,3,9,1,5,2,8,4,7 C2=0,3,1,8,5,7,9,6,2,4
IEhfcxkqo PAIR C1=0,7,3,6,1,5,2,8,4,9 C2=0,3,1,8,5,7,9,6,2,4
IEhfcxkio PAIR C1=0,3,1,5,7,9,6,2,8,4 C2=0,7,3,6,1,8,5,2,4,9
IEhfcxkYo PAIR C1=0,6,3,1,8,4,9,2,5,7 C2=0,3,7,9,6,1,5,8,2,4
IEhfcxkMo PAIR C1=0,3,1,5,7,9,6,2,8,4 C2=0,6,1,8,5,2,4,9,3,7
IEhfcxkho PAIR C1=0,3,1,5,8,2,6,9,7,4 C2=0,7,3,6,1,8,4,2,5,9
IEhfcxkXo PAIR C1=0,4,8,1,9,5,2,6,3,7 C2=0,3,1,5,8,2,4,7,9,6
IEhfcxk{G PAIR C1=0,6,3,7,4,8,1,5,2,9 C2=0,4,2,6,1,3,9,8,5,7
IEhfcxkyG PAIR C1=0,6,3,7,4,8,1,5,2,9 C2=0,3,1,6,2,4,9,8,5,7
IEhfcxkuG PAIR C1=0,6,3,7,4,8,2,5,1,9 C2=0,3,1,6,2,4,9,8,5,7
IEhfcxkmG PAIR C1=0,6,3,7,4,8,1,5,2,9 C2=0,3,1,6,2,4,9,8,5,7
IEhfcxk]G PAIR C1=0,6,3,9,2,5,1,8,4,7 C2=0,3,7,5,8,9,1,6,2,4
IEhfcxkxG PAIR C1=0,3,6,2,9,1,5,8,4,7 C2=0,4,2,8,9,5,7,3,1,6
IEhfcxklG PAIR C1=0,6,2,8,4,7,5,1,3,9 C2=0,4,2,5,9,8,1,6,3,7
IEhfcxk\G PAIR C1=0,6,3,9,1,5,2,8,4,7 C2=0,3,7,5,9,8,1,6,2,4
IEhfcxkZG PAIR C1=0,3,6,2,5,8,1,9,4,7 C2=0,4,2,8,9,5,7,3,1,6
IEhfcxkwg PAIR C1=0,4,8,1,9,2,5,7,3,6 C2=0,3,1,5,8,9,6,2,4,7
IEhfcxksg PAIR C1=0,4,8,2,5,7,3,9,1,6 C2=0,3,1,5,8,9,6,2,4,7
IEhfcxkkg PAIR C1=0,4,8,1,6,3,7,5,2,9 C2=0,3,1,5,8,9,6,2,4,7
IEhfcxk[g PAIR C1=0,4,8,2,5,7,3,9,1,6 C2=0,3,1,5,8,9,6,2,4,7
IEhfcxkqg PAIR C1=0,4,9,1,8,2,5,7,3,6 C2=0,3,1,5,8,9,6,2,4,7
IEhfcxkig PAIR C1=0,4,8,1,6,3,7,5,2,9 C2=0,3,1,5,8,9,6,2,4,7
IEhfcxkYg PAIR C1=0,4,9,1,8,2,5,7,3,6 C2=0,3,1,5,8,9,6,2,4,7
IEhfcxkeg PAIR C1=0,4,9,3,7,5,2,8,1,6 C2=0,3,1,5,8,9,6,2,4,7
IEhfcxkUg PAIR C1=0,4,9,3,7,5,2,8,1,6 C2=0,3,1,5,8,9,6,2,4,7
IEhfcxkMg PAIR C1=0,4,9,3,7,5,2,8,1,6 C2=0,3,1,5,8,9,6,2,4,7
IEhfcxkpg PAIR C1=0,3,6,2,8,4,7,5,1,9 C2=0,4,2,5,8,9,6,1,3,7
IEhfcxkhg PAIR C1=0,4,8,1,6,3,7,5,2,9 C2=0,3,1,5,8,9,6,2,4,7
IEhfcxkXg PAIR C1=0,4,8,2,9,1,5,7,3,6 C2=0,3,1,6,9,8,5,2,4,7
IEhfcxkdg PAIR C1=0,6,3,9,5,2,8,4,7 C2=0,3,7,5,8,9,6,2,4
IEhfcxkTg PAIR C1=0,6,3,9,5,2,8,4,7 C2=0,3,7,5,8,9,6,2,4
IEhfcxkLg PAIR C1=0,6,3,9,5,2,8,4,7 C2=0,3,7,5,8,9,6,2,4
IEhfcxkbg PAIR C1=0,3,7,4,8,1,6,2,5,9 C2=0,4,2,8,9,6,3,1,5,7
IEhfcxkRg PAIR C1=0,4,9,1,8,2,5,7,3,6 C2=0,3,1,5,8,9,6,2,4,7
IEhfcxkJg PAIR C1=0,3,6,1,8,4,9,5,7 C2=0,4,7,3,1,5,8,9,6
IEhfcxkFg PAIR C1=0,6,3,9,5,2,8,4,7 C2=0,3,7,5,8,9,6,2,4
IEhfcxkow PAIR C1=0,3,6,2,8,4,7,5,1,9 C2=0,4,2,5,8,9,7,3,1,6
IEhfcxkgw PAIR C1=0,6,3,7,5,1,8,2,9 C2=0,3,1,6,2,5,8,9,7
IEhfcxkWw PAIR C1=0,3,6,1,9,8,2,4,7 C2=0,4,8,1,3,7,9,2,6
IEhfcxkcw PAIR C1=0,6,2,8,4,7,5,1,3,9 C2=0,3,7,9,6,1,8,5,2,4
IEhfcxkSw PAIR C1=0,3,9,1,5,7,4,8,2,6 C2=0,4,2,5,8,9,6,1,3,7
IEhfcxkKw PAIR C1=0,3,9,2,5,7,4,8,1,6 C2=0,4,2,6,3,1,5,8,9,7
IEhfcxkQw PAIR C1=0,3,7,5,2,8,4,9,1,6 C2=0,4,2,6,3,1,5,8,9,7
IEhfcxkIw PAIR C1=0,3,7,5,2,9,4,8,1,6 C2=0,4,2,6,3,1,5,8,9,7
IEhfcxkHw PAIR C1=0,3,1,6,2,9,5,8,4,7 C2=0,4,2,5,1,8,9,7,3,6
IEhethk}? PAIR C1=0,7,3,6,4,8,2,5,1,9 C2=0,3,9,4,2,7,5,8,1,6
IEhethk|? PAIR C1=0,4,6,3,7,5,1,8,2,9 C2=0,6,1,3,9,5,8,4,2,7
IEhethk{_ PAIR C1=0,7,3,6,4,8,2,5,1,9 C2=0,4,2,7,5,8,1,3,9,6
IEhethky_ PAIR C1=0,7,3,6,4,8,2,5,1,9 C2=0,3,1,8,5,7,2,4,9,6
IEhethku_ PAIR C1=0,7,3,6,4,8,2,5,1,9 C2=0,3,1,8,5,7,2,4,9,6
IEhethkm_ PAIR C1=0,6,4,8,1,5,2,7,3,9 C2=0,3,1,6,9,4,2,8,5,7
IEhethk]_ PAIR C1=0,6,1,5,2,8,4,9,3,7 C2=0,3,6,9,1,8,5,7,2,4
IEhethkx_ PAIR C1=0,4,6,3,7,5,1,8,2,9 C2=0,3,1,6,9,5,8,4,2,7
IEhethkl_ PAIR C1=0,4,6,3,7,5,1,8,2,9 C2=0,3,1,6,9,5,8,4,2,7
IEhethk\_ PAIR C1=0,3,6,4,8,2,9,1,5,7 C2=0,4,2,7,3,1,8,5,9,6
IEhethkZ_ PAIR C1=0,4,9,2,8,1,5,7,3,6 C2=0,3,1,6,9,5,8,4,2,7
IEhethkyO PAIR C1=0,7,3,6,1,5,2,8,4,9 C2=0,3,1,8,5,7,9,2,4,6
IEhethkuO PAIR C1=0,6,4,8,1,5,2,7,3,9 C2=0,3,6,1,9,7,5,8,2,4
IEhethkmO PAIR C1=0,4,8,5,1,6,3,7,2,9 C2=0,3,1,8,2,5,7,9,4,6
IEhethk]O PAIR C1=0,6,4,8,1,5,2,9,3,7 C2=0,3,6,1,9,7,5,8,2,4
IEhethklO PAIR C1=0,6,4,8,2,9,3,1,5,7 C2=0,3,6,1,8,5,9,7,2,4
IEherik}? PAIR C1=0,4,8,2,5,1,7,3,9 C2=0,3,1,9,4,2,7,5,8
IEherik{_ PAIR C1=0,8,4,6,1,5,2,7,3,9 C2=0,3,6,9,1,7,5,8,2,4
IEheriky_ PAIR C1=0,8,4,6,3,7,2,5,1,9 C2=0,3,1,7,5,8,2,4,9,6
IEheriku_ PAIR C1=0,6,4,8,2,5,1,7,3,9 C2=0,3,1,6,9,4,2,7,5,8
IEherikm_ PAIR C1=0,6,4,8,2,5,1,7,3,9 C2=0,3,1,6,9,4,2,7,5,8
IEherik]_ PAIR C1=0,6,3,7,2,5,1,9,4,8 C2=0,3,9,6,1,7,5,8,2,4
IEherikx_ PAIR C1=0,4,6,3,7,5,1,9,2,8 C2=0,3,1,7,2,4,8,5,9,6
IEherikl_ PAIR C1=0,4,6,1,5,7,3,9,2,8 C2=0,3,1,7,2,4,8,5,9,6
IEherik\_ PAIR C1=0,4,6,1,5,7,3,9,2,8 C2=0,3,1,7,2,4,8,5,9,6
IEherikZ_ PAIR C1=0,4,9,1,6,3,7,5,2,8 C2=0,3,1,7,2,4,8,5,9,6
IEhbtjK}? PAIR C1=0,8,4,6,1,5,2,7,3,9 C2=0,4,9,2,6,3,1,8,5,7
IEhbtjK{_ PAIR C1=0,7,3,9,2,5,1,6,4,8 C2=0,3,6,9,1,8,5,7,2,4
IEhbtjKu_ PAIR C1=0,8,1,6,4,2,5,7,3,9 C2=0,3,1,5,8,4,9,6,2,7
IEhbtjK]_ PAIR C1=0,7,3,9,2,5,1,6,4,8 C2=0,3,1,8,5,7,2,6,9,4
IEhbtjKx_ PAIR C1=0,4,6,3,7,5,2,9,1,8 C2=0,3,1,6,9,5,8,4,2,7
IQhTV`]}? PAIR C1=0,6,2,4,8,1,9,3,7 C2=0,2,7,1,3,8,6,4,9
IQhTV`]|? PAIR C1=0,6,4,8,3,5,1,7,2,9 C2=0,4,2,6,8,5,9,1,3,7
IQhTV`]z? PAIR C1=0,6,4,8,5,3,1,9,2,7 C2=0,2,6,8,3,7,1,5,9,4
IQhTV`]v? PAIR C1=0,7,2,6,4,8,5,1,3,9 C2=0,2,4,9,5,3,7,1,8,6
IQhTV`]y_ PAIR C1=0,4,6,2,9 C2=0,2,4,9,6
IQhTV`]u_ PAIR C1=0,6,2,4,8,3,9,1,7 C2=0,2,7,3,1,8,6,9,4
IQhTV`]V_ PAIR C1=0,4,9,3,5,8,1,7,2,6 C2=0,2,4,8,6,9,5,1,3,7
IQhTV`]{O PAIR C1=0,4,8,3,7,1,9,2,6 C2=0,2,4,6,8,1,3,9,7
IQhTV`]yO NOPAIR
IQhTV`]uO PAIR C1=0,6,4,2,7,3,8,1,9 C2=0,2,6,8,4,9,3,1,7
IQhTV`]xO PAIR C1=0,4,8,5,3,7,1,9,2,6 C2=0,2,4,6,8,3,1,5,9,7
IQhTV`]rO PAIR C1=0,6,2,4,9,1,5,8,3,7 C2=0,2,7,9,5,3,1,8,6,4
IQhTV`]jO PAIR C1=0,6,2,4,9,5,8,1,3,7 C2=0,2,9,7,1,5,3,8,6,4
IQhTV`]VO PAIR C1=0,6,2,4,9,5,8,3,1,7 C2=0,2,7,9,3,5,1,8,6,4
IQhTV`]qo NOPAIR
IQhTV`]Uo PAIR C1=0,2,7,1,3,8,6,9,4 C2=0,6,2,4,8,1,9,3,7
IQhTV`]bo PAIR C1=0,6,4,2,7,1,3,8,5,9 C2=0,2,6,9,7,3,5,1,8,4
IQhTV`]Ro PAIR C1=0,2,6,4,9,1,5,8,3,7 C2=0,4,2,7,9,5,3,1,8,6
IQhTV`Zz? NOPAIR
IQhTV`N}? NOPAIR
IQhTV`Nz? NOPAIR
IQhTUjw]O NOPAIR
IQhTUjwZO PAIR C1=0,2,9,5,7,1,3,8,4 C2=0,7,3,5,1,9,4,2,8
IQhTUjs]O NOPAIR
IQhTUh{}? PAIR C1=0,2,9,3,5,7,1,8,4 C2=0,7,3,1,5,8,2,4,9
IQhTUh{|? NOPAIR
IQhTUh{^? NOPAIR
IQhTUh{{_ PAIR C1=0,7,1,3,5,8,2,4,6,9 C2=0,4,8,3,7,5,1,9,2,6
IQhTUh{y_ PAIR C1=0,7,1,5,3,8,4,6,2,9 C2=0,4,2,8,5,7,3,1,9,6
IQhTUh{]_ PAIR C1=0,6,2,9,4,8,3,5,1,7 C2=0,2,8,5,7,3,1,9,6,4
IQhTUh{t_ PAIR C1=0,4,6,2,8,1,3,9,5,7 C2=0,2,4,8,5,3,7,1,9,6
IQhTUh{\_ PAIR C1=0,2,9,1,7,5,3,8,4,6 C2=0,4,2,6,9,5,8,1,3,7
IQhTUh{{O NOPAIR
IQhTUh{yO PAIR C1=0,4,9,2,8,3,5,1,7 C2=0,2,4,8,5,7,3,1,9
IQhTUh{]O NOPAIR
IQhTUh{tO PAIR C1=1,7,5,3,9 C2=1,3,7,9,5
IQhTUh{wo PAIR C1=0,6,2,4,8,3,5,7,1,9 C2=0,2,8,5,1,3,7,9,6,4
IQhTUh{so PAIR C1=0,6,2,4,8,1,7,5,3,9 C2=0,2,8,5,1,3,7,9,6,4
IQhTUh{[o PAIR C1=0,6,2,4,8,1,9,3,5,7 C2=0,2,8,5,1,3,7,9,6,4
IQhTUh{io PAIR C1=0,4,2,6,9 C2=0,2,9,4,6
IQhTUh{Yo PAIR C1=0,6,2,4,9,1,8,3,5,7 C2=0,2,8,5,1,3,7,9,6,4
IQhTUji]O PAIR C1=0,2,8,4,6 C2=0,4,2,6,8
IQhTUji\O PAIR C1=0,2,8,4,6 C2=0,4,2,6,8
IQhTUjiYo PAIR C1=0,4,6,2,8 C2=0,2,4,8,6
IQhVTh[}? PAIR C1=0,2,7,3,8,5,1,9,4 C2=0,7,5,3,1,8,4,2,9
IQhVTh[|? PAIR C1=0,7,5,3,8,1,6,4,2,9 C2=0,4,8,5,9,1,3,7,2,6
IQhVTh[{_ PAIR C1=0,6,4,8,1,5,3,7,2,9 C2=0,4,2,6,9,1,3,8,5,7
IQhVTh[y_ PAIR C1=0,7,3,5,1,8,4,6,2,9 C2=0,2,7,5,8,3,1,6,9,4
IQhVTh[u_ PAIR C1=0,6,2,7,3,5,1,8,4,9 C2=0,2,4,6,9,1,3,8,5,7
IQhVTh[m_ PAIR C1=0,6,4,8,1,5,3,7,2,9 C2=0,2,4,9,6,1,3,8,5,7
IQhVTh[f_ PAIR C1=0,6,2,4,9,3,8,1,5,7 C2=0,2,7,3,1,6,9,5,8,4
IQhVTh[V_ PAIR C1=0,6,2,4,9,3,8,1,5,7 C2=0,2,7,3,1,6,9,5,8,4
IQhVTh[{O PAIR C1=0,6,4,8,1,5,3,9,2,7 C2=0,4,2,6,1,3,8,5,7,9
IQhVTh[yO PAIR C1=0,6,4,8,1,5,3,7,2,9 C2=0,2,6,1,3,8,5,7,9,4
IQhVTh[uO PAIR C1=0,7,2,6,4,8,1,5,3,9 C2=0,2,4,9,7,5,8,3,1,6
IQhVTh[mO PAIR C1=0,6,4,8,1,5,3,9,2,7 C2=0,2,6,1,3,8,5,7,9,4
IQhVTh[lO PAIR C1=0,6,4,2,9,3,8,1,5,7 C2=0,2,6,1,3,7,9,5,8,4
IQhVTh[wo PAIR C1=0,7,5,3,8,1,6,4,2,9 C2=0,2,6,9,7,3,1,5,8,4
IQhVTh[so PAIR C1=0,4,6,2,7,5,1,8,3,9 C2=0,2,4,8,5,3,1,6,9,7
IQhVTh[qo PAIR C1=0,6,4,8,3,1,5,7,9 C2=0,4,9,6,1,8,5,3,7
IQhVTh[io PAIR C1=0,4,9,2,6,1,8,3,5,7 C2=0,2,4,8,5,1,3,7,9,6
IQhVTh[eo PAIR C1=0,4,9,3,8,1,5,7,2,6 C2=0,2,4,8,5,3,1,6,9,7
IQhVTh[Uo PAIR C1=0,4,9,3,8,1,5,7,2,6 C2=0,2,4,8,5,3,1,6,9,7
IQhVTh[Fo PAIR C1=0,4,9,3,8,1,5,7,2,6 C2=0,2,4,8,5,3,1,6,9,7
IQhVTh[qg PAIR C1=0,2,7,5,3,8,4,9,1,6 C2=0,4,2,6,9,8,5,1,3,7
IQhVTh[Qw PAIR C1=0,4,8,5,3,1,9,6,2,7 C2=0,2,4,9,8,3,7,5,1,6
