# shape=n23_55 mode=enum star=False f2=True levels=('k44w', 'r12') solver=cadical195 jobs=1232
n23_55 0 alpha H=[] 0 4 True 1 0 0.0 {'onecross': True, 'D_P': 5, 'D_Q': 5, 'eHB': 5, 'k0': 7, 'k1': 5, 'k44w': False}
n23_55 0 alpha H=[] 0 5 True 1 0 0.0 {'onecross': True, 'D_P': 6, 'D_Q': 6, 'eHB': 5, 'k0': 7, 'k1': 4, 'k44w': False}
n23_55 0 alpha H=[] 1 4 True 1 0 0.0 {'onecross': True, 'D_P': 5, 'D_Q': 5, 'eHB': 6, 'k0': 6, 'k1': 5, 'k44w': False}
n23_55 0 alpha H=[] 1 5 True 1 0 0.0 {'onecross': True, 'D_P': 6, 'D_Q': 6, 'eHB': 6, 'k0': 6, 'k1': 4, 'k44w': False}
n23_55 0 alpha H=[] 2 4 True 1 0 0.0 {'onecross': True, 'D_P': 5, 'D_Q': 5, 'eHB': 5, 'k0': 5, 'k1': 7, 'k44w': False}
n23_55 0 alpha H=[] 2 5 True 1 0 0.0 {'onecross': True, 'D_P': 6, 'D_Q': 6, 'eHB': 5, 'k0': 4, 'k1': 7, 'k44w': False}
n23_55 0 alpha H=[] 3 4 True 1 0 0.0 {'onecross': True, 'D_P': 5, 'D_Q': 5, 'eHB': 5, 'k0': 5, 'k1': 7, 'k44w': False}
n23_55 0 alpha H=[] 3 5 True 1 0 0.0 {'onecross': True, 'D_P': 6, 'D_Q': 6, 'eHB': 5, 'k0': 4, 'k1': 7, 'k44w': False}
n23_55 0 alpha H=[] 4 4 True 1 0 0.0 {'onecross': True, 'D_P': 5, 'D_Q': 5, 'eHB': 6, 'k0': 6, 'k1': 5, 'k44w': False}
n23_55 0 alpha H=[] 4 5 True 1 0 0.0 {'onecross': True, 'D_P': 6, 'D_Q': 6, 'eHB': 6, 'k0': 6, 'k1': 4, 'k44w': False}
n23_55 0 alpha H=[] 5 4 True 1 0 0.0 {'onecross': True, 'D_P': 5, 'D_Q': 5, 'eHB': 6, 'k0': 6, 'k1': 5, 'k44w': False}
n23_55 0 alpha H=[] 5 5 True 1 0 0.0 {'onecross': True, 'D_P': 6, 'D_Q': 6, 'eHB': 6, 'k0': 6, 'k1': 4, 'k44w': False}
n23_55 0 alpha H=[] 6 4 True 1 0 0.0 {'onecross': True, 'D_P': 5, 'D_Q': 5, 'eHB': 5, 'k0': 5, 'k1': 7, 'k44w': False}
n23_55 0 alpha H=[] 6 5 True 1 0 0.0 {'onecross': True, 'D_P': 6, 'D_Q': 6, 'eHB': 5, 'k0': 4, 'k1': 7, 'k44w': False}
n23_55 0 alpha H=[] 7 5 True 1 0 0.0 {'onecross': True, 'D_P': 6, 'D_Q': 6, 'eHB': 6, 'k0': 6, 'k1': 4, 'k44w': False}
n23_55 0 alpha H=[] 7 4 True 1 0 0.0 {'onecross': True, 'D_P': 5, 'D_Q': 5, 'eHB': 6, 'k0': 6, 'k1': 5, 'k44w': False}
n23_55 0 alpha H=[] 8 4 True 1 0 0.0 {'onecross': True, 'D_P': 5, 'D_Q': 5, 'eHB': 6, 'k0': 6, 'k1': 5, 'k44w': False}
n23_55 0 alpha H=[] 8 5 True 1 0 0.0 {'onecross': True, 'D_P': 6, 'D_Q': 6, 'eHB': 6, 'k0': 6, 'k1': 4, 'k44w': False}
n23_55 0 alpha H=[] 9 5 True 1 0 0.0 {'onecross': True, 'D_P': 6, 'D_Q': 6, 'eHB': 5, 'k0': 4, 'k1': 7, 'k44w': False}
n23_55 0 alpha H=[] 9 4 True 1 0 0.0 {'onecross': True, 'D_P': 5, 'D_Q': 5, 'eHB': 4, 'k0': 5, 'k1': 8, 'k44w': False}
n23_55 0 alpha H=[] 10 4 True 1 0 0.0 {'onecross': True, 'D_P': 5, 'D_Q': 5, 'eHB': 5, 'k0': 5, 'k1': 7, 'k44w': False}
n23_55 0 alpha H=[] 10 5 True 1 0 0.0 {'onecross': True, 'D_P': 6, 'D_Q': 6, 'eHB': 5, 'k0': 4, 'k1': 7, 'k44w': False}
n23_55 0 alpha H=[] 11 5 True 1 0 0.0 {'onecross': True, 'D_P': 6, 'D_Q': 6, 'eHB': 5, 'k0': 4, 'k1': 7, 'k44w': False}
n23_55 0 alpha H=[] 11 4 True 1 0 0.0 {'onecross': True, 'D_P': 5, 'D_Q': 5, 'eHB': 5, 'k0': 5, 'k1': 7, 'k44w': False}
n23_55 0 alpha H=[] 12 4 True 1 0 0.0 {'onecross': True, 'D_P': 5, 'D_Q': 5, 'eHB': 5, 'k0': 7, 'k1': 5, 'k44w': False}
n23_55 0 alpha H=[] 12 5 True 1 0 0.0 {'onecross': True, 'D_P': 6, 'D_Q': 6, 'eHB': 5, 'k0': 7, 'k1': 4, 'k44w': False}
n23_55 0 alpha H=[] 13 5 True 1 0 0.0 {'onecross': True, 'D_P': 6, 'D_Q': 6, 'eHB': 5, 'k0': 4, 'k1': 7, 'k44w': False}
n23_55 0 alpha H=[] 13 4 True 1 0 0.0 {'onecross': True, 'D_P': 5, 'D_Q': 5, 'eHB': 5, 'k0': 5, 'k1': 7, 'k44w': False}
n23_55 1 alpha H=[(0, 0)] 0 4 True 1 0 0.0 {'onecross': True, 'D_P': 5, 'D_Q': 5, 'eHB': 5, 'k0': 7, 'k1': 4, 'k44w': False}
n23_55 1 alpha H=[(0, 0)] 0 5 True 1 0 0.0 {'onecross': True, 'D_P': 6, 'D_Q': 6, 'eHB': 5, 'k0': 7, 'k1': 3, 'k44w': False}
n23_55 1 alpha H=[(0, 0)] 1 4 True 1 0 0.0 {'onecross': True, 'D_P': 5, 'D_Q': 5, 'eHB': 6, 'k0': 6, 'k1': 4, 'k44w': False}
n23_55 1 alpha H=[(0, 0)] 1 5 True 1 0 0.0 {'onecross': True, 'D_P': 6, 'D_Q': 6, 'eHB': 6, 'k0': 6, 'k1': 3, 'k44w': False}
n23_55 1 alpha H=[(0, 0)] 2 4 True 1 0 0.0 {'onecross': True, 'D_P': 5, 'D_Q': 5, 'eHB': 5, 'k0': 4, 'k1': 7, 'k44w': False}
n23_55 1 alpha H=[(0, 0)] 2 5 True 1 0 0.0 {'onecross': True, 'D_P': 6, 'D_Q': 6, 'eHB': 6, 'k0': 3, 'k1': 6, 'k44w': False}
n23_55 1 alpha H=[(0, 0)] 3 4 True 1 0 0.0 {'onecross': True, 'D_P': 5, 'D_Q': 5, 'eHB': 5, 'k0': 4, 'k1': 7, 'k44w': False}
n23_55 1 alpha H=[(0, 0)] 3 5 True 1 0 0.0 {'onecross': True, 'D_P': 6, 'D_Q': 6, 'eHB': 6, 'k0': 3, 'k1': 6, 'k44w': False}
n23_55 1 alpha H=[(0, 0)] 4 4 True 1 0 0.0 {'onecross': True, 'D_P': 5, 'D_Q': 5, 'eHB': 6, 'k0': 6, 'k1': 4, 'k44w': False}
n23_55 1 alpha H=[(0, 0)] 4 5 True 1 0 0.0 {'onecross': True, 'D_P': 6, 'D_Q': 6, 'eHB': 6, 'k0': 6, 'k1': 3, 'k44w': False}
n23_55 1 alpha H=[(0, 0)] 5 4 True 1 0 0.0 {'onecross': True, 'D_P': 5, 'D_Q': 5, 'eHB': 6, 'k0': 6, 'k1': 4, 'k44w': False}
n23_55 1 alpha H=[(0, 0)] 5 5 True 1 0 0.0 {'onecross': True, 'D_P': 6, 'D_Q': 6, 'eHB': 6, 'k0': 6, 'k1': 3, 'k44w': False}
n23_55 1 alpha H=[(0, 0)] 6 4 True 1 0 0.0 {'onecross': True, 'D_P': 5, 'D_Q': 5, 'eHB': 5, 'k0': 4, 'k1': 7, 'k44w': False}
n23_55 1 alpha H=[(0, 0)] 6 5 True 1 0 0.0 {'onecross': True, 'D_P': 6, 'D_Q': 6, 'eHB': 6, 'k0': 3, 'k1': 6, 'k44w': False}
n23_55 1 alpha H=[(0, 0)] 7 4 True 1 0 0.0 {'onecross': True, 'D_P': 5, 'D_Q': 5, 'eHB': 6, 'k0': 6, 'k1': 4, 'k44w': False}
n23_55 1 alpha H=[(0, 0)] 7 5 True 1 0 0.0 {'onecross': True, 'D_P': 6, 'D_Q': 6, 'eHB': 6, 'k0': 6, 'k1': 3, 'k44w': False}
n23_55 1 alpha H=[(0, 0)] 8 4 True 1 0 0.0 {'onecross': True, 'D_P': 5, 'D_Q': 5, 'eHB': 6, 'k0': 6, 'k1': 4, 'k44w': False}
n23_55 1 alpha H=[(0, 0)] 8 5 True 1 0 0.0 {'onecross': True, 'D_P': 6, 'D_Q': 6, 'eHB': 6, 'k0': 6, 'k1': 3, 'k44w': False}
n23_55 1 alpha H=[(0, 0)] 9 4 True 1 0 0.0 {'onecross': True, 'D_P': 5, 'D_Q': 5, 'eHB': 5, 'k0': 4, 'k1': 7, 'k44w': False}
n23_55 1 alpha H=[(0, 0)] 9 5 True 1 0 0.0 {'onecross': True, 'D_P': 6, 'D_Q': 6, 'eHB': 6, 'k0': 3, 'k1': 6, 'k44w': False}
n23_55 1 alpha H=[(0, 0)] 10 4 True 1 0 0.0 {'onecross': True, 'D_P': 5, 'D_Q': 5, 'eHB': 5, 'k0': 4, 'k1': 7, 'k44w': False}
n23_55 1 alpha H=[(0, 0)] 10 5 True 1 0 0.0 {'onecross': True, 'D_P': 6, 'D_Q': 6, 'eHB': 6, 'k0': 3, 'k1': 6, 'k44w': False}
n23_55 1 alpha H=[(0, 0)] 11 4 True 1 0 0.0 {'onecross': True, 'D_P': 5, 'D_Q': 5, 'eHB': 5, 'k0': 4, 'k1': 7, 'k44w': False}
n23_55 1 alpha H=[(0, 0)] 11 5 True 1 0 0.0 {'onecross': True, 'D_P': 6, 'D_Q': 6, 'eHB': 6, 'k0': 3, 'k1': 6, 'k44w': False}
n23_55 1 alpha H=[(0, 0)] 12 4 True 1 0 0.0 {'onecross': True, 'D_P': 5, 'D_Q': 5, 'eHB': 5, 'k0': 7, 'k1': 4, 'k44w': False}
n23_55 1 alpha H=[(0, 0)] 12 5 True 1 0 0.0 {'onecross': True, 'D_P': 6, 'D_Q': 6, 'eHB': 5, 'k0': 7, 'k1': 3, 'k44w': False}
n23_55 1 alpha H=[(0, 0)] 13 4 True 1 0 0.0 {'onecross': True, 'D_P': 5, 'D_Q': 5, 'eHB': 6, 'k0': 6, 'k1': 4, 'k44w': False}
n23_55 1 alpha H=[(0, 0)] 13 5 True 1 0 0.0 {'onecross': True, 'D_P': 6, 'D_Q': 6, 'eHB': 6, 'k0': 6, 'k1': 3, 'k44w': False}
n23_55 2 alpha H=[(0, 1)] 0 4 True 1 0 0.0 {'onecross': True, 'D_P': 5, 'D_Q': 5, 'eHB': 5, 'k0': 7, 'k1': 4, 'k44w': False}
n23_55 2 alpha H=[(0, 1)] 0 5 True 1 0 0.0 {'onecross': True, 'D_P': 6, 'D_Q': 6, 'eHB': 5, 'k0': 7, 'k1': 3, 'k44w': False}
n23_55 2 alpha H=[(0, 1)] 1 4 True 1 0 0.0 {'onecross': True, 'D_P': 5, 'D_Q': 5, 'eHB': 6, 'k0': 6, 'k1': 4, 'k44w': False}
n23_55 2 alpha H=[(0, 1)] 1 5 True 1 0 0.0 {'onecross': True, 'D_P': 6, 'D_Q': 6, 'eHB': 6, 'k0': 6, 'k1': 3, 'k44w': False}
n23_55 2 alpha H=[(0, 1)] 2 4 True 1 0 0.0 {'onecross': True, 'D_P': 5, 'D_Q': 5, 'eHB': 5, 'k0': 4, 'k1': 7, 'k44w': False}
n23_55 2 alpha H=[(0, 1)] 2 5 True 1 0 0.0 {'onecross': True, 'D_P': 6, 'D_Q': 6, 'eHB': 6, 'k0': 3, 'k1': 6, 'k44w': False}
n23_55 2 alpha H=[(0, 1)] 3 4 True 1 0 0.0 {'onecross': True, 'D_P': 5, 'D_Q': 5, 'eHB': 5, 'k0': 4, 'k1': 7, 'k44w': False}
n23_55 2 alpha H=[(0, 1)] 3 5 True 1 0 0.0 {'onecross': True, 'D_P': 6, 'D_Q': 6, 'eHB': 6, 'k0': 3, 'k1': 6, 'k44w': False}
n23_55 2 alpha H=[(0, 1)] 4 4 True 1 0 0.0 {'onecross': True, 'D_P': 5, 'D_Q': 5, 'eHB': 6, 'k0': 6, 'k1': 4, 'k44w': False}
n23_55 2 alpha H=[(0, 1)] 4 5 True 1 0 0.0 {'onecross': True, 'D_P': 6, 'D_Q': 6, 'eHB': 6, 'k0': 6, 'k1': 3, 'k44w': False}
n23_55 2 alpha H=[(0, 1)] 5 4 True 1 0 0.0 {'onecross': True, 'D_P': 5, 'D_Q': 5, 'eHB': 6, 'k0': 6, 'k1': 4, 'k44w': False}
n23_55 2 alpha H=[(0, 1)] 5 5 True 1 0 0.0 {'onecross': True, 'D_P': 6, 'D_Q': 6, 'eHB': 6, 'k0': 6, 'k1': 3, 'k44w': False}
n23_55 2 alpha H=[(0, 1)] 6 4 True 1 0 0.0 {'onecross': True, 'D_P': 5, 'D_Q': 5, 'eHB': 5, 'k0': 4, 'k1': 7, 'k44w': False}
n23_55 2 alpha H=[(0, 1)] 6 5 True 1 0 0.0 {'onecross': True, 'D_P': 6, 'D_Q': 6, 'eHB': 6, 'k0': 3, 'k1': 6, 'k44w': False}
n23_55 2 alpha H=[(0, 1)] 7 4 True 1 0 0.0 {'onecross': True, 'D_P': 5, 'D_Q': 5, 'eHB': 6, 'k0': 6, 'k1': 4, 'k44w': False}
n23_55 2 alpha H=[(0, 1)] 7 5 True 1 0 0.0 {'onecross': True, 'D_P': 6, 'D_Q': 6, 'eHB': 6, 'k0': 6, 'k1': 3, 'k44w': False}
n23_55 2 alpha H=[(0, 1)] 8 4 True 1 0 0.0 {'onecross': True, 'D_P': 5, 'D_Q': 5, 'eHB': 6, 'k0': 6, 'k1': 4, 'k44w': False}
n23_55 2 alpha H=[(0, 1)] 8 5 True 1 0 0.0 {'onecross': True, 'D_P': 6, 'D_Q': 6, 'eHB': 6, 'k0': 6, 'k1': 3, 'k44w': False}
n23_55 2 alpha H=[(0, 1)] 9 4 True 1 0 0.0 {'onecross': True, 'D_P': 5, 'D_Q': 5, 'eHB': 5, 'k0': 4, 'k1': 7, 'k44w': False}
n23_55 2 alpha H=[(0, 1)] 9 5 True 1 0 0.0 {'onecross': True, 'D_P': 6, 'D_Q': 6, 'eHB': 6, 'k0': 3, 'k1': 6, 'k44w': False}
n23_55 2 alpha H=[(0, 1)] 10 4 True 1 0 0.0 {'onecross': True, 'D_P': 5, 'D_Q': 5, 'eHB': 5, 'k0': 4, 'k1': 7, 'k44w': False}
n23_55 2 alpha H=[(0, 1)] 10 5 True 1 0 0.0 {'onecross': True, 'D_P': 6, 'D_Q': 6, 'eHB': 6, 'k0': 3, 'k1': 6, 'k44w': False}
n23_55 2 alpha H=[(0, 1)] 11 5 True 1 0 0.0 {'onecross': True, 'D_P': 6, 'D_Q': 6, 'eHB': 6, 'k0': 3, 'k1': 6, 'k44w': False}
n23_55 2 alpha H=[(0, 1)] 11 4 True 1 0 0.01 {'onecross': True, 'D_P': 5, 'D_Q': 5, 'eHB': 5, 'k0': 4, 'k1': 7, 'k44w': False}
n23_55 2 alpha H=[(0, 1)] 12 4 True 1 0 0.0 {'onecross': True, 'D_P': 5, 'D_Q': 5, 'eHB': 5, 'k0': 7, 'k1': 4, 'k44w': False}
n23_55 2 alpha H=[(0, 1)] 12 5 True 1 0 0.0 {'onecross': True, 'D_P': 6, 'D_Q': 6, 'eHB': 5, 'k0': 7, 'k1': 3, 'k44w': False}
n23_55 2 alpha H=[(0, 1)] 13 5 True 1 0 0.0 {'onecross': True, 'D_P': 6, 'D_Q': 6, 'eHB': 6, 'k0': 6, 'k1': 3, 'k44w': False}
n23_55 2 alpha H=[(0, 1)] 13 4 True 1 0 0.0 {'onecross': True, 'D_P': 5, 'D_Q': 5, 'eHB': 6, 'k0': 6, 'k1': 4, 'k44w': False}
n23_55 3 alpha H=[(1, 0)] 0 4 True 1 0 0.0 {'onecross': True, 'D_P': 5, 'D_Q': 5, 'eHB': 5, 'k0': 7, 'k1': 4, 'k44w': False}
n23_55 3 alpha H=[(1, 0)] 0 5 True 1 0 0.0 {'onecross': True, 'D_P': 6, 'D_Q': 6, 'eHB': 5, 'k0': 7, 'k1': 3, 'k44w': False}
n23_55 3 alpha H=[(1, 0)] 1 4 True 1 0 0.0 {'onecross': True, 'D_P': 5, 'D_Q': 5, 'eHB': 6, 'k0': 6, 'k1': 4, 'k44w': False}
n23_55 3 alpha H=[(1, 0)] 1 5 True 1 0 0.0 {'onecross': True, 'D_P': 6, 'D_Q': 6, 'eHB': 6, 'k0': 6, 'k1': 3, 'k44w': False}
n23_55 3 alpha H=[(1, 0)] 2 4 True 1 0 0.0 {'onecross': True, 'D_P': 5, 'D_Q': 5, 'eHB': 5, 'k0': 4, 'k1': 7, 'k44w': False}
n23_55 3 alpha H=[(1, 0)] 2 5 True 1 0 0.0 {'onecross': True, 'D_P': 6, 'D_Q': 6, 'eHB': 6, 'k0': 3, 'k1': 6, 'k44w': False}
n23_55 3 alpha H=[(1, 0)] 3 4 True 1 0 0.0 {'onecross': True, 'D_P': 5, 'D_Q': 5, 'eHB': 5, 'k0': 4, 'k1': 7, 'k44w': False}
n23_55 3 alpha H=[(1, 0)] 3 5 True 1 0 0.0 {'onecross': True, 'D_P': 6, 'D_Q': 6, 'eHB': 6, 'k0': 3, 'k1': 6, 'k44w': False}
n23_55 3 alpha H=[(1, 0)] 4 4 True 1 0 0.0 {'onecross': True, 'D_P': 5, 'D_Q': 5, 'eHB': 6, 'k0': 6, 'k1': 4, 'k44w': False}
n23_55 3 alpha H=[(1, 0)] 4 5 True 1 0 0.0 {'onecross': True, 'D_P': 6, 'D_Q': 6, 'eHB': 6, 'k0': 6, 'k1': 3, 'k44w': False}
n23_55 3 alpha H=[(1, 0)] 5 4 True 1 0 0.0 {'onecross': True, 'D_P': 5, 'D_Q': 5, 'eHB': 6, 'k0': 6, 'k1': 4, 'k44w': False}
n23_55 3 alpha H=[(1, 0)] 5 5 True 1 0 0.0 {'onecross': True, 'D_P': 6, 'D_Q': 6, 'eHB': 6, 'k0': 6, 'k1': 3, 'k44w': False}
n23_55 3 alpha H=[(1, 0)] 6 4 True 1 0 0.0 {'onecross': True, 'D_P': 5, 'D_Q': 5, 'eHB': 5, 'k0': 4, 'k1': 7, 'k44w': False}
n23_55 3 alpha H=[(1, 0)] 6 5 True 1 0 0.0 {'onecross': True, 'D_P': 6, 'D_Q': 6, 'eHB': 6, 'k0': 3, 'k1': 6, 'k44w': False}
n23_55 3 alpha H=[(1, 0)] 7 4 True 1 0 0.0 {'onecross': True, 'D_P': 5, 'D_Q': 5, 'eHB': 6, 'k0': 6, 'k1': 4, 'k44w': False}
n23_55 3 alpha H=[(1, 0)] 7 5 True 1 0 0.0 {'onecross': True, 'D_P': 6, 'D_Q': 6, 'eHB': 6, 'k0': 6, 'k1': 3, 'k44w': False}
n23_55 3 alpha H=[(1, 0)] 8 4 True 1 0 0.0 {'onecross': True, 'D_P': 5, 'D_Q': 5, 'eHB': 6, 'k0': 6, 'k1': 4, 'k44w': False}
n23_55 3 alpha H=[(1, 0)] 8 5 True 1 0 0.0 {'onecross': True, 'D_P': 6, 'D_Q': 6, 'eHB': 6, 'k0': 6, 'k1': 3, 'k44w': False}
n23_55 3 alpha H=[(1, 0)] 9 4 True 1 0 0.0 {'onecross': True, 'D_P': 5, 'D_Q': 5, 'eHB': 5, 'k0': 4, 'k1': 7, 'k44w': False}
n23_55 3 alpha H=[(1, 0)] 9 5 True 1 0 0.0 {'onecross': True, 'D_P': 6, 'D_Q': 6, 'eHB': 6, 'k0': 3, 'k1': 6, 'k44w': False}
n23_55 3 alpha H=[(1, 0)] 10 4 True 1 0 0.0 {'onecross': True, 'D_P': 5, 'D_Q': 5, 'eHB': 5, 'k0': 4, 'k1': 7, 'k44w': False}
n23_55 3 alpha H=[(1, 0)] 10 5 True 1 0 0.0 {'onecross': True, 'D_P': 6, 'D_Q': 6, 'eHB': 6, 'k0': 3, 'k1': 6, 'k44w': False}
n23_55 3 alpha H=[(1, 0)] 11 4 True 1 0 0.0 {'onecross': True, 'D_P': 5, 'D_Q': 5, 'eHB': 5, 'k0': 4, 'k1': 7, 'k44w': False}
n23_55 3 alpha H=[(1, 0)] 11 5 True 1 0 0.0 {'onecross': True, 'D_P': 6, 'D_Q': 6, 'eHB': 6, 'k0': 3, 'k1': 6, 'k44w': False}
n23_55 3 alpha H=[(1, 0)] 12 4 True 1 0 0.0 {'onecross': True, 'D_P': 5, 'D_Q': 5, 'eHB': 5, 'k0': 4, 'k1': 7, 'k44w': False}
n23_55 3 alpha H=[(1, 0)] 12 5 True 1 0 0.0 {'onecross': True, 'D_P': 6, 'D_Q': 6, 'eHB': 6, 'k0': 3, 'k1': 6, 'k44w': False}
n23_55 3 alpha H=[(1, 0)] 13 4 True 1 0 0.0 {'onecross': True, 'D_P': 5, 'D_Q': 5, 'eHB': 6, 'k0': 6, 'k1': 4, 'k44w': False}
n23_55 3 alpha H=[(1, 0)] 13 5 True 1 0 0.0 {'onecross': True, 'D_P': 6, 'D_Q': 6, 'eHB': 6, 'k0': 6, 'k1': 3, 'k44w': False}
n23_55 4 alpha H=[(2, 2)] 0 4 True 1 0 0.0 {'onecross': True, 'D_P': 5, 'D_Q': 5, 'eHB': 5, 'k0': 7, 'k1': 4, 'k44w': False}
n23_55 4 alpha H=[(2, 2)] 0 5 True 1 0 0.0 {'onecross': True, 'D_P': 6, 'D_Q': 6, 'eHB': 5, 'k0': 7, 'k1': 3, 'k44w': False}
n23_55 4 alpha H=[(2, 2)] 1 4 True 1 0 0.01 {'onecross': True, 'D_P': 5, 'D_Q': 5, 'eHB': 6, 'k0': 6, 'k1': 4, 'k44w': False}
n23_55 4 alpha H=[(2, 2)] 1 5 True 1 0 0.01 {'onecross': True, 'D_P': 6, 'D_Q': 6, 'eHB': 6, 'k0': 6, 'k1': 3, 'k44w': False}
n23_55 4 alpha H=[(2, 2)] 2 4 True 1 0 0.0 {'onecross': True, 'D_P': 5, 'D_Q': 5, 'eHB': 5, 'k0': 4, 'k1': 7, 'k44w': False}
n23_55 4 alpha H=[(2, 2)] 2 5 True 1 0 0.0 {'onecross': True, 'D_P': 6, 'D_Q': 6, 'eHB': 6, 'k0': 3, 'k1': 6, 'k44w': False}
n23_55 4 alpha H=[(2, 2)] 3 4 True 1 0 0.0 {'onecross': True, 'D_P': 5, 'D_Q': 5, 'eHB': 5, 'k0': 4, 'k1': 7, 'k44w': False}
n23_55 4 alpha H=[(2, 2)] 3 5 True 1 0 0.01 {'onecross': True, 'D_P': 6, 'D_Q': 6, 'eHB': 6, 'k0': 3, 'k1': 6, 'k44w': False}
n23_55 4 alpha H=[(2, 2)] 4 4 True 1 0 0.01 {'onecross': True, 'D_P': 5, 'D_Q': 5, 'eHB': 6, 'k0': 6, 'k1': 4, 'k44w': False}
n23_55 4 alpha H=[(2, 2)] 4 5 True 1 0 0.01 {'onecross': True, 'D_P': 6, 'D_Q': 6, 'eHB': 6, 'k0': 6, 'k1': 3, 'k44w': False}
n23_55 4 alpha H=[(2, 2)] 5 4 True 1 0 0.0 {'onecross': True, 'D_P': 5, 'D_Q': 5, 'eHB': 6, 'k0': 6, 'k1': 4, 'k44w': False}
n23_55 4 alpha H=[(2, 2)] 5 5 True 1 0 0.0 {'onecross': True, 'D_P': 6, 'D_Q': 6, 'eHB': 6, 'k0': 6, 'k1': 3, 'k44w': False}
n23_55 4 alpha H=[(2, 2)] 6 4 True 1 0 0.01 {'onecross': True, 'D_P': 5, 'D_Q': 5, 'eHB': 5, 'k0': 4, 'k1': 7, 'k44w': False}
n23_55 4 alpha H=[(2, 2)] 6 5 True 1 0 0.0 {'onecross': True, 'D_P': 6, 'D_Q': 6, 'eHB': 6, 'k0': 3, 'k1': 6, 'k44w': False}
n23_55 4 alpha H=[(2, 2)] 7 4 True 1 0 0.01 {'onecross': True, 'D_P': 5, 'D_Q': 5, 'eHB': 6, 'k0': 6, 'k1': 4, 'k44w': False}
n23_55 4 alpha H=[(2, 2)] 7 5 True 1 0 0.0 {'onecross': True, 'D_P': 6, 'D_Q': 6, 'eHB': 6, 'k0': 6, 'k1': 3, 'k44w': False}
n23_55 4 alpha H=[(2, 2)] 8 4 True 1 0 0.0 {'onecross': True, 'D_P': 5, 'D_Q': 5, 'eHB': 6, 'k0': 6, 'k1': 4, 'k44w': False}
n23_55 4 alpha H=[(2, 2)] 8 5 True 1 0 0.0 {'onecross': True, 'D_P': 6, 'D_Q': 6, 'eHB': 6, 'k0': 6, 'k1': 3, 'k44w': False}
n23_55 4 alpha H=[(2, 2)] 9 4 True 1 0 0.01 {'onecross': True, 'D_P': 5, 'D_Q': 5, 'eHB': 5, 'k0': 4, 'k1': 7, 'k44w': False}
n23_55 4 alpha H=[(2, 2)] 9 5 True 1 0 0.01 {'onecross': True, 'D_P': 6, 'D_Q': 6, 'eHB': 6, 'k0': 3, 'k1': 6, 'k44w': False}
n23_55 4 alpha H=[(2, 2)] 10 4 True 1 0 0.0 {'onecross': True, 'D_P': 5, 'D_Q': 5, 'eHB': 5, 'k0': 4, 'k1': 7, 'k44w': False}
n23_55 4 alpha H=[(2, 2)] 10 5 True 1 0 0.01 {'onecross': True, 'D_P': 6, 'D_Q': 6, 'eHB': 6, 'k0': 3, 'k1': 6, 'k44w': False}
n23_55 4 alpha H=[(2, 2)] 11 4 True 1 0 0.0 {'onecross': True, 'D_P': 5, 'D_Q': 5, 'eHB': 5, 'k0': 4, 'k1': 7, 'k44w': False}
n23_55 4 alpha H=[(2, 2)] 11 5 True 1 0 0.0 {'onecross': True, 'D_P': 6, 'D_Q': 6, 'eHB': 6, 'k0': 3, 'k1': 6, 'k44w': False}
n23_55 4 alpha H=[(2, 2)] 12 4 True 1 0 0.01 {'onecross': True, 'D_P': 5, 'D_Q': 5, 'eHB': 5, 'k0': 4, 'k1': 7, 'k44w': False}
n23_55 4 alpha H=[(2, 2)] 12 5 True 1 0 0.0 {'onecross': True, 'D_P': 6, 'D_Q': 6, 'eHB': 6, 'k0': 3, 'k1': 6, 'k44w': False}
n23_55 4 alpha H=[(2, 2)] 13 4 True 1 0 0.0 {'onecross': True, 'D_P': 5, 'D_Q': 5, 'eHB': 6, 'k0': 6, 'k1': 4, 'k44w': False}
n23_55 4 alpha H=[(2, 2)] 13 5 True 1 0 0.01 {'onecross': True, 'D_P': 6, 'D_Q': 6, 'eHB': 6, 'k0': 6, 'k1': 3, 'k44w': False}
n23_55 5 alpha H=[(3, 3)] 0 4 True 1 0 0.0 {'onecross': True, 'D_P': 5, 'D_Q': 5, 'eHB': 5, 'k0': 7, 'k1': 4, 'k44w': False}
n23_55 5 alpha H=[(3, 3)] 0 5 True 1 0 0.0 {'onecross': True, 'D_P': 6, 'D_Q': 6, 'eHB': 5, 'k0': 7, 'k1': 3, 'k44w': False}
n23_55 5 alpha H=[(3, 3)] 1 4 True 1 0 0.01 {'onecross': True, 'D_P': 5, 'D_Q': 5, 'eHB': 6, 'k0': 6, 'k1': 4, 'k44w': False}
n23_55 5 alpha H=[(3, 3)] 1 5 True 1 0 0.01 {'onecross': True, 'D_P': 6, 'D_Q': 6, 'eHB': 6, 'k0': 6, 'k1': 3, 'k44w': False}
n23_55 5 alpha H=[(3, 3)] 2 4 True 1 0 0.0 {'onecross': True, 'D_P': 5, 'D_Q': 5, 'eHB': 5, 'k0': 4, 'k1': 7, 'k44w': False}
n23_55 5 alpha H=[(3, 3)] 2 5 True 1 0 0.0 {'onecross': True, 'D_P': 6, 'D_Q': 6, 'eHB': 6, 'k0': 3, 'k1': 6, 'k44w': False}
n23_55 5 alpha H=[(3, 3)] 3 4 True 1 0 0.0 {'onecross': True, 'D_P': 5, 'D_Q': 5, 'eHB': 5, 'k0': 4, 'k1': 7, 'k44w': False}
n23_55 5 alpha H=[(3, 3)] 3 5 True 1 0 0.0 {'onecross': True, 'D_P': 6, 'D_Q': 6, 'eHB': 6, 'k0': 3, 'k1': 6, 'k44w': False}
n23_55 5 alpha H=[(3, 3)] 4 4 True 1 0 0.01 {'onecross': True, 'D_P': 5, 'D_Q': 5, 'eHB': 6, 'k0': 6, 'k1': 4, 'k44w': False}
n23_55 5 alpha H=[(3, 3)] 4 5 True 1 0 0.01 {'onecross': True, 'D_P': 6, 'D_Q': 6, 'eHB': 6, 'k0': 6, 'k1': 3, 'k44w': False}
n23_55 5 alpha H=[(3, 3)] 5 4 True 1 0 0.0 {'onecross': True, 'D_P': 5, 'D_Q': 5, 'eHB': 6, 'k0': 6, 'k1': 4, 'k44w': False}
n23_55 5 alpha H=[(3, 3)] 5 5 True 1 0 0.0 {'onecross': True, 'D_P': 6, 'D_Q': 6, 'eHB': 6, 'k0': 6, 'k1': 3, 'k44w': False}
n23_55 5 alpha H=[(3, 3)] 6 4 True 1 0 0.01 {'onecross': True, 'D_P': 5, 'D_Q': 5, 'eHB': 5, 'k0': 4, 'k1': 7, 'k44w': False}
n23_55 5 alpha H=[(3, 3)] 6 5 True 1 0 0.0 {'onecross': True, 'D_P': 6, 'D_Q': 6, 'eHB': 6, 'k0': 3, 'k1': 6, 'k44w': False}
n23_55 5 alpha H=[(3, 3)] 7 4 True 1 0 0.01 {'onecross': True, 'D_P': 5, 'D_Q': 5, 'eHB': 6, 'k0': 6, 'k1': 4, 'k44w': False}
n23_55 5 alpha H=[(3, 3)] 7 5 True 1 0 0.01 {'onecross': True, 'D_P': 6, 'D_Q': 6, 'eHB': 6, 'k0': 6, 'k1': 3, 'k44w': False}
n23_55 5 alpha H=[(3, 3)] 8 4 True 1 0 0.0 {'onecross': True, 'D_P': 5, 'D_Q': 5, 'eHB': 6, 'k0': 6, 'k1': 4, 'k44w': False}
n23_55 5 alpha H=[(3, 3)] 8 5 True 1 0 0.0 {'onecross': True, 'D_P': 6, 'D_Q': 6, 'eHB': 6, 'k0': 6, 'k1': 3, 'k44w': False}
n23_55 5 alpha H=[(3, 3)] 9 4 True 1 0 0.01 {'onecross': True, 'D_P': 5, 'D_Q': 5, 'eHB': 5, 'k0': 4, 'k1': 7, 'k44w': False}
n23_55 5 alpha H=[(3, 3)] 9 5 True 1 0 0.0 {'onecross': True, 'D_P': 6, 'D_Q': 6, 'eHB': 6, 'k0': 3, 'k1': 6, 'k44w': False}
n23_55 5 alpha H=[(3, 3)] 10 4 True 1 0 0.01 {'onecross': True, 'D_P': 5, 'D_Q': 5, 'eHB': 5, 'k0': 4, 'k1': 7, 'k44w': False}
n23_55 5 alpha H=[(3, 3)] 10 5 True 1 0 0.01 {'onecross': True, 'D_P': 6, 'D_Q': 6, 'eHB': 6, 'k0': 3, 'k1': 6, 'k44w': False}
n23_55 5 alpha H=[(3, 3)] 11 4 True 1 0 0.0 {'onecross': True, 'D_P': 5, 'D_Q': 5, 'eHB': 5, 'k0': 4, 'k1': 7, 'k44w': False}
n23_55 5 alpha H=[(3, 3)] 11 5 True 1 0 0.01 {'onecross': True, 'D_P': 6, 'D_Q': 6, 'eHB': 6, 'k0': 3, 'k1': 6, 'k44w': False}
n23_55 5 alpha H=[(3, 3)] 12 4 True 1 0 0.01 {'onecross': True, 'D_P': 5, 'D_Q': 5, 'eHB': 5, 'k0': 7, 'k1': 4, 'k44w': False}
n23_55 5 alpha H=[(3, 3)] 12 5 True 1 0 0.01 {'onecross': True, 'D_P': 6, 'D_Q': 6, 'eHB': 5, 'k0': 7, 'k1': 3, 'k44w': False}
n23_55 5 alpha H=[(3, 3)] 13 4 True 1 0 0.01 {'onecross': True, 'D_P': 5, 'D_Q': 5, 'eHB': 6, 'k0': 6, 'k1': 4, 'k44w': False}
n23_55 5 alpha H=[(3, 3)] 13 5 True 1 0 0.0 {'onecross': True, 'D_P': 6, 'D_Q': 6, 'eHB': 6, 'k0': 6, 'k1': 3, 'k44w': False}
n23_55 6 alpha H=[(4, 4)] 0 4 True 1 0 0.01 {'onecross': True, 'D_P': 5, 'D_Q': 5, 'eHB': 5, 'k0': 7, 'k1': 4, 'k44w': False}
n23_55 6 alpha H=[(4, 4)] 0 5 True 1 0 0.0 {'onecross': True, 'D_P': 6, 'D_Q': 6, 'eHB': 5, 'k0': 7, 'k1': 3, 'k44w': False}
n23_55 6 alpha H=[(4, 4)] 1 4 True 1 0 0.01 {'onecross': True, 'D_P': 5, 'D_Q': 5, 'eHB': 5, 'k0': 4, 'k1': 7, 'k44w': False}
n23_55 6 alpha H=[(4, 4)] 1 5 True 1 0 0.0 {'onecross': True, 'D_P': 6, 'D_Q': 6, 'eHB': 6, 'k0': 3, 'k1': 6, 'k44w': False}
n23_55 6 alpha H=[(4, 4)] 2 4 True 1 0 0.0 {'onecross': True, 'D_P': 5, 'D_Q': 5, 'eHB': 5, 'k0': 4, 'k1': 7, 'k44w': False}
n23_55 6 alpha H=[(4, 4)] 2 5 True 1 0 0.0 {'onecross': True, 'D_P': 6, 'D_Q': 6, 'eHB': 6, 'k0': 3, 'k1': 6, 'k44w': False}
n23_55 6 alpha H=[(4, 4)] 3 4 True 1 0 0.0 {'onecross': True, 'D_P': 5, 'D_Q': 5, 'eHB': 5, 'k0': 4, 'k1': 7, 'k44w': False}
n23_55 6 alpha H=[(4, 4)] 3 5 True 1 0 0.01 {'onecross': True, 'D_P': 6, 'D_Q': 6, 'eHB': 6, 'k0': 3, 'k1': 6, 'k44w': False}
n23_55 6 alpha H=[(4, 4)] 4 4 True 1 0 0.01 {'onecross': True, 'D_P': 5, 'D_Q': 5, 'eHB': 5, 'k0': 4, 'k1': 7, 'k44w': False}
n23_55 6 alpha H=[(4, 4)] 4 5 True 1 0 0.01 {'onecross': True, 'D_P': 6, 'D_Q': 6, 'eHB': 6, 'k0': 3, 'k1': 6, 'k44w': False}
n23_55 6 alpha H=[(4, 4)] 5 4 True 1 0 0.0 {'onecross': True, 'D_P': 5, 'D_Q': 5, 'eHB': 5, 'k0': 4, 'k1': 7, 'k44w': False}
n23_55 6 alpha H=[(4, 4)] 5 5 True 1 0 0.01 {'onecross': True, 'D_P': 6, 'D_Q': 6, 'eHB': 6, 'k0': 3, 'k1': 6, 'k44w': False}
n23_55 6 alpha H=[(4, 4)] 6 4 True 1 0 0.01 {'onecross': True, 'D_P': 5, 'D_Q': 5, 'eHB': 5, 'k0': 4, 'k1': 7, 'k44w': False}
n23_55 6 alpha H=[(4, 4)] 6 5 True 1 0 0.0 {'onecross': True, 'D_P': 6, 'D_Q': 6, 'eHB': 6, 'k0': 3, 'k1': 6, 'k44w': False}
n23_55 6 alpha H=[(4, 4)] 7 4 True 1 0 0.01 {'onecross': True, 'D_P': 5, 'D_Q': 5, 'eHB': 5, 'k0': 4, 'k1': 7, 'k44w': False}
n23_55 6 alpha H=[(4, 4)] 7 5 True 1 0 0.01 {'onecross': True, 'D_P': 6, 'D_Q': 6, 'eHB': 6, 'k0': 3, 'k1': 6, 'k44w': False}
n23_55 6 alpha H=[(4, 4)] 8 5 True 1 0 0.0 {'onecross': True, 'D_P': 6, 'D_Q': 6, 'eHB': 6, 'k0': 3, 'k1': 6, 'k44w': False}
n23_55 6 alpha H=[(4, 4)] 8 4 True 1 0 0.0 {'onecross': True, 'D_P': 5, 'D_Q': 5, 'eHB': 5, 'k0': 4, 'k1': 7, 'k44w': False}
n23_55 6 alpha H=[(4, 4)] 9 4 True 1 0 0.0 {'onecross': True, 'D_P': 5, 'D_Q': 5, 'eHB': 5, 'k0': 4, 'k1': 7, 'k44w': False}
n23_55 6 alpha H=[(4, 4)] 9 5 True 1 0 0.01 {'onecross': True, 'D_P': 6, 'D_Q': 6, 'eHB': 6, 'k0': 3, 'k1': 6, 'k44w': False}
n23_55 6 alpha H=[(4, 4)] 10 5 True 1 0 0.0 {'onecross': True, 'D_P': 6, 'D_Q': 6, 'eHB': 6, 'k0': 3, 'k1': 6, 'k44w': False}
n23_55 6 alpha H=[(4, 4)] 10 4 True 1 0 0.01 {'onecross': True, 'D_P': 5, 'D_Q': 5, 'eHB': 5, 'k0': 4, 'k1': 7, 'k44w': False}
n23_55 6 alpha H=[(4, 4)] 11 4 True 1 0 0.0 {'onecross': True, 'D_P': 5, 'D_Q': 5, 'eHB': 5, 'k0': 4, 'k1': 7, 'k44w': False}
n23_55 6 alpha H=[(4, 4)] 11 5 True 1 0 0.01 {'onecross': True, 'D_P': 6, 'D_Q': 6, 'eHB': 6, 'k0': 3, 'k1': 6, 'k44w': False}
n23_55 6 alpha H=[(4, 4)] 12 5 True 1 0 0.0 {'onecross': True, 'D_P': 6, 'D_Q': 6, 'eHB': 6, 'k0': 3, 'k1': 6, 'k44w': False}
n23_55 6 alpha H=[(4, 4)] 12 4 True 1 0 0.01 {'onecross': True, 'D_P': 5, 'D_Q': 5, 'eHB': 5, 'k0': 4, 'k1': 7, 'k44w': False}
n23_55 6 alpha H=[(4, 4)] 13 4 True 1 0 0.0 {'onecross': True, 'D_P': 5, 'D_Q': 5, 'eHB': 6, 'k0': 6, 'k1': 4, 'k44w': False}
n23_55 6 alpha H=[(4, 4)] 13 5 True 1 0 0.0 {'onecross': True, 'D_P': 6, 'D_Q': 6, 'eHB': 6, 'k0': 6, 'k1': 3, 'k44w': False}
n23_55 7 alpha H=[(0, 0), (0, 1)] 0 4 True 1 0 0.0 {'onecross': True, 'D_P': 5, 'D_Q': 5, 'eHB': 5, 'k0': 7, 'k1': 3, 'k44w': False}
n23_55 7 alpha H=[(0, 0), (0, 1)] 0 5 True 1 0 0.0 {'onecross': True, 'D_P': 6, 'D_Q': 6, 'eHB': 5, 'k0': 7, 'k1': 2, 'k44w': False}
n23_55 7 alpha H=[(0, 0), (0, 1)] 1 4 True 1 0 0.0 {'onecross': True, 'D_P': 5, 'D_Q': 5, 'eHB': 6, 'k0': 6, 'k1': 3, 'k44w': False}
n23_55 7 alpha H=[(0, 0), (0, 1)] 1 5 True 1 0 0.01 {'onecross': True, 'D_P': 6, 'D_Q': 6, 'eHB': 6, 'k0': 2, 'k1': 6, 'k44w': False}
n23_55 7 alpha H=[(0, 0), (0, 1)] 2 4 True 1 0 0.01 {'onecross': True, 'D_P': 5, 'D_Q': 5, 'eHB': 6, 'k0': 3, 'k1': 6, 'k44w': False}
n23_55 7 alpha H=[(0, 0), (0, 1)] 2 5 True 1 0 0.0 {'onecross': True, 'D_P': 6, 'D_Q': 6, 'eHB': 5, 'k0': 2, 'k1': 7, 'k44w': False}
n23_55 7 alpha H=[(0, 0), (0, 1)] 3 4 True 1 0 0.01 {'onecross': True, 'D_P': 5, 'D_Q': 5, 'eHB': 6, 'k0': 3, 'k1': 6, 'k44w': False}
n23_55 7 alpha H=[(0, 0), (0, 1)] 3 5 True 1 0 0.01 {'onecross': True, 'D_P': 6, 'D_Q': 6, 'eHB': 6, 'k0': 2, 'k1': 6, 'k44w': False}
n23_55 7 alpha H=[(0, 0), (0, 1)] 4 4 True 1 0 0.0 {'onecross': True, 'D_P': 5, 'D_Q': 5, 'eHB': 6, 'k0': 6, 'k1': 3, 'k44w': False}
n23_55 7 alpha H=[(0, 0), (0, 1)] 4 5 True 1 0 0.01 {'onecross': True, 'D_P': 6, 'D_Q': 6, 'eHB': 6, 'k0': 6, 'k1': 2, 'k44w': False}
n23_55 7 alpha H=[(0, 0), (0, 1)] 5 4 True 1 0 0.0 {'onecross': True, 'D_P': 5, 'D_Q': 5, 'eHB': 6, 'k0': 6, 'k1': 3, 'k44w': False}
n23_55 7 alpha H=[(0, 0), (0, 1)] 5 5 True 1 0 0.01 {'onecross': True, 'D_P': 6, 'D_Q': 6, 'eHB': 6, 'k0': 6, 'k1': 2, 'k44w': False}
n23_55 7 alpha H=[(0, 0), (0, 1)] 6 4 True 1 0 0.0 {'onecross': True, 'D_P': 5, 'D_Q': 5, 'eHB': 6, 'k0': 3, 'k1': 6, 'k44w': False}
n23_55 7 alpha H=[(0, 0), (0, 1)] 6 5 True 1 0 0.0 {'onecross': True, 'D_P': 6, 'D_Q': 6, 'eHB': 6, 'k0': 2, 'k1': 6, 'k44w': False}
n23_55 7 alpha H=[(0, 0), (0, 1)] 7 4 True 1 0 0.01 {'onecross': True, 'D_P': 5, 'D_Q': 5, 'eHB': 6, 'k0': 6, 'k1': 3, 'k44w': False}
n23_55 7 alpha H=[(0, 0), (0, 1)] 7 5 True 1 0 0.0 {'onecross': True, 'D_P': 6, 'D_Q': 6, 'eHB': 6, 'k0': 6, 'k1': 2, 'k44w': False}
n23_55 7 alpha H=[(0, 0), (0, 1)] 8 4 True 1 0 0.01 {'onecross': True, 'D_P': 5, 'D_Q': 5, 'eHB': 6, 'k0': 6, 'k1': 3, 'k44w': False}
n23_55 7 alpha H=[(0, 0), (0, 1)] 8 5 True 1 0 0.01 {'onecross': True, 'D_P': 6, 'D_Q': 6, 'eHB': 6, 'k0': 6, 'k1': 2, 'k44w': False}
n23_55 7 alpha H=[(0, 0), (0, 1)] 9 4 True 1 0 0.01 {'onecross': True, 'D_P': 5, 'D_Q': 5, 'eHB': 6, 'k0': 3, 'k1': 6, 'k44w': False}
n23_55 7 alpha H=[(0, 0), (0, 1)] 9 5 True 1 0 0.01 {'onecross': True, 'D_P': 6, 'D_Q': 6, 'eHB': 6, 'k0': 2, 'k1': 6, 'k44w': False}
n23_55 7 alpha H=[(0, 0), (0, 1)] 10 4 True 1 0 0.01 {'onecross': True, 'D_P': 5, 'D_Q': 5, 'eHB': 6, 'k0': 3, 'k1': 6, 'k44w': False}
n23_55 7 alpha H=[(0, 0), (0, 1)] 10 5 True 1 0 0.01 {'onecross': True, 'D_P': 6, 'D_Q': 6, 'eHB': 6, 'k0': 2, 'k1': 6, 'k44w': False}
n23_55 7 alpha H=[(0, 0), (0, 1)] 11 4 True 1 0 0.01 {'onecross': True, 'D_P': 5, 'D_Q': 5, 'eHB': 6, 'k0': 3, 'k1': 6, 'k44w': False}
n23_55 7 alpha H=[(0, 0), (0, 1)] 11 5 True 1 0 0.01 {'onecross': True, 'D_P': 6, 'D_Q': 6, 'eHB': 6, 'k0': 2, 'k1': 6, 'k44w': False}
n23_55 7 alpha H=[(0, 0), (0, 1)] 12 4 True 1 0 0.01 {'onecross': True, 'D_P': 5, 'D_Q': 5, 'eHB': 5, 'k0': 7, 'k1': 3, 'k44w': False}
n23_55 7 alpha H=[(0, 0), (0, 1)] 12 5 True 1 0 0.01 {'onecross': True, 'D_P': 6, 'D_Q': 6, 'eHB': 5, 'k0': 7, 'k1': 2, 'k44w': False}
n23_55 7 alpha H=[(0, 0), (0, 1)] 13 4 True 1 0 0.01 {'onecross': True, 'D_P': 5, 'D_Q': 5, 'eHB': 6, 'k0': 6, 'k1': 3, 'k44w': False}
n23_55 7 alpha H=[(0, 0), (0, 1)] 13 5 True 1 0 0.01 {'onecross': True, 'D_P': 6, 'D_Q': 6, 'eHB': 6, 'k0': 6, 'k1': 2, 'k44w': False}
n23_55 8 alpha H=[(0, 0), (1, 0)] 0 4 True 1 0 0.01 {'onecross': True, 'D_P': 5, 'D_Q': 5, 'eHB': 5, 'k0': 7, 'k1': 3, 'k44w': False}
n23_55 8 alpha H=[(0, 0), (1, 0)] 0 5 True 1 0 0.01 {'onecross': True, 'D_P': 6, 'D_Q': 6, 'eHB': 5, 'k0': 7, 'k1': 2, 'k44w': False}
n23_55 8 alpha H=[(0, 0), (1, 0)] 1 4 True 1 0 0.01 {'onecross': True, 'D_P': 5, 'D_Q': 5, 'eHB': 6, 'k0': 3, 'k1': 6, 'k44w': False}
n23_55 8 alpha H=[(0, 0), (1, 0)] 1 5 True 1 0 0.01 {'onecross': True, 'D_P': 6, 'D_Q': 6, 'eHB': 6, 'k0': 3, 'k1': 5, 'k44w': False}
n23_55 8 alpha H=[(0, 0), (1, 0)] 2 5 True 1 0 0.01 {'onecross': True, 'D_P': 6, 'D_Q': 6, 'eHB': 6, 'k0': 3, 'k1': 5, 'k44w': False}
n23_55 8 alpha H=[(0, 0), (1, 0)] 2 4 True 1 0 0.01 {'onecross': True, 'D_P': 5, 'D_Q': 5, 'eHB': 6, 'k0': 3, 'k1': 6, 'k44w': False}
n23_55 8 alpha H=[(0, 0), (1, 0)] 3 4 True 1 0 0.0 {'onecross': True, 'D_P': 5, 'D_Q': 5, 'eHB': 6, 'k0': 3, 'k1': 6, 'k44w': False}
n23_55 8 alpha H=[(0, 0), (1, 0)] 3 5 True 1 0 0.0 {'onecross': True, 'D_P': 6, 'D_Q': 6, 'eHB': 6, 'k0': 3, 'k1': 5, 'k44w': False}
n23_55 8 alpha H=[(0, 0), (1, 0)] 4 4 True 1 0 0.01 {'onecross': True, 'D_P': 5, 'D_Q': 5, 'eHB': 6, 'k0': 3, 'k1': 6, 'k44w': False}
n23_55 8 alpha H=[(0, 0), (1, 0)] 4 5 True 1 0 0.01 {'onecross': True, 'D_P': 6, 'D_Q': 6, 'eHB': 6, 'k0': 3, 'k1': 5, 'k44w': False}
n23_55 8 alpha H=[(0, 0), (1, 0)] 5 4 True 1 0 0.01 {'onecross': True, 'D_P': 5, 'D_Q': 5, 'eHB': 6, 'k0': 3, 'k1': 6, 'k44w': False}
n23_55 8 alpha H=[(0, 0), (1, 0)] 5 5 True 1 0 0.01 {'onecross': True, 'D_P': 6, 'D_Q': 6, 'eHB': 6, 'k0': 3, 'k1': 5, 'k44w': False}
n23_55 8 alpha H=[(0, 0), (1, 0)] 6 4 True 1 0 0.0 {'onecross': True, 'D_P': 5, 'D_Q': 5, 'eHB': 6, 'k0': 3, 'k1': 6, 'k44w': False}
n23_55 8 alpha H=[(0, 0), (1, 0)] 6 5 True 1 0 0.01 {'onecross': True, 'D_P': 6, 'D_Q': 6, 'eHB': 6, 'k0': 3, 'k1': 5, 'k44w': False}
n23_55 8 alpha H=[(0, 0), (1, 0)] 7 4 True 1 0 0.0 {'onecross': True, 'D_P': 5, 'D_Q': 5, 'eHB': 6, 'k0': 3, 'k1': 6, 'k44w': False}
n23_55 8 alpha H=[(0, 0), (1, 0)] 7 5 True 1 0 0.01 {'onecross': True, 'D_P': 6, 'D_Q': 6, 'eHB': 6, 'k0': 3, 'k1': 5, 'k44w': False}
n23_55 8 alpha H=[(0, 0), (1, 0)] 8 4 True 1 0 0.0 {'onecross': True, 'D_P': 5, 'D_Q': 5, 'eHB': 6, 'k0': 3, 'k1': 6, 'k44w': False}
n23_55 8 alpha H=[(0, 0), (1, 0)] 9 4 True 1 0 0.01 {'onecross': True, 'D_P': 5, 'D_Q': 5, 'eHB': 6, 'k0': 3, 'k1': 6, 'k44w': False}
n23_55 8 alpha H=[(0, 0), (1, 0)] 8 5 True 1 0 0.01 {'onecross': True, 'D_P': 6, 'D_Q': 6, 'eHB': 6, 'k0': 3, 'k1': 5, 'k44w': False}
n23_55 8 alpha H=[(0, 0), (1, 0)] 9 5 True 1 0 0.01 {'onecross': True, 'D_P': 6, 'D_Q': 6, 'eHB': 6, 'k0': 3, 'k1': 5, 'k44w': False}
n23_55 8 alpha H=[(0, 0), (1, 0)] 10 4 True 1 0 0.01 {'onecross': True, 'D_P': 5, 'D_Q': 5, 'eHB': 6, 'k0': 3, 'k1': 6, 'k44w': False}
n23_55 8 alpha H=[(0, 0), (1, 0)] 11 4 True 1 0 0.01 {'onecross': True, 'D_P': 5, 'D_Q': 5, 'eHB': 6, 'k0': 3, 'k1': 6, 'k44w': False}
n23_55 8 alpha H=[(0, 0), (1, 0)] 10 5 True 1 0 0.01 {'onecross': True, 'D_P': 6, 'D_Q': 6, 'eHB': 6, 'k0': 3, 'k1': 5, 'k44w': False}
n23_55 8 alpha H=[(0, 0), (1, 0)] 11 5 True 1 0 0.01 {'onecross': True, 'D_P': 6, 'D_Q': 6, 'eHB': 6, 'k0': 3, 'k1': 5, 'k44w': False}
n23_55 8 alpha H=[(0, 0), (1, 0)] 12 4 True 1 0 0.01 {'onecross': True, 'D_P': 5, 'D_Q': 5, 'eHB': 5, 'k0': 7, 'k1': 3, 'k44w': False}
n23_55 8 alpha H=[(0, 0), (1, 0)] 12 5 True 1 0 0.0 {'onecross': True, 'D_P': 6, 'D_Q': 6, 'eHB': 5, 'k0': 7, 'k1': 2, 'k44w': False}
n23_55 8 alpha H=[(0, 0), (1, 0)] 13 4 True 1 0 0.01 {'onecross': True, 'D_P': 5, 'D_Q': 5, 'eHB': 6, 'k0': 6, 'k1': 3, 'k44w': False}
n23_55 8 alpha H=[(0, 0), (1, 0)] 13 5 True 1 0 0.01 {'onecross': True, 'D_P': 6, 'D_Q': 6, 'eHB': 6, 'k0': 6, 'k1': 2, 'k44w': False}
n23_55 9 alpha H=[(0, 0), (2, 2)] 0 4 True 1 0 0.0 {'onecross': True, 'D_P': 5, 'D_Q': 5, 'eHB': 5, 'k0': 7, 'k1': 3, 'k44w': False}
n23_55 9 alpha H=[(0, 0), (2, 2)] 0 5 True 1 0 0.01 {'onecross': True, 'D_P': 6, 'D_Q': 6, 'eHB': 5, 'k0': 7, 'k1': 2, 'k44w': False}
n23_55 9 alpha H=[(0, 0), (2, 2)] 1 4 True 1 0 0.01 {'onecross': True, 'D_P': 5, 'D_Q': 5, 'eHB': 6, 'k0': 3, 'k1': 6, 'k44w': False}
n23_55 9 alpha H=[(0, 0), (2, 2)] 1 5 True 1 0 0.01 {'onecross': True, 'D_P': 6, 'D_Q': 6, 'eHB': 6, 'k0': 2, 'k1': 6, 'k44w': False}
n23_55 9 alpha H=[(0, 0), (2, 2)] 2 4 True 1 0 0.01 {'onecross': True, 'D_P': 5, 'D_Q': 5, 'eHB': 6, 'k0': 3, 'k1': 6, 'k44w': False}
n23_55 9 alpha H=[(0, 0), (2, 2)] 2 5 True 1 0 0.01 {'onecross': True, 'D_P': 6, 'D_Q': 6, 'eHB': 6, 'k0': 2, 'k1': 6, 'k44w': False}
n23_55 9 alpha H=[(0, 0), (2, 2)] 3 4 True 1 0 0.01 {'onecross': True, 'D_P': 5, 'D_Q': 5, 'eHB': 6, 'k0': 3, 'k1': 6, 'k44w': False}
n23_55 9 alpha H=[(0, 0), (2, 2)] 3 5 True 1 0 0.01 {'onecross': True, 'D_P': 6, 'D_Q': 6, 'eHB': 6, 'k0': 2, 'k1': 6, 'k44w': False}
n23_55 9 alpha H=[(0, 0), (2, 2)] 4 4 True 1 0 0.01 {'onecross': True, 'D_P': 5, 'D_Q': 5, 'eHB': 6, 'k0': 3, 'k1': 6, 'k44w': False}
n23_55 9 alpha H=[(0, 0), (2, 2)] 4 5 True 1 0 0.0 {'onecross': True, 'D_P': 6, 'D_Q': 6, 'eHB': 5, 'k0': 2, 'k1': 7, 'k44w': False}
n23_55 9 alpha H=[(0, 0), (2, 2)] 5 4 True 1 0 0.0 {'onecross': True, 'D_P': 5, 'D_Q': 5, 'eHB': 6, 'k0': 3, 'k1': 6, 'k44w': False}
n23_55 9 alpha H=[(0, 0), (2, 2)] 5 5 True 1 0 0.0 {'onecross': True, 'D_P': 6, 'D_Q': 6, 'eHB': 6, 'k0': 2, 'k1': 6, 'k44w': False}
n23_55 9 alpha H=[(0, 0), (2, 2)] 6 4 True 1 0 0.0 {'onecross': True, 'D_P': 5, 'D_Q': 5, 'eHB': 6, 'k0': 3, 'k1': 6, 'k44w': False}
n23_55 9 alpha H=[(0, 0), (2, 2)] 6 5 True 1 0 0.01 {'onecross': True, 'D_P': 6, 'D_Q': 6, 'eHB': 6, 'k0': 2, 'k1': 6, 'k44w': False}
n23_55 9 alpha H=[(0, 0), (2, 2)] 7 4 True 1 0 0.01 {'onecross': True, 'D_P': 5, 'D_Q': 5, 'eHB': 6, 'k0': 3, 'k1': 6, 'k44w': False}
n23_55 9 alpha H=[(0, 0), (2, 2)] 8 4 True 1 0 0.0 {'onecross': True, 'D_P': 5, 'D_Q': 5, 'eHB': 6, 'k0': 3, 'k1': 6, 'k44w': False}
n23_55 9 alpha H=[(0, 0), (2, 2)] 7 5 True 1 0 0.01 {'onecross': True, 'D_P': 6, 'D_Q': 6, 'eHB': 6, 'k0': 2, 'k1': 6, 'k44w': False}
n23_55 9 alpha H=[(0, 0), (2, 2)] 8 5 True 1 0 0.01 {'onecross': True, 'D_P': 6, 'D_Q': 6, 'eHB': 6, 'k0': 2, 'k1': 6, 'k44w': False}
n23_55 9 alpha H=[(0, 0), (2, 2)] 9 4 True 1 0 0.01 {'onecross': True, 'D_P': 5, 'D_Q': 5, 'eHB': 6, 'k0': 3, 'k1': 6, 'k44w': False}
n23_55 9 alpha H=[(0, 0), (2, 2)] 9 5 True 1 0 0.01 {'onecross': True, 'D_P': 6, 'D_Q': 6, 'eHB': 6, 'k0': 2, 'k1': 6, 'k44w': False}
n23_55 9 alpha H=[(0, 0), (2, 2)] 10 4 True 1 0 0.01 {'onecross': True, 'D_P': 5, 'D_Q': 5, 'eHB': 6, 'k0': 3, 'k1': 6, 'k44w': False}
n23_55 9 alpha H=[(0, 0), (2, 2)] 10 5 True 1 0 0.0 {'onecross': True, 'D_P': 6, 'D_Q': 6, 'eHB': 6, 'k0': 2, 'k1': 6, 'k44w': False}
n23_55 9 alpha H=[(0, 0), (2, 2)] 11 4 True 1 0 0.01 {'onecross': True, 'D_P': 5, 'D_Q': 5, 'eHB': 6, 'k0': 3, 'k1': 6, 'k44w': False}
n23_55 9 alpha H=[(0, 0), (2, 2)] 11 5 True 1 0 0.01 {'onecross': True, 'D_P': 6, 'D_Q': 6, 'eHB': 6, 'k0': 2, 'k1': 6, 'k44w': False}
n23_55 9 alpha H=[(0, 0), (2, 2)] 12 4 True 1 0 0.01 {'onecross': True, 'D_P': 5, 'D_Q': 5, 'eHB': 5, 'k0': 7, 'k1': 3, 'k44w': False}
n23_55 9 alpha H=[(0, 0), (2, 2)] 12 5 True 1 0 0.01 {'onecross': True, 'D_P': 6, 'D_Q': 6, 'eHB': 5, 'k0': 7, 'k1': 2, 'k44w': False}
n23_55 9 alpha H=[(0, 0), (2, 2)] 13 4 True 1 0 0.0 {'onecross': True, 'D_P': 5, 'D_Q': 5, 'eHB': 6, 'k0': 6, 'k1': 3, 'k44w': False}
n23_55 9 alpha H=[(0, 0), (2, 2)] 13 5 True 1 0 0.0 {'onecross': True, 'D_P': 6, 'D_Q': 6, 'eHB': 6, 'k0': 6, 'k1': 2, 'k44w': False}
n23_55 10 alpha H=[(0, 0), (3, 3)] 0 4 True 1 0 0.0 {'onecross': True, 'D_P': 5, 'D_Q': 5, 'eHB': 5, 'k0': 7, 'k1': 3, 'k44w': False}
n23_55 10 alpha H=[(0, 0), (3, 3)] 0 5 True 1 0 0.01 {'onecross': True, 'D_P': 6, 'D_Q': 6, 'eHB': 5, 'k0': 7, 'k1': 2, 'k44w': False}
n23_55 10 alpha H=[(0, 0), (3, 3)] 1 4 True 1 0 0.01 {'onecross': True, 'D_P': 5, 'D_Q': 5, 'eHB': 6, 'k0': 6, 'k1': 3, 'k44w': False}
n23_55 10 alpha H=[(0, 0), (3, 3)] 1 5 True 1 0 0.0 {'onecross': True, 'D_P': 6, 'D_Q': 6, 'eHB': 6, 'k0': 2, 'k1': 6, 'k44w': False}
n23_55 10 alpha H=[(0, 0), (3, 3)] 2 4 True 1 0 0.01 {'onecross': True, 'D_P': 5, 'D_Q': 5, 'eHB': 8, 'k0': 4, 'k1': 3, 'k44w': False}
n23_55 10 alpha H=[(0, 0), (3, 3)] 2 5 True 1 0 0.01 {'onecross': True, 'D_P': 6, 'D_Q': 6, 'eHB': 8, 'k0': 4, 'k1': 2, 'k44w': False}
n23_55 10 alpha H=[(0, 0), (3, 3)] 3 4 True 1 0 0.01 {'onecross': True, 'D_P': 5, 'D_Q': 5, 'eHB': 8, 'k0': 4, 'k1': 3, 'k44w': False}
n23_55 10 alpha H=[(0, 0), (3, 3)] 3 5 True 1 0 0.01 {'onecross': True, 'D_P': 6, 'D_Q': 6, 'eHB': 8, 'k0': 4, 'k1': 2, 'k44w': False}
n23_55 10 alpha H=[(0, 0), (3, 3)] 4 4 True 1 0 0.01 {'onecross': True, 'D_P': 5, 'D_Q': 5, 'eHB': 6, 'k0': 6, 'k1': 3, 'k44w': False}
n23_55 10 alpha H=[(0, 0), (3, 3)] 5 4 True 1 0 0.0 {'onecross': True, 'D_P': 5, 'D_Q': 5, 'eHB': 6, 'k0': 6, 'k1': 3, 'k44w': False}
n23_55 10 alpha H=[(0, 0), (3, 3)] 4 5 True 1 0 0.01 {'onecross': True, 'D_P': 6, 'D_Q': 6, 'eHB': 6, 'k0': 6, 'k1': 2, 'k44w': False}
n23_55 10 alpha H=[(0, 0), (3, 3)] 5 5 True 1 0 0.01 {'onecross': True, 'D_P': 6, 'D_Q': 6, 'eHB': 6, 'k0': 6, 'k1': 2, 'k44w': False}
n23_55 10 alpha H=[(0, 0), (3, 3)] 6 4 True 1 0 0.0 {'onecross': True, 'D_P': 5, 'D_Q': 5, 'eHB': 8, 'k0': 4, 'k1': 3, 'k44w': False}
n23_55 10 alpha H=[(0, 0), (3, 3)] 6 5 True 1 0 0.01 {'onecross': True, 'D_P': 6, 'D_Q': 6, 'eHB': 8, 'k0': 4, 'k1': 2, 'k44w': False}
n23_55 10 alpha H=[(0, 0), (3, 3)] 7 4 True 1 0 0.01 {'onecross': True, 'D_P': 5, 'D_Q': 5, 'eHB': 6, 'k0': 6, 'k1': 3, 'k44w': False}
n23_55 10 alpha H=[(0, 0), (3, 3)] 7 5 True 1 0 0.01 {'onecross': True, 'D_P': 6, 'D_Q': 6, 'eHB': 6, 'k0': 6, 'k1': 2, 'k44w': False}
n23_55 10 alpha H=[(0, 0), (3, 3)] 8 4 True 1 0 0.01 {'onecross': True, 'D_P': 5, 'D_Q': 5, 'eHB': 6, 'k0': 6, 'k1': 3, 'k44w': False}
n23_55 10 alpha H=[(0, 0), (3, 3)] 8 5 True 1 0 0.01 {'onecross': True, 'D_P': 6, 'D_Q': 6, 'eHB': 6, 'k0': 6, 'k1': 2, 'k44w': False}
n23_55 10 alpha H=[(0, 0), (3, 3)] 9 4 True 1 0 0.01 {'onecross': True, 'D_P': 5, 'D_Q': 5, 'eHB': 8, 'k0': 4, 'k1': 3, 'k44w': False}
n23_55 10 alpha H=[(0, 0), (3, 3)] 9 5 True 1 0 0.01 {'onecross': True, 'D_P': 6, 'D_Q': 6, 'eHB': 8, 'k0': 4, 'k1': 2, 'k44w': False}
n23_55 10 alpha H=[(0, 0), (3, 3)] 10 4 True 1 0 0.01 {'onecross': True, 'D_P': 5, 'D_Q': 5, 'eHB': 8, 'k0': 4, 'k1': 3, 'k44w': False}
n23_55 10 alpha H=[(0, 0), (3, 3)] 10 5 True 1 0 0.0 {'onecross': True, 'D_P': 6, 'D_Q': 6, 'eHB': 8, 'k0': 4, 'k1': 2, 'k44w': False}
n23_55 10 alpha H=[(0, 0), (3, 3)] 11 4 True 1 0 0.0 {'onecross': True, 'D_P': 5, 'D_Q': 5, 'eHB': 8, 'k0': 4, 'k1': 3, 'k44w': False}
n23_55 10 alpha H=[(0, 0), (3, 3)] 11 5 True 1 0 0.01 {'onecross': True, 'D_P': 6, 'D_Q': 6, 'eHB': 8, 'k0': 4, 'k1': 2, 'k44w': False}
n23_55 10 alpha H=[(0, 0), (3, 3)] 12 4 True 1 0 0.01 {'onecross': True, 'D_P': 5, 'D_Q': 5, 'eHB': 5, 'k0': 7, 'k1': 3, 'k44w': False}
n23_55 10 alpha H=[(0, 0), (3, 3)] 12 5 True 1 0 0.01 {'onecross': True, 'D_P': 6, 'D_Q': 6, 'eHB': 5, 'k0': 7, 'k1': 2, 'k44w': False}
n23_55 10 alpha H=[(0, 0), (3, 3)] 13 4 True 1 0 0.01 {'onecross': True, 'D_P': 5, 'D_Q': 5, 'eHB': 6, 'k0': 6, 'k1': 3, 'k44w': False}
n23_55 10 alpha H=[(0, 0), (3, 3)] 13 5 True 1 0 0.0 {'onecross': True, 'D_P': 6, 'D_Q': 6, 'eHB': 6, 'k0': 6, 'k1': 2, 'k44w': False}
n23_55 11 alpha H=[(0, 0), (4, 4)] 0 4 True 1 0 0.01 {'onecross': True, 'D_P': 5, 'D_Q': 5, 'eHB': 5, 'k0': 7, 'k1': 3, 'k44w': False}
n23_55 11 alpha H=[(0, 0), (4, 4)] 0 5 True 1 0 0.01 {'onecross': True, 'D_P': 6, 'D_Q': 6, 'eHB': 5, 'k0': 7, 'k1': 2, 'k44w': False}
n23_55 11 alpha H=[(0, 0), (4, 4)] 1 4 True 1 0 0.01 {'onecross': True, 'D_P': 5, 'D_Q': 5, 'eHB': 6, 'k0': 3, 'k1': 6, 'k44w': False}
n23_55 11 alpha H=[(0, 0), (4, 4)] 1 5 True 1 0 0.01 {'onecross': True, 'D_P': 6, 'D_Q': 6, 'eHB': 6, 'k0': 2, 'k1': 6, 'k44w': False}
n23_55 11 alpha H=[(0, 0), (4, 4)] 2 4 True 1 0 0.01 {'onecross': True, 'D_P': 5, 'D_Q': 5, 'eHB': 8, 'k0': 4, 'k1': 3, 'k44w': False}
n23_55 11 alpha H=[(0, 0), (4, 4)] 2 5 True 1 0 0.01 {'onecross': True, 'D_P': 6, 'D_Q': 6, 'eHB': 8, 'k0': 4, 'k1': 2, 'k44w': False}
n23_55 11 alpha H=[(0, 0), (4, 4)] 3 4 True 1 0 0.0 {'onecross': True, 'D_P': 5, 'D_Q': 5, 'eHB': 8, 'k0': 4, 'k1': 3, 'k44w': False}
n23_55 11 alpha H=[(0, 0), (4, 4)] 3 5 True 1 0 0.01 {'onecross': True, 'D_P': 6, 'D_Q': 6, 'eHB': 8, 'k0': 4, 'k1': 2, 'k44w': False}
n23_55 11 alpha H=[(0, 0), (4, 4)] 4 4 True 1 0 0.01 {'onecross': True, 'D_P': 5, 'D_Q': 5, 'eHB': 6, 'k0': 3, 'k1': 6, 'k44w': False}
n23_55 11 alpha H=[(0, 0), (4, 4)] 4 5 True 1 0 0.0 {'onecross': True, 'D_P': 6, 'D_Q': 6, 'eHB': 5, 'k0': 2, 'k1': 7, 'k44w': False}
n23_55 11 alpha H=[(0, 0), (4, 4)] 5 4 True 1 0 0.01 {'onecross': True, 'D_P': 5, 'D_Q': 5, 'eHB': 6, 'k0': 3, 'k1': 6, 'k44w': False}
n23_55 11 alpha H=[(0, 0), (4, 4)] 5 5 True 1 0 0.0 {'onecross': True, 'D_P': 6, 'D_Q': 6, 'eHB': 6, 'k0': 2, 'k1': 6, 'k44w': False}
n23_55 11 alpha H=[(0, 0), (4, 4)] 6 4 True 1 0 0.01 {'onecross': True, 'D_P': 5, 'D_Q': 5, 'eHB': 8, 'k0': 4, 'k1': 3, 'k44w': False}
n23_55 11 alpha H=[(0, 0), (4, 4)] 6 5 True 1 0 0.01 {'onecross': True, 'D_P': 6, 'D_Q': 6, 'eHB': 8, 'k0': 4, 'k1': 2, 'k44w': False}
n23_55 11 alpha H=[(0, 0), (4, 4)] 7 4 True 1 0 0.01 {'onecross': True, 'D_P': 5, 'D_Q': 5, 'eHB': 6, 'k0': 3, 'k1': 6, 'k44w': False}
n23_55 11 alpha H=[(0, 0), (4, 4)] 7 5 True 1 0 0.01 {'onecross': True, 'D_P': 6, 'D_Q': 6, 'eHB': 6, 'k0': 2, 'k1': 6, 'k44w': False}
n23_55 11 alpha H=[(0, 0), (4, 4)] 8 4 True 1 0 0.01 {'onecross': True, 'D_P': 5, 'D_Q': 5, 'eHB': 6, 'k0': 3, 'k1': 6, 'k44w': False}
n23_55 11 alpha H=[(0, 0), (4, 4)] 8 5 True 1 0 0.01 {'onecross': True, 'D_P': 6, 'D_Q': 6, 'eHB': 6, 'k0': 2, 'k1': 6, 'k44w': False}
n23_55 11 alpha H=[(0, 0), (4, 4)] 9 4 True 1 0 0.01 {'onecross': True, 'D_P': 5, 'D_Q': 5, 'eHB': 8, 'k0': 4, 'k1': 3, 'k44w': False}
n23_55 11 alpha H=[(0, 0), (4, 4)] 9 5 True 1 0 0.01 {'onecross': True, 'D_P': 6, 'D_Q': 6, 'eHB': 8, 'k0': 4, 'k1': 2, 'k44w': False}
n23_55 11 alpha H=[(0, 0), (4, 4)] 10 4 True 1 0 0.0 {'onecross': True, 'D_P': 5, 'D_Q': 5, 'eHB': 8, 'k0': 4, 'k1': 3, 'k44w': False}
n23_55 11 alpha H=[(0, 0), (4, 4)] 10 5 True 1 0 0.01 {'onecross': True, 'D_P': 6, 'D_Q': 6, 'eHB': 8, 'k0': 4, 'k1': 2, 'k44w': False}
n23_55 11 alpha H=[(0, 0), (4, 4)] 11 4 True 1 0 0.01 {'onecross': True, 'D_P': 5, 'D_Q': 5, 'eHB': 8, 'k0': 4, 'k1': 3, 'k44w': False}
n23_55 11 alpha H=[(0, 0), (4, 4)] 11 5 True 1 0 0.01 {'onecross': True, 'D_P': 6, 'D_Q': 6, 'eHB': 8, 'k0': 4, 'k1': 2, 'k44w': False}
n23_55 11 alpha H=[(0, 0), (4, 4)] 12 5 True 1 0 0.0 {'onecross': True, 'D_P': 6, 'D_Q': 6, 'eHB': 5, 'k0': 7, 'k1': 2, 'k44w': False}
n23_55 11 alpha H=[(0, 0), (4, 4)] 12 4 True 1 0 0.01 {'onecross': True, 'D_P': 5, 'D_Q': 5, 'eHB': 5, 'k0': 7, 'k1': 3, 'k44w': False}
n23_55 11 alpha H=[(0, 0), (4, 4)] 13 4 True 1 0 0.01 {'onecross': True, 'D_P': 5, 'D_Q': 5, 'eHB': 6, 'k0': 6, 'k1': 3, 'k44w': False}
n23_55 11 alpha H=[(0, 0), (4, 4)] 13 5 True 1 0 0.0 {'onecross': True, 'D_P': 6, 'D_Q': 6, 'eHB': 6, 'k0': 6, 'k1': 2, 'k44w': False}
n23_55 12 alpha H=[(0, 1), (1, 0)] 0 5 True 1 0 0.01 {'onecross': True, 'D_P': 6, 'D_Q': 6, 'eHB': 5, 'k0': 7, 'k1': 2, 'k44w': False}
n23_55 12 alpha H=[(0, 1), (1, 0)] 0 4 True 1 0 0.01 {'onecross': True, 'D_P': 5, 'D_Q': 5, 'eHB': 5, 'k0': 7, 'k1': 3, 'k44w': False}
n23_55 12 alpha H=[(0, 1), (1, 0)] 1 4 True 1 0 0.01 {'onecross': True, 'D_P': 5, 'D_Q': 5, 'eHB': 6, 'k0': 6, 'k1': 3, 'k44w': False}
n23_55 12 alpha H=[(0, 1), (1, 0)] 1 5 True 1 0 0.01 {'onecross': True, 'D_P': 6, 'D_Q': 6, 'eHB': 6, 'k0': 2, 'k1': 6, 'k44w': False}
n23_55 12 alpha H=[(0, 1), (1, 0)] 2 4 True 1 0 0.0 {'onecross': True, 'D_P': 5, 'D_Q': 5, 'eHB': 6, 'k0': 3, 'k1': 6, 'k44w': False}
n23_55 12 alpha H=[(0, 1), (1, 0)] 2 5 True 1 0 0.01 {'onecross': True, 'D_P': 6, 'D_Q': 6, 'eHB': 6, 'k0': 2, 'k1': 6, 'k44w': False}
n23_55 12 alpha H=[(0, 1), (1, 0)] 3 4 True 1 0 0.0 {'onecross': True, 'D_P': 5, 'D_Q': 5, 'eHB': 6, 'k0': 3, 'k1': 6, 'k44w': False}
n23_55 12 alpha H=[(0, 1), (1, 0)] 3 5 True 1 0 0.01 {'onecross': True, 'D_P': 6, 'D_Q': 6, 'eHB': 6, 'k0': 2, 'k1': 6, 'k44w': False}
n23_55 12 alpha H=[(0, 1), (1, 0)] 4 5 True 1 0 0.0 {'onecross': True, 'D_P': 6, 'D_Q': 6, 'eHB': 6, 'k0': 6, 'k1': 2, 'k44w': False}
n23_55 12 alpha H=[(0, 1), (1, 0)] 4 4 True 1 0 0.01 {'onecross': True, 'D_P': 5, 'D_Q': 5, 'eHB': 6, 'k0': 6, 'k1': 3, 'k44w': False}
n23_55 12 alpha H=[(0, 1), (1, 0)] 5 4 True 1 0 0.01 {'onecross': True, 'D_P': 5, 'D_Q': 5, 'eHB': 6, 'k0': 6, 'k1': 3, 'k44w': False}
n23_55 12 alpha H=[(0, 1), (1, 0)] 5 5 True 1 0 0.0 {'onecross': True, 'D_P': 6, 'D_Q': 6, 'eHB': 6, 'k0': 6, 'k1': 2, 'k44w': False}
n23_55 12 alpha H=[(0, 1), (1, 0)] 6 4 True 1 0 0.01 {'onecross': True, 'D_P': 5, 'D_Q': 5, 'eHB': 6, 'k0': 3, 'k1': 6, 'k44w': False}
n23_55 12 alpha H=[(0, 1), (1, 0)] 6 5 True 1 0 0.01 {'onecross': True, 'D_P': 6, 'D_Q': 6, 'eHB': 6, 'k0': 2, 'k1': 6, 'k44w': False}
n23_55 12 alpha H=[(0, 1), (1, 0)] 7 4 True 1 0 0.01 {'onecross': True, 'D_P': 5, 'D_Q': 5, 'eHB': 6, 'k0': 6, 'k1': 3, 'k44w': False}
n23_55 12 alpha H=[(0, 1), (1, 0)] 7 5 True 1 0 0.01 {'onecross': True, 'D_P': 6, 'D_Q': 6, 'eHB': 6, 'k0': 6, 'k1': 2, 'k44w': False}
n23_55 12 alpha H=[(0, 1), (1, 0)] 8 4 True 1 0 0.0 {'onecross': True, 'D_P': 5, 'D_Q': 5, 'eHB': 6, 'k0': 6, 'k1': 3, 'k44w': False}
n23_55 12 alpha H=[(0, 1), (1, 0)] 8 5 True 1 0 0.01 {'onecross': True, 'D_P': 6, 'D_Q': 6, 'eHB': 6, 'k0': 6, 'k1': 2, 'k44w': False}
n23_55 12 alpha H=[(0, 1), (1, 0)] 9 4 True 1 0 0.01 {'onecross': True, 'D_P': 5, 'D_Q': 5, 'eHB': 6, 'k0': 3, 'k1': 6, 'k44w': False}
n23_55 12 alpha H=[(0, 1), (1, 0)] 9 5 True 1 0 0.01 {'onecross': True, 'D_P': 6, 'D_Q': 6, 'eHB': 6, 'k0': 2, 'k1': 6, 'k44w': False}
n23_55 12 alpha H=[(0, 1), (1, 0)] 10 4 True 1 0 0.0 {'onecross': True, 'D_P': 5, 'D_Q': 5, 'eHB': 6, 'k0': 3, 'k1': 6, 'k44w': False}
n23_55 12 alpha H=[(0, 1), (1, 0)] 10 5 True 1 0 0.01 {'onecross': True, 'D_P': 6, 'D_Q': 6, 'eHB': 6, 'k0': 2, 'k1': 6, 'k44w': False}
n23_55 12 alpha H=[(0, 1), (1, 0)] 11 4 True 1 0 0.01 {'onecross': True, 'D_P': 5, 'D_Q': 5, 'eHB': 6, 'k0': 3, 'k1': 6, 'k44w': False}
n23_55 12 alpha H=[(0, 1), (1, 0)] 11 5 True 1 0 0.0 {'onecross': True, 'D_P': 6, 'D_Q': 6, 'eHB': 6, 'k0': 2, 'k1': 6, 'k44w': False}
n23_55 12 alpha H=[(0, 1), (1, 0)] 12 4 True 1 0 0.01 {'onecross': True, 'D_P': 5, 'D_Q': 5, 'eHB': 5, 'k0': 7, 'k1': 3, 'k44w': False}
n23_55 12 alpha H=[(0, 1), (1, 0)] 12 5 True 1 0 0.01 {'onecross': True, 'D_P': 6, 'D_Q': 6, 'eHB': 5, 'k0': 7, 'k1': 2, 'k44w': False}
n23_55 12 alpha H=[(0, 1), (1, 0)] 13 4 True 1 0 0.01 {'onecross': True, 'D_P': 5, 'D_Q': 5, 'eHB': 6, 'k0': 6, 'k1': 3, 'k44w': False}
n23_55 12 alpha H=[(0, 1), (1, 0)] 13 5 True 1 0 0.01 {'onecross': True, 'D_P': 6, 'D_Q': 6, 'eHB': 6, 'k0': 6, 'k1': 2, 'k44w': False}
n23_55 13 alpha H=[(0, 1), (2, 2)] 0 4 True 1 0 0.01 {'onecross': True, 'D_P': 5, 'D_Q': 5, 'eHB': 5, 'k0': 7, 'k1': 3, 'k44w': False}
n23_55 13 alpha H=[(0, 1), (2, 2)] 0 5 True 1 0 0.01 {'onecross': True, 'D_P': 6, 'D_Q': 6, 'eHB': 5, 'k0': 7, 'k1': 2, 'k44w': False}
n23_55 13 alpha H=[(0, 1), (2, 2)] 1 4 True 1 0 0.01 {'onecross': True, 'D_P': 5, 'D_Q': 5, 'eHB': 6, 'k0': 3, 'k1': 6, 'k44w': False}
n23_55 13 alpha H=[(0, 1), (2, 2)] 1 5 True 1 0 0.01 {'onecross': True, 'D_P': 6, 'D_Q': 6, 'eHB': 6, 'k0': 2, 'k1': 6, 'k44w': False}
n23_55 13 alpha H=[(0, 1), (2, 2)] 2 4 True 1 0 0.0 {'onecross': True, 'D_P': 5, 'D_Q': 5, 'eHB': 6, 'k0': 3, 'k1': 6, 'k44w': False}
n23_55 13 alpha H=[(0, 1), (2, 2)] 2 5 True 1 0 0.01 {'onecross': True, 'D_P': 6, 'D_Q': 6, 'eHB': 6, 'k0': 2, 'k1': 6, 'k44w': False}
n23_55 13 alpha H=[(0, 1), (2, 2)] 3 4 True 1 0 0.0 {'onecross': True, 'D_P': 5, 'D_Q': 5, 'eHB': 6, 'k0': 3, 'k1': 6, 'k44w': False}
n23_55 13 alpha H=[(0, 1), (2, 2)] 3 5 True 1 0 0.0 {'onecross': True, 'D_P': 6, 'D_Q': 6, 'eHB': 6, 'k0': 2, 'k1': 6, 'k44w': False}
n23_55 13 alpha H=[(0, 1), (2, 2)] 4 4 True 1 0 0.01 {'onecross': True, 'D_P': 5, 'D_Q': 5, 'eHB': 6, 'k0': 3, 'k1': 6, 'k44w': False}
n23_55 13 alpha H=[(0, 1), (2, 2)] 4 5 True 1 0 0.01 {'onecross': True, 'D_P': 6, 'D_Q': 6, 'eHB': 5, 'k0': 2, 'k1': 7, 'k44w': False}
n23_55 13 alpha H=[(0, 1), (2, 2)] 5 4 True 1 0 0.0 {'onecross': True, 'D_P': 5, 'D_Q': 5, 'eHB': 6, 'k0': 3, 'k1': 6, 'k44w': False}
n23_55 13 alpha H=[(0, 1), (2, 2)] 5 5 True 1 0 0.01 {'onecross': True, 'D_P': 6, 'D_Q': 6, 'eHB': 6, 'k0': 2, 'k1': 6, 'k44w': False}
n23_55 13 alpha H=[(0, 1), (2, 2)] 6 4 True 1 0 0.01 {'onecross': True, 'D_P': 5, 'D_Q': 5, 'eHB': 6, 'k0': 3, 'k1': 6, 'k44w': False}
n23_55 13 alpha H=[(0, 1), (2, 2)] 6 5 True 1 0 0.01 {'onecross': True, 'D_P': 6, 'D_Q': 6, 'eHB': 6, 'k0': 2, 'k1': 6, 'k44w': False}
n23_55 13 alpha H=[(0, 1), (2, 2)] 7 4 True 1 0 0.01 {'onecross': True, 'D_P': 5, 'D_Q': 5, 'eHB': 6, 'k0': 3, 'k1': 6, 'k44w': False}
n23_55 13 alpha H=[(0, 1), (2, 2)] 7 5 True 1 0 0.01 {'onecross': True, 'D_P': 6, 'D_Q': 6, 'eHB': 6, 'k0': 2, 'k1': 6, 'k44w': False}
n23_55 13 alpha H=[(0, 1), (2, 2)] 8 4 True 1 0 0.01 {'onecross': True, 'D_P': 5, 'D_Q': 5, 'eHB': 6, 'k0': 3, 'k1': 6, 'k44w': False}
n23_55 13 alpha H=[(0, 1), (2, 2)] 8 5 True 1 0 0.01 {'onecross': True, 'D_P': 6, 'D_Q': 6, 'eHB': 6, 'k0': 2, 'k1': 6, 'k44w': False}
n23_55 13 alpha H=[(0, 1), (2, 2)] 9 4 True 1 0 0.01 {'onecross': True, 'D_P': 5, 'D_Q': 5, 'eHB': 6, 'k0': 3, 'k1': 6, 'k44w': False}
n23_55 13 alpha H=[(0, 1), (2, 2)] 9 5 True 1 0 0.0 {'onecross': True, 'D_P': 6, 'D_Q': 6, 'eHB': 6, 'k0': 2, 'k1': 6, 'k44w': False}
n23_55 13 alpha H=[(0, 1), (2, 2)] 10 4 True 1 0 0.01 {'onecross': True, 'D_P': 5, 'D_Q': 5, 'eHB': 6, 'k0': 3, 'k1': 6, 'k44w': False}
n23_55 13 alpha H=[(0, 1), (2, 2)] 10 5 True 1 0 0.01 {'onecross': True, 'D_P': 6, 'D_Q': 6, 'eHB': 6, 'k0': 2, 'k1': 6, 'k44w': False}
n23_55 13 alpha H=[(0, 1), (2, 2)] 11 4 True 1 0 0.01 {'onecross': True, 'D_P': 5, 'D_Q': 5, 'eHB': 6, 'k0': 3, 'k1': 6, 'k44w': False}
n23_55 13 alpha H=[(0, 1), (2, 2)] 11 5 True 1 0 0.01 {'onecross': True, 'D_P': 6, 'D_Q': 6, 'eHB': 6, 'k0': 2, 'k1': 6, 'k44w': False}
n23_55 13 alpha H=[(0, 1), (2, 2)] 12 4 True 1 0 0.01 {'onecross': True, 'D_P': 5, 'D_Q': 5, 'eHB': 5, 'k0': 7, 'k1': 3, 'k44w': False}
n23_55 13 alpha H=[(0, 1), (2, 2)] 12 5 True 1 0 0.01 {'onecross': True, 'D_P': 6, 'D_Q': 6, 'eHB': 5, 'k0': 7, 'k1': 2, 'k44w': False}
n23_55 13 alpha H=[(0, 1), (2, 2)] 13 4 True 1 0 0.01 {'onecross': True, 'D_P': 5, 'D_Q': 5, 'eHB': 6, 'k0': 6, 'k1': 3, 'k44w': False}
n23_55 13 alpha H=[(0, 1), (2, 2)] 13 5 True 1 0 0.01 {'onecross': True, 'D_P': 6, 'D_Q': 6, 'eHB': 6, 'k0': 6, 'k1': 2, 'k44w': False}
n23_55 14 alpha H=[(0, 1), (3, 3)] 0 4 True 1 0 0.01 {'onecross': True, 'D_P': 5, 'D_Q': 5, 'eHB': 5, 'k0': 7, 'k1': 3, 'k44w': False}
n23_55 14 alpha H=[(0, 1), (3, 3)] 1 4 True 1 0 0.01 {'onecross': True, 'D_P': 5, 'D_Q': 5, 'eHB': 6, 'k0': 6, 'k1': 3, 'k44w': False}
n23_55 14 alpha H=[(0, 1), (3, 3)] 0 5 True 1 0 0.01 {'onecross': True, 'D_P': 6, 'D_Q': 6, 'eHB': 5, 'k0': 7, 'k1': 2, 'k44w': False}
n23_55 14 alpha H=[(0, 1), (3, 3)] 1 5 True 1 0 0.0 {'onecross': True, 'D_P': 6, 'D_Q': 6, 'eHB': 6, 'k0': 2, 'k1': 6, 'k44w': False}
n23_55 14 alpha H=[(0, 1), (3, 3)] 2 4 True 1 0 0.01 {'onecross': True, 'D_P': 5, 'D_Q': 5, 'eHB': 8, 'k0': 4, 'k1': 3, 'k44w': False}
n23_55 14 alpha H=[(0, 1), (3, 3)] 2 5 True 1 0 0.01 {'onecross': True, 'D_P': 6, 'D_Q': 6, 'eHB': 8, 'k0': 4, 'k1': 2, 'k44w': False}
n23_55 14 alpha H=[(0, 1), (3, 3)] 3 4 True 1 0 0.01 {'onecross': True, 'D_P': 5, 'D_Q': 5, 'eHB': 8, 'k0': 4, 'k1': 3, 'k44w': False}
n23_55 14 alpha H=[(0, 1), (3, 3)] 3 5 True 1 0 0.01 {'onecross': True, 'D_P': 6, 'D_Q': 6, 'eHB': 8, 'k0': 4, 'k1': 2, 'k44w': False}
n23_55 14 alpha H=[(0, 1), (3, 3)] 4 4 True 1 0 0.01 {'onecross': True, 'D_P': 5, 'D_Q': 5, 'eHB': 6, 'k0': 6, 'k1': 3, 'k44w': False}
n23_55 14 alpha H=[(0, 1), (3, 3)] 5 4 True 1 0 0.01 {'onecross': True, 'D_P': 5, 'D_Q': 5, 'eHB': 6, 'k0': 6, 'k1': 3, 'k44w': False}
n23_55 14 alpha H=[(0, 1), (3, 3)] 4 5 True 1 0 0.01 {'onecross': True, 'D_P': 6, 'D_Q': 6, 'eHB': 6, 'k0': 6, 'k1': 2, 'k44w': False}
n23_55 14 alpha H=[(0, 1), (3, 3)] 5 5 True 1 0 0.01 {'onecross': True, 'D_P': 6, 'D_Q': 6, 'eHB': 6, 'k0': 6, 'k1': 2, 'k44w': False}
n23_55 14 alpha H=[(0, 1), (3, 3)] 6 4 True 1 0 0.01 {'onecross': True, 'D_P': 5, 'D_Q': 5, 'eHB': 8, 'k0': 4, 'k1': 3, 'k44w': False}
n23_55 14 alpha H=[(0, 1), (3, 3)] 6 5 True 1 0 0.01 {'onecross': True, 'D_P': 6, 'D_Q': 6, 'eHB': 8, 'k0': 4, 'k1': 2, 'k44w': False}
n23_55 14 alpha H=[(0, 1), (3, 3)] 7 4 True 1 0 0.01 {'onecross': True, 'D_P': 5, 'D_Q': 5, 'eHB': 6, 'k0': 6, 'k1': 3, 'k44w': False}
n23_55 14 alpha H=[(0, 1), (3, 3)] 7 5 True 1 0 0.01 {'onecross': True, 'D_P': 6, 'D_Q': 6, 'eHB': 6, 'k0': 6, 'k1': 2, 'k44w': False}
n23_55 14 alpha H=[(0, 1), (3, 3)] 8 4 True 1 0 0.01 {'onecross': True, 'D_P': 5, 'D_Q': 5, 'eHB': 6, 'k0': 6, 'k1': 3, 'k44w': False}
n23_55 14 alpha H=[(0, 1), (3, 3)] 8 5 True 1 0 0.01 {'onecross': True, 'D_P': 6, 'D_Q': 6, 'eHB': 6, 'k0': 6, 'k1': 2, 'k44w': False}
n23_55 14 alpha H=[(0, 1), (3, 3)] 9 4 True 1 0 0.01 {'onecross': True, 'D_P': 5, 'D_Q': 5, 'eHB': 8, 'k0': 4, 'k1': 3, 'k44w': False}
n23_55 14 alpha H=[(0, 1), (3, 3)] 9 5 True 1 0 0.01 {'onecross': True, 'D_P': 6, 'D_Q': 6, 'eHB': 8, 'k0': 4, 'k1': 2, 'k44w': False}
n23_55 14 alpha H=[(0, 1), (3, 3)] 10 4 True 1 0 0.01 {'onecross': True, 'D_P': 5, 'D_Q': 5, 'eHB': 8, 'k0': 4, 'k1': 3, 'k44w': False}
n23_55 14 alpha H=[(0, 1), (3, 3)] 10 5 True 1 0 0.01 {'onecross': True, 'D_P': 6, 'D_Q': 6, 'eHB': 8, 'k0': 4, 'k1': 2, 'k44w': False}
n23_55 14 alpha H=[(0, 1), (3, 3)] 11 4 True 1 0 0.01 {'onecross': True, 'D_P': 5, 'D_Q': 5, 'eHB': 8, 'k0': 4, 'k1': 3, 'k44w': False}
n23_55 14 alpha H=[(0, 1), (3, 3)] 11 5 True 1 0 0.01 {'onecross': True, 'D_P': 6, 'D_Q': 6, 'eHB': 8, 'k0': 4, 'k1': 2, 'k44w': False}
n23_55 14 alpha H=[(0, 1), (3, 3)] 12 4 True 1 0 0.01 {'onecross': True, 'D_P': 5, 'D_Q': 5, 'eHB': 5, 'k0': 7, 'k1': 3, 'k44w': False}
n23_55 14 alpha H=[(0, 1), (3, 3)] 12 5 True 1 0 0.01 {'onecross': True, 'D_P': 6, 'D_Q': 6, 'eHB': 5, 'k0': 7, 'k1': 2, 'k44w': False}
n23_55 14 alpha H=[(0, 1), (3, 3)] 13 4 True 1 0 0.01 {'onecross': True, 'D_P': 5, 'D_Q': 5, 'eHB': 6, 'k0': 6, 'k1': 3, 'k44w': False}
n23_55 14 alpha H=[(0, 1), (3, 3)] 13 5 True 1 0 0.01 {'onecross': True, 'D_P': 6, 'D_Q': 6, 'eHB': 6, 'k0': 6, 'k1': 2, 'k44w': False}
n23_55 15 alpha H=[(0, 1), (4, 4)] 0 4 True 1 0 0.01 {'onecross': True, 'D_P': 5, 'D_Q': 5, 'eHB': 5, 'k0': 7, 'k1': 3, 'k44w': False}
n23_55 15 alpha H=[(0, 1), (4, 4)] 0 5 True 1 0 0.01 {'onecross': True, 'D_P': 6, 'D_Q': 6, 'eHB': 5, 'k0': 7, 'k1': 2, 'k44w': False}
n23_55 15 alpha H=[(0, 1), (4, 4)] 1 4 True 1 0 0.01 {'onecross': True, 'D_P': 5, 'D_Q': 5, 'eHB': 6, 'k0': 3, 'k1': 6, 'k44w': False}
n23_55 15 alpha H=[(0, 1), (4, 4)] 1 5 True 1 0 0.0 {'onecross': True, 'D_P': 6, 'D_Q': 6, 'eHB': 6, 'k0': 2, 'k1': 6, 'k44w': False}
n23_55 15 alpha H=[(0, 1), (4, 4)] 2 4 True 1 0 0.01 {'onecross': True, 'D_P': 5, 'D_Q': 5, 'eHB': 8, 'k0': 4, 'k1': 3, 'k44w': False}
n23_55 15 alpha H=[(0, 1), (4, 4)] 2 5 True 1 0 0.01 {'onecross': True, 'D_P': 6, 'D_Q': 6, 'eHB': 8, 'k0': 4, 'k1': 2, 'k44w': False}
n23_55 15 alpha H=[(0, 1), (4, 4)] 3 4 True 1 0 0.01 {'onecross': True, 'D_P': 5, 'D_Q': 5, 'eHB': 8, 'k0': 4, 'k1': 3, 'k44w': False}
n23_55 15 alpha H=[(0, 1), (4, 4)] 3 5 True 1 0 0.01 {'onecross': True, 'D_P': 6, 'D_Q': 6, 'eHB': 8, 'k0': 4, 'k1': 2, 'k44w': False}
n23_55 15 alpha H=[(0, 1), (4, 4)] 4 4 True 1 0 0.01 {'onecross': True, 'D_P': 5, 'D_Q': 5, 'eHB': 6, 'k0': 3, 'k1': 6, 'k44w': False}
n23_55 15 alpha H=[(0, 1), (4, 4)] 4 5 True 1 0 0.01 {'onecross': True, 'D_P': 6, 'D_Q': 6, 'eHB': 5, 'k0': 2, 'k1': 7, 'k44w': False}
n23_55 15 alpha H=[(0, 1), (4, 4)] 5 4 True 1 0 0.01 {'onecross': True, 'D_P': 5, 'D_Q': 5, 'eHB': 6, 'k0': 3, 'k1': 6, 'k44w': False}
n23_55 15 alpha H=[(0, 1), (4, 4)] 5 5 True 1 0 0.01 {'onecross': True, 'D_P': 6, 'D_Q': 6, 'eHB': 6, 'k0': 2, 'k1': 6, 'k44w': False}
n23_55 15 alpha H=[(0, 1), (4, 4)] 6 4 True 1 0 0.01 {'onecross': True, 'D_P': 5, 'D_Q': 5, 'eHB': 8, 'k0': 4, 'k1': 3, 'k44w': False}
n23_55 15 alpha H=[(0, 1), (4, 4)] 6 5 True 1 0 0.01 {'onecross': True, 'D_P': 6, 'D_Q': 6, 'eHB': 8, 'k0': 4, 'k1': 2, 'k44w': False}
n23_55 15 alpha H=[(0, 1), (4, 4)] 7 4 True 1 0 0.01 {'onecross': True, 'D_P': 5, 'D_Q': 5, 'eHB': 6, 'k0': 3, 'k1': 6, 'k44w': False}
n23_55 15 alpha H=[(0, 1), (4, 4)] 7 5 True 1 0 0.01 {'onecross': True, 'D_P': 6, 'D_Q': 6, 'eHB': 6, 'k0': 2, 'k1': 6, 'k44w': False}
n23_55 15 alpha H=[(0, 1), (4, 4)] 8 4 True 1 0 0.01 {'onecross': True, 'D_P': 5, 'D_Q': 5, 'eHB': 6, 'k0': 3, 'k1': 6, 'k44w': False}
n23_55 15 alpha H=[(0, 1), (4, 4)] 8 5 True 1 0 0.01 {'onecross': True, 'D_P': 6, 'D_Q': 6, 'eHB': 6, 'k0': 2, 'k1': 6, 'k44w': False}
n23_55 15 alpha H=[(0, 1), (4, 4)] 9 4 True 1 0 0.01 {'onecross': True, 'D_P': 5, 'D_Q': 5, 'eHB': 8, 'k0': 4, 'k1': 3, 'k44w': False}
n23_55 15 alpha H=[(0, 1), (4, 4)] 9 5 True 1 0 0.01 {'onecross': True, 'D_P': 6, 'D_Q': 6, 'eHB': 8, 'k0': 4, 'k1': 2, 'k44w': False}
n23_55 15 alpha H=[(0, 1), (4, 4)] 10 4 True 1 0 0.01 {'onecross': True, 'D_P': 5, 'D_Q': 5, 'eHB': 8, 'k0': 4, 'k1': 3, 'k44w': False}
n23_55 15 alpha H=[(0, 1), (4, 4)] 10 5 True 1 0 0.01 {'onecross': True, 'D_P': 6, 'D_Q': 6, 'eHB': 8, 'k0': 4, 'k1': 2, 'k44w': False}
n23_55 15 alpha H=[(0, 1), (4, 4)] 11 4 True 1 0 0.01 {'onecross': True, 'D_P': 5, 'D_Q': 5, 'eHB': 8, 'k0': 4, 'k1': 3, 'k44w': False}
n23_55 15 alpha H=[(0, 1), (4, 4)] 11 5 True 1 0 0.01 {'onecross': True, 'D_P': 6, 'D_Q': 6, 'eHB': 8, 'k0': 4, 'k1': 2, 'k44w': False}
n23_55 15 alpha H=[(0, 1), (4, 4)] 12 4 True 1 0 0.01 {'onecross': True, 'D_P': 5, 'D_Q': 5, 'eHB': 5, 'k0': 7, 'k1': 3, 'k44w': False}
n23_55 15 alpha H=[(0, 1), (4, 4)] 12 5 True 1 0 0.01 {'onecross': True, 'D_P': 6, 'D_Q': 6, 'eHB': 5, 'k0': 7, 'k1': 2, 'k44w': False}
n23_55 15 alpha H=[(0, 1), (4, 4)] 13 4 True 1 0 0.01 {'onecross': True, 'D_P': 5, 'D_Q': 5, 'eHB': 6, 'k0': 6, 'k1': 3, 'k44w': False}
n23_55 15 alpha H=[(0, 1), (4, 4)] 13 5 True 1 0 0.01 {'onecross': True, 'D_P': 6, 'D_Q': 6, 'eHB': 6, 'k0': 6, 'k1': 2, 'k44w': False}
n23_55 16 alpha H=[(1, 0), (2, 2)] 0 4 True 1 0 0.01 {'onecross': True, 'D_P': 5, 'D_Q': 5, 'eHB': 5, 'k0': 7, 'k1': 3, 'k44w': False}
n23_55 16 alpha H=[(1, 0), (2, 2)] 0 5 True 1 0 0.01 {'onecross': True, 'D_P': 6, 'D_Q': 6, 'eHB': 5, 'k0': 7, 'k1': 2, 'k44w': False}
n23_55 16 alpha H=[(1, 0), (2, 2)] 1 4 True 1 0 0.01 {'onecross': True, 'D_P': 5, 'D_Q': 5, 'eHB': 6, 'k0': 3, 'k1': 6, 'k44w': False}
n23_55 16 alpha H=[(1, 0), (2, 2)] 1 5 True 1 0 0.0 {'onecross': True, 'D_P': 6, 'D_Q': 6, 'eHB': 6, 'k0': 2, 'k1': 6, 'k44w': False}
n23_55 16 alpha H=[(1, 0), (2, 2)] 2 4 True 1 0 0.01 {'onecross': True, 'D_P': 5, 'D_Q': 5, 'eHB': 6, 'k0': 3, 'k1': 6, 'k44w': False}
n23_55 16 alpha H=[(1, 0), (2, 2)] 2 5 True 1 0 0.01 {'onecross': True, 'D_P': 6, 'D_Q': 6, 'eHB': 5, 'k0': 2, 'k1': 7, 'k44w': False}
n23_55 16 alpha H=[(1, 0), (2, 2)] 3 4 True 1 0 0.01 {'onecross': True, 'D_P': 5, 'D_Q': 5, 'eHB': 6, 'k0': 3, 'k1': 6, 'k44w': False}
n23_55 16 alpha H=[(1, 0), (2, 2)] 3 5 True 1 0 0.01 {'onecross': True, 'D_P': 6, 'D_Q': 6, 'eHB': 6, 'k0': 2, 'k1': 6, 'k44w': False}
n23_55 16 alpha H=[(1, 0), (2, 2)] 4 4 True 1 0 0.01 {'onecross': True, 'D_P': 5, 'D_Q': 5, 'eHB': 6, 'k0': 3, 'k1': 6, 'k44w': False}
n23_55 16 alpha H=[(1, 0), (2, 2)] 4 5 True 1 0 0.01 {'onecross': True, 'D_P': 6, 'D_Q': 6, 'eHB': 6, 'k0': 2, 'k1': 6, 'k44w': False}
n23_55 16 alpha H=[(1, 0), (2, 2)] 5 4 True 1 0 0.01 {'onecross': True, 'D_P': 5, 'D_Q': 5, 'eHB': 6, 'k0': 3, 'k1': 6, 'k44w': False}
n23_55 16 alpha H=[(1, 0), (2, 2)] 5 5 True 1 0 0.01 {'onecross': True, 'D_P': 6, 'D_Q': 6, 'eHB': 6, 'k0': 2, 'k1': 6, 'k44w': False}
n23_55 16 alpha H=[(1, 0), (2, 2)] 6 4 True 1 0 0.01 {'onecross': True, 'D_P': 5, 'D_Q': 5, 'eHB': 6, 'k0': 3, 'k1': 6, 'k44w': False}
n23_55 16 alpha H=[(1, 0), (2, 2)] 6 5 True 1 0 0.01 {'onecross': True, 'D_P': 6, 'D_Q': 6, 'eHB': 6, 'k0': 2, 'k1': 6, 'k44w': False}
n23_55 16 alpha H=[(1, 0), (2, 2)] 7 4 True 1 0 0.01 {'onecross': True, 'D_P': 5, 'D_Q': 5, 'eHB': 6, 'k0': 3, 'k1': 6, 'k44w': False}
n23_55 16 alpha H=[(1, 0), (2, 2)] 7 5 True 1 0 0.01 {'onecross': True, 'D_P': 6, 'D_Q': 6, 'eHB': 6, 'k0': 6, 'k1': 2, 'k44w': False}
n23_55 16 alpha H=[(1, 0), (2, 2)] 8 4 True 1 0 0.01 {'onecross': True, 'D_P': 5, 'D_Q': 5, 'eHB': 6, 'k0': 3, 'k1': 6, 'k44w': False}
n23_55 16 alpha H=[(1, 0), (2, 2)] 9 4 True 1 0 0.01 {'onecross': True, 'D_P': 5, 'D_Q': 5, 'eHB': 6, 'k0': 3, 'k1': 6, 'k44w': False}
n23_55 16 alpha H=[(1, 0), (2, 2)] 8 5 True 1 0 0.01 {'onecross': True, 'D_P': 6, 'D_Q': 6, 'eHB': 6, 'k0': 6, 'k1': 2, 'k44w': False}
n23_55 16 alpha H=[(1, 0), (2, 2)] 9 5 True 1 0 0.01 {'onecross': True, 'D_P': 6, 'D_Q': 6, 'eHB': 6, 'k0': 2, 'k1': 6, 'k44w': False}
n23_55 16 alpha H=[(1, 0), (2, 2)] 10 4 True 1 0 0.01 {'onecross': True, 'D_P': 5, 'D_Q': 5, 'eHB': 6, 'k0': 3, 'k1': 6, 'k44w': False}
n23_55 16 alpha H=[(1, 0), (2, 2)] 10 5 True 1 0 0.01 {'onecross': True, 'D_P': 6, 'D_Q': 6, 'eHB': 6, 'k0': 2, 'k1': 6, 'k44w': False}
n23_55 16 alpha H=[(1, 0), (2, 2)] 11 4 True 1 0 0.01 {'onecross': True, 'D_P': 5, 'D_Q': 5, 'eHB': 6, 'k0': 3, 'k1': 6, 'k44w': False}
n23_55 16 alpha H=[(1, 0), (2, 2)] 11 5 True 1 0 0.01 {'onecross': True, 'D_P': 6, 'D_Q': 6, 'eHB': 5, 'k0': 2, 'k1': 7, 'k44w': False}
n23_55 16 alpha H=[(1, 0), (2, 2)] 12 4 True 1 0 0.01 {'onecross': True, 'D_P': 5, 'D_Q': 5, 'eHB': 6, 'k0': 3, 'k1': 6, 'k44w': False}
n23_55 16 alpha H=[(1, 0), (2, 2)] 12 5 True 1 0 0.01 {'onecross': True, 'D_P': 6, 'D_Q': 6, 'eHB': 5, 'k0': 7, 'k1': 2, 'k44w': False}
n23_55 16 alpha H=[(1, 0), (2, 2)] 13 4 True 1 0 0.01 {'onecross': True, 'D_P': 5, 'D_Q': 5, 'eHB': 6, 'k0': 6, 'k1': 3, 'k44w': False}
n23_55 16 alpha H=[(1, 0), (2, 2)] 13 5 True 1 0 0.01 {'onecross': True, 'D_P': 6, 'D_Q': 6, 'eHB': 6, 'k0': 6, 'k1': 2, 'k44w': False}
n23_55 17 alpha H=[(1, 0), (3, 3)] 0 4 True 1 0 0.01 {'onecross': True, 'D_P': 5, 'D_Q': 5, 'eHB': 5, 'k0': 7, 'k1': 3, 'k44w': False}
n23_55 17 alpha H=[(1, 0), (3, 3)] 0 5 True 1 0 0.01 {'onecross': True, 'D_P': 6, 'D_Q': 6, 'eHB': 5, 'k0': 7, 'k1': 2, 'k44w': False}
n23_55 17 alpha H=[(1, 0), (3, 3)] 1 5 True 1 0 0.01 {'onecross': True, 'D_P': 6, 'D_Q': 6, 'eHB': 6, 'k0': 6, 'k1': 2, 'k44w': False}
n23_55 17 alpha H=[(1, 0), (3, 3)] 1 4 True 1 0 0.01 {'onecross': True, 'D_P': 5, 'D_Q': 5, 'eHB': 6, 'k0': 6, 'k1': 3, 'k44w': False}
n23_55 17 alpha H=[(1, 0), (3, 3)] 2 4 True 1 0 0.01 {'onecross': True, 'D_P': 5, 'D_Q': 5, 'eHB': 8, 'k0': 4, 'k1': 3, 'k44w': False}
n23_55 17 alpha H=[(1, 0), (3, 3)] 2 5 True 1 0 0.01 {'onecross': True, 'D_P': 6, 'D_Q': 6, 'eHB': 8, 'k0': 4, 'k1': 2, 'k44w': False}
n23_55 17 alpha H=[(1, 0), (3, 3)] 3 5 True 1 0 0.01 {'onecross': True, 'D_P': 6, 'D_Q': 6, 'eHB': 8, 'k0': 4, 'k1': 2, 'k44w': False}
n23_55 17 alpha H=[(1, 0), (3, 3)] 3 4 True 1 0 0.01 {'onecross': True, 'D_P': 5, 'D_Q': 5, 'eHB': 8, 'k0': 4, 'k1': 3, 'k44w': False}
n23_55 17 alpha H=[(1, 0), (3, 3)] 4 4 True 1 0 0.01 {'onecross': True, 'D_P': 5, 'D_Q': 5, 'eHB': 6, 'k0': 6, 'k1': 3, 'k44w': False}
n23_55 17 alpha H=[(1, 0), (3, 3)] 4 5 True 1 0 0.01 {'onecross': True, 'D_P': 6, 'D_Q': 6, 'eHB': 6, 'k0': 6, 'k1': 2, 'k44w': False}
n23_55 17 alpha H=[(1, 0), (3, 3)] 5 4 True 1 0 0.01 {'onecross': True, 'D_P': 5, 'D_Q': 5, 'eHB': 6, 'k0': 6, 'k1': 3, 'k44w': False}
n23_55 17 alpha H=[(1, 0), (3, 3)] 5 5 True 1 0 0.01 {'onecross': True, 'D_P': 6, 'D_Q': 6, 'eHB': 6, 'k0': 2, 'k1': 6, 'k44w': False}
n23_55 17 alpha H=[(1, 0), (3, 3)] 6 4 True 1 0 0.01 {'onecross': True, 'D_P': 5, 'D_Q': 5, 'eHB': 8, 'k0': 4, 'k1': 3, 'k44w': False}
n23_55 17 alpha H=[(1, 0), (3, 3)] 6 5 True 1 0 0.01 {'onecross': True, 'D_P': 6, 'D_Q': 6, 'eHB': 8, 'k0': 4, 'k1': 2, 'k44w': False}
n23_55 17 alpha H=[(1, 0), (3, 3)] 7 4 True 1 0 0.01 {'onecross': True, 'D_P': 5, 'D_Q': 5, 'eHB': 6, 'k0': 6, 'k1': 3, 'k44w': False}
n23_55 17 alpha H=[(1, 0), (3, 3)] 7 5 True 1 0 0.01 {'onecross': True, 'D_P': 6, 'D_Q': 6, 'eHB': 6, 'k0': 6, 'k1': 2, 'k44w': False}
n23_55 17 alpha H=[(1, 0), (3, 3)] 8 4 True 1 0 0.01 {'onecross': True, 'D_P': 5, 'D_Q': 5, 'eHB': 6, 'k0': 6, 'k1': 3, 'k44w': False}
n23_55 17 alpha H=[(1, 0), (3, 3)] 8 5 True 1 0 0.01 {'onecross': True, 'D_P': 6, 'D_Q': 6, 'eHB': 6, 'k0': 6, 'k1': 2, 'k44w': False}
n23_55 17 alpha H=[(1, 0), (3, 3)] 9 4 True 1 0 0.01 {'onecross': True, 'D_P': 5, 'D_Q': 5, 'eHB': 8, 'k0': 4, 'k1': 3, 'k44w': False}
n23_55 17 alpha H=[(1, 0), (3, 3)] 9 5 True 1 0 0.01 {'onecross': True, 'D_P': 6, 'D_Q': 6, 'eHB': 8, 'k0': 4, 'k1': 2, 'k44w': False}
n23_55 17 alpha H=[(1, 0), (3, 3)] 10 4 True 1 0 0.01 {'onecross': True, 'D_P': 5, 'D_Q': 5, 'eHB': 8, 'k0': 4, 'k1': 3, 'k44w': False}
n23_55 17 alpha H=[(1, 0), (3, 3)] 10 5 True 1 0 0.01 {'onecross': True, 'D_P': 6, 'D_Q': 6, 'eHB': 8, 'k0': 4, 'k1': 2, 'k44w': False}
n23_55 17 alpha H=[(1, 0), (3, 3)] 11 4 True 1 0 0.01 {'onecross': True, 'D_P': 5, 'D_Q': 5, 'eHB': 8, 'k0': 4, 'k1': 3, 'k44w': False}
n23_55 17 alpha H=[(1, 0), (3, 3)] 11 5 True 1 0 0.01 {'onecross': True, 'D_P': 6, 'D_Q': 6, 'eHB': 8, 'k0': 4, 'k1': 2, 'k44w': False}
n23_55 17 alpha H=[(1, 0), (3, 3)] 12 4 True 1 0 0.01 {'onecross': True, 'D_P': 5, 'D_Q': 5, 'eHB': 6, 'k0': 3, 'k1': 6, 'k44w': False}
n23_55 17 alpha H=[(1, 0), (3, 3)] 12 5 True 1 0 0.01 {'onecross': True, 'D_P': 6, 'D_Q': 6, 'eHB': 5, 'k0': 7, 'k1': 2, 'k44w': False}
n23_55 17 alpha H=[(1, 0), (3, 3)] 13 4 True 1 0 0.01 {'onecross': True, 'D_P': 5, 'D_Q': 5, 'eHB': 6, 'k0': 6, 'k1': 3, 'k44w': False}
n23_55 18 alpha H=[(1, 0), (4, 4)] 0 4 True 1 0 0.01 {'onecross': True, 'D_P': 5, 'D_Q': 5, 'eHB': 5, 'k0': 7, 'k1': 3, 'k44w': False}
n23_55 17 alpha H=[(1, 0), (3, 3)] 13 5 True 1 0 0.01 {'onecross': True, 'D_P': 6, 'D_Q': 6, 'eHB': 6, 'k0': 6, 'k1': 2, 'k44w': False}
n23_55 18 alpha H=[(1, 0), (4, 4)] 0 5 True 1 0 0.01 {'onecross': True, 'D_P': 6, 'D_Q': 6, 'eHB': 5, 'k0': 7, 'k1': 2, 'k44w': False}
n23_55 18 alpha H=[(1, 0), (4, 4)] 1 4 True 1 0 0.01 {'onecross': True, 'D_P': 5, 'D_Q': 5, 'eHB': 6, 'k0': 3, 'k1': 6, 'k44w': False}
n23_55 18 alpha H=[(1, 0), (4, 4)] 1 5 True 1 0 0.01 {'onecross': True, 'D_P': 6, 'D_Q': 6, 'eHB': 6, 'k0': 2, 'k1': 6, 'k44w': False}
n23_55 18 alpha H=[(1, 0), (4, 4)] 2 4 True 1 0 0.01 {'onecross': True, 'D_P': 5, 'D_Q': 5, 'eHB': 8, 'k0': 4, 'k1': 3, 'k44w': False}
n23_55 18 alpha H=[(1, 0), (4, 4)] 3 4 True 1 0 0.01 {'onecross': True, 'D_P': 5, 'D_Q': 5, 'eHB': 8, 'k0': 4, 'k1': 3, 'k44w': False}
n23_55 18 alpha H=[(1, 0), (4, 4)] 2 5 True 1 0 0.01 {'onecross': True, 'D_P': 6, 'D_Q': 6, 'eHB': 8, 'k0': 4, 'k1': 2, 'k44w': False}
n23_55 18 alpha H=[(1, 0), (4, 4)] 3 5 True 1 0 0.01 {'onecross': True, 'D_P': 6, 'D_Q': 6, 'eHB': 8, 'k0': 4, 'k1': 2, 'k44w': False}
n23_55 18 alpha H=[(1, 0), (4, 4)] 4 4 True 1 0 0.01 {'onecross': True, 'D_P': 5, 'D_Q': 5, 'eHB': 6, 'k0': 3, 'k1': 6, 'k44w': False}
n23_55 18 alpha H=[(1, 0), (4, 4)] 4 5 True 1 0 0.01 {'onecross': True, 'D_P': 6, 'D_Q': 6, 'eHB': 6, 'k0': 2, 'k1': 6, 'k44w': False}
n23_55 18 alpha H=[(1, 0), (4, 4)] 5 4 True 1 0 0.01 {'onecross': True, 'D_P': 5, 'D_Q': 5, 'eHB': 6, 'k0': 3, 'k1': 6, 'k44w': False}
n23_55 18 alpha H=[(1, 0), (4, 4)] 5 5 True 1 0 0.01 {'onecross': True, 'D_P': 6, 'D_Q': 6, 'eHB': 6, 'k0': 2, 'k1': 6, 'k44w': False}
n23_55 18 alpha H=[(1, 0), (4, 4)] 6 4 True 1 0 0.01 {'onecross': True, 'D_P': 5, 'D_Q': 5, 'eHB': 8, 'k0': 4, 'k1': 3, 'k44w': False}
n23_55 18 alpha H=[(1, 0), (4, 4)] 6 5 True 1 0 0.01 {'onecross': True, 'D_P': 6, 'D_Q': 6, 'eHB': 8, 'k0': 4, 'k1': 2, 'k44w': False}
n23_55 18 alpha H=[(1, 0), (4, 4)] 7 4 True 1 0 0.01 {'onecross': True, 'D_P': 5, 'D_Q': 5, 'eHB': 6, 'k0': 3, 'k1': 6, 'k44w': False}
n23_55 18 alpha H=[(1, 0), (4, 4)] 8 4 True 1 0 0.01 {'onecross': True, 'D_P': 5, 'D_Q': 5, 'eHB': 6, 'k0': 3, 'k1': 6, 'k44w': False}
n23_55 18 alpha H=[(1, 0), (4, 4)] 7 5 True 1 0 0.01 {'onecross': True, 'D_P': 6, 'D_Q': 6, 'eHB': 6, 'k0': 6, 'k1': 2, 'k44w': False}
n23_55 18 alpha H=[(1, 0), (4, 4)] 8 5 True 1 0 0.01 {'onecross': True, 'D_P': 6, 'D_Q': 6, 'eHB': 6, 'k0': 6, 'k1': 2, 'k44w': False}
n23_55 18 alpha H=[(1, 0), (4, 4)] 9 4 True 1 0 0.01 {'onecross': True, 'D_P': 5, 'D_Q': 5, 'eHB': 8, 'k0': 4, 'k1': 3, 'k44w': False}
n23_55 18 alpha H=[(1, 0), (4, 4)] 10 4 True 1 0 0.01 {'onecross': True, 'D_P': 5, 'D_Q': 5, 'eHB': 8, 'k0': 4, 'k1': 3, 'k44w': False}
n23_55 18 alpha H=[(1, 0), (4, 4)] 9 5 True 1 0 0.01 {'onecross': True, 'D_P': 6, 'D_Q': 6, 'eHB': 8, 'k0': 4, 'k1': 2, 'k44w': False}
n23_55 18 alpha H=[(1, 0), (4, 4)] 10 5 True 1 0 0.01 {'onecross': True, 'D_P': 6, 'D_Q': 6, 'eHB': 8, 'k0': 4, 'k1': 2, 'k44w': False}
n23_55 18 alpha H=[(1, 0), (4, 4)] 11 4 True 1 0 0.01 {'onecross': True, 'D_P': 5, 'D_Q': 5, 'eHB': 8, 'k0': 4, 'k1': 3, 'k44w': False}
n23_55 18 alpha H=[(1, 0), (4, 4)] 11 5 True 1 0 0.01 {'onecross': True, 'D_P': 6, 'D_Q': 6, 'eHB': 8, 'k0': 4, 'k1': 2, 'k44w': False}
n23_55 18 alpha H=[(1, 0), (4, 4)] 12 4 True 1 0 0.01 {'onecross': True, 'D_P': 5, 'D_Q': 5, 'eHB': 6, 'k0': 3, 'k1': 6, 'k44w': False}
n23_55 18 alpha H=[(1, 0), (4, 4)] 12 5 True 1 0 0.01 {'onecross': True, 'D_P': 6, 'D_Q': 6, 'eHB': 5, 'k0': 7, 'k1': 2, 'k44w': False}
n23_55 18 alpha H=[(1, 0), (4, 4)] 13 4 True 1 0 0.01 {'onecross': True, 'D_P': 5, 'D_Q': 5, 'eHB': 6, 'k0': 6, 'k1': 3, 'k44w': False}
n23_55 18 alpha H=[(1, 0), (4, 4)] 13 5 True 1 0 0.01 {'onecross': True, 'D_P': 6, 'D_Q': 6, 'eHB': 6, 'k0': 6, 'k1': 2, 'k44w': False}
n23_55 19 alpha H=[(2, 2), (3, 3)] 0 4 True 1 0 0.01 {'onecross': True, 'D_P': 5, 'D_Q': 5, 'eHB': 5, 'k0': 7, 'k1': 3, 'k44w': False}
n23_55 19 alpha H=[(2, 2), (3, 3)] 0 5 True 1 0 0.01 {'onecross': True, 'D_P': 6, 'D_Q': 6, 'eHB': 5, 'k0': 7, 'k1': 2, 'k44w': False}
n23_55 19 alpha H=[(2, 2), (3, 3)] 1 4 True 1 0 0.01 {'onecross': True, 'D_P': 5, 'D_Q': 5, 'eHB': 6, 'k0': 6, 'k1': 3, 'k44w': False}
n23_55 19 alpha H=[(2, 2), (3, 3)] 1 5 True 1 0 0.01 {'onecross': True, 'D_P': 6, 'D_Q': 6, 'eHB': 6, 'k0': 6, 'k1': 2, 'k44w': False}
n23_55 19 alpha H=[(2, 2), (3, 3)] 2 4 True 1 0 0.01 {'onecross': True, 'D_P': 5, 'D_Q': 5, 'eHB': 8, 'k0': 4, 'k1': 3, 'k44w': False}
n23_55 19 alpha H=[(2, 2), (3, 3)] 2 5 True 1 0 0.01 {'onecross': True, 'D_P': 6, 'D_Q': 6, 'eHB': 8, 'k0': 4, 'k1': 2, 'k44w': False}
n23_55 19 alpha H=[(2, 2), (3, 3)] 3 4 True 1 0 0.01 {'onecross': True, 'D_P': 5, 'D_Q': 5, 'eHB': 8, 'k0': 4, 'k1': 3, 'k44w': False}
n23_55 19 alpha H=[(2, 2), (3, 3)] 3 5 True 1 0 0.01 {'onecross': True, 'D_P': 6, 'D_Q': 6, 'eHB': 8, 'k0': 4, 'k1': 2, 'k44w': False}
n23_55 19 alpha H=[(2, 2), (3, 3)] 4 4 True 1 0 0.01 {'onecross': True, 'D_P': 5, 'D_Q': 5, 'eHB': 6, 'k0': 6, 'k1': 3, 'k44w': False}
n23_55 19 alpha H=[(2, 2), (3, 3)] 5 4 True 1 0 0.01 {'onecross': True, 'D_P': 5, 'D_Q': 5, 'eHB': 6, 'k0': 6, 'k1': 3, 'k44w': False}
n23_55 19 alpha H=[(2, 2), (3, 3)] 4 5 True 1 0 0.01 {'onecross': True, 'D_P': 6, 'D_Q': 6, 'eHB': 6, 'k0': 6, 'k1': 2, 'k44w': False}
n23_55 19 alpha H=[(2, 2), (3, 3)] 5 5 True 1 0 0.01 {'onecross': True, 'D_P': 6, 'D_Q': 6, 'eHB': 6, 'k0': 2, 'k1': 6, 'k44w': False}
n23_55 19 alpha H=[(2, 2), (3, 3)] 6 4 True 1 0 0.01 {'onecross': True, 'D_P': 5, 'D_Q': 5, 'eHB': 8, 'k0': 4, 'k1': 3, 'k44w': False}
n23_55 19 alpha H=[(2, 2), (3, 3)] 6 5 True 1 0 0.01 {'onecross': True, 'D_P': 6, 'D_Q': 6, 'eHB': 8, 'k0': 4, 'k1': 2, 'k44w': False}
n23_55 19 alpha H=[(2, 2), (3, 3)] 7 4 True 1 0 0.01 {'onecross': True, 'D_P': 5, 'D_Q': 5, 'eHB': 6, 'k0': 6, 'k1': 3, 'k44w': False}
n23_55 19 alpha H=[(2, 2), (3, 3)] 7 5 True 1 0 0.01 {'onecross': True, 'D_P': 6, 'D_Q': 6, 'eHB': 6, 'k0': 6, 'k1': 2, 'k44w': False}
n23_55 19 alpha H=[(2, 2), (3, 3)] 8 4 True 1 0 0.01 {'onecross': True, 'D_P': 5, 'D_Q': 5, 'eHB': 6, 'k0': 6, 'k1': 3, 'k44w': False}
n23_55 19 alpha H=[(2, 2), (3, 3)] 8 5 True 1 0 0.01 {'onecross': True, 'D_P': 6, 'D_Q': 6, 'eHB': 6, 'k0': 6, 'k1': 2, 'k44w': False}
n23_55 19 alpha H=[(2, 2), (3, 3)] 9 4 True 1 0 0.01 {'onecross': True, 'D_P': 5, 'D_Q': 5, 'eHB': 8, 'k0': 4, 'k1': 3, 'k44w': False}
n23_55 19 alpha H=[(2, 2), (3, 3)] 9 5 True 1 0 0.01 {'onecross': True, 'D_P': 6, 'D_Q': 6, 'eHB': 8, 'k0': 4, 'k1': 2, 'k44w': False}
n23_55 19 alpha H=[(2, 2), (3, 3)] 10 4 True 1 0 0.01 {'onecross': True, 'D_P': 5, 'D_Q': 5, 'eHB': 8, 'k0': 4, 'k1': 3, 'k44w': False}
n23_55 19 alpha H=[(2, 2), (3, 3)] 10 5 True 1 0 0.01 {'onecross': True, 'D_P': 6, 'D_Q': 6, 'eHB': 8, 'k0': 4, 'k1': 2, 'k44w': False}
n23_55 19 alpha H=[(2, 2), (3, 3)] 11 4 True 1 0 0.01 {'onecross': True, 'D_P': 5, 'D_Q': 5, 'eHB': 8, 'k0': 4, 'k1': 3, 'k44w': False}
n23_55 19 alpha H=[(2, 2), (3, 3)] 11 5 True 1 0 0.01 {'onecross': True, 'D_P': 6, 'D_Q': 6, 'eHB': 8, 'k0': 4, 'k1': 2, 'k44w': False}
n23_55 19 alpha H=[(2, 2), (3, 3)] 12 4 True 1 0 0.01 {'onecross': True, 'D_P': 5, 'D_Q': 5, 'eHB': 6, 'k0': 3, 'k1': 6, 'k44w': False}
n23_55 19 alpha H=[(2, 2), (3, 3)] 12 5 True 1 0 0.01 {'onecross': True, 'D_P': 6, 'D_Q': 6, 'eHB': 5, 'k0': 7, 'k1': 2, 'k44w': False}
n23_55 19 alpha H=[(2, 2), (3, 3)] 13 4 True 1 0 0.01 {'onecross': True, 'D_P': 5, 'D_Q': 5, 'eHB': 6, 'k0': 6, 'k1': 3, 'k44w': False}
n23_55 19 alpha H=[(2, 2), (3, 3)] 13 5 True 1 0 0.01 {'onecross': True, 'D_P': 6, 'D_Q': 6, 'eHB': 6, 'k0': 6, 'k1': 2, 'k44w': False}
n23_55 20 alpha H=[(2, 2), (4, 4)] 0 4 True 1 0 0.01 {'onecross': True, 'D_P': 5, 'D_Q': 5, 'eHB': 5, 'k0': 7, 'k1': 3, 'k44w': False}
n23_55 20 alpha H=[(2, 2), (4, 4)] 0 5 True 1 0 0.01 {'onecross': True, 'D_P': 6, 'D_Q': 6, 'eHB': 5, 'k0': 7, 'k1': 2, 'k44w': False}
n23_55 20 alpha H=[(2, 2), (4, 4)] 1 4 True 1 0 0.01 {'onecross': True, 'D_P': 5, 'D_Q': 5, 'eHB': 6, 'k0': 3, 'k1': 6, 'k44w': False}
n23_55 20 alpha H=[(2, 2), (4, 4)] 1 5 True 1 0 0.01 {'onecross': True, 'D_P': 6, 'D_Q': 6, 'eHB': 6, 'k0': 2, 'k1': 6, 'k44w': False}
n23_55 20 alpha H=[(2, 2), (4, 4)] 2 4 True 1 0 0.01 {'onecross': True, 'D_P': 5, 'D_Q': 5, 'eHB': 8, 'k0': 4, 'k1': 3, 'k44w': False}
n23_55 20 alpha H=[(2, 2), (4, 4)] 2 5 True 1 0 0.01 {'onecross': True, 'D_P': 6, 'D_Q': 6, 'eHB': 8, 'k0': 4, 'k1': 2, 'k44w': False}
n23_55 20 alpha H=[(2, 2), (4, 4)] 3 4 True 1 0 0.01 {'onecross': True, 'D_P': 5, 'D_Q': 5, 'eHB': 8, 'k0': 4, 'k1': 3, 'k44w': False}
n23_55 20 alpha H=[(2, 2), (4, 4)] 3 5 True 1 0 0.01 {'onecross': True, 'D_P': 6, 'D_Q': 6, 'eHB': 8, 'k0': 4, 'k1': 2, 'k44w': False}
n23_55 20 alpha H=[(2, 2), (4, 4)] 4 4 True 1 0 0.01 {'onecross': True, 'D_P': 5, 'D_Q': 5, 'eHB': 6, 'k0': 3, 'k1': 6, 'k44w': False}
n23_55 20 alpha H=[(2, 2), (4, 4)] 4 5 True 1 0 0.01 {'onecross': True, 'D_P': 6, 'D_Q': 6, 'eHB': 6, 'k0': 2, 'k1': 6, 'k44w': False}
n23_55 20 alpha H=[(2, 2), (4, 4)] 5 4 True 1 0 0.01 {'onecross': True, 'D_P': 5, 'D_Q': 5, 'eHB': 6, 'k0': 3, 'k1': 6, 'k44w': False}
n23_55 20 alpha H=[(2, 2), (4, 4)] 5 5 True 1 0 0.01 {'onecross': True, 'D_P': 6, 'D_Q': 6, 'eHB': 6, 'k0': 2, 'k1': 6, 'k44w': False}
n23_55 20 alpha H=[(2, 2), (4, 4)] 6 4 True 1 0 0.01 {'onecross': True, 'D_P': 5, 'D_Q': 5, 'eHB': 8, 'k0': 4, 'k1': 3, 'k44w': False}
n23_55 20 alpha H=[(2, 2), (4, 4)] 6 5 True 1 0 0.01 {'onecross': True, 'D_P': 6, 'D_Q': 6, 'eHB': 8, 'k0': 4, 'k1': 2, 'k44w': False}
n23_55 20 alpha H=[(2, 2), (4, 4)] 7 4 True 1 0 0.01 {'onecross': True, 'D_P': 5, 'D_Q': 5, 'eHB': 6, 'k0': 3, 'k1': 6, 'k44w': False}
n23_55 20 alpha H=[(2, 2), (4, 4)] 7 5 True 1 0 0.01 {'onecross': True, 'D_P': 6, 'D_Q': 6, 'eHB': 6, 'k0': 6, 'k1': 2, 'k44w': False}
n23_55 20 alpha H=[(2, 2), (4, 4)] 8 4 True 1 0 0.01 {'onecross': True, 'D_P': 5, 'D_Q': 5, 'eHB': 6, 'k0': 3, 'k1': 6, 'k44w': False}
n23_55 20 alpha H=[(2, 2), (4, 4)] 8 5 True 1 0 0.01 {'onecross': True, 'D_P': 6, 'D_Q': 6, 'eHB': 6, 'k0': 6, 'k1': 2, 'k44w': False}
n23_55 20 alpha H=[(2, 2), (4, 4)] 9 4 True 1 0 0.01 {'onecross': True, 'D_P': 5, 'D_Q': 5, 'eHB': 8, 'k0': 4, 'k1': 3, 'k44w': False}
n23_55 20 alpha H=[(2, 2), (4, 4)] 9 5 True 1 0 0.01 {'onecross': True, 'D_P': 6, 'D_Q': 6, 'eHB': 8, 'k0': 4, 'k1': 2, 'k44w': False}
n23_55 20 alpha H=[(2, 2), (4, 4)] 10 4 True 1 0 0.01 {'onecross': True, 'D_P': 5, 'D_Q': 5, 'eHB': 8, 'k0': 4, 'k1': 3, 'k44w': False}
n23_55 20 alpha H=[(2, 2), (4, 4)] 10 5 True 1 0 0.01 {'onecross': True, 'D_P': 6, 'D_Q': 6, 'eHB': 8, 'k0': 4, 'k1': 2, 'k44w': False}
n23_55 20 alpha H=[(2, 2), (4, 4)] 11 4 True 1 0 0.01 {'onecross': True, 'D_P': 5, 'D_Q': 5, 'eHB': 8, 'k0': 4, 'k1': 3, 'k44w': False}
n23_55 20 alpha H=[(2, 2), (4, 4)] 11 5 True 1 0 0.01 {'onecross': True, 'D_P': 6, 'D_Q': 6, 'eHB': 8, 'k0': 4, 'k1': 2, 'k44w': False}
n23_55 20 alpha H=[(2, 2), (4, 4)] 12 4 True 1 0 0.01 {'onecross': True, 'D_P': 5, 'D_Q': 5, 'eHB': 6, 'k0': 3, 'k1': 6, 'k44w': False}
n23_55 20 alpha H=[(2, 2), (4, 4)] 12 5 True 1 0 0.01 {'onecross': True, 'D_P': 6, 'D_Q': 6, 'eHB': 5, 'k0': 7, 'k1': 2, 'k44w': False}
n23_55 20 alpha H=[(2, 2), (4, 4)] 13 4 True 1 0 0.01 {'onecross': True, 'D_P': 5, 'D_Q': 5, 'eHB': 6, 'k0': 6, 'k1': 3, 'k44w': False}
n23_55 21 alpha H=[(3, 3), (4, 4)] 0 4 True 1 0 0.01 {'onecross': True, 'D_P': 5, 'D_Q': 5, 'eHB': 5, 'k0': 7, 'k1': 3, 'k44w': False}
n23_55 20 alpha H=[(2, 2), (4, 4)] 13 5 True 1 0 0.01 {'onecross': True, 'D_P': 6, 'D_Q': 6, 'eHB': 6, 'k0': 6, 'k1': 2, 'k44w': False}
n23_55 21 alpha H=[(3, 3), (4, 4)] 0 5 True 1 0 0.01 {'onecross': True, 'D_P': 6, 'D_Q': 6, 'eHB': 5, 'k0': 7, 'k1': 2, 'k44w': False}
n23_55 21 alpha H=[(3, 3), (4, 4)] 1 4 True 1 0 0.01 {'onecross': True, 'D_P': 5, 'D_Q': 5, 'eHB': 6, 'k0': 3, 'k1': 6, 'k44w': False}
n23_55 21 alpha H=[(3, 3), (4, 4)] 1 5 True 1 0 0.0 {'onecross': True, 'D_P': 6, 'D_Q': 6, 'eHB': 6, 'k0': 2, 'k1': 6, 'k44w': False}
n23_55 21 alpha H=[(3, 3), (4, 4)] 2 4 True 1 0 0.01 {'onecross': True, 'D_P': 5, 'D_Q': 5, 'eHB': 8, 'k0': 4, 'k1': 3, 'k44w': False}
n23_55 21 alpha H=[(3, 3), (4, 4)] 2 5 True 1 0 0.01 {'onecross': True, 'D_P': 6, 'D_Q': 6, 'eHB': 8, 'k0': 4, 'k1': 2, 'k44w': False}
n23_55 21 alpha H=[(3, 3), (4, 4)] 3 4 True 1 0 0.01 {'onecross': True, 'D_P': 5, 'D_Q': 5, 'eHB': 8, 'k0': 4, 'k1': 3, 'k44w': False}
n23_55 21 alpha H=[(3, 3), (4, 4)] 4 4 True 1 0 0.01 {'onecross': True, 'D_P': 5, 'D_Q': 5, 'eHB': 6, 'k0': 3, 'k1': 6, 'k44w': False}
n23_55 21 alpha H=[(3, 3), (4, 4)] 3 5 True 1 0 0.01 {'onecross': True, 'D_P': 6, 'D_Q': 6, 'eHB': 8, 'k0': 4, 'k1': 2, 'k44w': False}
n23_55 21 alpha H=[(3, 3), (4, 4)] 4 5 True 1 0 0.01 {'onecross': True, 'D_P': 6, 'D_Q': 6, 'eHB': 6, 'k0': 2, 'k1': 6, 'k44w': False}
n23_55 21 alpha H=[(3, 3), (4, 4)] 5 4 True 1 0 0.01 {'onecross': True, 'D_P': 5, 'D_Q': 5, 'eHB': 6, 'k0': 3, 'k1': 6, 'k44w': False}
n23_55 21 alpha H=[(3, 3), (4, 4)] 5 5 True 1 0 0.01 {'onecross': True, 'D_P': 6, 'D_Q': 6, 'eHB': 6, 'k0': 2, 'k1': 6, 'k44w': False}
n23_55 21 alpha H=[(3, 3), (4, 4)] 6 4 True 1 0 0.01 {'onecross': True, 'D_P': 5, 'D_Q': 5, 'eHB': 8, 'k0': 4, 'k1': 3, 'k44w': False}
n23_55 21 alpha H=[(3, 3), (4, 4)] 6 5 True 1 0 0.01 {'onecross': True, 'D_P': 6, 'D_Q': 6, 'eHB': 8, 'k0': 4, 'k1': 2, 'k44w': False}
n23_55 21 alpha H=[(3, 3), (4, 4)] 7 4 True 1 0 0.01 {'onecross': True, 'D_P': 5, 'D_Q': 5, 'eHB': 6, 'k0': 3, 'k1': 6, 'k44w': False}
n23_55 21 alpha H=[(3, 3), (4, 4)] 7 5 True 1 0 0.01 {'onecross': True, 'D_P': 6, 'D_Q': 6, 'eHB': 6, 'k0': 6, 'k1': 2, 'k44w': False}
n23_55 21 alpha H=[(3, 3), (4, 4)] 8 4 True 1 0 0.01 {'onecross': True, 'D_P': 5, 'D_Q': 5, 'eHB': 6, 'k0': 3, 'k1': 6, 'k44w': False}
n23_55 21 alpha H=[(3, 3), (4, 4)] 8 5 True 1 0 0.01 {'onecross': True, 'D_P': 6, 'D_Q': 6, 'eHB': 6, 'k0': 6, 'k1': 2, 'k44w': False}
n23_55 21 alpha H=[(3, 3), (4, 4)] 9 4 True 1 0 0.01 {'onecross': True, 'D_P': 5, 'D_Q': 5, 'eHB': 8, 'k0': 4, 'k1': 3, 'k44w': False}
n23_55 21 alpha H=[(3, 3), (4, 4)] 9 5 True 1 0 0.01 {'onecross': True, 'D_P': 6, 'D_Q': 6, 'eHB': 8, 'k0': 4, 'k1': 2, 'k44w': False}
n23_55 21 alpha H=[(3, 3), (4, 4)] 10 4 True 1 0 0.01 {'onecross': True, 'D_P': 5, 'D_Q': 5, 'eHB': 8, 'k0': 4, 'k1': 3, 'k44w': False}
n23_55 21 alpha H=[(3, 3), (4, 4)] 10 5 True 1 0 0.01 {'onecross': True, 'D_P': 6, 'D_Q': 6, 'eHB': 8, 'k0': 4, 'k1': 2, 'k44w': False}
n23_55 21 alpha H=[(3, 3), (4, 4)] 11 4 True 1 0 0.01 {'onecross': True, 'D_P': 5, 'D_Q': 5, 'eHB': 8, 'k0': 4, 'k1': 3, 'k44w': False}
n23_55 21 alpha H=[(3, 3), (4, 4)] 11 5 True 1 0 0.01 {'onecross': True, 'D_P': 6, 'D_Q': 6, 'eHB': 8, 'k0': 4, 'k1': 2, 'k44w': False}
n23_55 21 alpha H=[(3, 3), (4, 4)] 12 4 True 1 0 0.01 {'onecross': True, 'D_P': 5, 'D_Q': 5, 'eHB': 6, 'k0': 3, 'k1': 6, 'k44w': False}
n23_55 21 alpha H=[(3, 3), (4, 4)] 12 5 True 1 0 0.01 {'onecross': True, 'D_P': 6, 'D_Q': 6, 'eHB': 5, 'k0': 7, 'k1': 2, 'k44w': False}
n23_55 21 alpha H=[(3, 3), (4, 4)] 13 4 True 1 0 0.01 {'onecross': True, 'D_P': 5, 'D_Q': 5, 'eHB': 6, 'k0': 6, 'k1': 3, 'k44w': False}
n23_55 22 beta H=[] 0 4 True 1 0 0.01 {'onecross': True, 'D_P': 5, 'D_Q': 5, 'eHB': 5, 'k0': 7, 'k1': 5, 'k44w': False}
n23_55 21 alpha H=[(3, 3), (4, 4)] 13 5 True 1 0 0.01 {'onecross': True, 'D_P': 6, 'D_Q': 6, 'eHB': 6, 'k0': 6, 'k1': 2, 'k44w': False}
n23_55 22 beta H=[] 0 5 True 1 0 0.01 {'onecross': True, 'D_P': 6, 'D_Q': 6, 'eHB': 5, 'k0': 7, 'k1': 4, 'k44w': False}
n23_55 22 beta H=[] 1 4 True 1 0 0.01 {'onecross': True, 'D_P': 5, 'D_Q': 5, 'eHB': 6, 'k0': 6, 'k1': 5, 'k44w': False}
n23_55 22 beta H=[] 1 5 True 1 0 0.01 {'onecross': True, 'D_P': 6, 'D_Q': 6, 'eHB': 6, 'k0': 6, 'k1': 4, 'k44w': False}
n23_55 22 beta H=[] 2 4 True 1 0 0.01 {'onecross': True, 'D_P': 5, 'D_Q': 5, 'eHB': 5, 'k0': 5, 'k1': 7, 'k44w': False}
n23_55 22 beta H=[] 2 5 True 1 0 0.01 {'onecross': True, 'D_P': 6, 'D_Q': 6, 'eHB': 5, 'k0': 4, 'k1': 7, 'k44w': False}
n23_55 22 beta H=[] 3 5 True 1 0 0.01 {'onecross': True, 'D_P': 6, 'D_Q': 6, 'eHB': 5, 'k0': 4, 'k1': 7, 'k44w': False}
n23_55 22 beta H=[] 3 4 True 1 0 0.01 {'onecross': True, 'D_P': 5, 'D_Q': 5, 'eHB': 5, 'k0': 5, 'k1': 7, 'k44w': False}
n23_55 22 beta H=[] 4 4 True 1 0 0.01 {'onecross': True, 'D_P': 5, 'D_Q': 5, 'eHB': 6, 'k0': 6, 'k1': 5, 'k44w': False}
n23_55 22 beta H=[] 4 5 True 1 0 0.01 {'onecross': True, 'D_P': 6, 'D_Q': 6, 'eHB': 6, 'k0': 6, 'k1': 4, 'k44w': False}
n23_55 22 beta H=[] 5 4 True 1 0 0.01 {'onecross': True, 'D_P': 5, 'D_Q': 5, 'eHB': 6, 'k0': 6, 'k1': 5, 'k44w': False}
n23_55 22 beta H=[] 5 5 True 1 0 0.01 {'onecross': True, 'D_P': 6, 'D_Q': 6, 'eHB': 6, 'k0': 6, 'k1': 4, 'k44w': False}
n23_55 22 beta H=[] 6 4 True 1 0 0.01 {'onecross': True, 'D_P': 5, 'D_Q': 5, 'eHB': 5, 'k0': 5, 'k1': 7, 'k44w': False}
n23_55 22 beta H=[] 6 5 True 1 0 0.01 {'onecross': True, 'D_P': 6, 'D_Q': 6, 'eHB': 5, 'k0': 4, 'k1': 7, 'k44w': False}
n23_55 22 beta H=[] 7 4 True 1 0 0.01 {'onecross': True, 'D_P': 5, 'D_Q': 5, 'eHB': 6, 'k0': 6, 'k1': 5, 'k44w': False}
n23_55 22 beta H=[] 7 5 True 1 0 0.01 {'onecross': True, 'D_P': 6, 'D_Q': 6, 'eHB': 6, 'k0': 6, 'k1': 4, 'k44w': False}
n23_55 22 beta H=[] 8 4 True 1 0 0.01 {'onecross': True, 'D_P': 5, 'D_Q': 5, 'eHB': 6, 'k0': 6, 'k1': 5, 'k44w': False}
n23_55 22 beta H=[] 8 5 True 1 0 0.01 {'onecross': True, 'D_P': 6, 'D_Q': 6, 'eHB': 6, 'k0': 6, 'k1': 4, 'k44w': False}
n23_55 22 beta H=[] 9 4 True 1 0 0.01 {'onecross': True, 'D_P': 5, 'D_Q': 5, 'eHB': 4, 'k0': 5, 'k1': 8, 'k44w': False}
n23_55 22 beta H=[] 9 5 True 1 0 0.01 {'onecross': True, 'D_P': 6, 'D_Q': 6, 'eHB': 5, 'k0': 4, 'k1': 7, 'k44w': False}
n23_55 22 beta H=[] 10 4 True 1 0 0.01 {'onecross': True, 'D_P': 5, 'D_Q': 5, 'eHB': 5, 'k0': 5, 'k1': 7, 'k44w': False}
n23_55 22 beta H=[] 10 5 True 1 0 0.01 {'onecross': True, 'D_P': 6, 'D_Q': 6, 'eHB': 5, 'k0': 4, 'k1': 7, 'k44w': False}
n23_55 22 beta H=[] 11 4 True 1 0 0.01 {'onecross': True, 'D_P': 5, 'D_Q': 5, 'eHB': 5, 'k0': 5, 'k1': 7, 'k44w': False}
n23_55 22 beta H=[] 11 5 True 1 0 0.01 {'onecross': True, 'D_P': 6, 'D_Q': 6, 'eHB': 5, 'k0': 4, 'k1': 7, 'k44w': False}
n23_55 22 beta H=[] 12 4 True 1 0 0.01 {'onecross': True, 'D_P': 5, 'D_Q': 5, 'eHB': 5, 'k0': 7, 'k1': 5, 'k44w': False}
n23_55 22 beta H=[] 12 5 True 1 0 0.01 {'onecross': True, 'D_P': 6, 'D_Q': 6, 'eHB': 5, 'k0': 7, 'k1': 4, 'k44w': False}
n23_55 22 beta H=[] 13 4 True 1 0 0.01 {'onecross': True, 'D_P': 5, 'D_Q': 5, 'eHB': 5, 'k0': 5, 'k1': 7, 'k44w': False}
n23_55 22 beta H=[] 13 5 True 1 0 0.01 {'onecross': True, 'D_P': 6, 'D_Q': 6, 'eHB': 5, 'k0': 4, 'k1': 7, 'k44w': False}
n23_55 23 beta H=[(0, 1)] 0 4 True 1 0 0.01 {'onecross': True, 'D_P': 5, 'D_Q': 5, 'eHB': 5, 'k0': 7, 'k1': 4, 'k44w': False}
n23_55 23 beta H=[(0, 1)] 0 5 True 1 0 0.01 {'onecross': True, 'D_P': 6, 'D_Q': 6, 'eHB': 5, 'k0': 7, 'k1': 3, 'k44w': False}
n23_55 23 beta H=[(0, 1)] 1 4 True 1 0 0.01 {'onecross': True, 'D_P': 5, 'D_Q': 5, 'eHB': 6, 'k0': 6, 'k1': 4, 'k44w': False}
n23_55 23 beta H=[(0, 1)] 1 5 True 1 0 0.01 {'onecross': True, 'D_P': 6, 'D_Q': 6, 'eHB': 6, 'k0': 6, 'k1': 3, 'k44w': False}
n23_55 23 beta H=[(0, 1)] 2 4 True 1 0 0.01 {'onecross': True, 'D_P': 5, 'D_Q': 5, 'eHB': 5, 'k0': 4, 'k1': 7, 'k44w': False}
n23_55 23 beta H=[(0, 1)] 2 5 True 1 0 0.01 {'onecross': True, 'D_P': 6, 'D_Q': 6, 'eHB': 6, 'k0': 3, 'k1': 6, 'k44w': False}
n23_55 23 beta H=[(0, 1)] 3 4 True 1 0 0.01 {'onecross': True, 'D_P': 5, 'D_Q': 5, 'eHB': 5, 'k0': 4, 'k1': 7, 'k44w': False}
n23_55 23 beta H=[(0, 1)] 3 5 True 1 0 0.01 {'onecross': True, 'D_P': 6, 'D_Q': 6, 'eHB': 6, 'k0': 3, 'k1': 6, 'k44w': False}
n23_55 23 beta H=[(0, 1)] 4 4 True 1 0 0.01 {'onecross': True, 'D_P': 5, 'D_Q': 5, 'eHB': 6, 'k0': 6, 'k1': 4, 'k44w': False}
n23_55 23 beta H=[(0, 1)] 4 5 True 1 0 0.01 {'onecross': True, 'D_P': 6, 'D_Q': 6, 'eHB': 6, 'k0': 6, 'k1': 3, 'k44w': False}
n23_55 23 beta H=[(0, 1)] 5 4 True 1 0 0.01 {'onecross': True, 'D_P': 5, 'D_Q': 5, 'eHB': 6, 'k0': 6, 'k1': 4, 'k44w': False}
n23_55 23 beta H=[(0, 1)] 6 4 True 1 0 0.01 {'onecross': True, 'D_P': 5, 'D_Q': 5, 'eHB': 5, 'k0': 4, 'k1': 7, 'k44w': False}
n23_55 23 beta H=[(0, 1)] 5 5 True 1 0 0.01 {'onecross': True, 'D_P': 6, 'D_Q': 6, 'eHB': 6, 'k0': 6, 'k1': 3, 'k44w': False}
n23_55 23 beta H=[(0, 1)] 6 5 True 1 0 0.01 {'onecross': True, 'D_P': 6, 'D_Q': 6, 'eHB': 6, 'k0': 3, 'k1': 6, 'k44w': False}
n23_55 23 beta H=[(0, 1)] 7 4 True 1 0 0.01 {'onecross': True, 'D_P': 5, 'D_Q': 5, 'eHB': 6, 'k0': 6, 'k1': 4, 'k44w': False}
n23_55 23 beta H=[(0, 1)] 7 5 True 1 0 0.01 {'onecross': True, 'D_P': 6, 'D_Q': 6, 'eHB': 6, 'k0': 6, 'k1': 3, 'k44w': False}
n23_55 23 beta H=[(0, 1)] 8 4 True 1 0 0.01 {'onecross': True, 'D_P': 5, 'D_Q': 5, 'eHB': 6, 'k0': 6, 'k1': 4, 'k44w': False}
n23_55 23 beta H=[(0, 1)] 8 5 True 1 0 0.01 {'onecross': True, 'D_P': 6, 'D_Q': 6, 'eHB': 6, 'k0': 6, 'k1': 3, 'k44w': False}
n23_55 23 beta H=[(0, 1)] 9 4 True 1 0 0.01 {'onecross': True, 'D_P': 5, 'D_Q': 5, 'eHB': 5, 'k0': 4, 'k1': 7, 'k44w': False}
n23_55 23 beta H=[(0, 1)] 9 5 True 1 0 0.01 {'onecross': True, 'D_P': 6, 'D_Q': 6, 'eHB': 6, 'k0': 3, 'k1': 6, 'k44w': False}
n23_55 23 beta H=[(0, 1)] 10 4 True 1 0 0.01 {'onecross': True, 'D_P': 5, 'D_Q': 5, 'eHB': 5, 'k0': 4, 'k1': 7, 'k44w': False}
n23_55 23 beta H=[(0, 1)] 10 5 True 1 0 0.01 {'onecross': True, 'D_P': 6, 'D_Q': 6, 'eHB': 6, 'k0': 3, 'k1': 6, 'k44w': False}
n23_55 23 beta H=[(0, 1)] 11 4 True 1 0 0.01 {'onecross': True, 'D_P': 5, 'D_Q': 5, 'eHB': 5, 'k0': 4, 'k1': 7, 'k44w': False}
n23_55 23 beta H=[(0, 1)] 11 5 True 1 0 0.01 {'onecross': True, 'D_P': 6, 'D_Q': 6, 'eHB': 6, 'k0': 3, 'k1': 6, 'k44w': False}
n23_55 23 beta H=[(0, 1)] 12 4 True 1 0 0.01 {'onecross': True, 'D_P': 5, 'D_Q': 5, 'eHB': 5, 'k0': 7, 'k1': 4, 'k44w': False}
n23_55 23 beta H=[(0, 1)] 12 5 True 1 0 0.01 {'onecross': True, 'D_P': 6, 'D_Q': 6, 'eHB': 5, 'k0': 7, 'k1': 3, 'k44w': False}
n23_55 23 beta H=[(0, 1)] 13 4 True 1 0 0.01 {'onecross': True, 'D_P': 5, 'D_Q': 5, 'eHB': 6, 'k0': 6, 'k1': 4, 'k44w': False}
n23_55 23 beta H=[(0, 1)] 13 5 True 1 0 0.01 {'onecross': True, 'D_P': 6, 'D_Q': 6, 'eHB': 6, 'k0': 6, 'k1': 3, 'k44w': False}
n23_55 24 beta H=[(0, 2)] 0 4 True 1 0 0.01 {'onecross': True, 'D_P': 5, 'D_Q': 5, 'eHB': 5, 'k0': 7, 'k1': 4, 'k44w': False}
n23_55 24 beta H=[(0, 2)] 0 5 True 1 0 0.01 {'onecross': True, 'D_P': 6, 'D_Q': 6, 'eHB': 5, 'k0': 7, 'k1': 3, 'k44w': False}
n23_55 24 beta H=[(0, 2)] 1 4 True 1 0 0.01 {'onecross': True, 'D_P': 5, 'D_Q': 5, 'eHB': 6, 'k0': 6, 'k1': 4, 'k44w': False}
n23_55 24 beta H=[(0, 2)] 1 5 True 1 0 0.01 {'onecross': True, 'D_P': 6, 'D_Q': 6, 'eHB': 6, 'k0': 6, 'k1': 3, 'k44w': False}
n23_55 24 beta H=[(0, 2)] 2 4 True 1 0 0.01 {'onecross': True, 'D_P': 5, 'D_Q': 5, 'eHB': 5, 'k0': 4, 'k1': 7, 'k44w': False}
n23_55 24 beta H=[(0, 2)] 2 5 True 1 0 0.01 {'onecross': True, 'D_P': 6, 'D_Q': 6, 'eHB': 6, 'k0': 3, 'k1': 6, 'k44w': False}
n23_55 24 beta H=[(0, 2)] 3 4 True 1 0 0.01 {'onecross': True, 'D_P': 5, 'D_Q': 5, 'eHB': 5, 'k0': 4, 'k1': 7, 'k44w': False}
n23_55 24 beta H=[(0, 2)] 3 5 True 1 0 0.01 {'onecross': True, 'D_P': 6, 'D_Q': 6, 'eHB': 6, 'k0': 3, 'k1': 6, 'k44w': False}
n23_55 24 beta H=[(0, 2)] 4 4 True 1 0 0.01 {'onecross': True, 'D_P': 5, 'D_Q': 5, 'eHB': 6, 'k0': 6, 'k1': 4, 'k44w': False}
n23_55 24 beta H=[(0, 2)] 4 5 True 1 0 0.01 {'onecross': True, 'D_P': 6, 'D_Q': 6, 'eHB': 6, 'k0': 6, 'k1': 3, 'k44w': False}
n23_55 24 beta H=[(0, 2)] 5 4 True 1 0 0.01 {'onecross': True, 'D_P': 5, 'D_Q': 5, 'eHB': 6, 'k0': 6, 'k1': 4, 'k44w': False}
n23_55 24 beta H=[(0, 2)] 5 5 True 1 0 0.01 {'onecross': True, 'D_P': 6, 'D_Q': 6, 'eHB': 6, 'k0': 6, 'k1': 3, 'k44w': False}
n23_55 24 beta H=[(0, 2)] 6 4 True 1 0 0.01 {'onecross': True, 'D_P': 5, 'D_Q': 5, 'eHB': 5, 'k0': 4, 'k1': 7, 'k44w': False}
n23_55 24 beta H=[(0, 2)] 6 5 True 1 0 0.01 {'onecross': True, 'D_P': 6, 'D_Q': 6, 'eHB': 6, 'k0': 3, 'k1': 6, 'k44w': False}
n23_55 24 beta H=[(0, 2)] 7 4 True 1 0 0.01 {'onecross': True, 'D_P': 5, 'D_Q': 5, 'eHB': 6, 'k0': 6, 'k1': 4, 'k44w': False}
n23_55 24 beta H=[(0, 2)] 8 4 True 1 0 0.01 {'onecross': True, 'D_P': 5, 'D_Q': 5, 'eHB': 6, 'k0': 6, 'k1': 4, 'k44w': False}
n23_55 24 beta H=[(0, 2)] 7 5 True 1 0 0.01 {'onecross': True, 'D_P': 6, 'D_Q': 6, 'eHB': 6, 'k0': 6, 'k1': 3, 'k44w': False}
n23_55 24 beta H=[(0, 2)] 8 5 True 1 0 0.01 {'onecross': True, 'D_P': 6, 'D_Q': 6, 'eHB': 6, 'k0': 6, 'k1': 3, 'k44w': False}
n23_55 24 beta H=[(0, 2)] 9 4 True 1 0 0.01 {'onecross': True, 'D_P': 5, 'D_Q': 5, 'eHB': 5, 'k0': 4, 'k1': 7, 'k44w': False}
n23_55 24 beta H=[(0, 2)] 9 5 True 1 0 0.01 {'onecross': True, 'D_P': 6, 'D_Q': 6, 'eHB': 6, 'k0': 3, 'k1': 6, 'k44w': False}
n23_55 24 beta H=[(0, 2)] 10 4 True 1 0 0.01 {'onecross': True, 'D_P': 5, 'D_Q': 5, 'eHB': 5, 'k0': 4, 'k1': 7, 'k44w': False}
n23_55 24 beta H=[(0, 2)] 10 5 True 1 0 0.01 {'onecross': True, 'D_P': 6, 'D_Q': 6, 'eHB': 6, 'k0': 3, 'k1': 6, 'k44w': False}
n23_55 24 beta H=[(0, 2)] 11 4 True 1 0 0.01 {'onecross': True, 'D_P': 5, 'D_Q': 5, 'eHB': 5, 'k0': 4, 'k1': 7, 'k44w': False}
n23_55 24 beta H=[(0, 2)] 12 4 True 1 0 0.01 {'onecross': True, 'D_P': 5, 'D_Q': 5, 'eHB': 5, 'k0': 7, 'k1': 4, 'k44w': False}
n23_55 24 beta H=[(0, 2)] 11 5 True 1 0 0.01 {'onecross': True, 'D_P': 6, 'D_Q': 6, 'eHB': 6, 'k0': 3, 'k1': 6, 'k44w': False}
n23_55 24 beta H=[(0, 2)] 12 5 True 1 0 0.01 {'onecross': True, 'D_P': 6, 'D_Q': 6, 'eHB': 5, 'k0': 7, 'k1': 3, 'k44w': False}
n23_55 24 beta H=[(0, 2)] 13 4 True 1 0 0.01 {'onecross': True, 'D_P': 5, 'D_Q': 5, 'eHB': 6, 'k0': 6, 'k1': 4, 'k44w': False}
n23_55 25 beta H=[(1, 0)] 0 4 True 1 0 0.01 {'onecross': True, 'D_P': 5, 'D_Q': 5, 'eHB': 5, 'k0': 7, 'k1': 4, 'k44w': False}
n23_55 24 beta H=[(0, 2)] 13 5 True 1 0 0.01 {'onecross': True, 'D_P': 6, 'D_Q': 6, 'eHB': 6, 'k0': 6, 'k1': 3, 'k44w': False}
n23_55 25 beta H=[(1, 0)] 0 5 True 1 0 0.01 {'onecross': True, 'D_P': 6, 'D_Q': 6, 'eHB': 5, 'k0': 7, 'k1': 3, 'k44w': False}
n23_55 25 beta H=[(1, 0)] 1 4 True 1 0 0.01 {'onecross': True, 'D_P': 5, 'D_Q': 5, 'eHB': 6, 'k0': 6, 'k1': 4, 'k44w': False}
n23_55 25 beta H=[(1, 0)] 1 5 True 1 0 0.01 {'onecross': True, 'D_P': 6, 'D_Q': 6, 'eHB': 6, 'k0': 6, 'k1': 3, 'k44w': False}
n23_55 25 beta H=[(1, 0)] 2 4 True 1 0 0.01 {'onecross': True, 'D_P': 5, 'D_Q': 5, 'eHB': 5, 'k0': 4, 'k1': 7, 'k44w': False}
n23_55 25 beta H=[(1, 0)] 2 5 True 1 0 0.01 {'onecross': True, 'D_P': 6, 'D_Q': 6, 'eHB': 6, 'k0': 3, 'k1': 6, 'k44w': False}
n23_55 25 beta H=[(1, 0)] 3 4 True 1 0 0.01 {'onecross': True, 'D_P': 5, 'D_Q': 5, 'eHB': 5, 'k0': 4, 'k1': 7, 'k44w': False}
n23_55 25 beta H=[(1, 0)] 4 4 True 1 0 0.01 {'onecross': True, 'D_P': 5, 'D_Q': 5, 'eHB': 6, 'k0': 6, 'k1': 4, 'k44w': False}
n23_55 25 beta H=[(1, 0)] 3 5 True 1 0 0.01 {'onecross': True, 'D_P': 6, 'D_Q': 6, 'eHB': 6, 'k0': 3, 'k1': 6, 'k44w': False}
n23_55 25 beta H=[(1, 0)] 4 5 True 1 0 0.01 {'onecross': True, 'D_P': 6, 'D_Q': 6, 'eHB': 6, 'k0': 6, 'k1': 3, 'k44w': False}
n23_55 25 beta H=[(1, 0)] 5 4 True 1 0 0.01 {'onecross': True, 'D_P': 5, 'D_Q': 5, 'eHB': 6, 'k0': 6, 'k1': 4, 'k44w': False}
n23_55 25 beta H=[(1, 0)] 5 5 True 1 0 0.01 {'onecross': True, 'D_P': 6, 'D_Q': 6, 'eHB': 6, 'k0': 6, 'k1': 3, 'k44w': False}
n23_55 25 beta H=[(1, 0)] 6 4 True 1 0 0.01 {'onecross': True, 'D_P': 5, 'D_Q': 5, 'eHB': 5, 'k0': 4, 'k1': 7, 'k44w': False}
n23_55 25 beta H=[(1, 0)] 6 5 True 1 0 0.01 {'onecross': True, 'D_P': 6, 'D_Q': 6, 'eHB': 6, 'k0': 3, 'k1': 6, 'k44w': False}
n23_55 25 beta H=[(1, 0)] 7 4 True 1 0 0.01 {'onecross': True, 'D_P': 5, 'D_Q': 5, 'eHB': 6, 'k0': 6, 'k1': 4, 'k44w': False}
n23_55 25 beta H=[(1, 0)] 7 5 True 1 0 0.01 {'onecross': True, 'D_P': 6, 'D_Q': 6, 'eHB': 6, 'k0': 6, 'k1': 3, 'k44w': False}
n23_55 25 beta H=[(1, 0)] 8 4 True 1 0 0.01 {'onecross': True, 'D_P': 5, 'D_Q': 5, 'eHB': 6, 'k0': 6, 'k1': 4, 'k44w': False}
n23_55 25 beta H=[(1, 0)] 8 5 True 1 0 0.01 {'onecross': True, 'D_P': 6, 'D_Q': 6, 'eHB': 6, 'k0': 6, 'k1': 3, 'k44w': False}
n23_55 25 beta H=[(1, 0)] 9 4 True 1 0 0.01 {'onecross': True, 'D_P': 5, 'D_Q': 5, 'eHB': 5, 'k0': 4, 'k1': 7, 'k44w': False}
n23_55 25 beta H=[(1, 0)] 9 5 True 1 0 0.01 {'onecross': True, 'D_P': 6, 'D_Q': 6, 'eHB': 6, 'k0': 3, 'k1': 6, 'k44w': False}
n23_55 25 beta H=[(1, 0)] 10 4 True 1 0 0.01 {'onecross': True, 'D_P': 5, 'D_Q': 5, 'eHB': 5, 'k0': 4, 'k1': 7, 'k44w': False}
n23_55 25 beta H=[(1, 0)] 10 5 True 1 0 0.01 {'onecross': True, 'D_P': 6, 'D_Q': 6, 'eHB': 6, 'k0': 3, 'k1': 6, 'k44w': False}
n23_55 25 beta H=[(1, 0)] 12 4 True 1 0 0.01 {'onecross': True, 'D_P': 5, 'D_Q': 5, 'eHB': 5, 'k0': 4, 'k1': 7, 'k44w': False}
n23_55 25 beta H=[(1, 0)] 11 4 True 1 0 0.01 {'onecross': True, 'D_P': 5, 'D_Q': 5, 'eHB': 5, 'k0': 4, 'k1': 7, 'k44w': False}
n23_55 25 beta H=[(1, 0)] 11 5 True 1 0 0.01 {'onecross': True, 'D_P': 6, 'D_Q': 6, 'eHB': 6, 'k0': 3, 'k1': 6, 'k44w': False}
n23_55 25 beta H=[(1, 0)] 12 5 True 1 0 0.01 {'onecross': True, 'D_P': 6, 'D_Q': 6, 'eHB': 6, 'k0': 3, 'k1': 6, 'k44w': False}
n23_55 25 beta H=[(1, 0)] 13 5 True 1 0 0.01 {'onecross': True, 'D_P': 6, 'D_Q': 6, 'eHB': 6, 'k0': 6, 'k1': 3, 'k44w': False}
n23_55 25 beta H=[(1, 0)] 13 4 True 1 0 0.01 {'onecross': True, 'D_P': 5, 'D_Q': 5, 'eHB': 6, 'k0': 6, 'k1': 4, 'k44w': False}
n23_55 26 beta H=[(2, 0)] 0 4 True 1 0 0.01 {'onecross': True, 'D_P': 5, 'D_Q': 5, 'eHB': 5, 'k0': 7, 'k1': 4, 'k44w': False}
n23_55 26 beta H=[(2, 0)] 0 5 True 1 0 0.01 {'onecross': True, 'D_P': 6, 'D_Q': 6, 'eHB': 5, 'k0': 7, 'k1': 3, 'k44w': False}
n23_55 26 beta H=[(2, 0)] 1 4 True 1 0 0.01 {'onecross': True, 'D_P': 5, 'D_Q': 5, 'eHB': 6, 'k0': 6, 'k1': 4, 'k44w': False}
n23_55 26 beta H=[(2, 0)] 2 4 True 1 0 0.01 {'onecross': True, 'D_P': 5, 'D_Q': 5, 'eHB': 5, 'k0': 4, 'k1': 7, 'k44w': False}
n23_55 26 beta H=[(2, 0)] 1 5 True 1 0 0.01 {'onecross': True, 'D_P': 6, 'D_Q': 6, 'eHB': 6, 'k0': 6, 'k1': 3, 'k44w': False}
n23_55 26 beta H=[(2, 0)] 2 5 True 1 0 0.01 {'onecross': True, 'D_P': 6, 'D_Q': 6, 'eHB': 6, 'k0': 3, 'k1': 6, 'k44w': False}
n23_55 26 beta H=[(2, 0)] 3 4 True 1 0 0.01 {'onecross': True, 'D_P': 5, 'D_Q': 5, 'eHB': 5, 'k0': 4, 'k1': 7, 'k44w': False}
n23_55 26 beta H=[(2, 0)] 3 5 True 1 0 0.01 {'onecross': True, 'D_P': 6, 'D_Q': 6, 'eHB': 6, 'k0': 3, 'k1': 6, 'k44w': False}
n23_55 26 beta H=[(2, 0)] 4 4 True 1 0 0.01 {'onecross': True, 'D_P': 5, 'D_Q': 5, 'eHB': 6, 'k0': 6, 'k1': 4, 'k44w': False}
n23_55 26 beta H=[(2, 0)] 4 5 True 1 0 0.01 {'onecross': True, 'D_P': 6, 'D_Q': 6, 'eHB': 6, 'k0': 6, 'k1': 3, 'k44w': False}
n23_55 26 beta H=[(2, 0)] 5 4 True 1 0 0.01 {'onecross': True, 'D_P': 5, 'D_Q': 5, 'eHB': 6, 'k0': 6, 'k1': 4, 'k44w': False}
n23_55 26 beta H=[(2, 0)] 5 5 True 1 0 0.01 {'onecross': True, 'D_P': 6, 'D_Q': 6, 'eHB': 6, 'k0': 6, 'k1': 3, 'k44w': False}
n23_55 26 beta H=[(2, 0)] 6 4 True 1 0 0.01 {'onecross': True, 'D_P': 5, 'D_Q': 5, 'eHB': 5, 'k0': 4, 'k1': 7, 'k44w': False}
n23_55 26 beta H=[(2, 0)] 6 5 True 1 0 0.01 {'onecross': True, 'D_P': 6, 'D_Q': 6, 'eHB': 6, 'k0': 3, 'k1': 6, 'k44w': False}
n23_55 26 beta H=[(2, 0)] 7 4 True 1 0 0.01 {'onecross': True, 'D_P': 5, 'D_Q': 5, 'eHB': 6, 'k0': 6, 'k1': 4, 'k44w': False}
n23_55 26 beta H=[(2, 0)] 7 5 True 1 0 0.01 {'onecross': True, 'D_P': 6, 'D_Q': 6, 'eHB': 6, 'k0': 6, 'k1': 3, 'k44w': False}
n23_55 26 beta H=[(2, 0)] 8 4 True 1 0 0.01 {'onecross': True, 'D_P': 5, 'D_Q': 5, 'eHB': 6, 'k0': 6, 'k1': 4, 'k44w': False}
n23_55 26 beta H=[(2, 0)] 8 5 True 1 0 0.01 {'onecross': True, 'D_P': 6, 'D_Q': 6, 'eHB': 6, 'k0': 6, 'k1': 3, 'k44w': False}
n23_55 26 beta H=[(2, 0)] 9 4 True 1 0 0.01 {'onecross': True, 'D_P': 5, 'D_Q': 5, 'eHB': 5, 'k0': 4, 'k1': 7, 'k44w': False}
n23_55 26 beta H=[(2, 0)] 9 5 True 1 0 0.01 {'onecross': True, 'D_P': 6, 'D_Q': 6, 'eHB': 6, 'k0': 3, 'k1': 6, 'k44w': False}
n23_55 26 beta H=[(2, 0)] 10 4 True 1 0 0.01 {'onecross': True, 'D_P': 5, 'D_Q': 5, 'eHB': 5, 'k0': 4, 'k1': 7, 'k44w': False}
n23_55 26 beta H=[(2, 0)] 10 5 True 1 0 0.01 {'onecross': True, 'D_P': 6, 'D_Q': 6, 'eHB': 6, 'k0': 3, 'k1': 6, 'k44w': False}
n23_55 26 beta H=[(2, 0)] 11 4 True 1 0 0.01 {'onecross': True, 'D_P': 5, 'D_Q': 5, 'eHB': 5, 'k0': 4, 'k1': 7, 'k44w': False}
n23_55 26 beta H=[(2, 0)] 11 5 True 1 0 0.01 {'onecross': True, 'D_P': 6, 'D_Q': 6, 'eHB': 6, 'k0': 3, 'k1': 6, 'k44w': False}
n23_55 26 beta H=[(2, 0)] 12 4 True 1 0 0.01 {'onecross': True, 'D_P': 5, 'D_Q': 5, 'eHB': 5, 'k0': 4, 'k1': 7, 'k44w': False}
n23_55 26 beta H=[(2, 0)] 12 5 True 1 0 0.01 {'onecross': True, 'D_P': 6, 'D_Q': 6, 'eHB': 6, 'k0': 3, 'k1': 6, 'k44w': False}
n23_55 26 beta H=[(2, 0)] 13 4 True 1 0 0.01 {'onecross': True, 'D_P': 5, 'D_Q': 5, 'eHB': 6, 'k0': 6, 'k1': 4, 'k44w': False}
n23_55 26 beta H=[(2, 0)] 13 5 True 1 0 0.01 {'onecross': True, 'D_P': 6, 'D_Q': 6, 'eHB': 6, 'k0': 6, 'k1': 3, 'k44w': False}
n23_55 27 beta H=[(3, 3)] 0 4 True 1 0 0.01 {'onecross': True, 'D_P': 5, 'D_Q': 5, 'eHB': 5, 'k0': 7, 'k1': 4, 'k44w': False}
n23_55 27 beta H=[(3, 3)] 0 5 True 1 0 0.01 {'onecross': True, 'D_P': 6, 'D_Q': 6, 'eHB': 5, 'k0': 7, 'k1': 3, 'k44w': False}
n23_55 27 beta H=[(3, 3)] 1 4 True 1 0 0.01 {'onecross': True, 'D_P': 5, 'D_Q': 5, 'eHB': 6, 'k0': 6, 'k1': 4, 'k44w': False}
n23_55 27 beta H=[(3, 3)] 1 5 True 1 0 0.01 {'onecross': True, 'D_P': 6, 'D_Q': 6, 'eHB': 6, 'k0': 6, 'k1': 3, 'k44w': False}
n23_55 27 beta H=[(3, 3)] 2 4 True 1 0 0.01 {'onecross': True, 'D_P': 5, 'D_Q': 5, 'eHB': 5, 'k0': 4, 'k1': 7, 'k44w': False}
n23_55 27 beta H=[(3, 3)] 2 5 True 1 0 0.01 {'onecross': True, 'D_P': 6, 'D_Q': 6, 'eHB': 6, 'k0': 3, 'k1': 6, 'k44w': False}
n23_55 27 beta H=[(3, 3)] 3 4 True 1 0 0.01 {'onecross': True, 'D_P': 5, 'D_Q': 5, 'eHB': 5, 'k0': 4, 'k1': 7, 'k44w': False}
n23_55 27 beta H=[(3, 3)] 3 5 True 1 0 0.01 {'onecross': True, 'D_P': 6, 'D_Q': 6, 'eHB': 6, 'k0': 3, 'k1': 6, 'k44w': False}
n23_55 27 beta H=[(3, 3)] 4 4 True 1 0 0.01 {'onecross': True, 'D_P': 5, 'D_Q': 5, 'eHB': 6, 'k0': 6, 'k1': 4, 'k44w': False}
n23_55 27 beta H=[(3, 3)] 4 5 True 1 0 0.01 {'onecross': True, 'D_P': 6, 'D_Q': 6, 'eHB': 6, 'k0': 6, 'k1': 3, 'k44w': False}
n23_55 27 beta H=[(3, 3)] 5 4 True 1 0 0.01 {'onecross': True, 'D_P': 5, 'D_Q': 5, 'eHB': 6, 'k0': 6, 'k1': 4, 'k44w': False}
n23_55 27 beta H=[(3, 3)] 5 5 True 1 0 0.01 {'onecross': True, 'D_P': 6, 'D_Q': 6, 'eHB': 6, 'k0': 6, 'k1': 3, 'k44w': False}
n23_55 27 beta H=[(3, 3)] 6 4 True 1 0 0.01 {'onecross': True, 'D_P': 5, 'D_Q': 5, 'eHB': 5, 'k0': 4, 'k1': 7, 'k44w': False}
n23_55 27 beta H=[(3, 3)] 6 5 True 1 0 0.01 {'onecross': True, 'D_P': 6, 'D_Q': 6, 'eHB': 6, 'k0': 3, 'k1': 6, 'k44w': False}
n23_55 27 beta H=[(3, 3)] 7 4 True 1 0 0.01 {'onecross': True, 'D_P': 5, 'D_Q': 5, 'eHB': 6, 'k0': 6, 'k1': 4, 'k44w': False}
n23_55 27 beta H=[(3, 3)] 7 5 True 1 0 0.01 {'onecross': True, 'D_P': 6, 'D_Q': 6, 'eHB': 6, 'k0': 6, 'k1': 3, 'k44w': False}
n23_55 27 beta H=[(3, 3)] 8 4 True 1 0 0.01 {'onecross': True, 'D_P': 5, 'D_Q': 5, 'eHB': 6, 'k0': 6, 'k1': 4, 'k44w': False}
n23_55 27 beta H=[(3, 3)] 8 5 True 1 0 0.01 {'onecross': True, 'D_P': 6, 'D_Q': 6, 'eHB': 6, 'k0': 6, 'k1': 3, 'k44w': False}
n23_55 27 beta H=[(3, 3)] 9 4 True 1 0 0.01 {'onecross': True, 'D_P': 5, 'D_Q': 5, 'eHB': 5, 'k0': 4, 'k1': 7, 'k44w': False}
n23_55 27 beta H=[(3, 3)] 9 5 True 1 0 0.01 {'onecross': True, 'D_P': 6, 'D_Q': 6, 'eHB': 6, 'k0': 3, 'k1': 6, 'k44w': False}
n23_55 27 beta H=[(3, 3)] 10 4 True 1 0 0.01 {'onecross': True, 'D_P': 5, 'D_Q': 5, 'eHB': 5, 'k0': 4, 'k1': 7, 'k44w': False}
n23_55 27 beta H=[(3, 3)] 10 5 True 1 0 0.01 {'onecross': True, 'D_P': 6, 'D_Q': 6, 'eHB': 6, 'k0': 3, 'k1': 6, 'k44w': False}
n23_55 27 beta H=[(3, 3)] 11 4 True 1 0 0.01 {'onecross': True, 'D_P': 5, 'D_Q': 5, 'eHB': 5, 'k0': 4, 'k1': 7, 'k44w': False}
n23_55 27 beta H=[(3, 3)] 11 5 True 1 0 0.01 {'onecross': True, 'D_P': 6, 'D_Q': 6, 'eHB': 6, 'k0': 3, 'k1': 6, 'k44w': False}
n23_55 27 beta H=[(3, 3)] 12 4 True 1 0 0.01 {'onecross': True, 'D_P': 5, 'D_Q': 5, 'eHB': 5, 'k0': 7, 'k1': 4, 'k44w': False}
n23_55 27 beta H=[(3, 3)] 12 5 True 1 0 0.01 {'onecross': True, 'D_P': 6, 'D_Q': 6, 'eHB': 5, 'k0': 7, 'k1': 3, 'k44w': False}
n23_55 27 beta H=[(3, 3)] 13 4 True 1 0 0.01 {'onecross': True, 'D_P': 5, 'D_Q': 5, 'eHB': 6, 'k0': 6, 'k1': 4, 'k44w': False}
n23_55 27 beta H=[(3, 3)] 13 5 True 1 0 0.01 {'onecross': True, 'D_P': 6, 'D_Q': 6, 'eHB': 6, 'k0': 6, 'k1': 3, 'k44w': False}
n23_55 28 beta H=[(4, 4)] 0 4 True 1 0 0.01 {'onecross': True, 'D_P': 5, 'D_Q': 5, 'eHB': 5, 'k0': 7, 'k1': 4, 'k44w': False}
n23_55 28 beta H=[(4, 4)] 0 5 True 1 0 0.01 {'onecross': True, 'D_P': 6, 'D_Q': 6, 'eHB': 5, 'k0': 7, 'k1': 3, 'k44w': False}
n23_55 28 beta H=[(4, 4)] 1 4 True 1 0 0.01 {'onecross': True, 'D_P': 5, 'D_Q': 5, 'eHB': 5, 'k0': 4, 'k1': 7, 'k44w': False}
n23_55 28 beta H=[(4, 4)] 1 5 True 1 0 0.01 {'onecross': True, 'D_P': 6, 'D_Q': 6, 'eHB': 6, 'k0': 3, 'k1': 6, 'k44w': False}
n23_55 28 beta H=[(4, 4)] 2 4 True 1 0 0.01 {'onecross': True, 'D_P': 5, 'D_Q': 5, 'eHB': 5, 'k0': 4, 'k1': 7, 'k44w': False}
n23_55 28 beta H=[(4, 4)] 2 5 True 1 0 0.01 {'onecross': True, 'D_P': 6, 'D_Q': 6, 'eHB': 6, 'k0': 3, 'k1': 6, 'k44w': False}
n23_55 28 beta H=[(4, 4)] 3 4 True 1 0 0.01 {'onecross': True, 'D_P': 5, 'D_Q': 5, 'eHB': 5, 'k0': 4, 'k1': 7, 'k44w': False}
n23_55 28 beta H=[(4, 4)] 3 5 True 1 0 0.01 {'onecross': True, 'D_P': 6, 'D_Q': 6, 'eHB': 6, 'k0': 3, 'k1': 6, 'k44w': False}
n23_55 28 beta H=[(4, 4)] 4 4 True 1 0 0.01 {'onecross': True, 'D_P': 5, 'D_Q': 5, 'eHB': 5, 'k0': 4, 'k1': 7, 'k44w': False}
n23_55 28 beta H=[(4, 4)] 4 5 True 1 0 0.01 {'onecross': True, 'D_P': 6, 'D_Q': 6, 'eHB': 6, 'k0': 3, 'k1': 6, 'k44w': False}
n23_55 28 beta H=[(4, 4)] 5 4 True 1 0 0.01 {'onecross': True, 'D_P': 5, 'D_Q': 5, 'eHB': 5, 'k0': 4, 'k1': 7, 'k44w': False}
n23_55 28 beta H=[(4, 4)] 5 5 True 1 0 0.01 {'onecross': True, 'D_P': 6, 'D_Q': 6, 'eHB': 6, 'k0': 3, 'k1': 6, 'k44w': False}
n23_55 28 beta H=[(4, 4)] 6 4 True 1 0 0.01 {'onecross': True, 'D_P': 5, 'D_Q': 5, 'eHB': 5, 'k0': 4, 'k1': 7, 'k44w': False}
n23_55 28 beta H=[(4, 4)] 6 5 True 1 0 0.01 {'onecross': True, 'D_P': 6, 'D_Q': 6, 'eHB': 6, 'k0': 3, 'k1': 6, 'k44w': False}
n23_55 28 beta H=[(4, 4)] 7 4 True 1 0 0.01 {'onecross': True, 'D_P': 5, 'D_Q': 5, 'eHB': 5, 'k0': 4, 'k1': 7, 'k44w': False}
n23_55 28 beta H=[(4, 4)] 8 4 True 1 0 0.01 {'onecross': True, 'D_P': 5, 'D_Q': 5, 'eHB': 5, 'k0': 4, 'k1': 7, 'k44w': False}
n23_55 28 beta H=[(4, 4)] 7 5 True 1 0 0.01 {'onecross': True, 'D_P': 6, 'D_Q': 6, 'eHB': 6, 'k0': 3, 'k1': 6, 'k44w': False}
n23_55 28 beta H=[(4, 4)] 8 5 True 1 0 0.01 {'onecross': True, 'D_P': 6, 'D_Q': 6, 'eHB': 6, 'k0': 3, 'k1': 6, 'k44w': False}
n23_55 28 beta H=[(4, 4)] 9 4 True 1 0 0.01 {'onecross': True, 'D_P': 5, 'D_Q': 5, 'eHB': 5, 'k0': 4, 'k1': 7, 'k44w': False}
n23_55 28 beta H=[(4, 4)] 10 4 True 1 0 0.01 {'onecross': True, 'D_P': 5, 'D_Q': 5, 'eHB': 5, 'k0': 4, 'k1': 7, 'k44w': False}
n23_55 28 beta H=[(4, 4)] 9 5 True 1 0 0.01 {'onecross': True, 'D_P': 6, 'D_Q': 6, 'eHB': 6, 'k0': 3, 'k1': 6, 'k44w': False}
n23_55 28 beta H=[(4, 4)] 10 5 True 1 0 0.01 {'onecross': True, 'D_P': 6, 'D_Q': 6, 'eHB': 6, 'k0': 3, 'k1': 6, 'k44w': False}
n23_55 28 beta H=[(4, 4)] 11 4 True 1 0 0.01 {'onecross': True, 'D_P': 5, 'D_Q': 5, 'eHB': 5, 'k0': 4, 'k1': 7, 'k44w': False}
n23_55 28 beta H=[(4, 4)] 11 5 True 1 0 0.01 {'onecross': True, 'D_P': 6, 'D_Q': 6, 'eHB': 6, 'k0': 3, 'k1': 6, 'k44w': False}
n23_55 28 beta H=[(4, 4)] 12 4 True 1 0 0.01 {'onecross': True, 'D_P': 5, 'D_Q': 5, 'eHB': 5, 'k0': 4, 'k1': 7, 'k44w': False}
n23_55 28 beta H=[(4, 4)] 12 5 True 1 0 0.01 {'onecross': True, 'D_P': 6, 'D_Q': 6, 'eHB': 6, 'k0': 3, 'k1': 6, 'k44w': False}
n23_55 28 beta H=[(4, 4)] 13 4 True 1 0 0.01 {'onecross': True, 'D_P': 5, 'D_Q': 5, 'eHB': 6, 'k0': 6, 'k1': 4, 'k44w': False}
n23_55 28 beta H=[(4, 4)] 13 5 True 1 0 0.01 {'onecross': True, 'D_P': 6, 'D_Q': 6, 'eHB': 6, 'k0': 6, 'k1': 3, 'k44w': False}
n23_55 29 beta H=[(0, 1), (0, 2)] 0 4 True 1 0 0.01 {'onecross': True, 'D_P': 5, 'D_Q': 5, 'eHB': 5, 'k0': 7, 'k1': 3, 'k44w': False}
n23_55 29 beta H=[(0, 1), (0, 2)] 0 5 True 1 0 0.01 {'onecross': True, 'D_P': 6, 'D_Q': 6, 'eHB': 5, 'k0': 7, 'k1': 2, 'k44w': False}
n23_55 29 beta H=[(0, 1), (0, 2)] 1 4 True 1 0 0.01 {'onecross': True, 'D_P': 5, 'D_Q': 5, 'eHB': 6, 'k0': 3, 'k1': 6, 'k44w': False}
n23_55 29 beta H=[(0, 1), (0, 2)] 1 5 True 1 0 0.01 {'onecross': True, 'D_P': 6, 'D_Q': 6, 'eHB': 6, 'k0': 2, 'k1': 6, 'k44w': False}
n23_55 29 beta H=[(0, 1), (0, 2)] 2 4 True 1 0 0.01 {'onecross': True, 'D_P': 5, 'D_Q': 5, 'eHB': 6, 'k0': 3, 'k1': 6, 'k44w': False}
n23_55 29 beta H=[(0, 1), (0, 2)] 2 5 True 1 0 0.01 {'onecross': True, 'D_P': 6, 'D_Q': 6, 'eHB': 5, 'k0': 2, 'k1': 7, 'k44w': False}
n23_55 29 beta H=[(0, 1), (0, 2)] 3 4 True 1 0 0.01 {'onecross': True, 'D_P': 5, 'D_Q': 5, 'eHB': 6, 'k0': 3, 'k1': 6, 'k44w': False}
n23_55 29 beta H=[(0, 1), (0, 2)] 3 5 True 1 0 0.01 {'onecross': True, 'D_P': 6, 'D_Q': 6, 'eHB': 6, 'k0': 2, 'k1': 6, 'k44w': False}
n23_55 29 beta H=[(0, 1), (0, 2)] 4 4 True 1 0 0.01 {'onecross': True, 'D_P': 5, 'D_Q': 5, 'eHB': 6, 'k0': 3, 'k1': 6, 'k44w': False}
n23_55 29 beta H=[(0, 1), (0, 2)] 4 5 True 1 0 0.01 {'onecross': True, 'D_P': 6, 'D_Q': 6, 'eHB': 6, 'k0': 2, 'k1': 6, 'k44w': False}
n23_55 29 beta H=[(0, 1), (0, 2)] 5 4 True 1 0 0.01 {'onecross': True, 'D_P': 5, 'D_Q': 5, 'eHB': 6, 'k0': 3, 'k1': 6, 'k44w': False}
n23_55 29 beta H=[(0, 1), (0, 2)] 5 5 True 1 0 0.01 {'onecross': True, 'D_P': 6, 'D_Q': 6, 'eHB': 6, 'k0': 2, 'k1': 6, 'k44w': False}
n23_55 29 beta H=[(0, 1), (0, 2)] 6 4 True 1 0 0.01 {'onecross': True, 'D_P': 5, 'D_Q': 5, 'eHB': 6, 'k0': 3, 'k1': 6, 'k44w': False}
n23_55 29 beta H=[(0, 1), (0, 2)] 6 5 True 1 0 0.01 {'onecross': True, 'D_P': 6, 'D_Q': 6, 'eHB': 6, 'k0': 2, 'k1': 6, 'k44w': False}
n23_55 29 beta H=[(0, 1), (0, 2)] 7 4 True 1 0 0.01 {'onecross': True, 'D_P': 5, 'D_Q': 5, 'eHB': 6, 'k0': 3, 'k1': 6, 'k44w': False}
n23_55 29 beta H=[(0, 1), (0, 2)] 7 5 True 1 0 0.01 {'onecross': True, 'D_P': 6, 'D_Q': 6, 'eHB': 6, 'k0': 2, 'k1': 6, 'k44w': False}
n23_55 29 beta H=[(0, 1), (0, 2)] 8 4 True 1 0 0.01 {'onecross': True, 'D_P': 5, 'D_Q': 5, 'eHB': 6, 'k0': 3, 'k1': 6, 'k44w': False}
n23_55 29 beta H=[(0, 1), (0, 2)] 8 5 True 1 0 0.01 {'onecross': True, 'D_P': 6, 'D_Q': 6, 'eHB': 6, 'k0': 2, 'k1': 6, 'k44w': False}
n23_55 29 beta H=[(0, 1), (0, 2)] 9 4 True 1 0 0.01 {'onecross': True, 'D_P': 5, 'D_Q': 5, 'eHB': 6, 'k0': 3, 'k1': 6, 'k44w': False}
n23_55 29 beta H=[(0, 1), (0, 2)] 9 5 True 1 0 0.01 {'onecross': True, 'D_P': 6, 'D_Q': 6, 'eHB': 6, 'k0': 2, 'k1': 6, 'k44w': False}
n23_55 29 beta H=[(0, 1), (0, 2)] 10 4 True 1 0 0.01 {'onecross': True, 'D_P': 5, 'D_Q': 5, 'eHB': 6, 'k0': 3, 'k1': 6, 'k44w': False}
n23_55 29 beta H=[(0, 1), (0, 2)] 10 5 True 1 0 0.01 {'onecross': True, 'D_P': 6, 'D_Q': 6, 'eHB': 6, 'k0': 2, 'k1': 6, 'k44w': False}
n23_55 29 beta H=[(0, 1), (0, 2)] 11 4 True 1 0 0.01 {'onecross': True, 'D_P': 5, 'D_Q': 5, 'eHB': 6, 'k0': 3, 'k1': 6, 'k44w': False}
n23_55 29 beta H=[(0, 1), (0, 2)] 11 5 True 1 0 0.01 {'onecross': True, 'D_P': 6, 'D_Q': 6, 'eHB': 6, 'k0': 2, 'k1': 6, 'k44w': False}
n23_55 29 beta H=[(0, 1), (0, 2)] 12 4 True 1 0 0.01 {'onecross': True, 'D_P': 5, 'D_Q': 5, 'eHB': 5, 'k0': 7, 'k1': 3, 'k44w': False}
n23_55 29 beta H=[(0, 1), (0, 2)] 12 5 True 1 0 0.01 {'onecross': True, 'D_P': 6, 'D_Q': 6, 'eHB': 5, 'k0': 7, 'k1': 2, 'k44w': False}
n23_55 29 beta H=[(0, 1), (0, 2)] 13 4 True 1 0 0.01 {'onecross': True, 'D_P': 5, 'D_Q': 5, 'eHB': 6, 'k0': 6, 'k1': 3, 'k44w': False}
n23_55 29 beta H=[(0, 1), (0, 2)] 13 5 True 1 0 0.01 {'onecross': True, 'D_P': 6, 'D_Q': 6, 'eHB': 6, 'k0': 6, 'k1': 2, 'k44w': False}
n23_55 30 beta H=[(0, 1), (1, 0)] 0 4 True 1 0 0.01 {'onecross': True, 'D_P': 5, 'D_Q': 5, 'eHB': 5, 'k0': 7, 'k1': 3, 'k44w': False}
n23_55 30 beta H=[(0, 1), (1, 0)] 0 5 True 1 0 0.01 {'onecross': True, 'D_P': 6, 'D_Q': 6, 'eHB': 5, 'k0': 7, 'k1': 2, 'k44w': False}
n23_55 30 beta H=[(0, 1), (1, 0)] 1 4 True 1 0 0.01 {'onecross': True, 'D_P': 5, 'D_Q': 5, 'eHB': 6, 'k0': 6, 'k1': 3, 'k44w': False}
n23_55 30 beta H=[(0, 1), (1, 0)] 1 5 True 1 0 0.01 {'onecross': True, 'D_P': 6, 'D_Q': 6, 'eHB': 6, 'k0': 2, 'k1': 6, 'k44w': False}
n23_55 30 beta H=[(0, 1), (1, 0)] 2 4 True 1 0 0.01 {'onecross': True, 'D_P': 5, 'D_Q': 5, 'eHB': 6, 'k0': 3, 'k1': 6, 'k44w': False}
n23_55 30 beta H=[(0, 1), (1, 0)] 2 5 True 1 0 0.01 {'onecross': True, 'D_P': 6, 'D_Q': 6, 'eHB': 6, 'k0': 2, 'k1': 6, 'k44w': False}
n23_55 30 beta H=[(0, 1), (1, 0)] 3 4 True 1 0 0.01 {'onecross': True, 'D_P': 5, 'D_Q': 5, 'eHB': 6, 'k0': 3, 'k1': 6, 'k44w': False}
n23_55 30 beta H=[(0, 1), (1, 0)] 3 5 True 1 0 0.01 {'onecross': True, 'D_P': 6, 'D_Q': 6, 'eHB': 6, 'k0': 2, 'k1': 6, 'k44w': False}
n23_55 30 beta H=[(0, 1), (1, 0)] 4 4 True 1 0 0.01 {'onecross': True, 'D_P': 5, 'D_Q': 5, 'eHB': 6, 'k0': 6, 'k1': 3, 'k44w': False}
n23_55 30 beta H=[(0, 1), (1, 0)] 4 5 True 1 0 0.01 {'onecross': True, 'D_P': 6, 'D_Q': 6, 'eHB': 6, 'k0': 6, 'k1': 2, 'k44w': False}
n23_55 30 beta H=[(0, 1), (1, 0)] 5 4 True 1 0 0.01 {'onecross': True, 'D_P': 5, 'D_Q': 5, 'eHB': 6, 'k0': 6, 'k1': 3, 'k44w': False}
n23_55 30 beta H=[(0, 1), (1, 0)] 5 5 True 1 0 0.01 {'onecross': True, 'D_P': 6, 'D_Q': 6, 'eHB': 6, 'k0': 6, 'k1': 2, 'k44w': False}
n23_55 30 beta H=[(0, 1), (1, 0)] 6 4 True 1 0 0.01 {'onecross': True, 'D_P': 5, 'D_Q': 5, 'eHB': 6, 'k0': 3, 'k1': 6, 'k44w': False}
n23_55 30 beta H=[(0, 1), (1, 0)] 6 5 True 1 0 0.01 {'onecross': True, 'D_P': 6, 'D_Q': 6, 'eHB': 6, 'k0': 2, 'k1': 6, 'k44w': False}
n23_55 30 beta H=[(0, 1), (1, 0)] 7 4 True 1 0 0.01 {'onecross': True, 'D_P': 5, 'D_Q': 5, 'eHB': 6, 'k0': 6, 'k1': 3, 'k44w': False}
n23_55 30 beta H=[(0, 1), (1, 0)] 7 5 True 1 0 0.01 {'onecross': True, 'D_P': 6, 'D_Q': 6, 'eHB': 6, 'k0': 6, 'k1': 2, 'k44w': False}
n23_55 30 beta H=[(0, 1), (1, 0)] 8 4 True 1 0 0.01 {'onecross': True, 'D_P': 5, 'D_Q': 5, 'eHB': 6, 'k0': 6, 'k1': 3, 'k44w': False}
n23_55 30 beta H=[(0, 1), (1, 0)] 8 5 True 1 0 0.01 {'onecross': True, 'D_P': 6, 'D_Q': 6, 'eHB': 6, 'k0': 6, 'k1': 2, 'k44w': False}
n23_55 30 beta H=[(0, 1), (1, 0)] 9 4 True 1 0 0.01 {'onecross': True, 'D_P': 5, 'D_Q': 5, 'eHB': 6, 'k0': 3, 'k1': 6, 'k44w': False}
n23_55 30 beta H=[(0, 1), (1, 0)] 9 5 True 1 0 0.01 {'onecross': True, 'D_P': 6, 'D_Q': 6, 'eHB': 6, 'k0': 2, 'k1': 6, 'k44w': False}
n23_55 30 beta H=[(0, 1), (1, 0)] 10 4 True 1 0 0.01 {'onecross': True, 'D_P': 5, 'D_Q': 5, 'eHB': 6, 'k0': 3, 'k1': 6, 'k44w': False}
n23_55 30 beta H=[(0, 1), (1, 0)] 10 5 True 1 0 0.01 {'onecross': True, 'D_P': 6, 'D_Q': 6, 'eHB': 6, 'k0': 2, 'k1': 6, 'k44w': False}
n23_55 30 beta H=[(0, 1), (1, 0)] 11 4 True 1 0 0.01 {'onecross': True, 'D_P': 5, 'D_Q': 5, 'eHB': 6, 'k0': 3, 'k1': 6, 'k44w': False}
n23_55 30 beta H=[(0, 1), (1, 0)] 11 5 True 1 0 0.01 {'onecross': True, 'D_P': 6, 'D_Q': 6, 'eHB': 6, 'k0': 2, 'k1': 6, 'k44w': False}
n23_55 30 beta H=[(0, 1), (1, 0)] 12 4 True 1 0 0.01 {'onecross': True, 'D_P': 5, 'D_Q': 5, 'eHB': 5, 'k0': 7, 'k1': 3, 'k44w': False}
n23_55 30 beta H=[(0, 1), (1, 0)] 12 5 True 1 0 0.01 {'onecross': True, 'D_P': 6, 'D_Q': 6, 'eHB': 5, 'k0': 7, 'k1': 2, 'k44w': False}
n23_55 30 beta H=[(0, 1), (1, 0)] 13 4 True 1 0 0.01 {'onecross': True, 'D_P': 5, 'D_Q': 5, 'eHB': 6, 'k0': 6, 'k1': 3, 'k44w': False}
n23_55 30 beta H=[(0, 1), (1, 0)] 13 5 True 1 0 0.01 {'onecross': True, 'D_P': 6, 'D_Q': 6, 'eHB': 6, 'k0': 6, 'k1': 2, 'k44w': False}
n23_55 31 beta H=[(0, 1), (2, 0)] 0 4 True 1 0 0.01 {'onecross': True, 'D_P': 5, 'D_Q': 5, 'eHB': 5, 'k0': 7, 'k1': 3, 'k44w': False}
n23_55 31 beta H=[(0, 1), (2, 0)] 0 5 True 1 0 0.01 {'onecross': True, 'D_P': 6, 'D_Q': 6, 'eHB': 5, 'k0': 7, 'k1': 2, 'k44w': False}
n23_55 31 beta H=[(0, 1), (2, 0)] 1 4 True 1 0 0.01 {'onecross': True, 'D_P': 5, 'D_Q': 5, 'eHB': 6, 'k0': 6, 'k1': 3, 'k44w': False}
n23_55 31 beta H=[(0, 1), (2, 0)] 1 5 True 1 0 0.01 {'onecross': True, 'D_P': 6, 'D_Q': 6, 'eHB': 6, 'k0': 2, 'k1': 6, 'k44w': False}
n23_55 31 beta H=[(0, 1), (2, 0)] 2 4 True 1 0 0.01 {'onecross': True, 'D_P': 5, 'D_Q': 5, 'eHB': 6, 'k0': 3, 'k1': 6, 'k44w': False}
n23_55 31 beta H=[(0, 1), (2, 0)] 2 5 True 1 0 0.01 {'onecross': True, 'D_P': 6, 'D_Q': 6, 'eHB': 6, 'k0': 2, 'k1': 6, 'k44w': False}
n23_55 31 beta H=[(0, 1), (2, 0)] 3 4 True 1 0 0.01 {'onecross': True, 'D_P': 5, 'D_Q': 5, 'eHB': 6, 'k0': 3, 'k1': 6, 'k44w': False}
n23_55 31 beta H=[(0, 1), (2, 0)] 3 5 True 1 0 0.01 {'onecross': True, 'D_P': 6, 'D_Q': 6, 'eHB': 6, 'k0': 2, 'k1': 6, 'k44w': False}
n23_55 31 beta H=[(0, 1), (2, 0)] 4 4 True 1 0 0.01 {'onecross': True, 'D_P': 5, 'D_Q': 5, 'eHB': 6, 'k0': 6, 'k1': 3, 'k44w': False}
n23_55 31 beta H=[(0, 1), (2, 0)] 4 5 True 1 0 0.01 {'onecross': True, 'D_P': 6, 'D_Q': 6, 'eHB': 6, 'k0': 6, 'k1': 2, 'k44w': False}
n23_55 31 beta H=[(0, 1), (2, 0)] 5 4 True 1 0 0.01 {'onecross': True, 'D_P': 5, 'D_Q': 5, 'eHB': 6, 'k0': 6, 'k1': 3, 'k44w': False}
n23_55 31 beta H=[(0, 1), (2, 0)] 5 5 True 1 0 0.01 {'onecross': True, 'D_P': 6, 'D_Q': 6, 'eHB': 6, 'k0': 6, 'k1': 2, 'k44w': False}
n23_55 31 beta H=[(0, 1), (2, 0)] 6 4 True 1 0 0.01 {'onecross': True, 'D_P': 5, 'D_Q': 5, 'eHB': 6, 'k0': 3, 'k1': 6, 'k44w': False}
n23_55 31 beta H=[(0, 1), (2, 0)] 6 5 True 1 0 0.01 {'onecross': True, 'D_P': 6, 'D_Q': 6, 'eHB': 6, 'k0': 2, 'k1': 6, 'k44w': False}
n23_55 31 beta H=[(0, 1), (2, 0)] 7 4 True 1 0 0.01 {'onecross': True, 'D_P': 5, 'D_Q': 5, 'eHB': 6, 'k0': 6, 'k1': 3, 'k44w': False}
n23_55 31 beta H=[(0, 1), (2, 0)] 7 5 True 1 0 0.01 {'onecross': True, 'D_P': 6, 'D_Q': 6, 'eHB': 6, 'k0': 6, 'k1': 2, 'k44w': False}
n23_55 31 beta H=[(0, 1), (2, 0)] 8 4 True 1 0 0.01 {'onecross': True, 'D_P': 5, 'D_Q': 5, 'eHB': 6, 'k0': 6, 'k1': 3, 'k44w': False}
n23_55 31 beta H=[(0, 1), (2, 0)] 8 5 True 1 0 0.01 {'onecross': True, 'D_P': 6, 'D_Q': 6, 'eHB': 6, 'k0': 6, 'k1': 2, 'k44w': False}
n23_55 31 beta H=[(0, 1), (2, 0)] 9 4 True 1 0 0.01 {'onecross': True, 'D_P': 5, 'D_Q': 5, 'eHB': 6, 'k0': 3, 'k1': 6, 'k44w': False}
n23_55 31 beta H=[(0, 1), (2, 0)] 10 4 True 1 0 0.01 {'onecross': True, 'D_P': 5, 'D_Q': 5, 'eHB': 6, 'k0': 3, 'k1': 6, 'k44w': False}
n23_55 31 beta H=[(0, 1), (2, 0)] 9 5 True 1 0 0.01 {'onecross': True, 'D_P': 6, 'D_Q': 6, 'eHB': 6, 'k0': 2, 'k1': 6, 'k44w': False}
n23_55 31 beta H=[(0, 1), (2, 0)] 10 5 True 1 0 0.01 {'onecross': True, 'D_P': 6, 'D_Q': 6, 'eHB': 6, 'k0': 2, 'k1': 6, 'k44w': False}
n23_55 31 beta H=[(0, 1), (2, 0)] 11 4 True 1 0 0.01 {'onecross': True, 'D_P': 5, 'D_Q': 5, 'eHB': 6, 'k0': 3, 'k1': 6, 'k44w': False}
n23_55 31 beta H=[(0, 1), (2, 0)] 11 5 True 1 0 0.01 {'onecross': True, 'D_P': 6, 'D_Q': 6, 'eHB': 6, 'k0': 2, 'k1': 6, 'k44w': False}
n23_55 31 beta H=[(0, 1), (2, 0)] 12 4 True 1 0 0.01 {'onecross': True, 'D_P': 5, 'D_Q': 5, 'eHB': 5, 'k0': 7, 'k1': 3, 'k44w': False}
n23_55 31 beta H=[(0, 1), (2, 0)] 12 5 True 1 0 0.01 {'onecross': True, 'D_P': 6, 'D_Q': 6, 'eHB': 5, 'k0': 7, 'k1': 2, 'k44w': False}
n23_55 31 beta H=[(0, 1), (2, 0)] 13 4 True 1 0 0.01 {'onecross': True, 'D_P': 5, 'D_Q': 5, 'eHB': 6, 'k0': 6, 'k1': 3, 'k44w': False}
n23_55 31 beta H=[(0, 1), (2, 0)] 13 5 True 1 0 0.01 {'onecross': True, 'D_P': 6, 'D_Q': 6, 'eHB': 6, 'k0': 6, 'k1': 2, 'k44w': False}
n23_55 32 beta H=[(0, 1), (3, 3)] 0 4 True 1 0 0.01 {'onecross': True, 'D_P': 5, 'D_Q': 5, 'eHB': 5, 'k0': 7, 'k1': 3, 'k44w': False}
n23_55 32 beta H=[(0, 1), (3, 3)] 0 5 True 1 0 0.01 {'onecross': True, 'D_P': 6, 'D_Q': 6, 'eHB': 5, 'k0': 7, 'k1': 2, 'k44w': False}
n23_55 32 beta H=[(0, 1), (3, 3)] 1 4 True 1 0 0.01 {'onecross': True, 'D_P': 5, 'D_Q': 5, 'eHB': 6, 'k0': 6, 'k1': 3, 'k44w': False}
n23_55 32 beta H=[(0, 1), (3, 3)] 1 5 True 1 0 0.01 {'onecross': True, 'D_P': 6, 'D_Q': 6, 'eHB': 6, 'k0': 2, 'k1': 6, 'k44w': False}
n23_55 32 beta H=[(0, 1), (3, 3)] 2 4 True 1 0 0.01 {'onecross': True, 'D_P': 5, 'D_Q': 5, 'eHB': 8, 'k0': 4, 'k1': 3, 'k44w': False}
n23_55 32 beta H=[(0, 1), (3, 3)] 2 5 True 1 0 0.01 {'onecross': True, 'D_P': 6, 'D_Q': 6, 'eHB': 8, 'k0': 4, 'k1': 2, 'k44w': False}
n23_55 32 beta H=[(0, 1), (3, 3)] 3 4 True 1 0 0.01 {'onecross': True, 'D_P': 5, 'D_Q': 5, 'eHB': 8, 'k0': 4, 'k1': 3, 'k44w': False}
n23_55 32 beta H=[(0, 1), (3, 3)] 3 5 True 1 0 0.01 {'onecross': True, 'D_P': 6, 'D_Q': 6, 'eHB': 8, 'k0': 4, 'k1': 2, 'k44w': False}
n23_55 32 beta H=[(0, 1), (3, 3)] 4 4 True 1 0 0.01 {'onecross': True, 'D_P': 5, 'D_Q': 5, 'eHB': 6, 'k0': 6, 'k1': 3, 'k44w': False}
n23_55 32 beta H=[(0, 1), (3, 3)] 4 5 True 1 0 0.01 {'onecross': True, 'D_P': 6, 'D_Q': 6, 'eHB': 6, 'k0': 6, 'k1': 2, 'k44w': False}
n23_55 32 beta H=[(0, 1), (3, 3)] 5 4 True 1 0 0.01 {'onecross': True, 'D_P': 5, 'D_Q': 5, 'eHB': 6, 'k0': 6, 'k1': 3, 'k44w': False}
n23_55 32 beta H=[(0, 1), (3, 3)] 6 4 True 1 0 0.01 {'onecross': True, 'D_P': 5, 'D_Q': 5, 'eHB': 8, 'k0': 4, 'k1': 3, 'k44w': False}
n23_55 32 beta H=[(0, 1), (3, 3)] 5 5 True 1 0 0.01 {'onecross': True, 'D_P': 6, 'D_Q': 6, 'eHB': 6, 'k0': 6, 'k1': 2, 'k44w': False}
n23_55 32 beta H=[(0, 1), (3, 3)] 6 5 True 1 0 0.01 {'onecross': True, 'D_P': 6, 'D_Q': 6, 'eHB': 8, 'k0': 4, 'k1': 2, 'k44w': False}
n23_55 32 beta H=[(0, 1), (3, 3)] 7 4 True 1 0 0.01 {'onecross': True, 'D_P': 5, 'D_Q': 5, 'eHB': 6, 'k0': 6, 'k1': 3, 'k44w': False}
n23_55 32 beta H=[(0, 1), (3, 3)] 7 5 True 1 0 0.01 {'onecross': True, 'D_P': 6, 'D_Q': 6, 'eHB': 6, 'k0': 6, 'k1': 2, 'k44w': False}
n23_55 32 beta H=[(0, 1), (3, 3)] 8 4 True 1 0 0.01 {'onecross': True, 'D_P': 5, 'D_Q': 5, 'eHB': 6, 'k0': 6, 'k1': 3, 'k44w': False}
n23_55 32 beta H=[(0, 1), (3, 3)] 9 4 True 1 0 0.01 {'onecross': True, 'D_P': 5, 'D_Q': 5, 'eHB': 8, 'k0': 4, 'k1': 3, 'k44w': False}
n23_55 32 beta H=[(0, 1), (3, 3)] 8 5 True 1 0 0.01 {'onecross': True, 'D_P': 6, 'D_Q': 6, 'eHB': 6, 'k0': 6, 'k1': 2, 'k44w': False}
n23_55 32 beta H=[(0, 1), (3, 3)] 9 5 True 1 0 0.01 {'onecross': True, 'D_P': 6, 'D_Q': 6, 'eHB': 8, 'k0': 4, 'k1': 2, 'k44w': False}
n23_55 32 beta H=[(0, 1), (3, 3)] 10 4 True 1 0 0.01 {'onecross': True, 'D_P': 5, 'D_Q': 5, 'eHB': 8, 'k0': 4, 'k1': 3, 'k44w': False}
n23_55 32 beta H=[(0, 1), (3, 3)] 11 4 True 1 0 0.01 {'onecross': True, 'D_P': 5, 'D_Q': 5, 'eHB': 8, 'k0': 4, 'k1': 3, 'k44w': False}
n23_55 32 beta H=[(0, 1), (3, 3)] 10 5 True 1 0 0.01 {'onecross': True, 'D_P': 6, 'D_Q': 6, 'eHB': 8, 'k0': 4, 'k1': 2, 'k44w': False}
n23_55 32 beta H=[(0, 1), (3, 3)] 11 5 True 1 0 0.01 {'onecross': True, 'D_P': 6, 'D_Q': 6, 'eHB': 8, 'k0': 4, 'k1': 2, 'k44w': False}
n23_55 32 beta H=[(0, 1), (3, 3)] 12 4 True 1 0 0.01 {'onecross': True, 'D_P': 5, 'D_Q': 5, 'eHB': 5, 'k0': 7, 'k1': 3, 'k44w': False}
n23_55 32 beta H=[(0, 1), (3, 3)] 12 5 True 1 0 0.01 {'onecross': True, 'D_P': 6, 'D_Q': 6, 'eHB': 5, 'k0': 7, 'k1': 2, 'k44w': False}
n23_55 32 beta H=[(0, 1), (3, 3)] 13 4 True 1 0 0.01 {'onecross': True, 'D_P': 5, 'D_Q': 5, 'eHB': 6, 'k0': 6, 'k1': 3, 'k44w': False}
n23_55 32 beta H=[(0, 1), (3, 3)] 13 5 True 1 0 0.01 {'onecross': True, 'D_P': 6, 'D_Q': 6, 'eHB': 6, 'k0': 6, 'k1': 2, 'k44w': False}
n23_55 33 beta H=[(0, 1), (4, 4)] 0 4 True 1 0 0.01 {'onecross': True, 'D_P': 5, 'D_Q': 5, 'eHB': 5, 'k0': 7, 'k1': 3, 'k44w': False}
n23_55 33 beta H=[(0, 1), (4, 4)] 0 5 True 1 0 0.01 {'onecross': True, 'D_P': 6, 'D_Q': 6, 'eHB': 5, 'k0': 7, 'k1': 2, 'k44w': False}
n23_55 33 beta H=[(0, 1), (4, 4)] 1 4 True 1 0 0.01 {'onecross': True, 'D_P': 5, 'D_Q': 5, 'eHB': 6, 'k0': 3, 'k1': 6, 'k44w': False}
n23_55 33 beta H=[(0, 1), (4, 4)] 1 5 True 1 0 0.01 {'onecross': True, 'D_P': 6, 'D_Q': 6, 'eHB': 6, 'k0': 2, 'k1': 6, 'k44w': False}
n23_55 33 beta H=[(0, 1), (4, 4)] 2 4 True 1 0 0.01 {'onecross': True, 'D_P': 5, 'D_Q': 5, 'eHB': 8, 'k0': 4, 'k1': 3, 'k44w': False}
n23_55 33 beta H=[(0, 1), (4, 4)] 3 4 True 1 0 0.01 {'onecross': True, 'D_P': 5, 'D_Q': 5, 'eHB': 8, 'k0': 4, 'k1': 3, 'k44w': False}
n23_55 33 beta H=[(0, 1), (4, 4)] 2 5 True 1 0 0.01 {'onecross': True, 'D_P': 6, 'D_Q': 6, 'eHB': 8, 'k0': 4, 'k1': 2, 'k44w': False}
n23_55 33 beta H=[(0, 1), (4, 4)] 3 5 True 1 0 0.01 {'onecross': True, 'D_P': 6, 'D_Q': 6, 'eHB': 8, 'k0': 4, 'k1': 2, 'k44w': False}
n23_55 33 beta H=[(0, 1), (4, 4)] 4 4 True 1 0 0.01 {'onecross': True, 'D_P': 5, 'D_Q': 5, 'eHB': 6, 'k0': 3, 'k1': 6, 'k44w': False}
n23_55 33 beta H=[(0, 1), (4, 4)] 4 5 True 1 0 0.01 {'onecross': True, 'D_P': 6, 'D_Q': 6, 'eHB': 5, 'k0': 2, 'k1': 7, 'k44w': False}
n23_55 33 beta H=[(0, 1), (4, 4)] 5 4 True 1 0 0.01 {'onecross': True, 'D_P': 5, 'D_Q': 5, 'eHB': 6, 'k0': 3, 'k1': 6, 'k44w': False}
n23_55 33 beta H=[(0, 1), (4, 4)] 5 5 True 1 0 0.01 {'onecross': True, 'D_P': 6, 'D_Q': 6, 'eHB': 6, 'k0': 2, 'k1': 6, 'k44w': False}
n23_55 33 beta H=[(0, 1), (4, 4)] 6 4 True 1 0 0.01 {'onecross': True, 'D_P': 5, 'D_Q': 5, 'eHB': 8, 'k0': 4, 'k1': 3, 'k44w': False}
n23_55 33 beta H=[(0, 1), (4, 4)] 6 5 True 1 0 0.01 {'onecross': True, 'D_P': 6, 'D_Q': 6, 'eHB': 8, 'k0': 4, 'k1': 2, 'k44w': False}
n23_55 33 beta H=[(0, 1), (4, 4)] 7 4 True 1 0 0.01 {'onecross': True, 'D_P': 5, 'D_Q': 5, 'eHB': 6, 'k0': 3, 'k1': 6, 'k44w': False}
n23_55 33 beta H=[(0, 1), (4, 4)] 7 5 True 1 0 0.01 {'onecross': True, 'D_P': 6, 'D_Q': 6, 'eHB': 6, 'k0': 2, 'k1': 6, 'k44w': False}
n23_55 33 beta H=[(0, 1), (4, 4)] 8 4 True 1 0 0.01 {'onecross': True, 'D_P': 5, 'D_Q': 5, 'eHB': 6, 'k0': 3, 'k1': 6, 'k44w': False}
n23_55 33 beta H=[(0, 1), (4, 4)] 8 5 True 1 0 0.01 {'onecross': True, 'D_P': 6, 'D_Q': 6, 'eHB': 6, 'k0': 2, 'k1': 6, 'k44w': False}
n23_55 33 beta H=[(0, 1), (4, 4)] 9 4 True 1 0 0.01 {'onecross': True, 'D_P': 5, 'D_Q': 5, 'eHB': 8, 'k0': 4, 'k1': 3, 'k44w': False}
n23_55 33 beta H=[(0, 1), (4, 4)] 9 5 True 1 0 0.01 {'onecross': True, 'D_P': 6, 'D_Q': 6, 'eHB': 8, 'k0': 4, 'k1': 2, 'k44w': False}
n23_55 33 beta H=[(0, 1), (4, 4)] 10 4 True 1 0 0.01 {'onecross': True, 'D_P': 5, 'D_Q': 5, 'eHB': 8, 'k0': 4, 'k1': 3, 'k44w': False}
n23_55 33 beta H=[(0, 1), (4, 4)] 11 4 True 1 0 0.01 {'onecross': True, 'D_P': 5, 'D_Q': 5, 'eHB': 8, 'k0': 4, 'k1': 3, 'k44w': False}
n23_55 33 beta H=[(0, 1), (4, 4)] 10 5 True 1 0 0.01 {'onecross': True, 'D_P': 6, 'D_Q': 6, 'eHB': 8, 'k0': 4, 'k1': 2, 'k44w': False}
n23_55 33 beta H=[(0, 1), (4, 4)] 11 5 True 1 0 0.01 {'onecross': True, 'D_P': 6, 'D_Q': 6, 'eHB': 8, 'k0': 4, 'k1': 2, 'k44w': False}
n23_55 33 beta H=[(0, 1), (4, 4)] 12 4 True 1 0 0.01 {'onecross': True, 'D_P': 5, 'D_Q': 5, 'eHB': 5, 'k0': 7, 'k1': 3, 'k44w': False}
n23_55 33 beta H=[(0, 1), (4, 4)] 12 5 True 1 0 0.01 {'onecross': True, 'D_P': 6, 'D_Q': 6, 'eHB': 5, 'k0': 7, 'k1': 2, 'k44w': False}
n23_55 33 beta H=[(0, 1), (4, 4)] 13 4 True 1 0 0.01 {'onecross': True, 'D_P': 5, 'D_Q': 5, 'eHB': 6, 'k0': 6, 'k1': 3, 'k44w': False}
n23_55 33 beta H=[(0, 1), (4, 4)] 13 5 True 1 0 0.01 {'onecross': True, 'D_P': 6, 'D_Q': 6, 'eHB': 6, 'k0': 6, 'k1': 2, 'k44w': False}
n23_55 34 beta H=[(0, 2), (1, 0)] 0 4 True 1 0 0.01 {'onecross': True, 'D_P': 5, 'D_Q': 5, 'eHB': 5, 'k0': 7, 'k1': 3, 'k44w': False}
n23_55 34 beta H=[(0, 2), (1, 0)] 0 5 True 1 0 0.01 {'onecross': True, 'D_P': 6, 'D_Q': 6, 'eHB': 5, 'k0': 7, 'k1': 2, 'k44w': False}
n23_55 34 beta H=[(0, 2), (1, 0)] 1 4 True 1 0 0.01 {'onecross': True, 'D_P': 5, 'D_Q': 5, 'eHB': 6, 'k0': 3, 'k1': 6, 'k44w': False}
n23_55 34 beta H=[(0, 2), (1, 0)] 1 5 True 1 0 0.01 {'onecross': True, 'D_P': 6, 'D_Q': 6, 'eHB': 6, 'k0': 2, 'k1': 6, 'k44w': False}
n23_55 34 beta H=[(0, 2), (1, 0)] 2 4 True 1 0 0.01 {'onecross': True, 'D_P': 5, 'D_Q': 5, 'eHB': 6, 'k0': 3, 'k1': 6, 'k44w': False}
n23_55 34 beta H=[(0, 2), (1, 0)] 2 5 True 1 0 0.01 {'onecross': True, 'D_P': 6, 'D_Q': 6, 'eHB': 6, 'k0': 2, 'k1': 6, 'k44w': False}
n23_55 34 beta H=[(0, 2), (1, 0)] 3 4 True 1 0 0.0 {'onecross': True, 'D_P': 5, 'D_Q': 5, 'eHB': 6, 'k0': 3, 'k1': 6, 'k44w': False}
n23_55 34 beta H=[(0, 2), (1, 0)] 3 5 True 1 0 0.0 {'onecross': True, 'D_P': 6, 'D_Q': 6, 'eHB': 6, 'k0': 2, 'k1': 6, 'k44w': False}
n23_55 34 beta H=[(0, 2), (1, 0)] 4 4 True 1 0 0.01 {'onecross': True, 'D_P': 5, 'D_Q': 5, 'eHB': 6, 'k0': 3, 'k1': 6, 'k44w': False}
n23_55 34 beta H=[(0, 2), (1, 0)] 4 5 True 1 0 0.01 {'onecross': True, 'D_P': 6, 'D_Q': 6, 'eHB': 6, 'k0': 2, 'k1': 6, 'k44w': False}
n23_55 34 beta H=[(0, 2), (1, 0)] 5 4 True 1 0 0.01 {'onecross': True, 'D_P': 5, 'D_Q': 5, 'eHB': 6, 'k0': 3, 'k1': 6, 'k44w': False}
n23_55 34 beta H=[(0, 2), (1, 0)] 5 5 True 1 0 0.01 {'onecross': True, 'D_P': 6, 'D_Q': 6, 'eHB': 6, 'k0': 2, 'k1': 6, 'k44w': False}
n23_55 34 beta H=[(0, 2), (1, 0)] 6 4 True 1 0 0.01 {'onecross': True, 'D_P': 5, 'D_Q': 5, 'eHB': 6, 'k0': 3, 'k1': 6, 'k44w': False}
n23_55 34 beta H=[(0, 2), (1, 0)] 6 5 True 1 0 0.01 {'onecross': True, 'D_P': 6, 'D_Q': 6, 'eHB': 6, 'k0': 2, 'k1': 6, 'k44w': False}
n23_55 34 beta H=[(0, 2), (1, 0)] 7 4 True 1 0 0.01 {'onecross': True, 'D_P': 5, 'D_Q': 5, 'eHB': 6, 'k0': 3, 'k1': 6, 'k44w': False}
n23_55 34 beta H=[(0, 2), (1, 0)] 7 5 True 1 0 0.01 {'onecross': True, 'D_P': 6, 'D_Q': 6, 'eHB': 6, 'k0': 2, 'k1': 6, 'k44w': False}
n23_55 34 beta H=[(0, 2), (1, 0)] 8 4 True 1 0 0.0 {'onecross': True, 'D_P': 5, 'D_Q': 5, 'eHB': 6, 'k0': 3, 'k1': 6, 'k44w': False}
n23_55 34 beta H=[(0, 2), (1, 0)] 8 5 True 1 0 0.0 {'onecross': True, 'D_P': 6, 'D_Q': 6, 'eHB': 6, 'k0': 2, 'k1': 6, 'k44w': False}
n23_55 34 beta H=[(0, 2), (1, 0)] 9 4 True 1 0 0.01 {'onecross': True, 'D_P': 5, 'D_Q': 5, 'eHB': 6, 'k0': 3, 'k1': 6, 'k44w': False}
n23_55 34 beta H=[(0, 2), (1, 0)] 9 5 True 1 0 0.0 {'onecross': True, 'D_P': 6, 'D_Q': 6, 'eHB': 6, 'k0': 2, 'k1': 6, 'k44w': False}
n23_55 34 beta H=[(0, 2), (1, 0)] 10 4 True 1 0 0.0 {'onecross': True, 'D_P': 5, 'D_Q': 5, 'eHB': 6, 'k0': 3, 'k1': 6, 'k44w': False}
n23_55 34 beta H=[(0, 2), (1, 0)] 10 5 True 1 0 0.01 {'onecross': True, 'D_P': 6, 'D_Q': 6, 'eHB': 6, 'k0': 2, 'k1': 6, 'k44w': False}
n23_55 34 beta H=[(0, 2), (1, 0)] 11 4 True 1 0 0.01 {'onecross': True, 'D_P': 5, 'D_Q': 5, 'eHB': 6, 'k0': 3, 'k1': 6, 'k44w': False}
n23_55 34 beta H=[(0, 2), (1, 0)] 11 5 True 1 0 0.01 {'onecross': True, 'D_P': 6, 'D_Q': 6, 'eHB': 6, 'k0': 2, 'k1': 6, 'k44w': False}
n23_55 34 beta H=[(0, 2), (1, 0)] 12 4 True 1 0 0.01 {'onecross': True, 'D_P': 5, 'D_Q': 5, 'eHB': 5, 'k0': 7, 'k1': 3, 'k44w': False}
n23_55 34 beta H=[(0, 2), (1, 0)] 12 5 True 1 0 0.01 {'onecross': True, 'D_P': 6, 'D_Q': 6, 'eHB': 5, 'k0': 7, 'k1': 2, 'k44w': False}
n23_55 34 beta H=[(0, 2), (1, 0)] 13 4 True 1 0 0.0 {'onecross': True, 'D_P': 5, 'D_Q': 5, 'eHB': 6, 'k0': 6, 'k1': 3, 'k44w': False}
n23_55 34 beta H=[(0, 2), (1, 0)] 13 5 True 1 0 0.01 {'onecross': True, 'D_P': 6, 'D_Q': 6, 'eHB': 6, 'k0': 6, 'k1': 2, 'k44w': False}
n23_55 35 beta H=[(0, 2), (2, 0)] 0 4 True 1 0 0.0 {'onecross': True, 'D_P': 5, 'D_Q': 5, 'eHB': 5, 'k0': 7, 'k1': 3, 'k44w': False}
n23_55 35 beta H=[(0, 2), (2, 0)] 0 5 True 1 0 0.0 {'onecross': True, 'D_P': 6, 'D_Q': 6, 'eHB': 5, 'k0': 7, 'k1': 2, 'k44w': False}
n23_55 35 beta H=[(0, 2), (2, 0)] 1 4 True 1 0 0.0 {'onecross': True, 'D_P': 5, 'D_Q': 5, 'eHB': 6, 'k0': 3, 'k1': 6, 'k44w': False}
n23_55 35 beta H=[(0, 2), (2, 0)] 1 5 True 1 0 0.0 {'onecross': True, 'D_P': 6, 'D_Q': 6, 'eHB': 6, 'k0': 2, 'k1': 6, 'k44w': False}
n23_55 35 beta H=[(0, 2), (2, 0)] 2 4 True 1 0 0.01 {'onecross': True, 'D_P': 5, 'D_Q': 5, 'eHB': 6, 'k0': 3, 'k1': 6, 'k44w': False}
n23_55 35 beta H=[(0, 2), (2, 0)] 2 5 True 1 0 0.01 {'onecross': True, 'D_P': 6, 'D_Q': 6, 'eHB': 6, 'k0': 2, 'k1': 6, 'k44w': False}
n23_55 35 beta H=[(0, 2), (2, 0)] 3 4 True 1 0 0.0 {'onecross': True, 'D_P': 5, 'D_Q': 5, 'eHB': 6, 'k0': 3, 'k1': 6, 'k44w': False}
n23_55 35 beta H=[(0, 2), (2, 0)] 3 5 True 1 0 0.0 {'onecross': True, 'D_P': 6, 'D_Q': 6, 'eHB': 6, 'k0': 2, 'k1': 6, 'k44w': False}
n23_55 35 beta H=[(0, 2), (2, 0)] 4 4 True 1 0 0.01 {'onecross': True, 'D_P': 5, 'D_Q': 5, 'eHB': 6, 'k0': 3, 'k1': 6, 'k44w': False}
n23_55 35 beta H=[(0, 2), (2, 0)] 4 5 True 1 0 0.01 {'onecross': True, 'D_P': 6, 'D_Q': 6, 'eHB': 5, 'k0': 2, 'k1': 7, 'k44w': False}
n23_55 35 beta H=[(0, 2), (2, 0)] 5 5 True 1 0 0.01 {'onecross': True, 'D_P': 6, 'D_Q': 6, 'eHB': 6, 'k0': 2, 'k1': 6, 'k44w': False}
n23_55 35 beta H=[(0, 2), (2, 0)] 5 4 True 1 0 0.01 {'onecross': True, 'D_P': 5, 'D_Q': 5, 'eHB': 6, 'k0': 3, 'k1': 6, 'k44w': False}
n23_55 35 beta H=[(0, 2), (2, 0)] 6 4 True 1 0 0.01 {'onecross': True, 'D_P': 5, 'D_Q': 5, 'eHB': 6, 'k0': 3, 'k1': 6, 'k44w': False}
n23_55 35 beta H=[(0, 2), (2, 0)] 6 5 True 1 0 0.0 {'onecross': True, 'D_P': 6, 'D_Q': 6, 'eHB': 6, 'k0': 2, 'k1': 6, 'k44w': False}
n23_55 35 beta H=[(0, 2), (2, 0)] 7 4 True 1 0 0.0 {'onecross': True, 'D_P': 5, 'D_Q': 5, 'eHB': 6, 'k0': 3, 'k1': 6, 'k44w': False}
n23_55 35 beta H=[(0, 2), (2, 0)] 7 5 True 1 0 0.0 {'onecross': True, 'D_P': 6, 'D_Q': 6, 'eHB': 6, 'k0': 2, 'k1': 6, 'k44w': False}
n23_55 35 beta H=[(0, 2), (2, 0)] 8 4 True 1 0 0.01 {'onecross': True, 'D_P': 5, 'D_Q': 5, 'eHB': 6, 'k0': 3, 'k1': 6, 'k44w': False}
n23_55 35 beta H=[(0, 2), (2, 0)] 8 5 True 1 0 0.0 {'onecross': True, 'D_P': 6, 'D_Q': 6, 'eHB': 6, 'k0': 2, 'k1': 6, 'k44w': False}
n23_55 35 beta H=[(0, 2), (2, 0)] 9 5 True 1 0 0.01 {'onecross': True, 'D_P': 6, 'D_Q': 6, 'eHB': 6, 'k0': 2, 'k1': 6, 'k44w': False}
n23_55 35 beta H=[(0, 2), (2, 0)] 9 4 True 1 0 0.01 {'onecross': True, 'D_P': 5, 'D_Q': 5, 'eHB': 6, 'k0': 3, 'k1': 6, 'k44w': False}
n23_55 35 beta H=[(0, 2), (2, 0)] 10 4 True 1 0 0.01 {'onecross': True, 'D_P': 5, 'D_Q': 5, 'eHB': 6, 'k0': 3, 'k1': 6, 'k44w': False}
n23_55 35 beta H=[(0, 2), (2, 0)] 10 5 True 1 0 0.01 {'onecross': True, 'D_P': 6, 'D_Q': 6, 'eHB': 6, 'k0': 2, 'k1': 6, 'k44w': False}
n23_55 35 beta H=[(0, 2), (2, 0)] 11 4 True 1 0 0.01 {'onecross': True, 'D_P': 5, 'D_Q': 5, 'eHB': 6, 'k0': 3, 'k1': 6, 'k44w': False}
n23_55 35 beta H=[(0, 2), (2, 0)] 11 5 True 1 0 0.01 {'onecross': True, 'D_P': 6, 'D_Q': 6, 'eHB': 6, 'k0': 2, 'k1': 6, 'k44w': False}
n23_55 35 beta H=[(0, 2), (2, 0)] 12 4 True 1 0 0.01 {'onecross': True, 'D_P': 5, 'D_Q': 5, 'eHB': 5, 'k0': 7, 'k1': 3, 'k44w': False}
n23_55 35 beta H=[(0, 2), (2, 0)] 12 5 True 1 0 0.0 {'onecross': True, 'D_P': 6, 'D_Q': 6, 'eHB': 5, 'k0': 7, 'k1': 2, 'k44w': False}
n23_55 35 beta H=[(0, 2), (2, 0)] 13 4 True 1 0 0.01 {'onecross': True, 'D_P': 5, 'D_Q': 5, 'eHB': 6, 'k0': 6, 'k1': 3, 'k44w': False}
n23_55 35 beta H=[(0, 2), (2, 0)] 13 5 True 1 0 0.01 {'onecross': True, 'D_P': 6, 'D_Q': 6, 'eHB': 6, 'k0': 6, 'k1': 2, 'k44w': False}
n23_55 36 beta H=[(0, 2), (3, 3)] 0 4 True 1 0 0.01 {'onecross': True, 'D_P': 5, 'D_Q': 5, 'eHB': 5, 'k0': 7, 'k1': 3, 'k44w': False}
n23_55 36 beta H=[(0, 2), (3, 3)] 0 5 True 1 0 0.01 {'onecross': True, 'D_P': 6, 'D_Q': 6, 'eHB': 5, 'k0': 7, 'k1': 2, 'k44w': False}
n23_55 36 beta H=[(0, 2), (3, 3)] 1 5 True 1 0 0.0 {'onecross': True, 'D_P': 6, 'D_Q': 6, 'eHB': 6, 'k0': 2, 'k1': 6, 'k44w': False}
n23_55 36 beta H=[(0, 2), (3, 3)] 1 4 True 1 0 0.01 {'onecross': True, 'D_P': 5, 'D_Q': 5, 'eHB': 6, 'k0': 6, 'k1': 3, 'k44w': False}
n23_55 36 beta H=[(0, 2), (3, 3)] 2 4 True 1 0 0.01 {'onecross': True, 'D_P': 5, 'D_Q': 5, 'eHB': 8, 'k0': 4, 'k1': 3, 'k44w': False}
n23_55 36 beta H=[(0, 2), (3, 3)] 2 5 True 1 0 0.01 {'onecross': True, 'D_P': 6, 'D_Q': 6, 'eHB': 8, 'k0': 4, 'k1': 2, 'k44w': False}
n23_55 36 beta H=[(0, 2), (3, 3)] 3 4 True 1 0 0.01 {'onecross': True, 'D_P': 5, 'D_Q': 5, 'eHB': 8, 'k0': 4, 'k1': 3, 'k44w': False}
n23_55 36 beta H=[(0, 2), (3, 3)] 3 5 True 1 0 0.01 {'onecross': True, 'D_P': 6, 'D_Q': 6, 'eHB': 8, 'k0': 4, 'k1': 2, 'k44w': False}
n23_55 36 beta H=[(0, 2), (3, 3)] 4 4 True 1 0 0.01 {'onecross': True, 'D_P': 5, 'D_Q': 5, 'eHB': 6, 'k0': 6, 'k1': 3, 'k44w': False}
n23_55 36 beta H=[(0, 2), (3, 3)] 4 5 True 1 0 0.01 {'onecross': True, 'D_P': 6, 'D_Q': 6, 'eHB': 6, 'k0': 6, 'k1': 2, 'k44w': False}
n23_55 36 beta H=[(0, 2), (3, 3)] 5 4 True 1 0 0.01 {'onecross': True, 'D_P': 5, 'D_Q': 5, 'eHB': 6, 'k0': 6, 'k1': 3, 'k44w': False}
n23_55 36 beta H=[(0, 2), (3, 3)] 5 5 True 1 0 0.01 {'onecross': True, 'D_P': 6, 'D_Q': 6, 'eHB': 6, 'k0': 6, 'k1': 2, 'k44w': False}
n23_55 36 beta H=[(0, 2), (3, 3)] 6 4 True 1 0 0.01 {'onecross': True, 'D_P': 5, 'D_Q': 5, 'eHB': 8, 'k0': 4, 'k1': 3, 'k44w': False}
n23_55 36 beta H=[(0, 2), (3, 3)] 6 5 True 1 0 0.0 {'onecross': True, 'D_P': 6, 'D_Q': 6, 'eHB': 8, 'k0': 4, 'k1': 2, 'k44w': False}
n23_55 36 beta H=[(0, 2), (3, 3)] 7 4 True 1 0 0.0 {'onecross': True, 'D_P': 5, 'D_Q': 5, 'eHB': 6, 'k0': 6, 'k1': 3, 'k44w': False}
n23_55 36 beta H=[(0, 2), (3, 3)] 7 5 True 1 0 0.01 {'onecross': True, 'D_P': 6, 'D_Q': 6, 'eHB': 6, 'k0': 6, 'k1': 2, 'k44w': False}
n23_55 36 beta H=[(0, 2), (3, 3)] 8 4 True 1 0 0.01 {'onecross': True, 'D_P': 5, 'D_Q': 5, 'eHB': 6, 'k0': 6, 'k1': 3, 'k44w': False}
n23_55 36 beta H=[(0, 2), (3, 3)] 8 5 True 1 0 0.01 {'onecross': True, 'D_P': 6, 'D_Q': 6, 'eHB': 6, 'k0': 6, 'k1': 2, 'k44w': False}
n23_55 36 beta H=[(0, 2), (3, 3)] 9 4 True 1 0 0.01 {'onecross': True, 'D_P': 5, 'D_Q': 5, 'eHB': 8, 'k0': 4, 'k1': 3, 'k44w': False}
n23_55 36 beta H=[(0, 2), (3, 3)] 9 5 True 1 0 0.0 {'onecross': True, 'D_P': 6, 'D_Q': 6, 'eHB': 8, 'k0': 4, 'k1': 2, 'k44w': False}
n23_55 36 beta H=[(0, 2), (3, 3)] 10 4 True 1 0 0.01 {'onecross': True, 'D_P': 5, 'D_Q': 5, 'eHB': 8, 'k0': 4, 'k1': 3, 'k44w': False}
n23_55 36 beta H=[(0, 2), (3, 3)] 10 5 True 1 0 0.01 {'onecross': True, 'D_P': 6, 'D_Q': 6, 'eHB': 8, 'k0': 4, 'k1': 2, 'k44w': False}
n23_55 36 beta H=[(0, 2), (3, 3)] 11 4 True 1 0 0.01 {'onecross': True, 'D_P': 5, 'D_Q': 5, 'eHB': 8, 'k0': 4, 'k1': 3, 'k44w': False}
n23_55 36 beta H=[(0, 2), (3, 3)] 11 5 True 1 0 0.01 {'onecross': True, 'D_P': 6, 'D_Q': 6, 'eHB': 8, 'k0': 4, 'k1': 2, 'k44w': False}
n23_55 36 beta H=[(0, 2), (3, 3)] 12 4 True 1 0 0.0 {'onecross': True, 'D_P': 5, 'D_Q': 5, 'eHB': 5, 'k0': 7, 'k1': 3, 'k44w': False}
n23_55 36 beta H=[(0, 2), (3, 3)] 12 5 True 1 0 0.0 {'onecross': True, 'D_P': 6, 'D_Q': 6, 'eHB': 5, 'k0': 7, 'k1': 2, 'k44w': False}
n23_55 36 beta H=[(0, 2), (3, 3)] 13 4 True 1 0 0.01 {'onecross': True, 'D_P': 5, 'D_Q': 5, 'eHB': 6, 'k0': 6, 'k1': 3, 'k44w': False}
n23_55 36 beta H=[(0, 2), (3, 3)] 13 5 True 1 0 0.0 {'onecross': True, 'D_P': 6, 'D_Q': 6, 'eHB': 6, 'k0': 6, 'k1': 2, 'k44w': False}
n23_55 37 beta H=[(0, 2), (4, 4)] 0 4 True 1 0 0.01 {'onecross': True, 'D_P': 5, 'D_Q': 5, 'eHB': 5, 'k0': 7, 'k1': 3, 'k44w': False}
n23_55 37 beta H=[(0, 2), (4, 4)] 0 5 True 1 0 0.01 {'onecross': True, 'D_P': 6, 'D_Q': 6, 'eHB': 5, 'k0': 7, 'k1': 2, 'k44w': False}
n23_55 37 beta H=[(0, 2), (4, 4)] 1 4 True 1 0 0.0 {'onecross': True, 'D_P': 5, 'D_Q': 5, 'eHB': 6, 'k0': 3, 'k1': 6, 'k44w': False}
n23_55 37 beta H=[(0, 2), (4, 4)] 1 5 True 1 0 0.0 {'onecross': True, 'D_P': 6, 'D_Q': 6, 'eHB': 6, 'k0': 2, 'k1': 6, 'k44w': False}
n23_55 37 beta H=[(0, 2), (4, 4)] 2 4 True 1 0 0.01 {'onecross': True, 'D_P': 5, 'D_Q': 5, 'eHB': 8, 'k0': 4, 'k1': 3, 'k44w': False}
n23_55 37 beta H=[(0, 2), (4, 4)] 2 5 True 1 0 0.01 {'onecross': True, 'D_P': 6, 'D_Q': 6, 'eHB': 8, 'k0': 4, 'k1': 2, 'k44w': False}
n23_55 37 beta H=[(0, 2), (4, 4)] 3 4 True 1 0 0.01 {'onecross': True, 'D_P': 5, 'D_Q': 5, 'eHB': 8, 'k0': 4, 'k1': 3, 'k44w': False}
n23_55 37 beta H=[(0, 2), (4, 4)] 3 5 True 1 0 0.01 {'onecross': True, 'D_P': 6, 'D_Q': 6, 'eHB': 8, 'k0': 4, 'k1': 2, 'k44w': False}
n23_55 37 beta H=[(0, 2), (4, 4)] 4 4 True 1 0 0.01 {'onecross': True, 'D_P': 5, 'D_Q': 5, 'eHB': 6, 'k0': 3, 'k1': 6, 'k44w': False}
n23_55 37 beta H=[(0, 2), (4, 4)] 4 5 True 1 0 0.0 {'onecross': True, 'D_P': 6, 'D_Q': 6, 'eHB': 5, 'k0': 2, 'k1': 7, 'k44w': False}
n23_55 37 beta H=[(0, 2), (4, 4)] 5 4 True 1 0 0.0 {'onecross': True, 'D_P': 5, 'D_Q': 5, 'eHB': 6, 'k0': 3, 'k1': 6, 'k44w': False}
n23_55 37 beta H=[(0, 2), (4, 4)] 5 5 True 1 0 0.01 {'onecross': True, 'D_P': 6, 'D_Q': 6, 'eHB': 6, 'k0': 2, 'k1': 6, 'k44w': False}
n23_55 37 beta H=[(0, 2), (4, 4)] 6 4 True 1 0 0.01 {'onecross': True, 'D_P': 5, 'D_Q': 5, 'eHB': 8, 'k0': 4, 'k1': 3, 'k44w': False}
n23_55 37 beta H=[(0, 2), (4, 4)] 6 5 True 1 0 0.0 {'onecross': True, 'D_P': 6, 'D_Q': 6, 'eHB': 8, 'k0': 4, 'k1': 2, 'k44w': False}
n23_55 37 beta H=[(0, 2), (4, 4)] 7 4 True 1 0 0.01 {'onecross': True, 'D_P': 5, 'D_Q': 5, 'eHB': 6, 'k0': 3, 'k1': 6, 'k44w': False}
n23_55 37 beta H=[(0, 2), (4, 4)] 7 5 True 1 0 0.01 {'onecross': True, 'D_P': 6, 'D_Q': 6, 'eHB': 6, 'k0': 2, 'k1': 6, 'k44w': False}
n23_55 37 beta H=[(0, 2), (4, 4)] 8 4 True 1 0 0.01 {'onecross': True, 'D_P': 5, 'D_Q': 5, 'eHB': 6, 'k0': 3, 'k1': 6, 'k44w': False}
n23_55 37 beta H=[(0, 2), (4, 4)] 8 5 True 1 0 0.01 {'onecross': True, 'D_P': 6, 'D_Q': 6, 'eHB': 6, 'k0': 2, 'k1': 6, 'k44w': False}
n23_55 37 beta H=[(0, 2), (4, 4)] 9 4 True 1 0 0.01 {'onecross': True, 'D_P': 5, 'D_Q': 5, 'eHB': 8, 'k0': 4, 'k1': 3, 'k44w': False}
n23_55 37 beta H=[(0, 2), (4, 4)] 9 5 True 1 0 0.01 {'onecross': True, 'D_P': 6, 'D_Q': 6, 'eHB': 8, 'k0': 4, 'k1': 2, 'k44w': False}
n23_55 37 beta H=[(0, 2), (4, 4)] 10 4 True 1 0 0.01 {'onecross': True, 'D_P': 5, 'D_Q': 5, 'eHB': 8, 'k0': 4, 'k1': 3, 'k44w': False}
n23_55 37 beta H=[(0, 2), (4, 4)] 10 5 True 1 0 0.01 {'onecross': True, 'D_P': 6, 'D_Q': 6, 'eHB': 8, 'k0': 4, 'k1': 2, 'k44w': False}
n23_55 37 beta H=[(0, 2), (4, 4)] 11 4 True 1 0 0.01 {'onecross': True, 'D_P': 5, 'D_Q': 5, 'eHB': 8, 'k0': 4, 'k1': 3, 'k44w': False}
n23_55 37 beta H=[(0, 2), (4, 4)] 11 5 True 1 0 0.01 {'onecross': True, 'D_P': 6, 'D_Q': 6, 'eHB': 8, 'k0': 4, 'k1': 2, 'k44w': False}
n23_55 37 beta H=[(0, 2), (4, 4)] 12 5 True 1 0 0.01 {'onecross': True, 'D_P': 6, 'D_Q': 6, 'eHB': 5, 'k0': 7, 'k1': 2, 'k44w': False}
n23_55 37 beta H=[(0, 2), (4, 4)] 12 4 True 1 0 0.01 {'onecross': True, 'D_P': 5, 'D_Q': 5, 'eHB': 5, 'k0': 7, 'k1': 3, 'k44w': False}
n23_55 37 beta H=[(0, 2), (4, 4)] 13 4 True 1 0 0.0 {'onecross': True, 'D_P': 5, 'D_Q': 5, 'eHB': 6, 'k0': 6, 'k1': 3, 'k44w': False}
n23_55 37 beta H=[(0, 2), (4, 4)] 13 5 True 1 0 0.0 {'onecross': True, 'D_P': 6, 'D_Q': 6, 'eHB': 6, 'k0': 6, 'k1': 2, 'k44w': False}
n23_55 38 beta H=[(1, 0), (2, 0)] 0 4 True 1 0 0.01 {'onecross': True, 'D_P': 5, 'D_Q': 5, 'eHB': 5, 'k0': 7, 'k1': 3, 'k44w': False}
n23_55 38 beta H=[(1, 0), (2, 0)] 0 5 True 1 0 0.01 {'onecross': True, 'D_P': 6, 'D_Q': 6, 'eHB': 5, 'k0': 7, 'k1': 2, 'k44w': False}
n23_55 38 beta H=[(1, 0), (2, 0)] 1 4 True 1 0 0.01 {'onecross': True, 'D_P': 5, 'D_Q': 5, 'eHB': 6, 'k0': 3, 'k1': 6, 'k44w': False}
n23_55 38 beta H=[(1, 0), (2, 0)] 1 5 True 1 0 0.01 {'onecross': True, 'D_P': 6, 'D_Q': 6, 'eHB': 6, 'k0': 3, 'k1': 5, 'k44w': False}
n23_55 38 beta H=[(1, 0), (2, 0)] 2 4 True 1 0 0.01 {'onecross': True, 'D_P': 5, 'D_Q': 5, 'eHB': 6, 'k0': 3, 'k1': 6, 'k44w': False}
n23_55 38 beta H=[(1, 0), (2, 0)] 2 5 True 1 0 0.01 {'onecross': True, 'D_P': 6, 'D_Q': 6, 'eHB': 6, 'k0': 3, 'k1': 5, 'k44w': False}
n23_55 38 beta H=[(1, 0), (2, 0)] 3 4 True 1 0 0.01 {'onecross': True, 'D_P': 5, 'D_Q': 5, 'eHB': 6, 'k0': 3, 'k1': 6, 'k44w': False}
n23_55 38 beta H=[(1, 0), (2, 0)] 3 5 True 1 0 0.01 {'onecross': True, 'D_P': 6, 'D_Q': 6, 'eHB': 6, 'k0': 3, 'k1': 5, 'k44w': False}
n23_55 38 beta H=[(1, 0), (2, 0)] 4 4 True 1 0 0.01 {'onecross': True, 'D_P': 5, 'D_Q': 5, 'eHB': 6, 'k0': 3, 'k1': 6, 'k44w': False}
n23_55 38 beta H=[(1, 0), (2, 0)] 4 5 True 1 0 0.01 {'onecross': True, 'D_P': 6, 'D_Q': 6, 'eHB': 6, 'k0': 3, 'k1': 5, 'k44w': False}
n23_55 38 beta H=[(1, 0), (2, 0)] 5 4 True 1 0 0.0 {'onecross': True, 'D_P': 5, 'D_Q': 5, 'eHB': 6, 'k0': 3, 'k1': 6, 'k44w': False}
n23_55 38 beta H=[(1, 0), (2, 0)] 5 5 True 1 0 0.01 {'onecross': True, 'D_P': 6, 'D_Q': 6, 'eHB': 6, 'k0': 3, 'k1': 5, 'k44w': False}
n23_55 38 beta H=[(1, 0), (2, 0)] 6 4 True 1 0 0.01 {'onecross': True, 'D_P': 5, 'D_Q': 5, 'eHB': 6, 'k0': 3, 'k1': 6, 'k44w': False}
n23_55 38 beta H=[(1, 0), (2, 0)] 6 5 True 1 0 0.01 {'onecross': True, 'D_P': 6, 'D_Q': 6, 'eHB': 6, 'k0': 3, 'k1': 5, 'k44w': False}
n23_55 38 beta H=[(1, 0), (2, 0)] 7 4 True 1 0 0.01 {'onecross': True, 'D_P': 5, 'D_Q': 5, 'eHB': 6, 'k0': 3, 'k1': 6, 'k44w': False}
n23_55 38 beta H=[(1, 0), (2, 0)] 7 5 True 1 0 0.0 {'onecross': True, 'D_P': 6, 'D_Q': 6, 'eHB': 6, 'k0': 6, 'k1': 2, 'k44w': False}
n23_55 38 beta H=[(1, 0), (2, 0)] 8 4 True 1 0 0.01 {'onecross': True, 'D_P': 5, 'D_Q': 5, 'eHB': 6, 'k0': 3, 'k1': 6, 'k44w': False}
n23_55 38 beta H=[(1, 0), (2, 0)] 8 5 True 1 0 0.01 {'onecross': True, 'D_P': 6, 'D_Q': 6, 'eHB': 6, 'k0': 6, 'k1': 2, 'k44w': False}
n23_55 38 beta H=[(1, 0), (2, 0)] 9 4 True 1 0 0.01 {'onecross': True, 'D_P': 5, 'D_Q': 5, 'eHB': 6, 'k0': 3, 'k1': 6, 'k44w': False}
n23_55 38 beta H=[(1, 0), (2, 0)] 9 5 True 1 0 0.01 {'onecross': True, 'D_P': 6, 'D_Q': 6, 'eHB': 6, 'k0': 3, 'k1': 5, 'k44w': False}
n23_55 38 beta H=[(1, 0), (2, 0)] 10 4 True 1 0 0.0 {'onecross': True, 'D_P': 5, 'D_Q': 5, 'eHB': 6, 'k0': 3, 'k1': 6, 'k44w': False}
n23_55 38 beta H=[(1, 0), (2, 0)] 10 5 True 1 0 0.0 {'onecross': True, 'D_P': 6, 'D_Q': 6, 'eHB': 6, 'k0': 3, 'k1': 5, 'k44w': False}
n23_55 38 beta H=[(1, 0), (2, 0)] 11 4 True 1 0 0.01 {'onecross': True, 'D_P': 5, 'D_Q': 5, 'eHB': 6, 'k0': 3, 'k1': 6, 'k44w': False}
n23_55 38 beta H=[(1, 0), (2, 0)] 11 5 True 1 0 0.0 {'onecross': True, 'D_P': 6, 'D_Q': 6, 'eHB': 6, 'k0': 3, 'k1': 5, 'k44w': False}
n23_55 38 beta H=[(1, 0), (2, 0)] 12 4 True 1 0 0.01 {'onecross': True, 'D_P': 5, 'D_Q': 5, 'eHB': 6, 'k0': 3, 'k1': 6, 'k44w': False}
n23_55 38 beta H=[(1, 0), (2, 0)] 12 5 True 1 0 0.01 {'onecross': True, 'D_P': 6, 'D_Q': 6, 'eHB': 5, 'k0': 7, 'k1': 2, 'k44w': False}
n23_55 38 beta H=[(1, 0), (2, 0)] 13 4 True 1 0 0.0 {'onecross': True, 'D_P': 5, 'D_Q': 5, 'eHB': 6, 'k0': 6, 'k1': 3, 'k44w': False}
n23_55 38 beta H=[(1, 0), (2, 0)] 13 5 True 1 0 0.01 {'onecross': True, 'D_P': 6, 'D_Q': 6, 'eHB': 6, 'k0': 6, 'k1': 2, 'k44w': False}
n23_55 39 beta H=[(1, 0), (3, 3)] 0 4 True 1 0 0.0 {'onecross': True, 'D_P': 5, 'D_Q': 5, 'eHB': 5, 'k0': 7, 'k1': 3, 'k44w': False}
n23_55 39 beta H=[(1, 0), (3, 3)] 0 5 True 1 0 0.01 {'onecross': True, 'D_P': 6, 'D_Q': 6, 'eHB': 5, 'k0': 7, 'k1': 2, 'k44w': False}
n23_55 39 beta H=[(1, 0), (3, 3)] 1 4 True 1 0 0.01 {'onecross': True, 'D_P': 5, 'D_Q': 5, 'eHB': 6, 'k0': 6, 'k1': 3, 'k44w': False}
n23_55 39 beta H=[(1, 0), (3, 3)] 1 5 True 1 0 0.01 {'onecross': True, 'D_P': 6, 'D_Q': 6, 'eHB': 6, 'k0': 6, 'k1': 2, 'k44w': False}
n23_55 39 beta H=[(1, 0), (3, 3)] 2 4 True 1 0 0.0 {'onecross': True, 'D_P': 5, 'D_Q': 5, 'eHB': 8, 'k0': 4, 'k1': 3, 'k44w': False}
n23_55 39 beta H=[(1, 0), (3, 3)] 2 5 True 1 0 0.01 {'onecross': True, 'D_P': 6, 'D_Q': 6, 'eHB': 8, 'k0': 4, 'k1': 2, 'k44w': False}
n23_55 39 beta H=[(1, 0), (3, 3)] 3 4 True 1 0 0.01 {'onecross': True, 'D_P': 5, 'D_Q': 5, 'eHB': 8, 'k0': 4, 'k1': 3, 'k44w': False}
n23_55 39 beta H=[(1, 0), (3, 3)] 3 5 True 1 0 0.0 {'onecross': True, 'D_P': 6, 'D_Q': 6, 'eHB': 8, 'k0': 4, 'k1': 2, 'k44w': False}
n23_55 39 beta H=[(1, 0), (3, 3)] 4 4 True 1 0 0.01 {'onecross': True, 'D_P': 5, 'D_Q': 5, 'eHB': 6, 'k0': 6, 'k1': 3, 'k44w': False}
n23_55 39 beta H=[(1, 0), (3, 3)] 5 4 True 1 0 0.01 {'onecross': True, 'D_P': 5, 'D_Q': 5, 'eHB': 6, 'k0': 6, 'k1': 3, 'k44w': False}
n23_55 39 beta H=[(1, 0), (3, 3)] 4 5 True 1 0 0.01 {'onecross': True, 'D_P': 6, 'D_Q': 6, 'eHB': 6, 'k0': 6, 'k1': 2, 'k44w': False}
n23_55 39 beta H=[(1, 0), (3, 3)] 5 5 True 1 0 0.01 {'onecross': True, 'D_P': 6, 'D_Q': 6, 'eHB': 6, 'k0': 2, 'k1': 6, 'k44w': False}
n23_55 39 beta H=[(1, 0), (3, 3)] 6 4 True 1 0 0.01 {'onecross': True, 'D_P': 5, 'D_Q': 5, 'eHB': 8, 'k0': 4, 'k1': 3, 'k44w': False}
n23_55 39 beta H=[(1, 0), (3, 3)] 6 5 True 1 0 0.01 {'onecross': True, 'D_P': 6, 'D_Q': 6, 'eHB': 8, 'k0': 4, 'k1': 2, 'k44w': False}
n23_55 39 beta H=[(1, 0), (3, 3)] 7 4 True 1 0 0.01 {'onecross': True, 'D_P': 5, 'D_Q': 5, 'eHB': 6, 'k0': 6, 'k1': 3, 'k44w': False}
n23_55 39 beta H=[(1, 0), (3, 3)] 7 5 True 1 0 0.01 {'onecross': True, 'D_P': 6, 'D_Q': 6, 'eHB': 6, 'k0': 6, 'k1': 2, 'k44w': False}
n23_55 39 beta H=[(1, 0), (3, 3)] 8 4 True 1 0 0.01 {'onecross': True, 'D_P': 5, 'D_Q': 5, 'eHB': 6, 'k0': 6, 'k1': 3, 'k44w': False}
n23_55 39 beta H=[(1, 0), (3, 3)] 8 5 True 1 0 0.0 {'onecross': True, 'D_P': 6, 'D_Q': 6, 'eHB': 6, 'k0': 6, 'k1': 2, 'k44w': False}
n23_55 39 beta H=[(1, 0), (3, 3)] 9 4 True 1 0 0.0 {'onecross': True, 'D_P': 5, 'D_Q': 5, 'eHB': 8, 'k0': 4, 'k1': 3, 'k44w': False}
n23_55 39 beta H=[(1, 0), (3, 3)] 9 5 True 1 0 0.01 {'onecross': True, 'D_P': 6, 'D_Q': 6, 'eHB': 8, 'k0': 4, 'k1': 2, 'k44w': False}
n23_55 39 beta H=[(1, 0), (3, 3)] 10 4 True 1 0 0.01 {'onecross': True, 'D_P': 5, 'D_Q': 5, 'eHB': 8, 'k0': 4, 'k1': 3, 'k44w': False}
n23_55 39 beta H=[(1, 0), (3, 3)] 10 5 True 1 0 0.01 {'onecross': True, 'D_P': 6, 'D_Q': 6, 'eHB': 8, 'k0': 4, 'k1': 2, 'k44w': False}
n23_55 39 beta H=[(1, 0), (3, 3)] 11 4 True 1 0 0.01 {'onecross': True, 'D_P': 5, 'D_Q': 5, 'eHB': 8, 'k0': 4, 'k1': 3, 'k44w': False}
n23_55 39 beta H=[(1, 0), (3, 3)] 11 5 True 1 0 0.01 {'onecross': True, 'D_P': 6, 'D_Q': 6, 'eHB': 8, 'k0': 4, 'k1': 2, 'k44w': False}
n23_55 39 beta H=[(1, 0), (3, 3)] 12 4 True 1 0 0.01 {'onecross': True, 'D_P': 5, 'D_Q': 5, 'eHB': 6, 'k0': 3, 'k1': 6, 'k44w': False}
n23_55 39 beta H=[(1, 0), (3, 3)] 12 5 True 1 0 0.01 {'onecross': True, 'D_P': 6, 'D_Q': 6, 'eHB': 5, 'k0': 7, 'k1': 2, 'k44w': False}
n23_55 39 beta H=[(1, 0), (3, 3)] 13 4 True 1 0 0.01 {'onecross': True, 'D_P': 5, 'D_Q': 5, 'eHB': 6, 'k0': 6, 'k1': 3, 'k44w': False}
n23_55 40 beta H=[(1, 0), (4, 4)] 0 4 True 1 0 0.0 {'onecross': True, 'D_P': 5, 'D_Q': 5, 'eHB': 5, 'k0': 7, 'k1': 3, 'k44w': False}
n23_55 39 beta H=[(1, 0), (3, 3)] 13 5 True 1 0 0.01 {'onecross': True, 'D_P': 6, 'D_Q': 6, 'eHB': 6, 'k0': 6, 'k1': 2, 'k44w': False}
n23_55 40 beta H=[(1, 0), (4, 4)] 0 5 True 1 0 0.01 {'onecross': True, 'D_P': 6, 'D_Q': 6, 'eHB': 5, 'k0': 7, 'k1': 2, 'k44w': False}
n23_55 40 beta H=[(1, 0), (4, 4)] 1 4 True 1 0 0.01 {'onecross': True, 'D_P': 5, 'D_Q': 5, 'eHB': 6, 'k0': 3, 'k1': 6, 'k44w': False}
n23_55 40 beta H=[(1, 0), (4, 4)] 1 5 True 1 0 0.0 {'onecross': True, 'D_P': 6, 'D_Q': 6, 'eHB': 6, 'k0': 2, 'k1': 6, 'k44w': False}
n23_55 40 beta H=[(1, 0), (4, 4)] 2 4 True 1 0 0.01 {'onecross': True, 'D_P': 5, 'D_Q': 5, 'eHB': 8, 'k0': 4, 'k1': 3, 'k44w': False}
n23_55 40 beta H=[(1, 0), (4, 4)] 2 5 True 1 0 0.01 {'onecross': True, 'D_P': 6, 'D_Q': 6, 'eHB': 8, 'k0': 4, 'k1': 2, 'k44w': False}
n23_55 40 beta H=[(1, 0), (4, 4)] 3 4 True 1 0 0.01 {'onecross': True, 'D_P': 5, 'D_Q': 5, 'eHB': 8, 'k0': 4, 'k1': 3, 'k44w': False}
n23_55 40 beta H=[(1, 0), (4, 4)] 3 5 True 1 0 0.01 {'onecross': True, 'D_P': 6, 'D_Q': 6, 'eHB': 8, 'k0': 4, 'k1': 2, 'k44w': False}
n23_55 40 beta H=[(1, 0), (4, 4)] 4 4 True 1 0 0.0 {'onecross': True, 'D_P': 5, 'D_Q': 5, 'eHB': 6, 'k0': 3, 'k1': 6, 'k44w': False}
n23_55 40 beta H=[(1, 0), (4, 4)] 4 5 True 1 0 0.01 {'onecross': True, 'D_P': 6, 'D_Q': 6, 'eHB': 6, 'k0': 2, 'k1': 6, 'k44w': False}
n23_55 40 beta H=[(1, 0), (4, 4)] 5 4 True 1 0 0.01 {'onecross': True, 'D_P': 5, 'D_Q': 5, 'eHB': 6, 'k0': 3, 'k1': 6, 'k44w': False}
n23_55 40 beta H=[(1, 0), (4, 4)] 5 5 True 1 0 0.0 {'onecross': True, 'D_P': 6, 'D_Q': 6, 'eHB': 6, 'k0': 2, 'k1': 6, 'k44w': False}
n23_55 40 beta H=[(1, 0), (4, 4)] 6 4 True 1 0 0.01 {'onecross': True, 'D_P': 5, 'D_Q': 5, 'eHB': 8, 'k0': 4, 'k1': 3, 'k44w': False}
n23_55 40 beta H=[(1, 0), (4, 4)] 6 5 True 1 0 0.01 {'onecross': True, 'D_P': 6, 'D_Q': 6, 'eHB': 8, 'k0': 4, 'k1': 2, 'k44w': False}
n23_55 40 beta H=[(1, 0), (4, 4)] 7 4 True 1 0 0.01 {'onecross': True, 'D_P': 5, 'D_Q': 5, 'eHB': 6, 'k0': 3, 'k1': 6, 'k44w': False}
n23_55 40 beta H=[(1, 0), (4, 4)] 7 5 True 1 0 0.01 {'onecross': True, 'D_P': 6, 'D_Q': 6, 'eHB': 6, 'k0': 6, 'k1': 2, 'k44w': False}
n23_55 40 beta H=[(1, 0), (4, 4)] 8 4 True 1 0 0.0 {'onecross': True, 'D_P': 5, 'D_Q': 5, 'eHB': 6, 'k0': 3, 'k1': 6, 'k44w': False}
n23_55 40 beta H=[(1, 0), (4, 4)] 8 5 True 1 0 0.0 {'onecross': True, 'D_P': 6, 'D_Q': 6, 'eHB': 6, 'k0': 6, 'k1': 2, 'k44w': False}
n23_55 40 beta H=[(1, 0), (4, 4)] 9 4 True 1 0 0.01 {'onecross': True, 'D_P': 5, 'D_Q': 5, 'eHB': 8, 'k0': 4, 'k1': 3, 'k44w': False}
n23_55 40 beta H=[(1, 0), (4, 4)] 10 4 True 1 0 0.01 {'onecross': True, 'D_P': 5, 'D_Q': 5, 'eHB': 8, 'k0': 4, 'k1': 3, 'k44w': False}
n23_55 40 beta H=[(1, 0), (4, 4)] 9 5 True 1 0 0.01 {'onecross': True, 'D_P': 6, 'D_Q': 6, 'eHB': 8, 'k0': 4, 'k1': 2, 'k44w': False}
n23_55 40 beta H=[(1, 0), (4, 4)] 10 5 True 1 0 0.01 {'onecross': True, 'D_P': 6, 'D_Q': 6, 'eHB': 8, 'k0': 4, 'k1': 2, 'k44w': False}
n23_55 40 beta H=[(1, 0), (4, 4)] 11 4 True 1 0 0.01 {'onecross': True, 'D_P': 5, 'D_Q': 5, 'eHB': 8, 'k0': 4, 'k1': 3, 'k44w': False}
n23_55 40 beta H=[(1, 0), (4, 4)] 11 5 True 1 0 0.01 {'onecross': True, 'D_P': 6, 'D_Q': 6, 'eHB': 8, 'k0': 4, 'k1': 2, 'k44w': False}
n23_55 40 beta H=[(1, 0), (4, 4)] 12 4 True 1 0 0.01 {'onecross': True, 'D_P': 5, 'D_Q': 5, 'eHB': 6, 'k0': 3, 'k1': 6, 'k44w': False}
n23_55 40 beta H=[(1, 0), (4, 4)] 12 5 True 1 0 0.01 {'onecross': True, 'D_P': 6, 'D_Q': 6, 'eHB': 5, 'k0': 7, 'k1': 2, 'k44w': False}
n23_55 40 beta H=[(1, 0), (4, 4)] 13 4 True 1 0 0.01 {'onecross': True, 'D_P': 5, 'D_Q': 5, 'eHB': 6, 'k0': 6, 'k1': 3, 'k44w': False}
n23_55 40 beta H=[(1, 0), (4, 4)] 13 5 True 1 0 0.01 {'onecross': True, 'D_P': 6, 'D_Q': 6, 'eHB': 6, 'k0': 6, 'k1': 2, 'k44w': False}
n23_55 41 beta H=[(2, 0), (3, 3)] 0 4 True 1 0 0.01 {'onecross': True, 'D_P': 5, 'D_Q': 5, 'eHB': 5, 'k0': 7, 'k1': 3, 'k44w': False}
n23_55 41 beta H=[(2, 0), (3, 3)] 0 5 True 1 0 0.0 {'onecross': True, 'D_P': 6, 'D_Q': 6, 'eHB': 5, 'k0': 7, 'k1': 2, 'k44w': False}
n23_55 41 beta H=[(2, 0), (3, 3)] 1 4 True 1 0 0.01 {'onecross': True, 'D_P': 5, 'D_Q': 5, 'eHB': 6, 'k0': 6, 'k1': 3, 'k44w': False}
n23_55 41 beta H=[(2, 0), (3, 3)] 1 5 True 1 0 0.01 {'onecross': True, 'D_P': 6, 'D_Q': 6, 'eHB': 6, 'k0': 6, 'k1': 2, 'k44w': False}
n23_55 41 beta H=[(2, 0), (3, 3)] 2 4 True 1 0 0.01 {'onecross': True, 'D_P': 5, 'D_Q': 5, 'eHB': 8, 'k0': 4, 'k1': 3, 'k44w': False}
n23_55 41 beta H=[(2, 0), (3, 3)] 2 5 True 1 0 0.01 {'onecross': True, 'D_P': 6, 'D_Q': 6, 'eHB': 8, 'k0': 4, 'k1': 2, 'k44w': False}
n23_55 41 beta H=[(2, 0), (3, 3)] 3 4 True 1 0 0.01 {'onecross': True, 'D_P': 5, 'D_Q': 5, 'eHB': 8, 'k0': 4, 'k1': 3, 'k44w': False}
n23_55 41 beta H=[(2, 0), (3, 3)] 3 5 True 1 0 0.01 {'onecross': True, 'D_P': 6, 'D_Q': 6, 'eHB': 8, 'k0': 4, 'k1': 2, 'k44w': False}
n23_55 41 beta H=[(2, 0), (3, 3)] 4 4 True 1 0 0.01 {'onecross': True, 'D_P': 5, 'D_Q': 5, 'eHB': 6, 'k0': 6, 'k1': 3, 'k44w': False}
n23_55 41 beta H=[(2, 0), (3, 3)] 4 5 True 1 0 0.01 {'onecross': True, 'D_P': 6, 'D_Q': 6, 'eHB': 6, 'k0': 6, 'k1': 2, 'k44w': False}
n23_55 41 beta H=[(2, 0), (3, 3)] 5 4 True 1 0 0.0 {'onecross': True, 'D_P': 5, 'D_Q': 5, 'eHB': 6, 'k0': 6, 'k1': 3, 'k44w': False}
n23_55 41 beta H=[(2, 0), (3, 3)] 5 5 True 1 0 0.01 {'onecross': True, 'D_P': 6, 'D_Q': 6, 'eHB': 6, 'k0': 2, 'k1': 6, 'k44w': False}
n23_55 41 beta H=[(2, 0), (3, 3)] 6 4 True 1 0 0.01 {'onecross': True, 'D_P': 5, 'D_Q': 5, 'eHB': 8, 'k0': 4, 'k1': 3, 'k44w': False}
n23_55 41 beta H=[(2, 0), (3, 3)] 6 5 True 1 0 0.01 {'onecross': True, 'D_P': 6, 'D_Q': 6, 'eHB': 8, 'k0': 4, 'k1': 2, 'k44w': False}
n23_55 41 beta H=[(2, 0), (3, 3)] 7 4 True 1 0 0.01 {'onecross': True, 'D_P': 5, 'D_Q': 5, 'eHB': 6, 'k0': 6, 'k1': 3, 'k44w': False}
n23_55 41 beta H=[(2, 0), (3, 3)] 7 5 True 1 0 0.01 {'onecross': True, 'D_P': 6, 'D_Q': 6, 'eHB': 6, 'k0': 6, 'k1': 2, 'k44w': False}
n23_55 41 beta H=[(2, 0), (3, 3)] 8 4 True 1 0 0.01 {'onecross': True, 'D_P': 5, 'D_Q': 5, 'eHB': 6, 'k0': 6, 'k1': 3, 'k44w': False}
n23_55 41 beta H=[(2, 0), (3, 3)] 8 5 True 1 0 0.01 {'onecross': True, 'D_P': 6, 'D_Q': 6, 'eHB': 6, 'k0': 6, 'k1': 2, 'k44w': False}
n23_55 41 beta H=[(2, 0), (3, 3)] 9 4 True 1 0 0.01 {'onecross': True, 'D_P': 5, 'D_Q': 5, 'eHB': 8, 'k0': 4, 'k1': 3, 'k44w': False}
n23_55 41 beta H=[(2, 0), (3, 3)] 9 5 True 1 0 0.01 {'onecross': True, 'D_P': 6, 'D_Q': 6, 'eHB': 8, 'k0': 4, 'k1': 2, 'k44w': False}
n23_55 41 beta H=[(2, 0), (3, 3)] 10 4 True 1 0 0.01 {'onecross': True, 'D_P': 5, 'D_Q': 5, 'eHB': 8, 'k0': 4, 'k1': 3, 'k44w': False}
n23_55 41 beta H=[(2, 0), (3, 3)] 10 5 True 1 0 0.01 {'onecross': True, 'D_P': 6, 'D_Q': 6, 'eHB': 8, 'k0': 4, 'k1': 2, 'k44w': False}
n23_55 41 beta H=[(2, 0), (3, 3)] 11 4 True 1 0 0.01 {'onecross': True, 'D_P': 5, 'D_Q': 5, 'eHB': 8, 'k0': 4, 'k1': 3, 'k44w': False}
n23_55 41 beta H=[(2, 0), (3, 3)] 11 5 True 1 0 0.01 {'onecross': True, 'D_P': 6, 'D_Q': 6, 'eHB': 8, 'k0': 4, 'k1': 2, 'k44w': False}
n23_55 41 beta H=[(2, 0), (3, 3)] 12 4 True 1 0 0.01 {'onecross': True, 'D_P': 5, 'D_Q': 5, 'eHB': 6, 'k0': 3, 'k1': 6, 'k44w': False}
n23_55 41 beta H=[(2, 0), (3, 3)] 12 5 True 1 0 0.01 {'onecross': True, 'D_P': 6, 'D_Q': 6, 'eHB': 5, 'k0': 7, 'k1': 2, 'k44w': False}
n23_55 41 beta H=[(2, 0), (3, 3)] 13 4 True 1 0 0.01 {'onecross': True, 'D_P': 5, 'D_Q': 5, 'eHB': 6, 'k0': 6, 'k1': 3, 'k44w': False}
n23_55 41 beta H=[(2, 0), (3, 3)] 13 5 True 1 0 0.01 {'onecross': True, 'D_P': 6, 'D_Q': 6, 'eHB': 6, 'k0': 6, 'k1': 2, 'k44w': False}
n23_55 42 beta H=[(2, 0), (4, 4)] 0 4 True 1 0 0.01 {'onecross': True, 'D_P': 5, 'D_Q': 5, 'eHB': 5, 'k0': 7, 'k1': 3, 'k44w': False}
n23_55 42 beta H=[(2, 0), (4, 4)] 0 5 True 1 0 0.01 {'onecross': True, 'D_P': 6, 'D_Q': 6, 'eHB': 5, 'k0': 7, 'k1': 2, 'k44w': False}
n23_55 42 beta H=[(2, 0), (4, 4)] 1 4 True 1 0 0.01 {'onecross': True, 'D_P': 5, 'D_Q': 5, 'eHB': 6, 'k0': 3, 'k1': 6, 'k44w': False}
n23_55 42 beta H=[(2, 0), (4, 4)] 1 5 True 1 0 0.01 {'onecross': True, 'D_P': 6, 'D_Q': 6, 'eHB': 6, 'k0': 2, 'k1': 6, 'k44w': False}
n23_55 42 beta H=[(2, 0), (4, 4)] 2 4 True 1 0 0.01 {'onecross': True, 'D_P': 5, 'D_Q': 5, 'eHB': 8, 'k0': 4, 'k1': 3, 'k44w': False}
n23_55 42 beta H=[(2, 0), (4, 4)] 2 5 True 1 0 0.01 {'onecross': True, 'D_P': 6, 'D_Q': 6, 'eHB': 8, 'k0': 4, 'k1': 2, 'k44w': False}
n23_55 42 beta H=[(2, 0), (4, 4)] 3 4 True 1 0 0.01 {'onecross': True, 'D_P': 5, 'D_Q': 5, 'eHB': 8, 'k0': 4, 'k1': 3, 'k44w': False}
n23_55 42 beta H=[(2, 0), (4, 4)] 3 5 True 1 0 0.01 {'onecross': True, 'D_P': 6, 'D_Q': 6, 'eHB': 8, 'k0': 4, 'k1': 2, 'k44w': False}
n23_55 42 beta H=[(2, 0), (4, 4)] 4 4 True 1 0 0.01 {'onecross': True, 'D_P': 5, 'D_Q': 5, 'eHB': 6, 'k0': 3, 'k1': 6, 'k44w': False}
n23_55 42 beta H=[(2, 0), (4, 4)] 4 5 True 1 0 0.01 {'onecross': True, 'D_P': 6, 'D_Q': 6, 'eHB': 6, 'k0': 2, 'k1': 6, 'k44w': False}
n23_55 42 beta H=[(2, 0), (4, 4)] 5 4 True 1 0 0.01 {'onecross': True, 'D_P': 5, 'D_Q': 5, 'eHB': 6, 'k0': 3, 'k1': 6, 'k44w': False}
n23_55 42 beta H=[(2, 0), (4, 4)] 5 5 True 1 0 0.0 {'onecross': True, 'D_P': 6, 'D_Q': 6, 'eHB': 6, 'k0': 2, 'k1': 6, 'k44w': False}
n23_55 42 beta H=[(2, 0), (4, 4)] 6 4 True 1 0 0.01 {'onecross': True, 'D_P': 5, 'D_Q': 5, 'eHB': 8, 'k0': 4, 'k1': 3, 'k44w': False}
n23_55 42 beta H=[(2, 0), (4, 4)] 6 5 True 1 0 0.0 {'onecross': True, 'D_P': 6, 'D_Q': 6, 'eHB': 8, 'k0': 4, 'k1': 2, 'k44w': False}
n23_55 42 beta H=[(2, 0), (4, 4)] 7 4 True 1 0 0.01 {'onecross': True, 'D_P': 5, 'D_Q': 5, 'eHB': 6, 'k0': 3, 'k1': 6, 'k44w': False}
n23_55 42 beta H=[(2, 0), (4, 4)] 7 5 True 1 0 0.0 {'onecross': True, 'D_P': 6, 'D_Q': 6, 'eHB': 6, 'k0': 6, 'k1': 2, 'k44w': False}
n23_55 42 beta H=[(2, 0), (4, 4)] 8 4 True 1 0 0.01 {'onecross': True, 'D_P': 5, 'D_Q': 5, 'eHB': 6, 'k0': 3, 'k1': 6, 'k44w': False}
n23_55 42 beta H=[(2, 0), (4, 4)] 8 5 True 1 0 0.01 {'onecross': True, 'D_P': 6, 'D_Q': 6, 'eHB': 6, 'k0': 6, 'k1': 2, 'k44w': False}
n23_55 42 beta H=[(2, 0), (4, 4)] 9 4 True 1 0 0.01 {'onecross': True, 'D_P': 5, 'D_Q': 5, 'eHB': 8, 'k0': 4, 'k1': 3, 'k44w': False}
n23_55 42 beta H=[(2, 0), (4, 4)] 9 5 True 1 0 0.01 {'onecross': True, 'D_P': 6, 'D_Q': 6, 'eHB': 8, 'k0': 4, 'k1': 2, 'k44w': False}
n23_55 42 beta H=[(2, 0), (4, 4)] 10 4 True 1 0 0.0 {'onecross': True, 'D_P': 5, 'D_Q': 5, 'eHB': 8, 'k0': 4, 'k1': 3, 'k44w': False}
n23_55 42 beta H=[(2, 0), (4, 4)] 10 5 True 1 0 0.0 {'onecross': True, 'D_P': 6, 'D_Q': 6, 'eHB': 8, 'k0': 4, 'k1': 2, 'k44w': False}
n23_55 42 beta H=[(2, 0), (4, 4)] 11 4 True 1 0 0.01 {'onecross': True, 'D_P': 5, 'D_Q': 5, 'eHB': 8, 'k0': 4, 'k1': 3, 'k44w': False}
n23_55 42 beta H=[(2, 0), (4, 4)] 11 5 True 1 0 0.01 {'onecross': True, 'D_P': 6, 'D_Q': 6, 'eHB': 8, 'k0': 4, 'k1': 2, 'k44w': False}
n23_55 42 beta H=[(2, 0), (4, 4)] 12 4 True 1 0 0.01 {'onecross': True, 'D_P': 5, 'D_Q': 5, 'eHB': 6, 'k0': 3, 'k1': 6, 'k44w': False}
n23_55 42 beta H=[(2, 0), (4, 4)] 12 5 True 1 0 0.0 {'onecross': True, 'D_P': 6, 'D_Q': 6, 'eHB': 5, 'k0': 7, 'k1': 2, 'k44w': False}
n23_55 42 beta H=[(2, 0), (4, 4)] 13 4 True 1 0 0.01 {'onecross': True, 'D_P': 5, 'D_Q': 5, 'eHB': 6, 'k0': 6, 'k1': 3, 'k44w': False}
n23_55 42 beta H=[(2, 0), (4, 4)] 13 5 True 1 0 0.0 {'onecross': True, 'D_P': 6, 'D_Q': 6, 'eHB': 6, 'k0': 6, 'k1': 2, 'k44w': False}
n23_55 43 beta H=[(3, 3), (4, 4)] 0 4 True 1 0 0.01 {'onecross': True, 'D_P': 5, 'D_Q': 5, 'eHB': 5, 'k0': 7, 'k1': 3, 'k44w': False}
n23_55 43 beta H=[(3, 3), (4, 4)] 0 5 True 1 0 0.01 {'onecross': True, 'D_P': 6, 'D_Q': 6, 'eHB': 5, 'k0': 7, 'k1': 2, 'k44w': False}
n23_55 43 beta H=[(3, 3), (4, 4)] 1 4 True 1 0 0.01 {'onecross': True, 'D_P': 5, 'D_Q': 5, 'eHB': 6, 'k0': 3, 'k1': 6, 'k44w': False}
n23_55 43 beta H=[(3, 3), (4, 4)] 1 5 True 1 0 0.01 {'onecross': True, 'D_P': 6, 'D_Q': 6, 'eHB': 6, 'k0': 2, 'k1': 6, 'k44w': False}
n23_55 43 beta H=[(3, 3), (4, 4)] 2 4 True 1 0 0.01 {'onecross': True, 'D_P': 5, 'D_Q': 5, 'eHB': 8, 'k0': 4, 'k1': 3, 'k44w': False}
n23_55 43 beta H=[(3, 3), (4, 4)] 2 5 True 1 0 0.01 {'onecross': True, 'D_P': 6, 'D_Q': 6, 'eHB': 8, 'k0': 4, 'k1': 2, 'k44w': False}
n23_55 43 beta H=[(3, 3), (4, 4)] 3 4 True 1 0 0.01 {'onecross': True, 'D_P': 5, 'D_Q': 5, 'eHB': 8, 'k0': 4, 'k1': 3, 'k44w': False}
n23_55 43 beta H=[(3, 3), (4, 4)] 3 5 True 1 0 0.01 {'onecross': True, 'D_P': 6, 'D_Q': 6, 'eHB': 8, 'k0': 4, 'k1': 2, 'k44w': False}
n23_55 43 beta H=[(3, 3), (4, 4)] 4 4 True 1 0 0.0 {'onecross': True, 'D_P': 5, 'D_Q': 5, 'eHB': 6, 'k0': 3, 'k1': 6, 'k44w': False}
n23_55 43 beta H=[(3, 3), (4, 4)] 4 5 True 1 0 0.0 {'onecross': True, 'D_P': 6, 'D_Q': 6, 'eHB': 6, 'k0': 2, 'k1': 6, 'k44w': False}
n23_55 43 beta H=[(3, 3), (4, 4)] 5 4 True 1 0 0.0 {'onecross': True, 'D_P': 5, 'D_Q': 5, 'eHB': 6, 'k0': 3, 'k1': 6, 'k44w': False}
n23_55 43 beta H=[(3, 3), (4, 4)] 5 5 True 1 0 0.0 {'onecross': True, 'D_P': 6, 'D_Q': 6, 'eHB': 6, 'k0': 2, 'k1': 6, 'k44w': False}
n23_55 43 beta H=[(3, 3), (4, 4)] 6 4 True 1 0 0.01 {'onecross': True, 'D_P': 5, 'D_Q': 5, 'eHB': 8, 'k0': 4, 'k1': 3, 'k44w': False}
n23_55 43 beta H=[(3, 3), (4, 4)] 6 5 True 1 0 0.01 {'onecross': True, 'D_P': 6, 'D_Q': 6, 'eHB': 8, 'k0': 4, 'k1': 2, 'k44w': False}
n23_55 43 beta H=[(3, 3), (4, 4)] 7 4 True 1 0 0.01 {'onecross': True, 'D_P': 5, 'D_Q': 5, 'eHB': 6, 'k0': 3, 'k1': 6, 'k44w': False}
n23_55 43 beta H=[(3, 3), (4, 4)] 7 5 True 1 0 0.0 {'onecross': True, 'D_P': 6, 'D_Q': 6, 'eHB': 6, 'k0': 6, 'k1': 2, 'k44w': False}
n23_55 43 beta H=[(3, 3), (4, 4)] 8 4 True 1 0 0.01 {'onecross': True, 'D_P': 5, 'D_Q': 5, 'eHB': 6, 'k0': 3, 'k1': 6, 'k44w': False}
n23_55 43 beta H=[(3, 3), (4, 4)] 8 5 True 1 0 0.01 {'onecross': True, 'D_P': 6, 'D_Q': 6, 'eHB': 6, 'k0': 6, 'k1': 2, 'k44w': False}
n23_55 43 beta H=[(3, 3), (4, 4)] 9 4 True 1 0 0.01 {'onecross': True, 'D_P': 5, 'D_Q': 5, 'eHB': 8, 'k0': 4, 'k1': 3, 'k44w': False}
n23_55 43 beta H=[(3, 3), (4, 4)] 9 5 True 1 0 0.01 {'onecross': True, 'D_P': 6, 'D_Q': 6, 'eHB': 8, 'k0': 4, 'k1': 2, 'k44w': False}
n23_55 43 beta H=[(3, 3), (4, 4)] 10 4 True 1 0 0.0 {'onecross': True, 'D_P': 5, 'D_Q': 5, 'eHB': 8, 'k0': 4, 'k1': 3, 'k44w': False}
n23_55 43 beta H=[(3, 3), (4, 4)] 10 5 True 1 0 0.0 {'onecross': True, 'D_P': 6, 'D_Q': 6, 'eHB': 8, 'k0': 4, 'k1': 2, 'k44w': False}
n23_55 43 beta H=[(3, 3), (4, 4)] 11 4 True 1 0 0.0 {'onecross': True, 'D_P': 5, 'D_Q': 5, 'eHB': 8, 'k0': 4, 'k1': 3, 'k44w': False}
n23_55 43 beta H=[(3, 3), (4, 4)] 11 5 True 1 0 0.01 {'onecross': True, 'D_P': 6, 'D_Q': 6, 'eHB': 8, 'k0': 4, 'k1': 2, 'k44w': False}
n23_55 43 beta H=[(3, 3), (4, 4)] 12 4 True 1 0 0.01 {'onecross': True, 'D_P': 5, 'D_Q': 5, 'eHB': 6, 'k0': 3, 'k1': 6, 'k44w': False}
n23_55 43 beta H=[(3, 3), (4, 4)] 12 5 True 1 0 0.01 {'onecross': True, 'D_P': 6, 'D_Q': 6, 'eHB': 5, 'k0': 7, 'k1': 2, 'k44w': False}
n23_55 43 beta H=[(3, 3), (4, 4)] 13 4 True 1 0 0.01 {'onecross': True, 'D_P': 5, 'D_Q': 5, 'eHB': 6, 'k0': 6, 'k1': 3, 'k44w': False}
n23_55 43 beta H=[(3, 3), (4, 4)] 13 5 True 1 0 0.01 {'onecross': True, 'D_P': 6, 'D_Q': 6, 'eHB': 6, 'k0': 6, 'k1': 2, 'k44w': False}
# SUMMARY shape=n23_55 mode=enum star=False f2=True: UNSAT 0 SAT 1232 UNKNOWN 0 (SAT with one-crossing 1232) wall 2.5 s
